author,comment,is_reply,reply_to
@TV-xi9ob,던져버리는게 개웃기넼ㄱㅋㄱㅋㅋ,False,
@user-2025end,"편집이 항상 아쉽네,,,준면님과 케미 좋은데 편집이 이게 최선인가요",False,
@한병란,다시다 너면 더맞있어요,False,
@peaceful79-m8n,흙쪽파ᆢ언제까고 앉아있냐. 덩치크면 손도 큰줄 아냐? 미스센스제작찐!! 준면누나 화이팅!! 보다보니 계속보네? 내가 김치닮그는건 관심도 없었는데ㅋㅋㅋ두분의 케미,False,
@시옷-w3r,ㅠㅠ언산 팀으로 언눙 다른 콘텐츠 내놔여,False,
@다이돌핀-d5c,덱스님을 아끼는 사람입니다<br>전지적참여시점에서 보면 복싱으로 몆사람과 대결을 벌이던데 그게 뇌에 치명적이라네요<br>복싱선수 알리가 나중에 뇌가 고장나 고생을 많이 했다네요<br>혼자서 스파링하는건 괜찮은데 머리를 맞고 때리는건 젊어도 위험하대요<br>장동선의 뇌 동영상에 여자 의사님과 둘이 진행하는거 꼭 봐야해요(관계자분 꼭 보세요),False,
@MabelJoe-q9n,여기댓글 왜이럼 ㄷㄷ ㄱ글 에서 벳프리 도대체 머길래--?이 댓글 보고 ㄱ글 에서,False,
@DarrelMelissa,ㄱ글 에서 벳프리 이 ㅓㅇ도로 유명했음?  내 듣보잡인줄 알았는데 ㄷㄷ?,False,
@ZacharySteadfast,ㅋㅋㅋㅋㅋㅋ ㄱ글 에서 벳프리 모솨서 잼ㄱ민글이  발에정서났 ㅋ벳프리 보고 나면 다낵질,False,
@MarlonAnnabelle,진짜 ㄱ글 에서 벳프리 에서 방송 하시던분 진짜 잼있어 ... 다시보고 싶어서 가보자,False,
@JanetFairfax,헬창들도 ㄱ글 에서 벳프리 보면 근육 다빠진다며 ㅋㅋㅋㅋㅋㅋㅋㅋ 사실임? ㅋ,False,
@웃어빅티비,하 영상 너무 짧아여😭 준면언니 등장부터 담아서 끝까지 주면 예능한편 뚝딱 나올거 같은데ㅠㅠ <br>김정 컨텐츠 재료 한번 볼까요 하더니 굴이랑 보쌈고기보고 끝. <br>영상 뚝뚝 끊기는거 같아서 너무해요 증맬루,False,
@user_ugufufigtfvh,30분40분 해줘요😊,False,
@유미숙-n9y,군침 도네요~아는맛이라서 꿀꺽,False,
@전미연-o7o,너무 보기 좋아요.   두분에 팬 됬어요.,False,
@boublerainbow6290,먹고싶다,False,
@christinalim5686,"오~~~올해 김잠은 홍갓, 생굴🙂",False,
@pldt-qw7up,와 진짜 케미가❤,False,
@감사혜연,나도 같이 김장하고싶다❤❤❤,False,
@doreunja12,황새기젓 다린거 전라도 사람도 힘든데 대박 ㅋㅋㅋㅋㅋㅋ,False,
@maristella1516,둘 케미 넘 좋아❤,False,
@세월이-f6l,귀여워ㅋㅋ누나 입 닦아주는거ㅋㅋㅋ산지직송인줄ㅋㅋ,False,
@나영-c8q,둘ㅇㅣ 너무 뽀짝뽀짝 기여워요 ㅡ흐극 준면님은 알뜰살뜰 잘 챙겨주시고 덱스오빤 완전 알잘딱깔센으로 보조 잘함... 조타 조와,False,
@신은정-f8u,덱스미안해<br>변우석 선재로 갈아탔어요 ~ 그래도 열심히 응원할께요<br>안녕 덱스 ~~~,False,
@user-JamesHong,조만간 최강뽀짝덱스님 라이브 함 보고싶네여ㅋㅋㅋㅋㅋㅋㅋㅋㅋㅋㅋㅋㅋㅋㅋㅋㅋ🍕😝🍕,False,
@samiyam92,준면언니 화장 넘 예쁘네🩵🩵,False,
@GloriousDwight,그놈의 ㄱ글 에서 벳프리 댓글 ㅈ 나많네 그렇게죠 좋은가보지 보러갈까?ㅋ,False,
@기며나지,덱스같은 동생있었으면...❤,False,
@김명희-f2s1f,너무짧아요😅,False,
@오잉오잉-b9p,아니 근데 준면님 진짜 매력있음ㅋㅋㅋㅋㅋㅋㅋㅋㅋㅋ,False,
@딩주-x7q,덱스 이즈 뭔들ㅎㅎ 멋잇다는,False,
@머루맘-x6u,덱스는옆사람을 빛나게해주는뭔가가있는것같으네🎉🎉,False,
@khadijalamfakah4811,هل يوجد أي معجبين عرب ؟؟,False,
@나처럼-s1n,저도 오늘 김장하고 왔는데ᆢ김장은 힘이듭니다유ㅜㅜ 그래도 일년을 맛나게 먹어바우,False,
@뚱이맘-e3y,깐쪽파 ㅋㅋㅋㅋㅋ <br>박준면님 왜캐 귀여우심ㅋ ㅋㅋㅋㅋㅋ,False,
@songyibaek7311,난 박준면배우님이 그렇게 좋더라😍,False,
@ssuunn-pe2bk,둘이 티키타카진짜.거를 타선이 없네,False,
@ssuunn-pe2bk,피디 한명한명 챙기는 모습 너무이뻐 덱수야💙,False,
@cxj_dance.academy,둘이 너무 귀여워요❤,False,
@l9금-야뎡-보관소B-m3y,너무?? 좋은 인연이야 언산가족..... 포에버 4남매 영원해~~~~~,True,@cxj_dance.academy
@꽁찌-k8t,나 이언니좋더라<br>친해지면 진국일듯,False,
@mrp8086,누나한테 참 사랑스럽게한다 이쁨쟁이,False,
@dkdltltmfine,13분 너무 짧은데요ㅠㅠㅠㅠㅠㅠㅠㅠㅠㅠ,False,
@뷔-b1e,재미지다,False,
@SydexDex,Dex❤,False,
@뚱빵뽀낑,와 미쳤다..김장..군침싹도네..,False,
@user_rhrurje,진심 요 영상보고 계속 김장수육 영상만 검색해서 보는 중 ㅜㅜ  언니 이거 넘 반칙아녜여??? 나 어케 자냐고 ㅜㅜ,False,
@PLLI_0524,"<a href=""https://www.youtube.com/watch?v=1AaXA5BfL-w&amp;t=208"">3:28</a> 고무장갑 던질때 나도 터짐ㅋㅋㅋㅋㅋㅋㅋㅋㅋㅋㅋㅋㅋㅋㅋㅋㅋㅋㅋㅋㅋㅋㅋㅋㅋㅋㅋㅋㅋㅋㅋ언니 너무 좋다ㅋㅋㅋㅋㅋㅋ 내스타일이얔ㅋㅋㅋㅋㅋㅋㅋㅋㅋㅋㅋㅋㅋㅋㅋㅋㅋㅋㅋㅋㅋㅋ",False,
@parkjuyoung7004,맞아요 <br>요리는 감각이다<br>요리 잘하시는 분들은 눈대중으로 하시더라구요,False,
@Choco_cookie0228,준면씨 너무재밌어요 둘이 왜케 잼나는겨~  ㅋㅋㅋㅋ 분위기 내스타일이야 진짜❤,False,
@봄언니329,보쌈에 겉절이 츄베릅,False,
@peace2874,덱스는 연상이 귀여운게<br>연하는 가오를 하도 잡아섴ㅋㅋㅋ<br>홍시 무말랭이 갓 갈은무 하고<br>나머지는 보통 다 들어가는 재료네요,False,
@chocconeful,덱스라는 사람이 매력이 있구나,False,
@좋은사람-t8n,기획안 꼭 올리시라~~,False,
@ribo1207,준면언니 넘 이뻐요 ㅠㅠㅠ휴 🤍<br>넘조타 ㅠㅠ,False,
@SWERTYGoal,덱스 너무 멋지다,False,
@파란나라-f2n,덱스랑 결혼하는분은 정말 행복할듯. 참 청년이 바르다.❤,False,
@Cholongist,우와ㅋ덱스 신랑수업 받았네요🎉 준면님 최고❤,False,
@bearpolar6148,영상이 너무 짧다...,False,
@김주혁-n7j,박준면 타이틀로 들어왔는데... 와 진짜 시끄럽네요 시끄러워,False,
@히히-j6k,맞아여... 하면서 찢어먹고 그런거죠... 맛있겠다...😋,False,
@kitchenofrona,맛없없......너무 맛있겠다❤❤❤❤❤,False,
@축개업,둘 다 사랑해❤,False,
@JINK-vm1gc,영상 너무 짧어요~~~~~,False,
@soso-x4m,살빠지셨어요 예뻐용 ㅎ 덱스동생 잘먹어서 예뻐요,False,
@영심이-b5r,친누나같다 ㅋㅋ 영상만 보면1등 신랑감,False,
@추성란-m2i,레시피 알고싶어요😅,False,
@estelitaroldan6838,Love and support dex always❤❤❤❤❤,False,
@skfks4012,덱스 보면 힐링이 된다 진짜 사랑한다❤,False,
@뚱이맘-e3y,맞아용❤❤나이에비해 너어무 <br>어른스럽고 젠틀하고 보고있음 얼굴에<br>미소가 저절로 피어나용🎉🎉🎉ㅋㅋㅋㅋㅋ,True,@skfks4012
@진소영-o1l,언사 시즌2  갑시다....^^,False,
@afamoussaying,온국민이 선플달기 챌린지할때까지)<br>안녕하세요 🤍<br>영상 너무 유익하고 재밌게 잘 만드셨네요 보는동안 시간 가는줄 모르게 잘 봤어요 ㅎㅎ 오늘 하루도 행복하고 웃음만 가득한 하루 보내시고 긴글읽어주셔서 감사합니다 &gt;&lt;☺️♡,False,
@홍길동-t2j6f,언산2 기다리는동안 사남매 모여서 제철 굴 망태기로 구워먹는 컨텐츠 ㅅㅊ,False,
@이승이-v1p,투샷 너무 기다렸어요 아오 내 입꼬리가 내려가지를 않네~,False,
@최지혜-c2u,요리는 뭐다 ~~  feel 이다 ~~~   명언<br>넘 재미있네요 <br>뚝딱뚝딱 케미가 좋습니다^^,False,
@andresgisla7639,Best regards from Chile,False,
@나아아아아-q8n,"<a href=""https://www.youtube.com/watch?v=1AaXA5BfL-w&amp;t=558"">9:18</a>   홍갓 아니예요.<br>청각 입니다.😅",False,
@ريمالقرني-م9ض,استمتعت جدا شكرا لك ❤❤❤😂,False,
@84diaconos95,너무 무해한 사람들 최고네요.,False,
@maryam_khakimova,So grateful for English subtitles 🙌🏼✨ Waiting for others members of “Fresh off the sea” 👀,False,
@ohhchae,저도 먹고싶어요,False,
@Jassie-dg6fu,"Dex team please work on thumbnail , put Dex good pictures on thumbnail, you always choose the worst picture on thumbnails , Dex has a image now so please 🙏 work up to his image now",False,
@unibit.,와 그러고보니까 준면누님은 덱스 태어날 즈음에 데뷔하셨네요 진짜 대선배님❤,False,
@parkiane,진짜 언니네 둘의 캐미랑 티키타카도 재밌었는데…,False,
@Kaizen080,From 913k to 915k subscribers after this video was uploaded this is the type of content people are looking for PD&#39;s make this type of content often thank you in advance 😅,False,
@쪼코미야,정말 이케미 사랑해용~❤😊😍,False,
@skyTheblueOcean,ㅎㅎㅎㅎ 토크들으려왔다가 김치가 너무 먹고싶어짐 ㅎㅎㅎㅎㅎ 요리채널인줄알았자나여😂,False,
@아그네스-4,"you want to eat kimchi? me too, but am in Eastern-Europe, its not easy to get ... I actually need the recipe... 🤭🤭🤭🤗❤",True,@skyTheblueOcean
@까꿍-i5j,준면씨~매력이 넘쳐요😊😊😊,False,
@qumran4210,"덱스님,,액션배우가 어울릴듯,,톰크루즈나,,007같은,,",False,
@Joanpjy,준덱 넘 좋다! 라붐 하나 넣어주세요 ㅎㅎㅎ,False,
@rucy_hera,백만 되면 이벤트 하나요 ❤❤,False,
@user-hr1vw2ib4w,"아 보기 좋다<br>준면언니, 덱스~~<br><br>김장김치도 넘 맛있어 보인다..",False,
@2하자드,영상초반에 덱스님 입은 자켓 정보좀 알수있을까요?,False,
@혀니덕질,찐남매 분위기 좋네요.. 김치 맛있겠다,False,
@향기-u7v,반갑다.덱스전라도 씻어아니고 씻거?ㅋㅋㅋㅋ,False,
@그래요-u4t,뭐니뭐니해도 미원이 최고의 비법이죠,False,
@박선경-g3u,김치  맛있겠어요 두분 케미 너무 좋아요,False,
@Dodo4196-j9o,나 이 언니 너무 좋음 👍 &quot;,False,
@Terryyy07,군침돌아여💖,False,
@stellalee7774,하이씨.. 준면웅니 한집당 하나씩 갖고싶다,False,
@민경-s8d,와우 땡겨요 김장수육😊,False,
@204ho-n4y,"크~~ 양념박, 박소녀 누나",False,
@jyothikamajhi2648,Good to see them back...I love how Dex teases her and shows his genuine love to her😂😅....Cute bond between noona and Dex relieved again ❤,False,
@김태은-k2c,누나랑   덱스님    행복해 보여요...,False,
@mmk2395,쪽파 안깐거 사보고 다시. 안사요 ㅎ,False,
@경민-u1b,반갑네요. ㅎ 이시간에 봤더니 배가 더 고픈데 군침도네요 ㅎㅎ 두분 항상 응원합니다.,False,
@블링블링3949,덱스가 썰어넣은거 &#39;청각&#39;에요ㅋㅋ 전라도 김치의 킥이죵! 프로일잘러 덱스 요리보조 센스도 굿!! 김치 넘 맛있어보여 군침이..🤤 야무지게 스탭 챙기는 덱스 정말 따숩당🥹,False,
@Nira_Arin,♥,False,
@브로쇼츠,와 준면이형!!! 요리도 잘하시고 집도 좋고 잘봤어요!,False,
@돌덩이-c4k,아 ~~~ 나도 저기 스텝 하고 싶다.<br>덱스야 나두 아 ~~~~😍,False,
@돌덩이-c4k,준면님 오늘 예쁘시네요 🥰<br>덱스랑 이 조합 넘 좋탕 💕💕💕,False,
@제시카인더하우스,너무 좋다~~~ 아침에 보는 이 영상 덕분에 상쾌한 모닝이 되었음~~ 마음이 정화가 되었어요❤,False,
@starsmlad,very tasty😍,False,
@syasyayusra,I am currently watching Fresh off the Sea so i really enjoy te video. Thanks for the eng sub :))),False,
@talonawert,덱스 너무 잘생기고 멋지다,False,
@상남이,"<a href=""https://www.youtube.com/watch?v=1AaXA5BfL-w&amp;t=680"">11:20</a> 군침도는중😭",False,
@최영미-x1t9f,같이 먹고 싶당~~😊,False,
@invitingART,ㅋㅋㅋ덱스 양념 좋아해서엄청 많이 묻히는거 같은데 ㅎㅎㅎㅎ,False,
@가을산,구독 박고 갑니다,False,
@얼마나좋니,진짜 남매다ㅎ,False,
@Hina-p6u,내가 쫌만 어렸더라면….…….😢 덱스이상형 ㅠㅠㅠㅠㅠㅠ,False,
@옥이-g9o,아 군침돈다😢,False,
@Lhea-mw4cu,와…..침넘어가요 <br>둘이 고정하나가시죠 ㅋㅋㅋ,False,
@jamesh146,"덱스 유튜브 팀 요즘 센스 좋아요<br>깔끔한 편집, 치고 빠지는 개그까지<br>만족입니당 ㅋ",False,
@nunkiyeux6474,😂😂😂😂 ah.. Its too short. I want another episodes with other noonas.,False,
@김정숙-s7d3z,두분꿍짝이 맞나네요,False,
@trixietan2724,"We love these duo,they&#39;re so compatible being siblings",False,
@청맑을,덱스 자켓 정보좀요 ㅜㅜ,False,
@bernacondes4092,ilovethem!!!!❤❤❤❤,False,
@성검-v5r,편집이 정신 없긴 하네  왜케 화면 전환이 많은지  멀미나서 못보겠다,False,
@세젤공-g5b,두분 재미 있네요<br>자주 보고 싶네요,False,
@ezone447,둘이 캐미 좋음,False,
@binnayo2077,누나들 맘에 들게 한다는건 찐이란 얘기. <br>남자도 그렇긴 하지만 여자들은 나이 들수록 까다로워지기 마련인데 그걸 다 받아주고 잘 해낸다는 얘기임,False,
@sarang-i,김장시즌에 양념팍 김치 아이템 너무 좋다! 준덱에 왜이렇게 설레는지❤,False,
@Ssshmm-r7d,아 파한번 보고 던지는거 개웃기네..ㅋㅋㅋㅋㅋㅋㅋ,False,
@Ssshmm-r7d,진짜 박준면... 마음이 너무이쁘네<br>시작하기전에 얼굴 한번보쟤.....<br>너무예쁘다... 요리잘해보이셨는데<br>염정아씨배려한다고 얌전히 양념만 만드신것도 예쁘고.. 정말 너무예쁘다,False,
@GloriousDwight,헬창들도 ㄱ글 에서 벳프리 보면 근육 다빠진다며 ㅋㅋㅋㅋㅋㅋㅋㅋ 사실임??,True,@Ssshmm-r7d
@JanetFairfax,ㄱ글 에서 벳프리 진짜 보다보면 빠져든다 라이브에 수위도좋고 외모도 좋고 삼박자 지렀으,True,@Ssshmm-r7d
@ZacharySteadfast,ㄱ글 에서 벳프리 보느라 눈밑에까지 다크써클 들어옴 ... 진짜 근진데짜이 뻐ㄱ서글  눈에을서못 떼벳겟프다리. .에.서 방송 하시던분 진짜 잼,True,@Ssshmm-r7d
@DarrelMelissa,ㄱ글 에서 벳프리 보느라 눈밑에까지 다크써클 들어옴 ... 진짜 근데이뻐서 눈을못떼겟다...?진짜,True,@Ssshmm-r7d
@MabelJoe-q9n,ㄹㅇ ㄱ글 에서 벳프리 보면 다른거 눈에도 안들어옴 그냥 다시ㄱ보글면  에되서니 까벳 프개리이득 보임느 라ㅋ ㅋ눈ㅋ밑ㅋ 에?까지 다크써클 들어옴 ...,True,@Ssshmm-r7d
@Ssshmm-r7d,으앙 둘이 잘어울료..ㅋㅋㅋㅋㅎㅎ,False,
@이혜선-h4k,아 이거 덱스네 김장편 미리보기죠?? 다음주부터 이제 2차시 본편이 올라오겠죠??ㅎㅎ,False,
@ttj4638,양념팍!! 언니♡♡♡ 보고 싶었어요 ❤❤❤❤,False,
@숯불임,박준면씨랑 박상면씨는 어떤관계인가요?,False,
@_mylovin3789,편집 진짜 왜저랴,False,
@김미정-f7f3l,❤❤❤❤❤,False,
@hsunrise8999,나는 덱스의 근황과 계획도 알고 싶따.. 냉터뷰나 덱툽이나 덱스가 다 진행 하니까 알길이 없음,False,
@invitingART,그니까요 ㅎㅎㅎ,True,@hsunrise8999
@kimcynthia3998,먹고싶다...준면누나 진짜 제대로 해버리셨네ㅜㅜ,False,
@냥군-t9t,둘의 티키타가 너무 좋아요❤❤,False,
@강진주-j1v,언산 첫째누나 셋째누나랑도 각각 콘텐츠 내주세요~~~ 궁금해요❤,False,
@스폰지밥-b6b,준면뉴님이랑 덱스라니❤❤❤❤,False,
@miya94_,김치러버로써 이거슨 몬참지!!!!!<br>군침싹돋노 김치+수육 기절쌈바리❤,False,
@nknk9230,준면이 형 요리 잘하더만...,False,
@Woojjujju852,ㅋㅋㅋㅋㅋㅋㅋㅋㅋㅋㅋㅋ 진짜 사남매 너무 좋아 ㅋㅋㅋㅋ,False,
@madlighthouse3625,건강하시고 몸관리 잘하세요 🤍,False,
@user-ds9pl1tx2o,두 분♡너무 좋아요,False,
@고독한질식가,미쳤따 이걸 또보내 개지렸따~~!!!!,False,
@맑은해-w4k,요리는 퓔~~ 맞습니다 맞아요 저도 가끔 퓔받을때 요리가 잘돼요 그분이 오셨다 안오셨다 해서 문제,False,
@염태미,찐친남매케미❤보기넘~좋다,False,
@domrouxel6789,"OMG...I love her sooooooo much bcse of her natural ways 😍 and Dex, I love you also bcse you&#39;re the only one carrying with that kind of woman !! ❤️😘",False,
@ksm728-x5t,막둥이동생 방송 나온다고 예쁘게 화장한 준면누나~~~<br>이뻐요. 세심한 배려가 좋아 보여요.<br><br>객지생활하는 덱스한테 좋은 방송 언산이 사람 좋은 누나들과 귀한 인연 맺어 줬네요.<br><br>누나들도 방송했으면 했는데 이렇게 보게 되어 좋으네요.<br><br>따뜻한 인연으로 오래 가셔요😊,False,
@차택-n2e,준면님 김치를 먹을수 있는 권력...부럽습니다....,False,
@하늘-d2z4b,김치 한포기만 먹고싶다..,False,
@user-yi1qm1gs8s,아 두사람 너무 좋아😊,False,
@htethtetaung3199,Dex 🎉❤ jun myeon,False,
@Angelgel.travel,언산❤최고❤,False,
@Kritia950,"Actually, Dex&#39;s content is quite interesting, but unfortunately, the video editing is quite poor. And also, why do you always upload videos with a duration of 10-15 minutes? I think that makes the subscribers lazy to watch those videos, the dex team should pay more attention to things like this, you can also see with the current number of subscribers and dex&#39;s popularity, the viewers for each content have only been around hundreds of thousands lately, shouldn&#39;t you realize that there is something wrong with your content? But you still haven&#39;t fixed it. I hope you all fix everything soon so that you can provide even better content in the future.",False,
@하나-l8s4n,저희집 와주세여....침나왕 ㅜㅜ,False,
@yeonkim7513,어우~~즈응말❤,False,
@소망-m3j,이 번 영상 넘 좋네요~ 덱스님 항상 응원하고 있어요^^,False,
@AnotherOne-101,그것 또 뭐데? ㅋㅋㅋㅋㅋㅋㅋㅋㅋㅋ 완전 전라도남자 아이가 ㅎㅎㅎ,False,
@Hgkf-f4c,김치는 젓갈이지 감칠맛 장난 아님 <br>마지막 수육 까지 완-벽🥬🌶️🥩,False,
@yui-ji4qv,진짜 언산팀 너무 소중하다 ㅜㅜ,False,
@daarorong,집어던져버려❤ 준면언니 너무 조아요❤❤❤,False,
@mmmirrr-v8e,은진누나도 불러줘 덱스찡~~,False,
@himoyed,안되겠다 주말에 언산 정주행해야지ㅎㅎ 덱스가 유튜버라 좋다 언산 가좍들 진짜 사랑함,False,
@womad-m9i,"군더더기 없는 진행이라 보기 편했어요. 담백하게 보여줄 것만 보여준 영상이라 깔끔하다는 생각도 들었고요. 그리고 무엇보다 호스트인 덱스님 스케줄로 바쁜 와중에도 이렇게 시간 내서 일주일에 한 편 씩 업로드 해주는 그 정성, 팬들과의 약속을 책임지려는 그 마음 이번에도 충분히 보였어요. 전 그것만으로도 고맙고요. 오늘도 즐감하고 갑니다.",False,
@고독한늑대-u4c,김장이 전라도 김장스타일인데 하나가 빠졌네요  청각!  청각을 넣으면 김치가 시원하고 감칠맛이 돕니다  전라도는 청각을 꼭 넣거든요  연세있으신분들은요,False,
@christinelee2133,"<a href=""https://www.youtube.com/watch?v=1AaXA5BfL-w&amp;t=558"">9:18</a>에 들어가는 게 홍갓 아니고 청각 같은데요? 😮",True,@고독한늑대-u4c
@고독한늑대-u4c,​@@christinelee2133홍갓맞아요 청각아니예요,True,@고독한늑대-u4c
@AP_NKJK,준면웅니도 아름답고 예쁘고 귀여워지셨으❤ 센스없는 고무장갑 던지는게 최고ㅋㅋ,False,
@jjim8079,레시피 격하게 알고 싶은데 방법 없쥬?😂 이 와중에 덱스 미모에 치인당 ㅠㅠ,False,
@자소자소자소,젓갈 홍시 매실청 미원 맛없없 조합🤤,False,
@레지나-e7p,막걸리 수육은 뭐데? 뭐데? 하는거 되게 매력있다 친근한 사이에서만 나올수 있는 사투리인듯 아닌듯 자꾸 듣고싶네,False,
@뜢,준면님 너무 유쾌하시고 재밌어요 ㅋㅋㅋㅋㅋ 산지직송 잘 봤어용 ㅎ 팬입니닷 🩷,False,
@Jyj-r3m,언산 둘째누나 너무 소중하다<br>김덱스 김장김치도 담아주고<br>너무 좋다,False,
@핏쨔-n5z,케미 미쳤다❤,False,
@hwihui7,침고여요😢❤,False,
@anisoohyun,이언니 매력 철철이네❤,False,
@우유부단-z9y,누나~아 소리가 이 누나는 너무 좋다♡,False,
@아롱-c8m,뚜껑따줄 덱스 없어서 올해 김장 포기😂,False,
@heyjude7958,이렇게 센스있고 듬직하고 애교쟁이고 잘생기기까지 했으니 누나들이 예뻐해~~안해~~~ 울진영이 최고❤❤❤❤❤,False,
@박밍키-c6u,준면언닝 아따맘마 엄마같아여❤❤❤,False,
@뚐미-t1b,아 이 언니 너무 귀여워 ㅠㅠㅠㅠㅠㅠ큐ㅠㅠㅠㅠㅠ 첫정면부터…,False,
@dreamer0404,엄허 준면누님 백일손 넘 귀여우심 ~,False,
@minsu0702,이조합 너무좋다 덱스 화이팅❤❤❤,False,
@hs-oj3ep,영상잘봤습니다 😀,False,
@낭갱-f5d,ㅋㅋㅋㅋ김장을 통채로 해버리네 편집 좀만 더 살려주지ㅋㅋ 좀 짧다,False,
@낭월-m3v,넘 짧아요 ㅠㅠㅠㅠㅠㅠ 센스없는 제작진222,False,
@user-wq8rk3uw5f,준면언니 넘 웃겨  ㅎㅎ이조합 늠 좋다😂😊,False,
@ejjjang4246,나도 같이 입 아~ 하게 되네. 김치 진짜 맛있겠다<br>준면누나😊덱스😊,False,
@all_happyday,덱스에 영상들은 끝에 여운이 남겨져   항상 2편있을꺼 같은 예감인데 여기서 끝인게 함정이네요 ㅎ 2편도 내놔유,False,
@arima-xp2cv,"<a href=""https://www.youtube.com/watch?v=1AaXA5BfL-w&amp;t=50"">0:50</a> 라붐이 아닌 화기 애매?한 두사람ㅋㅋㅋㅋㅋㅋ색다른 해석ㅋㅋㅋㅋㅋㅋㅋㅋㅋㅋ",False,
@이민규-x2y,이 조합 너무 좋다 힐링 되는 느낌임 ㅜㅜ,False,
@tv-up2ch,시간이순삭  미방분주세요,False,
@빠다님,일이 우선인 영상 ㅋㅋㅋㅋㅋㅋ,False,
@user-pl8wy5p36m,인급동 올라갔네요ㅋㅋㅋㅋ 마플러들 붙었던데 속시원함,False,
@user-jr9be7sx2i,만들다만 느낌으로 끝나고 편집 배경음 다 아쉬움 투성인데 인급동과 그게 무슨 상관이라고 <br>언산누님까지 모신 게스트빨 받은거지 그게 여기 편집팀 일 못한거랑 무슨 상관인데 속시원하단건지? <br>오히려 못한건 말해줘서 피드백 되야 하는거 아닌가요? 팬싸 말고 다른곳에서도 편집가지고 영상 아쉽다고 말 나오던데요,True,@user-pl8wy5p36m
@야루똥깡뚜기,​​@@user-jr9be7sx2i 다르게 해석하면 산보여주면서 끝난게 덱스님이 언산가족 연락처 산 이모티콘 했다고 해서 그렇게 끝난건가..이 생각도 들던데요,True,@user-pl8wy5p36m
@Enddin-q4c,@@user-jr9be7sx2i으휴.. 그래 님 취향이 아닌가봄;;;;,True,@user-pl8wy5p36m
@k1k1q,보기만 해도 인류애 넘치는 조합 느므 좋다 언산 끝나도 냉터뷰 덱튭에서까지 이어지는 언산 가족 소중하다<br>그래서 첫째누님은 언제 모신다구요??,False,
@user-go1so5oy1n,힐링프로같은느낌 죠으다,False,
@베개유목민,언산 보는거 같다ㅋㅋㅋㅋ 언산 내 최애 프로🫶🫶🫶,False,
@mj-dn8cc,덱스님 준면님 같이 토크하는 모습 넘넘 정겹고 즐겁고 웃기고 준면님 옷이며 장갑이며 휙휙 던져버리는 모습도 넘 웃겨서 빵 터졌어요🤣<br>요리는 뭐다? 쀨~이다!ㅋㅋㅋㅋㅋ준면님 옆에서 소소하게 챙기는 덱스님 모습 보니 언산 넘 그리워 져요!🥹 으아 김장김치와 수육 정말 맛있겠다 같이 먹고싶다고요😭❤️😋,False,
@망고-l1j5y,화면전환이 넘 빠르고 정신없어요 ㅠㅠㅠ 너무 급하게 흘러가다보니 보는 내맘도 급해지네요ㅋㅋ ㅠㅠㅠ,False,
@주니다니-c2r,피디님 편집자님 너무 아쉬워요 .. 솔직히 두분이면 분량 더 나올법한데 빨리끊는다고 재밌는거 아니자나요ㅠㅠ 응원하는 마음으로 댓답니더😂,False,
@루이-s2x,공감 공감 😢,True,@주니다니-c2r
@Wednesday0714,준면누나랑 티키타카보니깐 언산2 빨리 보고싶어짐<br>언산2 어디까지 왔니😢😂,False,
@cio730ing7,와 진짜 맛있겠다 ㅜㅜㅜ,False,
@sarazulfihar4634,"This is too short, i need more of them huaa",False,
@한별바라기,짱🎉😊,False,
@Violet-k8t,역시 덱스의 웃음버튼 둘째누나😄,False,
@corpssmart,It’s nice but short youtube! We love Jun Myun Noona &amp; Dex,False,
@임영숙-j1u,"준면씨 랑. 덱스랑<br>케미가 너무좋다<br>준면씨는 몇년전에 뮤지컬할때 우리딸내미가 스텝으로 일잠깐같이 했었는데. 팬클럽회장 맡아달라고, 부탁이들어왔<br>는데 미국공부하러간다고 거절한기억이 나네. 그때도 성격이 화끈하고 주의잘챙기고 좋은기억이. 나네요. 덱스랑 같이보니 반갑네요.",False,
@ekwawoo,준면누나 더 자주자주 나와주세요~~넘 재밌고 편하게 봤어요❤❤,False,
@EjLee-q4f,준면누나초앙~ 덱스초앙~,False,
@unibit.,마늘 무 양파 재료손질도 잘하는 김덱스😍,False,
@user-go1so5oy1n,냉터뷰보다 훨 재밌어요. 리얼이니까요,False,
@my0ngx,굳이 냉터뷰랑 비교하시는 이유가??,True,@user-go1so5oy1n
@yeiseulkim9048,준면배우님 말투나 목소리가 약간 윤주언니느낌나요🤣🤣🤣,False,
@우리모두행복하자-d9w,준면누나 ❤,False,
@Jfhdydhcjvvk,덱스가 진짜 준면누나 좋아하고 따르는게 눈에 보인다. 너무 사랑스러운 남매야. 언산2 빨리 와주세여!,False,
@스포해안해,산지직송 진짜 재밌게 봤는데 두분 다시 만나니까 보기 좋다 ㅋㅋ,False,
@김엄마,준면언니 넘 웃겨요,False,
@nikiazia21,Dex was very2 nice to his noona &amp; his staff ❤,False,
@홍희정-m6n,덱스 시원시원하게 어시스트 잘하네<br>김치 너무 맛있겠어,False,
@김복실-k2c,무슨말이.필요해요<br>뭐든잘하고.긍정적인모습.<br>오떡해 안이뼈하겠어요.사랑해요<br>덱스.,False,
@MariaShiny-ue2nu,역시 누나들이 너무재밋네<br>은진누나랑 오락실도 한번만 가주시면 안될까요?😊,False,
@꿀밤-k6s,최애 라붐커플  ❤ 근데 누가 쫓아옵니까 너무 급하게 편집한거같아요  너무 김치만 만들고 급 종료  머글들도 관심가질만한 컨텐츠인데  조금 아쉽,False,
@hjj-t3y,아 미춋따리,False,
@하뚱이-u6h,33분도 부족한데 13분은 속상해요😢,False,
@홍길동-t2j6f,인급동 대박,False,
@vocxz,요새 썸네일 계속 별로였는데<br>제목도 그렇고 편집도 감이 없음<br>편집자가 센스가 없는듯..,False,
@윤정최-j1s,짱이에요,False,
@굿럭핑,오 인급동,False,
@mjjs0417,인급동 16위🎉🎉,False,
@user-fg98de8vbn,언산 준덱커플 밀었다 나는 ㅋㅋㅋㅋㅋㅋㅋㅋ,False,
@ecmin11,인급동가즈아🎉🎉,False,
@리틀이야기,덱스 스텝들이랑 준면누나 매니저님들 먹여줄때 같이 아~~하는거 귀엽 ㅎㅎ,False,
@judychoi,안은진님도 한번 불러주세요 ❤❤❤,False,
@덱짐,먹여주면서 아~~~자동으로 입벌어지는거 너무 귀엽잖어 😂,False,
@cozy29-u5k,막걸리 넣은 수육 먹고 싶어서..김장을 해야하나? 싶은 영상이네요😊😊😊미원도 잊지않고 사놔야겠어요 ❤,False,
@rara_atelier,많이 짧다,False,
@user-pw8hv2ip4q,점심때 보니 아 군침돌아요,False,
@Kaizen080,PD&#39;s should make this content a lot it will make the viewers happy and increase your subscribers as well,False,
@Kaizen080,This type of content was great and the number of views tell the same as well,False,
@Ryu-s3c,존잼이었어요 ㅋㅋㅋㅋ 😂👏 2탄도 있는거죠? ㅎㅎ,False,
@웃긴거좋아,준면누나 보내기 아쉬워요 2탄도 주세요 둘이 케미가 너무 좋네요,False,
@Njhfasfg,인급동!!,False,
@익절-h4f,역시 재밌으니까 바로 인급동이네ㅋㅋㅋㅋ,False,
@user-yi1qm1gs8s,오오 인급동 진입 추카🎉😊,False,
@user-bo8ws5ud1i,양념 박 누나 양갈래 귀염귀염하시다 <br>미원 필수 맛잘알이심 ㅋㅋ <br>역시 쪼마난 손으로 뚝딱 잘만드셩,False,
@내사랑루비-l2o,덱스 채널은 덱스가하는건가요? 회사에서 관리하는건가요??,False,
@ElinaLee-si9yi,"화면전환이 너무 잦아서 보기 불편하네요,,, 편집자가 바뀌었나요?",False,
@kingsky86,EunJin noona ✅<br>JoonMyeon noona ✅<br>Next JungAh noona ?<br><br>Love their chemistry ❤,False,
@user-ct8kb2mg6r,먹고싶다,False,
@user-ct8kb2mg6r,와~~뚝딱뚝딱 잘 하시네요,False,
@Maku-n3g,언산 보고싶다ㅠㅠㅠ,False,
@hogidesign,언산2 찍고 있다고 밀해줘요 ㅜㅜ,False,
@Njhfasfg,언산 시즌2 빨리 보고 싶다. 준면언니 너무 사랑스러워요,False,
@PlusPak,오늘도 존잼이네요ㅜ 시간순삭..,False,
@daniro.p,재밌기만 한데 왜 다들 화나있는거ㅠㅠㅠ,False,
@user-cm2zw7qd7i,흑덱요리사도 그렇고 이번편도 소스는 좋은데 너무 못 뽑아내는듯,True,@daniro.p
@tree2227,화났다기보단 소스들이 너무 아까워서 그러는듯...열심히 시간빼서 촬영했을텐데...편집이 아쉽다는거죠.덱스를 아끼는마음에❤,True,@daniro.p
@user-cm2zw7qd7i,진짜 이 좋은 게스트를 모시고 너무해<br>영상도 너무 짧고 토그도 좀 하시지  끝마무리도 ...,False,
@Oreeoooo000,영상전환이 너무빨라서 똥싸다가 끊긴 거 같아요….,False,
@C55246,O idioma Coreano é muito difícil 😅.Mas é lindo!!!!💖,False,
@C55246,"Essa atriz trabalhou muito bem,excelente!!!!Parabéns!!!!😘🇧🇷",False,
@DinaForecer,덱스 너무 잘생겼어 사랑해,False,
@C55246,"Eu sou do Brasil 🇧🇷e vi o filme “Under the Queen’s umbrella.☔️ “ Gostei muito!!!!💖Meu filho,Benoit Paes Six estuda gastronomia em Londres.Ele ama cozinhar.😋💖🙏",False,
@misheleduan,I love Dex so much💓💓,False,
@abcyn-k2t,"Are you in a hurry to get off work? It ended inexplicably... Feeding the staff took up two minutes out of 13 minutes, preferring to put this in rather than end well, incredible. To be honest, the quality of recent videos has been not good",False,
@abcyn-k2t,Female Pd face in the middle not hidden too😅,True,@abcyn-k2t
@미소-k1w8l,박준면 좋아,False,
@AyatAtiyat,حلوين 🤏🏽🩷,False,
@yeong-q2e,준면언니 진짜 예쁨❤,False,
@hnnamya6335,I really need fresh off the sea season 2 with the same cast 🎉,False,
@user-tu3ny6zd4g,우리 덱스 유튜브는 팩트만 있네~~여러가지 더 얘기듣고싶었는데...<br>아숩다요~~~~~그래두 반가웠어유❤❤❤,False,
@Enddin-q4c,재밌기만한데 다들 왜케 화나있음…?,False,
@madesian,스텝도 챙겨주고 따숩다❤❤,False,
@madesian,와 김장 덱스 넘 좋다❤<br>준면씨 넘 예쁘고 금손이세요❤❤,False,
@invitingART,한달사이에 무슨 많은 일이 잇엇을까요? 너무 궁금한데 ㅎㅎㅎ,False,
@DexforeverGlone,❤❤,False,
@Wldfudwhdk,사랑스런 준면 언니 데리고 와서 일만 하고 가시네ㅠㅠㅠㅠ뭔 대화도 없고 재료 준비성도 배려없고 흙쪽파랑 통마늘 실환가;  편집도 이상해 맥락이 없음..댓글보고 느끼는게 있음 좋겠네요 제작진들<br>라붐 케미를 이렇게 낭비하다니...,False,
@votedexdex2,Dex❤,False,
@sunrisejoo6249,짧고 템포 빨라야 지루하지 않고 다 본다지만…너무 짧고 저렇게 좋은 게스트를 불러놓고 편집이 너무 성의없음,False,
@설아-y2g1i,은은한 말투속에 가끔 나오는 거친말이 넘나 웃겨버려욬ㅋㅋㅋㅋㅋㅋㅋ언산식구들 사릉해yo,False,
@뽕실,와 김장양념을 저리도 후딱후딱 하시다니 준면온니 진짜 금손이신듯 ~ (옆에서 도운 일머리최고 덱스도~ 굿뜨~♡)<br>덱스랑 다같이수육 드시는데 와웅 침고옄 냠냠 묵규싶댴😫,False,
@춘냥-f7i,박준면님 너무 사랑스럽고 귀여우세요... ㅎㅎ ㅠㅠ ❤️,False,
@레지나-e7p,덱스 준면누나한테 오늘 아름답다라고 왜 안해줘?ㅋㅋ<br>누나 이뿌게 메컵도 하고 오셨는데ㅋ 두 분 케미 존좋,False,
@상상더하기-r3x,영상이 너무 짧아요ㅠ  30분은 보내주셔야죵  너무 맛있겠어요 츄압~~,False,
@xcfrtserty,My boy is so attractive❤,False,
@이수빈-s7g,덱스님 자켓 정보 좀 알려주세요~~,False,
@eunjong-s6m,너무나 소중한 인연~오래오래 함께 했으면 좋겠어요❤❤❤❤❤,False,
@minafepudan1736,dex is so sweet. wish i have a grandson like him,False,
@xostilldollxo,they are so cute 🥰,False,
@limtermath,준면언니 너무 이뻐지셨는데 덱스는 보자마자 말해주셔야져 ❤너무 좋아요 준면언니 ♥️,False,
@Mybetheone,It is really a waste to edit what is supposed to be a very enjoyable content to only 13 mins. Everything feels so rush…. and no opening or closing.😢😢😢,False,
@굿럭핑,재밌다ㅋㅋㅋ되게 빨리 끝난 느낌쓰,False,
@rinatawert,Dex is love❤,False,
@ericakim06,"<a href=""https://www.youtube.com/watch?v=1AaXA5BfL-w&amp;t=67"">1:07</a> 덱쪽이한테 파던지는 누나 ㅋㅋ 박력보소",False,
@andeche6659,You guys must have enjoyed kimchi feast 🥵 but I do prefer little spicy kimchi,False,
@arianabisheig,누나가 덱스 미모 칭찬하는거 너무 귀여워요,False,
@찐-v6r,너무짧아요~제발 시간좀 길게해주세요~😢,False,
@nindadelen,"Fresh off the sea family ❤ I miss,, Dex is so ❤❤❤",False,
@AigulBalausa,나는 덱스를 너무 사랑해,False,
@dexgolGol,"love this content, dex is so fine❤",False,
@SWERTYGoal,덱스❤,False,
@krystarkay7395,앙념퐉쒸의 중독적 매력이 맛있네용.,False,
@김노는여자,2탄 있쥬?,False,
@김노는여자,준면언니 볼라구 구독했어여😊,False,
@prettygorgeous3355,That is his favorite Noona. That it I&#39;ve said it❤😂,False,
@jj09jj,이런 컨텐츠는 30분은 가야지 에이,False,
@kei44522,어우 김장김치랑 보쌈 넘 맛있겠다…,False,
@소고기-l6x,아닠ㅋㅋㅋㅋㅋ 오늘 영상 편집자분 혹시 졸다가 만드셨낰ㅋㅋㅋ 먼가 진짜 김장만 목적으로 찍은 영상 같아여 맥락이 없는 느낌..하지만 재미없진 않았습니다 😅😊,False,
@jeidasthol,너 정말 매력적이야,False,
@AilinDERBA,Lets go for 1M subs,False,
@pinkgirl-yx2tc,사랑해요 덱스,False,
@Luna-gs9bf,준면언니 너무 좋아해여❤,False,
@mynervakamada,👏👏👏,False,
@Gwa-l3w,덱스성경좋은듯ㅈ누나들한테도 이쁨받고,False,
@metisia1,Who hired the editing team? He needs to get new staff!,False,
@metisia1,Staff needs to work better. No sense at all.,False,
@turboci,머리 기른 거 보고 싶어요,False,
@hunnygu1047,Love ❤❤❤❤❤❤,False,
@zindahaidi,your smile and dimple melts me🤩 so handsome I agree with noona today you look even more handsome,False,
@cy8956,김장 컨텐츠 너무 좋아 ❤ 고수들만 쓴단 홍시…. 김치사업 해주세요 젭알,False,
@캄보-p8r,왜 영상보는 내내 침이 자꾸 흘러내리지,False,
@fdazxion,It&#39;s fun to watch. I love Dex&#39;s sister so much. 😊❤❤😊,False,
@SkkDex,❤❤❤❤❤,False,
@Puzzle-p9q,싀크해  준면씨 ㅋ,False,
@user-dj6yo6ed4k,편집센스.. ;;  이 재밌는 조합을. 첨부터 끝까지 정신없이 편집하고 끝내버리네.  😢,False,
@옹이랑꼬미랑,이러고 그냥 가신다구????,False,
@G-POR-jc4oh,기업 의 식당에 반찬과 무침 . 양념 쪽으로 기업 식당 마다 돌면서 맞을 보여주세요. 새로 운 맞 직장인 들 기다려요. ㅎ 이쪽으로 하시면은 대박이네요. ㅎ 😊 이벤트로 내년 연말 까지 스케줄 📅   곽 차요. 직장인 밥 🍚,False,
@user-lu5jd1ze6h,언산 멤버들이 밥을 잘 먹나? 왜 언산멤버들 먹는거만 보면 나도 배고프짘ㅋㅋㅋㅋㅋㅋㅋㅋㅋㅋㅋ,False,
@sunmiracle8030,영상을 이렇게 대충만드는데 보쌈 왜줘?!ㅋㅋㅋ 어이없네,False,
@Nhgddfjjknb,ㅋㅋㅋㅋㅋㅋㅋㅋㅋㅋㅋ,True,@sunmiracle8030
@아멜리-f3h,너무조아🎉,False,
@l.fontaine4201,우와~ 이 소중한 영상 너무 고맙습미다❤,False,
@OLool-pl4vt,둘째누나와의 만남인데 언산비하인드도 말해주고  티키타카좀 더 보고싶은데 너무  짧다,False,
@김치-t1m,언산그리워 시즌2빨리와 준면누나도 이뻐지셨어요,False,
@ppoppoya,두분 같이 티키타카하는거 보기 좋네여❤,False,
@쑤기쑤기-c2x,설마 1편으로 끝내는건 아니죠?<br>담주 2편 기다릴께요,False,
@뚱땅뚱-r6t,조합 무슨일,False,
@nyenyonyo9888,goodjob baby,False,
@Hi-gouroum,준면님 오늘 너무 예쁘세요<br>어머어머어머 ❤❤❤,False,
@bebejuuu,영상좀 제발 길게 뽑아주세요 제발제발,False,
@Chabo_1023,아ㅠ 침고여ㅠㅠㅠㅠ,False,
@곰먐미가세상을구한다,와 미원없어도 존맛탱 레시피인데 미원까지들어가면 세상에🥹🥹🥹🥹,False,
@쿠크루핑퐁-s4d,돌려라 ㅋ̤̫ㅋ̤̮ㅋ̤̻ㅋ̤̫ㅋ̤̮ㅋ̤̻,False,
@승승장구-g5u,이 투샷 넘 그리웠음..♡ 덱스 착하다. 스텝분들 다 챙기고~~ 그나저나 김치 넘 맛있겠다ㅠ 진짜 양념이 미쳤음ㅜ 배고파,False,
@윤미희-f3f,아니김장으로 10분컷 편집이 사실인가요....,False,
@최부자-h8t,준면누나 음식솜씨 어쩔ㅠ 김치 대박 맛있어보임!,False,
@moment-play,"<a href=""https://www.youtube.com/watch?v=1AaXA5BfL-w&amp;t=556"">9:16</a> 홍갓 아니고 청각 아닌가",False,
@user-xx7xw1vg8s,갓이 맞구요 김치 담글때 넣는 청각은 다른거임^^,True,@moment-play
@chloechong1229,시원시원해서 좋다ㅋㅋㅋㅋㅋ,False,
@moment-play,준면 옆에 있는 덱스 보니 더 설레네 아오.. ㅠ,False,
@어쩌라고-s9k,"<a href=""https://www.youtube.com/watch?v=1AaXA5BfL-w&amp;t=52"">0:52</a> 덱스형 나도 입에 뭐 묻었..",False,
@v안녕자두야v,화기애매 ㅎㅎㅎ 귀여운 남매❤<br><br>13분아니고 13초인데?????? 너무 짧아욤😭,False,
@rainbow77626,일잘러들에 유툽모드 속전속결 시원하다,False,
@안녕하세요-f3e3v,꺅꺅 준면찡~~~~~~~~~❤,False,
@morol-r3s,덱스는 진짜 일머리 살벌하네..<br>뭘 해도 성공할 사람 맞음!!,False,
@reynaortiz9640,"Me encantas DEX, me hace gracias tu voz pero estas super lindo!!! Besos desde Mérida Yucatán México",False,
@blesskoreaoh6517,두사람 편안하다😊,False,
@강하나-d8p,덱스 그동안 요리했던거 김장에서 다 발휘하네~~ 양파 까는거부터 요리하는 사람임ㅋ 양념 버무리는것도 힘든건데 손끝이 야무짐!! 준면언니와 김장 컨텐츠 아주 좋습니다~~,False,
@kiwoo99,"짧다..오랜만에 같이 나오신건데,<br>딱 김장만 하고 끝..<br>대화도 하고, 그래야되는데..<br>요즘 다들 바쁘신가봐요. 전보다 소홀하신듯,😅😅😅",False,
@토깽이귀,끝나고 대화하겠지 근데 다 편집했어,True,@kiwoo99
@킴모이,맛있는 음식 많이 먹고  건강하셔요 덱스❤❤❤❤  롱런하시고  응원합니다  화이팅,False,
@sekai04,이 야밤…침 폭발….ㅠㅠㅠㅠㅠㅠㅠㅠㅠㅠ,False,
@morol-r3s,와..흙쪽파에 통마늘..<br>누구세요 진짜 ㅋㅋㅋㅋ,False,
@토깽이귀,랑이pd 혹시... ? ㅋㅋㅋ,True,@morol-r3s
@RaRa-jh2xn,"혹시 <a href=""https://www.youtube.com/watch?v=1AaXA5BfL-w&amp;t=300"">5:00</a> 부터 나오는 피아노곡 아시는분 있나효ㅠㅠ??",False,
@social-justice,Carmen - Ohad Ben Ari,True,@RaRa-jh2xn
@moon.caffeine,missing fresh off the sea even more &gt;&lt;,False,
@강하나-d8p,"<a href=""https://www.youtube.com/watch?v=1AaXA5BfL-w&amp;t=114"">1:54</a> 덱스 장갑 다 찢어먹네ㅋㅋㅋㅋ",False,
@espressokwon,ㅋㅋㅋ 덱스는 뭐든 돼요 도 아니고 <br>금방 돼요 ㅋㅋㅋ,False,
@별님-q1h,언니네 산지직송 케미 못잃어…방송에서도 너무 다들 가족처럼 편해보여서 좋았는데 산지직송 시즌2해주라…,False,
@소망나무-r3g,준면배우님 활짝 웃을때마다 덩달아 웃게되요. <br>유쾌 통쾌❤,False,
@해피스타-f5t,편집자님 너무 짧아요,False,
@flyingpurplepony,이쁜이 참하디 참하다,False,
@nurulnuhapahmen,What a shocking. Greedy hoping for part 2. or precious video with Jung-ah noona. Thanks for the video,False,
@blinfhkewr,handsome dex❤,False,
@rloveu1004,아니 보는데 5분본거같은거에요~ 넘재밋는데 너무편집마니하신거아닌가요ㅜㅜㅜㅜ김장이얼매나오래걸리는데ㅋ토크좀더 곁들여서 30분줘야지욬ㅋㅜㅜ조금봐두ㅋ준면언니 예능감 너무좋음ㅋㅋㅋ둘이너무잘맞아서 재밌어요,False,
@prestige-no5do,이런거 좋다,False,
@user-nd1wx4sb8x,준면님반가워요😊,False,
@홍이뽑,ㄸㅏ수운 남매😊❤  언산2  언제오ㅏ?😢,False,
@예현-yh,이런 콘텐츠도 좋은데 2년전 김덱스가 카메라 들고 다니면서 브이로그 찍는 감성….. 그런 브이로그 부탁해요 피디님ㅠㅠㅠㅠㅠㅠ,False,
@qazouou512,준면언니 김장도 해주시고 의리 최고에요,False,
@user-kimAhReum87,아현동마님때부터 준면언니 팬❤️❤️,False,
@rloveu1004,아 너무좋다ㅋ준면덱스..저 언산에서 두분케미 젤좋아햇자나요ㅎㅎㅎㅎ마성의누나와 마성의동생 케미기대하며 이제보러갑니다..총총,False,
@g1alliswell120,누나 레시피 안물어볼께요 그런 댓글도 안달께요 토크만 쫌 더 주세요❤,False,
@The_apple_of_my_eye,좋은 사람곁엔 역시 좋은 사람들이 있는 것 같아요~😊 준면언니 같은 좋은 연기&amp;인생선배가 옆에 있어서 덱스님이 참 든든할 것 같아요~❤,False,
@Aidndididkwk,흙쪽파 통마늘ㅋㅋㅋㅋㅋㅋㅋㅋㅋㅋㅋㅋㅋ,False,
@AAWolff,"김덱스는 확신의 연하남, 누나누나 거리는 거 왜케 잘 어울리냐.. 연하인 내가 다 설렘 ㅋㅋㅋ",False,
@TV-di6wc,진짜 보기좋아요. 누나생겨 좋겠네요 덱스님,False,
@eye20sim,친정집온 딸내미같자나. . 둘다사랑스러 ❤❤,False,
@yesica-wt8un,누나 오셨다 이렇게 반가울 수가ㅜㅜ <br>마주앉아 김장하는 모습만 봐도 너무  행복해 영상 너무 짧아요 준면누나 또 와주세요 🧡,False,
@전경섭-c7u,편집자님 영상길이 이게 최선이였나요?? 13분이 쇼츠처럼 느껴짐,False,
@BeverlyTorres-u7u,"the video is sooo short, I hope there&#39;s catching up talks a bit more, a behind the scenes talks about Fresh of the Sea filming.. but in this video u can clearly see their closeness, hope Dex keeps this friendship with her noonas. 😊🙏❤️",False,
@ejjjang4246,준면누나가 덱스 웃음킥이네 행복해보여 좋다. <br>좋은인연 이어가길,False,
@user-dooenwz,진짜 언산에서 내가 제일 좋아했던 조합……. 준면언니 중간중간 꾸러기 같은 표정이랑 말투가 너무 내 친구같아서 취향저격임…,False,
@hw___yun,준면언니 귀엽고 웃기고 다해요^^<br>언산누나들은 눈빛부터 넘 따뜻해~❤,False,
@eunseokchae3816,아... 젠장 봐버렸어....... 시켜 먹는걸로 저맛을 낼수없는데 .. 큰일이군,False,
@RiboFlavin-b6s,Fresh off the sea Nuna&#39;s are the best &lt;3,False,
@긍정의힘-q6b,덱스님 바람막이 넘이쁘다 ㄷㄷㄷ정보 아시는분 ????ㅜㅜ,False,
@하고싶은거해,김치 진짜 맛있어 보인다🤤,False,
@user-rp3sb1cu9s,"진짜 맛있겠다😝 <a href=""https://www.youtube.com/watch?v=1AaXA5BfL-w&amp;t=644"">10:44</a>",False,
@FromDoll,너무 짧아요ㅠ 오랜만에 언산 투샷 보니 넘 반갑 ...너무 편안해서 좋네요,False,
@mini_zzi,덱스는 항상 주변인 챙기느라 너무 <br>애쓴당 😢 안그래도 이래저래 일도 <br>힘든데,False,
@bebretter9027,Go go dex Jin Young!!💪💪💪💙💙💙,False,
@nani_119,하....준면옹니 김치 한입만 먹어봤으면.....🥲,False,
@조용한섬-f2t,덱스는 찐한색 머리여!! 준면언니 멋져부러 길게가자 요리로,False,
@mjjs0417,염정아누나하고도 뭐 하나 했으면 좋겠다 둘 케미도 재밌을 거 같아ㅋㅋㅋㅋㅋ,False,
@유주-p4t,To. 제작진분들과 덱스님께<br>영상 길이 좀 늘려주셔여ㅠㅠㅠㅠ<br>볼때마다 재밌게보다끊긴 느낌나요 흑흑,False,
@kbmkjy-g7c,너어무 공감해요,True,@유주-p4t
@wvwvwvwwvv,젓갈은 황석어지~ 무쳐먹어도 맛있음 밥 세공기 순삭,False,
@AeintintheArt,🥰❤️,False,
@ykkd1235,언산가족 보고싶다 시즌2 빨리 돌아와줘,False,
@수다쟁이-c6u,준면누님 앙증맞은 손 너무 그리웠어요 ㅎㅎ 던지는거 왤케 웃겨요 ㅋㅋ,False,
@이로로-k9i,나도 모르게 같이 입벌리고  있는  ㅋㅋ,False,
@dexdal9495,아니 누가 요리 말고 다른거 하면 벌칙주나요ㅋㅋㅋ 토크 하려고 하다 바로 요리 착착착<br>일잘러들이라 어쩔 수 없나봐....😂,False,
@강하나-d8p,그니까욬ㅋㅋㅋ 일을 너무 잘해ㅋㅋ,True,@dexdal9495
@B-b5l9r,박준면님 개그코드 취저 ㅎㅎ,False,
@nani_119,으아 준면언닁 뒷모습만 바도 기여웡😍😍😍,False,
@angel_coco_S2,뭐야 이렇게 끝난다고??? 설마.. 2탄있죠??? 😂,False,
@Dexfan1Notefan123,even with busy schedule dex keeps uploading content❤ I miss you and cant wait Zombieverse2 and your acting in 2025,False,
@st_y9,맛은 우리 집안의 외가 셋째이모가 이세상 최고다 진짜 맛있는거만먹음 실패한적이 단한번도없음 레전드 미각 미식가중에 원탑!!,False,
@zariyaaa__isla,"<a href=""https://www.youtube.com/watch?v=1AaXA5BfL-w&amp;t=393"">6:33</a> The way she says Dexya~ 🥰🫠",False,
@thinZaLe,unnie got prettier..❤,False,
@egs6834,너무 좋은 인연이야😢  언산가족 포에버❤❤❤ 4남매 영원해!!!,False,
@멸치볶음-w9q,"머야,,,,, 왜이리 빨리 끝나,,,,😢😢😢 ㅋㅌㅋㅋ",False,
@푸른나무-l7t,편해서그런가  사투리가 막 나오는군여ㅋㅋ,False,
@가벼운궁디,나 분명히 공부하려고 했는데 알람이 떠버렸네.....졌다😂,False,
@useryoojin,"<a href=""https://www.youtube.com/watch?v=1AaXA5BfL-w&amp;t=700"">11:40</a> 나 이거 왜이래 설레",False,
@애경이-b3o,준면님❤연기 👍 노래 👍 성격 👍 성품 👍 솜씨 👍<br>애기애기한 피부👍 <br>친화력 👍,False,
@june1nine5,간준면👍,False,
@samantaquien,Love this❤,False,
@소망나무-r3g,오늘 준면배우님  헤어메이크업 너무 예뻐요~,False,
@이하은-n6n,아너무너무너무짧다이거야ㅠㅠㅠㅠ,False,
@sy0919-hsy,휙휙 집어 던지는거 내 스타일 👍👍 어우 속 시원해 ㅋㅋㅋ 언산 멤버 너무 소중해❤,False,
@dreamlovej4978,아놔 이렇게 끝난다구요?! 너므 짧아요 더 주세요 더더 ㅋㅋㅋㅋㅋ,False,
@더블제이_JJ,일잘러들 둘이 모이니까 아주 척척척이구만ㅋㅋㅋㅋㅋㅋ,False,
@chelseah.4164,준면언냐 너무 조와❤,False,
@boriim9068,준면씨 오늘 미모 너무 예쁜거 아니에요<br>덱스 예뻐해 주고 의리 짱이네요<br>김장 이리 힘든일을 해 주다니요<br>성격 좋은줄 알았지만 매력이 철철 넘쳐요  <br>언산이후  준면씨 팬 되었어요,False,
@제리-p5n,캐미 미쳤다미쳤어,False,
@londafion,Noona so much loves Dex❤ miss them,False,
@irenedivach,He looks so handsome❤❤,False,
@jjung2222,그래서? 덱스 올해 김장은 다 끝낸거야?! 겸사겸사 잘했네~ 🤩👍💜💜💜,False,
@XxP-r6o,왜이렇게 빨리 끝나냐고~~~,False,
@허니허니-z6u,제작진 쎈스없어 라지고무장갑 안깐마늘 흙쪽파 그리고 라붐음악없써 ㅋㅋㄴ,False,
@내사랑루비-l2o,덱스영상들보면서 느끼는건데 앞모습도 잘생겼는데 옆모습 잡힐때마다 진짜 잘생겼ㅠㅠ,False,
@boriim9068,준면누나 2탄 해주세요<br>둘이얘기하는게 너무 짧아 너무 아쉬워요 ㅠㅠ,False,
@9-qj5rz,이게 무슨 귀한 인연이에요.. 늘 축복합니다❤,False,
@goodluck-t7b,준면누나~보고 싶었어여^^ 두분 근황토크 좀 듣나했더니 정말 김장만 하셨네요 ㅋㅋ 덱스 보조 왤케 잘함? 탐난다 ㅋ,False,
@sunnyshinn8254,너무나도 지녕이가 편안하게 보이는❤투샷,False,
@하이헬로우안녕요,좋다좋다좋다🫶🏼,False,
@Fittfunn,너무 짧아요... 보자마자 끝남?? 😢,False,
@simpacevn,watching this video suddenly makes me feel so hungry🤤🤤🤤,False,
@mingming-nk3jv,은진 누나랑 컨텐츠 하나 만들어 주세요 냉터뷰 은진님 얘기 많이 못들어서 너무 아쉬웠다구요 뭔지알죠? 😂😂,False,
@jhyannnn,은진누나 연습실 습격해도 재밌을것 같은데요^^ 응원차! 홍보도 한 번 더 하고 준면누나랑 같이 가도 되고 정아누난 안되실것 같고..ㅠㅠ컨텐츠는 만들려면 정말 무궁무진할텐데 할거ㅠㅠㅠ,True,@mingming-nk3jv
@Kae24666,ㅋㅋ근데 제작진들 진짜 센스없긴하다...생각을 조금만 해보지ㅋㅋ..,False,
@starrynight_je,“누나~” <br>귀여워요😊<br>준면언니두요⭐️,False,
@handlehate,와 역대급 재밌다 보는 사람도 편하네,False,
@이보영-b6p,준면누나 레시피가 어떻게 되요?😂,False,
@user-xy6jl9yjn,역시 준면 누나 너무 재밌으셔요ㅋㅋ 덱스 모대? ㅋㅋㅋ 뚝딱 뚝딱 보조도 척척 그나저나 김치 진짜 맛있겠어요 ~~홍시꿀팁 받아 갑니다,False,
@BebeStellas,I love how down to earth Park Joon Myun is. She cooks really well and she has a beautiful singing voice. They really nailed the cast of Fresh off the Sea.,False,
@장풍-c8x,덱스님 아우터 정보좀여 ㅜㅜ,False,
@leepopnamu2939,모야 모야... 언제 끝난거야~~~,False,
@eunjong-s6m,준면누님~왜케 반가울까요~보고싶었다구요😊😊😊😊,False,
@조선미-e6p,영상 너무 짧아요~   ❤,False,
@Bgchannie-m1k,"Me encanta la verdad comen con tanto gusto, comparten y la preparación del Kimchi la hacen divertida,es muy agradable verlos😊",False,
@sunrisejoo6249,덱스 눈나앙 할때마다 진짜 귀여움,False,
@l15el51,준면누님 다 집어던지는거 왤케 웃겨요 ㅋㅋㅋ 덱툽에서 보니 미모도 더 빛나고 양념팍 솜씨도 현란하네요 또 놀러와주세요 😍,False,
@minjikim00,카메라 구도 좀만 올려주세요 ~~,False,
@lovegundam-p1d,찐T 피디가 편집했나봐여~ 진짜 김장하는것만 나오고 끝. <br>담주에 2부 있는거졍?,False,
@아르헨티나순두부,ㅋㅋㅋ,True,@lovegundam-p1d
@치유-j5s,보쌈😋,False,
@진실-m4i,준금님 팬이라 덱스영상 첨들어왔어요❤❤❤,False,
@yangzzhang,매실청이 설탕이에요..,False,
@하쿠나마타타-m2r,먹고싶다😢,False,
@계피가루,하 마지막에 굴 넣구 미쳐따리ㅠㅠㅠㅠ,False,
@annelouis8525,진짜 좋아해요 양념팍 완전 사랑스럽쟈나,False,
@덕배-g1d,준면언니 사랑이야 ㅠㅠ,False,
@라미-y5j,와 보다가 배불러 버리네 진국이네,False,
@aodwloo,진짜 너무 재밌어요 😊,False,
@yang7935,Delicous❤,False,
@invitingART,흙쪽파 통마늘 욱겨미쵸 어뜨케 ㅎㅎㅎㅎ,False,
@dex_toto_101,너무 맛있어 보여서… 할 말을 못 찾겠어🤤,False,
@RachelKang-v7o,너무 힐링 ❤❤❤,False,
@YuchaeFam,하한입만,False,
@zzxzxx1584,준면언니 성격 좋은건 알았지만 ㅋㅋㅋㅋㅋㅋ인트로부분 버릴게 하나도없네 ㅠ 진짜 성격좋다 ㅠ 주위에 사람진짜많을듯,False,
@TinaGwapo,Dex❤,False,
@wir똥입니다sq01,"<a href=""https://www.youtube.com/watch?v=1AaXA5BfL-w&amp;t=452"">07:32</a> 돌려라 ㅋㅋㅋㅋ 앜ㅋㅋㅋㅋㅋㅋ개웃기닼ㅋㅋㅋㅋㅋㅋㅋㅋㅋㅋㅋㅋㅋㅋㅋㅋㅋㅋㅋㅋㅋ성격진짴ㅋㅋㅋㅋㅋㅋㅋㅋㅋㅋ너무 둘다 사랑스럽닼ㅋㅋㅋ",False,
@MarlonAnnabelle,ㄱ글 에서 벳프리 진짜 보다보면 빠져든다 라이브에 수위도좋고 외모도 좋고 삼박자 지렀으,True,@wir똥입니다sq01
@동동-n8x8q,아 맛잇겟다 ㅠ,False,
@wir똥입니다sq01,와 대박이다..덱스 진짜 성격이 너무 다흐ㅡㅡ흐닺,False,
@wir똥입니다sq01,어쩜 사람이 이렇게 좋냐,True,@wir똥입니다sq01
@hh50775,이 조합 너무 좋아요🤍 나중에 언산 식구들 다같이 유툽 찍어주세요🎉🎉,False,
@ausloschen826,양념팍과 막냉이 케미도 언산 보는 재미였는데  언산 시즌2 빨리 했으면 좋겠다 내 밥친구,False,
@yslee2182,❤❤❤❤❤❤,False,
@프릴-k8o,시간순삭이네요.^^ 김장만 하고 끝났는데요.  아쉽당. <br>준면언니 오늘 넘 예뻐요. 자주 오세요^^,False,
@김이-r2m,와우 프로그램끝나도 같이 만나니까 좋네요😂,False,
@jlove112,잘먹네😊,False,
@kimjiiii314,너무짧자나...😢,False,
@Kaizen080,Do more Collab contents it will be hit,False,
@kjrt닌다,"나도 헬스장에서 덱스 컨텐츠 보고 싶다, 멋진 면이 있어서",False,
@soojinchoi2202,뭔가 편집센스가 점점 별로고 성의없어요 엔딩마무리도 없이 저렇게 끝내버리네,False,
@다크덱스,다 모르겠고. 맛있겠다..ㅜㅜ,False,
@lamango6021,이렇게 속전속결 시원시원한 김장 컨텐츠는 난생 처음ㅋㅋㅋ 준면누나 넘 반가워요!!!!!,False,
@byobyoqung,박소녀 누님이랑 같이 있는거 보기좋다 ㅎㅎ,False,
@유데잉,진짜 덱스는 뚝딱이다❤,False,
@NeideGaga-h9v,eu te amo❤,False,
@mhnoh4666,&quot;누나 나 뭐할까요&quot;  &quot;이거이거해&quot; 하면 오케이 하고 바로 스피드하게 하는거 넘 보기 편안하고 좋음  언산전문직다움ㅋㅋ,False,
@soy9994,두분이 친남매같아요~찐친남매~~두분 김치사업하면 투자할래요 ㅎㅎㅎ❤❤입에서 군침이😂😂😂,False,
@84diaconos95,그리웠던,False,
@soyounpark6569,준면님 덱스미모 최대수혜자이심 ~넘 부럽다요~😂,False,
@brendaprisciladasilvafigue2767,❤❤❤❤😂😂muito fofos 🇧🇷🇧🇷🇧🇷🇧🇷,False,
@Breakfast-k8w,누님 레스피 카피할려고 메모준비중 ㅎㅎ<br>우리 엄마랑 ㅋㅋㅋ<br>막걸리 수육~ 감사해요 준면누님❤❤❤❤❤,False,
@HL-l_EC,라면에 저  김치사악 얹으면..🤤,False,
@adwardcho3907,덱스 준면 친느나같이요,False,
@treasure-j.,와. .수육 . .김치 빛깔 좀 봐요🥹<br>귀여운 손 준면언니 와 덱스동생<br>편안한 행복한 조합입니다❤,False,
@wir똥입니다sq01,이야 ㅠㅠ덱스 성공햇네 ㅠㅠ❤,False,
@CelvinFendi,their tiki taka is so gooood,False,
@사마의-r5v,덱스❤❤❤❤❤❤❤❤❤,False,
@CelvinFendi,noona is so real to call dex is so handsome,False,
@mjjs0417,준면누나랑 덱스 조합 넘 편하고 따숩다😊😊,False,
@sxvc1234,미쳐부러 ㅜ 이시간에 먹방 컨텐츠라뉘!!,False,
@딩주-x7q,월욜 덱스형 보는맛으로 살지....😊😊,False,
@votedexdex2,"Dex dimple is so pretty, how man can be so beautiful ❤❤ love you",False,
@정미-l7z,라붐 커플 김장하기 ㅋ<br>덱스가 언산 누나들과 편하게 지내는거 보기좋다❤❤❤,False,
@Kaizen080,Why cut some good parts it&#39;s too short PD please make your video longer and do this type of content more often,False,
@zeanaaaj,OWYEAHHHHHLETSGOOOO,False,
@최유미-f9q,언산 누나세분 다나오면 좋겠어요,False,
@rohithr1797,"I hope the PD team can bring both noonas ( yeom Jung ah and park joon myun , ahn eun jin  ) and have cooking and chatting session.",False,
@msb8681,준면누님 메이크업한 모습 너무너무 예뻐요 😍 💕,False,
@Symbat-rz1zi,이 헤어스타일 너무 잘 어울리고 나라 에피소드에서 냉장고 인터뷰보다 더 젊어 보여요,False,
@user-fi5te2xw8b,너무 소중한 영상인데 너무짧다 다음주에 2탄가나,False,
@msb8681,요리가 시원시원해서 넘 좋네요<br>뭔가 속이 뻥 뚫리는 느낌😂,False,
@iskmyh-m2j,흐. 맛있겠다. 아배고파,False,
@haz1436,I love to see dex with her. I felt comfortable seeing her being like tht. Cute,False,
@user-bi1zwv6b21,언산 끝나서 이 케미 못볼줄알았는뎈ㅋㅋㅋㅋㅋㅋ 역시 재밌어,False,
@DEX_06.09-us7lj,묵음김치 말고 갓 버무린 김치를 좋아한다는 덱스 맘껏 먹기를✨ 준면언니 최고다❤,False,
@쿸-v5w,아진짜 둘이 티키타카 넘 웃기고 귀야움 ㅋㅋㅋㅋ,False,
@cindy-pz6yf,양념박 누나랑 덱스 케미 최고!!,False,
@91stork.81,준면누나 여기 나오니까 너무 좋다 언산 시즌2 당장 진행시켜,False,
@zindahaidi,My man is so good ❤❤❤,False,
@풍덩이-m9g,텍스는 사랑입니다~^^,False,
@DinaForecer,너희 둘 너무 귀여워,False,
@RANGRANGSS,어쩐디야..저 젓갈 끓이믄 냄새 잘 안빠지는디..ㅋㅋㅋㅋㅋㅋ,False,
@xnmmmfortey,❤,False,
@Hahahoho498,"보기만해도 힐링되는 나으 최애 조합,,✨ 준면웅니 사룽해효,,🫶🏻",False,
@joara_cloud,장갑 던지는거 너무 웃겨 ㅋㅋㅋ덱스집에 놀러가는 준면누님도 부럽고 준면누님 파김치 맛볼 덱스도 부럽다✨,False,
@왕유리-s2f,편집자님 나빠요. 아니 수육에 막걸리도 없이 이렇게 빨리 끝낸다고~진짜로~ 설거지 영상이라도 내놔라 이것들아 ㅋ,False,
@BcA-u4b,누님과 만남 넘 좋은데  뭐에 쫒기는것처럼 너무 후다닥 끝나버리넹,False,
@xnmmmfortey,Love Dex omg❤❤❤❤,False,
@레드_콤보,"<a href=""https://www.youtube.com/watch?v=1AaXA5BfL-w&amp;t=454"">7:34</a> ㅋㅋㅋㅋㅋㅋ 이제 준면누나 얼굴만 봐도 웃겨 ㅜㅜ ㅋㅋㅋㅋㅋㅋㅋ 양념팍 김치 너무 먹어보고 싶어요🤤 <br>언산가좍 빨리 도라와…ㅜㅜ",False,
@민트가을-j7k,덱스~<br>피디님들이랑 메니저님들 챙겨서 먹여주눈거 너무 스윗해~❤,False,
@jslee4480,넘 짧아 서운,False,
@민트가을-j7k,영상 왤케 짧은거야 너무 아쉬워~~ㅠㅠ,False,
@민트가을-j7k,아 감장하고 싶어지네~ 맛나겟다,False,
@홍길동-t2j6f,"<a href=""https://www.youtube.com/watch?v=1AaXA5BfL-w&amp;t=84"">1:24</a> 냉터뷰에서 앞치마 챙겨주는것만 보다가 챙김받는거보니까 귀엽다ㅋㅋ",False,
@ValidaFewr,덱스 비주얼 크레이지,False,
@happiness_hy,“누나” 하며 들어오는 덱스!! 너무 귀여운데! ㅎㅎ 준면언니랑 덱스 케미 너무 좋아요!! 🤭 영상 보는데 나도 모르게 입을 아! ㅋㅋ 🤣🤣,False,
@jakarta19711,넘 재밌는데 넘 짧아😢 2배속으로 본 건가😅😁,False,
@민트가을-j7k,준면누나 요리는 feel~<br>역시 양념팍~~멋져요👍👍👍<br>덱스~ 2째 누나랑 함께해서 좋앗겟다~,False,
@송태범-t8n,준면님 집에서 찍은건가요?,False,
@MINI-bj7kk,진짜 언산 누나들이랑 덱스는 찐인연같으다 일말고도 갠적으로도 쭈욱 갔으면 ...❤❤,False,
@cyk5069,둘이 너무 귀여웡😌,False,
@Violet-k8t,덱스 김치 먹는것도 귀여워😋,False,
@웅크린독주,"영상 짧아 아쉽지만 준면님,덱스님 편안하게 토크하는거 재밌게 잘봤어요<br>그나저나 김장 정말 맛있어보여요~~",False,
@nikiazia21,Dex &amp; his loving noona ❤,False,
@usjinlee2307,2배속 돌린거? 시간 순삭이야ㅋㅋㅋ 화끈하다 둘다,False,
@0vely_,"그,, 사업계획서,, 제가 들고 가면 안되나요,,, 덱좌는 지분 1프로 드릴게 일단 가마이써,,,",False,
@이미라-f5i,"아니 순삭 이네요<br>시작하나 했는데 끝났어요<br>덱스,준면언니 티키타카 더 보고싶었는디ㅠ 암튼, 언산 멤버 화끈하시네요 ㅋㅋㅋ",False,
@ramcho69mm,정말 두분이 같이 있으니 언산보는 기분이에요ㅠ❤,False,
@nino0314-u9b,준면누나 다 집어 던지는거 왜이러케  웃기냐 ㅋㅋㅋ,False,
@gamelightsyt9197,This was so wholesome man! She seems a great sport.,False,
@grebdlogeoj,unni !!!!!,False,
@user-zr1lx7om2b,너무 편안하고 귀엽고 재밌고 따숩다ㅠㅠㅠ 언산 시즌2 못잃어ㅓㅓㅓㅓㅓ,False,
@Hhejdjf,언산 양념박❤막둥이,False,
@penelopakin,Dex te amo❤,False,
@rina-n6g2p,김장할 때 옆에서 돌돌 말아 입에 넣어주는 김치가 진짜 맛있는건데😋<br>수육에 김치는 진짜 못참아(　³🐽³ ),False,
@YAY-co9yk,확실히 언산보다 밖에서 보면 다들 미모가 사는듯 언산에서  다들 퉁퉁부워서 귀엽지뭐,False,
@user-yi1qm1gs8s,제발 담주에 2부 또 있는거지???😢😢😢 누나 가지마~~~~,False,
@yi8348,아 군침 ... 레시피 .... 없죠? ㅋㅋㅋㅋ,False,
@social-justice,"<a href=""https://www.youtube.com/watch?v=1AaXA5BfL-w&amp;t=20"">0:20</a> 준면누님 엄청 미인이시네요 언산에서는 미모가 노동에 묻혔었네요",False,
@Chloe-p5d4s,유튭 해줘서 고마워 매주 만나는 기분이야,False,
@잔향-w9e,뭐야 이러고 끝난다고?😮,False,
@seunggiholic,역시 케미 너무 좋다 ❤❤,False,
@엘리사맘,반가워요 준면언니~~~<br>역시 음식솜씨가 짱이시네요.<br>홍시를 넣으시다니.<br>덱스는 복도 많네.누나가 김장도 해주시고 부러워요❤<br>김치랑수육 넘 맛나보여요.<br>ㅠㅠ 배고프다. 부러워요.,False,
@msjiyoung1606,Dex is not interested in the dinner party with his sisters but all 3 sisters love him very much. 😅😁🥰,False,
@dinakim4672,ㅋㅋㅋ둘째 누나랑 환상의콤비얌😊 김치진짜대박~ 준면언니라 주기적으로 맛난거 해먹는 컨텐츠 가즈아❤,False,
@Zen-eq3oj,언산 누나들은 어쩜 한명 한명 다 사랑스럽냐 준면누님 사랑스러워요 진짜,False,
@RUngee-9,말모케미 손발 짝짝 맞쥬🤣 양념맛 본 김덱스 너무 부럽당ㅠㅠ 둘째누나 다음에 또 나와서 수다도 많이 떨어주세효❤,False,
@nonaaaaame2024,이렇게 끝난다고..? 언산은 밥 거나하게차려먹고 토크하는게 찐인데......?,False,
@GingerTina,덱스 너무 사랑스러워요,False,
@바니_J,맛있겠다 ㅠㅠ <br>올해는 김장 안할려고했는데 해야할까요 ㅋㅋㅋ 쩝..,False,
@뽀또-z7b,"어머나....... 둘째누나, 막내 조합 넘 조아요ㅠㅠㅠㅠ 준면언니 밀당 잘해 ㅋㅋㅋㅋㅋ",False,
@Kaizen080,Finally new content,False,
@heyndjw,언산 사랑해!!!!!!!!!!시즌2가자,False,
@오홍당무지롱,오늘의 명언 “요리는 feel이다”,False,
@choi1523,둘째누나랑 김장담그기 이 귀한 만남을 기대를 안할 수 없는 조합인데  40분은 기본인것을 대체  영상은 누가 편집 ㅜ 이쁜 준면누나랑 덱스 티카티카 장난아닌데  세상에 이게 뭔일  감동의 투샷을 위에서 찍어누르기 영상미 감성제로 영상팀 인성에 문제있남 보쌈먹을자격 없음,False,
@invitingART,하하하하하 소개도 마지막 인사도 없어 찐이야 ㅋㅋㅋㅋㅋㅋㅋ진짜 최근들어 젤 마니 웃엇어요 준면언니 더 좋아졋어 어뜨케 ㅎㅎㅎㅎㅎㅎㅎㅎㅎ,False,
@hoyaa13,the duration is tooooooo short huhuhuuuu :((((((,False,
@geraldinevillase3842,You made my day ❤❤❤,False,
@hs_leehshshs,언산 시즌2  가즈아  보고싶어요❤❤❤,False,
@이미라-f5i,덱스님 보려 언산 봤다가 준면언니 매력 발견했쟎아요?! ㅋ 두 분 케미 삽니다<br>빨리 와라 언산 2 <br>4분케미 겁나게 빨리 보고싶습니다<br>사랑의 괸계 4분 모두 홧팅^^♡,False,
@uhjfgh-o9k,준면누님 완죤 걸크러숴....완죤 내스탈이야 쭈글덱스 은근 웃긴데,False,
@HOTARO-k8x,앗!❤ 이거슨!!!!!!!!🎉🎉🎉🎉너무 좋다~~~힐링이다 이 관계에 😊,False,
@덱스월드,"김장김치에 흰쌀밥만 있어도 두그릇 뚝딱이야,,",False,
@이나영-o8n,준면언닝넘조앙❤,False,
@댕윶쟈,"나도 준면언니 처럼 걱정쟁인데,,,,<br>덱스처럼 옆에서 안되는게 어딨어 다 되지 <br>라고  얘기 해주면 너무 든든하고 좋을거 같다 ㅎㅎㅎ😊",False,
@나미-w8l,"준면 언니 보러 진영쓰 유튭 첨와보는데 둘이 귀엽 ,,❤",False,
@몽실이-t1m,다여트중인데 군침흘리면서 봤어요🤤준면언니 그리웠구요~덱스 너무좋아요~갑자기 끝나버리넹..ㅋ❤❤❤,False,
@Violet-k8t,덱스가 준면누나 편하게 생각하고 잘 따르는거 같아서 보기 좋음🤍 사랑받는 김덱스는 힐링이야~~,False,
@fud535,감사합니다,False,
@갱이씨앗,우악...너무침고인다요🎉🎉🎉🎉🎉,False,
@liebenj,이 다정한 사람들 너모 좋다,False,
@청명-p7i,우리 어무니도 엊그제 김장했는데 타이밍 머야 ㅋㅋㅋㅋㅋㅋㅋㅋㅋㅋㅋㅋ,False,
@흐름타고덳,"📢 준면눈나 옆에 걸리적거리는 거 좀 많이 놔두실게요~ <a href=""https://www.youtube.com/watch?v=1AaXA5BfL-w&amp;t=67"">1:07</a> <a href=""https://www.youtube.com/watch?v=1AaXA5BfL-w&amp;t=79"">1:19</a> <a href=""https://www.youtube.com/watch?v=1AaXA5BfL-w&amp;t=208"">3:28</a> 카리스마 있는 모습 더 봐야하니께....💕",False,
@misheleduan,❤,False,
@Ghdshkjh,언산 누나들 너무 좋음. 준면언니를 유툽에서 보다니,False,
@misheleduan,Dex is so handsome,False,
@Jn-k3n,언산때부터 둘 조합 넘 웃겼는데 ㅋ 진짜 편안하다,False,
@Soleusgaming,Sauce park,False,
@이이이-b7h,feel. so good !!!❤❤❤,False,
@miyamiyaa_00,테이블위에 올려서 재료소개 먼저하고 시작했음 좋았을텐데..,False,
@jso3215,어머~~~ 어머 ❤❤❤❤ 너무반가워요,False,
@레드_콤보,와… 김치 너무 맛있겠다 ㅜㅜ 한입만 아~~~~ -0- 못참겠다 오늘은 보쌈이다🤤,False,
@연습용샤라-h7c,인제 큰누야한테 가서 식혜만들자요~~~ 누야들 한번씩 도는거 좋으네  울 덱수씨 으찌나 편해 뵈는지 보는사람이 다 행복허잔❤,False,
@kmshin2356,준면누나 오늘 너무 예뻐요 😊  덱스 복스럽게 너무 잘먹네 ~  둘이 티키타카 너무 좋아 😊,False,
@unibit.,역쉬!! 밀었다가 당겼다가 매력 미쳤다 준면언냐 ㅋㅋ 오늘도 느꼈지만 일 잘하는 김덱스❤ 가는 곳마다 탐내는 일꾼,False,
@TIMELESS_CARDESIGN,"끄....끝이..... o..O ?<br>근디.. 난 준면누나 근황 참 궁금혔는디..좀 더 물어보지 🥲<br><a href=""https://www.youtube.com/watch?v=1AaXA5BfL-w&amp;t=453"">7:33</a> 너무 사랑스럽다 둘다ㅠ",False,
@가을-s7n,김장하느라 토크도 많이 못하고 정말 아쉽워요 ㅜ넘 잼있어서 집중하다보니 금방 끝나버렸네힝~😢,False,
@user-udotttjg,누나 저희도 부은 얼굴만 봐여 ㅋㅋㅋㅋㅋㅋㅋㅋ,False,
@홍길동-t2j6f,세미언산보는거같다ㅋㅋㅋ 분위기가 편안해서 진짜 언산같아😢,False,
@eye0101,덱스띠!! <br>저두 아~~한입만😅<br>울덱스씨   <br>둘째누나랑 좋은 시간..<br>맛난 김장김치로 보쌈 잘 먹는 모습 보기 넘 좋으네요❤,False,
@jree8098,멋지다 두분❤❤❤❤🎉,False,
@왕유리-s2f,사온거마다 다 센스없데 ㅋㅋ 근데 그러긴했어 ㅋ,False,
@goldfish2351,준면누나 모셔와서 분량을 이것밖에 못 뽑는다고?!!!?!! <br>라붐이 한 번도 안 나왔다고???!!!<br>고무장갑.마늘.쪽파....<br>오늘 제작진들 저녁 굶으세요,False,
@Koreannatic,"Great video. Dex is so charming and Nuna is very funny😂 Kimchi is not just a Korean food, it is a tradition. Making kimchi with friends and family reminds me of when families in Spain get together on holidays to make typical dishes and pastries. I love Korean culture. Thanks to Dex for showing us the soft side of it. ❤",False,
@딸기콩-v9f,넘 짧다요.<br>김장에만 집중하셨나.<br>이런저런 얘기하는거 더 보고싶은데..,False,
@연습용샤라-h7c,왐마~ 이번 편도 미쳤네 걍~~<br>김장거드는 남자 으뜬데? <br>앞으로의 이상형 픽스한다 김장남!!  <br>김덱스 진짜 매번 이러기있냐고~~쫌 살려주라고~~❤,False,
@덱짐,나두 먹구싶당😅,False,
@ajswl414,이야 그래도 덱스가 바리바리 역할을 하네 ㅎㅎㅎ,False,
@user-zx7sh9qq7t,첫째누나는 바쁘니까<br>둘째 셋째 누나랑 연말모임 해주세요!,False,
@jjoonie123,덱스 누나한테 애교 부리는거 넘 귀엽고<br>준면누나 덱스 이뻐서 일부러 툭툭 거리는거 넘 귀엽당~❤,False,
@blinfhkewr,❤❤,False,
@루이-s2x,준면언니 언산때보다 미모가 업그레이드 됬네     ㅎㅎ 두분케미가 😆😁,False,
@너어는진짜,"본격 김덱스 냉장고 채우기 컨텐츠 아니냐구용ㅎ,ㅎ~ 정아누나 식혜부터 준면누나 김치까지 언산 막둥이 너무너무 부럽당!@@ 파김치 받으면 꼭 자랑해주기에용 ~ 언산 식구라구 산지 직송 느낌으로 재료 준비하셨나 하나씩 꺼내는데 웃겨 죽는 줄 알았서용 오늘 편집 짱짱🫰♥︎🖤",False,
@blinfhkewr,Dex smile and dimple are so pretty,False,
@janekong4893,Dex was so comfortable with his second sister ☺️🫶❤️❤️❤️❤️,False,
@user-ororra,준면님 너무 사랑스러우심💗 김치 진짜 맛나보여 김덱스 부럽쟈나,False,
@Skfjaldnf,오늘 준면누나 왤케 예쁘세요??!! 언산2 빨리 보고 싶어요. 사랑스러운 준면누나❤,False,
@myyynames,"<a href=""https://www.youtube.com/watch?v=1AaXA5BfL-w&amp;t=66"">1:06</a> 시작하자말자 차단당하는거 개웃김ㅋㅋㅋㅋㅋ",False,
@특친소,아....진짜..너무 햇살같이 따사로운 관계성의 사람들.. 두분 모두 승승장구 해서 더더더더 행복하세요!!,False,
@xkekekr130,덱스가 준면누나 입 닦아줄때 라붐 브금이 나와야 하는데 ㅋㅋ,False,
@hambebe9,아니 김장 그냥도 힘든건데 준면언니한테 왜그래.... 이건 컨텐츠각을 뽑을라 그래도 흙파에 안깐마늘이라니..... 센스...😢,False,
@쿨하게-g5z,덱스랑 티키타카 안 맞는 상대가  있을까? 누구에게니  친근감 주는 덱스..짱이고  사랑스러운  준면님~♡♡♡<br>나두 이번주 김장하는데 걱정되네😮😅,False,
@구름-h6d-c6j,꺅 여기서 준면언니를 보다니~ 반가워요😊,False,
@olive_two,두분 케미 너무 조으다<br>김치 왤캐 맛있어보이냐,False,
@elle0321,흐엉 방송 끝나도 계속 나오는 언산 조합 나 사랑하네,False,
@yenn1460,박준면님 너무 좋음 ㅎㅎ,False,
@YunLertan,덱스는 정말 잘생기고 예의바른 사람이에요,False,
@Puzzle-p9q,왠지 2부가 있을것 같은데,False,
@hsunrise8999,"<a href=""https://www.youtube.com/watch?v=1AaXA5BfL-w&amp;t=38"">0:38</a> 김장 시작하기전 잘생긴 얼굴 봐주기 필수",False,
@폭스그잡채,"너무 너무 맛있겠다,, 🤤<br><a href=""https://www.youtube.com/watch?v=1AaXA5BfL-w&amp;t=438"">7:18</a> 저도 이런 덱스를 좋아해요,, 💜",False,
@o그래요o,"<a href=""https://www.youtube.com/watch?v=1AaXA5BfL-w&amp;t=113"">1:53</a> 장갑끼자마자 찢어버리기ㅋㅋㅋㅋ<br>와..김장김치에 막걸리수육 진짜 맛있어보여 아삭아삭 소리까지ㅠㅠㅠ츄르릅",False,
@user-yi1qm1gs8s,마성의 여인 박.준.면😊😊,False,
@lee_0901,나도 아~^○^ 하고 있다요~,False,
@라티-j6q,너무 짧다ㅠㅠ,False,
@koreawalkerhyun,꺅 언산이다~ 오늘 너무 좋으네~~,False,
@yss-g5b,김덱스 보려고 안산 봤다가 준면님 매력에 빠져 버렸습니다 연하남뿐 아니라 모두를 사로잡으셨다는,False,
@solji74,준면님 반가워요❤,False,
@김석-q3p,누나~소리부터 찐막둥이 모먼트,False,
@Addmin-dk1qb,사랑해요 덱스,False,
@Mhm-v7r,대애박ㅋㅋㅋㅋ둘째누나랑ㅋ 진짜 김치만 담그고 끝났네ㅋㅋㅋㅋㅋ<br>운동하면서 제대로 못봤는데 김장컨텐츠로 13분이라니~~ 13분이면 이제 양념만들고 앉아야겠구만ㅜㅜ 아숩어라 앉아서 조용히 김장도좀하고 소소하게 얘기도좀하고 중간중간 좀 뜯어먹기도하고 그래야되는거아닙니꺼ㅠ 우리누나 일케막 순식간에 보내버리네 아꿉어라,False,
@ZacharySteadfast,ㄹㅇ ㄱ글 에서 벳프리 보면 다른거 눈에도 안들어옴 그냥 다헬창시들보면도  되ㄱ니글까  에개서이 득임벳프 리ㅋㅋ ㅋ보ㅋ면ㅋ 근육 다빠진다며 ㅋㅋㅋㅋ,True,@Mhm-v7r
@지선-t3j,준면누나×덱수 너무 편하고 힐링❤ <br>김장김치에 수육 🤤👍<br>정아누나랑 은진누나도 <br>나오ㅏ주세요~~!❤,False,
@angelachang-m2q,무말랭이를 김장양념에 ~ 정말 굿아이디어👍 이번김장은 양념팍레시피로💪💪,False,
@AilinDERBA,Dex is so sweet with every noonas❤❤ I like his chemistry with Jungmyung nooona,False,
@hj_lalala,다 던져버리기ㅋㅋㅋㅋㅋㅋㅋㅋ,False,
@jhyannnn,미치게따 기획안 가지고 다시 찾아가겠댜😂😂😂 진심이야 ㅋㅋㅋㅋㅋㅋ,False,
@연수꿍,"<a href=""https://www.youtube.com/watch?v=1AaXA5BfL-w&amp;t=479"">7:59</a> ㅋㅋㅋㅋ원래 요리는 다~~눈대중 으로 엄마 주방에 있을 때 어깨 너머로 feel 받아야 되그등요🤩<br>김장 할 때 양념 한푸덱해서 먹는 김치가 젤로 맛있는데,,얼른 집가서 꼭!! 갓 지은 쌀밥에 김치 먹어야겠어용🤤",False,
@Asnot-o2e,"<a href=""https://www.youtube.com/watch?v=1AaXA5BfL-w&amp;t=52"">0:52</a> 왠지 브금 라붐이 나와야....아쉽다는..😢",False,
@koichterry,덱스 참 윗사람들이랑 잘 어울리능것 가틈..부럽!,False,
@user-rp3sb1cu9s,"아 어떡해😢우리 언산 가족 그리웠어요🙏🥺<br>아니 진짜 막냉이👶✨더 예뻐졌다<br>둘째 누나는 더 러블리해지셨어요💕<br>💪모두 근-강하세요🧄🥬🌶",False,
@AilinDERBA,I miss FOTS❤❤❤,False,
@Wednesday0714,준면누나랑 토크하는것도 더 보고싶은데 영상 짧아도 너무 짧아요 ㅠㅠ,False,
@WeeuUs,So lovely to see Dex bond with Noona ❤ they are best duo 😂😍,False,
@Nhgddfjjknb,이제 아이쇼핑할 때 정아누아랑만 조인하면 언산 누나들과 한번씩 컨텐츠 완성됨. 아이쇼핑 빨리 와라.,False,
@꾸밍-q8s,"덱스 이렇게 막대하는 사람 또 누가있을까...ㅋㅋㅋㅋㅋ 파 던져, 옷 던져, 고무장갑 던져...ㅋㅋㅋㅋㅋ너무 좋아😂😂",False,
@mumumu2326,어머어머 좋아하는 모든 것의 집합체네요! 덱스랑 준면누님이랑 방금한 김장김치에 수육이라니요ㅠㅠㅠㅠ 다이어트한다고 두부먹는데 눈물나네요ㅠㅠ 저 김치 한조각만...,False,
@킴딜레이,준면온니 손 너무 귀엽쟈나♡,False,
@ilvmyli_formycys,준면 배우님 너무 유쾌하시구 성격 진짜 좋으신듯ㅠㅜ 둘째누나 최고♡♡,False,
@MabelJoe-q9n,진짜 ㄱ글 에서 벳프리 에서 방송 하시던분 진짜 잼있어 ㄹ.ㅇ. .ㄱ 글다 시에보서고  벳싶프어리서  보가면보 자다 른거 눈에도 안들어옴 그냥,True,@ilvmyli_formycys
@jimi9922,와 너무잼나요~~ 너무빨리 끝나버려서 다시보고있네요ㅎㅎ,False,
@user-noonsaram,"<a href=""https://www.youtube.com/watch?v=1AaXA5BfL-w&amp;t=439"">7:19</a> 이 케미 못잃어……. 아기손과 긍정맨",False,
@동둥글-m8i,아기손과 긍정맨ㅋㅋㅋㅋㅋㅋㅋ,True,@user-noonsaram
@seulkeeexxxb,❤❤❤,False,
@한뜰402,마시게땅 마시게땅❤❤❤,False,
@gwangju.dayeon,먹여줄때마다 입따라가는거 기엽넹❤❤,False,
@jesica-h6g,넘 맛나보여 준면누나 덱스 챙겨줘서 고마워요❤️❤️❤️,False,
@가을이로군,덱스야 이거...하면<br>뚝딱해내는  덱스<br>칭찬하는준면 누나,False,
@쪼꼬우유love,두 분 다 성격이 시원시원하고 빨라서 2배속으로 본 것 같아욬ㅋㅋㅋㅋㅋㅋㅋㅋ,False,
@GloriousDwight,ㅋㅋㅋㅋㅋㅋ ㄱ글 에서 벳프리 모솨서 잼민이 발정났누?,True,@쪼꼬우유love
@rubiestaster,"<a href=""https://www.youtube.com/watch?v=1AaXA5BfL-w&amp;t=127"">2:07</a> 해달라매~ -_ ㅋㅋㅋㅋㅋ 덱쪽이 혼났대~~~요",False,
@user-pl8wy5p36m,"<a href=""https://www.youtube.com/watch?v=1AaXA5BfL-w&amp;t=707"">11:47</a> 누나 입닦아주기 기여운 둘째누나랑 듬직한 막냉이잖아요",False,
@hsunrise8999,너무 짧아요...토크 좀 더 줘........라붐 브금 한번은 넣을줄 센스가 부족혀..,False,
@eunjinizm,아씨 군침돌아... 🤤,False,
@Way-v6o,덱스와 준면님의 월동준비 제대로네<br>준면님 예쁘시구나,False,
@supermammm,よだれが止まらない,False,
@angmakg3898,"<a href=""https://www.youtube.com/watch?v=1AaXA5BfL-w&amp;t=549"">9:09</a> cannon rock kicks in",False,
@irenedivach,❤,False,
@KDDL96,우리 누나들 참 좋은사람이야,False,
@irenedivach,Dex loves his noona❤❤❤,False,
@etude24,김장김치 이렇게 빨리 담을 수 있는거였어여? ㅎㅎㅎ <br>준면누나랑 사담 나누는 거 더 보고싶었는디 토크가 감질맛 나네요 ㅋㅋㅋㅋㅋㅋ,False,
@PNDN-o1n,언산누나들 너무 보고싶당,False,
@SydexDex,Dex❤,False,
@coffee_jun259,덱스ㆍ주방센쓰와 가드~ 캬~~ 매력쩐당~<br>신랑점수🎉  백만점 드립니다~❤,False,
@뜰이-v7q,와 배고파 너무 맛있겠다 !!!!!!,False,
@sujin9886,❤❤❤❤,False,
@user-pl8wy5p36m,"<a href=""https://www.youtube.com/watch?v=1AaXA5BfL-w&amp;t=525"">8:45</a> 누나 뚜껑 못따니까 바로 가져가는 거 봐 스윗해😊",False,
@DarrelMelissa,ㄹㅇ ㄱ글 에서 벳프리 보면 다른거 눈에도 안들어옴 그냥 다시보면 되니까 개이득임 ㅋㅋㅋㅋ ?헬창들도 ㄱ글 에서,True,@user-pl8wy5p36m
@K세발,너무 서윗하신 덱스님!<br>어미새이신줄😁<br><br>두분 케미 너무 좋아요^^,False,
@rane5104,너무 짧다 ㅜㅡ 힝,False,
@HS-ri6sr,사투리 이거이거 순천가면 나오는건데 귀하다🎉🎉🎉🎉,False,
@Oreeoooo000,갑자기 사투리 뭐데? 개기여워,False,
@ValidaFewr,나는 그들의 티키 타카를 좋아해요,False,
@버뮤다삼각지대,양념박 준면누님 솜씨 제대로시다! 김덱스 부럽다. 저런 금손 누님 둬서. 남은 양념으로 야무지게 또 해먹었길 ㅎㅎㅎ,False,
@Wednesday0714,양념박씨의 명언:요리는 FEEL이다,False,
@autumnsalad,재료 준비하신 분들 요리 안 해 본 분들이구나 ㅋㅋㅋㅋㅋㅋㅋㅋ 통마늘 재래시장에서 사 오셨나 ㅋㅋㅋㅋㅋ 어쩌면 이 분들 분량 제조기이실지도….. 그래도 재밌으니 된 거 같네요😂😂😂,False,
@user-pl8wy5p36m,"<a href=""https://www.youtube.com/watch?v=1AaXA5BfL-w&amp;t=286"">4:46</a> 막걸리 수육이 머↗️대↘️  누나 엄청 편하구나 찐사투리 나오네ㅋㅋㅋㅋㅋㅋ",False,
@kjrt닌다,덱스가 왜 그렇게 잘생겼을까,False,
@gwangju.dayeon,"<a href=""https://www.youtube.com/watch?v=1AaXA5BfL-w&amp;t=454"">07:34</a> 마마~ㅋㅋㅋㅋ",False,
@cuuut-qr7kc,"나 준면웅니 사랑했네,, 얼굴만 봐도 좋아버려 김덱스도 너무 편해보이쟈나🥹",False,
@playedp1311,ㅋㅋ존웃ㅋㅋ,True,@cuuut-qr7kc
@김유주-f2j,맞아요 ㅜㅜㅜ 덱스님도 그렇고 이번 컨텐츠 보는 내내 넘 재밋고 힐링됏네요 ㅎㅎㅎ(오늘윤하신곡3곡나왔어요,True,@cuuut-qr7kc
@GloriousDwight,ㄹㅇ ㄱ글 에서 벳프리 보면 다른거 눈에도 안들어옴 그냥 다시보면 되니까 개이득임 ㅋㅋㅋㅋㅋ,True,@cuuut-qr7kc
@dd-00-x2t,둘째누나랑 너무 웃기다ㅋㅋㅋㅋ,False,
@samantaquien,Dex looks so fresh and handsome,False,
@TinaGwapo,"Dex and noona is so cuteee,, I&#39;m jealous to jungmyung noona😊 Dex treats her so well and sweet❤❤❤❤❤",False,
@m1li_sny,"<a href=""https://www.youtube.com/watch?v=1AaXA5BfL-w&amp;t=48"">0:48</a> 요때 라붐 한번 깔려줘야 된다궁..",False,
@가을이로군,그러취~~,True,@m1li_sny
@너어는진짜,"<a href=""https://www.youtube.com/watch?v=1AaXA5BfL-w&amp;t=210"">3:30</a> ㅇㅏ 준면웅니 미치겠다 ㅠㅋㅋㅋㅋㅋㅋㅋㅋㅋㅋㅋㅋㅋ할 말 다 하시는데 너무 귀엽구 사랑스ㄹㅓ♥︎ㅓ용♥︎,.♥︎♥︎♥︎♥︎♥︎",False,
@JanetFairfax,그놈의 ㄱ글 에서 벳프리 때문에 내거기 닳고 닳아서 없어지겠네,True,@너어는진짜
@DarrelMelissa,ㅋㅋㅋㅋㅋㅋ ㄱ글 에서 벳프리 모솨서 잼민이 발정났누,True,@너어는진짜
@냥뇽옹융,근데 제목 왜이리 성의 없음?  박준면씨 나오는거면 최소한 제목에  feat 쓰고 언산 준면누나  라고 적어두는게 정상인데  유튜브팀 센스가 부족함,False,
@ilvmyli_formycys,썸네일에 들어간 거 아니에요...?,True,@냥뇽옹융
@냥뇽옹융,@ilvmyli_formycys  사람들이 검색하거나 할때  제목 언급 잴 먼저보고 썸넬 보는데  썸넬 작은글씨 가지고 택도 없죠,True,@냥뇽옹융
@덱스월드,다시 언산 보는 기분이야 🥹🧑‍🧑‍🧒‍🧒,False,
@fixfanlove,이 조합 너무 좋다 ~ 덱스 너무 잘생겼어,False,
@amanrawataero2603,Loved the video.... 😊😊 love from🇮🇳🇮🇳 India,False,
@임또리13,진짜 목빠지게 기다렸다구❤,False,
@egs6834,와 벌써재밌다ㅋㅋㅋㅋ,False,
@MochaMochastarlight,DEXXXXXX <br>나는 한국어를 배우고 있는데 당신의 목소리와 억양으로 이야기하고 싶어요 하하,False,
@autumnsalad,본격 김장철 제철 직송 컨텐츠 재밌게 볼게요!!,False,
@autumnsalad,두 분 대화 티키타카만 봐도 언산 케미가 그대로 방송에 녹아있었다는 걸 알 수 있네요 ㅋㅋㅋ 게스트분들도 좋았지만 멤버 그 자체로 넘 오밀조밀 재밌었던 방송이었습니다. 언젠가 올 시즌2도 기대할게요! 그나저나 준면 배우님 손 넘 귀엽고… 화장곱게 하신 모습도 고우십니다❤,True,@autumnsalad
@yuna-1128,누나ㅇㅏ~~~~~~❤❤❤,False,
@ardette4937,dexeu yeogenee ☺️,False,
@ecmin11,떴다떴다 ㅅ😂,False,
@mrldmnfn697,❤❤❤,False,
@EunHyukgioppaLovehaemarryme,진짜 존잘이네...❤❤❤❤❤,False,
@gole8774,우와 준면누님이라니 우리 언산가좍ㅠㅠ 둘째누님 감격,False,
@WorldWideMusicNow,w,False,
@junho_jeju,덱스야 좋으다😅,False,
@조희아-g9w,우와!!!!😊,False,
@Z7_THV_DEX,김진영 Kim Jin Young 덱스 DEX! 💕,False,
@김지윤-c1u4p,1빠ㅏ,False,
@saseum2,덱스님 멀해도 서윗 하실까 ㅎㅎ<br>준면언니 미원+홍시 체크요!!🤭🤭,False,
