author,comment,is_reply,reply_to
@nonghyupchannel,"지금 현재 농협중앙회 인스타그램에서 &quot;농부왕미 증정 이벤트&quot;가 진행 중에 있습니다. 많은 참여와 관심 부탁드리며 앞으로의 농부왕도 많이 응원해주세요!! <br>이벤트 링크: <a href=""https://www.instagram.com/p/DCYgciQvsQR/"">https://www.instagram.com/p/DCYgciQvsQR/</a>",False,
@새초롬-s1n,sns 안하는 사람은 슬프네요 ㅠㅠ,True,@nonghyupchannel
@김영주-y4o,"1회부터 다 봤어요!!! 어쩜 그렇게 익숙한 쌀을 더 맛있게 보이게 하고 보석처럼 표현해서 더 특별하게 생각되게 하는지..<br>농사짓느라~~ 기안84님, 한태웅님, 이시언님, 기안84 후배님등등 고생하셨어요~~!!",True,@nonghyupchannel
@김영주-y4o,앞으로도 농부왕 응원합니다!,True,@nonghyupchannel
@남슈가,❤❤,True,@nonghyupchannel
@냥냥펀치-g3k,인스타그램 안해서 이벤트 참여 못 한다. 그냥 팔면 돈 내고 살텐데😢,True,@nonghyupchannel
@staywithme-c8l,이건 농부왕미 라고 하면 안돼요.<br>사실 태웅이가 다했지 영상 만든다고 조금 도와줬다고 농부왕미로 하면 <br>농부의 수고로움을 기만한다는 생각이 듭니다.<br>물론 그런 의도로 할 사람이 아니라는 건 알고 있지만,False,
@이영일-s1j,드라마보다 정다운영상  잘보고있어요 태웅 청년    화이팅임니다 ~^^😊,False,
@hongsiyoon5810,귀한 영상이다,False,
@PageWarrior,ㄱ글 에서 벳프리 이 ㅓㅇ도그그로놈놈 의의유 명 ㄱ했ㄱ글글음  에?에 서서   내벳벳프 프리듣리 보 때잡때문인에문 줄에 내 거알내았기거는 기데닳 고 닳 ㄷ고닳ㄷ 아?닳서아 서없 어없지어겠지네겠?네?,False,
@PageWarrior,ㄱ글 에서 벳프리 이 ㅓㅇ도그그로놈놈 의의유 명 ㄱ했ㄱ글글음  에?에 서서   내벳벳프 프리듣리 보 때잡때문인에문 줄에 내 거알내았기거는 기데닳 고 닳 ㄷ고닳ㄷ 아?닳서아 서없 어없지어겠지네겠?네?,False,
@PageWarrior,ㄱ글 에서 벳프리 이 ㅓㅇ도그그로놈놈 의의유 명 ㄱ했ㄱ글글음  에?에 서서   내벳벳프 프리듣리 보 때잡때문인에문 줄에 내 거알내았기거는 기데닳 고 닳 ㄷ고닳ㄷ 아?닳서아 서없 어없지어겠지네겠?네?,False,
@랄라-g4w,기안씨는 일을 진짜못하긴한다....ㅋㅋ;;  일안해봤어도 저정도론 안하겠어..,False,
@VanceDrucilla,ㄱ글 에서 벳프리 보느라 눈밑에까지 다크써클 들어옴 ... 진짜 근데이뻐서 눈을못떼겟다...,False,
@K-N901,기안씨가 텐트칠때도 생각없이 하더만..<br>역시 웹툰 빼고는 잘하는게 없네요.. <br>보는 나도 좀 짜증나네요.. ㅎㅎ,False,
@MangoSeo,좋은 컨텐츠 잘 봤습니다,False,
@youbabo-h6h,댓글관리도 안하는 유튜브채널 오죽할까.. 벳프리 이딴 사이트홍보하는거 그냥 내비둠?,False,
@kinderbaum2032,쌀 귀하다~~  감동했어요.,False,
@VanceDrucilla,ㄱ글 에서 벳프리 보느라 눈밑에까지 다크써클 들어옴 ... 진짜 근데이뻐서 눈을못떼겟다...?,True,@kinderbaum2032
@IngridThunder,이 댓글 보고 ㄱ글 에서 벳프리 보고있는 내 인생이 레전드네 씨밬ㅋㅋㅋㅋ?,False,
@appletree67168,이 농부왕 유투브 전체를 초등학생 중학생 들 교실에서 틀어줍니다 진짜 너무좋다,False,
@니제르-l4m,"<a href=""https://www.youtube.com/watch?v=1Xkec9aIsxs&amp;t=480"">8:00</a> 역시 기안84형님 옆에는 시언이형님이 계셔야됨 ㅋㅋㅋㅋ",False,
@판도라-n7o,우리기안님 여기서도 만나볼수있어 너무좋다❤,False,
@joyok6506,"농협님~~ 농부들에게 이자 꼬박꼬박 받아서 직원들 퇴직금, 저리대출로 자기 식구만 챙기지 말고 농부들에게도 환원시켜주시고 농업복지에 힘써 주십시오. 부탁드립니다.",False,
@JeongEupNH_Official,농협 유튜브의 기안 섭외는 정말 신의 한 수 입니다........부럽당 우리도 기안 ㅜㅜㅜㅜㅜㅜㅜㅜㅜㅜㅜㅜㅜㅜㅜㅜㅜㅜㅜㅜㅜㅜ,False,
@jju2love,와 이시언 일잘한다..,False,
@IIIIlIlIlIIl,한 가마에 80키로 아닌가요?.. 이게 동네마다 다른건가??,False,
@이길재-n5t,보고또봐도  너무좋아요 ❤,False,
@길잃은펭귄,고생하셨어요    빠짐없이 잼있게 봤어요^^,False,
@user-rv4em1vz7j,이런거나 공중파에서 해요. 이상한거나 하지말고.^^;<br>등급 일한 사람에겐 굳이 안나와도 될듯. 그리고 뭔 쌀농사 짓는것까지 시험성적표라 써있냐,False,
@HJ-ef8pf,직접 농사지으면 쌀이 진짜 보석같이 느껴질듯요 첫 농사성공 축하해요🎉,False,
@ty522045,재미있게 잘봤습니다^^ 귀한쌀 먹어보고싶네요 ㅋㅋㅋ,False,
@이길재-n5t,태웅 기안 너무자랑스러워요~**❤❤❤❤,False,
@눈물비-p6l,희민84 그동안 수고했어용🤭<br><br>25년 봄?여름 을 기약하며<br><br>태웅군 도 수고했네요^^,False,
@김희정-f1m,❤,False,
@rainrainrivers,역시 기안 억제기 이시언이 있어야 마음이 편~안,False,
@김소연-y2h7x,🎉🎉🎉<br>축하합니다 <br>2등급 ㅎㅎ<br>울아들 수능은 ….ㅋㅋㅋ<br><br>첫 수확 축하해요<br>고생많으셨어요^^,False,
@오직예수-x1k,"예수님 믿고 천국가세요~<br><br>&quot;주 예수를 믿으라 그리하면 너와 네 집이 구원을 받으리라&quot; <br>                                (사도행전 16장 31절)",False,
@yenhlee3059,고수도 초보부터 시작되는거니 3분도 많이 발전하면서 소소한 웃음과 감동을 주니 고맙습니다. 그동안 고생하셨고  긴 겨울 잘 보내시고 내년에 더 큰 웃음으로 만나요. 고생하여 수확한 귀한 농산물 값지게 사용하시고  늘 응원합니다.,False,
@outtopy,나 이거 살까봐,False,
@chk4462,귀한 쌀 만드시느라 고생들 많으셨어요,False,
@waniwani2001,귀한 쌀 기대되는 맛이예요,False,
@park.605,농사짓느라  모두 수고하셨어요<br>기안화이팅,False,
@AmandaStrong-c4e,ㅋㅋㅋㅋㅋㅋ ㄱ글 에서 벳프리 모솨서 잼민이 발정났ㅋ,False,
@DanielleJoseph-g8o,ㄱ글 에서 벳프리 이 ㅓㅇ도로 유명했음?  내 듣보잡인줄 알았는데 ㄷㄷㅋ,False,
@행운의주인공-u8s,꼴통84  ㅋ😅,False,
@임순례-z5u,태웅이 올한해 고생 많았네 다른해보다 너무 더워서 많이 힘들었을거 같아,False,
@한시십일분-m1u,난 사서먹구싶으니까 판매링크좀주라!!,False,
@행복드림-i2q,세분 수고 많으셨어요 <br>백미가 보석같다는 말 이해되네요,False,
@ssongway,ㅋㅋㅋ막걸리타령~~ 맛있게 됐음 좋겠네유~~~ 수확 축하해유~~~~🎉🎉🎉,False,
@CaretakerJillian-k4r,ㄹㅇ ㄱ글 에서 벳프리 보면 다른거 눈에도 안들어옴 그냥 다시보면 되니까 개이득임 ㅋㅋㅋㅋ ?,False,
@답장-w9c,숫자에 약한거 넘 웃겨ㅋㅋㅋ수고했어요,False,
@산들바람-k6v,너무 귀한 쌀이라 막거리 담그기도 아까워보여요😊,False,
@nike-training,내가 농협 유튜브를 보다니ㅋㅋ 재밌어🎉,False,
@AmandaStrong-c4e,이 댓글 보고 ㄱ글 에서 벳프리 보고있는 내 인생이 레전드네 씨밬ㅋㅋㅋㅋ,True,@nike-training
@지찬-v7n,3분다 고샹하셨습니다 도시남자 시언님 진짜 못하시는게 없네요 . . ㅎㅎ 기안84 시언 태웅님까지 팬되었습니다 멋지세요~,False,
@SunnyYun-o7h,태웅이랑 세계일주해도 재미있겠다😊,False,
@luv_yeonjeong,농부왕 내년에도 볼수있길🎉,False,
@jina_2se,땀흘린 쌀 나이드니 밥심 이더라구요 😊,False,
@정제니-c2s,시언 행님 천재~ 진짜 솥밭 금방 끓기때문에 자리 뜨면 안되는데 ㅎㅎㅎ지혜의 형님 ㅋㅋ시언 님 좋아요,False,
@신이루다-f2x,밥이 궁금 언제 볼수가 있을까요,False,
@user-stupid-big-father,니미랄 2등급이 잘 나온거다고 말한놈  웃기는 짬봉 새키다 ㅎㅎ,False,
@5월의여왕,한톨도 못버림,False,
@AJ-sr8lq,감동적이야 고생했다 얘들아~~,False,
@TimekeeperSupplanter,그놈의 ㄱ글 에서 벳프리 때문에 내거기 닳고 닳아서 없어지겠네,False,
@TaraElton,여기댓글 왜이럼 ㄷㄷ ㄱ글 에서 벳프리 도대체 머길래--ㅋ,False,
@jamesha3835,내년에도 쌀 농사부탁해요❤,False,
@SJ-wj3cm,기안84님 정말 고생하셨어요  대단,False,
@DanielleJoseph-g8o,그놈의 ㄱ글 에서 벳프리 댓글 ㅈ 나많네 그렇게죠 좋은가보지 보러갈까?ㅋ,True,@SJ-wj3cm
@believe-vv9tm,배추 결구가 아직,False,
@bradleykim7436,아니 썸네일 쌈디인 줄 알았네,False,
@believe-vv9tm,포장박스 ㅠ,False,
@believe-vv9tm,옛날 오리쌀 아시는분?ㅋ,False,
@believe-vv9tm,집에 쌀도 잘 보관하세요,False,
@believe-vv9tm,미강유,False,
@believe-vv9tm,정미소ㅋ,False,
@김선영-s8v,썸네일보고 기안84  아닌줄,False,
@셩션이-g5v,우왕 기안시언이다❤,False,
@deep_purple0902,인급동 축하!,False,
@차차림,너무 의미있다❤<br>직접 심고 직접 추수해서 직접 밥지어먹고!,False,
@yuzakim,ㅋㅋㅋㅋㅋㅋㅋ계속 농사하자유,False,
@youngandwise2595,사랑해요. 농협❤,False,
@그만할까,기안은 일을 저 따위로 하냐..기안 좋아하는데 저건 짜증나네😮,False,
@MountainJuno,헬창들도 ㄱ글 에서 벳프리 보면 근육 다빠진다며 ㅋㅋㅋㅋㅋㅋㅋㅋ 사실임? ㅋ,False,
@MaxineFletcher-s4h,ㄱ글 에서 벳프리 이 ㅓㅇ도로 유명했음?  내 듣보잡인줄 알았는데 ㄷㄷㅋ,False,
@AmandaLouis-y1j,ㄱ글 에서 벳프리 진짜 보다보면 빠져든다 라이브에 수위도좋고 외모도 좋고 삼박자 지렀으,False,
@JaneAnnabelle-w8x,ㄱ글 에서 벳프리 이 ㅓㅇ도로 유명했음?  내 듣보잡인줄 알았는데 ㄷㄷ,False,
@EbenezerSean,ㄹㅇ ㄱ글 에서 벳프리 보면 다른거 눈에도 안들어옴 그냥 다시보면 되니까 개이득임 ㅋㅋㅋㅋㅋ,False,
@적송-h7i,쌀밥에 김치가 요즘 너무 맛있어요,False,
@jins_table_,시언씨가 되게 섬세하고 꼼꼼하네요😊,False,
@josin3051,기안.시언.태웅 화이팅!❤❤❤,False,
@이영희-f7f4r,열심히 일하는 이런영상 힐링되고 좋다  셋의 모습 계속 보고싶어요  정규방송보다 백배 나아요 항상 세분 응원해요❤,False,
@오해숙-x3t,케미 좋다.<br>기대를 저버리지않는다,False,
@내밥상내맘대로,인생에서 ㅁ만 바꾸면 민생이고 운명에서 ㅁ만 바꾸면 문명이더라,False,
@jjk201,산수만  나오면. 세 얼간이~~^^,False,
@Heomiock,시언님 기안님 고생많으셨어요❤,False,
@최금봉-p1o,기안84님❤❤❤ 모심을때도 보았어요 뿌듯 하겠어요,False,
@홍차좋앙,넘 고생 하셨어요. 멋져요!! 저 쌀 어떻게 나올지 너무 궁금했는데 드뎌 나오네요. 힐링하면서 보고있어요. 쌀농사 짓는게 이렇게 재미있을 줄이야 ㅋㅋ 덕분에 밥 먹을때 마다 고맙게 생각하면서 맛나게 먹고있어요. 남기지 않고 다 먹고 있음!! ㅋㅋ,False,
@선미김-p8y,고생하셨어요...쌀  귀한거예요...많이 드셔야되요,False,
@퀀텀테크KR,새로운 방법 알려 주셔서 감사합니다💝💝,False,
@SunMinGroot,아가씨 왜 쌀 가지러 안 와요?,False,
@anio8885,농경 민족이라 외국인이  라이스 라고 하는거 참을수 없구.<br>벼  낟알  볍씨  밥 누룽지 현미  백미 등  상태에따라 부르는말이  천만가진대   그냥 라이스라니.  밥을 밥이라고 하란 말이지.,False,
@anio8885,농경 민족이라 외국인이  라이스 라고 하는거 참을수 없구.<br>벼  낟알  볍씨  밥 누룽지 현미  백미 등  상태에따라 부르는말이  천만가진대   그냥 라이스라니.  밥을 밥이라고 하란 말이지.,False,
@들꽃-u5n,진짜 좋은 체험 한것 같네요.<br>쌀밥했어 맛나게 먹어면 ㅋ<br>상품으로 나오니까 뿌듯 하겠어요.수고 했어요 😊,False,
@abdhegfpqmdliwe,사고싶당 ㅠ ㅠ,False,
@이명자-h2h,아하  쌀 뜸물에 쐬주 넣으면 막걸리?<br>시언님 띵! 한 생각. 박수 👏,False,
@이명자-h2h,"쌀 한알 한알이 감동 입니다. 기안, 태웅,시언님 수고 하셨어요. 밥맛이 최고 <br>안성쌀 짱 입니다.",False,
@user_dd9jv8om6q,첫회부터  농부왕미  탄생과정을 보니 농부의 수고로움과 곡식의 소중함을. 느끼는것 같아요 세분 모두 고생많으셨고 젊은농부 태웅님 언제나 응원합니다 ~,False,
@joe-hw3un,귀한 쌀이네요,False,
@youngjaejeon6637,자막 너무 웃겨요.,False,
@deokgikimrene4818,기안 님 뭔가 말씀 하시는게 싸한데 ?ㅎ 초심 !,False,
@ok_kikie5959,"드디어 결실을 보셨군요~ 세분다 점점 얼굴이 작아지시는것 같아요 ㅋㅋ 태웅님은 시언님과 기안님께 물들어 가는중~ 새옷을 입으시니 완전 핸섬하세요!! 막걸리와 솥밥 기원댄스~<a href=""UCkszU2WH9gy1mb0dV-11UJg/8gF1Xp_zK8jk8gSDrI2wCw""></a><a href=""UCkszU2WH9gy1mb0dV-11UJg/8gF1Xp_zK8jk8gSDrI2wCw""></a><a href=""UCkszU2WH9gy1mb0dV-11UJg/8gF1Xp_zK8jk8gSDrI2wCw""></a><a href=""UCkszU2WH9gy1mb0dV-11UJg/8gF1Xp_zK8jk8gSDrI2wCw""></a>~호잇!!",False,
@suyeonkim2172,현미는 제조공정이 더 짧은데 왜 더 비쌈??,False,
@hong4354,고생은 했지만 쌀나올때는 기쁘겠어요,False,
@ludwiglee2115,🎉🎉🎉🎉,False,
@Cooooooooing,넘 짧아😂 빨리 더 보고 싶어요,False,
@초-i1y,일머리는 이시언님! 기안84는 깨도 부릴 줄 모르고 이시언님 걱정거리...태웅씨 농민후계자 군복무 동안 영상 못 찍는다니 아쉽군요...😢,False,
@옥명아-k3d,2024년 한해동안 수고하셨어요<br>기안84랑 시언씨랑 태웅군도 케미가 좋네요 농협 기안미 꼭 먹어보고싶네요😊❤,False,
@atomfarmer4331,도정수율이 좋군요. 350키로정도가 나올건디!,False,
@seon-heekim437,밥솥도 없이 즉석밥만 먹고 사는 1인 가구인데요~쌀을 사고싶게 만드네요~^^,False,
@마일리지-i3s,감동스럽네요,False,
@날다-m1u,쌀의 소중함을 느끼며 그동안 잼있게 시청했어요<br>계속해서 다음 시리즈도 봤으면 좋겠어요!!!,False,
@ksgfim,이거 땅 고를 때부터 처음부터 다 봤는데 지난 번 수확하는거 보고 약간 울컥 ㅎㅎㅎ 농사일 할 거 너무 많고 정말 고생 많으셨어요. 저 요즘 쌀 안 남기고 밥 잘 먹고 있어요 ㅋㅋㅋㅋ  많이 웃는 연말 보내세요!,False,
@수금-x5v,농협 기안 최고~~,False,
@다시돌아갈래,시언님이 나오니 꽉차는군요ㅋ,False,
@saneganen,저는 태웅미 사서 먹고 있어요~  ㅋ,False,
@zzangEya,진짜 귀한쌀 이네야♡♡♡♡,False,
@이그냥-e3z,태웅아 건강히 군대잘다녀와   나두 올해부터 전업을 농사로 바꿧는데  정말  태웅 대단한거였어  화이팅,False,
@seayoung12,농부님들 한해고생하셨어요  쌀한톨이 소중하다는걸알았어요  씻을때나 먹을때 남기지말고,False,
@st_y9,기안이형 자기는 일해봤다는데 일하는거보면 일을 하나도못하는거같애.. 뭐하나 제대로하는게없어 ㅋㅋㅋㅋ,False,
@G-POR-jc4oh,올해 . 대배우님 고생했어요. <br>2등급 쌀 🍚 대단하시네요. <br>내년에 기대해요 ㅎ 😊,False,
@malsunjung4317,기안.태웅.시언<br>농부님들<br>고생하셨습니다 ~~👍,False,
@정찬호-r5w,모심을때가 엊그제 같은데 벌써 추수했네,False,
@k힐링-s4j,부모님께서 쌀농사 했을 땐 <br>쌀의 소중함을 몰랐습니다<br>성인이 되어 깨닫게 되더라구요<br>수확하는 시간까지 모두모두 고생하셨습니다👍👍,False,
@imacordilleran,English subtitles please,False,
@jaekim8421,이시언씨 일 잘하시겠는데요?<br>꼼꼼하신거 같네요.,False,
@희수김-b3y,마지막에 웃는게 너무 따스하다❤,False,
@김영주-y4o,성실한 기안84님~~ 👍👍,False,
@_dahe_3604,저두저쌀멉구시푸요❤🎉,False,
@알로알로-t5x,🤣김씨 계산안되는거봉깨 거 남일같지않고만 끙;;/🤣🤣🤣1+1=?/11/푸하하하하/가만잇어보자아 이시어이.저롷케 큰소리치는데 겉절이해서 맛없기만해봐 가만안도/😬🤣🤣,False,
@초록별빛-k8w,귀한 쌀 생산 축하합니다~🎉🎉🎉,False,
@jamesLee-px4ux,약 490kg,False,
@ruikei8895,"백미 가공하는데 거의 27%정도 로스나네요 ㄷㄷㄷ<br>산수,퀴즈문제 곁들여서 예능프로하면 괜찬을거같은데 ㅎㅎ<br>너무 재밌어요 ㅎㅎㅎㅎㅎㅎ",False,
@user-fl9vt8pu4t,못살아  포장하며   미챠  ㅋㅋㅋ  ㅎㅎㅎ,False,
@매렁-n1i,백세주가 백번 씻어 백세주라던데.. 하하하하하하하하하,False,
@고독한늑대-u4c,박스포장 개판으로 했네,False,
@삼호이령,시언님 없었으면 어쩔뻔 ㅋㅋㅋ  진짜 기안님 시언님 태웅군 진짜 고생했어요,False,
@포도당-z1g,잘보고갑니다 🎉🎉🎉🎉,False,
@김순희-c1g8t,감격 감격~,False,
@sungmiLee-rd1ff,너무 잼있는데ㅎㅎㅎ,False,
@alfsod84,😊😊😊😊😊,False,
@니캉내캉-v9f,감회가새롭겠네요!세분고생많으셨어요!! 유난히더웠던여름을지나 쌀을 내손으로 만져본다는게 감격스러울것같애 내가다 뿌듯히네요~~,False,
@TV-qg1hn,쌀은 이천이지 씨,False,
@김현우-d8c,기안 걍 박스 받쳐두고 나중에 한번에 정리하지 왜 일일히 주워 담고 있냐 ㅋㅋㅋ,False,
@김현우-d8c,아 현미에서 쌀눈을 없앤게 백미인 줄 알았는데 그게 아니라 그냥 한겹 더 벗긴게 백미군요,False,
@쿠쿠-d1b,어허 기안 ~~,False,
@sj_kim,좋아요~🎉,False,
@catvlog.,나이들수록 🍚 밥을 먹어야 힘이 나더라구요 밥심!! 이라는 말이 괜히 있는게 아니겠죠 ㅎㅎ 냄비밥에 겉절이에 막걸리 한잔! 담편도 기대됩니다 😊,False,
@새초롬-s1n,"<a href=""https://www.youtube.com/watch?v=1Xkec9aIsxs&amp;t=440"">7:20</a> 기안님 포장상태 어쩔ㅋㅋㅋ",False,
@boomkim4707,😅세분모두 고생하셨습니다,False,
@파란하늘좋아-z8g,❤❤❤❤❤❤,False,
@양승희-p5d,끝난다니 너무 아쉽네요😂,False,
@강병석-w7y,기안이가더홍보해주세여,False,
@Wynter-fx9bx,오늘꺼 재밌게 봤어여ㅋㅋㅋ 계산에 약한 두분ㅋㅋㅋ 막걸리도 맛있을듯!,False,
@크림-jd,태웅농부왕자 와 기안84님 항상 잘보고있습니다 <br>귀하고 맛난 햅쌀이 나왔군요 ~~,False,
@wms680,농협놈들 돈잘쓴다. 잘했다 잘했어,False,
@도엔지랜드,기안❤❤❤<br>결벽증 맞네😅😅😅,False,
@블루하늘-h9b,막걸리에 쌀이 많이 들어 가네요<br>태웅이는 농부로 군복무를 한다 들었는데 앞으로 보기 힘들겠어요<br>다음편 기대 ^^,False,
@tvminis3460,가마단위는80 키로에요......,False,
@서-d8j,시언님 너무 좋으다 … 중간에 도와주러 게스트 왔다가 마무리까지 함께해주는 의리 .. 갬동 두분 우정영원히 😊,False,
@JaneAnnabelle-w8x,ㄱ글 에서 벳프리 이 ㅓㅇ도로 유명했음?  내 듣보잡인줄 알았는데 ㄷㄷㅋ,True,@서-d8j
@AmandaLouis-y1j,진짜 ㄱ글 에서 벳프리 에서 방송 하시던분 진짜 잼있어 ... 다시보고 싶어서 가보자,True,@서-d8j
@TimekeeperSupplanter,ㄹㅇ ㄱ글 에서 벳프리 보면 다른거 눈에도 안들어옴 그냥 다시보면 되니까 개이득임 ㅋㅋㅋㅋㅋ,True,@서-d8j
@영상팔이소년,인도영하에 세 얼간이가 생각나는 영상이내,False,
@땅콩-x3j,임신해서 생쌀 정말 많이 먹었는데 햅 쌀 먹고싶다 진정으로~,False,
@sefvodo1733,태웅님 고생 많으셨어요 😂,False,
@성순홍,처음. 논다듭늘날부터보았는데 대단한 수학을 엊었네요축하해요❤❤❤,False,
@땅콩-x3j,1kg어떻게 파나요?ㅎㅎㅎㅎㅎㅎㅎ<br>태웅이 시언님 기안님 진짜고생했어요~쭈~~~~~~~~~~욱 봤거든요~~~,False,
@zerosugar-kw1ru,태웅님군대몸조심다녀오시고 기안님과좋은결실맺은영상보니좋네요 수고하셨어요😊,False,
@성순홍,기안 시언 태웅 세분이어서 기쁜날이오네요 네연에도 한번더❤❤❤,False,
@힛쏘-o7f,쎀ㅁ네일기안84너무 잘생기게나왓자나요,False,
@miyeonkwon354,밥 잘 됐는지는 왜안보여주남유?ㅠㅜ 밥맛평가까지 보여줘야쥬~~~~~,False,
@imm3334,항상 모든일에 감사 할 줄 알고 소중히 여길 줄 아는 기안84가 너무 좋다~❤ 이시언배우님 태웅군도 최곱니다^,False,
@꾸꾸미-w3q,와 고생하셨어요<br>귀하고 좋은 쌀이네요 <br>다들 감사하게 먹어요,False,
@겨울아-u1p,저 쌀 구매처는요?,False,
@그냥저냥-u5z,공부좀 하지 12.29 십이점이십구로 읽네,False,
@yoyang4023,아니!!! 농협 유튜브가 예능보다 더 재밌으면 어쩌자는거예욥!!!!!ㅋㅋㅋ완전 빵빵 웃었넹😂,False,
@MaxineFletcher-s4h,ㄱ글 에서 벳프리 보고 나면 다낵질 보충제 한사발 빨아야 한다는데 사실인가요?,True,@yoyang4023
@배연희-n7x,우와~기안84님 대단해요  항상 응원합니다,False,
@도엔지랜드,완전공감 😊,True,@배연희-n7x
@nonghyupchannel,"지금 현재 농협중앙회 인스타그램에서 &quot;농부왕미 증정 이벤트&quot;가 진행 중에 있습니다. 많은 참여와 관심 부탁드리며 앞으로의 농부왕도 많이 응원해주세요!! <br>이벤트 링크: <a href=""https://www.instagram.com/p/DCYgciQvsQR/"">https://www.instagram.com/p/DCYgciQvsQR/</a>",False,
@새초롬-s1n,sns 안하는 사람은 슬프네요 ㅠㅠ,True,@nonghyupchannel
@김영주-y4o,"1회부터 다 봤어요!!! 어쩜 그렇게 익숙한 쌀을 더 맛있게 보이게 하고 보석처럼 표현해서 더 특별하게 생각되게 하는지..<br>농사짓느라~~ 기안84님, 한태웅님, 이시언님, 기안84 후배님등등 고생하셨어요~~!!",True,@nonghyupchannel
@김영주-y4o,앞으로도 농부왕 응원합니다!,True,@nonghyupchannel
@남슈가,❤❤,True,@nonghyupchannel
@냥냥펀치-g3k,인스타그램 안해서 이벤트 참여 못 한다. 그냥 팔면 돈 내고 살텐데😢,True,@nonghyupchannel
@지안-f3m,기안님 시언님 넘넘 좋아요❤❤❤<br>태웅군은 넘 대견합니다❤❤❤,False,
@워뇽-v2b,진짜 콘텐츠 잘뽑았다 콘텐츠 기획자 감각있네,False,
@명혜이-h4u,"세 분,  올 한해 고생했어요~ 내년에도 해주세요.  또 보고싶어요~",False,
@yang-6447,고생많이 많으셨어요👍<br>귀한마음으로<br>감사합니다😊,False,
@user-to1rt9yq8r,정말 농부의 땀과 노력으로 이루어지는 쌀한톨!! 소중히~<br>기안님이 만드는 막걸리 맛보고 시프네요^^,False,
@juhelimjuhe,예전에 무한도전에서 쌀농사 프로젝트한 거 생각나는데~ 이제 기안84가 하네여,False,
@바람-s9u,참 따숩따❤❤❤,False,
@user-cm1ur2vq9h,드뎌 업로드라니 재미있게 봤어요😍😍😍😍,False,
@simya_sikdang,농부왕 미! 판매는 안하나요~~~?,False,
@바람-s9u,"저 쌀, 파나요?  사고 싶어요♡♡♡",False,
@riceatti5889,벼 자라는 내내  같이 힐링했습니다~  . 농협에서 좋은 컨텐츠 잘 만드셨네요.,False,
@TaraElton,ㄱ글 에서 벳프리 보고 나면 다낵질 보충제 한사발 빨아야 한다는데 사실인가요?,True,@riceatti5889
@아치양-r3t,우리 히민이 항상 어린이 같은 마음 변치 말아야 한다.,False,
@도엔지랜드,😊😊😊,True,@아치양-r3t
@amylee8080,"지켜본 우리도 이렇게 뿌듯한데, 얼마나 감회가 남다르실까! 고생하셨어요. 멋있어요. 고마운 마음으로 밥 먹을게요 ❤",False,
@솔분식,??? : 뚜껑 열어보면 어떡해요 완전 익히고 있었는데!!!,False,
@shlove6533,엠엘비  서울시리즈옷인거 같네  ㅋ,False,
@smilechoice,농부왕 쌀 구매하고싶은데  왜안팝니까??? 어디서사요?????,False,
@서주우유-q5f,기안84 농사 지으면서 농사 관련 웹툰 그려도 재미있을듯  각종 병충해들하고 싸우고 자연 재해 하고 싸우고 하면서 베틀물 처럼  농사에 이로운 동물 식물하고 편먹고 해충들 때려 잡으러 다니고 ㅋ,False,
@pd_5258,쌀이 이렇게 감동적일 줄이야~ㅎㅎ,False,
@Rubyred_bombom,다음엔 밭일왕 해서 자급자족 라이프 히면 좋겠어요. 이 세사람 케미가 넘 좋네용😊,False,
@이시원-q5m,비매품이면 저 쌀들 어떻게 되는건가요? 쌀담은 비니루랑 농부왕 기안84 스티커 붙은거 너무 예쁩니다 ㅠ,False,
@달에서떨어진토끼,우와 진짜 쌀이 되었네 ^^❤❤,False,
@은주최-d2q,농부왕~쌀전격출고~기안84님 태웅님 시언님 모두 고생많았어요~감동입니다,False,
@여잠분,수확의 기쁨 넘 축하드리고 고생 많으셨어요. 행복하세요,False,
@pcjune,"처음에는 태웅이가 곱셈을 못하는줄 알았지만, 태웅이는 도정후 무게가 줄것 까지 계산해서 350개라고 말한거였어... 대박..ㅋ",False,
@for복돌이,태웅이 군대 갔어요~<br>영농 후계자 대체 복무~ <br>방송 못 나온다네요.,True,@pcjune
@EbenezerSean,이 댓글 보고 ㄱ글 에서 벳프리 보고있는 내 인생이 레전드네 씨밬ㅋㅋㅋㅋ?,True,@pcjune
@JaneAnnabelle-w8x,이 댓글 보고 ㄱ글 에서 벳프리 보고있는 내 인생이 레전드네 씨밬ㅋㅋㅋㅋㅋ,True,@pcjune
@AmandaLouis-y1j,ㄹㅇ ㄱ글 에서 벳프리 보면 다른거 눈에도 안들어옴 그냥 다시보면 되니까 개이득임 ㅋㅋㅋㅋ,True,@pcjune
@MaxineFletcher-s4h,ㅋㅋㅋㅋㅋㅋ ㄱ글 에서 벳프리 모솨서 잼민이 발정났누,True,@pcjune
@스애-g9v,2등급이면 망한 농사..이것저것 떼고 나면 남는게 없겟네요 .. <br>고생 하셧습니다 내년엔 1등급 을 넘어서 특등급 받으시길 바랍니다,False,
@로즈마리-n2z,쌀한톨의 소중함을 느끼고<br>먹을만큼 담아서 밥풀하나 안남기고 다먹어요 ㅋ<br>1년동안  농사짓느라 수고많았어요,False,
@김광식-g5i,감개가무량이네😂,False,
@행님-u7p,희민형아 ....머리 이뿌다요,False,
@AM1_gundam,감동입니다🎉😂,False,
@조영이-i3v,태웅씨  기안84님 무더운여름에  땀흘려서 농사지은것  또   수화해  도정까지 함껫하니  뿌듯하네요  태웅씨~핫  팅,False,
@user-ic6kn8le9f,축하드려요^^🎉🎉🎉,False,
@Mz.0319,기안씨 다음편도 기대할께요. 시언이형 태웅아 고생했어요.,False,
@모소영-d7h,볼때마다 마음이 편안해요.영상 잘보고 갑니다.감사합니다.,False,
@Egunmyface,기안이 기르고 시언형님의 지문이 남겨진 쌀이라니.. 귀하군요.<br>전우주 리미티드 480개 무친무친..,False,
@이상전-u5x,그동안 시청해 주셔서 감사합니다 그리고 세분들 고생일 많았고 수고하셨습니다 😊🎉🎉🎉,False,
@정미최-t2m,세분 넘 고생하셨습니다,False,
@Jeong-eun,끓으면 불껐다 한판후에 뜸들여 먹어,False,
@choiminmoochoi6702,1년 동안 고생 하셨습니다👏👏농부분들의 노고를 보고 느낄 수 있었던 유익한 콘텐츠 였습니다❤앞으로 더 많은 분들에게 더 많은 사랑 받으시면서 언제나 승승장구 꽃길만을 걸어 가시기를 열렬히 응원 하겠습니다!!화이팅!!,False,
@미미짱-h1o,1년동안  애쓰셨습니다  기안님  태웅군 시언님~여러분들 덕분에 이소중한  쌀이나왔내요~보는것만으로도  뿌듯합니다♡♡,False,
@Jeong-eun,겉절이네 파 안넣어,False,
@후리지아-p6n,세 사람 고생한 보람있네. 그 뜨겁고 더웠던 올여름 수고들 많았고 나는 즐거웠고 기안 84 늘 응원해,False,
@가을-u3x5d,막걸리 다음편 빨리 내놔라 ~!!!!!,False,
@bg1eme9rald,내 눈엔 애기 같은  귀여운 태웅이 !!! 참 진국이야  !!!! ㅡ기안아 시언아 열심히 혀 봐 !!!!!,False,
@이성민-b7v,태웅이와 기안과 넘 고생했어요.<br>기안84 다시 보게 되었네요.<br>3분의 캐미가 넘 좋아요😊😊,False,
@정자우-b8e,농사짓는  농민분들  한해동안 수고했습니다  ❤   밥먹을때 마다  농민여러분  애써주시노고에  감사하면서  밥을 먹어야겠다고  생각되는 시간이 될것같아요 ❤ 농민여러분을 응원합니다 ❤,False,
@Jeong-eun,자막 다는 인간 긴찹이애 희노가 아니고 희로 로 쓰네,False,
@thomasdowning3428,이시언님랑 케미가 넘좋으셔요 ㅎ두분항상응원합니다❤,False,
@브릿지-t4l,이것만 기다렸습니다,False,
@김윤정-n3s,그동안 고생하셨어요 쌀농사 짓는 일이 힘든 일인데~~큰아버지도 농사를 지으셨서 쉬운일은 없다구 생각해요 고생했고 수확도 축하해요,False,
@남주이-s8t,저도 어릴때 부모님 도와서 목판 만들고 했던  기억이 벼농사보면서 다시금 생각이났습니다 수고많이 했어요,False,
@youngsu6226,너무 좋으네요.잔잔한 감동입니다😊😊😊,False,
@51percent-t6u,이거 찍은 피디님 방송 잘만드시네 공중파 뺨때리는듯,False,
@ncgsmb,공중파 PD가 유튜브로 온거니께,True,@51percent-t6u
@user-rv4em1vz7j,이걸 태웅님 있을때 공중파로 만들었으면.  아니면 이런걸로 그냥 공중파 만들어도 돼요. 요즘 이상한 방송에 비할수도 없이 넘 좋은 방송 같아요.,True,@51percent-t6u
@횰짱,다시한번 새롭게 알게된 사실 <br>쌀 한톨도 남기지 말고 감사히 소중히 다 먹자!!!<br>농사 영상 보면서 힐링 했어요<br>수고 많으셨어요^^,False,
@최영자-h7h,함께 해요.......<br>신전 세워 나라 💙사랑성지 순례<br>후원 계좌 10.000원 부터<br>인천 순복음 교회 주인 최 영자 원장 목사<br>1002-633-269825<br>우리 은행<br>후원 부탁 해요😀,False,
@race9797,기안84님 ❤❤❤❤❤화이팅입니다 🎉🎉🎉🎉🎉고생하셨어요❤❤❤❤❤,False,
@김성철-y3l,고생많이 하셨습니다,False,
@b.b9623,세분 너무 고생하셨어요<br>농사가 이렇게 감동적인 일인걸 알게되었네요,False,
@김현아-c4h1h,"1년동안 수고많으셨습니다.겨울엔 편히 쉬시고,행복한 겨울 보내세요",False,
@ntyg9056,다 끝난줄알았다며~영상 올라와서 기뻐요 막걸리영상도 빨리 올려주세요!😊,False,
@기쁜달덩이,시언님 가만보면 못 하는게 없어~,False,
@체리-r2e2s,다이어트    당뇨  탄수화물 줄이라고 하는대  ㅁ머리아파요 맛잇는 쌀 못 먹는맘,True,@기쁜달덩이
@행복하자-w6n,"기안84 님, 수고하셨습니다 😊",False,
@minjeoi,더디어 나오는구나,False,
@anda3136,농부왕 ~,False,
@해피니스-m3x,흰쌀이 만들어지는 과정이 신기하기도 하구 수고 많으셨어용❤,False,
@김민경-j5r,좋은일 이네요,False,
@서은숙-r5u,고생많이 하셨어요.🎉🎉,False,
@taehyunsung3963,고생했어요.,False,
@도엔지랜드,기안❤❤❤<br>넘 멋지고 귀엽다 😊😊,False,
@도엔지랜드,올해에도 <br>대상이다 🏆 🏆 🏆,False,
@도엔지랜드,보고싶어요 ❤,False,
@도엔지랜드,기안❤❤,False,
@윤정숙-j5u,드디어올라왔네  많이기다려어요  기안84   보고싶었어요  그동안  고생많이했어요  정말뿌듯하겠다,False,
@도엔지랜드,완전공감 ❤,True,@윤정숙-j5u
@nanakim888,고생하셨어요 과정을 보니 신기하네요,False,
@katekim3133,기안님 태웅님 그리고 시언님까지 수고 많으셨어요!,False,
@naong-idaong,"<a href=""https://www.youtube.com/watch?v=1Xkec9aIsxs&amp;t=235"">3:55</a> 농부왕 기안의  그동안 노력 희로애락이 담긴 농부왕 미",False,
@shaoqkdd,기안84님  그동안 고생 하셨는데 수고한 보람을 느끼게 해주는 영상네요.모든 과정들을 지켜본 시청자들에게도 감동 일 겁니다.🎉🎉🎉🎉🎉🎉🎉🎉🎉🎉🎉🎉🎉🎉,False,
@도엔지랜드,완전공감 😊😊,True,@shaoqkdd
@kso220,귀한 기안 미 사고 싶습니돠~~😡,False,
@여름향기-u4s,동영상은 잘 보고 있습니다만...그래서 어떻게 살 수 있나요? 빨리 알려주세요..!!1,False,
@사천반디,"수고하셨어요,기안84님❤❤❤❤❤",False,
@도엔지랜드,저두요 😊😊,True,@사천반디
@강명희-t2w,고생 많으셨습니다 ~❤❤❤❤❤,False,
@UHusband,기안84가 이 콘텐츠를 하면서 가장 큰 보람을 느꼈겠군요!😀,False,
@유튜브조항,귀한 쌀이네요 ㅎㅎ 저희 남편도 진도에서 농사짓는데 얼마나 고생하는지 아니까 밥먹을때마다 감사한마음으로 먹는답니다ㅎㅎㅎ😊 기안84님 덕분에 사람들이 밥 많이 먹으면 좋겠네요~~ ㅎㅎ 감사합니다🥰,False,
@김서은-k1l,ㅎㅎㅎ 농사짓는 분들 덕분에 저희가 밥을 먹을 수 잇는거죠!!! 항상 감사드립니당(오늘윤하신곡3곡나왔어요,True,@유튜브조항
@AmandaStrong-c4e,ㄱ글 에서 벳프리 이 ㅓㅇ도로 유명했음?  내 듣보잡인줄 알았는데 ㄷㄷ,True,@유튜브조항
@열운모드,오 7분전에 올린 영상!<br><br>태웅군 진짜 대단해유~ 초심 잃지않도록 응원할게요 넘 멋져요~♡<br><br><br>기안님 태웅군과 오래도록 친형같은 인연이 되어주심 좋겠네요~<br><br>어린나이에 방송에서 많은 사람 만나며 알게모르게 상처 받은일도 있을듯해서요~ <br>기안님의 찐마음이라면 힘 얻을 수 있을것같네요~<br><br>두 분 모두 화이팅입니다! 시언님도 화이팅!<br><br>좋은 컨텐츠 제작해주신 농협도 감사~<br><br>세상 모든 농부님들도 감사입니다🙏,False,
@SyChoi_Happy,고생들하셨네요. 결과물이 나오니 뿌듯하죠. 쌀은 비매품이예요? 구입할수 있는 방법 없나요? 하늘버금이 다 거기 쌀은 아니죠? 그 지역 쌀 이름인가요?,False,
@지구별여행자-n8c,👏👏👏,False,
@TV-qr7ut,대단합니다~^^으뜸입니다<br>밥해서 맛보고싶네요😂<br>건강하세요~~응원합니다,False,
@드리미-l2h,기안님 축하드려요. 늘 건강하고 행복하길 바랄게요!,False,
@도엔지랜드,❤❤,True,@드리미-l2h
@believe-vv9tm,기안84님 다음주 나혼산<br>마라톤 영상 본방사수!!!어제 1부 스튜디오 안나오심ㅠ,True,@드리미-l2h
@도엔지랜드,기안❤️❤️<br>다음주 마라톤 영상<br>나오니 꼭 본방사수 <br>할게요.<br>올해에도 대상은 <br>기안뿐이지요 <br>🏆🏆🏆🏆<br>무조건 기안이쥐<br>👏🏻👏🏻👏🏻👏🏻👏🏻,True,@드리미-l2h
@미향이-u3t,우와 기안님 축하드려요!!,False,
@도엔지랜드,❤❤❤,True,@미향이-u3t
@doong_fa,영상 감사합니다,False,
@EunsangJo,기안미라니!!!!!,False,
