author,comment,is_reply,reply_to
@경주김-o5v,동치미 담근지 일주일정도 되었는데 삭힌고추가 너무 매웠는지 너무맵고ㆍ짜요ㅠ 고칠방법이 있을까요?,False,
@momstaste,삭힌고추를 건저네고 물을 좀더 넣어주세요,True,@경주김-o5v
@사랑오목,방금담았어요.맛있었음좋겠네요.감사합니다~,False,
@liberty85311,해보니 맛있게 잘 됩니다 . 비법 가르쳐주셔서 감사합니다 . 건강하고 행복한 날 되시길 바랍니다 .....,False,
@정연자-r4q,감사합니다,False,
@이주아-j5g,천수무한단으로 바로담가야겠어요<br>귀한레시피 감사합니다^,False,
@eunjoopark1033,동차미 담그는법 상세히 설명해주셔서 감사합니다.^^,False,
@나리김-j3n,사과를넣으면어떻게되나요?,False,
@momstaste,사과에는 산 성분이 있어 신맛이 날수 있으니 배를 갈아서 넣어주시거나 배음료를 사용 하시면 됩니다😁,True,@나리김-j3n
@박미혜-h9m,쌤 레시피보고 만들어야겠어요<br>김장전에 먹어보게요<br>감사드려요~♡~,False,
@김미숙-y1x9k,올해는 동치미 안 담으려 했는데<br>선생님 영상보고 <br>넘 먹고싶어 낼 당장 담그야 겠어요<br>항상 감사합니당~^^♡,False,
@별님-m4c,감사합니다,False,
@kyeongsuklee8585,무우6개는 몇키로쯤될까요?,False,
@momstaste,무의 크기마다 차이가 있습니다만 1개당 500g~1KG 정도이니 가늠 해보시길 바랍니다😅,True,@kyeongsuklee8585
@kyeongsuklee8585,감사합니다~^^,True,@kyeongsuklee8585
@ctbt-u5s,고맙습니다 🎉,False,
@코스모스-x1d,김치처럼 오랫동안 보관 가능한가요?,False,
@momstaste,네😁 보관만 잘해주시면 됩니다!,True,@코스모스-x1d
@루비-k4y,청양고추 넣으면 아기들은 못먹습니다 제발 청양고추는 넣지마세요,False,
@건순송,감사해요,False,
@김주희-g4d,안녕하세요😊<br>레시피대로 동치미 담갔는데...<br>국물이  걸~~쭉한거 왜일까요?<br>캔배즙작은거 2개 넣어서 그럴까요? ?,False,
@momstaste,에구 배음료도 1개면 충분 하셨을텐데..설탕류는 넣지 않으셨나요?<br>설탕류가 들어가면 국물이 걸쭉해 진답니다😥,True,@김주희-g4d
@황옥순-t3p,도전해 보겠습니다~레시피   감사합니다^^,False,
@김갑용-n7m,감사합니다,False,
@인우이-t8k,고맙고 감사합니다,False,
@dayayay7,잘라서담은동치미  국물은익어서시원하고 맛있는데 무가안익었어요 무는어떻게익히나요? 김치냉장고 에서익을까요 ?,False,
@dayayay7,영상보고 잘따라담갔네요 일단국물은시원하고맛있는데 무가 아직안익어서 고민이네요  무가익으려면어찌하나요 냉장고에안넣으면국물이넘익을것같은데 알려주세요,False,
@momstaste,국물이 익었으면 바로 냉장 보관 해주세요! 무는 냉장 보관으로 일주일에서 열흘정도 두시면 맛이 들거예요😁,True,@dayayay7
@썰한잔_24H,"공유해서 여러군데 올려야겠습니다. <br>감사합니다 !!",False,
@momstaste,감사합니다! 좋은 밤 되세요😁,True,@썰한잔_24H
@박금숙-j6j,낼 당장 만들어야겟어요 감사해요,False,
@Maria-k1x7o,일반 다발무로 담아도 될까요?,False,
@momstaste,네 그럼요😁,True,@Maria-k1x7o
@이숙여-j5d,요리사님잘배웠습니다,False,
@임성숙-f2f,멸치액젓을 안넣으면<br>맛이 덜할까요?,False,
@momstaste,다른 액젓 사용하셔도 됩니다😁,True,@임성숙-f2f
@임성숙-f2f,선생님 감사합니다<br>늘 건강하세요,True,@임성숙-f2f
@user-cg7lg3jc3n,달면 싱거운거에요 소금을조금 넣으세요,False,
@민아-l6l5g,늘 참고로 보니깐요 든든합니다 감사합니다 😊,False,
@밝은미소-o6u,믹서기에 갈지말고 휴롬에 짜면 좋겠내요,False,
@최정희-r9z,"ㅇ?<br><br><br><br><br><br><br><br>.<br>,<br>.<br>,<br>.<br>?.<br><br>,<br>!<br>,<br>.<br>.ㅡ<br>ㅈ<br>.<br>?.ㅈㅈ9쯔9즞<br>ㅡㅡ쯔츠ㅡ즞<br>ㅡㅈ<br>츠ㅡ즈<br>ㅈㅇ.<br><a href=""https://www.youtube.com/watch?v=3Vf6jzXcxMw&amp;t=83"">1:23</a>",False,
@정성순-s6l,최고  짱😊,False,
@snowball-21-h5z,선생님 레시피대로 오늘 동치미 담아요 최고에요❤,False,
@이명자-o4q,너무좋아요~쉽게할수있서서~~,False,
@사랑이너무깊었나-q9z,너무너무 시원한 동치미 최고예요 ❤❤❤❤,False,
@SUNKIM-w3z,레시피대로 했는데 달아요 어뜨케 살릴수 있을가요,False,
@momstaste,동치미 국물 덜어내신 다음 물을 부으시고 소금이나 액젓으로 간을 다시 맞춰주세요😁,True,@SUNKIM-w3z
@인생은지금부터벨델맘,좋아요 먼저누르고 풀시청후 인연의손 잡고갑니다 <br>좋은채널 좋은정보 공유해주셔서 감사합니다,False,
@숙자이-f9o,왜 두번일 할까요 통에 바로 달아주세요 ㅡ,False,
@알콩달콩-z6p,안녕하세요 ^^<br>영상보고 담궈 놨는데요ㅡ 실온에 둔지 3일째 됐어요~<br>오늘 아침에  보니  국물이 뽀글 올라왔고  무는 먹어보니  덜익어 매운맛이 납니다ᆢ 그래서 김치 냉장고 언제 두어야 할지 여쭤 봅니다~,False,
@momstaste,요즘 낮에는 기온이 따뜻해서 일주일정도는 두셔야 할것 같습니다😅,True,@알콩달콩-z6p
@알콩달콩-z6p,쉽고 빠르게 따라할수있는  영상 감사합니다 ^^<br>빠른답변 고맙습니다 ~♡♡,True,@알콩달콩-z6p
@momstaste,추가로 일단 국물 맛을 보시고 맛이 들었다 느껴지시면 일단 냉장보관 해주신 후 <br>7일~10일 정도 뒤에 드시면 무 매운맛도 안나고 맛있을거예요😅,True,@알콩달콩-z6p
@알콩달콩-z6p,@@momstaste 국물 맛은 들었어요~감사합니다 ^^,True,@알콩달콩-z6p
@강경희-i9z,눌림돌은안눌러도데나요?,False,
@석란남,한식의 대가 이십니다 ~~~~ 모든 음식을 거의  엄마의 손맛 선생님 따라 해 보았습니다 감사드립니다,False,
@최장-i9n,네,False,
@오순여-y1m,잘보고 갑니다 . 감사합니다 . 건강하시고 행복하세요.😊,False,
@ysryu3697,엄마의 손맛<br>최고입니다<br>너무나 쉽게 설명도<br>잘해주시구<br>맛있겠다 엄마의 손맛그대로,False,
@hanun114,"와, 보기만 해도 시원합니다.",False,
@팔-n4n,엄마에손맛최고최고꼭해봐야게습니다,False,
@최경순-c8w,잘보고  갑니다<br>감사 합니다 ❤❤,False,
@집-y9x,동치미를 잘 가르쳐  주셔서 감사합니다,False,
@염창예,잎파리는<br>안절여요,False,
@염창예,쌤!  싱겁지  않을까요?,False,
@momstaste,안 싱겁고 맛있어요😁<br>간을 보시고 싱겁다면 액젓을 추가 해주세요!,True,@염창예
@SUSANNA0227,👍 👍 👍 <br>👏 👏 👏,False,
@깅상은,동치미 저도 똑갓이답그려고요 고마워,False,
@정희천-u5p,감사합니다<br>올겨울 동치미. 맞있게해서 먹겠습니다 ❤,False,
@HH-cy6wq,시원하고 맛있겠다<br>올해는 알려주신 방법으로<br>만들어볼께요<br>감사합니다~~,False,
@user-agent02,동치미 낼 담구려고 합니다<br>너무 맛있게 보여요<br>감사합니다,False,
@드리미-l2h,동치미도 맛있어 보이네요. 보다 쉽고 편하게 담는 꿀팁을 만나 좋은데요. 빨리 만들어 먹고 싶어요!,False,
@이화자-k5s,동치미맛잏게담는법가러켜주셔서감사합니다!!!👍👍👍💕,False,
@오향숙-j2v,"작년에도 보고  배워서,동치미  숙성 되면 살짝 거품이 뽀골뽀골 너무 맛있게 잘먹었어요.<br>오늘도 영상 잘보고 갑니다~^^😊",False,
@김사부-q4s,와 이 분 대박이네 인기영상 2개 ㄷㄷ,False,
@eunjucheung7786,정제수요?? 동치미를 정제수로 담아야하나요???<br>생수도 넣고 정제수도 넣고 그러는건가요??<br>중간에 정제수로 4리터라하고 나중에 국물을 더 원하면 생수를 추가하라던데....<br>그 두가지를 넣어야하는건가요??<br>좀 이해가 안되서,False,
@momstaste,물은 취향것 사용하시면 됩니다 <br>생수 나 정수기 물 또는 수돗물 도 되세요 맛있게 만들어 드세요,True,@eunjucheung7786
@태혁박-x9m,동치미맛있겠어요<br>저도사다담궈야겠어요<br>감사합니다<br>건강하시구요😊,False,
@김순남-n5s,구독❤,False,
@유미-m6h,동치미  올겨울에는   선생님레시피대로   꼭해봐야겠네요  감사합니다😊,False,
@양수명-i8u,레시피 참고<br>동치미 도전 용기주시네요~~♡,False,
@양수명-i8u,입맛 잃은 시어머니<br>담아 준 동치미로<br>먹는 낙을 찾으셨대요<br>감사합니다 ~~♡,True,@양수명-i8u
@inja310,올해는 동치미좀 만들어 봐야겠네요.<br>레시피를 보니 만들기 쉬울것같아서요.<br>매번해도 맛이 별로라 언제부터인가 <br>만들기 싫드라구요.<br>오늘 만드시는걸 보니 맛날것 같아요.<br>잘보고갑니다.<br>감사합니다.,False,
@이윤월-j4d,쉽게 담그는  방법 잘배웠습니다~~항상 건강하세요~~♡♡♡,False,
@광영김-d7w,짜짜.짜라짜짜.음악조코 .세상에 저런 시원한   동치미도 있어군요   잘배워읍니다 😊,False,
@주창순-i5b,엄마님 영상은 너무도 좋아요 응원할게요,False,
@한나-h1k,삭힌고추 없으면 어떻게해요?,False,
@momstaste,@@한나-h1k 청양고추 만 넣고 하시든지 마트에서 삭힌고추를 사다 넣어주세요,True,@한나-h1k
@한나-h1k,@momstaste  네 감사합니다  늘 수고많으십니다,True,@한나-h1k
@jnk2135,안넣어도 됩니다.<br>파란 청양이 소금물에 저절로<br>삭혀집니다,True,@한나-h1k
@박경숙-k5y9z,선생님 동치미 국물색이 누런색으로 되었는데 ...<br>다 익어서 먹을때도 누런색으로  되나요 ?,False,
@momstaste,@@박경숙-k5y9z 숙성이 되면 그레요,True,@박경숙-k5y9z
@목단꽃-k2t,소금무우 생강마늘 물4리터 배 양파 삭힌고 추 청양 청홍고추 쪽파 대파 갓 매실청 멸치액젓 신화당,False,
@김혜순-i4b,가르침  잘 배우고 갑니다. 감사합니다 😊,False,
@이미숙-s2d,해보고 싶게 하는 매력이 있습니다.<br><br>고맙습니다,True,@김혜순-i4b
@방구뀌다똥싼놈-2,동치미를 뚜겅없이담그나요?,False,
@손옥자-b1u,동치미담그는영상 잘보고 겁니다<br>시원하니. 맛있겠어요<br>감사합니다~❤❤❤❤❤,False,
@해바라기-z8k,선생님  감사합니다 😊<br>삭힌고추 주문했어요,False,
@김숙-b5m,늘감사합니다 선생님 <br> 만들어볼께요 ^^*,False,
@심재석-p1o,선생님  안녕하세요 김장,False,
@김용구-w5g3e,동치미 맛있어 보입니다,False,
@미소맘-z8k,왕초보도 쉽게 할수있게 알려주시는 엄마의손맛 최고로 좋아요 늘 존경합니다~😊,False,
@정연자-r4q,항상감사합니다,False,
@lgtv029,"<a href=""UCkszU2WH9gy1mb0dV-11UJg/KsIfY6LzFoLM6AKanYDQAg""></a><a href=""UCkszU2WH9gy1mb0dV-11UJg/KsIfY6LzFoLM6AKanYDQAg""></a><a href=""UCkszU2WH9gy1mb0dV-11UJg/KsIfY6LzFoLM6AKanYDQAg""></a>",False,
@성난짱돌,절임고추 없으면 어떻해요 ᆢ,False,
@momstaste,동치미에는 삭힌고추가 들어가야 맛있어요! 요즘은 마트나 온라인에도 판매를 하고 있으니 참고 해주세요😁,True,@성난짱돌
@김진경-e5z,와  금방 먹을 수있는 동치미 레시피 감사함다 😊,True,@성난짱돌
@랑-l3p,공유해서 여러군데 올려야겠습니다. <br>감사합니다 ❤.,False,
@momstaste,감사합니다 좋은 하루 보내세요😁,True,@랑-l3p
@이미경-p9f,작년에<br>절임배추순아액젖으로<br>김장잘했습니다!<br>올해는공동구매안하시나요?ㅎ<br>새우젖도주문했습니다^^,False,
@momstaste,절임배추와 액젓 공동구매는<br>14일 시작합니다😁<br>새우젓 공구 참여 감사드려요!<br>좋은 하루 보내세요!,True,@이미경-p9f
@평온-t2h,@@momstaste 액젖 기다리고 있습니다..아 새우젓도 했었나요? ㅜㅜ,True,@이미경-p9f
@산호-z8y,동치미 올려주셔서 너무 감사합니다,False,
@워니데이-u1x,동치미 맛있어 보여요^^영상 잘 보고 갑니다,False,
@사딸라-w8y,동치미 레시피 잘 배워갑니다😊,False,
@LIBRA-s5s,👍 동치미 영상 잘 보고 갑니다 <br>좋은 하루 보내세요 🫰🙈,False,
@잭더리펴-k4b3y,엄마의손맛님    남편   할머니  할아버지 아들 딸  제일 좋아하는 음식  입니다   소중히동치미레시피 감사합니다   엄마의손맛님 몸 관리 잘하시고요  가을바람 살짝 부네요  엄마의손맛님 가족들도 항상 모두 건강하시고요  즐거운  목요일 보내세요 다음영상 기대하면서   저 이만  쓩~~~~~~~~~,False,
@가을0,김장 전 동치미 담궈야겠어요!,False,
@잭더리펴-k4b3y,항상잘보고 갑니다 1등출석 행복한 목요일 보내세요`(*&gt;﹏&lt;*) ′`(*&gt;﹏&lt;*)′,False,
@길태미l,동치미 국물 들이키고싶어요😂,False,
