author,comment,is_reply,reply_to
@jongji_bubu,연애상담 재밌쟈나... 짜릿하쟈냐.... 아옳이 현주디.. 자주 보면 좋겠쟈냐....❤🫶🏻,False,
@poiuy5685,너무 이쁘자냐!!!!!!!,True,@jongji_bubu
@보나마나-x1o,여신이쟈냐..귀여운제육여신❤,True,@jongji_bubu
@그럼그냥-b1m,너무 재밌었어요!!,True,@jongji_bubu
@Don-s1n,현주디님이랑 특히 결너무 잘맞고 케미 넘 좋아요… 제발 또 나와주시길….,True,@jongji_bubu
@수여니-z5g,아니언니가!!! 내가좋하하는 유튜버들 다 모였자너!!!❤,True,@jongji_bubu
@베리-z8r,현주디님 진짜 현명하신듯,False,
@요하이하이-g3z,"<a href=""https://www.youtube.com/watch?v=5ZXTHyu7hUo&amp;t=1070"">17:50</a> <a href=""https://www.youtube.com/watch?v=5ZXTHyu7hUo&amp;t=1170"">19:30</a> 아옳이님 연애하시나요?",False,
@요하이하이-g3z,"<a href=""https://www.youtube.com/watch?v=5ZXTHyu7hUo&amp;t=240"">4:00</a> <a href=""https://www.youtube.com/watch?v=5ZXTHyu7hUo&amp;t=420"">7:00</a>",False,
@christ_presence,시작하자마자 독도수비대… 미치겠음 너무좋음ㅋㅋㅋㅋㅋㅋㅋㅋㅋㅋ,False,
@eliz7770,와. 이 조합 너무 좋아요ㅠㅠㅠ 주기적으로 만나주세요ㅠㅠㅠ너무 재밌어요 ㅋㅋㅋㅋㅋㅋ😍😍,False,
@Eee2121,아니 ㅋㅋㅋㅋㅋ진짜 시리즈로 해주세요 ㅋㅋㅋㅋㅋ 시간가는줄 모르고 봤어요 ㅋㅋㅋㅋ,False,
@dearly605,난 그냥 아옳이 언니가 좋다ㅏ 행복만 해여ㅕㅕ 난 언니만 봐도 행복혀ㅕ,False,
@L7-bg1jv,진짜 이렇게 속시원할수가 ㅋㅋㅋㅋㅋㅋ 또 보고싶어요 이코너,False,
@망이-l5b,똑부러지는 언니들의 유쾌통쾌한 상담 넘 좋아요 ㅋㅋㅋㅋ 진짜 다 공감백뱈ㅋㅋㅋ 모든 여자들이 언니들 조언 잘 새겨듣는다면 이상한 남자 만날일 절대 없을듯 ㅋㅋㅋ!!,False,
@진아-f5i,아니ㄱㅋㅋㅋ 은지 현지 왜케 잘맞아ㅋㅋㅋㅋㅋㅋㅋㅋ 환상의 짝꿍이네,False,
@누구겡-f2b,킹캌ㅋㅋㅋㅋㅋㅋㅋㅋㅋㅋㅋㅋㅋㅋㅋㅋㅋㅋㅋㅋ개오랜만이네뇽ㅋㅋㅋㅋㅋ추억돋..☆,False,
@zxsoo,은지님 진짜 개웃기다 ㅋㅋㅋㅋㅋㅋㅋㅋ 처음에는 살짝 경직되어 있으시다가 갈 수록 텐션 미치는 거 너무 웃겨욬ㅋㅋㅋㅋ,False,
@prtt0890,진짜 너무재밋엇습니답,False,
@이미영-s6s1l,아니 은쥐씨??ㅋㅋㅋ 여기서??ㅋㅋㅋㅋㅋ,False,
@NY-ug2uf,아니 이거 뭐야...? 진짜 미친조합,False,
@Lilyria-d4q,와 한 10분 본거같은데 23분 순삭 ㅋㅋㅋㅋㅋㅋㅋㅋ 진짜 너무 웃기다 또 해주세요,False,
@watermelon-0,아옳이님 기빨려도 힘내주세여..!! 진짜 꿀잼명쾌 고민상담 체고쟈나..!!,False,
@꼉-l6n,아 진짜 겁나웃겨 ㅋㅋㅋ 음식물쓰레기<br>ㅋㅋㅋㅋ,False,
@kong410,독도수비대 ㅋㅋㅋㅋㅋㅋㅋㅋㅋㅋㅋㅋㅋㅋㅋㅋㅋㅋㅋ,False,
@senyytiziano6885,더 줘..!!!(인간극장 애기짤),False,
@유유-n1c,은지님 너무 표현력이 좋아ㅠㅜㅜㅜ  이해하기 쉬워요 ㅋㅋㅋㅋㅋ,False,
@행복한포뇨-d6d,"<a href=""https://www.youtube.com/watch?v=5ZXTHyu7hUo&amp;t=1099"">18:19</a> 언니 왜 눈망울이 촉촉해…ㅜㅜㅜ",False,
@myrose3279,나도 엔프피지만ㅋㅋㅋㅋ ENFP중에서도 젤루 재밌는 탑티어언니들이네요 👍🏻😀❤️ 짱잼,False,
@jiwonj6403,23분 너무 순삭인데요?ㅋㅋㅋㅋ현지언니 멘탈 나한테 넣고싶돠ㅠㅠㅋㅋㅋ,False,
@chomi_zzz,아다너무 귀엽다 ㅠㅋㅋㅋㅋ,False,
@Loesoyh,"<a href=""https://www.youtube.com/watch?v=5ZXTHyu7hUo&amp;t=613"">10:13</a> 추한건 버리는 스타일이라 ㅌㅋ큐ㅠㅠ<br><br><a href=""https://www.youtube.com/watch?v=5ZXTHyu7hUo&amp;t=650"">10:50</a> 못생김 이슈로 각막기증 ㅠㅠ ㅋㅋ",False,
@Loesoyh,ㅋㅋㅋㅋ아 이거 정기적으류 해주세요 ㅋㅋㅋㅋㅋㅋㅋㅋㅋㅋㅋㅋㅋㅋㅋ큐ㅠㅠ 개웃김 ㅠㅠ,False,
@xeosae,와…너무 재밌어 세분이서 2탄 없나요~!~~!~!~,False,
@유띠링,은지언니❤❤❤❤,False,
@Ann-r8j5e,저 진짜 연애상담 영상은 잘 안보는데 이 영상은 진심으로 전하는 조언과 편안한 분위기가 있어서 재밌게 봤어영❤주기적으로 하면 완전 땡큐입니다🩷,False,
@중꺾마-j7o,아 지자매 진짜 너무 웃겨욬ㅋㅋㅋㅋㅋㅋㅋㅋㅋㅋㅋㅋㅋ,False,
@dpdpdpdp65,고정코너 가주세요!!!!!,False,
@밀밀크밀크,아웋겨 ㅠㅠ 🩵🩵🩵🩵🩵🩵🩵마니올려주세오~~~~😍,False,
@kaka-b5u,미치게따 은지언니!!!!!!,False,
@밍밍슈-g3i,진짜 개욱겨욬ㅋㅋㅋㅋㅋㅋㅋㅋㅋㅋㅋㅋㅋㅋㅋㅋㅋㅋㅋ저ㅜ대화를 직관하는 아옳이님 제일 부럽넼ㅋㅋㅋㅋㅋㅋ,False,
@성은-y3d,미친 개재밌닼ㅋㅋㅋㅋㅋㅋㅋㅋㅋㅋㅋ ㅜㅜ,False,
@호롤-b1s,엠비티아이 위에 럽,False,
@우유-m5xr,아 이 조합 너무 좋아ㅋㅋㅋㅋㅋㅋㅋㅋㅋ 계속 해주세요,False,
@유데잉,은지님 보고들어왔어요❤ 너무 재밌넹,False,
@Doit두,아 셋다 너무 귀엽다 진짜,False,
@투민스토리,두분이서 하는게 더 꿀잼이에요ㅜㅜ 너무 정신없어요ㅠㅠㅠ,False,
@Ieesuyeony,ㅋㅋㅋ슬픈 사얀들이지만 재밌어서 유쾌하게봤어요,False,
@jikimmm557,ㅋㅋㅋㅋ하 은쥐언니 오늘 왜케귀여워요 ㅠ,False,
@제주넘는유댕,미쳐.. 익숙한 은지언니 얼굴보고 그냥 지나치지못했는데 카페에서 진짜 웃으면서 봤어욬ㅋㅋ사랑해요ㅠㅠ,False,
@벨라-t8r,아옳자매&amp;은지 like 주기적으오 해주세요오-오!!😂😊❤,False,
@뀨규규뀨,은지님 입담 진짴ㅋㅋㅋㅋ 밥먹으면서 보다가 밥풀 튀었는데 강아지가 주워먹었어요ㅠㅋㅋㅋㅋㅋㅋㅋㅋㅋㅋㅋㅋㅋ,False,
@eunjinchoi6094,넘재밌어여 ㅋㅋㅋㅋㅋ,False,
@Annettely,조합 조언 다 미쳤어요 ㅋㅋㅋㅋㅋㅋㅋㅋ,False,
@Annettely,아이유 누나가 때리는거다 너무 웃겨요 ㅋㅋㅋㅋㅋㅋㅋㅋ,False,
@너-x5d,다른분위기인데 완전 ㅋㅋㅋㅋㅋㅋㅋㅋㅋㅋㅋ이렇게 만난다니😂😂😂😂😂😂😂,False,
@홍합-z3i,민영양 이쁘 히잌,False,
@김경희-q3g,재밌쟈나❤❤❤❤,False,
@지희-f8x,아 개웃곀ㅋㅋㅋㅋㅋㅋ 킬포가 몇개냐고ㅠㅠ,False,
@헤온-j1n,은지언니 썸넬 보고 바로 들어왔어여!!!,False,
@jennyku9,넘 웃겨용ㅋㅋㅋㅋ 진짜 도파민 돌아ㅋㅋ,False,
@zio3105,대박ㅋㅋㅋ,False,
@imhappydayme,진짜 이 셋 조합 또 돌아와줘요 너무 든든한 언니들 ㅠㅠ 헝헝 마음이 단단해졌어요,False,
@imhappydayme,100일때 쎄한거 진쨔...!!!!! 십새끼,False,
@imhappydayme,연락은 정말 필수 .. 안 좋아하면 안 되는거 진짜임... 첫연애라서 그것도 모르고 계속 매달리고 안절부절 집착하고 나한테 맘 돌리려고 그랬는데 맘 없는 사람인거 같은건 누구보다 본인이 잘 앎. 빨리 보내시고 서로 좋아죽는 사람 만나세요 우린 소중하니까❤,False,
@heheheee6852,"<a href=""https://www.youtube.com/watch?v=5ZXTHyu7hUo&amp;t=743"">12:23</a> ㅋㅋㅋㅌㅌㅌㅋㅋㅋ 5kg✋🏻😔😉 ㅋㅋㅋㅋㅋ요욬ㅌㅌㅋㅋ 저는 이게 왜이렇게 웃기져 ㅋㅋㅋㅋㅌㅋ😂",False,
@heheheee6852,진짜.. 너무 재밌게 봤어요ㅠㅠㅠㅠ❤ 언니 말대로 고민 해결도 잘되고 전체적으로도 연애할때 어떤 마인드를 가져야 하는지? 언니들 덕분에 건강하고 자존감높은 연애 할수 있을것같아요 감사합니다🥹☺️,False,
@지니-abdsense,"<a href=""https://www.youtube.com/watch?v=5ZXTHyu7hUo&amp;t=611"">10:11</a> 은지언니 명언 나왔다 빼앰-<br>제발 이 콘텐츠 계속 뽑아주세요❤❤",False,
@Gokongsun2,은지언니ㅠㅠㅠㅠㅠㅠ❤,False,
@다닥쳐-k2h,아니 내가 넘 좋아하는분들이자나악,False,
@hyo2hyoi,또 해주서요!!!!!!!!!!,False,
@chelseah.4164,와 단순 연애 상담이 아니라 인생 상담 같은데여 ㅋㅋㅋ👍,False,
@khye8231,ㅋㅋㅋㅋ웃겨서 죽을뻔했어요<br>셋이 같은 팀이냐구요!! ㅋㅋㅋㅋㅋ,False,
@Cheeezuu,"<a href=""https://www.youtube.com/watch?v=5ZXTHyu7hUo&amp;t=663"">11:03</a> ㅋㅋㅋㅋㅋㅋㅋㅋㅋ은지언닠ㅋㅋㅋㅋㅋㅋㅋㅋㅋㅋㅋㅋㅋㅋㅋㅋㅋㅋㅋ진짜 미쳐버렼ㅋㅋㅋㅋㅋㅋㅋㅋㅋㅋㅋㅋㅋㅋㅋㅋㅋㅋㅋ",False,
@lulee1535,와 기빨린다…ㅋㅋㅋㅋㅋㅋ 근데 고민상담 재밌어용,False,
@평양냉면-k7l,23분 내내 웃었어요..ㅋㅋㅋㅋㅋㅋㅋㅋㅋㅋㅋㅋㅋㅋㅋㅋ,False,
@우낭-m6u,셋다 성격이 다른데도 다들 좋은 사람이라 너무 즐겁다,False,
@HR-bb2bw,진짜 이렇게 웃으면서 끝까지 본 영상 너무 오랜만이에옼ㅋㅋㅋㅋㅋㅋㅋ또 해주세요!!ㅋㅋㅋㅋ,False,
@y_y_c_H,진짜 주기적으로 해주세요 귀에 척척 박히네 너무 재밌어요 ㅋㅋㅋㅋㅋㅋㅋㅋㅋㅋ,False,
@nanahyunna7053,독도수비댘ㅋㅋㅋㄱㅋㅋㅋㅋㅋㅋㅋㅋㄱㅋㅋㅋㅋㅋㅋㅋㄱㅋㄱㅋㄱㅋㅋㅋㅋㄱㅋㄱㅋㅋㅋㅋㅋㅋㅋㄱㄱ 내가 구독한 두분이 나오니 넘나재밌넼ㅋㅋㄱㄱㄱㅋㅋㅋㄱㄱ,False,
@이뽀야-j6f,"우찬이 엄마도 담에 오셧음 좋갰어요 게스트로 ,,,",False,
@s2yuah,아니 진짜 방송같아요 옷도 그렇고 구도도 그렇고 무슨 티비 정규방송 같아욬ㅋㅋㅋㅋ 내용은 아니지만 ㅋㅋ,False,
@okokok2837,"<a href=""https://www.youtube.com/watch?v=5ZXTHyu7hUo&amp;t=398"">6:38</a> 아웃겨 ㅋㅋㅋㅋㅋㅋㅋㅋㅋㅋ",False,
@야호-v2f,연애상담 너무 좋아요 진짜ㅋㅋㅋㅋㅋㅋㅋㅋㅋㅋㅋㅋㅋㅋㅋㅋ 너무 재밌어ㅠㅠㅠ,False,
@LILYDAY-p1y,너무 웃겨요 ㅋㅋㅋㅋㅋ,False,
@안클라라,진심 고정 코너 해주시면 안될까요. 속시원하고 웃기고 재밌고 너무 유익함ㅋㅋㅋㅋㅋㅋ,False,
@가나다라마바사-e2r,아옳이랑 움이엄니라니 조합 미처따,False,
@son6274,개잼있자나.....😂😂😂,False,
@도로시-m2y,아옳이자매 은지언니 조합 너무 좋다 필승 조합이네,False,
@도로시-m2y,은지언니 여기 카메라에서 넘 사랑스럽게 이쁘고 귀엽다 ㅠㅠ 셋 조합 좋다,False,
@바다가좋아-x4n,"<a href=""https://www.youtube.com/watch?v=5ZXTHyu7hUo&amp;t=1075"">17:55</a> 애정에 잔고가 없다는 말에 아옳이님 뭔가 되게 표정이 생각이 많아지는 표정이네요.",False,
@리우차-s8j,아개욱겨욬ㅋㅋㅋㅋㅋㅋㅋㅋㅋㅋㅋㅋㅋㅋㅋㅋㅋㅋㅋㅋ미치게따 ㅋㅋㅋㅋㅋㅋㅋㅋㅋㅌㅌㅌ,False,
@jihyunkim8567,ㅋㅋㅋㅋㅋㅋㅋㅋㅋㅋㅋㅋ개웃곀ㅋㅋㅋ,False,
@bbungtwigi,여기 홈쇼핑아니죠,False,
@user-hc3kb2rf6o,오른쪽말너무마나..,False,
@Andbjehdbnhdisoljshhhj,애기들아 언니말들어라,False,
@Andbjehdbnhdisoljshhhj,존잼 ㅠㅋㅋㅋㅋㅋ❤,False,
@뚜껑뚜껑,Ong mbti위에 love가있답…….명언,False,
@뚜껑뚜껑,이거.고정각이다ㅋㅋㅋㅋ,False,
@유튜브용-d3r,은지현지님 채널 만들어주시죠??,False,
@언럭끼,Zzzzzzㅋㅋㅋㅋㅋㅋㅋ 종지부부도 좋고 아옳이도 좋고 징니는 최앤데 ㅜ ㅋㅋㅋㅋㅋㅋㅋㅋ 갑자기 언급돼서 헙!!?,False,
@abcabc-lb8lk,구체적으로 딥한 사연들이 아니라 넓고 포괄적인 사연들만 받아서 좋아요. 저러니까 더 많은 상황을 대입해서 생각해볼 수 있게 되는듯.. 저도 생각지못한 제 상황까지 겹쳐보이게 됐어요,False,
@oidbio,음 사람마다 느끼는 연락의 기준은 각자 다르겠지만 맨 오른쪽 분처럼 연락이 잘 안된다=안 좋아한다 라고 단정 짓는 건 비약이 있을 수도...!<br>나도 여자지만 저런 논리로 연락을 과하게 갈구하는 여자친구 만나면 피곤할 것 같긴하다..,False,
@윤윤-t5l,주기적으로 꼭 부탁드려요♡♡,False,
@hauri_unua0909,앜ㅋㅋㅋ아니 이 조합 뭐죠? 넘 좋아요❤,False,
@fiveelo246,1번 사연부터 순살됐어요^^ 제육이 없는데 양념치냐는거 개웃기고 개슬퍼욬ㅋㅋㅋㅋㅋㅋ,False,
@추추-p7j,각막기증드립 미쳤나ㅜㅜㅜㅜㅜㅜ아ㅜㅜㅜㅜ,False,
@bearcatpunch,와… 진짜… 신기하다❤❤❤ 너무 잘 어울리는 이 세조합 ㅋㅋㅋㅋㅋㅋ 핑크탄산수와 레드핫윙과 블랙마요 같자나!!!,False,
@scarlet5523,현지님 진짜 진국인게 느껴져요,False,
@imaima0909,명쾌하다ㅎㅎㅎ,False,
@cockroach7128,와 이거찐이다 댓글 같은 거 잘 안남기는데 너무 재밌고 너무 유익해요,False,
@나만고양이없어-o5p,우와❤언니들 사랑합니다❤정말 통쾌!! 상쾌!! 꿀잼 상담이였어요😂,False,
@HahA-b5s,독도수비대라니ㅋㅋㅋㅋㅋㅋㅋ아니 이거 아껴보고 싶은데 그거 어떻게하는건데ㅋㅋㅋㅋ,False,
@soojeonglee2204,ㅋㅋㅋㅋㅋ 진짜 사이다 조언들!! 속이 다 시원해요 ㅋㅋ 비유도 찰떡이고,False,
@makemelovyou,와 최근에 본거중에 제일 웃기네<br>세분다 너무 예쁘고 매력터져요,False,
@이에요,❤❤❤,False,
@유아인-u4x,본인연애도 똑바로 못 하면서 머선 연애상담이야 ㅡㅡ,False,
@공다-n5k,우와 은지님!,False,
@미쓰초콩새,동생왜갑자기이뻐졌지???😮😮😮😮😮😮😮😮😮😮😮😮😮😮😮😮😮😮😮😮,False,
@입토바이,은지!!!ㅋㅋㅋㅋ개웃겨,False,
@정롱이,제발 영상 더주세요 ‼️‼️‼️‼️‼️,False,
@연보라쬼,좋아하는 세분이 함께 나오는 영상 너무 귀합니다 ❤❤,False,
@절문희-u5b,제발 고정코너 해주십쇼 언니들,False,
@장첸-e9m,다음엔 아옳이 언니가 중간에 앉아서 두 분 중재 좀 햐주세욬ㅋㅋㅋㅋㅋㅋㅋㅋㅋ❤❤❤ 너무 재밌다 ㅠㅜ,False,
@63김택연,너무 웃긴데 ㅋㅋㅋㅋㅋㅋㅋㅋㅋㅋㅋ 아옳이님 기빨린 거 보임ㅋㅋㅋㅋㅋㅋㅋㅋㅋㅋㅋㅋㅋㅋㅋㅋㅋㅋㅋㅋ,False,
@eomlocal,현지씨 남편 결혼 축하합니다👏 앞으로 무엇을 하던 현지씨 맞춰 사세요👏👏,False,
@eomlocal,아직 안봤지만 이 조합 칭찬해👏👏 섭외 아주 좋아!,False,
@eeruru22,아 진짜 너무 웃겨욬ㅋㅋㅋㅋㅋㅋ,False,
@쏩피-m8p,스킵없이 쭉 봤어요 대박임ㅋㅋㅋㅋㅋㅋ,False,
@pulove0510,고정으로 자주자주 해주세용 매운맛이 x2배~ 현지언니 티셔츠 센스바리 ^__^,False,
@ssss9sss7,아진짴ㅋㅋㅋㅋㅋㅋㅋㅋㅋㅋㅋㅋㅋ 은지님 현지님이랑 케미먼데 ㅋㅋㅋㅋㅋㅋ 입담 찰떡콩떡 ..🫶🏻,False,
@옹옹이-w5l,타임머신 ㅋㅋㅋㅋㅋㅋㅋㅋㅋㅋ 미쳐 ㅋㅋㅋㅋㅋㅋㅋㅋㅋㅋㅋㅋㅋㅋㅋㅋㅋ🤣🤣🤣🤣🤣🤣🤣🤣🤣🤣  몇번 돌려봤어요!!!  넘 웃겨!!!!!!!!!!,False,
@잠수니,존잼이이에요ㅠㅠㅠㅠ또해주세요,False,
@Minnnntt,지난번 마라연애상담처럼 치킨에 찜질방 컨셉으로 또 돌아와주세요🥹,False,
@밍-i3h,카메라 얼빡으로해서 좀 더 편한무드로 앞으로 이 조합 자주 보고싶어요 ㅜㅜㅋㅋㅋㅋㅋㅋㅋㅋ,False,
@김지은-j9b1l,아 이 무슨 너무나 좋은 조합? 미쳐,False,
@user-le8tu7fc1y,오늘 헤어짐 ㅋ<br>이거 보고 속이 다 후련하다;;;;;;,False,
@이설화-m5p,시간 가는줄 몰랐다용 😂,False,
@헤헤y4x,너무 재밌는데 너무 도움되요 ㅠㅠ,False,
@헤헤y4x,제발 주기적으로 해주세요 ㅠㅠㅠ,False,
@헤헤y4x,"<a href=""https://www.youtube.com/watch?v=5ZXTHyu7hUo&amp;t=1257"">20:57</a> 아 ㅋㅋㅋㅋㅋㅋㅋㅋㅋ ㅠㅠㅠㅠㅠㅠ",False,
@뉴진스-b6b,말리는 사람 없으면 끝까지 간다 ㅋㅋㅋㅋ 아 현지님 이 멘트에 완전 빵터짐 ㅋㅋㅋ,False,
@버블티조아-o2k,남편 likeㅋㅋㅋㅋㅋㅋㅋㅋㅋㅋㅋㅋㅋㅋㅋㅋㅋㅋ,False,
@이얏호응-w2i,ㅠㅠㅠ은지님 너무좋아하는데 여기 채널과 너무 찰떡이세요 고정 컨텐츠해주세요오...❤,False,
@레나_117,"<a href=""https://www.youtube.com/watch?v=5ZXTHyu7hUo&amp;t=265"">4:25</a> 와 이거 진짜  진짜 연애 기준 꿀팁이네요 ! 감사합니다",False,
@k_sunny,헤어질까봐 걱정된다는 고민 너무 똑같은데 대답잌ㅋㅋㅋㅋㅋ 타임머신ㅋㅋㅋㅋㅋㅋㅋㅋㅋㅋㅋㅋㅋㅋㅋ내 고민..해결…완료…,False,
@bianchi1108,아옳이 사랑해요❤❤❤,False,
@yennk5902,요즘 어장당하는 옳라프였는데^^^^ 덕분에 정신 똑띠 차린 것 같아요!!!!!! 이 조합 너무 무해하고 사랑스러워!!!,False,
@채식-s2z,화장하고 머리를자르고~ 넘 기여움 ㅜ,False,
@루나찡,ㅋㅋ존잼,False,
@휴지민-g7z,요요가 개웃기네,False,
@hee_y5299,너무 재밌어욬ㅋㅋㅋㅋㅋ요즘 웃을일없는데 진짜 덕분에 웃었어요 !! 세분다짱,False,
@와아앙-l1g,찢었다,False,
@찐찡한,요즘 우울해서 표정이 계속 안좋았나봐요 이거 보면서 밝게 웃고있으니까 남편이 이렇게 해맑은 웃음 너무 오랜만이래요ㅎㅎ 또 해주세여!!,False,
@e_vynn3660,너무 짧아유..🥲,False,
@툣끼,미쳐 시간 어떻게 간거야 ㅠㅠ,False,
@moooo12,기존쌔 둘의 대화에 웃기만하는 아옳님 귀여워용,False,
@지금자니,아니 왜이리 잘어울려? 만담 트리오같아요오오😂😂😂😂 진심 또해주세용 ❤︎,False,
@성남시-m4s,이악물고 화난표정이 귀여우시네;;,False,
@김지연-j6n,ㅋㅋㅋ너무웃기고 속시원하네용💙❤️,False,
@simtongtong,은지님 맨날 방에서 어둡게 라이브하시는것만 보다가 오늘 진짜 화사하고 너무 예쁘셔!!!!🫶🫶🫶❤️❤️❤️,False,
@mara6sa,은지님 너무 귀엽고 재밋어ㅠㅠㅠㅠ,False,
@jjjjjjjj1720,아옳이 언니 위에 옷 무슨 브랜드인가요??,False,
@짹짹-l8s,미쳐벌여 배찢어져… ㅋㅋㅋㅋㅋㅋㅋㅋㅋㅋㅋㅋㅋ❤❤❤❤,False,
@trr-xx5oq,아옳이님은 힘든 시간을 겪으셨을때 어떻게 극복하셨나요? 아옳이님은 항상 밝고 행복한 에너지를 갖고계신데 저도 아옳이님처럼 되고싶어요! 전 요새 힘든데 왜 나만 되는일이 없을까 싶고 자꾸 숨고싶어요 ㅠㅠ,False,
@jjihyunni0824,세 분 고정으로 상담 플리즈🫶❤️‍🔥❤️‍🔥,False,
@대박마미-m4k,고정 코너  해야됨요~~너무 재밌잖앜😅😅,False,
@loveistiming-ed6lw,언니 썸네일 너무 움이자나 ㅋㅋㅋㅋㅋㅋㅋㅋㅋㅋㅋㅋㅋㅋㅋㅋㅋㅋㅋㅋㅋㅋㅋㅋㅋㅋㅋ,False,
@euly_euly,헐 대박 은지쓰다!!! 이 조합 너무 좋아요 담에 또 해주세요🥹🥹🥹,False,
@hespersvlogs,진짜 주기적으로 해듀세요... 이조합 댕웃기다구요🫠,False,
@체크-u3x,첫질문부터 뼈맞아서 아파요ㅜㅜㅋㅋㅋㅋㅋ<br>연락안되는 사람하구 헤어졋는데 별별 이유 다대가며 눈가리고 아웅으로 만났었죠ㅎㅎ허허ㅋㅋㅋ,False,
@diong5720,"<a href=""https://www.youtube.com/watch?v=5ZXTHyu7hUo&amp;t=1317"">21:57</a> 맞으니까 언니덜 주기적으루,,",False,
@diong5720,초마다 나오는 드립에 진짴ㅋㅋㅋㅋ수다 한바가지 같이 떠는 기분,False,
@Godlovesdani,쫑지<br>맨날 나오면 좋겠다ㅠㅠㅠ,False,
@핑구우우,ㅋㅋㅋ아너무욱겨욛😂😂😂😂,False,
@태유랑-Vlog,넘 재밌어옄ㅋㅋㅋㅋㅋㅋㅋ<br>진짜 주기적으로 하면 재밌을 것 같아여ㅕ!!❤,False,
@유정-c6z,썸네일 은지언니 움이랑 똑같아서 너무 귀여워요 ㅋㅋㅋ🤍,False,
@neptune_1022,헐 종지부부 은지님잌ㅋㅋㅋㅋㅋㅋㅋ아옳채널엨ㅋㅋㅋㅋㅋㅋㅋㅋㅋㅋㅋㅋㅋㅋㅋㅋㅋㅋㅋㅋㅋㅋㅋㅋㅋㅋㅋㅋㅋㅋㅋㅋㅋㅋㅋㅋㅋㅋ 고정 가자~~~~~~~~!!!!!!!!!!!!!!!!!!!!!!!!,False,
@judyleeeeeee,주기적으로 해주세요!!!!,False,
@탱뀨,"아 이언니들 좋다. 이것저것 양념 치고 서로 이해하고, 먼저 어쩌구저쩌구한 노력 해봐라 뭐 그런 거 없이 배려하는 연애 하라고 해주는 거 좋다!!!! 다들 배려하고 존중하는 관계 맺고 살자고👍👍👍",False,
@kirari7777,은지님 너무 현지님만 보고 얘기해서 아옳이님 소외되는 느낌이예요.,False,
@수연-p6v7b,아니 진짜 시간 순삭이네요?! 진짜 주기적으로 해주세요 ㅋㅋㅋㅋㅋ 너무 재밌어요 속 진짜 시원하다아요,False,
@stellalim7877,와 세분의 케미를 보다니 ㅎ ㅎ 저 혼자 속으로 세분이 하는 콘텐츠 올라왔으면 했는데 이런날이 오네요. 무료한 한주에 활력충전 고마워요,False,
@qieusilk,아 진짜 웃곀ㅋㅋㅋㅋㅋㅋㅋㅋ,False,
@bujirunhan,각막기증 드립은 ㅋㅋㅋㅋㅋㅋㅋㅋㅋㅋㅋㅋㅋ,False,
@박재섭-v7i,은지님 때문에 봅니다❤️ 종지부부도움베베들 영원히 행복해라아아아❤️,False,
@햅삐-w2o,아 진짴ㅋㅋㅋㅋㅋㅋㅋㅋ🥵🥵🥵,False,
@리사-g4h,"<a href=""https://www.youtube.com/watch?v=5ZXTHyu7hUo&amp;t=1207"">20:07</a>공감 ㅠㅠ<br><a href=""https://www.youtube.com/watch?v=5ZXTHyu7hUo&amp;t=1256"">20:56</a> 왤케 웃굨ㅋㅋㅋㅋㅋㅋ 갑자기 카이스트 가서 타임슬립 기계 개발 ㅋㅋㅋ<br><br>고민상담 코너 정기적으로 해쥬세요 잼따 ㅎㅎ",False,
@water_bada,아진짜개웃겨요ㅠ,False,
@Riveryale,쾌녀세요ㅜ🤍,False,
@Nan_Yuna,ㅠㅠㅠㅋㅋㅋㅋㅋㅋㅋ 아옳이님 이제 건강한거만 드세여 ㅠㅠㅠ ㅋㅋㅋㅋ❤,False,
@스폰지밥-b6b,은지님 너무 사랑스러우신데요ㅋㅋㅋㅋㅋㅋㅋㅋㅋ 악 각잡고 봐야지❤❤,False,
@야옹-w9h,ㅋㅋㅋㅋㅋㅋ케미가 미쳤어요,False,
@hot-tweety,첨엔 현주디랑 은지님 말하는 타이밍 안 맞았는데 점점 잘 맞고 깔이 비슷해ㅋㅋㄱ 아옳이님은 약간 빠져서 방청객 모드ㅋㅋ 아옳님 이렇게 웃는 거 첨보는듯,False,
@지나-b4u,"와,, 진짜 주기적으로 해주세요ㅠㅠㅠㅜ 20분이 2분되는 마법,,,🥹💖",False,
@ramm7122,은지님 가디건 정보 좀요ㅠ,False,
@lala-yc8iz,진짜 맛도리❤,False,
@gaoh4007,은지언니랑 현주디 케미가 너무 좋아요ㅋㅋㅋㅋㅋ,False,
@w.moment,넘 재미지쟈나~ 시리즈로 계속 해줘요우~,False,
@user-tp9if6eo4m,ㅋㅋㅋㅋㅋㅋㅋㅋㅋㅋㅋㅋㅋㅋㅋ아 은지님 너무 웃김,False,
@kwonslab-chef559,"넘 재밌어요,, ㅠ🥺🩷",False,
@Woo-rd6hw,아 진짜 은지님ㅋㅋㅋㅋㅋㅋㅋㅋㅋㅋ미쳐땈ㅋㅋㅋㅋㅋㅋㅋ💛💛,False,
@동동이-i8e,죨잼😂,False,
@강투투,미친 ㅈㄴ웃겨욬ㅋㅋㅋㅋ,False,
@해운대엘시티,동생분은 눈치가 있으면 언니를 위해 빠져주시기를 부탁드려요🙏,False,
@sungyun9500,어우 진짜 속시원해요 ㅠ 사랑해요,False,
@선-d7p,와🎉🎉🎉🎉🎉🎉😊,False,
@entj9350,"<a href=""https://www.youtube.com/watch?v=5ZXTHyu7hUo&amp;t=833"">13:53</a> 데이트 통장 헤어지면 딱 반으로 나누는게 세계룰 아닌가요😂 굳이 룰을 만들지 않아도",False,
@hjkim400,요 시리즈 앞으로도 계속 해쥬세요 ㅠㅠ 너무 웃겨요ㅋㅋㅋㅋㅋㅋㅋ,False,
@victorydotori,셋 다 싸랑해요오~~~~~~~~❤❤❤,False,
@김지나-v6x,이렇게 소리까지 내서 웃으면서 본 거 처음 ㅋㅋㅋㅋㅋ,False,
@long6250,아옳이넘좋음ㅎㅎㅎ 쾌녀야 진짜 ㅎㅎㅎ 은지님 여기서보니까 더 반갑고 더 좋쟈냐 ㅎㅎㅎ,False,
@janejane3740,현주디 말빨 장난없으시네 진짜 ㅋㅋㅋㅋㅋㅋㅋ,False,
@mmmming22,어머낰ㅋㅋㅋ조합뭔가요 ㅋㅋㅋ대박이네 ㅋㅋ,False,
@user-kenxk12,ㅋㅋㅋㅋㅋㅋ 이 조합 너무 욱겨 인급동보내!!,False,
@김종남-u7b,ㅋㅋㅋㅋㅋㅋㅋㅋㅋ독일 수비댘ㅋㅋㅋㅋㅋㅋ아 너무 웃갸요 진짜루 연애상담 고정 가쥬세요 짱잼 졸잼ㅋㅋㅋㅋ,False,
@Alex-ln5vb,조합 미쳤다 이거지,False,
@yejiyooon,분량 1시간 30분 부탁드릴게요🙏🏻,False,
@sunuu_,"<a href=""https://www.youtube.com/watch?v=5ZXTHyu7hUo&amp;t=1141"">19:01</a> ㅋㅋㅋㅋㅋㅋㅋㅋ",False,
@bora_486,움이 어머니 넘 재밌어요~ 숏츠에서 많이 봤었어요. 최고~~^^,False,
@lovejulia6283,현지님 진짜 자존감 높고 마음이<br>건강하시네요.. 부럽다 ㅠㅠ 재밌게 잘봤어요!!,False,
@kim10044,"이 코너 주기적으로 해야한다 ,,,,,, 도파민 폭팔에 스트레스 날려버리네 😊😊😊 너무 웃어서 광대가 아파요",False,
@바오밥-c5g,아오리...오리언니만큼 버는남자 망나..아옳이재산 절대지켜!!!ㅎ,False,
@으니리-v8m,각막기증ㅋㅋㅋㅋㅋㅋㅋㅋ진짴ㅋㅋㅋㅋㅋㅋㅋㅋㅋㅋㅋㅋㅋㅋ매력에서 헤어나올 수 없어요 넘 웃곀ㅋㅋㅋㅋㅋㅋ,False,
@9amintern,하진짜 개웃겨요 종태님 부럽다ㅠ,False,
@cherriii8419,"<a href=""https://www.youtube.com/watch?v=5ZXTHyu7hUo&amp;t=1155"">19:15</a> 아ㅠㅠㅠ 라면 먹으면서 보다가 그대로 뱉음,..ㅋㅋㅋㅋㅋㅋㅋㅋㅋㅋㅋ진짜 개읏겨요ㅜㅜㅜㅠ물회하다구✊",False,
@김김-j7v9h,"<a href=""https://www.youtube.com/watch?v=5ZXTHyu7hUo&amp;t=299"">4:59</a> ㅋㅋㅋㅋㅋㅋㅋㅋㅋㅋ",False,
@바오밥-c5g,현주디 입담 미춋다❤,False,
@ssun-t3p,미쳤다 요근래 풀 동영상 배속없이 시청한적 없었는데 대박 잼써요ㅋㅋ 또해주세요~,False,
@Suamaizn,오 근데 진짜 도움되는 이야기들 많다❤❤,False,
@블리블리-f9h,주기적으로 해주세여 ❤,False,
@O2nyamnyam,은지님 정말 내 수험생활의 비타민❤ 아옳이님 자매랑 케미도 미쳐써요 ㅋㅋㅋㅋ,False,
@성공녀-d2p,고기업는데 양념치기 ㅋ 비유미친찰떡요ㅋㅋ 이거 시리즈로해주세요,False,
@ilikesummer1,ㅋㅋㅋㅋㅋㅋㅋㅋㅋㅋ 진짜 너무 웃겨요ㅜ 케미 난뤼ㅠ ❤,False,
@쭈잉쭈잉-k2p,진심 최고 잼나유 ㅠ 이거 보고 구독,False,
@OliviaAo,아 너무 재밌는데 한번 더 해주면 안되나 ㅜㅜㅜㅜㅋㅋㅋㅋㅋㅋㅋㅋㅋㅋ,False,
@TomeFromu20,"<a href=""https://www.youtube.com/watch?v=5ZXTHyu7hUo&amp;t=605"">10:05</a> 대처도 맘에 들고 <a href=""https://www.youtube.com/watch?v=5ZXTHyu7hUo&amp;t=614"">10:14</a>의 대처도 너무 맘에 드네요 ㅋㅋㅋ❤😂😂❤",False,
@강지우-d2k,넘재밋어용 ㅠㅠ,False,
@꼬미니-g7h,남연애가 젤 잼있는데 그걸 은지언니가 말아주니까 존맛탱,False,
@Columbia_DNP,아옳이 넘 행복해보임 ㅋㅋㅋㅋㅋ,False,
@DG-kz4hj,주기적으로 해주세요….❤❤❤,False,
@jessica9017,세분이 자매라고 해도 믿겠어요 그림체가 비슷해요 ㅋㅋㅋㅋ,False,
@TomeFromu20,독도수비대 ㅋㅋㅋㅋㅋㅋㅋㅋㅋㅋㅋㅋㅋㅋㅋㅋ,False,
@_Shapeoflove,제발 또 해주세요.. 연애 상담은 사실 친구한테도 하기 애매하고 어디에도 물어보기가 좀 그래서 ㅜㅜㅜ 넘 재밌어요,False,
@보고서-u2k,"근데 이거 남자들은 안보고 여자들만 본다는게 ,,,",False,
@Pang_Q,근래 두번째로많이웃었네요 ㅋㅋㅋㅋㅋㅋㅋㅋㅋㅋㅋㅋ,False,
@호쁨맘,개웃곀ㅋㅋㅋㅋㅋㅋㅋㅋㅋㅋㅋㅋㅋㅋㅋㅋㅋ,False,
@쁍쁍쁌쁌,역대급 소화제 고민해결❤️,False,
@user-xe8wl2vq2w,말랐자낰ㅋㅋㅋㅋㅋㅋㅋㅋㅋㅋㅋㅋㅋ 얼마나 건강해요ㅋㅋㅋㅋㅋㅋㅋㅋㅋ,False,
@daylight_310,아 진짜 겁나 웃었네,False,
@Ouwood,우연히 봤는데 진짜 거를 타선이 없네욬ㅋㅋㅋㅋㅋ 나쁜사람은 방에들어가라하곸ㅋㅋ착한사람은 집에서 나오라하곸ㅋㅋㅋ 너무웃겨요😂😂 또 해주세요!,False,
@user-wh8pq2pg2d,저 유행에 뒤떨어지는 아줌마라서  은지님을 몰랐는데 시작부터 너무 유쾌하시네요. 채널도 구독했답니다.<br>진짜 방구석에서 이렇게 매력적인 세 분을 볼 수 있어서 영광이에요ㅋㅋㅋㅋ,False,
@Chelsey25,헐 진짜 너무재밋오 😩🫶🏼 세분 케미터진당,False,
@ElliewithMom,얼큰하다ㅋㅋㅋㅋㅋㅋㅋㅋㅋㅋ😂,False,
@cmlee3739,진쨔 주기적으로 해줘요 존잼,False,
@sj3432,예쁘고 성격좋은 언니들이 상담해주시니까 너무좋아요😊,False,
@yohou406,헉... 내가 제일 좋아하는 조합❤,False,
@마이써니퍼니,ㅋㅋㅋㅋㅋㅋㅋㅋㅋㅋㅋㅋㅋ 각막기증 ㅋㅋㅋㅋㅋ,False,
@zize3301,이조합.... 너무 좋아... 영상 너무 짧다... 또 다시 보여서 고민 상담 해주세요❤❤❤,False,
@듀-o3h,은지언니를 여기서보다니이잇❤,False,
@yunijung2904,은지온니 라방텐션을 어두운방이아닌 밝은곳에서보니까 더 광기가느껴져요...,False,
@소진영-r4e,진짜 대박이다 조합을 보게 될 줄이야.... 대박 넘 좋아요,False,
@김한나-x7h,너무웃겨서 울면서봤네요😂 고정으로하면 좋겠어요,False,
@임철수-t9g,개재밌다,False,
@eun_99881,"담엔 셋이 맛집탐방도 래주세요ㅜㅜ 각자 1개씩 들고와서 1등 맛집 고르기!!!! 근데 이제 종태 맛집도 곁들인,,,,",False,
@eun_99881,ㅋㅋㅋㅋㅋㅋㅋ아 진짜 셋다 말 너모 잘해ㅜㅜ 고민상담인데 왤케 유쾌하냐구요ㅜㅜㅋㅋㅋㅋㅋㅋㅋㅋㅋㅋㅋㅋㅋㅋㅋㅋ상황극 천재들❤,False,
@daldalguri_00,오늘 너무 오디오가 물려요ㅠㅠ 그리고 구도가 너무 밑에 있는 느낌? 카메라 좀 더 위에 있어야 보기 편할 것 같아요…!!❤,False,
@seunghakim6748,욕 먹는다는 거에 먹을 게 그렇게 없냐는 말에 현주디 폭식원 영상 추천 뜨는 거 깨알 킬포네요 ㅋㅋㅋㅋ,False,
@OwowHa,출근길에 보면서갔는데 진짜 웃음이 끊이질않았어요 ㅋㅋㅋㅋㅋㅋㅋㅋㅋㅋㅋㅋㅋㅋ덩달아 기분좋게 아침시작해요 ㅋㅋㅋㅋㅋㅋㅋㅋ꿀잼!!!,False,
@wiht06,1시간이라도 볼 수 있을거 같아여~ 또해주세요 ㅎ,False,
@youngniest,은지님 게스트 모신거면 좀더 말할 타이밍 양보릉 해주세요ㅠ 현주디님 너무 말 가로채셔서 불편,False,
@기록의기록,소히조이님하고도 콜라보하면 넘 좋을거같애요&gt;_&lt;,False,
@user-fy9qhdhdu,영상 다 봤는데 기 빨려서 좀 잘게요 ^^ <del>I친구</del> ㅋㅋㅋㅋㅋㅋㅋㅋㅋㅋㅋㅋㅋㅋㅋㅋㅋㅋㅋㅋㅋㅋㅋㅋ,False,
@뿡뿡이-o2w,현지 똑똑이… 우리딸도 현진데 증맬로 횬디들 똑똑이들❤❤❤,False,
@박서윤-f8e,오늘 하루 중 내 최고의 30분이었 다 ... !!! 제발 고민상담 브이로그 뭐든 세 분의 조합 또 보고싶습니다 ㅜㅜ 아옳이 종지부부 현주디 체고야 💖💖,False,
@Itiaaati,"❤ <a href=""https://www.youtube.com/watch?v=5ZXTHyu7hUo&amp;t=1376"">22:56</a>",False,
@Itiaaati,은지언니 넘나리 귀여워요,False,
@람지-n7u,담번엔 결혼생활로 19금 Q&amp;A 해주세옼ㅋㅋㅋㅋㅋㅋㅋ5년차 부부 즐길 준비 됐습니닼ㅋㅋㅋㅋㅋㅋㅋㅋㅋ ㅠㅠ넘나 재밌을 듯 ㅠㅠㅠㅋㅋㅋㅋㅋㅋ,False,
@다다-d7t,은지씨가 상담의 주인공이었음 좋았을텐데.. 동생분이 너무 주도적으로 다 하셔서 조금 아쉽네요😢,False,
@Hi-gv8te,"<a href=""https://www.youtube.com/watch?v=5ZXTHyu7hUo&amp;t=305"">5:05</a> ㅋㅋㅋㅋㅋㅋㅋㅋㅋㅋㅋㅋㅋㅋㅋㅋㅋㅋㅌㅋㅋㅋㅋㅋ",False,
@jasminehwang2543,독도수비대랑 타임머신에서 터졌어욬ㅋㅋㅋㅋㅋㅋㅋㅋㅋ주기적으로 해주세용ㅋㅋㅋㅋㅋ,False,
@gu.seul2oh447,너무너무 재미있고 속이쉬원한 방송,False,
@gaemin13,데통은 무슨 데통ㅋㅋㅋㅋ 남자가 다 사야지 결혼하면 집도 남자가 당연히 해야하공!,False,
@강아디-l3k,넘 재미져요~,False,
@xihuan1007,아 ㅋㅋㅋ 오디오 꽉찬 거 웃겨,False,
@cr8762,너무 유쾌하고 웃겨요❤❤,False,
@쑤쑤콩,움이.화장했네 귀여워~~,False,
@jjjink2182,𐨛 𐌅𐨛 𐌅 𐌅 𐨛 𐌅𐨛 𐌅 𐨛 𐌅 𐨛 𐨛 𐌅 𐨛 𐌅,False,
@cookiechocolate3921,ㅋㅋㅋㅋㅋㅋㅋㅋ독도수비댘ㅋㅋㅋㅋ 북조선ㅋㅋㅋㅋㅋㅋㅋ,False,
@aconqueroroftheearth,독도 수비대 아니고 경비대 …. 🥲🥲🥲🥲🥲,False,
@ryunchu5834,완전 세계관충돌임 한자리에 있는걸 보다닝,False,
@adrianm8244,"아 너무 웃었어욬ㅋㅋㅋ도파민에 중독된 사람으로서 오늘 진짜 만점짜리,,,,,상담이었어옄ㅋㅋㅋㅋㅋㅋㅋㅋㅋㅋㅋㅋㅋ진심 한번만..클스마스에 한번만 더 불러줘욬ㅋㅋㅋㅋ",False,
@내멋대로지영,은지언니 입담 너무웃김 ㅋㅋㅋㅋㅋㅋㅋㅋ이미 옛날부터 팬이에용ㅎ,False,
@까눌레-n7q,대박웃기다 ㅋㅋㅋㅋㅋㅋ😂😂😂,False,
@smink1023,옳+현디님 만으로도 꽉찬 구성이었는데 이거슨 운명의 완전체 ㅋㅋㅋㅋㅋ😂,False,
@Illililil-o5p,ㅋㅋㅋㅋㅋ와 보기 전인데 벌써 미쳐버림.. 입담좌 셋이 모임…,False,
@aldnsjendkwo,이 조합 존나 좋다 ㅋㅋㅋㅋㅋㅋㅋㅋㅋㅋ,False,
@hs-oj3ep,영상잘봤습니다 😀 😀,False,
@두잇-u1x,주기적❤❤❤,False,
@minee8611,또해주세요…시간 가는 줄 모르고 봣더요..😍😍,False,
@minee8611,아웃겨ㅜㅜㅜㅜㅜㅜㅜㅜ,False,
@츄잉-b2g,이거 그냥 상담을 빙자한 드립대회같은뎈ㅋㅋㅋㅋㅋㅋㅋㅋ,False,
@nayoung0586,와 너무 재밌었어요옹 마지막 질문 저도 고민하던 것인데 생각할 시간에 현재의 행복에 집중할게요!!,False,
@seunghyunkim6895,아 은지언냐ㅠㅋㅋㅋㅋㅋㅋㅋㅋㅋㅋㅋㅋ제발 2편 제발 ㅠ2편 2시간짜리 부탁해요ㅠㅋㅋㅋㅋㅋㅋㅋㅋ,False,
@lee7303,이 조합 넘 좋아요 😂😂,False,
@soraka01,데이트통장얘기하니까 떠오르는건데  저희엄마는 여자가 커피값내는것도 진짜싫어하심ㅋㅋㅋㅋ남자가 다내도 모자른데 뭔 커피냐고😂😂😂 엄마한테 시대가바꼈다고 얘기해도 여자한테 얻어먹는 남자만나면 가만안두겠다고함,False,
@sejabn,엄마 멋잇긔❤,True,@soraka01
@피넛-l4q,아 은지님 대박웃곀ㅋㅋㅋㅋㅋㅋㅋㅋㅋㅋ입담진짜 미쳤네욬ㅋㅋㅋㅋㅋ타임머신 겁나웃기넼ㅋㅋㅋㅋㅋㅋ 제발 주기적으로 고정출연해주세요ㅠㅠ🙏🏻,False,
@youandi02,은지님 진짜 천재아닌가 드립이 왜케 금방금방떠오르는거얔ㅋㅋㅋㅋㅋ,False,
@user-sn7qm9yl2i,아 진짜 너어어어무 웃겨요 ㅋㅋㅋㅋ,False,
@쁜라밍쨩,너무이쁘심.. 구독하고가용😊,False,
@youandi02,어케알게된 사이에여?ㅋㅋㅋㅋ😂😂종지부부채널주인을 여기서ㄷㄷ,False,
@wlgn-g8z,ㄹㅈㄷ,False,
@김민채-c2i,언니.. 진짜 고정코너 가뷰자!!!🔥🔥🔥🔥,False,
@아이돌A양보기-u4q,아니 은지언니를 아옳이 종지패밀맄ㅋㅋㅋㅋㅋㅋㅋㅋㅋㅋㅋㅋㅋㅋㅋㅋㅋㅋㅋㅋ 깨알 킬포..★,False,
@user-ws9yx9hm5dd,근데 이거 진짜였네..? 니들 음방에서 자주보던 걔맞음 ㅇㅇ,True,@아이돌A양보기-u4q
@_happyandlucky,아 은지님 처음봤는데 진짜 너어무웃기다ㅠㅋㅋㅋㅋㅋㅋㅋㅋㅋㅋㅋㅋㅋㅋㅋㅋㅋㅋㅋ,False,
@Illililil-o5p,쇼츠 보세요.. 진심 미쳤음ㅋㅋㅋㅋㅋㅋ개웃딤 ㅜㅜ,True,@_happyandlucky
@mxxxnng,"<a href=""https://www.youtube.com/watch?v=5ZXTHyu7hUo&amp;t=1063"">17:43</a> 아니여기 2배속으로 들엇는데 개욱겨욬ㅋㅋㅋㅋㅋㅋㅌㅋㅋㅋㅋ",False,
@dhdjsndhdjis,은지님 본채널에서 보다 엄청 러블리하시다,False,
@mango_taco,아니 가웃겨요 ㅠㅠㅠ잠 다 깼음,False,
@헬로-w1n,아ㅋㅋㅋㅋㅋㅋㅋㅋ 이조합 뭐예요ㅋㅋㅋㅋㅋㅋㅋㅋㅋ 깜짝놀라서 들어왔다ㅋㅋㅋㅋㅋ♡,False,
@Bbbbboriiii,너무재미써요 또해져🥹🥹🥹🥹🥹🥹,False,
@SSJJPP1031,아니 민영언니는 ㅋㅋㅋㅋㅋ 내년에 웃을거까지 다 웃으신듯??? ㅋㅋㅋ,False,
@seulggi,진짜 주기적으로 해주세욬ㅋㅋㅋ,False,
@숮이-y4i,"<a href=""https://www.youtube.com/watch?v=5ZXTHyu7hUo&amp;t=1051"">17:31</a> 개웃곀ㅋㅋㅋㅋㅌㅋ진짴ㅋㅋㅋ쿠ㅜㅜㅜㅜ",False,
@02aunt,개웃기다 진짜 ㅋㅋㅋㅋㅋㅋㅋㅋ,False,
@luckyy_245,와 진짜 자기 전 최고의 재미와 힐링이다ㅋㅋㅋㅠㅠㅠㅠ 이 조합 그대로 연애상담 컨텐츠 자주 보고 싶어요🥹🥹,False,
@찌니-e6b,아옳이님 실시간으로 기빨리는게 보여욬ㅋㅋㅋㅋㅋㅋㅋ,False,
@HAZz6.,아니 이게 무슨 앵글이다냐,False,
@yoon8213,너무 즐겁고 통쾌하구 유쾌해요!!!!,False,
@미니의우주,2탄.. 3탄..4탄으로 돌아와줘요…….,False,
@쩜매오,아 너무 쟈맜엌ㅋㅋㅋㅋㅋㅋ<br>무해한 조합,False,
@콩-p6h,이것만 기다려써요ㅠㅠㅠㅠ 내 최애조합,False,
@Dkssudgkgkgk-b1t4k,ㅋㅋㅋㅋ 아니 진짜 개웃기네,False,
@고구마깡-n9y,진짜 개웃기다ㅋㅋㅋㅋㅋㅋㅋㅋㅋ 랜선 언니들이지만 든든해요💕💕💕,False,
@user-hw2do4mn1v,나 진짜 이 언니들이랑 투다리에서 새벽까지 노가리 까고싶은 재질,False,
@aaa_ra.2,아옳이님 ㅇ빵빵 터지는거 보니깐 같이 웃게 되네용,False,
@부라보-f5j,타임머신 만들라는 거 미친 거 같아욬ㅋㅋㅋㅋㅋㅋㅋㅋ진짴ㅋㅋㅋㅋㅋㅋㅋㅋㅋㅋ은지님ㅋㅋㅋㅋㅋㅋㅋㅋㅋㅋㅋㅋ,False,
@박진희-h1m7n,넘 웃겨요 죽이 척척 잘 맞고 아옳이님 어질어질 ㅋㅋㅋㅋㅋ 다음애 고민거리 여기에 이야기해야겠어요 속시원 팡팡팡 ღ 종지부부 구독하러갑니다,False,
@Kikiki501,진심 주기적으로 해주세요 ㅠㅠ 케미 넘 좋아요❤❤,False,
@yoonachung5064,너어무웃겨요,False,
@에프킬라-c8n,꼭 또 해주세요! 고민 저도 보내고 싶어요❤❤,False,
@홍시-z6e,다음엔 좀 더 가까이서 아늑한 분위기로 한시간 짜리로 찍어주세욤 (다음에 한다고 한적 없음),False,
@minii153,매번 느끼지만 진짜 기분 안 나쁘게 팩폭을 속시원하게 잘하신다…👍🏻👍🏻 왜 20대 내 연애땐 저런 말들을 못하고 맘고생 다하고 휘둘려 다니며 연애했나 억울억울하네요 🥹 이젠 좀만 아니다싶으면 팩폭 시원하게하며 먼저 버리는 법 알아갑니다 ㅎㅎㅎ,False,
@Mangae._,너무 재밌어요 2번이나 봤어요,False,
@다솜-l3k,은지언니 너무웃기좌나~~🩷🩷 <br>웃음 빵빵 체고체고 ✨✨👍👍👍👍,False,
@먀먀먀먀먀먀-r8u,나 이조합 너무 좋아ㅠㅋㅋㅋㅋ 예신인 현지언니 왤케 매력둥이야ㅠㅋㅋㅋㅋ,False,
@Kongieya,"<a href=""https://www.youtube.com/watch?v=5ZXTHyu7hUo&amp;t=1063"">17:43</a> 두 분 케미 뭐예요 😂❤",False,
@오-c5s8q,아너무 재밋어요ㅠㅠㅠ 또해주세여,False,
@_k6572,타임머신 만들라닠ㅋㅋㅋㅋㅋㅋ상상도못한 답변ㅋㅋㅋ역시 은지님짱,False,
@Asdfg-rm9li,은지 입담 미쳒네..ㅋㅋㅋㅋㅋㅋㅋㅋㅋㅋㅋㅋㅋㅋㅋㅋㅋㅋㅋㅋㅋㅋㅋㅋㅋㅋㅋㅋㅋㅋㅋㅋㅋㅋㅋㅋㅋㅋㅋㅋㅋㅋㅋㅋㅋㅋㅋㅋㅋㅋㅋㅋ 아 재미써,False,
@Bbaaang_man,은지님 어두컴컴한 세로화면이 아니라 넘 어색해서 낯가려져욬ㅌㅌㅌㅌㅌㅌㅌㅋㅋㅋㅋㅋㅋㅋ,False,
@Doit두,세분다 피부가 반짝반짝~~,False,
@Hav5,내가 조아하는 유튜버들 🤦🏻‍♀️🤍🤍,False,
@hamzzziii,와미친 내가 좋아하는 선한사람들 조합 ㅁㅊ다 댕조음 ㅠㅠ,False,
@메리골드-r6w,세분 다 미친캐미 ㅠㅠㅠㅠ제밸 정기적으로 해주세효 ㅠㅠㅠ😂😂😂😂,False,
@imj9834,진짜 보고 또 보는 중 너무 웃기닼ㅋㅋㅋㅋㅋㅋㅋㅋㅋㅋㅋㅋㅋㅋㅋㅋㅋㅋㅋㅋㅋㅋㅋㅋ이 코너 세 분 조합으로 제발 고정 가주세여ㅠㅠㅋㅋㅋㅋㅋㅋㅋㅋ,False,
@Yykyy18,드립이 막 난무하는데 그게 상황에 적절해여ㅠㅋㅋㅋㅋ 재미도 상담도 다 잡는 컨텐츠 계속 해줘요!! ❤,False,
@두둠칫-m1t,대박 이 조합 실화냐면서♥♥♥♥♥!!,False,
@니딩-t3u,진쨔맨날해죠요!!!!,False,
@ocean7382,은지님 이 영상으로 첨봤는데 팬 되었어욬ㅋㅋㅋㅋㅋㅋㅋㅋㅋ아 진짜 개웃갸욬ㅋㅋㅋㅋ,False,
@하연-t5d,제발.. 너무 재밌어요.. 주기적으로 꼭❤,False,
@shubamkwak,역대급 고민상담로그…..❤ 주기적으로 해주세요❤,False,
@땡이-p6s,너무 짧아요!!!! ㅋㅋㅋㅋㅋㅋ<br>은지님이랑 현지님 쿵짝에 배꼽잡고<br>간만에 엄청 웃었네요🤣🤣 <br>진짜 주기적으로 해주세요!!!! <br>너무너무 재밌어요 😂😂,False,
@hihehiho,썸넬 은지님 뽀샵ㅋㅋㅋㅋㅋ,False,
@호수-l7s,진짜 티키타카 대박이예요 최고예요😂,False,
@민개미-z8t,와 뭐야 최애 조합 ㄷㄷㄷㄷㄷ 머야머야,False,
@lettreton7132,"종지부부 은지님 연애상담 와우너무 듣고싶다!! 핫칠리🌶️🔥🔥🥵 플러스 엄마 마음 상담 <a href=""https://www.youtube.com/watch?v=5ZXTHyu7hUo&amp;t=616"">10:16</a>  웃으면서 하하하하 <a href=""https://www.youtube.com/watch?v=5ZXTHyu7hUo&amp;t=957"">15:57</a> 반응 안하는데 경청해주는 줄 알기ㅋㅋㅋㅋㅋㅋㅋ 오히려 좋아하기 RUN!!!남편 라이크 파이어 당하기 싫으면ㅋㅋㅋㅋㅋ",False,
@Veronica-xj5mx,셋의 케미 미쳤다리~~~~~~~~~~,False,
@picturesque.nnjeun,"아옳언니 말대로 진짜 주기적으로!! 뭔가 연애상담, 가족고민, 개인고민 등긍 시리즈로 해주세요ㅠㅠ 뒤로 넘기기 없이 풀영상으로 보게되는 매쥑",False,
@user-ex1wq9hy8g,ㅋㅋㅋㅋㅋㅋㅋ넘 잼나요,False,
@kitchenofrona,너무재밌어요 ❤❤❤,False,
@Olivia-ss4bh,현지님 진짜 인생 통찰력 무엇...ㅋㅋㅋ 엄청 지혜롭고 현명하신듯,False,
@kjpark9250,ㅋㅋㅋㅋㅋㅋ아니 너무 웃겨욬ㅋㅋㅋㅋㅋㅋㅋㅋ적절한 비유와 재현과 현웃터지면서 봤어여ㅠㅠㅋㅋㅋㅋㅋㅋㅋㅋㅋㅋ개웃김,False,
@Mminjiii,진짜 끅끅대면서 봤어욬ㅋㅋㅋㅋㅋㅋㅋㅋㅋㅋ !! 정말 주기적으로 해주세오❤❤,False,
@jayyeonibrow,어머머...💝,False,
@dogumi,ㅋㅋㅋ두번 연달아봤어욬ㅋㅋㅋ넘 웃겨요,False,
@맛탕-c4z,진짜 이건 주기적으로 보러 와야된다,False,
@Dlas-v8c,오ㅓ 진짜 너무 재밌어서 20분린줄 몰랐어요ㅠㅠㅠㅠ 20분 순삭,False,
@manggotulip,"<a href=""https://www.youtube.com/watch?v=5ZXTHyu7hUo&amp;t=618"">10:18</a> 너무 웃겨요ㅠㅠㅠㅠㅠㅠ<br><a href=""https://www.youtube.com/watch?v=5ZXTHyu7hUo&amp;t=707"">11:47</a> 은지님 손꾸락좀...😂😂",False,
@U_thing,"너무 재밌어여,,,, 제발 시즌2,,,,ㅎㅎㅎㅎ",False,
@mingree7268,아니 미친거 아니에요…과한표현으로다가 ㅋㅋㅋㅋㅋㅋ진짜 웃다가 끝나요ㅠ진짜ㅜ미틴거 아니에요……. 나중에 남자게스트도 불러서 해주세여 <br>아 웃음으로 시작해서 너무 웃겨서 울다가 끝났아요………..😂,False,
@sunsetsanto8996,현주디  팬이에요!!!!  현주디   이이름 너무 잘어울림,False,
@e35815,아니 은지님 진짜 너무 웃기심ㅜㅜㅜㅜㅜㅋㅋㅋㅋㅋㅋㅋㅋ,False,
@ddakong3366,은지언니 어디서나 당당하고 맞는 말만 해서 내 롤 모델🎀,False,
@지희-n1m,은지님 현지님 티키타카 너무 잘햌ㅋㅋㅋㅋㅋㅋㅋㅋㅋㅋㅋㅋㅋㅋㅋㅋㅋㅋㅋ<br>둘이 너무 잘맞아 ㅠㅠ,False,
@bboyoung713,우리 도움자매 어머님~~~~은지님~~~~어디에서도 분위기를 이끌어가는 파워!!!존경스럽습돠^^웃다끝난 상담타임~~~~계속해줘용~~~❤❤❤,False,
@DangSing-i5b,아 통쾌!!! 멋져요!!!~~,False,
@서쿠니-y6q,아진짜 웃기넼ㅋㅋㅋㅋㅋㅋㅋ,False,
@영영2-m5e,왘ㅋㅋㅋㅋㅋ진짜ㅋㅋㅋㅋㅋㅋ얼마나 웃었는지몰라요 진짜주기적으로ㅠㅠ코너만들어서해줘요진짜ㅠㅠ 이조합 너무조아요,False,
@제라-f9o,이거 엔딩 노래 뭐에요??,False,
@muv8219,아웃다가복근생길거같아요😂,False,
@제라-f9o,주기적으로 해줘요 힘든 육아의 힐링 그 자체 시간 이였어용❤❤❤,False,
@지배기지배기,진짜 재밌다 ㅠㅠㅠㅌㅌㅋㅋㅋㅋㅋㅋㅋㅋㅋㅋㅋㅋㅋ덕분에 하루 즐겁게 버낼 것 같아여 ㅎㅎㅎ,False,
@Wendy-ci4gt,아ㅋㅋㅋㅋㅋㅋㅋㅋ은지언니 넘 웃기다 역시 최고야 🩷,False,
@yoob2192,언니 핑크색 상의 정보좀 알려주세요 ㅠㅠ 넘 예뻐요,False,
@eun95S,아 너무 재밌닼ㅋㅋㅋㅋㅋㅋㅋㅋㅋㅋㅋㅋㅋㅋㅋㅋㅋㅋㅋ또 해주세욬ㅋㅋㅋㅋ,False,
@gyh6256,"<a href=""https://www.youtube.com/watch?v=5ZXTHyu7hUo&amp;t=586"">9:46</a>  아 역싴ㅋㅋㅋ 최고현명한거같아요ㅋㅋㅋ쿨해보이려고 모른척하는 거 병나요 생색내야돼요ㅋㅋㅋㅋ 그래야 털어버리기 가능",False,
@user-rb3ns1py8e,와 너무 재밌는디…..?,False,
@jam5180,은지님은 개그우먼 공채나가도 붙겠는데...???ㅋㅋㅋ,False,
@wted-,"<a href=""https://www.youtube.com/watch?v=5ZXTHyu7hUo&amp;t=301"">5:01</a> ㅋㅋㅋㅋㅋㅋㅋㅋㅋㅋㅋㅋㅋㅋㅋㅋㅋㅋㅋㅋㅋㅋㅋ",False,
@user-dagyeonglee,세계관…충돌….,False,
@rerebye,은지언냐❤❤❤❤,False,
@하니-p9s,너무 기다렸자놔ㅠㅠㅠㅠ💖💖,False,
@JiminJu-g2g,자주 만나주세요 ❤,False,
@bo0e0,진짜 은지님 너무 사랑스러워요..<br>댓글 안쓰는 사람인데 사람스러움이 영상을 넘어 저에게 직접 닿네요<br>이렇게 선하고 사랑스러운 사람이기에 사람들도 많이 좋아하는 거겠죠? 오늘 하루의 웃음을 주셔서 감사합니다,False,
@Simsim-xc6yk,은지언닠ㅋㅋㅋㅋㅋㅋㅋㅋ세분 케미 너무 좋아요 주기적영상바람🙏,False,
@putsunshine,헐... 너무너무 조아하는 사람들의 조합이라니 🥹🥹 다들 넘 귀여워요 ❤,False,
@jae0-m8e,와 진심 하반기 본 영상 중 제일 재밌다 ㅠ 시간 가는 줄 모르고 봄,False,
@User-o5u8s,옥중 상중 아웃오브안중,False,
@으니-r5f,은지언니를 여기서 보다니 ㅋㅋㅋㅋㅋㅋㅋ 웃다가 갑자기 클로징 멘트 나와서 아쉬움 ㅜㅜ 더 해주세염 !!!,False,
@lllim9698,ㅋㅋㅋㅋㅋㅋㅋㅋㅋ와 남편이랑 싸우고 울다가 이거 보고 방에서 혼자 겁나 웃는중,False,
@yurinoh4956,썸네일보고 놀랬쟈냐.. 안누를 수 없쟈냐…. ㅋㅋㅋㅋㅋㅋㅋㅋㅋㅋㅋㅋ,False,
@북런던더비비,언니 역대 영상중 넘버 원이네요 진짜 젤웃김<br>특히 타이머신,False,
@북런던더비비,개미쳣다개웃곀ㅋㅋㅋㅋㅋㅋㅋ,False,
@곽주안-j7g,언니들 너무 웃겨ㅠㅠㅠㅠㅠㅠㅠㅠ😂,False,
@N52594,아 진짜 너무재밌다ㅠㅋㅋㅋㄱㅋ,False,
@bingdoridori,너무 재밌어요 ㅋㅋㅋㅋㅋㅋㅋ주기적으로 해주시면 좋을 것 같아요 ㅠㅠ 뭔가 각 안잡고 편하게 하셔도 더 좋을 것 같아요 ㅎㅎ,False,
@Kpongki,ㅋㅋㅋㅋㅋㅋ아놔 1부 보고 진짜 이 코너 너무 사랑했는데 ㄴ2부도 겁나 웃겨 ㅋㅋㅋㅋㅋㅋㅋㅋ1부는 웃는다고 넘어갔는데 아삐빠가 우는줄 알고 문열였었다,False,
@1210-m6p,너무 웃기고 넘 기빨려서 이제 그만 자러 갑니다ㅎ,False,
@이민호-k6u,진짜 미친 조합이야!!!!…너무 재밌어요ㅠ,False,
@앙쏭-i3u,제발 또 해주세요ㅠㅠㅠ,False,
@김대진-u5f,요즘 날씨추운데 감기조심하시고 항상 유튜브 자주찾아와주세여 😊😊 자주볼수있었음 좋겠어여,False,
@조깡-y3r,존잼 시리즈해주시요❤❤❤❤,False,
@michelle-fo2lk,재밌게 보다가 나중에 현지님 티셔츠 종지부부가족 티인줄  알았네요 ㅋㅋㅋㅋㅋㅋㅋㅋ넘웃겨 올라프이고 종지부부 구독자인데 넘조아요<br>은지님이랑 영상많이 만들어주세용<br>넘웃겨 ㅋㅋㅋㅋㅋㅋㅋ 은지님 집에도방문해주세요 넘재밌을듯,False,
@김대진-u5f,반가워여 😊😊 동생분이랑 같이 출연하신거 반가워여 언제든 함께 출연해주세여 언제든 환영이랍니다,False,
@주원-s1g,한달에 한 번씩 해주세요...😂😂,False,
@용용이-k1e,각막기증 미쳐버려욬ㅋㅋㅋㅋㅋㅋㅋㅋ사과해요나한테!!!ㅋㅋㅋㅋㅋㅋㅋㅋㅋ,False,
@소라-f6r,아 지인짜 웃겨 ㅠ,False,
@jiyoung.h,헉 종지부부 은지님을 여기서 보다니이❤,False,
@mari-cs8uv,개욱겨여 ㅋㅋㅋㅋ 은지님아옳이님현지님좋아여❤❤❤,False,
@winyblin,은지님 너무 좋아!!!!! 너무 재밌고 사랑스러우심,False,
@김유림-g8k,"은지님 얼굴 엄청 작으시네요,,,살이 있으셔서 그렇지 엄청 기엽고 이뿌신듯~~~🥰",False,
@sooji4543,와 ㅜㅜ 대박 ㅜㅜㅜㅜㅜ 넘 좋아요 💚💚💚💚,False,
@anna-og3bh,역시 은지님❤ 입담 어쩔꺼야 ㅋㅋㅋㅋㅋㅋ,False,
@화공-o5t,은지언니 고민상담 너무 잘해… 일주일에 한 번씩 해주세요… 셋이서….너무 재밌어요😆😘😘,False,
@소유니네,미쵸따ㅠㅠㅠㅠ은지님 케미어쩔거야,False,
@루삥삥-x7z,헐 도움자매어머니..!!!❤❤❤❤,False,
@유나-c4e,진짜 이번편 순삭❤ 은지님 여기서 보니까 더 친근해 더친근해~!~!~!~!~! ❤,False,
@복뎅이-w2q,진짜 속이 다 시원하다~~~~~~!!!!!!!,False,
@annakim353,보는동안 겁나 기빨림 ㅋㅋㅋㅋㅋㅋ,False,
@루해나,이번은 진짜 재밌었다 ㅋㅋㅋ😂,False,
@떼죠이,최애 둘을 여기서 보다니❤❤❤<br>보는내내 웃어서 근육아파여😂,False,
@user-ki8lv4ue6d,제가 가지고 있던 고민이 해결됐어요 그것도 웃으면서ㅠㅋㅋㅋ다른 연애상담이랑 차원이달라요 기분좋고 후련한 연애상담!! 주기적으로 해주세요❤,False,
@qwerty-xv4os,나중에 편하게 수수한 차림으로 옆집언니처럼 해주면 더더더 좋을 거 같아요❤❤❤❤ 이 조합 난 찬성일세,False,
@piayuuu,주1회 해주세요~~!~!~!~!~!~!,False,
@ninagorilla,고정해라 이조합!!!🎉🎉🎉🎉,False,
@보플-d9k,"<a href=""https://www.youtube.com/watch?v=5ZXTHyu7hUo&amp;t=1260"">21:00</a> 아여기서부터 웃겨죽겟어요 ㅠㅠㅋㅋㅋㅋㅋㅋㅋ",False,
@쩡이-i1k,와우 40아지매인데요ㅋㅋ 똑똑하고 자존감 높으신분들이라 사이다 상담 👍,False,
@듀뚜-x2v,미친 은지님 미친 사랑해요❤,False,
@mz-eu4wp,울 아오리 언니 연애해~~~????,False,
@삶이란모순과진실그사,"왁,,,,,,,너무 좋아하는 유튜버들 모임이네",False,
@glowglory750,고민이 너무 표면적이여 더 찐 고민으로 또 해주라!!해줘!!,False,
@happyhappy-j3,내 최애들만 모아놨다니✨️<br>이 구성 찬성이오 !!!! 💜💚🩵💛💙💛❤️🧡,False,
@이잉오,뭐야뭐야 순삭이네용❤❤,False,
@쿵야-x2p,너무 재밌어 ㅜㅜㅜ,False,
@김정우-k3k,진짜 찐행복 또해주세요,False,
@쑤-f8p,아ㅋㅋㅋㅋㅋㅋ진짜 너무 재밌어요ㅋㅋㅋㅋ영상 안 끝났으면 싶어서 시간 계속 확인하는 거 처음이네요ㅋㅋㅋㅋ아옳이님 말씀대로 자주 해주세욬ㅋㅋㅋ덕분에 실컷 웃었습니다,False,
@Easy._0,언니가 돌싱 캐릭터를 너무 잘 활용해서 오히려 즐기는 게 너무 상큼 앙큼 쾌녀예요 ㅠㅠ 행복만 하세요,False,
@mynameisyeonwoo,제발 또 해주세욬ㅋㅋㅋㅋㅋㅋㅋ 속이 시원하네...,False,
@keyly-00,오늘 헤어졌는데…이걸 보고 있네요..ㅠㅠ얼굴 보고 이야기했는데 다시 만나려고 노력할 마음이 없어 보이는 얼굴이 너무 티가 나서 그냥 놔줬어요..ㅎㅎ너무 슬프지만 남자친구의 표정을 보니까 다시 잡아도 소용없겠다는 생각이 바로 들었어요..ㅎㅎ어떻게 하면 힘든 마음이 빨리 괜찮아 질까요..?저도 재결합 생각은 없어요! 다시 만나도 똑같이 힘들 것 같아서요! 빨리 마음이 편해졌으면 좋겠어요..😢<br>사이다 말씀이 너무 많아서 위로가 너무 됐어요!! ᄒᄒᄒ 항상 좋은 영상 감사해요!!☺,False,
@gooring__,주기적으로해주세요❤❤ 오랜만에 skip하나도 안하고 본 영상이에요ㅜㅜㅜ❤❤❤,False,
@HJHJ0924,좋아요가 하나밖에 누를수 없음이 비통하다,False,
@mingooo5437,넘 재밌자나여..,False,
@hyun__seo,은지님 역시 👍🏻 👍🏻,False,
@햄투빵,개욱기넼ㅋㅋㅋㅋㅋㅋㅋㅋ,False,
@솔의-o4k,ㅋㅋㅋㅋㅋㅋㅋㅋㅋㅋㅋ너무웃겨,False,
@나이응,헐 조합 너무좋아,False,
@Eachother-r3u,아니 은지언니랑 현주디언니가 같은 유튜브 아옳이 언니가 게스트같앜ㅋㅋㅋㅋㅋㅋㅋㅋ 주디언니랑 은지언니 너무 결이 잘맞아요 존잼,False,
@mocwaa,와 아주 속 시원한 연애 상담이네요🔥ㅋㅋㅋㅋㅋㅋㅋㅋㅋㅋ 은지님이랑 현지님 케미가 아주그냥 장난아니네요ㅋㅋㅋㅋㅋ 민영언니는 영상에서 기 빨리는게 느껴져욬ㅋㅋㅋㅋㅋ,False,
@jinny5548,NF로써 저 상상에 끼고 싶다 ㅋㅋㅋㅋㅋㅋㅋㅋㅋ 말리기전까지 끝이 없는,False,
@그럼그냥-b1m,주기적으로 해주세요...,False,
@션-q7k1z,진짜 미친 케미닼ㅋㅋㅋㅋㅋㅋㅋㅋㅋㅋㅋㅋㅋㅋㅋㅋㅋㅋㅋㅋㅋㅋㅋ너무 웃겨서 배꼽 빠짐 ㅠ,False,
@blairgirlsolucky,아 저세상 고민상담이닼ㅋㅋㅋㅋ 온갖 드립이난무하는 ㅋㅋㅋㅋㅋㅋ,False,
@healthylife_jella,아 타임머신 절라 웃기다ㅋㅋㅋㅋㅋㅋㅋㅋㅋㅋㅋㅋㅋㅋㅋㅋㅋㅋㅋㅋㅋㅋㅋㅋㅋㅋㅋㅋㅋㅋㅋㅋㅋㅋ,False,
@kayaajam,합성인줄 알았어...!,False,
@yunjoelee,ㅋㅋㅋㅋㅋㅋㅋㅋㅋㅋ진짜ㅋㅋㅋㅋㅋㅋㅋㅋ상담천재들이다,False,
@realbird_,인프피...기빨려요....ㅋㅋㅋㅋㅋㅋㅋㅋㅋㅋㅋㅋㅋㅋㅋㅋㅋㅋㅋㅋ,False,
@JINK-vm1gc,너무 재미있고 웃겨요🤣🤣🤣고정코너 가즈아~~!😆,False,
@lazy94_,대박사건!!!!!!!!🫶🏻🫶🏻🫶🏻🫶🏻,False,
@lifestyle8952,옳지지 유닛 그룹 결성해주세여!!!!!!!!!!!이 조합 계속 보고 싶어욬ㅋㅋㅋㅋㅋㅋㅋ,False,
@onzday,아옳이언니 하도 웃어서 눈이 빨개 ㅋㅋㅋㅋㅋㅋㅋㅋㅋㅋㅋㅋㅋㅋㅋㅋㅋㅋㅋㅋㅋㅋㅋㅋㅋ,False,
@키토리리,은지언니 인스타보고 호다닥 왔어요❤ 짱잼,False,
@Hyee103,아 셋다 졸귀야 ㅋㅋㅋㅋㅋ재밌닼ㅋㅋ,False,
@cicicicicicicicicicici,역대급 시간 가는 줄 모르고 끝까지 봤어욬ㅋㅋㅋㅋㅋㅋㅋ상담 해결도 재미도 역대그으으으으으읍🔥🔥🔥🔥🔥,False,
@이수빈-u5k,영상이 끝나고 나서야 24분짜리 라는걸 안 1인..😮<br>세분이서 합동 라이브 방송 해주셨으면♡,False,
@Vic-q1z,속이 후련 ㅋㅋㅋㅋㅋ,False,
@유정아-l2c,은지님 진짜 사랑스러움..........,False,
@채은김-i4g,👍,False,
@HelloWorld-te8uw,주기적으로 해줘여!!!!!!!!!!!!!,False,
@루키-r8p,뭐야 은지언니 짱예쁨ㅋㅋㅋㅋ,False,
@김나나-z8w,은지님 연애 상담은 본 채널에서 안 해주시는데 여기서 하실줄이야....ㅋㅋㅋㅋ,False,
@희-s9e,우와 썸네일에 움이있어요,False,
@하니-t6w,"최애와 최애의 조합이다,,❤ 행복했다,,❤",False,
@CelinKim_,세명 조합 ㅋㅋㅋㅋㅋㅋㅋㅋ 미쵸따,False,
@iceice4195,너무 재밌었어요ㅋㅋㅋㅋㅋㅋㅋㅋㅋㅋㅋㅋㅋㅋㅋㅋㅋㅋㅋㅋㅋㅋㅋㅋㅋㅋㅋㅋㅋ,False,
@울울-w2k,역시 꿀잼ㅋㅋㅋㄱㅎㅎ,False,
@쏘님-g1t,은지 현지님 케미뭐야 ㅋㅋㅋ 지시스터들 다시 다른걸로 컨텐츠 찍었으면 좋겠다여,False,
@may-sv9yj,아 진짜 주기적으로 해주세요….!!!!!!😂😂,False,
@_sunnys2,"<a href=""https://www.youtube.com/watch?v=5ZXTHyu7hUo&amp;t=1258"">20:58</a> ㅋㅋㅋㅋㅋㅋㅋㅋㅋㅋㅋㅋㅋㅋㅋㅋ타임머신 갸웃걐ㅋㅋㅋㅋㅋㅋㅋ",False,
@Jayworld-i9j,꺄악❤,False,
@율구,다음에 또 해줘요🙏🏻시간가는 줄 모르고 봤네욬ㅋㅋㅋㅋ댓글 매뉘절~~!!,False,
@잰-o9g,"아.. 진짜 정신없이 봤어요 너무 웃겨 현지은지 케미 미쳤어..❤ 감당하기 버거워하는 아옳이도 짱,,🫶🏻",False,
@jurijuri98,처음으로 댓글 남겨보는데 너무 재밌어서 오열하면서 봤네요ㅠ 이 컨텐츠 계속 했으면 좋겠어요!! 제육만 생각나는 영상ㅠㅜ 너무 웃어서 광대아플지경이예요 ㅋㅋㅋㅋ 너무 잘보고 갑니다!!,False,
@hyein_hyns,너무웃겨서 배꼽잡음욬ㅋㅋㅋㅋㅋㅋ😂,False,
@jaynix2422,ㅋㅋㅋㅋㅋㅋㅋㅋ아니 현지님이랑 은지님 티키타카 무슨 일이에욬ㅋㅋㅋㅋㅋㅋㅋㅋ단어하나하나 너무 웃겨욬ㅋㅋㅋㅋㅋㅋㅋ😂😂,False,
@_abc_00,은지님 첨보는데 말빨 드리블 미쳤어요ㅋㅋㅋㅋㅋㅋ,False,
@쩡이-y6x,진짜 주기적으로 해쥬세요!!!! 광대 아파 죽겠어요 ㅋㅋ 배 찢어지는 쥴!!!ㅋㅋㅋㅋㅋㅋㅋ,False,
@_smellsogood2358,아 ㅋㅋㅋㅋㅋ 진짜 너무웃기닼ㅋㅋㄴ 배찢어지는줄ㅋㅋㅋㅋㅋ,False,
@asdiarywithbook2216,고정고고고고고!! 덕분에 빵빵터지면서 본 ㅎㅎ 예비 시어머니.. 왜 난 도망가지 못하엿는가 하하하 하면서봤슴다 ㅋㅋㅋ,False,
@라따뚜이-w3g,은지님 피부 진짜 좋다 제일 좋은거 같아유 ㅋㅋㅋㅋㅋ 셋다 넘 좋아하는 조합 ❤❤,False,
@songkite_,진짜 개재밌다 🩷🩷🩷🩷🩷,False,
@김서지-g5p,종지부부 이분 너무조아하는뎈ㅋㅋㅋㅋ최고다...!🤍,False,
@oiawhgoiesjfsd,근데 아옳이님 왤케 기빨려 보이죠 ㅋㅋㅋㅋㅋㅋㅋㅋㅋ 저날 지쳐서 뻗었을 것 같은 느낌,False,
@may-oe3bb,미틴❤❤❤❤,False,
@oiawhgoiesjfsd,진짜 개그맨인 거 같아 ㅋㅋㅋㅋㅋㅋㅋㅋㅋㅋㅋ 왤케 찰져,False,
@dalimoon5975,아옳이 채널에서 은지님을보다니~~~!,False,
@설아-k5e,또 해줘요 !!!!!! ㅋㅋㅋㅋㅋㅋㅋㅋ,False,
@윤윤윤-z1t,현지님과 케미가 진짜 이거 맛도리입니다<br>주기적으로 자주 봐야해요❤,False,
@Dalda.__46,멤버고정해야될것같아요 넘나 꿀잼이엿어요😊,False,
@corncheesyyyy,아옳이 언나 어느때보다 행복해보여욬ㅋㅋㅋㅋ,False,
@STRLOVES2,아놔 은지님 여기서왜나왘ㅋㅋㅋㅋㅋㅋㅋㅋㅋㅋ은지님이랑 현주디랑 티키타가 오진닼ㅋㅋㅋㅋㅋㅋㅋㅋㅋㅋ,False,
@Daebal_n_Phachae,와 진짴ㅋㅋㅋㅋㅋㅋㅋㅋ오늘 나이트근무라 축축 쳐지는뎈ㅋㅋㅋ 어케 이조합을 만들었대욬ㅋㅋㅋㅋ와 계속 웃다가 출근하겠넼ㅋㅋㅋ넘 웃겨옄ㅋㅋㅋㅋ🤣,False,
@mel5737,"<a href=""https://www.youtube.com/watch?v=5ZXTHyu7hUo&amp;t=142"">2:22</a> 지난번 나가주세요의 뒤를 이을 들어가세요🙏🙏🙏",False,
@ninamonopro-f1i,ㅎㅎㅎㅎㅎㅎ 넘 웃겨 ㅎㅎ<br>속시원하다 ㅎㅎㅎ,False,
@베리코코-v3r,은지언니 자주 나오세요<br>현지랑 채널하나 만들어줘요,False,
@목동-c1n,동생분 집수리 영상 기다린 사람 (눈물),False,
@aori,이번달에 꼭 올려볼게요옥🎉,True,@목동-c1n
@으앙초아,"사연들이 다 거를 남자들 뿐이네요. ㅋㅋ 이정돈 줄은 ㅋㅋㅋㅋㅋㅋㅋ 여성분들 좋은 남자가 아니면… 제발 걸러요 ㅋㅋㅋㅋㅋㅋ 제가 몇년전만 해도 이런거 소설인줄 알았던 사람 인데요.. 이상한 남자가 꼬이시는 분들은 남자를 좀.. 자신과 같은 존재인데 성별만 다를 거라 생각하기 보다는, 남자를 좀 공부하세요..ㅋㅋㅋㅋ 남자는 여자한테 잘하게 되어 있어요 ㅋㅋㅋ 명품매장의 고객과 셀러처럼 안 동등한 그 상황처럼요 ㅋㅋㅋ 제가 예쁘고 뭐 그래서 하는 소리가 아니에용 ~ㅋㅋㅋ 첨보는 분인데 너무 재밌으세요!!!✨👍🏻✨💕✨ 아옳님이 하시니 파격인 걸요?  진행도 잘 하시네여!! ✨👍🏻✨🫖✨ 잘봤어영~~✨👍🏻✨🪽✨",False,
@gayoung1547,웃다가 배 찢어져요😂,False,
@썸썸-p7e,"조합뭔데,, 미친,,,,,, ♡",False,
@ssubin.4510,ㅋㅋㅋㅋㅋㅋㅋ언니들 유쾌..ㅋㅋㅋㅋㅋㅋ개웃겨요😂😢😮ㅋㅋㅋㅋㅋ이조합 또줘요 넘마싯어요,False,
@똠-l9y,고정코너 해주세요~~~,False,
@33가뷰자,아옳이언니 오늘 입은 가디건 정보 궁금해요...!!!!!!!!!!!!!!,False,
@jisooart3949,현지님 입담 너무 사랑해요! 너므 재미있네요~!❤주기적으로 이야기듣고싶어요,False,
@제리-h3k,진짜 재밌다요 ㅋㅌㅋㅋㅋ,False,
@boxknxg,대박 이 조합 찬성이요 🤍🤍🤍,False,
@-kim7811,완전 신선한 조합인데 입담이 팡팡 터지네요😂ㅋㅋㅋㅋㅋㅋㅋ,False,
@곽두팔-r6f,아옳이님은 방청객이신가요? ㅋㄱㅋㄱㅋㄱㅋㄱㅋㅋㅋㅋㅋㅋㅋㅋㅋㅋㅋㅋㅋㅋ 하루종일 웃고만 있으심 ㅜㅜㅋㅋㅋㅋㅋㅋ,False,
@aori,아 낄자리가없더라고욬ㅋㅋㅋㅋㅋㅋㅋㅋㅋㅋㅋㅋㅋ너무웃겼다구❤,True,@곽두팔-r6f
@9910nade,한명이라도 받쳐주는 역활해야죠. 왜 불만인것처럼 들리지? ㅋ,True,@곽두팔-r6f
@SubinJang619,@@9910nade엥 별로여 ㅋㅋㅋㅋ 그냥 너무 웃겨서 하시는 얘기같은데요 ㅋㅋㅋㅋㅋ,True,@곽두팔-r6f
@minee8611,@@9910nade님 국어 9등급이져,True,@곽두팔-r6f
@9910nade,@@minee86111등급👍,True,@곽두팔-r6f
@이름-o8z3h,헐 세계관,False,
@popopopopopopo555,뭔가 세계관이 확장되는 느낌이다<br>다음번에는 좀더 가까이 앉아서 배 부분은 안 보이게 하면 좀더 편하게 방송 하셨을듯,False,
@왈왈이라구,드뎌 올라와따!!!,False,
@_unnn__,모야 무슨 조합이야 ~!~!~!~!~! 둘다 보고있는뎅~!~!~!~!!,False,
@yejeein,미쳤다.. 너무 재밌음 ㅜㅜ🤣,False,
@녹차-z7e,아 진짜 역대 너무 웃겨욬ㅋㅋㅋㅋㅋ 자주 해주세요!!!!!!,False,
@jj-bt1ub,동생집인테리어내놔,False,
@LYJ-cy4km,헐 ㅋㅋㅋㅋㅋㅋ 뭐야 ㅋㅋㅋ 이 조합! 은쥐님❤여기서 보다닛😊,False,
@alsjfirbdi,ㅋㅋㅋㅋㅋㅋㅋㅋ 우와우 연애상담이 아주 매운맛이라서 너무 좋네요❤,False,
@지에스-d8l,시간이 훅가요 ㅋㅋㅋㅋㅋㅋㅋㅋㅋㅋㅋㅋㅋㅋ,False,
@moooo12,신혼 애둘 돌싱ㅋㅋㅋㅋㅋㅋㅋㅋㅋ,False,
@user-ge5yr2hg7,어??오른쪽분 예전에 염보성이랑 스치신분 아닌가 봉준이 방송에나옴 그때 엉덩이 염보성 어깨에 스쳤던걸로 기억하는데,False,
@aori,아마아닐듯요!!!😅,True,@user-ge5yr2hg7
@user-ge5yr2hg7,@@aori 혜정님 아닌가요??,True,@user-ge5yr2hg7
@태희-k9x,은지언니덕분에 열자매낳고싶은사람 추가,False,
@말랑둥이-e4l,ㅋㅋㅋㅋㅋㅋㅋㅋㅋㅋㅋ 처음부터 끝까지 진짜 웃기다 ㅋㅋㅋㅋㅋㅋ,False,
@완벽황,😂넘재밌어요 세분,False,
@universemy5569,케미가 장난없어욬ㅋㅋㅋ 넘 재밌당,False,
@mangoyoon4113,주기적으로 해주세욬ㅋㅋㅋㅋㅋㅋㅋㅋ😂😂😂😂객꿀잼ㅋㅋㅋㅋㅋㅋㅋㅋㅋㅋ,False,
@윤하영-y7s,와 근데 이거 짇짜 대박이다 와 짖짜 대박❤❤❤❤❤❤❤❤,False,
@Mayevur,고정코노 해요……..,False,
@Ellie-j8b,아니 ㅋㅋㅋㅋㅋㅋ 은지 현지 이름도 비슷하고 둘이 자매아니냐면서 ㅋㅋㅋㅋㅋㅋ 죽이 완전 척척 맞아서 넘웃겨욬ㅋㅋㅋㅋㅋ 연애상담 시리즈 중에 이편이 젤 웃겨욬ㅋㅋㅋㅋㅋ 최고👍🏻👍🏻,False,
@Don-s1n,진짜 ㅠㅠㅠㅠ 이렇세 소리내서 웃은 거 첨이에요 ㅠㅠ 두분 같이 있으니까 드립력 100배 상승해서 넘재밌어요 ㅠㅠ 제발 이대로 끝내지말아요,True,@Ellie-j8b
@mylovesherlock,엇! 내 최애들의 만남이라니 대박!,False,
@은혜-n5n,"<a href=""https://www.youtube.com/watch?v=5ZXTHyu7hUo&amp;t=645"">10:45</a> ㅋㅋㅋㅋㅋㅋㅋㅋㅋㅋㅋㅋㅋㅋㅋㅋㅋㅋㅋㅋㅋ 은지님 눈빛 돌아 있엌ㅋㅋㅋㅋㅋㅋㅋ",False,
@햄수닝,나가주세요 🙏🏻2탄 늠나 재밌자냐🤣🤣(아직안봄),False,
@지에스-d8l,아 너무 재밌어요😮,False,
@Ichbinglücklich,ㅎㅓㄹ미친 이조합뭐야 ㅠㅠㅠㅠㅠㅠㅠㅠ 너무좋아 ㅠㅠㅠㅠㅠㅠㅠ 벌써개웃김 ㅠㅠㅋㅋㅋㅋㅋㅋㅋㅋㅋㅋㅋㅋㅋㅋㅋㅋㅋㅋㅋㅋㅋ,False,
@user-om6ok8qz6o,우앗 친해지고싶어욬ㅋㅋㅋㅋㅋㅋㅋ,False,
@말랑둥이-e4l,은지언니 왤케 예뽀 .......?,False,
@jongji_bubu,연애상담 재밌쟈나... 짜릿하쟈냐.... 아옳이 현주디.. 자주 보면 좋겠쟈냐....❤🫶🏻,False,
@poiuy5685,너무 이쁘자냐!!!!!!!,True,@jongji_bubu
@보나마나-x1o,여신이쟈냐..귀여운제육여신❤,True,@jongji_bubu
@그럼그냥-b1m,너무 재밌었어요!!,True,@jongji_bubu
@Don-s1n,현주디님이랑 특히 결너무 잘맞고 케미 넘 좋아요… 제발 또 나와주시길….,True,@jongji_bubu
@수여니-z5g,아니언니가!!! 내가좋하하는 유튜버들 다 모였자너!!!❤,True,@jongji_bubu
@00jenny58,요요왔어 미치겠다 ㅋㅋㅋㅋㅋㅋㅋㅋㅋㅋㅋㅋㅋㅋㅋㅋㅋㅋㅋㅋㅋㅋㅋㅋㅋㅋ,False,
@향이-q1g,with 종지부부가아니라 with 현지 느낌ㅋㅋㅋㅋㅋ,False,
@보나마나-x1o,사랑해요~종지부부 아옳이 현지님 :),False,
@초딘닌,미쳤다.. 이 조합을 내가 본다고????????!?!!?? 오래살기 잘했다 나자신,False,
@imk666,들숨에 웃고 날숨에 침 흘리면서 봤네요 😂😂😂,False,
@holse9417,데이트 통장을 헤어질때를 먼저 생각하시네;,False,
@온느-e2x,ㅋㅋㅋㅋㅋㅋㅋㅋㅋㅋㅋㅋㅋㅋㅋㅋㅋ아 진짜 개웃기다 ㅋㅋㅋㅋㅋㅋㅋㅋㅋㅋㅋㅋㅋㅋ영상 순삭.. 제발 주기적으로 해주세열~~~~~~,False,
@S393h,고정코너 가쟈!!!!ㅋㅋㅋㅋㅋㅋ,False,
@먀먀먀먀먀먀-r8u,진짜 고정코너 ㄱㄱㄱㄱㄱ 가자 !!!! 언니들 내 옆집언니들 해주라ㅠㅠ,True,@S393h
@바다소녀-r3s,고정코너 완전 찬성이요 ㅎㅎㅎ 완전 사이다에 쫀잼❤️,True,@S393h
@81-km4hg,좐잼❤,False,
@김안젤라,아 무엇보다 은지님 멘트 하나 하나에 아옳언니 계속 빵빵터져 ㅋㅋㅋㅋㅋㅋㅋㅋㅋㅋ,False,
@mmmm-js5hc,진짜 너무 웃기닼ㅋㅋㅋㅋㅋㅋ미쳨ㅋㅋㅋㅋㅋㅋ,False,
@껨온SON155,아옳이님 아주예쁘군요.,False,
@dovesinthewind8416,아닠ㅋㅋㅋㅋㅋㅋㅋㅋㅋ 동생분 티셔츠에 그림 뭐지? 싶어서 유심히 봤는데 종지패밀맄ㅋㅋㅋㅋㅋㅋㅋㅋㅋㅋㅋㅋㅋㅋㅋㅋㅋㅋㅋㅋ 깨알 킬포..★,False,
@길천사,🤏,True,@dovesinthewind8416
@jjong-unni,ㅋㅋㅋㅋㅋ어휴 맵다매웤ㅋㅋㅋ하도 뼈 맞아서 전치4주 나오겠어여 따흑흑ㅋㅋㅋ,False,
@circledragon741,벌써 연애상담 두번째 영상이다!!!!,False,
@에오-z7v,앜ㅋㅋㅋ현지언니 옷좀봨ㅋㅋㅋ 애기움이 사진이네 ♥,False,
@1010GGGY,헉!! 은지언니 뭐야❤❤❤ 여기서보니까 더반갑❤🎉,False,
@온느-e2x,아 진짜로 이것만 보고 씻어야지,False,
@yeonjella,와ㅠㅠ 진짜 너무 좋아하는 분들 조합이라니... 은지언니 인스타스토리 올라왔을 때부터 영상 기다림 ㅜㅜㅠㅠㅠㅠ<br>셋 조합 또 해주세요... 또 또 또 ...,False,
@라콜-j2c,ㅋㅋㅋㅋ 저분 눈이 맑광이네옄ㅋㅋ,False,
@삐용쓰-z4b,이 썸네일 클릭 안하는법을 알려줘,False,
@epi206,꺅,False,
@yeon0love66,조합 체고 😂😂😂,False,
@에오-z7v,아니 은지언니를 아옳이 채널에서 보넼ㅋㅋㅋ❤️‍🔥,False,
@김서은-k1l,그러게요 ㅋㅋㅋ 은지님 봬서 좋네요 ㅎㅎㅎ🎉🎉(윤하콘서트인천대구부산에서곧해요,True,@에오-z7v
@도롱이-i7e,와 콜라보 미춌다 아옳이 섭외력무엇........!!!!!!!!!!!!!!!!,False,
@solovesu,어마갇 내 웃음제조기 종지부부와 함께라니…,False,
@만꾸,오아아아앗,False,
@nadonaljalmolra,미 쳤 다<br>눈을 잠시 의심<br>눈비비고 제대로 드갑니다,False,
@mink3282,왘ㅋㅋ대박!!!!!! 아옳이자매 X 은지 님이라니!!!! <br>너무 은혜로운 조합 ㅠㅠㅠㅠ,False,
@rn-uy8my,미쳤다 이 조합 뭐야…!!!ㅠㅠ,False,
@sgk4042,달려왔어요 ㅋㅋㅋㅋㅋㅋㅋㅋ❤,False,
@박기범-b2s,아옳이님 연애상담 잘 볼게요,False,
@mmmm-js5hc,1빠,False,
