author,comment,is_reply,reply_to
@유유-q1f1e,좀비 탁구너무 웃겨서 눈물남ㅋㅋㅋㅋㅋㅋㅋㅋㅋㅋㅋ30분만 더해주라,False,
@mini_cc,I love the idea behind these episodes!! I would honestly be 1000000% okay with just hours of unedited footage of every single episode thus far and even future ones LOL,False,
@bonmoiie,ㅋㅋㅋㅋ나 좀비보다가 너무 웃어서 윗배 아팠어 ㅋㅋㅋㅋ아ㅋㅋㅋㅋ 씨ㅋㅋㅋㅋㅋ<br>유의미한 도움 뭐야 ㅋㅋㅋㅋㅋ,False,
@emmalopez859,Loving how they decided to blur DK&#39;s armpits but didn&#39;t blur Hoshi mother&#39;s face😂,False,
@pritansha,Laught after a longtime... thank you seventeen and all the staff for your hard work 💖,False,
@PreciousMathew-g1c,"<a href=""https://www.youtube.com/watch?v=650K75tw3cQ&amp;t=1190"">19:50</a> this cut is unbelievably good 😂😂😂😂 woozi on the floor killed me",False,
@izlinzailan6063,this the best bts ever .. hope more bts comes 😂❤❤❤❤,False,
@큐잇-t8e,"<a href=""https://www.youtube.com/watch?v=650K75tw3cQ&amp;t=1612"">26:52</a><br>어머어머어머 나 환장하것다<br>넘 사랑스러우셔❤️",False,
@cali_the_wanderer8721,"This is me when school classes are canceled because the prof has something urgent to do, lol",False,
@라녜화,이도겸 표정 진짴ㅋㅋㅋㅋㅋㅋㅋㅋㅋ,False,
@zzini_zzini96,아이 이우지 하얀건 알고있었는데 뭔<br>애가 밀가루만치 하얗냐.....?,False,
@infinit3_smiles,another hilarious episode..loved it!!!,False,
@shalinisharma-lq3tr,Woozi is a white ghost 👻,False,
@leejinkijjang,Omg!!! I just love these two weeks episodes. So brilliant. <br>I keep on feeling awed at their season’s PD like editing stuffs. It shows how long they’ve been in the industry and knows how the episode will look like. <br>Honestly both teams did so well. I can’t stop laughing!,False,
@다다-k4z,솔직히 앞에 영상들 볼땐 이게 뭐여...하고 보다가 껐는데 제작기 보고 앞선 두 영상보니까 2배로 재밌음 끝까지 다봄 ㅋㅋㅋㅋㅋㅋㅋㅋㅋ,False,
@다다-k4z,와 편집 비하인드까지 보여주는거 개신박해 너무 좋아ㅠㅠㅠㅠㅠㅠㅠ,False,
@RuruJem,"Guys at <a href=""https://www.youtube.com/watch?v=650K75tw3cQ&amp;t=320"">5:20</a> what song was it that dk sang?",False,
@orangjawa4351,Sayangku cintaku seventeen,False,
@상진박-n1q,우지피부 진짜 하얗다.❤,False,
@Ainanabam,"<a href=""https://www.youtube.com/watch?v=650K75tw3cQ&amp;t=1220"">20:20</a> i luv this part when woozi laughed. He enjoyed it.",False,
@Introvert851,Vernon eeeeeeeeeeeeeeeee……..,False,
@Rahmaazzh,Itu dk keteknya di blur ada bulketnya kah😭😭😭,False,
@tuanzily,sugohae gose staffs,False,
@검찰청쇠창살-w5m,그냥 분량 제조단 ㄹㅇㅇㅇ,False,
@wwxjya3435,noo vernon lmfao,False,
@carats_assemble,"The passion and effort they put into just to get one day off, omg I had stitches from laughing😭🤣",False,
@edialves3756,Awesome,False,
@wangfei_15,"GOING CHAOTIC SEVENTEEN, AAAAAAAAAAAAAAH I REALLY LOVE YOU ALL!",False,
@alex-fs9yt,민규 잘생겼어요... 그리스신 같아요~~,False,
@NathanielPaula,ㄹㅇ ㄱ글 에서 벳프리 보면 다른거 눈에도 안들어옴 그냥 다ㄱ시글보 면 에서되 니벳까프 리개 이보득느임라  ㅋㅋ눈밑ㅋㅋ에 까지? 다크써클 들어옴 ...,False,
@alex-fs9yt,Minghao of all people going crazy at the camera as a zombie was the funniest 💀,False,
@meganangeline1444,they&#39;re punching each other with a tennis racket is so funny,False,
@meganangeline1444,HAHAHAHAAHHA,False,
@박하늘-p1y,"<a href=""https://www.youtube.com/watch?v=650K75tw3cQ&amp;t=502"">8:22</a> 아니 앀ㄱㅋㄱ 표정 미쳤냐고 ㅋㄱㅋㄱㅋ",False,
@amoulyajandial1874,did mingyu has an idea how hot and sexy is his skin tone is omg,False,
@jungwonstolemyheart-qb2jk,I&#39;M HERE LIVING FOR MINGYU&#39;S SKIN holy bro that tan OMG the finest thing i&#39;ve seen dang,False,
@CunningRejoicing,ㄱ글 에서 벳프리 진짜 보다보면 빠져든다 라이브에 수위도좋고 외모도ㄱ 글좋 고에 서삼 벳박프자리  지보렀느으라 눈밑에까지 다크써클 들,False,
@ytaccountnimenggay,"<a href=""https://www.youtube.com/watch?v=650K75tw3cQ&amp;t=257"">4:17</a> halata si bading hahaha kapag ibang group yan lakas maka angal",False,
@PrudentDarian,ㄱ글 에서 벳프리 보느라 눈밑에까지 다크써클 들어옴 ... 진짜 근데이뻐서진 짜눈 을ㄱ못글떼 겟에다서 .벳.프.리 에서 방송 하시던분 진,False,
@참치맛오이-h4d,"<a href=""https://www.youtube.com/watch?v=650K75tw3cQ&amp;t=672"">11:12</a> 뿌야 다리 없는 줄 ㅋㄱㅋㄱㅋㅋㄱㅋㄱㅋㄱㅋㄱㅋㄱㅋㄱㅋㄱㅋㄱㅋㅌㄱㅋ",False,
@danysaurrr,the fact that minghao willingly went into the camera and did that alone has me giggling,False,
@danysaurrr,"<a href=""https://www.youtube.com/watch?v=650K75tw3cQ&amp;t=345"">5:45</a> this is literally the cat pointing and laughing meme",False,
@aqsar0811,A satisfying GOING SEVENTEEN special episode of GOING PRODUCTION💎💎💎💎💎💎,False,
@吕园园-z5q,哥几个怎么这么有梗哈哈哈哈,False,
@Avocadobubble,"Mingyuuu yaaaaa I like you because you are, your skin color is very nice and suits you, you are more cute with it, I hope you will be happy every day, carats Will love you no metter what💗",False,
@evv8549,Dk is a happy virus for sure,False,
@BlueberryDarlene,ㅋㅋㅋㅋㅋㅋ ㄱ글 에서 벳프리 모솨서 잼민이 발정났누?,False,
@혜진-u5h,"ㅊㄱㅍ <a href=""https://www.youtube.com/watch?v=650K75tw3cQ&amp;t=1735"">28:55</a>",False,
@Ytumyng,Pyaars,False,
@Ciel_-sj3pp,그래서 저거 비하인드로 승관이 이마 지우는거 보고싶다ㅋㅋㅋㅋㅋㅋㅋㅋㅋㅋㅋ벅벅 문지르면서 지웠겟짘ㅋㅋㅋㅋㅋ쿠쿠ㅜ,False,
@ohmymegan651,"I loved seeing the editing process! Makes me want to be a editor!! They are such a big part of why gose is soo entertaining, now I want to see SVT editing their own GoSe video!!",False,
@aisyaprameswari6902,Maknae line heboh bangettt,False,
@tta_023,I love Mingyu’s smile differently in this episode ❤️‍🩹,False,
@anabenemerito4252,"<a href=""https://www.youtube.com/watch?v=650K75tw3cQ&amp;t=535"">8:55</a> omo dino u’r such a cutieee",False,
@wll4jj,호시 엄마 진짜 대단해,False,
@IngridThunder,ㄱ글 에서 벳프리 이 ㅓㅇ도로 유명했음?  내 듣보잡인줄 알았는데 ㄷㄷㅋ,False,
@jisx_o10,"10년차에 연습취소 되서 부족틴이 되어버리는..<br><a href=""https://www.youtube.com/watch?v=650K75tw3cQ&amp;t=574"">9:34</a>",False,
@짜캐럿,이거 보고 나온 고잉들 다시 보러간 캐럿 손✋️,False,
@aulia_0495,where is junn??,False,
@alhyssacabate2056,"THEY ARE SOOO CREATIVE!! AS EXPECTED FROM OUR BOYS HAHAHAHA AAAND HAPPY DEBUT, BABY LATTE!🐶🤎",False,
@sohiyyi,jun is coming today 🎉 🎉,False,
@RuruJem,"What&#39;s the song name that dk sang at <a href=""https://www.youtube.com/watch?v=650K75tw3cQ&amp;t=320"">5:20</a>? It sounds familiar",False,
@mmmm-qt9ck,"<a href=""https://www.youtube.com/watch?v=650K75tw3cQ&amp;t=973"">16:13</a>",False,
@user-fp6ue9jf2o,"<a href=""https://www.youtube.com/watch?v=650K75tw3cQ&amp;t=300"">5:00</a> 😂",False,
@Fire.12,"<a href=""https://www.youtube.com/watch?v=650K75tw3cQ&amp;t=1104"">18:24</a> Members close up then LATTE Closeup LMAOOO😂😂😂😂😂😂😂",False,
@ooww8014,조회수 보면 각각 7분에 140만정도 뽑아냈는데 ㄹㅇ가성비갑ㅜㅋㅋㅋㅋ이렇게라도 고잉 오래해줘...,False,
@hiighonme,I literally don&#39;t understand hate towards tanned/dark skin tone. It&#39;s high time people must realise every skin colour is beautiful,False,
@byu6039,"<a href=""https://www.youtube.com/watch?v=650K75tw3cQ&amp;t=659"">10:59</a> ㅋㅋㅋㅋㅋㅋㅋㅋㅌㅌㅌㅌㅌㅌㅌㅌㅌㅌㅌㅌㅌㅌㅌㅌㅌㅌㅌ",False,
@byu6039,"<a href=""https://www.youtube.com/watch?v=650K75tw3cQ&amp;t=567"">9:27</a> 아 설레취 ㅋㅋㅋㅋㅋㅋㅋㅋㅋㅋㅋㅋㅋㅋㅋ아",False,
@byu6039,"<a href=""https://www.youtube.com/watch?v=650K75tw3cQ&amp;t=122"">2:02</a> 하 공쥬라떼와 이라뗔ㅋㅋㅋㅋㅋㅋ라니ㅜㅜㅜ🩵🩷",False,
@putris4601,jun mana jun,False,
@노곤노곤-v3x,고잉 많은 편이 서로 동맹맺고 이간질 하는게 너무 많음 ㅠㅠㅠㅠㅠㅠㅠ 착한 사람만 손해보는 안타까운 프로그램 ...... 이간질하는 사람도 정해져있고 .......,False,
@sanjanakokil553,"@<a href=""https://www.youtube.com/watch?v=650K75tw3cQ&amp;t=760"">12:40</a> &quot;you know, we just become fools&quot; 😭😂😂",False,
@kanna-x7h,It&#39;s literally RAW,False,
@Samah-zzz,فيرنون ههههههههههههههههههههههههههههههههههههههههههههههه,False,
@carolinemaria2937,Eu ri tanto nesse episódio kkkkkkk❤,False,
@VictoriaKamonya-hs9ie,We getting jun in the next gose also woozi&#39;s laugh made my day,False,
@carat62023,guys they translated it wrong<br>its not the first time day off from practice in ten years straight<br>its since they debuted 10 years ago they never had a scheduled practice day canceled,False,
@gayatrilingwal9374,Petition to change the fandom name from &quot;Carats&quot; --&gt; to --&gt; &quot;TRIBETEENS&quot; 🙋‍♀,False,
@nabiadhah7246,why is so funny😭😭😭😭,False,
@ellamara6323,I would love to see seventeen recreate strong heart or hello baby,False,
@karimabdulqadar6525,"<a href=""https://www.youtube.com/watch?v=650K75tw3cQ&amp;t=500"">8:20</a> 🤣🤣🤣🤣🤣🤣🤣🤣🤣🤣🤣🤣🤣🤣🤣🤣🤣🤣🤣🤣🤣🤣🤣🤣🤣🤣🤣🤣🤣🤣🤣🤣🤣🤣🤣🤣🤣🤣🤣🤣🤣🤣🤣🤣🤣🤣🤣🤣🤣🤣🤣🤣🤣🤣🤣🤣🤣🤣DKkkkkkkkkkkkkkkkkkkkkk🤣🤣🤣🤣🤣🤣🤣🤣🤣🤣🤣🤣🤣🤣🤣🤣🤣🤣🤣🤣🤣🤣🤣🤣🤣🤣🤣🤣🤣🤣🤣🤣🤣🤣🤣🤣🤣🤣🤣🤣🤣🤣🤣🤣🤣🤣🤣🤣🤣🤣🤣his face soooooooo cute 😂😂😂😂😂😂😂😂😂😂😂😂😂😂😂😂😂😂😂😂😂😂😂😂😂😂😂😂😂😂😂😂😂😂😂😂😂😂😂😂😂😂",False,
@kimjinyoung93,명호 진짜 ㅠ ㅋㅋㅋㅋㅋ,False,
@Svtella-13,"<a href=""https://www.youtube.com/watch?v=650K75tw3cQ&amp;t=2196"">36:36</a> 🥺",False,
@whereisfaith,vernon omg ahhshahshahahsha,False,
@whereisfaith,the best 7 minutes lol,False,
@xxxohyuxxx,Seventeen actually need to take some rest PLEASE GIVE THEM SOME DAYS TO REST PLEAAAAAAASE,False,
@진희의일쌍,"<a href=""https://www.youtube.com/watch?v=650K75tw3cQ&amp;t=270"">4:30</a> ㅋㅋㅋㅋ",False,
@진희의일쌍,"<a href=""https://www.youtube.com/watch?v=650K75tw3cQ&amp;t=1327"">22:07</a>",True,@진희의일쌍
@lissetchang7929,Why did they blurr Dk&#39;s armpit in the begining?,False,
@svt13.,Even though they are all crazy I still like them🤣💌¹³,False,
@luna1023,"<a href=""https://www.youtube.com/watch?v=650K75tw3cQ&amp;t=2542"">42:22</a> the fact vernon left nothing but ice omg😭 and he barely even reacted..??!...",False,
@thxjannah,Mingyu and his tan skin... he looks so masculine and sexy 😤,False,
@luna1023,"<a href=""https://www.youtube.com/watch?v=650K75tw3cQ&amp;t=1314"">21:54</a> me too LMFAO",False,
@theeighthcarrot8292,watching this in public was not a good idea……………,False,
@luna1023,"<a href=""https://www.youtube.com/watch?v=650K75tw3cQ&amp;t=1183"">19:43</a> when they show woozi and wonwoo doing exactly that😭😭🤣",False,
@stxrcarat0526,they’re really like a group of kids asking someone’s mom if they can sleep over 😭💕,False,
@Annadias0707,Apoio a ideia de um episódio em um estilo de musical hahaha!!!,False,
@Annadias0707,Esse episódio é uma obra prima de tão engraçado hahaha,False,
@danshinss,these boys are the funniest when they are given nothing to work with lol,False,
@danshinss,i wonder if being zombies for 7 mins is less tiring than dance practice LOL,False,
