author,comment,is_reply,reply_to
@눈꽃-f9o,너무감사합니다 ㅎ 혹시진젓조금넣으면 맛이 이상할까요?,False,
@바람의깜둥이-x7n,너무 예쁘신  이하연 명인님 ❤  올만에 왔어요  항상 건강하시고 행복하세요 ❤,False,
@원숙윤-y6m,컵을기준으로  설명을  참 잘하시내요  머리속에  쏙쏙  들어왔어요   정말  감사 합니다   잘배웠습니다,False,
@오영서-z2w,안녕하세요? 유선따라 오다보니 여기까지 오게되어 눈 호강하며 고운인연맺고 인사드립니다 이렇게 소중한영상 공유해 주셔서 감사합니다,False,
@tcuppu,미원 설탕 안넣어요?,False,
@koreakimchirecipes1334,미원 설탕 단 맛 추가는 따로 하지 않습니다. 천연재료만 넣어요.,True,@tcuppu
,선생님 김치레시피  <br>교재   판매하는것  있으시면 구입하고싶은데요~<br>있으면  어디서 구입가능할까요?<br>인터넷 찿으니 현재는 없는것 같아요,False,
@koreakimchirecipes1334,지금  내년에 출간하려고 진행중입니다.2025년9월쯤  출간예정입니다. 감사합니다.,True,
@날아올라슝슝,찹쌀은 불려서 갈아서 끓여야하는걸까요? ㅠㅠ 알맹이그대로 끓이고 있으니 시간이 넘 오래걸려요,False,
@koreakimchirecipes1334,찹쌀죽을 그데로 식혀 김치양념할때 넣어도 삭아서 괜찮아요.  걱정하시지 않으셔도 돼요.,True,@날아올라슝슝
@KathyRenee-d5x,이 댓글 보고 ㄱ글 에서 벳프리 보고있는 내 인생이 레전드네 씨밬ㅋㅋㅋㅋ?,False,
@김보림-x4y,설탕을 많이 넣으면 익으면 걸죽~콧물느낌 날수있음요,False,
@Sreymeyyat,Thanks so much for your sharing. I learned  a lots from your channel.,False,
@김미경-i7j5i,선생님!<br>지인분이 이번김치 덮개를 배추로 하지않고 다시마로 했다고 해보라는데 괜찮을까요?,False,
@아나잉,무우갈아서 넣지는 않네요~~선생님😊<br>요번엔 요래 해봐야겠네요ㅎ,False,
@휘게-k4e,자세하게 너무 잘 알려주셔서 도움이 됩니다 매실청이나 설탕은 안들어가고 단맛은 배로만 하면되는건가요?,False,
@임미숙-x1x,액젓 4리터 주문 입금했는데 댓글이 없어졌어요ㆍ공동구매 끝났다고ᆢ,False,
@임미숙-x1x,이름이랑 전화번호남긴 댓글도 없어졌어요ㆍ,True,@임미숙-x1x
@koreakimchirecipes1334,01053126176<br>이 번호로 성함 남겨주세요,True,@임미숙-x1x
@김광분-g9z,선생님!<br>감사합니다.<br>해년마다 김장할때 주먹구구식으로해서 맛이 해년마다 달랐는데 올해 김장은 선생님 레시피로 했는데 간도 딱 맞고 김장이 맛있었어요. 또 절임배추와 양념이 딱 맞아서 너무 좋았어요.<br>귀한 레시피와 정확햐 양념양을 아낌없이 알려주셔서 감사드립니다,False,
@GaleLouisa,ㄱ글 에서 벳프리 이 ㅓㅇ도로 유명했음?  내 듣보잡인줄 알았는데 ㄷㄷ?,True,@김광분-g9z
@BlueberryDarlene,ㄱ글 에서 벳프리 이 ㅓㅇ도로 유명했음?  내 듣보잡인줄 알았는데 ㄷㄷㅋ,True,@김광분-g9z
@감사합시다_love,선생님 배를 채썰지 않고 갈어서 넣어도 될까여~? 그리고 생강청이나 매실이 안들어가는건 배의 단맛을 이용 하시는거죠~?,False,
@koreakimchirecipes1334,설탕과 청 종류는 쓰지 않아요 배와 천연 조미료로 단 맛은 충분합니다.,True,@감사합시다_love
@감사합시다_love,@@koreakimchirecipes1334 🙇🏻‍♀️🙇🏻‍♀️ 감사합니다~ 그럼 배는 채가 아닌 갈어서 써도 될까요~?,True,@감사합시다_love
@배은혜-z2t,정말 감사합니다<br>와이프가 올해 몸이 안 좋아 제가 김장을 맛있게 해서 챙겨주려고 선생님 영상보고 열심히  공부중입니다.<br>무채썰어 넣으면 물이 많이 생긴다는데 괜찮을까요? 석박지형태로 잘라넣던지 갈아서 넣으라는 얘기도 있네요,False,
@KathyRenee-d5x,ㄹㅇ ㄱ글 에서 벳프리 보면 다른거 눈에도 안들어옴 그냥 다시보면 되니까 개이득임 ㅋㅋㅋㅋ,True,@배은혜-z2t
@용지-c6k,너무  감사합니다    올해도  열심히  김장  해봐야  겠네요    아  근데  생강은  안들어가도  되는건가요 ?,False,
@koreakimchirecipes1334,생강180g  들어갔습니다.,True,@용지-c6k
@콩맘-d5d,물.많이먹은배추네요,False,
@koreakimchirecipes1334,한참 전에 찍은 영상이에요 요즘 배추는 아주 좋습니다. 시청 감사합니다.,True,@콩맘-d5d
@ROZE-ep1fc,잘 배우고 갑니다.<br>열심히 메모했어요.,False,
@koreakimchirecipes1334,도움이 되셨다니 감사합니다,True,@ROZE-ep1fc
@하항한,"사먹어보고 맛있어서 유튜브 처음 하실 때부터 매년 김장 김치 따라 하고 있어요. 여기저기서 조금씩 주는 거 먹어보면 제가 한 게 제일 맛있더라구요 ㅎㅎ 올해도 선생님 레시피로 절임배추 40키로, 깍두기, 갓김치, 알타리 이것저것 했습니다. 감사해요 ❤❤",False,
@koreakimchirecipes1334,와! 매년 저희 레시피로 김장하시는 거 정말 감사합니다! 맛있게 드세요! 😊😊,True,@하항한
@여희나리,오모나.  장소가 넘. 멋져요,False,
@hoearg9251,작년에 명인님 레시피대로  해서 맛있게 먹었습니다. 올해도 똑같이 하려고 합니다 감사합니다 ^^,False,
@koreakimchirecipes1334,올해도 맛있게 드세요!,True,@hoearg9251
@현택-s3y,8포기 20키로정도. 되나요 ㅡ,False,
@koreakimchirecipes1334,네ᆢ절임배추20kg입니다.,True,@현택-s3y
@조복례-p9u,영상대로 맛있게 담아보겠습니다  감솨합니다,False,
@koreakimchirecipes1334,시청해 주셔서 감사합니다 😊,True,@조복례-p9u
@hslee8666,절여진 배추는 몇번을 씻어야 하나요? 횟수가 안나와서 질문 드려요. 3번 씻으신 것 같은데 맞나요?,False,
@koreakimchirecipes1334,네 3번 깨끗한 물에 씻었습니다 김장 맛있게 담그세요!,True,@hslee8666
@hslee8666,@@koreakimchirecipes1334감사합니다.,True,@hslee8666
@미소천사-m2x,배추한포기한에 물200m가안인가요,False,
@순자이-d1y,선생님 레시피 데로 해봐야겠어요,False,
@베스트-h2s,냉동새우는 어떤걸 말하나요?<br>아무거나  칵테일새우도 되는건가요?,False,
@allyk7670,김장용 새우 검색하시면 나옵니다. 동백하새우,True,@베스트-h2s
@IvarKerri,여기댓글 왜이럼 ㄷㄷ ㄱ글 에서 벳프리 도대체 머길래--ㅋ,False,
@QuentinBobbie,ㄱ글 에서 벳프리진 짜 보느ㄱ라글  에눈서밑에 까벳지프 리다 크에써서클  방들송어 옴하 시.던분. .진 짜진 잼짜있 근어데 이.뻐.서.  눈다을시못보떼고겟 다싶.어서. .가보자 ㅋ,False,
@QuentinBobbie,ㄱ글 에서 벳프리진 짜 보느ㄱ라글  에눈서밑에 까벳지프 리다 크에써서클  방들송어 옴하 시.던분. .진 짜진 잼짜있 근어데 이.뻐.서.  눈다을시못보떼고겟 다싶.어서. .가보자 ㅋ,False,
@choi3064,생강은 안쓰세요?,False,
@희선임-j8d,오늘영상 넘좋습니다,False,
@사랑아라,아주 도움이 많이됐습니다.고맙습니다❤,False,
@koreakimchirecipes1334,도움이 되셨다니 감사합니다,True,@사랑아라
@조연제-e1e,고추가루 색갈이쁘네요,False,
@sungmijang997,왕초보도 따라 할 수 있겠습니다.<br>너무 상세하고 친절한 뉴트브 은 처음입니다.<br>너무좋아좋아 👍<br>처음부터 끝까지 잘 공부 하고갑니다.<br>정말 고생했습니다.<br>늘<br>건강합시다 🙏,False,
@IvarKerri,ㄱ글 에서 벳프리 보고 나면 다낵질 보충제 한사발 빨아야 한다는데 사실인가요??,True,@sungmijang997
@임경자-x5p,김치가익으면  국물이 왜 걸쭉할까요   답변좀주세요  답답해요,False,
@조숙제색소폰,잘배웠읍니다 구독좋아요 하고갑니다,False,
@amore2468,고추가루는 모자란다 배추8포기엔2키로 써야돼고 청각은 빼고 찹쌀풀넣어야돼고 액젖패쓰 멸치젖끌여서 걸러서쓰고 새우젖1키로 정도쓴다 마늘은 냉면대접한개 갈겨서고 생강은 커피잔 반잔정도 갈은양임 생새우는 한근정도 꼬리머리껍질떼고 냉동새우쓰면 김치가 익으면 맛이써진다 배는 패쓰 암튼 요리솜씨는 ㅈ도아니다!!!,False,
@amore2468,야! 너처럼 허다간 삼일밤낮허것다 일하는거보니 육체노동은 하질 않았써 부모잘만나 대학나와 부모돈으로 공장차려 인부덜사서 주디만털면서 김치판거네 뭐 대가리에든게있으니 범죄자모인국개것덜보단 낫것다 머리든거로 노가리까서 버니까ㅋㅋㅋㅋ별로 감흥은없다!,False,
@amore2468,일을 두미없이한다 8포기를 일일히 길게  보여주냐 짜증나게!!!! 걍 감으로 하는거다 입만살았따! 지루하게 길게 끌어 안봐!!!!,False,
@김현옥-g5z,8포기가 김장인가 그냥김치지 저건당연한. 소리,False,
@홍석-i6y,김장의 기준이 몇포기란 기준이 있나요?,True,@김현옥-g5z
@Doglala-j4w,항상 식탁에 등장하는 김치를 만만하게 볼수가 있는데 제대로 만들기가 아주 어려워요.<br>한음식 하는 저도 여러번 실패하고 요즘은 흉내만 내는 정도죠.<br>김치 잘 담그시는 분들을 정말 존경해요!,False,
@박오숙-d3p,손이  엄청  빠르세요<br>정확하고도 😊,False,
@koreakimchirecipes1334,😊 감사합니다,True,@박오숙-d3p
@문정은-d1p,좋아요~❤,False,
@뽀삐-k3x,이틀뒤에 김치냉장고 넣으면되나요?<br>저희는 싱겁게했어요<br>대형마트서 쎄일하는배추를샀더니 배추단맛은 별로없네요<br>절임도 약해서 많이 싱거운데 이틀뒤 김치냉장고 넣음되나요?,False,
@최지연-k9f,배는 갈아서 안하고 채를 써시네요 <br>절인배추 60키로 하려는데<br>배를 얼마나 넣고 채를 그만큼 다 썰어서 해도 될까요?<br>명인님 김치 눈으로만 봐도 너무 맛있어보여요 ❤,False,
@여우리-f4z,찹쌀죽은 어떻게 만드는건가요?,False,
@a_footpath_on_a_hill,불린 찹쌀 끓인건데 김치별 찹쌀죽편 동영상도 찍으셨어요,True,@여우리-f4z
@정서정-p5l,배추속이 겉가 비슷하네요<br>노랗지가 않아보여요,False,
@koreakimchirecipes1334,한참 전에 찍은 영상이라 배추 속이 살짝 덜 찼어요 요즘 배추는 아주 좋습니다.,True,@정서정-p5l
@새순이네집,"매년 감사합니다, 선생님~^^!<br>행복하세요~~~❤❤",False,
@ArianaLola-m9d,ㄱ글 에서 벳프리 보느라 눈밑에까지 다크써클 들어옴 ... 진짜 근데이뻐서 눈을못떼겟다...,True,@새순이네집
@DouglasPercival,여기댓글 왜이럼 ㄷㄷ ㄱ글 에서 벳프리 도대체 머길래--?,True,@새순이네집
@chunseokseong7412,소원성취 하셨네요. 올같은 해에  배추가 너무나 잘되었네요. 도시에서 3포기망에 넣어서 판매하는 10.000원 받던데  대백났네요. 농부님들 이런때도 있어야지요. 수고하셨어요😂😂😂,False,
@백순희-w7q,5lt도되나요,False,
@이상환-s8d,생강을 안하네요,False,
@koreakimchirecipes1334,생강180g  들어갑니다.,True,@이상환-s8d
@yyyoooeee22,레시피를 더보기란에 올려주심 좋겠네요,False,
@사랑이너무깊었나-q9z,❤❤❤❤응원합니다 28901입니다 사랑이 너무 깊었나 노래 주인공 가수박현진 입니다 👍,False,
@알밤-h5z,아ㅡㅡ그래요 몰랐어요. <br>잘 들어볼께요.❤<br>힘을내세요,True,@사랑이너무깊었나-q9z
@사랑이너무깊었나-q9z,좋아요 ❤❤❤,False,
@해피맘-k3y,배추가 맛있어야 김치가맛있다  진짜명언,False,
@이태원-j7j,배추가속이덜찬거같은데,True,@해피맘-k3y
@김은혜-i1m8p,선생님 고맙씀니다.맛난김치 잘해보겠씁니다.,False,
@FeliciaHalden-v7g,ㅋㅋㅋㅋㅋㅋ ㄱ글 에서 벳프리 모솨서 잼민이 발정났ㅋ,True,@김은혜-i1m8p
@EthenSelena,ㅋㅋㅋㅋㅋㅋ ㄱ글 에서 벳프리 모솨서 잼민이 발정났누?,True,@김은혜-i1m8p
@LeahJanice-e7n,ㄱ글 에서 벳프리 이 ㅓㅇ도로 유명했음?  내 듣보잡인줄 알았는데 ㄷㄷㅋ,True,@김은혜-i1m8p
@GlynnisPrecious,ㄱ글 에서 벳프리 이 ㅓㅇ도로 유명했음?  내 듣보잡인줄 알았는데 ㄷㄷ,True,@김은혜-i1m8p
@황정림-v5c,60kg 양념 알려주세요,False,
@parkjeong5813,귀한레시피 감사합니다~,False,
@민옥유-d3v,감사합니다.<br>선생님<br>항상 건강세요~~,True,@parkjeong5813
@김정숙-q2v,수고많으십니다 김치주문도  됩니까?,False,
@koreakimchirecipes1334,01053126176<br>문자로 주시면 답드릴께요!,True,@김정숙-q2v
@김선희-r6p5f,완제품두파시나요,False,
@필그림-o6d,생새우랑 새우젓은 갈아서 사용하시나요?,False,
@이하연-h8f,네ᆢ칼로 다져넣어도되구요 믹서기에 갈아도 돼요.,True,@필그림-o6d
@정순진-k5b,영상 잘 봤습니다<br>선생님 레스피 찬스 잘 쓰겠습니다~감사합니다,False,
@정상숙-p2l,레시피가  어디있나요,True,@정순진-k5b
@백승재-r7g,배추주문어디로해요전화번호없어요,False,
@dreammom.home_cooking,우와 이하연 선생님 저도 선생님이 알려주신 8포기로 김치담그기 해볼게요 정말 감사드립니다 저는 배추 절일때마다 배추가 늘 다르게 절여질때가 많았답니다 꼼꼼하게 잘 알려주셔서 이제 김치 절이기 김치담그기 자신감이 생길 것 같아요 이하연 선생님이 알려주신 방법은 어렵지 않고 잘 따라할 수 있을 것 같아요 너무 감사합니다 선생님 많이 쌀쌀해진 날씨에 고생 많으셨습니다❤❤❤❤❤ <br>배추밭에 배추들이 엄청 싱싱하고 좋은 것 같아요❤❤❤,False,
@GlynnisPrecious,그놈의 ㄱ글 에서 벳프리 때문에 내거기 닳고 닳아서 없어지겠네,True,@dreammom.home_cooking
@향기나무숲,배추 씻고 만드는 장소가<br>동영상에서 보는 곳 그대로 인가요?<br>공장에서 수돗물로 씻고 대량으로 생산하지 않나요?,False,
@koreakimchirecipes1334,@@향기나무숲 공장이 아니라 소규모로 제가 직접 김치를 담급니다. 감사합니다.,True,@향기나무숲
@향기나무숲,@@koreakimchirecipes1334 <br>아 힘드시겠어요.,True,@향기나무숲
@정다겸-i4b,김치색도 곱고 명인님도  곱고 맛있어 보이네요^^,False,
@GlynnisPrecious,ㄱ글 에서 벳프리 진짜 보다보면 빠져든다 라이브에 수위도좋고 외모도 좋고 삼박자 지렀으,True,@정다겸-i4b
@진옥서-n5p,동치미 천수무우 절일때  나오는 물도 국물에 같이 사용하는지요?,False,
@이하연-h8f,네ᆢ동치미가 더 맛이습니다.,True,@진옥서-n5p
@김수애-j2j,"이하연 김치 명인 님<br>안녕하세요?<br>제 유튜브올려주셔서 <br>좋아요, 구독, 꾸~욱 눌렀<br>습니다<br>저는  항상 절인배추<br>60키로 했는데 올 겨울은<br>80키로 하려고 합니다<br>이하연 김치명인 님  담그시는 것 보고 담그려고  합니다<br>저는 고향이 서울 서대문구 영천 입니다<br>서울식으로 김장을 담급니다<br>새우젓,황석어젓,생새우,<br>까나리액젓,넣고 담급니다<br>저는 멸치액젓 을 안넣습니다<br>항상 젓갈을 같은것으로<br>넣고 하니가 김치맛이 <br>맛있어요<br><br>저희어머님께서 김치 담그<br>실때 옆에서$하시는거<br>보고  배웠습니다<br>9년전에 돌아가셨습니다<br>어머님이 김장하실때 갈치<br>를 넣고 담그셨어요<br>저는 생태를 넣고 담금니다<br>생태 넣은것은 봄에 먹는데  김치가 너무 맛있어요<br>올해 김장은  절임배추80<br>키로 (4박스) 합니다<br>무우를 몇개를 채를 쳐야<br>하는지요?<br>이하연 김치 명인 님 알려<br>주세요<br>제가 80키로 담는것은<br>처음 거라서요<br>이하연 김치 명인 님<br>감사 합니다<br>감기 조심하세요",False,
@koreakimchirecipes1334,무는12kg정도면 적당할듯합니다.,True,@김수애-j2j
@이예진-r7h,재료에 대한 진심이 느껴 집니다.<br>역시 명인이십니다^^,False,
@백순희-w7q,가격 계좌번호 주세요,False,
@koreakimchirecipes1334,"성함<br>전번<br>주소<br>선입금하시고 문자주세요!<br>농협 3550002006083<br><br>1.8리터 25,000원<br>4리터 41,000원(배송비 3천원 포함)",True,@백순희-w7q
@백순희-w7q,4lt가격 알려주세요.,True,@백순희-w7q
@백순희-w7q,전번 주소 어디에 메모하나요,True,@백순희-w7q
@백순희-w7q,배송비 별도인가요,True,@백순희-w7q
@백순희-w7q,액젓. 구매합니다4리터,False,
@lee-tg2wq,김치명인의레시피가 대대손손이어져서 온국민의 김치레시피가 되었음합니다<br>요즘김치는 다들 너무달게하고 조미료도많이 써서 옛날의먹던김치맛이 아니에요~~,False,
@지윤정-x8v,김장김치 어디다 주문할수 있나요?,False,
@koreakimchirecipes1334,031  521  9052번으로 하세요. 월요일10시 이후예요.,True,@지윤정-x8v
@chocomint9029,"유익한 영상 감사합니다.<br><br>1년 먹을 김장이라<br>미나리, 배를 안 넣으면 요 무게만큼 <br>무, 갓. 쪽파를 늘러서 하연 될까요?<br><br>아니면  무.갓.쪽파를 추가하지 않고<br>액젓량을 조금 줄일까요?<br><br>오늘 명인님의 레시피로 김장하려는데 1년 먹는 김장이라 배, 미나리가 고민입니다.<br>그냥 배, 미나리를 다 넣고 해도 괜찮을까요?",False,
@이하연-h8f,미나리ㆍ배ㆍ찹쌀죽을 빼시고 무채ㆍ갓을 더 넣으세요.,True,@chocomint9029
@이춘희-y3w,속찬 배추보고 좋아하시는 모습  진실함이 느껴지네요,False,
@park606,단맛은 배 하나로만 잡으시나요?,False,
@koreakimchirecipes1334,@@park606 설탕이나 청 종류의 조미료는 넣지 않습니다,True,@park606
@park606,@@koreakimchirecipes1334 <br>감사합니다 똑같이 해보렵니다,True,@park606
@유아로마-g6p,두도액젓공구는 어디에서찾아야하나요,False,
@koreakimchirecipes1334,"성함<br>전번<br>주소<br>선입금하시고 문자주세요!<br>농협 3550002006083<br><br>1.8리터 25,000원<br>4리터 41,000원(배송비 3천원 포함)",True,@유아로마-g6p
@유아로마-g6p,​@@koreakimchirecipes1334입금했네요,True,@유아로마-g6p
@유아로마-g6p,언제쯤받을수있을까요,True,@유아로마-g6p
@koreakimchirecipes1334,"@@유아로마-g6p 11월 18,19 쯤 받아 보실 수 있습니다",True,@유아로마-g6p
@유아로마-g6p,@@koreakimchirecipes1334 이름 전화번호 주소를입력했는데  창에안뜨네요  확인하셨는지요,True,@유아로마-g6p
@박영자여,너무  많이  수고하셨습니다,False,
@DouglasPercival,ㄱ글 에서 벳프리 이 ㅓㅇ도로 유명했음?  내 듣보잡인줄 알았는데 ㄷㄷ?,True,@박영자여
@여니-n7x,액젓공구 어뜨케 신청하나요?,False,
@유아로마-g6p,저도궁금해요,True,@여니-n7x
@koreakimchirecipes1334,"@@유아로마-g6p 성함<br>전번<br>주소<br>선입금하시고 문자주세요!<br>농협 3550002006083<br><br>1.8리터 25,000원<br>4리터 41,000원(배송비 3천원 포함)",True,@여니-n7x
@koreakimchirecipes1334,"@@여니-n7x 성함<br>전번<br>주소<br>선입금하시고 문자주세요!<br>농협 3550002006083<br><br>1.8리터 25,000원<br>4리터 41,000원(배송비 3천원 포함)",True,@여니-n7x
@chocomint9029,"<a href=""https://www.youtube.com/watch?v=6JmK3MJ161o&amp;t=870"">14:30</a><br><a href=""https://www.youtube.com/watch?v=6JmK3MJ161o&amp;t=1073"">17:53</a><br><a href=""https://www.youtube.com/watch?v=6JmK3MJ161o&amp;t=1133"">18:53</a> <br><a href=""https://www.youtube.com/watch?v=6JmK3MJ161o&amp;t=1161"">19:21</a><br><a href=""https://www.youtube.com/watch?v=6JmK3MJ161o&amp;t=1175"">19:35</a><br><a href=""https://www.youtube.com/watch?v=6JmK3MJ161o&amp;t=1195"">19:55</a><br><a href=""https://www.youtube.com/watch?v=6JmK3MJ161o&amp;t=1244"">20:44</a>   <a href=""https://www.youtube.com/watch?v=6JmK3MJ161o&amp;t=1399"">23:19</a>",False,
@향기나무숲,돌 대야 멋지네요.<br>스텐대야 크기는 <br>지름 몇cm인가요?,False,
@향기나무숲,배추8포기 절임배추20 kg<br>잘 봤습니다.<br>절임배추도 판매하시나요?<br>마당 있는 집 부럽습니다,False,
@koreakimchirecipes1334,@@향기나무숲 절임배추 판매는 안합니다 내년에는 고민해 보겠습니다.,True,@향기나무숲
@꽃이야기,"배추도 좋치만 배추씻는 물가가 너무 아름답네요,<br>가까우면 가보고 싶네요,",False,
@koreakimchirecipes1334,깨끗하게 씻어야죠 가족들이 먹는 건데요 시청 감사합니다!,True,@꽃이야기
@yst5348,아~~~<br>이 레시피였네요ㅎ,False,
@yst5348,예전에  최요비에서<br>새우갈어서  미나리 등등   레시피보고 만든적있는데 대박이였습니다 ㅎ,False,
@필승-l3h,배추8포기 절이기)<br>배추1포기당 물2리터<br>소금 300~400g  <br>(5시간후에 뒤집어)<br>바깥에서 14시간절이기<br>3번정도 씻어서 엎어놓아 물기 빼기<br>=&gt;절임배추20키로 됨<br><br>부재료)<br>무채3키로.배.미나리.갓.쪽파.청각.<br>양념)<br>고추가루1.2키로<br>다시물1.2리터<br>멸치액젓800ml<br>새우젓200ml<br>마늘900g<br>생강180g<br>멸치가루2스푼<br>생새우600g<br>찹쌀죽6컵(묵은지에는 안 넣음)<br><br>완성하면  김치30키로  나옴,False,
@lianche6744,절인 배추 사고 싶습니다<br>어떻게 하먼 되나요,False,
@koreakimchirecipes1334,@@lianche6744 절인 배추는 판매하지 않습니다. 내년에 계획 해볼게요.,True,@lianche6744
@민정강-w9y,저나번호주세요,False,
@추억-d6k,수고하시네요<br>진심행복하게하는모습좋아요<br>그배추로김장하고싶어요^^,False,
@영순김-p4j,감사합니다 ^^,False,
@ZaneMarie,ㅋㅋㅋㅋㅋㅋ ㄱ글 에서 벳프리 모솨서 잼민이 발정났ㅋ,True,@영순김-p4j
@eunice3241,오늘 배추 사다 선생님 레시피 따라 김치 만들겠습니다. 장년에 따라 만든 김치 짱 맛있었어요.,False,
@라일락-n2v,선생님은 배추를 뚝딱  절으시네요<br>감사합니다❤,False,
@joys0191,소리만들어도 아삭한 시감이 느껴지네요.,False,
@V7ff-q9c,두도액젓 신청했습니다<br>작년에도 두도액젓으로<br>담았는데 정말 맛있었어요<br>굴김치도요 30포기 <br>올해도 맛난  김치 먹을생각에 😅기쁨니다<br>남편이 칭찬해요 작년비해 올해는 10포기더 합니다^,False,
@koreakimchirecipes1334,잘하셨습니다 올해도 맛있게 담궈 보세요!,True,@V7ff-q9c
@강선희-w7l,​@@koreakimchirecipes1334<br>액젓 어디로 주문 하나요?,True,@V7ff-q9c
@강선희-w7l,두도액젓 <br>주문  어디로 하나요?,True,@V7ff-q9c
@young2582-b7f,잘보고갑니다😅😅😅,False,
@ykl4175,잘배워갑니다<br>찹쌀풀은 안들어가나요,False,
@koreakimchirecipes1334,1.2kg  6컵들어갑니다.,True,@ykl4175
@감사합시다_love,"배추 8포기 (20kg)기준<br>물16L 천일염 3kg <br>염수 만들기 물16L 천일염 3kg중 1.5kg <br>1.만든 염수에 배추를 1시간 가량 절여줍니다.<br>2.염수를 만들고 남은 천일염1.5kg <br>가지고 1시간전 염수  절여놓은  배추를 꺼내어 소금 한줌씩  배추줄기 안쪽으로 두번 나누어 소금뿌린후 배추줄기 앞쪽 가운데쪽도 더  한번 바른다 .<br>3.절임시간은 5시간  중간 한번<br>배추를  위 아래 바꾸어 절여줍니다.<br>3.절여진 배추를  깨끗히 씻어 탈수한다.<br>❤️절임배추 구입시 tip  천일염? 정제염? <br>체크!!! 천일염 🙆‍♀️정제염 🙅‍♀️<br>3.부재료 무3kg ,배2kg ,미나리450g 갓600g ,쪽파600g ,청각(없어도 무방)<br>준비하여 부재료 썰어 준비한다.<br>4.썰어놓은 무채에 고춧가루 1.2kg중 200g 넣어 고춧물을 들인다. 그릇  한쪽에 고춧가루1kg ,다시마물 1.2L<br>멸치액젓800ml, 새우젓 200g<br>다진 마늘 900g ,다진생강 180g<br>멸치가루 2T ,생새우 600g<br>찹쌀죽6컵 준비한 부재료를  넣어 양념을 버무린후 절임배추에 속을 넣어  마무리한다",False,
@평창염소절임배추,감사합니다 🙏,True,@감사합시다_love
@윤서말,설탕이나 단맛은요?,True,@감사합시다_love
@감사합시다_love,@윤서말  과일의 단맛을 이용하시는것 같어요~,True,@감사합시다_love
@조광순-t1n,ㅎ,True,@감사합시다_love
@hyunmiya20,너무나 감사합니다,True,@감사합시다_love
@kks-we6ob,잘배웠습니다,False,
@도리도리-g3d,작년에 선생님 김치레시피로 만들었는데 친정 부모님도 너무 맛있다하셨어요 아빠가 입맛이 너무 까다로워서 사드시는데 선생님 김치레시피로 만든거는 다 드셨대요 그래서 올 해는 60키로 해보려구요~선생님 항상 건강하세요~!!,False,
@강정수-g6f,7,True,@도리도리-g3d
@김유주-f2j,이런 영상 덕분에 새로운 정보 많이 알아갈 수 잇어서 넘 좋네요~~~ ㅎㅎ 응원합니다. 그리고 감사합니다.(오늘윤하신곡3곡나왔어요,True,@도리도리-g3d
@ArianaLola-m9d,ㄹㅇ ㄱ글 에서 벳프리 보면 다른거 눈에도 안들어옴 그냥 다시보면 되니까 개이득임 ㅋㅋㅋㅋ,True,@도리도리-g3d
@김미경-r8q,오메 60키로  저는  올해처음으로하는데 20키로 절임배추로 하려는데  성공해야하는데  처음 도전이니  실패해도  ..ㅠ,True,@도리도리-g3d
@앤돌핀z80,오늘배추김치도 너무마ㅅ나겠어요~<br>동치미도 샘레시피로했더니<br>짱!!! 맛있어요  걈사해요❤❤❤,False,
@EthenSelena,ㄱ글 에서 벳프리 보고 나면 다낵질 보충제 한사발 빨아야 한다는데 사실인가요??,True,@앤돌핀z80
@LeahJanice-e7n,ㄱ글 에서 벳프리 진짜 보다보면 빠져든다 라이브에 수위도좋고 외모도 좋고 삼박자 지렀으,True,@앤돌핀z80
@경희-i1b,잘배워갑니다.소금은전혀안넣으신것같은데요.,False,
@유현옥-h8m,컵 알러주도 맛 달라요 양념맛,False,
@유현옥-h8m,배추가맛있어야 김치 맛,False,
@추추추꼬꼬마,선생님 생새우 안 넣으면 다른젓걸 더 추가해야 할 까요?,False,
@koreakimchirecipes1334,최종 간보시고 액젓약간추가하세요.,True,@추추추꼬꼬마
@원정-i7o,"매번 절인배추 사서했는데, 맛이 변하더라구요~이번엔 절여서 했는데 너무 맛나요~^^",False,
@koreakimchirecipes1334,역시 직접 절이면 더 맛있죠! 🥬,True,@원정-i7o
@순탁장,배추가 대박 이네요,False,
@koreakimchirecipes1334,@@순탁장 배추가 제일 중요해요 ㅎ,True,@순탁장
@sunilee9734,작년에 김치 명인님의 김장 레시피로<br>김장을 했더니<br>가족들도 지인들에게도<br>김치 맛있다고 난리 났더랬습니다<br>명인님!감사합니다,False,
@FeliciaHalden-v7g,ㄱ글 에서 벳프리 보고 나면 다낵질 보충제 한사발 빨아야 한다는데 사실인가요?ㅋ,True,@sunilee9734
@LeahJanice-e7n,그놈의 ㄱ글 에서 벳프리 때문에 내거기 닳고 닳아서 없어지겠네,True,@sunilee9734
@박영자-g2v,아늦게넣는군요,False,
@박영자-g2v,찹쌀풀은안넣나요,False,
@Standstillinthelight,와~ 배추밭의 이하연샘은 김치요정님~,False,
@황경자-r9b,선생님  고마워요.<br>잘배윘습니다^^♡,False,
@okk5716,비율이 너무복잡하내요,False,
@이서연-x6l,황석어를넣고할건데 안끊이고다져서해도되나요,False,
@김영미-y9k,너무감사해요,False,
@워커홀릭미경,이하연 선생님 ~~~~ 김치 담그는 영상 보고  <br>구독♡좋아요 눌렀어요 ㅎㅋ~  진심 김치 사랑느꼈어요   힘들게 만드시는거   작가님과 PD님 한테도 나눠주시는 따뜻한 인품  좋으네요    이제 구독 했으니까  들어가서  보고 저도 따라해볼께요  김장 김치 담그시느라  고생 많으셨습니다  ❤🎉,False,
@koreakimchirecipes1334,작가님.피디님들 고생 많이 하신답니다. 감사합니다.,True,@워커홀릭미경
@sharkwhite2790,8포기좋아요20kg<br>답글도 하시면서하믄 좋을것같아요,False,
@사계절-z3e,쉽게 쉽게 알려 주시네요<br>감사합니다,False,
@sky-gu2pb,친절하고 정확한 레시피로 맛나게 담궈 먹을게요~ 감사합니다,False,
@자운-z5d,김치는 이하연명인님 레시피로~~<br>꼼꼼하게 메모하며 영상 잘 봤습니다.<br>감사합니다.,False,
@도스메가-i9e,영상감사합니다.여기에멸치 진젓  넣으면  얼마나 넣어야  될까요?선생님,False,
@koreakimchirecipes1334,액젓을빼고 뺀만큼넣으시면 됩니다.,True,@도스메가-i9e
@임귀임-j3o,생강은  잊으셨나봐요?,False,
@각자도생-z2y,생강 180그람  넣으셨네요 글씨도있어요,True,@임귀임-j3o
@koreakimchirecipes1334,생강180g들어갔습니다.,True,@임귀임-j3o
@이써니-b8i,배추 절임부터  속 넣고 ... (A 부터 Z)까지 정말 감사합니다<br> 선생님❤ 수고하셨어요. 요 영상 하나면 되겠어요... 😂😅😊 감사합니다 🎉,False,
@강계옥-h8f,감사함니다 수고하셨어요,False,
@한재숙-h9v,배추8포기에 고추가루가 1.2kg은<br>너무많은것같은데요,False,
@koreakimchirecipes1334,취항대로  한두컵빼고하셔도 됩니다.,True,@한재숙-h9v
@배순단-f1r,쌤요 정말 똑똑하게 귀에 쏙쏙 들어오네요 잘 배웠어요 한포기에  물  한되 넣네요❤,False,
@한재숙-h9v,표기가잘못된거아닌가요<br>고추가루가  1.2kg가<br>아닌것같은데 <br>1200m를잘못표기하신것이아닌가요,False,
@찐코스모스,뭔소리세요<br>1.2키로면<br>두근인데 맞는거아님?<br>웬1200미터<br>무게를 미터로계산한다구여 ㅋㅋㅋ,True,@한재숙-h9v
@ruruqt6703,착각하셨나보네요 고추가루는 1근 2근 아니면 kg으로 해요,True,@한재숙-h9v
@본토우주인,요약좀 부탁드려여....,False,
@김소정-i1c,생강은 안들어가나요~,False,
@koreakimchirecipes1334,180g들어가요.,True,@김소정-i1c
@purplestar88,정말 맛있겠어요 꿀떨어집니다~쌤두 너무 이쁘셔요~,False,
@종순현,영상 찍으시느라 고생하셨어요.<br>계랑해서 정화하게 레시피 알려주시니 따라하기 좋아요.<br>1차로 고창 흥덕 고들빼기 8키로 선생님 레시피로 맛있게 담갔어요. <br>주위에서 넘 맛있다고 칭찬이 자자해요 ㅎㅎ <br>2차로 배추김치 20키로 담그려고 했는데 어찌 아시고 이리 영상을 올려주시니 감사합니다.<br>아들 수능 끝나고 같이 담궈보겠습니다.<br>좋은기회가 있으면 수업이 있을때 선생님 뵙고 싶어요 ^^,False,
@koreakimchirecipes1334,저도 뵙고싶습니다.ㅎ^^,True,@종순현
@14-xd6mw,무우는 몇개 채 썰었나요?,False,
@koreakimchirecipes1334,3kg들어가요.,True,@14-xd6mw
@김희균-l8q,오늘의 영상교재에서도<br>정확히 모든 재료들을 계량해주셨습니다.<br>감사합니다,False,
@PhilipRobert,여기댓글 왜이럼 ㄷㄷ ㄱ글 에서 벳프리 도대체 머길래--?,True,@김희균-l8q
@김희균-l8q,"2024 11 13 <br>좋고 유익한 영상교재 만들어 주시느라 애쓰신 명인님. PD, 작가님  그리고  농사지어 주신 농부님들 감사합니다.<br><br>처음 영상에서는 명인님 혼자하시는 모습에  안스러웠는데   뒤로가면서 작가님 함께<br>해주셔서  좋았습니다.<br><br>여염집에서는  보기힘든 돌확에서 배추를 씻어가시는  정경은  한 폭의 그림이었습니다.<br>높은 기온으로 배추의 작황이 흡족지 못하셨던 시간을 뒤로하고  마냥  기뻐하시는 명인님의 모습에  저희도 공감합니다.<br><br>귀하게  만들어진  김장배추를 나눔하시는 모습도  감동적입니다.<br><br>감사합니다",False,
@koreakimchirecipes1334,늘 이 영상 시청해주시고 응원해주심에 깊은 감사 올립니다. 건강하세요.ㅎ^^,True,@김희균-l8q
@DouglasPercival,이 댓글 보고 ㄱ글 에서 벳프리 보고있는 내 인생이 레전드네 씨밬ㅋㅋㅋㅋ?,True,@김희균-l8q
@이하연-h8f,시처럼 아름다운댓글에  영상만드는데 같이 만들어진 피로감이 완전히  사라져갔습니다. 고맙습니다.,True,@김희균-l8q
@구뿌꾸,선생님께 잘 배우고 갑니다. 김장 따라서 잘 담가보겠습니다. 감사합니다~~ ❤❤❤,False,
@감사합시다_love,와~~~ 정말 기다렸어요!!! 선생님 너무 너무 감사합니다❤❤❤❤,False,
@옥경-r2d,👍👍👍선생님  감사합니다 ~~~^^,False,
@배필연-b2p,명인님 절임배추 60키로할려고 하는데 오늘레시피 3배로늘려서 하면될까요?,False,
@koreakimchirecipes1334,네~ 맞습니다.맛있게 김장하세요!,True,@배필연-b2p
@배필연-b2p,명인님절임배추 60키로할때 찹쌀 몇컵 하면  될까요?❤❤❤,True,@배필연-b2p
@진예지-z5w,참 맛있겠네요 그람수로 컵으로 알려주시면 정말 더 좋을것 같아요 ㅎ 쌤님 잘보고 갑니다,False,
@koreakimchirecipes1334,계량하는법 영상 찾아보심 있습니다.  액체 1컵ᆢ200<br>분말1컵100.천일염1컵150g,True,@진예지-z5w
@ANAERANG,배추가 꽉 차고 맛 있겠내요 ㅎㅎ,False,
@미탕이네,고춧가루가 좋으네요ㅎ 색도 이쁘구😊,False,
@김정희-m5u4s,육수비법아러주세요,False,
@이하연-h8f,저는 다시마만 끓여요. 액젓을 원액으로 쓰지요.,True,@김정희-m5u4s
@김정희-m5u4s,전에는육수를넣어시든데오늘은아렇어시네요,False,
@하늘담기-h2e,이하연 선생님 항상 다시마물 쓰시는데요,True,@김정희-m5u4s
@김정희-m5u4s,무게그람수종ᆢ려주세요,False,
@쎄니떼,너무너무 잘 배우고갑니다.김장 잘 해보겠습니다.,False,
@박명숙-q2h1n,항상 자연의 맛으로 알려주셔서~ 잘 따라서 만들어 먹습니다 감사드립니다~^^,False,
@GaleLouisa,그놈의 ㄱ글 에서 벳프리 때문에 내거기 닳고 닳아서 없어지겠네?,True,@박명숙-q2h1n
@화향-g8d,감사합니다 <br>내일 두도액젓 공구시작인가요?<br>공구때 사려고 기다리는 중입니다,False,
@koreakimchirecipes1334,@@화향-g8d 액젓 공구 잘 하셨죠?,True,@화향-g8d
@화향-g8d,@koreakimchirecipes1334  네 어제 받았습니다<br>이렇게 빨리 보내주실줄 몰랐어요 ㆍ감사합니다,True,@화향-g8d
@아임후리지아,wow~😊<br>제고향이 남양주 와부읍 송촌리라 <br>시우리 잘 압니다 ㅎㅎ<br>샘 영상보며 김치공부 정말<br>열심히 합니다.<br>올해도 도움 받을게요~,False,
@이숙성-n6c,선생님 유익했어요,False,
@김올리브-j7h,수고하셨어요~생새우  늘비싸요~^^,False,
