author,comment,is_reply,reply_to
@942rokmc6,좋은 정보와 멋진 영상 잘 봤습니다..엄지척입니다! ^^,False,
@울프강,자전거타고 출근하는게 진정 능력있고<br>여유있는 직업들이다.,False,
@윤하-i8x,멎져요 존경 스럽네요,False,
@231-u3q2s,나이도 많아 보이는데 <br>너무나 멋진 분이네요.<br>학창시절부터 평생을 성실하게 <br>살아 오신 듯 합니다.🎉🎉🎉,False,
@루크맘-y7w,멋있다!!!,False,
@1novak_mini414,너뮤 젠틀 하시고 안전 항상 강조 하시는 모습 존경스럽습니다 사람자체도 너뮤 스윗하심,False,
@청소부-v3v,전라도. 분이신데,False,
@WOODAAIR,내가제일좋아하는 비행기?<br>에어부산<br>레고카운터항공기있음,False,
@코우-k6c,존나 멋있다,False,
@bemago7075,에어부산 신뢰감이 팍팍 생기네요,False,
@Djdhwhwh,외모/췍!<br><br><br><br><br><br><br><br><br><br><br><br><br><br><br><br><br><br><br><br><br><br><br><br><br><br><br><br><br><br><br><br><br><br><br><br>국어췍!,False,
@interest9826,에어부산 새 영상 올려주세요,False,
@애말이오,아따~~~<br>기장님 너무 신뢰 갑니다. <br>모든 기장님들이 기장님 같다면 최고겠습니다,False,
@이정구-o6t,👍👍👍 !!?,False,
@시조시인,중령전역후 민항가면 부기장 몋년해야 기장다나요?,False,
@5-1-0,고등학교 때  &quot;  아부지 뭐 하시노 ?  &quot;  자주 하는 선생 있었는데 우리반에 있는 듯 없는 듯 한 애  한테  &quot;  아부지 뭐하시노 ? &quot;  했는데  걔가  &quot;  운전 하십니다 &quot;  이랬다 .   그래서 선생도 우리반 애들도 쟤 아버지 운전 하시나  보다 했는데 하루는 아부지 뭐하시노 선생이 또 한번 걔 한테 물어보더라   &quot;  아부지 뭐 하시노  ?  &quot;    그러니 걔가  &quot; 전에 운전  하신다고  말씀 드렸습니다 &quot;  이러니 선생이  &quot;  뭐 운전 하시는데 트럭 ?  버스 ?  택시 ?  &quot;  이러니  걔가  &quot; 비행기 운전 하십니다 &quot;  이러더라 ㅋㅋㅋㅋㅋ 그 후 걔는 우리반 인싸됐고 나중에 왜 아버지 파일럿 이라고 첨 부터 말안했냐고 물으니  이것저것 대답하는게 귀찮아서 그랬다나 뭐래나 ㅋㅋㅋ,False,
@신-d8f,에어부산 유튜브 미디어팀💯💯💯💯💯💯💯💯💯💯💯💯,False,
@jaehunlee1983,현직 항해사입니다! 비행을 하시면서 바다에 대한 생각도 해주시다니 시청하면서 깜짝놀랐네요. 기장님 영상보며 든 생각인데 말씀을 너무 잘하셔서 아주 쉽게 비행에 대해 또 하나 알아가네요!  늘 안전한 비행 기원합니다!!,False,
@johnsmithkim,현장에서 최선을 다하는 모습이 아름답습니다. 에어부산 신뢰가 가네요. 감사합니다.,False,
@Beyond_Spirit,정근화 안전본부장님. 늘 항공안전을 위해 연구와 노력을 쉬지않는 멋진 분입니다. 그분의 멋진 비행을 유튜브로 나마 볼수 있어서 좋았습니다.,False,
@user-cu3qd5hk3w,건강하시고 멋지신 분이시네요,False,
@samuelyun88,멋지십니다. <br><br>수십년 전문성을 닦은 분야에서 일하시면서 그 일상에 개인의 자기관리이자 즐거움인 운동을 잘 접목해서 사는 모습이 귀감이 됩니다.,False,
@덕배-y3t,공군출신 화이팅 임다      1988 공군91전대출신 드림,False,
@happydream8732,본부장님 많은 영감을 주시네요~~저도 부산살고 런닝하신는 곳 자주갑니다ㅎ 영상 아주 잘봤습니다,False,
@jaehuishim3942,콘텐츠 아이디어 짱입니다,False,
@양양순-r9k,"우리조칸대어려서부터착하고!<br>열심히사는성격효자^^<br>가정교육,인가성<br>단점이없는착한조카^^<br>😂😂😂😂😂",False,
@정신일도-y7m,"정말 승객의 안전을 위해서 고생하시는 기장님을 보니 승객으로서 무한한 감사를 드리며 ,자전거로 출근하시고 열심히 운동하시고 근면 ,정직,성실함에 고마움과 노고에 치하를 하는바입니다.당신이 있어서 여행자들은 안전하고 마음편하게 이용할수있으니 승객으로서 행복합니다..계속  오랫동안 조종간을 잡으시고 오늘도 안전운행하시기 바랍니다.고맙습니다..😊😊",False,
@jennylee6832,"유익한 내용입니다. 멋지고 젠틀한 기장님, 에어부산의 이미지에 큰 몫을 차지하셨네요❤",False,
@moolham_,설명 재밌게 잘들었습니다,False,
@JL-gb8ul,새벽 자전거 조심하세요..얼마전에 음주운전자가 새벽에 뒤에서 자전거 쳐서 돌아가셨습니다..ㅠ.ㅠ<br>안전을 위해서 차량운행 추천드립니다,False,
@김수경-h2e4s,"왜 공무원들처럼<br>자가용을타고<br>다니지 자전거를탑니까?<br>정말이지<br>당신같은분을<br>제가존경하는한분입니다,<br>자전거는 참으로<br>좋은겁니다<br>남처럼 너도나도<br>자가용 꼴불견이죠<br>다수인이 이용한다고 정상은아니라고봅니다,<br>저도자전거출근경륜이18년째입니다,<br>건강하십시요",False,
@길길2-y1p,진짜 너무 젠틀하시네요 말씀도 잘하시고 멋지세요!!,False,
@옹박크루즈,와 안전본부장과 조종사기장까지 겸임이라니..대단하시네요..역시공사출신이 기장을해야한다 강직하고 지식있는엘리트 군인답다. 이분은 대형항공사기장은아니지만 연봉이 수억정도받으실거같은데...경험도많으시고...정말 이런인생을사시는분이 가장부럽다..나두 어릴적부터 조종사꿈을가질걸,False,
@ttkk9040,이런분이 임원이라면 이회사 믿을수있을듯. 현역도 뛰신다니. .,False,
@CarProfessionals,난 비행기 출발할때 손 흔들어 주시는 분들이 그렇게 좋더라 ㅎㅎ,False,
@야짜-p2n,우리마을에   에어부산이  있다는거에   영광   나도  벵기공장 다닌지 20년    와우   ...  벗꽃길  멋지십니다  벗꽃길에서  보면  인사하께요,False,
@Spicapika,본부장님 자기 관리 멋지십니다! 직원분들하고 소통도 좋아보여요👍🏻 에어부산 유튜브 볼 수록 에어부산 참 분위기 좋은 회사다 싶어서 부럽습니다ㅎㅎ<br>에어부산 화이팅👍🏻,False,
@전.두.환,&quot;육사말고 공사 갈 걸...&quot;,False,
@rak.2335,공군 출신이면  최소  중령 이상으로   전역 하셧겟네요      잘봤읍니다,False,
@victorlee3032,kk,False,
@johnkwon4765,비행기를 어깨에 메고 다니셔도 될정도로 에너제틱 하시고 비거로스 하요 요기요,False,
@멍튜브-b8e,안전 비행하시고<br>모든 님들 건강하세요,False,
@kim015m,"진에어에 통합 되는것보다<br>차라리 대명소노가 에어프레미아, 티웨이 주식 매각 하고 에어부산 인수 했으면 좋겠다",False,
@KyoungbaekNam,간부가 나오셨네요😅,False,
@bigchoi8643,개인적으로 지금까지 본 기장님 중 가장 젠틀 하시고 멋지다고 생각이 듭니다. 귀감을 얻고 갑니다.,False,
@봉길김-k7f,수고했습니다. 저의 옛 기장시절이 생각납니다.<br>안전운항!!,False,
@불타는감자-v3m,관제사는 안 나오나?,False,
@불타는감자-v3m,인급동 뭐임?,False,
@dongincheonrapid,인기 급상승 동영상,True,@불타는감자-v3m
@하늘땅-i7d,"새벽에 자전거 매우 위험 하오니 그냥 자가용 타고 출근하시는게 본인과 가족위해서, 자전거 오토바이 못지않게 사고 많이 납니다",False,
@Arani1.78,말씀을 너무 따뜻하게 잘해주셔서  영상 보는 내내 기분이 좋네요^^,False,
@bliss2349,아니~~~직급이 본부장님이신데 저렇게 인자하고 친절하시다니 대박!!!!!!<br>에어부산 멋지네요,False,
@진수연-i6b,이번에 제주도에서 올 때 에어부산 이용하는데 신뢰가 확 가는 영상입니다❤❤감사합니다,False,
@브로쇼츠,와 이 형님 철인3종경기 뛰는 아저씨인줄 알았는데 너무 멋지신분이네요!! 에어부산은 직원 한분한분이 다 좋은 분으로 구성되어 좋은 조직 문화가 자리 잡혔을 것 같습니다! 잘봤습니다 감사합니다!,False,
@조현숙-b6i,"함께 일하는 분들 얘기 들으면,<br>자기관리 철저하시고 업무분야에선 누구보다 뛰어난 최고의 베테랑이시며, 실제뵈면 참 정이 많으시고 마음 따뜻한, 이시대의 참 영웅이십니다.<br>에어부산 뱅기~~<br>이 분 믿고 여행합니다~~^^.",False,
@jungdalwoo,건강한 삶 그 잡채!!,False,
@변사또-z5g,"빙고, 그 잡채 멋있습니다. 한편 부지런함이 부럽습니다.",True,@jungdalwoo
@배춘봉-o2e,부지런 +러닝+ 헤어스타일 군출신일거같았는데 역시 댓글보니 ㅋㅋ,False,
@Samuel-pm1yc,"건강은 자신하는 것이 아니라고 생각합니다. 데스크업무는 그렇다하지만, 비행하는 날만은 아침운동을 줄이고 에너지가 많이 소모된다는 비행을 위해 에너지를 비축하는 게 더 좋지 않을까 하는 엉뚱한 생각을 했습니다.",False,
@토끼-f4j,본부장님이 모는 비행기라ㅋ,False,
@77Daegu-Hong_Uncle,에어부산이 서울로 가는거 나는 반대입니다!! 부산은 뭐하고 있는 겁니까!!,False,
@훈남-e8f,연보이얼미냐200000000?,False,
@닝구-w8z,부럽네요 열심히 저렇게 할수 있다는게....,False,
@koe_hosino,에어부산이 이런 커뮤니케이션을 참 잘해요 😍😍👍👍 앞으로도 많이 올려주세요😍😍,False,
@화면밝기,"기장님 공군시절 다큐. 대단하신 분이다...!<br><a href=""https://www.youtube.com/watch?v=-Wbme8bkegw&amp;t=1335"">https://youtu.be/-Wbme8bkegw?si=juEAYboxHv5m6YXT&amp;t=1335</a>",False,
@WHYLEAVEHOME,이걸 찾아내다니 ㄷㄷ,True,@화면밝기
@JIN-qd5wp,캬 감사합니다~,True,@화면밝기
@YonseiOwl,진짜 이런 영상아니면.. 기장님들이 어떤 생활하시는지 정말 궁금했는데 너무 재밌게 봤습니다 체력관리로 새벽에 운동나가시는게 진짜 대단하시네요..,False,
@nugusae,항공채널이 인급동을 찍는ㄷㄷ,False,
@토니앤가이-t7w,기장님 멋있습니다 👍,False,
@김동준-j3z,근데 깜빡이는거 도대체 뭔가요? 고장나서 그런가요? 너무 궁금합니다,False,
@ongjason35,크 공사 출신.. 나라가 키운 파일럿 아니신가요,False,
@yyko7971,기장님 대단하십니다.,False,
@yujgfferfdt,"Legislation in Texas to Stop Unknowingly Participating in Organ Harvesting<br><br>Tom Oliverson, M.D. is Texas State Representative.<br><br>Tom Oliverson, M.D. is Texas State Representative and Chair of the Insurance Committee, Texas House of Representatives. He first heard about forced organ harvesting through the Southern USA Falun Dafa Association. “There are a large number of Falun Gong practitioners in the Houston area where I live and represent, many of whom had been persecuted by the CCP. <br><br>“I have worked with both of these groups for several years to honor the victims of communism and recognize the horrors of forced organ harvesting, but our most significant victory came during the most recent Texas legislative session, when we passed SB 1040,” he explained. “Senate Bill 1040 is an attempt to prevent Texans from becoming unknowingly complicit in the act of forced organ harvesting. Senate Bill 1040 prohibits health benefit plan issuers from covering human organ transplants that are performed in China or in another country known to participate in forced organ harvesting and allows the commissioner of the Texas Department of State Health Services to designate additional countries who are known to participate in organ harvesting.”<br><br>Oliverson said Bills modeled after Senate Bill 1040 have already been heard in the Arizona House, Utah Senate, Missouri House as well as Idaho and Illinois.",False,
@rokaf192,👍,False,
@ktwiz4346,아니 지금 자전거가 문제가 아니라.. 에어부산 진에어로 바뀐다매용..;;  직원들이 이렇게 애정을가지고 일하는데. 어쨋든 더 큰 기업으로 바뀌면 직원분들 더 좋아졋음 좋겟네요,False,
@정현-x9j,굿!,False,
@신균상,항시 안전한비행하세요<br>우리큰아들은 제주항공<br>공사50기 신승한이예요,False,
@호랑나비-o1b,부럽습니다 👍👍👍,True,@신균상
@CaptJohn,"선배님, 항상 감사한 마음 가지고 있습니다. 건강히 안전하게 즐거운 비행만 있으시길 기원합니다. 에어부산 화이팅~!",False,
@planetrainsubway,올해 2월말에 일본 오사카갔었는데 이 영상보니 그때가 생각나네요...그립ㅠㅠ,False,
@JIN-qd5wp,존경 그 자체!!!!,False,
@애옹-j1j,잘해잘해,False,
@디스퍼,어두을때 자전거 타지마세요<br>뒤에서 밀어죽여요 ㅜㅜ,False,
@핑순이-p8v,기장님이 아주 차분하시고 믿음직스럽습니다 멋있으세요,False,
@RedolentOfKorea,저도 좋아하는 자전거 출근 10키로 달리기 정말 부지런하시네요^^,False,
@TPO_특임단장,제 꿈인 일상이네요.^^,False,
@공부방하는여자,늘 챙겨봅니다 감사합니다,False,
@158cm클라이밍,자주 이용하는 에어부산....멋지네요^^,False,
@shpark70651,정말 배울점이 많고 성실하고 책임감있으신 분 같네요 에어부산 무사고가 이런분들이 직원으로 계셔서일것같네요 앞으로 에어부산 더 애용하겠습니다^화이팅,False,
@ikjunson,"<a href=""https://www.youtube.com/watch?v=7SjqUltg-zU&amp;t=456"">7:36</a> 감사합니다! 맛있게 보겠습니다",False,
@coreaTop,전날 늦게까지 회식하고 다음날 새벽에 음주운전 하는 사람 차 조심하세요.,False,
@vdsrfcxaartt,항공기도 프론트에 에어컨이나 히터를 킬수있는 기능이 있나보네요!!😮,False,
@진로장생,개멋있다,False,
@Justice937,안전본부장님의 긍정적인 인생 에너지를 보면서 게으른 내자신을 돌아보게 됩니다 1시간 런닝 은 아무나 할 수 있는게 아닙니다 운동으로 갖추어진 선하신 자신감도 보이십니다 제대로 운동한 사람은 근육으로 과시하지 않고 타인에게 베푸는 선한 마음을 보냅니다 이런 분께서 항공사의 안전본부장이시니 에어부산 에 믿음이 갑니다 -하늘보다도 땅이 더 위험하니 자전거도 안전히 타시고 비행근무도 많이 하시길 바랍니다,False,
@김호준-r5r,안전 운항 항상 감사합니다.,False,
@duck5266,와 이분 진짜 멋있다,False,
@BBUGGU3,"<a href=""https://www.youtube.com/watch?v=7SjqUltg-zU&amp;t=455"">7:35</a>❤<br>항공기 자율주행과 자동차 자율주행은 어떤 차이가 있나 궁금하네요<br>잘 보고 갑니다",False,
@Tys7be3k52,"<a href=""https://www.youtube.com/watch?v=7SjqUltg-zU&amp;t=347"">5:47</a> 에 왼쪽 앞에 계시는 승무원분 김정빈 승무원님이신가요?! 깨알 출연!😊<br><br>김정빈 승무원님 자주 나와주세요!😉",False,
@robinkim8706,본부장님.말씀하신거.보니 진짜.안심이되네요,False,
@HMKOO-qi2tz,이제 에어부산 부산/홍콩 노선도 다시 운항합니다. 너무 기대됩니다!!!!,False,
@새마을호무궁화호,진심 부러운 삶이다. 공사 출신 초 엘리트에다 민항사 기장의 위치까지 ㅎㄷㄷㄷㄷ,False,
@갑돌이는멍청해,그냥 기장이 아니라 본부장이면 임원급임,True,@새마을호무궁화호
@크리스티나리,본부장이몈 전무 아닌가요??,True,@새마을호무궁화호
@Oscar-hk6lt,본부장님 안녕하세요,False,
@chang-yong,김태완기장님은 방송특화 최정점이라면 이분은 에어부산 안전의 최정점이시네요<br>여전히 김대완기장님을 원하지만 안전 신뢰도는 이분의 영상이 완벽했습니다ㅋㄱ,False,
@라온세상-x7l,너무 젠틀 하십니다.<br>같이 비행 하시는 식구들도 너무 좋으시겠네요.,False,
@interest9826,우연찮게 에어부산 영상보다가 지금 몇개째보는건지 ㅋㅋㅋ동영상 잘만드네,False,
@user-kx6lk7uq4u,캡틴 정  멋진 본부장님,False,
@kim_byoung_jang_,멋잇다<br>나도다음생엔 ...,False,
@gomda1774,에어부산 굿,False,
@haariil,귀국할땐 승객이 없이 오는건가요????,False,
@Chickenlove11,우왓..임원면접때 뵌 안전본부장님이십니다!!!뽑아주셔서 감사합니다 이번에 신입캐빈승무원으로 입사하게되었는데 열심히하겠습니다!,False,
@기죽은색동이,헐 입사 축하드립니다! 나중에 졸업하고 입사해서 꼭 캐빈 선후배로 뵙고 싶습니다!,True,@Chickenlove11
@Ritka1997,"항상 안비, 즐비 하십시오!",True,@Chickenlove11
@Erickoon-v1o,열심히해라🎉,True,@Chickenlove11
@koreak01,멋진<br>본부장님의<br>예시인듯,False,
@jinukjeong7573,본부장님도 가끔식 비행을 하시는군요 ㄷㄷ,False,
@정민-c3j,너무 친근하셔서 저희 옆집에 사는 아저씨이신줄 알았어요 ㅋㅋ 전혀 비행기 조종하실... 스타일이 아니신거 같은데 대단하시네요,False,
@송선호-t4d,안전본부장 직책은 하루아침에 얻어지지 않습니다 풍부한 비행경험이 맡바탕이 되어야 한다고 생각합니다,False,
@sunny-tc9cy,와 체력관리까지 열심히하시는 모습 멋지십니다.,False,
@Lee-mu3el,회사에 샤워실이 완비되어 있으니 저렇게 새벽 런닝을 할 수 있을 것 같습니다. 땀에 젖은 몸으로 유니폼 입고 조종하기는 어려울테니까요~,False,
@ShJang-yb9bg,와.. 52시험평가전대 대대장님이셨던  정근화 중령님이 에어부산기장님이 되셨군요 ^^ 당시 다큐프로그램에 TA-50개발하면서 AGM-65 실사격하셨던 김대석소령님도 제주에어에서 비행하고 계신 영상도 보아서 반가웠습니다. 항상 건강하시고 안전비행하시길요.,False,
@pajkl2,왠지 군 출신이시지 않을까 했는데.... 역시... 군 출신 기장님들은 전역후에도 헤어스타일이 유지되시더라구요....,True,@ShJang-yb9bg
@j7021star,다들 민항기로 가시면 나라는 누가 지키나요? ㅠㅠㅠㅠㅠ,True,@ShJang-yb9bg
@ShJang-yb9bg,@@j7021star 20여년동안 공군을 위해서 헌신하시고 후배들을 잘양성하셨으니 전역하시고 민항기타는거 아니겠습니까. 많은 공군사관학교출신분들이 진급의 문은 좁고 젊은 시절 가족들과 함께하는 시간이 많지 못해서 민항으로 가시는 이유일듯 싶습니다.,True,@ShJang-yb9bg
@AAA-vl7sg,@@j7021star사실 대위 말 ~ 소령이 가장 비행기량이나 체력이나 제일 전성기라고 많이 얘기하더라구요 그때까지 의무복무(최대 15년)로 붙잡아 놓고 있습니다<br>외려 어느 정도 나이 든 사람들이 너무 안 나가면 또 젊은 인재들이 못 들어오고.. 공군이 규모가 작아서 중령 이상을 앉힐만한 자리도 부족합니다.. <br>사실 나이 들면 노안도 많이 오고 체력도 힘들고.. 그리고 그정도 경륜이면 작전 투입보다 지휘를 중심적으로 해주는 게 조직에도 바람직한데 지휘관 자리는 적으니 ㅜ..,True,@ShJang-yb9bg
@서소-c1i,이렇게 얼굴을 보네요.. 30여년전 비행대대 시절 조종사 정비사로 근무한적이 기억이 새록새록 납니다..,True,@ShJang-yb9bg
@강백호-b4f,미디어팀 급여 인상!,False,
@um._.,잠시만요 밥차리고 와서 같이 봐야지..ㅎ<br>본부장님 정말 FM 그 자체인 분이시네요 ㄷㄷ  그나저나 선글라스도 그렇고 너무 귀여우신거같습니다 ㅋㅋㅋ,False,
@꿈-d9l,이 영상보고 에어부산 신뢰가 확 가네요,False,
@AngryJWS,뭔가 대대장 해보신듯한 짬바가 느껴지는데요 ㅋㅋㅋㅋㅋ 목소리도 딱 대대장 스타일...,False,
@interest9826,뭔가 익숙한상이다했는데 ㄹㅇ 중령-대령상이네,True,@AngryJWS
@미국-k3r,진짜 자기관리 끝판왕이시네요👍,False,
@charlescho8789,기장님은 공사 출신이라고 방송사가 말했는데 기장님께는 cat(크리어애어터불런스)천청난기류는 아무것도 아니지요 ?그래서 공사출신기장님 언제 비행하냐 항공사에 물어봐도 안 알려주니 답답해요  방법좀 알려주세요,False,
@폴리곤-u5d,에어부산 홍보팀?미디어팀? 일 진짜 잘하네 인정,False,
@HMKOO-qi2tz,인정~~~ 담당자 넘 일잘러인거 같아요!,True,@폴리곤-u5d
@시도헤라,해외여행갈때는 에어부산만 탑니다 무사고비행 에어부산 앞으로도 안전항공사 넘버원으로 갑시다,False,
@나-w3e1m,정말 책임감이 강하시네요,False,
@sharararaoo,기장님 ~ 자전거 타실때 조심 하세요 …<br>에어부산 화이팅!,False,
@박정수-d4v,오~~  기장님   든든함이 확 느껴지네요 ㅎ,False,
@필승6년전,열일하네 홍보팀 대단하심,False,
@KwangHoSuh,"<a href=""https://www.youtube.com/watch?v=7SjqUltg-zU&amp;t=365"">6:05</a> 이륙하기 전에 손 흔들어주는 정비사 분들 보면 같이 손 흔들어주고 싶어진다.",False,
@migookgomdori,그럼 연봉을 기장 연봉 받나요? 임원 연봉 받나요?,False,
@Seinhood,에어부산의 분리매각 기원합니다. 합병당해서 없어지기엔 너무 아까운 지역 항공사 입니다.,False,
@수우미양가,담번에 제주갈때는 에어부산으로 고고😂,False,
@류다니,"승무원이 꿈인 학생입니다. <br>승무원이란 꿈을 꾸기에 승무원 관련 영상들을 많이 찾아보는데 그 중 에어부산이 제일 높은 비중을 차지 하네요 ㅎㅎ 에어부산은 운항승무원, 객실승무원, 정비사 분들의 시점에서 항공업이라는 업계를 재밌게 보여주는 것 같아요 ㅎㅎ 앞으로도 영상 자주 올려 주시면 달려오겠습니다 ㅎㅎ 오늘도 재밌게 봤어용 ㅎㅎ",False,
@hayu812,와 정말 열정적이시고 가슴 따뜻한 분이신듯 합니다 역시 에어부산,False,
@chorus400,에어부산 큰 비행기 도입해서 유럽 가는 영상 보고싶네요!!!,False,
@marketingkim751,대만 항로분리 때문에 딜레이 얘기 마치 PPL처럼 자연스러웠어~~ ㅎ,False,
@승희김-p4x,어 이분. 공사출신에.  테스트 파일럿!,False,
@celsolo-p2o,다음엔 에부 유튜브팀도 보여주세요 ㅋㅋ,False,
@hangduk-lo7fz2cxl,hl7729타고 보홀다녀왔는데 영상에 비행기가7729네요,False,
@김마초-u3f,와우 멋지네요,False,
@MVMv-ef1nk,진에어는 에어부산 유투브좀 본받아라 ㅋㅋㅋㅋ,False,
@날라리병아리,"KBS 다큐멘터리에서 뵈었는데, 시험비행조종사에서 민항기로 이직 하셨네요.",False,
@봉봉-o3q,너무 매력있으신 기장님이다 .. ㅠㅠㅠ ෆ<br>자기 관리도 최고시구 ... 본받겠습니다 !!<br>에어부산 지상직 준비중입니다 아자아자 오늘도 외칩니다 화이팅 !!!,False,
@UCu7MDYcfSUgIb7h-lhSyXEQ,🫡👍,False,
@mabuhay3367,기장님 선글라스가 멋지네요~~,False,
@enochs0114,"가끔 느끼지만 표정,어조만으로 신뢰가 가는 분이 있다.",False,
@uniflyyify,그래도 저가는 좀 불안한느낌은 저만있는걸까요?<br>비행기 운영도 그렇고.. 비행기 고장났다고 두세시간 기다린게 한두번이 아닙니다. 불편했어요,False,
@Orange_Flavor_Pizza,그럼 타지마 타라고 협박한것도 아니고 ㅋㅋㅋㅋㅋㅋ 지가 돈이 없어서 싼거 골라 타놓고서는,True,@uniflyyify
@아주맑은날,칭찬합니다.<br>에어부산~~🎉,False,
@다클서클,창사이래 무사고인 이유를 알수 있는 영상이네요. 고맙습니다.,False,
@박현석-n5s,멋집니다!!!!,False,
@mi6-60,에어부산 컨텐츠 최고!! 에어부산 흥해라🎉🎉,False,
@Ritka1997,두가지일을 하시면서도 캐빈분들과 인자한 모습을 보이며 재미있는 이야기를 하시는 모습이 꼭 인자하신 교수님을 뵙는거 같습니다.ㅎㅎ,False,
@gwdhjj,에어부산 너무 좋아요 기내서비스도좋고 LCC중에서제주항공은발리갈때다른항공사랑같이하지만 우리 에어부산 은!  혼자한다,False,
@jerijeri0419,에어부산 화이팅~~,False,
@greatymake1557,광고는 바로 이런것...❤,False,
@전철민-f1j,안전본부장님 그져 에어부산 빛 이십니다.^^ 개인 건강 관리 잘하셔서 오랫동안 에어부산 안전을 책임져 주었음 합니다.🎉😊,False,
@prologue2673,본부장님이시라니 지금까지 나오신 분 중 최고위층이신듯하네요. ^^,False,
@tigerboyKim,예전에도 다른 본부장님 나오신적 있더라구요,True,@prologue2673
@ElleryLight,ㄹㅇ ㄱ글 에서 벳프리 보면 다른거 눈에도 안들어옴 그냥 다시보면 되니까 개이득임 ㅋㅋㅋㅋ,True,@prologue2673
@EthanaelHannah,헬창들도 ㄱ글 에서 벳프리 보면 근육 다빠진다며 ㅋㅋㅋㅋㅋㅋㅋㅋㅋㅋ ㅋ사ㅋ실임ㅋㅋ? ?ㄱ글 에서 벳프리 모솨서,True,@prologue2673
@ipark3793,우와 에아뷰싼 김태완 기장님만 멋있는 줄 알았는데 여기 더 멋찐 운항본부장님이 계셨네요! 자기관리 끝판왕 존경스럽습니다~^^더불어 에어부산 유튜브 담당자들과 홍보팀은 새롭고 참신한 기획들로 일을 참 잘하시는 거 같아오. 🎉🎉🎉,False,
@tsuyoshi_saijo,영상 감사합니다!! 잘 봤습니다! 멋진 기장님이시네요! 운동으로 자기 관리도 열심 하시고... 정말 대단하십니다~! 늘 안전 운항 하십시오~!,False,
@세상구경-x5y,꽈배기집 사장님처럼 푸근한 인상을 가지셨는데  멋지십니다. 에어부산 짱,False,
@기죽은색동이,꽈배기집 사장님 ㅋㅋㅋㅋ 뭔가 상상이 가네요 ㅋㅋㅋㅋㅋㅋ,True,@세상구경-x5y
@cinnamonsugarcake,생활의 달인에 나올 각인 시장명물 꽈배기 박사 관상😂,True,@세상구경-x5y
@Eddysumin,"한가지 문의드립니다. 얼마 전 모 항공사의 사무장의 자녀가 운항 중 조종실에 출입한 것을 두고 논란이 있었죠. 운항 중 일반인의 조종실 출입은 엄격히 금지되어 있는 것으로 알고있는데, 에어부산 영상들을 보면 종종 PD님?이 뒷자리에 앉아 기장님과 대화를 나누는 장면이 나옵니다. 혹시 이분들은 관련 기관으로부터 허가를 득한 후 출입하시는건가요? 아니면 운항 중 조종실에 출입 가능한 직종이 회사 내에서 존재하는건가요? (승무원,정비사 외)",False,
@augustjune9256,사전 관계기관에 허가를 받고 촬영하고 있다고 다른 영상에서 봤습니다.,True,@Eddysumin
@Donkey__chicken,"사무실에서 책임 업무 맞고, 각종 결재에 서류 업무에 회의도 진행하고, <br>또 비행도 나가시니 대단하십니다.",False,
@청순채원-v6r,기장님 말투도 그렇고 성격에서 침착함이 느껴지시네요. PD님 다음 영상은 에어부산  제일 막내 부기장님 비행영상 부탁드립니다. ㅎㅎ ㅎㅎ굿럭의 신카이처럼요,False,
@정말로-k1n,존 멋...,False,
@dallo_come,진심 믿음직스러워요 👍🏼👍🏼👍🏼,False,
@kyle6201,투머치토커 느낌이 나십니다 허허,False,
@어부가된고양이,요즘 이 채널보는게 기다려집니다 ^^,False,
@slisis-m9u,원래 에어부산 잘 몰랐다가 유튜브 덕분에 처음 알게 됐는데 너무 호감이라 다다음 달에 가는 일본 여행 에어부산으로 예약했습니다ㅋㅋㅋ 유튜브에 나온 직원분들 보면 너무 반가울 거 같아요🤍,False,
@yjwhealing,에어부산~👏👏👏,False,
@jhunterkim,오평부!  오늘도 평화로운 에어부산. 큰형님 유니폼 입으셨죠. 운항은 끝난거로 치면 되겠습니다.  사이클폼 미쳤죠😵 기매키죠 빤타스틱하죠<br>형님들 많이타십쇼 에어부산,False,
@자전거탄비행기,사무실근무니깐 가능한 거 ... 대다수 기장들이 저렇게 댕길수 있나 ...,False,
@오징어의게임세상,저는 6학년 조종사를 꿈꾸는 학생인데 에어부산 기장님들 보고 더 하고싶고 가능하면 에어부산에 미래기장이 되고 싶네요 에어부산 화이팅!,False,
@cashan175,미래엔 진에어,True,@오징어의게임세상
@TheLiferan,기장님 멋지시네!!,False,
@SonDaddy12,너무 젠틀하세요.. 멋지십니다,False,
@Sofastsnail,에어부산 분리매각 해 주십시오,False,
@JaydenHong-s3j,"정말 에어부산 유튜브 미디어팀을 칭찬할 수 밖에 없는게, 이렇게 재미지면서 건전한 내용을 녹화하면서 회사를 홍보할 수 있는 건 대단한 능력입니다^^.",False,
@poyntor,"미디어에 노출되는게 개인으로서는 쉽지 않았을텐데, 출연하시는 모든분들이 회사에 헌신하는 프로입니다. 회사가 이익을 많이 내서 노동자들에게 적절한 보상이 있으면 서로 상생하는 것이겠죠.",True,@JaydenHong-s3j
@kyle__kim,홍보많이될듯 저런분이잇어서,True,@JaydenHong-s3j
@김유주-f2j,맞아요 ㅎㅎㅎ 정말 좋은 판단인 것 같아여!! 덕분에 좋은 컨텐츠 잘 보고 갑니다 ㅎㅎ(오늘윤하신곡3곡나왔어요,True,@JaydenHong-s3j
@BlueRidge_K,확실히 홍보나 유튜브는 에어부산이 잘하는듯,True,@JaydenHong-s3j
@미스틱-e3f,부산출신 현대재직 했고 에어부산 이스타 부기장 김우권 39세 문란하고 여자 밝힘 업소 방문 및 성병 보유,True,@JaydenHong-s3j
@영화-o7n,잼있고 흥미로운 비행기~~에어부산 신뢰가 되네요. 월급 좀 많이 주세요 사장님!!,False,
@khwsc1,"<a href=""https://www.youtube.com/watch?v=7SjqUltg-zU&amp;t=188"">3:08</a> e메일?",False,
@형민박-p1o,🎉🎉🎉,False,
@user-taehyeon123,자전거 출퇴근 하시니까 정말 멋지십니다<br>항상 조심하면서 ride하세요,False,
@nsom1104,와 멋지십니다,False,
@Rryyy-d4t,벌써 기장이란 꿈을 가지게 된지도 6년?도 더 넘었네요. 어렸을 때부터 비행기를  많이 타야하는 상황이 있었어서 공항을 갈 때마다 설레어 너무 사랑하게 되었는데 그  꿈을 가졌던 아이가 고3이 되어 2일 후 수능을 보내요ㅠ(공부하다 잠깐 휴식 시간에 보는거). 비록 올해는 힘들지만 (건강이 안좋아서..) 내년 수능 잘 봐서 26학번으로 항공대나 한서대 꼭 입학하고 싶네요. 원래는 어렸을 때 대한항공만 타서 대한항공을 좋아해 거기만 바라보다 최근 에어부산의 영상들 덕분에 목표를 대한항공만이 아닌 여러 항공사들로 시야의 폭을 넓혔어요! 열심히 살아서 멋진 기장이 되겠습니다<br><br><br>+재수 드가잣,False,
@SARAMIBNIDA,한서대터져서 가면안돼요,True,@Rryyy-d4t
@gambbbag,​@@SARAMIBNIDA오히려 기회?,True,@Rryyy-d4t
@AIRBUS_330,기장의 꿈을 가지고 있는 후배(?) 중1입니다 선배님 수능 대박 터지시고 좋은 대학교 가십쇼!!,True,@Rryyy-d4t
@Rryyy-d4t,@@빠라바라바라밤 전 해외도 생각하고 있는데 해외도 어렵긴 하겠죠?,True,@Rryyy-d4t
@slisis-m9u,수능 떨지 말고 겁먹지 말고 최선을 다 해서 보고 오세요!!,True,@Rryyy-d4t
@qpq1234551,존경합니다...,False,
@csh3102,오마이갓 ㄷㄷ,False,
@junmin1207,2,False,
@기죽은색동이,알림 오자마자 바로 A321 타고 날아왔는데 엔진이 영 말을 안 들어서 V1을 늦게 해서 늦게 왔습니다이 🥲,False,
@heissosick6825,머라노;,True,@기죽은색동이
@네군,형 에바야....,True,@기죽은색동이
@청순채원-v6r,그럼 RTO 절차로 가셨어야죠,True,@기죽은색동이
@기죽은색동이,​@@heissosick6825 모르면 나가세요,True,@기죽은색동이
@기죽은색동이,​@@네군엔진이 너무 낡아서 말을 안 듣네요 쿨럭,True,@기죽은색동이
@S_ennll,왕,False,
@지원-f4i,1,False,
