author,comment,is_reply,reply_to
@model_hanhyejin,"🗓 달력 판매 링크<br><a href=""https://www.yes24.com/Product/Goods/133343201"">https://www.yes24.com/Product/Goods/133343201</a>",False,
@Yjehyuk0419,Ok^^👌👌👌,True,@model_hanhyejin
@gguggu_life,구매 완료했어요🎄🤍,True,@model_hanhyejin
@조혜연-m9x,일시품절이 풀리지않아요,True,@model_hanhyejin
@leeyeon1220,언제 일시품절 해지되나요 구매하고싶은데 ㅠㅠ 😢,True,@model_hanhyejin
@jineelee,아<br>달력 좀 더풀어주세요 😢,True,@model_hanhyejin
@Fryderyk.F.Chopin,캬 역시 모델이 다르긴 다르네요~<br>어머님 와 포스가 엄청나심!!!! 기안님도 같이했으면 좋았을텐데 쪼꼼 아쉽네여ㅋㅋ<br>25주년 축하드려요~~,False,
@소히야-h1q,재밌다,False,
@beGreater_ajindang,헉 기간 지나고 이 영상 봤내오ㅠㅠㅠ,False,
@stella6037,요즘 바빠서 구독영상 바로 안챙겨봤다가 이 좋은 기회를 놓쳤다니😭,False,
@dyworld8596,"덧글 잘 안남기는데, <a href=""https://www.youtube.com/watch?v=7YuSt52__w4&amp;t=777"">12:57</a> <br>공감합니다. 집안 정리를 하고 가볍게 하겠다고 하시고, 생각해보니 여권 사진을 이야기하시며 증명사진 찍었다고 하시는 이야기가 같이 오버랩 되서 눈물이 나네요. <br>혜진님 어머님도, 우리부모님도 오래오래 사실 거예요! <br>건강하세요~!",False,
@jj.k2322,달력구매가 않되요😢,False,
@TV-bv8ys,절판이네요ㅠㅠ,False,
@이정희-c1d,언니진쨔 성격 넘좋아요 ㅠㅠㅠㅠ,False,
@Fangirls_97,Happy 25th anniv 🎉❤,False,
@starrynight5574,언니 너무 멋있어요.❤,False,
@sarang2-ysjh,달력 못사나요? 절판이라뇨,False,
@지긋지긋해-y7y,아니 영정사진 미리 찍어두는게 좋아 진짜 돌가가셨을때 내가 제일 보고싶던 사진이 없더라 난 그게 제일 후회돼,False,
@윤지영-c4q,잘되길 빌어드리겠습니다,False,
@맘쭈니-j1s,와우 어머님  무슨 프로 시니어 모델같으셔요👍,False,
@aaa.aaa.333,인간미❤,False,
@슉슉곰,혜진님 모델데뷔 25주년 축하드립니다.<br>어머니 너무 우아하심,False,
@jua_queen,일시품절...................,False,
@SEOHYUN2,우리혜진언니 너무 멋지다..🫶<br>25주년 너무너무너무 축하드려용~!!🎉🎉,False,
@고성룡-q6v,와 정말 엄니는 중견 회장님 같기도 하고<br>모델 계속 하셔도 좋으실듯 하네요<br>포스가 장난 아니신듯 추억 많이 만드세요~<br>근데 영정 사진은 찍어 두는게 좋은것 같아요<br>저희 엄마는 저 한 20~30대 즘 찍었는데...<br>그래도 맘이 슬픈건 당연한 일이죠ㅠㅠ<br>역시 전부 출연하니 어마어마 하네요 축하드려요~,False,
@라라라-s9c,모델은 역시 모델이다,False,
@eulbyj,으엇 선구매 실패ㅠㅠ 나오면 사야겠어요 ㅠ ㅜ 힝,False,
@norleelah,Pls restock,False,
@norleelah,Out of stock😢😢,False,
@죤-x7u,기안84님 어디예요 😢,False,
@눈꽃-m9v,나도 슬프다 왜 찍어요,False,
@hozigoo,저희 어머니는 13년동안 병원에 계시다가 영정사진도 못찍고 돌아가셨어요. 영상보니까 눈물이 많이 나고 힐링도 많이 됐어요. 영상 너무 재밌게 잘 보고있습니다. 항상응원해요 ㅎㅎ!!,False,
@Stephania1226,기안84 가 빠져서 아쉽네요😊,False,
@노네임-z1h,발렌타인 컨셉은 기안84거였구만,False,
@Crystal-ssu,아쉽다 이걸 왜 이제봤지ㅜ,False,
@베쥬밍,정남님 사투리 넘 잼있어요 ㅋㅋㅋㅋㅋㅋㅋㅋㅋㅋ 혜진님이 따라하시는것두 ㅋㅋㅋㅋ,False,
@베쥬밍,정남님 사투리 넘 잼있어요 ㅋㅋㅋㅋㅋㅋㅋㅋㅋㅋ 혜진님이 따라하시는것두 ㅋㅋㅋㅋ,False,
@ckim4956,헤진씨 엄마 닮으셨네요. 엄마가 남 닮지않게 chic 하시네요,False,
@amylee4773,역쉬 모델!!! 느무 이쁘고 멋지고 부러워요~~ 그리고 유전자의힘! 어머니가 너무 고우시고 아름다우세요❤,False,
@박수정-w3i,어머님 웃는 모습이 한혜진 님이랑 똑 닮으셨어요 :)<br>특히 입모양이 정말 똑같아요 ~ 보고 있으니 행복하네요<br>특별한 사람이 언젠가 떠날거라 생각하는 것 만으로도 마음이 아프고 시린데.. 그 마음이 오죽하셨을까요.. 어머님과 오래오래 좋은 추억 많이 쌓으시길 바래요,False,
@띠로리-j3v,헐 어제까지얐어 ㅠㅠㅠㅠㅠㅠㅠㅠㅠㅠㅠㅠㅠㅠㅠㅠㅠㅠㅠㅠㅠㅠㅠㅠㅠㅠㅠㅠㅠㅠㅠㅠㅠㅠㅠㅠㅠㅠㅠㅠㅠㅠㅠㅠㅠㅠㅠㅠㅠㅠㅠㅠㅠㅠㅠㅠㅠㅠㅠㅠㅠㅠㅠㅠㅠㅠㅠㅠㅠ,False,
@gayeon04,발렌타인테마의 사진속의 혜진님이 정말 예쁘신거 같아요 제가 저런분위기를 좋아하는것도 있구요!! 사진정말 전체적으로 이쁘게나왔어요🩷,False,
@seansong9969,응원합니다.,False,
@totolim2230,달력구매완료❤,False,
@reels_ccm,나래식에 시언님 나오신거 보고는<br>시언님 유튭에 갔다가 ㅋ<br>혜진님 유튭까지 ㅋ<br>이 영상 보고 급하게<br>달력주문 막차 탔습니다. ㅋ<br>멋진 혜진님!! <br>계속 멋지게<br>존재해 주세요!!!,False,
@김영자-g2g,한혜진 진짜  멋있다,False,
@아포리즘-h1t,아직 그러실 연세는 아닌데 ..,False,
@innerPeace0621,긴시간인데 진짜 재밌게 봤어요,False,
@아포리즘-h1t,배정남 동상 자주 보고 싶어요~~,False,
@빠바기-t5c,잘될거에요 나혼산 식구들 사주시면 좋은일 하시니  마이 사주이소,False,
@은경전-w3b,저도 유툽보고 달력 구입했습니다🎉선한 일 하시는 데 동참하고 싶습니다 항상 재밌는 영상 찍어주셔사 감사합니다❤,False,
@流井-z7b,볼때마다 느끼는거지만 혜진님과 어머님은 참 케미가 좋아보입니다 모녀사이니 당연하다 생각할수도 있지만 안그런 사람도 많~으니까요  <br><br>늘 건강하시고 많이 웃으시면서 행복하시길 바랍니다 <br>혜진님도 하시는 일 잘되시길 바래요✌,False,
@jiwonpark1013,달력 두개 구매 완료했어요☺️ <br>혜진언니 늘 응원합니다❤️,False,
@Waterdaepo,어머니도 비율 죽이신다….,False,
@sinhu4517,누나 저 이거보는데 처음에 누나 우는 장면땜에 계속 울면서 웃으면서 봤어욬 ㅋㅋㅋㅋㅋ 제가 늦둥이라 32살밖에 안됐는데 엄마가 75살이거든요... 25살엔 아버지 돌아가시고.. 엄마도 많이 늙었네요... 한번 찍긴했는데 더 예쁘게 찍을 수 있을때 찍는게 좋아요ㅋㅋㅋ 그냥 받아들이는수 밖에요ㅜㅜ,False,
@evayang1990,진짜 너무 멋있다,False,
@soojinhwang3536,언니는 진짜 시간이 흐를수록 더욱 아름답고 매력있어요🎀,False,
@arlenedavid4673,Happy 25th Ms. Hye JIn! Congratulations! Looking forward for another 25. Fighting!,False,
@간지쟁이-g1o,"배정남은 뭘해도 다 잘어울리냐 ㅋㅋ<br>그런데 둘이 동갑?<br><a href=""https://www.youtube.com/watch?v=7YuSt52__w4&amp;t=965"">16:05</a> 저 아저씨 ㅋㅋㅋㅋㅋ",False,
@귀여비-c5n,배정남님❤ 혜진님❤  멋지네요 👍,False,
@myoungjakTV,"살면서 방송인 좋아하면서, 뭐 사본 기억이 없는데..^^ 혜진님의 따뜻한 마음 작게나마 동참하는 마음으로 ㅎㅎ 달력 신청 했습니다.",False,
@이마뭉뭉,우리 이쁜딸 놔두고 어디 안가실거에요 걱정하지말아요,False,
@희망-u6m,영정사진찍으면 되려 장수한다고하여 가벼운 마음으로 많이 찍으시곤 합니다.,False,
@고해옥-h2c,언제나~응원!하겠습니다~^^,False,
@샬라라-q9t,친 남매 같아서 새얼간이 컨텐츠 자주 기다려져요~ ㅎㅎㅎ,False,
@샬라라-q9t,혜진씨 보기엔 도도해 보고 차가워 보이지만 만 주변사람 잘챙기고 참 좋은 사람 같네요~ 앞으로 쭈욱 앞으로 나아가시길~😊,False,
@jaxb2012,"Congratulations Hye Jin, rooting for you from the Philippines ❤❤❤",False,
@mooomin3438,근데 어머님도..  시니어 모델하셔도 될 거 같아요 <br>분위기...... 압살 하시네요 !!!!,False,
@piria54-z8z,겨드랑이좀 내려 개웃곀ㅋㅋㅋㅋㅋㅋㅋㅋㅋㅋㅋㅋ,False,
@RizKaren-yb6cm,서장훈이랑 진짜 잘어울림,False,
@PHL-y7q,지금은 장수사진이라고들 하죠~!,False,
@ntyg9056,발렌타인데이 컨셉 기안혜진 찍었음 진짜 예뻤을텐데 아쉽ㅎ,False,
@hoffifamily149,"I really love your mom&#39;s charisma, she&#39;s so beautiful",False,
@코코배추,기안84님이 함께하지못해 아쉽네요😢😢😢😢,False,
@이정혜-q5z,버로 주문했어요. 전액 기부한다니 참 이쁜 마음을 가진것같아요.,False,
@juliakim26,I want to purchase a calendar!❤. Please have the site in English 🙏,False,
@smyoong6227,Aww i feel sad too seeing Hye Jin mum taking that pic,False,
@ssonjine,진짜 죄송합니다만 인터뷰때 입으신 청난방 어디껀지 알수있을까요?🙏🏻,False,
@차영희-r9e,왜 기안84님이  안보이지?,False,
@jjjjjjuuuuuu,"와 미쳤다 진짜;;;; 역시 유전미쳐버려,,혜진언니의 포스는 어머니를 닮으신건가 와...왕언니야..",False,
@정연희-y7g,좋은일? <br>함께하고 싶은데..<br>어떤 일인지 알면 더 의미있을것 같아요~,False,
@myloveyoure,수익금 전액 기부 하신 걸 말씀하신 거 같아요 그리고 화상 환자분들 돕는데 쓰인다고 합니당!,True,@정연희-y7g
@zn5848,어머님이 시니어 모델하셔도 되겠어요…엄청 우아하고 고급스러우심,False,
@syaosyao-kh6sm,확실히 모델 배정남이랑 찍은게 제일 멋있게 나옴,False,
@buencamino755,한혜진 흥해라🎉🎉<br>달력구매완료 ^^,False,
@배명숙-e9l,혜진이 정말 짱<br>노력의 노력❤,False,
@요동랜드,너모 다들멋지게나오셧는대!!!!  박나래 와우!!!많이노력하셧네영😮😮😮,False,
@nancymurakesh2659,어머니<br>진짜 아름다우시고 포스 쩜 ㅎㅎ시니어모델같아요 혜진언닌 아직더 이십대 같으심 ㅠ 부러워요,False,
@떡볶이쑥떡개떡오-h6s,아무리 사람이 언제 어떻게 될지 모른다지만 아직 60대인 엄마가 영정사진을 찍는다는 사실을 받아들이기 힘든 마음 충분히 이해갑니다,False,
@현세-t3p,므찌다❤,False,
@찐이찐이-z5f,언니 25주년 축하해요❤달력 주문 완료😁,False,
@peacemaker802,맞다. 부모님 영정사진도 찍어놔야겠다...ㅜㅜ,False,
@얄루팔루,언니항상응원해요 달력 소장해야지❤🎉,False,
@youngahlee7823,언니 달력 구입했어요<br>25주년 축하해요 ❤,False,
@kyeongsunny,5개 구입 완료 좋은 일에 사용 될수 있기를...,False,
@twinkle2386,기안님은 없으시네용 스케쥴있으신가,False,
@shortsintheworld-tn7uz,기안없어서 아숩t t,False,
@간지쟁이-g1o,지금 예능프로준비중이라 바쁠거에요 😊,True,@shortsintheworld-tn7uz
@땅희-f8n,달력 돈주고 샀던게...<br>무도이후 첨이네요<br>좋은데 쓰시고...<br>넘 좋아하는 분들이 찍은거라 소장하고싶네요,False,
@Allcome-,기안형 어디갔누 ㅠㅠ,False,
@hong4354,어머니 고급스러워보여요. 부자집부인같아 보여,False,
@김민주-r6q8y,달력 구매완료ㅎㅎ  혜진언니의 선한 기운 받아서 두려웠던 25년도가 기다려지는 영상이였어요 !!  축하합니당 언니 ❤,False,
@Yourpeach06,지금 건강하게 혜진님곁에 잘 계시면 된겁니다 사진이 뭐가 대숩니까 이쁠때 남겨두고싶은 마음도 있으시겠지요 그게 짜증날일은 아니에요 지금당장 편찮으신것도 아니고 건강히 저렇게 아름다운 모습으로 찍으시겠다는데.. 전 더 아름답고 젊으실때의 부모님모습 못담아드린게 오히려 후회됩니다...,False,
@truthordare-BEG,어머님 성공한 커리어우먼 같음 우아하다,False,
@jimlee6608,넘 축하드립니다!<br>늘  최선을 다하시고 자신감 있으세요.   오랫동안  넘 수고 많으셨어요.<br>좋은 시간 먾이 먼들어 가요.❤,False,
@몽키지옥,😮😮,False,
@현미유-l6w,항상 응원합니다. 저도 기부했어요. <br>달력 기다려봅니다. 너무 예뻐요. ^^,False,
@khlee2186,한혜진의 찐찐 이라니<br>모두 탐났을듯,False,
@dianbaguswicaksono2241,I want English subtitles please,False,
@yumikim5343,나래는 나래다 ㅋ넘 웃겨요😊,False,
@kh-xt8os,진짜 볼수록 좋은거  같네요 혜진 짱❤,False,
@hyewontae-u6c,미우새 영상만으로 아쉬웠는데 이렇게 꽉꽉 채워 보여주셔서 감사해요 💖 달력 구매하러 들어가봐야겠어요,False,
@qwertyuiop09853,혜진언니 25주년 축하해요🥰🤗🫶❤️❤️❤️,False,
@qwertyuiop09853,주우재도 나왔음 더 좋았을 텐데...! 모델남매❤,False,
@alexa_95752,우와 어머니 진짜 고우시다..,False,
@hiddenseoul5832,이시언이랑 화보 미쳤다 분위기,False,
@꽃분이-m5n,어머님 진짜 포스 대박.. 혜진님 어머님다우시네요 넘 멋져요,False,
@delaloo9043,풍자가 없네..,False,
@msk9274,근데 나이를 떠나서 본인의 삶을 미리미리 정리하고 대비하는 건 정말 필요하긴 한듯. 죽음은 젊은 사람이건 나이 먹은 사람이건 갑작스럽게 올 수 있는 일이기 때문에 평소 정리를 해두고 영정사진을 언제 찍어도 이상하지 않는다고 본다😊 이 와중에 어머님 머리 너무 예쁘다 흰 머리 정말 잘 어울리심😊,False,
@수정-q5v,멋있는 여자 ❤❤❤❤,False,
@이수희-h8u,"저희 엄마 올해 75세...미리 준비 하시는 그 맘 너무 안타깝지만 하하하하 웃으며 함께 동행했었어요. 엄마에겐 엄마 인생이 중요하니까요 마무리도 엄마의 계획대로 의지대로 하시게 도움을 줄 수 있는 게 저는 좋더라구요<br>어머님, 혜진님 행복 합시당❤",False,
@user-nf6bo1yc2r,"<a href=""https://www.youtube.com/watch?v=7YuSt52__w4&amp;t=388"">6:28</a> 명불허전 👍👍👍👍👍👍👍",False,
@dresses_for_apricity,주문완료❤,False,
@user-fg7gz5tt4c,본업할 때 진짜 멋있다...사람 자체가 빛이 남,False,
@Hdkdvekei,언니 너무 멋쪄요❤,False,
@Lovehi777,달력 바로 구매❤❤❤,False,
@김은정-u9n,언니 <br>저달력어떤거살건지<br>고민하다가<br>언니 달력바로구입했어요❤<br>언니 유튜브보니까넘좋아요❤<br>앞으로자주올려주시고<br>날씨가추웠다더웠다하니까<br>감기조심해요❤,False,
@토탈리페어,달력 구매 완료 !  좋은일에 쓰여진다니 기분좋네요,False,
@seullee9337,"이시언님은 진짜 배우긴 배우다,,, 너무 자연스러워",False,
@proudlysingle,어머님 the row 모델같으세요,False,
@user-taehyeon123,미우새 자주 출연해주세요 혜진이누나,False,
@아키짱-x7e,인생 한혜진씨처럼 함 살아보고싶네용~~~^^,False,
@미국로또1장_무료,혜진 누나의 선한 영향력 굿굿!!,False,
@bongchon5,이 촬영장 나혼산에서 본거같다..,False,
@보라보라-b8d,어머님 완전 모델이시세요<br>미인이세요😊,False,
@hi_eddie,저는 아빠는 어느날 갑자기 암선고에 시한부선고받고 수술도 바로 불가해서 항암만 했었거든요.. 평소에 술담배도 안하고 할아버지가 일찍돌아가셔서 어릴때 고생 많이해서 자기는 오래오래 살아서 자식들 옆에 항상 든든하게 있고싶다고 건강검진도 6개월마다 하던 아빠였는데.. 급성으로 와서 1년도 못 버티고 돌아가셨어요. 돌아가시기 한달전쯤에 중태여서 의식없이 산소줄만 꽂고 있었는데 병원에서 마음의 준비하라며 장례할때 필요한 것들 알려주셨는데 영정사진을 준비하려고 보니 아빠사진이 너무 없는거에요.. 증명사진 있는거 고화질 복원해주는데 가지고 가서 영정사진 만들어가지고 나오는데 액자들고 길바닥에 주저앉아서 미친놈처럼 울었어요.. 당시에 돌아가실 수 있다는 슬픔보다 아빠 웃고있는 이쁜 사진 하나 없는 현실이 너무 슬프고 화가나서 눈물이 터진거 같아요. 같이 찍을 수 있고 웃을 수 있을때 하루라도 더 이쁠때 부모님 모습 남겨놓는거 나중에 이별을 해야 하는 순간에 작은 위로가 될거라고 생각해요.. 아빠 돌아가시고나서 엄마랑은 사진도 많이 찍고 이쁜 사진도 많이 남겨놓으려고 해요.,False,
@jjk201,혜진씨  영정사진은  찍어두는게  좋아요. 전 62세에  미리  한 살이라도 더 어려 보이게- 내년에  또  찍을려고 합니다.. 지금은  70세로 가는 중입니다. 영정사진에  집착이 큽니다. 부모님이  갑자기 돌아가셔서  사진구하기가  넘 힘들었답니다.,False,
@윤복순-k8w,혜진씨 정말 축하해요^^  특히 엄마랑 찍은  화보가 정말 부럽고 멋졌어요^^ 늘 응원합니다^^❤❤❤❤❤🎉🎉🎉🎉🎉,False,
@garinkim901,언니 진짜 일상생활 할때는 빙구미 넘치고 넘 친근했는데 본업 모먼트 영상 한번씩 올라올때마다 멋있어서 기절ㅋㅋㅋㅋㅋㅋ 25주년 축하드려요 ~은퇴하지말구 30주년 기념화보도 꼭 찍어줘여!,False,
@모든것-m9y,"키큰것도 축복임,너무 멋져요.",False,
@pururinpang,어머니께서 모델이셔,False,
@xinqxing,박놔래,False,
@universeEoY,25주년 축하해요! 앞으로 더 멋진 혜진님을 기대해봅니다❤❤,False,
@victoryaa2661,첫 댓글에 구매 링크 있어요,True,@universeEoY
@shp3095,함께 좋은일에 참여하게되어 기쁘고 혜진님 25주년 축하해요^^,False,
@cio730ing7,멋집니다 앞으로도 응원하겠습니다 선한영향력많이 보여주세요,False,
@leekoko7289,조금이라도 젊었을때 준비를 하고 싶었던거죠 아주 한참 나중에 평생 남겨질 모습일텐데 저라면 20대때 찍어둘걸 그랬습니다,False,
@you2186nk,달력 어떻게 구매하는지요?,False,
@bora_486,빵먹으면서 재밌게 보고 있다가 어머님 사진에서 목이 메여 빵을 내려 놨어요..ㅜㅜ,False,
@estherpark183,미국에 사는 사람은 어떡해 사는겁니까,False,
@북오리,기안은요!!! 기안은!!,False,
@sunnyshinn8254,이번영상보면서 저두 마음이 울컥했어요😢 사진은 미리 찍어두면 더 오래 건강하게 산다는 얘기가 있다고해요..슬퍼하지마시고 좋은영상 많이 기대할게요❤,False,
@가네-m1q,기안이 없군,False,
@_j_jye_90,영상 다 보고 바로 구매했어요! 나혼산때 생각나서 영상 너무 재밌게 봤습니다☺️,False,
@MAYA-ve6cw,달력 구매했어요 언니 !!!!!!!!,False,
@bysun6629,달력 주문했습니다~ 달력 너무 멋질것 같아요 기대되네요^^ 혜진씨가 얼마나 열심히 잘 살아오셨는지 영상에 모두 담겨 있네요 어머님도 너무나 아름다우세요^^ 25주년 진심으로 축하드립니다^^,False,
@성선오-p4i,장윤주 모델은<br>어디 있나요?,False,
@_j_jye_90,이걸 기다렸다구요!! 대박!!,False,
@희-i2s,기안님도 함께했음 좋았을텐데...ㅎ,False,
@jjangjjang5713,데뷔 25주년 달력 촬영!  지인 총 출동!!!!멋져요😊😊,False,
@sarangk6960,어머님 너무 좋음  항상 혜진님 뒤에서  든든한 조력자 ❤  찐엄마 같아서 부럽네여 건강하세요 ❤❤❤❤❤,False,
@파란구름-l2u,영정사진 찍어 놓으면 더 오래 산데요. 수의 맞추는거랑 비슷하다고 미리 하는분들 많아요. 저도 부모님 한살이라도 젊을때 찍어드릴까 생각 중입니다. 최고로 이쁘고 멋진 모습으로. .근데 그래도 생각이 많아지는건 어쩔 수 없네요^^,False,
@니나노-n8x,기안 의리가😢😢😢😢 아쉽다 기안혜진 화보도 멋졌을텐데 못봐서 ㅜㅜ,False,
@wisehumblejade,정말 한 분야에서 오랜 시간 열심히 일하고 계시는 탑모델 혜진언니의 모습은 모델계뿐만이 아니라 저처럼 동시대를 살아가는 많은 여성들에게도 귀감이 되고 있다고 생각해요🥹 진짜 혜진언니 진심으로 너무 멋지시고 존경해요🙏 모델로서의 프로페셔널한 모습도 유튜브에서 보여지는 인간적인 모습도 다 너무 좋아요!! 앞으로도 오래오래 활동해주세요❤️ 달력도 너무 기대됩니다!!,False,
@user-e7s5i,2월샷이 너무 이뻐요~,False,
@지니-o8v7r,"옛날 중국의 황제들은 즉위하면 자신의 장지를 보러가는게 첫번째 업무였대요, 자신의 장지를 보러가면 장수한다고 했답니다 혜진언니 울지마세요😢 어머니 건강하셔서 오래오래 사실거예요!!",False,
@Dddd-s2c-t9q,이 영상 본 사람들이 한개씩만 사도 20만부는 팔릴듯,False,
@jinseokheo559,"영정사진은 이런 날 찍어야됩니다..ㅋ 카메라 커뮤니티 가면 막상 돌아가셨는데 마땅한 사진이 없어서 이 사진으로, 저 사진으로 영정 사진 편집 좀 부탁드립니다. 라는 요청 넘쳐납니다. 그럼 이쁘지도 않고..어설픈 합성티 나고..저도 외할머니.  누나 결혼식 때 한복 곱게 입고 오셔서 가족들이랑 사진 찍자는데 다 늙은 사람 뭐하러 찍냐고 안찍겠다는거 영정 사진 쓰겠다고 꼬셔서 찍고 단독으로도 찍어드렸는데 1년 뒤에 잘 썼습니다...ㅋ 이쁘게 하셨을때 많이 찍어드리세요들..ㅋ",False,
@삼호이령,근데 시언님이랑 찍은 사진 너무 잘나왔어요. ㅎㅎ 너무 잘나온거 같은데요? ㅎㅎ,False,
@dukim3349,기안 없으니까 허전한데,False,
@kikkims0,어머니~ 시니어모델같아요~❤,False,
@kikkims0,어머니~ 시니어모델같아요~❤,False,
@kyoseonmoon4326,늘 지켜봤구요.<br>늘 응원했구요.<br>늘 멋있구요….<br>사러 갑니다. . 슝!,False,
@Gratia-Vita,한혜진님과 친한 모든분들을 응원합니다,False,
@손해련-k4t,저희 아빠 영정사진은 우리 조카돌사진이였어요 그래도 환하게웃는모습이라 오시는 분들 모두 영정사진 괜찮다는 말많이 하셨어요,False,
@샬라라-q9t,어릴때 부모님이랑 많이 찍었다 싶었는데 성인이 되어선 막상 사진이 없어서 젊었을때 증명사진 수정해서 영정사진 썼네요 ㅠㅠ 어찌보면 젊은 모습이 좋기도하고 아쉽기도 하고 ㅠㅠ 혜진님 맘도 이해하고 위에 님도 동감합니다.,True,@손해련-k4t
@kyungmeeyoo9356,25주년 축하축하합니다~~ 혜진님의 팬으로 항상 응원하겠습니다... 그리고 아프지 마시고 항상 건강하세요~♡,False,
@eukim3324,한혜진님 완젼 멋있어요. 25주년 너무 축하합니다👍🏻😆,False,
@안지영-u2s,❤❤,False,
@정미옥-l5v,왜 기안84는 없지요?  아무도 궁금해 하지 않네요 나만 모른는건가요?,False,
@그린사랑,늘  멋지고<br>늘 당당하고<br>늘  변함없이  한결같은  마음과 모습♡  고맙고 응원합니다<br>사랑해요~~한혜진😊,False,
@김상순김상순-r6x,대단한 혜진님 늘 응원합니다...화이팅!!!,False,
@SungjinPark-wg5ng,발렌타인컨셉은 원래 기안거였던거 같은디 ㅋㅋㅋ😅,False,
@pepsi_m,이영상너무너무기달렸어요!!ㅠ.ㅠ,False,
@김남희201,엄마의 예~~쁜 모습을 남겨두고 그거로 나~~중에 영정사진으로 쓰면 좋지요ᆢ혜진씨 맘도 이해가 됩니다ᆢ미리 준비 잘 하셨어요ᆢ토닥토닥,False,
@55LJAY55,"영정사진이라는 단어에 저도 모르게 울컥하게 되네요.ㅠㅠ 15년전 엄마 돌아가실 때, 영정사진이 필요할거라 생각치도 못했거든요..<br>무튼 어머님도 항상 건강하시길 바랍니다.<br><br>아.. 근데 저 왜 인스타는 잘 팔로우 하고 있었는데 왜 차단 당했을까요..ㅠ",False,
@woomrs,"가는거에는 순서없다고하잖아요...  찍는다고 생을 다하는것 아니잖아요..  너무슬퍼하지마요...  저희  큰이모가 10년전 돌아가셨는데 그때 단체 외가가족여행 가서 찍은사진으로 영정사진했던 기억이 있어요... 그게참 마음에걸렸고 장례식 내내 마음이 아팠어요😢😢  그이후로 저희 가족은 2년~3년에 한번씩 증명사진을(여권사진갱신한다는핑계로) 찍어요~ 😂😂  아이들커가는거처럼 부모님 늙고 저또한 늙는것도 보이더라구요,.....   <br>엄마가 영정사진찍는다고, 속상해하지마요.... 엄마가 더많이 슬프고속상할거에요~",False,
@쪼꼬미-f8p,25주년  넘넘 축하합니다 🎉 좋은일 하신다고 해서 저도 주문했어요~~~~❤❤❤❤❤❤❤❤❤❤❤❤,False,
@목근호,25주년축하드려요 ❤🎉🎉🎉 혜진님과 도움주신분들 멋져요🎉🎉,False,
@luni7310,25주년 진심으로 축하드립니다.<br>35주년 45주년 롱런을 응원합니다.<br><br>저도 기부에 미미하게 동참❤<br>달력 주문했스요😊,False,
@Jennifer-e8z,혜진씨~항상 응원해요!!🎉,False,
@땅희-f8n,나도 모르게 울었다<br>영정사진...,False,
@제루제루TV,응원합니다 ❤,False,
@水ようかん,"<a href=""https://www.youtube.com/watch?v=7YuSt52__w4&amp;t=422"">7:02</a> 빛보다 빠른 화면전환😂😂😂",False,
@simom8507,어머님께서도 모델같으시네요~~~~🎉🎉🎉,False,
@Hyunan32Han,아름다운 혜진씨의 마음과함께<br>소중한 나날들을 담아 25주년을<br>진심으로 축하드려요 ❤❤❤,False,
@Hyunan32Han,🥳🥳🥳🥳🥳🥳🥳🥳🥳🥳,False,
@조혜윤-m7r,너무 웃겨서  눈물이 낫어요  박나래님땜에  역시 박나래님 짱 여기서 다봐서 좋네요 ㅎㅎ 달력 사야겟어요  😊,False,
@TV-cj4kp,언니 저 구독하고 화보 샀어요^^  좋은 일에 기부도 하신다고 하셔서~~~~~마음 좋게 삽니다 기대 되요 잘보고있습니다 화이팅^^,False,
@루브르-m4n,좋은 일에 작지만  보탬이 됐음좋겠어서   망설임없이 주문했어요  혜진씨를 일년동안 탁자에 놓고 볼 기회기도 하고 ㅎㅎ<br>좋네요  늘 그자리에서 더욱 성장하는  혜진씨가됐으면 좋겠어요<br>그리고 심성착한 혜진씨 엄마랑 영상나오는거 참 흐뭇하고 재미있어요,False,
@황신비-c6b,언니가 하는건 무조건 동참!!!!!! 말모말모!!!❤,False,
@hj7773,주문완료 !!! 한혜진 멋짐 이뽀 😊조아~~~~~~~~♡,False,
@mipamipayang,발렌타인 컨셉을 희민이랑 했어야해 ㅎㅎ,False,
@victoryaa2661,혜진님의 선한 영향력에 동참 했어요 ㅎ 참여하신 분들 고생 많으셨고 혜진님 항상 응원하고 더욱 더 행복하세요!!! 다시 한번 좋은 컨텐츠 감사해요 ㅎㅎ❤❤,False,
@갱이-w2x,어제 영상 끝나자마자 달력 주문했어요ㅎ<br>혜진씨는 맘도 너무 이뻐요~^^,False,
@윈터베어1230,지금 생각하면 그때의 저희엄마 엄청 젊으셨는데...(59에서 60넘어가시던때) 엄마가 60대가 된다는것만으로도  한없이 눈물이나더라구요.. 그때 아이를 임신하고 하혈이있었던때라 엄마가 저희집에 다녀가시고 보내드리는 뒷모습을 본거라 더그런생각이들었을수도...그래도 그때가 그립네요... 울엄마 나이드심에 울수있었던 그때가....TMI늘어나서 죄송하고 저도 좋은뜻에 동참함서 구독완료❤,False,
@hyunehyun,저도 영상보고 바로 주문 했습니다❤,False,
@꿈의거처,"달력 많이 판매되길  기도합니다 ❤<br>너무 재미있게 봤어용 25주년 축하드리고, 늘 응원합니다!!",False,
@joy-ef5ff,달력 주문했네요😊<br>기대하고 있을게요~~,False,
@최원식-i9r,기안84님이 없어  아쉽습니다 <br>왜 빠졌을까?,False,
@꿈의거처,마라톤 때문인  거 같은 생각을 해봤어용,True,@최원식-i9r
@여름향기-u4s,울릉도 촬영 때문이었던 걸로 알아요...,True,@최원식-i9r
@꿈의거처,어머니 너무 멋지세요<br>혜진님 마음이 공감되어 저도 눈물이 나네요 ㅠㅠ,False,
@지연양이야기,이뻐요  어머님  정말  멋져요🎉🎉🎉🎉,False,
@바람-s9u,울 기안님은???????,False,
@PiaUto,찐친들과 티키타카가 장난이 아니네요 ㅎㅎㅎ❤😂 역시 믿고보는 한혜진!! ㅋㅋ😂,False,
@PiaUto,찐친들과 티키타카가 장난이 아니네요 ㅎㅎㅎ❤😂 잼있어요. 역시 믿고보는 한혜진!! ㅋㅋ😂,False,
@현수진-z3e,혜진씨 어머니 너어어어무 고우시네요! 고급지고 우아하세요.❤,False,
@현수진-z3e,혜진씨 어머니 너어어어무 고우시네요! 고급지고 우아하세요.❤,False,
@들꽃-u5n,25년 외길인생 너무 고생했고<br>행복했고~~앞으로도 건강하게 좋은일 많이 하면서<br>남은인생 해피하게 홧팅 ~응원합니다 🎉🎉🎉🎉🎉,False,
@정미숙-v2z,뜻깊은 일에 작게나마 동참 합니다<br>건강 챙기며 일 하시고 응원합니다. ❤❤❤,False,
@쭈야1004,뜻깊은 촬영이네요 늘응원합니다❤,False,
@임엄마-o3z,달력신청 완료<br>  혜진씨 늘 응원해요,False,
@bluemoon0825,❤🎉,False,
@윤지영-c4q,고생했어요   참으로   이쁘네   정말   좋은 사람 들과 좋은일 춥고 차가운날에  푸근한 소식이될거라  믿습니다,False,
@sharkman009,어머님도 모델이셨어요?,False,
@호세호-i5n,간지는 역시 정남이 행님이지 👍👍,False,
@TheLopitur,"Поздравляю с 25 годовщиной🎉 восхищаюсь вами, поддерживаю вас и желаю долгих лет успеха и процветания!",False,
@비니맘-q6s,구입 완료♡,False,
@mehyunSong,구매완료♡,False,
@mehyunSong,제는. 왜. 낀거니. 화사. 넘. 싫어,False,
@김수일-v7b,흥해라 흥해라 흥해라,False,
@syj1004,많은분들이 기쁜마음으로 참여한거보니  제 마음도 풍성해지는거같아요 ㅎㅎ,False,
@youarespecial50,❤,False,
@suraKT97,It&#39;s really one of the best cover  magazines  ever. Happy 25 anniversary 💖 💕,False,
@햅삐-bbo,혜진언니 25주년 너무축하드려요❤  좋은일하시길래  달력샀어요😊,False,
@dongX2e,달심언니 본업할 때가 젤 빛ㄴㅏ ⭐️⭐️<br>25주년 축하해요 &gt;_&lt; 💗💗,False,
@juliakim26,"You are too young to have modeled for 25 years ❤.   You will always be beautiful, fit, and forever a celebrity 🎊🎉👍🙌💪💐👑😀",False,
@user-fy4ge4zl8g,혜진이  혜진했다<br>달력빨리보고싶네.,False,
@ssip_SUNBI,누님 영정사진 찍으면 오래 산다는 옛말 아시죠?,False,
@lemonyellow9344,"23~24년 전에 백스테이지에서 헬퍼로, 패션쇼장에서 관객으로 뵈었는데 뭔가 찡하고 뭉클해요. 그리고 감탄이 나옵니다. <br>25주년 너므너무 멋지고 축하합니다~😘",False,
@페르세포네-x9p,혜진언니의 선한영향력에 작게 나마 동참해요♡,False,
@라따뚜0l,키안 없어서 너무 아쉬워ㅠㅠㅠ,False,
@박옥경-r5e,고생 많으셨어요 혜진씨,False,
@띠용대박,어머니 사진 미리 찍어놔도 괜찮아요..더 건강하게 오래 함께하세요..부럽습니다^^,False,
@박옥경-r5e,사진 ㅠㅠ 같이 울엇네요...,False,
@pineapple8579,난 진짜 한혜진님 사람 자체로 너무 좋음 ㅜㅜ 모델로써도 방송인으로써도 일상 유투브에 보이는 인간적인 모습도 다 너무 좋아요❤❤,False,
@adjovie,"Jennnyyyyy-aaaaaaa ❤ great shot <a href=""https://www.youtube.com/watch?v=7YuSt52__w4&amp;t=1165"">19:25</a> 👏👍",False,
@삼남매엄마-w4d,어머님과 웃는게 똑닮았네요~부담없는 금액이라 저도 주문완료했어요.<br>멋진 한혜진님 응원합니다 🎉,False,
@그린리너-q3c,아름답습니다,False,
@nyc4413,혜진언니 저는 25살에 아버지가 암으로 돌아가셨는데요. 사실 저도 아버지한테 영정사진이 필요할거같다 라는 생각을 어렴풋이 했었습니다. 그러나 아버지한테 사진찍자는 말을 하기가 싫었어요. 아버지는 본인 아픈모습을 보여주기 싫어하셨고 저역시도 아버지께 영정사진찍자는 말을 하는게 어려웠고 싫었습니다. 아버지가 죽어가는걸 인정하는것같아서요. 그런데 장례를 치르려니까 아빠가 활짝웃는 모습의 사진이 없는게 너무 아쉽고 속상하더라구요..결국 젊은 날의 아빠사진을 겨우 찾아 영정으로 모셨지만 아직도 후회가 남습니다. 영정사진을 찍어두면 되려 건강하게 오래산다는 말이 있습니다. 영정사진을 준비하는 어머니의 모습에 너무 속상해마시고 혜진언니와 어머님 모두 건강하고 행복하게 지내셨으면좋겠습니다.,False,
@샬라라-q9t,저도 님의 말씀 공감 합니다~<br>사진이 많다고 생각했는데 돌아가실때 영정사진 쓰려니 젊으셨을때 사진 꺼내어 올렸네요..벌써 돌아가신지 5년 가까워 집니다..저도 맘이 뭉클해 지네요..모두들 한번 살다가는 인생 즐겁게 행복하게 살아요~,True,@nyc4413
@hyeryun2,"옛날 어르신들은 영정사진, 본인 죽으면 입을 수의까지 미리 사두세요. 오히려 수의 사두심 장수한다는 옛말도 있고요. 참고로 저희 친할머니 같이 사시는데 수의를 할머니가 20년전쯤에 미리 사두셨거든요.^^;  장농에 아직도 들어 있는데.. 저희 할머니 지금 99세이세요😊ㅋㅋㅋㅋ",True,@nyc4413
@이원배-j2b,그리고 미리  찍어두시면  오래사신다네요,True,@nyc4413
@Yourpeach06,저도 비슷한말을 하려고했는데 벌써 같은생각을 가지시는 분들이 많으시네요 저희부모님은 아직 건강하시고 크게 편찮으시지도 않지만 당신들이 제일 원할때 그모습으로 찍은사진은 있었으면 좋겠다는 생각을 해왔어요 단순히 생각하기에 슬픈일이기는 하지만 나중에 진짜 그게 40년후 있을 일일지언정 언젠가는 일어나는일일테고 그때되어 사진을 찾아볼때 그 미소가득한 영정사진 하나 찾는것도 무척이나 힘든일일거 같다는 생각이 문득 들었어요 부모님이 영정사진찍는일이 슬픈일인건 당연하지만 부모님이 원하신다면 해야하는 일이기도 하다는 생각이 듭니다..,True,@nyc4413
@syj1004,저도 아버지 독사진은 없었고  단체사진에 있는 아버지 얼굴을 영정사진으로 썼죠,True,@nyc4413
@Joy-nm6ky,"<a href=""https://www.youtube.com/watch?v=7YuSt52__w4&amp;t=735"">12:15</a> 어떤 마음인지 너무 알거같아서 저도 같이 눈물이ㅠㅠ 어머님~ 건강하게 오래오래 저희와 함께 해주세요~!",False,
@모리-j6o,멋있어요~~특히 어머니 너무 멋있으심.<br>어머니세대때 모델 하셨으면 굉장하셨을것같아요~<br><br>달력이 기안이 없는게 너무 아쉬워요 따로 찍어넣었음 좋겠다능~~^^,False,
@race9797,기안84님 ❤❤❤❤❤왜 없으요.누나  젤  좋아한디😂,True,@모리-j6o
@deardochi,구매 완료!🎉❤,False,
@deardochi,한혜진 언니 너무 좋아!,False,
@네모공쥬,엄마가 미인이심,False,
@haha_6000cong,멋진 사람….🖤🤍🖤🤍🖤🤍🖤🤍,False,
@mikki-sun,멋짐 🎉🎉🎉 25주년 축하드려요~,False,
@ppoppoya,와 배정남님이랑 화보찍는 모습 너무 멋져요,False,
@망고라떼-d8i,25주년 축하드려요.<br>혜진님 늘 응원합니다.<br>달력구매했어요. 멋지세요~^^,False,
@할미덕-q2y,한혜진 왜이리 이뻐 어우 어우,False,
@할미덕-q2y,기안없어서ㅜ아쉽다ㅠㅠㅠㅠㅠㅠㅠ,False,
@Bucketlist-b4q,주문완료 한혜진님  늘 응원해요,False,
@박성욱-q5k,재밌게 잘보고갑니다 <br>한혜진님 틈만나면 유퀴즈온더블럭 핑계고 런닝맨 나왔으면 좋겠어요<br>일로만난사이 이후 유느님 한혜진님 조합 또 보고싶어요,False,
@우완지완,수고많으셨어요 혜진아 ❤❤❤❤❤,False,
@하늘-g3b-c8i,진짜 존경해요. 저랑 나이가 같으신데 <br>늘 귀감이 되요. 분야는 다르지만 프로정신 많이 배웁니다. 늘 응원할게요.,False,
@최병희-d1b,혜진씨. 멋져요~어릴때보다   지금이. 더 멋진것같아요 ^^,False,
@darlymartinez491,Hyejin I hope you celebrate 25 more years and whatever you want ❤❤❤,False,
@Hwakk22,기부도 하고 이쁜사진도 다 보고싶어서 구매해봅니다❤,False,
@손정자-q7m,혜진님 25주년 축하드려요,False,
@어괜찮지않아,미리 축하드료요❤ 한혜진언니 화이팅,False,
@hee01120,좋은 사람 곁엔 좋은 사람이 모인다는데<br>한혜진님한테 딱 어울리는 말인 것 같아요<br>데뷔 25주년 너무너무너무 축하드리고<br>앞으로도 재밌고 따뜻한 컨텐츠로 함께 해주세요🫶🏻,False,
@marlang_dooboo,기부하신다길래 기분 좋게 구매했어요:)<br>25주년 축하드려요🎉🎉🎉,False,
@박시연-e1j,😮,True,@marlang_dooboo
@poornimakodikara2668,i love u mom .because of her i watching your video.,False,
@난권력에빌붙는판사다,와 많이 이뻐졌다ㄷㄷㄷ 혜징어 였는데,False,
@beautifulmoon2032,기안84님이 참여 못해 아쉽군요!! 찐친컨셉에...,False,
@air8166,언니 최고❤️❤️,False,
@LEE-fl1tz,제니 크게 될 아가씨네요!,False,
@user-flover9,이현이는 통편집 당했네 ㅋㅋㅋ ㅠㅠ,False,
@hyunsoo_ahn,한혜진 본업할때 정말 아름답다.,False,
@yessya2531,이시언 소배우는 보다보면 잘생겼어. 그리고 나도 가고싶은 오빠스타일임,False,
@manuka14agency,땋은 머리..좋습니다 🌹,False,
@insamlee903,혜진 누나 인터뷰때 입고있는 셔츠는 어디건가요?!?!,False,
@borajh068,괜히 25년동안 탑 자리를 지킬수 있는게 아니라 생각한다. 멋있다 한혜진~!!!!,False,
@user-yc1ov1bo8s,배정남❤,False,
@권소라-m6q,혜진님의 선한영향력~달력 구매했어요~~❤❤❤,False,
@ok_kikie5959,"나래님 마지막 컷 긴머리 같아요 청순하고~섹싀하셔요~ 이시언님 오늘 왤케 잘생기신거죠!! 함께 해주신분들 전~부!!모~두!! 멋지십니당! 달력달력 퐈이팅!! 예~~<a href=""UCkszU2WH9gy1mb0dV-11UJg/8gF1Xp_zK8jk8gSDrI2wCw""></a><a href=""UCkszU2WH9gy1mb0dV-11UJg/8gF1Xp_zK8jk8gSDrI2wCw""></a><a href=""UCkszU2WH9gy1mb0dV-11UJg/8gF1Xp_zK8jk8gSDrI2wCw""></a><a href=""UCkszU2WH9gy1mb0dV-11UJg/8gF1Xp_zK8jk8gSDrI2wCw""></a>~호잇!!",False,
@POV-h5s,너무 좋다❤❤,False,
@김날두-e9d,존멋..,False,
@김현정-x1l6z,멋있다!!!!! 역시 한혜진!!!! 최고의 모델은 한혜진 뿐!! 앞으로도 활동 부탁드려요! 언니는 70대 80대 되셔도 멋있고 활동 해주세요!!!,False,
@Naver_yanggejang,구매완료!!! 25주년 너무너무 축하드려요!!<br>사무실에 달력 두고 2025년 행복하게 보낼게요<br>❤️❤️❤️❤️,False,
@정해진-j5n,축하해요~🎉<br>달력주문 완료~  빨리 받고싶네요❤❤❤❤❤,False,
@쭉잘될사람-m1v,혜진님 🎉 축하드려요,False,
@김라푼젤-x5r,언니~ 저 처음으로 유튜브 구독을 눌러봅니다.<br>좋은일을 하시는 선한영향력 응원합니다~<br>달력 구매했어요~기대됩니다.,False,
@신정호-n4l,즐겁게 사시고 조은일 하셧내요🎉🎉🎉,False,
@미니민이-o2o,모자이크 해도 서장훈이랑 박나래인데 ㅋㅋㅋㅋㅋㅋ,False,
@moebius_I9,아~ 이시언 선생 잘생겼었구나...;; 이제 알았네~;,False,
@성순홍,기안 누나 기안씨가 안보이네요❤❤❤,False,
@lmhee-s6d,주문했어요😊,False,
@iiiiiikhiiiiriiiiss,"<a href=""https://www.youtube.com/watch?v=7YuSt52__w4&amp;t=55"">0:55</a> 정말 블러처리가 아무런 의미가없는 존재감들이시다.",False,
@이미경-w9q4q,축하드려요 ~~<br>달력 주문 완료!,False,
@이수경-t9c,25주년 먼저 추카추카<br>욜씸히 달려온 달심이기에 더더욱 추카 드려욤<br>엄마랑 투샷 너무 감동 그자체<br>항상 달심  아니 대한민국 탑 모델 한혜진씨를 응원합니다<br>달심덕에 시언스쿨과 기안84 유투브로 빼놓지 않고 구독중입니다 .  역쉬 가족의 힘이란........끈끈한 가족애 오래 지속되길 바라며~~~~다시한번 25주년 추카추카 ^ㅡㅡㅡ^,False,
@bluesword24,혜진 누나의 선한 영향력에<br>지인분들이 도와주시는게 멋있습니당,False,
@snoww7964,정말 멋있어요 언니 행복하세요,False,
@moons_ch,요 촬영 비하인드 영상 올라올거같아서 기다리구 있었죵😚,False,
@김혜진-p5z,"이쁜혜진씨.  제가 임신했을때 뉴스에서 혜진씨가 미국에서 활약하던 영상봤던때가 기억에 아직 생생하네요. 우리나라에 이런 모델이있구나 놀랍고, 감사한생각도했어요. 우리나라를 알리는 모델이있구나~~ 지금까지 얼마나힘들었을까…  고생많으셨어요.  앞으로도 응원합니다. ^^❤❤",False,
@주아맘-u7c,진..짜 멋있다.. 영상 보면서 울다가 웃다가 조울증 걸린줄ㄹㄹㄹ😂❤,False,
@user_dd9jv8om6q,혜진언니 데뷔 25주년 축하드려요 언니의 선한영향력 응원합니다 ♡,False,
@P.sihaha,어머님 백발도 포스있고 넘 멋있으세요!혜진님 포스가 어머님 유전이신가봐요❤❤,False,
@Xxjjxx2193,엄마 얘기에 눈물 팡팡,False,
@너뭐-p6q,달력 url 바로 보고 바로 결제했어요 ㅋㅋㅋ <br>이득이 몇개여 ㅋㅋㅋ 화보 보고 남도 돕고 😎 나 이제 25주년 화보 달력 있는 사람됨 🕺,False,
@hingkitty,혜진언니 25주년 축하드려요~~~,False,
@nanakim888,무엇보다도 어머니와 찍으신게 감동❤,False,
@googlezzangna,"참 세월이 빠르다, 야속하다 하면서도<br>아이들이 성장하고 나와 주위 사람들이 1년이 하루같이 나이 들어가는게 보이면서도 이상하게 내 엄마는, 엄마만은 나의 어릴적 건강하고 지치지 않고 날 위해 애써주던 엄마의 모습 그대로인 것 처럼 한없이 느껴지다 어느날 갑자기 힘이 하나 없이 걸어가는 축처진 어깨가 보이고, 주름이 가득하고 거칠해진 손이 보이고, 마음 약해진 말들을 하는 게 보일 때,<br>내 엄마가 늙었다는 걸 새삼 깨닫게 될 때,<br>그 공허함, 외로움, 미안함은 말로 다 못하겠더라고요. 나의 어둠을 밝혀주던 달이 빛을 잃어가는 느낌... 저도 영상 재밌게보다가 괜히 울컥했네요.<br>모델 한혜진 25주년 축하드리고 앞으로는 유튜버 한혜진 50주년으로  꽃길만 걸으세요!!",False,
@taehyunhong,멋지고 멋지고 멋진 혜진님 읏원합니다,False,
@wir똥입니다sq01,달력 살 수 있는 기간이 더 늘려주시며 안돼여?????,False,
@NancyKu9686,When i see Hye Jin’s mom i click🥰,False,
@wir똥입니다sq01,와..달력 개멋있는데 안 살 수가 엊ㅅ눈데,False,
@wir똥입니다sq01,헐 ㅠㅠㅠ 서장훈이다 ㅠㅠㅠㅠ ❤❤,False,
@e_yu.67,최단신은 가려도 나래언니❤,False,
@HHH-H5,와 모델 엄마는 다르다,False,
@kkmma6269,제니 너무 센스있고 착허다😢 혜진님 25주년 축하드려요:) 오래오래 활동 해 주세요,False,
@dingk6891,이시언.....분명 ..잘생겼는데..... 와...잘생겼다..라는 말이 잘 안나오는 2%가 .... 대체 뭘까??,False,
@novelty-e9v,어머님도 모델포스 넘 멋져요❤,False,
@y_b_s_0621,주문완료~♡,False,
@gnizama,Been wanting to see this Behind The Scene!❤,False,
@23IOIO,대한민국여자모델역사의 리빙레전드<br>남자는 배정남!!,False,
@djswldy77477,일 할 때 빛나는 사람이 가장 아름다운 사람❤ 한혜진씨 정말 존경합니다!,False,
@lmt_53,😂😂😂😂😂😂😂😂😂😂😂😂😂😂😂,False,
@캐슈넛-s5h,"<a href=""https://www.youtube.com/watch?v=7YuSt52__w4&amp;t=1853"">30:53</a> ㅋㅋㅋㅋㅋㅋㅋㅎㅋㅎ 그쵸 실망스러울뻔 지금 모습 이대로 혜진님 너무 멋있어요♥️♥️✨앞으로 더 더 오래오래 보고싶어요😍",False,
@우이-m1s,썸네일만봐도 장훈찌와 나래찌가 보이는,False,
@원진이-r9y,나래박하고는 다리길이차이가 키차이네.....,False,
@zzini1999,언니 사랑해요🫶🏻,False,
@긴-p8g,혜진쓰~~응원합니다❤❤❤,False,
@별이반짝-kse,혜진언니 25년 동안 고생 많으셨습니다 앞으로가 더 기대됩니다😄,False,
@쿠쵸쿠쵸,하 내 유일한 힐링ㅜㅜ,False,
@최윤주-e8c,혜진님 좋은일하신다니 바로 주문완료했습니다..  여로모로 멋진 한혜진님  25주년 축하드립니다,False,
@AerisLamia,너무 멋있어요!! 해외에서 구매하고 싶지만 못해서 맘담아 응원합니다! 🥰🥰🥰,False,
@배주영-p2s,한혜진 ❤❤🎉🎉🎉🎉25년 축하드려요. 언제나 화이팅.,False,
@Nagasawa-Masami,화보에는 박나래누나 보정이 너무 많이 ㅋㅋㅋㅋ,False,
@onetwothreefourfive2082,25주년 넘넘 축하해요~👏🎉👍 <br>멋진이야기 웃긴이야기 앞으로도 기대할께요~ <br>응원합니다😊,False,
@jihyun0821,25년 너무너무 수고 하셨습니다 <br>언제나 늘 어디에서든 그 누구보다 <br>반짝빤짝 빛이나요~~^^,False,
@처리-h4d,"<a href=""https://www.youtube.com/watch?v=7YuSt52__w4&amp;t=1264"">21:04</a> ㅋㅋㄱㅋㄱㅋㄱㅋㄱㅋㄱㅋㄱㅋㄱ찐친바이브 ㅋㅋㅋㅋ 요염한 박사장도 승질내는 대배우도 웃겨 죽음 ㅋㅋㅋ",False,
@oneti-t5x,혜진님은 모델모습일때가 가장 멋스러워요 역시 탑모델은 탑모델임,False,
@ChocoPie_0_0,언니~~ 25년 동안 정말 열심히 달려오셨네요 대한민국에서 가장 열심히 살아온 여성 탑 3안에 제맘대로 제가 뽑아버립니다~&gt;&lt; 인스타에 나래언니랑 같이 찍은 수영복 화보 보고 비하인드 너무 궁금했었는데 오늘 영상 너무 재밌어요! 이제 유튜브 100만 50년 근속 가즈아~~~~,False,
@KyungkyuPark,어머님이 참 고우시네요.,False,
@model_hanhyejin,"🗓 달력 판매 링크<br><a href=""https://www.yes24.com/Product/Goods/133343201"">https://www.yes24.com/Product/Goods/133343201</a>",False,
@Yjehyuk0419,Ok^^👌👌👌,True,@model_hanhyejin
@gguggu_life,구매 완료했어요🎄🤍,True,@model_hanhyejin
@조혜연-m9x,일시품절이 풀리지않아요,True,@model_hanhyejin
@leeyeon1220,언제 일시품절 해지되나요 구매하고싶은데 ㅠㅠ 😢,True,@model_hanhyejin
@jineelee,아<br>달력 좀 더풀어주세요 😢,True,@model_hanhyejin
@Jeannie-ho3qh,응원합니다~ 특별한 화보촬영 좋네요!!,False,
@taeinrealmusic742,넘 멋있고 사랑스러운 혜진씨❤❤❤❤ 늘 응원해요!,False,
@__mnnnnnnn,예스24에서 구입햇어용~,False,
@jkjjjjyyyy,언니의 기념적인 날에 어머님도 하루라도 더 곱고 젊으신날 사진을 남기고 싶으셨던거 아닐까 싶네요. 하지만 저도 언니의 울컥함과 짜증 화남이 더 속상하고 😢너무 이해됩니다,False,
@김평-o8n,멋쪄용,False,
@정명섭-t4j,멋지십니다~~^^<br>항상 응원합니다😊,False,
@LovelySunhee-i3s,부족한?모습^^<br>항상 응원합니다.<br>( 25주년 🎉🎉축하합니다.),False,
@루이-s1b,찾았어요!! 예스24!!,False,
@dbdhtjd12,오늘 막스마라 ㅠㅠ ㅎㅎ 미우새 나왔던 그거네요,False,
@Ignatius-c3t,엄지윤 너무 예뻐요❤,False,
@루이-s1b,선주문...어디서 주문하나요?,False,
@Ignatius-c3t,박나래 너무 예뻐요❤,False,
@heyheyhye,"함께 해 온 친구, 동료, 엄마랑 함께 하셔서 뜻깊은 촬영이네요😊",False,
@Ignatius-c3t,한혜진 너무 예뻐요❤,False,
@루이-s1b,달력 언제 어디서 살 수 있나요??,False,
@써니샤인,나 3등인가ㅋ,False,
@Yjehyuk0419,구독100만명 돌파 꼭 기대하겠습니다~한혜진누나^^화이팅!!🌺🌺🌺😊😊😊💓💓💓❤️❤️❤️,False,
@Yjehyuk0419,ㅋㅋㅋㅋㅋㅋ😂😂😂😂😂😂😂,False,
@Ignatius-c3t,2등 와우,False,
@Yjehyuk0419,데뷔 25주년이네요~🌹🌹🌹😊😊😊💞💞💞🤍🤍🤍,False,
@Yjehyuk0419,한혜진누나^^멋있어요 👍🏻👍🏻👍🏻👍🏻,False,
@Yjehyuk0419,한혜진누나~완전 너무 예뻐요 😍😍😍💕💕💕♥️♥️♥️,False,
@Yjehyuk0419,1등,False,
