author,comment,is_reply,reply_to
@ゆうれみん,韓国の皆さん、勝利おめでとうございます🎉,False,
@muhzulhan1859,korea dan jepang terlalu OP untuk kawasan asia,False,
@RichCh-lj8hv,South Korea played very well. The Asian giant of soccer.,False,
@90srockdude97,🇲🇽🫱🏼‍🫲🏻🇰🇷,False,
@VanessaHolly-h5c,ㄱ글 에서 벳프리 보느라 눈밑에까지 다크써클 들어옴 ... 진짜 근데진이짜뻐 서ㄱ 글눈 을에못서떼 겟벳다프.리 ..에서 방송 하시던분 진짜 잼,False,
@yusufmahamadjonov,Quality 👌👍,False,
@yusufmahamadjonov,Penalty 😂😂😂 mistakes,False,
@あいか-t1q,韓国強い！,False,
@VanceDrucilla,진짜 ㄱ글 에서 벳프리 에서 방송 하시던분 진짜 잼있어 ... 다시보고 싶어서 가보자,False,
@ĐinhvansẵnAnhyêuem,안전띠 확실하게 잘되어있는 명예의전당 롤지노 ㅋㅋㅋㅋ 바로 달려왔습니다,False,
@VanducLe-l5v,괜히 이곳저곳 돌아다니지 말고 롤 좋아하면 롤✊지노 에서 재미좀 봐요,False,
@KhangNguyen-m2b9u,롤지노?? 구글 링 정도만 해봐봐요 무엇인지 확실히 감 잡을 수 있음ㅋㅋ,False,
@HuyenNguyen-b3d,롤襤지襤노 땅호리 안녕수야 킴민교 등등 메이저 비제이 들의 솔랭 배 당을 달고달게 받으십시오,False,
@ThaoThao-m8e,괜히 토토채널 배너광고 이런거에 속지마시고 그냥 마케팅 꾸준하게 잘되는 곳 쓰세요들 롤❤지❤️노,False,
@ThịhằngTống-q5g,괜히 이곳저곳 돌아다니지 말고 롤 좋아하면 롤✊지노 에서 재미좀 봐요,False,
@niembuondap6913,안전띠 확실하게 잘되어있는 명예의전당 롤지노 ㅋㅋㅋㅋ 바로 달려왔습니다,False,
@ThuanPham-w8h,비제이X을 댓글논란을 이어갈 롤〈지〈노 ㅋㅋㅋ 꿀잼비제이 ㅂㅌ ㄱㄱㄱㄱ,False,
@TinhTran-h2k,롤。지。노 !! 신상혁도 알고있다는 바로 그곳 롤이면 롤 배그면 배그 온라인게임은 여기가 꽉잡고있음,False,
@mạnhnguyễnvăn-e9z,안전띠 확실하게 잘되어있는 명예의전당 롤지노 ㅋㅋㅋㅋ 바로 달려왔습니다,False,
@nhiahanga5818,하도 밈처럼 댓글에 많이 보이는 i롤i지i노i 이렇게 재미있는걸 이제야 발견하다니,False,
@memefi5262,سون ما يكون سون لو ما سوى مسرحياته الكلاسيكية الهزيلة قدام المرمى,False,
@PhuongPhan-y9w,비제이X을 댓글논란을 이어갈 롤〈지〈노 ㅋㅋㅋ 꿀잼비제이 ㅂㅌ ㄱㄱㄱㄱ,False,
@김효선-l7j,손흥민오빠김효선결혼식아기노태경엄마아빠,False,
@IngridThunder,ㄱ글 에서 벳프리 이 ㅓㅇ도로 유명했음?  내 듣보잡인줄 알았는데 ㄷㄷ?,False,
@pidonuryanti,Goodluck,False,
@SB-hw7hp,Why was there two M. Alenezi?,False,
@KuwaitiMapper,"Because number 3 is Meshal Alenezi, and number 19 is moaath Alenezi.",True,@SB-hw7hp
@KuwaitiMapper,(Both of there first names start with M),True,@SB-hw7hp
@SB-hw7hp,"@@KuwaitiMapper Thanks, bro.",True,@SB-hw7hp
@kiki.adiryanto,"Saya ucapkan Selamat Korea,  dari kami 🇲🇨",False,
@MaryRoby-p6v,23,False,
@LisabethCrockett,5,False,
@MaryannHale-h6g,1,False,
@SILASRuth-m5c,dw,False,
@MITCHELLPollack,"South Korea is always ready to attend the world cup, I knew they would win this game because they have a great team and manager, I included them in my Stake parlay too, ez win 😁 This will be 11th in a row where South Korea will qualify to the World cup, that is very impressive ❤",False,
@HockeyMan666,Son is my favorite player,True,@MITCHELLPollack
@jjjtalon,"That is mostly because of Son, he is the goat of Korea 😁",True,@MITCHELLPollack
@IngridThunder,여기댓글 왜이럼 ㄷㄷ ㄱ글 에서 벳프리 도대체 머길래--?,True,@MITCHELLPollack
@VanceDrucilla,ㄹㅇ ㄱ글 에서 벳프리 보면 다른거 눈에도 안들어옴 그냥 다시보면 되니까 개이득임 ㅋㅋㅋㅋ ?,True,@MITCHELLPollack
@HarlanBeguiling,그놈의 ㄱ글 에서 벳프리 때문에 내거기 닳고 닳아서 없어지겠네ㄱ글 에서,True,@MITCHELLPollack
@SallieMorris-y1f,dwa,False,
@IRADell-d5l,g,False,
@BUCKKuhns,dwa,False,
@Ali-k3d6v,العراق العظيم ❤❤,False,
@CT-cl9wi,Have to said that Kuwait goal was fantastic even though its 3-1,False,
@user-hz3bj3yc5n,이현주는  뮌헨이라서 뽑힌건가?,False,
@day1meal,풀이 죽은 쿠웨이트 선수단 응원단 코치진들을 보니 마음이 찡하네. 아이고,False,
@empihidajat6172,Both team performed the attractive play,False,
@jinwoo3963,I’ll be happy if Korea got a clean sheet next game,False,
@이기호-c4u,이게언제적경기 일정보면 오늘19일 화요일오후 11시 경기로 예고 아직시작멀었는데 결과나왔다고?  3대2한국승리 손흥민2골 뭐지,False,
@user-hz3bj3yc5n,가짜 뉴스지,True,@이기호-c4u
@nonenone2622,私は呉世勲、オセフンを応援しています<br>オセフンのヘディングゴールは日本人のFWで真似できる選手は少ないでしょう<br>オセフンは間違いなく欧州リーグに行くと思います,False,
@ターキー-b3z,韓国代表、おめでとうございます。<br>そして、来週から韓国旅行だー<br>美味いもの食いまくるぞ！！,False,
@Nov.11.09,즐겁게 놀다가 가세요😊😊 날씨가 추워져 두꺼운 옷을 챙겨 오시길,True,@ターキー-b3z
@ターキー-b3z,@@Nov.11.09<br>ありがとうございます。<br>韓国は何度行っても最高の国です。<br>良い一日をお過ごしください。,True,@ターキー-b3z
@벤투의11백전술,Welcome🎉🎉,True,@ターキー-b3z
@IwantItalyPizza,타국에서 몸이 추우면 마음도 추워져요.<br>날씨에 조심하세요. 갑자기 추워지고 있습니다.,True,@ターキー-b3z
@행복만땅-w9d,감독만 교체 하면 된다,False,
@Siisyphus,쏘니 헐리웃액션 굿,False,
@봄사이-v4u,뭔 헛소리냐 지금 나오는 카메라 각도 말고 다른 각도로 봐야 나온다 여기 안나옴<br>확실히 걸려 넘어진 건데 var 있는데 헐리웃이 통한다고 보냐 이 무식아<br>패널티는 무조건 체크한다,True,@Siisyphus
@IwantItalyPizza,​@@봄사이-v4u 평소에도 화가 많으실듯,True,@Siisyphus
@user-hz3bj3yc5n,터치가 있었다,True,@Siisyphus
@ruintJPN,韓国の無敗記録をお祝いします🥂<br>ポット1のチームは、ポット1である理由がありますね,False,
@使ってない-s7h,ソンは衰えを知らない,False,
@nolah962,"Congratulations to south Korea and better luck to my team , I’m kuwaiti but i love south korea im really happy to see them in the top 🇰🇼💙🇰🇷",False,
@june7533,Thank you🫶,True,@nolah962
@Maojinping-wg3gw,❤❤❤❤🎉🎉🎉,True,@nolah962
@PROSECUTION07,🇰🇼❤🇰🇷,True,@nolah962
@VanceDrucilla,ㅋㅋㅋㅋㅋㅋ ㄱ글 에서 벳프리 모솨서 잼민이 발정났누,True,@nolah962
@BloomingEmma,ㄹㅇ ㄱ글 에서 벳프리 보면 다른거 눈에도 안들어옴 그냥 다시보면 되니까 개이득임 ㅋㅋ헬ㅋ창ㅋ들ㅋ도 ㄱ글 에서 벳프리 보면,True,@nolah962
@hatembenzakour4947,What an amazing goal from the Kuwait striker!,False,
@AnjasPertama-z9b,Son Heung min hebat sampai-sampai Kuwait saja harus menjadi nya sampai lima orang,False,
@user-cv6fh4ru3q,대한민국 국대들 화이팅 입니다 ❤❤⚽👍🇰🇷,False,
@JJVee427,이렇게 잘하니 축협 논란은 그대로 조용해지는건가....,False,
@kymkym2,이긴건 다행인데 쿠웨이트에 1골먹히고 1골대 맞은건 굉장히 심각한 문제임. 이런수비력으로월드컵가서 최소 3골은먹음..,False,
@Luan_Cigüeña-Rivera,Saludos Sur korea 🇰🇷 desde  Bolivia 🇧🇴 felicidades 🤗🎉,False,
@yazeedyazeed778,"والله صدمه الفريان حتى هنا <a href=""https://www.youtube.com/watch?v=9-7qOLHYTIY&amp;t=26"">0:26</a> 😂😂😂😂😂😂😂",False,
@choubouyatawhid8339,Congratulations south korea,False,
@playrandom-l2v,Arap Middle East 모두에게 신의 평화🙏🙏🙏🙏السلام عليكم,False,
@AleksShein-b7y,🕊No lucifer  sanctions 🇰🇵.      <br>🕊DP🇰🇵RK football best=Asian analogue European Croatia football.<br>🕊Asian DPRK football =🥇men.<br>Go~Go to world cup 2026.,False,
@Lightattheendoftunnel-u2j,Go Korea! Go Son!,False,
@MasizoUrek,"S Korea plays like Spain, especially the tiki taka .",False,
@bryanleeyf87,Congratulations North Korea. from Uranus.,False,
@玉置学-q5b,クウェートのゴールかっこいい～,False,
@min-youngchung7485,Koreans need a new young prodigy,False,
@tommyjunior2619,ファン•インボムめっちゃ良い選手👏<br>初戦こそ躓いたけど、そのあとしっかり4連勝してるのは素晴らしい！<br>韓国の勝利おめでとうございます🎉,False,
@Pedribbler,일본이 더 강력한 거 같아 <br>일본의 승리도 축하,True,@tommyjunior2619
@Maojinping-wg3gw,❤❤❤🎉🎉🎉,True,@tommyjunior2619
@AmandaStrong-c4e,ㄱ글 에서 벳프리 보고 나면 다낵질 보충제 한사발 빨아야 한다는데 사실인가요?ㅋ,False,
@AmandaStrong-c4e,진짜 ㄱ글 에서 벳프리 에서 방송 하시던분 진짜 잼있어 ... 다시보고 싶어서 가보자,True,@AmandaStrong-c4e
@DanielleJoseph-g8o,ㄱ글 에서 벳프리 진짜 보다보면 빠져든다 라이브에 수위도좋고 외모도 좋고 삼박자 지렀으,False,
@DanielleJoseph-g8o,그놈의 ㄱ글 에서 벳프리 때문에 내거기 닳고 닳아서 없어지겠네,False,
@DanielleJoseph-g8o,그놈의 ㄱ글 에서 벳프리 때문에 내거기 닳고 닳아서 없어지겠네,True,@DanielleJoseph-g8o
@97aka88,とりあえず🇮🇹と🇪🇸に謝ろうや,False,
@뒷골목김사장,무엇을 사과해요?,True,@97aka88
@ICE-y6e5m,@@Nov.11.09 한국은 1910년에 일본에 패한 나라입니까?😂,True,@97aka88
@ICE-y6e5m,@@Nov.11.09 한국인은 언제든지 미국을 좋아합니다 😂 우리는 정부는 미국을 좋아합니다만 국민은 미국을 싫어합니다 😂 국민은 유럽을 좋아합니다. 특히 독일이나 이탈리아나 영국이나 프랑스,True,@97aka88
@ICE-y6e5m,@@Nov.11.09 1910년 일본 식민지가 되어 인체 실험된 한국인😊,True,@97aka88
@ICE-y6e5m,@@Nov.11.09 일본에 지고 한국인은 인체실험을😂,True,@97aka88
@bachu7991,love from india ❤️ 🇮🇳,False,
@Improver12,"🇮🇶🇰🇷✌당신의 이라크 팬, 신의 뜻으로 당신은 만점으로 월드컵에서 승리할 것입니다. 쿠웨이트를 상대로 승리를 축하합니다.",False,
@sitasunuwar940,Congratulations south Korea kept fighting ❤❤❤❤❤❤ from Nepal,False,
@koreaskki,Korea is the strongest in Asia. All of the members are active as aces in Europe. No Asian team has ever been on a level like ours!! 🇰🇷🇰🇷,False,
@harithmuhammad5082,"japan no 1 in Asia,",True,@koreaskki
@supykun,"As much as I&#39;m a Korea Rep fan in heart, to deny Japan being the strongest team in Asia by a big margin isn&#39;t realistic. You can thank KFA for that.",True,@koreaskki
@dragonmz9514,"Korea is a traditional strong team in Asia, but Japan will likely beat Korea nowadays.",True,@koreaskki
@wdnalo,"Delusional just like Tottenham fans :),,, how ironic,,,, blue samurai is above Korea since 2011 yo,,,",True,@koreaskki
@jinwoo3963,I think Korea can beat Japan,True,@koreaskki
@CaretakerJillian-k4r,진짜 ㄱ글 에서 벳프리 에서 방송 하시던분 진짜 잼있어 ... 다시보고 싶어서 가보자,False,
@CaretakerJillian-k4r,ㄱ글 에서 벳프리 보느라 눈밑에까지 다크써클 들어옴 ... 진짜 근데이뻐서 눈을못떼겟다...,False,
@CaretakerJillian-k4r,이 댓글 보고 ㄱ글 에서 벳프리 보고있는 내 인생이 레전드네 씨밬ㅋㅋㅋㅋ?,True,@CaretakerJillian-k4r
@lmg31749,와 쿠웨이트 골 대박..,False,
@lovepeaceforall,"Congratulations south Korea from 🇧🇩 ,",False,
@aiueo462,韓国は無敗でW杯出場決めそうだね。,False,
@121-p5l,그건 일본도 마찬가지,True,@aiueo462
@wincup,"Let&#39;s go, Tigers!",False,
@user-extinction奶龙,congratulations from China🎉nice win❤,False,
@Realnerazzurri,golden age with wrong coach,False,
@lukavandermeij1116,"Great assists by Hwang, our feyenoorder❤🤍",False,
@AaronArmfield,모두 다 샤라웃 ㅋㅋㅋㅋ 연말에 백화점 한번 가야줘 ? 롤지노 ㅎㅎㅎ,False,
@TolomeoSabbatini,24시 연중무휴에 대한 페이지 여기는 롤지노,False,
@MieNagano,롤지노의 계략에 우리는 모두 한마음 한민족이 되어서 따보자,False,
@NobukoChirsa,앞으로 장차 10년은 롤판이 해먹을듯? 인공지능 게임이 나오지 않는 이상 롤지노,False,
@FarleighDillon,롤지노 솔직히 이것이 맛떡이다 롤지노,False,
@FinnGodson,앞으로는 이것이 대세가 될 것이다 그것은 바로 롤지노 롤지노,False,
@WaseemDhakirBahar,대회에서도 이즈리얼이 나온다 ㅋㅋ 나도 이즈좀 치는데요 ~ 모든 롤드컵정보는 롤지노에서,False,
@SachinaMiyagi,내가 처음 애니비아로 미드를 점령하던 시절이 있었지 ㅎㅎ 애니비아를 ª롤지노ª에서 가르쳐주더라구요,False,
@MujibKassis,앞으로는 이것이 대세가 될 것이다 그것은 바로 롤 지 노,False,
@ArcherLassetter,",롤지노, 어짜피 말로만 백번 떠들어도 한번 눈으로 보면 모든것이 달라집니다",False,
@OliviaBaldwinson,한국팀은 절때로 중국팀에 지지 않습니다.. 롤지노 에서 승부예측 ㄱㄱㄱ 해봅시다요,False,
@NovellaZetticci,롤지노 확실하고 야무진 이슷포츠 경기만 쏙쏙 골라먹기 넘맛잇자누,False,
@WagnerCatlette,도파민 터지는 소리가 롤지노 에서 부터 들리기 시작합니다.. 다함께 차차차,False,
@FadlAllahGinner,이스포츠 재밌는게 너무 많자나 이거이거 롤지노 완전 물건 그자체네 ..,False,
@BiancaConnew,억까 없이 정정당당한 롤지노에서 다양한 게에임 을 즐겨 보도록 해봅시다 ㅎㅎ,False,
@DeclanMei,벌써 연말이 다가오고 있습니다… 2024년 은 롤지노 에서 마무리 해보는건 어떨까요 ??,False,
@SallyannWilliam,일안해도 통장에 타박타박 꽃히는 소리 너무잘들리쟈냐 럭키비키.. 롤지노,False,
@AlicSamuel,제 인생을 롤지노를 시작하기 전과 시작하기 후로 완전히 바뀌었습니다.. 감사합니다 롤지노,False,
@HugoNorthmore,자랑하기 싫어도 저절로 자랑이되는 나의 자부심 롤지노 서두르지말고 천천히 오세용,False,
@MakaylaSugerman,재미면 재미 보안이면 보안 아주그냥 갖출건 다 갖춘 갓벽 그잡채… 롤지노..,False,
@KatieGeikie,요네 이타 장전하고 r 쓰고 한명 잡은다음에 바로 롤지노 키고 베에엣팅 슈웃!,False,
@IslaWhittle,잘익은 김치 같은 야무진 저희 롤지노… 함께 즐겨 봅시다 혼자먹긴 너무 배부르거덩요,False,
@CodyJephcott,롤지노 님은 생존하셨습니다… 밤티라미수 급 달달한 롤지노 같이 머거용,False,
@SamLeFanu,지울수 없는 기억.. 생생합니다. 저희 롤지노 에서 완벽한 추억을 선사할 예정입니다…,False,
@MayaMairinger,이번에도 어김없이 T1 우승각이 보이네요 ? 더 자세한 정보는 .롤지노.,False,
@TimekeeperSupplanter,ㄱ글 에서 벳프리 보느라 눈밑에까지 다크써클 들어옴 ... 진짜 근데이뻐서 눈을못떼겟다...,False,
@TimekeeperSupplanter,ㄱ글 에서 벳프리 진짜 보다보면 빠져든다 라이브에 수위도좋고 외모도 좋고 삼박자 지렀으,False,
@TaraElton,ㄱ글 에서 벳프리 이 ㅓㅇ도로 유명했음?  내 듣보잡인줄 알았는데 ㄷㄷㅋ,False,
@TaraElton,이 댓글 보고 ㄱ글 에서 벳프리 보고있는 내 인생이 레전드네 씨밬ㅋㅋㅋㅋㅋ,False,
@TaraElton,ㄱ글 에서 벳프리 이 ㅓㅇ도로 유명했음?  내 듣보잡인줄 알았는데 ㄷㄷ,True,@TaraElton
@user-qz4cn5nz6o,I wish they would le teams like South Korea or Austraila compete with European teams. This is like having an NFL Team going up against a hight school team.,False,
@musicvideo1790,کره جنوبی  بهترین تیم آسیا و البته بازیکنان خوشکل، دوستتون داریم، تبریک از ایران🎉,False,
@IwantItalyPizza,따뜻한 댓글 감사합니다.🙌,True,@musicvideo1790
@Aaronparky,이란도 최고의 팀입니다.,True,@musicvideo1790
@musicvideo1790,@@Aaronparky ممنونم,True,@musicvideo1790
@day1meal,함께 월드컵에 갑시다. KOREA ❤💛💙IRAN,True,@musicvideo1790
@musicvideo1790,@@day1meal  امسال بدون کره هیجان  کم شده,True,@musicvideo1790
@bmwxpicasso,Great match,False,
@user-ue2nz3mc3d,한국을 응원 해주시는 많은 분들께 감사를 표합니다🎉🎉,False,
@bugbo6003,เชียร์เกาหลีใต้ตั้งแต่ 1994 หวังว่าบอลโลกครั้งนี้จะโชว์ฟอร์มได้ดีมากๆ,False,
@IwantItalyPizza,❤,True,@bugbo6003
@june7533,Thank you ❤,True,@bugbo6003
@Maojinping-wg3gw,Thai the best team in Southeastasia❤❤❤🎉🎉 thanku,True,@bugbo6003
@ridwanr2723,Lapangan yang bagus dan kamera yang mantap,False,
@わわ-l8w,ソンフンミンは若い頃もっと凄かったよな。今でも凄いけど。,False,
@Fuulbq,今はおじいちゃん,True,@わわ-l8w
@Nurillobek-lt1nm,🇰🇷-🇯🇵 Korea va Japan qaysi biri kuchli 🤔🤔🤔🤔,False,
@Nurillobek-lt1nm,🤔🤔🤔🤔,True,@Nurillobek-lt1nm
@Nov.11.09,다른 영상에도 똑같은 질문을 하던데 어떤 대답을 원하는거야?,True,@Nurillobek-lt1nm
@Nurillobek-lt1nm,Ha shunday,True,@Nurillobek-lt1nm
@Nurillobek-lt1nm,🤔🤔🤔🤔,True,@Nurillobek-lt1nm
@Nurillobek-lt1nm,Tog&#39;ri​@@Nov.11.09,True,@Nurillobek-lt1nm
@UFZ56,South Korea Has Lots Of quality players,False,
@CITYBOY1210,쿠웨이트 골 미쳤네 아름답다,False,
@TAeJUnJANg,3-1이 뭐냐 쿠웨이트 상대로… 5-0정도로 이겼어야지 1골 먹은거도 수치다 .,False,
@홍성철-l8y,"애초에 요르단,이라크도 쿠웨이트랑 붙을 때 못 이겨서 대승하기 쉬운 건X<br>쿠웨이트가 한 골 넣은 것도 겁나 잘 때린 원더골이여서 아무리 잘하는 골키퍼여도 못 막아서 먹힐 만함<br>(+좋은감독으로 바꾸면 대승 할 수 있을 있을지도?)",True,@TAeJUnJANg
@파랑파랑-v3u,초반 이른 시간에 두골을 넣었기 때문에 힘을 좀 뺀듯함 원정이고 향후 일정도 빠듯하기 때문에,True,@TAeJUnJANg
@fayew1,답답하면 니가 뛰던가,True,@TAeJUnJANg
@doaaalzobaide1860,كوريا ❤,False,
@sixstarsuchiang9441,Blank pink,False,
@sksk-kd7qt,"Corea del Norte avanzó a los octavos de final en la Copa del Mundo de 1966 en Inglaterra, derrotando a la poderosa Italia.<br> Son un país poderoso conocido como los Tigres de Asia, que avanzó a los cuartos de final de la Copa Mundial Japón-Corea y derrotó a Alemania 2-0 en 2018.",False,
@sksk-kd7qt,"North Korea advanced to the quarterfinals at the 1966 England tournament, defeating powerful Italy.<br>They are a powerful country known as the Asian Tigers, having advanced to the semifinals in the Japan-Korea World Cup and defeating Germany 2-0 in 2018.",False,
@giantpenguins,North korea???,True,@sksk-kd7qt
@markstephenson3358,South Korean soccer is still the best in Asia.,False,
@두둠칫-n6l,썸네일 저게 최선임? ㅡㅡ 눈 감다 만 사진 의도적이야 뭐야,False,
@IwantItalyPizza,승리한상황에서까지 분노표출은 좀 과하네요,True,@두둠칫-n6l
@jinhopark5094,다이빙해서 그런지 썸네일 ㅋㅋㅋㅋㅋ,False,
@VoxiomPVP,It&#39;s nice to see the fight between Korean and Japanese fans<br><br>The match between Korea and Japan will surely be as entertaining as the World Cup final.,False,
@sdNm-m1i,🇮🇶🇮🇶🇮🇶👨‍❤️‍👨🇰🇷🇰🇷🇰🇷♥️♥️,False,
@ARTE3839,🎉🎉🎉🇰🇷🇰🇷🇰🇷🇰🇷,False,
@jn5tmdwmjtnt,やっぱりアジアは日本と韓国、イランがBIG3だ,False,
@ill-dary-lll9611,With qatar,True,@jn5tmdwmjtnt
@YJSNPI04,@@ill-dary-lll9611アジアカップ二連覇は凄いけど、自力でのワールドカップ出場したこともないし、まだ日本や韓国、イラン辺りの仲間には入らないと思う。,True,@jn5tmdwmjtnt
@ICE-y6e5m,@@YJSNPI04そういうコメントイランって,True,@jn5tmdwmjtnt
@umeresk,썸네일 꼬라지 보소?,False,
@IwantItalyPizza,중동국가의 유치한 특징이니 너그럽게 받아들이죠,True,@umeresk
@MountainJuno,ㄱ글 에서 벳프리 보고 나면 다낵질 보충제 한사발 빨아야 한다는데 사실인가요?ㅋ,False,
@MaxineFletcher-s4h,ㄱ글 에서 벳프리 진짜 보다보면 빠져든다 라이브에 수위도좋고 외모도 좋고 삼박자 지렀으,False,
@MountainJuno,ㅋㅋㅋㅋㅋㅋ ㄱ글 에서 벳프리 모솨서 잼민이 발정났ㅋ,False,
@MountainJuno,ㄱ글 에서 벳프리 보느라 눈밑에까지 다크써클 들어옴 ... 진짜 근데이뻐서 눈을못떼겟다...,True,@MountainJuno
@MaxineFletcher-s4h,그놈의 ㄱ글 에서 벳프리 때문에 내거기 닳고 닳아서 없어지겠네,False,
@MaxineFletcher-s4h,ㄱ글 에서 벳프리 이 ㅓㅇ도로 유명했음?  내 듣보잡인줄 알았는데 ㄷㄷ,True,@MaxineFletcher-s4h
@AmandaLouis-y1j,진짜 ㄱ글 에서 벳프리 에서 방송 하시던분 진짜 잼있어 ... 다시보고 싶어서 가보자 ㅋ,False,
@AmandaLouis-y1j,ㄱ글 에서 벳프리 보느라 눈밑에까지 다크써클 들어옴 ... 진짜 근데이뻐서 눈을못떼겟다...,False,
@JaneAnnabelle-w8x,ㄱ글 에서 벳프리 진짜 보다보면 빠져든다 라이브에 수위도좋고 외모도 좋고 삼박자 지렀으,False,
@JaneAnnabelle-w8x,그놈의 ㄱ글 에서 벳프리 때문에 내거기 닳고 닳아서 없어지겠네,False,
@JaneAnnabelle-w8x,진짜 ㄱ글 에서 벳프리 에서 방송 하시던분 진짜 잼있어 ... 다시보고 싶어서 가보자 ㅋ,True,@JaneAnnabelle-w8x
@EbenezerSean,헬창들도 ㄱ글 에서 벳프리 보면 근육 다빠진다며 ㅋㅋㅋㅋㅋㅋㅋㅋ 사실임??,False,
@EbenezerSean,ㄱ글 에서 벳프리 진짜 보다보면 빠져든다 라이브에 수위도좋고 외모도 좋고 삼박자 지렀으?,True,@EbenezerSean
@Gv29394,Sonは本当に嫌なプレーだった,False,
@zencollectiongallery,이게임 경기력은 인정할수밖에 없네,False,
@레오쓰-x9n,"이긴건 축하드립니다. 하지만, 전술적인 문제점도 많았던 경기였어요. 특히, 2선과 3선의 간격이 너무 쉽게 벌어지는 점과 후방에서 빌드업 속도가 느려서 쿠웨이트 압박에 쉽게<br>흔들리는 점이 두드러 졌습니다.",False,
@IwantItalyPizza,한국은 역시나 월드컵 진출이 목표가 아니라 세계적인 싸움을 목표로 하는 팀이기 때문에 단점을 더 보완해서 준비를 잘했으면 좋겠네요,True,@레오쓰-x9n
@HSK1985,"<a href=""https://www.youtube.com/watch?v=9-7qOLHYTIY&amp;t=95"">1:35</a> What a dive from Son!!<br>Disappointing!!",False,
@lol-ie3rx,과거 댓글 숨기고 외국인인척해라 좀ㅋㅋㅋㅋㅋㅋㅋㅈㄴ웃기네,True,@HSK1985
@사과-o7t,뭐하냐 한심하게 ㅋㅋ😂,True,@HSK1985
@Nov.11.09,니 눈이 경기장에 상시 가동중인 var보다 더 정확하다고 지금 생각하는 거냐?,True,@HSK1985
@KuwaitiMapper,Wether you are korean or not that is a dive,True,@HSK1985
@runrun1935,Congratulations to everyone in Korea🥳👏🎉From Japan,False,
@JaneAnnabelle-w8x,그놈의 ㄱ글 에서 벳프리 때문에 내거기 닳고 닳아서 없어지겠네,True,@runrun1935
@AmandaLouis-y1j,ㄱ글 에서 벳프리 보고 나면 다낵질 보충제 한사발 빨아야 한다는데 사실인가요?ㅋ,True,@runrun1935
@海月娱乐传媒,"@@runrun1935 Thank you for caring about South Korea, a former colony!<br><br>Korea, like Taiwan, is a former Japanese country, so there are many people in Taiwan who feel an affinity for Korea!<br><br>Taiwan in baseball, Korea in soccer! As a member of the former Empire of Japan, I will support you!🇯🇵🇹🇼🇰🇷👍",True,@runrun1935
@budisantoso-ze6rp,Indonesia atau Belanda KW 5. Jepang berhasil mengalahkan Belanda KW 5 dgn skor 0 - 4,False,
@lovelove-bc8ri,아시아연맹.. 한국 차별하네.<br>일본  하이라이트 영상에는 사무라이 블루 재팬이라고 닉명까지 써가며 맹글어주고<br>왜 한국은 그냥 코리아 리퍼블릭이냐.ㅠ 한국도 하이라이트 영상에 레드 데블스 코리아 라고 써줘라.,False,
@아스타나-q4d,레드 데블스는 좀 사라졌으면 시끄러 죽겠어,True,@lovelove-bc8ri
@youyouface,아니 afc는 한국 썸네일에 항상 악의가ㅋㅋ..,False,
@ismaelxfactor,"South Korea, Step by step towards reaching the 2026 World Cup.",False,
@Sorn24548,SONNY 😮,False,
@linglung1587,"<a href=""https://www.youtube.com/watch?v=9-7qOLHYTIY&amp;t=147"">2:27</a> tenang banget son.. kalo di tackel pelanggaran jadinya pinalti",False,
@aqua756,개인적으로 황인범이 가장 인상적이었다고 느낌<br>오세훈한테 주는 어스스트도 좋았지만 마지막에 배준호한테 주는 찌르는 패스가 멋있었음<br>배준호도 침착하게 잘넣었다고 생각<br>상황이 살짝 다르긴 할 수 있지만 배준호가 마지막에 넣었던 골보고 u20 월드컵때 배준호가 넣었던 골이 생각났다,False,
@룰루비데-t4w,South Korea<br>2002 4강<br>2012 동메달 23세 이하<br>2019 준우승 1983 4강 2023 4강 20세이하,False,
@m855gt2,@@룰루비데-t4w 뭐어쩌라는건지입다물고그냥가만히있어,True,@룰루비데-t4w
@룰루비데-t4w,@m855gt2  ㅇㅋㅇㅋ 알겠으,True,@룰루비데-t4w
@ICE-y6e5m,2002년? 심판 회수 경기입니까?,True,@룰루비데-t4w
@キムジヌ-p3q,배준호는 ㄹㅇ 물건이누,False,
@coreantiger5210,90년대 중반까지만 해도 쿠웨이트는 상대하기 까다로운 상대였는데 지금은 아시아 축구판에서 힘을 못 쓰네,False,
@9i019,"멋진 한국, 요르단에서 사랑해요",False,
@CristianoRonaldofans-n3r,south Korea is win one of the few traditionally strong Asian teams that consistently quality for the world cup <br>Congratulations south Korea from  Tajikistan,False,
@아기테디,한국은 50년동안 월드컵 11회 연속 진출했습니다.<br>전세계에서 5번째로 월드컵에 많이 진출했습니다.,False,
@DanielleJoseph-g8o,ㄱ글 에서 벳프리 이 ㅓㅇ도로 유명했음?  내 듣보잡인줄 알았는데 ㄷㄷㅋ,True,@아기테디
@Maojinping-wg3gw,❤❤❤❤🎉🎉🎉🎉,True,@아기테디
@jgjdghutpgkhhf,Congratulations Korean from Iraq,False,
@Cptidris,"Eyes on Saudi, Korea, Iran and Japan. Oman might be a sleeper since that team surprised me with crazy plays against Germany earlier",False,
@Seinhood,전반까지 경기운영은 좋았는데 더 압도했어야 했다. 결국 골먹고 위험한 경기운영이 될뻔했다. 명보형 울산에서 그러더니 대표팀에서도 방심하다 얻어터짐.,False,
@user-hz3bj3yc5n,"한국 축구의 단점, 홍명보의 단점, 90분 내내 일관성을 유지하는 요령을 잘 모름<br>이기고 있으면 방심하고 설렁설렁 뛰는건 한국의 종특같다",True,@Seinhood
@kkr9524,サムネ悪意あるだろ😅,False,
@IwantItalyPizza,ㅋㅋ,True,@kkr9524
@lol-ie3rx,재밌으니까 괜찮아ㅋㅋㅋㅋㅋ,True,@kkr9524
@lycosshun,Kuwait  is very weak team this is fact,False,
@QWE-nn8it,쿠웨이트 골은 반페르시 보는 것 같았네요.<br>이젠 어느 아시아팀이나 핵병기 한명 이상은 있어서 누구도 얕볼 수 없네요.,False,
@user-wi1ss5kh4w,한국의 고질병이다 여유 있으면 설렁설렁 ㅋㅋ,True,@QWE-nn8it
@QWE-nn8it,⁠@@user-wi1ss5kh4w월드컵 예선 일정이라는게 어느팀에나 완벽하게 준비하고 나설 수 있는 여건이 될 순 없죠.<br>그래서 컵대회는 준비를 잘하면 월드컵 예선보다 나은 성적을 내기도 하는거구요.,True,@QWE-nn8it
@dongjunchoi9883,쿠웨이트 선수분들 센스좋고 날카롭네요,False,
@siwooshin7084,Dae~han min guk!! 🇰🇷🇰🇷 🇰🇷🇰🇷 🇰🇷!!,False,
@creperanch8968,"Though i support Japan, i always have great respect for South Korea team. They are always a very powerful team, and play with respect too. I hope they go far this tournament!",False,
@comfortproduction,Ez,False,
@QMMV-w1s,한국 영상은 왜 한국유튜브에는 늦게 올라오는거죠?,False,
@fuaxnaif,쿠팡플레이 중계권땜에 우리나라에서만 쿠팡이 먼저,True,@QMMV-w1s
@user-hz3bj3yc5n,쿠팡 플레이가 저작권을 구입했기 때문에 하루정도 차단,True,@QMMV-w1s
@user-cr7hi9my5y,​@@fuaxnaif여기 유튜브 체널에 풀라이브 영상 한국만 안올라오던데 이것도 쿠팡때문인가요?,True,@QMMV-w1s
@user-hz3bj3yc5n,@@user-cr7hi9my5y 맞음,True,@QMMV-w1s
@dsa52043,هاردلك كويت 🇸🇦🇸🇦🇸🇦🇸🇦🫡,False,
@user-hz3bj3yc5n,한국은 공격 세밀함이 부족하고 조직력을 극대화 할수있는 지구력도 부족하다 <br>홍명보 지금 같은 경기력이면 월드컵 조기 탈락이다,False,
@IwantItalyPizza,그치만 일단은 한배를 타긴했어요,True,@user-hz3bj3yc5n
@min-g9s3m,실력은 둘째고 정당하게 발탁되야함. 진짜 어거지감독,True,@user-hz3bj3yc5n
@al9oweeb1985,Hard luck to Kuwait 🇰🇼 <br>from Saudi Arabia 🇸🇦,False,
@DAHLIA1_,2点目前のコンビネーションうめー,False,
@109prime,"<a href=""https://www.youtube.com/watch?v=9-7qOLHYTIY&amp;t=183"">3:03</a> 미친 골이다.ㅋㅋ 횡으로 오는 볼을 깔끔하게 잡아서 공이 땅에 닿기 전에 구석으로 꽂아 넣는게 베르캄프급이네.",False,
@marco1964star,حظ اوفر لمنتخب الكويت فريق شاب ماقصر اعتقد يجب يهتمون بهذه العناصر الشابه ويجب ان تحتك مع مدارس قويه مباريات تجريبية وان يكون هناك صبر وسوف تعود الكرة الكويتية كما كانت وافضل,False,
@majidkooklan5961,❤❤❤ from iran,False,
@bradcapello6875,"<a href=""https://www.youtube.com/watch?v=9-7qOLHYTIY&amp;t=14"">0:14</a>  No. 6️⃣ Hwang! ❤️🤍🇰🇷",False,
@loveHK-h5l,그렇지만 이번 라운드 최고의 골은 쿠웨이트ㅋㅋㅋㅋㅋㅋㅋ 한국이랑 경기하면 상대 팀은 지지만 인생 골을 넣는다는거ㅋㅋㅋ,False,
@Lord_J11,Lucky South Korea.... all strong teams are outside their group ! The easiest group S.Korea can ever dream of.,False,
@user-hz3bj3yc5n,한국은 아시아 월드컵 출전권이 1장일때부터 월드컵에 진출했었다,True,@Lord_J11
@hazelnut3794,crying forever like that,True,@Lord_J11
@1703bk,could&#39;ve been 5-1,False,
@kotelesgabriella9377,Szuper,False,
@JUFFAIR101,"Kuwait is a young team formed after Fifa Ban for years , hopefully after few years will be back",False,
@abcabc-rt5fj,正直今の日本代表にソンフンミンレベルのFW居たら冗談ぬきでワールドカップ優勝レベルだと思うのよな。上田頑張って本当に。,False,
@Maojinping-wg3gw,How you chinese can watch youtube??,True,@abcabc-rt5fj
@TingitanianCenturion,Well done well done,False,
@TingitanianCenturion,Well done,False,
@منيرهالعازمي-ح3م,كلو زق يا كوريه مفروض الكويت٣وكوريا الزقه١,False,
@jinwoo3963,What? 😂,True,@منيرهالعازمي-ح3م
@worldcollides4197,"Kuwait, 25% possessions, 4shoots total, only one shot ended in net, somehow leads to their only score of the match, and they somehow deserved to win the game? No wonder you speak some sand language",True,@منيرهالعازمي-ح3م
@mrartdeco,Haters has been very kuwait since this result came on,False,
@ridhomuharram9592,Kuwait Jersey Copy Italy Team😂,False,
@AminCorea,Son should retire from international football his body can&#39;t cope with club and country football. Focus on club football. Move from Spurs to a big club like Bayern Munich he can win few trophies there. Don&#39;t waste anymore time at Spurs.,False,
@ShonRandolph,Ironically enough Every time I watch Korean fixture they reminds me of what happened in 2002 Italy against Korea! The point is that they’re strongest team in Asia I mean it😂,False,
@user-hz3bj3yc5n,이탈리아의 충격이 컷으니까. 1966년 16강에서 북한도 이탈리아를 1:0 이겼다,True,@ShonRandolph
@tommyfindlay,Awesome goal from Kuwait 🇰🇼 😂,False,
@shakirjohari2075,Korean is the team that got up and down presentation,False,
@حسينالمالكي-ق3ب,اااااااالليذزغقق,False,
@eefunhuang6958,Great match!,False,
@trex1448,Korea playing badly but still winning with great players. They will get plastered at WC if they keep playing terribly with the best squad they&#39;ve ever had,False,
@봄사이-v4u,무슨 헛소리를 하는거야? 첫경기 빼고 원정 4연승 거두고 있고 손흥민 없어도 신세대 등장으로 좋은 경기력 인데 한국축구협회 감독만 문제일 뿐 지금 잘하고 있다. 감독 교체하고 월드컵 준비하면 된다 남의나라 걱정하지 말고 너네 걱정이나해라 ㅋ,True,@trex1448
@user-hz3bj3yc5n,​@@봄사이-v4u 한국이 선수 능력에 비해서 감독의 역량이 좋지 않은건 사실이니까<br>지금같은 조직력과 전술능력이라면 월드컵 조별예선도 힘들다,True,@trex1448
@hazelnut3794,"Everything is a problem with the repeated appointment process of the manager, a visible failure, and furthermore, a problem on the part of the association that is the root cause of the problem",True,@trex1448
@カイロス-t7l,サムネ悪意あって草,False,
@lol-ie3rx,재밌으니까 괜찮아ㅋㅋㅋ,True,@カイロス-t7l
@rewal5910,الكوايته اذيال الفلسطن تلقوا هزيمة موجعة,False,
@عبدالفتاحالشجري,اذكرو الله يذكركم ولاتهجرو القرآن ولاتتركو صلاتكم ولاتنسو اخوانكم في فلسطين وغزه من دعواتكم,False,
@mfa406,Amazing,False,
@saw_8004,How tall are the Refs?😂,False,
@rinaka1129,무능한 감독 하나 바뀌었더니 정상으로 가네,False,
@masayoshi5920,韓国もチームを立て直してきたな。頑張れ。,False,
@__LALISA__WORLDWIDENUMBERONE,Congrats for this beautiful victory South Korea ❤,False,
@BondiBeache,"한국 대표팀 승리 축하드립니다!! 비록 졌지만 쿠웨이트의 한 골은 진짜 멋있었다!! 👍<a href=""https://www.youtube.com/watch?v=9-7qOLHYTIY&amp;t=182"">3:02</a>",False,
@SamiyeYağmur,Tebrikler Güney Kore Türkiye den selamlar 🇹🇷♾️🇰🇷❤️❤️❤️,False,
@강신구-x9d,Teşekürederem!,True,@SamiyeYağmur
@bryansong4921,"Thank you, brother from korea",True,@SamiyeYağmur
@Maojinping-wg3gw,Thank Q turkey,True,@SamiyeYağmur
@미제드론,형제여 감사드립니다.,True,@SamiyeYağmur
@ToiTenenKhongNguyenBoaoNha1234,Hope Vietnamese Football Will Return Soon,False,
@ToiTenenKhongNguyenBoaoNha1234,Greetings From Vietnam,False,
@ToiTenenKhongNguyenBoaoNha1234,Congratulations to the Korean National Team,False,
@nirvana3921,South Korea&#39;s backline is truly terrifying. Kim Min-jae never found a suitable duo for him in Korea national team.🤔🤔🤔🤔,False,
@jeongukssi,우리가 이기니까 더 높이 가자🇰🇷🤍&quot;대한민국&quot;,False,
@OmidMansuri-q6s,Korea republic 🇰🇷🤝🇦🇫,False,
@sellysalisah,KTEAM,False,
@ابويوسفالعازمي-و5ك,Kuwait&#39;s goal is beautiful and one of the global goals,False,
@sanusiyousuf6492,I’m so happy … ❤❤❤❤❤❤❤,False,
@不仅仅是盘带CN,congratulation 🇰🇷from China❤,False,
@IwantItalyPizza,🙏,True,@不仅仅是盘带CN
@user-me8uh9rd17,중국도 바레인전 승리를 축하해요.👏,True,@不仅仅是盘带CN
@FainaBandala,Congratulations Korea,False,
@GoatedAeppp,KUWAIT IS BETTER,False,
@SuleimanMahmoud-g9q,"<a href=""https://www.youtube.com/watch?v=9-7qOLHYTIY&amp;t=231"">3:51</a> Dear arabs this football isn&#39;t our job please find out something else😂",False,
@Isaacalans,Shout your mouth ok don&#39;t talk about Arab people like these the Arab countries first asian country be in world cup.,True,@SuleimanMahmoud-g9q
@kinghassan3122,It&#39;s not Kuwait job 4th on the world is Morocco which is Arab country,True,@SuleimanMahmoud-g9q
@no_cat-no_life,オ・セフンが得点を取ったのが嬉しい！,False,
@anggeralifakbar2562,Selamat untuk Korea dari kami Indonesia😊,False,
@PrettyT-rex,감사합니다,True,@anggeralifakbar2562
@user-soosookkang,우리 한국도 인도네시아를 응원합니다.,True,@anggeralifakbar2562
@bageaterus,mantapp semoga indonesia lolos..,False,
@user-hz3bj3yc5n,오늘 졌지만 힘내라 인도네시아,True,@bageaterus
@cuti-k9s,"<a href=""https://www.youtube.com/watch?v=9-7qOLHYTIY&amp;t=184"">3:04</a>",False,
@wincup,"In this group, Korea is in first place without a rival. It is the 11th consecutive advance and the 12th. The question is who will be in second place.",False,
@splashmoby,Congratulations South Korea from Busan 🇰🇷,False,
@IwantItalyPizza,thanks busan🙏,True,@splashmoby
@user-cr7hi9my5y,뭐야ㅋㅋㅋㅋㅋㅋㅋ,True,@splashmoby
@hazelnut3794,deungkin deunas,True,@splashmoby
@MA20115,Kuwait played a well fought match 🇰🇼🇰🇼,False,
@kaptenmelinjowtivi3761,Indonesia menyusul,False,
@hye-jungkang3102,Lets go Korea🔥🔥,False,
@user-lovetaki,オセフンないす,False,
@SaKuRa_One,Молодцы! Россия о. Сахалин,False,
@ボブアラム,韓国🇰🇷<br>おめでとう🎉,False,
@user-hz3bj3yc5n,일본 조직력 좋더라,True,@ボブアラム
@ethanryu4170,I was hoping S Korea to lose due to scandalous KFA President MK Jeong.,False,
@aliahmeed1ify,Invalid penalty kick,False,
@Woojamchun,U wish,True,@aliahmeed1ify
@user-q3cIy1mkx8,인범이가 오늘 아주 대활약을 했네 역시 믿을만 하군 계속 그렇게만 상대수를 읽고 시야를 가지면 좋지,False,
@Gary-r5x,恭喜韩国🇰🇷,False,
@ashchbkv6965,bruh this is like playing kids.. levels,False,
@sabdachanel1156,Alhamdulillah jum&#39;at berkah ini kita bisa lawan Jepang.,False,
@dennisfadillah_,congratulations to south korea🎉🎉<br><br>from Indonesia,False,
@user-hz3bj3yc5n,인도네시아도 힘내라,True,@dennisfadillah_
@1honshitsuka,"<a href=""https://www.youtube.com/watch?v=9-7qOLHYTIY&amp;t=87"">01:27</a> It&#39;s the worst dive by the worst actor.<br>He should be ashamed.",False,
@user-me8uh9rd17,전에작성한 댓글을보니 역시나 일본인이군요.😂 ㅋㅋ,True,@1honshitsuka
@user-hz3bj3yc5n,@@user-me8uh9rd17 웃었다 ㅋ,True,@1honshitsuka
@hazelnut3794,"Why do you want to play only in Japan&#39;s home turf for a limited time when most of Korea&#39;s players are below the aka bench warmers, and try to force it into the actual all-time record history? Otherwise, do you think you can never overturn Japan current all-time record within this century?",True,@1honshitsuka
@DiyantRahmad,son cocok main ke Manchester united,False,
@ronxander,What a soft penalty,False,
@RezaPrayoga236,Congratulations South Korea from Bogor,False,
@sungkjc,MOTM : Hwang!  World class killer pass,False,
@waai86,セフン♡セフン♡,False,
@Maojinping-wg3gw,How you chinese can watch youtube??,True,@waai86
@user-me8uh9rd17,​@@Maojinping-wg3gw<br>일본어인지 중국어인지 구별도 못하는 무지함...,True,@waai86
@정상화는김창섭,@@Maojinping-wg3gw 중국인이 유튜브를 볼 수 있다는걸 너가 몸소 보여주네,True,@waai86
@rendoteam8964,"<a href=""https://www.youtube.com/watch?v=9-7qOLHYTIY&amp;t=64"">1:04</a> kor<br><a href=""https://www.youtube.com/watch?v=9-7qOLHYTIY&amp;t=97"">1:37</a> kor<br><a href=""https://www.youtube.com/watch?v=9-7qOLHYTIY&amp;t=176"">2:56</a> kuw<br><a href=""https://www.youtube.com/watch?v=9-7qOLHYTIY&amp;t=214"">3:34</a> kor",False,
@johnheterick7092,Some classy goals in this match the Kuwait goal was a beautiful volley finish.,False,
@かならずあおるちゃん,結局韓国も4勝1分で折り返し。中東だらけのグループでようやっとるわ👏,False,
@Maojinping-wg3gw,How you chinese can watch youtube??How you chinese can watch youtube??,True,@かならずあおるちゃん
@かならずあおるちゃん,@Maojinping-wg3gw  あらマオさんニーハオ✋改革は順調？,True,@かならずあおるちゃん
@TerrasilDangdaa,Bahrain VS Indonesia - 90+6=99<br>Qatar VS Uzbekistan - 90+6=102,False,
@young.jr_ak,Go South Korea go❤️,False,
@johnconstantine7402,AFC(Arabian(Not Asia) Football Cup) Association’s administrator is upset becoz dear friend Arab country is defeated by East Asian nation so use Thumbnail Photo of SON like that. Ara B is actually low and cheap.🤣🤣🤣 Go Israel!🇮🇱❤️🇰🇷,False,
@topdesainer6395,Korsel vs Italia cabang Gurun,False,
@f.h9698,🐮🐮,True,@topdesainer6395
@kenneth218,強いなー,False,
@jinwoo3963,It’s acknowledging us,True,@kenneth218
@Maojinping-wg3gw,How you chinese can watch youtube??,True,@kenneth218
@hussainaljazzaf,Congrats korea hard luck Kuwait,False,
@TristanYT2009,Congrats South Korea from singapore 🇸🇬,False,
@JaneAnnabelle-w8x,ㄱ글 에서 벳프리 보느라 눈밑에까지 다크써클 들어옴 ... 진짜 근데이뻐서 눈을못떼겟다...,True,@TristanYT2009
@sigitadi8557,Kuwait wants to copy Italy or how their jersey and logo almost look the same 😅,False,
@yousefka.7000,This is the slogan of Kuwait since time immemorial and has not changed,True,@sigitadi8557
@jazue65,Kuwait has this design since 60s,True,@sigitadi8557
@shyofshyness,AI로 현수막 만들어서 오네 ㅋㅋㅋ,False,
@nixonNickel,最後のスルーパス気持ちい,False,
@Maojinping-wg3gw,How you chinese can watch youtube??,True,@nixonNickel
@junhasegawa293,韓国もアウェイでちゃんと勝つから大したもんだよ。PKは中東ばりのナイス演技だったねソンフンミンw,False,
@aalkhalaf1,Deserved win for Korea. I think they can secure their qualification early.,False,
@XarHil-qi2dy,Корея уважаем ❤,False,
@taehokang2551,Congratulations South Korea from South Korea,False,
@GGmelon221,一発あるよねwオセフン頑張れ！,False,
@user-lg2vb2mi5n,ソンフンミンはいつになったら衰えるんだ？,False,
@jinwoo3963,Class is permanent,True,@user-lg2vb2mi5n
@Maojinping-wg3gw,How you chinese can watch youtube??,True,@user-lg2vb2mi5n
@JSS-q1n,쿠웨이트 첫골 퍼스트터치 이후 슛 잘 찼다 대단,False,
@riansyhhrp2899,"ngeliat jersey kuwait, jadi ingat jersey timnas italy pas worldcup 2006 😂",False,
@korede-iinoda,ソン・フンミン、イ・ガンイン、キム・ミンジェといったビッグネームの選手だけでなく<br>欧州やJリーグで日本人とプレイするイ・ジェソン（佐野海舟のマインツ）、ファン・インボム（上田綺世のフェイエノールト）、オ・セフン（FC町田ゼルビア）がスタメンだったから日本代表に近い感覚で韓国代表を応援する気持ちが高まりました。　やっぱ韓国も強いねぇ🇰🇷⚽,False,
@babyharu192,応援ありがとうございます。日本がさらに強いです。,True,@korede-iinoda
@korede-iinoda,@ <br>ソン･フンミンはアジアＮｏ．1プレーヤーです👍⚽️<br>日本代表にも彼のような選手が欲しいです😆,True,@korede-iinoda
@1honshitsuka,日本とは全く関係がない地域です。<br>トッテナムの7番が悪質なダイブと演技をしていました。<br>日本と結び付けられるのは迷惑です。,True,@korede-iinoda
@leedonghyeon7781,@@babyharu192한국인인척 하지 마라 일본인아,True,@korede-iinoda
@wincup,@@1honshitsuka 너같은 인간이 더 귀찮아. 이런 좋은 댓글에까지 먹칠. 너나 연결하지마.,True,@korede-iinoda
@serabibundo6403,Congratulation Korea from Indonesia❤,False,
@YoutubeKorea_No.1,황인범은 2어시스트에 PK골을 만드는 과정에도 관여되어있네. MOM이 맞다.,False,
@jjc8276,Iran South Korea Japan are beyond Asia level.,False,
@ganzylee812,+ aus,True,@jjc8276
@dekerd07,왜 AFC공식 채널에서 저런 손흥민의 굴욕샷을 썸네일로 만들었을까요? 이해가 안 되네요. 홍보팀 담당자가 안티인가요?,False,
@allen061,일본 한국이 아시아 최강이다!,False,
@canddleofsea,아시아에서 월드컵 8팀 뽑으니깐 너무 루즈하다,False,
@zulhamefendi8337,Congratulation korea from Indonesia,False,
@AlexLeeProfile,"Korea is just on a different level than other teams in Group B.  Funny to think that Jordan and Iraq supporters believed that they would be ahead of Korea in the World Cup qualifiers.  Sure, Korea wasnt at their finest in the semi-finals match in the past Asian Cup but one must remember WC qualifiers is a different beast from a knock-out tournament.  Playing both home and away games between every team in the group minimizes the effect of few upset games and strongest team eventually comes to the top.  Korea having qualified for the World Cup ten times and having never failed to qualify since 1986 demonstrates that Korea knows how to manage their games in WC qualifiers.  Jordan and Iraq will compete for the second place and whichever team that can snag a point from Korea will finish ahead.  Realistically speaking, chance of Jordan drawing with Korea in Seoul is significantly less than Iraq drawing with Korea at their home, so Iraq probably will finish second at this rate, especially since Korea probably would have secured their spot in the World Cup by the time they play Iraq next time.",False,
@michaelbanh4000,"yeah but where is your trophy? <br><br>Have you won any trophy of real importance since football really begun, especially this century?<br><br>You can win 30 games in a row, but if you do not get a trophy after that, it is really pointless, isn&#39;t it?",True,@AlexLeeProfile
@김준승-q8x,11번출전했고 10회연속 출전했습니다..이번에 진출하면 12회출전이고 11회연속출전임,True,@AlexLeeProfile
@선족이단속반,@@michaelbanh4000 그 중요한 트로피가 뭔데?,True,@AlexLeeProfile
@user-xy9yv8bk9n,진짜 홍명보 수비전술 심각하다<br>아챔에서 울산 스쿼드 들고 동남아에 맨날 지던게 여기서도 보이네,False,
@LeeMichael-m6y,우리 선수들 잘 했고 쿠웨이트 선수들도 수고 많았어요~,False,
@ukim1584,Great sonny!!!,False,
@jjangoku5788,"이현주 선수 A매치 데뷔했네요.<br>비록 현재 분데스2부리그로 임대중이지만 바이에르뮌헨 소속 선수죠. 리그에서 나름 잘해주고 있고...<br>국대에서도 앞으로 더 많이 기용돼서 활약하는 모습 보고싶습니다.<br>그외에 지로나 김민수 선수나, 헤타페 이상민 선수, 토트넘 이적 예정인 양민혁 선수 등 여러 유망주들이 훌륭히 성장해서 국대에서 보게될 날이 왔으면 좋겠습니다.<br>너무 어린거면 연령별 대표팀에서라도요ㅎㅎ",False,
@Luan_Cigüeña-Rivera,Hola buenas noches hermosa🤗 un saludo 🇪🇨🤜🏼🤛🏻🇰🇷,True,@jjangoku5788
@leeiss,"그렇게 욕 먹었는데,  오히려 힘든 중동팀들 상대로 역대 예선중에 가장 잘 치뤘다",False,
@canddleofsea,벤투 ㅋㅋ,True,@leeiss
@닐맥컬리,이현주 오늘 움직임 준수했고 양민혁 김민수 김지수 모두 성장해서 국대에서 곧 봅시다,False,
@일확천금-s1v,"Don&#39;t ask about the Korean Coach.<br>Korea is fine in this round even if you have a dog as a coach.<br>Korea is not a country whose goal is to advance to the World Cup.",False,
@김정호-l7p8v,사진을 이딴걸 사용했냐,False,
@jennie_1004,Middle Eastern wolves are hard to deal with Korean tigers except Iran,False,
@danf8047,That goal from Kuwait was gorgeous! wow,False,
@rdytogo9803,Korean Tiger accomplished hunting middle eastern wolves.,False,
@너구리-k1y,자자 일본분들 여기서 축구 전적 적거나 싸우려고 하는 애들은 승부심이 넘친다고 생각해주세요. <br>저도 약간 그런 기질이 있어서 ㅎㅎ,False,
@growy920,Asian Striker GOAT Son<br>Asian Defender GOAT Minjae,False,
@Maojinping-wg3gw,❤❤❤🎉🎉🎉,True,@growy920
@tae-whankim9821,As a Korean its a weird situation. We love our players but we absolutely hate the coach and the Chairman of the korean soccer league. We want our team to lose just so we can oust both of them.,False,
@fajrie_jewellery,Selamat korea from indonesia,False,
@priliandini7484,Aku harap indonesia masuk piala dunia bersama jepang dan korea<br>Aku bener-benar berdoa banget 🤲<br>Aku ingin betemu Son heung min😊<br>Semoga indonesia masuk piala dunia Amin🤲,False,
@canddleofsea,한국팀 경기 영상에서 굳이 일본을 꺼내는 이유가 뭐야? 그렇게 일본이 좋으면 다른 영상가서 코멘트를 남기세요,True,@priliandini7484
@priliandini7484,​​@@canddleofseayang ingin doa bersama indonesia lolos😭,True,@priliandini7484
@user-me8uh9rd17,​@@priliandini7484<br>인도네시아도 남은경기 잘해서 월드컵 가길바라요.😊,True,@priliandini7484
@Great515,Mantap Korea Selatan<br>Malam nanti tinggal Indonesia yang giliran akan  disikat jepang.,False,
@Meloncat_0w0,경기가 끝날때까지 어떻게 될지 모른다! 인도네시아 응원할테니 힘내❤,True,@Great515
@선족이단속반,손흥민은 이제 후보로 자처하던지 아님 후배들 위해 국대 은퇴하자 골기록 깨고 싶은건 알지만 더 집착하면 추해진다,False,
@elainekim73,🇰🇷🇰🇷🇰🇷🇰🇷,False,
@역사잼,Korea.rep congratulations <br>They will make the world cup2026 🇰🇷,False,
@Maojinping-wg3gw,Korea is absolutely amazing🎉🎉🎉❤❤,False,
@alexzhangdragonn3438,🇨🇳🇰🇵👊 south 🇰🇷,True,@Maojinping-wg3gw
@hyung-seokkim1712,토트넘보다 나아 보이네 ㅋㅋ,False,
@PlatonicEnglish,Kuwait no.7  made us nervous for a moment. That goal was literally fantastic,False,
@ganzylee812,월드컵 진출 99.9% 확정.,False,
@jsj1381,쿠웨이트의 골은 멋졌습니다!,False,
@yongyang6733,球进的都很漂亮🎉,False,
@IwantItalyPizza,yes my neighbor,True,@yongyang6733
@shinichikudoz,kuwait almost make a comeback when 2-1...lucky korea smart enough make another goal and make them lose their hope,False,
@축광알못,Kuwaiti player&#39;s goal was really well shot and unstoppable from korea,False,
@고독한쿄,やっぱ強いな<br>B組で圧倒的な強さ<br>まぁ韓国だから当たり前か,False,
@닉네임-u4q,뭐 일본은 더 강팀들 상대로 수월하게 이기고 있더만요~ 기만질 아닙니까? ㅋㅋㅋ,True,@고독한쿄
@jsj1381,일본의 강세가 더 돋보입니다^^,True,@고독한쿄
@benettekarl3600,Japan is better,True,@고독한쿄
@jipark_2373,"현재의 사우디, 호주보다 이라크, 요르단이 더 강한것은 사실입니다.",True,@고독한쿄
@무료상담-m2w,​@@jipark_2373서로 칭찬해주는 훈훈한 분위기에 눈치없이 끼지좀 마라ㅉ,True,@고독한쿄
@jameskim9909,So proud of my country south korea 😊 south 🇰🇷,False,
@Meloncat_0w0,You are so cute❤,True,@jameskim9909
@Maojinping-wg3gw,❤❤❤❤🎉🎉🎉🎉🎉,True,@jameskim9909
@alexzhangdragonn3438,​@@Maojinping-wg3gw🇨🇳🇰🇵 👊 south 🇰🇷,True,@jameskim9909
@Myamamma,韓国が先制して勝ちを確信したので、昨日はすぐ寝た。,False,
@PutiarsaFajar,"Great performance south Korea, greetings from Indonesia",False,
@오빠므찌나,오늘 일본 한번 이겨봅시다!,True,@PutiarsaFajar
@marine8939,Shin TaeYong😊,True,@PutiarsaFajar
@KakKhotib-gt6db,​@@오빠므찌나ternyata sangat berat...kawan!?🥴🤧😂😂,True,@PutiarsaFajar
@user-wi1ss5kh4w,인도네시아가 오늘 졌지만 아직 5경기가 남았다<br>인도네시아의 조직력은 더 좋아질거야,True,@PutiarsaFajar
@JaneAnnabelle-w8x,헬창들도 ㄱ글 에서 벳프리 보면 근육 다빠진다며 ㅋㅋㅋㅋㅋㅋㅋㅋ 사실임??,True,@PutiarsaFajar
@Tobmaier,韩国朋友们也非常支持中国队，我也再次恭贺韩国队😃,False,
@닉네임-u4q,이번에 본선 갈 수 있어? 같이 갔으면 좋겠다,True,@Tobmaier
@user-uu56,"Aside politics, I want to see China qualify. However, I really wish Chinese fans to have more manners in the stadium. They are too scary.",True,@Tobmaier
@jsj1381,젼혀. 아무도 중국 따위 응원하고 있지 않아. 단지 한국 코미디 보다 재밌어서 즐기고 있을 뿐이다.,True,@Tobmaier
@Aaronparky,짜요,True,@Tobmaier
@Tadpole-d6n,중국인이 번역기 돌린거니까 한국어 댓글은 믿지 마라 ㅋㅋ,True,@Tobmaier
@Aaronparky,쿠웨이트 골은 베르캄프 보는거 같네👍,False,
@JS-mb2cx,중동밖에 없어서 힘들수도 있다고 생각했는데.. 다행이다,False,
@wartoxs_themaut4199,Apa kabar pemain no 7 U -17 kuwait ! 😂😂,False,
@samkeyman8140,I love football!  It can bring about World Peace!,False,
@chrisyim1695,손흥민 pk 약간 다이빙 같긴함,False,
@일확천금-s1v,개소리 좀<br><br>거기서 발 뻗은거부터가 공 못건들렸을떄 무조건 파울인데,True,@chrisyim1695
@김준승-q8x,경합상황이면 몰라도 페널티박스 안에서는 수비수가 공격수한테 볼도 못건들고 직접적인 터치가 발생하면 PK맞아요.<br>해외리그만 봐도 VR로 체크해서 PK주는경우가 많은데 뭔 억까신지?,True,@chrisyim1695
@Nov.11.09,아직도 이런 사람들이 있다는게 놀랍다. 경기장에는 상시 var이 가동중이라 헐리웃인지 아닌지 모두 판별이 가능한걸 모르는 건가? 비디오 판독실이 헐리웃 pk 구분 못할정도로 무능하다고 생각하는지?,True,@chrisyim1695
@TopanSopandi,Selamat untuk timnas Korea yang main epik banget🎉,False,
@ganzylee812,일본한테 이길 수 있다.,True,@TopanSopandi
@kanal_2664,"Congratulation South Korea,",False,
@khaerulhotami4272,🇲🇨🇲🇨🇲🇨🙏🇯🇵,False,
@sindrapf,Bae junho massive player,False,
@aa-gb1eg,Doan clear,True,@sindrapf
@Maojinping-wg3gw,Yeah absolutely amazing🎉🎉,True,@sindrapf
@user-wi1ss5kh4w,@@aa-gb1eg 배준호는 잠재력이 큰 선수다,True,@sindrapf
@hckim8670,"축협만 제대로면 더 잘할 수 있다. 김민재 파트너 발굴이 필요한 것 같고. 기존 윙백 보단 현재 설, 이 조합이 나은것 같지만 아직도 좀 부족해 보이고. 나머진 정말 누구랑 붙어도 비벼볼만한 수준인거 같은데. 인범인 정말 물 올랐더라. 배준호도 물건이긴 하고. 씨찬이가 폼을 찾아야 할텐데. 아쉽네.",False,
@Ronisaputra298,❌Kuwait🇰🇼1-3🇰🇷Korea Selatan✅,False,
@heedeol,존나 잘하네<br>왜 자꾸 홍명보감독 짤르려고 하는겨? 이해불가,False,
@2320-g2m,정몽규 : 거봐 ㅎ 나 잘했지 ?? ㅎ,False,
@Jeong_Eden,첫번째 골 키퍼가 펄쩍 뛰는 게 뭔가 웃기네. 놀리려는 건 아닌데 ㅋㅋ,False,
@haryrazia,Mantap Korea semoga INDONESIA juga,False,
@user-wi1ss5kh4w,오늘 져서 아쉽다. 귀화선수 조직력 문제이니까 다시 시작하자. 5경기 남았다,True,@haryrazia
@jipark_2373,인도네시아는 사우디아라비아를 이길것입니다,True,@haryrazia
@오알람,너무 귀화선수를쓴딘 인도네시인인구가 많은대,True,@haryrazia
@merrygoround8425,"<a href=""https://www.youtube.com/watch?v=9-7qOLHYTIY&amp;t=179"">2:59</a> 쿠웨이트 골 와 ㄷㄷ 존나 원더골이네 이거 ㅋㅋㅋ",False,
@109prime,거의 베르캄프급 레전드 골임. 살라나 손흥민도 저렇게 넣는거 한번도 못봤다ㅋㅋ,True,@merrygoround8425
@oneanother_0817,먹히고 상대가 너무 잘 넣어서 할 말을 잃음 ㅋㅋ,True,@merrygoround8425
@아현댕댕이,ㅋㅋㅋㅇㅇ 오 지리네 함,True,@merrygoround8425
@홍성철-l8y,저거 너무 잘 차서 먹힌거 인정함,True,@merrygoround8425
@홍성철-l8y,솔직히 저거 거의 못 막음,True,@merrygoround8425
@teoruck,🇰🇷〰️🐅,False,
@sin-db4fv,너무 좋아 말라<br>피파랭킹 22위  :135위다,False,
@SEONGMINPARK-t9t,세상사 좋아할것도 정해놓고 좋아해야하냐 이기면 좋은거지 ㅋㅋ,True,@sin-db4fv
@WBL-t9w,日本と対決したらどうせ負けるけどww,False,
@배린아-n1w,노무현 김대중.,True,@WBL-t9w
@lol-ie3rx,1인당gdp 이야기하는거야?ㅋㅋㅋ,True,@WBL-t9w
@lkwxn7809,우린이라크 이김 ㅋㅋㅋ,True,@WBL-t9w
@franceair5114,일본이?,True,@WBL-t9w
@franceair5114,호주한테 발렷으면서 저번에 ㅋㅋ,True,@WBL-t9w
@user-xu3do2oq3d,オセフンを韓国正FWに押し上げた黒田は本物,False,
@mkj8722,Team Kuwait looks like Italian,False,
@ganzylee812,just uniform,True,@mkj8722
@blankonplay8196,This qualification is only to find out who will accompany South Korea and Japan to the World Cup.,False,
@한수바우,수비 라이트벡 이태섭 아직은 덜익은 경험부족의 풋내기를,False,
@SEONGMINPARK-t9t,레프트백인데 ㅋㅋ,True,@한수바우
@Tadpole-d6n,이태섭 아니고 이태석 ㅋㅋ,True,@한수바우
@yasushiodani,セフン<br>ナイスゴールだな。,False,
@Maojinping-wg3gw,Thank u dear chinese friend ❤🎉,True,@yasushiodani
@Maojinping-wg3gw,But how you chinese can watch youtube??,True,@yasushiodani
@한수바우,이강인을 조커로 써야지 골만 잡으면 개인드리볼로 흐름끊고 러프하고 리듬이 깬진다  제발 후후반에 잠시 기용하든지 아예 제외하든지 지금은 아니다,False,
@angelatanurdzic7508,Congrats South Korea 🎉,False,
@jasonpico5403,Well deserved victory.<br>Congrats South Korea,False,
@珂野兽699,久保建英とイガンインの違いはシュートの速度だと思う。イガンインは明らかに速いし、強い。,False,
@선족이단속반,쿠보가 더 잘해 이강인은 한계가 분명한 선수이다 오히려 쿠보보다 배준호가 포텐은 더 위다,True,@珂野兽699
@pushpendergusain4262,Son is leading by example.,False,
@mattsassari2882,와 인범이 마지막 패스 뭐고 도사 다됐네,False,
@jakepark532,Korea defeated Italy.,False,
@michaelbanh8839,Vietnam defeated Korea 1-0 in 2003.,True,@jakepark532
@JD1-t9k,@@michaelbanh8839 5-0,True,@jakepark532
@marefoecunditatis,韓国は流石の強さだね。昔からいざという時に負けない強さがある。<br>Congratulations from Japan!,False,
@jsj1381,韓国人として日本の頂点サッカーが羨ましい。,True,@marefoecunditatis
@Maojinping-wg3gw,I thought youre speaking chinese,True,@marefoecunditatis
@rdytogo9803,​@@jsj1381 너만 부럽지,True,@marefoecunditatis
@aa-gb1eg,@@marefoecunditatis <br>テコンサッカーで迷惑ばかり掛けてるけどな笑,True,@marefoecunditatis
@pkm0061,@@jsj1381ㅋㅋㅋㅋ 일뽕러들 열심히 충성하고 다니네ㅋㅋㅋ,True,@marefoecunditatis
@미래형수학자V,쿠웨이트 골 최고네,False,
@moetaqienzaenal5086,"Congratulations to South Korea, hope Indonesia can also win against Japan. Greetings from Indonesia 🇮🇩,",False,
@고태수-p5e,인도네시아   꼭 일본을 이겨주세요<br>대한민국 국민들  모두는  인도네시아 를  응원합니다,True,@moetaqienzaenal5086
@pis4578,일본을 이기는건 불가능 합니다.우리나라는 모르까,True,@moetaqienzaenal5086
@shinichikudoz,​@@고태수-p5eall?,True,@moetaqienzaenal5086
@늴리리야-x2f,kf-21 어쩔래?,True,@moetaqienzaenal5086
@김지훈-q2q4x,@@고태수-p5e모두는솔직히아니죠 대한민국전체를함부러대표하지마세요,True,@moetaqienzaenal5086
@ysh8545,"다행인건 클린스만, 벤투 때보다 젊은 유망주들을 잘 대려왔다는게 만족스럽다",False,
@일확천금-s1v,그냥 클린스만 벤투여도 쓸 선수들임. 배준호 같은 애들은,True,@ysh8545
@magunimaster184,글세?,True,@ysh8545
@푸른사자-m1l,명보만 빼면 완벽함ㅋㅋㅋㅋ워낙 코치가 전술 잘 짜서ㅋㅋㅋㅋ 명보는 낙하산으로 와서 뭐하냐ㅋㅋㅋㅋㅋ,True,@ysh8545
@troom6587,ソンPK上手いんだからトッテナムでもPK蹴ればいいのに、ハリーケインいないからトッテナムでは一番PK上手いでしょう,False,
@BBBB-u1w3n,손흥민은 끝났다.,True,@troom6587
@Maojinping-wg3gw,How you chinese can watch youtube??,True,@troom6587
@gggg33333ee,무패행진 가자 🇰🇷👍,False,
@엔터-l7j,대한민국 10번 해딩골은 조기축구  수준에서도 넣을 수 있는 골임,False,
@gandhak7775,孫興民は神,False,
@IyekDKSH,Congratulations south Korea from Indonesia 🇮🇩,False,
@user-ue2nz3mc3d,thanks bro,True,@IyekDKSH
@chiania,and you guys say STY OUT 😂,True,@IyekDKSH
@IyekDKSH,​​@@chiania lima laga 2x kalah tidak pernah menang,True,@IyekDKSH
@Locstar,Stoke&#39;s citys Bae Jun ho ❤,False,
@aa-gb1eg,Mitoma way better,True,@Locstar
@OkiDoki-v4i,​@@aa-gb1eg三笘の決定力くそ過ぎて草,True,@Locstar
@chimsky8847,"@@aa-gb1eg For now maybe Mitoma is better, but for how long?",True,@Locstar
@trex1448,"​@@aa-gb1egSon, Hwang is way better",True,@Locstar
@user-me8uh9rd17,​@@aa-gb1eg<br>미토마 부상당하기전 포함 40경기연속출전 =10개월동안 1골기록중.,True,@Locstar
@facebookgmars,"Kuwait, the lowest FIFA ranked team of all the contestants, turned out to be able to put up a tough fight against the football giant, the Republic of Korea.",False,
@MA20115,Mhm Im proud as a kuwaiti because we fought well,True,@facebookgmars
@ChilloutQ8,"Don’t be deceived by the ranking, Kuwait was banned by FIFA from International play for 4 years. Their ranking plummeted as a result.",True,@facebookgmars
@카이-z7s2b,욕해서 죄송합니다 다,False,
@وطني-ث2ح,"I believe the Asian team that will knock out the group in the World Cup will not be far from South Korea, Japan and Australia. Congratulations on South Korea&#39;s victory, hopefully they can be more consistent. They should have achieved a bigger result today",False,
@lifestyle7272,"South Korea, Australia and Japan advanced to the round of 16 at the Qatar World Cup.",True,@وطني-ث2ح
@michaelbanh4000,@@lifestyle7272 what a trophy for them,True,@وطني-ث2ح
@りおもこ,今日は19時に野球🇯🇵VS🇰🇷<br>21時にサッカー🇯🇵VS🇮🇩なので両方観なければですね、野球は3時間以上の試合になるから時間が被ります,False,
@Jeong_Eden,야구 하는줄도 몰랐노 ㅋㅋ,True,@りおもこ
@lol-ie3rx,야구는 스포츠가 아니고 예능 버라이어티ㅋㅋㅋㅋㅋ<br>너무 마이너😂,True,@りおもこ
@jsj1381,いいえ。誰も韓国野球なんて期待しないから朝日とたこ焼きを楽しんでください。,True,@りおもこ
@lkwxn7809,일본이 이김 한국야구는 죽었슴,True,@りおもこ
@りおもこ,​@@lol-ie3rxでも韓国サッカーの年間観客数は250万人、野球は1000万人、１試合の平均でも野球の方が多いからマイナーではないかもね😏,True,@りおもこ
@graviyt,well played south korea,False,
@暴れる君-w2h,"<a href=""https://www.youtube.com/watch?v=9-7qOLHYTIY&amp;t=68"">1:08</a> 一点目アシストのアーリークロスはちゃんとミョンボさんが直々にジェスチャーで指示してたんか。流石",False,
@Maojinping-wg3gw,Thank u dear chinese friend 🎉,True,@暴れる君-w2h
@暴れる君-w2h,@@Maojinping-wg3gw中国人じゃねぇわバーコード頭。まぁ中国代表も2連勝おめ！,True,@暴れる君-w2h
@モータータンパク質,@@暴れる君-w2hクソワロタww,True,@暴れる君-w2h
@justinkyle839,中国人認定おめｗ,True,@暴れる君-w2h
@Charaobncho,おもろすぎる,True,@暴れる君-w2h
@reylergutierrez5668,COREA DEL SUR  muy  superior  no tuvo  rival  HEUNG  MIN  SON  su gol número  50,False,
@bigcampsouth6567,Kuwait first goal was amazing.,False,
@INJURED-TVTITAN2,Yeah,True,@bigcampsouth6567
@暴れる君-w2h,イガンイン上手いんだけどボール持ちすぎてロストした瞬間一気にカウンターのピンチになるわ,False,
@珂野兽699,久保建英と似てる,True,@暴れる君-w2h
@暴れる君-w2h,@@珂野兽699 久保よりも役に立ってない。<br>一回決定機は作ったがドリブルコネコネするけど結局出し所と行き場を失って無難なバックパスに終わったり自己満的な動きが目立ちました,True,@暴れる君-w2h
@00ioioioi2oi4orlrqkr,자만하는 플레이는 여전하네 쿠웨이트 상대로 흐름 뺏겨서 계속 역습 먹고 위험한 상황 노출 시킬거면 월드컵 가지마라,False,
@user-dg3fd9lq5q,ㄹㅇ 이해가 안감 홈이나 어웨이나 초반에만 좀 하더니 후반되면 여지없이 등신같은 골 먹히고ㅋㅋ 지금 최상의 팀이 아니라 걍 시대가 좋아져서 해외파라고 하는거지 선수 개인기량은 걍 벤치수준임,True,@00ioioioi2oi4orlrqkr
@Goodmedia9,월드컵 가라마라 를 니가 무슨 권리로  ?? 걍 축구를 쳐 보지마세요,True,@00ioioioi2oi4orlrqkr
@RaL2155,意味不明<br>お前が決めることじゃないだろ,True,@00ioioioi2oi4orlrqkr
@Jeong_Eden,"자만하는 게 아니라 감독 역량이 딸려서 몰아치질 못하는 거다. 골 장면은 다양한 공격전개를 통해 나왔지만 막상 풀경기에선 대부분 백패스, u자, 롱패스만 남발하고 후반 초반엔 쿠웨이트가 압박강도 높이니까 골이랑 분위기 내줬지. 진짜 강팀들은 쿠웨이트에 비해 압박강도와 짜임새가 훨씬 좋은데 체질 개선 못하면 반코트 운영당할 게 뻔하다. ㅋㅋ 홍명보가 해낼 수 있을까?",True,@00ioioioi2oi4orlrqkr
@jinwoo3963,Your so embarrassing dude all u now is downtalking.,True,@00ioioioi2oi4orlrqkr
@immessithailandofasia3880,Congratulations From Thailand 🎉🎉🎉,False,
@00ioioioi2oi4orlrqkr,썸네일 장난하나 ㅋㅋ 일부러 저러는거냐?,False,
@MY-sk4qw,Kuwait looks like Italy.,False,
@캡틴후크-m1f,야들아 잘했다 축하한데이,False,
@Orbital-111,Kuwait&#39;s goal was literal thunderbolt!,False,
@RuslanKaraev-h2z,Real asian king korea<br>World cup appearances 11<br>Semi finalist and 2 times of round of 16<br>Olympics bronze medalist<br>U20 world cup runners-up<br>Afc champion league most winning country,False,
@オルテガ-y2w,日本の方強い,True,@RuslanKaraev-h2z
@egggge4351,​@@オルテガ-y2w<br>한국 일본 축구역대전적<br>한국 81전 42승 23무 16패<br>압도적우위 ㅋㅋ,True,@RuslanKaraev-h2z
@RuslanKaraev-h2z,​@オルテガ-y2w <br>The all time result between korea and japan: korea &gt; Japan<br>Japan&#39;s worldcup appearances  is only 7. And their best result is round of 16,True,@RuslanKaraev-h2z
@wdnalo,"@@RuslanKaraev-h2z Ever since 2011 you haven&#39;t beaten us lol,,,, Current ranking we are top of the top in Asia :)",True,@RuslanKaraev-h2z
@RuslanKaraev-h2z,​@@wdnalo<br>Korea B team vs. Japan A team.<br>Fifa ranking is meaningless,True,@RuslanKaraev-h2z
@Kampfgruppe9260,"Everyone would have expected that S.Korea would take first place, with Iraq and Jordan competing for second place.",False,
@-KoreanDeDe-TV,"Hwang in Beom  2 assists🔥🔥<br><a href=""https://www.youtube.com/watch?v=9-7qOLHYTIY&amp;t=69"">1:09</a>  <a href=""https://www.youtube.com/watch?v=9-7qOLHYTIY&amp;t=214"">3:34</a>",False,
@bradcapello6875,Yeah! ❤️🤍🇰🇷,True,@-KoreanDeDe-TV
@vickypratamaputra4363,Kuwait 1-3 Oppa Korea Selatan Senior,False,
@bbbbandly,韓国も日本もそうだけど、やっぱ自国の監督が代表監督やった方が強くなるね。<br>お互いに今度は選手のレベルまで自国の監督を育てる必要性が出てきた。,False,
@선족이단속반,보는눈이 정확하시네요,True,@bbbbandly
@gggg33333ee,일본과 한국은 축구 스타일이 다르니까 . A대표 친선경기 재미있을겁니다 .,True,@bbbbandly
@ysh8545,동감.. 단 축협이 문제,True,@bbbbandly
@Jeong_Eden,"자국감독 수준을 키워야 하는 것은 맞지만, 지금 감독이 한국인이라서 잘 하는 게 아닙니다 ㅋㅋ 정상적인 외국인 감독을 데리고 왔으면 이것보다 잘해요~",True,@bbbbandly
@hazelnut3794,しかし、韓国の場合、選任過程および戦術力量において、その国家代表指導監督が決してホン·ミョンボであってはならなかった,True,@bbbbandly
@KoKi-we6mo,한국만 막아놓는게 말이냐,False,
@VillageYou-n1o,Oh Se-hun(오세훈) is PRIDE of J.LEAGUE.<br>I love him.,False,
@73秒に1人の美男,プライドオブじぇーりーぐw,True,@VillageYou-n1o
@keanedevadatta7055,South Korea is the best team,False,
@user-dg3fd9lq5q,ㄴㄴ 솔직히 일본이 우위,True,@keanedevadatta7055
@muhdhusainiabdulrahim,Jepun 1. Korea 2. arab Suadi 3. Australia 4. Iran 5. Uzbekistan 6. Iraq 7..,True,@keanedevadatta7055
@hazelnut3794,@@muhdhusainiabdulrahim 7.indianesia?,True,@keanedevadatta7055
@Myamamma,@@hazelnut3794no way,True,@keanedevadatta7055
@ganzylee812,@@hazelnut3794 7. cambodia,True,@keanedevadatta7055
@frankiethebulldog4095,Congratulations South Korea. Both Iran &amp; South Korea will make the World Cup.,False,
@laputau3816,감사합니다. 한국 이란 월드컵에서 만나요.,True,@frankiethebulldog4095
@pmatuo,韓国の完璧にデザインされた1点目のゴール好き。<br>イ•ガンイン好きとしてはあのチャンスで決めて欲しかったけど全体を通して満足度が高かった試合。はい、ソンフンミンはレジェンドです。,False,
@aa-gb1eg,@@pmatuo 在かな？,True,@pmatuo
@Maojinping-wg3gw,How can you chinese watching youtube??,True,@pmatuo
@m333-d1o,​@@aa-gb1eg日本人が全員韓国嫌いなわけじゃないんよ。政治とスポーツ分ける人もいるし。,True,@pmatuo
@rezyous,Korea❤iran🎉,False,
@sunmanbae7055,Korea 🇰🇷 ❤Iran 🇮🇷 ♥️ 😊,True,@rezyous
@てんてん-q3f6w,"<a href=""https://www.youtube.com/watch?v=9-7qOLHYTIY&amp;t=84"">1:24</a> ここのパス回し好き",False,
@Ganuah.,Looking like Japan plays out in midfield,True,@てんてん-q3f6w
@Maojinping-wg3gw,Youre chinese??,True,@てんてん-q3f6w
@てんてん-q3f6w,@@Maojinping-wg3gw japan,True,@てんてん-q3f6w
@형석김-d1f,기회는 줘봐야지. 못하면 짜르면 되는데. 한국축구팬들은 무조건 외국감독. 일본도 자국감독인데. 기회는 누구나에게 평등하게 줘야지. 못하면 사우디나 다른 나라처럼 짜르면 됨. 클린스만도 짜른 마당에. 일단 홍명보가 중동팀들 킬러로 다 이기고있음. 예선은 무사히 통과할 것으로 봄.,False,
@koraon5332,홍명보 선임 과정부터가 공정하질못한데 홍명보 선임 과정 불공정&quot;‥문체부 감사 결론 거기다 연봉은 외국감독이랑 비슷하게 받음,True,@형석김-d1f
@형석김-d1f,@@koraon5332 외국감독은 많이 주고 국내감독은 조금 주고. 이거 역차별 아닌가. 누구나에게 공평해야지. 그리고 벤투나 클리스만 결정과정에 대해서는 아무말도 안하고 그냥 외국감독이니 넘어가다가 국내감독 쓴다니깐 이렇게 과정에 대해 불공정하다느니. 외국감독들 선임하는게 쉬운게 아님. 연봉도 많고  명감독들은 죄다 유럽빅리그나 명문팀에 소속되어있고 연봉도 엄청나게 많이 줘야함. 그렇다고 외국아무감독 선임하면 안되고 선임해서 성적부진하면 협회나 회장 또 욕먹음. 외국명감독 데려오는게 쉬운게 아님.,True,@형석김-d1f
@최동철-p7e,제시마치 거르고 홍명보? <br>월드컵 참가하는게 목표임?<br>선수들수준은 점점높아지는데 급에맞는감독데려와서 4강우승꿈꿔보면안되는거임?,True,@형석김-d1f
@배린아-n1w,@@koraon5332 공정따지는 애들특징 : 펩이나 클롭데려왔으면 공정안따짐 ㅋ 한마디로 걍 홍명보가 싫어서 명분찾는거.,True,@형석김-d1f
@Jeong_Eden,​@@배린아-n1w ? 당연한 소릴 하고 있노. 일을 못하니까 규정을 만드는 거다.,True,@형석김-d1f
@alirezayagoubi2311,Nice game!,False,
@jimmyzhang3,"안정된 팀, 안정된 경기와 결과 축하합니다!!!  From 중국 🇨🇳❤️🇰🇷",False,
@gallasebiyo4427,중국도 2연승을 축하합니다!,True,@jimmyzhang3
@jun1796,Congrats too china 😊,True,@jimmyzhang3
@미제드론,고준익을 한국으로 데려오고 싶다,True,@jimmyzhang3
@jimmyzhang3,@@jun1796thx a lot,True,@jimmyzhang3
@jimmyzhang3,@@gallasebiyo4427감사합니당!,True,@jimmyzhang3
@user-HarryWinks,"<a href=""https://www.youtube.com/watch?v=9-7qOLHYTIY&amp;t=88"">1:28</a> 손흥민 할리웃엑션",False,
@aromasweet4341,?,True,@user-HarryWinks
@lifestyle7272,반칙 맞습니다.. 손흥민 뒤에서 쿠웨이트 수비수가 다리를 걸었습니다.. 손흥민은 프리미어리그에서 할리웃 액션을 거의 안하는 선수로 알려졌습니다.  손흥민이 슛을 노리고 있었고 뒤에 있는 쿠웨이트  수비수를 돌아볼 시간이 없었습니다..  쿠웨이트 선수가 반칙안했으면 손흥민의 골이었습니다. 손흥민은 그런 찬스에서 절대 골을 놓치지 않습니다.,True,@user-HarryWinks
@xphantom8411,Congratulations to South Korea from Iran🇮🇷. Your team is very stable and powerful.,False,
@화무십일천,also iran,True,@xphantom8411
@wincup,"Thank you, our real traditional football rival!",True,@xphantom8411
@Maojinping-wg3gw,Thank Q🎉❤,True,@xphantom8411
@BrianYoo2,Kudos to the commentator. His pronunciation is commendable!! Respect!,False,
@TomMiddlerCommentator,Thanks Brian 👍,True,@BrianYoo2
@rocketboynewtown6895,AFC please remove winner team cover and match score. I want to see without any spoiler.,False,
@ganzylee812,i like you,True,@rocketboynewtown6895
@gilabelanja4456,Saya heran kenapa Jersey Korsel ga ada Namesetnya hanya nomer padahal mereka Team negara besar biasa ke World Cup?😅,False,
@ganzylee812,"한국은 아직 여러 선수들이 선발되고, 테스트를 받는 과정에 있어서 그렇습니다. 뛰어난 선수가 너무 많아서 계속해서 테스트를 통해서 최종 23인이 정해지면 그때 정해질 예정",True,@gilabelanja4456
@hjlee4144,한골도 먹지 말아야지!,False,
@홍성철-l8y,저건 너무 잘 참,True,@hjlee4144
@SilentStudio-hm1yr,🇮🇷❤️🇰🇷,False,
@shahrukhandinirwana3633,Kuwait,False,
@Tayson-o3r,Feyenoord&#39;s Hwang In-beom excellent performance in this match should not be overlooked,False,
@gallasebiyo4427,Also the rise of Bae Junho playing for Stoke City,True,@Tayson-o3r
@shinichikudoz,in beom always underrated tho...too bad,True,@Tayson-o3r
@aa-gb1eg,Kubo clear all,True,@Tayson-o3r
@justinlee4694,@@aa-gb1eg son clears any japanese player in history,True,@Tayson-o3r
@kaptenmelinjowtivi3761,Indonesia menyusul,True,@Tayson-o3r
@braheartlife,nice,False,
@nonenone2622,オセフン、ゴール！<br>韓国おめでとう🎉,False,
@Maojinping-wg3gw,How you chinese can watch youtube??,True,@nonenone2622
@Hong0808,"Congratulations to the 2026 🇰🇷KOREA WORD CUP NATIONAL TEAM, led by director Hong Myungbo, for winning 3-1 against Kuwait in the third qualifying round. 👍👏",False,
@marco-mc2hy,大韩民国 👍🏻,False,
@lupina5968,"<a href=""UCkszU2WH9gy1mb0dV-11UJg/JAJ1XpGpJYnW8wTupZu4Cw""></a><a href=""UCkszU2WH9gy1mb0dV-11UJg/JAJ1XpGpJYnW8wTupZu4Cw""></a><a href=""UCkszU2WH9gy1mb0dV-11UJg/JAJ1XpGpJYnW8wTupZu4Cw""></a> <a href=""UCkszU2WH9gy1mb0dV-11UJg/JAJ1XpGpJYnW8wTupZu4Cw""></a><a href=""UCkszU2WH9gy1mb0dV-11UJg/JAJ1XpGpJYnW8wTupZu4Cw""></a>",True,@marco-mc2hy
@Maojinping-wg3gw,🎉🎉🎉🎉❤❤❤❤,True,@marco-mc2hy
@UnitedKorea-w1s,🎉,True,@marco-mc2hy
@손광현-p6u,"한국승리 축하합니다 🎉.<br>개인적으로 일본과 한국은 월드컵에 갈 가능성이 큰데, 월드컵 하기전 한일 A매치 경기를 한번 했으면 합니다 😊",False,
@bestdrive,日本も韓国とA代表で親善試合したいくらいに強いな💪,False,
@IwantItalyPizza,"thank you sir, Arigato Gozaimasu🙏",True,@bestdrive
@space-lf4rf,"It&#39;s time for Japanese team to play  A match in Korea, too.",True,@bestdrive
@egggge4351,일본이 100퍼진다 주제파악해라<br>한국 일본 축구역대전적<br>한국 81전 42승 23무 16패<br>압도적우위,True,@bestdrive
@bestdrive,@@egggge4351 強いからね！韓国は😄,True,@bestdrive
@앞으로-y9l,@@egggge4351원래 축구는 일본이 더 잘했음.,True,@bestdrive
@nycunclewang7523,还是看韩国的足球，日本的篮球，都比中国的各种大型体育项目赏心悦目。,False,
@user-cr7hi9my5y,그래도 이번에 이겼잖아 축하해!🎉,True,@nycunclewang7523
@졸린곰-h2x,"고마워 친구, 그래도 중국은 올림픽에서 항상 세계 최고잖아🥇🥈🥉",True,@nycunclewang7523
@k.m.a69th,하나의중국을 지지합니다,True,@nycunclewang7523
@brian65058,중국은 그래도 다른 많은 종목에서 항상 최고잖아....,True,@nycunclewang7523
@marine8939,I love mao tai baiju❤,True,@nycunclewang7523
@osaka-yomo45ka,やっぱ韓国は強いね！🎉おめでと～～,False,
@MPowerrrr4,아리가또,True,@osaka-yomo45ka
@lifestyle7272,감사합니다,True,@osaka-yomo45ka
@박원영-q7f,일본좋아,True,@osaka-yomo45ka
@Maojinping-wg3gw,Thanku chinese,True,@osaka-yomo45ka
@Maojinping-wg3gw,How you chinese can watch youtube??,True,@osaka-yomo45ka
@1966lavc,"Blue number 7 , the best goal of the game 🎉",False,
@UnSora,Easy work for 🇰🇷Koreans congratulations from Iran 🇮🇷👏🏻,False,
@lifestyle7272,"Thank you Iranian, congratulations on Iranian victory 🇮🇷 too",True,@UnSora
@jsj1381,Let&#39;s go together 2026,True,@UnSora
@Maojinping-wg3gw,Iran❤korea,True,@UnSora
@AmandaStrong-c4e,ㄱ글 에서 벳프리 진짜 보다보면 빠져든다 라이브에 수위도좋고 외모도 좋고 삼박자 지렀으,True,@UnSora
@noah88life,뚝배기 오랜만에 시원하게 한그릇 했네,False,
@Bjoqmspngmwo17639,쿠웨이트 골은 이번 라운드 최고의 골 각이다ㄷㄷ,False,
@노노-q4b,만나는 상대마다 원더골 헌납해주는 한국,True,@Bjoqmspngmwo17639
@Kuwgh8th,그건 중요치않다 실점을 했다는게 중요할 뿐,True,@Bjoqmspngmwo17639
@삐약삐약호랑이,개잘참 ㅋㅋ<br>그냥 터치후에 바로 슛팅 ㅋㅋ,True,@Bjoqmspngmwo17639
@lifestyle7272,한국인은  바로 알아차리지만.. . 한국인인 척  안하셔도 됩니다.. 축하합니다.. 쿠웨이트 골은 멋진 골이었습니다.. 다음 경기에는 쿠웨이트에 행운이 있기를 바랍니다.,True,@Bjoqmspngmwo17639
@정신나감-o9l,수비가 공격수 놓쳤으면 놓쳤다고 할수도있지만 패스도 2명수비사이로 기가막히게 가고 터치랑 슛도 기가막혔음,True,@Bjoqmspngmwo17639
@dwightlee4908,2장 일때도 꾸준히 갔는데 8.5장인데 못가겠냐만…<br>어린 선수들이 올라오는거 보는게 좋다!<br>이번 일정은 한국 날추우니 중동에서만 하나보네.,False,
@prohightension2000,그게 아니라 왔다갔다하는 거임. 19일엔 다시 국내에서 함,True,@dwightlee4908
@2x1qsdqw40,@@prohightension2000이번 소집엔. 둘다 중동 원정.,True,@dwightlee4908
@user-HarryWinks,@@prohightension2000 다음주 경기도 중동인데요?,True,@dwightlee4908
@Kuwgh8th,​@@prohightension2000내년 6월 이라크전 제외하면 다 내년 3경기 홈이다,True,@dwightlee4908
@Myamamma,少しくらいなら負けてもいい最終予選がそこにある。,True,@dwightlee4908
@O.G-user,Respect to Koreans from iran<br>🇮🇷🤝🏻🇰🇷🌼,False,
@lifestyle7272,Thank you Iranian.. Respect,True,@O.G-user
@hjlee4144,"Thank you, bro. Congratulations too!",True,@O.G-user
@김민준-e6h4r,"감사합니다, 그리고 북한 이기신거 축하드려요 🎉",True,@O.G-user
@musist2010,한국 서울엔 테헤란로가 있습니다!! 이란 좋아합니다.,True,@O.G-user
@김민준-e6h4r,@@musist2010 반대로 테헤란엔 서울로가 있구요 ㅎㅎ🇰🇷👍🇮🇷,True,@O.G-user
@うん5-z4n,結果ホンミョンボは許されたのか？,False,
@Woojamchun,No he wasnt yet but he will be soon,True,@うん5-z4n
@2x1qsdqw40,아직도 감독에 대한 민심은 좋지 못하다<br>쉽게 해결 될 문제는 아닌것같아<br>하지만 열심히 뛰는 선수들이 불쌍하기 때문에 그냥 지켜보고있을뿐,True,@うん5-z4n
@투오마스,결과로 증명하면 논란은 사라질듯 합니다.,True,@うん5-z4n
@큐리어스-l3i,​@@투오마스예선만 통고하면 되는건가 ㅎ 중요한건 본선인데,True,@うん5-z4n
@aromasweet4341,아직도 여론은 안좋아..계속 결과를 보여주면 변하겠지,True,@うん5-z4n
@jeddnabi7625,황인볌 ㅈㄴ욱기네 ㅋㅋ,False,
@mmtexas,Sonny is the world class player in S.Korea. 🇰🇷❤️👍🎉,False,
@aa-gb1eg,"@@mmtexas <br>Mitoma, Endo, Kubo, Kamada are only worldclass players in Asia",True,@mmtexas
@qilimercurial5116,Park ji sung.,True,@mmtexas
@user-me8uh9rd17,​@@aa-gb1eg<br><br>손흥민&gt;미토마<br>이강인&gt;쿠보<br>황인범&gt;엔도<br>황희찬&gt;카마다,True,@mmtexas
@UnitedKorea-w1s,@aa-gb1eg  lol<br>Epl<br>27 Mitoma 7g 2g 2g<br>31 Endo 2g<br>26 Kamasa 1g<br>Would class???<br>Kubo &gt;&gt;&gt;&gt;&gt;&gt;&gt;&gt;&gt; Messi <br>Kubo is World class 👏 😆,True,@mmtexas
@Mandalorec-h4b,"Don&#39;t write the score on the title screen, please!",False,
@omancars,Mohamed Daham&#39; goal for Kuwait was the most beautiful in this match and The best in the World Cup qualifiers,False,
@주먹쥐고일어서-c2p,그러게 원더골이었어 축하한다,True,@omancars
@aromasweet4341,7번 잘하더라,True,@omancars
@laputau3816,쿠웨이트 멋진골이었어. 축하해,True,@omancars
@kcr2307,지난번 이라크선수의 오버헤드킥도 그렇고 한국전에서 져도 원더골이 나오네요.😊,True,@omancars
@OO-dz2oc,그래.. 원더골 넣게 해줄게. 경기는 그렇게 지면 되는거야,True,@omancars
@jaydih1412,Hwang In Beom best player of South Korea,False,
@aa-gb1eg,Kubo best player of ASIA,True,@jaydih1412
@ldd-e3s,@@aa-gb1eg who is she?,True,@jaydih1412
@sarahjyum6178,@@aa-gb1egwhat? Son heung min is the best asian player,True,@jaydih1412
@aa-gb1eg,@@sarahjyum6178 <br>Finished player,True,@jaydih1412
@fitnessworld4475,"@@aa-gb1eg he is not even close to son.. his value come from his young age and potential but come to play in EPL, he will retire in one year with his skinny body",True,@jaydih1412
@adoust3921,That Kuwait goal was really nice!,False,
@freedomhouse4721,Congratulations South Korea.from Iran .You really are the best.,False,
@lifestyle7272,Thank you Iran.. Iran is almost in the 2026 World Cup,True,@freedomhouse4721
@jun1796,Iran is also best team! From korea😊,True,@freedomhouse4721
@atlmanagement1422,Wish Iran great performance on the road to world cup 2026. Dream to go to final. From Korea,True,@freedomhouse4721
@2320-g2m,이란은 아시아에서 가장 강한팀 ! 근데 이란 사람 스스로 아시아인이라고 생각하려나..,True,@freedomhouse4721
@jsj1381,let&#39;s go together 2026,True,@freedomhouse4721
@bekkkeshmurodov1417,I love you Korea but<br>Koren refere=mony😢,False,
@칼세이건-z7q,sorry   ㅠㅠ,True,@bekkkeshmurodov1417
@2x1qsdqw40,yes he is awful today as always 😂😂<br>the qatar player shoud have to be take red card,True,@bekkkeshmurodov1417
@bekkkeshmurodov1417,​@@2x1qsdqw40 У нас бы за такой срыв атаки без раздумий бы красную показали и иди на все 4 стороны с поля НО арабы опять все купили,True,@bekkkeshmurodov1417
@lifestyle7272,"What does that have to do with this game? If that&#39;s the case, then all Asian referees should be associated with that country&#39;s game? I want to be fair and objective. Did you watch the game? The game was stopped for a long time twice in the second half. I think it&#39;s natural that a lot of that delay time is included in the extra time.",True,@bekkkeshmurodov1417
@Jeong_Eden,필요이상의 과격한 경기운영을 하는 것이 사실임. 선수들 안전이 최우선이어야 하는데,True,@bekkkeshmurodov1417
@robertobaggio7650,South Korea is one of the few traditional Asian powerhouse that consistently qualify for the World Cup<br>Congratulations South Korea from Tajikistan,False,
@lifestyle7272,Thank you Tajikistan,True,@robertobaggio7650
@jun1796,Thank you Tajikistan ❤,True,@robertobaggio7650
@robycahyono2158,Matursuwun Tajikistan,True,@robertobaggio7650
@mattsassari2882,❤고마오,True,@robertobaggio7650
@laputau3816,감사합니다. 타자키스탄 형제.,True,@robertobaggio7650
@ereinaldy20,tp korea jgn senang dulu.. ada kemungkinan KORSEL di banned pildun 2026 krna masalah INTERNAL mereka wkwkwk,False,
@myonetrueloveleejigeum4712,??.,True,@ereinaldy20
@Jeong_Eden,축구협회의 비리를 정당하게 저지하는 것은 피파의 징계사유가 될 수 없습니다^^,True,@ereinaldy20
@11arako03,韓国の二点目の崩し方めっちゃ好き<br>セフンのゴールも最高,False,
@ganzylee812,한일 정기전을 부활해야된다. 아시아에서 한일만이 테스트의 의미가 있다.,True,@11arako03
@Maojinping-wg3gw,Are you chinese or japanese?,True,@11arako03
@11arako03,I’m Japanese,True,@11arako03
@みくりん-z1n,韓国が負けると思ったが、監督が変わって少し強くなったね,True,@11arako03
@ganzylee812,"@@みくりん-z1n 친구. 오늘 인도네시아 못이기면, 일본 모든 유튜브 방송 댓글에 인도네시아어로 도배되는걸 경험할꺼다. 한국은 이미 한번 당했어. 인도네시아 2억 인구가 모든 일본 방송 유튜브 코멘트 도배당해.<br>그러니 꼭 이겨라",True,@11arako03
@taewookeum,South Korea 🇰🇷 will qualify to World Cup 11th times in a row. no question about that. No other countries in Asia come close to that record including 🇯🇵 🇮🇷 and 🇸🇦,False,
@وطني-ث2ح,I keep 🇰🇷 and 🇯🇵 ❤,True,@taewookeum
@alimaczoom,Saudia lol why cuz they beat argentina some how 😂💸💸💸💸💸,True,@taewookeum
@siwooshin7084,Korea is the only Asian nation to reached semi-finals(top 4) in FIFA World Cup🇰🇷,True,@taewookeum
@TimekeeperSupplanter,ㄱ글 에서 벳프리 보고 나면 다낵질 보충제 한사발 빨아야 한다는데 사실인가요??,True,@taewookeum
@TimekeeperSupplanter,이 댓글 보고 ㄱ글 에서 벳프리 보고있는 내 인생이 레전드네 씨밬ㅋㅋㅋㅋ?,True,@taewookeum
@AS-ky9tf,Son Heung min - Tottenham 🏴󠁧󠁢󠁥󠁮󠁧󠁿<br>Lee Kang in  - PSG 🇫🇷<br>Kim Min Jae - Bayern München 🇩🇪<br><br>Super🔥,False,
@gallasebiyo4427,Hwang In Beom - Feyenoord 🇳🇱 <br>Hwang Hee Chan - Wolverhampton 🏴󠁧󠁢󠁥󠁮󠁧󠁿 <br>Eom Jisung - Swansea City 🏴󠁧󠁢󠁥󠁮󠁧󠁿 <br>Lee Jae Sung - Mainz 05 🇩🇪 <br>Hong Hyeon Seok - Mainz 05 🇩🇪 <br>Bae Junho - Stoke City 🏴󠁧󠁢󠁥󠁮󠁧󠁿 <br>Paik Seungho - Birmingham FC 🏴󠁧󠁢󠁥󠁮󠁧󠁿 <br>Kim Minsu - Girona FC 🇪🇸 <br>Kim Jisoo - Brentford FC 🏴󠁧󠁢󠁥󠁮󠁧󠁿 <br>Yang Min Hyeok - Tottenham 🏴󠁧󠁢󠁥󠁮󠁧󠁿 <br>Lee Hyun Joo - Hannover 96 🇩🇪<br>Oh Hyeon Gyu - KRC Genk 🇧🇪<br>Lee Han Beom - Midtjyland 🇩🇰 <br>Kwon Hyeok Gyu - Celtic FC Scotland<br>Seol Young-woo - Crvena Zvezda 🇷🇸,True,@AS-ky9tf
@Locstar,Bae jun ho - Stoke city 🏴󠁧󠁢󠁥󠁮󠁧󠁿,True,@AS-ky9tf
@Sgam_1352,Hwang hee chan-Wolverhampton 🏴󠁧󠁢󠁥󠁮󠁧󠁿<br>Eom ji Sung-Swansea city 🏴󠁧󠁢󠁥󠁮󠁧󠁿<br>Yang hyeon Jun- Celtic 🏴󠁧󠁢󠁳󠁣󠁴󠁿<br>Oh hyeon gyu-krc Genk 🇧🇪<br>Kim ji soo-brentford🏴󠁧󠁢󠁥󠁮󠁧󠁿<br>Kim min su-Girona fc 🇪🇸,True,@AS-ky9tf
@gggg33333ee,유럽에서 축구를 배워야 성공한다 .,True,@AS-ky9tf
@정상화는김창섭,​​@@gallasebiyo4427Girona -&gt; Kim minsu not jisoo,True,@AS-ky9tf
@kennytan2062,Finally see a fairer AFC referees,False,
@bekkkeshmurodov1417,Congratulation Korea from Uzbekiston but Korean refere=$,False,
@kamronbek1445,Qatar owns all referees💵💵💵,False,
@garcia4359,Korea Republic is one of the few Asian strong teams that has consistently participated in the World Cup.. I like PSG&#39;s Lee Kang In.. Kang In likes Neymar.. It is PSG teammate of Brazilian Marquinhos.. Congratulations South Korea from Brazil,False,
@bryan-ly2ez,"we are not just one of few in asia but sixth in the world entirely<br><br>1st) Brazil – 22<br>2nd) Germany 18<br>3rd) Italy – 14<br>4th) Argentina – 13<br>5th) Spain – 12<br>6th) Korea Republic – 10<br>7th) Mexico – 8<br>8th) England – 7<br>8th) France – 7",True,@garcia4359
@Woojamchun,The only asian team to participate in 10 consecitive world cups and still ongoing. You cant beat the reputation,True,@garcia4359
@Z3r0CO01-x,@@bryan-ly2ez Other Countries on your list all have World Cup Trophies at least except for S.Korea lol,True,@garcia4359
@북패헌터,카타르월드컵에서 브라질똥꼬쇼 춤을 언젠간 복수해주겠다,True,@garcia4359
@avocaza1393,"@@Z3r0CO01-x Mexico doesn&#39;t have one, so you are wrong.",True,@garcia4359
@kingjet6129,Congratulations Korea Republic from Singapore,False,
@lifestyle7272,Thank you Singapore,True,@kingjet6129
@Maojinping-wg3gw,10 Q thanku❤❤🎉,True,@kingjet6129
@ldd-e3s,take care of song ui young,True,@kingjet6129
@sabrecruz6721,COYS! From Singapore too.,True,@kingjet6129
@りおもこ,韓国は安定した強さだね、1位通過は確実,False,
@kbbsoccer,일본이 훨씬 더 안정적입니다 부럽습니다 화이팅! 👍👍,True,@りおもこ
@sannaho2530,감사합니다. 일본이 훨씬더 강하지만~! 같이 월드컵 올라갑시다!,True,@りおもこ
@user-wodmbbr2,독도는 한국땅!!!,True,@りおもこ
@egggge4351,​@@sannaho2530너도 숨 1시간만 참아주세요,True,@りおもこ
@egggge4351,한국 일본 축구역대전적<br>한국 81전 42승 23무 16패<br>압도적우위 ㅋㅋ,True,@りおもこ
@vifcoz,🇰🇷Son❤️King Indo🇮🇩,False,
@Triplemillionseller7454,Indonesia out king China in 😂😂😂,True,@vifcoz
@LinZhiying-yd2qw,Congratulations South Korea from Indonesia,False,
@lifestyle7272,Thank you Indonesian,True,@LinZhiying-yd2qw
@김민준-e6h4r,감사합니다 ㅎㅎ <br>전 인도네시아가 일본 vs 인도네시아의 경기에서 이기길 바랍니다.😊😊,True,@LinZhiying-yd2qw
@tualangilouis,​@@김민준-e6h4r감사합니다😇,True,@LinZhiying-yd2qw
@trex1448,Indonesia 🇮🇩,True,@LinZhiying-yd2qw
@AmandaStrong-c4e,ㄱ글 에서 벳프리 보느라 눈밑에까지 다크써클 들어옴 ... 진짜 근데이뻐서 눈을못떼겟다...,True,@LinZhiying-yd2qw
@choubouya1136,south korea !,False,
@kingarabsspring9419,South Korea is a strong team.. Congratulations South Korea from Saudi Arabia,False,
@IwantItalyPizza,thank you sir. Shukran jazeelan🤝,True,@kingarabsspring9419
@Maojinping-wg3gw,Thank u🎉🎉🎉🎉❤❤❤,True,@kingarabsspring9419
@f.h9698,سعوطي 😂,True,@kingarabsspring9419
@منصور-ذ1ف,الردي ردي 😂,True,@kingarabsspring9419
@t.eq7,نريد مبارة العراق والاردن,False,
@t.eq7,We want Iraq match,False,
@ZohidjonDaminov,Qatar uzbekiston oʻyinida Hakam chichvardi,False,
@danielwellington7852,"Murabbiy hatosi, boshidan durrangni mo&#39;ljallagan g&#39;alaba uchun o&#39;ynatmadi.",True,@ZohidjonDaminov
@IyekDKSH,"​@@danielwellington7852 sama dengan timnas Indonesia yang kemenangannya di rampok wasit, ketika lawan Bahrain",True,@ZohidjonDaminov
@ElyorrRaximov,Супер кареа,False,
@AxrorXotamov-q4z,Welcome in Uzbekistan 🤝🤝🤝,False,
