author,comment,is_reply,reply_to
@융덕yungduck,나 거기서 살게 해 줘.,False,
@아마자,진짜 렌즈 쪼금만 작은거 끼면 훨씬 시원해보일것같아요,False,
@김슬아-r5l,히잉 렌즈 직겯 작은 게 더 이쁠 거 같아요,False,
@륜-g5l,유정님 룸투어 영상 인급동 11 🫳🏻🫳🏻🫳🏻🫶🏻,False,
@YUJEONG,눔ㅁ물난다... 머지 .. ㅠㅠㅠㅠㅠㅠ,True,@륜-g5l
@예영-t1k,"<a href=""https://www.youtube.com/watch?v=9W-ohngCeKc&amp;t=874"">14:34</a> 그래서 주소가 뭐라구요 유정넴??🚽",False,
@yenathesavior_,"와 옷 진짜 만타.....안 입는 옷 저에게 나눔해쥬세요....,,ㅎㅎ",False,
@kittttttty_,운니는 나의 롤모델이야.. 🎄🩷,False,
@하니-104,모든 사람들의 자취로망일듯..진짜 예뻐요ㅠㅠ,False,
@의석b5n,영상  재미있게 보고가요 <br>유정님 너무 예뻐요 <br>유정님 ❤❤<br>목소리 예뻐요,False,
@minnig__13032,드레스룸으로 만든 거 진짜 좋네요😮<br>집 너무 이쁘게 꾸미셨네요👍🏼👍🏼👍🏼<br>자취 로망 대리만족하고 갑니다😂😂,False,
@jazzyjasmine444,우왕 집 대박 좋다...,False,
@Cocohankim,오늘 미모가 ..미쳤어요 너무 이뻐요 코도 이제 자연스러워 진것같아요,False,
@eeb2283,영상 재믺어요,False,
@믐믐o,화장대 정보 궁금해용,False,
@채연-n4n,와 저정도 집이면 최소 월세 200~300일 거 같은데 영앤리치다 정말 꿈의 집 … 너무 부러워요 😢,False,
@eden_miju1227,답글 받기 1일차!!!<br>요새 바빠서 못챙겼는데 다행이다 타이밍 맞았어 ㅠㅠㅠㅠ<br><br>너무 좋아요 ㅎㅎㅎ 브이로그 체고다 체고 ❤️,False,
@hjntn,와 유정언니 이사할 때 진짜 힘드셨겠다 짐 엄청 많으시네… 깔끔하게 정리한 거 ㄹㅇ존경,False,
@user-vm5jt8om3d,난 이런 맥시멀리스트의 집꾸... 넘 조음...🤤,False,
@윱윱-v2u,오늘 메이크업 얼른 올려죠요❤,False,
@Esraamohammed788,Good luck for you 🎉,False,
@axeunmwe,집 진짜 너무 이뽀여… 취미존 중에 음악존이 진짜 완전 제 로망!!🥺🤍,False,
@야옹이-q4p,이날 화장 너무 예뻐용 완전 찰떡이에여 립이랑 블러셔 정보 궁금해요,False,
@나은-nea,진짜 집 개개개캐이뻐요 유정님도 진짜 너무 리즈 진짜 이뻐여..🤍 새로운 집 새로운 화장대에서 찍는 화장법 기대할게영 🤍,False,
@은정-f5t-i4p,새집 룸투어 영상 올려달라는 댓글 썼던 사람으로 이번 영상 너무 좋아요❤😊,False,
@aajibgalae,이 언니 진짜 솔직하고 담백하게 다 보여줘ㅠㅠ 나랑오래가쟈……♥,False,
@yEoseung-i1m,월세 궁금해여ㅠㅠ,False,
@주아나라,진짜 성공했다 갓유정..,False,
@kcikk4807,유정님 절~대 이사 가시면 안되겠어요😂,False,
@세아-g3y,와집개이쁘다,False,
@hoyeon-yd7yl,집 진짜 제 워너비에요 2층 너무 이쁘자나요 제 로망이기도 해요 진짜 최고다이 ㅜㅜ(♥ω♥*) (♥ω♥*),False,
@윤쌤과함께라면영어는,언니.. 화장 블러셔 좀만 낮춰쥬세요 ㅠㅠ😭,False,
@shudderkim,웅니 폰케이스 정보 부타케,False,
@수호천사-z1p,룸투어 브이로그❤,False,
@mxn12n,성공한 삶 보니깐 내가 다 행복해져 ㅜ !! 항상 행복만 해유 🤍,False,
@sun-tv8zf,와 미쳤다 집 진짜 좋고ㅡㅜ 진짜 잘 꾸며떠여ㅜㅜ🥹🥹🥹😍🩷,False,
@over_the_sky,우와 집 엄청 좋다!!,False,
@hforu,하.. 재밌다,False,
@헿힣핳-n4p,와.....겁나 넓다,False,
@방울토마토-p2s,귀여워요ㅠㅠ🤍,False,
@핑크딸기-p7o,영상 넘 잘 봤어용 혹시 거실 커튼 어디서 제작하셨는지 알 수 있을까요?!?!🥺,False,
@최수빈발닥개,자취 로망 개뽕차여 침 질질🥵🫶,False,
@nngmyn,영앤리치쿨뷰티큐티 우리엉니,False,
@빈-h3s,와 집 너무 깔끔하고 좋다..뺏고싶은;,False,
@jjjijijjijij,와.. 유정넴 완죤 성공하셨네요 저 커튼 가격 듣고 진짜 놀랏어용,False,
@Bumii-q3n,서울이면 월세에 이런곳 살려면 100은 되겠죠..?,False,
@ls2154,100 훨씬 넘는 곳도 되게 많아요,True,@Bumii-q3n
@라따뚜이-w3g,아예 넘죠,True,@Bumii-q3n
@MoonMoon-lb5ik,와 진짜 집 미쳤나바요 너무 잘 꾸몄어요😮❤,False,
@dlryd,아 인테리어 완전 제 st ㅠㅠㅠ 너무 이뻐요,False,
@사랑이야-j3d,언니 집 너무 예뻐요 ㅠ ㅠ,False,
@user-qi9so8ln3c,집너무이쁘다 진ㅁ자비쌀거같읃데 진짜 그냥 너무 이쁘다,False,
@KD-qc1sc,보증금월세 알 수 있을까요ㅜㅜ,False,
@fldpfffkrkqm2336,진짜 대단.. 성공하셨네요.. 제워너비입니다..,False,
@holin2192,자취 먹방 모음집 기대해요 🥺💕💕💕,False,
@김수인-e9s,유정님 큐엔에이 찍으실때 자취하실생각<br>없으시다고 하셨었는데 자취하셨네요?,False,
@Aaas-u7s,힝 언니 너무너무너무 잘볼게요 ㅜㅜ,False,
@꺽다리-d8g,전지영님이랑 콜라보해주세염,False,
@김송하-s5t,언니가 답글 달아주면 기절할 듯❤❤,False,
@사백-z4l,와 집 너무 이뻐요🥺,False,
@xseowxzx,"완전 인테리어 너무 취저,,",False,
@snow_ing,유정공주님... 나 임용고시 보고 달려왔어... 이제 힐링 시작이야 🥹🥹🥹,False,
@YUJEONG,누나 수고했어요 🍀🤞🏻🥠🤍🤍🤍 너무너무,True,@snow_ing
@wyahl8,웅니 일기장 정보 주실 슈 잇으신가요 😭🥹 넘 탐난다…. 25년 일기장으로 쓰규시퍼여,False,
@YUJEONG,옵티크 @-@,True,@wyahl8
@wyahl8,@ 꺄악 엉니 최고 👍🏻👍🏻 고마버요,True,@wyahl8
@아이돌A양보기-x7n,달려 오는 사람들 다 넘어뜨리고 왔습니다ㅋㅋ,False,
@햄햄-u4r,"집 기본 옵션부터가 수납장이나 전자레인지, 건조기, 세탁기 맞춤 인테리어 마냥 착착 들어가있어서 깔끔한데 거기에 맞춰서 모던하게 넘 잘 꾸민 거 같아요 진짜 예쁘다..",False,
@YUJEONG,히히 .. 🤍,True,@햄햄-u4r
@jwh1105,누나 멋져요!!,False,
@꾸릉꾸릉바오,월세가 에바겠는디,False,
@Luvyuhee,넘어져서 병원갔다 지금 왔어요 ;;,False,
@YUJEONG,아 진짜 .<br>=͟͟͞͞개=͟͟͞͞웃=͟͟͞͞겨 .,True,@Luvyuhee
@hdh7212,818 데낄라 미국에서 사갖고 온건가여,False,
@YUJEONG,정답!🫵🏽,True,@hdh7212
@코리아리트리버,고등학교 브이로그 찍던 때가 엊그제 같은데.. 언제 이르케 영앤리치걸이 되셧나여..내가 다 감격스러워..🥹,False,
@YUJEONG,누나 더 열시미 벌게,True,@코리아리트리버
@디오잉,언니 화장..,False,
@YUJEONG,왱 난 좋은뎅,True,@디오잉
@YN_lee72,유정님 영상 너무 잘 보고있어요..!요즘은 전에 영상들 다시 보는중인데 유정님 브이로그보면서 열심히 살아야지 이래요,False,
@skyblue__n,턱에 별스티커 뭔가용?,False,
@yooooo-ur3mk,와.. 돈 많이 벌어야겠다.. ㅠㅠ 패션이 전공이여서 그러신지는 몰라도 유정님의 인테리어 감각은 언제봐도 최고예요!,False,
@은다-k5d,나의 지금 삶은 내가 지금까지 살아온 삶의 결과래요! 유정님이 지금까지 열심히 달려오셨기에 이렇게 좋은 집에서 살 수 있는거라고 생각합니다! 자수성가 하신거 정말 멋지세요😖🥰,False,
@tomatoezip,"<a href=""https://www.youtube.com/watch?v=9W-ohngCeKc&amp;t=1071"">17:51</a> 웅니… 겨울은 원래 안 더워…",False,
@YUJEONG,와 나 완전 바보아니야??!!,True,@tomatoezip
@tomatoezip,@@YUJEONG 코여우니까 괜차늠 ㅋㅋ,True,@tomatoezip
@lastnlghtonearth,와 집 너무조타....❤,False,
@krrr07,진짜 야무지시다 😮,False,
@mnozi523,"유정님 중학생 때 메이크업 영상보고 고등학교에서 화장하기, 브이로그 보던게 엊그제 같은데…벌써 이렇게 좋은 집에서 룸투어도 찍고,,ㅠㅠ💕 언니가 성장해가는거 옆에서 지켜보고 응원하다보니 저도 어느새 수능끝나고 20살을 앞두고 있네요!! 저두 나중엔 언니처럼 짱짱므찐인생 살아가고 싶네요!!!! 웃음도 주고 동기부여도 줘서 항상 고마워요🥹",False,
@쿠마쿠락,와 유정님 진짜 맥시멈이시구나.. 전 걍 침대 책상뿐...,False,
@hannhhi,옛날 유정님 방이 숲 느낌이억다면 지금은 엄청 깔꼼한 눈의 나라같아여,False,
@YUJEONG,헐 !!! 😍,True,@hannhhi
@palette7696,이거성공한여자의집…아무튼뭐그런거잖나,False,
@YUJEONG,나 멋진 여자야,True,@palette7696
@HMHMHM-h6l,안녕하세요 이쁜세요 유정님 응원합니다 사랑해용 집이 이뻐요.~~~❤❤❤❤,False,
@wangmegachoco,물먹는 하마 옷장에 하나씩 넣어두면 좋아요... 좋을 걸요.. 모르겠어요.. 저는 집에서는 써요... 근데 물이 항상 생겨서 잘 되고 있긴한갑하요..,False,
@user-ir2kt4mz6i,아니오늘 너무이뽀서 얼굴만 보여요🥹🥹 집 너무 좋으다 축하드려요 행복한 일만 불러오길🎉🎉,False,
@YUJEONG,&gt;_&lt;❤️❤️❤️🌼,True,@user-ir2kt4mz6i
@은서-q7j,우오아ㅏㅇㅇ 기다렸어요❤❤,False,
@강혜련-w4o,보증금 월세 궁금해용 !!! 알려주실 수 있나용 😊❤,False,
@YUJEONG,비믤,True,@강혜련-w4o
@one.spring,"유정 언냐 얼굴만 보여요,, 왤케 옙,,퍼??❤",False,
@찐꿍뽀잉,관리비 장난아니겠네예,False,
@DANI_4062,기다렸습니다...ㅜ,False,
@igutjugut,저 저저번 영상에 언니 일본여행 영상보고 비행기표 샀다고 댓글 달았던 유딩인데요! <br>언니 영상 참고하면서 잘 다녀왔어요ㅎㅎ<br>그리고 오늘도 영상 잘봤습니다💕💕,False,
@boo910wy,넘 오지랖 같긴 하지만 룸투어할때 커튼으로 다 가리구 소개 하는거 어떨까요ㅠㅡㅠ 요즘 세상이 너무 위험한지라……,False,
@승체리-o6g,주말에는 유정언니 브이로그지 근데 언니 처음에 털 신발 어디꺼에요?,False,
@zzangu-w6n,와 집 구조나 시설 같은게 완전 mz식 신축이다 너무 좋아요 ㅠㅠ 엄청 잘 꾸미셨다 ❤,False,
@user-yo5pe9cm4v,앞으로 보여질 유정띠예님예님의 서울살이가 궁금해지군뇨,False,
@eunji78_,서울 자취 꿈꾸고 있는 20살임미당🥹 유정웅니 너무너무넘 멋져요😻😻,False,
@qazplmq,청주 자취집 룸투어는 안 올려주시나요오 궁금했는디••🥹,False,
@user-gogori,❤,False,
@user-xn7rs3kf2i,유정님.. 고딩 때 영상부터 꼬박꼬박 봐온 유딩입니다 예전 큐앤에이였나?? 어쩌다 영상에서 자취하실 생각 없다하셔서 놀랐었는데 이렇게 자취하는 모습까지 보게 되네요 ㅠㅠ 하루하루 성장하시고 목표 달성 하시고.. 저같은 어린 유딩이는 유정님처럼 살고 싶습니다 항상 건강!!하시고 행복!!하세여,False,
@thduswid,뉴하우스 브이로그 재미있게봤어요~❤,False,
@shohyeoniii_1024,아 ㅎ 진짜 공부항려고 했눈데 ㅜ ㅎㅎㅎㅎ,False,
@subin_0420,와 자취방 개이뻐 ❤,False,
@김정은-f2r,영앤리티프리티 미쳤네,False,
@오즈의맙소사-t8m,유정시 증말 집 잘구하셨다 최고시다,False,
@3월19일,보증금월세가궁금하다..,False,
@야호-v2f,"언니가 자취룸투어 영상을 찍는 날이 오다니… <br>뭔가 넘 감격스러워요… 😁🎉<br><a href=""https://www.youtube.com/watch?v=9W-ohngCeKc&amp;t=62"">1:02</a> 언니 곰털부츠(?) 넘 시강이에요<br><a href=""https://www.youtube.com/watch?v=9W-ohngCeKc&amp;t=71"">1:11</a> 친근해요 좋아요 레츠고<br><a href=""https://www.youtube.com/watch?v=9W-ohngCeKc&amp;t=105"">1:45</a> 신발들만 보면 여러 명이 사는 집이라 생각해도 무방.<br><a href=""https://www.youtube.com/watch?v=9W-ohngCeKc&amp;t=208"">3:28</a>  이 말투… 생일선물 개봉 영상에서도 나왔던<br>말툰데… ㄹㅇ 장꾸모먼트예요… 🥵<br><a href=""https://www.youtube.com/watch?v=9W-ohngCeKc&amp;t=237"">3:57</a> 복층까지 잔잔하게 음악 나올 거 생각하니 넘 조타요<br><a href=""https://www.youtube.com/watch?v=9W-ohngCeKc&amp;t=250"">4:10</a> 벌써 그 달력을… 언니 나 이제 스무살이야…<br><a href=""https://www.youtube.com/watch?v=9W-ohngCeKc&amp;t=314"">5:14</a> 지식인 유정 🙈<br><a href=""https://www.youtube.com/watch?v=9W-ohngCeKc&amp;t=362"">6:02</a> 붙여놓는 게 더 예쁠 거 같아요 지금처럼!<br><a href=""https://www.youtube.com/watch?v=9W-ohngCeKc&amp;t=455"">7:35</a> 옆에 창문이 디따 큰데 넓은 쇼파에 앉아서<br>티비보거나 닌텐도 하는 거… ㅠㅠㅠ 넘 조켔다<br><a href=""https://www.youtube.com/watch?v=9W-ohngCeKc&amp;t=487"">8:07</a> 숨겨진 방이 나오게 되<br><a href=""https://www.youtube.com/watch?v=9W-ohngCeKc&amp;t=548"">9:08</a> 언니… 소개까지만 혀 알찌?<br><a href=""https://www.youtube.com/watch?v=9W-ohngCeKc&amp;t=550"">9:10</a> 웅..? 언니…???????<br><a href=""https://www.youtube.com/watch?v=9W-ohngCeKc&amp;t=552"">9:12</a> ㅋㅋㅋㅋㅋㅋㅋㅋㅋㅋㅋㅋㅋㅋㅋ미치긌다…<br><a href=""https://www.youtube.com/watch?v=9W-ohngCeKc&amp;t=650"">10:50</a> 장꾸모먼트 또 나왔더ㅠㅠㅋㅋㅋㅋ<br><a href=""https://www.youtube.com/watch?v=9W-ohngCeKc&amp;t=686"">11:26</a> 근데 이렇게 정리가 안되어도 닫으면 진짜<br>깔끔해서.. 사는 집주인 입장에서는 나이스<br><a href=""https://www.youtube.com/watch?v=9W-ohngCeKc&amp;t=716"">11:56</a> 언니 다이어트도 좋은데 아무래도 자취러니까<br>귀찮아도 밥 잘 챙겨먹어야 돼요 꼭꼭 알죠??!! <br><a href=""https://www.youtube.com/watch?v=9W-ohngCeKc&amp;t=847"">14:07</a> 화장실 므야 댕깔끔해요 완전<br><a href=""https://www.youtube.com/watch?v=9W-ohngCeKc&amp;t=871"">14:31</a> 예?????? 언니 나 불러줘 체험해볼래요(?)(?)<br><a href=""https://www.youtube.com/watch?v=9W-ohngCeKc&amp;t=927"">15:27</a> 그러게 물 빠지는 구멍이 좀 작아보이긴 해요..<br><a href=""https://www.youtube.com/watch?v=9W-ohngCeKc&amp;t=978"">16:18</a> 언니 그럼 화장실에서 씻고 올라와서 화장하고<br>나가는 거예요??? 아직 한 달 살이겠지만 좀 시간이<br>흐르면 힘들겄다… 생각이 든 유딩이 1인.<br><a href=""https://www.youtube.com/watch?v=9W-ohngCeKc&amp;t=1061"">17:41</a> ???? 뜻밖에 득템함<br><a href=""https://www.youtube.com/watch?v=9W-ohngCeKc&amp;t=1097"">18:17</a> 언니 집 복층은 계단 오르내리는 게 귀찮을 수도<br>있다 빼면은 웬만한 복층집들보다 훨씬 좋은 거 같아요<br>가습기 공기청정기 에어컨 1,2층 있을 거 다 있고!<br><a href=""https://www.youtube.com/watch?v=9W-ohngCeKc&amp;t=1106"">18:26</a> 아 침대… 푹신하고 크고… 너무 조켔다……<br><a href=""https://www.youtube.com/watch?v=9W-ohngCeKc&amp;t=1187"">19:47</a> 유정님 집에서 패브릭 저거 봤던 거 같아요<br><a href=""https://www.youtube.com/watch?v=9W-ohngCeKc&amp;t=1193"">19:53</a> 공간이 까도까도 나오네… 싱기혀<br><a href=""https://www.youtube.com/watch?v=9W-ohngCeKc&amp;t=1262"">21:02</a> 자취로그 기대해도 되는 겨? 끼약🥵🥵",False,
@수수-v9h,집 너무 예뻐요♡♡♡ 혹시 거실 암막 커튼 구매처 알 수 있을까요…!!?,False,
@YUJEONG,직접 ㅠㅠㅠ 맞춘거예용!,True,@수수-v9h
@dowoona.3,엉니저도가고샆어요저도집들이초대시켜주세여제발여알럽유정,False,
@이해인-p9m,너무 야물딱지고 옹골차서 집소개 보는 맛 있어요🤍,False,
@m_n__g,복층 로망이 또 생겼다…♥️♥️,False,
@yeonny_sy,유정님 화장실에 생리대 두시면 안돼요ㅜㅜ 건조한 곳에 보관하세용,False,
@퓨우-b5r,근데 완전 꿈의 집인거 같아요…좋은ㅠ일 가득해서 잘 살길🫰🏻,False,
@jipgagosipda22,새로운 집에서  일어날 모든 일이 다 좋은 일이길 바래요!! 언니 감성에 맞게 잘 꾸민것 같아요!!,False,
@YUJEONG,❤️,True,@jipgagosipda22
@엔시티보넥도사랑해,와 미쳤다 ㅠㅠㅠㅠㅠㅠ,False,
@기모-s8s,"<a href=""https://www.youtube.com/watch?v=9W-ohngCeKc&amp;t=981"">16:21</a>  개웃김 웃길련의돈아닌거같은데 걍 웃음나옴 오늘영상왜케재밌ㅇㅓ옄ㅋㅋㅋㅋ",False,
@YUJEONG,웃길련의 돈 이라는줄 ㅋㅋㅋㅋㅋㅋㅋㅋㅋㅋㅋㅋㅋㅋㅋㅋㅋㅋㅋㅋㅋ,True,@기모-s8s
@기모-s8s,아밑ㅋㅋㅋㅋ 미텻냐곸ㅋㅋㅋㅋㅋ 개웃기네 나빼꼽빠뎌.. ㄴㅁ웃겨😭😭😭😭,True,@기모-s8s
@HYEONSEO-rm3lp,오늘도 출근.,False,
@Yeon-wt8mz,미감 미친 미녀의 룸투어… 개좋다,False,
@YUJEONG,미미정,True,@Yeon-wt8mz
@김서연-p1f,우왕 집 진짜 잘고르셧당👍👍,False,
@잘생겼다-u3x,개ㅐㅐㅐㅐㅐㅐㅐ기다렸다..,False,
@기모-s8s,"<a href=""https://www.youtube.com/watch?v=9W-ohngCeKc&amp;t=468"">7:48</a>  어머? ㅋㅋㅋㅋㅋㅋㅋㅋ😂❤❤❤ 귀여웤 이사추카드려요❤❤❤❤",False,
@박은지-w9v,누가 넘어뜨려서 늦게 왔습니다...,False,
@xkakmfcz,"<a href=""https://www.youtube.com/watch?v=9W-ohngCeKc&amp;t=492"">8:12</a> 상체만 차려입기 스킬.. ㅋㅋㅋ 귀여워유",False,
@Eouii,화장대 정보가 넘 궁금해요..!!,False,
@dbf-fq6wu,"<a href=""https://www.youtube.com/watch?v=9W-ohngCeKc&amp;t=246"">04:06</a> 달력이랑 일기장 정보가 궁금해용 !!",False,
@가은-u9f,화장실에있던 뷰티디바이스기기 나중에 소개해주세여.. 요즘 디바이스 알아보고있어용,False,
@잉잉-f8t,저거월세 장난아니겠다..집너무좋아요 완전.워너비..ㅜㅜㅠㅜㅜㅠㅠ,False,
@kcikk4807,관리비도 만만치 않을듯요..,True,@잉잉-f8t
@904chive,와 집 너무 예쁜데요....? 대박 완전 제 로망 자취방이에요 😂😂,False,
@Honnesssy,와 영앤리치프리티 카인드걸 유정릠... 출세했군뇨... 집 너무 부럽씁니다 저도 열심히살게요 유정릠 파이팅♥,False,
@YUJEONG,킵고잉🍄,True,@Honnesssy
@nidulimolara,유정님 이제 진짜 으른이다,False,
@YUJEONG,그르게요 .. 걍 불닭 몰래 먹기나 하고싶다,True,@nidulimolara
@jeno04230,오늘영상도 잘보고갑니다아!!!❤❤❤,False,
@유해정-l3e,오늘영상도잘보고가요,False,
@김찬서-t6f,왔다 내 유정,False,
@버진영,아 ㅜㅜㅜㅜ진짜 내 로망 유정님 집도 어쩜그리 잘 꾸미셨는지 ㅜㅜㅜ  자취집에서 좋은일만 있으세여🥹🥹,False,
@user-rq3mk2uq2n,언니 사랑해!!❤,False,
@문주희-z5l,와 집 진짜 이뻐요,False,
@rabbitkim4883,Good video,False,
@수현안-c5w,유정님 룸투어 잘 볼게요,False,
@아조-r6z,예전 방이랑은 다르게 뭔가 모던한 느낌도 나는 것 같아요.. 유정언니 미감 미쳤다🤍🤍,False,
@나연-w2l,최근에 유정언니를 보게 된 뉴 유딩이에요 ! 대학교는 어떻게 가시나요 ???,False,
@yeon9017,유정님영상올라오자마바로보는중너무좋아요ㅜㅜ,False,
@kangyuuu,하 진짜 유정초이 패션전공 아니랄까봐 미감 미쳤네 집 왤케 이쁘게 꾸몄어!!!!!,False,
@kangyuuu,ㅁㅊ 오프닝 얼굴 뭐임 언니 살빠졌셔? 개이뻐짐 ㅜㅠ 웅니의 서울살이 개큰응원.. 아프지말고 밥 잘 먹고 다니기!!,False,
@YUJEONG,유딩이두 밥 잘뮥오,True,@kangyuuu
@옝-l6c,폰케이스 정보 주세욤..,False,
@bnd_youth,룸투어 기대했는데!!! 숙제 때려치고 왔어요 히히,False,
@ooi2246,또 왔다 내  밥친구,False,
@Wkwkqkq,달려오는 사람들 다 넘어뜨리고 왔습니다,False,
@Gaguriiii,으아아악,True,@Wkwkqkq
@pmh292,사과해요!나한테!,True,@Wkwkqkq
@YUJEONG,아 진짜 웃기네 이 댓글,True,@Wkwkqkq
@횬쨩-x3e,넘어져서 기어왓어요,True,@Wkwkqkq
@이주영-h4d,"달려오눈 사람들을 넘어뜨리고 달려오셨네요ㅋㅋㅋㅋㅋㅋ(윤하콘서트인천,부산,대구에서곧해요",True,@Wkwkqkq
@해인-b7q,룸투어 영상!!! 언니 진짜 감각적이신 것 같아요…🫧 서울살이를 응원합니다🫶🏻,False,
@7lhhhhh,꺄 기다리고 기다리던 유정님 영상 🥹🩵,False,
@셸란,오❤❤❤,False,
@Water2bean,언니 때문에 매주 토요일이 기다려져요ㅠㅠㅠㅠ 🥰🥰🥰🥰❤❤❤❤,False,
@0zllZin,이 영상만 기다렸다는 사실..♡︎,False,
@곽두팔-l3g,지금 일어났는데 일어나자마자 유정님 영상이 딱 개행복하다…,False,
@ouo03280,우와ㅏ~ 유정언니 오랜만에 룸투어.. 좋다ㅠㅠㅠ,False,
@혜원-t3i,꺄,False,
@yeeun0805,룸투어 영상이댜‼️<br>집 잘 꾸미셨네요~☺️<br>자취 너무 부럽습니다… 독립한거 ㅠㅠ,False,
@이윤서-b2f6x,우왕!!!,False,
