author,comment,is_reply,reply_to
@realkim10,"라플 뷰잉파티 응모하기❤<br><br><a href=""https://lifeplus-tribes.onelink.me/xJHJ/fea87fyr"">https://lifeplus-tribes.onelink.me/xJHJ/fea87fyr</a>",False,
@jiyong9097,가고싶은데 미성년자라서,True,@realkim10
@nyc_doggie2,행님 돈받고 하는 광고는 고지하고 집행하세요... 왜 뒷광고하세요?,True,@realkim10
@FCmobileSINCE2020,​@@nyc_doggie2영상 시작할때 영상 왼쪽 상단에 유로광고 포함 떠요,True,@realkim10
@얼음처럼,​@@jiyong9097❤난 😮😢❤😂😂😂😅,True,@realkim10
@Alliswell-v3c,이게 뒷광고 인거야?,True,@realkim10
@jeankalcoux2519,뭐 거의 해탈수준이네,False,
@boguss1004,오타니 생각나는 인성이군,False,
@sccho529,축구하는 오오타니,False,
@TV-ts7qy,인성이 좋고 마인드도 좋고 <br>범생축구선수네<br>피지컬도 참 좋으시네,False,
@LibbierGonnin,"BJ라이브 롤,스타,배그 ㅂㅌ  롤🌶지🌶노🌶️",False,
@UnaNorsterg,스포츠 e스포츠 카지노 전문이라는 롤🌞지🌞노 언제든지 접속바람,False,
@ShannaKilroyy,딱 저녁 퇴근시간에 발매가되고있는 스타끝장전 스 폰빵 ㅋㅋㅋ 뱋하고 봅시다! 경로: 롤지노,False,
@MarrilerBernhardi,많은 스타유저들의 대회와 솔랭 롤랜드 모든것을 즐기는 명불허전 안전늘이터 롤~지~노,False,
@WanidsKlussa,괜히 이곳저곳 돌아다니지 말고 롤 좋아하면 롤✊지👉노 에서 재미좀 봐요,False,
@CordeliarGother,롤襤지襤노 땅호리 안녕수야 킴민교 등등 메이저 비제이 들의 솔랭 배 당을 달고달게 받으십시오,False,
@MargarAbelson,괜히 토토채널 배너광고 이런거에 속지마시고 그냥 마케팅 꾸준하게 잘되는 곳 쓰세요들 롤❤지❤️노,False,
@BrynaMaxwella,아아아~ 공습경보 공습경보 ~ !! 롤o지o노 주가상승 자세한것은 구글을통해 확인해용,False,
@8ballondor,약간 개조센이나 왕가 스타일의 사람이네. 유교문화나 품격 중요시하는,False,
@이준형-z8e,프로경기 다뛰면서 경제학 경영학 복수전공에서 끝났다 ㅋㅋㅋㅋㅋㅋ,False,
@nemojs87,멋있다,False,
@도른자-h3e,우사인볼트도 그렇고 진짜 성공하는 사람들은 실력도실력이지만 인성 미어터짐,False,
@삐뽀삐포,발롱도르 심사단이 이상한게 아니라<br>못알아본 내가 이상한거였네,False,
@mbb-h7k,진짜님 제가 뭉찬에서 진짜님을 제일 좋아해요 혹시 존 테리로 심층분석 가능할까요?❤,False,
@koossi3220,얘 3억7천 주급너무적다,False,
@deokbaekimm,우리 로드리 ㅠㅠ,False,
@박정수-s4k3e,형 옛날 영상보다 궁금해졌는데요 <br>축구하던 경기장 교통대 축구장 맞죠?? 제가 부곡초 출신인데 형 부곡 주민이세요????,False,
@별나-b5q,진짜는 진짜다...🤩,False,
@김주환-c8c,"야신, 카시야스, 노이어, 부폰 비교 1일차",False,
@둥둥-w4i,이거 완전 축구하는 오타니잖아...,False,
@박준범-e8e8e,호날두의 1000골은 과연 가능할까의 주제로 영상 만들어주실 수 있으실까요,False,
@nanapapa347,"<a href=""https://www.youtube.com/watch?v=_bbUErbAaP0&amp;t=190"">3:10</a>초 로드리 손은 못생겼네. 신승 공평하다. 위로 받고 간다",False,
@문성식-v5b,로드리 위인이네<br>멋지다!!!,False,
@atc29100,진짜 말 그대로 &#39;축구를 잘해서&#39; 발롱도르를 탄 거네,False,
@bbogjigg1034,"세상 만사가 정의롭기만 한 것도 아니고 인과응보 이런게 있나 싶다가도, 인성적으로 성숙하지 못한 비니시우스 제끼고 이렇게나 팀을 우선시하고 성숙한 로드리가 결국 상을 받는 걸 보면 진짜 신기하다...",False,
@ppson825,인생은 로드리처럼,False,
@alexjeong4507,진짜 시티 ㅈㄴ게 싫어한는데 로드리는 인정할수밖에 없다,False,
@기모앙-t7z,로드리나 키엘리니처럼 선수생활하면서 학업까지 놓치지않는 선수들 보면 존경스러움,False,
@문득-w5g,25프로 기부 미쳣닼ㅋㅋ,False,
@문득-w5g,부산도 뷰잉파티 해주삽,False,
@이효경-h5v,Sns 안해 공부열심히해 축구 열심히해 문신도없어 이런선수 어떻게 안좋아해…,False,
@SeokHyunChoi,어쩐지 스페인 잘하더라,False,
@Soccccerr,역대급 존재감없는 발롱도르,False,
@Kacung032,형 명품분석으로 갑자기 리버풀 성적이 좋아진 이유도 알려줘요,False,
@idbsjz,스트레스가 싫어서 지는법을 잊었나?,False,
@jjnipark3407,로드리 유니폼 주문하러 갑니다!,False,
@AgathaBonnie-h3f,ㄱ글 에서 벳프리 이 ㅓㅇ도로 유명했음?  내 듣보잡인줄 알았는데 ㄷㄷㅋ,False,
@lim2719,"ㅋㅋㅋㅋㅋㅋㅋㅋㅋ <a href=""https://www.youtube.com/watch?v=_bbUErbAaP0&amp;t=410"">6:50</a>",False,
@jh-nl8yf,ha ha what is love ㅋㅋㅋㅋ,False,
@용팽이-h6i,뭉찬 분석해주세요❤,False,
@파더케인,여기서 로드리를 &#39;오타니&#39;로 &#39;페이커&#39;로 바꾸면 비슷할 듯. 쓰잘데기 없는 거 노관심 본업만 생각... 탑티어들은 진짜 다르다,False,
@psj07133,경기장에선 망나니였다가 밖에선 피해자인척 하고 발롱도르 받을 줄 알고 설레발 오지게 치다가 못받을것 같으니까 구단 단체로 빠지게 만든 어떤 놈이랑은 비교자체가 안되네ㅋㅋㅋ 로드리는 축구가 아니더라도 어떤 거로든 성공했을듯,False,
@B713-j3s,인혜는 관심 가질 머리가,False,
@홍길동-c6f4h,이 영상을 보고나니까 인간 로드리 그 자체까지 좋아져버렸다,False,
@정훈-p8d6h,자존감이 정말 높은 사람이구나,False,
@AndrewButusov,/롤/카/롤/카/ 놀이공원 보다 더 짜릿짜릿 19금 보다,False,
@PelagiaAlexandrova,"케리아 2년 재계약 확정, 티원 전원재계약 와우 롤카롤카",False,
@LukeMaslov,롤카롤카는 롤 vs 카지노 ㅎㅎ 여러분들의 선택에 맡기겠습니다.,False,
@SamiraIlyina,만약에 이스포츠가 질렸다면 카쥐노로 전향해도 무방합니다 롤카롤카,False,
@TormentedKudryashova,하루도 빠짐없이 들어와서 눈팅중인데 오늘은 달려볼거임 롤카롤카,False,
@ConstantineKomarov,아무리 내가 여러번 떠들어도 한번 들어와서 눈으로 보면 또 다른 느낌으로 다가온다.-롤카롤카-,False,
@MitrofanYevseyev,미리 사전에 정보수집을 안해도 실전에서 배우면 된다 롤카롤카,False,
@SamiraSelezneva,각기다른 스트리머들이 올라온다고 ?  멸망존 스케줄표 다 나와있습니다. =롤카롤카=,False,
@ОлесьВоробьёв,이스포츠에 관해서는 우리나라가 최고의 실력 롤카롤카 ㅋㅋㅋㅋㅋ,False,
@GoreBykov,LOL 관한 모든 정보 및 분석 픽은? 롤카롤카 ㅎㅎㅎㅎ,False,
@SimonGolubev,롤카롤카 어쩔줄몰라하면 침착하게 들어가보자 그것부터배워라,False,
@ИсмаилБалашов,남녀노소 어렵지 않은 이스포츠 대명사 롤카롤카,False,
@LawrenceAbramov,롤카롤카 찌라시가 돌던데.. 여윽시 금방 나올줄 알았다 ㅋㅋㅋㅋㅋ,False,
@MaratBalashov,내가 장담하는데 롤카롤카 분명 흐름타서 페이모스해진다,False,
@OlympicsYevdokimova,하나부터 열까지 다 가르쳐주는 배튕학원 롤카롤카,False,
@МаликГригорьев,롤카롤카 나오기까지 3년을 기다렸다 드디어 두두등장,False,
@NainaKazakova,모든 게임의 정보는 어디서확인하라고? 롤카롤카,False,
@OlesEvdokimov,나는 롤카롤카에서 페이커를 처음 알게되었다,False,
@ГерманДеми́довы,롤카롤카 엄청 도배되어 있네 뭐지.. 한번들어가봐야겠다,False,
@IskanderIzmailov,곧 시즌이 돌아오는데 가만히 계실건가요 ? 롤카롤카,False,
@RoseKharlamova,롤카롤카 들어와봐요 ㅋㅋㅋ 이런곳도 있네 ㅋㅋㅋ,False,
@leokim_1067,로드리 발롱 수상 당시<br>레알 마드리드 구단의 대응 및 비니시우스의 피해자적 마인드는 진짜 별로였습니다…..😅,False,
@박경민-m1j,그리고 덕배가 시티 선수들 전부한테 다 아이폰을 선물했다는데 그거 여친주고 계속 갤럭시 쓰는것도 :),False,
@워뇽-v2b,로드리가 받은게 얼마나다행인지,False,
@Tablet-u7b,김진짜님 혹시 이영표님 닮았단 소리 안들어봤어요? 오늘 영상 보는데 이영표랑 많이 닮아보여서요,False,
@jmy0524,겸손이 많은걸 얻게 해주지는 않지만 힘들게 얻은걸 잃지 않게 지켜주는 힘이 있죠. 미덕이 아니라 겸손은 어찌보면 생존스킬인지도 몰라요.😅😅😅,False,
@워뇽-v2b,좋은말이네요,True,@jmy0524
@JGruT,진짜 사랑해~ 컨텐츠 개 좋다,False,
@빡겜하는망고,와~~~대박 이런 축구선수가 잇다니<br>아니 요즘 이런생각을 가지는 청년이 잇다는게 ㅠㅠ너무 멋찌네요,False,
@jhk8953,로드리 깔거는 지브롤터 관련 발언과<br>At이적당시 좀 찜찜하게 이적한거 이거빼곤 깔꺼하나도없는게 대단한듯,False,
@tteoksangdream,와..그냥 근본 그 잡채네요…❤,False,
@마1등,엥 로드리 개쩌네,False,
@한량-i8b,ㅈㄱㅅ은 팬들이 대가리부터 짜르라고 그만큼 말하는데 아직도 동네 거치처럼 다니더라 ㅋㅋㅋ,False,
@야호이-v8y,와 로드리 개멋있다,False,
@redjakal_2,유로때 야말 숙제 도와줬다는 이야기가 있쥬 ㅋㅋㅋㅋ야말이 로드리 찾아가서 숙제 물어봤다고 ㅋㅋ,False,
@iporeews,축구에 미친자는 성공시기가 언제냐 일뿐...,False,
@arizona16485,바란 같네,False,
@bossking-8563,매우 멋잇다 로드리,False,
@ngtb2440,와...  광고 스므스하게 넘어가느거봐...  로드리 패스급이네,False,
@user-iv6ry9kn3h,공부에 푹 빠져있다면서 성경책을 보여주네. 김찐짜 멋져~,False,
@once971,"사람 대 사람의 인연이라는 게 정말 중요한 듯 <br>부모님 중 한 분이라도 욕심을 부리셨다면, 대학에서 만난 친구들이 로드리를 질투하고 시기했다면, 여자친구가 허영심이 많았다면, 그의 에이전트가 멘토가 아닌 돈놀이하는 사람이었다면 로드리도 이 정도로 성공하진 못했을 거 같음",False,
@Dkdjwjwd,진짜 사람 자체가 깨끗함,False,
@쿰첰쿰첰,이니에스타 머리는 좀 ㅋㅋㅋㅋㅋㅋㅋ,False,
@스타더스트-j9z,와 25%기부 👍 최소 200억은 넘을듯😮😮😮 로드리 호였는데 이거보고 극호되었습니다~~~~^^,False,
@cristianojoatnaldo,로드리나 키미히같은 애들이 ㅈㄴ멋있음 배바지에,False,
@diakonia2,좋은 내용 감사합니다,False,
@이름-k4z3k,공부는 재능이다?그렇게 말하는애가 <br> 왜 서울대 체교과 밖에 못감?,False,
@Pokerface-px5ez,하긴 비니시우스같은 애가 발롱타면 상의 급이 훅 떨어지긴 함.인성의 기본은 최소한 갖춰진 사람이 타는게 맞지.그리고 팀에서 비니시우스 없는거랑 로드리 없는건 비중의 차이가 큼,False,
@이현구-z4g,감독해도 잘할듯 로드리,False,
@리타트램블린,이렇게 멋있는 선수니까 발롱을 타지!!,False,
@cucuculee,로드리팬되기로했다...,False,
@user-yo4om3ol6b,엄친아 범생 그자체임,False,
@tongfeel8257,근본 그 자체,False,
@dohpark2711,원숭시우스랑 비교되는 발롱위너의 품격이네요,False,
@행님똘망이,이런 선수가 지브롤터는 왜?,False,
@임쭌형,"진짜 축구를 떠나서 사람 자체가 정말 멋있다 보고 배울게 정말 많은 선수인듯,, 그러니 좋은 사람들이 로드리 곁에 있을 수 밖에 없을듯 저렇게 살고 싶다,,!",False,
@겜여행,이니에스타 머리 스타일은...,False,
@JP-jd7nw,존나 멋있네 오타니급,False,
@E수善,"보살, 로드리❤",False,
@listentothemusic174,오늘부터 팬이다,False,
@mino_Choi,수입의 25%를 기부해왔구나<br>로드리도 로드리부모님도 대단하시네요,False,
@완-v2e,인간로드리가 아니라 goat 로드리를 알려주셨네요,False,
@dlddld0,로드리 사람자체가 발롱도르감이네,False,
@시민-y6z,뭉찬에서 파울자제요,False,
@95gk12,또하나의 교수님ㄷㄷ,False,
@JS-ni2ex,"<a href=""https://www.youtube.com/watch?v=_bbUErbAaP0&amp;t=420"">7:00</a> 이 분은 사람이 아니라 신 이라서 가능",False,
@하하히히호호-o9h,이 사람 뭐야... 까면 깔수록 완벽하기만 한 사람이네😎,False,
@VAR판독기,역시 스페인 차승원,False,
@seulgilee483,지방러라 응모를 못하겠네 뉴뉴,False,
@DBC1004,오타니랑 겹치는 부분이 많구나. 많은걸 배워감.,False,
@Pridedevil,야구에는 오타니 축구에는 로드리구나,False,
@BBCcccca,퍼기옹이 정말 좋아했을 선수같음,False,
@gubemefy,축구 선수로서보다 그것마저 포함된 인간 로드리로서의 &#39;삶&#39; 을 살아가고 있네요,False,
@hyungryulcho3484,2023년 4월에 맨체스터에 챔스 보러 갔는데 8강 뮌헨전에 로드리가 중거리 골 넣은 날 다음 날 맨체스터 거리 걸어가다가 우연히 로드리와 여자친구와 손잡고 걸어가고 있는 걸 눈 앞에서 마주침. 사진 한장 같이 찍자고 하니 차갑게 “No” 외마디 하고 그냥 감. 그 때 알았다. 이 넘은 그냥 퍼포먼스와 여자친구 둘 밖에 모르고 팬서비스나 대외활동은 안중에도 없는 놈이란걸…,False,
@ungaim131,와... 25%???? <br>이거 하나만으로 존경받아 마땅하다,False,
@lcmpark,"<a href=""https://www.youtube.com/watch?v=_bbUErbAaP0&amp;t=323"">5:23</a> SONNY",False,
@lcmpark,"네이마르, 음바페는 로드리에게 배우라!",False,
@1423이현비,"안녕하세요, 저는 중학교 1학년 학생입니다. 먼저 로드리한테 감탄하였습니다. 자신보다 팀을 먼저 생각하는 선수라니, 정말 멋지다고 생각했습니다. 다른 선수와 다른 점이 무조건 맞는 것은 아니지만 로드리 선수께서 하시는 일은 대부분 맞는 일을 하시는 것 같아서 정말 존경이 됩니다. 그리고 김진짜님, 이렇게 좋은 콘텐츠를 저희에게 제공하여 주셔서 감사드립니다. 자신이 좋아하고 깊이, 자세히 알고 있는 정보를 영상으로 만드는 게 어렵지만 이렇게 좋은 퀄리티로 만들어 주셔서 감사드립니다. 앞으로도 멋진 콘텐츠 만들어주시기를 응원하겠습니다. 화이팅!",False,
@Roud_Vannistelrooy,오늘부터 로드리 팬이다,False,
@kkpokl,로드리 잘 보면 결이 페이커랑 많이 비슷한듯,False,
@메가커피빨대도둑,다들 로드리 이야기만 해서 눈치 없지만 수아레스 선수 분석 해주시면 안될까요?,False,
@user-hh8240,김진짜 짱이야,False,
@Azri1030,난 이런 사람이 좋음. 선수가 아닌 그냥 내 아이가 축구를 보는데 이런 선수를 보면서 컸으면 좋겠다. 같은 팀 선수 골을 가로챈다거나 부진한 팀 공격수가 있어도 본인이 골 독식한다거나 툭하면 화내거나 이기주의를 승부욕으로 포장하는 그런 선수보단 팀을 위해 뛰는 선수,False,
@thk5861,SNS 안하는거는 알고 있어서 뭔가 다른 선수들과 다르다고 생각했는데 역시 마인드부터 달랐네. 로드리가 꼭 맞는 인생이라고 볼 수는 없지만 한 번 참고할 수 있는 예시라고 봄. 야구 오타니도 마찬가지고.,False,
@SoohwanJeon-p9f,그 인성개빻은 흑인이랑은 전혀다르네 캬,False,
@Mvpq2235,솔직히 축구는 머리로 하는거랑 빡대가리 들은 축구 못함 ㅇㅇ,False,
@김인달-d3j,낭만 죽이네,False,
@souw69265shwj,돈 벌자마자 슈퍼카부터 수집한 누구랑 겁나 비교됨ㅋ,False,
@meonggaeman,그냥 스페인 오타니네,False,
@김민서-p2z,레알팬이지만 로드리가 발롱도르 받아서 너무 다행이라고 생각합니다😊,False,
@raydayss3201,근데 왜 경기시작 3분만에 상대 목을 조르죠?,False,
@hb6g,저런사람이 진짜 내면이 탄탄하고 자기실현을 실천한 사람임. 자기 주관이 뚜렷하고 줏대가 서있어서 쉽게 흔들리지 않는 사람. SNS에 쩔어있는 비슷한 세대들과 확실히 비교되는 내면이 단단한 사람.,False,
@rubylover66,인간이 근본 그 자체네,False,
@oooryu5386,훌륭한 사람이었네요 :),False,
@FUCKING_MA_LIFE,기부도 안하고 인성도 안좋고 쌈닭에게는 발롱은 안어울리지 ㅇㅇ,False,
@러비-v9j,이런 사람냄새나는 선수 이야기 넘 좋아용💗 김진짜 화이팅,False,
@Nowell_youtube,솔직히 발롱 로드리 보단 비니시우스가 받아야 함ㅋㅋ 어디서 비니시우스한테 깝쳐 ㅉ,False,
@신도림김덕배,"<a href=""https://www.youtube.com/watch?v=_bbUErbAaP0&amp;t=397"">6:37</a> 자신도 헤어스타일을 고수함으로써 제자를 따르게 하는 최고의 튜터 ㅠㅠ",False,
@성이름-m3h5b,진짜 대단하다,False,
@유승민-l2z,"<a href=""https://www.youtube.com/watch?v=_bbUErbAaP0&amp;t=408"">6:48</a> 이니에스타는 애초에 머리가 없잖아 ㅋㅋㅋㅋ",False,
@한도경-n2i,"진정한 맨전드임. 불륜,성폭행,약물,음주운전,정치질,인종차별,아동폭행,노쇼 하는 같은동네 누구네 레전드와 차원이 다름",False,
@tuntilthend,"시티팬카페에 사진과 함께 올라온 내용인데, 시티 한국팬이 초저가 라이언에어 이코노미석 로드리랑 같이 탔음. 탑승 대기자 중에 로드리같아서 너 로드리지?했음. 사진 같이 찍자고 하니까 로드리가 탑승 시작하고 사림 빠지면 찍자고 해서 기다렸고, 로드리가<br>먼저 와서 사진 같이 찍음. 증거 사진 올렷음 ㅋㅋ 맨체스터에서도 로드리 그냥 버스타고 다녀서 팬들이 너 왜 버스타고 다니냐고 물었고, 로드리가 자긴 그냥 평범한 사람이라고 말하는 영상도 있음.",False,
@good-i6d8r,로드리 락커룸에서 책읽고 sns아예 안하고 갤럭시 쓰고 ㅋㅋ 이어폰도 버즈 ㅋㅋㅋ 심지어 20유로짜리 라이언에어 항공사ㅎㅎㅎ 진짜 싼맛에 타는 항공사 이용함 팬이랑 사진찍은거 있던데 사람자체가 멋있는 사람임,False,
@hc6566,예수가 축구선수로 환생했네 ㄷㄷ 아멘,False,
@JSPARK-jz6wo,4/1 기부에서 끝,False,
@맘엄,뭉차<br>선수들은 어떤 선수들과 비슷한지 분석 영상도 재밌을듯✨,False,
@jaeinday,축구계의 오타니인데??? ㅋㅋㅋ,False,
@곱버스도국장0I다,로드리는 야누자O의 근본론에 부합되는 훌륭한 선수네요,False,
@이동현-i4l5i,김진짜 머리스타일 봐라 딱 봐도 진국이야 이형,False,
@천둥신-z4b,로드리 정말 넘버원이구나,False,
@mooga6,정말 인생 자체가 근본이네..bb,False,
@김영민-i8o2i,"<a href=""https://www.youtube.com/watch?v=_bbUErbAaP0&amp;t=409"">6:49</a> 머리가 있어야 관심을 갖지….",False,
@사랑의두더지,축구계의 오타니네...,False,
@young-jy7xn,와 실재한다고 믿기 힘든 요즘 사람이네요,False,
@민이별이,"<a href=""https://www.youtube.com/watch?v=_bbUErbAaP0&amp;t=25"">0:25</a>",False,
@Minseunghealthyrichhappylongli,"I want to be like him 😊<br>Go to college and play for a pro football club <br>My dream❤!!<br>I&#39;ll work hard ,patience,and be declining .<br>So please God help me <br>Amen",False,
@신두형-r9y,로드리 클럽이 맨시티인거 빼고 다 멋있긴함,False,
@tv-cs4yr,부모님이 한국인이신가요?,False,
@박해민-l7f,개 멋있네 진짜 ㅋㅋ,False,
@ironguitarman616,"선수 생활 하면서도 평소에도 &#39;평범하고 싶어요&#39; 라고 말했던 박지성 선수의 말과 일치하네요... 박지성 선수도 그렇고 로드리도 그렇고 뭘 해도 성공할 사람이었던 것 같습니다. 박지성 선수도 축구 이외에 집에 쉴 때는 SNS는 절대 하지 않고 항상 독서를 많이 했다고 하네요. 은퇴하고 나서도 축구 행정에 대한 공부를 쭉 이어 나가는 것 보면 로드리의 인생 철학과 많이 비슷한 부분이 있지 않나 싶습니다. 평범하고 싶은 자신이 일반 사람과 다를 게 없다는 겸손한 마인드에 거기다가 자신이 속한 팀에서 자신의 이익을 내세우기 보다는 먼저 팀원들과 팀 그 자체를 먼저 생각하는 충성심.. 축구 뿐만 아니라 우리 모두가 살아가는 인생에도 적용되는 마인드 아닌가 싶습니다. 로드리, 박지성 모두 존경합니다^^",False,
@ryangosling-o8w,"처음으로 영상을 끝까지 다 봤습니다 ㄷㄷ... 그만큼 조리있게 설명도 잘해주시고 내용도 너무 좋고, 로드리란 사람도 더 호감가게 되네요. 중간에 앱 홍보도 물흐르듯 기막히네요.",False,
@9oo9oo9oo,야구에 오타니가 있다면<br>축구엔 로드리가 있었구나,False,
@njf164,수비형 미드필더로 발롱도르받는것이 괜히받는게 아니네요 존경스럽습니다,False,
@굥정은한거늬,김찐짜가 찐짜네,False,
@njf164,레알의 브라질그녀석과는 사뭇다르네요!,False,
@kimminister87,지금봐도 받아야 마땅한 인성,False,
@일반인-e1i,퍼거슨 맨유감독직에 아직 있다면 로드리 무조건 영입1순위다,False,
@정상훈-d9d,김가짜 관상...,False,
@user-air-j1c,가정교육이 그 자식과는 다르네,False,
@0ortCloud,비닐은 로드리 발톱때만이라도 좀 닮아봐라,False,
@Kim-l5f4e,비니시우스 영상 부탁해요,False,
@hujunkal,와....사람인가싶을정도로 멋지다... 배워야지...오늘부터 로드리 광팬 하렵니다,False,
@erickim1603,저런 멘탈이라면 복귀도 문제 없겠네,False,
@법원실무관,축알못인데 로드리는 멀 잘하는거임?<br>일단 영상은 지리긴하네,False,
@JJoony_,존나 멋있네 마인드가,False,
@takeoff143,진짜 한 분야에서 정점을 찍은 사람들이 어떻게 살았는지 보면 그 분야 아니더라도 어떻게든 잘 살았겠구나 싶은 게 있음..<br><br>그냥 기본장착된 마인드부터 보법이 다른 느낌,False,
@이병준-r7q,인간성과 경기플레이 스타일은 밀접한 관련이 있어 보입니다~~^^ 손흥민 로드리 ᆢ매디슨 케인을 보면 자기중심적이니 팀에는 관심이 그다지 ᆢ영국 리더들이 좀 더 다른 인간성들을 가졌더라면 빈부격차가 그리 크지 않았을텐데 굶는 아이들이 있는 나라가 무슨 선진국 ᆢ,False,
@이키-f9l,덕분에 좋은 선수 하나 알아갑니다<br>감사합니다,False,
@Miles-io8rr,허영심이 많다는건 대가리에 든게 없다는 것과 동의어다,False,
@데니스-h6y,네이마르나 음바페가 보고 배워야 하는데,False,
@고동경,와 로드리... 자세히는 몰랐었는데 축구를 떠나 인간으로서 멋진 사람이네요.,False,
@용산경찰서,메시는 뭘해도 상관없지 축신이니까<br>로드리는 인성이 신이네,False,
@gabriel22michael33,돈은 실력만 좋으면 알아서 따라오니까,False,
@tripwrld__p,파머야 이렇게 해야 진짜로 너드남이다,False,
@user-huguadung,로드리 겁나 빠네 지브롤터 옹호발언해서 징계먹고 꼬마 둿통수 치고 선수 목조르고 퇴장당하고 그리고 당장 이번에 비니시우스 조롱까지 했는데 이거를 빠네,False,
@류동현류동현,레퀴 손뽕 ^ㅂㄷㅂㄷ^,True,@user-huguadung
@staywithme-c8l,비니시우스와 비교 많이 차이 나네,False,
@hankilkim8447,로드리와 오타가 비슷한 인간 향이 나내요.,False,
@동하-s3w,이니에스타나 사비나 발롱도르 받을 수 있지만 그때 시대에는 메시랑 날두가 있어서 못 받았는데 요즘에는 메시랑 날두 급 선수가 없어서 로드리가 받을 수 있었다고 생각함,False,
@S2-rd1cx,슈퍼카 매니아<br>고유 세러머니 집착<br>헤어스타일 관심많음<br>Sns 매니아 <br>부모님이 큰 팀이적 원함<br><br>이거 로드리 대척점이 완전 손흥민이네,False,
@joshualee1392,포르투키로 번여괘서 비니시우수에게 보내주고싶다,False,
@_Chunsik2_,로드리 발롱도르 받을만한했어,False,
@딸기토마토s,왤케멋잇야,False,
@luckytobecoming,평범하고 겸손하고 성실한 사람이 좋다<br>로드리짱,False,
@cookitect.official,크으..... 지렸....,False,
@EHD-17,인간이 근본 그자체네..,False,
@neojunsa,"축구선수이기전에 정말 인간이 됐네 <a href=""UCkszU2WH9gy1mb0dV-11UJg/finger-red-number-one""></a>",False,
@user-bqiehdhu2831j,바로 피온 로드리 샀다,False,
@차현승-x7q,가장 좋아하는 선수의 팬으로서 영상제작 진짜 감사합니다. 진짜 형,False,
@고든이고든요,로드리... 스페인의 유느님이신가요,False,
@ChangWookS2,"진심 결이 비슷해서 놀랐네.. 내 나이 서른둘 SNS안하고 유튜브 또한 SNS라면 당연히 할 말은 없지만 SNS 안하는것도 그것이 정말 실로 다 부질 없다고 느끼기 때문이였는데, 제발 나라는새끼가 항상 겸손하고싶고 일하면서도 제발 주목받기싫고 그냥 묵묵하게 남모르게 희생하는 일을 스스럼 없이 해왔는데 신기하네 나랑 비슷한 사람도 있구나 하는 느낌 물론 당신과 내가 비록 돈 차이는 미치도록 다르겠지만 뭐 어차피 난 내 삶에 욕심안내고 만족하니까.. 그거면 됐지 뭐 약간 손해봐도 괜찮어 내가 아예 호구처럼 손해본건 아니니까.. 약간 손해보고 그들이 조금은 행복했으면 됐지 그런식으로 살아가는 내 삶의 태도가 다르다는 느낌보단 나름 내 삶이 틀리지는 않았구나 싶다 그래도 이렇게 대단한 사람과 성격이 비슷해서 나름 행복하고 감사하네 내 신념대로 주관대로 사는게 역시 맞나 싶다 그것을 후회 하고 성취하는것은 오로지 본인 몫이니까..",False,
@hotdaysea,나도 19살 때 sns 왜 하는 거지 생각 들어서 바로 다 삭제함,True,@ChangWookS2
@daramkyu,ㅋㅋ 검은봉지가 이길 수가 없었네 ㅋㅋ,False,
@markhunt0511,배바지  sns안함 기부 갤럭시까지 ㅋㅋ 엌,False,
@JeanPierre70ju,로드리 정신세계 멋있음,False,
@장준수-q1w,"<a href=""https://www.youtube.com/watch?v=_bbUErbAaP0&amp;t=397"">6:37</a> 이제는 수비형 미드필더가아니셔서 밀고다니시는건감...<br><br><br><br><br><br><br><br><br>독님 제발 저희 시티 종신해주세요 ㅠㅜ",False,
@stardavinci,와우😃,False,
@s.w.francischang3996,인간으로 멋있다,False,
@김송-n8p,로드리... 이제 보니 나의 롤모델이네,False,
@seniorpjy,축구계의 오타니..ㄷㄷ,False,
@zyxabc7578,좋게 말해서 스포츠스타지 사실 허세 문신 양아치 깡패가 모인 집단이 선수단인데 그 안에서 제대로 군계일학이다. 재미없고 특징없는 선수라고 생각했는데 다시봤다.,False,
@ramoss4,"<a href=""https://www.youtube.com/watch?v=_bbUErbAaP0&amp;t=409"">6:49</a> 이니에스타는 관심가질수가 없잖아요….사과하십쇼",False,
@파이어뱃-q9h,난 공부=스트레스 ㅎ<br>로드리 근본이 다르네,False,
@익명-d2y3b,인간 자체가 멋있는 사람이네. 너무 멋있는데 이래도 되나,False,
@mnmno-c1d,이야기듣다보니 오타니 가 생각나네?.....,False,
@세형-u1r,축구선수가 이정도로 완벽해도 되는건가.. 너무 멋있네,False,
@skywalker5262,"로드리, 오타니 공통점이 많네요.<br>배바지때부터 뭔가 이런 인성일줄 알았는데 이 영상으로 많은 것을 알게 되었습니다.<br>뷰팅파티때 만나요. 제발~",False,
@Si_r_a,로드리 주급보고 적다 생각했는데 설명보니까 구단에서 올려준데도 거절한거같다ㅋㅋㅋ,False,
@Diol-24,유로우승 후<br>주급 두배(팀최고수준)재계약 예정이었는데 부상으로 시즌아웃 되버렸죠,True,@Si_r_a
@susi33587,와이프? 넘 닮앗다.. <br>눈 풀린 각도가 존뜩..ㅎ <br>로드리❤,False,
@JJuniesta,"대단하고 존경스럽다 진짜.. 주변환경, 사람이 정말 중요한걸 다시금 깨닫고, 나와 제주변에 충실하고 통찰력 깊은 로드리 선수,, 멋있네요",False,
@l9금-비됴-저장소g-c6c,⇪🚭,True,@JJuniesta
@user-djsoaqo,좋아하는 팀에 덕배 로드리가 있는게 ㄹㅇ  어깨 올라감,False,
@KnoVic0617,아니 이니에스타는 그... 저...,False,
@배은찬-z7e,진짜 멋있는 사람이다,False,
@Koz_zico,메시 호날두는 다 해당되는데도 꾸준히 잘함.. 특히 메시는..진짜 신계임 로드리랑 메시 한반두를 비교하는건 말이안됨;,False,
@heavyzayunCamp,보면서 걱정되는게 양민혁이 토트넘 간거  에이전트의 욕심인지....양민혁 한테는 안좋은 결과가 나올 확율이 크다.. 그런대도 김병지 좋다고... 참...,False,
@인슌,축구선수들의 sns에 의한 사건사고들 다뤄주세요 ㅠㅠ 재밌을듯함,False,
@youngjinkim6163,진짜 자존감도 발롱도르 수상급이네요..,False,
@chchmm,또또 옛날 논란은 싹다 빼고 지 입맛대로 영상올리네ㅋㅋㅋ<br>제발 형님 형님 5만명일때부터 안사람으로써 남자가 가오없게 거짓부렁은 하지맙시다<br>나중에 자식한테 안쪽팔릴 자신있어요?,False,
@MathXS,깊은 생각을 하게 됩니다. 어떻게 하면 더 잘할 수 있을까를 고민하기.,False,
@FantasyStory-b3v,오타니같은 선수가 축구에도 있었네,False,
@cosmicguy2,평범해지기 ㅈㄴ힘드네...,False,
@MG-nl5je,로드리는 은퇴하고 나면 자서전이 아니라 위인전 하나 나와야 할 거 같다.,False,
@reloadedw6030,체력 좀 키우셔..어벤 볼때마다 안습..,False,
@서윤석-u6p,"와 실력, 인성 다 갖춘 근본 그 자체인 선수였네 ㄷㄷ",False,
@songdo.realtylab,로드리 SNS 얘기하다가 갑자기 ㅋㅋㅋ,False,
@전병호-e9n,와…생활 철저하다 소문난 손흥민 보다 더 대단하네…생활이 도덕책이네…,False,
@띵떵커플TV,개매너 반칙 모음집에 등장하는데,False,
@동그리-i8j,로드리는 인성도 발롱도르,False,
@sks_kys0421,좋은 영상 감사합니다..! 인생에서 무엇이 중요한가를 깊게 고민해보는 시간이였던것 같아요. <br>오늘부터 롤모델은 로드리다..!,False,
@k9md5iegnz87hke,이하영 보러  ㄱ ㅏ즈 ㅇ ㅏ,False,
@vhehddl5,진짜형 드디어 광고 들어오는구나 ㅠㅠ 성공했다 우리형,False,
@김도윤-w1j9b,😍,False,
@myung3368,인스타충 치고 제대로된 사람 못봤음,False,
@ByunJH321,그냥 사람 자체가 ㅈㄴ 멋있네,False,
@Toonchelin,"<a href=""https://www.youtube.com/watch?v=_bbUErbAaP0&amp;t=769"">12:49</a> 이건 몰랐는데, 이 정도면 로드리 위인이네",False,
@NewDevJasonHwang,와 로드리의 인간성을 보고나니 로드리에게 더욱 빠져들고 팬이 될것 같네요 원래부터 로드리의 플레이를 너무 좋아하기는 했지만 진짜 존경할만한 사람이다.,False,
@Uhdshfjf,역시 로드리 믿고 있었다고 그 다른 코코볼과는 다른 인성 크~~,False,
@하하리후,헤어스타일 일리가 있네 치장 좋아하는 선수들의 몰락,False,
@김성근-r1s,와 진짜 대단하다 인간으로 이치로 이후 첨으로 대단하다 느껴지네,False,
@Tatty77hjjd,호드리 ㄷㄷ,False,
@sungillchoi9344,아니 이렇게 까지 빛이 난다고?,False,
@여찌이야기,강인이가 이영상을 봤으면.....,False,
@im.hypeboi,축구선수인데 인생을 수행하면서 사는 사람같다 <br>진짜 본받아야한다,False,
@kjchoi5174,"아,, 타팀이라 관심없었는데 진짜 멋진 사람이었구나",False,
@sminn7,인간 자체가 존경스럽다....,False,
@갓필드-e2l,그러고 보니 잘하는 수미 중에 헤어스탈 화려한 선수가 거의 없네. 굳이 찾으면 수미 보던 굴리트 정도?,False,
@-hammer,"주변에서 가끔 보이는 타입인데 신기할 정도로 욕망과 타락이 없고 올곧은 방향으로 가는, 저게 가능한가? 저렇게 FM 교과서, 이상향 대로만 살면 재미없지 않나? 싶은 사람들.. <br>그치만 결국 존나 쩌는 사람들임.<br>비유하자면 페이커 같은 사람들",False,
@Orange100g,사람 자체가 멋지네 .,False,
@멋진인생-x1j,로드리 존나 멋있네<br>이러니 축구팬들이 뻑이가지,False,
@필연필연,뭔가 야구쪽에 오타니랑 비슷하네요,False,
@아메리카노그란데,로드리가 받을만했네😂,False,
@ssslee8919,이니에스타 보고 헤어스타일 관심없다고 하면 너무 잔인하잖아...😅😅,False,
@잡동사니추종자,로드리 상황은  자기 자신 인성도 있겠지만 스스로의 능력에 대한 확신이 있었기때문에 가능하지 않나 생각 되네요,False,
@Huijhfrddbn,"근데 이게 그렇게까지 빨릴 일임? 축구는 일주일에 한번 끽해야 1시간 반 뛰잖아; 그 마저도 주전 못 뛰면 더 조금 뛰고, 유명인이라고 올려치기 개빨아주는거 그만해야됨. 평범한 사람들도 열심히 살아가는 사람들 많은데 그런건 묻히고, 올려치기 쳐빨아주기만 겁나 늘어서 가치가 부풀다 못해 터질것 같애. 적당히하자. 막말로 노가다 뛰면서 공부하는 사람들도 많음. 노가다 하루에 1시간 반하는데 있냐?",False,
@잡동사니추종자,경기전에 노력은 생각안함?,True,@Huijhfrddbn
@김덕배-f6h,넌 진짜 열심히 살아야겠다,True,@Huijhfrddbn
@Huijhfrddbn,"@@잡동사니추종자 그러니까 경기전에 하루 온종일 훈련하냐고 니가 훈련 세션 한번 검색이라도 좀 해봐. 운동선수는 먹는거 관리가 중요하고, 멘탈 케어가 중요하지 무리해서 훈련도 안해. 노가다 뛰는 사람보다 공부할시간 차고넘침. 그런데다가 학비도 충분히 혼자 충당가능하고, 주급 생각하면.",True,@Huijhfrddbn
@Huijhfrddbn,@@김덕배-f6h 너도 니 일이나 신경쓰면서 열심히 살어라. ^^,True,@Huijhfrddbn
@드래곤볼다이마,GOAT,False,
@귀차니스트-z3r,정말 훌륭한 선수네요...  앞으로 응원할게요...,False,
@geonupark-r1w,"<a href=""https://www.youtube.com/watch?v=_bbUErbAaP0&amp;t=409"">6:49</a> 이니에스타랑 펩은 관심을 가지는게 이상해.....",False,
@asrai-.-,포그바 발로텔맄ㅋㅋㅋㅋ대가리만 봐도 꼴통이얔ㅋㅋㅋ,False,
@solitude9362,이거 보면 오히려 비니시우스가 발롱도르 뽑혔으면 논란이 많을 듯,False,
@Onfan-Grand-I9금채널,<b>로드리는 배바지 하나로 이미 근본 증명했다ㅋㅋㅋ 클라스가 다르네.</b>,False,
@jashveersingh8516,"헐, 댓글 프로필 들어가서 숨겨진 보물 찾았음ㅋ",True,@Onfan-Grand-I9금채널
@amirsaifi184,남들 다 클릭해서 알아가는데 나만 멍하니 있을 수 없지.,True,@Onfan-Grand-I9금채널
@TMBGEMAR,이거 댓글 프사 눌러서 채널 들어가봤더니 대단한 좌표 나왔음ㅋㅋ,True,@Onfan-Grand-I9금채널
@shivu-ff4ot,"와, 요거 댓글 프사 눌렀더요거 레전드임ㅋ",True,@Onfan-Grand-I9금채널
@rajendrapatil6327,"프사 한 번만 터치해봐, 이건 놓치기엔 너무 대단한 내용이야.",True,@Onfan-Grand-I9금채널
@점보점보-k3m,로드리같은 축구선수가 더 많아졌으면 좋겠다,False,
@Gurumi99,견자단  언제 축구상도 받았노,False,
@247thing,이거 완전 오타니이구만?ㅋㅋ,False,
@mrjeon5582,참 사람 진국이네...,False,
@뭣이중헌디-y7g,대단하네,False,
@Diol-24,"시티가 유로우승 후 6억대 팀최고대우급  재계약 준비하고 있었는데ㄷㄷㄷ &quot;지금은 재계약엔 관심없고~난 벌써 걸을수 있으니,이번시즌 빨리 복귀하고싶다&quot;고 인터뷰한 갓드리.항상 로드리는 팀으로의<br>성공이 중요하다 말해왔다",False,
@문선우-t9f,이니에스타는 못하는거ㅋㅋㅋㅋㅋ😂😂😂😂,False,
@happykobe24,와... 로드리에 한화 라이프플러스를 연결해??? 진짜폼미쳣다...,False,
@ohpatrick1038,민재 안당하려고 혼전계약서 썼나? ㅋ,False,
@달탄양,와~ 진심 대단하다,False,
@somethumb9958,"메시는 신이잖아<br><br>사람은 다른 사람 싸대기만 때려도 죄가 되지만<br><br>신은 자연재해로 몇만명을 죽여도, 미친 놈을 방치해서 수백명을 죽여도<br><br>&#39;뜻&#39;이 된다<br><br>감히 메시의 헤어스타일을 논하는가",False,
@yky6788,존경스럽고 알찬 사람이네요.,False,
@cosmos_jiujitsu,유럽의 오타니네👍🏽🤩,False,
@dusn7604,"<a href=""https://www.youtube.com/watch?v=_bbUErbAaP0&amp;t=442"">7:22</a> 형 그럼 나도 형 유튜브 안 보고 가볼게 사람 만나러 😊",False,
@Toonchelin,ㅋㅋㅋㅋㅋㅋㅋㅋㅋㅋㅋㅋㅋㅋㅋㅋㅋㅋㅋㅋㅋ,True,@dusn7604
@mannerlsj,오늘도 잘보고 갑니다.이용표 선수 응원합니다 ㅎㅎ,False,
@시아레드,자연스러웠어,False,
@민영박-b2o,sns 안한다는건 알고 있었는데...전형적인 바른생활 엄친아네. 나 어릴 때 울엄마가 맨날 비교하면서 등짝 후리시던 그런 청년...,False,
@지성jisung,맨시티 팬은 아닌데 로드리 진짜 멋지네.. 실력도 멋지고 인간 자체가 멋진 분이엇구먼,False,
@븐티홍,ㅂ으로 시작하는 선수와는 마인드 가 완전 다르네요 ㅎㅎ,False,
@daekue123,"<a href=""https://www.youtube.com/watch?v=_bbUErbAaP0&amp;t=322"">5:22</a> %가아니라 %p요!",False,
@좌동독거노인,중간에 광고 존나 싫네,False,
@이도율-w5v,"<a href=""https://www.youtube.com/watch?v=_bbUErbAaP0&amp;t=399"">6:39</a> 펩아 너도 머리카락 수비형 미드필도 같아 (머리카락 수비어)",False,
@정성찬-u3t,펠레 분석 부탁드립니다,False,
@Hammelon_kr,정말 인간으로서 된 사람이라는 생각이 드는 선수네요 ㄷㄷ,False,
@deepinside8049,근본력 200%,False,
@태우-d1q,이니에스타는 머리가 없는데,False,
@둥빠-o8e,조규성이 문득 생각나네,False,
@슈퍼쏜-t6x,저 로드리의 겸손함을 배우고 싶다,False,
@황금-x5y,대단하다 괜히 발롱 받은게 아니었음,False,
@현-t3w,진짜님 살빠지니 핸섬가이!!!❤,False,
@hyo1213,멋있는놈;;,False,
@이슬마실나이,사람 자체가 훌륭한 사람이군요. 축구만 엄청 잘하는줄 알았는데 대단하네요,False,
@koreaye13,수입의 25프로 기부 ㅌㅌ,False,
@Ducjkd,비닐 발롱 자격 없당게 ㅋㅋ,False,
@user-fn7dj5yh5f,로드리 진짜 개호감이다,False,
@Jormos_park,25프로 기부하는게 정말 더 대단한게 <br>유럽은 나라별로 조금 차이가 있지만 저정도 버는분들은 약 40~45프로를 세금으로 냅니다..,False,
@asj5706,사실 이 영상을 보긴 전에는 로드리가 발롱도르를 받는다고? 라는 생각을 가졌는데 이 영상으로 정리 완료 무조건 받았어야 했음,False,
@승준-j6p,건실한 청년.,False,
@doghouse-kk,넌 성공해라..,False,
@흥커복,한가인 마인드 개쩐다...,False,
@우아한백작,발롱이 인성도 봄?,False,
@땡큐개스날,독도는 일본땅이라고 하는 일본인한테 멋있다고 할 새끼네 ㅋㅋㅋㅋ,False,
@도리보라-k6f,축구의 오타니<br>야구의 로드니,False,
@pepita_s,"<a href=""https://www.youtube.com/watch?v=_bbUErbAaP0&amp;t=616"">10:16</a> 오! 베라노다!",False,
@hjkim3567,와.. 존경...,False,
@김주영-x1n7h,"야,,, 이거지 내가 원하는 삶... 외간사람 전혀 샌경안쓰고 내본분에 충실하면 1등은 못해도 평균은 간다",False,
@kogh4974,로드리야 레알 와줘…그럴일은 없겠지만 ㅠㅠ,False,
@신원호-f3s,추맨이랑 카마빙가 내놓고!,True,@kogh4974
@Blackcowman,대학 수업 안뺴먹으려고 기숙사 생활 했다함 ㅋㅋㅋㅋㅋ,False,
@tachibana1994,와~~~~ 진짜 고개가 숙여진다.<br>정말 본받고 싶은 성정.<br>로드리다!!!   우리팀에  로드리!!!!,False,
@manafoxy1433,역시 joat니시우스랑 격이 다르네,False,
@디아스-c8k,발롱경쟁자인 비니시우스가 보여준 행동들이랑 대비되서 더 빛나보이는듯,False,
@182jin,앱 홍보 자연스럽게 넘어가는 거 지렸다 ㅋㅋㅋㅋ,False,
@veryberry1780,"ㅠㅠSNS안하는 이유에 너무 동감하네요 우리나라는 남들과 비교, 자랑을 하는 정서가 많은거 같아요",False,
@piano405,로드리 진짜 멋있는 사람이네요 본받고 싶어요,False,
@182jin,결이 오타니와 비슷하다. 근본 자체,False,
@Chovits,손뽕들이 봐야할 영상이네요. 잘보고 갑니다.,False,
@yujin70,진짜 똑똑한 사람이네요,False,
@woncw1,??? : 나 발롱위너보다 팔로워 많다?,False,
@상계초이팔덕,진짜 주급으로 3억이넘어가는 돈을 받는 사람이 저렇게 겸손할 수가 있냐.. 인간의 절반이상은 저정도 위치에 오르면 절대 저렇게 평범하고 겸손한 삶을 살 수 없을텐데 대단하네요,False,
@르브론제임스하든,야구에 오타니가 있다면 축구엔 로드리. 😊  👍,False,
@호나우딩요,아니 사람이 이럴수가 있냐,False,
@하리보쩰리-k5p,이재성 선수도 로드리와 결이 비숫하다고 생각해요,False,
@Billionaire-wm1hr,그냥 모든 면에서 한단계 초월한 사람이네,False,
@축신안토니,안토니는 보고 배워라,False,
@yeyeye5939,진짜가 그런거라면 그런거다,False,
@ciaociaopark,오 전혀 몰랐는데 진짜 감동이네요. 멋지다 ❤,False,
@주도로,로드리는 나중에 감독으로도 대성하겠지. 이시대의 지단,False,
@haejuneyun9976,아니 이렇게 완벽한 사람이 있다고? ㄷㄷ,False,
@김동욱-l5c,이니에스타....머리...당신은 악마입니까........,False,
@이상해씨-z9o,&quot;저는 그런거 받으려고 축구하는게 아니에요&quot;<br><br>ㅎㄷㄷ 찢었다 ㅋㅋㅋㅋㅋㅋㅋ 진짜 대존멋이네,False,
@김태영-o4u8s,4분의1,False,
@galaxy4319,로드리 더 좋아짐 ㅠㅠ,False,
@Homin-yc6rn,"<a href=""https://www.youtube.com/watch?v=_bbUErbAaP0&amp;t=420"">7:00</a> ㅋㅋㅋㅋㅋㅋㅋㅋㅋ",False,
@sanggeliee,우와 광고 진짜 똑똑하다,False,
@jonnyyi4410,축구에 관한 스트레스를 공부로 푼다라….<br>우리랑 반대자너…,False,
@Rodrigo_no16,펩의 머리는 어느 포지션에 적합하죠,False,
@cexpistols4796,십일조도 아니고 무려 25% 현대판 성인군자,False,
@Diol-24,로드리가 좋은 이유 중 또<br>하나가~~로드리는 모든경기를 각성하고 뛴다.그래서 꾸준하고 모든경기에서 MOM을 찍는걸수도~!한경기도 허투로 하지않더라..피치&amp; 라커에서 동료들에게 파이팅도 하지만 얼빠진 동료에겐 정신차리라고 빡침도 한다.지금 시티가 힘든이유가 이런 사령관?이 없는~로드리같은 중심잡아주는 리더가 없는게 크다,False,
@김덕배-h9t,덕배에서 로드리로 갈아탄다,False,
@BEtww,"로드리, 오타니 비슷한 최고들))",False,
@kingjames3633,다른것보다 수익25퍼 기부는 진짜네... <br>멋지다 로드리..,False,
@JJONGHONEY,"<a href=""https://www.youtube.com/watch?v=_bbUErbAaP0&amp;t=400"">6:40</a> 아 ㅋㅋㅋㅋㅋㅋㅋ헤어스타일이 수비형미드필더다란 말이 존나웃기네",False,
@guniyayaable,덕분에 실력과 인성을 다 갖춘 좋은 선수를 알아가네요. !!,False,
@realkim10,"라플 뷰잉파티 응모하기❤<br><br><a href=""https://lifeplus-tribes.onelink.me/xJHJ/fea87fyr"">https://lifeplus-tribes.onelink.me/xJHJ/fea87fyr</a>",False,
@jiyong9097,가고싶은데 미성년자라서,True,@realkim10
@nyc_doggie2,행님 돈받고 하는 광고는 고지하고 집행하세요... 왜 뒷광고하세요?,True,@realkim10
@FCmobileSINCE2020,​@@nyc_doggie2영상 시작할때 영상 왼쪽 상단에 유로광고 포함 떠요,True,@realkim10
@얼음처럼,​@@jiyong9097❤난 😮😢❤😂😂😂😅,True,@realkim10
@Alliswell-v3c,이게 뒷광고 인거야?,True,@realkim10
@sjhan371,지금의 축구선수 로드리는 인간 로드리가 있었기에 가능했다는 말이 너무 인상 깊네요. 항상 겸손하고 감사하고 성실하고 주변 사람을 소중히하는 인생이야먈로 성공의 밑바탕이 될 수 있다.,False,
@hlee327,졸라 오래 가는 놈이겠네,False,
@solitude9362,동료들이 평소보다 축구를 더 잘한다 느끼게 만들어주는게 ‘진짜 실력’이라고 어떤 프로 선수의 말이 생각난다.,False,
@Koreatradition-wn3my,"선수로서도 발롱도르까지 받앗으니 대단한 선수인건 맞는데, 그것보다 인간으로의 로드리는 정말 배울점이 너무나도 많은 사람이네. 이런 선수인지는 정말 몰랐는데...  정말 대단한 사람이다. 마인드 너무나도 본받고 싶다.",False,
@l플라이l,무릎의 도가니같은 존재가 되려고 한거네?<br>없으면 안되지,False,
@sSs-ob9rr,한 분야에서 상위 1퍼 찍는사람은 그냥 다 똑똑 합니다<br>프로 게이머 이던 운동 선수 이던<br>결국은 뇌지컬이 기본바탕이기 떄문에<br>멍청한 인간은  게임도하나도 못해요 <br>백날천날해도 제자리임ㅋㅋㅋㅋㅋ,False,
@melohsuh6286,인생은 로드리 처럼. 앞으로 김진짜 채널만 구독해서 보고 나머진은 현생에서만 시간 보내렵니다... ㅎㅎ;,False,
@꾸기꾸기뻐꾸기,로드리 진짜 너무 좋음. 맨시티 경기보면 공이 있는데에는 항상 로드리가 있음... 보다보면 맨시티 경기를 보는게 아니라 로드리를 보기 위해서 경기를 보는 느낌,False,
@스거여,일단 인스타 안 하는거에서 끝난게임임ㅋㅋㅋㅋ,False,
@요로롱-o,ㅈㄴ 멋있네 진짜로..,False,
@황도훈-j3n,욕심을 너무 지나치게 부리면 오히려 망하는듯........비니시우스는 그걸 보여주는 예인듯..........,False,
@성이름-j5p7h,이니에스타는 그냥 대머리 잖아ㅋㅋㅋ,False,
@ON팬-BEST-l9금-secret-채널,로드리는 일단 배바지에서부터 근본을 증명함ㅋㅋㅋㅋㅋ ((남자라면 내프사 확인ㅋㅋ)),False,
@hyeonsseungsseungi,"<a href=""https://www.youtube.com/watch?v=_bbUErbAaP0&amp;t=637"">10:37</a>",False,
@factch2537,형 영어자막 넣어줘 이건 외국에도 없는 컨텐츠들이여,False,
@주랑누아,"축구선수에 한창 떠돌던 &#39;근본론&#39;이 로드리에 해당하는 말이네.<br>유럽 축구선수에도 오타니가 있을줄이야.",False,
@860K,첼시팬이지만 귀감이 되는 선수,False,
@hyeonsseungsseungi,다 떠나서<br>축구와 학업을 병행하다니<br>굉장하군요,False,
@factch2537,"흥민이도 로드리, 마네를 이젠 좀 본 받아서 후대에 존경받는 전설로 남기를",False,
@tevemo9915,"<a href=""https://www.youtube.com/watch?v=_bbUErbAaP0&amp;t=120"">2:00</a> 발롱도르 위너한테 축구는 복권이다ㅋㅋㅋㅋㅋㅋㅋㅋ 흥월아 급 망언인데ㅋㄱㅋㅋㅋㅋ",False,
@오크대장리재영,결국은 같은 업계 종사자들이 뽑는 사람이 뽑는 건데 이미지 절대 무시못함 ㅋㅋ 비니시우스보면,False,
@무지개떡-z4y,말그대로 그는 flex가 의미가 없다는걸 잘 알고 있었다. 그야말로 normal one이였다.,False,
@Ussdzoebca,로드리 발롱타고 인스타 바로 지움,False,
@ALETIW,근데 왜 시티로 이적할때 우리 전화 무시한거니 로드리야....,False,
@DoesntMatter22117,로드리는 나중에 은퇴하고 감독해도 잘할 듯.,False,
@서희범-c8y,"<a href=""https://www.youtube.com/watch?v=_bbUErbAaP0&amp;t=87"">1:27</a> 로드리가 성경공부에 푹빠져있나봐요",False,
@user-sg0426,형님 근데요즘 입중계 안하신가보네요ㅠㅠ..,False,
@laputa1149,핸드폰마저 갤럭시 씀<br>근--본,False,
@CHY1001,믓찌다 로드리👍👍👍,False,
@Nerong0530,메갓..그는 대체 ㅋㅋ,False,
@cottand,까면 깔수록 미담이네,False,
@GGANBU85,겉멋이 없는게 진짜 멋잇네,False,
@user-cr1lb9gl9b,그럼 지브롤터 발언은 뭐냐,False,
@윤수르-r6x,비니가 안받은게 너무 다행이라 생각했던 발롱,False,
@GGANBU85,발롱도르를 떠나서 인간적 품격이 느껴지는...,False,
@outg1421,성품이 레알로 쉬이 옮기지는 않겠네. 다행 ㅜㅜ,False,
@kkkjh1,로드리 경기장에서 뛰는 것만 봐도 저지 상의를 바지 안에 넣고 뛰는 것만 봐도 성향이 겸손하고 바른생활 사나이라 생각은 했지만 영상을 보니 고개가 끄덕여 지는군요. 정말 훌륭한 인성을 갖고 있네요. 부모님 영향도 크고 본인 스스로도 훌륭한 인간 이네요. <br><br>배울점이 많은 선수.,False,
@2Ellen,"로드리는 외모도 멋잇고 플레이도 멋잇고 인성도,사생활도 다 존경받을인물임 세레모니도 상남자스러워서 좋아하지 않을수없음 로드리는 결국 성공할수밖에없는 삶을 사는 인물인듯",False,
@coffe3039,푸ㅡ씨 같이 겉멋들고 경기장에서 피싸는 브라질리언보다 100배 나은 것 같다,False,
@황근출-h6t,이니에스타는 머리에 관심이 있어도 어떻게 할 수 없었는걸..,False,
@Lovegogo1,캬 멋쟁이 로드리 ..좋은영상 잘봤습니다 !!,False,
@돼지파괴자,역시 머리 근본컷,False,
@이니스러블리,뭐야? 거의 생불 이잖아,False,
@ILOVEFOOTBALL656,로드리는 안 튀려고 하는 플레이를 존나 잘해서 존나 튐 터치 하나하나 할 때마다 그 실력에 감탄하게 된다,False,
@박명수-v5l,로드리 힘내자~!,False,
@user-hulk,대단하고 또 대단하다 진짜 어린선수지만 존경받을만 함,False,
@sgkim5684,광고연계 폼미쳤다!,False,
@rekinoy846,축구선수로써뿐만아니라 사람자체가 멋있다,False,
@토끼-f4j,피해자코스프레하는 비닐이 보단 로드리가 발롱 받는게 맞다,False,
@부드러운직선-r6n,이니에스타: 뭐가 있어야 꾸미지 띠바,False,
@forbyforby7461,이야 손흥민 찜쪄먹네,False,
@nnnfjfj3,"발롱도르는 아직까지 어이가 없음. 사실상 발롱도르는 민심투표기 때문에 거만하게 굴면 비호감 사서 불리함. 또 위상으로 주는 면도 크기 때문에 파리생제르망의 메시가 2회나 수상하는 오류가 발생됨. 지네긴 지단이 커리어 내내 1회, 안드레스 이니에스타가 전체 코리어 중 0회라는 점을 보면, 파리생제르망 메시가 2회나 수상한 건 얼마나 발롱도르의 공신력이 떨어져있는지 보여주는 대목.",False,
@따뜻한봄날-i8m,와..진짜 존경스러운 위인임,False,
@sing5146,우리나라의 누구는 수수료 주기 싫어서 가족회사 차리고 뒤통수 치는데. 참 다르네요.,False,
@SUNJAKIM-l1q,배바지 로드리 그는 근본입니까?,False,
@21hello66,훌륭한 쏘니도 못하는 25프로 기부…. 로드리가 더 top급이었네….. 👍🏻👍🏻👍🏻,False,
@dydyvxbd4364,메시는 머리에 신경써야했음 ㅋㅋㅋ,False,
@Diol-24,로드리 최근인터뷰보니<br>&quot;재계약엔 관심없고~<br>이번시즌 복귀가 목표다<br>난 벌써 걸을수있다. 빨리 복귀<br>하고 싶다&quot; 라고 또 근본인터뷰 <br>했더라.이래서 갓드리 사랑하지 않을수없음 ㄷㄷㄷ 시티가 유로우승 후 6억대 팀최고대우급  재계약 준비하고 있었는데ㄷㄷㄷ,False,
@21hello66,대박 12/21 뷰잉파티 가고싶어여어어어어어어어 🎉🎉🎉🎉🎉,False,
@Diol-24,요즘 보기 힘든 실력+정신이 모두 클라쓰~! 있는 클래식 플레이어의 정석이 로드리인듯,False,
@GOAT02828,맨시티팬은 아니지만 로드리는 정말 너무 멋지고 완벽한 선수이자 사람인 거 인정하게 되고 존경하게 되네요..,True,@Diol-24
@calmcrowman,고정 댓글이 없는데요?,False,
@yorknew8929,나랑 동급인 로드리.. 진짜 멋있고 존경스럽네,False,
@RCOONa1,"김민재...<a href=""UCkszU2WH9gy1mb0dV-11UJg/b8IfY7zOK9iVkNAP_I2A-AY""></a><a href=""UCkszU2WH9gy1mb0dV-11UJg/b8IfY7zOK9iVkNAP_I2A-AY""></a>",False,
@user_cwon,지적인 매력에 철학까지~  완벽남이네~~!<br>오타니와 결이 비슷~,False,
@취미생활-j5o,아 형님 형님 말씀에 로드리의 인생전체를 심취해서 보고있었는데 그걸 광고랑 연결하다니 순간 웃었습니다. ㅋㅋ,False,
@JHS-ny6sz,"와,,,,, 이번 발롱도르는 어떤의미에서도 정말 대단한 역사에 남을 수상인듯  (해버지 생각나누)",False,
@21hello66,다시 김진짜 채널 업로드 빈도 높아지다 굿굿 🎉🎉,False,
@현우현아-m8h,"<a href=""https://www.youtube.com/watch?v=_bbUErbAaP0&amp;t=405"">6:45</a>이니에스타는 머리를 신경 안 쑤는게 아니라 걍 m자 탈모에서 신경을 안 쓰는거 아닌가?<br>어차피 스타일 해 봤자 다 빠지는데..ㅋㅋ",False,
@Kimminjifan,개너무하네 ㅋㅋㅋㅋㅋㅋㅋㅋㅋㅋ,True,@현우현아-m8h
@suho0720,"외모,실력,인성까지 갖추면 어떡해",False,
@heeheeeeeeeeee히히,사람들은 남의 뒤에서 도와주기만 한다면 너의 노력을 알지 못한다고 했다.<br>하지만 로드리는 상관 없다고 하였고 모두가 그의 노력을 알게되었다,False,
@윤영슬,와!!! 로드리 내가 제일 좋아하는 선수!!!!,False,
@HHH-we4gf,이니에스타는 머리에 신경쓰기엔 머리가 너무 없어,False,
@한승윤-t6t,ㅋㅋㅋ 중간 광고 좋았다 자연스럽다,False,
@따가지-s8i,저런 사람이 진정 자존감 쩌는거죠,False,
@Diol-24,로드리는 여친도 의사<br>로드리도 경영학 전공자<br>그래서인지 축구지능도 인텔리젼트,False,
@sspongpi4376,와... 나 왜 회복중일떄도 공부하고 있을거 같은... <br>그리고 이런 사람이 전세계에도 존재하는구나... 손흥민보다 더한 사람이 있엇어... <br>그리고 발롱도르 잘 준거 같음.. 로드리가 잘 받은거 같음 <br>팀의 영향력이 어마어마 하던데...지금 로드리 없으니까 완전 홀란드도 엉망이고 팀이 자체가 엉망이던데.. <br>비닐신은 점점 뭔가 악동의 길로 가고 있는 듯한 느낌...?,False,
@jsuukim9051,하나같이 지키기 힘든 것 뿐이네... 리스펙~!,False,
@좋은하루0503,한화 라이프 플러스 트라이브 앱 접수,False,
@21dvp,좋은 컨텐츠 감사합니다,False,
@ballentino7,로드리 최고!!,False,
@carpe_place,난 오늘부터 로드리 팬 할거야...,False,
@A1voT,진국이다,False,
@plum5019,로드리 같은  못하는 선수들 엄청 많다는거 <br>그냥 로드리가 뛰어난거죠,False,
@freebird9233,문신 없는게 가장 마음에 든다. 바른생활 사나이,False,
@잉잉-f3o,박지성 류 끝판왕인듯,False,
@크리마-z2n,어디 개차반 비니랑 비교함? 근본인간 로드리~,False,
@hyung-junelee3959,스트레스를 벗어나려고 공부를 하다니 ㄷㄷㄷ,False,
@ytkim1347,축구 너무 잘해서 좋아했는데 로드리 자체에 대해 알게되니 더 좋아지네요 ㄷㄷ,False,
@바람-w8l,"야구에 오타니, 축구에 로드리네",False,
@말하는뽄새보소,조심스럽게 예상합니다 로드리는 인생2회차 입니다,False,
@monblue4832,축구선수이전에 인간으로도 배울게 많은 사람이네요! 대단하다,False,
@youngdo-racoon,"발롱도르 김칫국드링킹하고, 상대 선수한테 인성질 + 조롱하다가 지 못받았다고 삐져서 시상식 노쇼하고 SNS로 정신승리한 인종차별반대호소인 검정비닐봉투랑 비교하는게 민망할 정도네 실력도 실력인데 지성, 인성, 성실함까지...",False,
@처리-h7y,운동하면서 공부도 하다니..,False,
@facetype,로드리 하이라이트 땡기네요 ㅋㅋ😊😊😊,False,
@하나아-b7b,크~~~~ 인성 ㅁㅊ네 ㄷㄷㄷㄷㄷㄷㄷㄷㄷㄷㄷㄷㄷㄷㄷㄷㄷㄷㄷㄷㄷㄷㄷㄷㄷㄷㄷㄷㄷ,False,
@gray7615,너 졸라 멋진 세끼 였구나....,False,
@이성욱-f5m,졸라 멋잇네,False,
@MC-zf6ey,누구랑 너무 차이나네😂,False,
@한태방,13살부터 에이전트면 그냥 개미치게 잘한거임,False,
@Fpdkfakemflemsms,"<a href=""https://www.youtube.com/watch?v=_bbUErbAaP0&amp;t=408"">6:48</a> 머리가 없잖아요 ㅡㅡ",False,
@Keeukseeot,진짜 빛나는 사람이네,False,
@sunyeol9633,로드리의 흠은 &quot;지브롤터는 스페인땅&quot;발언밖에 없음ㅋㅋㅋㅋㅋㅋㅋㅋㅋㅋㅋ,False,
@ShoeDog891,근본론에 딱 들어맞는 선수였네,False,
@humungs,이런 양반이 왜 지브롤터에 대해서 괜한 소리를 해서 ㅠ,False,
@minchaneee,김진짜님도 머리 신경 안쓰시는구나 😊😊😊,False,
@yoloyolo4690,시티 레플 마킹 덕배인데 로드리로 바꿔야겠네,False,
@웅앵-q7g,로드리 ㅈㄴ멋지다,False,
@user-ci9nt9i999,최애 선수!,False,
@user-daeminrin,맨유팬이지만 너무나도 부럽고 감히 훌륭하다고 생각하는 선수...,False,
@알수없는모험가,그냥 사람 자체가 멋지네. 어서 부상회복 되자.<br>실력도 실력인데 이런 인품을 가진 선수라니...<br>오늘부터 로드리 팬이 되야겠다!,False,
@Geng5512,"진짜 비닐이 바보같았던 게,<br>AI 한테 풀경기 보여주고 우승자 결정 맡기는 것도 아니고, 사람이 투표하는 건데 그렇게 밉보일 거 많이 하면 분명 자기가 날려버린 표가 꽤 있을 거임<br>나라도 압도적으로 잘 하는 게 아니라면 그냥 축구만 잘하는 선수보다 로드리처럼 축구도 잘하면서 인성도 훌륭한 선수 뽑고싶어질 거 같음",False,
@룰루랄라-m8h,무슨 위인소개 영상인줄 ㅋㅋ 로드리 살아있는 새로토닌 그 자체네,False,
@황보민-x1x,야구에 근본으로 오타니가 있다면<br>축구에는 로드리가 있다.,False,
@빵빵이-l5d,아님 ㅂㅅ,True,@황보민-x1x
@해류뭄해리-o7l,로드리 완전 찐의 안팎으로 발롱도르 상 적임자 최고❤<br>쏘니도 내겐 발랑도르 급🍀<br>한국대표로 발롱도르 투표한 게 스포츠 조선이란것도 놀라운데 홀란에게 1표?<br>기기막힌 축협과 완전 한쌍의 축알못 ㅜㅜ<br>김진짜님 알토란 상식 넘 감쏴🙇‍♀️<br><br>맨시티는 이래저래 로드리 응원해야 할 호감가는 팀 픽👀<br>쏘니가 있었어야 할 곳 ᆢ아쉽다😢,False,
@황가드-c1x,메신이랑 인간들을 비교하시는건 무의미하쥬,False,
@seankwon1451,뭔가 오타니랑 결이 비슷하다😊,False,
@Kbfjsjvjeju-112,"<a href=""https://www.youtube.com/watch?v=_bbUErbAaP0&amp;t=410"">6:50</a> 근데 그 이니에스타는.. 크흠.. 아닙니다",False,
@박찌성,연봉 4분의1 기부는 리얼 참 찐이다. 부모님도 진짜 현명한 분들이신 듯.,False,
@뽀송한인절미,확실히 경제를 공부해서 그런지 돈과 시장경제를 알아서 검소한듯..인간 로드리 대단하다,False,
@kidchoc,이니에스타는 머리가 없자나,False,
@takeiteasy9189,"<a href=""https://www.youtube.com/watch?v=_bbUErbAaP0&amp;t=85"">1:25</a> 이건 성경책인데 ㅋㅋㅋㅋㅋㅋㅋㅋㅋㅋㅋㅋㅋ",False,
@user_legendary,성경공부 ㄷㄷ,True,@takeiteasy9189
@TODDLEE0517,수퍼카 명품 sns....손흥민 로드리에게 의문의 1패?ㅋㅋㅋㅋㅋ,False,
@ROKAF.01,로드리는 볼때마다 호감이야,False,
@smpleizdwrst,축구판 오타니❤❤,False,
@527ldw,진국이노,False,
@sayhan3505,진국이네 사람자체가,False,
@최현규-t7v,그냥 근본 그자체,False,
@김상길-w8x,다좋은데 발롱파티에서 비니시우스 비하하면서 놀리지는 말지<br>이미 충분히 멋진사람인데 왜 그런걸 했냐,False,
@Ge2ya,박지성 스페인버전 아닐까? ㅋㅋㅋ,False,
@kim123213,캬 레알에 누구랑 참 비교된다,False,
@김수진-c6q,고정댓글이 어딨죠~~~~,False,
@juneaaahn6826,진짜~ 좋은 스토리 진짜 감사해요!,False,
@hvx5nnn,"실력이든 인간성이든 습관,주변인까지 그냥 깔게없는 사람이네",False,
@user-single2ya,마지막 진짜… 생각이 얼마나 깊고 넓은거냐,False,
@aledmask,이런 좋은 콘텐츠 올려주셔서 감사합니다. 항상 잘 보고 있습니다~!😄,False,
@gamparang,훌륭한 축구선수이기 이전에 참된 사람이네,False,
@태산국명환,의식있는 수퍼스타 한명이 얼마나 세상에 좋은 영향을 끼치는가 나부터 배워야할점이 아닌가 싶다,False,
@진성윤-j4e,진짜.. 한국으러 치면 박지성 같은 느낌의 선수라 생각합니다,False,
@thomaslee8107,세상에 그런 사람이 어딨어...싶은데 80억 인구중에 그런 사람이 꼭 있다...,False,
@김장일-y8t,"<a href=""https://www.youtube.com/watch?v=_bbUErbAaP0&amp;t=398"">6:38</a> 펩 짤과 코멘트 때문에 로드리가 대머리가 될까봐 걱정되네요 ㅋㅋㅋㅋㅋㅋㅋㅋㅋㅋㅋㅋㅋㅋㅋㅋ 영상 잘봤습니다. 역시 훌륭한 선수는 이유가 있어!",False,
@주니짱-d3s,멋진 사람이군요 비니시우스와 너무 대조되네  비닐은 그냥 불안정해 보이던데,False,
@너뭐-p6q,역시 결국 본인 정신머리....,False,
@J.W-ms5gm,이니에스타는 머리가 없..,False,
@kcyang2950,발롱도르 뉴스가 하도 시끌거리길래 찾아봤더니 받을사람이 받았더만~,False,
@규이-g7o,"<a href=""https://www.youtube.com/watch?v=_bbUErbAaP0&amp;t=420"">07:00</a> ㅋㅋㅋㅋ아 웃겨",False,
@dddd0900,영상 보고나니까 사람이 겁나 착해보이네ㅋㅋㅋㅋㅋ,False,
@shinji1107s,전 세상에서 제일 정직한게 돈이라고 생각하는 사람인데.... 솔직히 다른 그의 모든 행실들은 내심 그렇지 않다고 하더라도 그런 척을 할 수 있는데 와~~~~ 수입의 25%를 기부한다라!! 이건 인정하지 않을 수가 없네 ㅋㅋㅋ,False,
@Sskkeel,100억대부자여도 아반떼 사는게 맞다 메모..,False,
@우파우파-o1h,비니시우스랑 비교 너무되네 ㅋㅋㅋㅋ 진짜 다행이다,False,
@user-asjdfk3k24,"<a href=""https://www.youtube.com/watch?v=_bbUErbAaP0&amp;t=408"">6:48</a> 이니에스타는 머리에 전혀 관심이 없는게 아니라 관심을 갖을 머리가 없.. 아.. 아닙니다.",False,
@쵝군-v4e,이런 걸 불가에서는 중용의 덕이라고 합니다. 낭비와 인색의 중용이 검소인것처럼 말이죠.,False,
@parkmr.4170,맨시티의 가장 문제점이 로드리...로드리 없으면 A급의 잘하는 팀...로드리 있으면 세계 최고 수준이 팀!!!,False,
@kiTTy-di4yv,저렇게 생각이 깊다니🥺,False,
@lickmikehunt,형 이니에스타가 과연 헤어스타일에 관심이 없어서 그랬던거라고 생각해?,False,
@SungJangGi,광고를 위한 빌드업이 이미 로드리급 김레알,False,
@MrLeesflightsimulatorworld,로드리에 대해 들어보니 정말 축구선수로서도 그렇지만 인간으로서 존경받아 마땅한거 같네요.나이는 더 많지만 많이 배우고 갑니다.역시 내면이 꽉차면 sns나 그런 헛바람이 들진 않을듯...,False,
@손지섭-w9w,와 진짜 근본이란 말에 정말 어울리네 축구 오타니잖아,False,
@Love_football_korea,중간광고 선넘네,False,
@user-ayhappy,어떤 원숭이와는 너무나도 다른..,False,
@커피한잔-f1o,대학수업을 다들으면서도 프로축구선수로 뛸 수 있다는 사실 자체에서부터 재능이자 천재임,False,
@ttistt00,로드리 원래 팬이였는데 더 찐한 팬이 될것같음...,False,
@이상연-j7m,형  옛날보다 살이 너무 많이 탔어ㅠㅠㅜ,False,
@더블비버거,발롱도르 에 딱 어울리는 품격이네ㅋㅋ 비니시우스는 무슨 자신감 이었을까,False,
@dh_jyw,로드리의 74경기 무패를 깨버린 대 하 흐 그는 대체......,False,
@freeman_24,거의 위인이네;;; 대박 👍,False,
@ISK-kp8gy,펩이 좋아할 수 밖에 없는 선수 그 자체네,False,
@rosenbach25,"<a href=""https://www.youtube.com/watch?v=_bbUErbAaP0&amp;t=424"">7:04</a><br><br>로드리가 인스타그램을 시작하면 그때 메타 주식을 사겠습니다.<br><br>아직은 2%부족해 보여요.",False,
@Philips-q8z,"극한의 재능. 누구는 축구에만 미쳐도 될까, 말까인데 되면 좋고, 안되면 말고로 성공ㅋㅋ",False,
@스팁-j1s,진짜 김진짜님 콘텐츠 진짜 너무 좋다 진짜,False,
@mcrmcr56,오늘부터 로드리 팬이다,False,
@geeyespark4245,"세상에 어떤 일이던 본질에 충실할 때 성공할 수 있는 가능성이 높다는 것을 보여주는 좋은 사례인 듯 합니다.<br>세상 사람들에게 좋은 영향을 줄 수 있도록 이런 사례가 많았으면 좋겠습니다. 선수로서 뿐만이 아니라 인간적으로도 훌륭한 사람이네요.<br>맨시티의 선수단 수준이 넘사벽이라 별로 좋아하지 않습니다만, 로드리는 좋아하지 않을 수 없게 만드네요.<br>앞으로 지켜보면서 로드리 만큼은 잘 되길 응원해야겠습니다. 이런 사람이 구단 운영을 한다면 그 구단은 참 운이 좋은 경우가 아닐까 싶습니다. 로드리 화이팅~",False,
@Parkyoon11,근데 로드리 캉테처럼 생겼으면 이번 발롱도르 모든 사람들이 로드리가 무조건 받는거 인정했을듯,False,
@dinningdamian,로드리 엄청 멋지네,False,
@kevin-de-bruyne0628,"<a href=""https://www.youtube.com/watch?v=_bbUErbAaP0&amp;t=120"">2:00</a> 발롱 1위가 복권 당첨 정도가 아닌데ㅋㅎㅋㅎㅋㅋ",False,
@JM-qr5vk,머리스타일이 수비형 미드필더같다는말 존나웃기네 ㅋㅋㅋㅋㅋㅋㅋㅋ,False,
@박예준-g5b,로드리한테 인생교훈을 배워가는구만유,False,
@new-bj4eu,비니루 랑 정말 대조되네..,False,
@tlswnd1002,로드리 로드리 로드리 로드리<br>겸손 겸손 겸손 겸손<br>❤❤❤❤,False,
@카오스-b6s,"알고보니 로드리가 발롱 받는거엔 이견이 있으면 안됐네 <br>비닐아 왜 그랬어?   니가 몽니부렸던 일이  끊임없이 조롱거리 되잖아. ㅠㅠ",False,
@호로록-s7v,와 진짜 모범생..<br>축알못 한국 제외 로드리가 발롱 다국가 1위를 한 이유.,False,
@원-c6e,로드리 금카 간다,False,
@lucycato9538,진짜미쳣다... <br>스트레스 풀려고 공부라니,False,
@tlqkfmang18,사람들이 로드리 욕할려고 sns찾아 갔는더 인스타 없어서 벤탕쿠르나 데폴만 욕먹는 상황,False,
@신영진-t8p,역시 내가 젤좋아하는선수,False,
@해선바라기,아스날이 시원하게 담갔지 ㅋㅋㅋ,False,
@totieir,그저 신드리...,False,
@b급감성_250,참 부모님과 그걸 잘 받아들인 로드리,False,
@Junhorang,사랑해 로드리,False,
@swe7271,로드리는 그냥 시스템임,False,
@용하재,발롱받을만한 인품과 실력 다되는 선수네,False,
@김민준-y8w6g,로드리는 축구말고 뭘 했어도 잘됐을거같음 사람 자체가 된 사람...,False,
@직쏘-h2t,이니에스타 머리스타일 언급은..... 너무 했다,False,
@user-qz5zl1qi9c,검소하고 겸손하고 인성 좋은 선수는 안 좋아할 수가 없다,False,
@jamsiler,한녀들한테는<br>소형해치백땜에 까이겠누 로드리ㅠㅠ,False,
@ssuru4410,잔잔하지만 묵직한 울림이,False,
@Franz_Schubert,광고 빌드업만큼은 로드리보다 김진짜 ㅋㅋㅋㅋ,False,
@한태희-c4t,호감이에요,False,
@황성민-x9m,진짜 인간으로서 너무 완벽한 존재 아닐까?.. 빨리 필드 돌아와서 또 발롱 먹자 🎉🎉🎉,False,
@Jungppaen,"<a href=""https://www.youtube.com/watch?v=_bbUErbAaP0&amp;t=285"">4:45</a> ㄲㅊ도 크네 ㄹㅇ 다 가졌네 …😢",False,
@신똘똘-w7o,축구계에 오타니네,False,
@MEGAMANXXXX,부모님이 진짜 중요한거 같다,False,
@_MANCHESTER_IS_BLUE_,주변사람들이 중요한거 같음,True,@MEGAMANXXXX
@박계현-n8b,"<a href=""https://www.youtube.com/watch?v=_bbUErbAaP0&amp;t=573"">9:33</a> 로드리를 모델로 써야 사람들이 쓰지  sns안하는 로드리도 사용하는 앱",False,
@MEGAMANXXXX,와... 대단하네,False,
@seungbinkim7660,발롱 탈만한 선수다..,False,
@user-cu7vf8ym3l,그... 이니에스타는 머리에 관심이 없을수 밖에 없을거같아요....,False,
@LEEDSTIME99,콩콩팥팥 ㅈㄴ멋있네,False,
@GomDol29,"<a href=""https://www.youtube.com/watch?v=_bbUErbAaP0&amp;t=420"">7:00</a> 얘는 신이고 다른 선수들은 인간이니까^^",False,
@이우-s9y,로드리도 이렇게까지 하는데 …,False,
@kbs4769,성실한 사람이 무조건 성공하는건 아니지만 성공한 사람들은 무조건 성실하긴 함,False,
@차렷총원,갑자기 광고침투력 무엇??,False,
@tjgusrnjs8705,"<a href=""https://www.youtube.com/watch?v=_bbUErbAaP0&amp;t=408"">6:48</a> 이니에스타는 관심없는게 아니라…걍 없는거잖ㅇ….",False,
@재횽이,퍼경이 참좋아할 스타일의 선수네 갓드리,False,
@황민석-j8u,아말 부모도 저랬다고...,False,
@alwaysbelieving1474,역시 사람은 공부를 해야 두뇌회전이 빨라져서 더 나은 판단을 하는듯 <br><br>공부도 잘하는 사람이 운동도 잘하듯이<br><br>그리고 로드리가 그런사람이기에 주위에도 로드리와 비슷한결을 가진 사람들이 존재하는듯<br><br>환경이 정말 중요한듯 발롱도르 받을 자격이 충분히 있다,False,
@partysolo5861,슈퍼카 명품에 관심 많고 문신 많은거 개극혐 비호감인데 그거랑 정반대 검소하고 팀을 위해서 희생하고 걍 진정한 플레이어다,False,
@킹죠-s8m,이번 시티 4th 킷 로드리 마킹 한 나 어떤데,False,
@5sh4thth656,로드리도 감독 되면 어떨지 기대됨,False,
@아집가고싶다-k5b,로드리 잘하는건 알았지만 그 외에건 잘 몰랐는데 알면 알수록 진국인 사람이었네 존경스러움,False,
@user-cl5gr2yf8r,진짜 존경한다 로드리.. 진짜 멋있네,False,
@빈이-z3g,역시 개인능력에는 인성도 포함이라니까...,False,
@ags5678,안토니가 &quot;신&quot;인 이유에 대해 분석해주세요!!,False,
@back_the_rear,개멋있네 그냥..,False,
@김지우-k3t7h,하.. 욕심이 가득했던 지난날을 반성하게만드네 대단하고 존나멋진새끼..,False,
@mrdiaz-jirongE,아니...지금 내수경제가 엉망인데..일본과 한국은 내수가 박살이 나서 경제가 마이너스로 가고있습니다.쓸사람은 좀씁시다.,False,
@everyday757,대현자 로드리,False,
@jyj8784,오타니?,False,
@ASMR-g8f,자연스러운 광고 좋았습니다,False,
@alonelevelup,사람 실력 모든게 증명을하네 발롱도르 축하!,False,
@jun1796,로드리.. 너무 멋있다,False,
@Unknown-xb1iv,로드리가 안한거 다하고 있는 호날두 ㅋㅋㅋㅋ,False,
@hsa2737,"로드리 콤파니 같이 지덕체를 겸비한 선수들이 나중에 맨시티 단장, 보드진, 감독으로 일했으면 좋겠음.",False,
@huk8536,로드리 엘리트라서 싫어진다. 비니시우스가 때를 잘못 만났네,False,
@ggg-f5r5s,완벽하네...,False,
@boris6038,"로드리에 대해서<br>단순하게 발롱도르 받은 스페인, 맨시티의 유명한 수비형 미드필더라 생각했는데<br>이런 겸손함을 가진 선수라는걸<br>처음으로 알게 되었습니다.<br>이런 컨텐츠 너무 좋네요. 배우고 갑니다.",False,
@lxxkxhxxn,발롱도르때 오데마 찼던데 잔돈으로 샀네,False,
@연연두-v7k,이게 근본론에 입각한 초 일류 선수구나,False,
@음소거-f7g,스페인 오타니,False,
@user-wl8hd8oz1u,확실히 마인드가 남다름 ㄷㄷ,False,
@비빔밥상,묵직하네,False,
@woojung2533,발롱도르 받을만했네 ㄷㄷ,False,
@vkdnjqpdltm,맨시티와 스페인 국대의 사실상 본체 ㄷㄷㄷ 그리고 남다른 근본 넘치는 사생활까지 크흐으,False,
@user-of4vy5xo5v,광고 ㅋㅋㅋ 뭔가했네,False,
@민-f8m,원래 맨시티에서 덕배만 ㅈㄴ사랑했었는데 로드리 너도 내꺼 하자 ㅠ 오늘부터 로드리팬한다 쉬볼 ❤,False,
@개혁-h5e,미드필더의 교과서,False,
@사람이먼저다1,발롱도르는 왜남자만받나요? 여자는왜안주는지,False,
@van198219,와ᆢ맨시티까지 더 호감팀이 되네요😮❤,False,
@Uisianohong,로드리 보면 뭔가 다비드실바가 보인다..,False,
@TV-oy2qz,한마디로 손흥민 상위호환이네..,False,
@S.M-k3k,영어가 되니까 해외 기사를 참조할 수 있어서 이런 영상도 가능함. 모두들 공부 열심히 합시다.,False,
@Tilltheendoftime-m3h,"로드리 👍 but, 노잼🥱",False,
@Swimminglikeabird,"노력 같지도 않은 걸 노력했다고 생각하면서 남탓, 운탓, 현실탓만 하며 사는 사람들이 태반인 현실... 그래서 로드리 같은 사람이 더 빛나는 듯.",False,
@너를_잊지_않으리,멋진 선수네,False,
@끝말잇기잖아요,로드리 빨리 라플 어쩌고 깔아라 ㅇㅇ,False,
@jangseoklee9316,로드리 되기 1일차,False,
@엣티제-f5f,로드리로 광고하려고 빌드업한 김진짜 미쳤다...;;;,False,
@천사표-d3h,이런 선수였어....축구실력뿐만 아니라 인간적으로도 훌륭하네.<br>우리나라도 이런 선수를 본 받는 선수들이 많이 나오길....<br>우리 박지성 선수도 들여다 보면 엇 비슷할 듯...,False,
@김온유-d2e,손흥민 선수가 대표적이죠,True,@천사표-d3h
@천사표-d3h,@@김온유-d2e <br>손흥민도 착실한데...<br>로드리와 비교하기엔 부족한 면이 있죠.<br>그에 반에 박지성은 은퇴후 피파 마스터코스를 수료해서 축구 행정가의 길을 걷고 있죠.<br>지금의 썩어빠진 축협을 새로 개혁하기에는<br>박지성 같은 인물이 적격이죠.<br>해외 인지도도 눂고 전문가 과정을 수료했으니....,True,@천사표-d3h
@Realmadriddddd999,@@김온유-d2e동북고 통수 함부르크 통수 레버쿠젠 통수치고 트위터 가입하자마자 nft 팔다가 팬들한테 욕 먹고 트위터 접고 자기관리는 안하고 광고만 찍고 그라운드에서 축구에 집중안하고 카메라에 자신이 찍히는지 신경쓰고 연예인이랑 열애설 터지자마자 하남자마냥 바로 손절치고 국대 후배들에게는 존경을 받고 싶어하면서 카메라 보는 앞에서 선배(김민우) 머리 끄댕이 잡아당기고 기초군사훈련 짧게 하고 싶어서 제주도로 위장전입하고 정준영이랑 마이크로닷 베프였던 선수가 어딜 로드리에 비벼 ㅋㅋㅋㅋ,True,@천사표-d3h
@개돼지-s8z,보면서 박지성생각나긴하네요 축구는잘하고싶은데 평범해지고싶다,True,@천사표-d3h
@인연-s8j,"​@@김온유-d2e일단 자기 브랜드 런칭하고, 페라리 타고 다니는 것부터 로드리에 갖다 붙이기에는 무리가 있죠.<br><br>자기 브랜드 런칭하고 페라리 타고 다니는게 잘못은 아니지만",True,@천사표-d3h
@Tilltheendoftime-m3h,김진짜 광고로 자연스럽게 넘어간다잉~ 산본의 영웅 김연아 김진짜!!👍👍👍,False,
@Nookmangusy,로황 진짜 씹간지네ㄷㄷㄷㄷㄷ,False,
@OOQOL-d4s,내 최애선수 진짜,False,
@김대홍-b9w,고정댓글 없다,False,
@Chovyis88848,역사상 최고의 수비형 미드필더,False,
@kh10415,앞으로 개간로는 개 간지 로드리다<br>반박 거절한다,False,
@쿠키맘-f2m,너무 좋은 영상 만드시는 김진짜님도 매력적입니다.👍<br><br>아드님도 예쁘게 잘 키우고 계실 듯~!!,False,
@얍야얍야,그러면 지금 부상회복 시즌에 공부 열심히 하고 있겠네ㅋㅋㅋ,False,
@aAllizeonme,요키치랑 마인드가 비슷하네 mvp 받고싶어하는 흑인 호소인 있는것도 비슷하고 ㅋㅋ,False,
@juno3022,근데 로드리랑 비버랑 좀 닮은듯,False,
@MintCornChip,신 드 리,False,
@isquareikim7995,존나 멋진 선수네요. 헤어스타일 얘기할 때 갑자기 펩 머리 빛나는 사진으로 넘어갈 때 매우 빵터졌습니다. 진짜 부럽고 대단한 선수입니다.,False,
@똥개독구,요즘애들 스타킹 내려신고 에메르성 로얄은 힙합바지처럼 크게입고 뭐 개성있게 하는데 얘는 배바지에 머리스타일도 맨날 똑같고 걍 근본 그자체임..,False,
@스폰지밥3,비닐색 ㅋㅋㅋ,False,
@aegis7231,로드리가 발롱타서 시티즌으로서 기분 째졌음<br>이제 근본을 만들러가봅시다,False,
@난나-x7b,로서,True,@aegis7231
@whattube7640,김진짜 K리그 단장으로 갔으면,False,
@Jay..o_o,일관된 헤어스타일 하니까 푸욜 떠오르네 ㅋㅋ 근데 푸욜 헤어스타일이 안 튀는 머리스타일은 또 아닌거 같은데 ㅋ,False,
@jy-rm3on,제가 웓드컵 승패 예측하면 굉장히 잘 맞추는 편인데요. 거기에는 비밀이 있습니다. 바로 수미 윙백의 나이와 기량을 보는 겁니다.<br>왜냐하면 현대 축구에서 가장 중요한 포지션이 수미와 윙백이기 때문입니다. 수미 윙백은 가장 많이 뛰어야 하고 공격과 수비의 연결고리입니다. 그래서 수미 윙백의 나이 기량이 굉장히 중요합니다. 이걸 바탕으로 승패 예측하면 거의 맞습니다. <br>제가 이런 이야기를 하는 이유는 로드리가 그만큼 현대 축구에서는 굉장히 중요한 선수라는 겁니다.,False,
@CheckMoney-h7c,그래서 픽 좀 주세요,True,@jy-rm3on
@ccccch-g2r,그래서 얼마 벌었는지 인증 가능?,True,@jy-rm3on
@jy-rm3on,@@ccccch-g2r ㅋㅋㅋ 토토 안합니다 ㅋㅋㅋㅋ 그거 뭐 벌어봤자 크지도 않고. 주식이 훨 낫죠 ^^,True,@jy-rm3on
@jy-rm3on,@@CheckMoney-h7c 픽? 토토하시는구나 ㅋㅋㅋ 전 안해서. 그거 벌어봤자 크지도 않아서,True,@jy-rm3on
@cexpistols4796,윙백이요? 그럼 대한민국 패 예측만 하셨나요 월드컵 본선레벨에 김진수ㄷㄷ,True,@jy-rm3on
@옳은말만하는사람,부모가 축구 계속하고싶으면 대학도 다니라고 했다던데 원래 돈이 좀 있는 집이었던듯..?,False,
@JhKim_7,인생은 로드리처럼..,False,
@tommy-gk8pb,정치 발언은 하지 말고<br>건강하게 돌아와라 <br>로바오야~😂,False,
@요디제이뽕티스파뤠,공부에 푹 빠진다 라는것 부터 이해 안되기 시작했다,False,
@Comfortable_J,"<a href=""https://www.youtube.com/watch?v=_bbUErbAaP0&amp;t=408"">6:48</a> 안 하는 게 아니라 못...",False,
@웅컁컁컁-t4j,멋있는 사람이었네,False,
@이태호-o9s,"애초에 평점을 포함한 스탯과 대회 우승만 보더라도 객관적으로 발롱도르는 위너는 로드리가 맞다고 봅니다. <br><br>발롱도르 심사 기준에 인성이 포함되었다고 한들, 그 심사 기준이 없었더라도 이견의 여지없이 로드리가 정배가 아니었나 싶습니다. <br><br>축구 조금 아시는 분들은 이미 다 알고 있었던 사실이 아니었나 합니다.",False,
@Kdh12300,스탯이랑 대회 성적만 보면 벨링엄임,True,@이태호-o9s
@Jiha09,그래서 앙리 캐러거 마이카가 비니시우스한테 발롱 축하해 라고 했구나 님이 그들보다 축잘알임?,True,@이태호-o9s
@신도림김덕배,​@@Kdh12300벨링엄은 시즌 후반기부터 버로우 타서 힘들듯,True,@이태호-o9s
@Vamos-cy7pn,그분들도 로드리 예측하던데 수상 직전에??? 대체 넌 뭘본거냐​@@Jiha09,True,@이태호-o9s
@Jiha09,@@Vamos-cy7pn 아니 걍 정배가 비니시우스인데 뭔 막판뒤집기로 먹은애가 정배라고 날조하지 않나 진짜 악질들이네ㅋㅋ 직전은 수상 하루나 몇시간 전 말하는거 아니지?,True,@이태호-o9s
@202-e5m,진짜... 관상은 과학이라는말 싫어하는데... 진짜 관상부터 근면성실임,False,
@highjumping4354,친구 관상은 과학이 맞아,True,@202-e5m
@손민기-g3u,근면 성실이 아니라 내가 좋아하는거에 집중하도 사치를 싫어하는 사람일뿐이야 근면 성실은 독재자들이 내세우는 가치란다,True,@202-e5m
@202-e5m,"@@B-arCA1415 그거 모르는 사람 있음??ㅋㅋㅋ 그거 알고 말한거임 ㅋㅋㅋ 쿠발롬 수준은 아니니까... 유스출신도, 팀의주장도, 라이벌팀으로의 이적도 아닌데... 프로수준에서 그정도 이슈가 뭐라고 ㅋㅋㅋ 그래치면 돌아왔지만... 그리즈만이 더심하게 나갓지... 미운털이 박힐순 있지만... 해축 하루이틀보신듯?ㅋㅋㅋ",True,@202-e5m
@202-e5m,@@B-arCA1415근데 너… 근면 성실 이거 단어 뜻 모르지??ㅋㅋㅋㅋ 갑자기 인성 쪽으로 몰고가네 ㅋㅋㅋㅋ 어휴…ㅋㅋㅋㅋㅋㅋㅋㅋㅋㅋ 국어공부부터 하고와 ㅋㅋㅋ 반박시 니말맞음 ㅋㅋㅋㅋㅋ,True,@202-e5m
@user-huguadung,@@202-e5m근면 성실에 인성이 포함안되냐??? 나는 오히려 너가 수준이 더 떨어져 보인다,True,@202-e5m
@fruitbatgiela,악어 말고는 깔게 없는 신드리,False,
@호초미,헤어스타일 단정하기로 유명한 일진은 음바페 아닌가 한결같은 알밤머리 ㅋㅋㅋ 개 단정함,False,
@최수환-j3c,간만에 정말 좋은 영상 감사합니다<br>오늘부터 저도 로드리 팬 하겠습니다❤,False,
@채으니-g8t,커리어 너무 멋진 로드리 않사랑할수가 없네요.발롱드 받을자격이 있는 선수네요🎉,False,
@bora9122,"품위 품격이 있는 사람이자 최고의 축구선수, 로드리!",False,
@f양-I9금-야노-e8c,👆📴,True,@bora9122
@user-uz3mw6ov8t,로드리가 받을 자격 충분했다 본다,False,
@10bird32,너무멋있다,False,
@NGC201,검소한 사람이 챔스 결승에서 가장 주목 받은 사람이 됐죠,False,
@이도현-j9w,사람이 맞나 의심이 든다,False,
@BLUE-pb5tz,인혜스타는 머리가.없자나,False,
@Sjy-o3h,축구안했어도 성공했을듯,False,
@alsehddus,진짜 너무 멋진 사람이다,False,
@l9야뎡-저장소sj,와.. 보고나니까 더 대단해보이는걸,True,@alsehddus
@logychung2562,근본! 로드리 선생,False,
@DOYUNLEE-t1m,난 비니시우스든 로드리든 누가 받아도 딱히 그냥 받을만 하다는 생각. 단체 보이콧도 그냥 어? 보이콧했네? 끝. 추하다 이런생각은 안했음. 그냥 그렇구나. 어차피 내 팀도 아닌데.,False,
@쇼넨망가,너무 멋있따,False,
@fed-r6n,로드리 대단하면서도 너무 각박하게 사는거 같기도..ㅋㅋ 그래도 너무 리스펙👊👊,False,
@GHP999,스트레스에서 벗어나려고 공부를 한다???? .........,False,
@miraclecity2655,"요즘 축구선수들 부상복귀후에도 부상이 재발하는경우가 많아진거같은데 왜그런지 알고싶네요 맨시티만해도 도쿠,그릴리시 덕배 로드리 등 특히 그릴리시나 덕배 로드리는 부상복귀후에도 부상이 더 잦아지고 장기화되던데 이게 단순 경기수만의 문제인지도 궁금합니다. 이게 나이라고만 하기엔 살라나 레반돕 등 부상 잘안당하는 선수들도 있어서 궁금합니다",False,
@lee_seo_jun,선수들도 부상 후에 최소 일정 회복기간이 필요한데 경기수 자체가 아예 많이 늘어나서 그 회복기간을 충분히 못채우고 계속 반복되니 점점 악화되서 재발 가능성이 높아지는거같습니다,True,@miraclecity2655
@chomu-c3o,"진짜 감독입장에서 저보다 더 예쁜 선수가 있을까..<br>사치없어, 겸손해, 안이나 밖이나 구설수 없어, 개인보다 팀이야,<br>근데 실력은 세계 일짱이야ㅋㅋㅋㅋㅋㅋㅋㅋ이정도면 그냥 펩시티가 만든 AI인듯",False,
@Jiha09,꼬마 나갈때 개지랄한거랑 선수 목조르고 퇴장당한거랑 개태클 잘거는거랑 지브롤터 발언 징계는 아무것도 아닌거임?,True,@chomu-c3o
@엘리제베스,@@Jiha09이거 ㅈㅉㅇㅇ?,True,@chomu-c3o
@Jiha09,"@@엘리제베스 꼬마에서 재계약 한타고 기자회견까지 했는데 막상 때가되니까 구단 감독 연락 다 씹고 바이아웃으로 런함, 수미라 그런지 몰라도 개태클 잘함, 경합 거칠고 욱하는 성격 좀 있어서 노팅엄 선수 목조르고 퇴장당함, 유로 우승하고 지브롤터는 스페인땅이다! 하니까 모라타가 이거 말해도 되나? 라는 뜻으로 넌 영국에서 뛰잖아 물어보니 알빠노 시전하고 출전정지 1징계",True,@chomu-c3o
@hashbrown5148,@@엘리제베스거짓말 하나도 없음,True,@chomu-c3o
@강주덕,​@@Jiha09짭민이는 그런거 모름,True,@chomu-c3o
@비밥-n9o,좋은 선수이기 이전에 멋진 인간이었구나 로드리,False,
@콜록-t7o,유럽에도 저런 마인드가 있네,False,
@shinpe9713,훌륭하다.,False,
@hank-of3fd,오타니랑 비슷한 느낌이 나네요.ㅋ  멋지다,False,
@weneedhumor7,"<a href=""https://www.youtube.com/watch?v=_bbUErbAaP0&amp;t=408"">6:48</a> 김진짜 당신은 악마야...",False,
@redlip2da,발롱도르소감 말하는거 보고됨됨이 근본이 있는사람이라 느껴졌다.,False,
@Elessar0910,공부만큼 또 쉬운게 없긴 하죠...,False,
@-sbori8121,발롱 자격 차고넘쳤네,False,
@롱마카롱-x4h,알면 알수록 매력적인 남자 진정한 행복을 아는 남자,False,
@l9금-딸감-야뎡q-v3h,↑🛡,True,@롱마카롱-x4h
@shyboo4662,감독이 좋아 할수밖에 없는 선수에 정석 인스타 안함+개같이 뛰어다님+똑똑함+성격좋음,False,
@kh10415,인스타 안함 개추 ㅋㅋ,True,@shyboo4662
@DoesntMatter22117,​@@user-nc2ug8dj9p야이 훔국노야....,True,@shyboo4662
@minwoo7122,​@@user-nc2ug8dj9p(대충 뎀바바 제라드 중계멘트),True,@shyboo4662
@김동찬-n7l,선수의,True,@shyboo4662
@Jiha09,성격이 좋아?,True,@shyboo4662
@90main86,진짜 건전남 그 자체긴 하네 ㄷㄷ,False,
@kkfiorentina5737,"<a href=""https://www.youtube.com/watch?v=_bbUErbAaP0&amp;t=408"">06:48</a> 이니형은 머리가 없잖아 ㅋㅋ",False,
@선무당-r4r,누군가 그러던대<br>발롱도르라는 상은 단순한 상이 아니라 세계 어린이들의 롤모델이 되어줄 수 있는 선수가 받아야 된다고 하던게 생각남,False,
@Aldkfjdmsjxjcjd,ㅈㄹ하네 프로는 실력이 전부야 발롱받았던애중에 사생활 깔끔하고 인성좋았던애 거의없음,True,@선무당-r4r
@바리바리-e4n,오 이게 맞는듯,True,@선무당-r4r
@WYUIZXVNMMNVXZIYW,누군가가 본인이 그냥 그럴싸하게 만든거자낰ㅋㅋㅋㅋ 진짜 댓글로 관심받고싶은 불쌍한 사람들 많네 ㅜ,True,@선무당-r4r
@이름-t3z2t,병신..,True,@선무당-r4r
@dydyvxbd4364,​@@WYUIZXVNMMNVXZIYW피곤하게 산다 진짜,True,@선무당-r4r
@07193,"<a href=""https://www.youtube.com/watch?v=_bbUErbAaP0&amp;t=408"">6:48</a> 이니에스타는 관심 가지고 싶어도 못 가지는…",False,
@푸고미,삐요오오옹 넘 좋습니다 ㅠㅜ,False,
@대한민국보1호손흥민,크 진짜 근본 그 자체네 개멋지다 ㅋㅋ,False,
@Kang2432,로드리가 이런 성격의 선수인지 몰랐네요! 더 호감이 생기네요,False,
@Jh_mog,나이들면 매일 똑같은일상이라 다른것좀 배워보고싶어짐,False,
@lary4935,똥바페는 어떻게 생각하세용?,False,
@보람타운-1234,인성 능력 지성 모든걸 가졌네 ㅋㅋㅋㅋ,False,
@Geometryggbruhsamsu,로드리는 진짜 간지캐다,False,
@자오푸,무슨 어디 소설 주인공 같네;; <br>주인공 설정도 이렇게 하면 욕먹겄다~,False,
@nrhajxw-r5g,"<a href=""https://www.youtube.com/watch?v=_bbUErbAaP0&amp;t=408"">6:48</a> 인혜는…머리가….",False,
@원-i2z,어허,True,@nrhajxw-r5g
@infiniteiniesta,헤이헤이헤이,True,@nrhajxw-r5g
@Polo-my9qs,야야...,True,@nrhajxw-r5g
@토트넘-r3d,"<a href=""https://www.youtube.com/watch?v=_bbUErbAaP0&amp;t=449"">7:29</a>영상 끊겠습니다 ㅎㅎ",False,
@박선준-x9h,*끊,True,@토트넘-r3d
@최시원-x2g,퍼거슨이 좋아할 스타일,False,
@naility8059,비니시우스가 봐야할 영상 1워,False,
@이한결-f4d,인정…,True,@naility8059
@Ducjkd,비니시우스가 이 영상을 싫어합니다,True,@naility8059
@younghyunjeon2909,레알팬인데 개추,True,@naility8059
@zyxabc7578,음바랑 비니 케미 조져서 레알 망할듯,True,@naility8059
@음소거-f7g,노멀원이네 진짜,False,
@davidkim674,알면 알수록 로드리 대단하다,False,
@danitylove4792,로드리 부상 당하는 속도로 달려왔습니다,False,
@강해rrr륀,진짜 ㅈㄴ 멋있는 사람이네…,False,
@barbambar,김진짜님이 멋있긴하죠,True,@강해rrr륀
@chaehoonkim5108,ㅇㅈ,True,@강해rrr륀
@김수진-c6q,김진짜 개머시써,True,@강해rrr륀
@_22hap28,감사합니다 저 그정도 아닌데 머쓱하네요,True,@강해rrr륀
@정색이-c5c,@@B-arCA1415  솔직히 내가 아무리 맨시티 싫어해도 너무 단점만 말하신 거 아닙니까,True,@강해rrr륀
@스폰지1,???: 지브롤터는 스페인 땅이다,False,
@laaaaaazy,???: 나는 인종차별을 당하고있다,True,@스폰지1
@Wooyeahda,"<a href=""https://www.youtube.com/watch?v=_bbUErbAaP0&amp;t=421"">7:01</a> 근데 메시는 헤어스타일 바꿔서 다행이야,,, 메석대 시절 그 긴머리...ㅎ...ㅎㅎ",False,
@user-sg5gj4ux7r,가능한가 싶을 정도로 훌륭한 사람이네요,True,@Wooyeahda
@모래내시장-q6o,진짜 비니시우스 밀어내고 <br>발롱 받아서 너무 다행이다,False,
@jjduehvrk-7hu,대신받은거 아님. 원래 로드리꺼임,True,@모래내시장-q6o
@shutupmalfoy-kr7fu,비닐이 지 스스로 밀쳐진것도 있긴 함,True,@모래내시장-q6o
@ONIGIRIGIMBAB,비닐신은 인성때매 못받을거 같긴 했어요,True,@모래내시장-q6o
@꼿후,비니시우스가 스틸할뻔 ㅋㅋ,True,@모래내시장-q6o
@dogdozi,로드리 어떤선수인지 몰랐는데 돈에 환장한 음바페보단 인간성이 훨낫네,True,@모래내시장-q6o
@나잘래-f9p,지금 댓글달아야지 뭐라두되는데,False,
@이수진-s6l,와 보고나니까 더 대단해보이는걸,False,
@크크크민,5분 보고 나니,True,@이수진-s6l
@HGGGBS,정배다,False,
@0-dz7zo,스트레스에서 벗어나려고 공부를...😨🫨,False,
@ha022.02,오늘 영상도 재밌네(다 안봄),False,
@시온-b3c,퍼거슨이 제일 좋아할만한 선수가 로드리임,False,
@Tilltheendoftime-m3h,박지성이야 구라ㅛㅔㄱ히야,True,@시온-b3c
@Ice_Bear-7,스콜스 같은 선수,True,@시온-b3c
@시난주-y4b,퍼거슨 아니더라도 저정도의 선수라면 모든 감독들의 로망임,True,@시온-b3c
@김상우-g4q,@@시난주-y4b ㄹㅇ 모든감독을 넘어서서 모든 축구인드리 좋아하는 선수일듯 (봉지제외),True,@시온-b3c
@노네임-x5z,부스케츠 보다 위임???,True,@시온-b3c
@BJH14,로드리는 일단 배바지에서부터 근본을 증명함ㅋㅋㅋㅋㅋ,False,
@Sion_kim,미친선수 ..<br>존경하게 된다 닮고 싶다<br>플레이든 생각이든,True,@BJH14
@yunchoi9818,근본 수미임,True,@BJH14
@Jay-vd4vg,ㅇㅈ 우리가 그때 그시절 봤던 배바지들 싹다 근본이였음,True,@BJH14
@김준수-q3s7r,ㄹㅇ 배바지를 안한다고 성실하지 않은건 아니지만 배바지한 애들은 보통 성실함ㅋㅋㅋ,True,@BJH14
@yunchoi9818,@ ㅋㅋㅋㅋㅋㅋ,True,@BJH14
@user-br2lv3cv2s,형님 그리즈만 심층분석 제발 해주세요 부탁 드립니다😢,False,
@박초코-s6l,귀하다 ㄷ,False,
@서준-q8u,33초전~,False,
@유시윤-c3u,일빠,False,
@이말푸,1,False,
@prizepritzker5366,36초전,False,
@홀리몰리-u5r,로드리 대단하네요ㄷㄷ,False,
@크크크민,영상 하나도 안보고 일단 적고보네 ㅋㅋ,True,@홀리몰리-u5r
@홀리몰리-u5r,@@크크크민 헤헿,True,@홀리몰리-u5r
@끄모-e2q,❤,False,
@kimsm9703,아직안봄(다봄),False,
@축생축사-r2t,오 1등,False,
@KEVINYUN-f7s,1,False,
