author,comment,is_reply,reply_to
@bubblygirl5678,자막도 편집도 레오제이님이 하신건가요? 진짜 친구가 편하게 얘기해주는 느낌으로 넘 따수운 영상이라 빠져들어서 봤어요..레오재희 당신 채고야👍🏻,False,
@LeoJMakeup,네네 제가 했어용 ㅎㅎ,True,@bubblygirl5678
@삐뚤빼뚤-v8f,열심히 사시고 쉴땐 또 화끈히 쉬시는 모습 존경스럽습니다~,False,
@정지우-c8m,좀 드셔요ㅜㅜㅜㅜ살이 볼수록 빠지시는거 가텨 많이많이 마아아않이 드셔요,False,
@u2ddou,차분한브이로그 이러케 잘어울릴 일이냐긍... 일본 감성이랑 얼굴합이 짱 ㅜㅜ ☺️,False,
@Pastresloin,6시 비행기.. .쉬는게 . .. .맞아요 ?? 😂😂😂,False,
@냠냠-z1c,성공한 사람의 휴가란 이런것이군,False,
@철갑상어-d3e,진짜 센스있으세요 👍🏽,False,
@다히-l7g,레오제이 영상은 정말 내가 구독한 유튜버중 제일 완벽하다고 생각 재미도 있지만 힐링도 되는 그런 유튜버 오늘 하루가 너무 고단하고 힘들었는데 집에 오자마자 이렇게 내가 좋아하는 유튜버가 영상이 올려져 있어서 지금이 제일 힐링되는 시간인거 같음🫠🩷,False,
@gganbam,타고난 J는 못이기는구나,False,
@박뚜-w9y,어쩜 이렇게 잘드셔 🥰😍,False,
@박뚜-w9y,아니 신발 어떻게 저렇게 탁 신짘ㅋㅋㅋㅋㅋㅋ,False,
@ozzytim9363,레호 공항에서 봤을때 넘 얌전해서 의외였는데 그냥 졸린거엿다니 😂,False,
@쩨리12,여행가면 내 위와 간도 여행가서 먹은음식 싹다 사라지는매직😭,False,
@56ghjMcwdfgr,"State Organs, a documentary that exposes the forced organ harvesting of prisoners of conscience by the Chinese Communist Party (CCP), was screened on October 21 at the Hockessin Public Library in New Castle County, Delaware. Cheng Peiming, a Falun Dafa practitioner who survived organ harvesting, talked about his experience. Saddened by the large scale, long-term brutality taking place in China, many audience members were in tears. <br><br>Mr. Cheng was imprisoned in China for practicing Falun Dafa. While he was in prison, part of his liver and lung were removed under anesthesia. After escaping from prison in 2006, he suffered severe health problems. With the U.S. government’s help, he arrived in the U.S. in 2020 through the United Nations Refugee Program. <br><br><br>Many people attended the screening of State Organs at the Hockessin Public Library in Delaware on October 21, 2024. <br><br><br>Cheng Peiming, the first known survivor of forced organ harvesting, testified during the panel discussion after the screening of State Organs. <br><br>Three state representatives and state senators attended the documentary screening. They urged that more action be taken to stop the CCP’s atrocity of forced organ harvesting.",False,
@cecekim,어머 이번 영상 너무 좋다….🤍,False,
@냉모밀-c8x,먼가 진짜 일상 다운 일상영상이여서 나도 덩달아 힐링~,False,
@romii_9,고급진 여행을 하고오셨네요 대리힐링하구 갑니다 저도 나중에는 꼭 이런 조용하고 럭셔리한 여행해보는게 꿈이에용 ㅎㅎ,False,
@토킹보드,열심히 일하고 열심히 쉬시고 <br>레제님 하고싶은거 다 해! <br>가보지 못한곳 겪어보지못한 경험들<br>매번 대리만족 합니당❤,False,
@go.u.project,ㅎㅎㅎㅎㅎ저 좀 쉴게요 아니구 저 좀 먹을게요🤭,False,
@kmlnkmln,왜 나도 힐링되는건데… 좋다-,False,
@Seungyoung-d2z,썸네일보거 눈이 붉어있길래 무슨일잇나? 햇는데 눈화장이였넼ㅋㅋ,False,
@Oes-w8b,이 영상 미모 진짜 개미쳤는제......? 나 진짜 21분동안 박수치다 물개됐어 상규야....,False,
@이얏호응-w2i,"ㄱ,렇게 먹고자도 왜 안부으세요? 신기하다",False,
@jiniful,음성이 비어도  정말 쉬는것 같아서   보는 제가 마음이 편해요!!! 💆🏻‍♀️ 조용한 브이로그도 너무좋자낭❤️,False,
@pjh102881,쉰다면ㅅㅓ출발하는 시간부터 글러먹음 ㅜㅜ누가쉬는데 여섯시에 출굳하냐고ㅠㅠㅠㅠㅠ,False,
@윤병주-w9d,"레오제이님의 유튜브 채널은 정말 매력적이예요. 다양한 주제와 콘텐츠로 매번 새로운 아이디어의 깊이와 퀄리티에 항상 감탄해요❤ 특히, 독창적인 영상 편집과 개성 있는 표현 방식이 너무 재밌어요. 유머와 진지함을 절묘하게 결합한 콘텐츠 덕분에 언제나 즐겁게 시청하고 있습니다. 앞으로도 계속해서 다양한 콘텐츠로 찾아와주세요!! 🫶🏻",False,
@jykim8069,"아,,, 힐링영상💕",False,
@healthylife_jella,보기만해도 힐링되는 영상🫶🏻,False,
@deanu7422,사람들 쉰다니까 득달같이 달려왔네,False,
@공주예삐,역시 지쳤을 땐 먹놀쉼이지! 근데 쉬면서도 요로코롬 야무지게 고퀄 영상 찍어오는 당신은 정말이지 못말리는 프로 유튜버♡,False,
@jasoang6056,생각보다 왕코네.....?😂,False,
@쭈야-o7r,영상 .음악 너무너무  멋스렀어요😻<br>빨려들어가눈 한편의 서정브이로그를 봤네요~  항상 멋지고 자기관리 짱이신 레오님👍👍,False,
@밍-q8o,다른때랑 다르게 영상이 조용(?)하니까 나도 덩달아 조용(?)해져서 힐링 되는 느낌..<br>많이 먹고 많이 쉬셔서 다행이다..ㅠ이제 또 일해줘요&lt;&lt;,False,
@lololol-i5o,그냥 담백한 데일리 헤어&amp;메이크업 하는 영상 갑자기 보고싶네요 최대한 편집 덜 된 ..?,False,
@jooeun_,"아이엠 ESTJ,, 평소 늘 보듯이 보다가 점심 함바그에 아이스크림 먹는 레제 모습보다 왠지모를 울컥함을 삼킴 왜지 왤까 나지금 행복한 것 같기도",False,
@바사삭-m6f,너무 취향저격 입니다 !!!많이많이 자주 보고싶어요 <br>많이 바쁘시죠 ㅠㅠ견뎌 할수 있어!!,False,
@매여-y7c,와 진쟈 잘생겨따,False,
@starrynight4054,래호재희 푹쉬고와 오늘도 얼굴은 열일.. 항상 응원한다!!,False,
@jhwa03,큐영님 웃음소리까지 에코로 나오는거 개웃기네진짜 ㅋㅋㅋㅋ,False,
@황윤지-f9q,간만에 힐링되는 여행븨로그여따,False,
@얼음산책-v7n,잘 봤어요 ❤❤❤😊,False,
@choijoy2668,ESTJ는 이렇게 쉬는구나..,False,
@user-kk3cr9si2k,진짜 럭셔리 여행 그 잡채,False,
@jy5710,영상미 미쳐써요❤ 브이로그로 나 입덕해버령,False,
@재재성-i2n,레오제이님 아이스크림 먹을 때 착장 안경 어떤 제품인가요 겁나이뿌다,False,
@Kylie-7496-m4h,와 진짜 존나 잘생겼네,False,
@zuuuu_13,마지막 부분에 브금 뭐예요??? 차분하고 너무 좋다…,False,
@suksunghangari,성공한사업가의맛TV,False,
@kong410,"눕방만 해도 조으니 ,,,",False,
@jjju0401,고생많았어요ㅠ 푹 쉬세요!,False,
@Harry-vm4my,안히 레제님 저 교토 캐피탈에서 레제님 봤어요…! 셔츠 피팅해보고 나오시는데 레제님이랑 똑같이 생겨서 슬쩍슬적 쳐다봤는데 목소리가 되게 중저음이셔서 아닌 줄 알았는데…..! 대박 🥲 행복한 여행 되셨길 바라용✨ 영상 잘 보구 있습니다! * 참고로 실물 진짜 잘생겼어요! 완전 연예인 같아요…!,False,
@rarepinkni,일본에 덕질 여행을 갔다왔는데요~ 도쿄랑 교토 쉴틈이 없는 스케줄이였어요ㅜㅜ 이렇게 여유롭게 가는것도 좋겠어요,False,
@Love.B,쉰다고 하고 뭘 (얼마나 많은 걸) 할지 궁금해서 들어옴 ㅋㅋ😂<br>저도 가만히 쉬는 걸 못 하는 편이라 ㅎㅎ,False,
@yeons6508,내가 힐링한 기분 차분하니 좋네요 <br>근데 진짜 혼자가신거에요??? 숙소에서 카메라 각도며 감성이며 이게 무슨일이야,False,
@resetreina,"<a href=""https://www.youtube.com/watch?v=aFz40A0UeC4&amp;t=1094"">18:14</a> 아니 젓가락 반대로 썼지만...?ㅋㅋㅋㅋ 컵라면 많이 사가셨나요~?",False,
@Sayy_What,쉰거......맞아효....? 얼마전 친구랑 단둘이 일본 처음 다녀왔는데 그때 추억도 떠오르고 🥹 저두 그래서 영상 만들고 싶었는데 이렇게 예쁘고 성실하게 다 담는 것도 장난 아니더라구요.? (결국 못만듦ㅋㅋ) 영상 완전 힐링이에요 ㅠㅠㅠㅠㅠ 여행 유튜브는 안 보는데 이건 진짜 재밌게 봄...,False,
@LeoJMakeup,ㅋㅋㅋ 뭔가 익숙해서 그런지 편하게 찍어왔써용 &gt; &lt;,True,@Sayy_What
@aesonzc,음질이 너무 좋아요 그래서 편안해요 !!!!!!,False,
@얇다란,피부가 미친................................진짜 도자기보다 매끈하다............................................................,False,
@asparagus_pepe,래호재히 눈이 안보일 것 같아 .. 앞머리 김이슈 .. 내가 찝찝혀 ㅋㅋㅋ ㅠ,False,
@LeoJMakeup,이거 견디랬는데 ㅠㅠ 자를까말까 고민,True,@asparagus_pepe
@tmddms7,진짜 보는것만으로두 힐링이다..🫠 긍데 레제 입고나오는 옷마다 왤케 예뿌지 다,False,
@빵먹다살찐떡,❤레제 감성 최고🖤,False,
@귀찮음.0,"<a href=""https://www.youtube.com/watch?v=aFz40A0UeC4&amp;t=1255"">20:55</a> 바지를 둘러 쓴 건 가요?",False,
@LeoJMakeup,뭐 비슷해요 ㅎㅎ,True,@귀찮음.0
@귀찮음.0,"<a href=""https://www.youtube.com/watch?v=aFz40A0UeC4&amp;t=848"">14:08</a> 아 진짜 웃겨~",False,
@dream_cacao,약간 고현정님 브이로그 색감 느낌나요 ㅋㅋㅋㅋ,False,
@캭캭-q4e,레오제이님 영상 이걸로 첫입문하게됐는데 생각보다 잔잔하고 무드가 제 스타일이세요 영상 감각도 미춌다,False,
@forevercb100,멋있어요 레오제이 🤍 잘 쉬었어요 진짜 꼭 한번씩 쉬세요! 저도 레오제이님 팀원하고 싶다 팀원들 부롭🥹,False,
@bodoraon,음악도 영상도 넘 좋네요ㅠㅠ 구도도 좋아서 계속 10초전으로 돌려봄ㅎㅎ 잘 먹고 잘 쉬는거 넘 좋죠!! 저는 여행을 잘 안가고 못가는데 대리힐링했어요 래호재희 좋다 응응~~!!,False,
@LeoJMakeup,❤❤❤❤❤,True,@bodoraon
@포팅-i6g,멋있어요 힘내세욥,False,
@owm-v3,"인급동 타고 왔는데 브이로그 감성 너무 좋네요 구독하고갑니다,,",False,
@LeoJMakeup,❤❤❤❤❤,True,@owm-v3
@lettreton7132,"돈까스✨ <a href=""https://www.youtube.com/watch?v=aFz40A0UeC4&amp;t=440"">7:20</a> ㅋㅋㅋㅋㅋㅋ 좋은 곳에서 잘 먹고 쇼핑도 즐기며 조용하게 잘 쉬는 혼자 여행 😆 식도락 제대로 즐기시네요👍 가 보고 싶은 곳은 꼭 가고 싶은 계획형에게는 가끔 필요할지도 ㅋㅋㅋㅋ혼자여도 바쁘다 바빠",False,
@LeoJMakeup,바쁘게 잘쉬엇따~,True,@lettreton7132
@dormamoooo,모야 너무 재밌다.. 강민경님 영상 보는 것처럼 몬가 디게 샅샅이 보게 되는!?? 브이로그에요오 너무 좋은데요?,False,
@susuus2,많이 피곤해보여요 푹 쉬세요! 근데 이런 바이브 영상 넘 좋아요 .. 앞으로 요런 느낌으로도 살짝씩 찍어주시면 좋겠어요^____^,False,
@LeoJMakeup,❤❤❤❤❤,True,@susuus2
@susuus2,@@LeoJMakeup 🤍🤍🤍🤍🤍,True,@susuus2
@Oo-vr6tm,이 영상 여태 본 영상중에 젤 잘생김 뭐임,False,
@popo-o8h,피부 경이로울정도로 좋으시네요,False,
@힝채-d8q,혼자브이로그존잼❤,False,
@Eunseokasaaranghae,레오제이 여행 브이로그보면 맨날 내가 힐링됨 ㅠㅠ,False,
@이구아나-v9e,"모자이크 제대로 안한거 좀 실망이네요... 오마카세 앉은 사람들, 종업원 동의를 구하고 찍으신건가요?",False,
@LeoJMakeup,추가 수정중이에요~ 더 신경쓸게요 !,True,@이구아나-v9e
@이유림-y8n,"헉 이런 브이로그 감성 너무 취저에요,,,레오제이님 분위기랑 찰떡인,,, 혼자 쉬는 이런여행 브이로그 많이 올려주세요❤",False,
@naevvxe,"<a href=""https://www.youtube.com/watch?v=aFz40A0UeC4&amp;t=509"">8:29</a> 갑자기 레제가 스시 만드는 줄,,",False,
@LeoJMakeup,창의력 왕이셔,True,@naevvxe
@naevvxe,힘들 때 더 빛나는 미모..,False,
@so-sweet,난 또... 유투브 쉰다는줄 알고 깜짝 놀랬네 ㅠㅠㅠㅠ,False,
@user-sn2qn8kc7r,편집이 바뀐것같아요,False,
@LeoJMakeup,다양하게 하고있어용😉✨,True,@user-sn2qn8kc7r
@Fje00763,너무 재밌게 잘 봤어요 친구들이랑의 여행도 좋지만 혼자서 편안하게 여행하는 모습에 같이 힐링하고 갑니당,False,
@LeoJMakeup,조았써!!!!,True,@Fje00763
@jinyu3087,한 달 이렇게 좀 쉬세요!!!! 2박 3일<br>쉬는 거 마저도 무슨 새벽 4시부터 시작이야!!!!!,False,
@LeoJMakeup,나 너무 재충전됐쟈나,True,@jinyu3087
@jinyu3087,그렇다면 너무 다행이야...,True,@jinyu3087
@모찌메리,저두 12월에 혼자 교토가는데 ㅎㅎ 덕분에 미리 연습했네요 (아직안봄),False,
@LeoJMakeup,모야 빨리봐❤,True,@모찌메리
@모찌메리,@ 헐 가문의영광 캡쳐📸,True,@모찌메리
@dadad681,아니 왜이리 존잘러야😵,False,
@Go_yang222,어떻게 여행이 쉼이 될 수 있지...? <br><del>지나가던 대문자 I</del>,False,
@LeoJMakeup,ㅋㅋㅋㅋㅋㅋ 한줄긋기까지 완벽하다,True,@Go_yang222
@Go_yang222,@@LeoJMakeup 앗 댓글...! 고마워 🫣,True,@Go_yang222
@alle_1222,아 편안해,False,
@LeoJMakeup,❤❤❤❤❤❤,True,@alle_1222
@aa_eseon95,기 승 전 결 너어어무 완벽했다!,False,
@LeoJMakeup,오예...❤,True,@aa_eseon95
@aa_eseon95,@ 하트 오~~~~예이!,True,@aa_eseon95
@냐미-k7c,영상 보는 내내 힘든 마음이 치유가 되는 것 같아서 눈물이 조금씩 나왔네요 .. 영상 보는 내내 위로받는 느낌이였어요. 우리 레오제이도 항상 자기 자신 챙겨가면서 일했으면 좋겠어요 ㅎㅎ,False,
@LeoJMakeup,울지마 바보야❤,True,@냐미-k7c
@みじ-q3j,다음에 교토에 오면 꼭 &#39;나즈나 교토 츠바키 스트리트&#39;에 숙박해 보시기 바랍니다. 일본인인 제가 일본에서 가장 감동한 호텔 중 하나입니다. 일본다움을 느낄 수 있다고 생각합니다.🇯🇵일본에 와주셔서 감사합니다!✨,False,
@LeoJMakeup,와.. 진짜요?? 꼭 가볼게요🙏🏻,True,@みじ-q3j
@푼젤이-y7q,드디어 쉬시네요!!! 조용한 느낌 너무 좋아요!!!❤❤,False,
@LeoJMakeup,그쵸...?🤍,True,@푼젤이-y7q
@후아아-1,제이님 마지막 찻집에서 입은 셔츠 정보좀 주세요요요요요요요 너무 이뻐요 물론 제이님 얼굴이 더❤,False,
@LeoJMakeup,savage 라는 브랜드 제품이에용❤,True,@후아아-1
@karin_xian,어머 차분하고 조용한 레오제이 브이로그도 좋그만,False,
@user-rem82,힐링이되...너무좋타,False,
@지욘-b9f,아니 영상이 떴는데 얼굴은 당연히 잘생겼는데 눈이 약간 빨게가지고~ 쉬어간다는 문장있고ㅠㅠ 놀라서 들어왔는데 ㅋㅋㅋㅋ 내가 생각한게 아니여서 맘 안심시키고 저까지 힐링되는 브이로그여서 잘보고 갑니다 ㅋㅋ,False,
@LeoJMakeup,😉💕,True,@지욘-b9f
@이명진-d9l,웅장한 음악 선곡 재미지다...✨센스 폭발데스! 진짜 힐링영상이네요. 레오제이 여행영상에서 없던 차분얌전한 갬성ㅋㅋㅋㅋㅋ 재밌어요! 레오제이 쉬지마...아니쉬어...쉬지마....아니쉬어!! 하여튼 보고있으면 기분좋은 영상 감사합니다! 교토 가고싶어졌어용💗,False,
@LeoJMakeup,😍🫶🏻🫶🏻🫶🏻,True,@이명진-d9l
@jihyo0908,"레제님 혹시 촬영 어떤걸로 하시는지 여쭤봐도 될까요오,,?",False,
@LeoJMakeup,이번영상은 아이폰16프로맥스<br>소니mark7m4 24-70<br>아이폰16프로맥스에요,True,@jihyo0908
@홍삼인더트랩,"<a href=""https://www.youtube.com/watch?v=aFz40A0UeC4&amp;t=715"">11:55</a>,,헤????모야,,ㅜㅜ츄륩",False,
@rookiex2,잘한다잘한다 하니까 진짜 잘하네,False,
@mindddorang,좋은데?❤❤❤❤❤❤❤❤❤,False,
@화이팅-b9e,찐I가 보는데 너무 힐링되는 영상이었어요ㅠㅜㅠ,False,
@LeoJMakeup,나도 힐링 받았어🫶🏻,True,@화이팅-b9e
@Lacone0501,저도 혼자서 해외여행 가고 싶은데 막상 혼자 가면 방랑자 되어버릴까 봐 고민하고 고민만 하게 되는 그런.. 혼자만의 낭만과 행복을 찾아가는 여행 영상 너무 좋네요,False,
@Vanellopeeeeee,이렇게 혼자 여행하는 콘텐츠도 너무 좋은데요.,False,
@BB-rl6yz,그짓말..~,False,
@qh-7925,잔잔미 이거 너무 좋은데... ?<br>힐링된다는 말이 절로 나옵니다ㅠ🍃🍃,False,
@LeoJMakeup,❤❤❤❤,True,@qh-7925
@겨울이었다-h9q,오빠 P가 짜주는 여행 또는 아무것도 안 정하고 여행가기 챌린지 해주세요,False,
@LeoJMakeup,안그래도 다음 영상이 P의 여행이에요 ㅋㅋ,True,@겨울이었다-h9q
@겨울이었다-h9q,@ 헐 통햇다,True,@겨울이었다-h9q
@user-op9kd3lj6v,진짜로잘생겻다….,False,
@니키네,👍 👍 👍 👍 👍 👍 ❤❤❤,False,
@queenjy,쉰다며.....,False,
@frenchbullduck,5분쯤 지났을때.. 잠깐 누구 채널이었지..? 했어요 ㅋㅋㅋㅋㅋㅋㅋㅋㅋㅋㅋㅋㅋㅋㅋ 난 이번영상 너무좋다,False,
@moonggae0506,그대 얼굴이 풍경이고 휴식일세 청년.,False,
@LeoJMakeup,❤❤❤❤,True,@moonggae0506
@chocosongiii,레오제이 이렇게 맛있는 거 많이 먹을 줄 아는 사람이었어...? 앞으로 맛있는 거 많이 먹어 줘요 ㅠㅠ ㅎㅎ,False,
@LeoJMakeup,나도 놀람.. 이렇게 많이먹다니 ...,True,@chocosongiii
@chocosongiii,@ 아프지 않게 꼭꼭 잘 챙겨먹어요 🩵,True,@chocosongiii
@I나,요즘에 브이로그 오래 못보는 편인데 너무 편안한 분위기라 멍때리면서 봤어요!!,False,
@LeoJMakeup,ㅠㅠ 최고의칭찬,True,@I나
@커피커피-y5y,얼굴만 봐도 진짜 힐링이네,False,
@user-peppermint1,레오제이 사랑해,False,
@니딩-t3u,제발 누워서 푹쉬어요,False,
@LeoJMakeup,누워서 답글 다는 즁,True,@니딩-t3u
@yeou9116,어머어머어머 교토갈계획이라 요즘 교토영상만 찾아보는데 어머어머,False,
@LeoJMakeup,어머어머 여기 나오는곳 다 추천이야~~!!,True,@yeou9116
@김요니-r3t,보는내내 오뽜 안경 탐나여ㅋㅋ 어디꺼에요?,False,
@LeoJMakeup,젠틀몬스터 마르지엘라 콜라보 제품이에요!,True,@김요니-r3t
@룰루랄라-b1o,레오재희님 안경 정보 아시는 분 있나요?? 진짜 딱 내가 찾던 모양 그 잡채ㅜㅠㅠㅜㅜ,False,
@LeoJMakeup,젠틀몬스터 마르지엘라 콜라보 제품이에요!,True,@룰루랄라-b1o
@룰루랄라-b1o,@ 감사합니다!,True,@룰루랄라-b1o
@wdjdksoqxjzkl,직원 분들이랑 손님들 모자이크는 하셔야 할 것 같아요!,False,
@지청-h6i,근데 진짜 잘드시네영😂😂,False,
@user-gracee,"뼛속까지 J인 레오재희를 어쩌면 좋지.. <a href=""https://www.youtube.com/watch?v=aFz40A0UeC4&amp;t=111"">1:51</a> ㄹㅇ 이거 키티열차 타는 곳까지는 어찌어찌 내려갔는데 타는 곳 줄이 자유석이 있고 지정석이 있어서 개헷갈림...",False,
@LeoJMakeup,휴 진짜 놓칠까봐 진땀 ㅠㅠ 일본어 배워야겠다...,True,@user-gracee
@루나메리,이런거까지 재밌으면 우짜나~,False,
@almaeng2_2,사람들에겐 언제나 휴식이 필요하죠......저도 좀 쉬고싶네여..흑<br>랜션휴식한거 같아서 넘 좋았어요.<br>앞으로도 쉬면서 열심히 영상 올려주세요!,False,
@twinkleHB,뒤에서 몰래 따라다니고 싶은 여행이네요..😂,False,
@소희임-u6i,고생했슈. 아무리 뭘 먹어도 내가쉬는공간에서 싹 씻고 편안한옷으로 갈아입고 먹는 그것이 최고맛있고 배부른겨. 잘했슈❤,False,
@박효주-x9i,"카메라 어떤걸로 쓰는지 알수 있나요😭😭? 화질도 좋아서 고프로어떤건주ㅏㅠㅠㅠ <a href=""https://www.youtube.com/watch?v=aFz40A0UeC4&amp;t=145"">2:25</a>",False,
@LeoJMakeup,오즈모포켓<br>오즈모액션4<br>소니 a7m4 24-70<br>아이폰16프로맥스에요~,True,@박효주-x9i
@chiczizi,혼자 놀아도 정말 알차다 이렇게 종종 혼자 놀아줘잉,False,
@LeoJMakeup,오예~,True,@chiczizi
@kimtiger54,"야무지게 잘도 돌아댕긴다 진짜로, 나도 담에 똑같이 댕겨볼거야",False,
@깡깡-e9r,와 지대로 힐링이다 ㅠㅠ,False,
@미니미키-i6k,역시 일 잘하는 사람이 쉬기도 잘 쉬네.. 👍🏻,False,
@김쿵쿵-o2s,와우.. 보는 저도 대힐링이다.. 브이로그같은거 잘 안보는데,False,
@장장군-r5u,역시 쉼마저 업무화…,False,
@Imab_427,쉬는것마저 컨텐츠라니… 므쪄,False,
@챈쓰,최근에 저도 일본여행갔는데 너무 행복쓰..브이로그 보는데 그때 그 감정이라 행복…,False,
@joy8893,영상미 쥑이네..,False,
@John-z1y8b,"네,음음~~",False,
@youlssung8665,"레오제이 너무 잘생겼는데,, 착해,, 좋아,,",False,
@playing1381,레오제이님! 이번 휴식만큼은 레오제이님만 생각하며 하고 싶은거 뭐든 하셨으면 좋겠어요! 항상 응원합니다,False,
@Dear__m.e,말없으니까 완전 지적인 훈남st… 얼굴이 너무 재밌어..😢❤,False,
@뀨뿅하,점심 두끼 ㅋㅋ̤̫ㅋ̤̮ㅋ̤̻ㅋ̤̫ㅋ̤̮ㅋ̤̻ 야무지다,False,
@forever_21young,"이렇게 잘 먹는 사람이 풀뗴기만 먹었다니,.,, 자기관리 짱이다",False,
@LeoJMakeup,나도 놀라버려...,True,@forever_21young
@mozini__,다녀오세요,False,
@달달구름,릴렉스 힐링영상 레오제이 넘 고마워!!!! 영상까쥐이 넘 좋았다,False,
@Belle-t5o-b1g,아니 하나같이 깔린 곡 개좋다 ㅁㅊ 누가 깡았먀.,False,
@LeoJMakeup,댓츠미!!!,True,@Belle-t5o-b1g
@Belle-t5o-b1g,@@LeoJMakeup클래식음악 하는 사람으로써 너무 좋습니다 .. 최고 🩷,True,@Belle-t5o-b1g
@uunnuun,와 나도 같이 여행하면서 쉬는 기분... 유튜브의 순기능이다,False,
@gracepark2704,"카메라 앞에서 억텐말고, 레이제오님도 편히 쉬신 것 같고 오빠의 조용한 일상 영상을 보여주신 것 같아서 보는 내내 같이 힐링~~~ 이렇게 종종 쉬어주면서 일하세요 늘 해피! 건강!❤😊",False,
@choerijoy,이번 브이로그도 너무 좋아요!<br>혹시 엔딩에 나오는 곡 제목이 뭔지 아시는 분 계실까요..?,False,
@user-er1hz9sc8z,2일차 시작하니까 급 느좋 브이로거 느좋 남자 등장,False,
@qyoungwoo,여행내내 내 생각하니? 울었니? 넌 날 너무 좋아해서 탈이다 ~ 웅~,False,
@nabi1988,😂😂😂😂😂음성지원돼요 ㅋㅋㅋㅋ,True,@qyoungwoo
@RAVAMME,ㅋㅋㅋㅋㅋㅋㅋㅋㅋㅋㅋ,True,@qyoungwoo
@빈-c9m,엔딩 쿠키영상 음악 아시는분ㅠㅠㅠ제발,False,
@hot-tweety,쉴꺼면 제대로 쉬어 36시간 눕방 이런거 있잖아 의식 없이 잠만 자는거 이런 바지런한 휴식이 어딨어 빚취-ㅉ!!,False,
@lovelyyoung-h7l,넘나리 잘생긴 레오제이❤❤❤,False,
@gusl0522,정상규의 홀로 일본 브이로그는 이런 감성이구나🥹🥹 너무 좋타 아주 그냥 힐링이야~ 쉬러간건 맞지만 뭔가 그래도 알찬 느낌 ? ㅎㅎ 넘 재밋어,False,
@하하이-t1j,이런 잔잔한 오빠만의 무드를 볼 수 있는 영상 너무 좋아요☺️,False,
@zz.____.eundang,"휴가는 갔지만..! 휴가에서 찍은 영상은 포기는 못해!!.. 왜냐 일 같지만 안찍기엔 너무 아까운 컨텐츠거듄 차라리 추억이라도 남기자 혼자 여유롭게, 먹고 싶은거 다 먹고 사고 싶은거 사고 예쁜 풍경 눈에 담아오는것도 힐링 그 자체 나였어도 포기 못했을 듯😊 이번 여행은 일본 여행을 준비하는 사람들에게 좋은 컨텐츠이며 영상으로만 봐도 대리만족할 수 있는 영상임🫶🏻 같은 ESTJ로써 우리만의 쉬는 법 잘 봤습니다. 그동안 수고 했어요 앞으로도 화이팅🥰",False,
@jejsgpp,배경음악 선정이 너무 좋은거 같아요!! 영화보는 느낌😻,False,
@kangjihyun,몇 끼를 먹고 온 거애 부러워잉,False,
@oricci,혼자 조용히 여행가고 싶었는데.. 이 영상을 보니까 교토로 다시 가보고 싶네요^^<br>너무 잘 봤습니다. 보는 제가 힐링 제대로 했어요,False,
@워니_m1z-z1j,와 근데 혼자가셨는데 영상미 무슨 일이에요… 혼자서 다 찍은 거라니,False,
@ST-min,와 갑자기 교토 여행 가고싶어지는 magic…. 파크하얏트만 생각했었는데 포시즌스도 좋네요😍<br><br>그리구 면세에서 사신 것처럼 가격대 있는 스킨케어 앰플들도 리뷰도 해주셨음 좋겠어요 ㅎㅎㅎ,False,
@크르릉-g9d,레오제이님 일 너무 열심히 해서 진짜 쓰러질까 봐 걱정 ㅠ,False,
@진행시켜-z9b,"<a href=""https://www.youtube.com/watch?v=aFz40A0UeC4&amp;t=609"">10:09</a> 먼가 에이미님이랑 닮은거같아요 인플루언서분! 쌩얼에 수건두르고 먹방하셔서 그런가ㅎㅎ 같이 영상 찍어두 재밌겠당",False,
@요옹-c7k,"혼자 여행이라니🫢 넘 알찬 영상이구,,,진짜 힐링되는 기분🖤 그리고 우리의 레호제희.... 일하는 것도 좋지만 휴식도 넘넘 중요하다 생각해요 건강이 늘 최우선이길 바랍니다 걱정없이 푹 쉬다와도 돼요 오레오들은 늘 상규 곁에 있쫘놔~~🍪💙",False,
@나무열매-c2j,비지엠 다 너무 좋아요 <br>그리고 마지막 큐양띠 😂❤,False,
@50억가진사람,진짜 귀중하고 예쁘고 맛있고 편안하게 잘쉬고 오셨네요 나도 가보고싶을정두루...<br>비싸고 좋은 것들로만 내 몸에게 선물해준 시간 느낌ㅅ,False,
@mon9731,얼굴은 항상 열일중 ㄷㄷ,False,
@진행시켜-z9b,스케줄 빡빡하다고하는 사람 없이 오롯이 혼자 계획한대로 힐링ㅇ... 아니라 일하러간....? 좋은데 반가운데 맘아파요 뿌엥 (아직 끝까지 안봄),False,
@chicory000,혼자 다니는데도 영상을 촬영인원 붙은 것처럼 다각적으로 잘 찍네 진짜 프로다,False,
@황혜빈-x9x,둘째날에 나오는 노래 알구시퍼요 😢😢,False,
@요닝-z1j,레오제이 오라바니~~~! 영상보니 넘 좋지만 이곳저것 너무 마니 다니셔서 진짜 힘드셨을 것 같아요 ㅠㅠ ㅠ 여행 후 푹 쉬실 수 있는 시간이 많으셨기를 바래보아용😊항상 응원합니당💕💕💕,False,
@요닝-z1j,레오제이오빠 일본여행 진짜 알차고 빡세게 다녀오신 것 같아요~~~ 고생 진짜 많으셨어용 🤍🤍🤍 영상 감사해용 ㅎㅎㅎ,False,
@hhb9423,피곤하다면서 계속 잘생긴 얼굴,False,
@음미-o8l,재미있다 나도 교토여행 레오제이처럼 다녀야지,False,
@cian712_,ㄱㅋㄱㅋㄱㅋㄱㅋㄱㅋㄱㅋㄱㅋ쉬러가는여행을 누가6시비행기타요,False,
@ddefgoo,레오제이사랑해,False,
@수원광교하트,너무 보고 시퍼짜나... 쉬러가서 우리위해 영상은 열일했네요😘,False,
@useraye2e,결재 불허. 평생 우리랑 놀아,False,
@박설희-f3u,진짜 푹 쉬셨으면 좋겠어요 ㅠㅠ 너무 피곤해보여요ㅠ 놀러가서도 친구들 생각해서 큐영님 선물도 사고 다도 하면서도 주호님 생각하는 레오제이님 마음이 너무 예뻐요!💚,False,
@yb12301,미모는 열일하네요❤️,False,
@sujinoh2607,오빠 왤케 차분하셔 ㅋㅋ 텐션 어디간거게용!<br>저도 최근에 도쿄 혼자 여행갔는데 일본 특유의 차분한 분위기 때문인지 뭔가 텐션이 쳐지더라구요,False,
@콩냥-n2n,이런영상도좋다마음편안해졌어...,False,
@shfo-jd8oz,와앙 저도 같이 힐링…,False,
@helpmeoutmisskang4465,오디오가 조용해서 진짜 힐링이다.,False,
@hhb9423,마자요 공감공감,True,@helpmeoutmisskang4465
@HY_00,ㅋㅋㅋㅋㅋㅋㅋㅋㅋ,True,@helpmeoutmisskang4465
@듀듀-e6x,극공감진짜 그래서 보는 내내 편안했나봐요,True,@helpmeoutmisskang4465
@치코캬라멜,오디오만 조용하잖아요……..ㅋㅋㅋㅋㅋㅋㅋㅋㅋㅋㅋㅋㅋㅋㅋㅋㅋㅋ,True,@helpmeoutmisskang4465
@세인언니,일주일에 하루는 완전히 쉬어야 장수한데여,False,
@ttunba,브이로그는 이렇게 찍는거구나 일본마렵네....하,False,
@동도로롱-r6m,브이로그가 이렇게 색감좋게 영상미있어도 되는곤가요 ㅎㅎㅎㅎ,False,
@iii4741,이 영상 유독 섹시해보이신다…… 잘생겼어요,False,
@syjuknow,음식 대박입니다🎉,False,
@주이-e7y,후쿠오카도 가주세요 맛집 알려주세여🥹,False,
@사천-y7y,썸네일 진짜 미쳤다,False,
@ggani_e5,이렇게 조용한 레호제희 단독 브이로그 너무 맘이 편안해지고 밥칭구 휴식칭구로 너무 좋아요 이런 영상 마니 올려주세요!!!,False,
@user-mirox,쉬는 것도 일을 더 잘하기 위함이다 ? 번아웃오면 안되니까 좀 쉬실게요 ~,False,
@HAN-px1fk,보지도 않고 제목관 달리 더 열심히 사는 영상일거라고 생각함,False,
@하이-r1x,편집 갬성이 너무 좋네요,False,
@RosieK-c4n,카메라 정보 알려주세요..!,False,
@오렌지-c8v,영상 보는 내내-내가 힐링한 느낌이야ㅜ 나도 요즘 넘 피곤한 하루하루를 보내고 있는데-고마웡❤,False,
@JEONJI_,"영상 색감부터 차분한톤이라 일본여행 브이로그랑 너무 잘어울리고 푹자고 맛있는거먹는게 최고힐링인 사람이라 나까지 편안해지는 기분,,,,,😌 🎋",False,
@yujinlee103,"<a href=""https://www.youtube.com/watch?v=aFz40A0UeC4&amp;t=600"">10:00</a> 압둘라 3세",False,
@중앙동햄주먹,와 살이 왜케 빠졌지? ㅠㅠ 몸도 맘도 잘 쉬다오세요,False,
@임진영-m7z,쇼핑 시작 부분에서 나오는 노래 제목 아시는 분 계실까요...?,False,
@안지연-l4q,❤,False,
@mmfd_kr,카메라 꺼!!!!!!!!!!!!!!!!!!!!!!!~~~~~~~~,False,
@애벌레-u7u,"무슨 영화한편을 편집하셨네,,,😮😮",False,
@Daaali789,아니 왤케 잘생김 볼때마다 깜짝깜짝 놀람;;;🥹,False,
@Daaali789,레제 진짜 멋지다...,False,
@구구가가-l8p,이런 차분한 영상도 좋네요 ㅎㅎ 열심히 일하셨으면 재충전 하셔야죠!,False,
@_qwe2880,쉬ㅡ는 거 너무 중요. 당근과 채찍을 조화롭게 줍시다 🧡,False,
@또로미-j1s,"<a href=""https://www.youtube.com/watch?v=aFz40A0UeC4&amp;t=714"">11:54</a> 함바그 육즙 폭발에서 도파민 터져버림…😂❤<br>래오재희 님 휴식영상 보는데 저까지 힐링되는 기분😌🌿",False,
@냐냐_G,ㅋㅋ 키티 열차탈때부터 큐영생각나드라구..😊,False,
@imyumyu,엥? 양손잡이세요? 두부어쩌고는 오른손 규동?은 왼손이던데 신기!!,False,
@junheelee2146,와 근데 진짜 잘생겼다,False,
@Andolpin,NAGA,False,
@jjaejjae_,쉰다는 사람이 21분 영상 올리시는건가요 ㅠ? ㅋㅋㅋㅋㅋㅋ 존경,False,
@emwowd,영상 퀄 무엇 ㅠㅠㅜㅠㅠㅠㅠ 너무 열심히 일하고 오신 거 아니냐구요ㅠ 근데 또 왤케 잘생겼숴 ......,False,
@mmmm-js5hc,레제님 오마카세에서 입은 니트집업 정보좀 주실 수 있나요 ㅜㅜㅜㅜㅜ??,False,
@Kiofoo,"<a href=""https://www.youtube.com/watch?v=aFz40A0UeC4&amp;t=322"">5:22</a> 점심 !! 오타나부렀으용",False,
@TV-rv3sn,"estj 특<br>1.<br>주위 사람들이 다 잘하고 있다 해도 고맙긴 하지만 ?! <br>본인 기준 만족스럽지 않음 + 더 잘해야 할 것 같음 + 본인의 목표는 상당히 객객ㄱㄱㄱ개ㅐㄱ개 높음 (ₑₓ : 누구누구님 처럼 나도 더 잘해야해)  <br>&gt; 본인 기준 만족스럽지 않음의 굴레<br>팩트 : 근데 잘하고 있음<br><br>2.<br>쉴 때도 불안함<br>(긍데 안 쉬면 곧 진짜 터질 거 같아서 고민 1,000,000,000번 하고 쉬는 거임)<br>&gt; 진짜 푹 쉬장 .ᐟ.ᐟ.ᐟ 하고 쉬면서도 뭔가 함 뭐든 함<br>&gt; 긍데 뭐 결과물 낫뱃<br>(ₑₓ : 이렇게 여유로워도 되나 ..? &gt; 불안 &gt; 뭐든 해냄)<br>결과 : 쉬었다 + 그럼에도 뭔가 해냈다 + 결과 나쁘지 않당 = 나는 잘 쉬었다 🩷 럭키비키 🍀<br><br>어떻게 이렇게 잘 아냐구요? 저도 estj거등요<br>늘 레오제이님 보면서 동기부여 받고 더 열심히 하구 있어요<br>1번에 누구누구님 처럼 ~ 의 누구누구가 레오제이님 🥹<br>엣티제의 자랑스러운 대장님 납셖다 이말이야 👑<br>제 댓글 보실진 모르겠지만 .. 피식 하구 조금의 힘이라도 되길 바라며 주절주절 해봤어요 오늘도 수고하셨사와요 🫡",False,
@TV-rv3sn,ㅝ야 다 적고 나니까 넘 길잔아 ㅠ 쏘부끄 쏘머쓱 주접킹이 되 ㅠ,True,@TV-rv3sn
@kearpo,레오제이 하고픈 거 다 해,False,
@BJE-l4e,우와 이런 브이로그 너무 좋아요🤍<br>건강 푸우욱 챙기셔요!!,False,
@junheelee2146,"<a href=""https://www.youtube.com/watch?v=aFz40A0UeC4&amp;t=277"">4:37</a> 근데 진짜 잘생겼다",False,
@sungminim2705,진짜 외모 쉬는 법은 죽어서도 모를듯,True,@junheelee2146
@Lets-go-link,뱀파이어같음,True,@junheelee2146
@junheelee2146,새벽 4시에 출발하고 새벽 6시에 일어나서 여행하는게 쉬는거였어..?ㅋㅋㅋㅋㅋㅋ<br>아 낮잠도 자는군요,False,
@coffeebarra,큐영표정 ㅋㅋㅋㅋㅋㅋㅋㅋㅋ 선물 줄 맛 나겠다,False,
@fourleafclover_jihyun,"<a href=""https://www.youtube.com/watch?v=aFz40A0UeC4&amp;t=24"">0:24</a>청초한 레제님☺️<br><a href=""https://www.youtube.com/watch?v=aFz40A0UeC4&amp;t=1250"">20:50</a>베로의 레제님 바라보는거 사랑스러워😻<br><a href=""https://www.youtube.com/watch?v=aFz40A0UeC4&amp;t=1261"">21:01</a> 큐영님 반바지 모잨ㅋㅋㅋ🤣<br>혼자 쉬려고 간 교토 븨로그 진짜 알차면서도 힐링 되자나❤",False,
@듀듀-c7p,"차분하고. 조용한 븨로그 너무 좋아요,,<br>이불속에서 보는데 같이 쉬는 느낌..🙏🏾",False,
@야미-p7v,왤캐 잘생ㄱ긴것임 ..ㅇㅅㅇ 안경 정보좀 주세요..!!,False,
@duwls0952,보고싶었다구 레호제희ㅠㅠㅠㅠㅠㅠㅠ,False,
@델푸-x5m,존자루 데스네..,False,
@루나집사,보고 저까지 힐링 많이 되네요 ㅎㅎ 좋은 영상 많이 올려주세요 감사합니다 ❤,False,
@flying.squirrel.,분명 쉰다고 했지만 본격적인 영상… 오히려 좋아,False,
@Yoonchongchong,얼굴 쪼막만해져서 우째쓰까 했그만. 하루다섯끼나 먹어블믄 보는 내가 든든햐요.,False,
@JJYY-f9x,마지막에 곡 뭐에요? 차분하고 좋다...❤,False,
@징니-e7d,"<a href=""https://www.youtube.com/watch?v=aFz40A0UeC4&amp;t=180"">3:00</a> T 하우스요? 🫢ㅎ",False,
@잰2-x9f,쉰다며!!!! 쉰다며!!!!! 근데 브이로그 왜찍어?ㅜ 어디가 쉬는거야ㅜ 누가 새벽비행기타? 갓생사는 레오제이 난 못해못해~ㅜㅜ,False,
@줄줄2-n5c,처음에 걱정돼서 호다닥 달려왔는데 이사람.. 진짜 들었다 놨다 하는 마성의 유튜버😂,False,
@사쿠야-s1r,웅앙앙 !! 오빠팬이에여! 😻😻,False,
@yummy028e,혼자다니는 브이로그 넘 좋아요ㅠㅠ,False,
@CHAECHAE-o1d,제 유일한 x배속 안하고 보는 레오제이 영상입니다🥹,False,
@Zani0_0,혼자 다니는데 왤케 귀여워요 레제!!🥴❤️,False,
@보보-o4r,솔직히 혼자 심심하져!! 그니까 저 데려가연,False,
@김수연-z1j,아휴 놀래서 후딱 들어왔네... 하지만 언제든 쉬어요 레제님... 언제까지고 기다릴 수 있어요!!,False,
@sushannon8410,휴식브이로그에도 이렇게나 감각적인 영상미.. 😮,False,
@sergeyahn,항상 응원하지만 영상 업로드 꾸준히 해주세요 ㅎ,False,
@오로지-i6f,꼭 필요한 순간에  쉬시는 거 같아 보는 내내 저도 힐링 됐어요. 이번 영상 너무 좋아요.. ♥,False,
@harim1998_,"엣티제는 절대 못쉬어,,,",False,
@Yyaya-b4x,어으 이 오빤 자꾸 잘생뻐져❤,False,
@melodyk4960,‘저 좀 쉴게요’라는 썸네일에서부터 절대 쉴 것 같지 않을것만 같은 느낌이…..😂ㅋㅋㅋㅋㅋㅋㅋㅋ,False,
@eunisluv,일이 바빠 힘들었구나 <br>레오야 이제 좀 쉬어두대,False,
@yoguyogu-love,쉰다 그러는 썸네일을 보고 들어왔는데 쉬지않고있다....😢언제 쉬시는거죠....?😂 어서 고생한 레오제이님 토닥토닥 해주셔야돼요 혼자만의 푹쉬는시간 가져야된다구욧!!!,False,
@Jinkims,레오제이 요즘 힘든거 아니지?!!???<br>언제나 몸 건강 정신건강이 우선이에요<br>우리 오래보자아😊-지나가는 78만번째 오레오,False,
@이윤서-p2j,그래 좀 쉬어라.,False,
@방미르-z5t,면세점 추천해 주세요! 봐도봐도 모르겠는 뷰티 제품 때문에 매번 살까하다 돌아서요😢,False,
@lovechae3847,쉬는 영상 좋아요 몸챙기며 일하세요^^,False,
@김나-n7c,역쉬E구나 놀러 나가다니..,False,
@eeej9048,내 평일보다 바쁘네,False,
@user-vi5ss1zv5p,외모 뭔데..감탄하면서 보고있음,False,
@user-vi5ss1zv5p,개 잘생겼네여,False,
@redbluepurpleviolet35,"진짜 레제님 여행스타일 너무 내 스타일..... 그대로 가고싶어요.,❤❤❤❤❤ 알차게 영상 찍어왔다 증맬루",False,
@aori,쉬러간것치고는 브이로그가<br>너무 본격적인데요!!!!!!!!!!!!!!,False,
@gomaammmi,온....니....?,True,@aori
@조녜서,아옳너무조압,True,@aori
@힝채-d8q,❤❤❤,True,@aori
@jooeun_,별거없이 그저 맛있는거먹구 구경하다만<br>오는게 왜왜앵!!!!…? (ESTJ),True,@aori
@성이름-r8p9u,쉬다면서 저렇게 꼼꼼하게 찍고있다 저인간..,True,@aori
@보금-m5q,브금은 왜 중국이야ㅜ,False,
@MusicMeeing,잘생겼다,False,
@고독미,혼자하시는 여행도 묘하게 힐링되는데요???,False,
@현-w6k,견뎌,False,
@StellaChoi952,레오님 안 그래도 셀렉 스토어 끝나고<br>좀 쉬셔야 한다는 생각을 했었는데<br><br>넘 잘하신 것 같아요 💚❤️<br><br>교토에서 즐거운 여행이셨길<br>바라요 💜🩵<br><br>그리고 영상 공유 감사여 ㅎㅎ <br>기자 친구가 레오님<br>잘 생겼다고 ㅎㅎ 푹 쉬고 다시 화이팅<br>💜🩵💜🩵💜,False,
@qkrtldus,쉽지 않았을 도전 성공했으니 푹 쉬세용가리🤓🫶,False,
@Mimi_91230,갑자기 주우재랑 레오제이 여행가는 거 궁금하다 (?) <br>친해주시면 안되나요 그냥 제가 궁금해서,False,
@choi7655,"<a href=""https://www.youtube.com/watch?v=aFz40A0UeC4&amp;t=682"">11:22</a> 이거왜웃긴거죠?ㅋㅋㅋ",False,
@강진주-j1v,너 뭐 돼?<br>크게 뭐 됨!!!!!!!!!!!!!!!!!!!!!!🎉<br>당연 뭐 되어서 쉬어도 인정 ㅋ<br>여전히 멋쁨♡,False,
@lovelyui,쉰다고 해놓고 3일 꽉꽉 채워논다고 새벽 4시에 나가는게 말이 돼? ㅋㅋㅋㅋㅋㅋㅋㅋㅋㅋㅋ,False,
@행복했,드디어!!!!!!!!!!,False,
@12345방울,영상 찍은 분 편집하신분 칭찬 해주세요!!!영상보는 21분 41초동안 한번도 지루함 없고 눈이 즐겁고 마음이 평온하고 기분 좋은 영상이였잖아~~~~ 정말로 레오제이 유튜브 영상 진짜 영상미 너무 고퀄이에요 칭찬해야해!!!🎉🎉🎉🎉🎉🎉,False,
@differ_today,레오제이님이 혼자 여행한다니! 색다른 콘텐츠 기대됩니다🎉,False,
@bbuyoO,레오제이 건강만해요~,False,
@k마도,분명 쉰다고하고 뇌의 절반은 일에 가있을거라 그냥 두면댐,False,
@taekyoungkim3107,차분한 레오제희 혼자 나오는 이런 브이로그도 먼가 평화롭고 좋네요… 나까지 힐링 되는 기분…❤ 글구 편집 넘 좋아여 ㅠㅠ🥰🫶🏻,False,
@Eleeknowrara,오빠 푹쉬고 와라잉.. 기다리고있을게 응응..,False,
@YOONCHADOL,팥붕 vs 슈붕<br>레오제이님의 선택은.?,False,
@뺩-o7k,넘 수고했어요 푹쉬는 영상 보니깐 좋네요😊,False,
@민서-n6k,감성 미쳤어요🤭🤭,False,
@ihiogylg098jg,고생많으셨어요!!푹 쉬세요!!!,False,
@Chae_won00,어쩜 혼자 찍는데 이렇게 다양한 구도에.. 레오제히.. 제발 쉬어..🥹 우리 오래오래 봐야지요❤,False,
@pogpogpurin,안경재희 너무 섹시함……잘생겻다는뜻,True,@Chae_won00
@음그냥-k5g,아니 더보기에 가게 정보랑 타임라인 달아놓은 거 빼박 레오“제이” 그 자체 .. 곧 일본 놀러갈 예정인데 참고할게요❤ 고마워요,False,
@바다윤슬-t2e,고독한 미식가재질 이번편 넘 알차고 재밌어요,False,
@카스테라-i3o,너무너무좋으다.❤,False,
@2merry,아니 진짜 위가 얼마나 큰거에여?? 대단해버려~~,False,
@정기쁨-i3m,정신사납지 않고 조용한 여행 조으다~~,False,
@보나마나-x1o,잘했다 짝 파워제이만세 짝 사랑해레오 짝 :)),False,
@하우리-z6f,이번 영상 너무 예쁘자냐.. 근데 뿅하고 신었던 부츠 정보 부탁한다네한다네,False,
@barbiemoon8776,"나두나두- 디젤가니 큐영생각나고,다도하니까 주호생각나고, 나도 찐친다됫네ㅋㅋ 혼여 평화로워보이면서도 친구들이 그리운 느낌이기도 하네요🥹 쉴려고 간 여행에서도 영상 찍어와줘서 고마워요💕",False,
@kokju529,고생했으여,False,
@기가지니-y6t,오빠 애교살 뭘로 그려?? 너무 이쁘자나 그녕 오빠가 재밌게 노는 모습 보니까 힐링되여,False,
@coffeebarra,아우 여행 잘가셧어요 너무 큰 프로젝트 하셔서 행복하지만 피로도 잔뜩이셧을텐데 몸도 마음도 싸악 씻고 돌아오셧길,False,
@조용한_girl,영상이 재밌어서 날마다 봐요 <br>큐영님이랑 레오제이님이랑 있을때<br>조합이 꿀이네여 영상 챙겨보면서 화장의 관심도 늘어서 여자답게 꾸며요,False,
@둥이맘-j4i,이번 영상 너무 좋았어요^^ 저는 5월에 교토 갔을때 신풍관이 너무 좋았었는데요<br>교토타워 뷰 식당은 저녁때 가면 더욱<br>멋지더라구요😊<br>레오제이님 교토 여행 푹 쉬시고 맛있는거<br>많이 드시고 편하게 즐기신 영상 보니 행복해보이고 좋았어요^^,False,
@nadiayj,눈에서 힘들어~~~하면서 일하는 모습이 보이는거 같아요ㅋㅋㅋㅋ 쉬러간거 맞죠? 푹 쉬고 돌아오기를 바래요,False,
@a_yi_,쉴 때 제대로 쉬고 놀고 그래야 다시 충전해서 또 열심히 일할 수 있는 법!! 언제나 응원합니다✨,False,
@mean-a7165,너무 잘생겨서 계속 심쿵,False,
@Kxx_g00,밤낮바꿔가며 일 하다가 피곤해 죽겠을 때<br>레제보며 힘 얻는다9..😊,False,
@Yerin-p8o,얼렁 푹 쉬쇼~~,False,
@Mirrormayo,역시 sj ㅋㅋㅋㅋ <br>나도 메뉴는 미리보고 가자나❤<br>혼자 여행도 잔잔하고 보기좋다<br>마지막부분도 깜짝이야 재밌고ㅎㅎ😂<br>2탄없나여,False,
@LeoJMakeup,🫶🏻🫶🏻🫶🏻 2탄은 없어…,True,@Mirrormayo
@안규리-n2d,너무 기다렸자나 푹 쉬고 오세요 :),False,
@kk-uc1lp,레오제이 응원해용,False,
@hello5252,젊을때 쉬면서 해야지 늙어서 고생안해 기지배야 힘내라고^-^,False,
@Dduin2,이번 영상 저까지 너무 힐링이에요 ! 최고,False,
@zat.9442,"<a href=""https://www.youtube.com/watch?v=aFz40A0UeC4&amp;t=737"">12:17</a> 질문이 있습니당<br><br>입에 짠거 돌아서 디저트 먹으러 가는것도 미리 계획에 있던건가요⁉️",False,
@user-zc1jg2sv9o,이렇게 조용한 영상도 매력있네요.<br>레오제이님 혼 여행도 재밌어요 😮,False,
@치키차카초코-e6c,레오제이 일 해…..지마..,False,
@youvgotit,2박 3일 여행인데 이렇게 ㅇ알찬 브이로그라니………….심지어 혼자마나오는데 재밋어요…,False,
@207cm,레오재희 고생하셨어요!!! 힐링 영상 너무 좋네요👍👍👍,False,
@힝구-r1j,이런 느낌의 브이로그 영상 넘 쥬아❤,False,
@mansechoigo,레호재히 쉬어+일해 = 쉬해.,False,
@odd9209,앀ㅋㅋㄱㅋㄱㅋㄱㅋㄱㅋㄱㄱㅋㅋㅋㄱㄱㅋㅋㄱ이거맞냐구욘….,True,@mansechoigo
@been-cs1pe,이게모예욬ㅋㅋㅋㅋㅋㅋㅋㅋㅋㅋㅋㅋㅋ,True,@mansechoigo
@윰융-u2o,😂😂😂ㅋㅋㅋㅋㅋ이게모얔,True,@mansechoigo
@망고스틴-f3c,아이씨 터져서 자존심상햌ㅋㅋㅋ,True,@mansechoigo
@우왕-s6l,힐링영상 최고….🤤,False,
@전효은-d9u,"뭐양.. 한동안 영상 없길래 요즘 내내 달리고 스토어 큰 거 하면서도 라이브 쇼핑 판매에 영상이 열일하다 지쳐서 쉬나보다했눈데 쉬기 위해 홀로 여행 다녀오셨넹ㅎㅎ 쉬셔도 되는데 다음엔 커뮤나 인스타 등으로 영상 늦는 거 미리 말해주면 좋을 거 같아요. 마감시간이라해야되나 쉬는 시간을 정해두고? 그럼 사람들 바보같이 씅질안내고 기다림ㅎㅎ 근데 쉬러 갔는데 영상을 또 열심히 남겨 왔네요. 으이구 그냥 폭 쉬어도 되는뎅.. 여행 내내 입터져서 잘 먹고 쇼핑도 하고 그와중에 귀여운 감성 신발 신기, 마귀할멈같은 큐영웃음소리까지 기분좋게 잘 봤습니당! 레제 오늘도 내일도 번창하십숑 :)",False,
@노랑-y9z,여행전이라면 영상찍지 말고 마음 편하게 다녀오라하려했는데 이미 다 찍어오신..^^ 휴식 맞냐고오,False,
@skarkdnjs,너무 고생이 많아 왜이렇게 피곤해보여용 ㅜㅜ 제발 푸우욱 쉬길,False,
@화이-m2e,당신이 없어서 1루1루가 넘 지루해..,False,
@noheunseon4562,넘 좋아요 같이 여행한 느낌,False,
@chaewoo,"쉰 거 맞……아…….?  🥹<br>영상 내에 일본 감성 제대로다앙🫶🏻🫶🏻🫶🏻<br>오늘 일본에서 한국 도착했는데,,, 가서 또 먹고싶다 😭",False,
@sjsssultang,진짜 이오뽜...건강 절대 지켜!!!!열일하는것도 좋지만 리프레쉬도 해야하쟈나😭😭❣️❣️살빠진거 아니냐구유!!!!!,False,
@Qweas-d2s,음악 선곡은 누가 하는거에요? 클래식 러버로서 이런 곡 어디서 채취해오는지 정말 취향저격이에요. 그 외 곡들도 너무 감탄하며 듣습니다. 브이로그에 음악도 한 몫하는거 알고 ㄱㅖ시죵??? 너무 재밌게 보고있어요 ㅎㅎ,False,
@캔디-o1d,쉬다오세요 ㅜㅜ 푹,False,
@himynameis_umm,맨날 당근 먹는 것만 보다가 맛있는 거 왕창 먹는거 보니 마음이 좀 편해졌다,False,
@kimi0610,”아주 자연스러웠어 “너무 웃기당😂😂 <br>좋으시겠어여 저도 좀 여행가고 싶네요...,False,
@user-xy4hq4nz5e,이 루트대로 나도 놀아야겠다,False,
@킴쟈름,새벽 4시에 출발하는거 쉬는거 맞나여?ㅋㅋㅋㅋ,False,
@judy-ud2pv,"<a href=""https://www.youtube.com/watch?v=aFz40A0UeC4&amp;t=804"">13:24</a> 여기선 제 선물사신거져^^ 기대할게효~ ❤",False,
@하늘-z9u,역시..ESTJ 언니 쉬는거 맞아?,False,
@LeoJMakeup,이게 쉬는거야 기즤배야,True,@하늘-z9u
@김광다,"<a href=""https://www.youtube.com/watch?v=aFz40A0UeC4&amp;t=436"">7:16</a> 큐영 생각나는거 넘 감동인데 어디선가 큐영 목소리 들리는거 같아욬ㅋㅋㅋ큐ㅠㅠㅠ 그나저나 쉬어가는데 디테일한 영상 .. 귀하다 귀해 🌹❤️",False,
@baechu02,바쁜 일상 속에서 정신없이 살다가 몸과 마인드를 륄렉스~하는거 진짜 중요한것같아요! 일본에서 좋은 시간 보내고 오셨길...~🫡🥳,False,
@Yoy647,너무힐링돼네요감슈해유 미쵸버려🩷,False,
@kp4823,너무 기특해...... 너무 기특해 죽겠어 정말 😢 그간 고생하셨어융 영상 잘 보고 올게요!!!!,False,
@bombom_d,ㅋㅋㅋㅋㅋㅋㅋㅋㅋㅋㅋㅋㅋㅋㅋㅋㅋㅋㅋ 구도랑 제목 때문에 놀랐네 노크 좀 해 기지배,False,
@LeoJMakeup,어머❤,True,@bombom_d
@soy_oo,"완벽주의자를 잠시 버려두고 푹 쉬고오셔요~ 안떠나고 언제까지든 기다리고 있을게요 유튜브에 관련된 영상, 콘텐츠 잠시 다  잊고 푹 쉬세요!!🤗",False,
@0802rink,(촬영이라는 일을하며),False,
@다인-x8s9u,"팝업까지 진짜 수고 많으셨다 ,,",False,
@콘떡아,넘넘 수고했자나😊😊 제목보고 어디 아픈줄알고 놀랐지만 ㅠㅠ 휴가라니 다행쓰😆🥰,False,
@매진-p2v,저도 접는 다는 줄;;,True,@콘떡아
@김수일-v7b,쉬러가는김에 컨텐츠 걱정말고 푹쉬다 오기.,False,
@oleo_estj,레오제이 일하지마.. 아니 일해.. 아니 일하지마... 아니 일해.... 아니 일하지마.... 아니 일해.... 레오제이님 파이팅❤️‍🔥,False,
@ahhahwuwuw,푹 쉬고 와요 이번엔 카메라 들지 말고(카메라 들면 또 일 시작한다💢) 찐친들때부터 녹두팩으로 시작해서 쉴틈없이 달렸잖아 안그래도 요즘 많이 걱정되긴했어요 제발 쉬고 와요 잠도 푹 자고 잘 다녀와요 ㅎㅎ,False,
@cjfdhs,푹 쉬세유🫶🏻,False,
@LeoJMakeup,"안녕오레오들!<br>우리 오레오들이 평소에 쉬라고 많이 권유(?) 해줘서<br>친구들이랑 함께 가는 여행에서 항상 계획은 내 담당이다보니 (아무도 안시키긴했음)<br>여행 하면서도 일정 소화해야한다는 생각에, 온전히 쉬는 느낌이 아니더라고~<br> 계획이 틀어지면 자꾸 스트레스를 받으니까, 애초에 계획을 안세우고 한번 혼자 훌쩍 떠나봤어 ㅋㅋㅋ<br><br>교토는 가족들이랑 작년에 한번 가보고 너~~무 좋아서<br>이번에 또 가야겠단 생각이 들어서, 그동안 구글지도에 핫하고 좋은곳만 저장하면서<br>기 모아놨던거 오늘 빵!! 터트린닷 호호호<br><br>셀렉트 스토어 이후에 재충전하느라 공백이 조금 있었는데~<br>뒤이어서 영상 재밌는것들로만 쭉쭉 준비해놨으니까!! 앞으로 내 활동 많이 기대해줘!!<br><br>이번영상도 재밌게봐❤❤❤❤<br><br><br><br>🖤🤍교토 여행정보🖤🤍<br><br><br>첫째날<br><br>🏠숙소<br>포시즌스 호텔 교토<br>Four Seasons Hotel Kyoto<br>445-3 Myohoin Maekawacho, Higashiyama Ward, Kyoto, 605-0932 일본<br><a href=""https://maps.app.goo.gl/kyBEct62LoxdsEEe6"">https://maps.app.goo.gl/kyBEct62LoxdsEEe6</a><br> 스키야키 모리타야 교토 이세탄<br>モリタ屋 JR京都伊勢丹 (Moritaya kyoto) 일본 〒600-8711 Kyoto, Shimogyo Ward, Higashishiokojicho, 901 ジェイアール京都伊勢丹 11F<br><a href=""https://maps.app.goo.gl/Uxstzcnqt6QY8ZZXA"">https://maps.app.goo.gl/Uxstzcnqt6QY8ZZXA</a><br><br>🍴교토 돈까스집<br>돈카츠 와코 和幸 (WAKO Kyoto) <br>일본 〒600-8555 Kyoto, Shimogyo Ward, Higashishiokojicho<br><a href=""https://maps.app.goo.gl/AkWqbeCwjQLKgz2s7"">https://maps.app.goo.gl/AkWqbeCwjQLKgz2s7</a><br>   🍣포시즌호텔 안에 있는 스시오마카세 Sushi Ginza Onodera 445-3 Myohoin Maekawacho, Higashiyama Ward, Kyoto, 605-0932 일본<br><a href=""https://maps.app.goo.gl/vaPaNWmWzdQfMA5B7"">https://maps.app.goo.gl/vaPaNWmWzdQfMA5B7</a><br><br> <br>둘째날<br><br> 🥩함바그 스테이크 집<br>도쿠라 교토 산조점 手づくりハンバーグの店 とくら 京都三条店도쿠라 교토 산조점<br>〒604-8111 Kyoto, Nakagyo Ward, 高倉東入桝屋町５７ 京都三条ビル1f <a href=""https://maps.app.goo.gl/8VCD7CvR7XQ63LgSA"">https://maps.app.goo.gl/8VCD7CvR7XQ63LgSA</a><br><br><br>에르베 샤플리에<br>Herve Chapelier<br>31 Hishiyacho, Nakagyo Ward, Kyoto, 604-8112 일본<br><a href=""https://maps.app.goo.gl/qE4Rbe4SRj6Wdwk7A"">https://maps.app.goo.gl/qE4Rbe4SRj6Wdwk7A</a><br>  캐피탈 교토<br>KAPITAL KYOTO<br>일본 〒604-8066 Kyoto, Nakagyo Ward, 六角下ル伊勢屋町352<br><a href=""https://maps.app.goo.gl/i416WA2dc16K8NW5A"">https://maps.app.goo.gl/i416WA2dc16K8NW5A</a><br><br><br>그라프페이퍼 교토<br>Graphpaper kyoto<br>88-1 Daikokucho, Nakagyo Ward, Kyoto, 604-8073 일본<br><a href=""https://maps.app.goo.gl/ubA7vaJHZpVtTPaz9"">https://maps.app.goo.gl/ubA7vaJHZpVtTPaz9</a><br><br><br>무스비 교토<br>Kyoto Musubi<br>67 Masuyacho, Nakagyo Ward, Kyoto, 604-8111 일본<br><a href=""https://maps.app.goo.gl/D4dzThduJsamjz5r9"">https://maps.app.goo.gl/D4dzThduJsamjz5r9</a><br><br><br>45R<br>45R 京都<br>61番地 Masuyacho, Nakagyo Ward, Kyoto, 604-8111 일본<br><a href=""https://maps.app.goo.gl/cY1TJBjJ3UYb6ktY9"">https://maps.app.goo.gl/cY1TJBjJ3UYb6ktY9</a><br><br><br>이소스탠드<br>イソスタンド<br>190-2 Ubayanagicho, Nakagyo Ward, Kyoto, 604-8213 일본<br><a href=""https://maps.app.goo.gl/yiTzDugHQdraGH476"">https://maps.app.goo.gl/yiTzDugHQdraGH476</a><br><br><br>오니마루 야키 무스비<br>Onimaru Yaki-musubi<br>일본 〒604-8031 Kyoto, Nakagyo Ward, Daikokucho, 33-4<br><a href=""https://maps.app.goo.gl/epdsLMJ7YJMZUDUL8"">https://maps.app.goo.gl/epdsLMJ7YJMZUDUL8</a><br><br> 로프트<br>京都ロフト (Loft)<br>일본 〒604-8031 Kyoto, Nakagyo Ward, Daikokucho, 58−番地 ミーナ京都 4階～6階<br><a href=""https://maps.app.goo.gl/wpLkiozk4U1rPtTH6"">https://maps.app.goo.gl/wpLkiozk4U1rPtTH6</a><br>   셋째날<br><br><br>텐동 마키노 교토 데라마치점<br>天丼まきの<br>일본 〒604-8047 Kyoto, Nakagyo Ward, Nakasujicho, 481-3<br><a href=""https://maps.app.goo.gl/R9WWXFAVC2SbGhQE7"">https://maps.app.goo.gl/R9WWXFAVC2SbGhQE7</a><br><br><br><br><br>ANGERS<br>ANGERS アンジェ 河原町本店<br>405 Shimomaruyacho, Nakagyo Ward, Kyoto, 604-8006 일본<br><a href=""https://maps.app.goo.gl/L7r4ZfrEfqwbNjg19%E2%80%A8%E2%80%A8"">https://maps.app.goo.gl/L7r4ZfrEfqwbNjg19  </a><br><br>잇포도차호 교토혼텐<br>一保堂茶舗 京都本店<br>일본 〒604-0915 Kyoto, Nakagyo Ward, Tokiwagicho, 52 寺町通二条上ル<br><a href=""https://maps.app.goo.gl/nVFMMDhdwfRyuBJ4A"">https://maps.app.goo.gl/nVFMMDhdwfRyuBJ4A</a><br><br><br><br><br><br><br><br><br><a href=""https://www.youtube.com/watch?v=aFz40A0UeC4"">00:00</a> 저 좀 쉴게요.<br><a href=""https://www.youtube.com/watch?v=aFz40A0UeC4&amp;t=58"">00:58</a> 공항 출발<br><a href=""https://www.youtube.com/watch?v=aFz40A0UeC4&amp;t=100"">01:40</a> 일본 도착<br><a href=""https://www.youtube.com/watch?v=aFz40A0UeC4&amp;t=160"">02:40</a> 첫째날 포시즌호텔 도착<br><a href=""https://www.youtube.com/watch?v=aFz40A0UeC4&amp;t=217"">03:37</a> 첫째날 첫 점심 : 스키야끼<br><a href=""https://www.youtube.com/watch?v=aFz40A0UeC4&amp;t=300"">05:00</a> 첫째날 두번째 저심 : 돈카츠<br><a href=""https://www.youtube.com/watch?v=aFz40A0UeC4&amp;t=357"">05:57</a> 첫째날 저녁식사 : 오마카세<br><a href=""https://www.youtube.com/watch?v=aFz40A0UeC4&amp;t=507"">08:27</a> 면세점 쇼핑 하울<br><a href=""https://www.youtube.com/watch?v=aFz40A0UeC4&amp;t=600"">10:00</a> 미쳤나봐…야식타임<br><a href=""https://www.youtube.com/watch?v=aFz40A0UeC4&amp;t=663"">11:03</a> 둘째날 시작<br><a href=""https://www.youtube.com/watch?v=aFz40A0UeC4&amp;t=700"">11:40</a> 둘째날 점심 함바그<br><a href=""https://www.youtube.com/watch?v=aFz40A0UeC4&amp;t=734"">12:14</a> 둘째날 디저트는 살안쪄<br><a href=""https://www.youtube.com/watch?v=aFz40A0UeC4&amp;t=764"">12:44</a> 쇼핑시작<br>16:!0 둘째날 이자카야 혼자가기<br><a href=""https://www.youtube.com/watch?v=aFz40A0UeC4&amp;t=1052"">17:32</a> 둘째날 편의점 야식엔딩<br><a href=""https://www.youtube.com/watch?v=aFz40A0UeC4&amp;t=1103"">18:23</a> 셋째날 아점먹기 텐동<br><a href=""https://www.youtube.com/watch?v=aFz40A0UeC4&amp;t=1149"">19:09</a> 셋째날 일본 문방구<br><a href=""https://www.youtube.com/watch?v=aFz40A0UeC4&amp;t=1175"">19:35</a> 셋째날 일본 고급전통 찻집<br><a href=""https://www.youtube.com/watch?v=aFz40A0UeC4&amp;t=1230"">20:30</a> 엔딩 쿠키영상<br>      <br><br><br> <br> <br><br><br><br>  <br><br> <br><br><br><br>빔즈 교토 <br>일본 〒604-8035 Kyoto, Nakagyo Ward, Sakuranocho, 415 京都松竹座ビル 1階<br><br><br><br>길 가다가 무스비 주먹밥<br>Onimaru Yaki-musubi<br>ごちそう焼むすび おにまる 三条河原町店  일본 〒604-8031 Kyoto, Nakagyo Ward, Daikokucho, 33-4<br><br><br><br>오니카이 이자카야<br>388 二階 Komeyacho, Nakagyo Ward, Kyoto, 604-8026 일본    잇포도차호 교토혼텐<br>一保堂茶舗 京都本店 Ippodo Tea Kyoto 일본 〒604-0915 Kyoto, Nakagyo Ward, Tokiwagicho, 52 寺町通二条上ル",False,
@henni7085,나에게 쉼은 필수에요 열심히 일하는 것도 바쁜것 도 좋지만 꼭 나에게 보상하듯 쉼은 필수 입니댜❤ 이제 영상 보고 올게용,False,
@LeoJMakeup,녜🫶🏻,True,@henni7085
@진-n6n,쉬셔요,False,
@Dnekeznskwna,푹 쉬셔요 (아직 안 봄),False,
@Dnekeznskwna,사람 참 따숩다 레오제이,True,@Dnekeznskwna
@장소영-o8r,요즘 바쁘게 지내셧궁요ㅠㅠㅠ,False,
@밍뭉망-j4f,잘다녀와여오어오,False,
@김자냥-q7t,제목보고 흠칫했다…,False,
@LeoJMakeup,😉✨,True,@김자냥-q7t
@syentp7622,버텨 기지배. 쉬긴 뭘셔 잠은 죽어서 자야지 끌어올려,False,
@LeoJMakeup,T야?,True,@syentp7622
@Yrin-ck5qj,ㅋㅋ⫬ㅋ⫬ㅋ⫬ㅋ⫬ㅋ⫬ㅋ⫬ㅋ⫬ㅋ⫬ㅋ⫬ㅋ⫬ㅋ⫬ㅋ⫬ㅋ⫬ㅋ⫬ㅋ⫬ㅋ⫬ㅋ⫬ㅋ⫬ㅋ⫬ㅋ⫬ㅋ⫬,True,@syentp7622
@김지원-v8b6s,T야??????,True,@syentp7622
@Bojima,말투 ㅋㅋㅋㅋㅋㅋㅋㅋㅋㅋ개웃기네,True,@syentp7622
@Mirrormayo,ㅋㅋㅋㅋㅋㅋㅋㅋ <br>끌어올리라고 ㅋㅋㅋㅋ,True,@syentp7622
@Ang_do0117,❤,False,
@Miruuu15537,❤,False,
@T-mushroom,일빠(아직안봄),False,
@user-hb8of8vz2g,오,False,
