author,comment,is_reply,reply_to
@유오스카,진짜 재밌게 묘사하셨네요~~,False,
@ariel2344,연기 진짜 잘함,False,
@freejsy,샴푸광고 도랏네 ㅋㅋㅋㅋㅋㅋ,False,
@카이엔사자,비비야 짱이다 ㅎㅎ 비비 흥하자,False,
@Double_m__,헤이 모두들 안녕 내가 누군지아니~~<br>이하늬다!!  이하늬다!!,False,
@CrazyKimmano,"<a href=""https://www.youtube.com/watch?v=bxLBhhR9ioU&amp;t=809"">13:29</a> 가슴 문 열고 들어가는거 개웃긴다ㅋㅋㅋㅋㅋ",False,
@ltaillialin984,...... 약을 거하게 빨았네 드라마가....,False,
@joonghoyoo9287,감독이 코믹으로설정중인가 적당히하쇼 ᆢ,False,
@보카만,"<a href=""https://www.youtube.com/watch?v=bxLBhhR9ioU&amp;t=775"">12:55</a> 장르가 바뀌는 순간",False,
@yjn569,"마약과의 전쟁을 외친 윤씨와 한씨가 생각나네 <a href=""https://www.youtube.com/watch?v=bxLBhhR9ioU&amp;t=630"">10:30</a>",False,
@LikeForLike524,"<a href=""https://www.youtube.com/watch?v=bxLBhhR9ioU&amp;t=790"">13:10</a> 섬유유연제 광고냐곸ㅋㅋㅋ",False,
@오오오오오-j5w,시즌1때문에 봤는데  더이상은 못봐주겠다  배우들이 너무 아까워  연출.대본을 이따구로 만드냐  이게 재밌다고하는게 이해가안가네,False,
@choinm8003,남두현 진짜 나중에 어떤빌런일지 상상도 안감 ㅋㅋㅋ은근 인간미 있고 야망있고 <br>특히 눈치가 진짜 빠르고 말한마디를 헛으로 듣지 않네 ㅋㅋㅋㅋㅋㅋ 김홍식이 남자들끼리 먹긴 아깝다고 하니까 바로 여자 불러줌ㅋㅋㅋㅋㅋㅋ진짜 캐릭터 매력적이네,False,
@kpk7843,아 드라마보다가. 마약들여온 인천 세관원 생각나서 개빡치네,False,
@ykk1535,이게 무슨 ㅋㅋㅋㅋㅋㅋㅋㅋㅋㅋㅋㅋㅋㅋㅋㅋㅋㅋㅋㅋㅋㅋㅋㅋㅋㅋㅋㅋㅋㅋㅋㅋ,False,
@김복희-q2b,태국말인가,False,
@카르페디엠고고,"장담컨데, 끝까지 이런 식의 전개라면 시청률 20%는 커녕 10%초반에서 끝날 듯....",False,
@TheJosik70,재미있긴한데 너무도  모든장면에 과하게 코믹위주인거같음 조금 덜코믹으로 했으면 좋을듯,False,
@미스서-n4k,고모형사.  잘해요. 터프😅,False,
@WELL.W.E,처음에 김해일 싸울 때 비트 누가 만든거지 너무 좋은데,False,
@힐링사랑해,아니 개그맨이세여? ㅋㅋㅋㅋㅋㅋㅋ아 점점 오글거리고 과해지는데.. 재밌어서 멈출수가없네;;,False,
@김옻닭,아니 무슨 매회 50프로 이상이 억지 코믹이냐 웃기지도 않고 재밌지도않고 몰입감 떨어지네,False,
@ston1468,혈 누르는건 너무 갔다,False,
@user-ok7xh8df6o,유치 짱짱해서 넘 재밌음 ㅋㅋㅋ,False,
@D.31-w4j,"<a href=""https://www.youtube.com/watch?v=bxLBhhR9ioU&amp;t=804"">13:24</a>  다우니 광고 같다",False,
@user-jw3ny9sx8i,6회 선공개보고 웃겨서 보러옴ㅋㅋㅋㅋㅋㅋㅋㅋㅋㅋ 아니 마음의 문 미친 거 아니냐곸ㅋㅋㅋㅋㅋㅋㅋㅋ활짝도 열었넼ㅋㅋㅋㅋㅋㅋㅋㅋㅋㅋㅋㅋ,False,
@ssss-ou4bn,좀 산만해..,False,
@wunderillia9695,경선아 나도 순정이있다. 그런데 니가 이런식으로 내 순정을 짓밟으면은 마 그땐 진짜 깡패가되는거야!!!,False,
@yoki-o6m,마음의 문😂,False,
@bok1975,근데 너무 이쁘다ㅋㅋ,False,
@현지김-f4y,여기 빌런들 다 너무 귀여워서 감정소모 없어서 좋음요ㅋㅋㅋ,False,
@myungheelee8299,김남길 연기 쩐다,False,
@user-nsjwqg7zUo1hqja,사람죽이는 살인마가 수줍어해 ㅋㅋ,False,
@poster2291,1편 안보고 유튜브에서 짤만보다가 재미있을것 같아서 2편 정주행 했는데 이거 골 때리는 드라마네 ㅋㅋㅋㅋ 1편부터 다시 봐야 할 듯,False,
@김준기-l5k,김남길 연기존나잘하네 진짜 기깔난다,False,
@teayuk4828,서승아 형사는 언제 나오나,False,
@뾰-d4m,순간 도브광고인줄 ㅋㅋㅋㅋㅋㅋㅋ,False,
@남승현-o5z,우리나라도 마약범은 사형시키자......필리핀이나 중국 보내던지~,False,
@정영희-f2i,마음의 문을 열고 들어가는건 실제로 첨보네 ^~ <br>머리속을 헤집고 다니는것도 나올라나~ㅋ,False,
@감사하며살자-n2e,어제본방보면서<br>얼마나웃었는지<br>손님들밥먹는데<br>방귀뀌는거보고<br>진짜오랜만에<br>속시원히웃었<br>네요 진짜오랜만에<br>드라마보면서<br>웃게해줘고맙고<br>감사해요<br>주연 조연없이<br>모두주인공<br>입니다,False,
@백경은-u6m,비비한테 반했어야 해😂,False,
@한수란-i7l,"&#39;첫눈에 반하다❤&#39;<br>판타지 스럽다는~~~~!<br>첫눈에 반한다, 즉 &#39;마음에 문&#39;을 열다.<br>...<br>로맨틱 하다😂",False,
@한수란-i7l,타투... 헤나문신 사들을 수배하라.😂,False,
@아마란스-o1p,"<a href=""https://www.youtube.com/watch?v=bxLBhhR9ioU&amp;t=293"">4:53</a> TQ24? 갑자기 &lt;김과장&gt;의 TQ택배 생각나네 ㅋㅋㅋㅋ",False,
@김민걸-j9b,"빈센조, 김과장, 열혈사제 같은세계관 임",True,@아마란스-o1p
@한수란-i7l,"검사나리 이하늬에 &#39;멜로 눈&#39; 범죄자 김서준?<br>답은 미인계!!😂<br>사랑의 힘으로, 전도 되다!!<br>마약 빌런에서 일반인으로 &#39;개과 천선&#39;을 기대하다.",False,
@오수환-c3e,ㅋㅋㅋㅋ ㅋㅋㅋㅋ ㅋㅋㅋㅋ ㅋㅋㅋㅋ 웃다가 ㅋㅋㅋㅋ ㅋㅋㅋㅋ,False,
@김뭄낸,"<a href=""https://www.youtube.com/watch?v=bxLBhhR9ioU&amp;t=781"">13:01</a> 이 미묘하게 커진 눈부터 찐이다.... <a href=""https://www.youtube.com/watch?v=bxLBhhR9ioU&amp;t=623"">10:23</a> 벙찐 표정 ㄹㅇ..<a href=""https://www.youtube.com/watch?v=bxLBhhR9ioU&amp;t=828"">13:48</a> ㅋㅋㅋ 성준 멜로 눈깔 장착 ㅋㅋㅋ",False,
@김뭄낸,"<a href=""https://www.youtube.com/watch?v=bxLBhhR9ioU&amp;t=653"">10:53</a> 남자들끼리 먹기 아깝다 할때부터 이하늬 생각남 ㅋㅋㅋ",False,
@손하은-l6y,진짜 밉쌍 스릅게 연기 하네에~ ㅋㅋ~~흐~~,False,
@zicka21,거부할 수 없는 매력의 소유자 <br>하뉘바람~~~,False,
@hyojoung,ㅋㅋㅋㅋㅋㅋㅋㅋㅋㅋㅋㅋㅋㅋ,False,
@rambick4938,할매~! 할무니! 일어나세요!,False,
@sujikwon9075,어머성모님때리면어케요ㅜ,False,
@하냥하냥-q2h,고추장 총각 ㅋㅋㅋ,False,
@밀메-i8z,마음의 문 ㅋㅋ 연출 와....👍👍👍👍,False,
@루디아-y1c,악당이 너무 잘생겨서 <br>이런,False,
@yunsiknet,대놓고 B급 콘셉인데도 엄청 재밌네요.ㅋㅋㅋㅋㅋ,False,
@yaasogogi-zj5bv,개노잼,False,
@tommyjanak7330,그러취 ! 회가 늘어날수록 재미지네 ^^,False,
@욤뇸뇸-r8t,반한척하는 거 같아서 불안..... 신상 다 캤는데 경선이가 빠졌을 리가 있나 ㅠㅠ 근데 진짜 럽라면 너무설레는 거... ㅋㅋ,False,
@윤희-f3v,아닠 ㅋㅋㅋ마음의문 ㅋㅋ ㅋ도랏나볘,False,
@asdf1234.2,모범택시 김도기기사랑 열혈사제 김해일신부랑 싸우면 누가 이김?,False,
@리포포짱,김해일 신부,True,@asdf1234.2
@skykeeper8623,김해일 지금 5년 흐름+병 있음 너프당해서 난 모르겠다,True,@asdf1234.2
@jeongahher3731,마음의 문🚪 열었으니 오늘 로코 나오나요 웃을준비 해야겠어요😊,False,
@rose-hi6jg,첫눈에 반한 연기 미쳤네ㅋㅋㅋㅋㅋㅋ,False,
@미련곰탱이-u4s,얼릉 뛰어와 그거네 사냥개들 ㅋㅋㅋㅋㅋ,False,
@양희-k1j,대박 웃긴당 넘 재밋어요,False,
@pjb5514,그래 이참에 지금까지 죄 지은거 벌 받고 새로 시작하자,False,
@zzinbbang2,존나 피죤 ㅋㅋㅋㅋㅋㅋ,False,
@TV-ti7sk,박검 사택에 있는 귀신(?).....부장검사가 죽인건가???...,False,
@응도기,진짜 미친전개다ㅋㅋㅋㅋㅋㅋㅋㅋ빌런이 사랑을ㅋㅋㅋㅋㅋㅋㅋㅋ,False,
@건스-y3i,디즈니공주 같아요^^,False,
@이순복-v1k2d,정말 너무 재밌어서 시간이 너무 짧아요!!!,False,
@Almi444,"<a href=""https://www.youtube.com/watch?v=bxLBhhR9ioU&amp;t=399"">6:39</a> ㅋㅋㅋㅋㅋ",False,
@카페라떼-q8x,시즌1에 비해 개드립이 너무많아서 ......흐름을 너무 자주 끊어버린다,False,
@하루-v5c2l,진짜 왜 이러냐구😂,False,
@hc0059,대박 ㅋㅋㅋㅋ,False,
@달빛길-u6m,팔 문질라는데 어깨 문지르고 계속 어깨를 터치함. 윗사람도 아닌데 왜 신부님터치를 저런식으로 하는지 볼때마다 불쾌함ㅜ,False,
@mangyosean,"이 드라마에서 멜로 눈빛을 보게 될 줄은 전혀 몰랐지,,,,,,",False,
@김인환-x1u,뭐야?어제 못 봤는데....박검사한테 반했다고?😮,False,
@hjhello83,어??어제 일 있어서 못 봤는데...갑자기 전개가 이렇게??,False,
@굳굳-l7z,와 편의점이 티큐네?,False,
@이재진-h1j,섬유린스 광고인줄.ㅎ,False,
@mine-mf4wk,남길이 액션 너무 섹시하고 멋있어💜,False,
@네버스탑-b6y,반하는 영상 다우니광고찍는줄…,False,
@nayanaya,홍식이 마음속에 똘아이를 장착했다. ㅋ,False,
@크아앙-h8t,문열고 들어갈때 거의 밥먹다 폭소ㅋㅋ<br>작가님ㅋㅋ왜이래요ㅋ,False,
@skim786,경선검사 ㄹㅇ 극한직업이다,False,
@kym4384,진피를 파고드는 눈빛,False,
@선정리달인김선달,이게 판타지인지 드라마인지 모르겠네요.,False,
@Bluelions78,아니 빌런마저 또라이로 표현하는건 너무 하잖아 ㅋㅋㅋㅋㅋㅋㅋ,False,
@JS-yi3hw,작정하고 웃기기로 😂😂😂😂😂,False,
@TV-ti7sk,ㅋㅋㅋㅋ......감독님아....연출....미쳤다...ㅋㅋㅋㅋㅋㅋㅋㅋㅋㅋㅋㅋㅋㅋ,False,
@지영-k4s,진피를 파고드는 눈빛 이래???? ㅋㅋㅋㅋ ㅋㅋㅋㅋ ㅋㅋㅋㅋ ㅋㅋㅋㅋ ㅋㅋㅋㅋ,False,
@EunnaLucia,ㅋㅋㅋㅋㅋ우리고구마❤ 여기서 만나네ㅋ,False,
@단팥빵-k1k,이 재밌는드라마를 3류 시트콤을 만들어놨노,False,
@Seoyhan,"<a href=""https://www.youtube.com/watch?v=bxLBhhR9ioU&amp;t=791"">13:11</a> 이정도면 다우니나 디올 둘 중 하나는 한거임",False,
@sukme1011,열혈사제2 PD진짜....,False,
@jay-mb9fp,작가랑 쌍으로 ㅋㅋ,True,@sukme1011
@중독여자커피,진짜액션보는게 매력이지이드라마는 홍 식이  싸움도기대됨,False,
@위드유-e1u,진짜 코믹을 넘어 뭐랄까....😂😂😂,False,
@BTS_butter_,편돌이한테 까인 비비 너무 이쁘다,False,
@기쁨이마미-f2h,다우니 광곤줄,False,
@전우식-x6y,마음의 문을 열고 들어간다<br>연출 정말 잘했네  ㅋ,False,
@joney8747,ㅅㅅ홍식이 참 잘 칠것처럼  말하네  ㅋ 싼티약쟁지대로네   모지리  ㅇ자들이   이런데  기대다가  김레아 홍식코패스 버전에 갇혀 살지,False,
@윤희-f3v,"<a href=""https://www.youtube.com/watch?v=bxLBhhR9ioU&amp;t=396"">6:36</a>ㅋㅋㅋㅋㅋㅋㅋㅋㅋㅋㅋㅋㅋㅋㅋㅋㅋㅋㅋㅋㅋㅋㅋㅋㅋㅋㅋㅋㅋㅋㅋㅋㅋㅋ",False,
@한부장-k4q,홍식이랑 사겼으면 좋겠다,False,
@andrewkim9599,제발 브금만 예전꺼로 유지 했으면 ㅠㅠ,False,
@JIAEOUNPARK-lo8ld,지니였어?,False,
@user-wi2qg5cw7j,박씨 아자씨가 박경선...?,False,
@시니시니-f2u,범인 잘생긴거 넘흐시료ㅜㅜ,False,
@D오동동,처음에 고추장총각부터 김밥먹을때도 느낌있어 좋았는데 점점 개그에 합류하는느낌이네 악역은 좀무겁게갔으면 좋을텐데 <br>전부 개그캐로 넘어갈것같은 cg도 점점많아지고,False,
@dkjdflkaejfe123,마약범 미화되는거 좀 그러네....  약팔이조직 두목이 무슨 로코찍고 있노..  아무리 드라마라도,False,
@Goniv.v,홍식이 한여름한테 상처받더니 여자 보는 취향 특이해졌네 ㅋㅋㅋㅋ😂,False,
@baebaebae-do1un,진짜 본방으로 보면서 CG 겁나 웃겼음 ㅋㅋㅋㅋㅋㅋㅋㅋㅋㅋㅋㅋ😂😂,False,
@성민-s5h,이하늬  매력적이다 😅❤,False,
@whysolution,홍식이도 이쁜 여자 좋아하는 남자ㅋㅋㅋ,False,
@user-hq1mo2nz9g,빌런 눈깔보다 멜로 눈깔에 미소 좋당😊,False,
@101-fl2he,눈빛 변하는거 진짜 ㅎ,False,
@heungmin7445,이하늬 뭔가 변했음ㅠ,False,
@홍귀한자식,홍식이 처음 카리스마 어디로 갔어! ㅋㅋㅋ 자비없는 놈이 왜 이럴까 ㅋ,False,
@hyunmin-l9j1v,김원해 아재는 충청도 사투리도 잘하고 경상도 사투리도 잘하네,False,
@kkaebi-i2u,다 잘해ㅋ,True,@hyunmin-l9j1v
@BIGJOJO-x6o,자는 사람은 양말을 벗지~,False,
@travelmatilda8281,할머니 어떡해....진짜 시펄럼들...,False,
@Sunghong86,박ㅈ범 ㅁ쳐~,False,
@gracefulduck,"<a href=""https://www.youtube.com/watch?v=bxLBhhR9ioU&amp;t=180"">3:00</a> 도른 ㅋㅋㅋㅋㅋㅋㅋㅋㅋㅋㅋㅋㅋㅋㅋ",False,
@jieunkim1329,"라오스 애들은 길에서 강한 적을 만나고,<br>성준은 길에서 여인을 만나버렸오",False,
@jieunkim1329,"경선이 마음의 문을 열고 들어가버린 후<br>성준 눈빛 머야~🎉 배우 <a href=""http://www.youtube.com/results?search_query=%23%EC%84%B1%EC%A4%80"">#성준</a> 재발견! 넘 멋있오",False,
@단비-s5q,섬유유연제광고냐곸ㅋㅋㅋㅋㅋㅋㅋㅋㅋㅋㅋㅋㅋㅋㅋㅋ,False,
@user-cm9cj9do8q,반한다는 설정 좀 웃긴데? 앞으로 전개 어떻게하시려고,False,
@user-kd7nk,그래ㅋㅋㅋ성준은 이게 잘 어울려~~ 멜로 고고,False,
@바나나80개,"<a href=""https://www.youtube.com/watch?v=bxLBhhR9ioU&amp;t=834"">13:54</a> 이 부분만 보면 로코 드라마임 ㅋㅋㅋㅋㅋㅋㅋㅋ",False,
@Double_m__,악당이 수줍어하는데 순간1초 귀엽다 생각해썽ㅋㅋㅋㅋ,True,@바나나80개
@chloechoe8528,ㅋㅋㅋㅋㅋㅋㅋㅋㅋㅋㅋㅋㅋㅋㅋ연출 미치겠뜸ㅋㅋㅋ,True,@바나나80개
@로이즈조아로즈,할머니 너무 걱정된다 ㅠㅠㅠㅠ제발 무사하시길,False,
@바나나80개,이미 돌아가신듯요ㅠㅠ,True,@로이즈조아로즈
@whiteallen2384,첫눈에 반하는 연출 개웃기네ㅋㅋㅋㅋ,False,
@chayw0225,박경선 검사가 빌런친화적스타일이신가?<br>시즌1의 철범이도 그렇고 시즌2의 홍식이도 박경선 좋아하네😂😂😂😂,False,
@흐지믈르그-l8r,이하늬 진짜 이쁘당❤,False,
@minseo17,우리 빌런 약점 잡혔노ㅋㅋㅋㅋ,False,
@heylomiwa,왜 난 재밌는데 앞으로 기대되는구만 다들 왜이래 야식먹으면서 보기 딱 좋구만,False,
@캐베베-x7s,이렇게 직관적인 드라마가 있을까,False,
@김진희-u7x5h,ㅎㅎㅎ<br>진피를 파고든댄다.<br>아유 2는<br>자고로<br>기대도 안한단데<br>이거머야.<br>2가 더미쳤엉.,False,
@김진희-u7x5h,헉  .ㅇㆍㅈ 누고<br>머 으쩐다고....<br>미친대사...안웃는게 ㅇᆢ욧허다.으잉?,False,
@guilt81,아니 잔인무도하기 그지없는 마약상이 박검사한테 첫눈에 반해서 급 부끄수줍모드 되는거 이게 킥이거덩요ㅋㅋㅋㅋㅋㅋㅋ야 둘은 또 어떻게 전개될까 개큰기대중ㅋㅋㅋㅋㅋ,False,
@하이떠뇽,강한 적은 여자랑 똑같다 생각지도 못한 데서 만나거든 -김홍식,False,
@용가리-m4t,"<a href=""https://www.youtube.com/watch?v=bxLBhhR9ioU&amp;t=107"">1:47</a> 플래그였구만 ㅋㅋㅋ",False,
@easygirl151,😂🤭🤣,True,@용가리-m4t
@유니콘-o3j,보기 드문 미인에다 희귀한 광녀라 안 반하고는 못 배기지 ㅋㅋ,False,
@orl738,연출 뭐얔ㅋㅋㅋㅋㅋㅋㅋㅋㅋㅋㅋㅋ 진짜 ㅋㅋㅋㅋㅋㅋㅋㅋㅋㅋㅋ,False,
@siungyoonsuh,반할만하지❤,False,
@ZIHOOOON,딱봐도 반한척,False,
@박연주-v4x,남부장 사투리는 진빼인기라 ㅋㅋㅋㅋㅋㅋㅋㅋㅋㅋㅋㅋ,False,
@3pp761,어떻게 열혈사제는 1이 대박이었는데 2도 재미가 있냐,False,
@nicolelucy6506,"홍식이 사랑이 이루어져서, 새사람으로 태어나면 좋겠다. 사랑의 힘으로",False,
@hazelnut4222,작가가 약빨고 만든거 같은데~ 완결될때까지 참아야 한다 몰아보자 !!,False,
@nicolelucy6506,연출뭐야 ㅋㅋㅋㅋㅋㅋㅋㅋㅋㅋㅋㅋㅋㅋㅋㅋㅋㅋㅋㅋㅋㅋㅋㅋㅋㅋㅋㅋㅋㅋㅋㅋㅋㅋㅋㅋㅋㅋㅋㅋ엄청웃엇어요,False,
@굿찌니-y7e,아 진짜 반한거....ㄷㄷㄷ,False,
@척척이-l6h,할머니 어쩌냐...,False,
@Brain_lee,오늘은 쿵푸팬더인가요?,False,
@김기범-g7q,박 검사님께 반한 것을 계기로 회개하려나,False,
@오직윤승오빠,해일이가 알면 어떤 반응일지 ㅋㅋㅋㅋ,False,
@스마일영-r9q,연출최고네요..❤코믹ㅎㅎㅎ,False,
@nurburgring4065,홍식아. 그 심장 잘못 울렸어ㅋㅋ😅😅,False,
@즐기는자-x5u,살수들 4명 어떻게든 이겨내긴했지만 건강상태도 안좋고 앞으로 혼자서 4명상대하기엔 버겁긴하겠다,False,
@수-k8e5m,뜬금없이 연애의발견 찍는줄알았다..,False,
@이현규-v8d,"<a href=""http://www.youtube.com/results?search_query=%23%EB%88%88%EB%8C%80%EC%8B%A0%EB%A9%9C%EB%A1%9C%EC%9E%A5%EC%B0%A9"">#눈대신멜로장착</a>",False,
@HYEJIN8282,홍식이 마음속에 저장❤❤,False,
@Hany-bv9ij,마음의 문 열고 경선이 들어감ㅋㅋㅋㅋㅋ첫눈에 반해버린 설정이 어떻게 작용할지 넘 기대된다ㅋㅋㅋㅋㅋ,False,
@해성-s6q,ㅋㅋㅋㅋㅋㅋㅋㅋㅋㅋㅋ개웃기넼ㅋㅋㅋㅋ,False,
@조희-f5p,진피 ㅋㅋㅋㅋㅋㅋㅋㅋㅋ 피부 진피층 ㅋㅋㅋㅋㅋㅋㅋ,False,
@Ann-pd1mw,-_-,False,
@박지은-h3f,1화에서 마약상 애인으로 나왔는데ㅎㅎ 큰그림이였네,False,
@purrt1008,남두헌 그 와중에 음식 먹고 있네ㅋㅋㅋㅋㅋㅋㅋ,False,
@이경환-m2f,할머니 어떻게  ㅜㅜ,False,
@alaaala,어떡해,True,@이경환-m2f
@퐈이어셔틀,악역인데 뭐샤 ㅋㅋ,False,
@까마귀-y9n,근접하게 가까워지면 오히려 많은 정보를 캐낼수있어서 좋긴한데 넘 위험하지않나 극강의 똘끼로 알아서 빠져나오시려나 ㅋㅋ,False,
@술희,ㅋㅋㅋㅋㅋ홍식이 왜 귀여워지냐,False,
@조선총잡이-d5l,중국어 잘하네~ㄷㄷ,False,
@jaewon8435,라오어입니다,True,@조선총잡이-d5l
@Snamhe123,라오스어,True,@조선총잡이-d5l
@조선총잡이-d5l,감사합니다,True,@조선총잡이-d5l
@songhyunjun09,아니 마음의 문 여는거 도랐나 진짴ㅋㅋㅋㅋㅋ,False,
@캡틴구,김홍식 부끄러워한다 ㅋ ㅋ ㅋ ㅋ,False,
@원도어-x8j,절대로 이어질 수 없다능 ㅋㅋㅋㅋㅋㅋㅋㅋㅋㅋ,False,
@2537-of3ub,미쳐버려 ㅋ ㅋ ㅋ ㅋ ㅋ ㅋ ㅋ ㅋ,False,
@easygirl151,"<a href=""https://www.youtube.com/watch?v=bxLBhhR9ioU&amp;t=832"">13:52</a> 헠ㅋㅋㄱㅋㄱㅋㅋ세상엨ㄱㅋㄱㄱ수줍어 하고 있엌ㅋㅋㄱㅋ",False,
@skim786,남부장: ? 니 뭐하노 ?,True,@easygirl151
@easygirl151,@@skim786 ㅋㅋㅋㅋㅋㅋㅋㅋ🤣🤣🤣🤣🤣🤣🤣🤣🤣🤣,True,@easygirl151
@user-hangyeol_end,로맨스가필요해서 봤던 멜로 눈깔 임 ㅋㅋㅋ,True,@easygirl151
@chloechoe8528,​@@skim786ㅋㅋㅋㅋㅋㅋㅋㅋㅋㅋㅋㅋㅋㅋㅋㅋㅋㅋㅋㅋㅋㅋㅋㅋㅋㅋㅋㅋ아까 딴데선 눈치없이 소개팅에 낀 삼촌같단 댓글보고 실실 쪼갰는데 이 댓글도 미치겠음ㅋㅋㅋㅋ,True,@easygirl151
@나-h5m,ㅋㅋㅋㅋㅋㅋㅋㅋㅋㅋㅋㅋㅋ,False,
@lyyk-cs9no,아놔 진짜 개웃었네 <br>성준 연기 넘 좋아졌넹 ㅋ ㅋ ㅋ,False,
@yxxnsxo-9,"이하늬 지켜,,,!!!",False,
@첫눈처럼야경,김홍식 박경선한테 홀딱 반했나 ㅋㅋㅋㅋ 연출 미쳤다<br>마음의 문을 열었어 ㅋㅋㅋ,False,
@김지은-y5y9k,"진짜 넘 재밌어요 ㅋㅋㅋㅋㅋ 오늘도 잘 보고 갑니당(윤하콘서트인천,대구,부산에서곧해요",True,@첫눈처럼야경
@떱버기,"<a href=""https://www.youtube.com/watch?v=bxLBhhR9ioU&amp;t=810"">13:30</a> 연출미쳣냐고ㅋㅋㅋㅋㅋㅋ 마음의 문을 열고들어감ㅋㅋㅋㅋㅋ 홍식이 눈빛 보니까 아주 제대로 반햇는데 깡패 홍식X검사 경선 너무 기대됨😍😍",False,
@skim786,본체가 로맨스 장인이라 바로 눈 갈아끼우는거 너무 잘 함 ㅋㅋㅋㅋㅋㅋㅋㅋ,True,@떱버기
@chloechoe8528,홍식이 하는거보니 아주 쎄게 반한거같은데 찐사임ㅋㅋㅋㅋ나중에 아주 짝사랑으로 호되게 앓았으면ㅋㅋㅋㅋㅋ저런캐가 사랑때문에 도라버리는거 좋음(그래서 더더욱 맺어짐 안됩니다),True,@떱버기
