author,comment,is_reply,reply_to
@chongmmyung,수능 화이팅입니다!❤,False,
@안토니팬아닌데요,N수생 경쟝 개심허다는데 올해,True,@chongmmyung
@수앙,2분전!!,True,@chongmmyung
@우주빅뱅,수능꿀팁:오늘 10시에 자고 내일 6시에 일어나서 아침밥 먹고 복습좀하다가 출발하셈 그럼 최상의컨디션 ㄱㄴ,True,@chongmmyung
@마마마마마마마마멈아,아니 왜 답글이 3개밖에 없냐?,True,@chongmmyung
@silvergoldj1962,와여기서만나네​@@안토니팬아닌데요,True,@chongmmyung
@15mininaday,아 유나 무분별 문자 날리기 개웃기넼ㅋㅋㅌㅌㅋ,False,
@날다리,커피왜남겨요?,False,
@KathyRenee-d5x,ㄹㅇ ㄱ글 에서 벳프리 보면 다른거 눈에도 안들어옴 그냥 다시보면 되니까 개이득임 ㅋㅋㅋㅋ ?,False,
@lovesomestar3,마지막 ㅋㅋㅋㅋㅋㅋ 디질준비라닠ㅋㅋㅋㅋㅋㅋ 그건 너무 편하자나 ㅠㅠ ㅋㅋㅋㅋㅋㅋ,False,
@ElijahBrenda,ㄱ글 에서 벳프리 이 ㅓㅇ도로 유명했음?  내 듣보잡인줄 알았는데 ㄷㄷㅋ,False,
@ElleryLight,진짜 ㄱ글 에서 벳프리 에서 방송 하시던분 진짜 잼있어 ... 다시보고 싶어서 가보자,False,
@own7801,재경이 성격 내 취향,False,
@물론마스크,동덕?,False,
@박경선-q1s,재경  내 이름인데!,False,
@장경희-y6p,진짜 연애안해본 내 친구 보는 느낌 ㅋㅋㅋㅋ 항상 영상에 나온 단발 머리 주인공 처럼 말해주는데 그래도 안됨 ㅋㅋㅋㅋㅋㅋㅋ,False,
@흑점줄전갱이,너무 재밌다..역시 총몇명님! 앞으로도 잘볼게요^^ 오빠 계정이고 오빠가 구독한거지만 제가 더 많이 봄 ㅋㅋㅋㅋ 화이팅하세요! 추우니까 감기 조심하시구요!,False,
@zrc247,"이상한 조언이나 이런 만화가 여자들 다 망치는듯, 남자입장에서 여자가 저러면 별론데. 밀당하고 비싼척굴면 정떨궈져요 뭔 저게 고수라고 생각하는거임",False,
@kimmyyu5233,외모는 치마입은 친구가 연애달인일것 같은데 완전 반대네,False,
@Tube-nz4zo,"유나 선배와 영화보고 팝콘,콜라도 얻어먹었는데 썸미라며 겁나 좋아하네요 근데 재경은 제대로 안듣고 안믿네요 카톡내용보고 수습을 시키다니ㅋㅋ 선배한테 카톡을 왜보내요 답장오니깐 유나겁나 신나고 난리네요ㅋㅋ <a href=""https://www.youtube.com/watch?v=D8BnzmB23VI&amp;t=155"">2:35</a>ㅁㅊ거짓말까지 하다니..<a href=""https://www.youtube.com/watch?v=D8BnzmB23VI&amp;t=202"">3:22</a>너무많이 보낸거 아니에요? 저러니까 뭐라할지 몰라 고민하죠 <a href=""https://www.youtube.com/watch?v=D8BnzmB23VI&amp;t=230"">3:50</a>뭔그런말까지ㅋㅋ 유나는 하준과 잘할수있을까요",False,
@realmotet,하…..,False,
@Harry_Potter_Dog,아 여자 개답답하네 ㅋㅋㅋㅋ,False,
@여자여자해-n5i,와...개찔리네요..자기반성중,False,
@기영이-z4p,시끄럽고 너 어제 누구랑 있었어? 나 좋다고 매달릴 땐 언제고,False,
@Libicon,포인트는 세상에 남자는 너 밖에없어😍😍 하면서 분별조차 못 하는 자세로 있지 말라는 말<br>여유를 가지란 말. 너가 없어도 괜찮고 있어도 괜찮지만 좋아하니까 표현하는 것. 집착하지 않는 표현.,False,
@헤라k9u,재미잇게 늘 잘보고잇어요 😊,False,
@소박-u3g,하 앀 ㅋㅋㅋㅋㅋㅋ연락 올 때 왜 나도 흐뭇해지는데,False,
@IvarKerri,진짜 ㄱ글 에서 벳프리 에서 방송 하시던분 진짜 잼있어 ... 다시보고 싶어서 가보자 ㅋ,False,
@QuentinBobbie,그놈의 ㄱ글 에서 벳프리 댓글 ㅈ 나많여네기 댓그글렇 게왜죠이 럼좋 은ㄷ가ㄷ보 지ㄱ 글보 러에갈서까 ?벳?프리 도대체 머길래--?,False,
@QuentinBobbie,그놈의 ㄱ글 에서 벳프리 댓글 ㅈ 나많여네기 댓그글렇 게왜죠이 럼좋 은ㄷ가ㄷ보 지ㄱ 글보 러에갈서까 ?벳?프리 도대체 머길래--?,False,
@이빨요정-c4j,제 이름도 하준입니다<br>저러면 짜칩니다,False,
@체리-k9b,뭐만하면 호들갑 떠는 친구는 상대안함..,False,
@aaaaaaaaaaa-x3f,주제를 알자,False,
@DouglasPercival,여기댓글 왜이럼 ㄷㄷ ㄱ글 에서 벳프리 도대체 머길래--ㅋ,False,
@꼬맹하나,총몇명 천재야.. 나 요즘 썸이였다가 연애하기 시작했는데 … 어째 내 맘도 읽으셨는지요..??,False,
@iiraingirlii,He broke up with me 😢 how do I recover,False,
@iiraingirlii,😅,False,
@리코리코리-RICO_RICO_RI,"<a href=""https://www.youtube.com/watch?v=D8BnzmB23VI&amp;t=282"">4:42</a> 저렇게 많이 남겨?",False,
@민서-h4f,와 내 얘긴줄,False,
@다슬-y6z,"<a href=""https://www.youtube.com/watch?v=D8BnzmB23VI&amp;t=8"">0:08</a>초만 봐도 썸 아님..ㅋㅋㅋ<br>여자쪽만 좋아하네",False,
@설렁탕_연구소_공룡알,와19분전ㅠㅜ…,False,
@힣워뇨,엥 저건 걍 친구랑 연애하는거 자너 ㅋㅋㅋ,False,
@김유빈-d2f2r,민모리 또 나왔으면 좋겠다,False,
@해킹당함-c2v,재경이가 더 별론듯,False,
@누구게-l3b,넌 걍 하지마,False,
@jkasasv3497,어우 너무 찡찡된다....,False,
@wjdgodk-tls031ilov,친구덕에 남친생기겠네,False,
@中務直子,롤카롤카에서 드디어 양성반응을 보이고 있어요 궁긍하면 검색해봐,False,
@YoshimitsuFujisawa,롤카롤카 놀이공원 보다 더 짜릿짜릿 19금 보다,False,
@MisaIshizaki,"케리아 2년 재계약 확정, 티원 전원재계약 와우 롤카롤카",False,
@DeanGarsia,롤카롤카는 롤 vs 카지노 ㅎㅎ 여러분들의 선택에 맡기겠습니다.,False,
@HideyoAmano,만약에 이스포츠가 질렸다면 카쥐노로 전향해도 무방합니다 롤카롤카,False,
@TsuguhikoNonaka,하루도 빠짐없이 들어와서 눈팅중인데 오늘은 달려볼거임 롤카롤카,False,
@影浦雨夜,LCK LPL 멸망존 스케줄표 다 나와있습니다. 롤카롤카,False,
@JavierJ.Mooring,롤카롤카 들어와서 안해도 되니까 확인이라도 한번만 해바유 롤카롤카,False,
@YukioKogawa,이스포츠에 관해서는 우리나라가 최고의 실력 롤카롤카 ㅋㅋㅋㅋㅋ,False,
@登真美,LOL 관한 모든 정보 및 분석 픽은? 롤카롤카 ㅎㅎㅎㅎ,False,
@JaxonSolly,남녀노소 어렵지 않은 이스포츠 대명사 롤카롤카,False,
@ทองกลมพระสุวรรณ์,롤카롤카 찌라시가 돌던데.. 여윽시 금방 나올줄 알았다 ㅋㅋㅋㅋㅋ,False,
@StellaKyte,내가 장담하는데 롤카롤카 분명 흐름타서 페이모스해진다,False,
@EdytheMcGenn-g6k,하나부터 열까지 다 가르쳐주는 배튕학원 롤카롤카,False,
@静間四郎,모든 게임의 정보는 어디서확인하라고? 롤카롤카,False,
@สุชนาธินาถเกษร,롤카롤카 엄청 도배되어 있네 뭐지.. 한번들어가봐야겠다,False,
@GoukiSenda,곧 시즌이 돌아오는데 가만히 계실건가요 ? 롤카롤카,False,
@RyderHort,롤카롤카 들어와봐요 ㅋㅋㅋ 이런곳도 있네 ㅋㅋㅋ,False,
@핑뚜이,총몇명 먹방이진짜 존잼인듯 민정 가영 우정 스토리도 개공감되고 존잼❤,False,
@한송y2k,아오답답해,False,
@김민섭-y2r,"<a href=""https://www.youtube.com/watch?v=D8BnzmB23VI&amp;t=304"">5:04</a>초부터 재미없어요…….",False,
@고래-o6l,ㅋㅋㅋㅋㅋㅋ뒤질준빜ㅋㅋㅋㅋㅋㅋ,False,
@토토_악동핑,"<a href=""https://www.youtube.com/watch?v=D8BnzmB23VI&amp;t=178"">2:58</a> ㅋㅋㅋㅋ",False,
@marryverry-t4y,ㅋㅋㅋㅋㅋ😂,False,
@노희자-r8u,부럽당~,False,
@시랑이의소통일상,"안녕하세요..  <br>저는 초등학교 4학년 입니다.....<br>제가...친구랑...아파트 단지에서 배드민턴을 다가 무서운 일을 겪었습니다<br><br><br><br>친구랑 바드민턴을 하다가 공을 밑으로 떨어뜨렸어요....<br>그때 친구가 먼저 밑에 가보라고 해서 공을 찾고 친구가 있던 곳으로 같어요..<br>그런데..<br>친구가 안보여서..<br>친구를 불렀어요<br>제 친구를 a라고 할께요<br>&quot;A야!!!!어딨어!!a야!!&quot;<br>그리고 밑으로 내려 갔는데친구가 몸을 덜덜 떨고있는 거에요!!<br>그레서 a한테 물어 보까...<br>저는 s라고 할께요<br>&quot;A:야...s야.....<br>너...방금...빨간 자전거...타고...가는...아저씨...못봤어?<br>저는 올라 가면서 그 아저씨를 봐서 응.....나 봤는데?<br>라고 대답을 했습니다...<br>그때...친구가 하는 말을 듣고...저는 놀라 넘어졌습니다....<br>&quot;a:야......나가...너...찾고...있었는데....어떤...아저씨가....<br>너 이름 안 말했는데....내 어깨....잡으면서....<br>아저씨가....너.......집에....갔다고...s너....갔다고....하면서....나한테....따라 오라고....내...손목 잡고......나...잡아 당기더라고... 그래서....내가 핸드폰 들고 112누르니까 그 아저씨가 자전거 타고 도망치더라..&quot; 저는 a에 손목을 보니 a의 손목에 큰 손바닥자국이 선명하게 남아있었어요. 그걸 보고,, 저랑 a는 손을 잡고 그 단지를 나갔는데, 그 아저씨가 기다리고 있어서, 바로 근처에있는 경비셀로 뒤도 안보며 미치게 뛰었습니다.. 그때...넘어져서....저항 a는 팔꿈치가 까졌습니다...<br>그레서 하교 보건실 가서....치료를 받고 학교를 나와서...정문을 보니까...그 아저씨가 타던....빨간 자전거가... <br>앞에...놓여져 있었습니다.....<br>이상으로...우리의...이야기가...긑났습니다...감사합니다..",False,
@haigabavtqqtfafahg,오빠 밥 드셨어? 이런 건 하지말곸ㅋㅋㅋㅋㅋㅋㅋㅋㅋㅋㅋㅋㅋ,False,
@최미선-i6v8y,친구분 속터지네요 카톡,False,
@뽀잉임다,이 영상 제 영상에서 써두 되나여?,False,
@yeojunyoung5818,답답허다…. 그냥 그러고 살어 계속,False,
@honeyyeonsuchip,ㄴㅁㅅ ..피곤 😂,False,
@나나나나-u3h,근데 저렇게 난리부르스치는게 또 재밌음,False,
@hhaabbooo,마지막 ㅈㄴ 귀여운데 ㅋㅋㅋㅋㅋㅋㅋ 킹받지만 미워할 수 없는 느낌 ㅜㅜ<br>뒤질준비 ^^^ ㅎㅎㅎ,False,
@정다솜-x8l,마지막 톡였다고 한다 😅😅😅 친구가 말한의미는 가볍게 보내라는 거였는 몰 이해 한듯,False,
@susususuper_nova,유나 쟤 어떻게든 상대한테 착한 이미지 남기게 할려고 그러는거 같음 근데 막상 제3자 입장에선 개답답하고 오히려 개화남,False,
@juhajoa__,언니 저도 상담 좀요. 진지해요. 저 여자처럼 하다가 썸남이 손잡을 때 갑분 유교 걸 돼서 밀었더니 썸붕 남.,False,
@jeorgejoa,작가가 연애 안해봤나보노 ㅋㅋㅋ,False,
@소냐르-z4h,지금 시기에 중요한 일인 <br>수능응원도 좋지만<br>정작 중요한 이 영상에서의 목적은<br>수능얘기만 가득한 댓글로<br>망치고 있지 않나 해요<br>수능관련한 영상이면 이해하죠<br>근데 이 영상은 그런 내용이 아니잖아요<br>너무 뇌절이네요<br>수능을 무시하는것이 아니라 댓글의 문제점을 얘기하는거니<br>혹시 무시한다고 느끼셨다면<br>답글로 피드백 부탁드립니다<br>제가 고치도록 하겠습니다,False,
@소냐르-z4h,+유튜버분이 쓴 고정댓이 아닌<br>일반인분들이 쓴 댓글을 말하는겁니다<br>좋은 마음으로 쓰셨겠지만<br>그것이 안좋은 점을 만든다는 것을<br>말하고 싶었습니다,True,@소냐르-z4h
@딸기케이크-j2l,아이고 마지막 톡보고 머리짚었다,False,
@촤선남,루시퍼 다시 보고싶다,False,
@Silver__2,막판에 그게 뭐야 ㅋ ㅋㅋ 웃겨 ㅋㅋㅋㅋㅋ 썸을 재대로 타는건가요? 이제 그럼 슬슬 시작인가요??,False,
@julialee4210,마지막ㅋㅋㅋㅋㅋㅋㅋㅋㅋ웃김,False,
@user-rg3bs3lx8w,ㅉ,False,
@YeJi766,마지막ㅋㅋㅋㅋㅋㅋㅋㅋㅋㅋㅋㅋㅋㅋㅋㅋㅋㅋㅋ,False,
@노을비-i5g,수능 잘 못본사람들?,False,
@nnnaaa0111,이건 맞아요 ??ㅋㅋㅋ 나두 해볼까 ㅋ,False,
@kim.-.-00,드디어 수능 끝나고 집 왔어요,False,
@user-wocuenzo10,좋은 결과 있을거에요~ 고생했어요!!,True,@kim.-.-00
@Thdud-c6z,근데 정말 궁금한건데 저렇게 초성써도 좋아하나용 ...?,False,
@RD-ym6uv,총몇명님 복수 아카데미 올려주세요,False,
@웅냐-k9r,말투 개별론데  친구랑 톡하는줄,False,
@수뭉,감사합니다..<br>보고 이마탁 몇번을 친지 모르겠어요. ㅋㅋㅋㅋㅋㅋㅋㅋㅋㅋㅋㅋ,False,
@김태호-b4r,이런 그림채말고 옛날 삼각 머리가 좋았다 돌아와 줘ㅠㅠ,False,
@라탕탕탕핑거팁마,진짜 어떡해 쟤 ㅋㅋㅋ 아,False,
@샤인머쓱캣-z9g,핸드폰 압수.,False,
@이우-s9y,이톡은 읽고 씹으세요 ㅋㅋㅋㅋㅋㅋㅋㅋㅋㅋㅋㅋㅋㅋㅋㅋㅋㅋ 개웃기네,False,
@eunhyekim7039,그 다음편도 올려주세요&gt;_&lt; <br>실체 드러냈는데 남자가 그래도 다가올 지 궁금하네요 ㅎㅎ,False,
@jyk4742,오마이갓....뒤진다라는 단어는..쫌...ㅋㅋ  ㅠㅠㅠㅠ,False,
@김주광-j4m,마지막 카톡보고 와우 ㅈ됬다 하고 영상 멈췄는데 딱 끝나서 다행 ㅋㅋ,False,
@eungggi,커피 덜 마셨는데 집에 가시면 어떡해요,False,
@H_H-rx2oh,어후.. 보는 나도 속터진다. ;;; 저런 센스는 그냥 타고나야해.. 가르쳐도 못배움;; 에휴 ㅋㅋㅋㅋㅋㅋㅋㅋㅋㅋㅋㅋㅋ,False,
@ks5889,"오우갓~노!!! 🤣<br>내 주위에 저런애 한명있음...아니 훨씬 심각한데...몇 달 전에 같이 겜 하면서 있었던 대화인데<br>걔가 은행에 대출 받으러 갔는데 거기 여직원이 친절하게 대해줬다고 &quot;나한테 관심있는거 같은데, 사귈까? 사귈까?&quot; 이 ㅈㄹ 해서 그냥 나두면 안되겠다 싶어서 대화 해 봤는데<br>나: 너 지금까지 몇 명 사겨봤냐? <br>걔:없지<br>나: 바로 그거야. 모태솔로의 망상이란거 진짜로 존재하는구나 <br>걔:  ㅋㅋㅋ 그런데 애는 찐임. 나한테 진짜 관심 있는거 같다니까. 되게 친절하던데<br>나: 그럼 은행 직원이 친절하게 하지 반말 찍찍 갈기고 하나 <br>걔: 다른 직원들은 대출 받으러 가면 건성으로 대답하는데 애는 얼굴 보면서 웃으면서 친절하게 대해줌<br>나: 아니 그건 그 사람 원래 성격이 착한건지 메뉴얼대로 잘 하는거고. 나도 손님들 대할 땐 아무리 ㅈ같은 상황이라도 웃으면서 답했어. 너도 일하면서 그렇게 하잖어<br>걔: 어, 그런데 애는 다름<br>나: 너 괜히 허튼짓 하다가 스토킹으로 신고나 당하지 말아라 ㅋㅋㅋ<br>걔: 아니 얘는 진짜라니까<br>나: 너 지금 36인데 썸 한번 안타봤지...하지마. 괜히 열심히 사는 사람 괴롭히지 말고 ㅋㅋㅋ<br>걔: 아니 같이 밥먹자고 하는데 ㅇㅋ 했음<br>나: 너가 그 사람보고 밥먹자고 했다고? 헐, 미쳤음? 그리고 그건 너가 손님이니까, 뭐라고 할 수 없으니까 그냥 너 빨랑 가라고 한 대답이고. 그리고 뭐 어떻게 할려고? 은행 끝나고 기다릴려고?<br>걔: 연락처 있음<br>나: 어떻게? 너 뭔 짓 했음?<br>걔: 아니, 그냥 주던데<br>나: 너 그거 그 사람 개인 연락처 너 폰에 찍어준게 아니라 직원 연락처 받은거 아니야? 은행 명함 같은거<br>걔: 어 맞어<br>나: 제발 하지마...너를 위해서도 그 사람을 위해서도 하지마<br>걔: 아니 뭐 일단 ㅇㅋ 했으니까 같이 밥먹으면서 물어보면 되지<br>나: 으아아아아아<br>한 동안 대화 안해봐서 어떻게 됐는지는 모르겠는데 내 감이 말해주고 있다. 은행 여직원은 단순히 실적올리고 싶어서 친절하게 대했을 뿐이라고 (대놓고 걔한테도 실적올리고 싶다고 그렇게 말했었다고 함)",False,
@이유나-n8p,어우 깜짝이야,False,
@KimLifestyle-I,와 이거 ㄹㅇ 애는 참 깊고 착한데 이래서 마음 확 식음,False,
@로즈-c5m,수능 화이티잉,False,
@모하리,걍 연애하지마,False,
@핸들이뭐임94,썸탈땐 걍 성격대로 하는게 좋을듯. 그래야 서로를 빨리 알아가니. 참고로 난 밀당은 썸탈때도 사귈때도 불필요한 감정소모같아서 전혀 안함ㅋ,False,
@자즁해,ㅋㅋㅋㅋ아 진짜 나보는거 같아서 넘 웃겨,False,
@AnaS00901,ㅋㅋㅋㅋㅋㅋㅋㅋㅋㅋㅋㅋㅋㅋㅋㅋㅋㅋㅋㅋㅋㅋㅋㅋ,False,
@sonam7choi,술마시고 뒤질준비.  ㅋㅋㅋ ㅋ,False,
@clickyt7,어우 답답 연애고자 ㅋㅋㅋㅋㅋㅋㅋ,False,
@16752,맞아 그냥 여자사람 친구한테 보내는것처럼 톡해야함. 나도 이걸 알았더라먼 😂,False,
@김김-c5s6k,"쟨 안돼,,,썸 포기해",False,
@권예람-r7n,이런것도 좋지만… 총몇명 옛날감성이 너무 그리워여 ㅜ3ㅜ 사연낭독하고 모리네 가족 이야기두 다 보고파요..ㅠㅠ 도라와여 총몇명ㅠㅠㅠㅠ,False,
@두비둠빠,"<a href=""https://www.youtube.com/watch?v=D8BnzmB23VI&amp;t=29"">0:29</a> 아메리카노 갑자기 고퀄 됨",False,
@여름-t6d,됨,True,@두비둠빠
@dokteroliviee,넘 재밌게 봤어요.총몇명님은 연애고수이거나 연애빵점이거나ㅋㅋㅋㅎㅋ,False,
@시골-w2j,"<a href=""https://www.youtube.com/watch?v=D8BnzmB23VI&amp;t=143"">2:23</a> ㅋㅋㅋㅋㅋㅋㅋㅋㅋㅋㅋㅋㅋㅋㅋㅋㅋㅋㅋㅋㅋㅋㅋㅋㅋㅋㅋㅋㅋㅋㅋ",False,
@나윤-b9u,고3분들 노력한만큼 열심히 수능치시고 모두 원하는대학 들어가시길.ᐟ,False,
@nicolekwon2110,저 이름이 조유나에요 ㅎㅎㅎ❤😂😂😂,False,
@steinerlee6020,ㅋㅋ 실제로 친구같이 카톡보내면 ㅁㅊ년인가? 하고 그냥 안읽씹함,False,
@룬-e8y,그냥 서로 잘맞지않는거 아닌가? 남자도 여자 좋으면 그냥 저런 톡에도 엄청 톡하는데,False,
@윤지인-x5z,11시간전❤❤❤❤❤❤❤❤❤❤❤❤❤❤❤❤❤❤❤❤❤❤❤❤❤❤❤❤❤❤❤❤,False,
@heamgu04,"뒤질준비ㅋㅋㅋㅋㅋㅋㅋ 에휴 ,, 에휴 ,,, 아이고...",False,
@paka_Love,아...저친구 너무 답답하다...,False,
@Yakisama-p8t,English subtitles 😭😭😭😭😭😭😭😭😭😭😭😭😭😭😭😭😭😭😭😭,False,
@Yakisama-p8t,Plssss English subtitles,False,
@Yakisama-p8t,Pls English subtitles,False,
@vely_vely486,나 진짜 이해안가는거 좋아서 친절하게 잘해주는건데 남자놈들은 왜 다 저자세라고 생각하고 친절하게 구면 다른 모드로 돌입되나요 <br>그냥 내가 친절한사람인데 역거움,False,
@byur_11,아 댓글 좀 보려고 했더니 무슨 죄다 수능 댓글 ;;; 썸 타네마네 하는 영상에 ...,False,
@Tube-nz4zo,그러게요 수능끝나서 그런가봐요,True,@byur_11
@즹23,울언니...제발 수능 잘치게 해주세요..😿,False,
@clover2002,영상 너무 재밌게 잘봤어요!,False,
@정서리,보는 내가 답답하다... 친구 진짜 보살이네 ㅋㅋㅋㅋ,False,
@hameera03,ENGLISH SUBTITLES PLLK,False,
@Siu_da,"<a href=""https://www.youtube.com/watch?v=D8BnzmB23VI&amp;t=170"">2:50</a> …. 예의 빠진사람 거르는 사람한테는 최악",False,
@해킹당함-c2v,솔직히 친구 노답인듯,True,@Siu_da
@alyssa513,그냥 저런 모습을 좋아하는 사람도 있음. 잘맞는 사람을 만나면됨,False,
@놀란햄찌0,헉,True,@alyssa513
@힙찔이,ㅇㅈ,True,@alyssa513
@김민성-s7m3w,맞아요 저도 직진남이라 ㅋㅋㅋㅋ 밀당그런거 몰라요,True,@alyssa513
@zrc247,ㅇㅈ저 친구가 보내는거 그냥 별론데 저렇게 싸가지없고 밀당하는게 좋다고 생각하는 이상한 나라ㅋ,True,@alyssa513
@이삼손-c5b,옛날 내가 생각난다. 저리 매달리고 기다릴수록 상대가 갖고놀기 좋지 ㅋㅋ<br>그냥 아님 말고식이 최고다. 근데 여자들 남자들도 한두번 튕기는건 이해해도<br>그 이상하면 짜증나서 접는단걸 알기를 ㅎㅎ 가뜩이나 요즘 신경쓸게 많기에<br>이성관계도 질질 끌수록 하기 싫어하더라 .,False,
@Sun_dong,어느순간부터 먼가....유치????? 총몇명의 감성이 많이 사라진거같아서 아쉽네요....,False,
@로로-e2y,제 이름도 유나데 ㅎㅎ,False,
@saimdanghome,저두옄ㅋ,True,@로로-e2y
@htlee498,마지막 ㅋㅋㅋㅋㅋㅋㅋ,False,
@fakerlove,못생겼다? 재경이처럼 하면 역효과 차단당함<br>재경이도 맞말하긴함 근데 첨부터 f친구가 재경이처럼 했어야하는데 ㅠ 갑자기 바뀌어서 오바임ㅋㅋㅋ,False,
@dokdoiskoreanterritory9418,쟤 망ㅋㅋㅋㅋㅋ,False,
@finall99_k,뒤질준비 ㅋㅋ개웃기냌ㅋ,False,
@finall99_k,ㅋㅋㅋ친구항테 머라고 보내지ㅜ이거 ㅋㅋㅋㄹㅇ,False,
@Sisishyeon,수험생분들 머두 화이팅하세요!!!<br>열심히 하신 만큼 꼭 좋은 결과 있으실 겁니다❤❤ 걱정 마시고 푹 자셔용!! 제가 멀리서 응원하겠습니다!❤,False,
@charmingjelly,으악 마지막에 어떡해 소리 바로 나왔닼ㅋㅋㅋㅋ,False,
@kellyahns,어흑 뒤질 준비 ㅋㅋㅋㅋㅋㅋㅋㅋㅋㅋㅋ,False,
@Captain_hoon,ㅋㅋㅋㅋㅋ중간이 없네 ㅜ,False,
@diggitie,인물 소개 자막 너무 빠름 ㅎ ㅠㅠ,False,
@YUJOYING,"<a href=""https://www.youtube.com/watch?v=D8BnzmB23VI&amp;t=287"">4:47</a> 김도윤 쉐프님 아니냐구요,,",False,
@Shwhwiid,수능힘내세요!이 댓보신분 찍은거 다 맞으시길!!,False,
@user-wz4hp2ex9s,수능 대박나세요🎉❤,False,
@강배이-y8q,언니 오빠들 100저.......읍!! 100점! 아 이것좀 놔봐! 100..... 꽥......,False,
@LOL-tm9zh,다들 수능 화이팅!!!!,False,
@재인-j3h,수능 화이팅🍀 좋은 결과 나오시길🤍,False,
@뿝-p5o,수능 하루전 최고의 선택.,False,
@miredoll,매달리지마. 공주 대접해주는 남자 만나면 세상이 꽃밭이란다.,False,
@season-o6c,이야 뇌 빼고 보내랬다고 진짜 뇌를 빼버렸네... 아이고 너는 갱생 불가다....,False,
@만두-v9f,하.....ㅎㅎ,False,
@umm00_1,수능생분들 화이팅!! 찍는것도 다 맞기를!!!,False,
@ykpark4970,수능 모두들 홧팅 하세욧!!,False,
@선정이딸,"<a href=""https://www.youtube.com/watch?v=D8BnzmB23VI&amp;t=298"">4:58</a> 미치것다..",False,
@Sofia-kn2le,Can we have english Caption too ?,False,
@봉주돌,썸깨지자마자 영상올라오네😂😂😂,False,
@chocho5740,뒤질준비 ㅇㅈㄹ ㅋㅋㅋ 진심 뿜었다 ㅋㅋㅋ,False,
@isfp4549,"하 짜증나 왜 나같냐,,,",False,
@BO-nn9up,안될안의 정석 ㅋㅋㅋㅋㅋㅋㅋㅋㅋ,False,
@황재성-d8k,그치 저게 안되서 매번 소개받을때마다 망친다니깐,False,
@doneit0606,마지막ㅋㅋㅋㅋㅋㅋㅋㅋ,False,
@bs___12j,내일 수능 보시는 고3분들 파이팅입니다!!!!,False,
@하하핳-e2n,에휴....갱생불가,False,
@user-zf4jv8bw9p,그동안 시험준비 하느라<br>수고많았어요,False,
@한코코_lnfp,내일 고등 학생 여러분 수능 힘내세요![난 초 ㄷ ㅡ ㅇ 학생 😢ㅏ,False,
@TV-ci1zg,이 댓 보시는분들 수능 기운 받아가세요!,False,
@Leejeeyoung34,진짜여자애가 좀그러네 남자랑썸도아닌 그냥몃번<br>만난걸가지구 아놔~~~ 그리고 난호들갑너무싫어,False,
@유유링-t4h,썸 깨졌겠다ㅋㅋㅋㅋㅋㅋㅋ,False,
@강다윤-e9w,수능 화이팅❤❤❤,False,
@herayury,뇌를 너무 뺐는데 ;;;,False,
@user-wr9nz6qq7d,둘이 인팁이랑 씹프피 보는것 같네,False,
@Bbb0033,거침킥 서민정 신지 느낌이ㅎ,False,
@archiadj,모두 수능 홧팅!,False,
@김꿀띠슈,저럴때는 도와주면 안됨 죽이되던 밥이 되던 본인이 부딪치고 깨달아야 함😅😅,False,
@user-wr9nz6qq7d,자존감 낮고 저자세 ㅈㄴ 시름 ㅋ,False,
@springkim1022,이번편 넘 재밌어요 ㅋㅋㅋㅋ,False,
@user-wr9nz6qq7d,댓글들 십탕났네 영상 ㅈㄴ 여자 짜침 ㅋ 뭔놈의 수능 응원만 있냐,False,
@그래나야-h7f,저딴놈때문에 맘 썩히지마요 .. 남자나 여자나 자존감 높게 삽시다 ㅜ,False,
@머어엉냐아아아아옹,일찍 와따ㅏㅏ,False,
@hulyacahaloglu1435,Uf ne zaman istersen o zaman ben de seni çok seviyorum seni 🤩🤩🤩🤩💟💟💟💟✨Merhaba canım nasılsın,False,
@서호석-o3n,남자 버전도 해주시면 안돼나요?,False,
@gan-man-ph4lk,이런거 말고,False,
@스껄스껄-c7l,수능 화이팅!,False,
@억까하지마-f5t,이 댓보면 재수함,False,
@speed7782,현실은 그 친구가 하는 말이 틀린거고 잘하고 있는거임  젊을 때는 좀 통할지도 몰라도 친구따라 편하게 저짓하다가 뭐지? 하고 도망가버림,False,
@무민-b8y,수능 파이팅입니다!,False,
@hyeonbyeolppom,.... 미치겠네........😂😂,False,
@kkomuli_f,저런 애들 눈치도 없음..,False,
@마이쮸-d2s,저 친구는... 아무도 못만나겠어.... 왜케 멍청해,False,
@라임라임해,뇌빼고 ㅋㅋㅋㅋㅋ,False,
@alicekim0_0,"<a href=""https://www.youtube.com/watch?v=D8BnzmB23VI&amp;t=167"">2:47</a> ㅋㅋㅋ겁나 웃겨😂😂",False,
@로연제리,그날 우리는헤어졌다,False,
@김서현-p9x,😊,False,
@yxo._u12,귀엽다..❤,False,
@user32l7,아오😫,False,
@oin1jey,다들 올1등급 받으세용!!,False,
@--__--.26073,하.. 저런친구 손절했는데ㅋㅋㅋ 받아주는것도 한두번이지 계속 자존감 박살난 모습 보여주면서 썸인지 아닌지 나한테 확인받고... 진짜 스트레스받아 뒤짐 내가 니 인사이드아웃이냐? 너대신 인생 연애 설계 해주게?,False,
@IvarKerri,진짜 ㄱ글 에서 벳프리 에서 방송 하시던분 진짜 잼있어 ... 다시보고 싶어서 가보자,True,@--__--.26073
@illlil9385,나름 재밌음 게임 퀘스트 깨는 느낌도 들고,True,@--__--.26073
@sjl431,그렇게 머리아플 대화상대면 그냥 소통을 하지마요 ㅋㅋㅋ 누구랑 대화하는지 모르겠네,False,
@Dfhgfjhchj,고3분들 재수생분들 화이팅 하세요~!!,False,
@강무앙-d6t,하..........,False,
@스피어근,천하의 모든 인물들 함께 사랑하자,False,
@user-10yearslater,유나..? 오구라..?,False,
@Mayuuuuuuuu125,수능 화이팅하세요!!💯💯<br>럭키빔!!🍀🍀🍀🍀,False,
@인셉-d2j,이 댓을 보는 사람들은 모두 수능에서 대학 최저를 맞추게 될것이다,False,
@akjfg,술 마시고 뒤질준비 ㅋㅋㅋㅋㅋㅋ,False,
@으5쀼,나는 저사람이 잘하는지 잘 모르겠는데ㅋㄱㅋ<br>초면인데 누가 저렇게 싸가지없이 보내냐,False,
@chickenjotmatang,근데 댓들 다 수능 얘기네 물론 수능 전 날이라서 아주 중요하고 또 중요한 날 이지만 영상이랑 상관없는 댓들이라 쬐금 그렇네요 ㅎ..,False,
@이천사-x1h,@@chickenjotmatang 수능끝나면 저런연애 가능하겠져..?,True,@chickenjotmatang
@heh-co7tw,​@@이천사-x1hㄴㄴ,True,@chickenjotmatang
@이천사-x1h,@@heh-co7tw ㅋㅋ,True,@chickenjotmatang
@해킹당함-c2v,하긴 그런듯요,True,@chickenjotmatang
@안냐세요-u8t,"<a href=""https://www.youtube.com/watch?v=D8BnzmB23VI&amp;t=288"">4:48</a>초 브루노마스에서 백종원되는거 ㅋㅋ",False,
@Lily-n5j7u,핫ㅆ,False,
@just.hamster,ㅋㅋㅋㅋㅋㅋ아 개웃겨ㅜㅠ진심 보면서 육성으로 아 미친 하자마자 검머친구도 동시에 ㅁㅊ이라고하네 ㅋㅋㅋㅋ,False,
@lukj4152,"<a href=""https://www.youtube.com/watch?v=D8BnzmB23VI&amp;t=67"">1:07</a> 나의명예 카톡소방관 ㅋㅋㅋㅋㅇㅈㄹ",False,
@sha_kmin,수능 화이팅!!찍은것도 다맞으세요🍀,False,
@mimi-ep7qw,수능 다들 아자아자!!! 퐈이팅!!<br>5.1천❤ 148.941회❤<br>455번째 댓글❤ 2시간 전❤❤❤,False,
@조빻빻,진짜 미치겠다 ㅋㅋㅋ,False,
@y_4261,마지막 진짜 빵터졌넼ㅋㅋㅋㅋㅋㅋㅋㅋㅋㅋㅋㅋㅋㅋㅋㅋㅋ,False,
@하찬토hachanto,우왕.ᐟ 오늘 영상도 넘 재밋어요 잘봣습니당,False,
@뽜익쒹쎄븐에잇,아이고…………………………..,False,
@Parkkeunsik,다들 수능 화이팅!!!!!좋은결과 있을게에요 모두,False,
@user-ny6ty5qs7x,일단 이번편 작가님이 모쏠인건 알겠음,False,
@지원애청자-1103,이 댓글 보시는 분 다 수능 만점자 되세요~~,False,
@채린-n8z,이제 총몇명 시리즈랑 지옥의왕 시리즈 처럼 그런 시리즈는 안나오나요 ??ㅠ,False,
@히히-o9h3p,수능 화이팅💚💚💚,False,
@you_carat0526,수능 화이팅! 연애 화이팅!,False,
@JH_JCHI,모솔인데도 저건 아닌거 같음,False,
@user-fv4bu3uc3u,와,False,
@secnodDing,모두 수능 파이팅!!,False,
@우미-q3g,누가 내 얘기하네,False,
@공감글귀,😂🎉,False,
@인생-y1m,낼 수능인데 젤 앞자리네..하😢,False,
@서안-0906,수능 화이팅!<br>노력 한 만큼 좋게 나올거에요!,False,
@김슬희-p1e,오늘도 재밌게 보고갑니다,False,
@너무큰꿈,서재경캐릭  엄청 이쁘네,False,
@Happiness.jasmin,재경이 모드좋다ㅎ<br>유나는 잘못하면 남자에게 끌려갈듯<br>수험생 여러분 내일 수능 잘보세요!!!❤❤❤❤🍀🍀🍀🍀🍀🍀🍀🍀🍀🍀🍀🍀🍀🍀🍀🍀🍀🍀,False,
@moonones2,"<a href=""https://www.youtube.com/watch?v=D8BnzmB23VI&amp;t=229"">3:49</a> 아제발 소리가 육성으로나오네",False,
@뇽이-d2s,고마워요 제 연애의 문제점을 알았어요,False,
@냥이집사-i4i,아 무슨 댓볼려니 다 수능얘기야 그런건 따로 하세요 애초에 잠깐 머리 식힐 겸 영상보는거야 이해한다지만 영상보고 댓 저렇게 남길 정도면 솔찌 놓은거 같은데 적당히들 하세요<br><br>오늘 총몇명님 영상 재밌네요 항상 다양하게 컨텐츠 내시는데 너무 좋아요ㅠㅠㅠ👍👍👍👍,False,
@스포해안해,다들 수능 화이팅입니다! 등급 잘 받으시길,False,
@김민지-s9l7f,재미있당,False,
@aa_mike,친구한테 계속 썸이라는걸 증명받고싶어하는 자신을 발견한다면.. 안타까운 결말이 많죠..,False,
@nose1294,아아 개 답답하다ㅋㅋ,False,
@주섬주섬-v4z,숨은 백종원 찾으신분,False,
@kigbob1,"<a href=""https://www.youtube.com/watch?v=D8BnzmB23VI&amp;t=288"">4:48</a> 브루노마스 였다가 백종원으로 바뀌네 ㅋㅋ",False,
@강배이-y8q,아 뭐약 근데 님은 짱구인데 콩알눈인디,True,@kigbob1
@daj9205,@@kigbob1 ㅋㅋㅋㅋ와 관찰력 좋으시다 이걸 어케 보신거에요..,True,@kigbob1
@큐큐-y7b,😂😂😂😂😂😂😂😂😂😂,True,@kigbob1
@이수희-h8u,대단쓰,True,@kigbob1
@워너비_WIP,??: 마스씨 내려와봐유,True,@kigbob1
@gosam1114,응원 기운 받고 커리어 하이 달성하겠습니다!!!,False,
@머래-k4j,우와 오늘도 꿀잼 ㅋㅋㅎㅎㅎ^^,False,
@유튜브관람-q9m,3합 7은 맞추겠지 아 ㅋㅋ..,False,
@user-q01pw9,수능 화이티잉❤,False,
@박영수-n8h,수능 화이팅,False,
@링링-g7z,수험생들 화이팅❤,False,
@뭘봐-o2s1t,재밌긴한데 이거 채널 판건 아니겠쥬..? 옛날에 나천재 이런 인물들은 이제 안그리시능건가,False,
@태은TAEEUN-u6e,06년생 글구 모든 수험생 수능 화이팅❤❤,False,
@seallroeume,내일 수능 화잇팅!🎉,False,
@바른-o1y,난 오히려 재경이 처럼 카톡하면 바로 썸붕임 뭐가 아쉬워서 저렇게 연락하는 애를 만남,False,
@기치죠지의치킨난반,남 -&gt; 여면 이거 마즘.... 상대가 너무 편하게 연락하는것 같길래 역으로 피곤해져서 연락 그만함,True,@바른-o1y
@뚱땅이-m9u,ㅇㅇ 인정 어떻게 초성쓰는사이가 썸임..?  난 초성쓰는순간 바로 썸붕임,True,@바른-o1y
@야코의bigfan,아는건 잘 적으시고 어려운건 찍어서 다 맞길!!!!  내일 수능 화이팅~~!😊😊,False,
@nanaryu8980,그래도 ㅇㅋㅇㅋ ㄴㄴ 는 좀 별론데 ㅜㅜ...,False,
@Jinius_hepmo,수능 모두들 화이팅 🩷🍀,False,
@이서율-f8q,아니..! 예전 총몇명 어디감,False,
@ky3011,아니 뇌를 빼고 보내라니깐 뇌랑 손가락 영혼까지 빼고 보냈네 ㅋㅋㅋ,False,
@이한나-e1e3c,수능 화시팅!!!!!,False,
@하이콩-s1t,유나여 제발 ㅜㅜㅜㅜㅜㅜㅜㅜㅜㅜㅜㅜㅜㅜㅠ,False,
@이슬-b9g7n,수능 화이팅 하세요!~,False,
@beautiful_i24,내일 수능 보시는 수험생분들 화이팅하시고 꼭 좋은 결과 있기를 응원하겠습니다🙏🏻 ( 저도 이제 2년 남았네요..🥲 ),False,
@김타조-h5k,수험생들내일화이팅하세요💚💚💚💚💚,False,
@태결-y3p,"<a href=""https://www.youtube.com/watch?v=D8BnzmB23VI&amp;t=298"">4:58</a> 그건 좀...",False,
@nbllz_20,수업준 몰폰 했는데 마지막 때뮨에 웃음 팍 터졌네 ㅋㅋㅋㅋㅋ,False,
@jiokim735,너무 재밌어용,False,
@앙팡-w1c,ㅋㅋㅋㅋ 근데 진짜 중간없는 친구가 있어서 공감되고 웃김ㅋㅋㅋ 문제는 자기 회사 상사에게 저래 톡 했다는거,False,
@Star-cs9ci,수능보는애들 이러고있으면 망한거다 댓글로 뭔 응원을ㅋㅋ,False,
@Tbvvhhb,Please give subtitle in English,False,
@ODHMUZIC,ㅋㅋㅋㅋㅋㅋㅋ아씨 ㅌㅋㅋㅋㅋㅋㅋ마지막 진심 육성으로 ‘안돼!!!‘ 해버렸네 ㅋㅋㅋㅋㅋㅋ 현실고증 오진다 ㅋㅋㅋㅋㅋ,False,
@하이-q9x3h,노력한 만큼 좋은 결과를 얻기를🍀 모든 수험생 분들 그동안 고생하셨습니다!!,False,
@Space_빵상,수능 다들 힘내시고 무조건 100점 아니여도 되니 화이팅!!🎉🎉,False,
@jura10,요즘 총몇명 재미없다 구취❤❤,False,
@bring1913,제발제발 재수만 하시마세요 team08,False,
@seriyoon8795,ㅎㅎㅎㅎㅎㅎㅎ 진짜 뇌 뺐네요 ㅋㅋㅋㅋㅋㅋ 투명한 뇨자같으니라구 ㅋ😂❤,False,
@김관호-y3j,연애 경험도 전혀 없는 하자 있는 여자를 도와주는 구원투수가 신의 한 수 위인 듯 현실고증 완벽 ㅋㅋㅋㅋ,False,
@김상근-f6l,수험생들 내일 수능 잘 보길 바래요^^ 내일 수험생분들 모두 다 화이팅!! 좋은 결과가 아니어도 최선을 다해서 했다면 그게 좋은결과에요.❤ 그러니 너무 자책하지 마세요. 다시 한번 화이팅!!!😊,False,
@Borahae_Ju,연애는 글렀다 글렀어..,False,
@seungback7044,"내일 수능날인데,학교 늦게가서 좋은잼민이들 개추 ㅋㅋㅋ<br><br>👇",False,
@랫츠고라니-x6f,이거 보는 모든 사람<br>수능 날 찍는 거 다 맞는다!!🍀🍀🍀🍀🍀🍀🍀🍀🍀🍀,False,
@남센터느림,민모리는 이제 아예 안나오나요? 그거진짜 재밌게봤는데,False,
@chongmmyung,수능 화이팅입니다!❤,False,
@안토니팬아닌데요,N수생 경쟝 개심허다는데 올해,True,@chongmmyung
@수앙,2분전!!,True,@chongmmyung
@우주빅뱅,수능꿀팁:오늘 10시에 자고 내일 6시에 일어나서 아침밥 먹고 복습좀하다가 출발하셈 그럼 최상의컨디션 ㄱㄴ,True,@chongmmyung
@마마마마마마마마멈아,아니 왜 답글이 3개밖에 없냐?,True,@chongmmyung
@silvergoldj1962,와여기서만나네​@@안토니팬아닌데요,True,@chongmmyung
@sdlaqhal-w8s,진짜 공감이,False,
@JUJUTV-2,모두들 수능 화이팅! 진짜 잘 보세요❤(참고로 전 4학년..),False,
@틀-u2d,"<a href=""https://www.youtube.com/watch?v=D8BnzmB23VI&amp;t=298"">4:58</a> <br>야이....",False,
@kijualssambari,수험생들 홧팅! 다들 좋은 결과 있게 찍은것도 다 맞길!,False,
@응-o6l7o,개답답허네 ㅋㅋㅋㅋㅋ,False,
@정은희-w6u,역시 재밌네요 ㅋㅋㅋㅋㅋㅋ,False,
@다온-g6q,"<a href=""https://www.youtube.com/watch?v=D8BnzmB23VI&amp;t=288"">4:48</a> ㅋㅋㅋㅋㅋ 갑자기 백쌤 출연 ㅋㅋㅋㅋㅋㅋㅋㅋㅋㅋㅋㅋㅋㅋㅋㅋㅋ",False,
@최승리-w8m,그전에는 브루노 마스 ㅋㅋ,True,@다온-g6q
@한지혁-t6u,영상 재밌는데 뭔놈의 수능 얘기밖에없대..<br><br>친구 말대로 행동하는것도 괜찮은데 아예 내가 잘해줄때 같이 잘해주는 사람이 좋은거같음..,False,
@울트라마그네슘,아시겠지만 그래도 굳이굳이 대답하자면<br><br>그만큼 수능은 나도 님도 하늘도 한국에선 높다는 걸 알기때문 이라고..<br><br>감성에 젖어 남깁니다,True,@한지혁-t6u
@user-wr9nz6qq7d,​@@울트라마그네슘ㅈ ㄹ ㄴ,True,@한지혁-t6u
@user-wr9nz6qq7d,여기가 수능 응원 게시판이냐 적당히 해야지 전날 공부 안하고 유툽 보는것들이 ㄹㅇ 그딴 정신머리로 무슨 수능치고 대학간다고 ㅋㅋ,True,@한지혁-t6u
@새우-p2y,​@@울트라마그네슘그게 이 영상이랑 무슨상관이죠 열심히 영상만들었는데 댓글은 다 수능얘기면 속상할것 같은데,True,@한지혁-t6u
@EthenSelena,여기댓글 왜이럼 ㄷㄷ ㄱ글 에서 벳프리 도대체 머길래--ㅋ,True,@한지혁-t6u
@하얀곰탱이-f7h,몇초마다 친구는 천국과 지옥이네 ㅋㅋㅋ,False,
@최준모-j3l,수능 화이팅❤,False,
@SWITH_VLOG,작년에 수능 전날 먹방 영상 올라왔어서 이번 년도도 기대 했었는데 아쉽다🥹🥹 수험생 여러분들 모두 화이팅하세요! 그동안 해온 노력들을 내일<br>뽐 내시길 바라겠습니다,False,
@수빈이업구튀어,수능생분들 화이팅🍀🍀,False,
@user-mini0,마지막 답장 ㄷ ㄷ ㄷ,False,
@서연-v7c9c,고3분들 수능 화이팅🍀💚,False,
@hada9702,오빠들 언니들 수능 화이팅하세요~~~많이 응원합니다ㅏ,False,
@cashkun,나만 매달리는 관계는 지속돼봤자 나만 피곤하고 스트레스 받음... 세상 널린게 남자란거 꼭 명심해야된다.,False,
@seoyoon1881,@@cashkun ㅇㅈ,True,@cashkun
@PrettiestandCutest,수능이라니 제가 더 떨려요🥺 모든 수험생분들 꼭 좋은 소식 있을거에요 화이팅!,False,
@잉-g3f,내일 수능 홧팅!!! 🎉,False,
@siah32,"<a href=""https://www.youtube.com/watch?v=D8BnzmB23VI&amp;t=190"">3:10</a> 카리스마 뭐꼬..😮❤",False,
@박동재-y9n,"아하,",False,
@Peeyotoyo77,고3분들 수능 화이팅!!<br>뿌수고 오세요~~퐈링!!<br>나도 썸이라도 타고싶다...,False,
@머핀설링,14분 전❤,False,
@Hooang..,울 오빠 내일 수능..,False,
@고등어w4s997,수능 1일전…. Team06 파이팅,False,
@김성미-z6k,수능보는 분들!! 화이팅 하시고  수능 볼때 컨디션 좋아라 얍!!,False,
@문가현-g7t,우와ㅏ,False,
@haneuljang534,둘다 별로;; 유나는 진짜 연애고자인데 재경이는 너무 말투에 예의가 없..중간이없네ㅋㅋㅋㅋㅋㅋ,False,
@user-wr9nz6qq7d,그니까 얼탱이없네 ㅋ,True,@haneuljang534
@onu7151,자존감부리다 골드미스 만들려는거임...어차피저런여자들 대부분은 결혼전에 다 걸러짐 ㅋㅋㅋ,True,@haneuljang534
@2345pok,수능 다 잘보세요,False,
@한진우-g3o,다들 수능화이팅!!,False,
@W_wwertyfn,"<a href=""https://www.youtube.com/watch?v=D8BnzmB23VI&amp;t=1"">0:01</a> 저러면 꼭 썸 아니더라;",False,
@피자-c3j,둘다 별로인디,False,
@니인생브롤스타즈-t8c,22분전 내일 수능 화이팅,False,
@Or_ange22,아 지금 달면 배댓인데 뭘 달아야할지 모르겠다..,False,
@skdlftp,수능 보시는 분들 모두 화이팅!!!,False,
@김메밀-v9b,"보자마자 썸붕.. ㅋㅋㅋㅋㅋ 그냥 저정도면 친구가 연애해라 저렇게 절절 매거나, 너무 좋아하는 거 티내면 진짜 썸붕되거나 상대쪽이 진짜 싫어하더라고요.. 한 3개? 2개까지만 괜찮은데 그냥..아무리봐도 저쪽이 문제인 것 같다 🫢 모두 연애 파이팅❤ 수능생 분들도 파이팅 하세요! 저도 내년에 따라갈게용",False,
@user-ou1ii1jf4r,ㅋㅋ공감슨 서로 아직 아무것도 없는데 상대 혼자 안달 내는 거 ㄹㅇ 노매력임ㅠㅠ 여유있는 태도가 무조건 1순위인듯,True,@김메밀-v9b
@김유주-f2j,​@@김메밀-v9b 맞아요 ㅋㅋㅋ 공감이 되네요. 그리고 수능 보신 분들 디들 결과 잘 나오시길 기도합니다!! ㅎㅎ(오늘윤하신곡3곡나왔어요,True,@김메밀-v9b
@whaleofeuropa,ㅋㅋㅋ,True,@김메밀-v9b
@ArianaLola-m9d,여기댓글 왜이럼 ㄷㄷ ㄱ글 에서 벳프리 도대체 머길래--?,True,@김메밀-v9b
@DouglasPercival,ㄹㅇ ㄱ글 에서 벳프리 보면 다른거 눈에도 안들어옴 그냥 다시보면 되니까 개이득임 ㅋㅋㅋㅋ,True,@김메밀-v9b
@이구역보스,빨간머리 친구 개 귀엽네 ㅋㅋㅋ,False,
@ILMCF,수능 날엔 뇌 빼지마세요 ㅋㅎ,False,
@최은정-x1v,ㅈㄴ 내친구같다,False,
@김민철-j3o,6에 본ㅇ사람!-,False,
@붕방이들사랑녀,수험생분들 내일 수능 응원할게요!!<br>좋은결과만 있을거에요!!화이팅!!,False,
@yeonsoo_0617,모든 전국의 고3분들 그리고 재수생분들 지금은 너무 떨리고 불안하겠지만 이건 여러분들의 노력을 빛내기 위한 단계라고 생각하시면 되요ᩚ!! 내일 편한 마음으로 노력의 결과를 증명한다고 생각하시고 화이팅하세요ᩚ🍀,False,
@해킹당함-c2v,감사합니다,True,@yeonsoo_0617
@캥거루꼬리튼튼,여자들이 이렇게 밀당하고 재고 간보고 하니깐 혼인율 출산율 하락 국결률 상승 하는겨~ 계속해~,False,
@011.0o-0,다들 수능 홧띵 🍀,False,
@말랑-j7l,❤,False,
@user-hr6zf4lb7b,2분😊전이거 귀하다,False,
@dean11,왘ㅋㅋㅋ,False,
@BBoo-n9m,둘다 연애고자 같은데,False,
@user-wr9nz6qq7d,ㄹㅇ 둘다 극혐,True,@BBoo-n9m
@뷰티덕후녀,뒤질준비ㅋㅋㅋ😂근데 자기한테 빠진 남자가 그 말 들으면 화끈하다고 좋아해줌,False,
@귀티짱,14분전😢,False,
@강서율-i5m,수능 힘내세요!!!,False,
@평범한여자-v2e,ㄷㄴ준비라니 😂,False,
@buriburiking00,여기에 좋아요 누르면 수능 최저 맞고 수능 수시 성공함❤❤,False,
@공주마마납쇼,막톡ㅋㅋ 개웃기네ㅋㅋ,False,
@FuBao._ing,수능 D-1,False,
@nadisanadia2132,내일 수능 화이팅☆,False,
@다크46,내일 수능 모두 화이팅하세요! 🍀🍀,False,
@안토니팬아닌데요,아 민모리 시리즈 언제 돌아오냐 ㅠㅠ<br>요즘들어 여잼 위주로 컨텐츠 나오는것 같은데…..,False,
@도담도담-y1l,좋아요 짝수로 받기 기원 1일차,False,
@아이브개예쁘다,ㅈㄴ재밌다 연애 많이 올려주세요,False,
@hydfruryherhdrhhdhdffhgdgdfs,🎉모두 수능 파이팅🎉,False,
@Follow_Heeru히루,모든 분들 수능 화이팅 !!❤,False,
@user-koreaddd,현실은 ㅇ저렇게 보내면 바로 컷..아닌가,False,
@뷰티덕후녀,"정복욕 심한 남자,내가 뭘하든 빠져있는남자는 예외",True,@user-koreaddd
@user-wr9nz6qq7d,한두번 하면 모를까 ㄴㄴ 안됨 이건 좀...,True,@user-koreaddd
@miaecho1894,수능보다 총몇명 먼저!!!,False,
@카키-u8o,진짜 뇌빼고 보냈네 ㅋㅋ,False,
@redpurple2296,너무 뇌를 빼신..,True,@카키-u8o
@나너-s6x,보는 나도 재경이한테 이입됐다ㅋㅋㅋㅋ,False,
@클리브스태플,맨 마지막 엄지척 보자맞자 이거 썸 아닌데 싶은데... 솔직히 여지라도 남기고싶어서 하트 남기지않나,False,
@정지희-o7b,다덜 수능 화팅!! 6분전인데 조회수...,False,
@m.xnen1,이 영상을 일찍 봤더라면,False,
@user-s8cu7km9y,뒤질 준비 ㅛㅂㅋㅋㅋㅋㅋㅋㅋㅋ,False,
@MrAmazingcharlie,으오앙ㅇ,False,
@모아모콩,수능 모두 홧팅❤❤,False,
@Dust_09-o9v,"고3분들, 그리고 재수생분들 수능 대박나시길 바래요 🫶",False,
@user-anniedaiskyb,수능 화이팅,False,
@안농-an_nong,좋아요 홀수로 받기 53일차,False,
@안토니팬아닌데요,적당히란걸 모르네 잼민이 ㅋㅋㅋ,True,@안농-an_nong
@김소연-t9n8j,너무나 좋아해요 ㅎㅎ 구독자 너무나 재미있어요 ㅎㅎ,False,
@지노지노이지노,20대때 저래도되는데 30대되서도 저러면 남자가간보는거눈치까면 연락안합니다 참고하셔요 ㅎㅎ,False,
@그래나야-h7f,ㅡ뭐래 잘생기면 다 되게 되어있..어,True,@지노지노이지노
@리즈04,2분전 !!!,False,
@cuttyjung-w6v,다들 수능 화이팅🍀🍀,False,
@user-Id5dj9qg1l,야 수능영상가서 달아 뭔 상관도 없는 영상에,True,@cuttyjung-w6v
@체리맘-l3g,2분전이다,False,
@Aadadhya_snal123,..... 😊,False,
@Choup_sal_duck,27초 전!,False,
@Choup_sal_duck,ㅏ 2분 전이구나,True,@Choup_sal_duck
@이루루루루루,2분전!!,False,
@someone_11456,"i am wayyy too early ,the freaking subtitles arent even up yet",False,
@행운의둘기,총몇명님 이번 영상도 재밌는데... 모리네 가족이 보고싶습니다.. 총몇명님 항상 감사해요❤,False,
@지성-w9d,34빠,False,
@헤헤-s7i8i,수능 14시간전 최고의 선택,False,
@정하윤-n5h,화이팅 해요!!!! 아자아자!!🎉🎉🎉,True,@헤헤-s7i8i
@호시노아이쨩-chu,홧팅 11111기원,True,@헤헤-s7i8i
@신서현-z2v,🍀🍀🍀,True,@헤헤-s7i8i
@soojin0813,화이팅🍀🍀🍀,True,@헤헤-s7i8i
@박소연-s9h4x,🍀🍀🍀🍀,True,@헤헤-s7i8i
@방인철ssw,하하재밌다😊,False,
@태희김-h5d,오리지널 시리즈도 보고 싶어요 오늘도 좋은 영상 감사합니다,False,
@HosBayr-x7y,😁💗,False,
@miyoungpark-cd1dx,댓글부터 본사람 개추,False,
@안토니팬아닌데요,?,True,@miyoungpark-cd1dx
@sxm.in10,북딱,False,
@pigtoryishandsome,이댓 보시는분 수능 다 1등급 기운 받으세요!!,False,
@안토니팬아닌데요,이거 보고 있으면 수능 망하는거 아니냐 ㅋㅋㅋ 한창 공부할 시간인데 ㅋㅋㅋ,True,@pigtoryishandsome
@IAMMUSIC-k2q,​@@안토니팬아닌데요 찐 실수들은 이미 공부 다 끝낸 단계지ㅋㅋ 오히려 마음 가다듬고 컨디션관리 중일텐데 ㅋㅋ,True,@pigtoryishandsome
@안토니팬아닌데요,@IAMMUSIC-k2q 그래도 폰하면 시간 ㅈㄴ 빨리가서 폰은 절댜 안보고 산챡을 하거나 운동을 하지,True,@pigtoryishandsome
@user-dp2jx1yw3i,@@안토니팬아닌데요누가 수능 전날에 운동을 하냐ㅋㅋ  컨디션 관리하려고 푹 쉬지,True,@pigtoryishandsome
@user-곰도리,​@@안토니팬아닌데요 너 수능 본적 없지 하....,True,@pigtoryishandsome
@gagam.t,Plz eng sub,False,
@배효빈-c1j,알림 뜨자마자 바로 달려온 1인!!!✋✋,False,
@맭랑귤,1분전..! 귀하다 유툽 켜자마자 나오다니..!!!!,False,
@user-wj6yq8tm6y,꺅 기다렸다 ㅋㅋ,False,
@타타르부계,😊,False,
@김태희-t7w,1분전이다 넘 재미겠다,False,
@v.v.o.o.x.x,와 tv서 나천재 보고있었는데 귀하다,False,
@innn95,분량부터 확인하는 나란 녀석🤦‍♂️<br> 수요일은 역시 총몇명🫶,False,
@윤솔yunsol,32초 전 ㅋㅋㅋ<br>1등이네❤<br>넘넘 재밌어요요요요ㅛㅇ👍🏻,False,
@koreanmusic64,57초전👍,False,
@Dlekry,😊1분전!!!!❤,False,
@윤지연-t8k,총몇명 아직도 개재밌누,False,
@안토니팬아닌데요,오하려 재미없어 졌는데 민모리 안하고 여잼 위주로 컨텐츠 바뀌어서,True,@윤지연-t8k
@기기리,@@안토니팬아닌데요 남정네들이 열심히 안보니까 여잼 위주로 바꾼거지 ㅋㅋ 이런거는 조회수가 달달하거든,True,@윤지연-t8k
@샤워-p1s,​@@안토니팬아닌데요왜케 불만이많냐,True,@윤지연-t8k
@user-hz5ie2mm7y,헐 빨리왓ㄷ,False,
@안토니팬아닌데요,안궁금하ㄷ,True,@user-hz5ie2mm7y
@핑퐁이-kkr,ㅘ,False,
@김해순-o3s,일찍왔다ㅏㅏ,False,
@백송-f8n,.,False,
@임효석,오오,False,
@윤지연-t8k,와 1빡,False,
@승민옥,헐!!!!21초 전!!!!,False,
@minahwang,왕 재밌다,False,
@nahantaemazgokijulhanchiwook,이제 시작하는데 뭐가 재밌나요,True,@minahwang
@안토니팬아닌데요,요즘 잼들 사이에서 이딴댓 유행임<br>예:쟈밌다(아직 안봄),True,@minahwang
@user-xb5ve7cw2e,오1등이다,False,
@양떼머머리구름,7초전이다.,False,
@오윤건-n3u,1빠,False,
@Koooowwwwwai,22초전은 못참지,False,
@서진-h5n,1빠,False,
@jmm2600,빨리 왔당,False,
