author,comment,is_reply,reply_to
@조동아리,"설탕은 빼고 단백질을 더한 제누 단백질 커피믹스<br>🤫 특별 할인 링크: <a href=""https://bit.ly/4fU6c6Z"">https://bit.ly/4fU6c6Z</a><br><br>찬 바람 부는 요즘, 소중한 사람들에게 건강을 선물해보세요🎁<br>특별 할인에 7만원 상당 관절영양제까지 드리는 대박 혜택!<br><br>✔설탕zero 당류zero 콜레스테롤zero<br>✔100% FDA GRAS 인증 프리미엄 식물성 단백질<br>✔국가대표 바리스타와의 공동개발로 깊은 커피 풍미<br>✔3,000만포 완판! 매진행렬! 요즘 대세, 단백질커피믹스",False,
@오산러,ㅋㅋㅋㅋ 김효진이 맛나게 마네,True,@조동아리
@하늘고래-y2h,조혜련 님께서 꿈에 나와서 지도자로 나왔는데 연출하시네요. 꿈에 나와 찾아서 여기 구독했어요. <br>연극 기대됩니다 🎉<br>신기방기!!!,False,
@heea2811,점점 재미없어 져ㅜㅜ 이번편이 최악인듯 ㅜ,False,
@gracebellaaudrey,논스톱 때 효진언니 진짜 재밌었는데ㅋㅋㅋ그 시절이 그리워ㅠㅠ,False,
@TheSOOKSOOK,여기 댓글 왜이렇게 따뜻해요??^^ 댓글창 이런 곳은 진짜 첨인듯 ... 선한 분들이 운영하는 채널이라 구독자들도 그런건가요.,False,
@108nirvana,조혜련의 서경석 등짝 스매싱 ㅋㅋㅋ 그땐 진짜 리얼리티로 때려서 실감났음. 쪼매난이쁜이도 나왔다!,False,
@신수-o2i,이렇게 재미있는 분들이 그동안 어디 있었던 거에요 ㅋㅋㅋㅋㅋㅋ 미친듯이 웃었어요 ㅋㅋㅋㅋㅋ,False,
@klobelimimi,조혜련만 재밌네❤,False,
@전혜윤-l6g,김효진 토크왕이다.ㅋㅋㅋㅋㅋ😂미치도록재밌어,False,
@lovechae3847,아 김효진 쪼이님 ㅋㅋㅋ너무 재밋구 여전히 귀여우셔😂 말씀 참 잘하신다 연극 응원할게요,False,
@김본-w2p,조동아리=조혜련동아리 ㅋ,False,
@tkew3831,김효진씨는 그냥 자체가 웃김요ㅋㅋ,False,
@YOONCHADOL,조혜련 김효진 이경실 김미선 유재석 이렇게 예능 나오면 진짜 웃기겠다,False,
@abigailkim5665,조혜련씨 진짜 넘 웃겨서 미치겠어요 ㅋㅋㅋㅋㅋㅋㅋ,False,
@st_y9,옛날에 정가은닮은 키큰이쁜누나있었는데 갑자기 미친듯이 보고싶네.. ㅠ..,False,
@yourbucketlistkr,ㅋㅋㅋㅋㅋㅋㅋㅋㅋㅋㅋㅋㅋㅋㅋㅋㅋㅋㅋㅋㅋㅋㅋ서서눴어? 진짜 웃기네 ㅋㅋㅋ,False,
@조삐삐아줌마,거적대기~ 😂😂,False,
@정아김-e7u,조혜련넘멋지고의리있어요,False,
@야옹이-x3e,지방도공연해주세요,False,
@막시무스카이저,다음주 양준일 출연 하네,False,
@cate5008,"<a href=""https://www.youtube.com/watch?v=DKuAemfEVn4&amp;t=1174"">19:34</a> 넘 웃김 ㅋㅋㅋㅋㅋㅋ",False,
@lettreton7132,"오빠ㅋㅋㅋ울엄마 진짜 대박이였는데 와~추억 제누 하나 들고가ㅋㅋㅋ 자리가 사람을 만드나요~ <a href=""https://www.youtube.com/watch?v=DKuAemfEVn4&amp;t=2340"">39:00</a> ㅋㅋㅋㅋ그러네요 <a href=""https://www.youtube.com/watch?v=DKuAemfEVn4&amp;t=2550"">42:30</a> 진지합니다 푸흡 ㅋㅋㅋㅋ",False,
@정혜정-u8i,조혜련님 연기가  제일  어색 한데요?<br>오버가  심하고  &quot;런닝맨이나  해라&quot;  라는 말은  그프로  무시 하는건가요?<br>오십쇼에서  뵙던 모습 이랑 완전  다르다는  느낌 . 겸손이  부족 하시네요  . 연출 하신다고  어깨에  힘들어가신건가요?<br>살짝  다른분들  맨트 무시 한듯한 모습이 아쉽고  개종하시기 전  모습을 보는듯 해서  아쉽네요,False,
@tgymm755,김효진 오랜만인데 최고다!,False,
@김윤미-y7p,김효진씨 진짜 오랫만에 보는데 그대로네요~~,False,
@_BMW_M340i,조 때뮨에 안볼래,False,
@user-pf9ej2vw6b,김효진 남편 - 잘생기기도 잘생겼는데<br>진짜 반듯한 모범인상 이랄까?<br>회장 오빠 교회 오빠같은 인상이긴 했어.<br>잘생긴 오빠에서 잘생긴 <br>목사오빠님 되셨네.,False,
@worry2111,와 쪼매난이쁜이 오랜만이당,False,
@Ibgilj-e1e,조혜련님 중간중간 개그가 너무 웃겨요😂,False,
@ukinene,진짜 수용씨 얘기할때 프롬프터 보는줄...ppl두 편하게 하시면 되여~~우리는 조동아리 믿어요^^,False,
@Minisujin,이브의모든것 때도 연기잘했는데!! 근황 궁금했는데 딱 올라와서 너뮤 반가워요,False,
@HY-hr1jj,PPL도 재밌네...,False,
@heeejoy1064,효진님❤,False,
@hmk2424,김효진씨 반갑네요😊 여전히 재밌고 좋아요~~~,False,
@treasurefive8997,제누 설탕은 없지만 시럽도 들어가고<br>커피향 첨가물도 들어가고<br>덱스트린도 들어가는데<br>광고 받을 때 이런것도 확인하시길<br>형님들의 30년 신뢰에 금이 갑니다,False,
@초록이해피트리,역시~~😊,False,
@도구리-p2k,김효진 다니엘 기도회 와서 간증하는데 확실히 개그우먼은 다르더라 재미도 있고 감동도 있었음,False,
@주호-w9b,45살에 자연임신 정말 대단하시다~,False,
@용제현영,김수용님 <br>얼굴이 까매요~~<br>어디 아프신건 아니죠?,False,
@동이-o3q,아트하우스에서 엄마사랑해 연극 예약하렵니다.<br>조동아리~ 엄마 사랑해~ 건승을 기원합니다.<br>지석진님 생각했던  것보다 연기 잘하시는데요~^^,False,
@황은하-n5t,조혜련님❤동급으로 귀걸이 했다는 말씀이 너무 재밌어요,False,
@호호아줌마-j4p,"<a href=""https://www.youtube.com/watch?v=DKuAemfEVn4&amp;t=1859"">30:59</a> 머리 좀 그만 만져 ㅋㅋㅋㅋㅋㅋㅋㅋㅋ<br><a href=""https://www.youtube.com/watch?v=DKuAemfEVn4&amp;t=2080"">34:40</a> 돈 주고는 못쓰겠어 😂😂😂",False,
@user-ac6lBjie5s,반가운분들이다!!! 조혜련님 진짜 본받고싶어요 ㅋㅋㅋ<br>저도 열정이 있었음 좋겠네요,False,
@지니-t4c5j,코미디언들 입담 열정 에너지는 아무도 못따라갈거 같아요 ㅎㅎㅎ 넘 재밌네요,False,
@min-seokkang2614,조혜련 연기보다 예비 관객 다 떨어져 나가긋네...ㅋㅋ<br>김효진씨가 연기는 잘하제~,False,
@김진-s2n,세월이가도 효진님은 나의 영원한 쪼맨한 이쁜이❤❤❤ 응원합니다,False,
@tingchang7778,조혜련 김효진님 반갑고 잼나게 봤어요 쪼매난이쁜이 입담 최고 ㅋㅋ,False,
@hjinsf,어머!!!!!!!! 김효진님 얼굴 보고 바로들어옴 반가워요!!!!!!!!,False,
@ji8907,와~   지효언니다 ~~,False,
@로드오프-j9y,연극 보고싶네요…,False,
@sangmibaeg05,장갑다 효진아😊,False,
@HARRUM-u6m,돈 주고는 못쓰겠어ㅋㅋㅋㅋ 늘 애청해요❤,False,
@이성용-c7v,"아이디어 도둑×들  유재석이 조동아리 ×누님들  미팅,MT  놀면뭐하니 준비하는데  tv조선에서  여행프로!  지석진 범인이지, 돈 몇푼에  ㅉㅉㅉ 놀면뭐하니 했음  또 하나의 레전드  그리고  파급효과 대단할걸",False,
@이성용-c7v,"조동아리 × 센누님들  미팅 그리고  MT까지  유재석이   포맷잡고 놀면뭐하니  할려고  하는데  TV 조선에서   여행 가는 프로 하는  인간들,  돈 몇푼에  ㅉㅉㅉ  화제성도 시청률도  꽝!  놀면뭐하니 유재석이랑 했음   또 하나의  레전드  프로탄생,  파급효과 대단했을걸  아이디어 도둑×",False,
@노다지-h7f,조동아리 조만간 망하겠다ㅠㅠ<br>이런사람들은 부르면안되지~,False,
@Ibgilj-e1e,조혜련님 에너지 너무 좋아요,False,
@강진영-l3t,역시 남자들의 수다 조동아리 진짜 잼나요 홍보도 도와주시고 좋은 유튭입니다😊,False,
@라치오-h3n,믿음이 안간다<br>ㅋ ㅓ피맛 없을꺼같다<br>안ㅅ ㅏ요~,False,
@user-qy8eu7us6z,연극 사랑해엄마 조혜련님 연출이라서 넘 기대됩니다❤꼭 보고 싶어요😊,False,
@grace-Nausicaa,정가은씨가 정말 연극에 푹빠져있다는게 경상도 사투리가 계속 배어있네,False,
@김현주-w6g1f,언더월드에서 혜련언니보고<br>완전빵터졋어요~~<br>정말이지 쵝오입니다😊😊😊<br><br>연극보러 가야겟어요~,False,
@노을-k7p,조동아리에서 제일 불건전한게 재석이형이엇을정도지않나 너무 건전해서 조아 이형들 괴롭히고싶어 울엄마또래인데,False,
@jenny-gw5rn,원래 김효진님 나오면 웃다 뒤집어짐 ㅋㅋㅋㅋㅋ🎉,False,
@로로뽀-l8i,쪼맨한 이쁜이네<br>밥잘 챙겨묵고 스트레스 받지말고 <br>행복해라<br>나도 학교생활 해보니 스트레스 안받는게 최고더라 <br>낼 놀토라 쉬는날이라 기분이 좋다,False,
@-law9000,입소문 더더더 타서 연극 많이 보셨으면,False,
@원경오-o6h,김효진님 방송 자주 나와줘용❤❤❤❤,False,
@JJ-eh2fm,김효진님을 토크쇼 MC로!!<br>입담이 너무 좋으셔요,False,
@김휘영-o2r,김효진언니♥️♥️너무 웃겨요! 아침부터 한바탕 웃었네요ㅎㅎ,False,
@리미강이알라뷰,혜련님 나오면 일단 믿고보는 ❤여기에 효진사모님이라니🎉🎉🎉,False,
@꽃분티,다시 방송에서 보고싶다,False,
@jeffan6671,NICE !!!!!!,False,
@anime-jo4nz,다음주 송지효가 게스트!!!,False,
@한큐-m4f,"<a href=""https://www.youtube.com/watch?v=DKuAemfEVn4&amp;t=1096"">18:16</a> 와나....커피.......모니터 키보드에 다 쏟음...............이 구간 먹지마........",False,
@짜라맥,헐 김효진님 너무 오랜만 ㅜㅜㅜ 방송 같이 더 자주 해주세요. 아직도 깜찍하심,False,
@OUD16,조혜련 김효진 조합 캐좋아요! 🤣🤣🥰,False,
@워니-y8d,예매했다,False,
@awhile_biggii,옛날 세바꾸 보는거 같고 너무 재미있어요😊<br>어렸을때 보던 분들 다시 뵈니까 반갑습니다<br>헤헤😂😂😂🎉,False,
@런투유-j3n,논스톱 폭탄머리 그립다.. 갓효진,False,
@ejmoos,조혜련 김효진 두 분 예뻐요❤,False,
@Hey-yall18,기독교인이라 하지 마시오<br>개신교라 부르시오..,False,
@kimkey6466,어렸을때 조매난이쁜이 효진님 좋아했었는데 여기서 뵈서 반갑고 좋았어요,False,
@taikitaiki4944,❤❤❤❤❤최고,False,
@peter09010,유지태 김효진 둘 다 출연이네…,False,
@bartnoon2521,정가은씨 요즘 어디 아프신가요??,False,
@킹윤수-m7c,ㅜㅜ 어릴때 배우자 기도제목 쪼매난이쁜이었는데,False,
@WrIm-x1w,김효진 개웃기다 진짜ㅋㅋㅋㅋㅋㅋㅋㅋ,False,
@써니-f1c,아빠 ㅋㅋㅋㅋㅋㅋㅋㅋㅋㅋㅋㅋㅋㅋㅋㅋㅋㅋㅋㅋㅋㅋㅋㅋㅋㅋㅋㅋㅋㅋㅋㅋㅋㅋㅋㅋㅋㅋㅋ<br>ㅋㅋㅋㅋㅋㅋㅋㅋㅋㅋㅋㅋㅋㅋㅋㅋㅋㅋㅋㅋㅋㅋㅋㅋㅋㅋㅋㅋㅋㅋㅋㅋㅋㅋㅋㅋㅋㅋㅋㅋㅋ,False,
@제이케이-b9j,효진씨 완전 팬이예요,False,
@제이케이-b9j,조혜련 김효진. 안볼이유 없지. 꼭 볼거이ㅏ,False,
@aaa-iu3qf,와 정가은 그 이쁘던 롤코 정가은이..,False,
@songsong567,쪼매난 이쁘니❤❤,False,
@lalala.newyork,사랑해 엄마 보러 가야겠네 ❤,False,
@ryrf9678,너무 깝친다. <br>오빠들이 부담스러워하네 ㅠㅠ,False,
@김희영-y9g,오늘 연극 사랑해 엄마 봤어요. 진짜 미친듯이 웃고 펑펑 울었습니다ㅜㅜ 저는 7년 전 혜련 언니...kbs예능 게스트로 나오셨을 때 대본 리딩 했던 작가에요. 정말 성심껏 임해주시는 열정적인 모습에 매료되어서 그때부터 팬 돼서 혜련 언니 나오시는 프로그램은 꼭 챙겨봐요. 너무 재밌어요 ㅎㅎ 요즘 오십쇼도 잘 보고 있답니다. <br><br>본업 최고 잘하시고 성경 바람잡이에 강연에 뮤지컬에 연극 연출과 배우까지 한계를 뛰어넘는 혜련 언니! 귀한 달란트를 선한 영향력을 전하는 데에 쓰는 그 모든 아름다운 활동을 응원합니다❤ -첫줄에 곰인형들과 함께 앉아 관람했던 k작가 올림,False,
@이병희-f2o,울엄마 참 재미있었지,False,
@Kjung13,정가은님은 요즘 유행하는 스케치 코미디 같은 생활공감연기의 원조라 생각해요!! 앞으로도 행복허세요👍👍,False,
@도날드j.트럼프,"연륜,짬밥 은  무시못하는듯 진짜",False,
@nosu4735,비보 식구들이 보이네요,False,
@Kjung13,코미디언 출신분들 나오면 항상 믿고봅니다~~,False,
@ultra-worker,연극 보고싶다,False,
@김핑크-j3o,음성으로만 듣는데<br>김수용씨만 제누커피 언급해요<br>나중에 지석진씨 한번외치고.<br>역쉬 김수용씨!❤❤❤,False,
@SemHan-o5h,저 커피 마시고 연극보고싶당,False,
@leekate842,"조혜련님 나오는 프로는 모두 보는데, 너무 에너지 넘쳐서 좋아요~~~",False,
@reading4381,아😅보고싶다 여수서언제가지?,False,
@StomachTerrorist,수드래곤 센터 앉혀주세요,False,
@happy_virus0,"차라리 홍보를 이런식으로 안했으면 더 이득이었을듯, 홍보인지 깎아내리기인지 모르겠음. 일단 보러가기는 싫어졌음",False,
@Slaveofhotpot,쪼매난 이쁜이!!!!,False,
@투혼-h4h,와 오랜만에 보고싶은 연극 생겼네요. <br>꼭 보러가겠습니다!,False,
@homemaker04,효진씨~팬이에요😊,False,
@carle49,"악플이라고 할까봐 안 쓰려고 했는데 참다참다 한마디만 씁니다.<br><br>조혜련씨, 채널 호스트 아니고 게스트 잖아요. 다른 게스트 말까지 본인이 다 잠식하면 됩니까?<br><br>이건 의욕과다가 아니고 비매너예요. 편집해서 저 정도면 다른 사람 말을 얼마나 잘라 먹고 끼어들었을지…<br><br>안타까워서 한마디 했습니다.",False,
@friday7117,조동아리 아재들이 다 받아주셔서 비매너로 안 느껴집니다ㆍ<br><br>조동아리가 달리 조동아리가 아니게 느껴집니다😊,True,@carle49
@carle49,@ 다른 게스트들 말끊어 먹고 본인 위주로 말하는 거 지적하는데 뭔 뚱딴지 같은 소리로 논점 일탈 시도함?<br><br>조동아리 아재들이 조혜련 말 받아주면 게스트들 말 끊은 게 비매너가 아닌 게 되는 신박한 논리는 어디서 나옴?,True,@carle49
@꼬깔앙마,김수용 형님은 눈주위만 어두우셧는데 이제 점점 전설의고향에 나오는 저승사자처럼 어두워 지시네요 저승사자가 목표는 아니시죠?,False,
@jennykim888,ㅎㅎㅎ❤❤❤,False,
@바카루-z2x,두분 보니 쌍칼형님이 생각납니다..,False,
@김복형-z8i,이 편 보면서 가장 큰 소득---다음 편은 송 지 효 나온다는 것!!!!,False,
@verri25,꽁트가 기본적으로 되고 하셨던분들이라 재밌고 감동적일듯~,False,
@러허러허러허,김효진 왜케 재밌음 ㅋㅋㅋㅋㅋㅋㅋㅋㅋㅋ,False,
@gayagumprayer4368,목사님 사모님인데 최고네요 ㅋ,True,@러허러허러허
@dlpoolkim744,부끄러운 방송부터 팬이었음…,True,@러허러허러허
@가나-v2c,와~<br>송지효다~❤<br>기다리기 힘들어요~~~,False,
@지영-p6n,최고다 진짜,False,
@shamu2531,"<a href=""https://www.youtube.com/watch?v=DKuAemfEVn4&amp;t=1560"">26:00</a><br><a href=""https://www.youtube.com/watch?v=DKuAemfEVn4&amp;t=1615"">26:55</a><br><a href=""https://www.youtube.com/watch?v=DKuAemfEVn4&amp;t=1677"">27:57</a>",False,
@까덕덕,"<a href=""https://www.youtube.com/watch?v=DKuAemfEVn4&amp;t=2098"">34:58</a> 미쳤나봨ㅋㅋㅋㅋㅋㅋㅋㅋㅋㅋㅋㅋㅋㅋㅋㅋ뭔 저런 독백잌ㅋㅋㅋㅋ",False,
@sungsilltv,혜련언니 또봐서 반갑고 김효진씨 반가워요 목사 사모님이 더 좋은거죠^^,False,
@s2pfs282,아너무웃겨ㅜㅜㅜ,False,
@s2pfs282,오늘편 너무좋네요 ㅎㅎ 재밌어용,False,
@carpediem0943,형들  6 대  6  미팅은 언제해요????? 예???? ❤,False,
@김주니-n8h,지석진은 이경규딸 결혼도 그렇고 김효진 결혼도 그렇고 생각보다 인간성이 엄청 좋구나,False,
@찌아통,아 김효진님 입담 ㅋㅋㅋㅋㅋ 진짜 너무웃으면서 봤네요 ㅋㅋㅋㅋㅋ 사랑해엄마 조롱잔치ㅋㅋㅋㅋ,False,
@죠다쉬-z1r,쪼매난이쁜이 진짜  정말 너무조아요<br>경실님꺼에서도 너무 웃겨서  쓰러졌는데<br>역시는 역시입니다<br>집에 있지말고 나와요<br>그끼를 나와서 풀어줘요<br>늘 기다립니다❤,False,
@better_life_LWK,넘 조으다(아직안봄),False,
@yongwookim-u8s,춘봉이 아버지 조혜련이 잘봤네보네 엄청 밀어주네 이렇게 한번씩 언급해주는게 후배한테는 진짜 고맙지,False,
@sksskdi,혹시나 해서 그러는데 <br>당뇨병 환자분이나 혈당 관리 하시는 분들은<br>제누커피 보고 혈당 방어 되겠구나 하고 드시다가 <br>혈당 스파이크  바로 맞아 버릴수 있습니다 <br>성분표 똑바로 잘 보고 먹으세요,False,
@Lovelyll멍멍ll,이릴적 웃음을주셨던 분들을 보니 너무좋아요 딱딱하지않고 진짜 지인모임같은 이분위기도 넘좋아요,False,
@dorrga89,효진언니 어릴때 넘 좋아했는데~~! 여전히 사랑스럽고 귀엽네요 ㅎㅎ,False,
@낙화유수-f9o,뜬뜬핑계고 나와주세요?,False,
@왼손잡이-g4c,조혜련 기빨려. ㅜ.ㅜ,False,
@user-np809,조혜련님은 말할 것도 없지만<br>김효진님 너무 웃겨요 😂,False,
@stk7062,"<a href=""https://www.youtube.com/watch?v=DKuAemfEVn4&amp;t=2053"">34:13</a> 얘 얼굴이 조커야<br><a href=""https://www.youtube.com/watch?v=DKuAemfEVn4&amp;t=2046"">34:06</a> ㅋㅋㅋㅋㅋㅋㅋㅋㅋㅋ",False,
@박은실-o4n,역시 잼있어 애정합니다,False,
@chanban1930,앗!! 성향이다~ 아니아니 라희다. 아니아니 정가은이다~~ 우리 정가은 많이 사랑해 주세요~,False,
@서윤아-i8f,쪼매난이쁜이님😍😍😍,False,
@gysseatyluv,"<a href=""https://www.youtube.com/watch?v=DKuAemfEVn4&amp;t=1677"">27:57</a> 아빠같아 ㅋㅋㅋㅋㅋㅋㅋㅋㅋㅋㅋㅋㅋㅋㅋㅋㅋㅋㅋㅋㅋㅋㅋㅋㅋㅋㅋ",False,
@이정원-g3h,웃겨용ㅋㅋㅋㅋㅋ,False,
@solee1126-y3n,춘봉 첨지가 거론되다니<br>역시 😊🎉,False,
@Scarlett-qc2dz,정가은님 힘내세요~  구독하고 오께여 ❤,False,
@user-pisuhdbsa224,"명수형, 상렬이형편도 보고싶음",False,
@UDongeee,"<a href=""https://www.youtube.com/watch?v=DKuAemfEVn4&amp;t=805"">13:25</a> 😂😂😂😂 넘웃겨요 올롸잇!!!",False,
@이경은-d2q,PPL에 진심인 김수용님ㅎ 설명을 외우던 안외우던ㅎ<br>탁월하셔요^^~^^<br>조동아리 화이팅입니다🎉🎉🎉,False,
@봉구-h6n,역대 최고 폼 석삼이형이 끌고가는 채널,False,
@RANGRANGSS,ㅎㅎㅎㅎㅎㅎㅎㅎㅎㅎㅎㅎ아진짜ㅎㅎㅎㅎ,False,
@Coolcoooool,"<a href=""https://www.youtube.com/watch?v=DKuAemfEVn4&amp;t=1618"">26:58</a> 이를테면 대진운ㅋㅋㅋㅋㅋㅋㅋㅋㅋㅋㅋㅋㅋㅋㅋ",False,
@carle49,거적대기들 ㅋㅋㅋㅋㅋ,True,@Coolcoooool
@nahyun_roh,우와 이번편 인급동 1위 각이다아아 🎉(아직안봄),False,
@friday7117,조혜련님 열정은  국보급 넘사벽예요!!<br><br>저는 효진님 엄마역할이 궁금하고 극에 몰입이 될 것같아요<br>조동아리 아재들 참 좋은 분들예요. 홍보를  편하게 하도록 배려해 주시네요.,False,
@루후이모,춘봉첨지 팬이라 혜련님이 언급해 주셔서 반갑네요 ㅎ<br>100만 유튜버 춘봉첨지도 섭외해 주세요~,False,
@lovessun_,효진님 오랜만인데도 그대로시네😊,False,
@yoolyj6855,우리 춘봉 첨지를 언급하셔서 완전 깜놀~언더월드에 혜련님 나오셔서 짱 반가웠어요~!!!알럽 혜련씨 ㅎ❤❤❤,False,
@TheMarkJ99,김효진님 예전에 강심장에서 김영철님이랑 빛과 소금 토크 케미였을 때 재밌었는데 오랜만에 뵈어서 반갑네요 ㅋㅋㅋㅋ,False,
@김지은-y5y9k,"그러게요 ㅎㅎㅎ 진짜 예전인대 아직도 기억이 납니다 ㅎㅎ(윤하콘서트인천,대구,부산에서곧해요",True,@TheMarkJ99
@박현진-n4t,효진누님 중간중간 멘트치는거 너무웃김ㅋㅋ,False,
@알콩달콩-s9t,뜨자마자 왔는데 역시 실망시키지않는 조혜련언뉘ㅋㅋ 너무재미있어요<br>김효진님 정가은님 .. 오랜만에 보는거같은데 ... 좋아요~~,False,
@김등킨,쪼매난 이쁜이 ㅋㅋㅋ<br><br>오랜만이네요,False,
@구리구리-b6h,ㅋㅋㅋㅋㅋㅋㅋㅋ 썸네일만봐도 웃겨여 선댓후감상♥️,False,
@Sam_Sung_Car,요즘 OTT에서 MBC 테마게임과 청춘시트콤 논스톱5를 다시보면서 김용만의 연기가 예전 테마게임에 비해 나아진 연기 덕분에 논스톱5 중도하차가 아쉬울 정도라고 생각함!!,False,
@blackpooh1759,게스트 넘넘 좋네유~~~~~^^,False,
@gojiri_,조혜련ㅋㅋㅋ,False,
@뽈잉-g5j,3등!!,False,
@DurDurKi,크 올라왔다!,False,
@조동아리,"설탕은 빼고 단백질을 더한 제누 단백질 커피믹스<br>🤫 특별 할인 링크: <a href=""https://bit.ly/4fU6c6Z"">https://bit.ly/4fU6c6Z</a><br><br>찬 바람 부는 요즘, 소중한 사람들에게 건강을 선물해보세요🎁<br>특별 할인에 7만원 상당 관절영양제까지 드리는 대박 혜택!<br><br>✔설탕zero 당류zero 콜레스테롤zero<br>✔100% FDA GRAS 인증 프리미엄 식물성 단백질<br>✔국가대표 바리스타와의 공동개발로 깊은 커피 풍미<br>✔3,000만포 완판! 매진행렬! 요즘 대세, 단백질커피믹스",False,
@오산러,ㅋㅋㅋㅋ 김효진이 맛나게 마네,True,@조동아리
