author,comment,is_reply,reply_to
@tanyainkorea,"막힘없이, 엉킴없이, 강력하게! 🤠로보락 QRevo Curv <br><a href=""https://m.site.naver.com/1xvyv"">https://m.site.naver.com/1xvyv</a><br><br>제품 특징<br>막힘 없는 청소 : 최대 4cm 문턱도 신기술로 뛰어넘어 막힘 없는 청소 <br>엉킴 없는 청소 : 메인브러쉬, 사이드브러쉬 신기술 도입으로 머리카락 엉킴율 0%!<br>강력한 청소 : 사각지대에서 뻗어나오는 2종의 로봇팔로 모서리와 틈새까지, 18,500RPM 최대 흡입력으로 청소<br>간편한 유지관리 : 물걸레 세척은 기본, 75도의 온수세척으로 AI가 깨끗해질 때까지 세척",False,
@Helen-ts3gt,"혹시 준이가 하고 있는 손장갑? <a href=""https://www.youtube.com/watch?v=e3ADnNmgvAE&amp;t=690"">11:30</a> 인데 치발기 대용품(?)도 되는 거 <br>제품명 알수 있을까요? <br><br>곧 조카가 태어나는데 <br>귀엽고 실용적인 선물 하고 싶어서요 ㅎ",True,@tanyainkorea
@김연옥-m7c,애기 손가락 다 아물었나 봐요🎉 안아만 달라고 하니 완전 손을 탄거 같네요 큰일이다😂 ㅋㅋ,True,@tanyainkorea
@antenna..,부부가 알아서 잘하시겠지만 어릴때 부터 올리버쌤님 아이들 처럼  한국말 우크라이나말 자연스럽게 말하시면서 알려주면 좋겠네요 😊,True,@tanyainkorea
@antenna..,그런면에서 떠녀님은 아이랑 우크라이나 언어로 소통하면 좋겠어요,True,@tanyainkorea
@Jokyunnhwan,"로봇 청소기 고르는중인데,,너무 너무 많아서 혼돈의 세월중,,,",True,@tanyainkorea
@벤-u6h,언제나 행복하길,False,
@김대진-r8r,나도 많이 해보았져 &quot;엄마 뭐하나~엄마한테 갈까~&quot; 하며 엄마한테 아기 넘기기 ㅋㅋ,False,
@jaihyuklee-dr8lx,살짝 베개를 올려주세요!!,False,
@ddunddun2-,준이 왜케 잘생기고 예쁜가요<br>졸귀❤,False,
@임원락-m2d,행복 한 준최고,False,
@임원락-m2d,영상 봄,True,@임원락-m2d
@blueuniverse494,예뻐요.아기도 따냐도 챙겨주는남편도.빨리 전쟁이 끝나기를 기도합니다.,False,
@야마토-c3o,애국하는 따냐 저출산시대에 이런이쁜 아기 낳아줘서 국가에서 비자3년이 아닌 그냥 귀하 시켜야 되는거 아닌가요 법이 지랄이네요 세금내고 있고 아기출산 머가 부족할까요!! 따냐씨 응원합니다,False,
@응원단장-x9m,준이가 벌써 한글책 보는것을 좋아하나본데요 ㅋ,False,
@Original_Jini,따냐님~수고많으세요~아드님 넘 예뻐요😊❤,False,
@김종석-j2j,기엽다,False,
@헬로키티-t4k,준이가 엄마를 닮아서 이쁘네요. 매일매일이 행복할듯.,False,
@똥깡-c7v,Украина немедленно сдается президенту России Путину,False,
@이불량감자,엄마.아빠(본적없슴)닮아 너무 귀엽게 잘생겼네요~^^,False,
@ЛюдмилаКорзун-ш1у,Дуже симпатична дитинка. Хай росте здоровим і щасливим на радість батькам,False,
@56ghjMcwdfgr,") Falun Dafa practitioners from throughout Australia peacefully rallied in front of the Federal Parliament House in Canberra from November 4 to 7, 2024. They also visited government agencies, non-governmental organizations, and busy commercial districts to inform the public about the persecution in China including the Chinese Communist Party’s (CCP) forced organ harvesting from living Falun Dafa practitioners. They collected signatures urging the Australian government to pass legislation to end the CCP-sanctioned forced organ harvesting.<br><br>During the four-day event, practitioners visited and collected signatures from people in the judicial, medical, and business communities, as well as businesses in the capital’s industrial zone. They set up a booth to introduce Falun Dafa (also known as Falun Gong) and raise awareness of the CCP’s persecution on the pedestrian street in the center of Canberra. Many people accepted the truth-clarification materials and signed the petition.<br><br><br><br><br><br><br><br><br>Practitioners demonstrated the Falun Dafa exercises and held banners near the center of Canberra and major traffic corridors during rush hour from November 4 to 7.<br><br><br><br><br><br><br><br><br>Practitioners told people about the persecution on the pedestrian street and busy commercial streets of Canberra’s city center from November 4 to 7.<br><br>Engineer: Turning a Blind Eye to Evildoers Is Being Complicit<br>Engineer Peter Johnston said, “I hope these organ traffickers can realize what they are doing. This is a terrible thing. People should have a conscience, be kind and be sober.” He said he hopes the Australian government will stand up against this organ trafficking. He remarked that those in power will be accomplices if they turn a blind eye to the evildoers.<br><br>Will Dobbs, who works in the government, said, “Organ transplantation is a scientific advance for humanity and it should be voluntary. But I understand that in some countries, organs are taken from people who do not consent and these people may be killed for this. I think this is a terrible thing. As Australians we have freedom of speech and should do everything we can to support those who do not have the right in other countries to protest.”<br><br>Dobbs added that the Australian government must take a clear position on platforms such as the United Nations and in external dialogues that we oppose organ trafficking. Australians who go overseas for organ transplants must know the source of their organs and provide transparency.",False,
@정만영-z8d,너무뀌엽다!!♡♡♡,False,
@김기정-l7t,준아 멋쟁이,False,
@한량이고싶은,이쁘다 이뻐,False,
@에메랄드소드,운동선수로 크면 대박날것 같은 느낌 피지컬이 장난 아니겠다,False,
@터미널포터맨,오우 귀엽다!  <br>백일잔치해야지요!<br>😘😘😘,False,
@암행어사-i8w,아기 넘  이뻐요 천사가 따로없네요,False,
@완덕-i7d,아이고 이뻐,False,
@sjh-jm7mr,웃눈 순간....천사강림 ㅎㅎ,False,
@ENFJ-kv7xo,"<a href=""https://www.youtube.com/watch?v=e3ADnNmgvAE&amp;t=1286"">21:26</a>  아... 녹는다 ㅜㅠ",False,
@여로旅路,아이고 인물이네.😊,False,
@jhhlcwlove,그나저나 우크라이나 전황이 지금심각하게 돌아가던데 따냐 걱정도 크겠네. 어제는 러시아에서 ICBM날리고 오늘은 MIRV날린다고 뉴스뜨던데 에효,False,
@한병식-c9y,우왁 이게 누구야 ~ 에고 예뻐라,False,
@GwynneIvan,그놈의 ㄱ글 에서 벳프리 댓글 ㅈ 나많네 그렇게죠 좋은여가기보댓지글  보왜러이갈까럼? ?ㄷㄷ ㄱ글 에서 벳프리 도,False,
@최병관-j4z,아기가 너무너무 예뻐요,False,
@GwynneIvan,이 댓글 보고 ㄱ글 에서 벳프리 보고있는 내 인생이 레전드네ㄱ 글씨밬 ㅋ에서ㅋ ㅋㅋ벳ㅋ프리 이 ㅓㅇ도로 유명했음?,True,@최병관-j4z
@박뭇어버릴기어,똘똘 하게  잘생겻네~❤❤,False,
@김종석-j2j,^^*,False,
@yeonhongkim5708,아기가 너무 잘 생겼어요.,False,
@응원단장-x9m,이젠 준이가 손으로 아빠손도 잡을려고하고 많이 컸네요 넘 이뻐서 몇번이나 봤습니다.,False,
@시린하루,확실히 혼혈이 이뻐 <br>미스월드도 남미쪽 혼혈들이 왕관먹잔아요<br>쭌이 쌍커플이  눈에 확 띄네요<br>지금이 젤 이쁘고 키우기 쉬울때에요 1년만지나봐요 날라다녀요 남자애들은 ㅋㅋㅋㅋ,False,
@MGg.홀수,엄마가 강해졌다 !,False,
@초콜릿허쉬-i8p,준이 볼수록 귀엽네,False,
@유리장수,애기가 너무 귀엽네! 동글동글한 눈좀봐,False,
@GodwinDragon,ㄱ글 에서 벳프리 보고 나면 다낵질 보충제그 놈한의사 발 ㄱ빨글 아에야서  한벳다프는리데  사댓실글인 가ㅈ요 ?나ㅋ많네 그렇게죠 좋은가보지,False,
@김윤-d7m,소피아 패밀리와 콜라보 🎉,False,
@GodwinDragon,ㅋㅋㅋㅋㅋㅋ ㄱㄱ글글  에에서서  벳벳프프리리  모보솨고서  나잼면민 이다 낵발질정 났보누?충제 한사발 빨아야 한다는,True,@김윤-d7m
@헤캣,귀엽노 ㅎㅎㅎㅎㅎ 건강해라~  날씨가 춥다 ㅎㅎㅎ,False,
@이대로생각,서천의손주 이쁘다.,False,
@두리뭉실-q2k,따냐가  작아졌네?,False,
@uchansim357,정말~~~ 너~~~무 이쁘네요 ㅎㅎㅎ,False,
@gospel3658,"&quot;너희 육신이 연약하므로 내가 사람들의 관례대로 말하노니, 너희가 너희 지체들을 부정함과 불법에게 종으로 내주어 불법에 이르렀던 것같이, 그렇게 이제는 너희 지체들을 의에게 종으로 내주어 거룩함에 이르라.<br>너희가 죄의 종이었을 때에는 의로부터 자유로웠느니라.<br>너희가 지금은 부끄러워하는 그 일들 안에서 그때에 너희가 무슨 열매를 얻었느냐? 그 일들의 끝은 사망이니라.<br>그러나 이제는 너희가 죄에서 해방되고 [하나님]께 종이 되어 거룩함에 이르는 너희의 열매를 얻었는데 그 끝은 영존하는 생명이니라.<br>죄의 삯은 사망이나, [하나님]의 선물은 예수 그리스도 우리 [주]를 통한 영원한 생명이니라.<br>(로마서 <a href=""https://www.youtube.com/watch?v=e3ADnNmgvAE&amp;t=379"">6:19</a>-23)<br><br>&#39;&#39;하나님께서 죄를 알지 못한 그분(예수 그리스도)을 우리를 위해 죄가 되게 하신 것은, 우리가 그분 안에서 [하나님]의 의가 되게 하려 하심이라.   (고린도후서 <a href=""https://www.youtube.com/watch?v=e3ADnNmgvAE&amp;t=321"">5:21</a>)",False,
@현서김-r3l,ㅍㅎㅎㅎㅎ,True,@gospel3658
@EuniceRoyal,ㄱ글 에서 벳프리 진짜 보다보면 빠져든다 라이브에 수위도좋고 외모도ㄱ 글좋 고에 서삼 박벳자프 리지 렀보으느라 눈밑에까지 다크써클 들,False,
@sinaekim3116,와 진~~~~~~짜 잘생겼다^^ 광고주들은 머하냐~~~ 언능 모델로 모셔가라~~~,False,
@EuniceRoyal,그놈의 ㄱ글 에서 벳프리 때문에 내거기 닳고 닳아서 없ㄱ어글지 겠에네서? 벳프리 진짜 보다보면 빠져,True,@sinaekim3116
@EmersonQuade,그놈의 ㄱ글 에서 벳프리 댓글 ㅈ 나많네 그렇게죠 좋은가보지 보러갈까여?기?댓글 왜이럼 ㄷㄷ ㄱ글 에,False,
@EuniceRoyal,ㄱ글 에서 벳프리 보느라 눈밑에까지 다크써클 들어옴 ... 진짜 근데이뻐서 눈진을짜못 떼ㄱ겟글다 .에.서. ?벳프리 에서 방송 하시던분,True,@EmersonQuade
@muggle3146,와~~애기 넘 귀욤잔요~~,False,
@행복충전ing,엄마 닮아서 너무 이쁨..ㅎㅎ,False,
@또깽이-e7c,아기가 모계쪽 닮았네요...아기가 예쁩니다..,False,
@임원락-m2d,두분다,True,@또깽이-e7c
@임원락-m2d,증조 할머니,True,@또깽이-e7c
@dbtbqm,애기가 잘 웃고 너무너무 이쁘네요~,False,
@yongchulcho7572,눈이 엄마 달았네!,False,
@kim_749,애기 이쁜거봐~~~ㅎ,False,
@탱크-q3h,아이구 이뻐라~~,False,
@우민디디,아기 돌때 뭘 잡을지 궁굼하네...,False,
@종달새-g8e,잘 생겼네 엄마 닮아서 서구적인 눈매에 이모구비가 아주 시원시원하다 아빠닮아서 또 이쁘고 아빠엄마의 좋은 DNA만 쏙 빼서 나왔네 이쁘게 잘 커야해^^,False,
@taehoyum2925,So beautiful baby..   ❤❤❤❤❤❤❤❤❤❤❤❤❤,False,
@호아킨,준이 너무 잘생겼네.❤❤❤,False,
@정다운-c3n,한손으로 애기를 안으면 안됩니다 갑자기 뒤로 넘어질수 있어요,False,
@doldole6432,애기 젖살이 올랐네..ㅋㅋ,False,
@AgathaBonnie-h3f,ㅋㅋㅋㅋㅋㅋ ㄱ글 에서 벳프리 모솨서 잼민이 발정났ㅋ,False,
@BeguilingHarley,헬창들도 ㄱ글 에서 벳프리 보면 근육 다빠진다며 ㅋㅋㅋㅋㅋㅋㅋㅋ 사실임??,False,
@AgathaBonnie-h3f,ㄱ글 에서 벳프리 보느라 눈밑에까지 다크써클 들어옴 ... 진짜 근데이뻐서 눈을못떼겟다...,True,@BeguilingHarley
@soulyoungjeon,아이고 준이!!! 똘망똘망하네요.,False,
@BeguilingHarley,이 댓글 보고 ㄱ글 에서 벳프리 보고있는 내 인생이 레전드네 씨밬ㅋㅋㅋㅋㅋ,True,@soulyoungjeon
@응원단장-x9m,손톱자르다 ㅅ다친 준이이 손은 괜찮은건가요?,False,
@남궁현-p1x,곰발바닥 착용  아직 조금 덜 나은듯,True,@응원단장-x9m
@건석한-n1g,잠버릇을 잘못 들였네 그냥놔두면 잠시 칭얼데다 자니 그냥두세요,False,
@ilovedooboo,휴..애가 우는데 계속 방치하는거 아기 정서에 하나도 도움안되요 .. 서양권에서도 요즘에는 아기정서발달문제로 바로바로 안아주는걸로 바뀌고있어요. 우리나란 뒤늦게 옛날 서양방식으로 아기수면교육이랍시고 ..,True,@건석한-n1g
@jungsongchoi,모국어 많큼은 잊지말자,False,
@쏜슈이,그런데 우크라이나가 중국하고 친하고 <br>부패지수 유럽1위에다가 소련이었구 <br>현재 젤레스키는 무조건 보내라고만히는 이상한 나라.<br>강한놈한테 당한다고 무조건 도와줘야 되는 나라 아니다.<br>조금더 알아야 되는 나라임.<br>불쌍하다고 도와줘야되는 나라는 아님.,False,
@가리가리-b9o,늙은이야 뭔 헛소리냐.... 일상 유튜브에서 정치얘기하노ㅋㅋㅋㅋ <br>사회생활 좀 해라. 아 미안 못하겠구나...파이팅해라 <br>그리고 엄연히 따지면 우리는 미국편을 든 거지 우크라 편든건 아니다.,True,@쏜슈이
@101보병-d7v,????,True,@쏜슈이
@오팔영-p9n,애기 영상에서 이 무슨 개소리야 눈치 좀 챙겨라 친구야,True,@쏜슈이
@hyelimlee1433,"한국에 사는 이상 한국어는 자연스레 습득되니, 집에서만큼은 엄마 모국어인 우크라이나어를 엄마 아빠 모두 많이 쓰시면 좋을거같아요!<br><br>국제결혼부부 자녀들이 부모와 모국어 문제때문에 소통 문제 겪는다고 들어서요...",False,
@권희정-n2h,준~~너무 귀엽고 사랑스러워~^^♡♡♡건강하게 자라자,False,
@라스트카드,완전 귀염둥이 아가❤,False,
@주우이-h3d,윤이 질투하겠당ㅋㅋㅋㅋㅋ,False,
@Sunday24h,준이 첨 보는데.. 좀 많이 귀엽네욬ㅋ,False,
@김한수-z4p,출산한. 당신이 애국자😊,False,
@djpark8575,힘드시죠 그만큼 그이상<br>아기로부터 키우면서<br>보상 받으실거예요  파팅<br>아기 잘  키우세오ㅡ,False,
@guu8973,애기짱귀엽네ㅋㅋㅋㅋㅋㅋ 볼따구봐,False,
@momokim9693,넘 이쁘네 진자 인형이네 ..,False,
@왕대박-e7v,한국어 우크라이나어  영어는 완존 공짜다 ~  근데   따냐씨가  영어를 했든가 ?  ㅋㅋ,False,
@왕대박-e7v,누워있는 애 에게나  항상앉을 때는  손바닥으로 머리를 받쳐주세요,False,
@장혜영-v7s5n,귀여워요~~<br>따냐씨 아기도 잘 키우네요,False,
@북한산-i4v,무럭무럭 잘 크고있네요 고생하십니다,False,
@오진영-v1t,이목구비는 엄마 똑 같은 이쁜아기네,False,
@작두날서춤춰봐,옴마나 이뽀라! 누굴 닮아 이리 이쁘노?<br>씨도둑질은 못한다고 엄마 판박이야요.<br>애기엄마 조리 잘 하세요!,False,
@김선형-g4p,언니한테 유투브 수익금 주는 영상을 통으로 올린 다른사람이 있는데 220만이 넘었어요. 확인 해 보세요. 캡쳐는 해놨는데 여기에 올리는 법을 모르겠어요. 진짜 나쁜 사람이예요. 남의 노력으로 220만이 넘으니...<br>체널명이 &#39;올포원첼린지&#39; 네요. 확인해보세요.,False,
@성민조-b3m,요즘 남의영상을 본인인척하며 돈벌이 하는 야비한 유투버들 많은데 법으로 강하게 처벌해야합니다.,True,@김선형-g4p
@Helen-ts3gt,거기서 1등 되면 상금 주는거라 올린 걸꺼에요...,True,@김선형-g4p
@thenotoriousgryyn342,A Glorious Child,False,
@머리곰비취오시라,"따냐,, 아기하고 같이있을때는 되도록 우크라이나어로 말하세요. 우크라이나 책도 계속 읽어주세요. 한국어는 아빠가 얘기하는걸로도 충분합니다. 아기 말하는건 엄마따라 합니다.",False,
@ho-minchang72,"맞는 말씀이세요.  한국에 있고, 아빠와 할머니 할아버지께서 한국어로 말할 것이니, 엄마는 모국어로 말해주는 것이 좋을 것 같네요.",True,@머리곰비취오시라
@남편-s6g,귀요미^^,False,
@달빛가르기-v6n,아이 하나로 모든게 바뀌었네요,False,
@윤환노-u1u,아가<br>유산균 먹이지 마세요ㅜㅜ<br>장이 스스로 면역을 갖추어야 되요ㅜㅜ<br><br>목욕도 매일 씻기는것 나뻐요 ㅜㅜ<br>피부가 스스로 단단해저야되요ㅜㅜ,False,
@이응히응-z3p,가장 힘들고 피곤한 시기지만 그만큼 행복도 늘어나는 시기~ 화이팅입니다🎉,False,
@lindaknaras8828,"You need to get slow swaying so you don&#39;t have to do it so much.  Usually help baby to fall asleep.   You do so much.  You are great, mom, and dad",False,
@지은맘,아기가 너무예뻐요<br>한국남편 따냐씨<br>신경많이써주니<br>너무좋네요 ᆢ최고<br>따냐 화이팅ᆢ🤣🤣,False,
@서도석-j7e,"할머니, 할아버지께서 눈에 선하시겠다. 준이 엄마, 아빠 불편할까봐 자주 안오시지만 눈에 밟혀 어짜 주무실꼬.",False,
@fieldgreen4154,진짜 잘생겼다 ~ ❤,False,
@웅웅쓰-o8j,포대기가없네...나도조카애기때포대기쓰면서봐줫는데ㅋㅋ,False,
@äöåbm-b5m,準備要生幾個小孩？,False,
@나나잘하자-m3r,따냐씨? 애기엄마? 아기 안아 줄 때 &quot;무겁다&quot; 라고 하면 아기가 엄마 힘들까봐 적게 먹고 느리게 자란다는 미신같은 속설이 있어요! 우스개 소리 같아도 아기 쑥쑥자라길 바라는 의미에서 &quot;무겁다&quot; 라는 말은 아끼세요!,False,
@호용이-w3v,너무너무. 귀여워요.,False,
@붕어-d9r,남편이 슬슬 짜증이 늘어나는듯<br>잠못자면 다~~그래요 못버티면 이혼,False,
@은똥이-e2f,무슨소리😢,True,@붕어-d9r
@동조최-g5w,개소리,True,@붕어-d9r
@관계튼대왕-w9z,어떻게 저렇게착한여자가있을까..ㅎ 복받으셨습니다 남편분 평생 화목하게 잘사셔요 ㅎ,False,
@호용이-w3v,와우. 코. 어떡ㅎ해요우ㅜㅜ넘. 잘생겼다ㅡㅡ,True,@관계튼대왕-w9z
@허복회,눈망울이 똘망똘망한 고놈 참 잘 생겼다. 공부 잘하게 생긴 상이로구나! 귀엽네. 아기를 낳은게 아니라 천사 미카엘을 낳으셨네. 따냐 엄마 수고 많았슈.,False,
@박병기-z3k,아기가  매우 똘똘 하게  잘 생겼어요  200백일 지난  아기 같아요.화이팅!,False,
@이수영-o6t,아가 진짜 이뻐요.<br>귀엽고 잘 생기고~,False,
@김치윤-y8y,아기 너무 예쁘고 엄마랑 똑같이 생겻음,False,
@라이젠이냐인텔이냐,애기 너무 귀엽따..눈이 엄마닮았네요.,False,
@응원단장-x9m,준이 조기교육을 시작했군요 ㅋㅋ,False,
@이인호-f2i,손 이제 괜찮은거죠 ㅠㅠㅠ!!?,False,
@jangseokwoo1004,응애,False,
@Moon0115,ㅋㅋㅋㅋㅋ진짜 진짜 귀업다❤❤❤❤❤🇰🇷🇺🇦🇰🇷🇺🇦🇰🇷🇺🇦😍😍😍😍,False,
@정정자-z3x,따.윤님~아들내미 얼굴이 환한게 미남상 이네요 ~~ 가족 모두 건강.행복 하소서~^^,False,
@youngminkim6653,진짜 잘생겼네요!<br>웃는 모습도 예쁘고...^^,False,
@maryrose6404,따냐.  붕어빵이네요😂,False,
@서영옥-o6c,참  이쁘네<br>아기울음소리  듣게해주어서<br>고마워요,False,
@곽기봉-b1j,애기가 손맛을 알았네요.<br>에구 기여워라<br>준이는 양국 나라 언어를 <br>다 가르치길 했으면 하네요,False,
@산내들-v1h,너무 잘생겼다~~,False,
@박기철-b4r,행복이란 단어를 눈으로 보게 해줘서 고마워요<br>아가 천사 건강하고 또 건강하게 키우세요<br>행복하세요!,False,
@이승준-l7c,준이.미남입니다<br>준이할아버지.존경해요,False,
@sjpitl4523,준이 너무 예쁘네요~두분이 서로 배려해가며 준이 보는 모습이 너무 보기좋습니다❤,False,
@앤셜리-y9o,아고 너무 잘생겼어요 이뻐라~~^^,False,
@김종석-j2j,날마다  올려요 너무 답답해 <br>요  그럼  수고하세요 ^^*,False,
@jonggeunpark1174,우크라이나 준 외할머님은 언제 한국에 오시나요 외할머니 손자 많이 보고싶으실텐데,False,
@시깜둥,이쁘넹... 무럭무럭 간강하게 성장하기 바래요.,False,
@Becky-x2l,밥을   잊어버려??!! ㅋㅋ<br>와~~,False,
@dolmen321,😅😂ㅋㅋㅋㅋ,True,@Becky-x2l
@자유만세-m8g,"아이가 책을 좋아하게 하는 건 아주 좋다는... <br>지금은 좋아하는 장난감처럼 여기게 되지만 <br>점차 자라면서 혼자 책 읽기를 좋아한다면 <br>아이의 집중력 상승에 도움이 많이 된다는... <br>물론 책을 읽음으로서 간접적으로 얻는 풍부한 상상력, 어휘력은  덤이고... <br>종합적으로 지능 발달에 아주 큰 영향을 끼친다는 ... ㅋㅋㅋ",False,
@눈빛-g6n,윤 진짜 좋은남편❤쭈니 귀요미❤,False,
@남궁현-p1x,지금까지 유투브 영상 애기중  얼굴순위 1위는 준이다.  대세미남,False,
@kimjeungtae,애기눈이 엄마를 닮았네요.무럭무럭 잘 자라길 바랍니다.,False,
@조지조-h2b,애기 폭풍성장했네요 너무이뻐요 따냐씨 친정식구들보구싶겠다,False,
@송종희-s3n,"내? 헨드폰 이 달겠어요? 준 얼굴만 보면 뽀뽀를 안 할 수가 없으니? 처음, 아들이라 했을때? 따냐씨 얼굴이 겹치는게?😊",False,
@박영순-d1b,준~너무 사랑스러운 아기에요♡,False,
@전현숙-p6v,준이 아빠 넘넘 자상하시네요 <br>배고프다 하니 스파게티 뚝딱 만들어 살뜰히 아내 챙기는게~~좋은아빠 자상한<br>남편 참 보기좋아요 <br>나도 준이아빠같이 아들<br>잘키워 좋은며느리 맞이하고 싶네요. 칭찬합니다 ~^^,False,
@응원단장-x9m,준이가 엄마를 꼭 빼닮아서인지 넘 예쁘네요,False,
@복치-l7t,썸네일 왤캐 누구한테 뺐길거 같이 안고 있어 ㅋㅋㅋㅋㅋㅋㅋㅋ,False,
@정병채-u2y,준이얼굴이 따냐님얼굴입니다.  아빠윤얼굴이상상이안되네!<br>암튼이쁘네  웃는모습도. 칭얼대는모습도...,False,
@박종모-b2m,따냐 닮아서 이쁘다...ㅎㅎ,False,
@창환이-r1h,준이가 올랴 이모 만나면 엥 엄마가 또 있네 이러겠다 준이가 올랴 이모 만나는 그날을 기대하봅니다 엄청 좋겠다 맥심은 그걸 먼저 경험했으니 안겠지,False,
@달마-u9w,😁😁😁,True,@창환이-r1h
@최종덕-r6i,아구~귀엽다 ~~,False,
@user-5785,준이. 엄마닮았네. 이뻐라 딸하나 더 넣으면 좋은가족이돼겠네요,False,
@신승호신승호,새상이 말새다 무식해도정도가있지 지 새끼보고 극존칭을쓰다니 애라이 병신,False,
@남궁현-p1x,당신 말투가 말세다. 말곱게 쓰라구.   인성이 참  저게 존대말처럼 듣기냐. 그냥  장난으로 말하는거지. 분별좀 하세요,True,@신승호신승호
@최동조-s4n,말 곱게 해라~~~,True,@신승호신승호
@hs-kh7bf,아기들에게 존칭하는건 사랑의 의미이지 어른대우 하기위함은<br>아니라고 봅니다 애교스런 농담의<br>의미도ᆢ 이해하십시요,True,@신승호신승호
@전현숙-p6v,세상에 한국말 의미도 모르는건가?? 왜이리 인성이 꼬였나요?? <br>선하게 사세요  말한대로 본인에게 돌아오는게 세상이치입니다,True,@신승호신승호
@dolmen321,​@@남궁현-p1x옳~소 박수 박수,True,@신승호신승호
@hftvdrgsegftfhtdfg,영상보고있으니 너무 행복해져요 😂  준이 너무 이뻐요 😊😅❤❤❤,False,
@이한수-l4u,얘기 진짜 예쁘네.,False,
@경복현-l3v,따냐씨   사진 공개해주세요,False,
@Jokyunnhwan,"육아전쟁 시작입니다,,,고생하세요 !!  준이가 너무  너무 이쁘고 사랑스럽습니다,,준이야 사랑해,,,",False,
@양집사-x2b,썸네일에서 영화 포스터 느낌이~~ㅋ,False,
@hftvdrgsegftfhtdfg,아기가 진짜 너무 이뻐요ㅎㅎ 연예인 해도 되겠어요😂❤❤❤,False,
@달마-u9w,"아무리 급해도 밥은 천천히 먹어요.<br>그러다 체 하겠어요~<a href=""UCkszU2WH9gy1mb0dV-11UJg/ssIfY7OFG5OykQOpn4CQCw""></a>😅",False,
@자기합리화,천천히 먹음 끝까지 못 먹음<br>저 시기에는 진짜 빨리 먹어야함,True,@달마-u9w
@수도사-e4y,눈이 동그란게 엄마눈을 꼭닮았네❤❤❤,False,
@콩뷰토벨라표르트,"따냐가 외국인이기 때문에 아빠도 아기한테 말을 많이 걸어주셔야 합니다<br>특히 3살까지가 인지능력 향상되고 인성이 형성되는 골든타임이에요<br>아기한테 좋은말, 좋은경험 많이 느끼게 해주세요!",False,
@종수한-z4h,좋은 부모 되겠네요 보기 좋아요,False,
@swc96,애기가 너무 이쁘네요,False,
@brucehur2051,SHOW DADDY ....<br>WHERE IS HE?,False,
@김종수-b4t,유튭 최고 미남 준 이  너무 예뻐요 진짜 천사 같음,False,
@user-pb6pb9ks3f,준이 넘 이뻐요 백일지나면 밤에 잘 잘거예요 건강하게 자라렴,False,
@bluesky3796,The baby girl takes after mommy Tanya.,False,
@남궁현-p1x,아들입니다,True,@bluesky3796
@맘짜-x6q,아이고 너무 이쁘당 건강하게  차라렴❤,False,
@왕종오,넘...이쁘내요....아이고...보는걸로 힐링이다..,False,
@창호장,오  진짜 이쁘다    아침부터 힐링,False,
@김춘성-b8g,아기가 넘 이쁘네요 건강하게 잘자라길 빌게요<br>행복하세요 가족모두,False,
@박찬우-k5p5d,진짜 극강의 귀여움이네요,False,
@문덕호-p3o,천상의 여자  따냐 순백의 여자,False,
@문덕호-p3o,자랑스러운 한국 남자,False,
@SGSALLON,아이고~~ 남이봐도 이뻐죽겠는데 엄마 아빠 눈에는 얼마나 이쁠까 ㅎㅎ,False,
@박종열-i8c,100일잔치안해요🎉😂❤,False,
@kayflip2233,Cute chubby baby. OMG.,False,
@lmt_53,😂😂😂❤❤❤😂😂😂❤❤❤😂😂😂❤❤❤,False,
@엄마찾아캬바레,우크라 외할마는 안 오나요?,False,
@이후-s8z,우크라이나어 가르쳐라 그다음 한국어,False,
@푸른들이랑,아기가 아주~~  잘생겻어~~ ❤❤❤😂,False,
@정독-s2u,"따냐씨, 진짜 한국 아줌마 돼 가는 과정 중 이시네. 눈 뜨고 눈 가믈 때 까지 미친듯이  달리는  성질 급한 한국 엄마 진화 중",False,
@이치영-i1b,장군감  이예요!<br>잘생기고    점잖네 .  준이  무럭무럭  잘  크자!!!,False,
@YHSon-y4m,"벌써 인물이 살벌 하구만,😮😮<br>한국 미래엔 차은우 배우 같은 애들이 많이<br>나올것 같구만,,,😅😅<br>축하 합니다. 😊😊",False,
@유준장-i1l,아이고 아기천사네,False,
@전성모-n1y,잘생긴 준이 뒷머리 관리해야되는데.... 준이안고 밥먹을때 조심해아되요 준이가 팔 파딕거릴때 뜨거운국 엎을수있어요.<br>그리고 집에 애기용 해열제.연고.지혈제등 상비약 꼭 준비해놓아요<br>준이 웃는얼굴 보면볼수록 이<br>할배도 웃게 되네요😊😊😊😊😊😊,False,
@금사빠-g5z,태어나면서 진한 쌍꺼풀을 장착하고 나온 존예 애기 미모 보소ㄷㄷㄷㄷㄷ,False,
@lifepets,"&quot;Це жабка&quot; 😊 Подаруйте малюку українську колискову перед сном - це назавжди пропише в серці малюка любов до  маминої батьківщини. Це так важливо для нашого майбутнього і України. Нам потрібні свої люди по всьому світу, що вміють кохати, любити і цінувати власний рід❤<br>Мені мама співала &quot;Пішла киця по водицю&quot;, це допомогло мені внутрішньо знати хто я, не зважаючи на російсько мовне середовище, ну ви киянка, ви знаєте, як у нас тут було.",False,
@jimin2961,잘생겼네요<br>혼혈이라 머리도 똑똑하겠어요,False,
@innout_knowhow,와.. 완전 엄마 빼다 박았네.. 잘생겼다..,False,
@윤진호-l4o,미치겠다 .<br>돌아버리겠다 .<br>왜일케 귀엽냐궁❤,False,
@그자리그나무,좋은 날들만 가득할거에요^^,False,
@JUNE-ew2sw,남편분..강심장! 전 이렇게 했다가는 ㅎㄷㄷ 젓가락 숫가락 다 준비하세열..주니 출산 하느라 얼마나...힘들었을까..두분 행복하세요 ❤❤❤,False,
@벽력일섬-z1e,와 애기 너무너무 이쁘네요,False,
@winistarr,"따냐님 아기한테 엄마 모국어 꼭 가르쳐주시길..<br>한국에서 살면 아빠쪽 문화랑 언어는 자연스레 습득하게 될 텐데, 엄마 쪽 문화를 잃지 않기를 바랍니다.",False,
@윤호중-g1q,진짜 인물이 최고네요,False,
@newcreator,"따냐씨, 한국어 뿐만 아니라 모국어도 꼭 가르쳐주세요~ 저도 미국에서 이민 생활하고 있는데,  아주 어렸을 때부터 아이들이 한국어로 읽고 쓰고 말하도록 힘썼습니다. 감사하게도 지금은 세 아들 모두 한국어를 거의 완벽하게 할 수 있구요. 그러면서 자연스럽게 모국에 대한 마음과 애국심(?)까지 생겨나더라구요~ 현대 사회에서는 모국어 뿐만 아니라 다국어에 능통하면 더 좋은 시대입니다. 건강하고 행복하시기를 바랍니다.",False,
@다도해-x9q,에구 귀엽네요… 건강해보입니다.. 행복하세요..,False,
@jongsunkim9975,아기가 너무 예뻐요^^ 와우~good^^,False,
@ajt58,America loves you,False,
@dio2385,아이고<br>우리 애기 너무 이쁘네요<br>참 저두 할아버지 돼고 싶어요 😊😊,False,
@스르륵-y1t,애가 눈이 증말크네. 내딸은 작았는데 ㅋㅋ,False,
@남궁현-p1x,아들입니다 ㅋ,True,@스르륵-y1t
@이놉놉-e4z,에고 부모 되기가 쉽진 않죠.  많이 피곤한듯 한데 .기운내세요,False,
@song9542,준이 속가락 괜찮아요?걱정 많이 했는데😭 .너무 귀여워 선 댓글 먼저😅 준아 아프지말고 건강하게 크자 🙏 .따냐씨 식구들이 보면 난리나겠네요.시부모님도 그렇구요.항상 잘보고 있읍니다.자주좀 올려 주세요.준이 너무 보고파요💖💖💖,False,
@영테스클럽,따나씨 전쟁에 먼 아침의 나라에서<br>좋은 남편만나 행복하세요<br>행복 빵빵♡♡♡<br>나펴님 신부에게 1주일중 하루 휴가주세요<br>혼자 애 보는게 얼마 힘든지 아세요,False,
@justrealkk91,아유 애기 얼굴이 점점 바뀌네요 지금부터 계속 귀여워질 예정!,False,
@강신균-r8y,따냐를 아들 한테 뺏겼어 ~~~~❤🎉😊,False,
@pv-on2nx,아기 참 이쁘네!,False,
@규민김-c9f,순한고 넘 잘생겼네!<br>준이 넘 이뻐요,False,
@정성헌-x9x,준이가점점 이목구비가 뚜렀해지네요!!!<br>그리고 잘웃는상이네요!!!~...복덩어리<br>상이에요!!!~...😊😊😊😊😅😅😅😅<br>미남이예요!!!~...엄마아빠가 행복하겠<br>어요!!!~하 하 하😅😅😅,False,
@정용주-b1c,따냐 님 덕분에 잘 보고 있어요,False,
@정용주-b1c,우크라이나의  영광이,False,
@한국한국-c5l,피자 손잡이 ㅎㅎㅎㅎ,False,
@홍순엽-y7u,따냐 애기 너무예쁘다,False,
@ykim567,우리 쭌이 인물이 😊여자 좀 울리겠는데요,False,
@김지원-l6c2v,준이 완전 미남 ❤❤❤,False,
@ember_4177,애기 너무 이뻐요 ㅠㅠ,False,
@스포해안해,아기와 함께 평화로운 날만 지내시길 바랍니다!,False,
@배의호-u9u,너무 귀엽네❤❤❤❤❤,False,
@남재우-c6n,정말 잘생긴 아기~!!^^,False,
@빈들에님-j2c,엄마는 한국말로 얘기하지말고 모국어로 아이랑 얘기하세요,False,
@gabriellalim3118,"저도 이거 추천이요!!!🇺🇦🇰🇷준이는 한국에 살며 한국어로 소통할 경우가 대부분일테니, 가정에서는 일부러라도 열심히 들려줘야할것같아요!!",True,@빈들에님-j2c
@꽁이-y3m,어쩜눈이 딱 엄마닮아서<br>넘~~~이뻐요ㆍ천사네요,False,
@희망-j4p,아기가 넘 잘생겼네요 👍💖,False,
@이삼오-l8l,진짜 귀엽당ㅋ,False,
@황진호-n1d,에고 벌써 세월이...항상 건강하고 행복하세요...,False,
@wangh7907,준이 넘 이뻐요,False,
@1silentwind,아~ 귀엽다~,False,
@김은숙-p9v,아빠만 보면 방긋방긋하네요~🥰🤗,False,
@강성원-z3w,진짜 너무 많이 이쁘다 🎉,False,
@srang504,So cute Baby,False,
@Elizabeth-tv3bi,귀엽네...ㅎㅎㅎ,False,
@user-nl7pz3tf4m,뒷통수  관리 해주세요.잘 생긴 얼굴 지켜주세여😊,False,
@jhl6779,애기 너무너무너무너무 예쁘다아아아아❤❤❤,False,
@미경오-p3e,아빠가 준을 내려놓으면서 말은 &#39;슬쩍&#39;하지만 너무 조심스럽지않은 듯 싶네요  앞으로 많이 연습해보셔야할거 같아요 😊😊,False,
@antenna..,따냐님 언니 아들 얼굴이랑 비슷해 보여요 ㅋㅋㅋ귀여움,False,
@fgiowfgweijofw,마지막 ㅋㅋㅋㅋㅋㅋㅋㅋㅋㅋㅋㅋㅋㅋㅋㅋㅋㅋㅋㅋㅋㅋㅋㅋ,False,
@choivictor4879,어이쿠 로보락 홍보가 들어왔네....;;;<br>우리나라 회사가 10년 동안 연구해서 개발한 기술 훔쳐서 성장한 기업이 중국 로봇청소기 기업들인데....<br>쓰는 거야 뭐 그렇다지만 기술 훔쳐서 우리나라 기업에 막대한 피해를 준 중국 제품 홍보는 좀......;;;;;,False,
@여자이영민-s5o,인물이 끝내주네요. 😊,False,
@fisher0191,아기 얼굴 보고 그냥 웃었습니다.<br>건강하게 잘 키우십시오.<br>얼굴 보는 내내 웃었습니다.<br>귀한 영상 너무 감사합니다.,False,
@정용주-b1c,아기가  녀무  예뻐요,False,
@토착왜구가짜보수처단,서천할머니는 증손자  준이 보셨나요?그리도 손자 보고 싶어하시던   서천할머니 전주할머니 반응도 궁금합니다.그리고 준이가 따냐 닮아서 인지 인물이 훤한게 한인물 마게 생겼네요,False,
@양이병-o4t,6개월 지나니 4시간 잘수 있었죠,False,
@양이병-o4t,우리애들은 두명인데 연년생이예요<br>갓난아기일때 아기 본다고 2시간 정도밖에 못잤을거예요,False,
@송휘-c6j,제주도 구독자 연락주세요,False,
@청명-n3b,푸틴,False,
@양이병-o4t,힘내세요<br>이세상 부모들이 다격는 과정<br>부모가 되는 과정입니다.홧팅,False,
@김미숙-w9u4t,준이가 너무  예쁘고  잘 생겼어요  ❤❤❤,False,
@양이병-o4t,엄마심장소리를 들어면 편안해서 잘자다가도 눕혀놓으면 금방울거예요,False,
@송휘-c6j,제주도 구독자 입니다  댓길에 남기면 되는가요,False,
@행복해져라-b3r,쭌이 웃을때 너무너무 사랑스러워요❤❤❤,False,
@oonehi79,아악~~  쭌이 넘 이쁘고 잘 생겼어요!!,False,
@양이병-o4t,열이 또올라가면 또 닦아줘야 되고 날이 밝으면 소아청소년과에 가보세요^^<br>열이 심하면 토 할수 도있어요 엄마가 놀래면 않되요^^<br>정말 귀엽네요,False,
@paulchoi800,아고 무거워라 이거 거의 현지인 바이브인데요 ㅋㅋㅋ,False,
@양이병-o4t,애기가 밤에 열이난다고 병원가지마세요 응급실에 가도 안봐줘요<br>집에서 미온수보다 살짝 따시게 해서<br>면손수건으로 온몸을 닼아주면 금방내려가요 참고하세요,False,
@오경동-p1o,100일 축하축하,False,
@양이병-o4t,인물이 짱!^^,False,
@난다Lee,"승산하시고,벌써 100일 인가요..?? 축하축하드립니다요👏👏🎉🎉🍾 건강하게 자라나길 바랍니다🙏 행복하세요^^;",False,
@원조무제,아기가 너무 잘 생겼네요!<br>엄마를 많이 달므은 하네요!<br>보는 이도 왜인지 흐뭇해지네요!,False,
@dprdpr8520,썸네일이 거의 뭐 누구냐넌 인데…,False,
@조석준-b2c,너무 이쁘다.<br>천사가 찾아 오셨네~~~<br>행복하세요.,False,
@ЕлизаветаСидорова-е8о,Какой милый ребенок ! И родители тоже !,False,
@변대훈-h1i,❤행복하세요.^^,False,
@HGY-kz4em,고놈..잘생겨내..영상잘보고가유,False,
@최지혁-f3f,저흰 셋째가 이제 120일되었답니다 같이힘내보아요~,False,
@피스-d2b,애기 정말 예쁘네요. 살아보니 저 때가 인생에서 가장 행복했던 때였던 것 같습니다.두 분 애기와 함께 행복하게 맘껏 즐기며 사세요~~,False,
@싸타5000,와이프 조국을 위해서 참전 안하나요,False,
@비비밥보쌈,자기일 아니라고 말 진짜 함부로한다. 사회부적응자 같어,True,@싸타5000
@동조최-g5w,말 좀 이쁘게해라~~,True,@싸타5000
@jhl6779,아니 왜 이 채널에 악플러들이 파리떼같이 몰려드는거임? <br>할일도 참 없네 딴데가서 스트레스나 푸세요 진짜,True,@싸타5000
@sangweonlee5595,부러우면 그냥 부럽다케라.써글넘,True,@싸타5000
@Mimi-j3p2f,따냐 업뎃좀 빨리 해주세요 ㅠㅠ 현기증나서 예전것도 재 정주행으로 봤어요 ㅎㅎ,False,
@넓고얕은-w7u,"진짜 사랑스런 세가족. 결혼, 육아 장려 영상 같음ㅋㅋ 흐뭇하게 보고 갑니다이",False,
@김학열-t3k,애기  넘 이쁘네요..,False,
@지윤-n8i,와~간만에 채널 들어왔는데 <br>이렇게 이쁜 아가는 누구? <br>세상에나 천사가 따로없네요<br>너무 잘생기고이뻐요~<br>건강하게 잘크길바래요♡,False,
@윤한국-l7l,넘  구엽네요,False,
@supilhan1288,건강하게 잘 자라거라^^~,False,
@반송-d1k,😁😁😁 아기이름 한우  아니면 우한  ~~~ 한우가 한국소 같지만 성이 붙으면 좋은 이름입니다  예를들어 김한우 이한우 조한우 최한우 ~~~ 얼마나 좋은 한국 이름입니까 ? 한국과 우크라이나의 기연 . 한우야 건강하게 자라서 2070년도에 한국 대통령 되어라  .💘💘💘💘 .,False,
@탄탄대로-r4f,최고에 엄아에요,False,
@h.c.h.320,리틀 따냔데요😊😊😊😊<br>엄청  귀엽따!!!,False,
@원프작약,어이쿠~  벌써100일.<br>차선물받은게 엊그제같은데~~  넘 이뻐요❤,False,
@장상호-x3k,와! 벌써 그렇게컷네요..신나겠는데요. 추 카. 추 카..,False,
@겨울목,우리 따냐는 마음도 이쁘고 외모도 이쁘고... 노력도 이쁘고... 어디 미운 구석이 없네요... 신랑 복 받은겨.... 진짜루...,False,
@범석이-o3e,아이가. 너무. 이쁘네요~~인물이. 훤하네,False,
@realsturmful,아기 너무 귀여워요.😊,False,
@user-sm4hv7vr,ㅎㅎㅎㅎ 아빠의 손길이 아직도 갈길이 머네요~~그래두 홧팅입니다~~첨부터 잘하는 사람없어요~~❤❤,False,
@YY0809-By,진짜 남편분  따냐한테 자려하셔야  넘 착해요,False,
@고니-h7o,따냐  음식을  그렇게 먹으면 어떻해   몸에  좋은거   잘먹어,False,
@hmmm6775,백색소음을 들려주면 잘 잘수 있을지도 몰라요,False,
@게이겐슬러,오지라퍼들 진짜 역하네.  인스턴트 먹지마라~ 밥상이 저게뭐냐~비타민이 없네~ 니들 인생이나 잘 챙겨라. 밥 한끼 먹는데  ㅈㄹ들한다 진짜.,False,
@kumajin64,아기 눈이 이렇게 맑고 이쁜거  였구나?ㅋ,False,
@m-8739,아기가 너무 예뻐요. 엄마가 예쁘니... 제발 아기 아홉명만 낳아주세요. 이렇게 예쁜 아기는 많아야 합니다.,False,
@남김홍재-t1d,한복하면 준 준하면 한복 우째 이리도 잘 어울릴까❤❤❤,False,
@최만조-n8k,"따냐씨는 아이와 대화할때는 우크라이나어 로해야해요,<br>엄마 뱃속에 있을때부터 기억을해요,<br>잊지말고 기억하세요,<br>아이와 대화할때는 우크라이나어 로해요,",False,
@자민-x5z,아기 키우땐 건강에 안좋으니 인스턴트 드시지 않는게 좋을듯 싶습니다.,False,
@고니-h7o,귀여운  천사네  ❤,False,
@강수영-y9o,밥을. 한솥해서.<br>소분해서.냉장고에 넣어두면..<br>이런.,False,
@태균노-q2w,준이 볼살 한번만 살짝 만져보고 싶네요.넘 통통해요,False,
@자민-x5z,아이고      이뻐라~~^^<br>천사입니다.,False,
@이재필-z2m,애아빠의 밥상 정말 어설프네;;; 비타민 섭취는 아예 할수없는 밥상;;;;,False,
@정의로움-h4p,댓글이 모조리다  골때리네...니나 잘해라.... 무슨 본인도  집구석에서 안하는걸 남한테  이래라ㅡ저래라..별 거지같은 소리다한다...집에서 밥 매일 하는넘처럼 말하노..,True,@이재필-z2m
@sangweonlee5595,너나 잘혀,True,@이재필-z2m
@wowfast2,완전히 인형이네요!!! 너무 이쁘다!!!,False,
@오늘은-r4w,엄마도 너무 사랑스럽게 이야기도 해주고 너무 보기좋아요 😊항상 행복하세요😊 너무 답글이 많아서 죄송해요😅,False,
@태균노-q2w,영상 세번째 보는데 준 왜이리 예쁘고 귀여운거죠.넘 예뻐요.건강하고 예쁘게 잘 자라주렴,False,
@오늘은-r4w,너무 귀여워요 😊 사랑스럽네요😊,False,
@ORION-m7c,아기 천사를 보면 평화로움이 느껴져요ㅣ...,False,
@강수영-y9o,활기찬. 모습이.딱. 타냐~^^,False,
@j4j-l2u,아기가 너무 이뻐다 😊,False,
@강수영-y9o,하~  이렇게 이쁠수가~♡♡,False,
@HOO5595,똑뚜꼬비~~똑뚜꼬비!!,False,
@김광수-x2c,똘망똘망한게  너무 귀엽다 벌써 백일이라니 참 빠르다.귀여운 준이 건강하게 잘 자라기 바래요 .따냐도 힘들겟지만 열심히 잘 보살피는게 너무 좋아요.,False,
@짠짜니-c7f,와 진짜 애기가 너무 잘생겼다,False,
@sehplo182,아기 너무 귀여워요 😍,False,
@poojp001,중국산 백도어로 사생활 다 볼지도요 그래서 중국산 제품은 절대 안사요,False,
@정의로움-h4p,대한민국 가전제품하나도 쓰지마세요..중국산 부품 안드러가는 가전제품 없어요..석기시대로  고고..,True,@poojp001
@poojp001,@ 중국산 메이커 제품 말하는건데 백도어 심어져 잇는거 사실인데 ?? 혹시 시진핑이 욕도 못하는 중국애 ??,True,@poojp001
@user-sm4hv7vr,완전 인형이네 인형이야~~~❤❤❤❤,False,
@seongdaeyang,"따냐씨 너무 너무 고마워요, 훌륭한 미래의 일꾼, 이 나라의  <br>일꾼을 길러내느라 고생? 엄마로써 고생 은 나라에 영웅입니다.",False,
@정성채-m9x,남편분은 도대체 전생에 무슨 짓을 했길래 착하고 이쁜 아내에 천사같이 예쁜 아기까지... 우이 샘난다.,False,
@김재무-q1i,엄마는 아기한테 러시아어로 하는게 좋아요... 한국말은 자연히 할 수밖에 없으니 ... 러시아을 더 많이 들려주는것이 좋아요.,False,
@정의로움-h4p,??우크라이나 언어를 써야지 ..전쟁 적국의 언어를 쓰라노......??한국사람에게 일본어 쓰라카는 넘일세..,True,@김재무-q1i
@김재무-q1i,@ <br>그런가요.ㅎㅎㅎㅎ,True,@김재무-q1i
@hftvdrgsegftfhtdfg,글 지워라 한심한 ㅂㅅ,True,@김재무-q1i
@hackchalLee,"그집 아들 한입먹고 싶네,,  앙~~~~!",False,
@이뻐죽겠네,애기 너무 이쁘네요 그냥저냥 훔체보다가 이제서야 구독합니다 저 애기키울때 생각나네요 잘키우세요 따냐씨 집에 행운이 가득하길 빕니다,False,
@오늘하루-q1b,애기.밥도신경쓰세요<br>장군이네,False,
@이상록-d8m,장군감이네요..<br>따냐씨도 많이    회복 되어  보이구요..,False,
@김재무-q1i,애기 너무너무 얘쁘다....,False,
@오웅근-h5d,따냐 빼다 박았어요^^ 아주 건강하고 잘생겼네요^^,False,
@수오재-z6q,"아이고 예뻐라~<br>순둥순둥 하네요.<br>허참, 효자상이로세.<br>할매,할배의 낙이겠어요.",False,
@x2y1,아가야 너무 많이 몸 건강하게 잘 지냈으면 좋겠고 잘 자라줘,False,
@마이콜-i9d,참 잘 생겼다 !🎉🎉🎉🎉🎉🎉🎉,False,
@moraesung5114,넘나 귀엽다 ㅋㅋㅋㅋㅋㅋㅋㅋㅋ,False,
@이-o7k1x,하나 더 놓고 애국합시다 ㅎㅎ<br>대한민국 만세!!!,False,
@박연배-s7r,너무 예뻐요 따냐 준 넘~~^^사랑스러워요,False,
@안녕-k1b8v,아유 잘생겼다. 😊😊,False,
@ldhpro,이목구비 죽이네요. 와우 굿 입니다.,True,@안녕-k1b8v
@meatgod3749,준이 너무 이쁘게 잘 크고 있네요~!! God bless this family!,False,
@Hidgresxgudd,귀엽노,False,
@10dasom,애기가 왜케 잘웃어요 ? ㅋㅋㅋ,False,
@daehyunchoi536,아기가 너무 너무 순하다. 엄마 복 받았네.,False,
@하늘땅-i7d,아가야 엄마 아빠 사랑 많이 받고 건강하게 커세요,False,
@마이츄-q7x,공갈지 너무 많이하면 충치가 생겨서 안좋습니다. 힘들어도 아기랑 산책하세요.,False,
@이강수-w6l,언제나 밝은 따냐씨  항상 행복하시길 ...<br>우크라이나에 영광이...,False,
@김인동-x3f,넘 잘생겨서 짱이구만<br>건강하고 잘자라서<br>훌륭한 아이로 자라라<br>❤❤,False,
@부산아지매-e6j,한복안에 면옷 입어도되요 건강하게 많이  컸네요 😊😊😊,False,
@승지니-j3x,너무너무너무 이쁘다 잘웃고 귀여워~,False,
@이재현-q3h,아기 참이뻐요 행복하세요,False,
@wjdtlsqudvpalsms9232,준이 완전 인형같이 이쁘네<br>크면 여자애들 여럿울리겠다😊,False,
@수수께끼-c4t,그놈.두상이좋구먼 장군가이네.,False,
@이승진-n1h,아빠가 얼굴을 안보여주는 덕분에 준이는 논란 없이 엄마 닮은 걸로 결론이 났네요.  또 하나의 결론은 꼽자면 준이가 정말로 예쁜 애기라는거!!!!,False,
@안녕내삶,아 이뽀❤❤,False,
@김동수-q3i,귀여워 😂,False,
@marklee9912,애가  기침만해도 내가 걸렸으면하는데 ....왜 피가 났을까? 차마   너무 힘들어서 못 봤었는데 ... 영상 봅니다.밤낮이 바뀌어서 엄마 아빠는 돌아버릴때지요. 곧 끝나니 견디세요!!!,False,
@이상진-z4q,대단<br>힘내고 지금처럼 두분 조금씩 아기 도와가며 돌보는 모습 넘 아름답습니다<br>화이팅❤❤,False,
@doyeonkim9201,귀여워!,False,
@킴살만,우.한미래다 준아 잘생겼네😊,False,
@최기창-p9n,청소 기능이<br>너무 좋아 보여요<br>하나 주문해서 얼릉 써보고<br>어머님한테  선물 해드릴게요<br>시골집 문턱 땜시<br>걱정 했는데<br>짱입니다😊,False,
@skl3402,🎉🎉,False,
@SaintGermain8,자식을 낳아본적은 없지만 얼마나이뿔까 ❤❤,False,
@지우-o4o6m,아유 귀여워 미치것네,False,
@무림은자,"따냐씨 !<br>저 얘기 꼭 읽고 실천하세요<br>준이 동화책 읽히세요, 동화구연하듯 <br>준이가 그림과 글자가 보이게 안고  안은 자세로 매일 두 세차례 읽어주세요. <br>아이들은 사진 찍듯 머리에 저장됩니다. 엄마 아빠 말을 하기 시작하면 글자를 짚으면서 읽히고, 글자를 알게 되면 한페이지는 엄마가 한페이지는 준이가 <br>놀라운 일이 벌어질 겁니다. 매일 책읽자고 할것이고 매주 한번은 대형 서점에 데리고 가세요, 이 일을 만7세까지 하세요. 책 읽는 속도가 읽지도 않고 넘기나 싶을 정도로 속독이 되고 내용 파악도 다 됩니다. 아마도 책값이 엄청나게 들것이며, 평생 공부하라는 말이 필요없습니다. 클래식 음악을 집안에 항상 깔아놓으세요. 퍼즐 맞추기, 블록쌓기도...<br>5~6학년쯤 아이큐 검사해 보세요 전국 1~2% 정도? 그 때는 이 할아버지 생각날겁니다. 내 아이를 이렇게 키웠습니다. 참고하세요",False,
@CoDe-n3q,따냐 거푸집아닌가요 ㅋㅋㅋㅋㅋㅋ,False,
@아트-r5z,ㄸㅏ냐 ㄱㅔ으른 여자네,False,
@sangweonlee5595,ㅁㅊ 너나 잘혀,True,@아트-r5z
@song9542,이쁜말만❤,True,@아트-r5z
@이재성-r6p,순둥이네요.,False,
@응원단장-x9m,준이가 돌만 지나면 막 뛰어다니고 밥도 엄마랑 같이 먹겠는걸요,False,
@강댕댕-k8v,❤❤아이구 우리 못난이~♡♡ 눈이 딱 엄마 눈이네욤❤❤❤,False,
@초이-s5i,아 너무 이쁘다~~  건강해라 아가~~❤,False,
@khr2944,따샤님 식사하셔야된디요 ㅜㅜ,False,
@도치-w2l,많이 궁금했었는데 ᆢ 너무 이뿌네 ᆢ,False,
@장현신-d4m,아빠도 한 인물 하시나보네  애기가 너무 이쁘네,False,
@tonyle9182,윤씨 따냐씨 지금도 잘하지만 마니 도와주세요,False,
@파란갈매기-g2t,아고고 이뿌라^^ 준이^^ 엄마 꼭 닮았네요^^ ㅎㅎ,False,
@Josephhslee,"예쁜 준이,늘 튼튼하고 고운 사람으로 성장하길 함께 응원합니다 🥰🙏🏻",False,
@tonyle9182,따냐씨  준이 너무이뻐요---,False,
@zoartzo9587,이야~ 잘생겼다 ~!😊,False,
@영기김-r9r,장군깜이네~~,False,
@bearcr242,내자식 키워보면 내부모님이 나를 어떻게 키워 주셨는지 알게되서 많이 울컥하지요<br>두사람이 준이 키우는거보니 돌아가신 부모님 생각에 마음이 울컥 합니다<br>따냐 부모님은 준이가 얼마나 보고 싶으실까요<br>하루 빨리 우크라이나에 평화가 와서 따냐씨 가족들이 준이를 만날 수 있기를 두손모아 기원합니다,False,
@동조최-g5w,벌써 ~~100일<br>건강하게,False,
@oldstone__,준이 이른 아침부터 열공하네 ㅋ ㅋ ㅋ 😊,False,
@자유대한민국-x9p,😊❤️❤️❤️🤭🤭🤭🌹🌹🌹,False,
@거제로가자,건강하고 행복한 모습 보니까 너무너무 좋네요,False,
@아무거나-g8r,진짜 통잠 자기전에는 죽을 것 같았음.. 잠귀가 밝은편이라 새벽 2시간 간격으로 분유먹이고 아침에 출근을 몇달간하면 없던 우을증이 생김...ㅋㅋ,False,
@최재용-y4b,문득 든 생각이 ...혹시 준이 할아버지가 따냐 시아버님 아닐까? 왜냐면 손주 임신선물로 차를 것도 g80 주시기는 좀 힘들거든요,False,
@이방원-m2p,한인물 하겠는걸! 장군감이야! 잘자라서 이나라에 큰일 하거라!,False,
@해피스마일-x7y,영상잘봤어요 ~응원합니다,False,
@지남국,진짜 비싸네,False,
@정일택-q5l,"준이가 아빠, 엄마 닮아서 인물이 잘생겼어요~",False,
@정일윤-s7e,하 ~~     암   아기 이쁘다..,False,
@희두송-d7u,준이가  넘어쁘게 크고있네요<br>늘 건간하길~~~~,False,
@신들린샷,100점 만점에 99.9점이네요  쌍겁만 없음 100점인데.. 그래도 넘넘 이쁘네요,False,
@jamesjung,항상 행복하세요~,False,
@나라사랑-e8t,진짜 많이 컸네요.<br>다친데는 괜찮죠?<br>아주 잘생겼어요.<br>엄마두 항상 웃고<br>남편분도 따뜻하고<br>너무 보기 좋아요,False,
@yongyong8713,인물이 훤하네요... 똘망똘망 시원한 두 눈이 참 잘 생겼어요... 건강하게 잘 자라세요... ㅎㅎ,False,
@정나그네,따냐닮은거같은데?,False,
@dollkkang,엄마니까요 ㅎ,True,@정나그네
@huy_ogk,애기 진짜 너모 기여어 ㅜㅜㅜ,False,
@jameskim7782,와 아기 너무 이쁘네욤!,False,
@unpaidnightwatcher,첫장면부터 너무 귀여워 숨이 막히네요😍 늘 행복하세요,False,
@날아라-h4m,준아 건강하게만. 무럭무럭 자라다오<br>넘 이뿌넹준이~~~,False,
@눈빛-g6n,준이 미모 완성형👍👍,False,
@박우영-e5h,야~~  잘 생겼습니다.<br><br>오늘도 좋아요 꾸욱 ~~,False,
@성완-h3e,"큰눈에다,  너무 귀엽습니다.  잘~ 알~ 생겼다",False,
@jambrota304,😍😍😍😍😍💙🤍❤💛💜,False,
@무림은자,"코나 눈이 엄마 닮아서 좋네, 인물값 하겠는데 <br>아따 고녀석 참 똘망똘망하군<br>잘 키우세요",False,
@뷰티-w1v,교체가아니고.교대입니다...,False,
@조현수-v1e,뜻만 알면 되지 꼭 지적하고싶을까?<br>좀 긍정적으로 부드러운 마음으로 예쁘게 봐 줍시다,True,@뷰티-w1v
@최재용-y4b,아따마 아가 고마 미남이네 저검마 빼박이다,False,
@윤영득-q5h,아들 잘 생겼습니다  자꾸 자꾸 보고싶네요 😊😊,False,
@김기선-e7r,❤👶🍼😊넘이프게생겼네❤🇰🇷🇺🇦❤,False,
@kizuna1661,"<a href=""https://www.youtube.com/watch?v=e3ADnNmgvAE&amp;t=330"">05:30</a>초 어디서들었나했더니... 월량대표아적심😂😂",False,
@user-ic6kn8le9f,눈이 큰아이 예뻐요^^ 건강하자 꼬물이 ❤❤,False,
@유리바다-c3w,어머나 <br>아기 예쁘네요,False,
@강호석-u6c,아기가 너무 이뻐요,False,
@응짜냥,중국산인가요?로보락?,False,
@유기도-b3t,참으로 행복한 가정이네요.!~~~,False,
@도다리-j6k,아이고 이뻐라,False,
@nolboo_korea,부성애 자극하는 썸네일,False,
@khr2944,힘내세요<br>응원합니다 <br><br><br><br>아가 너무 이뻐요,False,
@최창희-m9p,아이구 ~~준이  넘넘 잘생기고 총명하게 ~~<br>이담에 장성하면 효자아들 ~~~,False,
@권혁돈-s2d,천사네요 천사… 행복 하시겠어요,False,
@남김태광-b9j,천사,False,
@Emgold,너무 귀엽다 ㅠㅠㅠㅠ,False,
@DreamingTiger,아기와 함께하는 따냐는 세상 그 어떤 여성보다 아름답다!! 따냐 가족 모두 행쇼!!,False,
@오로-v3j,고놈 참 잘~생겼다 ^^,False,
@beautifulstranger425,울 조카도 저때가 젤 귀여웠던거 같아요… 물론 지금도 귀엽지만 ㅎㅎㅎ,False,
@장영호-r7h,"걍,,,,사랑스럽다,,천사,,아기,,건강하렴,준,,,",False,
@이동율-x2q,햐~~~ 고놈 😊<br>또롱또롱하게  잘 생겼다... ❤,False,
@KellyRoman,서천 할머니가 엄청 좋아하시겠네요...귀엽고 이쁜 증손자(장손?)<br>따냐도 귀엽움 받을거 같아요~<br><br>보기엠 손가락 상처도 거의 안보이는거 같은대 다행입니다.,False,
@데빌가브리엘,응원합니다.~~~,False,
@낚시조아-j9f,유아 모델 시켜도 되겠네요<br>아 그리고 아기가 귀여워도 <br>잦은 뽀뽀는 좋지 않아요<br>뽀뽀를 통해 무균이나 마찬가지인 아기는 어른 성인들이 가지고 있는 충치균과 <br>헬리코박터균이 옮겨가요<br>어차피 자연적으로 감염 되더라도 최대한 그 시기를 늦추기 위해 입 주변과 침이 닿지 않는 선에서 볼 뽀뽀정도로 귀여워도  자제 하는것이 좋습니다.,False,
@와트매직,우리 아이들은 27.23살인데 처음 저도 힘들었는데 따냐님도 점점 엄마로 변하고 계시네요 힘드시겠지만<br>그 힘든 만큼 더 행복한걸 보고 느끼실꺼에요 항상 응원할께요(준이 손은 어떤지 모르겠네요)<br>지난번 올랴님 영상도 잘 봤습니다^^,False,
@Chany-sm5ts,등.센서가 유난히 발달한 아이는 온.열기능있는 시트로 자리데워주고<br>그 위에 살짝 두툼한 배덮개 준비해서 뉘운다음에 배덮어주면 금방 잠듭니다.<br>제 아들도 그랬네요,False,
@ok-Eagles,응원합니다 ❤행복하세요,False,
@알프스하이디-e7m,아기를 눕힐때 바로 일어나지 마시고 엄마가슴으로 살포시 눌러주시다보면 금새 조용히 잠들거예요. 조용히 천천히 일어나시면 절대깨지않아요.,False,
@만호정-o9q,따나씨 아기 보느라 수고가 많네요.<br>준 잘 생기고 이목구비 가 뚜렸하고 잘 생겼어요. 일전에 준의 손가락 피가 멈추지 않는다며 병원 갔을때 많이 놀랐습니다.<br>다행이 오늘 밝은모습 보게 된것에 감사 합니다.,False,
@김영한-c4f,준 너무너무 예뻐요 <br>하루종일 같이 있었으면 행복한거 같아요 ...ㅎㅎ,False,
@처언성산,이쁘네. 참....,False,
@pkpkp4505,우크라이나 괴뢰들 싫다,False,
@beautifulstranger425,이런 사람 너무 싫당,True,@pkpkp4505
@dolmen321,니 중국산이지 아니면 북한 간첩!?,True,@pkpkp4505
@user-my9dq4bm9x,제정신이냐?<br>본인에 아버지에 아버지에 아버지 ᆢ올라가보면 이북이 고향인분  있을꺼다  그럼 빨갱이냐?<br>앞뒤없는 잣대로 함부로 말하는건 무례와 무지야ㆍ존중할줄 알아야 존중받는다는 진리를 기억해야됨ㆍ,True,@pkpkp4505
@박인환-i6g,넘 이쁘네요 눈도 크고,False,
@테오의하루-o3s,중국산이라 아쉽...,False,
@NERD8327,힘내라 타냐!!!<br><br>지지마라 타냐!!!,False,
@함박눈-c4c,아공...귀여워라...........^^,False,
@sound_of_bugle,아이고~이쁘라,False,
@유성남-w8s,고뇨석~참~짤쌩겼따~~요❤❤❤❤❤❤❤❤❤,False,
@조주현-o6p,"헉!!! 세상에 저런 잘생긴 아해가 있다니! 두 분 대한민국의 큰 동량을 탄생시키셨습니다.<br>용모는 물론이고 따냐 닮아 인성<br>훌륭하군요~ 신언서판,<br>신체와 말솜씨와 글재와 판단력을 두루 갖춘 글로벌 인재로 키워 주셔요~♡ 고마워요~ 따냐~♡",False,
@예봉태-z6j,아기가 참으로 귀여워 😍 보기 좋아요.🎉🎉🎉,False,
@달님-f2i,날이갈수록 점점 더 너무 귀여워지는 준이ㅠㅠㅠ준이 보러 계속 틀어놔요,False,
@멋쟁이-d2s,국산품 애용 많이 해주세요,False,
@꿀곰-b8x,18년전 울아들 태어났을때 밤낮이 바뀌어서 낮에 일갈때 자고 밤에 울고 이러다 죽겠구나 했는데 100일이 되자마자 기적같이 밤낮이 돌아오더라고요. 사람 죽으라는 법은 없더라고요. 육아하시는분들 대단하십니다. ^^,False,
@kihyunkim3452,눈 물이 막....,False,
@k시민-p5r,오  벌써 눈이 뗑그래 하내요 넘 귀요미,False,
@mgkim522,아기가 넘 귀엽네 ᆢ❤❤❤,False,
@장석서-e1r,아고 귀여워라. 건강하게 무럭무럭 자라렴,False,
@정영수-r6t,한국사는 따냐 <br>Большое спасибо <br>너무잘생긴 아들 ㅡ<br>그아이는 앞으로<br>대한민국을 대표하는 <br>큰인물이 될것입니다 <br>아빠 엄마 <br>잘키워주세요 <br>Очень хорошо <br>Мой Казахстан <br>Алмата <br>우리아기 화이팅입니다 😂🎉,False,
@김성일-k9o,"청소기 좋아요,",False,
@LENOUVEAU2017,러블리 ❤축복합니다 ❤,False,
@이리-v6d,어우~ 천사가 따로 없구나~ 너무 이뻐~~~ ㅊㅊ,False,
@애니사랑-x8y,아기 손은 많이 좋아졌나요????,False,
@박영용-c4o,음 <br>큰일났네<br>지금까지 유튜브의지분이 따냐90  윤10 이였는데<br>이제 준60  따냐35  윤 5 로 바뀌었고<br> 곧 준 90되면<br>한국사는 준으로 채널 바꿔야할까?<br>마따  올랴도 있구나 ㅋㅋㅋㅋ <br>암튼 지분싸움에  우리는 더 재미나고<br>즐거운영상 많이 볼수있겠구나<br>준이 묵고자고 묵고자고 건강하게 자라고<br>따냐 윤님 스트레스받지말고  즐거움으로<br>다복하고 행복가득한 가정으로 그렇게 오래도록 사랑하시길..!,False,
@hmnck4553,자알 생겼다^^,False,
@eddpark7169,아기가 설 잠 들었을땐 팔다리 안 움직이게 타올로 누에 처럼 말아주면 잘자요 ㅋㅋ 기저귀 천이 제일 좋긴 한데 요세는 안쓰니까요,False,
@일당백-c7j,어디가도 이런 영상 보기 힘들어요. 진짜 리얼 이네요,False,
@여조순덕-c8i,한국어는 저절로 알게 됩니다. 가능하면 엄마 모국어도 가르쳐 주세요!,False,
@speakupyt4900,오지랍!,True,@여조순덕-c8i
@허근범-e6s,왜 이렇게 이뿐거여<br>환장하것네 ?,False,
@둘레길-z6s,👍👍,False,
@남길을묻다,아 준이 하품할 때 따라서 하품하고 <br>웃을 때 같이 웃고 있다. <br>정말 이쁘다,False,
@불효자-e2e,소중한 영상 감사합니다.<br>가족분들의 건강과 행복을 기원합니다. 응원합니다.,False,
@김상수-r4w,애기가 무럭무럭  잘 크고 있네요❤😂🎉애기하고  행복하세요 🎉홧팅 😂쵝오😍😍😍😍😍,False,
@maritimejaco5832,COOL,False,
@하늘을찌르는짬,울아가 엄마 닮았네~^^ 건강하게 자라렴~~♡,False,
@김범식-x9x,아기는괜찮아요 초보엄마래서 조심을해야됩니다 따냐씨 너무걱정마세요 잘 클겁니다 힘내시고 행복하게 잘사십시요,False,
@정운권-j2p,내손주가 준보다80일 늦게 나왔어요^^준보고 배우고이씀^^,False,
@조당현,부러워요  행복하세요.,False,
@바다소리-o5e,애기가 보는것 만으로도 행복할 때네요.,False,
@시나브로-d7r,에겅 애기 참 이쁘네요^^,False,
@wdfs2,손은 어때요? 손 상태좀 보여주세요,False,
@허정자-z7i,아기가 너무 이쁘요 ❤❤❤,False,
@주애숙-h2v,아가~~~~❤❤❤<br>넘 이쁘고 건강해 보여요<br>축하축하 행복 하~~세요😊😊😊😊😊,False,
@그래서뭐어쩌라고-t5g,내가충고한마디하지<br>애하고 개하고 명태는 무조건 두들겨 파야하능겨,False,
@이동욱-y9m,뭔개소리야,True,@그래서뭐어쩌라고-t5g
@omsen2371,내가 충고 한마디하지 너나 잘하세요,True,@그래서뭐어쩌라고-t5g
@동조최-g5w,헛소리  줌 하지마세요,True,@그래서뭐어쩌라고-t5g
@hftvdrgsegftfhtdfg,이런 새끼 보면 무조건 신고 눌러요.한심하고 벌레같은 넘,True,@그래서뭐어쩌라고-t5g
@여말괄량이,와~. 많이 컸네요^^~  아빠가 많이 도와 주시는 모습 너무 보기 좋아요😄.,False,
@kyunghoonkim8412,요거 아주 잘생기고<br>이쁘네 재미나게<br>잘키워요,False,
@dolmen321,립서비스가  아니고 그넘 참 잘생겼다 건강하게 무럭무럭 잘 자라거라^^❤🎉,False,
@김종석-j2j,^^*  방가워요,False,
@김종석-j2j,^^*  방가워요,False,
@우현곤-v3r,똘망똘망 넘 이쁘네요~ 건강하고 총명하게 잘 키우세요~^^,False,
@현진-y2z,요즘갓난아기보기 힘든세상인데 영상으로보니 너무좋네요 귀욥고 잘생겼네요~ 건강하고 예쁘게키우세요~,False,
@담화린-k6g,따냐 뱃속에 남자애라고 울때가 엊그제같은데,False,
@가람-n2e,따냐님👍👍,False,
@lmssoo,너무 귀엽고 이쁘다. 너무사랑스러운 아가! 까꿍❤,False,
@kevindevaojoo8882,"한국인들은 1910년이후<br>100년넘게 철저히 가짜 역사로 세뇌돼서 <br><br>내 말이 미친놈 소리처럼 <br>들리겠지만 <br><br>우크라이나는 고구려 광개토대왕이 거란족을 정복하고 고구려 땅으로 <br>복속시킨 지역입니다 <br><br>당시 쿠리(코리 =코쿠리 <br>===고구려). 중심지는 <br>현재 만주가 아니라 <br>중앙아시아 였습니다 <br><br>1880년이후 영미프 유,대자본 세력이 중앙아시아 코리안 역사를 철저히 지우고 <br><br>한중일 하수인들 동원해서 <br>코리안 역사 영토를 반도와 만주로 100분의 1로 축소 시킵니다 <br><br>현재 우크라이나 코사크 족은 <br>바로 거란족과 슬라브족의<br>혼혈 입니다<br><br>우크라이나 슬라브족은 수백년에 걸쳐서<br>이 거란족과 그 후<br>이 땅을 지배한 Tatar족과 <br>피가 섞이게 됩니다 <br><br>따냐의 아기가 <br>백인보다 코리안 외모에 훨씬 <br>가깝게 태어난 이유는 <br><br>이처럼 우크라이나인 상당수가 백인처럼 보이지만 사실 고대 거란족이나 <br>아니면 타타르족 피가 조금씩 <br>섞여 있기 때문 입니다<br><br>타타르족 시조가 Tatar khan이란 사람인데요 <br>이 Tatar khan은 고구려인 <br>“”””을지 설 각간 (을씨 카한)””의 아들이며 <br><br>고구려 태태로 가문인 연개소문의 할아버지<br>“””연 아달라 “”입니다<br><br>즉 연개소문은 원래는 <br>고구려 을씨 후손이고 <br>을지문덕 장군의 증손자로 추정 됩니다 <br><br>고구려 멸망 후 이 연개소문 후손 부족은 대조영 세력에 의해 서쪽으로 축출되며 <br><br>현재 남러시아와 우크라이나 지역으로 이주해 <br>태태로족이<br>=&gt;&gt;&gt;&gt;타타르족 으로 <br>발음이 변형됨<br><br>우크라이나는 “””””우크라 “”<br>의 나라. 라는 뜻인데 <br><br>우크라는 그 어원이 <br>“”””코쿠리 (고귀한 쿠리)””<br>====고구려. 라는 뜻 입니다<br><br>고대에 광개토대왕의 영향력이 동부 중부 유럽에선 <br>거의 신적인 존재로 여겨졌고 <br><br>그 영향으로 아직도 고구려가 <br>국가이름으로 된 것입니다 <br><br><br>고구려의 고대 중앙아시아 발음은 쿠리 (코리). 였는데 <br><br>앞에 “”고귀한 “” 의 의미로 <br>코를 붙여서<br>코쿠리 라고 했습니다 <br><br>나중에 지역에 따라서<br>쿠리는 <br>=&gt;&gt;&gt;쿠르, 구르, 구리, 고리,<br>코라, 굴리, 골레, 고레,<br>후라, 후르, 후리,<br>우라, 우르, 우즈, 고려 <br>등으로 변형 됩니다 <br><br>그중에 하나의 변형이<br><br>코쿠리 =&gt;&gt;호쿠리 <br>=&gt;후쿠리 =&gt;후크라 =&gt;&gt;<br>우크라(혹은 우글레)””<br>로 변형 됩니다 <br><br>우크라이나 군대 상징 삼지창도 그 원형은 고구려 <br>군대 상징이 삼지창이죠 <br><br>고구려 후손인 타타르족이 이걸 계승한거고 <br><br>물론 순혈 타타르족은 <br>거의 다 제거 되었습니다 <br><br>현재 우크라이나인이<br>고구려 후손은 아니지만<br>고구려 광개토대왕과 <br>그 후손 타타르족의 영향이 <br>그만큼 컸다는 것이지요 <br><br>현재 우크라이나 권력층은 <br>영미프 유,대세력과 결탁한 <br>유,대인들과 나치세력 입니다<br><br>이들이 영미프 사주를 받아서 <br>같은 슬라브족끼리 서로 죽고죽이게 이미 20여년 전부터 전쟁을 기획해 왔습니다<br><br><br>한국전쟁도 그들이 한반도를 분단시키기 위해서 중공과 짜고 기획한 전쟁 쑈 였지요 <br><br>현재 우크라이나와 러시아도 <br>그들이 한반도에서 써 먹은 <br>수법에 똑같이 놀아나서 <br>같은 슬라브족끼리 죽고죽이는 것입니다 <br><br>전쟁이 계속될수록 영미프 <br>유,대세력만 뒤로 돈을 챙기고 우크라이나인은 <br>수도없이 죽어 나갑니다 <br><br><br>우크라이나 인들이 <br>더이상 영미프 유,대자본 <br>꼭두각시 젤렌스키 같은놈들에 놀아나지 말고 <br><br>빨리 전쟁을 끝내야 합니다",False,
@bulsoman3952,젤렌스키 이놈은 한국으로 치면 일본놈이 한국 대통령된거나 같음...몇개월전부터  전쟁 날거 알고 있었으면서  국민의 안위를 지킬 생각하고 줄건 주고 받을건 받으면서 내실을 다지고 강해진다음 전쟁을 하던가 말던가 해야지 쥐뿔도 없는데 서방과 미국만 믿고 까불다가 이모양 이꼴 난거임...거만한새끼  미안함도 모르고 맡겨논 무기마냥  달라는 꼬라지가 진짜 꼴도보기 싫음...불쌍한건 우크라이나 국민들이지 저놈들은 손해볼거 하나도없음....,True,@kevindevaojoo8882
@suokkim7576,"아들이라 엄마 닮았어요.<br>이집은 남편이 요리하고<br>따냐가 빨래 ㆍ청소 한다는데<br>내딸 ,사위하고 반대예요.<br>요새는 각자 잘하는걸 해서 좋아요.<br>내 시대는 아내가 다 했었죠. ㅜㅜ",False,
@김수윤-h5b,배 마사지 해줄때는 시계방향으로 해줘야해요. 안그럼 장이 꼬여요. 준이 정말 예뻐요. 따냐같이^^ 이쁘게 잘자라거라🍀,False,
@rydrhkwbffl9349,아기가  힘좋게 보이네~😊😊  골격좀바 ~~~,False,
@영빠-y5h,우리 쭌이 생글생글 웃는게 너무 예쁘네요...로봇 청소기 고민했었는데 이것보니 탐나네요...주문해야겠어요^^,False,
@moonwaterj2987,"아기 키울 때 힘들지 모르나,  지나고 나면 그 때가 제일 행복할 때 입니다.",False,
@임덕호-e8p,요번에 출시된  한국 제품  홍보들어왔으면 더좋으련만  안타깝네요 살균까지,False,
@깡바우,떠나님 이국땅에 와서  든든한 아들 품안에 있어  행복해 보이네요,False,
@강문호-i1l,아기가엄마 따냐를 똑닮아네요❤❤❤❤,False,
@JALSALJA2058,너무 귀엽네요...!!!,False,
@김관수-l9y,따냐는참!착해~,False,
@이은자-f5q,이뻐 너무이뻐요😂😂😂,False,
@박종진-i4b,우크라이나 이름은 뭐예요~,False,
@전형모-o5p,젤렌스키😂😢😅,True,@박종진-i4b
@Gamulci-v6o,따악~~~아기가 엄마 닮았군요.  <br>너무 이쁨니다 😂😂😂😂,False,
@마리오-t2t,4~5개월만 참으세요~~<br>그때는 통잠 잘거예요~~,False,
@코노맨,첫 화면 보자마자 느낀건<br>부모는 아이가 눈동자로 보는 인생의 첫 거울 인것같다,False,
@남궁현-p1x,오늘 준이 분량이 엄청많네요. 귀여운 준이 얼굴 많이 볼수 있어서 좋아요. 정말 잘생겼어요,False,
@박현숙-e4e,아기 넘 잘 생겼어요  .<br>아기 엄마 도 착하고 복덩이 가족이 네요 .<br>행복 하십시요 ❤❤❤❤❤❤,False,
@gunwookim2624,"참고로,,,,공부지옥!!!<br>옹알이시작과,  책&quot;<br>니도!  나라선택을  잘못했네!!!!!",False,
@dolmen321,ㅋ 프하하😅,True,@gunwookim2624
@snowball6177,정말 너무 예쁘다,False,
@이범석-c5i,많이컷네요 남아 라서 그런지 아주 떡두꺼비네요 장군이 쭌~~~,False,
@DaeJinHan,엄마랑 판박이네요 ㅎㅎ,False,
@user-ci9sp1gt3p,잘생긴 준 도련님 나왔네❤❤,False,
@요미-l1b,아고 이뻐❤❤❤,False,
@김유미-w5n,아기손다친거는 괜찮아요   걱정되네요,False,
@hs-kh7bf,애기가 너무 예뻐서 한번 안아주고 싶어요 <br>따냐 종일 애기랑 행복하네요 <br>할아버지 할머니 얼마나 좋아하실지 ..<br>건강한 가족의 평화로움이 아름답습니다,False,
@김지태-r1w,로보락 위험한데 <br>사용 안할때는 카메라를 가리세요.,False,
@Attached123,시어머니 또 왔네,True,@김지태-r1w
@wookslee7873,너무 귀엽다 :D,False,
@로이롤스맨,백일섭 아저씨 닮았는대 ㅋㅋㅋ,False,
@yanghapark2791,100 일 된 애기가 왜 이리 이뻐요?.....,False,
@게으른마누라,잘생겼다 이제 농구팀 만들자 <br>남자의힘좀 보여주셈,False,
@고무다라이-o2s,이눔자식 왤케 귀여운거야<br>앙.깨물어주고싶따 ❤❤❤❤,False,
@WINGS-OF-FREEDOM,아이 예뻐요❤,False,
@DK_golf,엄청 이쁘네 ㄷㄷ 눈 큰거봐 !! 건강히 자라렴,False,
@ho-minchang72,"욘석 아주 이쁘네^^. 할머니, 할아버지께서 얼마나 좋으실꼬.  감기 걸리지 마렴.",False,
@소나이-z6j,귀여운 아기때문에 심장폭행당해서  합의금 요구합니다😍,False,
@sarahan4778,피자 손잡이 ㅎ ㅎㅎㅎㅎ 저도 테두리는 안 먹고 떼어 버려요.,False,
@asoto7230,"인형이 움직인다... 천사가 진짜 있었구나,,,,,",False,
@김따로티,크믄 물건되긋네 ㅋ,False,
@전병우-m5v,무겁다** 그런표현은  하지 마세요^^  많이컸네. ~,False,
@정기정-i3b,넘 귀여워요 건강하게 쑥쑥 자라길 바래요,False,
@현식이-t6t,💜🖐️안녕💞💓💖🎂🍀💐💐💐,False,
@지니-x7o9y,너무너무너무너무 귀여워용♡♡♡♡♡,False,
@이명욱-s5f,애기가 너무 잘생겼네 너무 예뻐요 엄마를 많이 닳음것 같은데😍😍😍,False,
@수영오-h7g,에고 이뻐라 이제제법 옹알이도 하네요!!!!!!!!!!!! 애기 키우기가 엄청 힘들지요 그래도 항상 응원합니다 화~이팅,False,
@nohsee1807,준이 넘 이쁘게 생겻네ㅎ 넘 귀여워요,False,
@user-hpkxzlsk554,에구  예쁘다~~❤🥰❤,False,
@sarahan4778,귀염뽀짝 아구구 이뻐요,False,
@임정빈-i5c,떡두꺼비 ㅋ,False,
@채정안-l9h,윤님이 정말잘하네요,False,
@BGH-py8jt,고놈 참 잘생겼다.,False,
@시공간행-e2w6l,준이도 이제 2개국어 장착인가요? ㅎㅎ😘,False,
@박종진-i4b,와~~~<br>완전 따냐씨 똑같네요 잘 생겼어요 ㅋㅋㅋ <b>^^</b>,False,
@mabu777,아기 정말예쁘네요❤❤❤❤❤,False,
@송종희-s3n,"우리 준은 엄마.아빠 피를 이어받아서. 3개 국어는 참,쉽죠..?하겠네? 잘,크서 훌륭한 사람되라?!",False,
@정혜빈-g1g,우헤헹 밥먹으면서 봐야쥐이,False,
@promisedays,"우크라이나에게 평화를!!!!!!!, 따냐에게 행복을!!!!!!!<br>준에게 축복을!!!!!!!, 윤에게 화이팅을!!!!!!!",False,
@KKS-r9f,엄마랑 똑닮았네요.자~알생겼다.👍❤,False,
@최지혜-c1g,벌써 백일이라니 !^^♡,False,
@nextValueP,선추 후감상,False,
@최지혜-c1g,아이고 이뻐라,False,
@Loon66666,윤씨나 따냐씨 한참 힘들 시기 이네요 힘내시고 화이팅 하셔서 이쁘고 잘생긴 준이 튼튼 하게 키우시길😄😄😄,False,
@수정해,아이고~~~~~^♡^<br>똘망똘망    귀여움 한도초과입니다,False,
@이말연-n2n,따냐 시집잘왔네 신랑이먹고싶어하면 척 해주고남편이심성이고운사람같아요~~,False,
@천수경-h4v,와우!!어찌 저리 잘생겼나요~~넘넘예쁘네요~ 준이 엄마 아빠 홧팅!!힘내세요~~💜💙,False,
@김용수-j1g,준이 손? 예뻐요,False,
@oscall1,아구~ 쭌이 넘예뻐요❤,False,
@sarahan4778,"오지랖일지  모르지만 스팸은 너무짜요.모유수유하는 산모는 먹지않는게 좋을거같아요.엄마가 먹는 음식이 아기가 먹는거라 생각하시면 될듯,옛어른들은 모유수유하는 엄마의 음식은 절대 짜게 안먹었데요.짠음식 금물이었데요.",False,
@이숙희-e1h,스트레스받는것보다는 엄마가 행복하고 긍정적인게 나아요 좋은음식 먹겠다고 만들고 따지고 피곤하고 스트레스받을듯요,True,@sarahan4778
@jsl1806,크면 진짜 잘생겨질듯,False,
@유지웅-o3y,눈이 엄마를 많이 닮았네요 ㅎㅎ,False,
@김진희-l5m6f,준이 벌써 백일됫네요ㆍ보면볼수록 <br>넘 잘생겻어요ㆍ오쩜 요래 이목구비가 하나하나 잘생기셧나ㅋㅋ 앞으로두 건강하게 잘커야햐,False,
@smcha9753,아이구 ~~ <br>이뻐라~~!!! <br>아기는 모두 나라의 보물입니다.,False,
@이재덕남-n2y,"준엄마  조금 노련하셨구나, 준! 예쁘다. 멋있구나!<br>준 아빠  화이팅입니다!<br>준엄마! 준아빠! 부르세요!",False,
@yeonjung8144,천사가 나타났네요!!,False,
@조선나이키-v1j,아이고 그렇게 울어 쌓더니 이제는 방긋방긋 잘도웃네?? 다컷네 다컷어😊,False,
@이말연-n2n,다냐도이쁘고 애기도이쁘요사랑마니하고 행복하셔용,False,
@a630116,아기가 참 잘생겼다.,False,
@이도-i6y,준이가  안아주는것에 손탓듯  안아줘야 안우네  어릴떄 너무 안아주면 계속 안아줘야하는데 나중에 크면서도 걱정되네 혹시 올리버샘 영상보시면 체리키울때 키우는것 보시면 많은 도움 되실듯하네요  그리고 이사벨 아빠는 외국 살면 정말 배워야할점들 많아요  올리버샘 체리영상 어릴떄 키우던 영상보시면 정말 많은 도움 될듯하네요,False,
@aisiteru0228,집집 마다 애기 키우는 노하우가 다 있겠죠..윤 부모님들도 계시고 윤이 바르게 자란 거 보니 별 문제 없어 보이는데요 ㅎㅎ<br>남 가정이 그렇게 키운다고 따라 키우면 그게 올바른 가정 인가요?,True,@이도-i6y
@브루스리이,가수가 되려나!     목청이 장난이 아니네.,False,
@빡소-v2c,와.. 진짜 애기가 너무 이뻐요,False,
@은하수아줌마,아이구 이뻐라~~^^ 이렇게 막 예뻐도 되남유?^^❤❤❤,False,
@희망사항-g3r,"이목구비가 뚜렷, 넘 이쁘네요",False,
@상문강-t8w,잘생겼다!❤😂🎉,False,
@김효찬-d1s,눈이 똘망똘망하네요<br>장래가 촉망될듯,False,
@pcspark2311,"참 이쁜 아가, 참 이쁜 부부네요",False,
@SKY-h2v,애기 얼굴에서 따냐 얼굴이 보여요 ㅋㅋㅋ,False,
@sarahan4778,역시 아가는 잘때가 젤 이뽀 ㅋㅋㅋㅋㅋ,False,
@INFANTE-je6zo,정말 예쁩니다.<br>다시한번 더 축하드려요~~<br>남편분이 전생에 나라를<br>두번 구한듯 싶습니다.,False,
@떡복어,똘망똘망 눈이랑 눈썹이 엄마를 많이 닮았네요 ㅎ 아빠얼굴은 안봐서 모르니까 안닮은걸로........ㅋㅋ,False,
@sarahan4778,이제낯가리기 시작.이뽀~~~틈틈이 쭉쭉이 자주해주세요.만세 자세로 위에 손부터 발까지.발바닥 간지럼타도 발바닥도 살짝살짝 마사지 해주세요.감각 자극이 애기한테 좋데요.무쟈게 이쁘네요.,False,
@동네바보형-e3b,따냐. 광고 축하드려요🎉 준이가 너무 예뻐요. 웃는모습이 방긋도 아니고 벙긋벙긋 크게 웃는게 준이 웃는모습 보고있으니 저도 같이 웃게되네요. 육아한다고 윤하고 따냐 많이 피곤하고 힘들겠어요. 그래도 사랑스러운 준이 보고있으면 힘들고 고된것도 다 잊을수있을거같아요.따냐 한국생활 시작한거부터 이제 준이 엄마가된 과정까지 함께 할수있어서 저도 행복하고 기뻐요. 앞으로도 윤과 따냐.준이 모두 건강하고 행복하게 성장하는 과정 길게 오래동안 함께하고 싶어요. 오늘 너무 예쁜영상 감사합니다. 따냐는 사랑입니다❤❤❤,False,
@korea-ph8ch,살다 살다.이렇게 예븐 아기는 처음보네..아기 준 진팬이 되었네요^^.감사 감사,False,
@jonari1,이영상을 사춘이 아들녀석이 좀 봤으면..,False,
@이이규은-d5g,애기가똘망한게갈수록더멋질겄같아요😊😊😊😊😊😊😊😊,False,
@한창수-u7u,정말 잘생겼다,False,
@오리너굴-z2p,기여워요~~~~~~~!!!,False,
@김야르-c2k,기여워 ㅋㅋㅋㅋㅋㅋ,False,
@공인인중서-e7w,오 너무 이뻐요 아기ㅋㅋㅋ너무 사랑스러워요ㅋㅋㅋ,False,
@windcho2624,오구!<br>이뻐라!<br>이목구비가 또렷하네,False,
@옥희김-t3q,아기가 너무너무 잘생겼네요❤❤❤❤,False,
@옹달샘놀이터,"준이 예뻐서 계속 보게 되네......,",False,
@eoddl0,준이가 벌써 100일이라니..,False,
@수꿔높스끼,손가락 다치기 전인가요?<br>다친 손가락은 잘 나았나요?,False,
@남궁현-p1x,손가락 다친후 인듯하네요  100일이니 그전영상은 의사가 몇개월이예요 물으니 2개월요. 지금은 100일영상,True,@수꿔높스끼
@disto7499,넘넘 귀엽고 이쁘잔아~<br>고사리손<br>넘 빠른 조기교육 아닌가요 ㅎ,False,
@s7v-s04j,아이 귀여워라 눈도이쁘고,False,
@휴지마루,ㅋㅋㅋㅋㅋ 와  엄마랑 쌍둥이???,False,
@ufoseti,대왕 미남이네요,False,
@jaeseungjeon8919,아가야 무럭무럭 자라라,False,
@채정안-l9h,우리 준이 귀욥고 진짜 잘생겼다<br>보고있기만해도 힐링되네<br>건강하렴,False,
@장진규-o1p,아기가 너무예쁘네요 🎉,False,
@느림보라이더,아기가 엄마를 많이 닮았어요,False,
@세비-e9l,이쁘다. 역시 혼혈이 유전자가 좋은것 같음..,False,
@윤형식-n2g,애기 너무 잘 생겼어요&#39; 사내답게 윤곽이 모두 커다랐네&#39; 둘째가 딸일 경우 얼마나 더 이뿔까  기대되네요,False,
@auainno,동서양 조화로운 이쁨 이로다.<br>어허와 둥둥~~,False,
@박노향-s3l,너무 너무 잘생겼다 백일 축하합니다,False,
@민주강-i6i,아가  눈이 크고  진짜  잘생겼네. 멋져요,False,
@하나-i3l,이뻐죽갔네❤,False,
@jjang10,"너무 너무 너~무 잘생겼네요, 어쩜 이렇게 잘 생겼을까요",False,
@krystarkay7395,우리 준이 눈이 어쩜 이렇게 이뻐요?너무 이쁘당❤,False,
@엄지엄마-d4f,넘 이뽀~~~이렇게 유전자가   이쁠줄~~~축하혀유  동생도 기대해유♡,False,
@도메인-g5i,아니 애가 왤케 밝아...;; 엄마닮아서 그런가 아가가 밝다. 예쁘게 건강하게 자라기를~,False,
@마리마리고마리,순하디 순한 천사😊,True,@도메인-g5i
@won1day217,준이 진짜 잘생겼어요 !!! 🍀,False,
@질주82,어쩜 이렇게 애기가 이쁠까요?? 귀여워~~~~~~~~~~~,False,
@AkAk-ui2ou,우와….로보락청소기대박👍🏻,False,
@하늘메롱-k2r,어머 아기 진짜 예쁘네요ㅎ,False,
@최우석-v5x,신생아 잠투정 기간 지나고 나니 잘생긴 순둥이가 떡~  ^^<br>부부 둘다 고생 많았어요 ㅎ,False,
@개호주sun,뭔 애기가 눈이 저렇게 크대~<br>연예인 시켜야 쓰것네<br>준이 할아버지 할머니 심장 아작나거써요,False,
@손철민-g4y,준이 눈이  너무 이쁘내요....ㅋ,False,
@설지민-y1h,100일 축하 합니다❤<br>미남 예약이요<br>준이 넘이뻐요<br>모태미남 준❤,False,
@최준태-x5h,어찌  저리  이뿔까 !<br>넘 사랑 스럽네요 !❤,False,
@달마-u9w,"로보락이 구석까지 청소 잘 하네요~<a href=""UCkszU2WH9gy1mb0dV-11UJg/ssIfY7OFG5OykQOpn4CQCw""></a><a href=""UCkszU2WH9gy1mb0dV-11UJg/JAJ1XpGpJYnW8wTupZu4Cw""></a>",False,
@jae3978,쭈니~~~~~엄마덕에 한국서 트라이링궈되것네요~~돈 굳었ㅇ습니다~~^^😊,False,
@민경준-x3j,준이 할배는 얼마나 좋을까? 손주는 인연으로 만난다는데....,False,
@juni-pz4ss,진짜 아기천사네 ㅋㅋㅋㅋㅋ,False,
@모모-w9q,와 참 시간이 빠르네,False,
@노민선-x1o,눈이 똘망똘망 하네요   너무 귀여워요 ^^,False,
@chuneejal6389,와! 애기 너무 귀엽다 정말!!!,False,
@우길호-i5n,"아기 너무똘망똘망하네.건강하게 잘자라거라.100일 축하해요,애기씨.",False,
@postgres2981,애기가 참 귀엽고 기본적으로 웃는상이네요,False,
@옹야-d7h,준이 천재구나~~~란 단어가 수시로 나올때죠~ㅎㅎㅎ😂😅<br>준이 얼굴만 봐도 이렇게 미소가 지어지는데 할아버지 할머니는 오죽할까요~~😊😊,False,
@송종희-s3n,"이번,메인.화면. 얼굴과 분위기를 왜? 이렇게 했는지?,,",False,
@마린캅스-v4c,"아이구 예뻐라. 엄마랑 많이 닮은 것 같네, 손가락 다친 것은 치료 잘 되었나요.",False,
@영삼김-g3g,아이고~~눈이  땡굴하니  훤~~~하네  ㅎㅎ,False,
@Imshkeem,귀야워귀여워귀여어!!!!!!,False,
@양s-n1i,영상기다렸는데  올라왔네요  준이다친건 어떤가요,False,
@남궁현-p1x,상처 밴드 없는거 보니 다 치료된듯 하네요,True,@양s-n1i
@김종오-d6f,그놈 잘생겼네 한 인물하겠는데 .,False,
@멋지고싶은놈,왜알림이 안울리지😅,False,
@제발공명,백일이 되니 귀엽게 잘 웃네요 아가 손이 큰 것 같은데 힘이 좋겠네요,False,
@고독한낚시꾼-l6o,아고~벌써 아기천사가 태어난지가100이 되었나봐요 100일축하를 진심으로 축하드려요🎉🎉🎉,False,
@포매-p1z,정말  이쁘다 ~~ ㅎㅎㅎ,False,
@송종희-s3n,"준 이가 천재네 벌써,책을 읽다니? 아이고 귀어워라!",False,
@dolmen321,😂😅,True,@송종희-s3n
@user-ll9kf4uj8t,너무 예쁘구 귀여워ㅠㅠㅠㅠ따냐가족 행복하세요❤❤,False,
@Happysta1,준군 너무 예뻐...,False,
@5년후이강인,아따 잘생깃다 혼혈 왕자,False,
@아빠-i4l,준씨 에궁이뻐라 백일 축하합니다 다친 손가락은 괜찮은가요?,False,
@서성용-x5n,볼떼기.....ㅋㅋㅋㅋㅋㅋ,False,
@이지훈-w9h,준이 많이 컸네요. 잘보고 있습니다~,False,
@서성용-x5n,아 너무이뻐...ㅋㅋ,False,
@김기남-b2p,따냐  파이팅입니다 애기 너무너무 사랑 스럽다 ❤❤❤❤,False,
@태균노-q2w,준이 많이 큰편인거 같네요.건강하게 잘 자라고 있어서 너무 다행입니다.앞으로도 항상 예쁘고 건강하게 자라길 바랍니다,False,
@파라호-i5q,준이 많이 컸네요  백일 축하드려요,False,
@218jennypenny,애기 웃는데 왜 나도 웃고있냐?? ㅋㅋㅋ,False,
@jeus-minjuzzang,준이 진짜 너무 예뻐요 엄마는 예쁘고 아빠는 뵌적은 없지만 잘생겼을거 같네요 아이보니깐 그런 촉이 옵니다 ㅎㅎ<br>아기보는게 쉬운일이 아니에요 그래도 따냐님 윤님 잘하고 있어요  화이팅❤❤❤,False,
@brandonroy8643,쪼꼬만 얼굴에 눈코입이 크게 다들어있냐 ㅎㅎㅎ 귀엽,False,
@박정용-b4z,준사랑한다❤❤❤🎉🎉🎉,False,
@free___man,아이구 이뻐라,False,
@iseulmomhan7797,"벌써 100일, 축하해요... 귀엽다...",False,
@marcusparker3379,준아~ 행복하게~ 이쁘게 커야 해~,False,
@정호-z5b,아고 아고❤ 이뻐라.<br>건강만 하거라.<br>대한민국의 자손이다.<br>워~예~  ❤❤❤~,False,
@쌈쏘,넘 예뻐요 아기 ㅋㅋㅋㅋ,False,
@이병태-z1h,와~애기 이뿌다.,False,
@태균노-q2w,준 너무 예뻐여,False,
@기파랑-y1x,4  ^^<br>오호  준이  미남일세....^^,False,
@장시영-k8w,백일  축하합니다 ~^~^,False,
@올리브-w8t,1등,False,
@sssssnah,❤,False,
@한량-v7g,또 일등!,False,
@tanyainkorea,"막힘없이, 엉킴없이, 강력하게! 🤠로보락 QRevo Curv <br><a href=""https://m.site.naver.com/1xvyv"">https://m.site.naver.com/1xvyv</a><br><br>제품 특징<br>막힘 없는 청소 : 최대 4cm 문턱도 신기술로 뛰어넘어 막힘 없는 청소 <br>엉킴 없는 청소 : 메인브러쉬, 사이드브러쉬 신기술 도입으로 머리카락 엉킴율 0%!<br>강력한 청소 : 사각지대에서 뻗어나오는 2종의 로봇팔로 모서리와 틈새까지, 18,500RPM 최대 흡입력으로 청소<br>간편한 유지관리 : 물걸레 세척은 기본, 75도의 온수세척으로 AI가 깨끗해질 때까지 세척",False,
@Helen-ts3gt,"혹시 준이가 하고 있는 손장갑? <a href=""https://www.youtube.com/watch?v=e3ADnNmgvAE&amp;t=690"">11:30</a> 인데 치발기 대용품(?)도 되는 거 <br>제품명 알수 있을까요? <br><br>곧 조카가 태어나는데 <br>귀엽고 실용적인 선물 하고 싶어서요 ㅎ",True,@tanyainkorea
@김연옥-m7c,애기 손가락 다 아물었나 봐요🎉 안아만 달라고 하니 완전 손을 탄거 같네요 큰일이다😂 ㅋㅋ,True,@tanyainkorea
@antenna..,부부가 알아서 잘하시겠지만 어릴때 부터 올리버쌤님 아이들 처럼  한국말 우크라이나말 자연스럽게 말하시면서 알려주면 좋겠네요 😊,True,@tanyainkorea
@antenna..,그런면에서 떠녀님은 아이랑 우크라이나 언어로 소통하면 좋겠어요,True,@tanyainkorea
@Jokyunnhwan,"로봇 청소기 고르는중인데,,너무 너무 많아서 혼돈의 세월중,,,",True,@tanyainkorea
