author,comment,is_reply,reply_to
@쑤-s1m,아 진짜 너무 예쁘다,False,
@qm1wemfjr2,카리나메이크업을 했는 데 왜 김채원 같지?<br>근데 그냥 혜리메이크업이 훨씬 잘 어울림,False,
@임무현-u7e,와 메이크업 전문가는 다르구나…,False,
@밍이-p4l,역시 아이돌이다 싶음 <br>걸스데이 활동때 혜리 제일 좋아햇음 🥺,False,
@notmyname3556,"For Hyeri, I really don&#39;t think she needs the eyebag makeup, she alread have real eyebag, overdrawing it makes her eyes look swollen.",False,
@hy-iu1wz,혜리나 너무 예쁘다.. 근데 혜리는 화장 어떻게 하든 다 예쁜거같아요 😂😂 영상에 나오는것처럼 걸스데이 눈화장 진하게 한것도 기억나고.. 수수한 화장도 예쁘고 놀토에서 어떻게 나와도 다 예쁘구😢😢 쌩얼이 예쁘니 뭐든 안예쁠수가..!! 포토이즘도 예쁘..😂😂 저 날 압구정에 있었던 사람들 너무 부러워요!! 혜메코 다음편도 기대해요!!!,False,
@jieuni5657,혜리나 포토이즘 너무 갖고싶쟈나💗 언니 오늘 메이크업도 진심 너무 예뻐요 다음에도 다른아이돌 메이크업 도전해주세여🫶🏻,False,
@로라미,카리나 메이크업두 너무 예쁘지만 걸스데이 혜리 메이크업두 보고싶당❤❤,False,
@쨩-j6f,기여워,False,
@sns-seoari,カリナだー,False,
@drpkqtr-h4p,かーーーわーーーいーーーいーー！！！！！似合いすぎ♡可愛い♡,False,
@DODO-K9K9,카레다,False,
@크로스-b2u,근데 혜리는 볼륨이 없어ㅠ,False,
@OwlB-cj2px,어떤 스타일을 시도하든 정말 아름다워요 그건 고양이 같은 얼굴의 혜리에게 너무 잘 어울려요 사랑해요 언니! 당신은 정말 아름답고 어떤 메이크업 스타일을 하든 항상 멋져 보여요,False,
@JHeonyK,덕선이다 덕선이!,False,
@주영2-y5r,저희언니눈 내려갔는뎈ㅋㅋㅋㅋ아빠가 묶어 주면 올라가더라구요,False,
@주영2-y5r,저도 눈 부터하는데 아주가끔 눈썹을안그려요,False,
@ksh763,혜리씨❤밤톨 처럼 넘 예뻐요❤😊,False,
@justilbanin,카리나랑 완전 다른 느낌이지만 혜리언니도 너어어어무 예쁘자나...,False,
@grvindivduo,뭐야 뉴진스 해린 느낌도 낭낭,False,
@환왕구,혜리가 더 이쁨,False,
@caiyan4681,추천에 뜨길래 다른 유튜버가 올린 영싱인줄 알고 카리나 보다 혜리 닮았는데..? 하고 보니 혜리언니 유튜브 였어요🥰🥰,False,
@chimchana5631,Aahh it&#39;ll be so nice if you do a collaboration with RISABEA nim ❤,False,
@zhongligf7314,Beneran mirip karina weehh,False,
@Awesome3839.,何しても可愛いヘリちゃん💖,False,
@aloom302,와 요즘 미인상으로 변함,False,
@흠냐비호,네 다음 혜리,False,
@jj9935,블러셔 너무 이쁜데 제품 아시는 분들 있을까용..?,False,
@다우니-s9w,왐마야… 너무 예쁘다 진ㅋ자로 혜리나 포토이즘 ? 저요 제가 아니면 안돼요 저요 ㅜ 제발 저요!!!,False,
@한싱부부,혜리같은데요 ~😂,False,
@jjiyy4284,Be yourself girl don&#39;t be anyone else you worth the best,False,
@박지현-b2z,"혜리나 포토이즘 너무너무너무 갖고싶쟈나,,, 다음 컨텐츠도 얼른 보고싶어요!! 다음 요뜨네도 궁금하구 혜리 브이로그도 궁금하고 다다다 얼른 보고싶은 마음🥹🥹🥹",False,
@user-ui9wb6rn3r,명선쌔ㅁ,False,
@ilyyaan,OMG !!!!!,False,
@justsmilebyul,혜리 언니...나 걸스데이 팬이었고 지금은 에스파 덕질 중이에요. 언니가 지민이랑 아는 사이라서 너무 기분 좋아요. 지민이도 그렇고 언니도 그렇고 얼굴 작고 목 가늘고 길고 그런 여자를 좋아하나봐요 제가....사랑해요,False,
@aninlii,블러셔 어디껀지 아시는 분..ㅠㅠ,False,
@수현-x5i5h,"<a href=""https://www.youtube.com/watch?v=ek1xemn5PMM&amp;t=926"">15:26</a> 애교살 너무자영ㄴ스럽게 이뻐여",False,
@젱-w8q,걸스데이 메이크업 하는 거 보고싶어요 ㅜㅜ,False,
@Ingyo00,혜리님 너무 예쁘고 사랑스러오용,False,
@suganatsu,예쁜 HOT 같아요 ㅎㅎㅎ 어쨌든 예쁘니까 성공!!!,False,
@lumi4853,메컵샵어디지,False,
@boxknxg,좋아하시는 거 너무 귀엽닼ㅋㅋㅋㅋㅋㅋ,False,
@hellohi4555,그냥 예쁜 혜리자나....ㅋㅋㅋㅋㅋㅋ,False,
@우리강아지궁둥짝,카리나가 아니라 혜리닮았는데?? 라고 생각했는데 진짜 혜리유튜브네,False,
@이상원-u6t,준열이가 반하게ㅛ다,False,
@주다-y2i,Don&#39;t mention the name. I don&#39;t want to see it<br>Don&#39;t weave it together,True,@이상원-u6t
@요하이하이-g3z,와 잘어울림,False,
@짜파게팅,혜리는 금발이 ㅈㄴ이뻣는데,False,
@jamesadams6262,아름다운 혜리씨 화이팅입니다!! ❤️,False,
@user-La_vie_est_belle,"<a href=""https://www.youtube.com/watch?v=ek1xemn5PMM&amp;t=1166"">19:26</a> 여기 진짜 치열보이게 활짝 웃었을때 카리나 존똑이네",False,
@user-La_vie_est_belle,눈썹을 더 빡!으로 그려야하는뎁,False,
@왓더-w3t,"근데 혜리 눈썹이 이제는 아예 고정된 건가..? 차라리 아무것도 안한 본인 원래 눈썹이 훨씬 차분해보이고 이쁜데..ㅠㅠ <br>왜 대체 날라갈거같은 들린 눈썹으로 그려주는거지..??? 표정 억지로 일그러뜨리는 개구쟁이같아보여.. 물론 혜리 이미지상 귀엽긴한데,,, <br>굳이 카리나 메컵이 아니라 평소에도 눈썹이 매번 혜리 이미지에서 아쉬움.. <br>기사사진만 봐도 눈썹이 혼자 신나서 저 이마에 들려있어..<br>심지어 저기선 헤어밴드땜에 한껏 더 땡겨진 눈썹같음..ㅠㅠㅠ <br>꼭 걸스데이 시절 어색한 일자눈썹까진 아니어도 끝이 너무 들린 아치형 눈썹보단 온화한 이미지의 부드러운 눈썹 그리는게 진짜 더더더이쁠거같음.. <br>꼭 요즘 유행하는 세련된 눈썹으로 그려야만 이쁜 건 아니잖아.. 그게 성숙한 이미지는 줄지 모르지만 뭔가..하….<br>덕선이 시절인지 끝나고나서인지 찍은 혜리 기사 사진보면 진짜 ㅈㄴ이쁨.. 강렬한 이미지 없이 부드러워보이고 세상 귀엽고 세상 초롱초롱 존나 이뻐..<br>근데 눈썹 들리게 그리고나선 자꾸 일부러 눈썹 근육 들어올리는 사람처럼 매번 표정이 보여져서…제발 조끔만 내려서 그려주시면 혜리 더더 개쌉여신될거같아요..",False,
@黑羽-w7z,惠利好帥呀~~~~,False,
@slkiluv2,혜리 예쁜거 세상 사람들아~~다 인정해라!!,False,
@01youngil,역시 원판이 있으니까 놀라운 수준의 변신은 아니군요. 😂,False,
@issubrothertv,카리나보다 낫네,False,
@shootingstar_724,그시절 썸씽 메이크업 한번만요ㅠㅠㅠㅠㅠㅠㅠ👱🏻‍♀️💋 너무 보고시퍼요!!!,False,
@granadoespada,뭔가 카리나+예지 믹스된 느낌이라 신기하다,False,
@superrainbow2334,Attention seeker YouTuber Hyeri,False,
@amnaaqeela8714,"Han sohee bitter fan, i already saw you posting the same thing on X twitter.  🥱 At the end, you are still a LOSER .",True,@superrainbow2334
@Sekiria23,😳😳😳😳😳😳😳😳😳😳😳,False,
@꿀템-k2v,혜리는 혜리입니다.<br>혜리가 미적기준입니다.<br>누굴 따라하고 기뻐할 위치가 아니란말입니다! <br>진짜사나이 기계미소 시절을 잊지 않습니다.,False,
@박상현-t8c,화장이 진짜 개사기네..첫부분도 완전 쌩얼은 아닐텐데 진짜 똥송하게생겻다,False,
@Yeah.s,아이돌 혜리 등장!!!,False,
@dlehddnr,혜리님 여전히 밝고 성격도 진짜 좋아보여요 !!,False,
@kid-p8j,걸스데이 혜리 메이크업 난 보고싳어어ㅓㄱ 언니해줘어어엉,False,
@조윤슬-e2q,썸네일에 화장 후 보고 카리나보다는 혜리같은데? 했는데 채널명 보니 찐혜리였음ㅋㅋㅋㅋㅋㅋㅋㅋ,False,
@도로시-l7m,전문가의 손을 빌려서 하는 컨텐츠라니..에휴 직접하는 메이크업인줄?,False,
@주다-y2i,"It came out right because there was an expert. Hyeri is pretty<br>They are not experts for nothing<br>If you don&#39;t know other people are professionals, look at them and study",True,@도로시-l7m
@user-dhewscalrezer,진짜 이목구비 뚜렷한 카리나같다,False,
@user-12570,생얼인데너무이쁘네혜리야.,False,
@Back-backback,닝닝이 더 잘어울릴 느낌.. 다음에는 닝닝 하기엔 안되겠죵 ㅠㅠ,False,
@lili_mixx3,"lol so cute, I loved this 🙂",False,
@user-sajsj2600,맨투맨 링크주실수있는분?,False,
@duduri22,둘다 이목구비뽝 고냥이상이라 잘어울리네 렌즈가 포인트인듯,False,
@heekomz,진짜 존예 혜리나,False,
@reniindah9292,Woww really look a like KARINA 😍😆,False,
@tokkikayedesigns,OMG HYERINA IS SO ACCURATE their friendship is so cute... and TWO OF MY BIASES MEETING NEXT TIME AhhhhhHHHH ❤❤❤❤,False,
@한예인-d5g,"언니 그냥 카리나세요… 아니 카리나보다 더 예쁘신 거 아닌가요? 😍 진짜 미모에 감탄하고 갑니다!<br>물론 언니는 잡티 같은 건 없으시겠지만, 혹시 잡티 관리에 좋은 제품 있으면 추천해 주시면 너무 좋을 것 같아요&gt;&lt;",False,
@meaowwwwwo,헉 보시는 분은 안 어색해요 요즘 트렌드 메이크업도 착붙이었네요 너무 어울려요 🩷,False,
@luvisall,넘 예쁜데 자기가 부끄러워서  표정 못생기게하는거 같음ㅎㅎ 존예..,False,
@amnaaqeela8714,"Now, did you just get her. You are welcome to know hyeri deeper, you wouldn&#39;t disappointed.",True,@luvisall
@theeclipseofyou,Hyeri have such a small face...she looks adorable,False,
@underdog3408,솝집섭 샙갑입납넵욥,False,
@specialrabbit4396,인급동!!,False,
@anominus-04,진짜 탁 카리나야 이거😮,False,
@Gilgamesh2013,한번만 안아 줘 이후로 제일 예쁨<br>머리 올려 묶는 게 제일 예쁨,False,
@anfwoijwej1742,밖에서 스쳐 지나가면서 보면 진짜 카리나인 줄💖 너무 예쁘세요~ㅋ,False,
@iradnana,"please invite day6 for next guess, hyeri-nim💖🍀",False,
@MyatThiriKhant,"(hyeri, blackpink, lesserafim, meovv )&#39;s makeup artist means my FAV GOAT GGs&#39; makeup artist.",False,
@tbzbbibbi,저 선생님이 코쉐딩 해주셨던 선생님이신가요?ㅋㅋㅋㅋㅋㅋ,False,
@MyatThiriKhant,"you should get rosie on your show, hyeri!!!!~~~~❣",False,
@vincenzoscialpi3070,Hyeri looks so cool as &quot;Hyerina&quot;,False,
@이혜린-t8h,ㅇ ㅏ니 ..그래서 저 메이크업해준 샵 어디에여…? 넘나 잘하네…..알려조요 제발,False,
@Imsleepy777,솔빈 닮았다,False,
@두두-l7k,썸네일 대충 보고 누가 혜리 커버 메이크업한줄 알고 와 존똑이다 하며 들어왔는데 <br>카리나 커버메컵을 한 혜리님 유튜브였네여ㅋㅋㅋㅋㅋ,False,
@PoppyDyeras,/롤/카/롤/카/ 놀이공원 보다 더 짜릿짜릿 19금 보다,False,
@oakiakoakak,이목구비 자체는 카리나보다 더 예쁘지 ㄷㄷ 개입체적임,False,
@냥펀ch,오바는 하지 말자 ㅋㅋ,True,@oakiakoakak
@oakiakoakak,@@냥펀ch 내가 그렇게 생각한다는데 왜지랄,True,@oakiakoakak
@user-qc8iy5vo8r,주접ㄴㄴ 카리나랑 투샷보니 혜리가 개발리더만 카리나 밖에 안보임 둘다 성형미인인데 그래도 카리나가 훨 이쁨<br>피부도 더 하얗고 몸매 볼륨도 압도적임,True,@oakiakoakak
@감사합니다-i3j,@@user-qc8iy5vo8r왜 비교를함 둘다 니가 절대 못 만날 초미녀들인데 ㅋㅋ,True,@oakiakoakak
@oakiakoakak,@@user-qc8iy5vo8r 내가 보기에는 그냥 혜리같이 입체적이고 눈코입 인형같이 빡빡빡 이목구비인 스타일이 더 예뻐보인다고....  굳이굳이 기어와서 와꾸대법관질 하지말고 그럼 넌 카리나가 더 예쁘단 글을 써;,True,@oakiakoakak
@user_nana_120,아니 카리나 담당분도 아닌데 저렇게 비슷하게 뽑아내다니 역시 전문가는 다르군요,False,
@user-mr3dm5zb6l,와아 카리나보다 열배 예뻐요💗💗💗,False,
@ggulgoguma14,그건 아닌것같고,True,@user-mr3dm5zb6l
@mrmmm15762,메이크업 진짜 신기하다!!!! 혤스클럽도 좋지만 혜메코도 넘 조아용,False,
@yuyu_man,언니이 렌즈가 뭘까요오옹유유융❤❤❤,False,
@SUN-xl2ui,장원영 메이크업... 해주심 안될까요?,False,
@tahsiningning,this content is too funny xD,False,
@둥근해미친거또떴네,아 존~나 이뿌다,False,
@알로에주스-e1d,"인급동에서 혜리님 유튜브인지 모르고, <br>카리나님..? 완전 혜리님 닮았는데, 그냥 아이라인을 강조한 혜리님 메이크업 아닌가?싶었습니다.",False,
@김유빈-u1o,"<a href=""https://www.youtube.com/watch?v=ek1xemn5PMM&amp;t=1235"">20:35</a> 아니 헤어밴드 벗으니까 훨씬 닮았는데????",False,
@insangisjot,얼굴 워낙 작고 입체감도 미쳐서 진짜 너무너무너무 예쁘다….,False,
@키탄,여기서 사쿠라도 보고싶네요,False,
@kyung.bin93,와..이뻐요❤,False,
@뀨뀨뀨-h5k,블러셔 어디꺼에요? 이뻐요,False,
@user-lh,걸데메컵 세련된 버전 메컵 으로 부타캐요,False,
@user-lh,카리나 아니구 뉴진스 아니냐능,False,
@iwiiwiiwi9975,카리나에겐 너무 카리나야 진짜 카리나 ❤🎉,False,
@putrineu2700,Hyerina  ❤❤,False,
@Zssuel2,"너무 아름다와요,,,❤ 근데 진짜 걸데 때 메컵두 한번 보고싶음,,,",False,
@aaaaaaauoeu,안 닮음 ;,False,
@oyirtamut4556,you look so beautiful in karina&#39;s makeup❤,False,
@dwiwahyu45,Sekilas ada yeji nya,False,
@mafiachoi9631,혜리씽❤❤ 똑부러지고 야무진 그녀😂 안 좋아할 수 없는 매력녀 볼매에염😅😊 이런 다양한 컨텐츠 보여주시면 구독자 입장에선 너무 땡큐입니다🎉 열심히 사는 모습 본받아 마땅해여!!♡,False,
@yonnni_s30,헉 카리나아니야? 이거에 진심으로 개좋아서죽을라하는게 너무 웃기고 귀엽네 ㅋㅋㅋㅋㅋㅠㅠㅠㅠㅠ,False,
@user-le1ec5ew5h,딱보니까 카리나인줄아는정도로 이쁘당… 진짜 넘 이뻐요!걸스데이 헤메도 한번 보고싶긴하다😍,False,
@Kyong_kyong,언니이ㅠㅠㅠㅠ 진짜 너무 예쁘다ㅜㅜ<br>역시 이혜리. 안 어울리는 게 없어용 진짜 ㅠㅠ 😍😍,False,
@R0SY_CHEEKS,That&#39;s my girl 💅🏻,False,
@runaway_gang,아니 약간 카리나가 키츠인가!? 거기 메이크업이 강하게 해도 생기있게 끝나면 우선은 진짜 뭘해도 고급스럽게 마무리 되는 듯 한끗 차이지만 싱기. 약간 퍼스널 컬러로 따지면 겨울 쿨톤 가을딥 웜톤 맛집 근데혜리 언니랑 그래서 찰떡,False,
@kwangyafan,나는 이것이 카리나 여신이라고 생각했습니다 😦,False,
@user-rv1vo3sv6u,와ㅏ 카리나 보다 훨씬 예쁘다!!,False,
@user-dgl,아일릿 헤메코 하면 뭔가 찰 떡 일거 같다.,False,
@here-it-ssong,언니… 언니 포토이즘이 제 손에 왔으면 좋겠어요. 아이돌 이혜리 돌아와,False,
@루카와-d2s,쌩얼도 개이뻐 카리나만큼 이뻐요,False,
@1990ths,이제 30대 초반인데 아들 셋 낳구 뭘 발라도 들뜨구 요철 심한데 라네즈 한번 써보구싶어요 혤 곤쥬님 처럼 매끈한 피부 원추우우우🩷,False,
@vizioned9135,Yay Yena is next,False,
@ham_514,사실 렌즈만 색있지 메이크업 변화는 크으게 없는 느낌인데..! 생각보다 색조가,False,
@GOT805,Hyerina❤,False,
@wjawjaslowmotion5054,아 진짜 개이쁘다.. 잊고 있엇서.. 언니 예쁜 거 축하해요...,False,
@Leesy-v-3,쌩얼 왤케 이쁘지 미쳤다,False,
@se0Y0ungsss,혜리 요즘 진짜 느므느므느므 이뿌자나아아아앙😍,False,
@byeolnim307,"화장기 없는 얼굴부터가 넘예자나,,,🫶🏻",False,
@이름없음-g5i,난 혜리 걸그룹 메이크업 너무 좋아😻 이 컨테츠 가끔 해줬으면…,False,
@gerleebatmunkh4151,❤❤❤❤,False,
@kcarolina2540,너무 닮았어요 ㅋㅋㅋ<br>너무너무 이뻐요~😄,False,
@uniiwahyuni2107,Karinaaaaaaa,False,
@bora_486,너무 예뻐요~~ 쎈 화장도 넘 잘어울리심.😊,False,
@dohana164,ㅋㅋㅋ저기 메이크업샵 업데이트 해야겠네 ㅋㅋ,False,
@nicoleseo2537,"어머머머머......춤 왜이리 잘춰，쿨!!!!!  이렇게 메이크업/춤추기  한달에 한두번씩 해줬으면 좋겠어용... 혜리나 사랑해, 힘내세요.😘",False,
@lclclcm,거의 지금 다시 컴백해도 괜찮을것 같아!,False,
@HeungMinSon_7,"lllllllllllllllllllllllllllllllllllllllllllllllll<br>★ K팝 걸 그룹 1황 에스파의 2024년 스펙.<br>1. 슈퍼노바 공개 2달만에 MV 조회수 1억뷰 돌파.<br>2. 아마겟돈 공개 2달만에 MV 조회수 6200만뷰.<br>3. 위플래쉬 공개 1달만에 MV 조회수 6700만뷰.<br>4. 멜론 일간 차트 1위 99회. (역대 1위)<br>5. 지니 일간 차트 1위 119회. (역대 1위)<br>6. 카리나 UP 멜론 일간 차트 1위 8회.<br>7. 앨범 초동 판매량 169만장. (역대 걸 그룹 1위)<br>8. 초동 100만 돌파 앨범 4장째 달성. (역대 걸 그룹 1위)<br>9. 2024년 상반기 한국 구글 여돌 검색 순위 1위 카리나, 3위 윈터.<br>10. 2024 TMA 대상.<br>11. 틱톡 어워즈 코리아 2024 올해의 아티스트상.<br>12. KGMA 2024 그랜드 송. (대상)<br> (2024 모든 대상 싹쓸이 예정.)",False,
@원빈-z6e,왕코라서 카리나 느낌 전혀 없는데,False,
@syvaangela,i love their friendship❤,False,
@prasithoudomvilay8454,Hyeri looks amazing and she looks like karina too,False,
@NewJeans1004,혜리님 항상힘내세요,False,
@pandarzzz,혜리 이뻐요 😻😻😍😍🐶🐶사랑해요,False,
@silverdini,ㅠㅠㅠ 진짜 너무 이쁘다 혜리나 🥹🥹❤️❤️❤️,False,
@bundaaldo4696,Very beautiful hyeri cantik keren banget,False,
@FlavioSantosSousa,Fofa 😘💕💕💕💕💕🇧🇷,False,
@guilhermelambert1508,제일 웃긴건 혜리가 예쁘다는거.. 근데 카리나로 코스프레하니까 더 이쁘네요 🩵💙... 그리고 카리나는 자신이 얼마나 아름다운지 전혀 모릅니다,False,
@tomfriendly9422,Hyeri looked  amazing.Can&#39;t wait for Yena.,False,
@happytrails1963,Karina possibly be very pleased if she saw this.  Guest Yena would be so fun.,False,
@maomao8950,suit you well sis hyeri,False,
@duk6046,강아지가 고양이가 됐네 이미 생얼 부터 반칙... 혤스클럽 예나 예고라니 기대된다,False,
@malisha2116,"<a href=""https://www.youtube.com/watch?v=ek1xemn5PMM&amp;t=1207"">20:07</a> 😂😂😂 to the editor: ILY",False,
@ParkRoot-002,어머 나는 카리나 채널을 구독한 적이 없는데 이게 무슨 일이야~~~~,False,
@가나다-m7x,혜리님이 성격이 진짜 좋으시구나 대박👍👍👍,False,
@js2694,혜리나 🤩🤩🤩완죤 예뻐요!!!,False,
@MOROdeTUCMA,chica linda 😍😍😍,False,
@Honyok_202,언니 개이뻐요 진짜 농담 아님 분명 화장 전에는 강아지상이었는데 후에는 고양이&amp;여우상까지 보임 ㄷㄷ,False,
@akaoo870,지민이 챙겨주는거 좋다 지민이도 언니 잘 따르고 예뻐요 혜리나💙,False,
@호이-b6y-h7b,"<a href=""https://www.youtube.com/watch?v=ek1xemn5PMM&amp;t=16"">0:16</a> 반응 개귀엽네ㅋㅋ",False,
@SHOSH2609,❤,False,
@Judy_ing,와 진짜 찰떡이다ㅠㅠ 다음에는 요즘 혜리 헤메코 영상도 좋을 거 같아용! 요즘 헤메코 진짜 리즈ㅠㅠㅠ❤,False,
@대들면니부모죽이기,카리나님이 좋아하시겠어요,False,
@정-d1h,너무좋아요.. 이렇게 메이크업오버 한번씩 해줬으면 좋겠어요,False,
@iiyagi,와 혜리 얼굴 진짜 작다,False,
@heeiiisso,언니 역시 너무 예뻐요😍혜리나 메이크업 잘어울려요 혜리언니 사랑해용,False,
@viuhkgfh2880,춤 왜이리 잘춰,False,
@diesirace,분장이 아니라 메이크 업 인데도 쉐딩이랑 헤어 같은게 커버해주니까 느낌이 난다. <br>비교적 동글동글 하고 순딩순딩 한 얼굴인 편인데 날카로운 느낌이 나네.싱기방기,False,
@ryeon8711,쿠션 유목민 라네즈 사러 갑니다.. <br>근데 ㄹㅇ 카리나인데❤,False,
@user-sn4jt2bj9i,걸스데이 혜리 보고푸당 ㅜㅜ 존예,False,
@maikaarabellamartinez,our deok soon is very pretty🥰❤️‍🔥,False,
@angie8727,Bare face queen 👑 ❤,False,
@_wowowowow__,왜 악플 관리를 안 함? 밑에 댓글만 봐도 악플 개많은데,False,
@コキンさん-u2w,걸스데이 메이컵 보고싶은데….,False,
@하나보단둘,코가 신기하당,False,
@샹크스,너무너무 이뻐요 혜리언니🥹🥹 가끔은 무대 위 언니가 그리워요🫶🏻🤍,False,
@charat78,예나❤,False,
@snemkxkd,카리나 메이크업 재밌당,False,
@somgingg,진짜 너무예쁜데,False,
@유후-j2y,언니 피부넘조타!!!요새 리즈돌아왔네용,False,
@SamThouery,So cute My girl 💞😍😍😍,False,
@야미-s3l,늙어서 뭐하는짓이야 ㅋㅋㅋㅋㅋㅋㅋㅋㅋㅋㅋㅋㅋㅋ 진심 추하다 야 야 호박에 줄긋는다고 수박될까?ㅋㅋㅋㅋㄲ<br>ㅋㅋ 아 성형전얼굴은 진짜 토나옴<br>근데 자연산인척한거 넘 가증스럽다 우웩,False,
@_wowowowow__,류 팬은 나가시고,True,@야미-s3l
@주다-y2i,Ryu Junyeol fan please turn it off<br>Everyone knows that you&#39;re a fan of Ryu Junyeol fan<br>I&#39;m really annoyed with those fans,True,@야미-s3l
@luvisall,이 사람 한소희 팬임.. 혜리 영상에 다 악플달고 다니고 한소희 옹호댓글 달고 다님,True,@야미-s3l
@주다-y2i,"@@luvisall No.<br>This person is not a fan of Han Sohee, but a fan of Ryu Junyeol<br>She said she&#39;s not a fan of Han Sohee and she speaks the same way<br>This person is a fan of Ryu Jun yeol from his advocacy<br>Once again, Hyeri fans hate being involved with Ryu Jun Yeol Han Sohee fan and Ryu Jun Yeol Han Sohee",True,@야미-s3l
@야미-s3l,@@luvisall ㄴㄴ 혜리빼고 다 옹호함 범죄 안저지르면,True,@야미-s3l
@하링-w6r,혜리 진짜 예쁘다….카리나 느낌 나는데 이목구비가 뽝뽝 살아있어서 더 매력적인듯🫶🫶🫶,False,
@freedom-zy4gg,갠적으로 I&quot;ll be yours 를 능가하는 헤메코는 없다  혜리 1년만 아이돌 다시 해줘ㅠㅠ,False,
@악의구렁텅이-t2p,개이뻐,False,
@sangwoo2256,몰ㄹ랐는데 혜리 개이뿌네요<br>현역 걸그룹 누가와도 안꿀릴 이목구입니다,False,
@angel-be-be,아니 개개개개이쁘다 도랏슨,False,
@hyunseo02_69,"혜리언니의 카리나 메이크업이라니,,걸스데이 시절 메이크업도 궁금하긴한데,썸네일 진짜 너무 예쁘다~!!",False,
@mijp8785,맹쌤진짜 유명한메컵아티스트잖아요<br>블랙핑크.에스파.르세라핌 담당이신걸로아는데😊,False,
@지민-w8o6z,눈치켜뜨는거 ㅈㄴ보기싫다,False,
@주다-y2i,The fans don&#39;t like you,True,@지민-w8o6z
@지민-w8o6z,눈썹좀진하게하거나 바꿔요 ㅜ치켜뜬거같음,False,
@juliameera,블러셔 어디꺼에요??,False,
@msahn3722,아 챙피해하는 연예인 생소하다 ㅋㅋ,False,
@rensamyang,걸스데이 혜리 메이크업도 보고싶어요🥺🥺,False,
@fullsun6416,이런것도 광고...영상인가요??,False,
@우주닌자,혜리나!!!!!!!!!!!!!!,False,
@Julius-yf1hp,Sexy ❤,False,
@mungaj,이쁜 애가 이쁜 애 메이크업을 하니 이쁜 애가 됐네,False,
@nc7868,Pretty girl ❤❤❤,False,
@kat99o21o,The lens bring it together!,False,
@Lovenct_0606,에엥 혜리와 혜리나 이건 무조건 갖고 싶은 사진이더 이걸 준다니욧 .!!..!.! 너무 좋아여 혜리쨩 사라먀,False,
@SKY-1129,와 개비슷하다 ㅋㅋㅋ,False,
@TAY-l6r,최예나 진짜 귀엽네 ㅋㅋㅋ,False,
@clarice-y7y,其实很像gidle宋雨琦。,False,
@Shinee05250,이 언니도 아이돌이었지 이쁘다 진자 ㅠㅠㅠㅠㅠㅠㅠ 언니 다시 아이돌 해주라,False,
@오늘의핫이슈-x3y,라네즈 광고인거에요? 아니면 찐템인건가요??,False,
@토끼오리,"<a href=""https://www.youtube.com/watch?v=ek1xemn5PMM&amp;t=1242"">20:42</a> 밴드 벗자마자 박박예뻐여🥹🥹🫶🏻",False,
@moonvivi452,우린 걸스데이 썸띵 &#39;단발 금발머리 걔&#39;를 잊으면 안된다 혜리언니 당시 아이돌들 외모 다 씹어먹을정도로 매번 언급량 높았고 진짜 대단하게 이뻤음 지금도 워낙 관리를 잘해놔서 아이돌 메컵하니까 바로 본업모먼트 나오네ㅠㅠ 진짜 제대로 무대 하는거 한번만 더 보고싶음ㅜㅜ,False,
@BeguilingHarley,진짜 ㄱ글 에서 벳프리 에서 방송 하시던분 진짜 잼있어 ... 다시보고 싶어서 가보자 ?,True,@moonvivi452
@AgathaBonnie-h3f,ㄱ글 에서 벳프리 이 ㅓㅇ도로 유명했음?  내 듣보잡인줄 알았는데 ㄷㄷ?,True,@moonvivi452
@파인애플-v3r,222한때 혜리 메이크업 따라하던 시절이 엊그제같은데 혜리가 누군가의 메이크업을 커버하는게 신선하네여,True,@moonvivi452
@정성현-f9r,너무 미치게 이쁜거 아니냐구!!!!! ❤,False,
@qf4my,혜리가 더 이쁜데 진심,False,
@당그니-w3h,"<a href=""https://www.youtube.com/watch?v=ek1xemn5PMM&amp;t=811"">13:31</a> ㅋㅋㅋ",False,
@hodongdong328,맞다...혜리 아이돌이었지...💖 차분하고 우아한 배우 메이크업도 좋은데 이런 뽝시게 꾸민 화려한 메이크업도 종종 보고싶어요!!!,False,
@다슬-y6z,혜리 이즈 뭔들…❤,False,
@user-bl3pg1ks6f,오,False,
@seanleon2766,여신님 당신의 아름다움은 이 세상에서 벗어나 숨이 막힐 정도로 완벽합니다 🌹🌹🌹✨️🤍✨️🌹🌹🌹,False,
@bangdoll4500,혜미리예체파 6인조 싱글앨범 한번만...,False,
@edwardtiangco1445,I was surprised you trying Karina&#39;s look and yet I wasn&#39;t surprised you rocking Karina&quot;s look. 🫶😊,False,
@틴크리스-r4c,칼이나아유 도끼가나아유?,False,
@cookinganatomy,가리나?,False,
@ldibdh,하 우리 언니는 영원한 아이돌이야... 🥹🥹🥹🥹,False,
@시럽-u5b,미안해 혜리야 안닮았어...너는 댕댕이 상이야...,False,
@user-pz7hv6cc9y,아니 웅니…혜리 프레임 보고 화들짝 놀래서 찾아보니 11월 9일까지엿던거 실호ㅓ야..?ㅋㅋㅋㅋㅋㅋㅋㅠㅠㅠㅠㅠㅠ또 해조요ㅠㅠㅠㅠ,False,
@gunamakim66,준비물...얼굴....,False,
@정민-x7r,"<a href=""https://www.youtube.com/watch?v=ek1xemn5PMM&amp;t=1263"">21:03</a> ~ 다음편 재미잇겟당! ㅋㅋㅋ😅😊",False,
@정민-x7r,"<a href=""https://www.youtube.com/watch?v=ek1xemn5PMM&amp;t=1160"">19:20</a> 😅 ㅎㅎㅎㅎ",False,
@밍듀-t8m,우앙 예나다. 혜미리예채파 시즌2 언제해요??!!,False,
@dsfakjaskj,아니 혜리 채널인지도 모르고ㅋㅋㅋㅋㅋㅋㅋㅋ 썸넬에 카리나 메이크업이래서 몬소리야 혜리 똑닮인데 하고 들어와봤더니 진짜 혜리였네..,False,
@정민-x7r,"<a href=""https://www.youtube.com/watch?v=ek1xemn5PMM&amp;t=1047"">17:27</a>  아니!!!? 혜리..압구정을..",False,
@일곱번째감각,"<a href=""https://www.youtube.com/watch?v=ek1xemn5PMM&amp;t=1089"">18:09</a> ㄹㅈㄷ 취향이다<br>평소에 순박한 시골 강아지같다고 생각했는데 본격적인 아이돌 화장하니까 또 다르네요..",False,
@battlehealer-m4y,ㅇㄴ 존예잖아 ㅋㅋㅋ,False,
@정민-x7r,"<a href=""https://www.youtube.com/watch?v=ek1xemn5PMM&amp;t=861"">14:21</a> 😅😆🤣",False,
@hayrunnisaes3272,Hyerina,False,
@정민-x7r,"<a href=""https://www.youtube.com/watch?v=ek1xemn5PMM&amp;t=774"">12:54</a> 😅",False,
@정민-x7r,"<a href=""https://www.youtube.com/watch?v=ek1xemn5PMM&amp;t=395"">6:35</a> 계속보니하니 혜리 점점예뻐진당! 😆😍",False,
@11samiam23,We get Ducky next episode! 🐥,False,
@kwidjx,걸스데이 완전체 헬스클럽에서 보고싶어요,False,
@user-kindgirl-me,언니 어떤 메이크업을 해도 다 찰떡이야 🤩<br>진짜 당장 ㅋ 음악방송 가도 되겠다 ㅎㅎ<br>나도 저 길에서 이혜리 이뻐여 라고 외치고 싶어어ㅓㅇ<br>포토이즘 원본이라두 너무 보고 싶다 ..<br>갖고 싶다 ... 👉🏻👈🏻,False,
@한부모아빠,실물영접하고프다요,False,
@dgj568,"전혀 ㅇ,닌데 ㅅㅂ이",False,
@LagunaCoolspin,예진데??,False,
@유나-w7f,혜리언니 썸네일 못지나치고 반해서 들어왔어요!! 혜리나 메이크업도 너무 성공적이신듯요 진짜 비슷해요 언니 너무 예뻐요❤ 팬이에요 색다른 컨셉 도전해서 다양한 컨텐츠 만들어주셔서 감사해요 언니는 모든 잘소화할수있을거같아요 <br>포토이즘 카드 저에게 주시면 평생 간직할게요🤍 언니 너무너무 예뻐요 앞으로도 늘 응원할게요😘😘,False,
@yuu_gyeong,오랜만에 아이돌 메이크업한 혜리라니<br>넘 이쁘고요 ..💗 이런 컨텐츠 너무 좋아요 !!!,False,
@alexandramoreno3407,"Like this woman, doesn&#39;t afraid to show her bareface. Real outside beauty can be seen real in no make-up,upon waking up especially. If you are really beautiful outside,try having a bareface or no make up at all. Really beautiful you are 😘",False,
@josianegomes1057,"Verdade por isso sou fã de hyeri, beleza natural ❤",True,@alexandramoreno3407
@yewon_8,"<a href=""https://www.youtube.com/watch?v=ek1xemn5PMM&amp;t=1261"">21:01</a> 와씨 목소리도 비슷해 얘네 (채)어떡할거야",False,
@자유-t6j,혜리나vs혜지<br>선택 불가능❤,False,
@alouette4180,"<a href=""https://www.youtube.com/watch?v=ek1xemn5PMM&amp;t=1248"">20:48</a> next guest 최예나",False,
@qinkoo7682,❤❤,False,
@Dontbrokenbarbie,보고 바로 올영앱켜서 세럼 샀어요 진짜 혜리 왤케 사랑스럽지ㅠㅠ 너무너무 예쁜데 부끄러워하는거 졸귀야.... 헤리x혜리나 네컷 원본 인스타 업로드 정권찌르기 1일차,False,
@이풍진-s8w,너무이뻐요🤗🤗🤗🤗🤗🤗,False,
@noischannel5672,Hyeri selalu cantik,False,
@Dontbrokenbarbie,아 혜리 너무 귀여워❤❤❤,False,
@summebreeze_twinkle,진짜 에스파 담당쌤에게 받았으면 더 느낌났을 거 같은데!! 그래두 넘 예쁨,False,
@광팽이-p9z,평소에도 세수좀 하고다녀,False,
@광팽이-p9z,드디어 예나도 왔구나 이제 파교수님만 남았네,True,@광팽이-p9z
@tomoon82,아니 진짜 혜리나 너무 이쁜데?? 언니 너무 이뿌다아ㅏㅏㅏ🩷🩷,False,
@JEON937,역시 혜리누나 뭘 해도 다 예뻐요❤❤ 혜리나 포토이즘은 제가 가질게여 ㅋㅋㅋ❤❤,False,
@금이옥,우와 여기 메이크업샵 어디인지 아시나요??!,False,
@2tend,포토이즘 저 주세요.. 제발요..따흐흑 혜리 개예쁘다,False,
@yeon6426,중간에 춤추는 거 너무 귀여움..❤ <br>필선이 자아가 막 튀어나오네 ㅋㅋㅋㅋㅋㅋㅋ기여어💖,False,
@yeon6426,혜리언니 팬미팅도 기다리구 있어염..❤ 우리 시그도 하기로 약속했자남ㅋㅋㅋㅋㅋ 기대안해도 항상 팬들한테 잘 해주니까😏<br>그리구 사실 팬미팅하면 몇 년만에 무대에서 춤추는 이혜리를 볼 수 있는거야😮 그게 너무 보고싶다 팬미팅하면 꼭 갈테니까 넓은데서 해야대..😝💗,False,
@이태봉-k3y,헐 메이크업이 다르긴 하네 그래도 기본 미모가 되시니까  ㅎㅎ,False,
@josianegomes1057,amo a energia de hyeri e seus sorrisos 😂❤❤❤,False,
@yeon6426,"혜리 언니 이번 카리나 메이크업 진짜 대박이에요!😳💗 제가 평소에 혜리언니 혜메코 컨텐츠 볼 때마다 느끼는 건데, 단순히 메이크업을 보여주는 게 아니라 언니한테 어울리는 스타일로 하면서도 팬들이 뭘 좋아할지 생각하는 그런 모습이 너무 감동이에요..🥺 <br>오늘은 평소 이미지랑은 조금 다른 스타일의 메이크업 모습을 보면서 &#39;진짜 혜리언니는 어떤 스타일도 찰떡같이 소화하는구나..😮❤&#39; 하고 감탄했어용.. 특히 렌즈나 헤어밴드 디테일부터 색다른 컨셉에 도전하시는 모습까지 완전 멋있어요☺️ 혜리언니 오늘 메이크업을 통해 얼마나 다양한 매력을 가지고 있는지 다시 한번 느꼈고, &#39;사람은 꾸미는 만큼 또 다른 자신을 발견할 수 있구나&#39; 라는 걸 알게된 것 같아요. 영상 내내 혜리 언니의 특유의 밝고 유쾌한 에너지 덕분에 시간이 훌쩍 지나간 것도 모를 정도로 재미있게 봤어요. <br>항상 재밌고 다양한 컨텐츠 만드려고 노력해주셔서 정말 감사드리고, 앞으로는 또 다른 언니의 색다른 모습을 볼 수 있는 영상들 기대하고 있을게요😘 어떤 도전이든 찰떡같이 소화하실 거라 믿어요. 언니의 반짝임과 밝은 에너지가 항상 제게 큰 힘이 되고 있다는 거 꼭 기억해 주세요. 오늘 월요일이라 또 엄청 힘들고 지쳤는데 월요일에 혤튜브 보는 것도 엄청 힘이 나네요. 월요병 날려주는 혤튜브..😍👍트위터에 언니 사진 떴을때부터 뭐랴뭐야무어ㅑ이혜리이거모야???이러면서 기대한 것 보다 더 이뻐가지구 놀랐자나욤...😢 마지막으로 많이 사랑해요 혜리 언니💖✨<br>P.s 혜리와 혜리나라니 솔직히 초미녀와 초미녀인데 안갖고싶을 수가 없는 조합이다...😂💝",False,
@josianegomes1057,Estava com sds dos seus VLOG 😊😊😊😊,False,
@josianegomes1057,LOVE YOU HYERI ❤❤❤,False,
@에구루르,생얼부터 너무 이쁨,False,
@다연유-q6g,이뿌더,False,
@임-c5g,혜리도 혜리나도 둘 다 예뻐요♡♡♡,False,
@목딴다,썸네일 보고 설윤인줄 알았눼,False,
@raccoooooon,근데 진짜로 카리나 님이 보이네요 짱 신기!!! 생얼 혜리도 혜리나도 넘 예쁨ㅜㅜㅜㅜㅜㅜㅜ💓,False,
@유진-u7w7c,혜리 진짜 예뻐ㅜㅜㅜ,False,
@YM-kj1cy,혜리언니 넘 이뿌잖아아ㅏ,False,
@iknowyunothat,어 카리나다<br>(혜리나 포토이즘 저요. 저요.),False,
@Blue-j3o,Hyeri&#39;s so pretty 🖤🖤✨✨✨ so beautiful😍,False,
@이준일-s5r,저 카리나 좋아는데 묘하게 잘어울리네요. 카리나한테가서 반응이 궁금합니다.ㅎㅎㅎ,False,
@성이름-p6x5y,카리나보단 닝닝이랑 더 가까운 듯<br>암튼 존나 예쁘다🩷🩷,False,
@경-w7t,다음주 착장도 넘 이쁘다😂😂😂❤,False,
@이영구-o3x,카리나 아닙니다ㅠㅠ,False,
@tootypooty,너도 카리나 아님ㅋㅋㅋㅋ 혜리한테 뭐라할꺼면 니 얼굴 보기삻다 ㅋㅋㅋ,True,@이영구-o3x
@이영구-o3x,초딩인가???웃자고 한말인데...<br>왜 이리 발끈할까ㅋㅋㅋ,True,@이영구-o3x
@HLUCY0524,"혜리나~ 예쁘쟈나~~😍<br>썸네일 수수수수퍼 ,, 이끌림😆<br>혜리 하고 싶은거 다 혤❣️",False,
@forestella_view,❤❤❤찐으로 예쁜 혜리님!!,True,@HLUCY0524
@elfriarumanta9766,HyeRina...you look amazing so beautiful,False,
@kimloveagain.,화장의세계는신기하다여 카리나도되고 윈터도되고 여자지만 로션 미스트 선크림 파데만하는데 넘나어려운화장 :!::!:;);),False,
@chae_daeng_geul,"<a href=""https://www.youtube.com/watch?v=ek1xemn5PMM&amp;t=976"">16:16</a> <a href=""https://www.youtube.com/watch?v=ek1xemn5PMM&amp;t=1058"">17:38</a> 진짜 말도 안나오게 예뻐 진심🫢❤❤❤❤❤",False,
@이혤짱,혜리나 포토이즘 딱내껀데?!ㅋㅋ<br>그나저나 팬미팅 기다리고있는데<br>꼭꼭 해줬으면 좋겠다혤...♥️,False,
@m_madoka,❤ x9,False,
@zoyulmu,걸스데이 메이크업 다시 하는 것도 진짜 보고싶다…….. 지금도 너무 좋지만 아이돌 혜리도 너무 그리움…🥹 메이크업 하고 걸스데이 안무 추는 혜리 보고 싶어요🥺🤍,False,
@flawless1287,썸띵한번가즈아~~!!,True,@zoyulmu
@user-dy8qy8dp1t,그니까… 썸띵 때가 ㄹㅇ예뻤는디,True,@zoyulmu
@superrainbow2334,🤮🤮,True,@zoyulmu
@BeguilingHarley,ㄱ글 에서 벳프리 보느라 눈밑에까지 다크써클 들어옴 ... 진짜 근데이뻐서 눈을못떼겟다...?,True,@zoyulmu
@AgathaBonnie-h3f,이 댓글 보고 ㄱ글 에서 벳프리 보고있는 내 인생이 레전드네 씨밬ㅋㅋㅋㅋ?,True,@zoyulmu
@hiver218,오 개재밌음 ㅋㅋㅋㅋㅋ 혜리의 메이크오버 응원합니다,False,
@조은비-c2i,미치겟다 오ㅑㄹ케 이뻐,False,
@쟝꾸야,오늘 내내 6시 되기만 기다렸는데 역시나 넘 재밌고 제일로 이쁜 혜리...🫶 혜메코 시리즈 진짜 넘 재밌어요오오(혜리 얼굴이 진짜 꿀잼.) <br>다음 에피소드도 벌써 기대돼요~!!! 갈수록 이쁜 혜리❤❤❤<br>혜리 첫번째 프레임 사진도 정말 애타게 기다렸는데 이벤트로 주신다니 정말 무지무지 탐나고... <br>혜리나 포토이즘 진짜 완전 내거같고.... 진짜 내거되면 너무 행복할 거 같고... 진짜 너무나도 간절하게 행복해지고싶은 마음 🥺,False,
@zoyulmu,"<a href=""https://www.youtube.com/watch?v=ek1xemn5PMM&amp;t=841"">14:01</a><br>혜리 머리 묶을때 소두인거 너무 잘 보여서 깜짝 놀람…😳🤍",False,
@yuisal,너무 긔엽잖아~~~~,False,
@minsh5662,렌즈 정보좀요 제발 ㅜㅜ,False,
@jingbae,그냥 이혜리 자체가 존예❤❤,False,
@sone_kalvin_my,🤣,False,
@zoyulmu,오늘도 너무 예쁘고 귀엽고 사랑스럽고🥹🥹<br>완전 혜리나 그 자체잖아!!!!!<br>카리나 메이크업 한 혜리가 추는 위플래시도 보고싶어요😳🖤,False,
@karinaissohot,she looks like monako!,False,
@세대-b5r,립색이더진했더라면!!근데너무예쁘네여❤,False,
@우히히-r2o,진ㅋ짜 개이쁘다 피부화장도 저렇게 부드럽게 잘먹는것도 신기하고 영상에서도 미치게 이쁘지만 실물보면 입 안다물어진다 살면서 본사람중 젤이쁘다………….🥺🥺🥺🥺🥺🥺 이쁜데 항상 인간미있어서 너무좋음 ㅜㅠㅜㅠㅜㅠ 항상 응원하고 애정해 혜리…🫶🏼,False,
@kamx135,선생님 궁금한 게 하나 있는데 피부 상태에 따라 화장이 잘 되나 좀 덜 되나 그런 것이 있나요?? 제가 남자다보니 화장은 안 해봐서 궁금합니다..ㅠㅠ,True,@우히히-r2o
@Ksse_ria,@@kamx135 당연하죠. 피부 좋을수록 화장 개 잘먹고 각질도 안일어나고 덜 뜹니다. 그래서 기초랑 각질정리를 화장 전에 잘해줘야 돼요,True,@우히히-r2o
@짥,@@kamx135동현이 나가,True,@우히히-r2o
@우히히-r2o,@@kamx135 피부가 너무 건조해도 뭉치거나 뜨고 반대로 유분이 너무 많아도 기름져보임다 그래서 기 초를 하는것도 있지요.. 확실히 피부상태가 좋아야 깔끔하게 베이스가 먹더라구요!!,True,@우히히-r2o
@AgathaBonnie-h3f,그놈의 ㄱ글 에서 벳프리 때문에 내거기 닳고 닳아서 없어지겠네?,True,@우히히-r2o
@ameliaoktaviani371,"Hyeri, kamu sangat cantik, dan riasan itu cocok untukmu... Haaaaa indah sekali 😍🥰",False,
@삐삐문어,헤어밴드 너무 예쁜데 어디꺼인지 아시는분.....ㅠㅠ,False,
@두데데,에이레브꺼에욤,True,@삐삐문어
@삐삐문어,헐 감사합니다 ㅠㅠㅠㅠㅠ,True,@삐삐문어
@chantoy_91,ㅠㅠ 포토이즘 1탄 2탄 <br>다찍고올렸는데..싸폴 탈락!<br>혜리나 포토이즘 꼭받고싶어요..!<br>오늘 하루도 혜리덕에 행복합니다!✨<br>2024년 정말 수고했어요!👍🏻,False,
@nss__ch,기대해 혜리 보고 입덕한 사람 여기 있어요..❤️❤️ 그때도 예뻤는데 4세대 아이돌 메이크업도 넘 잘 어울려요🥹🥹 나중에 걸스데이 활동 때 했던 메이크업도 보여주세요!!!! 혜메코 응원해 알랍🫶🏻 (혜리&amp;혜리나 네컷 간절히 갖고싶다..흑 혜리랑 찍은 포토이즘 옆에 보관하고 싶어요💞),False,
@yurichae1681,혜리나 진짜 너무 예쁘다🥹❤️ㅠㅠㅠㅠ지금 한국 유학중인데 하나의 추억으로서 혜리나 포토이즘 원본 갖고싶다🫣당첨하면 얼마나 행복할까요…혜리언니 항상 재밌는 콘텐츠 고마워요!!늘 응원해요🫶🫶🫶,False,
@nataliagalhardo9570,Sempre muito simpática e linda!!!,False,
@Kororozinhouw,"Karina is gorgeous, but Hyeri is on another level of beautifulness",False,
@꼬미호,이쁜애가 카리나 화장하고 카리다 하면  흠,False,
@s.1960,와 혜리나 진짜 너무너무 설렌다❤ 와 진짜 너무 갖고싶다ㅠㅠㅠㅠㅠㅠㅠㅠㅠㅠ꺼이꺼이 저요 저요 제발 저요❤,False,
@Those_days_idle,썸네일 카리나인줄 ㅠㅠㅜㅠ 혜리나랑 카리나랑 만나면 넘흐 재밌겠다…🤍,False,
@Those_days_idle,"ㅠㅜㅠ몇주전에 트위터에 혜리나 목격담중에 포토이즘 사진 들고있다해서 엄청 궁금했었는데 <a href=""https://www.youtube.com/watch?v=ek1xemn5PMM&amp;t=1110"">18:30</a> 너무 이쁘고 너무 탐난다😳😳 언니 요즘 팬이 더 늘고있어서 너무 행복해  항상 열심히 하는 언니의 노력을 알아주는것같달까…  한주에 한번씩 꼬박꼬박 유튜브 올리는것도 힘들텐데 항상 재밌고 흥미로운 컨텐츠들 만들어줘서 너무 고마워.. 반복되는 일주일이지만 언니 유튜브를 볼때만큼은 호탕하게 꺄르륵 웃곤해☺️ <br>며칠전 버블로 언니한테 많은 힘을 받은것 만큼 우리곁에 있는 한 해줄수있는거 모두다 해줄꺼야 🫶🏼 <br>너무 사랑하고 애정하고 고맙고 내일도 화이팅 하기로 약속… 잘자 🤍",False,
@2jung.8,혜리나 진짜 갖구싶어용 격하게 !!!!!!! 신사동 혜리나였던❤,False,
@해쉬브라운-v7l,혜리나ㅋㅋㅋㅋㅋㅋㅋㅋㅇㅈ 아 헤어밴드 낼달라는것도 터짐,False,
@味付けたまご-u8x,"<a href=""https://www.youtube.com/watch?v=ek1xemn5PMM&amp;t=1198"">19:58</a>　カリナの美貌も信じられないくらいだけどヘリの美貌もやっぱとんでもない",False,
@laneige_kr,혜리나 메이크업 예쁠 때마다 이마 쳤더니 거북목이 완치됐어요....  글로우를 넘어서 뿜뿜하는 광채에 눈이 멀 지경..... ✨ 글로이 세럼과 글로우 쿠션 기획전 기간 동안 커어어어~다란 혜택들이 많으니 놓치지 말고 다들 받아가세요~~ 💗,False,
@냠-e3g,혜리야 진짜 존나이뻐 너가 4세대 다씹어먹어 ㅠㅠㅠ,False,
@정민-x7r,🫰😘😍 혜리얌!!! ❤️❤️,False,
@정민-x7r,😁😆,False,
@marcellaydb,혜리는 혜리야 ❤,False,
@karinter9380,너무 이뻬당 언니 해리나,False,
@dddjjj7755,언니 왜 이렇게 예뻐요..🥹 다시 무대 서야겠다,False,
@쏘율밍혤-q7s,잘어울리는데요? 본판이 예뻐서 뭐...,False,
@ivanovitchniigaki5550,🇲🇽💞💕TE AMO HYERI BESITOS🌹😉🇰🇷,False,
@ebby7658,😂😂😂😂😂😂😂,False,
@impielielooya,헤어밴드 예쁘다.. 어디껀지 아시는분,False,
@두데데,에이레브 제품이래용,True,@impielielooya
@bloodybubblegum1075,She suits girl crush makeup alotttt ❤,False,
@장형근-t1n,화이팅,False,
@musicianthe4128,썸네일에 혜리나(?) 보고 득달같이 들어왔습니닼ㅋㅋㅋㅋㅋㅋㅋㅋ💕👍🏼🫰🏼,False,
@전익-r5v,아무것도 안해도 세상 얘쁜데,False,
@Injallims,혜리나 너무너무 예뻐여❤️💚🩵,False,
@tsuchou2241,lol 🤣nice content. whiplash let&#39;s go,False,
@쟝이-0609,"와중에 <a href=""https://www.youtube.com/watch?v=ek1xemn5PMM&amp;t=1083"">18:03</a> 프레임 7000원 보고 놀란거 너무 나같아서 웃겼다 하",False,
@쟝이-0609,"너무 아름다와,,, 혜리&amp;혜리나 포토이즘 <a href=""https://www.youtube.com/watch?v=ek1xemn5PMM&amp;t=1071"">17:51</a> 너무 이쁜데 원본 보고시퍼요🥹🥹🥹🤍🖤🤍🖤",False,
@user-rb9be2bc7e,이뻐요❤  렌즈궁금해요,False,
@YoonSeo02,넘 골져스한데요... 넘 예뻐...,False,
@해물파전-v1b,아이돌 컴백하자,False,
@LeeJaeYong0905,썸네일에 홀려서 들어왔습니다...진짜 너무 찰떡 메이크업 아닙니까...!!! 진짜 이런 콘텐츠는 언제나 환영입니다^^,False,
@karinter9380,카리나 언니따ㅏ,False,
@ssc2953,카리나보다는 뉴진스 누구 닮은거 같은데!!,False,
@choikkyung,그냥 이쁘잖아,False,
@엘레고스,내이름은 이혜리 거꾸로해도 이혜리,False,
@giselleakgae4100,omg she could easily be in a group like aespa. Ageless.,False,
@Duck_Hamzzi,짱,False,
@Hhh3times,코리나 인데?,False,
@jaeseungjeon8919,혜리 카리나  지수   3대 얼짱 여신,False,
@WaferKeju-p3k,MAKE UP GIRLSDAY,False,
@Perkedeljagung03,메이크업 걸스데이 부탁드려요,False,
@Perkedeljagung03,I NEED MAKE UP GIRL,False,
@jh_1025,혜리나 진짜 너무 이쁜데 완전 잘 어울리쟈나 담에도 아이돌 메이크업 한번 더 해주세요…💗💗💗 맞다 위플래시 챌린지는 안 찍었나요 넘 궁금하고 보고싶어요😳🙏🏻,False,
@jh_1025,참고로 저도 포토이즘 무진장 갖고싶어요…<br>올해의 마지막 소원🙏🏻<br>혜리나 포토이즘 당첨되기,True,@jh_1025
@Perkedeljagung03,BIKIN MAKE UP GIRLSDAY,False,
@user-bd7gc3hl6w,중간에 걸데 때 나오는데 넘 예쁨 ㅠㅠ,False,
@천사루키-m3i,썸넬보고 반해서 왔어요❤,False,
@CH-fx7rw,제눈엔 언니가 카리나보다 얘뿌요...❤️ 저 주세요오 혜리나 포토이즘🥺🫶🏻,False,
@cmyglorize,아니 진짜 썸네일 줠라 예쁜데…????? 아니 더 예쁜데 혜리 나라 세워 미친,False,
@둔땅-m3t,언니 겨쿨이니까 더글로리 박연진 메이크업 어때요 이쁠 것 같은데,False,
@fud535,감사합니다,False,
@야라구해,나이는 어쩔수엄구낭😢,False,
@ŞuleKaraca-p9j,We want jisoo version too hyeriyaaa,False,
@ShrimaliAdikari,Yessss,True,@ŞuleKaraca-p9j
@영어정복-y7j,확실히 카리나가 세련되고 섹시한얼굴이구나,False,
@뭐-v9v,이런 애들 특 카리나 영상 가서는 악플 달음,True,@영어정복-y7j
@영어정복-y7j,@뭐-v9v  엥 뭔개소리냐 카리나악플을왜담?,True,@영어정복-y7j
@roseannelie,Liat spill foto Hyeri cosplay karina kemarin2 kirain apaan ternyata iniii😂Jadi kangen agents of mystery 😫,False,
@lilac7910,❤❤❤❤,False,
@hyeri_jisoo,오늘 혜리나 메이크업 너무 이쁘다 올라오자마자 보는거 진짜 오랜만인데 오늘도 유튜브 올려주셔서 감사합니다❤,False,
@6v6sunnyday,개지림다,False,
@Godorikim,어둠의 카리나 혜리나 너무알흠다우십니다,False,
@히디비싯,혜리나 개웃기네ㅋㅋㅋㅋㅋ,False,
@흐흐흐-q7d,헐 개이쁘다,False,
@김소영-x4o8c,저두 푸바오 쿠션샀어요 루이후이바오있는걸로~ㅎㅎ,False,
@kimsona413,분명 분위기는 카리나님인데 이목구비는 너무 혜리누나라서 너무 예쁘고 규ㅣ여웤ㅋㅋㅋㅋㅋㅋㅋㅋㅋ 카리나님 메이크업하고 밖에 나가서 사람들 눈치보는거 댕커엽ㅋㅋㅋㅋㅋㅋ큐ㅠㅠㅠ 이번 컨텐츠 넘 좋다❤❤❤❤,False,
@Abouttime-o6u,내년엔 걸스데이 완전체 컴백 볼 수 있나요 ㅠㅠ<br>작은 스페셜 음원으로라도 활동 해줬으면 좋겠어요.. 데이지 7년째 기다리고있어요🌼,False,
@yeon6426,걸스데이 완전체라.. 어려울 거 같아보이는데 모이면 너무 행복할 거 같아요 그때랑은 다른 컨셉부터 번인한테 다 맞는 헤메코로 무대한다니 너무 가슴뛰네요🥺🤍,True,@Abouttime-o6u
@무식이두마리치킨,이름하여 혜리나,False,
@abp214,❤❤❤,False,
@hretruu,썸네일 보고 왔는데 미쳤어 너무 예뻐,False,
@moral_king.,혜리야!행복하자!❤,False,
@xayahad,있지 예지님 느낌도 살짝 나네요 ㅋㅋ,False,
@신상현-j5x,엥 전혀 혜리가 훨 아름다운뎅 ㅋㅋㅋ 쌩얼이그냥 더 이쁘시네용,True,@xayahad
@Baegopop,오 썸네일 비슷하긴하다,True,@xayahad
@Blue-f9u3u,데뷔전 인스타 과사가 예지 닮앗엇음 그땐 제왚 고양이상이 였는데,True,@xayahad
@gebeetbtwtnn,이 말은 기분나빠할거같은데,True,@xayahad
@ziralma8276,걍 메이크업이랑 스타일이 비슷해보여서 그런걸수도있지 예지 이쁘기만한데 트집잡네,True,@xayahad
@한성훈-b5c,대박 ㅋㅋㅋ 혜리누나가 지민누나 메이크 업을 커버한다고???ㅋㅋㅋㅋㅋ 둘이 같이 있으면 얼굴라인이 비슷해 지민누나 메이크업 성공 가능 있을 듯 ㅋㅋㅋ,False,
@h_right4430,❤❤❤,False,
@discography_Playlist,"hahahaha<a href=""UCkszU2WH9gy1mb0dV-11UJg/m8MfY4jbFsWJhL0PyouA2Ak""></a>",False,
@user-jc9ex6xy3z,🩷🩷🩷,False,
@SEONGGEUNKANG-xb5ob,혜리누나 이쁘다❤❤,False,
@누워-v6u,아름다우십니다,False,
@박기범-v3y,혜리님 메이크업이 너무 예뻐요,False,
@vasudevtiwaritales20,Hyeri so pretty love you ❤,False,
@neilhap7797,Mirip hehe,False,
@shottriple9731,혜리최고,False,
@taengoo8939,헐🥹🥹🥹🥹🥹🥹🥹💋💋,False,
