author,comment,is_reply,reply_to
@KimKangmin,"디너링크 https://<br>디너링크<br><a href=""https://mobileticket.interpark.com/goods/24014768"">https://mobileticket.interpark.com/goods/24014768</a><br><br>세미나링크<br><a href=""https://mobileticket.interpark.com/goods/24015873"">https://mobileticket.interpark.com/goods/24015873</a>",False,
@raphaelserpa4376,🇧🇷,True,@KimKangmin
@Ras160,how much in dollar it cost?,True,@KimKangmin
@TheJojoso,"Bro, there&#39;s not even a translate option.<br>And I can&#39;t speak Portuguese nor Korean 😢.",False,
@dutra1954,saudações do Brasil para a Coreia!!!!!!! somos irmãos distantes 🇧🇷 🇰🇷 ♥♥<br>브라질에서 한국으로 인사드립니다!!!!!! 우리는 먼 형제입니다 🇧🇷  🇰🇷 ♥♥,False,
@noahhowardmarshall,"보통사람이 아니네. 피곤할텐데 온갖 유튜브에 다 출연하는거보니, 열정이 정말 대단하다.",False,
@polfachini6489,CHAMA! 😎👊🔥🇧🇷,False,
@멋지다-p3j,홍길동이 소설이 아닌듯. 동해번쩍 서해번쩍.,False,
@먹전무,강민씨  우리나라 대표 하는  쫄지  않는 모습에  감탄  햇습니다,False,
@mariaolsson730,chama,False,
@wesleysousa96,🔥,False,
@JudoboyAlex,Alex Pereira 가 이런 유트브 채널에 나올때 얼마 받나요? 여기 저기 많이 나오덛데,False,
@hoony797,긴가민가라니 ㅋㅋㅋㅋ,False,
@jtghfghusce,으어? 어? (아... 카프킥 마렵네),False,
@guylucky1508,김강민선수 표정에서부터 인성이 보인다 굿굿 페레이라를 가장 편하게 대하는것 같음. 둘다 만세~~,False,
@elielpace,Aqui está o comentário brasileiro que você procurava!!!,False,
@Elismarrego,Parabéns pelo carinho com o POATAN,False,
@Sedam169,Chama,False,
@esdrasduylo3012,❤❤🇧🇷,False,
@rafaelbonatto904,"Pereira seems very tired of all the recent travels, this man doesnt stop",False,
@guilhermeW08,Lets go!,False,
@bigherokws6291,한국에서 때돈벌어간다 ㅋㅋ😅,False,
@Brenda-qh3tr,É muito legal ver o Alex nos vídeos de caras que eu gosto de assistir 😅😅,False,
@LavenasLowman,도파민 가득차는 소리가 여기까지 들림 ㅋㅋ 롤^지*노 에서 도파민 충전 ㄱㄱ,False,
@LindsayWildorr,스포츠 e스포츠 카지노 전문이라는 롤🌞지🌞노 언제든지 접속바람,False,
@ShannaKilroyy,딱 저녁 퇴근시간에 발매가되고있는 스타끝장전 스 폰빵 ㅋㅋㅋ 뱋하고 봅시다! 경로: 롤지노,False,
@DelorisMorradpp,괜히 이곳저곳 돌아다니지 말고 롤 좋아하면 롤✊지👉노 에서 재미좀 봐요,False,
@PatriciarBorrett,게임을 좋아하는 대한민국 그런분들을 위해 준비 단단히했습니다 롤❤지❤️노 ㅎㅎ,False,
@ToniarUdale,하도 밈처럼 댓글에 많이 보이는 i롤i지i노i 이렇게 재미있는걸 이제야 발견하다니,False,
@ThurstanMacAllesteraa,안전띠 확실하게 잘되어있는 명예의전당 롤😣지😣노 ㅋㅋㅋㅋ 바로 달려왔습니다,False,
@RandellTanbya,롤지노?? 구글 링 정도만 해봐봐요 무엇인지 확실히 감 잡을 수 있음ㅋㅋ,False,
@MervarStubbe,아아아~ 공습경보 공습경보 ~ !! 롤o지o노 주가상승 자세한것은 구글을통해 확인해용,False,
@SharonTwamleyaa,비제이X을 댓글논란을 이어갈 롤〈지〈노 ㅋㅋㅋ 꿀잼비제이 ㅂㅌ ㄱㄱㄱㄱ,False,
@HyndarGero,롤지ㅎ노 하루에 한번은 무조건 방문하는 전설의전당급,False,
@jairroberto5321,Chama ou não chama!,False,
@CrazyKimmano,"<a href=""https://www.youtube.com/watch?v=he9dQBabpjs&amp;t=385"">6:25</a> 차가운 왼손주먹과는 다르게 페레이라도 따뜻한 인간미가 있다. 큰일이다. 보면 볼수록 호감이다. 고국으로 보내고 싶지않다…",False,
@xxzzZzz,샤마~~,False,
@torontomobster,"that girl translates korean to portugese?!?!! thats fckin amazing, kudos to her shout out to her! CHAMA",False,
@bitterweet5115,alex is so huge its crazy,False,
@user-qt8ts4sx7s,팔 다리 진짜 뒤지게 기네,False,
@hdhkkk,다리를 만드는 사람 다리를 부시는 사람 ㅋㅋㅋㅋㅋㅋ,False,
@목목이-s5l,약을빨았는데도 페레이라보다 사이즈가 작네,False,
@157Evander,chama 🔥,False,
@망고-k7i,브라질에서도 헬스 배우면 언제든지 배우고 할 사람이  뭐한다고 한국까지와서 헬스 체험까지 하냐 대단하다 대단해 사람 혹사 시키나,False,
@이조엘-o2s,통역사 누님 미모가..ㄷㄷ<br>콧대가 연예인급이네 ㄷㄷ,False,
@andersoncastro3907,"like from brazil, vídeo top, very good",False,
@noah1114-bc3fn,"&quot;범법들과 죄들 가운데서 죽었던 너희를 그분(하나님)께서 살리셨도다.<br>지나간 때에는 너희가 그것들 가운데서 이 세상 행로를 따라 걸었고 공중의 권세 잡은 통치자 곧 지금 불순종의 자녀들 안에서 활동하는 영을 따라 걸었느니라.<br>지나간 때에는 우리도 다 그들 가운데서 우리 육신의 욕심 안에서 생활하며 육신과 생각의 욕망들을 이루어 다른 사람들과 같이 본래 진노의 자녀들이었으나<br>자비가 풍성하신 [하나님]께서 친히 우리를 사랑하신 자신의 크신 사랑으로 인해<br>참으로 우리가 죄들 가운데서 죽었을 때에 우리를 그리스도와 함께 살리셨으니 (너희가 은혜로 구원을 받았느니라.)<br>또 우리를 함께 일으키사 그리스도 예수님 안에서 하늘의 처소들에 우리를 함께 앉히셨으니<br>이것은 그분(하나님)께서 그리스도 예수님을 통해 우리에게 베푸신 친절 속에 (담겨) 있는 자신의 은혜의 지극히 풍성함을 다가오는 시대들 속에서 보여 주려 하심이라.<br>너희가 믿음을 통해 은혜로 구원을 받았나니, 그것은 너희 자신에게서 난 것이 아니요 [하나님]의 선물이니라.<br>행위에서 난 것이 아니니, 이것은 아무도 자랑하지 못하게 하려 함이라.<br>우리는 그분의 작품이요, 그리스도 예수님 안에서 선한 행위를 하도록 창조된 자들이니라. [하나님]께서 그 선한 행위를 미리 정하신 것은 우리가 그 행위 가운데서 걷게 하려 하심이니라.<br>(에베소서 2:1-10)<br><br>&#39;&#39;우리 [주] 예수 그리스도를 순전하게(진심으로) 사랑하는 모든 자들에게 은혜가 있기를 원하노라. 아멘.   (에베소서 <a href=""https://www.youtube.com/watch?v=he9dQBabpjs&amp;t=384"">6:24</a>)",False,
@AndersonOliveira-d2o,Muito bom chama 🔥,False,
@pv2363,우리나라 모든 유튜브를 다 섭렵하고 있는 당신은..,False,
@OrtegaJ-t6e,남자가 유흥도 안 다니시고 진짜 바쁘게 보내시고 멋있다.,False,
@김소환-j1l,샤마 노 샤마?,False,
@jihyrk,마지막 포징잡는거 왤캐 커엽누 ㅋㅋㅋ,False,
@beolle8552,강민이 형 페레이라 옆이라 긴장했는가 땀이 평소보다 많이 나는거같지 왜ㅋㅋ,False,
@arthurrodrigues694,🤣🤣🤣,False,
@geovannemarcial8392,muito respeito aos Coreanos por gostar do Alex,False,
@frankthetank819,He couldn’t even move Alex in the arm wrestling position 😂😂,False,
@bbarkk6257,"<a href=""https://www.youtube.com/watch?v=he9dQBabpjs&amp;t=431"">7:11</a> 으어햄 너무 귀엽다 진짜ㅋㅋㅋ 인간미 어쩔거야 😂",False,
@강강-x4f,"<a href=""https://www.youtube.com/watch?v=he9dQBabpjs&amp;t=320"">5:20</a> 다리자랑하려고 걷으니까 부러지고싶냐고 물어보는거 개살벌하네 ㅋㅋㅋㅋㅋ",False,
@오세준-q2l,팔씨름하는건 개짜치네 ㅋㅋㅋ<br>배민 팔씨름 배달기사 썰 보고 구라같다고 생각했는데 ㅋㅋㅋ<br>그 유형이 딱 여기있었노 ㅋㅋㅋㅋㅋ,False,
@nazo7788,으어형 귀여워....ㅎ,False,
@greatehan1630,조만간 국빈관에 뜬다 실바처럼,False,
@m_kyo,Ufc 챔피언에게 스쿼트 알려주기..,False,
@코로보로-h7e,"<a href=""https://www.youtube.com/watch?v=he9dQBabpjs&amp;t=107"">1:47</a><br>번역: 긴 말은 생략한다",False,
@reiche932,"&quot;Com certeza, a gente está aqui não apenas para conhecer o país, estamos conhecendo os métodos e vamos acrescentar nos nossos treinos&quot;.",True,@코로보로-h7e
@Hyostar,인자강인건 알겠다 이런 스케줄이면 프로던 일반인이던 피곤해 뻗을듯 ㅋㅋㅋ,False,
@아아아아-j5k,페레이라 코치는 진짜 덩치 미쳤네 ㅋㅋㅋ ufc선수중에도 저정도 덩치는 못본거같은데,False,
@김현우-j6u6f,표정이 되게 편해보인다 ...,False,
@Rataelic,what the hell is this collab 😂,False,
@모니-c1r,근데  페라 어디에서 힘이 나오는지 궁금하다  한방 맞으면 다 떡실신되니<br><br>그냥 둘 비교 하니    멸치 같은데<br><br>페라  카프 한방차버리믄<br><br>다리몽둥이  뿌려질듯  헬스 남ㅋ,False,
@TV-wy9eu,페레이라 방한한번으로 수십억 벌여가누만,False,
@Chuchuo_o-w5d,ㅋㅋㅋㅋㅋㅋㅋㅋ안보이는데가 없네 진짜,False,
@김강현-n5l,보디빌더 팔뚝이랑 크게 차이 안나네....,False,
@후후후-m8y,실전 압축 근육 지리네ㅋㅋㅋㅋㅋ,False,
@파코-x3j,웨이트는 겁나못하네,False,
@MiamiRealEstateAgent,Impressive translation skills from the lady. Respect.,False,
@cricketmasalafansallaround4381,What a body ❤❤❤❤,False,
@DanGam109,시작부터 빵터지네 긴가민가를 보면 ㅋㅋ,False,
@MrKwakwon8644,통역사이쁘네 ㅎㅎ,False,
@Sai-e1y,둘이 싸우면 누가 이김?,False,
@얼음-e6w,ㅋㅋㅋㅋㅋ쟤 10명 복사해도 페레이라가 갖고논다 ㅋㅋ 턱뼈 다 박살냄,True,@Sai-e1y
@C싸마,페레이라 넘 좋아~~~♡,False,
@nigankalil9266,🇧🇷,False,
@56ghjMcwdfgr,"More People Need to Know This<br><br>Liu Chien-kuo, a member of the Legislative Yuan.<br><br>Legislative Yuan member Liu Chien-kuo said he felt sad after he watched the documentary. He said the crime of organ harvesting carried out by the CCP is a cruel act that violates humanity. It’s inhumane and unbelievable.<br><br>“I will work on legislation against forced organ harvesting. The world needs to know the truth about organ harvesting,” he said. Liu encouraged everyone to pass on the information so that more people could condemn the persecution, from Taiwanese politicians, members of all political parties, and the public. Organ harvesting from living people should not be allowed to continue.<br><br>Unbearable Pain<br><br>Ding Rongzhe, Chairman of Yunlin County Medical Doctors Association.<br><br>Ding Rongzhe is the chairman of the Yunlin County Medical Doctors Association and said he was deeply disturbed after watching the documentary. “In this documentary, each organ transplant case caused a series of tragedies for several families, and I felt very heavy after watching it,” he said. <br><br>“The CCP treats people like animals. What’s even more cruel is that they don’t use anesthetics, so it’s very painful,” he added. “During the process of organ harvesting, people do not die immediately, which is unimaginable pain.<br><br>“Should we still deal with such a regime? We are not anti-China, but we are against the Chinese Communist Party’s cruelty and inhumanity,” he said.",False,
@멋진하루-n6g,경기할때도 사람이 되게 침착하고 차분해서 사람 자체가 강하구나 느꼈는데 <br>이렇게 실제로봐도 사람이 겸손하고 매너있는거보면 사람이 정말 내적으로나 외적으로나 강한 사람인듯,False,
@다3-g2m,페레이라가 약먹의면 김강민보다 더몸좋아,False,
@summunbonum,"<a href=""https://www.youtube.com/watch?v=he9dQBabpjs&amp;t=323"">5:23</a> 다리 어떠냐고 했더니 부숴지고싶냐?zzzzzㅋㅋㅋㅋㅋㅋㅋ강민이 표정까지 개웃기넼ㅋㅋㅋㅋㅋㅋ페레이햄 대유쾤ㅋㅋㅋㅋㅋ",False,
@JaysnewFlight,as a english native I just have to suck it up lol,False,
@seoulkimchi50,네츄럴 vs 비네츄럴... 가슴이 웅장해진다!!!,False,
@OldSchoolBaller,Kang Min reminds me of Bolo from the Bruce Lee movies,False,
@성현이-l6u,격투에 방해되는 거 아닐지..ㅋㅋ,False,
@얼음-e6w,보디빌더급으로만 안하면 됩니다 ㅋㅋ 보디빌더정도로 당연히 근육 키우면 오히려 싸움은 못해지죠 ㅋㅋ,True,@성현이-l6u
@greencnb901,Wow alex speak korea 😂🎉,False,
@juanneves769,como um apreciador da cultura coreana e um amante das series coreanas  tenho que maratonar todos os videos do alex com meus conhecidos coreanos,False,
@정민수-x3s,진짜 재밌게 봤습니다  페레이라도  오히려 이렇게 조용하고 편안하게 하는걸 좋아하는듯...,False,
@ViewForYou,각각 로열티 얼마씩 쳐발랐길래 알고리즘 채널에 다 나오는 거냐? 최소 30분 촬영 기준 3천만원? 10분당 천만원 맞아?,False,
@vrpoppin9115,"<a href=""https://www.youtube.com/watch?v=he9dQBabpjs&amp;t=95"">1:35</a>  아무도 알렉스가 약하다고 생각안해요..<br>한국에서 가장쎈 형인데...",False,
@erickpalma7259,Does the girl translator speak Portuguese too ?!,False,
@trinityz5540,BRO WHERE ARE ENGLISH SUBS 😮!!!!,False,
@mebtadmasd2347,"ALEX looking so skinny,l think it is my first time seeing him look like this thine and tall...shows you how much body builders are big.",False,
@mebtadmasd2347,😂,True,@mebtadmasd2347
@Coconenne558,궁금한데 출연료 얼마정도 해요?,False,
@mensa2030,페레이라 진짜 심성짱~~~~,False,
@user-cw4do7cw5s,페레이라 근비대가 별로안된몸인데 엄청크네요 ㄹㅇ 인간병기네,False,
@짜이탄엄마봉.쥐에기,"<a href=""https://www.youtube.com/watch?v=he9dQBabpjs&amp;t=292"">4:52</a> 팔씨름, 헬스충들 종결짤. 팔씨름,헬스잘한다고 힘쌔다며 가오잡지말자",False,
@IsraelJames-b1z,CHAMA!,False,
@chelseatheblues6270,으어형이랑 스파링 기대했는데 아쉽 ㅠㅠ 30초만에 GG치는 모습 보였으면 떡상각인데,False,
@잡어-h6d,페레이라 그만 괴롭히자,False,
@쿨케이-g2y,호감상이야 ㅋㅋㅋㅋㅋ 할로웨이 다음으로 좋다 ㅋㅋㅋ,False,
@lostdream3333,"<a href=""https://www.youtube.com/watch?v=he9dQBabpjs&amp;t=322"">5:22</a> 다리 걷으니까 바로 킥차려고 하네 ㅋㅋㅋㅋㅋ",False,
@대한민국보1호손흥민,리치 차이가 어마어마하노,False,
@무야호-k2b7r,신기한게 ㅈ된 거 에 비해 언론이고 뭐고 되게 잠잠함 외신보도 보고나서 시끄러워지겠다 싶었는데 은근 잠잠해서 산기했달ㅋ가,False,
@승이-r5s,"<a href=""https://www.youtube.com/watch?v=he9dQBabpjs&amp;t=382"">6:22</a> 페레이라한테까지 올라잇을 전수해주는… 역시 재훈이형님 인맥 잘뒀네",False,
@Zzi7777-v6x,그뉵이 없어도 간지날수있구나,False,
@지훈-e8f,페레이라가 멸치로 보이네. 와,False,
@gotz617,다리부서지고싶대?ㅋㅋㅋ너무재밌게봤습니다😁,False,
@유로-e8v,페레이라는 네츄랄 같다,False,
@존만이-r9v,"페레이라형 안피곤하나, 와",False,
@송승현-x2g,멋지다,False,
@Sl-kb7wq,"<a href=""https://www.youtube.com/watch?v=he9dQBabpjs&amp;t=115"">1:55</a> 한참 말했는데 통역 “좋아요🤡” ㅋㅋ",False,
@gunpkim4282,와 ufc 선수들도 기본적으로 보디빌딩 다 할거라 생각했는데 확실히 운동이 다르네요 ㅎ,False,
@강군-t7c,아니 이형 여기도 왔다갔어 ???? 와따 뭐여 ?,False,
@짜라짜라짜짜짜-r1i,저런 격투기 선수도 웨이트는 잘알지는 못하는구나,False,
@김현종-d7h,대단하다 월드 라는 이름은 아무나 가지지 못하는구나...<br>배움에 끝은 없다라는 말이 다시한번 느끼게 되네요,False,
@KIMIKIM17,으어형 여기 또 왜나와 ㅋㅋㅋ,False,
@jos4184,Alex is a very nice person. You can see that he is very tired and yet he did the training and continued to treat everyone very well.,False,
@polfachini6489,minhoca na areia quente 🤣🤣,True,@jos4184
@emersonoliveira2086,🇧🇷,False,
@erERkmr1,가뜩이나 둘 다 낯가리는 성격인데 거기다 카메라나 사람들도 다 주목하고 있으니  김강민 그냥 얼음장이 된듯 ㅋㅋ,False,
@Tooooombro,이러다<br>여섯시<br>내고향에도 나오겠네,False,
@김태완-g2h,진짜 페레이라 선수 바쁘시네유,False,
@iu6fv8ts2e9,쉬러온거 맞아? ㅋㅋㅋㅋㅋㅋㅋ,False,
@황지후-d2b,"<a href=""https://www.youtube.com/watch?v=he9dQBabpjs&amp;t=275"">4:35</a> 오른쪽 뒤에 폴블랑코 특별출연??????",False,
@그냥사람-l1j,통역분 . 잘하시네요^^!!!!,False,
@송명근-c4x,페레이라 놀러온거아님? ㅈㄴ뺑뺑이도네ㅋㅋㅋ여기저기다불려다니네 스케쥴개빡세노,False,
@Leehosun24,진짜 이러다가 우리집까지오겠어 ㅋㅋㅋㅋ,False,
@jj-xj7vl,???:으어,True,@Leehosun24
@jeomchon996,아니 진짜 한국에 있는 사람 다 만나고 갈 기세네,False,
@닉네임-g2j7k,조만간 나도 보러 오겄네,False,
@jean8223,체력 지린다 안나오는데가 없네,False,
@이성환-d3h,페레이라 체력 진짜 ㄷㄷ ㅋㅋㅋㅋㅋㅋㅋㅋ,False,
@vlzmffjt88,입금 감사합니다.,False,
@아카시아-b2i,격투기나 파워풀한 몸놀림이 많은 종목의 운동선수들은 웨이트 할 때 보디빌더식 고립운동은 금지 아님?,False,
@축구천재보123질,ㅇ 그래도 한번 체험해본다잖아 알렉스가,True,@아카시아-b2i
@Theknock7,"페레이라선수가 한국에서 좋은시간을 많이 갖고 가는거 같아서, 기분이 좋네요!",False,
@cool5810okokok,Ufc  홍길동,False,
@Killing666,샤마,False,
@양민이-u9d,긴가민가.---&gt;김강민? <br>ㅋㅋㅋㅋㅋㅋㅋㅋㅋㅋㅋㅋㅋㅋㅋㅋㅋㅋㅋㅋㅋㅋㅋㅋㅋㅋㅋㅋㅋㅋㅋㅋㅋㅋㅋㅋㅋㅋㅋㅋㅋㅋㅋㅋㅋㅋㅋㅋㅋㅋㅋㅋㅋㅋ,False,
@느루행,알페가 대한민국 씹어먹고 다닌다,False,
@chungseal6830,왜 다 페레이라 앞에서 눈이 착해지는건데 형들 ㅋㅋㅋㅋㅋㅋㅋㅋㅋㅋㅋㅋㅋㅋㅋㅋㅋ아니 선수들도 싹 다 착해지던뎈ㅋㅋㅋㅋㅋㅋ강민이형 팬이에요~,False,
@나를찾아서-n6w,아니<br>뭐야?? 스케줄을 얼마나 하는거야???? <br>다<br>나와 ㅋㅋㅋ,False,
@TYP_bedwaes,헉!!!페레이라가 키가 175인데 <br>그럼 김강민은 141인가???,False,
@user-wc5mb4ft9t,?,True,@TYP_bedwaes
@pexges,페레이라 194다 인마,True,@TYP_bedwaes
@이준혁-f6w9n,저기 스크린도 있어?,False,
@user-pnl2j9w6j1z2i,으어?,False,
@아트만-g6e,세계최고의 선수가<br>겸손하고<br>남을 배려할 줄 알고<br>새로운 분야를 배우는 자세또한 <br>경건하네요<br>한 분야의 대가로서도 <br>한명의 인간으로서도<br>참 배울점이 많습니다<br>대체로 재능이 높으면 덕이 박한 경우가 많은데<br>참 여러모로 대단한 인물인것같습니다<br>존경합니다 페라이라선수님,False,
@polfachini6489,❤🇧🇷👊,True,@아트만-g6e
@jjun5922,통역누나도이쁘시네 ㅋㅋ,False,
@노비비-n8h,다리부서지고싶대?하니깐 김강민씨 표정 ㅋㅋ ㅋㅋ ㅋㅋㅋ ㅋㅋㅋ ㅋㅋ 진지하게 겁먹은거 같은데 ㅋㅋ ㅋㅋ ㅋㅋㅋ,False,
@andersonjack6909,으어❤,False,
@폭행몬스터-i8t,"진짜 무언가를 배울 때, 페레이라의 자세와 눈빛. 그냥 미쳤다.......샤마...",False,
@맏드롱,조만간 우리집 앞에서도 보일듯! 으어~~~,False,
@BeBe-py1rs,야차룰로 박원식따리도 못이기는 강민이 민수가 페레이라한테 감히,False,
@이놈리스크,몸좋네요 네츄럴이심?,False,
@장원준-v9u,한국 쉬러 온 거 아닌가요..와.....스케줄이 ㅠㅠㅠ 너무 운동...ㅠㅠㅠㅠㅠㅠㅠ 부디 좋은 추억만 가지고 가길 진심으로 바래요 으어형 ㅠ,False,
@wojiw,이게 무슨조합이지? ㅋㅋㅋㅋㅋ,False,
@ROYALVVIP,페햄한테는 이번 컨텐츠가 젤 도움될듯ㅋㅋ 어줍잖은 스파링 하나마나임.,False,
@astronaut10,페레이라 온 김에 뽕을 뽑는구나 안 보이는 채널이 없노 ㅋㅋㅋㅋㅋㅋㅋㅋㅋㅋ,False,
@michaelscofield864,통역하는 여자 분 코도 예쁘고 피부도 좋네,False,
@하늘-o9d,본인등판,True,@michaelscofield864
@김대빵-p9j,스케줄 미쳤네 ㄷㄷ   선릉에서도보고 강남역에서도봄 ㅋㅋㅋㅋㅋㅋ<br>잠은 오후에 자는건가 ㅋㅋ,False,
@고독쓰,페햄... 좀 쉬다 가지,False,
@dreamcity8160,단순히 돈 때문에 이곳저곳 출연 하는건 아닐것 같은데.. 대단하긴하네;;;,False,
@따흐흑-o1f,페레이라 한국와서 유튜버들한테<br>질질끌려다니누 ㅜㅠ 개 불쌍...,False,
@Internet_Tough_Guy,CHAMA !! 🐐,False,
@LaMong2023,"<a href=""https://www.youtube.com/watch?v=he9dQBabpjs&amp;t=429"">7:09</a> 샤마형님도 웃을수 있구나..!",False,
@ADIOS7678,페레이라 형님 한국와서 뽕 오지게 뽑고 가시겟네 ㅋㅋㅋ,False,
@alexbragadejesus2390,Alex Poatan lendário 🇰🇷 🇧🇷 se Alex ganhar músculos e manter a velocidade sera imbatível.,False,
@고고-j7w,아니 ㅋㅋㅋ 여기서 왜 운동 하고 있어 ㅋㅋㅋㅋ,False,
@더무적,페레이라 기요미❤,False,
@아재킴-l4r,아니... 이게 뭐야 격투 채널 아닌데????????????????????????????????????????????????????????????????????????????????????????????????????????? 구독박네...강민님 쩐다..ㄷㄷ,False,
@sl3190,궁금해서그런데 팔힘 세냐고하면서 팔씨름 자세는 왜하자고한거?ㅋㅋㅋ 팔씨름을 하는것도아니고 걍뭐 체크업?,False,
@ToostieTotal-ez2zn,Pereira: &quot;I need to heal from some injuries&quot;<br>Reality: becomes a bodybuilder,False,
@EHD-17,아니 도대체 안보이는 곳이 없네,False,
@bennymasked3534,페레이라 웃는 모습이 보기 좋다 ㅎㅎ,False,
@유민재-x5t,가자!!!!!,False,
@한숨-w8l,야챠뜨실래요?,False,
@ololo_0101,페레이라 진짜 피곤하겠다 ㅋㅋㅋㅋㅋㅋㅋㅋㅋ 안가는곳이 없네 그런데도 불구하고 풀스파링한 형규는 진짜 ;,False,
@junuser,리징량과 페레이라 ㄷㄷ 두 ufc해외스타의 만남,False,
@kim-ri1zf,여긴 왜 간거예요?,False,
@BRavin-n2x,아니 페레이라형 일 개하고 갔네..좀 쉬지 ㅜㅜ 멋지다 이형,False,
@megashark1234,하루에 몇탕뛰는겨 ㅋㅋ 어디에나 있네,False,
@딴-j6c,아 바로 카프킥 버티기를 했ㄴ어야했는데 !!!!,False,
@신두형-r9y,ㅋㅋㅋㅋ믿기지가 않네 차마!!!! 내 최애선수 페레이라🔥🗿🫰🏻,False,
@멜빈,아니 이럴려고 한국 왔나<br>너무 스케줄 빡센거 아닌가요!!,False,
@minsung,페레이라는 그냥 힘존나쎈 착한 동네바보형같음,False,
@안알랴쥼-z6h,유독 이 영상에서 긴가민가 닉네임이 찰떡이네.,False,
@Ajhd7333,"<a href=""https://www.youtube.com/watch?v=he9dQBabpjs&amp;t=398"">6:38</a> 아기가 말을 참 잘하네요~^^",False,
@정진우-v7s,감자함니다,True,@Ajhd7333
@jaes4kim,퍼레이라 근육질의 몸도 아닌데 그냥 기본 골격 자체가 존나 크다,False,
@야마삐_멋져,193에 근육으로 꽉채운 105키로정도면 근육질이라고생각합니다,True,@jaes4kim
@이영기-d9r,카프킥 체험하는게 없어 좀 아쉽습니다.,False,
@LJ-r2e,이러다가 우리집에도 오겠네,False,
@럽유셀-v1o,존나 피곤해보인다 진짜 ㅋㅋㅋ,False,
@y2j733,다른 영상에서는 덩치 커보였는데 여기서는 페레이라도 외소해보이는 효과....,False,
@carlosgracia6170,"통역하시는 Señorita 님,tu tienes buen cuerpo~ te quiero mucho ^^<br>como te llamas?",False,
@db-gw5tk,"ufc두체급 챔피언 한국모셔와서 중간 관전평<br>니가 챔피언이야? 복싱은 내가 이김, 펀치는 내가 더쌤, 헬스는 내가 더잘함",False,
@user-qisjdne39nd2,그 페레이라가 헬린이행 ㅋㅋㅋㅋ 귀엽누,False,
@terry9395ify,😂어디서든 다 보이는 ㅇㅓㅇㅡ형,False,
@Pip665,하 진짜 뭐하는거냐 UFC 두체급 챔프 데려다 놓고.....브라질 애들 일반애들도 웨이트 개잘해......,False,
@menaldo183,강한남자vs약한남자,False,
@마인부우-l2f,페레이라 한국 와서 너무 혹사당하는거 같아요... 개 피곤해 보임...,False,
@TopGanzi,페레이라 겁나 바쁘게 활동하구 있네 ㅎ,False,
@rajkumarlingi9492,🌟🌟🌟👍👍👍🙏🙏🙏🇮🇳🇮🇳🇮🇳,False,
@흐흐-i7p,너무 바쁘게.돌아다니는듯,False,
@hahalee3774,짐종국에는 안가냐 ㅋㅋ,False,
@transtune3815,"<a href=""https://www.youtube.com/watch?v=he9dQBabpjs&amp;t=433"">7:13</a> 새끼 고릴라",False,
@현-c9g4f,김강민님 누군지 모르지만... 귀여워,False,
@hyungchulkim9355,와 문신 다지우셨네요 대단하네요,False,
@osib182,이집은 7분 분량이 끝이네 ㅋㅋㅋ,False,
@임현수-g6w,얘 체. 놀에 올려오늘 채. 널 이거다둔 쥬. 소빨리기릿,False,
@jtghfghusce,으허햄 속아서 한국온듯ㅋㅋㅋㅋㅋㅋㅋㅋㅋ ㅋㅋㅋ조온나 굴린다 진짜 ㅠㅠ,False,
@osib182,왼주먹 한방 맞는 모습 보여주지 ㅎ,False,
@pillseung1804,어우 좋겠다 쟤네들,False,
@el-it2vm,안 쉬어!!!???!!,False,
@Ja47.46,ㅋㅋㅋㅋㅋ형 컨텐츤데 본인이 제일 긴장했넼ㅋㅋㅋㅋㅋㅋㅋㅋㅋㅋ,False,
@l9금-ONfan-라운지-채널,<b>페레이라님 혹시 클론인가요??ㅎㅎㅎㅎㅎㅎㅎ어디서나 보이시네 대단하네 진짜ㅎㅎㅎㅎㅎㅎ</b>,False,
@장지훈-i4v,얘 체. 놀에 올려둔 쥬. 소빨리기릿,True,@l9금-ONfan-라운지-채널
@강태호-x8b,얘 체. 놀에 올려둔 쥬. 소빨리기릿,True,@l9금-ONfan-라운지-채널
@이준영-h1l4c,얘 체. 놀에 올려둔 쥬. 소빨리기릿,True,@l9금-ONfan-라운지-채널
@장지훈-i4v,오늘 채. 널 이거다,True,@l9금-ONfan-라운지-채널
@이준영-h1l4c,오늘 채. 널 이거다,True,@l9금-ONfan-라운지-채널
@김태한-m7h,팬서비스 최고다 우리 으어형!🗿<br>피곤할텐데 다 한번씩 들러주시는 그저 우리형…ㅠㅠ,False,
@철구-m6y,오랜만에 봤는데 문신 없어지니까..  너무달라보이네요.. 응원합니다,False,
@박미르-d7p,여기에는 안어울리는듯,False,
@Malkeunmul,페레이라 헬스하는거 왤캐 안어울리지 ㅋㅋㅋㅋㅋ,False,
@레드테그개인,너무 귀여워 으어형 아니 으어 동상,False,
@주하빠빠,아니 지금 장난??? 어케 여기에?? 페레이라 대단하네 진짜,False,
@user-fm1vn6sc6g,아니 이걸 안처맞아? 카프킥 왜 안맞아,False,
@찜씅,뭐여 올만에봣는데 타투 다 어디가심?? 멋있었는뎅,False,
@No_moregret,근데 왜 한국와서 이걸 배우는 거임 ㅋㅋ?,False,
@윤영호-o6g,풀약ㅋㅋ,False,
@흑표범-i6p,다리 부서지고 싶대 ㄷㄷㄷ...?,False,
@SWIM.J,페레이라 마지막포징 졸귀네ㅋㅋ,False,
@아임스틸헝그리,와 얘는 쉬러온거 아니니 ㅎ<br>지가 원한것도 있겠지만<br>좀 놀다가게 해라 으구,False,
@쭈아범,언뜻보면 불량학생이 친구 괴롭히는거 같잖아,False,
@다이아몬드-o9e,옛날에 반더레이 실바 한국 잠깐 왔다가 나이트클럽 행사 뛰러 간게 생각나네 ㅋㅋ,False,
@danekim5147,시차적응도 힘들텐데...강일정까지...얼굴에 피로가 보인다,False,
@jhn425,페레이라 한국온이유가??,False,
@slclfndklxlx,페레이라 옆에 있으니까 그냥 스노우 브라더스 같네요,False,
@인생한방-l8d,근데 김강민선수는 페레이라를 머때문에 부른거임? 헬스가리키려고?,False,
@hmin5636,노익스 핵스쿼트 시키는거처럼 했어야되는데<br>아쉽네요 형님 ㅋㅋㅋㅋㅋㅋㅋ,False,
@JHan-me7rq,으어형 대한민국 전국민 만나는 투어하는건가요?,False,
@스파이디-e8j,아니 샤마형 진짜 다 들리고가네 ㅋㅋㅋㅋㅋㅋㅋㅋㅋㅋ,False,
@시보레-v7b,개판이고만ㅋㅋ,False,
@건강나라-f3v,키야....인간계 최고 파이터 ㄷㄷ,False,
@라포엘칸-t8q,고릴라 한 마리랑 모아이 석상이랑 잘 어울리네여. 원시부족 느낌,False,
@박준수-p9b,으어형 귀여워 ㅎㅎ,False,
@Sdniceone,제가 문신을 진짜 싫어해서 그런지 몰라도<br>문신 지우고 김선수님 진짜 멋있어보입니다<br>얼굴도 훨씬 터프섹시해 보여요,False,
@l9금-보관전용-계정-89F,페레이라님 몸 두개인가요??ㅌㅋㅋㅋㅋㅋㅋㅋ여기저기 다 나타나시네 지리네 진짜ㅋㅋㅋㅋㅋㅋ 남자만드루와 내꺼ㅋ,False,
@정승우-r7o,지금 바로 구독 필수!,True,@l9금-보관전용-계정-89F
@박민혁-l5r,지금 바로 구독 필수!,True,@l9금-보관전용-계정-89F
@윤규민-j5d,지금 바로 구독 필수!,True,@l9금-보관전용-계정-89F
@임현수-g6w,지금 바로 구독 필수!,True,@l9금-보관전용-계정-89F
@김도현-t7d4b,지금 바로 구독 필수!,True,@l9금-보관전용-계정-89F
@지누-s5y,얘를 왜찾아옴?,False,
@호잇-o9r,순한눈ㅋㅋㅋㅋ,False,
@user-Gang0703,"<a href=""https://www.youtube.com/watch?v=he9dQBabpjs&amp;t=427"">7:07</a> 팔 두께가 생각보다 차이가 안나네 으어햄 뭐야...",False,
@뚜링-d3p,유튜브에 안나오는곳 이없네,False,
@rodney905,페레이라 너무 착하다 ㅎㅎㅎㅎㅎ,False,
@국정환-j3g,샤마,False,
@gdp444,이러다 우리집에도 오겠네 😂,False,
@dingwjd,"<a href=""https://www.youtube.com/watch?v=he9dQBabpjs&amp;t=338"">5:38</a> ㅋㅋ 운동가르치는데 뭐어쩌라는 태도 개욱기네 ㅋㅋㅋㅋ",False,
@감돌이-z5r,형이 왜 여기서 나와.?ㅋㅋㅋㅋㅋㅋㅋㅋ,False,
@검정색-n2n,"<a href=""https://www.youtube.com/watch?v=he9dQBabpjs&amp;t=96"">1:36</a> 누가 그렇게 생각하죠..??",False,
@김말잉팬카페,페레이라 진짜귀엽다 ㅋ 사람자체가 너무착해보임 우리나라는 운동선수들이 양끼가 넘치는데 페레이라는 저런 위치인데도 겸손하네,False,
@TV-sh9kt,페레라 구엽노 ㅋㅋㅋ,False,
@나만없어리트리버,뭔 안나오는곳이 없네 ㅋㅋㅋㅋ 쌍둥이아님?,False,
@1M2689,스파링보다 이게더 재밌네요,False,
@ShineWhite-bb1fg,대단히 고맙습니다 미스터 페레이라,False,
@cdii6773,아니 ㅋㅋㅋㅋㅋ ㅈㄴ웃기네 유튜버 트니까 안나오는데가 없냨ㅋㅋㅋㅋㅋㅋ,False,
@하태경-y6e,페레이라 무명유튜번가 홍보빡시네,False,
@bio4349,저 격투기 선수 근육이 거의 없네 약해보이는데 ?,False,
@나만없어리트리버,격투기선수중 근육양 엄청 많은선수는 거의 없음 근육이 많으면 그만틈 산소가 많이 필요하고 고로 빨리지침 투기종목 특성상 지치는건 아 때려주소 하는거,True,@bio4349
@bio4349,@@나만없어리트리버 격투기를 잘 모르는 아이인가보네.<br>멜빈만호프 검색해 보거라,True,@bio4349
@d급갬성,속보 <br>페레이라 한국와서<br>하루 4시간씩 수면,False,
@웃음리필,"<a href=""https://www.youtube.com/watch?v=he9dQBabpjs&amp;t=28"">0:28</a> 으어형 눈이 충혈된거 같은데ㅋㅋㅋ <br>좀만 더 힘내 으어브로",False,
@heesung1475,페레이라 스케줄 개빡쌔네;;,False,
@김다니엘-b5o,"<a href=""https://www.youtube.com/watch?v=he9dQBabpjs&amp;t=126"">2:06</a> 진짜 모아이석상이넼ㅋㅋㅋㅋㅋ",False,
@민머리-l6z,"<a href=""https://www.youtube.com/watch?v=he9dQBabpjs&amp;t=107"">1:47</a> ㅋㅋㅋㅋㅋㅋ통역 돈 쉽게 버노 페레이라 길게 말 하는데 <br>좋아요.! ㅋㅋㅋㅋㅋㅋㅋㅋ",False,
@김김이-x8t,통역사분 이쁘다,True,@민머리-l6z
@watzupbro,확실히 김강민이 티칭 경험이 많고 PT자체가 영업이다 보니 손님 맞이를 잘하네.,False,
@TheKwonjunyoung,야 이거 조사한번 해봐라  페레이라랑 닮은 사람들이 나눠서  스케쥴 진행하는게 분명하다 ㅋㅋㅋㅋㅋ,False,
@킹죠-s8m,ㅋㅋㅋㅋㅋ아니 페헤이라 한국에서 슼0줄 몇개를 하는거야,False,
@빵예에연,한국 여행 좋은 기억 많이 가져가면 좋겠다 😊,False,
@physical_mechanic,페레이라형님<br>매우 피곤해보임ㅠㅠㅠㅠ,False,
@shihtzu_baeryeo,ㅋㅋㅋㅋㅋㅋㅋㅋㅋㅋㅋㅋㅋㅋㅋㅋㅋㅋㅋㅋㅋㅋㅋㅋㅋㅋㅋㅋㅋㅋㅋㅋㅋㅋㅋㅋㅋㅋㅋㅋㅋㅋㅋㅋㅋㅋㅋㅋㅋㅋㅋㅋㅋㅋㅋㅋㅋㅋㅋㅋㅋㅋㅋㅋㅋㅋㅋㅋㅋㅋㅋㅋㅋㅋㅋㅋㅋㅋㅋㅋㅋㅋㅋㅋㅋㅋㅋㅋㅋㅋㅋㅋㅋㅋㅋㅋㅋㅋㅋㅋㅋㅋㅋㅋㅋㅋㅋㅋㅋㅋㅋㅋㅋㅋㅋㅋㅋㅋㅋㅋㅋㅋㅋㅋㅋㅋㅋㅋㅋㅋㅋㅋㅋㅋㅋㅋㅋㅋㅋㅋㅋㅋㅋㅋㅋㅋㅋㅋㅋㅋㅋㅋㅋㅋㅋㅋㅋㅋㅋㅋㅋㅋㅋㅋㅋㅋㅋㅋㅋㅋㅋㅋㅋㅋㅋㅋㅋㅋㅋㅋㅋㅋ 겁나웃기네 그림,False,
@jun-x9w,닮았네,False,
@바위-v1x,샤마,False,
@성경-z6m,"<a href=""https://www.youtube.com/watch?v=he9dQBabpjs&amp;t=107"">1:47</a> ㅈㄴ 열심히 말했는데 통역 ㅋㅋㄱㄲㄱㄱㄱㄱㄱ  &quot; 좋아요 &quot;",False,
@factman5533,ㄹㅇ 돈받고 하면 열심히 해야지 지 편하게 하네 ㅋ,True,@성경-z6m
@LisanAlRegister,​@@factman5533통역 개잘했는디?ㅋㅋㅋㅋㅋ,True,@성경-z6m
@factman5533,"@@LisanAlRegister <a href=""https://www.youtube.com/watch?v=he9dQBabpjs&amp;t=107"">1:47</a> 말한건데 혹시 뇌가 빠진 qt이니? 아 ㅇㅋ ㅋ",True,@성경-z6m
@터여-x3l,@@LisanAlRegister저게 뭘 잘하는거노 ㅋㅋ 지 ㅈ대로 판단해서 말하는데,True,@성경-z6m
@polfachini6489,"The brazilian translator did a good job..well, I guess..speaking as a brazilian 😅",True,@성경-z6m
@ASiuu-ki9cx,근데 페리이라 웨이트는진짜 안하나보다,False,
@부산시-s1c,엄청팬이신데..샤마가뭐죠...?ㅋㅋㅋ너무재밌게밧습니다!!,False,
@세컨무브,별로볼게없는데 비싼돈주고 왜섭외했나요?,False,
@cdam1q2w3e4r,와 페레이라 홍길동이노 여기저기 다 나오네,False,
@sniper0822,통역  겁나 간단흐네ㅋㅋㅋ,False,
@호호호-l7k,페레이라 엉덩이 저정도면 풍선 같은거 넣은거 아님??,False,
@dummy24,철순이 햄이 감빵만 안들어갔더라면...... 이런 티칭은 철순이햄이 기가막히게 잘하는데 ㅋㅋㅋㅋ,False,
@평범남-c3k,스케줄 살인적이다,False,
@맹태78,"God bless you, Mr. Pereira<a href=""UCkszU2WH9gy1mb0dV-11UJg/m8MfY4jbFsWJhL0PyouA2Ak""></a><a href=""UCkszU2WH9gy1mb0dV-11UJg/m8MfY4jbFsWJhL0PyouA2Ak""></a><a href=""UCkszU2WH9gy1mb0dV-11UJg/m8MfY4jbFsWJhL0PyouA2Ak""></a>",False,
@rriberto5860,이게 왜 진짜냐?,False,
@최태양-h6t,ㅋㅋㅋㅋㅋㅋㅋㅋㅋㅋㅋ다리부서지고싶넼ㅋㅋㅋㅋㅋㅋ,False,
@리바-q1e,ㅋㅋㅋㅋㅋ 마지막에 포즈하는거 ㅈㄴ기엽네,False,
@SSLee-ww3ng,일정이 너무 빡빡한것 같네요. 챔피언님 눈이 수면이 부족해보여요 .,False,
@Aplzg,키 차이가 저리 난다고??,False,
@kimyeonbyeol,"페레이라야.. 운동 그렇게 하는게 아니고.. 잘 봐봐,.. 이렇게 하란말이야..",False,
@DagestangayMinsoo,페레햄 존나바쁘네 진짜 ㅋㅋㅋㅋㅋㅋㅋㅋ,False,
@연중남매,볼수록 호감인 페레이라 선수!,False,
@꼬북이-y9e,문신 지우니까 훨씬 보기 좋네요 ㅎ,False,
@문미남-l1s,와근데페레이라존나멋지다.<br><br>먼가 챔피언이랑그런라 더울더 커보이고.진짜크네<br><br>ㄷㄷ,False,
@milgaroo21,[페레이아 분신술설]<br>내가 알고있는 메가유튜버중 70%이상 동시 다발적으로 보임. 팩트는 입국한지 일주일도 안됐는데 이건 시간단위로 쪼개서 움직이는것외에는 최소 자아분신 한명 더 있어야 가능❤❤😢😢😂😂😅😅,False,
@우르오스-b6r,페레이라 행님도 저렇게 열심히사는데 나도 더 분발해야겠다,False,
@MC-no8iq,와 페레이라 돈 쌍끌이해가네 나오는 곳이 몇군데야 ㅋㅋㅋㅋ,False,
@문미남-l1s,페레이라존나크네,False,
@letsgo0440,페레이라 스케줄 누가 짰냐 ㅋㅋㅋㅋㅋㅋㅋㅋㅋ알게모르게 다 침투하네,False,
@tandanji1,아니 도대체 일정이 몇 개인거야....좀 호캉스도 시켜주고 맛있는 것도 먹으러 다니고 해라...일하러 왔냐고 ㅠ,False,
@인간지표양구,아니 페레이라 한국 오는 거 수지타산 맞냐고;; 재능기부하러 온거냐고...,False,
@SGTGunnySGT,불합리한 으어햄과 불합리한 그뉵이군요 이번엔 ㅎㅎ,False,
@bolissal,"<a href=""https://www.youtube.com/watch?v=he9dQBabpjs&amp;t=76"">1:16</a> 약해 보일까 봐 걱정하시는 코치님ㅋㅋㅋ<br>다 알 거에요. 왼손에 걸리면 죽는거ㅋㅋㄱ",False,
@신재현-z4r,"얼마나 훈훈하냐.<br><br> 이게 한국의 손님대접이지.<br><br> 형규는 지가 한번 떠볼라고,<br> 스파링 시작하자 마자 면상에 펀치나 꽂아버리고. 아휴 부끄러",False,
@에쌔순,페레이라 일정 개빡빡하네 헬조선;;,False,
@23Identity_Bully,와진짜 키존나크다 ㅋㅋㅋㅋㅋㅋㅋㅋ 거인족 거인,False,
@MrJwon,와 페레이라 진짜 귀엽넹,False,
@JKS87,와 페레이라 홍길동이네,False,
@찰리파더,사람이 선하다,False,
@취미가구걸,페레이라 진짜 일정 개 빡셋을듯,False,
@soejil735,페레이다 피지컬 넘사다 진짜;;;;;,False,
@Leo_ne,성엽이형 모델로 쓴 티샤쓰 입고있는 츤츤강민맨..,False,
@kenzy6561,뭐야 쌍둥이 입국함? <br>일정 뭐야 ㅋㅋㅋ,False,
@eee03028,마치 두 번 다시는 한국에 오지 않을 것처럼ㅋㅋㅋㅋ,False,
@비가온다-w3c,페레이라 성공했네 강민이형한테 운동 배우고😊,False,
@정유성-x8i,우리형 뭐든 열심히 배우려는거 쌉호감,False,
@IUhusband,페레이라님 인성도 좋아보이셔서 좋아요,False,
@aaaa_aaaa400,그래도 근육은 많네요 파이터 근육,False,
@llljjjsss,페레이햄 땀내나는 남자들만 만나지말고 좀 여자도만나서 분내도 맡고해라 ㅎㅎ,False,
@박공원-j9r,으어?,False,
@이름없음-o3v6x,웨이트는 경기잡히면 한다는데 몸통 와이리 두껍누,False,
@참치동원-y6f,우와 우리집도 올기센데?,False,
@IGU_A,강민이 옆에 있으니까 페레이라 왜이렇게 순해보이냐 ㅋㅋㅋㅋ,False,
@aiwvvdjsuwu12,붙으면 강민이 피딱된다,True,@IGU_A
@attorney_k4269,@@aiwvvdjsuwu12 피떡은 무슨 그냥 기절하지..얼굴 깨끗할듯 1초만에 기절해서,True,@IGU_A
@왕기춘-d2b,체급안보이냐 체급이깡패다 김강민이 이긴다 키만크다고 이기는줄아네 쯧,True,@IGU_A
@qorder889,@@왕기춘-d2b드립맞지? ㅋㅋ,True,@IGU_A
@닉미오치치-1,포아탄 한국에서 사이드퀘스트 지리게 밀고가네,False,
@아롱하늘,형님 다음 편은 스파링이죠?,False,
@BbaQ-d5c,헬스는 드랍게 못하네,False,
@밥먹고놀자-n7p,근데 뜬금이지만 으어형 집에 언제감??,False,
@YMS-doublew,"<a href=""https://www.youtube.com/watch?v=he9dQBabpjs&amp;t=382"">6:22</a> 역시 올라잇입니다 행님~",False,
@HHms77,문신지우니까 이미지가 훨씬 고급져지심,False,
@soulperman4869,조세호가 헐크로 변하면 딱 김강민일듯 ㅋㅋ,False,
@크톤이,페레이라 이러다가 충주시 유튜브까지 나올 기세네ㅋㅋㅋ,False,
@반야바,아니 입술이 왜 저렇게 시커멓냐....죽을 때 다 됐나 진짜,False,
@singerking90,틀면 다나오네<br>하루에 몇탕을 뛰는거냐 ㄷㄷㄷ<br>하루종일 촬영하네 ㄷㄷㄷ,False,
@cryptoboyz161,좀비짐 갔을 땐 챔피언 입장에서 같은 계통이라 그런지 권위도 지켜야 하고 전반적으로 다소 한수 아래로 보고 만만하게 대했는데 여기서는 아예 모르는 다른 분야라 그런지 오히려 겸손하게 배우는 자세로 임하네. 강민이 몸 보면서 리스펙하면서 경외로워 햐는 표정이 찐임. 심지어 한국말도 하고 샤마와 으어만 하던 알렉스가 말 이렇게 많이 하는 거 첨 봄.,False,
@leechul97,근데 진지하게 페레이라랑 김강민 mma뜨면 강민이형이 해볼만하지 않나? 페레는 라이트헤비고 강민이형은 헤비인데... 허벅지 굵어서 카프킥도 대비 가능하고,False,
@한갱훈,페레이라도 평체는 100키로 넘어요;;;,True,@leechul97
@user-sq8ew7ee9x,카프가 뭔뜻인지 모르네,True,@leechul97
@tony8640,현 대한민국 일짱 으어형! 한국 도착하고 처음 찾아간 곳이 아산병원~ 아이들 위해 기부하심 ❤,False,
@time-t4y,페레이라 대통령보다 바쁘네,False,
@alfbsew9759,페레이라 .. 최고 !!! ㅋ,False,
@jijin2852,아무리 페레이라여도 긴가민가 얼굴보면 약간 쫄지않을까,False,
@킴콩-g9g,웨이트는 지겨워하네 ㅋㅋㅋㅋㅋ,False,
@htttttt1731,아니 ㅅㅂ 여기까지왔네 ㅋㅋㅋㅋㅋㅋㅋ 우리집도오겠다,False,
@하늘-l7h,페레이라 혹사 좀 그만해라,False,
@心건,진짜 오만데 다 불려다니는구나 ㅋㅋㅋㅋㅋㅋㅋㅋㅋㅋㅋㅋㅋ,False,
@gyur121,그냥 이 채널서 두 사람을 처음본다 생각하고 보면 김강민선수가 페레이라보다 더 쌔보이는데 <br>진짜 겉모습으로 사람 잘못 건들면 요단강 건너가겠네요.,False,
@cexpistols4796,챔피언 일정 넘빡세닫ㄷㄷㄷ,False,
@junkie-99,뭐야 이거 ㅋㅋㅋㅋ으어햄 분신술 쓰시나?,False,
@댓글무새-y3r,하 으어햄 진짜 맥그리거보다 더좋아졌어 ㅠㅠㅠㅠㅠㅠㅠㅠㅠㅠㅠㅠㅠㅠㅠㅠㅠㅠ,False,
@매콤이네,오ㅏ 머리하나 이상 차이나네 ㅋㅋ,False,
@Karma......,못키운게 아니라 안키운거 근육 많이 붙으면 1라도 못뜀,False,
@user-qp6ob5xe6q,최소한 싸울 정도의 힘은 있어야되.<br>무조건 근육 없는 멸치 몸이라고 싸움 잘하는 게 아니라 패레이라는 힘도 보통 이상 수준은 되니까 싸움이 가능한 거지<br>은가누가 체력이 안되디?  꼭 근육 많다고 싸움 불리한 건 아님 그냥 필요한 만큼만 있으면 되는 거지,True,@Karma......
@박성용-o5t,킥좀 맞아보고해라 강민아<br>페레이라 데리고 pt만 시키고잇노,False,
@전주노동팔,굿,False,
@qren720,이형 진짜 보여줄거 다보여주네 ㅋㅋ 노쇼 호날두랑 너무 비교됨,False,
@핑크타이거9400,페레이라 팔뚝이 길어서 얇아 보이는데 김강민이랑 두께가 거의 비슷하네 ㄷㄷㄷㄷㄷㄷㄷ,False,
@조아조아-f7g,짐종국에도 나오겠지?,False,
@feel7131,얘만보면 생각난다. 물근육ㅋㅋㅋㅋ,False,
@PDODP,재미가 없누,False,
@TheBravojs76,페레이라 한국인 유투버들 먹여살리느라 애쓴다 애써,False,
@민지국-p6u,이젠 하다하다 미용근육전도사한테까지 왔노 ㄴㅋㅋ,False,
@Kevin-fw5om,와 안나오는데가 없네 ㅋㅋㅋㅋ😂😂,False,
@2seok539,포아탄 포스개지리네 진짜 ㅋㅋㅋ..,False,
@piesunny,알렉스 페레이라 선수 샤마 ⬆❤<br>알렉스 페레이라 선수 → 대한민국 대한국인 팬 10만명 증가 ⬆❤,False,
@sinwoop4098,와 으어햄 진짜 몇 군데를 돌아다니는거여,False,
@YouAreMyHandler,어휴 김강민 약쟁이 페레이라 앞에서 주름 잡는거 넘 보기 그렇다 좀 ㅠ,False,
@user-lhweve,ㄹㅇ 팔씨름 하고 다리자랑하고 음지에 있어야할 불법약물 사용자들이 아무렇지않게 리스펙을 받는 이 세상이 얼마나 병든지 느껴집니다. 불법이든 뭐든 나한태 이득되는거면 그냥 하는게 맞는것같습니다.,True,@YouAreMyHandler
@ddmei9283,역시 페레이라도 강민이형 앞에선 귀요미네 ㅋㅋㅋㅋ 세상에 저런 강자는 처음 본 얼굴을 하네,False,
@12345qwerqqq,페레이라가 1초컷냄,True,@ddmei9283
@fohjohn5454,뭔 강자여 페레이라 카프킥이나 펀치한방이면 병원행인데,True,@ddmei9283
@ddmei9283,@@fohjohn5454 강민이형 허벅지봐라 ㅋㅋㅋ 킥이 통하겠냐,True,@ddmei9283
@12345qwerqqq,@@ddmei9283 ㅋㅋㅋㅋㅋㅋㅋㅋ 3방안에 초살낸다 진짜 쇠질만한 애들은 이해도 이렇게 없구나,True,@ddmei9283
@fohjohn5454,@@ddmei9283 저 허벅지가 쇠질로 커지기만 한거지 멍청아 맷집이 쎈거냐,True,@ddmei9283
@스타하자,보디빌딩애들<br>여기저기 다 끼네 ㅋㅋ,False,
@choseunghun4264,페레이라 개바뻣내,False,
@띠옹쑤,패레이라 팔.가슴이 좋네~,False,
@shin.hyunwoo,뜬금없네 ㅋㅋㅋㅋ,False,
@bbobbohaza,페레이라 이러다가 대통령도 만나러 가려나,False,
@안녕후르츠,페레이라님 본업인 격투 유튜브로 나로는거 보다<br>즐기고 웃는 영상이 좀 편안하게 다가옴<br>그런데 스케쥴을 몇개를 뛰시는거지 ㅋㅋㅋ,False,
@jhb6161,으어햄 너무 좋아 <br><br>이런게 아이돌 팬들이 느끼는 기분인가,False,
@핸섬쿨,"<a href=""https://www.youtube.com/watch?v=he9dQBabpjs&amp;t=324"">5:24</a> 존나 웃기네 ㅋㅋㅋㅋㅋㅋㅋㅋㅋㅋㅋㅋㅋㅋ",False,
@을차마루,뭔   노예계약  한거여? <br>스케줄이  겁나 빡세 보이네  국내  유튜브 채널들 20개 정도  를 이틀 삼일 만에  다 도는거 같은데.,False,
@김승하-j7r,"알렉스 훈련영상 찾아보면 스쿼트나 데드리프트 꽤 무겁게 치는 편임ㅋㅋㅋㅋ<br>물론 보디빌딩식과는 다르지만, 웨이트에 문외한은 절대 아님ㅋㅋㅋㅋ",False,
@신속정확,진짜 훈훈하네,False,
@쪼꼬-z3o,으어형 피곤해보이는데 할건 다하네 ㄹㅇ 착하시네,False,
@user-ge4tn5sz1t,할건 해야제..,True,@쪼꼬-z3o
@Tko_Seven,"쿨한 사촌형 느낌이야. 내가 중학생이라면 고3짱쯤 되는 사촌형. 말 물어보고 싶은거 많은데,<br>짧게 대답해주고 낮잠자는 쿨한 형 느낌.",True,@쪼꼬-z3o
@yudahui5895,남자니께..,True,@쪼꼬-z3o
@김서은-k1l,그러게요 일단 한국 오면 시차도 엄청 차이날텐데 저렇게 성실하게 하고 가는게 인성 좋은듯.(윤하콘서트인천대구부산에서곧해요,True,@쪼꼬-z3o
@행배-x1d,ㅋㅋㅋㅋㅋ페레이라 ㅈㄴ하기싫어보이네 귀엽다,False,
@닉없음-d3l,"<a href=""https://www.youtube.com/watch?v=he9dQBabpjs&amp;t=140"">2:20</a> 처음 알았네 이사람 으어 으어 샤마 샤마 노샤마 이것만 말하는 줄 알아서 언어적으로 문제 있는줄 알았는데, 말 엄청 잘하는데요 ??????????? 뭐지. 이분.",False,
@Tel1039,ㅋㅋㅋㅋㅋㅋㅋ,True,@닉없음-d3l
@welcomekorea,"<a href=""https://www.youtube.com/watch?v=he9dQBabpjs&amp;t=54"">0:54</a> 번역 긴가민가 잘못본줄ㅋㅋㅋㅋ",False,
@thstnrhks,한국와서 피티받으시네 ㅋㅋㅋ,False,
@abi3716,샤마형 은근 귀여운면도 있네 ㅋㅋㅋ,False,
@no.can_no.handle,모 할지 좀 미리짜서 했으면 더 좋았을텐데,False,
@포세이돈-p1g,역시 강민이형,False,
@si-cw2pf,페레이라 아저씨 은근 농담도 하는데 말이 잘 안통하니까 서로 존나 어색해서 아쉽다 ㅋㅋㅋㅋ,False,
@족발집-c7s,강민이 딱봐도 약빨고 찍었네,False,
@a노인,페레이라 몸살나겠노 ㅋㅋ 오만데 다 델꼬다니면서 다 뽑아먹네,False,
@하울링,아 페레이라 너무 좋아 <br>좋아했는데 더 좋아 ㅋㅋㅋ,False,
@user-wq2en5go5w,좆호감,False,
@Abcdefg-j3i,아 이런거 보다 보디빌더가 뭐 어디 맞아보고 견디기 파워 대결 그라운드에서 헤비급 빌더는 나올수 있을까? 힘vs기술 이런거 했으면 더 잼있었을거 같았는데 아까비,False,
@천우신조-s6s,샤마한테 몸자랑 하러가셨네😅ㅋ,False,
@Bitcoin77722,강민이는 착해보이고 다좋은데<br>가장 치명적인게<br>재미가없다 ㅜㅜ<br>좋은 게스트 불러놓고 왤케 못살리냐 .... ㅜㅜ,False,
@자몽앵두푸와와puwawa,샤마!!!! 으어,False,
@디시즈동백킴,아니 진짜 ㅈㄴ 크네 페레이라,False,
@ulllllllllll,페레이라님은 레이져제모 받아도<br>표정하나 안 변하겠지?,False,
@2-mv9lp,헬창들 몸더좋다고 페레이라잡았다는거 보면 확실히 모질한애들 많은듯ㅋㅋㅋ,False,
@The.only_1,우리형 치쳐보여 ㅜㅜ,False,
@재크-w9e,이러다가 집 앞에서 마주치겠네,False,
@에이스-b8f,김강민선수 몸봐바 ㄷㄷ 저정도면 페레이라랑 무규칙 야차룰로 붙으면 엄대엄정도 나오려나 그라운드에서 절대 안밀릴듯 ㄷㄷ,False,
@정영진-l2g,?강민이햄 죽는다 ㄹㅇ,True,@에이스-b8f
@yoon3953,에이~,True,@에이스-b8f
@빅체리,김강민이 풀 도핑하고 빼애애애애액 빼애애애애애애애애액!!! 하면서 눈깔 뒤집고 온몸 비틀기로 달려들면 30초는 엄대엄 가능할거임 ㅇㅇ... 근데 30초 이후엔 그냥 샌드백이라고 보면됨 페레이라는 라운트리 전으로 5라운드 까지 체력 자체가 안 까인다는걸 증명했음 걍 뒤진다 보면됨 그리고 라운트리 덩치가 거의 김강민보다 살짝 딸리는 정도로 페레이라 두배는 되는 덩치였는데 결국 뒤지게 맞았잖슴,True,@에이스-b8f
@fohjohn5454,헛소리하지마세요<br>주먹한대만 스쳐도 쓰러짐,True,@에이스-b8f
@메추락지-h4f,&quot;역대 최강의 회원님&quot; ㅋㅋㅋㅋㅋ,False,
@박철균-o9k,아 페레이라 어디가는지 좀 알려주면 존나 찾아가고싶다.....;; 한번만 보고싶다,False,
@jayfree6340,와 진짜 페레이라 스케줄 미쳣네 ㅋㅋㅋㅋ,False,
@제주야생마-h6v,ㅋㅋㅋㅋㅋㅋㅋ긴가민가 개웃기넼ㅋㅋㅋㅋㅋㅋㅋㅋㅋㅋㅋㅋㅋㅋㅋㅋㅋ,False,
@jylv7896,페레이라가 큰것도 잇겟지만 김강민이 생각보다 너무작은데?,False,
@김민수-h8h6w,놀랍게도 야차룰로 맞짱까면 김강민이 죽임,False,
@Minsugaza-iw6ut,국내운동관련유튜버들 다 한번씩은 발 담구는구나 ㅋㅋ 조회수 보증수표라 그런가,False,
@박박박-u8h,알렉스랑 페레이라 이렇게 두명인거죠 사실? 인스타 유튜브키면 어딜가도 페레이라가 나오는데 이게 가능한건가..,False,
@scv-fs9ko,"<a href=""https://www.youtube.com/watch?v=he9dQBabpjs&amp;t=112"">01:52</a>. 통역지리네ㅋㄱㄱㅋ",False,
@o.wh3n982,ㅈㅇㅇ 😊,True,@scv-fs9ko
@은븨-123,일대충하네,True,@scv-fs9ko
@느그서장링딩동살제,알렉스페레이라 대하이햄 면회는 몇일날 가십니까?,False,
@lsypow2744,아니 여기저기 다나오네 ㅋㅋㅋㅋㅋ ㅈㄴ웃긴다 진짜 ㅋㅋㅋ 얼마나 빡세게 돌아다니는거야,False,
@성용-b5w,페레헴 이런 아무런 채널에 나올만한 선수가 아닌데...,False,
@monstershonda,아니 ㅋㅋㅋ 유튜브를 돌면서 다나오면 뭐 유튜버끼리 십시일반 돈모아서 부른거야 뭐야 ㅋㅋㅋ,False,
@Mr-mv9jb,쎄다 페레이라 동생 최고 !!!,False,
@hanryan_g,미쳣다,False,
@sds6545,ufc 챔피언이 한국에서 이렇게 열심히 컨텐츠 하는게 신기하네,False,
@콩이-i1f,참나. 페레이라.  한국와서. 안가는대가 없다.  나있는곳도불러야겠다. 전국방방곡곡 다니내,False,
@MIND3141,페레이라 손크기 실화입니까?,False,
@jamesjo3185,페레이라는 방한해서 알차게 돌아다니네ㅋㅋㅋ,False,
@무조건직진,페레이라 예능에안나옴???,False,
@레우하이콘,페레이라 헬스 해본적없는거임? ㄷㄷ 기본 근육량이 ㅈ되나보네,False,
@주먹왕강인,ㅋㅋㅋ 페레이라 한국와서 유투버란 유투버는 다 만나고 다니네 ㅋ,False,
@철이-w7b,페레이라 이러다가 나도 보러 오는거 아니냐,False,
@dragon2dd,페레이라 일정 너무 개빡센데?,False,
@김바키-v7x,"<a href=""https://www.youtube.com/watch?v=he9dQBabpjs&amp;t=124"">2:04</a> 우리 처음에 헬스장 가서 잔뜩긴장한채 배울때 모습",False,
@하늘-w6i3f,닌 저게 잔뜩 긴장한거처럼 보이냐? ㅋㅋ,True,@김바키-v7x
@냅다갈겨버려,둘이 형제인줄 ㅋ,False,
@antsuper4929,운동 시간 보장 안되면 한국 안온다 했는데 와서 진짜 열심히하네 ㅋㅋㅋ,False,
@프리더님,이러다 우리집까지오겠네 어디까지 가는거야 페레이라형님,False,
@ctuc7065,강민이 형 건강챙겨😢,False,
@펄렁치마,알페형 이번주 일요일 11번 틀엇는데 서프라이즈에 나오는거 아니지 ㅋㅋㅋ,False,
@박중현-t9z,이럴수가~~~~~~~,False,
@전부만수무강,와 ㄷㄷ 페레이라도 일반인에 비하면 몸겁나 좋네  뼈랑 근육삐 없네 ㄷㄷ 쎄다진짜 ㅈㄴ쎄다 짐승이네,False,
@1112-v4g,샤마 ㅋㅋㅋㅋ,False,
@므찐스퇄,나보러도 올듯 ㅋㅋㅋㅋㅋㅋㅋ,False,
@성이름-t1n,컨텐츠좀 짜야지 에이 ㅉㅉ,False,
@지재진-v4x,그냥 얼핏보면 외노자인데 ㅋ,False,
@smiletsj,원투 꼽음 죽어,False,
@JeongSiwoo,아 행복하노,False,
@살다가-q4u,뽕을뽑네 아주,False,
@EMALNE,페레이라 한국채널은 아주그냥 다 나오네 ㄷㄷ,False,
@남자의삶,페레이라 오는데 뭐할지 생각은 좀 해놓고 하시짘ㅋㅋㅋ,False,
@사무에르,페레이라 다리가 강민이 꼭지에있뉴 ㅋㅋ,False,
@aa-xv9hi,팬이라고 디엠 넣으니까 오늘 페레이라형이 저보러 대구까지 올 수 있다 하네요!,False,
@한성이-g9j,이건또 모여ㅋㅋㅋㅋㅋㅋㅋㅋㅋㅋㅋㅋㅋㅋ,False,
@행행행-p6s,와 UFC 챔피언이 출연 와~~~~~~~,False,
@user-cg7ql1mq8z,인수 운다울어ㅋㅋ,False,
@시아-d8s,"<a href=""https://www.youtube.com/watch?v=he9dQBabpjs&amp;t=381"">6:21</a> ㅋㅋㅋㅋㅋ십 올라잇 기습숭배",False,
@뮌재맘,진짜 내추랄 맞아요? 페이이라보다 더 두껍네,False,
@user-is8iz8zf2,스케줄 불평불만하나없이 왤케 호감이냐. 얼마나 벌어갈려고 그래!ㅋㅋ,False,
@jeongyj3078,외국은 고치가 고도비만이 많아요<br>그런데 신기하게 고칭은 또 잘한다는게 신기합니다,False,
@베어-g8l,근육량이나 힘은 김강민이 더 좋겠지만 페레이라는 뭔가 그냥 사람 죽이기 딱 좋게 생겼네,False,
@후후-j8d,김강민은 무쇠해머<br>페레이라는 일본도 사시미 스타일,True,@베어-g8l
@앰지드,우리형 ㅋㅋ,False,
@warwork워웍,와 팔 진짜 길다 올라오는데 오래걸리네,False,
@디노의하루,좀있으면 나도 만나러올거같…,False,
@카프리-u6d,으어헝.... 진짜 매력 터짐..안그래도<br>좋앗는데 찐팬됬습니다..,False,
@액툰,뭐여 유튜버들 페레이라 티켓주고 다 산겨? 심하네,False,
@크앙다,와 형님..❤,False,
@haerok291,이번에 페레이라 한국와서 한국민심 다잡고 가네 ㅋㅋㅋ 개호감 챔프네❤,False,
@handle-t5x,페레이라 어디까지 뽑아먹냐,False,
@조균형-e4u,너무 바쁘신데 ㅜㅡ ㅋㅋ,False,
@수상한마린,여기까지온다고??우리집도 오것어!!,False,
@user-xi8cz8uo6k,페레이라 뭔 키가 하승진급은 되는듯ㅋㅋㄱㅋ,False,
@캔지-p3k,안녕하세요 ㅋ 존나 구수하노 ㅋ,False,
@용산어깨너머,알렉스 스케줄 어마어마 하네,False,
@1constan-hr4vg,긴가민가 ㅋㅋㅋㅋ 뇌절 느낌 개웃기노,False,
@NooNoo3,ㅋㅋㅋㅋㅋㅋㅋㅋㅋㅋㅋㅋㅋㅋ바쁘다 으어햄,False,
@자세바라-i4t,으아형 겁나바쁘다 😊,False,
@fuxxin핸들,긴가민가 전혀 안꿀려. 개먹지네,False,
@nothingisimpossible-m7w,페레이라 진짜 어딜가나 보이네 ㅋㅋ 내일은 내만나러도 오겠노,False,
@재미판독기-j8d,ㄹㅇ.. 일정이 너무 빡센 거 같은데.. ㅋㅋㅋㅋㅋㅋㅋㅋ,True,@nothingisimpossible-m7w
@성실하게가자,"<a href=""https://www.youtube.com/watch?v=he9dQBabpjs&amp;t=326"">5:26</a> ㅋㅋㅋㅋ ㅋㅋㅋㅋ ㅋㅋㅋㅋ ㅋㅋㅋㅋ ㅋㅋㅋㅋ ㅋㅋㅋㅋ ㅋㅋㅋㅋ",False,
@shin_shiba,ㅋㅋㅋㅋㅋㅋㅋㅋㅋ쉽게부서질다리가 아닌데,True,@성실하게가자
@GSP-t8s,@@shin_shiba몇 번 차면 맛 갈듯,True,@성실하게가자
@김성현-f2y9w,​@@shin_shiba 퇴출된 선수 70kg가 미식축구현역😅100kg 넘는 흑인 ㅂㅅ만들었음 ㅋㅋㅋㅋㅋ,True,@성실하게가자
@choconamoosoop,으어햄 개쩌누 ㅋㅋㅋ,False,
@성실하게가자,"<a href=""https://www.youtube.com/watch?v=he9dQBabpjs&amp;t=128"">2:08</a> ㅋㅋㅋㅋㅋㅋㅋ",False,
@saranghee_,페레이라 잠이덜깬듯 ㅎㅎ피곤해보인다 저런모습이 동네형같이 너무 친근함,False,
@BRAINID원,모든 사람들이 영상 뒤에선 다 잘 해줬겠지만 영상에서도 손님 맞이를 제일 편안하게 잘 해준 느낌 ㅋㅋ  헝크는 해외댓글러들도 욕함 ㅋ,False,
@Kneeg777,강민햄 레그킥 버티기 챌린지 보고 싶었는데 아깝네여 ㅋㅋㅋ,True,@BRAINID원
@히-t4p,@@Kneeg777어캐 버텨 ㅋㅋ,True,@BRAINID원
@벌레커트,​@@히-t4p상수햄 버팀ㅋㅋ,True,@BRAINID원
@김현우-j6u6f,김강민님 참 괜찮아보임,True,@BRAINID원
@rat909,해외댓글들 ㅇㅈㄹ 영어 읽지도 못하는 ㅅㄲ가 ㅋㅋ,True,@BRAINID원
@Peace-du3uo,이쯤되면 ai합성 아님?,False,
@brianp2126,카프킥맞기  체험하셨음했는데 ㅋㅋㅋㅋㅋ,False,
@임박사-l5v,우리 으어형 살 빠진 거 같네 ㅋㅋㅋㅋ,False,
@hjj8300,샤마ㅋㅋㅋ,False,
@헬스경력주6일기준13년,페레이라 보면볼수록 커엽노 ㅋㅋㅋ,False,
@안녕-l2z8h,유튜브 틀면 나오네 페레이라 ㅋㅋㅋㅋ 도대체 몇개 채널에 출연한거여 ㅋㅋㅋ,False,
@vocal77,"<a href=""https://www.youtube.com/watch?v=he9dQBabpjs&amp;t=188"">3:08</a> 문신 흔적이 남아있으니 뱀비늘같네. 랩틸리언강민 ㄷㄷ",False,
@The_Manly_Man,카이도 ㄷㄷ,True,@vocal77
@voo2321,강민이형 왜케 쭈글이됐엌ㅋ,False,
@voo2321,포아탄 ㄷㄷ,False,
@주현태-m9n,으어형 한국사람 다 만나고 가겠네 ㅋㅋㅋㅋㅋㅋㅋㅋㅋ,False,
@워라밸-k5n,페레이라형 대체 며칠사이 몇탕을 뛰고 간겨 ㅋㅋㅋㅋㅋㅋㅋㅋㅋㅋ,False,
@Th-lx6uw,진짜 홍길동인가 ㅋㅋㅋㅋㅋ,False,
@몽당연필-g4z,에너자이저 광고 생각나네요ㅋㅋ체력 미쳤음,False,
@김태희-g1f,강민아코치하고 팔씨름해야지,False,
@김현우-c6x7d,이러다 나 까지 보러오겠네;;,False,
@user-qp6ob5xe6q,사람들 댓글 봐서 따라 쓰는 거 아니까 그만 좀 하라고ㅡㅡ,True,@김현우-c6x7d
@안녕-p2s8p,그전에 하늘에있는 현우 어메 보러가겠네,True,@김현우-c6x7d
@김현우-c6x7d,고아들이 발광하기는 ㅇㅅㅇ~,True,@김현우-c6x7d
@mgchae2280,와 페레이라 입덕했따,False,
@KKK77950,"<a href=""https://www.youtube.com/watch?v=he9dQBabpjs&amp;t=29"">00:29</a> ㅋㅋㅋㅋㅋㅋㅋㅋㅋㅋ한국인이노",False,
@영양의비밀-i5j,페레이라 헬스에도 관심잇나,False,
@백종원-f3b,솔직히 페레이라입장에서 풍선근육애들이 젤 가짢을듯 ㅋㅋㅋㅋㅋㅋ,False,
@선이-t5l,와 헬스 안해도.. 태생이 프레임이 크네 외산은..,False,
@Ferro_concepts,왤캐 귀엽누,False,
@smc-sr2zv,한국 유튜브시장 장악하네 ㄹㅇ ㅋㅋㅋㅋ,False,
@jaekipark-o3e,샤마~~~~~~~~~~~~,False,
@백종원-f3b,좀쉬지 무슨이유로 여기저기 다니는건지 궁금하네 많이 피곤해보인다 ㅠㅠ,False,
@김태희-g1f,강민이가팔씨름하면 초살당하겠지?,False,
@User_28272,"<a href=""https://www.youtube.com/watch?v=he9dQBabpjs&amp;t=423"">7:03</a> 귀여움 ㅋㅋㅋ",False,
@리리리-l7b,ㅋㅋㅋㅋㅋㅋ귀엽노,False,
@hahakhgwwu,페레이라 진짜 극호감 졸귀 ㅋㅋㅋㅋ,False,
@akdjfnvrq,진짜 저 피지컬에 미들급 뛰던양반 맞나 ㅋㅋㅋㅋㅋㅋㅋㅋㅋㅋㅋㅋㅋㅋㅋ,False,
@hahakhgwwu,전세계 싸움챔피언이 왜이리 귀엽냐 ㅋㅋㅋㅋㅋ,False,
@박형배-u7y,인플루 언서들 다 꼬였네 ㅋㅋㅋㅋㅋ 어떻든 한번 엮어서 영상 나올라고 번호표 뽑고 대기하는 수준이네 ㅅㅂ ㅋㅋㅋㅋ 뭔가 추잡스럽다 ㅋㅋㅋㅋㅋㅋ 다 멘트도 똑같음 ㅋㅋㅋㅋㅋㅋ,False,
@마재민-y3t,형배야 너가 제일 꼬였어,True,@박형배-u7y
@scandina8375,긴가민가?!?  김강민가?!,False,
@skh8461,페레이라 엄청 바쁘네 ㅋㅋ,False,
@이정주-k7u,페레이라 여기저기 다대주고다니노 걸레짝이네,False,
@chakuchimu8845,별걸 다하고 가네 페레이라ㅋㅋㅋㅋㅋㅋ,False,
@allright-p2h,간고쉐낀 페레이라랑 만나서 뭐 ㅈㄹ 컨텐츠할거마냥 친한척하더니 잠수노,False,
@jon4035,현 대한민국에서 가장 싸움 잘하는 사람 ㅋㅋ<br>알렉스 페레이라 <br><br><br>정다운 박준용이 유일하게 눈 깔아야 하는 남바,False,
@내가판단하고내가결정,페레이라 약빨았었나 지노 있노,False,
@jpar2779,진짜 구라안치고 모아이석상 같음,False,
@고요한-m7g,김강민 선수님 왜 앉아서 인터뷰하시나요?,False,
@Dream-of-Aze,우어형 졸귀탱,False,
@손동혁-k4w,다리부서지고싶대?ㅋㅋㅋㅋ,False,
@KatharinaSchüttler-x1o,실물얼마나거대할까,False,
@하하하-z6q,통역사님 눈호강 잠못자실듯,False,
@Nigagarak,올해 초대한 외국인 중에서 젤  일빡세게한듯 브라질 외교부 소속임 으어햄?,False,
@손동혁-k4w,ㅋㅋㅋㅋㅋㅋㅋㅋㅋ,False,
@leioleio3257,피곤한가 뭔가 하기 싫어 보이네 ㅋㅋㅋ;;;;;,False,
@대성김-l5x,홍길동이여 뭐여 안가는데가 없어 ㅋ 체력 좋네,False,
@엘란트럭,ㅅㅣ벌 이러다 우리집도온다고하것네,False,
@AlwaysTrickster,very cool!,False,
@춘팔-g7n,샤마,False,
@allen-kt3mz,와~~~!!!!,False,
@hopeyu2,와 페레이라 힘들텐데 마지막에 자세잡으면서 웃는거보니 그냥 즐기는것같기도하고 역시 호감이네,False,
@좨씨,"페레이라,,,,, 회원님 ㅋㅋㅋㅋ  지리네",False,
@냥냥-g5i,뭐지 이 조합은 ㄷㄷ 대받,False,
@석현-y5n,페레이라 진짜 개호감이네,False,
@이도수-m4z,거절못하는 남자 페레이라,False,
@프라푸치노-o4z,스케줄 미쳤네,False,
@퓨어라이온,페레이라 멋지다~!,False,
@Imzozo-c2y,실용성이랑 미관이랑은 진짜 다른거구나<br>페레이라 그냥 헬스장에서 깔짝깔짝 운동하는 회원들이랑 몸이 비슷해보이네<br>이런거 볼때마다 보디빌딩은 실용성이랑 거리가 먼것 같음 ㄹㅇ,False,
@보고싶다-d7k,ㅎㅎ 다리보여줄때 카프킥 맞나했는데 ㅎ,False,
@naughtypark5002,근성장이나 보디빌딩 위주의 훈련을 하지않는 몸인데도 상당히 좋네요. 저런몸이 진짜 위험한 몸이겠죠? ㅋㅋㅋㅋ,False,
@AAcnd,팔다리 진짜길다 ㅋㅋ,False,
@-yx4qk,페레이라 쉬로 온거 아니였어??ㅋㅋㅋ,False,
@GGG-sg9yd,이 형 안나오는데가 없네 ㅋㅋㅋ,False,
@김정인-o6b,ㅋㅋㅋㅋㅋ강민이형 눈빛 순해진거봐 ㅋㅋㅋㅋ,False,
@현호-g1w,이러다 나도 만나러 오겠네,False,
@eifhs2700,1억주면 만나줄듯,True,@현호-g1w
@qorgid,ㅋㅋㅋ,True,@현호-g1w
@user-rz3ul6pt8z,그거까진 아님 ㅋㅋ,True,@현호-g1w
@whatanice,타댓글 가져왔노 ㅋ,True,@현호-g1w
@man19127,에이 현호가 안만나주지..ㅋㅋㅋㅋ,True,@현호-g1w
@승희조-n3d,"<a href=""https://www.youtube.com/watch?v=he9dQBabpjs&amp;t=34"">0:34</a> 쌍까풀 존내 피곤해 보이네 ㅋㅋㅋㅋㅋㅋㅋㅋㅋㅋㅋㅋㅋㅋㅋㅋㅋㅋㅋㅋㅋㅋㅋㅋㅋㅋㅋㅋㅋㅋㅋㅋㅋㅋㅋㅋㅋㅋㅋ존내 페레이라 ㅋㅋㅋㅋㅋㅋㅋㅋㅋㅋㅋㅋㅋㅋㅋㅋㅋㅋㅋㅋㅋㅋㅋㅋㅋㅋㅋㅋㅋㅋㅋㅋㅋㅋㅋㅋㅋㅋㅋㅋㅋㅋㅋ",False,
@OpenBodybuilder,아침밥 안먹고 더자고싶은데<br>밥상 끌려온 눈빛이네 ㅋㅋㅋ,True,@승희조-n3d
@qwertyzxc369,poatan is bulking upto heavyweight,False,
@박상시-t8f,나 발톱 깎아주러 온다던데 언제오노,False,
@지우와예범이,😮,False,
@hitouch-uw9lv,미친ㅋㅋㅋ 김강민채널에서 볼줄은 몰랐는데,False,
@sex6974_,페레이라 팔다리 진짜 기네,False,
@TV-tv1nr,페레이라 진짜 체력 죽이네...,False,
@kim-oq3xp,아모ㄸ한테가야되는거아님? ㅋㅋ,False,
@상추-v9c,강민이 얼었네ㅎ <br>사람 성공하고 봐야돼 <br>페레이라가 이민노동자면 저럴까ㅎㅎ,False,
@엘란트럭,뭔 개소리냐?,True,@상추-v9c
@lalalab7793,페레이라 이정도면 김정은도 만나고 가야 하는거 아니냐? 일정진짜 개타이트하네 ㄷㄷ,False,
@essentialview83,햐 아쉽네요 죽빵 한대 맞아보기 체험 이런거 기대했는데...,False,
@꽁이-g2o,다리 부서지고싶냐ㅋㅋㄱㅋㅋㅋㄱㅋㅋ개뿜었네,False,
@camekaji,와 김강민선수 페레이라와... 겁나 멋집니다,False,
@gabrielvzf,This is é BRAZILLLL,False,
@씨니홍,문신 지우셨구나ㅋㅋㅋ근데 진짜 문신 이미지가 엄청 컸네..문신 있었을때는 솔직히 조폭으로 밖엔 보이고 편견도 있었는데 지금은 진짜 헬스만 생각 하는 보디빌더로 밖엔 생각이 안 드네,False,
@jowoohada,밥먹고 카프킥차는 사람이라<br>앞에서 허벅지보여주면 위험 ㅋㅋㅋ,False,
@guda900,페레이라 사람 너무 좋다.,False,
@akswkz,페레이라 뭐 전국민 만나기하냐?ㅋㅋㅋㅋㅋㅋㅋ오만데 다 나오넼ㅋㅋㅋㅋ,False,
@alexlee6480,"<a href=""https://www.youtube.com/watch?v=he9dQBabpjs&amp;t=382"">6:22</a> ㅋㅋㅋ 기습 올라잇",False,
@eddie4071,페레이라 ㅋㅋㅋㅋㅋㅋㅋ😂😂😂😂,False,
@한솔-m7t,샤마~😊,False,
@PLOK-j5g,몸만 보면 김강민이 그냥 씹어 먹을 것 같은데 현실에선 페레이라한테 10초컷 ㅋㅋㅋㅋ,False,
@Kmgw2,프레임 자체가 확실히 큰게 느껴짐 ㅋㅋㅋ,False,
@송태환-r9z,뭐야 ㅋㅋㅋㅋ여기왜있어 ㅋㅋㅋㅋㅋㅋ,False,
@동그라미-b4o,페레이라 데려와서 이렇게 노잼으로 뽑는다고??,False,
@sweeet95,쉬러왔는데 그럼 술판깔고 챔피언 노가리나 깔까? 아님 뭐 3대 측정해? 찾아와서 적당히 뽑았으면 감사한거지,True,@동그라미-b4o
@하입보이-k9l,어디아프냐?ㅋㅋㅋㅋㅋ경기 대전료가 얼만데 자극적이게 씨게 할 수 있겠냐 생각좀,True,@동그라미-b4o
@suckkongkokonEkmdwithawfuly,페라이라가 너 따위한테 쇼 보여주려고 내한 하는게 아니다,True,@동그라미-b4o
@Elmetadorr,슈퍼스타가 바쁘게 일정 소화중인데 할 소리냐 저능아련,True,@동그라미-b4o
@동그라미-b4o,이놈들아  페레이라를 데려왔는데  영상자체가 노잼이란 뜻이다   고만 공격해라  한놈 달라드니 들닥같이 달라드노  페레이라 데리고 웨이트 할 바에 페레이라가 훈련하는 웨이트 배우기 이런게 낫지 않느냐 란거다  고만 공격해라,True,@동그라미-b4o
@asdff8117,페레이라 당신과 복싱스파링을 했던 그는 한국인이 아닙니다. 그는 중국인이에요. 이사실을 꼭 기억해주세요.<br><br>Pereira The guy who did boxing sparring with you is not Korean.<br>He is Chinese.<br>Please remember this fact.,False,
@richking4377,감사합니다.,False,
@엔진경고등-v6y,일정이 미쳤네 이러다가 나보러도 오겠네,False,
@말똥가리-b7v,환불 요구하면 무적권 해줘야하는 회원,False,
@sunminchoo3664,Picapii mi irmao,False,
@가우남,와 두 분 스파링 하시면 진짜 가장 치열한 1초가 되지 않을까 싶네요 ㅎㅎ,False,
@빅체리,혹시 치열한 1초가 김강민 선수의 치열이 1초만에 바뀐다는 소린가요?,True,@가우남
@vin5520,​@@빅체리안글켔냐?<br>김강민선수가 파이터냐,True,@가우남
@Dontiknowit,보디빌더가 더 작으시면...ㅡㅡ<br>아무리 운동해도 동양인은 작다.,False,
@파이어스-k5o,새 별명 획득  &quot;긴가민가&quot;,False,
@만능집수리-k3b,페리이라 한국와서 초청비로 돈쓸어가네 여기저기 안부르는데가 없네 쫙땡기네,False,
@말똥가리-b7v,수익금 전액 기부하고 간대여,True,@만능집수리-k3b
@영웅전문수집가1급,와 대박이네,False,
@yangyang양양,Ufc더블챔피언도 이렇게 열십히 산다,False,
@vannikim4571,조합 뭐야??ㅋ😮,False,
@카니예웨스트-r3b,와 페레이라 스케줄 뭐임?? ㄷㄷ,False,
@태훈오빠,"<a href=""https://www.youtube.com/watch?v=he9dQBabpjs&amp;t=378"">6:18</a> ‘올라잇?’ 하니까 뭐지하는 눈빛으로 쳐다보네 ㅋㅋㅋㅋㅋㅋㅋ",False,
@whatthehello,샤마형 오로지 남자들만 만나네 ㅋㅋㅋ 멋짐,False,
@1994SJ,전에 이슈 한번 있어서 그럴지도.. 그 사건은 참 안타깝죠,True,@whatthehello
@임현배-g8g,@@1994SJ 뭔데요,True,@whatthehello
@강민석-b7d,@@임현배-g8g 쉽게 말해 어떤 인플루언서한테 미투당함,True,@whatthehello
@1994SJ,꽃뱅 챙녀 잘못걸렷엇죠,True,@whatthehello
@임현배-g8g,@@강민석-b7d 그래서 어떻게 됐나요?,True,@whatthehello
@영끌,스케줄이 얼마나 빡빡한거야 ㅋㅋㅋㅋㅋ,False,
@토요타야,ㅋㅋㅋㅋ슛포러브 급 뽕뽑기,False,
@oneshine1987,아니 페레이라님은.. 다 퍼주고 가시네가 아니고 아직 본 이벤트는 하지도 않았는데 ㅎㄷㄷ,False,
@lliilll-qm2xy,조만간 나까지 만나러오겠네,False,
@양대건-k1t,팔씨름 한번 했으면 재밌었을텐데,False,
@user-qp6ob5xe6q,햇잖아,True,@양대건-k1t
@김민-n5v,ㅈㄴ 진지하네 ㅋㅋㅋㅋㅋㅋㅋㅋㅋㅋㅋㅋㅋ,False,
@choco2117,마지막 포징 잡는거 졸라귀엽네 으어햄ㅋㅋㅋㅋㅋㅋㅋㅋㅋ,False,
@H7lOFr즈o,ㅋㅋ페레이라는 한국와서도 다운동만 하고가네 ㅋㅋㅋㅋㅋㅋㅋㅋㅋㅋㅋㅋ,False,
@정우성이당,페리이라가 김강민선수 채널에 ㄷㄷㄷ,False,
@thesseda8124,와 너무 피곤하겠다 ㅠㅠ,False,
@혼돈핑키,코치.. 무슨 에디홀인줄알았네,False,
@Dontiknowit,두 외국인이 보디빌더보다 크면....안되는거 아닌가??,False,
@Ryback007,솔직히 여기는 왜 간거냐<br>좀 어이가 없네,False,
@fwefaeawfaw,헬창분들이 몰라서 그럴것같은데 요약하자면 인간 영장류지금 세계 1위입니다.,False,
@dhchoi2858,페레이라형님 분신술쓰나요?<br>이곳저곳 다 출몰하시네,False,
@엔쵸페라리,고릴라와 콩의 만남인가요,False,
@김태현-e9p3w,고질라랑 콩의만남이네요,True,@엔쵸페라리
@만족을아는자,오 퍼레이라 어예 초대했노,False,
@김강패-b3v,이러다 페레이라 나한테까지 오는거아님?,False,
@퍼펙트-w7h,겠냐,True,@김강패-b3v
@nj4330,거의 여기저기 다 올라오는게 박재훈 다이소급인데?,False,
@nj4330,없는데가 없노,True,@nj4330
@user-mj9hh7fk4k,올라잇×포아탄 텀블러 10만원 예상,True,@nj4330
@ttoo-f1z,아니 뭔 ㅋㅋㅋㅋㅋㅋㅋ 여기 왜 나옴?,False,
@올드스쿨-v7l,대체 쇠질하는놈이 페레이라를 왜 다루노?,False,
@yj1684,"<a href=""https://www.youtube.com/watch?v=he9dQBabpjs&amp;t=429"">7:09</a> 페레이라 사이드체스트를 다보네 ㅋㅋㅋ",False,
@Eyo-ct3lw,윙크 날리는 샤마ㅜㅈㄴ 귀여워서 배방구 해주고 싶노,True,@yj1684
@닉미오치치-1,ㅈㄴ 귀하다 ㅋㅋㅋ,True,@yj1684
@김성현-m2o,이건 강민이햄 채널에서밖에 못보는거다 ㅋㅋㅋㅋ,True,@yj1684
@어디아블로아저씨야,무슨 AI 합성 영상같네 ㅋㅋ,True,@yj1684
@Ytgj66,와 근데 페레이라도 옆에빵이 엄청크네 진짜 ㅋㅋㅋㅋㅋ,True,@yj1684
@QMFKDLDJS-z5c,쉽죠? 아니. <br><br>ㅋㅋㅋㅋㅋㅋㅋ,False,
@user-dhgs1b5fhvs,둘이 스파링한다는 줄 알고 묘자리 알아드릴뻔 했네요...😅,False,
@윤동원-u9k,페레이라 진짜 스케줄 바쁘네,False,
@김김김-v6p3k,아무것도 얻을 것도 없는데 페레이라가 여길 왜 오지ㅋㅋㅋ,False,
@굿모닝-c4d,참 호감형이네~~~~,False,
@칼리프-o9t,캬 으어햄 초청 나이스,False,
@타이론우들리-o8q,와 ㅋㅋㅋ여기도 와?,False,
@iknewit-i9f,샤마형 잠은 주무시나?,False,
@두한김-s1q,"<a href=""https://www.youtube.com/watch?v=he9dQBabpjs&amp;t=323"">5:23</a> 페레이라: 다리 부서지고 싶대 ?   강민이형  당황 표정ㄷㄷㅋㅋㅋㅋㅋㅋㅋㅋ",False,
@수리부엉이-u3t,번역 듣고 섬뜩했겠다,True,@두한김-s1q
@Himynamehs,김걍민 표정 씹ㅋㅋㅋㅋㅋㅋㅋㅋㅋㅋㅋㅋ캌ㅋㅋ,True,@두한김-s1q
@PWJ-b3w,조세호급 억울함 ㅋㅋ,True,@두한김-s1q
@cdm2465,아니 ㅋㅋ 도대체 페레이라한테 힘과시를 왜하는거야 ㅋㅋㅋ ㄹㅇ 저정도수준한테는 의미없는데,True,@두한김-s1q
@송천-f9p,카프킥 한번 갈겨주지,True,@두한김-s1q
@시발놈-n7m,페레이라 누가 섭외했냐 ㅋㅋㅋㅋㅋㅋ 무슨 뽕을뽑노 ㅋㅋ,False,
@lxxxxe-c5e,올라잇 ㅋㅋㅋㅋㅋㅋㅋㅋㅋㅋㅋㅋ,False,
@가쥬아앗,아니 페레이라형이 작아보이는건 내 눈의 착시인가&gt;?...,False,
@옵-g5u,종목 자체가 다른데 옆으로는 더 크겟죠 ㅎㅎ,True,@가쥬아앗
@maru6181,강민아 풍근으로 까불다 턱아지 돌아간다 적당히 접대하고 보내야지,False,
@쿠우쿠우-q2h,아니 뭔 여기도 있노,False,
@아싸라비요뽈래,아무리 원주민이라지만 스케쥴이 ㅅㅂ ㅋㅋㅋㅋㅋㅋㅋㅋㅋㅋㅋㅋㅋㅋㅋㅋㅋㅋㅋㅋ 한국인들 뽕뽑기는 대박이다,False,
@시발놈-n7m,페레이라 첨이 신낫는데 점점 피곤해보이내,False,
@위성춘-c7j,통역분 개이쁘다.. 존함좀..,False,
@카르페디엠-y1x,참..,True,@위성춘-c7j
@chongminao6702,게이야..,True,@위성춘-c7j
@으-s5m,보평 ㅋㅋㅋㅋㅋㅋㅋ,True,@위성춘-c7j
@asdfzxcv_qwer,이영상에서는 페레이라 왤케 헬린이 같냐 ㅋㅋㅋㅋ개귀엽네,False,
@밤밤-e9f,"<a href=""https://www.youtube.com/watch?v=he9dQBabpjs&amp;t=325"">5:25</a> 다리 부러지고싶데? ㅋㅋㅋㅋㅋ ㅈㄴ 무섭노",False,
@퍼펙트-w7h,데가 아니고 대임,True,@밤밤-e9f
@이장따,요즘 1일1페레이라 하고있습니다,False,
@hgg35,아니 으어햄 한국 유튭맛집 다가네.. 강민햄도 챠마!!!🤙🤙,False,
@통속의뇌-r6t,으어햄 활동반경 1718 캉테급이네 ㅅㅂ,False,
@효니-n2m,통역사 아름다우십니다….,False,
@Sarabrain,코만보임,True,@효니-n2m
@guylucky1508,나도 이생각함 ㅜㅜ 피부넘 좋으시다,True,@효니-n2m
@NPC-oi6pz,아니 이 햄은 힐링이 아니라 국토대장정을 하고있네 ㅋㅋㅋㅋㅋㅋ,False,
@chongminao6702,ㄹㅇ 돌아가는 비행기에서 계속 잘듯,True,@NPC-oi6pz
@1rm837,으어형 안나오는 채널이없노 ㅋㅋㅋ,False,
@발루-v2f,내점심밥 쉐이,False,
@Rhk-d7,"<a href=""https://www.youtube.com/watch?v=he9dQBabpjs&amp;t=382"">6:22</a> 갑분 재훈이햄",False,
@김태현-e9p3w,으어햄 스케줄무슨일ㄷㄷ 강민햄도 으어햄옆에가니 쪼꼬미늬ㅣ,False,
@서울-i6t,샤마 노샤마?,False,
@KimKangmin,"디너링크 https://<br>디너링크<br><a href=""https://mobileticket.interpark.com/goods/24014768"">https://mobileticket.interpark.com/goods/24014768</a><br><br>세미나링크<br><a href=""https://mobileticket.interpark.com/goods/24015873"">https://mobileticket.interpark.com/goods/24015873</a>",False,
@raphaelserpa4376,🇧🇷,True,@KimKangmin
@Ras160,how much in dollar it cost?,True,@KimKangmin
@야아이야이,페레이라님 몸 두개인가요??ㅌㅋㅋㅋㅋㅋㅋㅋ여기저기 다 나타나시네 지리네 진짜ㅋㅋㅋㅋㅋㅋ,False,
@긍정낙관,일정 타이트한듯,True,@야아이야이
@yamsandpotatoes4243,한국은 다 서울에 밀착되있어서 오히려 좋을걸,True,@야아이야이
@jacopastorius319,ㄹㅇ ㅋㅋ 얼마나 굴리는거야,True,@야아이야이
@성이름-q1f7g,@@yamsandpotatoes4243그게 문제가 아니지,True,@야아이야이
@서진이-v2j,한국이라 전국투어가 가능하지,True,@야아이야이
@유지로-n2h,으어햄 존나 호감이다,False,
@goh9026,그냥 샤마형은 호감임,False,
@Pereira-667,"<a href=""https://www.youtube.com/watch?v=he9dQBabpjs&amp;t=49"">0:49</a> 긴가민가 ㅋㅋㅋㅋㅋㅋㅋ",False,
@aruriru2,페레이라 스케줄 하루에 몇개야 ㄷㄷㄷ,False,
@박성규-h5o,ㅋㅋㅋ다리부러지고 싶냐 ?ㅋㅋㅋㅋㅋ,False,
@cricketcavalry1824,It will hurt even more with too many muscles,True,@박성규-h5o
@박준혁-q1x,그게누군데 십덕아,False,
@Tu-wr9bi,"<a href=""https://www.youtube.com/watch?v=he9dQBabpjs&amp;t=299"">4:59</a> 살기지리네 포아탄 ㄷㄷ ㅋㅋㅋㅋㅋㅋㅋㅋㅋㅋㅋ",False,
@김태현-e9p3w,그냥 보는데 ㅈㄴ무섭네,True,@Tu-wr9bi
@잘생긴피콜로,개들이 왜 강한애들보면 눈내리깔고 꼬리내리는지 알듯함 ㄷㄷ,True,@Tu-wr9bi
@삼성이재용-o7c,지림,True,@Tu-wr9bi
@넌뭔데-w2i,진짜 조온나 무서움 ㅋㅋ,True,@Tu-wr9bi
@agsdf-ul8kl,으어햄 겁나 잘 돌아다녔구나ㅋㅋㅋ,False,
@user-un9pe2jm9b,"<a href=""https://www.youtube.com/watch?v=he9dQBabpjs&amp;t=98"">1:38</a> 누가 무게 못 든다고 페레이라가 약하대",False,
@user-kv7ze9fl4i,아무도 약하다고 한적없습니다...그누구도..그렇게 말할수 있는 사람이 없어요;;;;,True,@user-un9pe2jm9b
@앍-b2d,긴가민가 보다 ㅈㄴ 큰 외국 성님들;,False,
@Lee-chanwoo,"<a href=""https://www.youtube.com/watch?v=he9dQBabpjs&amp;t=322"">5:22</a> 포상이다",False,
@몽당연필-g4z,🤢,True,@Lee-chanwoo
@전드-c3j,초상이겠지 ㅋㅋㅋ,True,@Lee-chanwoo
@조흔데이-l4h,페레이라횽 헬린이자나~,False,
@minigun.,으어?,False,
@욱이-h2s,CHAMA🗿🔥🔥,False,
@천희동-t5u,응원하겠습니다🎉🎉🎉<br>행복하세요 형님🙌🏻🙌🏻🙌🏻,False,
@욷-d2n,키가 크니까 강민이형이 쪼꼬미로 보이네,False,
@Akosldksosod-j2v,페레이라 192임 ㄷㄷ,True,@욷-d2n
@갓준영-f9f,@@Akosldksosod-j2v 192 노노 194,True,@욷-d2n
@miketyson2845,강민이형님 페레이라 옆에있으니까 귀여운 아기공주님같네요❤,False,
@흠-i4r,안녕하세요,False,
@akromawrath7353,Nice 👍👍👍,False,
@이진호-f9n,아니 여기까지 오네 돌았네,False,
@GearFourth4,온다고 공지올렸는데..,True,@이진호-f9n
@박동준-b7f,@@포돌이ㅇㅈ 뭐 김민수랑도 만났드만 ㅋㅋ,True,@이진호-f9n
@chongminao6702,@@포돌이얼마 형질해줘야할까? 500? 1000?,True,@이진호-f9n
@김경민-c9m,한국에서 번 돈 다 기부함 이거 사실상 무급임 전부,True,@이진호-f9n
@박동준-b7f,@@포돌이 제 말이 그말인데요,True,@이진호-f9n
@박종덕-d2v,굳,False,
@비랑-m4v,1,False,
@lets_justlive,일단 댓글,False,
@쀼댕-j3o,1,False,
@뽀뽀짱가,1,False,
