author,comment,is_reply,reply_to
@박민정-g4y4o,❤,False,
@CrazyKimmano,기안84는 삶 그 자체가 인문학이다ㅜㅜ 내 원픽 셀럽!!!,False,
@musicdream168,뭐야 이건 대상 노리고 보여주기식 마라톤 뛴거네...전씨가 받는 것 보단 기안이 대상 받는게 낫다만...흠...기안이 마라톤 이제 그만 뛰게 해라 제작진들아 제대로 뛰지도 못하는 애를 갖다가...그러다 사람 잡것어,False,
@김선희-e2q,꼭지 테이핑 첨보는데 넘웃겨요~^^,False,
@gospel3658,"&quot;그러나 이제 그리스도께서 죽은 자들로부터 일어나사 잠든 자들의 첫 열매가 되셨도다.<br>사망이 사람을 통해 온 것같이 죽은 자들의 부활도 사람을 통해 왔나니<br>아담 안에서 모든 사람이 죽는 것같이 그렇게 그리스도 안에서 모든 사람이 살게 되리라.<br>그러나 각 사람이 자기 차례대로 되리니 먼저는 첫 열매인 그리스도시요, 그 다음은 그리스도께서 오실 때에 그분께 속한 자들이니라.<br>그 뒤에 끝이 오는데 그때는 그분께서 모든 치리와 모든 권세와 권능을 물리치시고 왕국을 [하나님] 곧 [아버지]께 넘겨 드리실 때라.<br>그분께서 친히 모든 원수들을 자신의 발아래 둘 때까지 반드시 통치하시리니<br>멸망받을 마지막 원수는 사망이니라.<br>(고린도전서 <a href=""https://www.youtube.com/watch?v=hjDhFQ46sM8&amp;t=920"">15:20</a>-26)<br><br>&#39;&#39;너희가 믿음을 통해 은혜로 구원을 받았나니, 그것은 너희 자신에게서 난 것이 아니요 [하나님]의 선물이니라. 행위에서 난 것이 아니니, 이것은 아무도 자랑하지 못하게 하려 함이라.   (에베소서 2:8-9)",False,
@소뱅이네,진심 대단하네요. 촬영하면서 마라톤 완주까지!! 너무 멋있네요,False,
@쪼쪼-e7z,나혼산 재방 삼방 사방 돌려봄 기안 넘 멋있어!!!!,False,
@long2-y4v,진짜 마라톤편은 늘 감동입니다! 눈물없이 볼수가 없었어요...대단하신것  같아요..정마,False,
@dk-pm9mr,저거 촬영해도 됨? 규정위반 아님?,False,
@오경자-w2c,요즘따라 잘생겨보이는게 존나웃김 ㅋㅋ,False,
@현희-f3k,한다면 한다<br>기안<br>태어난김에 할건 다 하는<br>멋진 청년<br>올해도 대상 받으세요<br>기안84  항상 응원합니다,False,
@lht0110,이러면 또 대상이자누~~~~ㅠㅠ,False,
@강서정-i1s,기안84  파이팅 !!!,False,
@이지아룽,학교 다닐때 오르달리기 계주 이런거 말고 한번도 안해봤는데 기안84 완전 쵝오😃👍<br>나혼산 안본지 꽤 됬는데 다시보기 해야겠네용 😉,False,
@강서정-i1s,알차고 재밌고 행복하게 사시는거 부럽 <br>멋지구요  늘 ~~행쇼  😊,False,
@로즈마리-n2z,베이글만 안먹었어도~<br>초기에 묵묵히 달리기만 했어도...<br>그런데 방송이니 입다물고<br>달리기만 할수도 없었을테고<br>여독도 있고 시차도 영향줬을텐데<br>포기하지 않은것 만으로도 칭찬~,False,
@손정대-c4n,도전정신! 정말 감동이네요. 😢,False,
@9-bk8yx,모르는 사람들이 보면 마라톤 완주 쉬운줄  알겠다  대단한 기안,False,
@옐로우피쉬,어디서나 눈치 안보는 기안84님 멋져요😅<br>바닥에 앉아 베이글 먹는 기안84님 너무 귀여워요🤩,False,
@옐로우피쉬,기안84님 진짜 도전을 즐기는거 같아요😅<br>항상 응원합니다 👍,False,
@DongGilPark-w4x,촬영팀 ㄷ ㄷ,False,
@기다려-n5b,빵 먹고 차가운  바닥에 누워 있어서 체한거 같아요 보는데 참 안타까웠습니다 그래도 완주하신거에 박수  칩니다,False,
@오하라-t3y,아무나 할 수 있는 게 아니다 멋져요❤❤,False,
@user-sk7cj7so8x,기안❤,False,
@bca3723,기안 나오니까 시청률도 잘나오고 화제성도 있고 올해도 기안 대상 줘야될듯ㅋㅋ,False,
@김핫세,4시간을 ~~~이겨낸   청춘 기안84   열심히 산다 나혼자~~~😂🎉😂🎉😂🎉😂🎉😂🎉🎉🎉,False,
@김핫세,한국의   청춘 기안  이겨냈다   축하합니다  ❤❤❤🎉🎉🎉🎉🎉,False,
@KayLee-s2x,혼자가 아닌 페이스 메이커가 있었으면 좋았을 것 같은 아쉬움이 남네요 ㅠ,False,
@kukbab4303,누가 그 고행을 같이 하겠나.다음번엔 방구석 주둥이 코쿤 키랑 같이하자,True,@KayLee-s2x
@영뚝이-i9v,​@@kukbab4303마라톤대회 뛰어보면 페이스메이커 분들이 따로계십니다,True,@KayLee-s2x
@shinpe9713,멋지다.기안84,False,
@김종현-h7m,기안84 언제나 응원합니다 그리고 대단합니다,False,
@2000jeeman,기안님 어제 방영도 참 멋졌습니다.,False,
@춥다추워-v2j,기안은 진짜 대단하다❤❤,False,
@qwer-i5b,기안대상이다,False,
@천사-z2v,얘는 생각각없는 친일파,False,
@잔잔바리-s2f,눈물 흐르더라<br>장애가 있으신데도 하시는분들 보며 감동👏👏👏👏👏👏👏,False,
@whitedog2020,나도 간만에 본방사수 하면서 보는 내내 울었음 보면서 왜 나는 울까 하며 봤는데 참… 기안84의 도전이 나태한 나에게 자극이 되네요… 근데 왜 베이글을 두개나 먹어 ㅋㅋㅋㅋㅋㅋ,False,
@gwangteakpark4754,에너지젤을 베이글에 발라먹더니 ㅋㅋㅋ,False,
@추사-d4c,또 대상 노리려고ㅋㅋㅋㅋㅋㅋㅋㅋㅋ,False,
@신쩡-y7c,올해도 대상은 기안84^^,False,
@여우꼬리-z6s,역시 기안84님이세요<br>최고,False,
@이길재-n5t,너무 이쁜기안❤,False,
@lucky_chilbong,믿고보는 기안 시청률 7.6% 대상 가즈아❤,False,
@mom-xg3cu,기안이는 보물^^,False,
@이영희-f7f4r,절대 쉬운일 아닌데 정말 최고예요 늘 진심 열심히 사시는 모습 응원하고 사랑합니당~항상 승승장구하길❤❤❤❤❤❤❤,False,
@park_hobbang,대상인 이유 있음,False,
@mklee-h7n,힘들어서 얼마나 포기할까말꺼 매 순간 고민하며 뛰었을까? 진짜 대단하다,False,
@은영-f9e,나혼자산다 기안84님이랑 박지현님꺼만 보는데ㅋㅋㅋ이번에 정말 감동적이었어요😊 진짜 멋진사람!,False,
@이지연-q3f,태어난김에 사는기안이라더니...젤열심히사는사람❤❤어제 기안땜에 나혼자봄 😊,False,
@LJ45612,런닝 인기가 더 올라가겠네요..<br>대회접수가 더 어려워 지겠군ㅠ,False,
@2-279,꾸밈없고 진솔한 기안84님을 응원합니다!,False,
@쿠키-s2y2x,마라톤을 시험에 비교한 중간중간 인터뷰 내용도 너무 좋았어요<br>기안84님 말 왜이렇게 잘하죠?,False,
@l9야뎡-저장소Mx-p6l,음악일주 이후에... 바로 또 미국 마라톤까지 진출하다니 대단해요 올해도????? 기안84 꿀잼 대상받길~~ ㅎㅎ,True,@쿠키-s2y2x
@awesome4369,본방보면서 한시도 눈을 못떼고 잼있게 봤어요! 역시 기안^^b 추운데 베이글 두개 드실때 안돼! 하면서 걱정됐는데 ㅠㅠ 밀가루 먹고 바로 누워서 잠든게 탈이 난듯해요~그럼에도 완주한게 대단했어요!,False,
@사천반디,완주할땐 저도 모르게<br>박수를 힘차게 날렸네요<br>기안84님❤❤❤❤❤❤❤,True,@awesome4369
@h.y5913,사회에 선한 영향력을 행사하는 기안84<br>🎉지금 대한민국은 기안앓이중😂😂😂,False,
@살아온기적,"인간들 싹 교체합시다.<br>대학생 자취생,<br>고아원에서 고교졸업후 강제로 독립하는사람,<br>가락시장일하는 주변고시원사는 노동자,<br>배달대행하는 고시원거주자,<br>서울변두리 중계동 산동네 독거노인의 삶.<br>서울 성북동 성곽마을 독거노인의 삶,<br>영등포판자촌의 독거노인의삶.<br>서울명륜3가 산동네의<br>독거노인의 삶.<br><br>이분들도 나혼자삽니다.<br><br>등등.<br>연예인을 벗어나고,<br>우리사회 스포트라이트 못받는 사람들의 독거생활을 <br>찍어주세요.<br><br>돈잘버는 연예인들보면서<br>상실감에 쓴웃음짓는 시청자가 얼마나 많은지 모르시죠?<br><br>제발, 옛날 MBC로 돌아오세요.<br>가난한사람들, 약한사람들, <br>법을 지키고 살아가는<br>사람들을 품어주세요.",False,
@보라빛하늘-g3n,본인보다 잘난사람을 부러워하지말고 자신보다 어려운사람을 보면서 위로받지말고 본인의 현생을사세요~,True,@살아온기적
@아몬드-v2x,기안짱,False,
@심플라이프-v5v,같이 완주한 카메라맨 대단하네요! 페이스도 계속 맞추며 촬영 힘들었을텐데,False,
@songsong567,마라토너 같아요,True,@심플라이프-v5v
@momoh8581,기안84 나오니 시청률도 폭발하는구나 ❤❤❤,False,
@도엔지랜드,인정 👍🏾 👍🏾 <br>역시 대상이다 <br>🏆🏆🏆🏆,True,@momoh8581
@h.y5913,😅 기안님 보려고 나혼산봐요^^<br><br>올해대상도 완주! 🏆👏👏👏,True,@momoh8581
@DanielJo1004,달리기전에 베이글 흡입이라...<br>배가 안아프려나,False,
@햇살가득-k4s7w,모처럼 집중해서 봤네요.<br>나혼산<br>그동안 겉멋 들은 배우들만 나와서<br>안 봤었는데 어젠 재밌고<br>감동이었어요<br>기안84 . 멋졌어요,False,
@김미샤,기안 쵝오❤❤ 아주 멋진 사람❤❤,False,
@jsewing1,달릴준비가 됬다.<br>오늘 이 말이 다했다. 리스펙,False,
@relax-kq7fu,목소리는 또 왜케 멋찐 거야 ~♧<br>기안84 특집편 보기위해 <br>낮잠자고 본방사수했어요 ❤🎉<br>진짜 열심히 사는 남자 기안84,False,
@대모홍접선,"역시 전편 따라잡는 속편 없다는 말이 괜히 있는 게 아니구나<br> 청주 마라톤은 설렘, 감동, 희열 등 다양한 감정이 느껴져서 한 편의 짜임새 좋은 다큐를 보는 느낌이라 즐거웠지만, 이번 뉴욕 마라톤은 보는데 무언가가 조금씩 아쉬웠다...<br> 근데 그거랑 별개로 저런 메이저 대회에서 달린 경험은 너무나도 부럽다~",False,
@user-et2dn6hx9p,말씀하는게 멋지다,False,
@박종희-h2y,기안 84님 항상 응원합니다<br>완주 축하합니다<br>파이팅!!~~,False,
@chachu17,처음에 너무 파이팅해서 그런듯ㅋㅋㅋ 아쉽다ㅠ.ㅠ 근데 미국 마라톤 분위기가 파이팅 안 외칠수가 없겠던데 도파민 터질듯,False,
@수야-u2j,나혼자산다는기안84님이  계셔서 애청하는프로 올해도대상받으세요❤  웃음과감동적이었어요,False,
@christianbillionaire_ye,키야 유행을 창조하는 남자,False,
@혁푸드Hfood,😊😊,False,
@detectivepikachu673,침착맨은 진짜 전형적인 한국아저씨 같은데 기안84는 아직도 대학생이나 사회초년생처럼 보임ㅋㅋ 몸도 단단하고 멘탈도 침착맨이나 주호민보다 세고,False,
@연수이-g3g,이장우도 약속했는데 한국 마라톤인가?,False,
@김용호-g7p,낭만터지네🎉🎉🎉,False,
@라떼-w6s,나혼산 몇주 건너뛰었는데 기안 마라톤은 본방사수..기안 멋져멋져,False,
@baldeagle-5y7y5y,스몰토크하다 꼭지쓰 붙이깈ㅋㅋㅋㅋㅋㄱㅋㅋㅋㅋㅋㄱ,False,
@user-choigangdoosan,😂,True,@baldeagle-5y7y5y
@이현주-i4r5c,멋찐 사람 ❤,False,
@나야-j7u,진짜 멍청한거아니냐 ...컨디션조절해도모자랄판에 베이글ㅋ 그걸그리먹냐...,False,
@BestProfit813,러닝 꽤 오래 하셨던 것 같은데 왜 저러실까😅😅,True,@나야-j7u
@jihu2mail,🎉🎉🎉🎉🎉,False,
@럭키운수대통,멋있다 기안 항상 응원합니다,False,
@supbastu,존노잼이다 한번이면 충분,False,
@나야-j7u,ㅇㅈ,True,@supbastu
@라떼-w6s,핵 꿀잼 였는데? 감정이 메말랐나,True,@supbastu
@user-jjeooe,담엔 뉴욕마라톤에 참가하는 한국인이 엄청 많아질 것 같은 느낌.<br>해 볼만한 가치가 있는 듯. 규모가 ㄷ ㄷ 엄청난 추억이겠어.,False,
@일편단심민들레-c7o,기안84님 응원합니다,False,
@jeoungmiyun5223,10킬로 마라톤 나가고 이젠 안나간다생각했는데 기안땀시 하프 도전 해볼려고요 ㅎ,False,
@빅앵글러,세계 6대 마라톤 정복하자~! 다섯개 남았다 Let&#39;s go 84~!,False,
@대림동사마귀,대상 한번 더 노리쟈! ㅋㅋㅋ,False,
@맘쓰리-d8c,기안84의 진짜×1000000   멋있음,False,
@하늘-t3k,올해도기안님ᆢ대상타자 ᆢㅎ,False,
@Rhc-v4x,진짜 간만에 나혼산 본방사수했다...시간가는줄 몰랐어.역시 기안이 최고야,False,
@babobus0709,개나 소나 마라톤 ㅋㅋㅋㅋㅋ,False,
@비니의다락방,무엇보다  포기하지  않고  완주한  기안84!<br>러닝과 여행과  주변  좋은  관계를  통해  점점  더  발전해  가며<br>많은  이들을  뛰게 하고  위로를  주어  감사합니다,False,
@체리피자,항상 멋있고~꾸밈없는 기안84가 난 좋다~<br>응원해~~~,False,
@이보영-c1p1x,근데 자꾸 눈물이나서 ㅜ,False,
@love.anime.shorts,기안84 대상🎉🎉,False,
@박수리-i3f,한국인 망신 다시키네,False,
@박정각-i4e,기안84는 무인도에 데려다 놔도 어떻게든 살겁니다 딸이 1명더 있으면 사위 삼고 싶네요 열심히 사는 기안84 영어도 잘 하네요 항상 응원할게요😂😂,False,
@햇살나무-o7f,시차 적응도 없이 완주라니<br>진심 대단하다고 생각함<br><br>역시 성공한 사람들은 강한정신력은 필수덕목인듯,False,
@회종-k3k,대충 산다더니 <br>열심히 사는 기안~!!,False,
@liliiiiilililll,"마라톤 영상을 보면 항상 감동 받는다. 건강한 사람만이 도전하는게 아니라 장애가 있어도, 나이가 들어 몸이 불편해도 도전하고 자신과의 싸움을 극복해가는 과정이 왠지 모르게 에너지를 주는것 같음. 그냥 진짜 멋있다",False,
@미라클-w9h,박나래만 빼면 완벽할텐데....,False,
@myolivenet,와참 완전 쓰레기 메너ㅠㅠ....밴드는 집에서 붙이고 와야지 기안아 참나....어이가 없다....,False,
@도엔지랜드,그럼 웃통까고<br>다니는 얘들은 뭐야?<br>ㅋ,True,@myolivenet
@kukbab4303,별개 다 불만이네.주변사람 참 피곤하겠다,True,@myolivenet
@나야-j7u,ㅋㅋㅋㅋㅋㅋㅋㅋㅋ,True,@myolivenet
@myolivenet,@@kukbab4303 옆 여자 표정을 보세요,True,@myolivenet
@이선영-h4w,본방사수하다 잠이들어 다시 봄~!!!전 기안84프로그램은 다 챙겨보고 있습니다. 그러니 힘들어도 늘 파이팅,False,
@이선영-h4w,기안84는 늘 진심이어 응원하고 있습니다. 파이팅~,False,
@도엔지랜드,완전공감 👍🏾 👍🏾 <br>올해에도 대상이다 <br>오직 기안뿐이쥐 <br>🏆🏆🏆🏆<br>👏🏻👏🏻👏🏻👏🏻👏🏻,True,@이선영-h4w
@도엔지랜드,우리 모두가<br>사랑하고 응원합니다 <br>올해에도 대상이다 <br>🏆🏆🏆🏆<br>👏🏻👏🏻👏🏻👏🏻,True,@이선영-h4w
@AH-jc6dd,장애인분들이 달리는모습과<br>한국교민들이 기안84응원하는 모습에. 눈물이흐르더군요 <br>숨이막히고 구역질날때까지 달리고 또 포기하지않는 의지력!!  진짜멋져요<br>고생했어요 기안84!!;,False,
@로지벨벳,기안 음악일주 때매 엄청 웃었다 나 고마워 ㅠㅠㅠ 왜케열일하는겨 대단해 고생해떠유 대상가자❤,False,
@도엔지랜드,완전공감 👍🏾 👍🏾 <br>무조건 대상이다 <br>항상 응원할게요 <br>👏🏻👏🏻👏🏻👏🏻<br>🏆🏆🏆🏆,True,@로지벨벳
@eefarie1,"기안이 하는거는 다 멋져,왜냐면 그는 언제나 하고싶은걸 하니까.실패할 두려움따위는 없이😊😊😊😊",False,
@sungmiLee-rd1ff,고생했어요 대단대단,False,
@dlaaldid1,기안님 뛰는데 내 심장이 두근두근  내가 뛰는거 같은 마음으로 시청했습니다  😢😢 <br>너무 속상해 하지 마세요 <br>미국까지 가셔서 시차적응도 안된상태  전날 잠도 못자고 4시간 대기 하고 쌀쌀한  날씨 감기기운까지 있는 상태에서 뛰신거 생각하면 진짜 잘 뛰신 겁니다 <br><br>꒰◍ॢ•ᴗ•◍ॢ꒱🎉🎉🎉  늘 응원합니다,False,
@도엔지랜드,"기안❤️❤️❤️<br>.36,625등이면 <br>상당히 좋은 성적이지요 <br>다만 본인이 결과에<br>만족하지 못하니 <br>안타까워요 <br>올해에도 기안이 <br>대상이다 <br>🏆🏆🏆🏆🏆<br>🖕🖕🖕🖕🖕",True,@dlaaldid1
@굿럭베베,서브4에 도전하기엔 준비가 되어있지 않은것 같습니다~<br>서브4 결코 만만하지 않습니다~,False,
@kukbab4303,수능도 그날 컨디션에 따라 망칠수있는데 변수가 있는거지.준비하고 안하고에 문제가 아닌 변수는 생각안하나요?시차에 급한일정 쪼개고 나와 이 정도면 훌륭하다 칭찬 받을 법한데~~,True,@굿럭베베
@h.y5913,약속 지켰고.<br>도전했고.<br>완주했다는거.<br><br>😮뭐가 더 필요한가?,True,@굿럭베베
@saptap387,그게 뭔 상관? 이번에 실패하면 또 다음에 도전하면 되는거고 님은 5분 뛰는것도 불가능할텐데,True,@굿럭베베
@eiyu1187,기안은 누구도 따라갈수없는 존재감이구나 ㅎ,False,
@케세라세라3-j6e,기안 올해도 대상 가즈아~~,False,
@도엔지랜드,올해에도 무조건 <br>대상이다 <br>완전공감 👍🏾 👍🏾,True,@케세라세라3-j6e
@dwlee1537,기안 없음 나혼산 없다.,False,
@도엔지랜드,완전공감 👍🏾 👍🏾 👍🏾 <br>올해에도 기안이 대상이다 <br>기안뿐이지요 <br>🏆🏆🏆🏆🏆<br>👏🏻👏🏻👏🏻👏🏻👏🏻,True,@dwlee1537
@권지숙,저는 오늘 마라톤 대회가 있는데요!̊̈ 저는 10km이지만 최선을 다해 완주하고 올께요!̊̈,False,
@도엔지랜드,화이팅 하세요 <br>👏🏻👏🏻,True,@권지숙
@사천반디,화이팅 하세요❤❤❤,True,@권지숙
@Joke_Studi0o,기안형 화이팅이고 스타성 충분함❤❤,False,
@kukbab4303,언행일치의 아이콘❤,False,
@도엔지랜드,완전공감 👍🏾 👍🏾,True,@kukbab4303
@임성묵-n9i,진짜 너무멋있다,False,
@bluesea7482,영상보면서 나약한 나 자신에 대한 많은 생각이 들었음~기안파이팅🎉,False,
@hea8077,저도 어제 봤는데 기안 옆에서 양쪽 다 목발 짚고 뛰시는 여자분 보고 눈물이 나더군요 .. 그런분들 보면 세상엔 못할게 없구나 라는 생각도 들고 .. 나 자신을 다시 돌아보는 계기가 되어 좋았어요 ☺️,True,@bluesea7482
@m7v-p5y,기안 84님 완주  하신걸  축하  축하  합니다  대단합니다  🎉🎉🎉🎉🎉,False,
@도엔지랜드,👏🏻👏🏻👏🏻,True,@m7v-p5y
@sangyongyu3758,대상 이네,False,
@유정순-z7g,본방사수했습니다~기안님 존경합니다 멋져요,False,
@도엔지랜드,완전공감 👍🏾 👍🏾 <br>올해에도 대상이다 <br>👏🏻👏🏻👏🏻👏🏻,True,@유정순-z7g
@김아영-h4n9m,뉴욕 마라톤 완주 축하해요🎉🎉,False,
@너는여서또코파,또 이거야 저는 너무 최악 옛날처럼 허당인데가 좋은데 역시 방송각 나오니 아 옛날 이 그립다요,False,
@손은정진해성오빠화이,피치피치핏치 마이크 팔찌 주문 후 초록색 하늘색 입니다 퍼피구조대 퍼즐 주문 부탁드려요 티티체리 시계주문 하늘색 핑크색 초록색 입니다 시계주문 티니핑 장난감 주문 후 초록색 하늘색 입니다 퍼피구조대 퍼즐 주문 부탁드려요 티티체리 시계주문 하늘색 핑크색 초록색 입니다 시계주문 티니핑 장난감 주문 후 초록색 하늘색 입니다 퍼피구조대 퍼즐 주문 부탁드려요 티티체리 시계주문 하늘색 핑크색 초록색 입니다 시계주문 티니핑 장난감 주문 부탁드려요 페어리즈 주문 부탁드려요 핑크색 초록색 하늘색 부탁드려요 시계주문 부탁드려요 부탁드려요,False,
@user-cl5ii5wi4j,멋지다.<br>완주. 축하해요 기안님,False,
@아프리카청춘이다-h2x,와  기안아 너무 멋지다<br><br>너 때문에 나도 내년 목표가 마라톤완주 <br>오늘부터 시작이다 ❤,False,
@gejeon,열심히 사는  기안씨  global  star  되셨으니  기초  영어 회화  부터  공부  하시면  어떨까요?,False,
@rose-wn3og,"뉴욕 마라톤 편 너무 재미있게 봤네요. 기안의 눈으로 다양한 참가자들의 모습을 볼 수 있는 게 감동적이었어요. 장애인 분들, 할머니, 할아버지 등등.. 뭐라 할 수 없는 감동이 한가득이었습니다. 자기와의 싸움에서 이긴 사람들이 자부심 한가득 안고 메달 걸고 다니는 것도 재밌었음.",False,
@아용가리-q7d,오늘도 감동하고 갑니다 고생하셨어요 !!!,False,
@민영-c6u,나 기안84  좋아하는구낭ㅠㅠ❤❤❤,False,
@9910nade,ㅓ,False,
@ntyg9056,열심히 살아야겠단 생각이 보는내내 드네요 완주축하해요~,False,
@이은미-y6e,기안84 ❤❤❤,False,
@msk9274,기안님 나와서 오랜만에 본방사수했어요. 결과가 중요한 게 아니죠 늘 도전하는 그 모습이 너무 멋있네요 사고 없이 무사히 완주해서 다행이에요 늘 응원합니다❤,False,
@도엔지랜드,"완전공감 👍🏾 👍🏾 <br>36,625등이면<br>좋은 성적이지요<br>올해에도 대상이다 <br>👏🏻👏🏻👏🏻👏🏻👏🏻",True,@msk9274
@h.y5913,😢기안님 베이글먹고 체한듯ㅠㅠ,False,
@좋은하루-l8,기안84 대단해요 도전 하는 모습이<br>좋아요~ 완주 했을때 ㅠㅠ 눈물이<br>나요 감동,False,
@도엔지랜드,완전공감 👍🏾,True,@좋은하루-l8
@Nana-ppingkku,영어실력 엄창 늘었네! 못하는게 므냐,False,
@도엔지랜드,👏🏻👏🏻,True,@Nana-ppingkku
@사천반디,❤❤❤❤❤,True,@Nana-ppingkku
@곰쥐맨,보는내내 집중해서 봤어요~~<br>믓찝니다~~^^,False,
@jjjyoum,너무 열심히 살고 최선을 다하는 대단한 사람이라 거리감 생길려구 해요~^^성공한 이유가 분명한 분!,False,
@한현미-h3e,멋져요~~~ 감동입니다 😊,False,
@남영이-t3t,❤❤❤기안님<br>짱 멋져요<br>방송 잘 봤어요<br>감격  울컥<br>건강 잘 챙겨요<br>열 응원합니다,False,
@도엔지랜드,완전공감 👍🏾 👍🏾 <br>올해에도 대상이다 <br>🏆🏆🏆🏆🏆,True,@남영이-t3t
@이미영-r8r,고생하셨어요 ^^너무 감동이였어요...,False,
@김혜란-d4r,진짜 대단한 사람이에요 <br>본방사수 하면서 울면서 봤어요 <br>기록에 연연하지말아요 <br>최선을 다했으면 된거죠 <br>늘 응원하겠습니다 화이팅!!!!!❤,False,
@도엔지랜드,완전공감 🖕🖕🖕🖕<br>36.626등이면<br>상당히 좋은 성적이지요<br>다만 본인이 만족하지<br>못하는 모습보면 <br>안타까워요 <br>기안.  화이팅!<br>올해에도 대상이다 <br>🏆🏆🏆🏆🏆<br>👏🏻👏🏻👏🏻👏🏻,True,@김혜란-d4r
@dylankim2363,완주84 진짜 잘 뛰셨어요 🎉🎉,False,
@J영-z9g,나도 눈물이~~<br>진짜 영웅이네요,False,
@민-w7n,완주 감동이었는데 전박키 등의 저질스러운 멘트에 감동 바사삭깨지드라. 늘 느끼는거지만 쫌 순하고 선하신 게스트들한테 함부러 날리는 그런 멘트들이 상당히 불쾌함.,False,
@도엔지랜드,맞습니다 <br>그나마 마라톤 때에는<br>상당히 말을 아끼고 <br>조심하고 맞춰주듯<br>하지요.,True,@민-w7n
@user-fd4nq7kn3n,얘는 근데 대중들한테 의지강하다는걸 어필하기위해 방송에서 계속해서 마라톤을 뛰는거같은데 내가볼때 그냥 의지가 없어보여 목발짚고 뛰는 마라토너 고령의 마라토너들 보면서 느끼는게 많다고 하는데 진짜 느끼는게 많으면 저렇게 뛰면안됨 군대행군할때도 어떤병사는 힘들다고 포기하는애가 있고 어떤애는 발이 골절돼도 아무말없이 끝까지 걷는애가 있음 다 힘들지 마라톤 완주 하는거자체가 대단한것도 맞는데 의지가 강하다는거 어필좀 그만했으면 진짜 보기 불편함,False,
@도엔지랜드,기안 영상인거 알면서<br>왜 보고 열 받았어ㅋ,True,@user-fd4nq7kn3n
@도엔지랜드,우리는 그렇게<br>느끼고 생각하지 <br>않앟는데 <br>부러우면 부럽다고<br>하지 ㅋ,True,@user-fd4nq7kn3n
@도엔지랜드,기안❤️❤️❤️❤️<br>항상 사랑하고 <br>응원할게요 <br>올해에도 대상이다 <br>🏆🏆🏆🏆🏆🏆<br>👏🏻👏🏻👏🏻👏🏻👏🏻👏🏻,True,@user-fd4nq7kn3n
@사천반디,기안84님❤❤❤❤❤최고🎉,True,@user-fd4nq7kn3n
@경아-i3j,천재 기안84<br>말도 얼마나 잘하는지<br>진짜 므찌다❤❤❤,False,
@도엔지랜드,완전공감 👍🏾 👍🏾 <br>기안을 존경하고 <br>사랑할수밖에 없지요 <br>올해에도 대상이다 <br>👏🏻👏🏻👏🏻👏🏻<br>🏆🏆🏆🏆,True,@경아-i3j
@당신이나잘하세요,그날내가찰영했어요. 동영상 그대로보낼께요. 유튜버당신도얼굴다찍혀서요.,False,
@엠제이-z1x,애초에 서브4를 준비한 몸과 얼굴이 아니었음 오늘 재미도 더럽게 없었음 다음엔 걍 혼자 가서 뛰셈 방송 하지말고,False,
@kukbab4303,너나 보지마~~,True,@엠제이-z1x
@이영경-m2d,너무 멋지다<br>기안84는 나의힐링❤,False,
@성지루-e4j,태어난 김에 젤 열심히 사는 남자 기안이형 화이팅~,False,
@박정원-h7c,힘나게하는프로.나혼산! 기안84!  연말시상식도기대되요.기안님.힘내요!!!,True,@성지루-e4j
@poulyoung738,빵을 먹을때. 알아봤어<br> 👍,False,
@zoroin123,태극기 들고 완주하는 모습보니 눈물이 왈칵,False,
@h.y5913,올해도 역시 기안84가<br>또 2024 MBC대상 마침표를 찍습니다🎉🎉🎉🏆🏆🏆🏆👏👏👏👏👏👏👏,False,
@도엔지랜드,완전공감 <br>👏🏻👏🏻👏🏻👏🏻,True,@h.y5913
@도엔지랜드,대상은 무조건 기안이쥐 <br>🖕🖕🖕🖕<br>MBC 장난질로<br>다른애 줬다가는<br>작살나쥐<br>대상은 기안뿐이지요 <br>🏆🏆🏆🏆🏆<br>👏🏻👏🏻👏🏻👏🏻🏆,True,@h.y5913
@만두조아餃子,올해도 유력함 ㅇㅇ,True,@h.y5913
@사천반디,저도 공감100퍼,True,@h.y5913
@커피그만-q9b,생각해보니 벌써 11월이네 ㄷ,True,@h.y5913
@주민정-d8l,최선을 다하는 기안 모습 정말 감동받았어요~<br>완주한거 축하합니다~<br>너무 속상해하지마세요~,False,
@도엔지랜드,"기안 ❤️❤️<br>36,625등 이면<br>좋은 성적이지요 <br>본인이 성적에<br>만족하지 못하니 <br>안타까워요 ㅠㅠ<br>역시 프로는 다르네요<br>올해에도 대상이다 <br>👏🏻👏🏻👏🏻🏆🏆🏆🏆",True,@주민정-d8l
@Hatsitasi,본방보다가 누운 장면 보고 껐어. 이번편은 좀 짜치네.,False,
@BLUE-pb5tz,박나래 좋은사람 인척 하노?,False,
@김종영-u6c,기안님  내가 왜 눈물이 날까요 ㅠㅠ<br>항상 응원 할께요~~,False,
@도엔지랜드,완전공감 😊😊,True,@김종영-u6c
@h.y5913,"저도 계속 코끝이 찡 하다,<br>태극기 펼칠때 왈칵 했어요😂😂<br>역시 대단합니다 기안님.",True,@김종영-u6c
@도엔지랜드,밑에는 또<br>악플들이네요ㅠㅠ,True,@김종영-u6c
@h.y5913,@@도엔지랜드 참 이해안되는 사람들이 많네요ㅠ😠<br>점점 기안님의 인기가 높아지니까 저런 악플들도 생기네요~...🤔,True,@김종영-u6c
@이은미-y6e,기안님홧팅❤,True,@김종영-u6c
@뚜씨뚜씨-l7r,마라톤 끊은지 10년됐는데 저 대회 너무 좋다 대회도 멋지고 옛날생각도나고 저런대회있으면 뛰고싶어지네,False,
@rainbee9168,15킬로정도 체력같던데 <br>20km에서 완전 그로기상태인데<br>거의 꼴찌로 걸으면서 태극기두르고 외국까지 왜감?,False,
@도엔지랜드,제대로 복고<br>댓글 달자,True,@rainbee9168
@rainbee9168,@도엔지랜드  어휴 다시보고와라 <br>20km에서 완전지쳤는데 그냥오기로 뛰다 멈췄자나 <br>본인도 20km부터 지옥이라고했고<br>러닝 안해봤음 말을말자,True,@rainbee9168
@h.y5913,신경끄시고.<br>안보면 됨.,True,@rainbee9168
@chachu17,전현무가 계속 말했지만 시차? 무시 못 합니다,True,@rainbee9168
@은숙하-r8l,국회의원해라!!<br>뭔가 다를것 같다!!!<br>열심히 진지하게<br>사는 젊은 일꾼이고 모벙이다,False,
@다인정-m9f,태극기보니까<br>왠지 감동이었어요<br>울컥하네요<br>기안님❤,False,
@도엔지랜드,인정 <br>기안❤❤❤<br>최고야!!!,True,@다인정-m9f
@은숙하-r8l,기안 대상감이다!!<br>나라 애국했다<br>파이팅!!!멋있다,False,
@도엔지랜드,완주 성공한 영상보며<br>박수를 치며<br>눈물을 흘렸어요ㅠㅠ<br>자신과의 싸움에서<br>이겼지만. 본인은<br>기록에 만족하지 못해<br>하는 모습에 안타깝기도<br>했고요<br>기인은 완벽남.<br>올해에도 대상이다 <br>🏆🏆🏆🏆🏆🏆,True,@은숙하-r8l
@민영-c6u,기안ㅠㅠ,True,@은숙하-r8l
@도엔지랜드,기안 ❤️ ❤️ ❤️ <br>정말 존경하고 <br>사랑해요<br>대상은 기안이다<br>👏🏻👏🏻👏🏻👏🏻👏🏻,False,
@sohee-p9s,대상탈 욕심에 객기부린듯...@.@<br>기량에 맞게 쫌하면 좋을껀데....,False,
@Qazwsx-p5g,에라이~~<br>뉴옥까지 가서 토하고 발라당 눕고 참나<br>준비 1년 한게 처음 풀코스 티비때보다 더하네ㅉㅉ<br>뛰기전에 얼굴만한 베이글 2개나 쳐묵고 <br>고함혼자 다지르고 <br>6만명중에 기안보다 힘들어하는 사람 한명도 없다 심지어는 할머니도 너보단 낫더라🤣🤣🤣🤣,False,
@도엔지랜드,기안 주변인물만 <br>영상에 나왔으니<br>그렇지ㅋ,True,@Qazwsx-p5g
@onnoff1305,이런댓글이나 달고사는 인생이란…불쌍,True,@Qazwsx-p5g
@도엔지랜드,@@Qazwsx-p5g <br>4년동안 준비한<br>올림픽 선수들은 그럼<br>왜 그래?<br>당신의 인성이 ㅋ,True,@Qazwsx-p5g
@kukbab4303,니가 뛰어봐라,True,@Qazwsx-p5g
@도엔지랜드,"36,625등을 했으며<br>좋은 성적이지.<br>하프도 도전 조차<br>못할거면서 ..ㅋ<br>말만 쉽게하는 부류들",True,@Qazwsx-p5g
@young-y5c,기안84  도전이 너무 멋지고 대단해요👍👍👍👍👍👍👍👍👍👍👍👍👍👍,False,
@서상규-e4o,마라톤도 모르면서 폼 잡기는 시차에 달리기전 베이글두개 ㅠㅠ,False,
@chachu17,기안찐팬이긴한디 베이글 두개는 좀.....  사뿐하게 뛰는 10키로 아니고,True,@서상규-e4o
@김멋찜,기안84 화이팅 입니다,False,
@김미경-u7n5u,와ㅡㅡㅡㅡㅡ정말대단하다 기안84최고 최고,False,
@sohyunhyun7010,ㅋㅋㅋㅋㅋㅋㅋㅋㅋ그놈의 젖꼭지는 되게 신경쓰네 ㅋㅋㅋㅋㅋㅋㅋㅋㅋㅋ,False,
@짤랑이-m4q,전에 마이 아팠나봐요 ㅠㅋㅋㅋㅋㅋ,True,@sohyunhyun7010
@Haaland-zp4wv,멋져 기안👍🏻,False,
@이연슥,나  혼자산다<br>기안84  화이팅 ❤❤❤,False,
@nchtliclbtbbb,ㅋㅋ 대단하시고 멋지심,False,
@dustinpoirier1827,베이글에 애너지젤 발라먹는 보법 보법이 다르다,False,
@believe-vv9tm,뜬금없는말이지만<br>나래라. 기안84님 응원했었는데<br>기안84님은 귀여운여자 만나야함<br>그리고 기를 올려주는 서포트해주는 여성분 심적으로,False,
@coco2400,오늘따라 현무오빠 더 멋있어ㅜ,False,
@h.y5913,우와~~그 힘든걸 또 해내는 기안84..<br>ㅎㅎ기안님 옆에 박지현님 앉아있네요~^^👍,False,
@rocknrunkorea,뉴욕 달리고 장수트레일레이스에도 도전하세요 💚💚💚💚💚💚,False,
@user-pj8np9ti2q,기안편은 못 참지~,False,
@도엔지랜드,무조건이쥐 <br>대상도 기안뿐이지요 <br>❤❤❤❤❤,True,@user-pj8np9ti2q
@believe-vv9tm,기안84님은 음식 욕심없는게 느껴짐<br>입. 짧고,False,
@이동현-g1d,이제는 해외마라톤 붐이 유행되것네,False,
@안개꽃-t1w,224년도에 또 대상이다 대상이야   뉴욕을 완주~축하축하  수고했어요 기안84님 뉴욕,False,
@believe-vv9tm,박지현님도 방가요<br>기안님과,False,
@gpark5801,음악일주 이후에 <br>바로 또 미국 마라톤까지 <br>진출하다니 대단해요! 👍👍<br>올해도 기안84 꿀잼 대상받길 ㅎㅎ,False,
@도엔지랜드,완전공감 😊😊,True,@gpark5801
@영-l6w3t,여자분이랑 대화하다 냅다 젖꼭지 까는거 개웃기놐ㅋㅋ,False,
@shamz5722,I love kian episodes so much❤️❤️🔥,False,
@다시뛰엉몽실이,와글와글 뉴스에서 봣엇는데 이제 방영되네여 ㅎ<br>근데 결과는 쉿🤫🤭,False,
@영-l6w3t,이번주는 오랜만에 나혼산 보겠네 드디어,False,
@도엔지랜드,인정 👍🏾 👍🏾 👍🏾,True,@영-l6w3t
@h.y5913,👍👍👍👍<br>저도 간만에 본방사수요~^^,True,@영-l6w3t
@도엔지랜드,기안 영상은 못참쥐 <br>무조건 본방사쥐<br>👏🏻👏🏻👏🏻👏🏻<br>올해에도 대상이다 <br>🏆🏆🏆🏆🏆,True,@영-l6w3t
@gotv9008,아 마라톤하는사람또많아지겠네 옛날이좋았는데 ㅡ ㅡ빨리이열기가식어야,False,
@Hsss_ddcxe,대상 또 받고 싶은가보지 욕심부리지마..받았음 됐지 기안아..ㅋ욕심 너무 부렸다,False,
@도엔지랜드,대상의 욕심으로<br>풀코스를 뛰지는 않지 ㅋ<br>기안은 마라톤을<br>안뛰어도 대상입니다 <br>기안이 대상이다 <br>👏🏻👏🏻👏🏻👏🏻👏🏻<br>🏆🏆🏆🏆🏆,True,@Hsss_ddcxe
@도엔지랜드,@@Hsss_ddcxe <br>배가 많이 아픈가요?<br>다른 얘들<br>대상받으려면<br>풀코스 뛰라고 해봐요ㅋ,True,@Hsss_ddcxe
@h.y5913,그냥  싫은겁니다~<br><br>(관심도 주지말고 안보면됨!),True,@Hsss_ddcxe
@Hsss_ddcxe,​​@@도엔지랜드기안 애인이냐..여기저기 댓글 도배질이나 하고 돌아다니고..쯧쯧<br>정도껏 해라,True,@Hsss_ddcxe
@도엔지랜드,@@Hsss_ddcxe <br>대상 욕심 없는 연예인 <br>누가 있나?<br>단지 남을 까대며<br>면박주는 스타일.<br>입으로 편히 먹고<br>사는 걔들 보다<br>다방면으로 뛰어나고<br>재능도 많고<br>순수하고 진정성이<br>있다는거지<br>FXXX 더 MBC<br>기안 트롯피<br>장난치고 다른애<br>주면 작살나지<br>대상은 기안뿐이지요 <br>🏆🏆🏆🏆🏆<br>👏🏻👏🏻👏🏻👏🏻👏🏻,True,@Hsss_ddcxe
@안녕-f4y,나는 여태 기안을 보면서 대충 산다길래<br>안심했는데ㅜㅜ<br>동정심들어서,False,
@life7864,누가 귀찮게 굴면 젖꼭지를 개방한다.  효과 만점이다.,False,
@조금옥-j9u,초심을 잃치않는 기안84. 늘 응원합니다,False,
@까꿍-i5j,기안!기안!!화이팅🎉🎉🎉🎉,False,
@JSSAC_sports_sunglasses_,👍,False,
@김아모르파티,멋있다ㅡㅡㅡ기안84,False,
@H.o.l.y_m.o.l.y7,말하다가 갑분 니플 오픈ㅋㅋㅋㅋㅋ,False,
@haza9712,"호불호가 갈리는 기안형님이시지만, 난 좋다! 인간적이야, 다는 아니여도 존경합니다 형님",False,
@도엔지랜드,완전공감 👍🏾 👍🏾 <br>난 여자인데 좋은이유?<br>기안 ❤️ ❤️ ❤️ <br>항상 사랑하고 <br>응원할게요 🙏🏻🙏🏻🙏🏻<br>올해에도 대상이다 <br>🏆🏆🏆🏆,True,@haza9712
@37843,마라톤 서브 4를 못한다는 것은 평소에 꾸준히 안달렸다는 반증이다 누구나 꾸준히 조깅만 하면 서브4는 한다.,False,
@보라빛하늘-g3n,ㅋㅋ조깅이랑 마라톤이랑 비교한다는거 자체가 평생 1도 안뛰어본 인간이네 ㅋㅋ멍소리는 달나라가서 하세요~,True,@37843
@도엔지랜드,말이 쉽지.ㅋ<br>직접 뛰어 본적도<br>없으면서 댓글로만..<br>그리고 울 기안<br>너무 바쁘고 대단한<br>연예인이야<br>올해도 대상은 기안뿐<br>🏆🏆🏆🏆🏆<br>👏🏻👏🏻👏🏻👏🏻👏🏻,True,@37843
@김쌈디,​@@보라빛하늘-g3n 조깅이 천천히 뛴다는 말이에요,True,@37843
@뉸누냔나-z7w,ㅋㅋㅋ에너지젤을 왜 베이글에짜먹어욬ㅋㅋㅋㅋㅋㅋㅋ기대되네요 ㅋㅋㅋㅋㅋㅋ,False,
@user-pz3nx7vl4n,찍는 애는 서브3 인가 ㅋㅋ 카메라 들고,False,
@보라빛하늘-g3n,오늘 너무 기대됨~오랜만에 본방사수해야것다~~기안 진짜 멋지다~~,False,
@도엔지랜드,완전공감 😊😊,True,@보라빛하늘-g3n
@이미영-r8r,저도 오랜만에 본방사수 했어요,True,@보라빛하늘-g3n
@ruddlfsla,"뉴욕 : 우와아아아아아 , ??? : 왜 길을 막고 그래욧!!!!",False,
@beanstalk3459,Episode of this please?,False,
@chachu17,572,True,@beanstalk3459
@kyulane2572,Klan84   🎉 congratulations 👏👏👏👍👍 Best  good  😊🤗,False,
@beanstalk3459,What wpisode?,False,
@BravoMyLife-r9k,대상2연패 행동,False,
@여름향기-u4s,오늘 재밌을각..오랫만에 본방사수 준비중!!!!,False,
@도엔지랜드,기안 ❤️ ❤️ ❤️ <br>소중한 영상이니<br>무조건 본방사수<br>풀코스 완주와<br>연말 대상을 미리<br>축하드려요 <br>👏🏻👏🏻👏🏻👏🏻👏🏻👏🏻,True,@여름향기-u4s
@도엔지랜드,기안❤❤<br>매력덩어리<br>넘 멋지고 순수해 <br>기안이쎄요도<br>대박나세요 <br>😊😊😊😊,False,
@도엔지랜드,기안❤❤❤<br>내가 제일 좋아하고<br>존경하는 연예인<br>대상 미리 축하드려요 <br>🏆🏆🏆🏆🏆<br><br>👏🏻👏🏻👏🏻👏🏻👏🏻,False,
@도엔지랜드,기안 ❤❤❤<br>올해에도 무조건 <br>대상이쥐<br>오직 기안뿐이쥐<br>🖕🖕🖕🖕<br>🏆🏆🏆🏆🏆🏆,False,
@sbp3399,본방사수❤❤❤❤<br><br>기대!!!!,False,
@scf77777,멋진 사람👍👍👍👏👏👏🩵💙,False,
@도엔지랜드,기안❤❤❤<br>마라톤 영상 본방사수 <br>하려고 목빠지게 기다리고 있어요<br>😊😊😊,False,
@도엔지랜드,기안 ❤❤❤,False,
@정현-h7h,여자랑 말하다 꼭지 테이핑은 레전드네 ㅋㅋㅋ,False,
@정스-p3e,응원합니다,False,
@TV-nd3rz,쿠퍼 패밀리와는 재회를 했나 궁금 궁금,False,
@도엔지랜드,완전공감 😊😊,True,@TV-nd3rz
@대전커피,박지현의 엔돌핀이 기안84 응원하며 본방 기다립니다,False,
@jyan7847,누가 뭐라든  맘먹기 쉽지 않고  맘 먹어도 하기 쉽지 않을듯 ~  대단 합니다!,False,
@titlemist,박나래보이자마자 껏다,False,
@JaSook0221,올해도   2연승 가즈아~~~~~~,False,
@알로알로-t5x,마라통프린스가 나가신ㄷㅑ아 다들비키라~이따밤 저짝 뉴욕이 시끄러워질 예정 🤣,False,
@도엔지랜드,❤❤❤❤<br>본방사수 하니까<br>우리나라가 더<br>행복한 박수갈채<br>소리와 응원으로<br>시끌벅적 하겠지요<br>층간소음 걱정할<br>정도로😅😅<br>기안❤❤ 화이팅!,True,@알로알로-t5x
@알로알로-t5x,@도엔지랜드  푸하하하하 층간소음ㅋㅋㅋㅋ기안빠워팅!,True,@알로알로-t5x
@도엔지랜드,@@알로알로-t5x <br>층간소음 걱정안해요<br>모두가 한마음<br>기안의 팬이거든요<br>😊😊😊😊😊,True,@알로알로-t5x
@사천반디,"맞아요,층간소음 걱정 뚝😊",True,@알로알로-t5x
@deerg-b7p,풀버전 보고싶습니다!!!<br>기대되네요~~ 2026년 풀코스 데뷔를 꿈꾸며..,False,
@나현진-u4l,영웅케미8495 박지현 기안84 본방사수 할게요.💙💙💙💙,False,
@나현진-u4l,"<a href=""https://www.youtube.com/watch?v=hjDhFQ46sM8&amp;t=446"">7:26</a> 달려라 하니84 응원할게요!<br>행동으로 보여주는 기안84 순수하고 착하고 진짜 눈물 감동적인 마라톤 대회 기대할게요.🏃‍♂️💙💙<br>마라톤84님 정말 감동적이었습니다늘 응원하겠습니다.🏃‍♂️💛💛<br>오늘 본방사수 할게요😊",False,
@한승인-h4q,먹방보다 보기 좋다,False,
@도엔지랜드,비교가 안되지요<br>올해에도 기안이 <br>대상이다 🏆 🏆 🏆,True,@한승인-h4q
@khchoi572,와~뉴욕까지~^^ 기안84 홧팅~^^,False,
@호다다닭-b4y,기안84 먹는 파워젤 어떤건가요ㅋㅋ 저도 쨈처럼 먹어볼랍니다,False,
@rough3305,스포식스 에너지젤같은데용,True,@호다다닭-b4y
@호다다닭-b4y,@ 감사합니다!!,True,@호다다닭-b4y
@tv-qt1ht,에너지젤 에 베이글~!!! 뉴케어껀가??,False,
@rough3305,그런듯 찾아보니 스포식스 인거 같아용,True,@tv-qt1ht
@jungjh0325,기안아 ㅋㅋㅋㅋ 넌 참...나같아.. ㅋㅋㅋㅋ,False,
@Amelia-b7m2w,마라톤 해서 연예대상 받았음 됐지 무슨 뉴욕까지 가서 미라톤 할 일인가? 그것도 대상  받을 것 같은 해에 해야지 올해는 그닥 활약도 안했는 데  좀 아꼈다가  대상 받을 것 같다 하는 해여 할 일이지  그 상받기 좋은 아이템을,False,
@도엔지랜드,올 해 기안영상을<br>다 봤다면ㅋ<br>다른 애들 누가 있나요?<br>올해에도 무조건 <br>기안이 대상이다 <br>🏆🏆🏆🏆<br>👏🏻👏🏻👏🏻👏🏻,True,@Amelia-b7m2w
@SJ-wj3cm,젤 열심히 사는 멋진 기안84님 ❤,False,
@도엔지랜드,완전공감 🖕🖕<br>내가 사랑하는 <br>유일한  연예인 <br>올해에도 대상이다 <br>👏🏻👏🏻👏🏻👏🏻👏🏻,True,@SJ-wj3cm
@maheshpriya798,기안 그 힘던걸 또 해내네 ❤,False,
@도엔지랜드,😊😊,True,@maheshpriya798
@chae-eunhyun195,"<a href=""https://www.youtube.com/watch?v=hjDhFQ46sM8&amp;t=224"">3:44</a> 저 에너지젤 저도 먹는거에요!! 스포식스 청포도맛!!! 기안84님도 먹는다니 괜시리 반갑👏👏베이글에 에너지젤 상상듀 못했는데 은근 맛있겠는디요 ㅋㅋ",False,
@라프렐,이거 오늘 방영는 전부 기안편인가? 설마?  빨리 본편 보고싶다..,False,
@壬임,기안84 멋지다 👍,False,
@hayounjun5980,최고입니다 👍 👍 👍 👍 👍 👍,False,
@나현진-u4l,기안84 첫 뉴욕마라톤 두근두근 떨리고 기장하는 모습  멎지고 최고에요.🏃‍♂️💙<br>끝까지 함께 응원할게요!💛💙💚<br>뉴욕84 수능84 마라톤84 대한민국84 뉴욕마라톤84 눈물84 대상84 노력84 감동84 기적84 💛💙💚🩷,False,
@도엔지랜드,완전공감 😊😊<br>기안 계속 사랑해 <br>주세요😊😊<br>올해에도 대상이다 <br>👏🏻👏🏻👏🏻👏🏻👏🏻,True,@나현진-u4l
@mipamipayang,서브4가 중요한가요?? 포기안하고 완주한게 멋진겁니다~,False,
@도엔지랜드,완전공감 😊😊<br>기안이 대상이다 <br>👏🏻👏🏻👏🏻👏🏻👏🏻,True,@mipamipayang
@메이플맘-s6n,나혼산은 기안84가 젤 재밌지요🎉,False,
@도엔지랜드,완전공감 😊😊<br>올해에도 대상은 <br>기안뿐이지요 <br>🏆🏆🏆🏆🏆,True,@메이플맘-s6n
@사천반디,맞아요.기안84님  최고❤❤❤❤❤,True,@메이플맘-s6n
@believe-vv9tm,오늘밤도 본방사수!!<br>기안84님~때문에,False,
@도엔지랜드,저두요 ❤❤,True,@believe-vv9tm
@지니지니-d3w,와 <br>선공개부터 너무 잼나다,False,
@vabene7602,마라톤 전문 만화가여?,False,
@youarespecial50,👍,False,
@peacem351,😭Kian is always inspiring us ❤,False,
@fc-xg1bq,국내 대회나 좀 뛰고 나가지 뭔 서브4도 못하면서 뉴욕마라톤을 나감ㅋㅋㅋㅋ,False,
@mingpongming,니 갈길이나 가 ㅋㅋ,True,@fc-xg1bq
@보라빛하늘-g3n,육수쉐끼가 먼말이 많노 산소나 낭비하면서 10돼지로 살아,True,@fc-xg1bq
@도엔지랜드,선수도 아닌데<br>성적이 중요한가?<br>틈틈히 연습해서<br>완주했다는게<br>중요하지😊😊<br>그리고 작년에 청주<br>완주했다 <br>기안이 대상이다 <br>👏🏻👏🏻👏🏻👏🏻👏🏻<br>🏆🏆🏆🏆🏆,True,@fc-xg1bq
@이미영-r8r,나가면 뭐 어때서? 참 왜그러는지,True,@fc-xg1bq
@qytp4230,기안84 나혼자산다 응원합니다 ❤❤,False,
@아름다운러닝TV-RUN,"미쳤다 기안 뉴욕마라톤 잘보겠습니다<a href=""UCkszU2WH9gy1mb0dV-11UJg/G8AfY6yWGuKuhL0PlbiA2AE""></a><a href=""UCkszU2WH9gy1mb0dV-11UJg/G8AfY6yWGuKuhL0PlbiA2AE""></a>",False,
@도엔지랜드,완전공감 <br>본방사수 😊😊<br>기안이 대상이다 <br>👏🏻👏🏻👏🏻👏🏻👏🏻,True,@아름다운러닝TV-RUN
@해바라기-y4l,태어난김에 제일 열심히 사는 남자 기안!<br>멋지다.,False,
@도엔지랜드,제일 사랑하고 <br>존경하는 연예인 <br>기안❤❤❤<br>항상 응원할게요 <br>🏆🏆🏆🏆,True,@해바라기-y4l
@핑키-h9j,기안  화이팅,False,
@rma1318,오늘 본방사수 💪<br>기안84 화이팅 👍,False,
@도엔지랜드,완전공감 👍🏾 👍🏾,True,@rma1318
@nanakim888,이런 장면을 어디서 볼수있을까요 기안84마라톤 대단하네요,False,
@도엔지랜드,기안84❤❤❤<br>대상84이기에<br>가능한 일.<br>역시 최고의 연예인 <br>🖕🖕🖕🖕🖕<br>올해에도 대상이다 <br>👏🏻👏🏻👏🏻👏🏻👏🏻,True,@nanakim888
@여름향기-u4s,진짜 생전 처음 보는 듯 ㅎㅎㅎ,True,@nanakim888
@사천반디,진짜 생전처음이네요<br>기안84님❤❤❤❤❤,True,@nanakim888
@노자영-p7g,올 해 연예대상 ~~!!!,False,
@도엔지랜드,완전공감 <br>기안 대상은 못참쥐 <br>무조건 기안뿐이쥐 <br>🖕🖕🖕🖕🖕<br>🏆🏆🏆🏆🏆,True,@노자영-p7g
@도엔지랜드,기안뿐이지요 <br>🖕🖕🖕🖕<br>언제나 사랑하고 <br>응원할게요 <br>🙏🏻🙏🏻🙏🏻🙏🏻🙏🏻,True,@노자영-p7g
@h.y5913,😁정답👍<br>기안84 🏆🏆🏆🏆🏆,True,@노자영-p7g
@도엔지랜드,@@h.y5913 <br>우와!!!<br>기안❤️❤️❤️<br>본방사수 중<br>👏🏻👏🏻👏🏻👏🏻,True,@노자영-p7g
@노자영-p7g,본방사수!!!,False,
@노자영-p7g,고생 많으셨어요~~❤,False,
@jang_si,대충산다더니 젤 열심히 사는 기안84~!! 늘 화이팅~!!,False,
@도엔지랜드,완전공감 👍🏾 👍🏾 <br>그러니 응원하고 <br>사랑할수밖에 <br>기안이 최고야 <br>🖕🖕🖕🖕🖕<br>올해에도 대상이다 <br>🏆🏆🏆🏆🏆,True,@jang_si
@이은미-y6e,마자요,True,@jang_si
@blue290300,ㅋㅋㅋ 맞아요,True,@jang_si
@user-Best_of_me,태어난김에 사는거라고 했지 대충산다고는 안했음😅,True,@jang_si
@임순자-t2w,언제나 진심인 기안^^ 84❤ 화이팅!!^^~~,True,@jang_si
@h.y5913,👍약속 꼭 지키는 기안님 덕분에 내가 뉴욕마라톤을 다 보네요😅🏆🏆🏆🏆🏆,False,
@도엔지랜드,완전공감 👍🏾 👍🏾 👍🏾 <br>기안의 영상이기에<br>따라다니면서 <br>응원하고 시청중이지요<br>기안이 대상이다 <br>🏆🏆🏆🏆🏆,True,@h.y5913
@박성욱-q5k,오늘방송도 기대할께요,False,
@사각사각-m6u,기안84❤❤❤,False,
@아치양-r3t,우리 히민이 항상 어린이 같은 마음 변치 말아야 한다.,False,
@h.y5913,와~~~드디어🎉<br>수고많았어요 기안84❤<br>오늘은 무슨일이있어도 본방으로 볼거예요^^,False,
@도엔지랜드,기대할게요 <br>😊😊😊😊😊,True,@h.y5913
@김정수-e8h,대단한 기안84님♡,False,
@p.j7437,항상 응원하고 있습니다. 본방으로 꼭 볼게요 ㅎㅎ,False,
@라떼언니-p9r,오늘은 나혼자산다 본방사수 <br>기안84 화이팅❤,False,
@도엔지랜드,무조건 본방사수 😊,True,@라떼언니-p9r
@이은미-y6e,저도 불금포기,True,@라떼언니-p9r
@たばたそんえ,낼 보야징❤❤,False,
@바다바다-c1x,기안84 멋져요 👍 화이팅 🎉,False,
@이제현-n8v,진짜 존나 멋있다,False,
@도엔지랜드,완전공감 😊😊,True,@이제현-n8v
@라면-r9v,미국 분들 너무하네 기사에좀 써주지 기안,True,@이제현-n8v
@꼭행복하자-w5d,정말 멋진 사람이네,False,
@juliasong5363,대박 약속은 꼭 지키시는것같아 나이든 시청자지만 항상 응원합니다.  항상 화이팅하세요.  기안84님 ~~,False,
@도엔지랜드,기안❤❤❤<br>순수하고 <br>진실한 연예인 😊😊<br>이러니 사랑할수밖에 <br>올해에도 대상이다 <br>🏆🏆🏆🏆🏆<br>👏🏻👏🏻👏🏻👏🏻,True,@juliasong5363
@도엔지랜드,",기안만❤❤❤",True,@juliasong5363
@3613-w1s,항상 건강하세요,True,@juliasong5363
@sameoldlove55,<b>본방사수📺</b>,False,
@도엔지랜드,우리도😊😊,True,@sameoldlove55
@하나둘-n2c,베이글에 에너지젤을 뿌려먹는 발상은ㅋㅋㅋㅋㅋ  와 진짜ㄷㄷㄷㄷ,False,
@이은미-y6e,아하 몬가했는데 그거였군요ㅋ,True,@하나둘-n2c
@김정엽-e9h,가안 아자아자 화이팅^^,False,
@김종우-o2l,기안84 형님 응원합니다,False,
@gnizama,Kian fighting!!!!🔥🔥🔥,False,
