author,comment,is_reply,reply_to
@스타키위,ㅋㅋㅋㅋㅋㅋㅋㅋ수상할정도로 좋은자리받은 솔로입장자ㅋㅋㅋㅋ,False,
@KP-rr7wi,"<a href=""https://www.youtube.com/watch?v=j1g-9kkDokQ&amp;t=807"">13:27</a> 와 ~추워,쩔어 ㅋㅋ",False,
@ehgur0912,시부야.. 무서운곳이죠..,False,
@asjifoajf239,우리 유우키님이 또 우리에게 유익한 영상 보여주신다고 고생하시고 잘 볼게요,False,
@이어진-l2d,다음엔 연인과 함께 하셨으면 좋겠네요 ㅎㅎ,False,
@사랑아사랑아-aaaa,포로포로 ❤❤❤❤❤❤❤<br>동경갔다왔오요 저도,False,
@harryanne-kp3jg,캬 이게 낭만❤,False,
@숨-u4f,중국에 동방명주가 생각나는 풍경. 근데 낭만은 저 시부야 스카이가 더 있다.... 앞으로도 낭만적인 영상 주제 많이 부탁합니다.,False,
@element5206,빨리 연휴가 오길 기다리고 있습니다 도쿄에 놀러가게요,False,
@sssonnya,포로야❤,False,
@mackenzie_725,맨처음 시작할 때 포로 눈 꿈뻑꿈뻑 졸귀ㅠㅠㅠㅠㅠ 졸리기는 한데 집사가 안자니 옆에 앉아있는거 진짜 졸귀다ㅠㅠㅠㅠ,False,
@lllllIIllI1,형 저도 포로가 되고싶어요,False,
@junhee1204,"포로때문에 구독 했어요 포로 샤랑해,,,,,,🩵",False,
@아기도토리-z9b,강아지가 나와서 너무 기뻐요 강아지 보러 옵니다,False,
@아기도토리-z9b,"<a href=""https://www.youtube.com/watch?v=j1g-9kkDokQ&amp;t=75"">1:15</a> 정말 귀여움",True,@아기도토리-z9b
@기억에감정을더하면추,유우키님이 슬리퍼가 아닌 신발을 신으셨다!,False,
@김수연-k2j6n,포로특별편 같은 컨텐츠 기대해도될까요 심각하게 귀여워요,False,
@_zeraser,아아 이게 성공의 맛인건가,False,
@권순주-m3c,유우키님 빌 밑에 도쿄가있네요<br>야경 넘 이뿌고 좋네요~~,False,
@Railboys-456-kosakaryo,<del>아이자와형</del> 영상잘보고갑니다.,False,
@user-j019,일본 두번째 여행으로 도쿄를 갔었는데 시부야 스카이에 무슨 바람이 재난수준으로 불어서 야외전망대 간신히 나가기만 하고 사진은 다 망친 슬픈 추억이 있어요,False,
@덕튜브-k2v,저도 3월에 가족들이랑 도쿄 여행가는데 2박3일 짧은여행이라 기대되요! 도쿄가면 꼭 가야댈만한곳 추천좀 해주세요 먹을거리도 관광맛집말로 로컬맛집으로 아는데있으면 추천좀...ㅠ,False,
@Millenialuser,곧 도쿄가는데!! 오우,False,
@앗-i7s,시부야 스카이는 <br>연인이랑 꼭 가보고 싶네여,False,
@violetcrown8998,너무 좋아용,False,
@violetcrown8998,2024년 11월 24일 일요일 오전 4시 46분﻿,False,
@바람개비-f7u,자취 집 영상도 자주 올려주세요🎉,False,
@maatpon,영상 마무리 보면서 댓글 남겨봅니다! 그동안 일본에서 꿀잼(?) 위주로 다니셨으니 이번엔 나고야와 함께 노잼 투탑이라는 이바라키현 도전 추천해드립니다! ㅋㅋㅋ<br><br>언제나 느끼지만 유우키님의 시선으로 보면 아는 곳도 새롭고 모르던 곳은 더 즐겁게 보이는 것 같습니다. 항상 영상 감사합니다!,False,
@박광철-jfn2,감사합니다😊,False,
@sionkang8298,몇 달전 도쿄 다녀왔는데.. 저 곳을 못갔어요.. 아쉬웠는데 유우키님 덕에 간접체험 하네요 ㅋㅋ 감사합니다:),False,
@쑤-v1j,도쿄 3박4일 갔다왔는데ㅜㅜ 영상보고 갈껄....😢,False,
@Shillachoi09,아잉 ~ 자기야 왜 나 두고 혼자 갔어<br>앗 비밀인가?,False,
@barbienana_,시부야스카이 너무 무서워요.. 으 ㅋㅋㅋㅋ,False,
@Hunkydorylife,"<a href=""https://www.youtube.com/watch?v=j1g-9kkDokQ&amp;t=808"">13:28</a> 어우~ 추워. 바람 쩔어",False,
@MrKim990,해외여행도 해보신다면…대만이나 베트남 미국여행도 괜찮을듯…,False,
@김로사-d5j,예전에 바이크영상도 올리셨는데<br>이제 바이크는 안타시나요?😊,False,
@이성민-x6j,시부야 스카이 야경 잘봤습니다 ^^ 💗💙❤️💗💗,False,
@paperplane11,"1월에 도쿄가는데, 따라해보고 싶은 루트네여! 시부야 스카이도 안가봐서 기대해보겠습니닷!",False,
@readmym1nd,유우키 앞으로 이런 일 생기면 나 불러...,False,
@Good_PoZan,"회사에서 ㄱ강제 연차소진 ?? 때문에 올해 1월달에 센다이를 다녀왔습니다. 즌다  생각보다 달달하니 맛나고, 앙꼬 녹두 같은것에,,,ㅎㅎ  즌다 당고 진짜 맛있게 먹고왔네요. 마사무네 기마상 있는쪽에 구경도 좀 하고, 바람도 시원하게 쐬고, 속이 뻥뚫리는 넓은 하늘을 바라보며,,,  그리고 우설 맛나게 먹었습니다 ㅋㅋㅋ 후회는 없는맛, 우설만의 쫀쫀한 맛도 있었고,, 즌다 소프트 아이스크림 강추였습니다!!  아,  센다이 공항에서 도심으로 가는 전철은 매 시간 10분 / 30분 /50분  이런식으로 있으니 참고들 하세용 ㅎㅎ 한번쯤은 가볼만해요~~",False,
@jinyjacks5323,포로 말하는데 계속 쳐다봐 귀엽넹ㅎㅎㅎ,False,
@JHRosy,도쿄 야경 보고 싶었는데 유우키님 덕분에 랜선 도쿄 여행 재밌게 했어요ㅎㅎ 감사함당!,False,
@KHH_92,ㅋㅋㅋㅋㅋ 강쥐 너무 귀여워용😊,False,
@윤주눅,"<a href=""https://www.youtube.com/watch?v=j1g-9kkDokQ&amp;t=76"">1:16</a> 여기 전까지 자막으로 뱃살 가렸었죠!!!",False,
@Yuuki_Japan,ㅋㅋ,True,@윤주눅
@숯불임,"<a href=""https://www.youtube.com/watch?v=j1g-9kkDokQ&amp;t=810"">13:30</a> 일행인줄...ㅋㅋㅋ",False,
@홍지연-h5q,"포로, 졸려워요~<br>너무귀여워서<br>미치겠어요",False,
@톤모모,"형(나이로는 동갑이지만), 팬미팅은 언제 해요??<br>말 한 마디 안 해도 되니까 일본에서든 한국에서든 한번 열어줬으면ㅋㅋ<br>객들이 알아서 적당히 진행해 줄텐데",False,
@수박체리멜론,"<a href=""https://www.youtube.com/watch?v=j1g-9kkDokQ&amp;t=265"">4:25</a> 아 킹받아 ㅋㅋㅋㅋㅋ 웃음 터졌어요!!",False,
@오우예씨몬-o2y,"<a href=""https://www.youtube.com/watch?v=j1g-9kkDokQ&amp;t=1095"">18:15</a> 가게에서 쥬고야 들린당,, 앤팀 너네 간접출세했어..",False,
@boun3628,한명못와가지고 ㅋㅋㅋㅋㅋㅋ,False,
@문시아-w1r,포로 넘 이쁘당😍❤,False,
@세황-w2v,"<a href=""https://www.youtube.com/watch?v=j1g-9kkDokQ&amp;t=268"">4:28</a> 기대 1도 안됨 ㅋㅋㅋ 한 두번 속아야지",False,
@Yuuki_Japan,ㅋㅋㅋ,True,@세황-w2v
@배지나-y5l,포로잔다잔다❤❤🐶🐶,False,
@배지나-y5l,포로잔다잔다,False,
@agaragar8100,"<a href=""https://www.youtube.com/watch?v=j1g-9kkDokQ&amp;t=1147"">19:07</a> ㅋㅋㅋㅋㅋㅋㅋㅋㅋㅋㅋㅋㅋㅋ 이런 걸 보면 한국이나 일본이나 비슷한 면이 보이네요",False,
@호바기-s8m,시바 공원이 날씨의 아이에 나온 공원인가요ㅕ? 비슷해보여서,False,
@gospel3658,"&quot;한편 그리스도께서 죽은 자들로부터 일어나셨다고 선포되었는데, 너희 중에 어떤 자들은 어찌 죽은 자들의 부활이 없다고 말하느냐?<br>만일 죽은 자들의 부활이 없다면 그리스도께서 일어나지 아니하셨느니라.<br>그리스도께서 일어나지 아니하셨다면 우리의 선포가 헛되고 너희 믿음도 헛되며<br>참으로 우리가 [하나님]에 대한 거짓 증인들로 드러나리니 이는 그분께서 그리스도를 일으키셨다고 우리가 [하나님]에 대해 증언하였기 때문이라. 만일 죽은 자들이 일어나지 아니한다면 그분께서 그리스도를 일으키지 아니하셨느니라.<br>만일 죽은 자들이 일어나지 아니한다면 그리스도께서 일으켜지지 아니하셨으며<br>그리스도께서 일으켜지지 아니하셨다면 너희 믿음이 헛되고 너희가 여전히 너희 죄들 가운데 있으며<br>따라서 그리스도 안에서 잠든 자들도 멸망하였느니라.<br>만일 우리가 이 세상 삶을 사는 동안에만 그리스도 안에서 소망을 갖는다면 모든 사람들 가운데 우리가 가장 비참한 자들이니라.<br>그러나 이제 그리스도께서 죽은 자들로부터 일어나사 잠든 자들의 첫 열매가 되셨도다.<br>사망이 사람을 통해 온 것같이 죽은 자들의 부활도 사람을 통해 왔나니<br>아담 안에서 모든 사람이 죽는 것같이 그렇게 그리스도 안에서 모든 사람이 살게 되리라.<br>그러나 각 사람이 자기 차례대로 되리니 먼저는 첫 열매인 그리스도시요, 그 다음은 그리스도께서 오실 때에 그분께 속한 자들이니라.<br>그 뒤에 끝이 오는데 그때는 그분께서 모든 치리와 모든 권세와 권능을 물리치시고 왕국을 [하나님] 곧 [아버지]께 넘겨 드리실 때라.<br>그분께서 친히 모든 원수들을 자신의 발아래 둘 때까지 반드시 통치하시리니<br>멸망받을 마지막 원수는 사망이니라.<br>(고린도전서 <a href=""https://www.youtube.com/watch?v=j1g-9kkDokQ&amp;t=912"">15:12</a>-26)<br><br>&#39;&#39;자기 육신에게 심는 자는 육신으로부터 썩는 것을 거두리라. 그러나 성령에게 심는 자는 성령으로부터 영존하는 생명을 거두리라.   (갈라디아서 6:8)",False,
@hyunyoungseo3664,시부야 스카이 가보고싶어지네요,False,
@Ap-zn6qx,포로 카와이이이이!!,False,
@Aura95lsy,포로 귀엽네.....,False,
@darongandjjurri,포로 꼬질꼬질한게 꼬순내 많이 날꺼같다 귀여워 ㅠㅠ🥹🥹,False,
@Yakjeong,키미노나와 다리는 영상 찍으며 걷고 있던 원형육교 거기인데...ㅎㅎ,False,
@Raspvery777,"<a href=""https://www.youtube.com/watch?v=j1g-9kkDokQ&amp;t=707"">11:47</a> 유우키님 상냥함도 치사량이네요",False,
@소뱅이네,포로 포로 ❤❤ 힐링영상 감사합니다~~,False,
@로로로-q3w,올해 크리스마스는 얼마나 멋진 러브호텔을 갈까? 기대된다,False,
@ramiuniverse,"<a href=""https://www.youtube.com/watch?v=j1g-9kkDokQ&amp;t=80"">01:20</a> 포로 진짜 귀욥 ㅋㅋㅋ ㅠ.ㅠ",False,
@opensolid,타타카에,False,
@김재민-s2b,오히려 일본빵보다 우리나라 빵이 맛있죠,False,
@김재민-s2b,맛있겠네요,False,
@Rr_UuU,이번 겨울에는 온천 안가시나용? 대리만족 하고싶은데ㅋㅋ일본 온천 꼭 한 번 가보는게 제 버킷리스트중 하나예요ㅎ,False,
@msp8680,시부야는 계속 개발중이라서 다음엔 어디가 또 어떻게 바뀌었을지 모르는 곳이에요 2020 도쿄 올림픽이 도시개발에 박차를 가하게 했다는데... 안타깝게도 올림픽이 그렇게 됬다는 이야기도 있더라구요,False,
@hancojungboknanhyun,짱구안고 여행다니는거 왤케 귀엽습니까ㅎㅎㅎ 박영남 성우님 모셔와야겠다. 유우키님이 물어볼때 말하게ㅎㅎㅎ 도쿄타워 명탐정코난에선 칠흙의 추적자속의 장소이기도 하지요. 검은조직이 총기난사로 박살나기도한ㄷㄷㄷ 시부야 스카이 유우키님을 통해 처음보는데 뭔가 야외의 소파에 앉아 마시는 바같은 분위기같아 너무 좋아보여요😳😳😳,False,
@꽃님이패밀리,영상 너무좋아ㅜㅜ,False,
@차위치,팀버랜드 신고 가시면 발 아플텐데 ㅋㅋㅋ 대단하시군요 !,False,
@an_haewon,잠옷좀 바꿔주세요! 너무별로에요.,False,
@Yuuki_Japan,구독자분에게 받은거라^^;;,True,@an_haewon
@이꼬북-m2t,시작하자마자 포로… 너무귀여워요……,False,
@구구구구콘-k1w,포로얼마전할모니집앞에 포로같이하얀개누가버리고가서 지금은 내침대위 서열도뺏김ㅋ,False,
@고돌마왕,아직한국은 일본을못따라가는듯 새삼느끼게되네요,False,
@sowon9898,내 힐링 유튜버,False,
@0마루이히토하0,구독해서 항상봐도 목소리가 편하고 듣기 좋아요...<br>25년엔 여자친구 생겨서 같이 촬영한거 보고싶네요~~,False,
@오바빠돌이,포로가 우리애기랑 나이가 같앗구나 11살 ㅠㅠ 너무기여워서 배방구해주고프다 오프닝 같이하니까 너무좋네요 ~,False,
@83uu48,이제 겨울인데 일본에 스키장이랑 온천이 함께 있는곳이 있다고 들었습니다 거기한번 가보는것도 좋을꺼 같아요!,False,
@khesquisse,포로쨩 눈빛이 너무 아련해요 ㅋㅋㅋㅋㅋㅋㅋㅋㅋㅋㅋㅋㅋ,False,
@taa-s1k,今日初めてこのチャンネルを知ったんですけど、聞き取りやすくて字幕もついてて日本人が韓国語の勉強するのにいいチャンネルですね！,False,
@ccc32041,"<a href=""https://www.youtube.com/watch?v=j1g-9kkDokQ&amp;t=1162"">19:22</a> 얽ㅋㅋㅋㅋ유우키 공산당원썰",False,
@ccc32041,오 술집에서 같은 혼혈주인분을 만나다니 신기하다,False,
@filipinoson6809,안녕하세요. 혹시 오디오도 보정을 하시나용? 잡음제거 효과등을 넣으시나용?,False,
@렐라-w3l,유희관뭐야 ㅋㅋ,False,
@unh8910,"<a href=""https://www.youtube.com/watch?v=j1g-9kkDokQ&amp;t=98"">1:38</a> 아니 20분 늦었다는분이 카메라놓고 연출을 ㅋㅋㅋㅋㅋ",False,
@mss9259,강아지 너무 귀엽다...,False,
@체리-b1u,포로영상많이보여주세용~~언제나 포로얼굴보고싶은1인 입니다^^,False,
@bdjo827,포로 옆에서 졸린거  참는거 같은데  😂😂,False,
@김가글-g1t,맨날 들으면서 자버릇해서 목소리 듣고 또 잠이와서 낮잠자버렸어요 ㅋㅋㅋㅋ 일어나서 다시 보러 왔어요. 잘 볼께요😂,False,
@Lexon93,소파좌석 저녁에는 예약받는 자리구나. 오픈런으로만 가봐서 몰랐네,False,
@pearlpark,야경 소파석이 1시간에 12만원이요...?😢,False,
@sophiek3316,포로좀 많이 출연시켜 주세요 ❤ 힐링됩니다 Love Poro!!!❤,False,
@Aimer-yi8tf,"유우키님 혹시 시부야 스카이 휠체어 타고도 헬기장 있는 곳까지 갈수 있나요??<br><br>일본 여행을 가고 싶어서 오사카랑 도쿄중에 고민인데...<br>이번 영상 보니까 가서 야경을 보고 싶어서요...^^<br>그런데 제가 허리를 다쳐서 휠체어를 타고 있어서...ㅠ 만약에 갈수 있다면 도쿄로 가고 싶네요 ㅎ<br>아키하바라도 가고, 우마무스메 라는 게임도 해서 경마장 구경도 가보고 싶어서요 ㅎ",False,
@Yuuki_Japan,"<a href=""https://www.u-x3.com/?p=10906"">https://www.u-x3.com/?p=10906</a><br>검색해봤는데 갈수 있다고 하네요!",True,@Aimer-yi8tf
@lIIlllIII,"<a href=""https://www.youtube.com/watch?v=j1g-9kkDokQ&amp;t=102"">1:42</a> 야심차게 준비한 소심한 상황극 개웃겨",False,
@범부승현,덴덴타운 가주세용 2트,False,
@Alteizen3823,주말 방구석에 누워서 시부야스카이를 볼수있다니ㅜ,False,
@nawaok-h6v,도쿄야경은 진짜... 너무 좋네여..,False,
@정으닝,포로야ㅜㅜㅜㅜㅜ,False,
@Misterlb13,ㅋㅋㅋㅋㅋ한명 못오는 ㅋㅋㅋㅋㅋㅋ,False,
@Vldh0202,릴스에서 그렇게 보던 시부야 스카이 대박!!!!! 옆에 스카이 트리도 보인다,False,
@reason_oo_,오 시부야 스카이!! 저도 젤 가보고 싶은곳이에요.. 저는 야경에 에스컬레이터로 내려가는 릴스보고 가보고 싶어졌어요.. ㅠㅠ 친구가 가는거 보고 넘 부러웠어요... 노을이 있었음 더 예뻤겠지만 흐린 하늘도 낭만있네요..! 그리고 야경도 반짝반짝한게 넘 멋있어요..! 전 야경이 참 좋더라고요..! 크 맥주와 야경이 참 낭만있네요... 유우키님 여행 영상을 보다보면 저도 같이 여행하는 기분이 들어요😊 넘 멋있어요..ㅠㅠ 같이 데리만족하고 가네요..! 저도 언젠간 꼭 가보고 싶네요..!!,False,
@Cobaltblue47,일본아재들도 정치얘기 좋아하구나,False,
@mostxianwuofyou,정치 얘기 앞에서 다 해놓고 하는건 좋지 않아... 한국도 똑같애요. 저 방식.,False,
@HatsuTM,"올해 2월달에 여행 갔었을 때 처음이라 실수도 많았고, 8일중에 6일이 흐렸던(6일차 토요일과 돌아가는 월요일 빼고).....<br><br>도쿄 타워는 흐렸기만 했는데 시부야 스카이는 비를 맞으며 구경했네요.<br>아쉬운 점도 많고, 사는게 힘들어서 일본 다시 가고 싶네요. 시부야는 좀 복잡하고 어지럽지만......(솔직히 던전 같았음)<br><br>유우키님 다음 도쿄 여행도 기대할게요!",False,
@huahua5203,연례행사인 매년 크리스마스 러브호텔 리뷰 기다리고 있다면 개추!!!!😊,False,
@슬감,도쿄 진짜 숙박비만 괜찮으면 자주 가고 싶어요 ㅋㅋ,False,
@Hetal_gom,잘봤습니다 어제 오늘 유우키님 오사카영상보고 혼자서 도톤보리 유니버셜 스튜디오 돌아다녔는데 힘드네요 ㅎㅎ;,False,
@yeonsun-y8h,이번년도의 러브호텔은 어떤곳일까..,False,
@davidjohns1700,포로 눈 촉촉한거 귀엽네 ㅋㅋ,False,
@Tokyoloverboy,시부야 사변이 일어나지 않아서 다행이네요,False,
@접시깨기,포로 귀여워....ㅠ,False,
@vamp_hxss,헐 도쿄역 일주일전에 갔었는데!! 담에 갔을땐 유우키님이 드신 저 빵두 먹어봐야겠어요ㅎㅎㅎ엄청 맛있어보임,False,
@오석환-u9f,여기 진짜 좋죠,False,
@raytv9453,유우키님이랑 시바공원에서 맥주 마시고 싶네요☺️,False,
@user-potatoking,도쿄가 진짜 야경보기 최고의 도시인거같아요. 도쿄 처음 가는 친구들 데려갈때마다 도청 - 스카이트리 - 시부야스카이 - 모리타워시티뷰 순으로 매일 데려가니까 좋아죽더라구요 ㅋㅋ,False,
@심보경-c2w,"포로, 유우키님 조합 넘 조아요❤",False,
@juppjuppyammyamm,유우키 겨울 컨텐츠는 진짜.... 너무 느.좋임 겨울감성낭낭한게 사람을 그냥 연말로 데려다놓음 기분이 너무 들뜨고 따듯하게 망들어...,False,
@STRLOVES2,2주뒤 제가 갈 곳을 딱 여행해주셨네요😊❤<br>포로심장폭행범으로체포하게쒀멧챠카와이이이,False,
@hjc127,역시 먹방은 유우키 오늘도 혼밥 맛있게 같이 잘 먹었습니다 ㅎㅎ,False,
@살-l9r,"<a href=""https://www.youtube.com/watch?v=j1g-9kkDokQ&amp;t=1143"">19:03</a> 유부는 이미 두부를 튀긴 건데, 또 튀기는 조리법이 있네요?",False,
@pureum_0u0,"헉ㅋㅋ 어제 여행 마지막날이라 속 편안한 음식 먹으려고 찾다가 신파치식당 난바점 다녀왔는데 체인점이었군용.  제철고등어정식, 연어정식으로 주문했는데 <br>오로시를 간장에 적셔서 생선에 얹어먹으니까 정말 맛있더라구요.. 생선도 기름지고<br>껍질도 바삭하니 너무 맛있었어요 일본 오면 또 방문할 것 같습니다 만조쿠",False,
@estellawings,"생각보다 도보가 길어서 야경 버릴랬는데 묘하게 설득당해서 공중정원 넣는 루트 넣으러 가요, 또륵.. 여행의 퍼즐 중 한조각은 야경이다, 메모메모.",False,
@Jyunning,마침 도쿄가는데 귀한 영상이❤ 감사합니다💖,False,
@lillilil-z3t,일본 첫여행때 방문했던 시부야스카이<br>추억이 새록새록 떠오르네요ㅎㅎ,False,
@오늘부터시작이네,"새끼손가락 엣지 있어요 <a href=""https://www.youtube.com/watch?v=j1g-9kkDokQ&amp;t=975"">16:15</a>",False,
@user-em4hx7wz7g,가만보면 본격 우설 홍보대사라니깐😎,False,
@UES-p,다음달 도쿄 센다이여행을가는데 출발전에 유우키님영상을 봐서 너무좋네요^^ 항상응원합니다~,False,
@모카모카-h6h,포로넘나귀엽 ㅠㅠ유우키님 엘리베이터 잡아줄때 심쿵😮 항상잘보고있습니다❤ 내년에 일본갈때 참고할게요!!,False,
@형독한강라면,이번년도도 본격 라멘만들기 기대하겠습니다🎉🎉,False,
@rimo9889,원래는 저 소파있는공간 제가 1년전에 갔을땐 그냥 앉을수있었는데 사전예약제로 바뀐모양이군요!,False,
@하리-c3b,겨울에 삿포로 여행 해주세요,False,
@flyingdolphins,"<a href=""https://www.youtube.com/watch?v=j1g-9kkDokQ&amp;t=560"">9:20</a> <a href=""https://www.youtube.com/watch?v=j1g-9kkDokQ&amp;t=949"">15:49</a> 웃음벨ㅋㅋㅋㅋㅋㅋㅋㅋ 사…사랑합니다! 신발이 예쁘고 잘 어울리신다는 뜻입니다! 귀하게 잘 보았습니다, 간접체험 엄청납니다. 항상 감사해용🌼",False,
@도드라기-s3q,"<a href=""https://www.youtube.com/watch?v=j1g-9kkDokQ&amp;t=7"">0:07</a> 인형인 줄 알았어요 🫢 졸귀❤",False,
@user-jd1ly5nh5u,ㅋㅋㅋㅋ 정치얘기 나오자 빠른 런,False,
@TV-dl3ss,역시 요즘 일본 야경 원탑은 시부야 스카이네요,False,
@다정한익명,오이무침인가. 편의점에서 파는 오이무침이라니. 대체 일본의 편의점은? 🤩,False,
@송칠라-e6o,동반자 짱구 너무 귀엽네요ㅋㅋㅋㅋㅌ,False,
@hanlusky6,전 2017년도에 군대가기전에 와본적있는데 진짜 좋았어요 아직도 스카이에서 찍은 사진 갖고있고 그 사진볼때마다 추억이 떠올라요 <br>그뒤로 안가봤는데 많이 변했네요 ㅋㅋ 앉을수있는곳도있고 밤에 볼때 구름사이에 번개 칠때마다 반짝 거리고 비행기도 지나가고 진짜 좋았는데,False,
@성초입,"저는 11월 17일부터 오사카,도쿄,센다이 신칸센 타고 아키우온천이랑 갔다 왔는데 뜨끈한 노천온천 너무 좋았고 유우키님도 감기 조심하세요~~^_^",False,
@Yuuki_Japan,아키우온천 가셨군요 굿초이스👍,True,@성초입
@MinhaeLee-jb3nd,크리스마스때가야죠 ㅋㅋ,False,
@심은보-k2x,유우키님 다음번에는 일본 맥주 모양 빌딩 영상좀 올려주세요.부탁드립니다.^^,False,
@마장동햄주먹,댓글 잘 안다는데 유우키님은 본인은 사랑할 줄 아는 것 같다<br>그게 설령 유튜브로 시작해서 시청자에게 보여줘야하는 것 일지라도<br>나는 나를 위해서 온전히 혼자 멋진광경을 보러가고 나를 위해 맛있는 와인을 사먹거나 한적이 있는가?<br>올해 늦어도 나도 꼭 해봐야지,False,
@user-xi8cz8uo6k,형님 워터슬라이드2탄 기대해도 되나요?,False,
@이승연-g1g,"<a href=""https://www.youtube.com/watch?v=j1g-9kkDokQ&amp;t=98"">01:38</a> 뛰어오는 거 졸귀 ㅋㅋㅋ😊",False,
@philli16428,드디어 새 영상,False,
@ss-fl5xi,진격거는 ㅜㅜ 슬프다,False,
@IIllIIIllllllIlil,"<a href=""https://www.youtube.com/watch?v=j1g-9kkDokQ&amp;t=924"">15:24</a>  수상한 사람(?)이 커플석을 예약했는 데 막상 혼자 짱구 인형들고 오니 실연당한 불쌍한 사람이라고 생각했을 수도? ㅋㅋㅋ",False,
@hofbrauhaus3189,크리스마스의 일본 브이로그도 기대하겠습니다,False,
@ki-yongkim1002,"2022년에 오사카 우메다역 근처 신바치식당 간적 있었는데, 거긴 정식 시키면 맥주가 180엔이었는데, 현재의 도쿄가 더 싸네요...흐흐..",False,
@뽕식이-z2x,혼자라고 왜 당당히 말을 못해욧 !!!  음하하하하,False,
@goodpark2383,"여기 현금만 받으셔서 아쉽게도 먹지 못했는데, 이렇게 보게 되니까 좋네요. 감사합니다",False,
@anna.8701,와... 시부야 스카이...야경 ❤,False,
@Rengokuuuu0510,힐링…행복하세요,False,
@코코-y8c7o,옆에 있는 포로 넘 귀여워요!😆 야경 너무 멋지네요~~~👍😍,False,
@hwankj8841,"<a href=""https://www.youtube.com/watch?v=j1g-9kkDokQ&amp;t=33"">0:33</a> 그 유명한 도쿄타워도 한번도 본적이 없다는 말에 속상해하는 포로..",False,
@집돌이-z2t,ㄹㅇ 대식가 유우키짱 ㅋㅋㅋ,False,
@뽕식이-z2x,야호  선따봉 후감상 포로 귀엽 ㅎ,False,
@ori5581,포로 이발했네..겨울엔 추우니까 그냥 털 길어서 뚱뚱하게 냅두는것도 매력인데ㅋㅋ,False,
@Crystal-ho7so,고기보다 생선을 좋아해서 같이 눈👀으로 맛있게 먹었습니다😆😅😅시부야 스카이 야경 좋네요😍💙🥰💜🤗🖤,False,
@ganjang4586,확실히 도쿄 경치가 유우키님 말대로 저렇게 탁 트인 평지라 이번에 가신 저런 관광상품이 나올수있군요ㄷㄷ,False,
@oo_mizu,타누키스시...!! 사장님 엄청 친절하시고 가성비 최고입니다.. 다이몬가면 꼭들르는 맛집 점심에는 근처 회사원들 도시락판매여서 예약없이 가판대에 있는거 사시면 되요!,False,
@시간속어딘가,좋은풍경 보여주셔서 감사합니다. 역시나 포로는 항상 귀엽네요ㅎㅎ,False,
@보요,저도 저번 주에 도쿄 다녀왔는데 도쿄 타워 정말 예쁘더라고요 좀 흐렸지만..,False,
@high_caffeine,인급동 축하드려요,False,
@너굴리0522,오키나와 여행은 안가시나요??? 유우키님 오키나와 브이로그 한번 보고싶어요😢,False,
@Yuuki_Japan,내년에 가볼수있으면 가볼게요~~ 후원 감사합니다,True,@너굴리0522
@sohyun_jeon,포로❤진짜 졸귀,False,
@starlight.lovely,다음에  한국 오면...<br>롯데타워 야경을 보세여<br>정말 이뻐요❤,False,
@jinLee-qe6fq,"<a href=""https://www.youtube.com/watch?v=j1g-9kkDokQ&amp;t=268"">4:28</a> 동행자 정체 (귀여워..",False,
@불쌍-c3l,"세상에 119만명의 유우키 팬이 있다면, 나는 그들 중 한 명일 것이다.<br>세상에 119만명의 유우키 팬이 있다면., 나 또한 그들 중 한 명일 것이다.<br>세상에 119만명의 유우키 팬이 있다면, 나는 여전히 그들 중 한 명일 것이다.<br>세상에 백 명의 유우키 팬이 있다면, 나는 아직도 그들 중 한 명일 것이다.<br>세상에 한 명의 유우키 팬이 있다면, 그 사람은 아마도 나일 것이다.<br>세상에 단 한 명의 유우키 팬도 없다면, 나는 그제서야 이 세상에 없는 것이다.<br>유우키, 나의 사랑.<br>유우키, 나의 빛.<br>유우키, 나의 어둠.<br>유우키, 나의 삶.<br>유우키, 나의 기쁨.<br>유우키, 나의 슬픔.<br>유우키, 나의 고통.<br>유우키, 나의 안식.<br>유우키, 나",False,
@고요한명상,왜 여자친구가 없나용? ㅠㅡㅠ...,False,
@Ina-287,제가 11월1일 까지 도쿄에 있었는데ㅠㅠ<br>너무 좋더라구요 다음에 올때는 다른 도시도 가보고 싶어요<br>+시부야 스카이 여름이나 봄에 가시면 낮이 길어서 노을보기 더 좋으실 것 같아요,False,
@knight66,형님 헨리넥 니트에다가 팀버랜드 크.. 백팩까지 머선일입니까 ㅋㅋㅋㅋ 스타일 좋아지셨네 굿,False,
@hujh8807,포로 너무 귀엽다...❤,False,
@lducjswo,올해 도쿄갔을때 시부야스카이랑 스카이트리 고민하다가 스카이트리만 갔는데 이렇게 시부야스카이를 접하게 되네요<br>잘 봤습니다,False,
@__jo_a,포로야아 귀엽구나아,False,
@user-kj8lx4qd4i,一人旅行かと思ったら連れがいたのですね。しんちゃんも楽しそう😂😂,False,
@nananay123,행복하다~ 유우키 짱,False,
@DekeV1nson,롯데타워 서울 스카이 가셔야죠~~,False,
@최선아-g5i,유우키 영상 🤍,False,
@시크릿주주-m6y,"<a href=""https://www.youtube.com/watch?v=j1g-9kkDokQ&amp;t=97"">1:37</a> 혼자 카메라 두고 뛰어왔을 상상하니 웃기네 ㅋㅋㅋㅋㅋㅋ",False,
@TTT-nv7rj,짱구 ㅎㅎ,False,
@Slsksja,작년에 도쿄 처음갔을때 저 호텔에서 지냈습니다 ㅋㅋ 조금 많이 건조하던데 괜찮으셨는지 모르겠네요 역에선 굉장히 가까웠던걸로 기억해요 육교하나만 넘으면 됐으니까 ㅎㅎ,False,
@bbobbo0303,포로 올려다보는거 개졸귀넼,False,
@u.u_uuuu_,포로쨩 너무 귀여워.. 무해해 최고야 사랑스러워 ❤,False,
@fjekwkxnf320,유유키님 핸드폰 촬영이세요 아니면 카메라 쓰시나요??,False,
@tjgus21k,시부야 스카이 야경 너무 멋지네요!!! 크~~ 저기 앉아서 맥주 한잔이라니.. 낭만 넘쳐요,False,
@이예린-q1b,"<a href=""https://www.youtube.com/watch?v=j1g-9kkDokQ&amp;t=75"">1:15</a> ㅋㅋ ㅋㅋ ㅋ ㅋ 아 너뮤 귀여웡",False,
@강준호-t4k,유우키님 한국은 매우 추워졌습니다. 유우키님 몸조심 잘하시고  오래오래 봐요 저희들,False,
@Cacao-Villains,"<a href=""https://www.youtube.com/watch?v=j1g-9kkDokQ&amp;t=810"">13:30</a> 한국어가 꽂힌닼ㅋㅋ",False,
@yjjj__41.3,포로야 너무 귀엽다 짱구에 나오는 흰둥이 같아요ㅠㅠ,False,
@Halopo88,포로 모습 보고 호롤로로롤로 달려왔어요 ♡,False,
@fivehigh2017,12월에 첫 도쿄여행 가는데 기대됩니다,False,
@jennahapiskan4815,유우키님 덕에 랜선으로나마 럭셔리한 스카이뷰 소파좌석에서 샴폐인과함께 구경할수있어서 넘 힐링이네요! 덕분에 오늘도 랜선 불금 잘보내봅니닷 ㅎㅎㅎㅎ 카메오 포로짱 짱구짱도 넘 귀여워요 ㅎㅎㅎ,False,
@살애-e6z,님들아 포케여행이란 채널아세요?? 촬영 구도랑 컨텐츠랑 편집스타일이 너무같아서 빼박이에여... 양심도없이 똑같은데 이거문제없나요?? 어이없음진짜,False,
@tinyo4174,포로 도리도리😂,False,
@윤-m3x,오올 근데 오늘 착장 이뻐요!,False,
@동동-j8p,요즘 불면증때문에 잠을 거의못자서 스트레스가많은참이였는데 이렇게 영상을 올려주시다니 너무 감사합니다 ㅠㅠㅠㅠ,False,
@Do-hyun91,저도 예전에 도쿄도청 전망대 구경하고 신주쿠공원에서 도시락까먹으면서 힐링했던 기억이 떠오르네요,False,
@슈우슈우-n9k,맥주 킬러 유우키,False,
@치키차카-t3o,씨바!형!존나보고싶었어!,False,
@Vekfo294bfks,오 저도 저 공원에서 카이센동 종종 먹어요.. 전부터 구독하다 댓글은 처음 달아보네요<br>유우키님 영상 보다 센다이도 올해 두 번 갔어요,False,
@heezzang1004,"날은 추워지지만,,유우키영상보면 맘이 따듯해지는 마법의 영상..♥️ <br>입장권 예매도 어려운데 커플자석예약이라니 ..이번에도 이렇게 한커플을 재껴버리시는 유우키ㅋㅋㅋ올해 클스마스에도 부탁드립니다!!",False,
@shy_Yellow,아재들 정치 얘기로 안주 삼는거 우리나라랑 똑같군요ㅋ,False,
@ahhhh1019_,포로 ❤❤❤❤❤❤❤,False,
@meoweow-0-u1s,"포로사랑해 납치하고싶어 , ,",False,
@LBUK252,저 오이 되게 달아서 한국 느낌 아닙니다 ㅎㅎ,False,
@mg9611,역시 도쿄는 여행으로만 가는게 좋은 것 같아요... 무조건 길 잃을 듯 ㅋㅋㅋㅋㅋㅋㅋ.... 적당한 도시로 워홀 어디로 갈 지 고민중인데 지역 추천 해 주실 분?,False,
@onion10109,짱구야 좋겠다,False,
@kimkeet,혼자다니시는게 쓸쓸한 기분이 들지만 그래도 그 내성적인 감성이 이 채널의 매력이라 생각합니다.,False,
@Noakple,도쿄가 서울의 14배인가 그정도 되돈데,False,
@1278sk,"<a href=""https://www.youtube.com/watch?v=j1g-9kkDokQ&amp;t=792"">13:12</a> 여기서 고죠 사토루의 고출력 무라사키가...",False,
@조호성-z5f,"애니<a href=""https://www.youtube.com/watch?v=j1g-9kkDokQ&amp;t=655"">10:55</a>~",False,
@ReaIWakGood,언제든지 가는거면 미리 일몰 시간 맞춰서 예매했는데 못본게 아쉽네<br>거긴 거의 몇개월전에 예매를 해야 되서 저는 못가보긴했는데 두번갔었어도,False,
@ReaIWakGood,엥 저기 이제 가격 따로 받나요??? 예전에 갔을땐 그냥 아무나 앉아있던 곳인데,False,
@바우-n2e,요즘영상자주올라와서조아여❤,False,
@다예쁜날-w3v,다 “돼”서! 예요:) 다른 어려운 단어들은 다 맞는데 이게 잘못되어있어서 너무 귀여웠어요😆😆,False,
@Pikapika866,공산당 ㅎㅎㅎ 😅,False,
@하하하-c2u7w,자주자주 와주라주,False,
@mew05193,유우키랑 같이 러브호텔 여행한번 가고싶다……,False,
@222oul8,이게 성공의 맛?,False,
@Hasegawa-Hanzo,크으.. 이거지 유우키 오리지널.. 넘나 재밌다,False,
@JB-tn5ki,형 나 12월 말에 처음으로 일본 여행 가 ㅎㅎ 후쿠오카로 가는데 갈만한곳 추천해줘잉~!,False,
@공부공부-u3r,유으키최애고최고 유우키쵀고오오옹,False,
@christinayun3102,포로...ㅋ시선강탈 ㅎㅎ 너무 귀여워요 잘 보고 있습니다 :),False,
@멋상구,얼마전에 도쿄에 여행갔는데 시부야 감성있고 괜찮은 곳입니다ㅋㅋ,False,
@thomasji7614,"지난 일본여행때 시부야 스카이는 올라가지는 못하고 14층에만 가 봤는데 오늘 멋지게 대리체험 했네요, 감사합니다~ 다음달에 도쿄에 또 가기는 하는데 요새 시부야 스카이 표 사기가 엄청 힘들어서 그냥 오늘 영상으로 만족할듯 싶습니다. 좋은 영상 감사하고 좋은 주말 보내세요~",False,
@상근이,아저씨들 특 만나면 아무얘기하다 정치로 통일함ㅋㅋ,False,
@살구-t2m,늙었나?혼나볼래요,False,
@minarilee157,가고싶어요 일본..😢,False,
@dqXpb,뽀로 보느라 유우키님 말씀 하나도 못들었어요ㅋㅋㅋㅋㅋㅋㅋ 너무 귀엽다…,False,
@seainocean7,포로 짱구에 나오는 흰둥이 같네 ㅎ,False,
@Furano_,겨울인데 따땃한 이시가키 및  이시가키 주위 섬들 한 번 가보시는 거 추천 드립니다. 일본 여러 곳 가봤지만 이시가키는 진짜 강추 주위 부속섬들도 너무 좋고 (바다색이 미쳤음) 이시가키 유명해 지는 거 싫어서 글 잘 안 남기는데 글 올린다고 바로 가시는 것도 아니고 ㅎㅎ 유우키님 가시기 전에 한 번 더 갔다 와야겠네요 더 유명해지기 전에 ㅎㅎ,False,
@nono-hz7hj,시부야 스카이에서의 혼술은 건물높이만큼이나 극상의 낭만이었을것같네요 평생 잊지못할 경험을 하셨을거같은데 영상을 통해 간접적으로나마 공유해주셔서 감사해용,False,
@김수현-k2k,지금 마침 도쿄인데 유우키님이 추천해준 레몬사와먹으먼서 이영상보니까 너무 재밋네요 도쿄라그런가 같이마시는기분이네 재밋네용,False,
@은정-f5t-i4p,노을은 없었지만 주말 새벽에 도쿄 간접여행 시켜주셔서 감사합니다<br>유우키님 영상은 항상 좋아요,False,
@ringosunny,12일 낮에 딸이랑 시부야 스카이 갔었는데 유우키님 영상으로 다시 접하네요<br>낮엔 바 운영 안 하고 소파도 그냥 앉을 수 있어서 여러 사람이 앉았다 일어났어요<br>저녁 시간대는 예약 거의 힘들던데 부지런하게 예약하셨네요<br>석양이 잘 보이는 맑은 날이 아니었어서 아쉬우셨겠어요<br>영상 항상 잘 보면서 댓글은 잘 안 남겼는데 <br>일주일 차이로 스카이 다녀오셨길래 반가워서 남겨봅니다.,False,
@lkimj,포로는 눈만봐도 착한 강아지인게 보이네요❤,False,
@행주-l9j,아닛!!! 곧 도쿄여행가는데 마침 유우큐님의 도쿄 영상이라니 넘 조아요~~ 오늘도 재밌는 영상 감사합니다😻,False,
@멋상구,지난달에 도쿄 갔다왔는데 시부야 감성 있고 괜찮은곳이었습니다!,False,
@Meloodayo,포로 개 귀엽다,False,
@아담이-n1l,유유키님 최근 편의점 음식이 궁금해요 <br>편의점 영상도 부탁드려요 😊,False,
@SY-dk7tq,유우키의 퍼스널 계절은 겨울임 ㅠㅠ 겨울감성 너무 좋습니다,False,
@mimi--1004,포로❤<br>유우키랑 도쿄여행한 기분~,False,
@maopanda8514,짱구 : 예쁜 누나만큼은 아니지만 예뻐요.😲,False,
@이태형-j9z,"<a href=""https://www.youtube.com/watch?v=j1g-9kkDokQ&amp;t=690"">11:30</a> 센다이 시민을 살려달라 ㅋㅋㅋㅋㄴㅋㅋㅋㅋㅋㅋㅋㅋㅋㅋㅋㅋㄴㄴ",False,
@sobororo,"<a href=""https://www.youtube.com/watch?v=j1g-9kkDokQ&amp;t=75"">1:15</a> 포로짱ㅠㅠㅠㅠㅠㅠㅠ너무귀여워",False,
@maopanda8514,한국에 살면서 남산 야경 처음 봤어요. 짠.🥂,False,
@Jjhm164,유우키님 시부야에서 갸루 메이크업 받아주세요!,False,
@user-wy4wg3ib3m,다음달에 시부야 스카이 가는데 도움 많이 되겠네요 오늘도 좋은 영상 감사합니다!,False,
@A-lf3xe,ㅋㅋㅋㅋㅋ포로......❤❤❤❤❤❤,False,
@ryu7831,포로....🥹,False,
@ejrgus4456naver,저두 최애애니 진격의거인입니다 ㅎㅎ,False,
@gobackloadk6791,진짜 별생각없었는데 유우키님 영상보면서 일본가고싶다는 생각이 격하게 많아지다가 27년만에 퇴사하고 바로다음날 일본갔다왔습니다 ㅎㅎ,False,
@jordantrace9858,"<a href=""https://www.youtube.com/watch?v=j1g-9kkDokQ&amp;t=549"">9:09</a> 당신들이 즐거우면 나도 즐겁습니다<br>뭔가 광고 카피 같은 느낌이네요 ㅋㅋㅋㅋ 도쿄에서 살아본 적은 있는데, 유우키님 영상을 보면 나도 참 도쿄를 별로 즐기지 못했구나 하는 생각이 드네요. 왜 도쿄타워를 보며 도시락을 먹을 생각을 못했을까 하는.. 오늘도 낭만 충전하고 갑니다",False,
@스트링치즈,노천탕을 마지막으로 보고 오늘 다시 왔는데 역시 이 잔잔함.. 힘들때 <br>유우키님 영상보면 그냥 <br>오늘 쌓였던 스트레스가 해소되는 느낌이라 너무 좋습니다..<br>10개월만에 영상 처음보는거라 너무 반갑네요 앞으로도 계속 볼테니 영상 많이 올려주세요,False,
@vaklsdf1359,도쿄 여러 명소 가봤지만 사방이 탁트인 시부야 스카이가 제일 기억에 남았음,False,
@대충함말고라-m7d,「유명 유튜버 유모씨 5세 남아와 연인관계임을 방송에서 밝혀.. 일동 충격」,False,
@J-low_coke,저도 오사카 우메다 스카이빌딩 야경이 참 예쁘다고 생각했는데..<br>사랑하는 사람이 생기면 데리고 와서 같이 보고싶다고 생각했었던 기억이 있네요<br>모찌롱 11년간 다시 방문하지 못했다는......<br>언젠간 다시 갈 수 있겠죠<br><br>우메다 스카이빌딩에 필적한다고 하시니 저도 예약 해봅니다 12월에 도쿄니 이코~,False,
@gujilove464,"<a href=""https://www.youtube.com/watch?v=j1g-9kkDokQ&amp;t=76"">1:16</a>  포로 너무  귀여워🥹",False,
@linahur2667,와 이런야경이있었다니 영상으로도정말감탄되요 뷰도너무멋지구요<br>대리여행잘하고가요,False,
@정유빈-d4s,아이시떼루,False,
@rollko2769,헐헐 저번 도쿄여행때 어머니랑 신빠치쇼쿠도 영상에 나온 지점 갔는데 엄청 반갑네요 ㅋㅋㅋㅋ<br>아침식사 하러 갔는데 술고래(?) 어머니께서 150엔 나마비루 엄청 좋아하시더라구요 ㅎ,False,
@LHG1004,시부야 스카이...비 와서 너무 슬펐음...,False,
@Hgyvf88k,영상좀 자주 올려주세요😢😢,False,
@포엠을,여자친구 공개인가 하고 두근거리면서 봤습니다ㅋㅋ,False,
@squidward_tentacles92,일본은 안싸우네요ㅋㅋㅋㅋ<br>한국이였으면 치고박고싸워서 절대 금기어인데 정치ㅋㅋㅋㅋㅋㅋ,False,
@samueloh9026,포로가 자자고 재촉이네요.,False,
@wonjaelee-yo9bt,진짜 혼자 여기저기 가는 거 대단합니다 ㅎㅎ,False,
@nyonyo-xv3eo,"<a href=""https://www.youtube.com/watch?v=j1g-9kkDokQ&amp;t=10"">0:10</a> 유우키님의 감기 조심 인사라니...ㅠㅠㅠㅠ<br> 엊그제부터 몸살감기에 걸려서 학교도 빠지고 야자도 기침계속 나와서 중간에 나오고 힘들었는데..😢<br>크흑..이미 걸렸지만 영상보면서라도 힐링 느끼면서 가요..❤유우키님도 감기조심하세요!!<br>+(댓글진짜 오랜만에 쓰는데 유우키님 영상 댓글달때 가이드라인이...!!! 안녕. 반가워라니.. 어른이신분이 이렇게 귀여우셔도 됩니까..?<br>헤헤 앞으로도 행복해주시고 무리하진 않으셔도 되니 가끔씩 소소한 영상만이라도 おめがいします..❤)",False,
@ChangHoMyeong,2018년도 도쿄에 여행 간적이 있었는데 도쿄 타워는 사람들이 많았던 기억이...,False,
@GoldenEastLight,함께 여행한 기분이네요 따뜻하게 잘 봤습니다 감사합니다!ㅎㅎ,False,
@hihiruru6167,도쿄... 월급 받으면 진짜 너무 가보고싶어요..<br>언젠가 다 누려보고싶습니다,False,
@KCM-086,"<a href=""https://www.youtube.com/watch?v=j1g-9kkDokQ&amp;t=516"">8:36</a> 이렇게 보니 여기 날씨의 아이에서 본 것 같은데...",False,
@hanak1029,뭔가 도쿄가 대도시라는게 확 느껴지네요 저도 언젠간 가보고싶어요 시부야 스카이 😇👍,False,
@가시없음,유우키님 bgm 어디서 따오나요 노래가 너무 편안해서 더 듣고 싶어요…,False,
@TTT-nv7rj,작년 겨울에 영상을 처음 봤었는데요.<br> 벌써 1년이나^^,False,
@userchaeyoungkim,오래 기다렸습니다,False,
@손영준-h6k,왔다 내 야덩…,False,
@슈비버거,정치 얘기는 어딜 가나 똑같네 ㅋㅋㅋㅋ,False,
@뷰티송-f1s,오랜만에 영상을 보게 됐는데 늘 그랬듯이 잔잔하고 따듯해서 좋았어요. 감사합니다. 강아지랑 가족분들도 늘 건강하고 행복하셨으면 좋겠어요♡,False,
@jobsang_,와 20분 영상 ㄷㄷㄷㄷ엄청귀해,False,
@halleyhs,"저는 후쿠오카를 여러번 가봤고, 이번에 삿포로는 처음 가봤는데, 어디를 가도 하루만에 가는 것 도저히 무리라고 생각합니다.^^ 최소한 2박은 잡아야지요.",False,
@pje9148,노을은 좀 아쉽지만 시부야스카이 야경 이쁘네요👍,False,
@doge0626,2월에 도쿄 가는데 꼭 시부야 스카이는 가봐야겠네요 ㅋㅋ,False,
@asdf47089,포로가 유우키님만 봐요<br>너무 귀여워….,False,
@julieade8052,포로 꿈뻑거리다가 누어버렸어 ㅠㅜㅜ귀여워여ㅠㅜㅜ,False,
@Sheep_POV,생선정식 식당 제가 도쿄갔을때 방문한 곳이에요 이렇게 보니 반갑네요 자리도 저랑 같은 곳에 앉으신듯 ㅋㅋㅋ,False,
@agdgss,오늘 저기 다갔다왔는데ㅋㅋㅋㅋㅋ<br>너무신기하네용,False,
@이재현-n2o2s,즌다 진짜 맛있음!! 달달구리,False,
@yyyz221,금요일 영상 행벅^^,False,
@sower37,아재들 술집에서 정치얘기하는 건 역시 만국공통 ㅋㅋㅋㅋ,False,
@동물의신,처음부터 포로 귀엽네요,False,
@마법의순록이,수능 끝나고보는 유우키형의 영상은 더 재밋네요,False,
@Yuuki_Japan,고생👍👍,True,@마법의순록이
@etwa1110,너의이름은 고트지...,False,
@swmun8218,회사 근처에도 오셨었네요<br>익숙한 곳이 영상에 나와서 좋았습니다😄,False,
@Spathodea,와 20분짜리 영상!!!! 이정도면 손꼽히는 초장편 같은데 아껴보겠습니다,False,
@박흥민-n4v,초반 브금 무엇인지요..??,False,
@ellen_WA,"<a href=""https://www.youtube.com/watch?v=j1g-9kkDokQ&amp;t=1153"">19:13</a> ㅋㅋㅋㅋㅋㅋㅋ 탈출하겠습니다ㅋㅋㅋㅋ",False,
@user-mi6yv4kv1m,유우키님~~~~ 도쿄관광은 제가 많이가서 잘 압니다 담엔 같이가십시다 ㅎㅇ,False,
@웬디-e2q,포로 넘 커엽다,False,
@_leejaewon,"저도 아침으로 생선구이 정식을 먹었었는데  여기 나오는 하얀. . . 것 이 무 ? 인가요???  <a href=""https://www.youtube.com/watch?v=j1g-9kkDokQ&amp;t=374"">6:14</a>   어떻게 먹는지 몰라서 그냥 먹었는디 유우키님도 그냥 밥이랑 드시는거같네요^^ 맞나요~?ㅠㅠㅋㅋㅋㅋ",False,
@Thoughtcrime.,진짜 극적인 일몰은 구름 사이로 비치는 일몰... 저는 구름 조금 있는게 더 기대 되더라구요,False,
@Thoughtcrime.,특히 구름 많아서 안보여도 잠깐 비칠때가 있으니 끝까지 기다리는게 좋죠. 흐린날에 일몰이 고점은 더 높은듯!,True,@Thoughtcrime.
@북극곰-v2y,자주 영상 올려줘서 너무 감사합니다,False,
@strasbourg8647,"포로 인트로가  심쿵🥰🤩<a href=""UCkszU2WH9gy1mb0dV-11UJg/hm5IY4W-H9SO5QS6n4CwCA""></a>",False,
@SJ_hitk,저희동네(하마마츠쵸)로 오셨네요 ㅋㅋ 다니시는곳 다 눈에 익어서 놀랐네요<br>타누키 식당은 처음봤는데 너무 맛있어보이네요 내일 바로 가봐야겠어요,False,
@test000,다음 러브호텔은 포로랑 함께하는 곳을 기대합니다~,False,
@Manchurians,도쿄타워 우마이 ㅋㅋㅋ,False,
@Kartrider_rushPlus,대 유 키,False,
@쑝쑝쑝-z6p,오구오구 우리포로 졸려요?? 진짜 개귀엽❤,False,
@cherry.77,포로야 ㅜㅜ너무 귀엽다 ❤,False,
@Imzozo-c2y,시부야스카이까지 가서 커플석 예약하고 혼자서 촬영하고 짱구 인형한테 말걸고 샴페인 마시고ㅋㅋㅋㅋㅋㅋㅋ 이게 어떻게 내향인이야,False,
@Bartender18284,오늘 영상 너무 좋네요 ㅎ 귀여운 포로도 보고 아름다운 도쿄도 보고 유우키님 목소리도 들으니 힘든하루가 씻겨나가는것 같네요 ㅎ 감사합니다 😊,False,
@KIMGOMPARK,시작하자마자 포로 졸려서 꿈벅꿈벅하는거보고 바로 터짐 ㅋㅋㅋㅋㅋㅋㅋㅋㅋㅋㅋㅋㅋㅋㅋㅋㅋㅋㅋㅋㅋㅋㅋㅋ,False,
@마적호,안그래도 요즘 도쿄여행가려고 찾아보고 있었는데 유익하고 재밌네요 ❤,False,
@luxsuqquack,항상 좋은 영상 감사합니다🥰🍀 보는 순간마다 마음이 따뜻해져요👍,False,
@Ur_my_hope,오프닝 포로상은 사랑이네요❤❤,False,
@샬럿하트콘,자정 지난 시간 강아지 심히 졸려보이는데 ㅋㅋ,False,
@dorva2fromrorikstead196,시부야 스카이타워 정말 아름답네요. 언젠가 꼭 도전해봐야겠어요 ㅋㅋㅋㅋ,False,
@Fleur.Morgan,ㅋㅋㅋ포롴ㅋㅋㅋㅋㅋ주인지켜보는ㅋㅋㅋㅋㅋㅋ포로한눈빛ㅋㅋㅋㅋㅋㅋㅋㅋㅋㅋㅋ,False,
@이주원-t1y,이형은 돈도있고얼굴도잘났는데 왜여친이..비밀연예하고있을듯😂,False,
@whisperingmania,떴다 내 힐링영상,False,
@Megu1212_,뭔가 묘하네요... 유우키님이 도쿄를 관광 목적으로 가본적이 없으셨다니 ㅠㅠ 먼가 초반에 늦잠잤다고 달려오시는 유우키님 보니까 평소에 일본 문화를 소개해주시는 유튜버가 아닌 진짜 한국인이 도쿄가서 여행하는 유튜버를 보는 느낌..이네요 ㅋㅋㅋㅋ 한가지 목적 때문에 방문한게 아니라 유우키님이 가고 싶은 곳에 가서 즐기시는 영상을 보니까 마음이 따뜻하네요🤭,False,
@taeyoon0811,야무지게 봇한테 댓글 뺏긴,True,@Megu1212_
@이지현-v4p,"<a href=""https://www.youtube.com/watch?v=j1g-9kkDokQ&amp;t=657"">10:57</a> 이건 무슨 애니에요?",False,
@amadeus392,&#39;너의 이름은.&#39;입니다.,True,@이지현-v4p
@JiYeon-b8n,시부야 스카이 저녁 야경이 되게 멋있는거 같습니다 ~ !,False,
@토오루-g7r,오 저도 12월에  도쿄가는데 딱 이코스로 가요 저도 😊,False,
@chaechaerii,강아지보고 귀엽다는 생각 잘 안드는 편인데 잠드는 포로는 진짜 귀엽다….,False,
@무기명-s8j,시부야 스카이라는 곳이 있었네요~~ 아주 멋진 풍경입니다~~ 식당 이름이 신파치라니 은혼이 생각나는군요~~,False,
@이태희-f5v,늦잠잔 짱구 하루종일 잠옷이네요ㅎㅎ 멋진 야경을 덕분에 보네요 감사해요 😊,False,
@끼미사랑,유우키 건강해 포로 사랑해❤❤,False,
@panicatthecesco,포로가 너무 귀엽잖아요❤❤❤😊,False,
@Waldorf-o3n,미미는 요즘 안보이네요!!,False,
@badrhari5143,다음은 나고야 가주실수 있나요? 정보가 그다지 많지않은 궁금한 도시인데😂,False,
@김킴-b4d,신주쿠는 스카이 뷰 꽁짜인데 (2015년 기준),False,
@buzz-ow2zr,어떡해요  노을을 못봐서 제가 다 안타깝네요 ㅠㅠㅠ일본 가본지도 오래되어서 그런지 이렇게라도 보게 되어 감사해요😊(고소공포증이 있는 저는 시부야 스카이 화면만 봐도 무섭네요😮),False,
@nayu7065,저도 도쿄여행 계획하고 있는데 유우키님 영상보고 더 빨리 가고싶어지네요ㅎㅎ,False,
@h1larious,소파 좌석 자리가 중앙이라 너무 좋았겠는걸요 진짜 영상으로 볼 수 있어서 행복합니다,False,
@윤달-w2v,누워서 듣는 포로 너무 귀여워😊,False,
@KkK-v8t,잘봤어요.😊,False,
@이청재-v7t,젊은친구 센다이시민이군요<br>아련히 남아있는 기억의저편 센다이,False,
@호돌이-q3g,저도 시부야스카이 갔었지만 옥상 바람도 엄청불고 춥긴해요 ㅋㅋ 어지간하면 원하는 사진은 못찍으실꺼임 오히려 아래내려가서 창문에서 찍는게 훨 낫습니다 ㅎㅎ,False,
@calming9room,포로는 자주 나오는데 미미가 안나오는 이유가 있을까요? 너무 궁금해요😢,False,
@김아무개-g3p,확실히 일본이 땅도 넓고 스케일이 다르군요! 저렇게 빈틈없이 꽉 들어찬 건물과 집들을 보자니 뭔가 웅장하고 겸손해지는 마음이 드네요! 한국은 뭔가 옹기종기하면서 화려하다면 일본은 무덤덤한듯 웅장한 느낌 ㅎㅎ 좋은 영상 감사합니다!,False,
@공부하는라은킴,포로포로 ㅜㅜㅜㅜ 전에 시부야 록본기였나에서부터 엄청 걸어서 도쿄타워까지 갔던 적 있는데 영상 보니 그 떄 생각나네요.. 길 따라 걷다보니 골목 안쪽으로 도쿄타워 약간 후면?쪽이 나왔는데 예고없이 그 큰 건축물이 갑자기 눈 앞에 있으니 순간 무서워서 ㅋㅋㅋㅋ 한참 못들어갔던 기억…  저도 빨리 바쁜인생 끝나고 혼여행 다니고 싶어요 대리만족 하고갑니다..,False,
@AndreKostolany.,깨알정보: 남산타워는 대북방송을 방해하기 위해 만듬,False,
@최혜원-x8o,아진짜포로너무귀여워………………꼬순내 날거같아………,False,
@MmeppeTV,"<a href=""https://www.youtube.com/watch?v=j1g-9kkDokQ&amp;t=662"">11:02</a> 진격의 유우키🎉",False,
@ililill-o9h,술 너무 많이 드시는거 아닌가요 ㅋㅋㅋ,False,
@mogumogu321,20분짜리!!!!!!!🎉,False,
@꽃여사-o8p,포로 눈빛아련~♡,False,
@davidconner3964,"<a href=""https://www.youtube.com/watch?v=j1g-9kkDokQ&amp;t=525"">8:45</a> ㅋㅋㅋㅋ 진짜 야외 촬영하는 세팅 과정도 보여주세요 ㅋㅋ 1인칭 3인칭 시점에서도 참 쉽지 않은 일인데 대단하네요 ㅋㅋㅋ 제가 저렇게 세팅하고 도시락 까면 소화안될때 여러므로 대단 ㅋㅋㅋ화이팅!!",False,
@MmeppeTV,조리 학교 가야지 가야지 🎉,False,
@얼음보숭이-z6o,날씨좋은날 노을질때 후지산도 같이 보여서 더 멋있더라구요. 항상 유우키님 영상보면 행복해 집니다^^,False,
@이재영-n6r,그런데 우에노역으로는 잘 가시질 않네요? 보통 동북 지역에서 우에노역이 관문이라던데 도쿄역으로 가시네요.,False,
@infoandlife,영상 잘봤습니다~,False,
@애기발자국,유우키님 덕분에 힐링하네요<br>이런 영상 너무 좋네요😮😮,False,
@멘탈관리-r9e,부럽네요. 한달전 예매하고<br>도쿄여행가서 시부야스카이 옥상기대하고 갔는데 폐쇄되서 실내만 구경해서 아쉬웠는데 날씨때문에 은근 옥상구경하기 힘든곳인것 같아요😭,False,
@또용-n4o,유우키님 포로 자주 많이 보여주세요 ㅋㅋㅋ,False,
@나래리링,와! 저 생선구이집 저 갔었는데 유우키님이 가실줄은..^^,False,
@뽀꼬똥꼬,저도 11월 5에 시부야에 숙박하며 저 뷰를 봤는데 반갑네요..😊,False,
@user-LLENN,"<a href=""https://www.youtube.com/watch?v=j1g-9kkDokQ&amp;t=80"">1:20</a> 너무 귀엽네요 ㅋㅋㅋㅋㅋㅋㅋㅋ",False,
@imagirl_03,인트로에서 포로가 유우키님 쳐다보는거 귀여워,False,
@ejshin6814,저도 다음주에 도쿄여행 가는데 좋은 여행 영상 감사히 잘보고가요^^,False,
@새겨울-v9q,오늘 의상 넘 이쁘네요  정장입은 모습만 보다보니 새롭네요 남친룩 같기도 ㅎ,False,
@리준혁kr1,저도 이틀전에 다녀왔었는데... 더 일찍 갈걸 그랬네요,False,
@dlraud2405,힘든 시험 기간 유우키 😢 <br>넘 소중 합니다.,False,
@Imthebestman,유우키아니기랑 갔어야했는데 유유,False,
@Kay87SY,사쿠라 플뤠르 아오야마 묵으신건가? 올해 거기서 묵었었는디 비슷하네유,False,
@positive7,포로 점점 지쳐 가다가 냅다 뒤집어지는 거 너무 귀여워요ㅋㅋㅋㅋ gif 파일 만들고 싶다,False,
@dingdong-fs8bl,시작 영상에 포로 너무 귀엽네요 ㅋㅋㅋ<br>영상 재밌어요👍👍<br>유우키님의 행동력 항상 감사합니다 :)<br>(신조사사게오!),False,
@되니츠제독,"전 하늘나무, 동경탑 가봐서, 오는 여행 땐 도쿄도청과 카논하늘 가볼까 합니다.",False,
@허수로살순없어,"이번 9월에 다녀온 제 첫 혼여행과 동선이 똑같아서 너무 반갑고 그때 기억도 너무 되살아나네요. 보고싶은 이디엠 페스티벌이 있어서 앞뒤 안가리고 쿠팡을 뛴 다음 비행기표랑 호텔을 예매했습니다. 캡슐호텔이 똑같이 하마마스쵸에 있었고, 도쿄타워에 들렀다가 바로 시부야로 향했던 기억이 나네요... 저는 너무 비싸서 시부야스카이는 못가고 옆에 magnet이라는 건물의 고층 라운지로 만족했지만 유우키님 덕분에 대리만족 합니다! 익숙한 하마마스쵸 거리가 보이니 뭔가 반갑기도 하고 도쿄여행 또 가고 싶네요... 영상 감사합니다!",False,
@jihye-jj3yq,올해 1월에 친구들이랑 도쿄 갔었는데 그립네요🥹 시부야 스카이에서 노을 실컷 구경했었는데... 또 가고 싶다ㅠ,False,
@user-ts4oe1qm4u,야식먹으면서 유우키...최고의 선택,False,
@Deaconkay,"<a href=""https://www.youtube.com/watch?v=j1g-9kkDokQ&amp;t=98"">1:38</a> 꾸민 유우키님 저만 처음 보는것같나요? 옷 잘어울려요",False,
@현대_AVANTE_N,포로 ㄱㅇㅇ,False,
@김창완-n2v,유우키님 오랜만에 영상 업로드하셨네요 잘봤습니다 앞으로도 영상자주올려주세요,False,
@songsong6939,6월에 갔던 도쿄가 그립네요. 담번엔 시부야스카이 꼭 가볼께요.,False,
@김성훈-d6i,금요일 저녁을 마무리 해주시는 유우키님~~ 감사합니다!,False,
@nozalove,뭔가 전망대에서 쩔어 소리가 들린 거 같은데 ㅋㅋ 와 그런데 정말 좋네요 도쿄는 자주가지만 시부야같은 인싸 동네는 잘 안가다보니까 관광지 보는 느낌,False,
@uaksjsjejejejeje.wjsjsjej,옛날에 중학생때 처음보고 오늘 일본다시왔는데 후쿠오카 와보니까 제일먼저 생각났던게 유우키님 이네요 옛날에 잘때도보고 그냥쉴때도 보고 학교에서도 몰래 봤던... 기억이있네요 역시 유우키님 이군 지금처음 댓글다는건데 앞으로도 건강 잘챙기시고 행복하세요,False,
@A6543-7,주인하고 대화 나누는게 힘들텐데 <br>항상 즐겁게 잘 끝내고 오시네요 ㅋㅎㅎ,False,
@블루멜론-b3l,유우키님 일본인분들이 여름/겨울에 놀러가는 도시는 어디인가요? 한국은 여름엔 가평 부산 겨울엔 강릉 이런곳을 많이 가는데~,False,
@꽁치-n4g,한 영상에 컨텐츠가 몇개여~~@@ 다음엔 좀 나눠주세요 천천히 먹게..,False,
@Aaasdk1372,오늘도 포로 귀엽네요ㅎㅎㅎ,False,
@gp_4622,유우키와 포로는 사랑입니다😂❤,False,
@TrionNemesis7,"해외라서 곧 출근인데, 퇴근하고 봐야지… 😁",False,
@sujin0507,야경이 너무너무 멋집니다!!<br>저도 호텔체크인하면 걍 누워서<br>쉬고싶다는 생각뿐인데🙄만사 피곤 ㅋㅋ<br>아 영상보니 여행가고싶어요<br>요즘 넘 피곤해서 어디라도 떠나고픈데<br>도쿄야경보니 왤케 멋진건가요,False,
@꽃개-p8d,유우키님 진짜 건강하게 유튜브 오래 해주세요ㅠㅠ,False,
@반영구눈썹문신몬베베,"유우키님! 혹시 <a href=""https://www.youtube.com/watch?v=j1g-9kkDokQ&amp;t=1192"">19:52</a> 에 나온 안주는 츠케모노인가요.??",False,
@스키-g7e,타다끼 큐리 같아요,True,@반영구눈썹문신몬베베
@반영구눈썹문신몬베베,@스키-g7e  그런 걸까요.?! 감사합니다 ~,True,@반영구눈썹문신몬베베
@Shinerun,쓰시는 카메라 이름이 뭔가요? ㅎㅎ,False,
@coscomi,포로❤,False,
@은우옌-b1h,우유키씨 자주 올리세요,False,
@Yuuki_Japan,네..,True,@은우옌-b1h
@MinyoungKim-qi9po,덕분에 시부야스카이 쇼파좌석 있다는걸 알았네요.<br>2월에 가는데 유우키님 동선따라 가봐야겠어요^^,False,
@큼큼이-x6k,이번 영상 처음에 나오는 음악이 뭔가요? 너무좋네요 !!,False,
@IlIlIlIllIIIl,"와 하루만 일찍 갔어도 유우키님 뵐 수 있었는데 너무 아쉽네요 🥺🥺🥺🥺🥺🥺🥺 저도 동시간대 예약했었는데 !! 아쉬운 마음을 영상 보면서 대리만족하겠습니다 ,, 😭😭",False,
@noir1910,"<a href=""https://www.youtube.com/watch?v=j1g-9kkDokQ&amp;t=948"">15:48</a> 짱구 썡깜..ㅋㅋㅋ",False,
@jyj1207,금요일날 유우키님 영상이라니 지친 하루에 힐링이 되는 영상이네요,False,
@msg547,저만의 힐링을 위한 채널인 것 같네요<br>매번 일본 감성으로 힐링합니다 아리가또,False,
@Jcru825,시부야 스카이에서 둘이서 샴페인 마시는 모습이 성공한 남자 유우키 같네요 ㅎㅎ 다음은 오랫만에 겨울에 어울리는 온천을 찾아주세요 ^^,False,
@limoncello0120,오 저도 11월 5일 21시에 시부야 스카이 갔었는데 이런 우연이 있네요 😊😊,False,
@Yuuki_Japan,저 날 추웠죠🥶(시부야스카이가),True,@limoncello0120
@limoncello0120,@@Yuuki_Japan반팔 면티에 가디건 입고 올라갔다가 그 자리에서 얼었습니다 😂,True,@limoncello0120
@AlBBANO1231,초반 포로 뭐야 ㅋㅋㅋㅋ,False,
@hoyoungdoh6941,포로상 이제 나이가 어떻게 되나요? 너무 귀여워요,False,
@Yuuki_Japan,11쨜,True,@hoyoungdoh6941
@kyoungheepark2054,11살이구나 .. 앞으로 더 더 건강챙기자 포로야,True,@hoyoungdoh6941
@만수동-m8y,나... 설마 했는데 ㅋㅋㅋㅋ 역시는 역시군!!!!!!!!!!! 같이 여행 친구 ㅋㅋㅋ,False,
@Ghost_highcalorie,"<a href=""https://www.youtube.com/watch?v=j1g-9kkDokQ&amp;t=14"">0:14</a> 아련 포로..✩<br>고슈진사마를 바라보는 너란 녀석 <br>큽 너무 귀엽자너( ᵒ̴̶̷̥́ ·̫ ᵒ̴̶̷̣̥̀ )<br><a href=""https://www.youtube.com/watch?v=j1g-9kkDokQ&amp;t=76"">1:16</a> 옆으로 몸 기대서 누워있는 것도 모찌스러워",False,
@songahkorea,역시 유우키님 컨텐츠는 편안...<br>감성돋고...<br>금요일 밤 일주일 피로를 싹 날려주는^^,False,
@성이름-h2p7s,시부야 스카이 레이져쇼가 멋있는데 보셨나요,False,
@Yuuki_Japan,안봄!!,True,@성이름-h2p7s
@secondtonone4267,와 2일 일찍 시부야 스카이 갓엇으면 유우키님 영접할 뻔햇네요. 개아깝 ㅠㅠ,False,
@인라,🎉🎉,False,
@noendrun,야경 죽입니다. 가보고 싶네요.,False,
@lunalee2092,포로 눈으로 빨리 자자고 말하고 있어ㅋㅋㅋㅋ<br>얼마 전에 여자친구랑 헤어졌나봐 정도로 생각하고 넘어가지 않을까요? 다들 일하고 구경하느라 바빠서 남 신경 쓸 겨를이 없을듯요.,False,
@th63856,포로 기여워요 ㅎㅎ,False,
@뾱뾱-c9n,오 엄청 길다ㅋㅋㅋ,False,
@Tae_Hap,포로 너무귀엽다,False,
@이진영-j1v,영상보면서 옛날 생각 나서 좋았어요~지금은 많이변했겠죠~시부야랑 도쿄타워~ 담엔 짱구보단 여친이좋겠죠~ㅋ 항상감사해요~^^,False,
@oo150266,포로 ㅋㅋㅋ 눈망울 아련하네 ㅋㅋ포로 귀엽네 옆에서 자는것도 ❤,False,
@dito8546,"<a href=""https://www.youtube.com/watch?v=j1g-9kkDokQ&amp;t=545"">9:05</a> “당신들이 즐거우면 나도 즐겁습니다” 이 말이 참 좋네요. 유우키님 영상은 재밌으면서 동시에 따뜻하고 선함이 느껴져요, 언제나 좋은 영상 감사합니다.",False,
@ojyeg2574,유우키님 항상 잘보고있습니다ㅎㅎ감기조심하시고 항상 일상 공유해줘서 고마워요☺️,False,
@gumagoguma,포로 귀여워ㅠㅠ사랑둥이. 포로야아 겨울이 오고 있는데 감기 조심하렴❤,False,
@DKDCB,요즘 덕분에 힐링합니다! ありがとう ございます!!!🙏🏼,False,
@J.H.-zb9gb,아 여행가고싶다,False,
@헤이즐넛땅콩,추천해주신 오사카 잘왔습니다 오늘도 좋은영상 감사합니다!,False,
@티브이도담,"러브호텔 예약 하셨나요?<br>그날이 얼마 남지 않았습니다,,",False,
@동사-s8z,"뭔가 내가 이상한 느낌이 드는 요즘인데. 유우키님 영상을 보면서도 앜 독특하구만 싶으면서도 좋았는데, 나도 이상해도 괜찮단 느낌이 들어서..하하. 행복하세요",False,
@mychu_,"<a href=""https://www.youtube.com/watch?v=j1g-9kkDokQ&amp;t=1"">0:01</a> 인트로부터 귀여운 포로 ❤❤❤",False,
@narunarubong,포로 너무귀엽닷 ㅋㅋㄱ 왠쥐 유우키님이랑 닮았을거같아요 ㅋ,False,
@던린이여우리디머,유우키님도 감기 조심하세요 그리고 포로쨩도 건강 잘 챙기렴,False,
@나나-h8s9m,처음부터 공개하세요ㅋㅋㅋㅋ<br>중간에 공개하기 있기 없기 ㅋㅋ,False,
@NAYEONGOH-cp5jf,우왕 저 곧 도쿄여행가는데 루트대로 따라가겠습니다!❤,False,
@orchid_petal,와우 저도 정확히 유우키님이 헤맸던 시부야역 그 장소에서 다음날 헤맸습니다. 거기 정말 미로 같더라고요.,False,
@Ariel-b2e,다 커플인데 혼자서 커플석에 가다니 용기가 대단하다,False,
@qasdasd23,시부야 스카이 개방감 미쳐서 진짜 좋음,False,
@mungmooong,"안그래도 가보고싶었는데 이렇게 유우키님이랑 랜선으로 야경을 구경하다니,,, 행복해지네요❤️‍🔥❤️‍🔥",False,
@2ttitude,"<a href=""https://www.youtube.com/watch?v=j1g-9kkDokQ&amp;t=656"">10:56</a> &quot;너의 이름은&quot;에 나온 장소는 신주쿠입니다.ㅎㅎ<br>영상의 장소 주변은 &quot;주술회전 시부야사변&quot;에 많이 나옵니다.",False,
@0R0SI,딱 1년전에 도쿄 여행 다녀왔는데 그때 기억이 새록새록 나게하는 영상이네요 ㅠㅠ 그때도 도쿄타워 시부야스카이 도쿄역 보고 왔는데 다 밤에 가서 야경으로 봤어요. 도쿄타워는 시바공원에서 봤는데 오모테산도에 있따가 저녁먹고 시바버스(개귀여움)타고 시바공원가서 타워보면서 시간보내고 ㅋ 시바공원 분위기 감성 너무 좋았습니다. 삼삼 오오 모여서 웃고 떠드면서 사진찍고 여고생들 공놀이 하면서 꺄르륵 웃는 소리가 너무 듣기 좋았어요. 시부야 스카이는 오후에 올라가서 노을보고 야경보고 줄서서 사진찍고 ㅋㅋ 야경도 역대급이었습니다. 도쿄는 진짜 몇번을 더 가봐야 해요 ㅋㅋㅋ,False,
@jhoonlee1106,도쿄에 거의 한달동안 있다왔는데 저기 예약안하면 이용못해요  <br>매번 売り切れ때문에 가보지도못했음,False,
@Yuuki_Japan,넹 인터넷예약필수ㅎㅎ,True,@jhoonlee1106
@하피바라의일본정착기,논베이 요코초 다녀오셨군요! 저도 가끔 가는데 유우키님 영상에 익숙한 곳의 영상이 나오니 신기하네요ㅎㅎ불금에 잔잔한 영상 감사합니다!😋,False,
@똥잼-o7q,"<a href=""https://www.youtube.com/watch?v=j1g-9kkDokQ&amp;t=270"">4:30</a> 아...힘내세요 아로**보면서  화이팅  하새요",False,
@이승현-e9u8e,형 다음엔 여친데리고 가자,False,
@또바기-g2r,일본뉴스에서 AI가 호텔값 올려서 보여준다는 한국뉴스를 봤어요..! 많은데는 못가봤지만 전 나가사키가 조용하고 작은?데 있을거 다 있고 좋더라구요! 제 인생뷰도 오사카 공중정원 이였는데 내년에 도쿄 가서 한번 봐야겠어요!,False,
@cuma_0913,지친금요일에 유우키님 영상으로 힐링이라니ㅠㅠ 너무나 행복해서 에너지 충전 완료입니다🥰,False,
@Eyeseyese,포로❤,False,
@T_for_food,신죠오 사사게오!!!! 저도 인생애니입니다 ㅎㅎㅎ,False,
@jonghoonlee951,우유키님 영상 잘보고 있습니다 11월 22일 현재 센다이 역 근처 워싱턴 호텔에서 시청 중입니다. 센다이 느낌이 히로시마랑 비슷하네요. 앞으로 영상 많이 올려주세요!,False,
@Yuuki_Japan,앗 재밌게 놀다가세요😊,True,@jonghoonlee951
@jonghoonlee951,@@Yuuki_Japan 감사합니다!! 센다이 날씨가 많이 선선하네요 건강 유의하세요!!,True,@jonghoonlee951
@Thsgmdals7,"포로!! 너밖에 안보여!!ㅎㅎㅎ 옆에 착붙, 넘 사랑스럽!!❤❤",False,
@Naoko3000,시부야 스카이 저도 가보고 싶네요~~ㅠㅠ 앉아서 한잔 하면서 감상할 수 있게 돼어 있는게 넘 멋지네요~😍,False,
@hellion4477,와 시뷰야 스카이 뷰 좋네요 ^^,False,
@naomikang1339,저도 이번 2월 갑니당 시부야스카이ㅎ,False,
@d.h3855,오프닝 때 포로 졸린가봐.. 유우키님 옆에 착 붙어서 누워서 자는거 너무 귀엽자나.. 🫶🏻💕,False,
@가만안도-l3g,"<a href=""https://www.youtube.com/watch?v=j1g-9kkDokQ&amp;t=809"">13:29</a> 익숙한 우리나라 말이….. “으 추워”",False,
@roykim5048,바람 쩔어..😂,True,@가만안도-l3g
@고구마-s4e,야경 너무 예쁘네요~!! 유우키님 영상을 약간 술안주(?)느낌으로 잘 보고 있어요ㅋㅋㅋ,False,
@혜혜혜-d8i,우왕 9월에 도쿄갔는데 시부야시카이를 못가서ㅜ너무 아쉬웠었는데 진짜 조으네용❤,False,
@짐승녀-o5p,ㅠㅡㅠ틀자마자 포로 심꿍🥺🩵흐아아아ㅏ,False,
@dovek3351,시부야스카이 2인석 이면 포로 데리고 가서 옆에 앉혓 으면 햇는데요.<br>다음에 동경 가면 도전해 보겠습니다,False,
@jwj1206,잘 보고 있습니다. 덕분에 오랫만에 토쿄 구경했어요,False,
@Jeong-l8r,불금엔 유우키 ❤️‍🔥 아 역시 재밌다 귀엽다 편안하다 매력있어<br>다이몬쪽에서 도쿄타워 보러가는 코스가 제 여행 코스랑 같아서 반가웠어요! 올해 얼마 남지 않았는데 따뜻한 겨울 나세요 🎄,False,
@Yuuki_Japan,후원 감사합니다! 불금 잘 보내세요♨️,True,@Jeong-l8r
@금지접근,포로완전귀여웡~~,False,
@moon.jaeang,난 고소공포증 이었서 그런지 시부야스카이 무서웠음ㅋㅋ❤❤,False,
@moriaan2115,시부야  스카이를 아직 못보셨군요 ..,False,
@mochi_0408,2024 러브호텔도 기대하겠습니다.,False,
@gobackloadk6791,이거지,True,@mochi_0408
@userdkssud,ㅋㅋㅋㅋㅋ,True,@mochi_0408
@mimi--1004,기대기대,True,@mochi_0408
@thunderstorm4682,이거궈든~,True,@mochi_0408
@코코-y8c7o,ㅋㅋㅋㅋㅋㅋㅋㅋㅋㅋ,True,@mochi_0408
@치킨-t8s,항상 감사힙니다,False,
@djw8678,포로가 말을 조리있게 잘하네요,False,
@ConnorLee-q3y,오늘 도 즐겁게 잘 봤었습니다~항상 응원합니다~,False,
@koyang_ee,"영상 초반 유우키님 뱃살이 너무 시선을 끌어요 ㅋㅋㅋ<br><a href=""https://www.youtube.com/watch?v=j1g-9kkDokQ&amp;t=193"">3:13</a> 유우키님이 어떻게 생겼는지 그림자로 너무 잘보입니다!!",False,
@ming-g8x,"<a href=""https://www.youtube.com/watch?v=j1g-9kkDokQ&amp;t=18"">0:18</a> 포로 졸려<br><a href=""https://www.youtube.com/watch?v=j1g-9kkDokQ&amp;t=79"">1:19</a> 포로 기절",False,
@jungjh5,즌다 쉐이크도 진짜 맛있죠<br>&quot;너의 이름은&quot; 제게도 최애 애니 입니다,False,
@kevinkorea,영상 초반 포로 졸긔 ❤,False,
@cuni0404,도쿄 여행중 보는 유우키의 도쿄 여행이라니 이거 귀하네요,False,
@gugu-pomeranian,저도 다음주 목요일에 친구랑 추리닝입고 편하게 일본 후쿠오카 다녀오려고 하는데 유우키님 코스도 가보려고욤 기대기대,False,
@jeongpark3212,나이들면 꼭두새벽에 눈 떠져요. 유우키는 아직 이팔청춘인걸로.😊,False,
@Pippi001,이틀후에 도쿄 가는데 유우키님 오늘 영상 참고할게요 ❤❤❤아리가또❤❤❤,False,
@미국고양이-d2u,주술회전 나오는 시부야 사변 ㅎㄷㄷ,False,
@1212kairos,오~~~<br>유우키님 덕분에 시부야 스카이 구경 잘 했어요<br>한번 가보고 싶다,False,
@TAR5899,시부야 스카이에서 질문마다 혼자시죠? 이게 왜이리 슬프죠ㅋㅋㅋㅋㅋㅋㅋㅋ,False,
@Yuuki_Japan,😭,True,@TAR5899
@cwnam9342,나도 좀 데려가라아아아아아아앙!!!!!,False,
@alskdkfhgh,오기 직전에 여자친구한테 차인줄 알겠지 저기 직원들은 ㅋㅋㅋ 유우키를 향한 따뜻함이 느껴지네요,False,
@whatssu-travel,앜ㅋㅋㅋㅋ ㅠㅠㅜㅋㅋ,True,@alskdkfhgh
@km5013,수상하게 좋은 자리를 배정받은 솔로 입장자 ㅋㅋㅋㅋㅋㅋㅋㅋㅋ,True,@alskdkfhgh
@leedonghyeon7781,현실: 혼자 왔으니 망신 당해보라고 가운데 배정해줌. 나머지 사람들이 다 볼 수 있게. 통수의 일본이라면 충분히 가능한 이야기.,True,@alskdkfhgh
@lgh0526,작년에 시부야스카이 갔었는데 구름껴서 노을 못본게 생각나네요ㅋㅋ 날씨의 아이에 나오는 노을을 기대했었는데 너무 아쉬움ㅠㅠ,False,
@warehousecat,내가 유일하게 구독 채널 중 10초 넘김안하는 채널이 여기요.....,False,
@jms4245,저는 작년 여름 낮에 도쿄 시부야 스카이 갔었는뎅 ㅎㅎ 저녁에 가서 야경도 보고싶네요💜 사랑하는 사람과 같이 가면 정말 로맨틱할듯🥰,False,
@승희이-r9x,덕분에 도쿄 시부야 야경 잘 봤습니다.,False,
@jodddak,포로 너무 귀엽다 헤에… 도쿄 여행 영상보니 가고싶어요🥹,False,
@2002가재,피엔이다,False,
@jonkim6875,포로 개 졸리는데 옆에서 주인이 말하고 있으니까 못 자는 느낌 ㅋㅋㅋ 귀엽누 ㅋㅋㅋ,False,
@빵쟁이-j4z,일본 가고싶다..,False,
@에구-b5r,캬 진짜 힐링이네요🎉,False,
@hachihuchu,유우키님의 시부야스카이 궁금해서 들어왔는데 살던동네를 유우키님이 지나가니 왠지 몽글몽글해요😂,False,
@YE_yoyo,포로로🥰,False,
@예슈화귄카,요즘 패션에 관심이 생기셨나요?! 평소에 못 보던 스타일이라 깜짝 놀랐어요! 🥹,False,
@은정이-n8r,내가 여행간 느낌 야경 넘 멋졌어요<br>영상 감사해요❤❤,False,
@JennieChoi-f2u,포로 귀여워요 ㅎㅎ 옆에서 이야기 듣다 자는 ㅎㅎ,False,
@정영현-u4x,언제 한 번 기회가 되신다면 유우키씨가 클래식 바에서 양주 먹방 하는 모습을 보고 싶습니다. 긴자는 너무 비쌀테니 다른 동네라도 좋습니다.<br>나이든 멋진 할아버지 바텐더가 있는 곳이면 좋겠네요. <br>칵테일과 위스키를 샷으로 드시는 모습이 보고 싶습니다.,False,
@Yuuki_Japan,참고할게요🙇,True,@정영현-u4x
@binull_full,아니… 저도 11월 5일에 도쿄타워 갔는데<br><br>현실갱 할 뻔했네요 ㄷㄷ 까비아깝소,False,
@eaststarkey3875,"오늘 회사 일때문에 스트레스 많이 받았는데 “아쉽게도 오늘 시부야 날씨가 흐림인데, 아직까지는 맑아서 괜한 기대도 해봅니다“ 라는 멘트 보고, 이런 낭만이 있는게 삶이지 라는 생각을 해봅니다. 제대로 위로받고 가요!!!😊",False,
@kyoungheekim1840,도쿄 도심지가 서울특별시 크키만큼 큰 도시에요. 도쿄도의 크기는 서울특별시 2.5배 크기랍니다. 도쿄가 엄척 큰 도시에요.,False,
@잭뎁,아이자와는 사랑입니다,False,
@iiiiill1101,와! 담주에 도쿄 가는데 이렇게 딱! 넘 반갑네요! 특히 포로.. 사랑둥이..❤ 포로와의 팬미팅 못하나요😂,False,
@nuyh-d6j,퇴근하고 와서 힘들었는데 유우키님 영상으로 충전하네요~😊 항상 감사합니다!,False,
@jmieum_1172,포로 눈가가 촉촉,False,
@juns5567,유우키님 워커 신으신거 처음오는데 엄청 잘어울리시네요!!!,False,
@그랑블루-f8y,포로 댕청미 넘나 귀욥❤유우키님 인생 첫 도쿄 여행기라니 🎉,False,
@푸릉-u9b,유우키님 영상볼때는 나의 힐링시간^^,False,
@무희-w5g,"<a href=""https://www.youtube.com/watch?v=j1g-9kkDokQ&amp;t=670"">11:10</a> 유우키님 실망입니다...진격거가 최애라고 하시더니... 손이 틀렸습니다...실망입니다.... 유우키님이 킹반인이었다니",False,
@일본좋아하는,유우키님 목소리 좋아요 유우키님 짱 오 시부야 일본꼭 가고싶은데 ㅠㅠㅠㅠ 아직 못가요,False,
@Hambak-Island,한국말 들리는거보소 ㅋㅋ,False,
@dropps5505,마지막 보고 말씀드리는데 일본에 재일교포도 그렇고 부모중 한명이 한국인이었다던지 한국과 연이 있는 분들 1년 동안 일본살면서 많이 뵈었어요 저도,False,
@숑숑-e4h,재밌게 잘 봤어요!!😊,False,
@finlay_gorman,너의 이름은 진짜 몇년 지난 아직까지도 가장 좋아하는 영화.. 처음 본 날 새벽에 그 심장이 두근두근 뛰던 느낌이 도저히 안 잊혀짐,False,
@한영25,다음에 한국오시면 남산말고<br>북악스카이웨이 라는 곳도 야경이 예뻐요,False,
@Alice-...,시부야 스카이 너무 멋진 곳이네요 좌석도 너무 좋구요🎉🎉,False,
@shp4935,항상 잘 보고 있습니다!😊😊😊,False,
@귀여운로또,시부야 스카이는 음... 서울로 치면 대략 롯데시그니엘?? 타워쯤 되는건가요?  도쿄타워는 남산타워? 꼭 맞진 않아도 <br>대충 그런 느낌인건가 싶어서요. 잘봤습니다. 일본 한번 놀러가보고 싶네요.,False,
@맴매미-n5r,유우키님 여친 사귀셔야죠.    일본이야기 2기는 연애사.   3기는 가정사.를 다루기를 바래요 ㅎㅎ   올해도 잘마무리 하시고  내년에도 행복하시길,False,
@내친구징징이,영상 보니까 도쿄 혼자 놀러갔던 기억이 나네요 저도 시부야 스카이 찾는데 한참걸림ㅋㅋㅋㅋ,False,
@티끌모아파산-z4p,도쿄 추울텐데 영상 찍어주셔서 감사합니다❤,False,
@규진규진,"<a href=""https://www.youtube.com/watch?v=j1g-9kkDokQ&amp;t=657"">10:57</a> 다른거야 똑같은 줄 알았내",False,
@주둥나불,"마일리지 소진하러 센다이 경유해서 삿포로갑니다 센다이로만은 부족한것 같기도 해서 일단 감사합니다<br>전 스카이, 도쿄 다 가봤어요ㅠㅠ 영상 보며 수정하는",False,
@Yuuki_Japan,재밌게 놀다 가세요😄,True,@주둥나불
@Downy_PERFUME,오이음식을 편의점에서 구매할수있는게  놀랍네요,False,
@dhfviagbqwaiugbwqaiugb,포로 유우키 다리 붙잡고 누워있는거 진짜 졸귀 ㅋㅋㅋㅋㅋ,False,
@user-s7a1b78ri3na,일본에 살면서 도쿄 여행이 처음이라니...서울 살면서 인천 한번도 안 가본 느낌이려나..,False,
@김현호-h1z,야경이 4k가 아닌게 아쉽네요 그래도 야경뿐만 아니라  일본 현지 느낌도 같이 있어서 정말 여행갔다온 기분이네요,False,
@찌개댄장,ㅇ포로 귀엽다,False,
@james17172,시부야스카이..<br>김세정누나께서 좋아하실만한<br>명소구만유 ㅋㅋ,False,
@gpffhdn874,일본 생선 정식이 8000-9000원대라니...합리적이네요,False,
@user-teoU7sy8e,돗토리에 살고 있습니다. 재밌게 봤습니다 :),False,
@피망체조-s9j,아니 어쩐지 안 본 영상이다 했는데 50분 전 ㅠㅠ 도쿄 여행 다녀온 거 생각나서 너무 좋아요❤,False,
@MJ-yf8xb,일본 한번도 못갔자만 덕분에 저도 일본여행하는거 같아서 늘 재밌게 잘보고있어요😎😎,False,
@gpffhdn874,둘이서 왔다고 하고 짱구랑 소곤소곤 얘기하는거 빵터졌네요 ㅋㅋㅋㅋㅋㅋㅋㅋㅋㅋㅋㅋ,False,
@snow-lg6qq,"<a href=""https://www.youtube.com/watch?v=j1g-9kkDokQ&amp;t=723"">12:03</a>~~ 옆자리는 저희 구독자들 모두 한번씩 살포시 앉아보는 걸로🫶 상상속에서🤣",False,
@Alice-...,오 포로 눈이 촉촉해❤,False,
@2bbbbuni,아싸 볼거생겼다❤,False,
@체리향나무,유우키형이랑 결혼할랭,False,
@쿠로사키슌-n9n,항상응원해요  날씨추우니까 옷따뜻하게입으세요,False,
@ilovescience6442,영상 감사합니다 ❤,False,
@jyjy7996,시부야스카이에서 캬 한잔. 성공한 인생이십니다,False,
@안녕-o4n4h,항상 감사합니다❤,False,
@shrew._.76,시부야 처음 갔을때 모르고 예약 안하고 갔다가 표 매진되어있어서 시부랄 스카이가 된 기억이..,False,
@userid5362,좋은 영상 감사합니다!! 저도 3월에 도쿄 가는데 시부야 스카이 소파 좌석 한번 경험해 보고싶네요!,False,
@Yuuki_Japan,1달전부터 예약가능하니까 2월쯤에 예약사이트 보셔요,True,@userid5362
@h1larious,요즘 많이 추워져서 그런지 코타츠 열차 영상이 생각나는군요,False,
@hyunjong1981,기차로 집가면서 시간 보내기 딱 좋은 영상입니다! 감사해요,False,
@우진문-n6e,극I 유우키 상의 혼자 여행실력이 점점 느는 것 같네요 ㅋㅋ 그리고 늘 느끼는 거지만 얼마나 크신 건지 상상이 안 가는 그의 위.. 참 대단해요😂,False,
@야아호오,"<a href=""https://www.youtube.com/watch?v=j1g-9kkDokQ&amp;t=75"">1:15</a> 아 진짜 포로 초반부터 졸려서 눈 계속 감기더니 유우키님 옆에 찰싹 달라붙어서 누워있는 것 좀 봐,,, 미쳣다,,,,,,,, 너무 귀여워ㅓㅓ🥹🥹😭😭🥹🥹😭😭 코 콱 깨물어서 옴뇸뇸해버리구 싶다🥹🥹🥹🥹🥹",False,
@DanielDaewoong,저는 도쿄 3번가봤는데 ㅋㅋㅋ 롯본기 모리타워도 가보세요^^ 겨울에는 따뜻한곳에서 야경보셔야죠 ㅋ,False,
@svt-carat0326,안녕하세요 날이 점점 추워지는데 감기 조심하세요 ❤,False,
@토토로-g8s,교동초등에 다녔던 용남아 나 그날 선생님한테 조퇴맡구 수업책 싸고 너 들어오는거 보구 나갔던 거야~. 갑자기 내 최애 애니&quot;날씨의 아이&quot;라서 .... 어린시절 추억이 새록새록 생각이 나는 저녁밤 이네😂. 그날 니가 소리쳤지. &quot;너어디가 ~~~. 너. 왜가~~~. 뒤도 돌아보지 않고 난 운동장을 가로질러 교문으로 향했지 계속 니가 생각이 나는구나. ~~,False,
@동글이와나나,불금엔 역시 유우키님이죠❤저도 올해 여름 도쿄 여행을 다녀왔었는데.. 더운날씨 때문에 아쉬움이 많았었어요😢 유우키님 덕분에 영상 보며 대리만족 합니다🥰,False,
@sksksks-u2w,항상 감사합니다,False,
@hhh0924,포로 옆에서 열심히 졸려하는거 너무 귀엽다.. 꼬순내 날 것 ㄱ탕아,False,
@andoitsune,연속 업로드 모야모야 고맙습니다😂,False,
@화이팅해쥬쟈,포로와의 일상도 너무 궁금해요😮😮😊,False,
@Jyutocky2222,이게 힐링이구 너무좋네요,False,
@김정혁-n8p,유우키님도 감기조심하세요,False,
@MyBottle-du3ec,노을 지리던대~~😊,False,
@Mingkiki,이야~야경🥹 살다살다 인형이 부러운건 첨이네😮‍💨ㅋㅋㅋ 포로야~.ᐟ.ᐟ♡,False,
@minasemaria,유우키님 감기조심하시고 건강하세요😁❤❤,False,
@냥코센세-u1c,너무 근사하네요.혼자라도 멋진 여행 다니시니까 부럽습니다.,False,
@CLY0225,오!! 일본 여행 계획중이었는데 타이밍 좋게 유우키님이 등장하다니요!! 이것은...행운이다,False,
@시마린-o9g,와 도쿄는 언제나 봐도 좋네요.. 시부야 스카이 전망과야경이 아름답네요.. 일본도시는 언제나 좋아요..,False,
@박예린-o5u,초반에 포로가 유우키님 옆에서 꼭 붙어서 자는거 너무 귀여워요~~~그리고 지각으로 시작하시는 유우키님 여행ㅋㅋㅋㅋㅋㅋ❤,False,
@dailymonange,숨겨서 죄송합니다 할때부터 장난같았음 ㅋㅋㅋㅋㅋ,False,
@무무루루-m2c,7시20분까지 약속 장소(센다이역)에 나오는것도 대단,False,
@RICKPP-k2c,늙으면 아침잠이 없어집니다 ㅋㅋㅋ 유우키의 시간은 거꾸로가나봐~,False,
@YURA-h7w,불금이라 친구들못만나서아쉬웠는데 유우키님 영상바로올라고나서 행복하네요😊 오늘두영상잘보고갑니다👋🏻 다음영상때또봐요✌🏻,False,
@밤바,오늘도 기다려써😊,False,
@김아씨-y4g,영상 초반 포로 점점 노곤해지는게 너무 귀엽네요ㅋㅋㅋㅋ,False,
@sabyeokfika,"<a href=""https://www.youtube.com/watch?v=j1g-9kkDokQ&amp;t=271"">4:31</a> 유우키 숨겨진 애인 드디어 공개",False,
@피글렛-g3m,볼때마다 편안한 유우키님 영상~ 12월에 일본 놀러갑니다요~ ^^ 센다이는 못가지만 유우키님 생각하며 재밌게 놀다와야겠어요,False,
@abcd-v9s-s5k,늘 느끼지만 말하는 것만 봐도 참 요즘 시대흐름과 다르게 순박한 분인거같음 자극적인 컨텐츠들에 피로도가 높아져서 이렇게 불편하거나 자극적인거 없이 잔잔하고 편하게 볼 수있는 채널이 이제 귀해진듯,False,
@user-id6eq4rf2e,잔잔한데 재미없지도 않고 재밌어서 너무 신기한 채널,True,@abcd-v9s-s5k
@에다마메,술 너무 느신거 같아요 ㅠㅠ,False,
@man6225,우와.. 저번주에 도쿄 4박5일로 혼자 다녀왔었는데 영상보니깐 또 가보고 싶네요ㅠㅠ,False,
@무무루루-m2c,유우키 영상이다❤❤,False,
@shu4500,유우키님 영상보니 힐링되네요 💙,False,
@chw9003,출발할때 기차표는 왜 두장 이죠~? <br>마사카...? 왕복?,False,
@Yuuki_Japan,센다이역에서 끊는 신칸센표는 항상2장이더라구용 !,True,@chw9003
@chw9003,@@Yuuki_Japan 휴우~ 요갓타 <br>댓글 감사드려요 영광입니다ㅎㅎ,True,@chw9003
@sabyeokfika,예전 영상 보고 있는데 딱 새 영상이 올라오다니..!! 너무 기뻐요,False,
@seasonl8145,❤,False,
@kjkljlkjlkl,오사카 공중정원 처음엔 야외데크 있는지 모르고 아니 이게 1500엔이라고? 돈아깝네 했었는데 야외테크 있는거 알고 올라가보니 1500엔이 하나도 안아까웟다,False,
@dieis6kxhf3,소파 좌석이 탐났던게 아니라 언제나처럼 커플뽀개기컨텐츠아님?ㅋㅋㅋㅋㅋㅋㅋㅋ,False,
@편한밤,"유우키님, 이석증이 1년만에 두번째 와서ㅠ 이번은 특히나 심해서 2달 정도는 안정을 취해야지 또 재발한다고 조심하라고 하네요. 워킹맘인데ㅠ 피곤하지 말라는데 허허. 뛰지도 말고 수영도 하지 말라고 하니 이렇게 보는걸로 만족해야겠어요. 젊고 건강할 때 즐기세요!🎉",False,
@kjkljlkjlkl,혹시 비타민d 안드시면 비타민d 드셔보세요 저도 몇년전에 이석증 한번와 가지고 비타민d 열심히 먹으니까 여태껏 이석증 재발 안하고 있어요 도움이 될까해서 댓글 남기고 갑니다 이석증 발작오면 너무 힘든거 아니까...,True,@편한밤
@편한밤,​​@@kjkljlkjlkl 감사합니다. 안그래도 비타민 d 주문했습니다! 이석증베개도 사고요. 진짜 구토하고 앉지도 서지도 못하겠더라고요. 지옥이 따로 없는. 입원하라는데 병실이 없어서 입원을 못했어요 요새 병원들이 의사들이 부족하니 중형병원이 환자가 많더라고요ㅠ 검사실에서도 양쪽귀가 급성으로 이렇게 심하게 와서 걱정이라하셨는데 다행히 좀 나아졌네요. 나이가 듦에 따라 몰랐던 병들이 생기니 몸과 맘이 움추려듭니다. 걱정해주셔서 진심으로 고맙습니다.😊,True,@편한밤
@꾸엥이-x1e,영상❤,False,
@Hubble_j,아... 인트로만 봐도 힐링된다요❤ 포로 세젤귀,False,
@호시기-i3j,포로 옆에 착붙한거 너무 귀여워요,False,
@_yeahzz,탈출하겠습니닼ㅋㅋㅋㅋㅋㅋㅋㅋㅋㅋ 빠른튀튀,False,
@서윤진-d5d,내일 출근이라 기분 안 좋았는데 기쁨의 댄스를 추게 됩니다…🫶🏻,False,
@happyhamster5252,"<a href=""https://www.youtube.com/watch?v=j1g-9kkDokQ&amp;t=77"">1:17</a> 포로 진짜 왤케 귀엽죠ㅠㅠ😻",False,
@starboykorea4331,너네 지역 선물 좀 사서 유튜브 나오는 사람들 선물 좀 줘라 코노 쿠소야로야,False,
@imsepin,응너나ㅗ,True,@starboykorea4331
@젠슨황의탁구시간,"<a href=""https://www.youtube.com/watch?v=j1g-9kkDokQ&amp;t=1162"">19:22</a> 일본이 공산당 할거야? 안할거야?가 실제로 선택이 가능한 나라라는게 갑자기 실감되네요..ㅋㅋㅋㅋㅋㅋㅋ",False,
@tonyh2113,도쿄 올해 3번 밖에 못가서 너무 아쉬워요. 시부야 스카이 갈까말까 항상 그랬는데 영상보니 다음에 도전 해봐야겠어요.,False,
@renoir271,포로 계속 쳐다보는것좀 봐요❤❤❤,False,
@kkilkkie8640,유우키 영상은 역시 좋아요,False,
@Jooniee3340,존나 큰거 왔다 ㄷㄷ,False,
@tofogjy,야경도 예쁘고요 / 골목길도 예쁨요 😊👍,False,
@marsen1,포로 귀엽...,False,
@금상첨화,하레온나 부르셨어야죠 ㅋㅋ,False,
@추울땐코코아,"<a href=""https://www.youtube.com/watch?v=j1g-9kkDokQ&amp;t=1168"">19:28</a> 유우키형이 음식남기는거 첨봤어요..😢",False,
@happyhamster5252,"<a href=""https://www.youtube.com/watch?v=j1g-9kkDokQ&amp;t=96"">1:36</a> 지각한 와중에도 달려오는 장면 촬영하시는 유우키님 귀여워요ㅋㅎㅋㅎ😂",False,
@sunny-xj9km,요새 유우키님 영상에 빠져서 천천히 정주행 하고 있어요😊 찌든 직장생활에 낙입니당,False,
@언옹-j5z,도쿄타워는 안 가봤어도 도쿄 러브호텔 못 참은 남자,False,
@오잉-p5c,영상  잘 볼게용~~~~!,False,
@현매반영,올해도 고생하셨습니다~ 유키님 내년에도 본업 충실하면서 영상 마니 올려주세여!!,False,
@Tiramisu_Killer,진짜 도쿄가면 제일 가고 싶었던 곳인데..!! 매번 인스타에 릴스랑 친구들 스토리에 올라오는 거 보고 항상 아쉬웠는데 이렇게나마 간접체험해보네요😊,False,
@김웅배-e6f,감기 조심하세요😊 포로 귀여워요❤❤❤,False,
@seidndkskh12,옷 이뻐요!!,False,
@구진아-d1p,20분 ㄷㄷㄷㄷㄷ 극락행❤❤❤,False,
@뚜-x1b,우와아아아 영상 잘볼게요♡,False,
@mingdooooong,금요일 칼퇴하는 길에 보는 유우키... 고마워요. 도쿄에 또 가고싶어졌어요 ❤,False,
@kawaii_suzi,포로 유우키님 옆에 꼭 붙어서 자는거 너무 귀여워..ㅜㅜ,False,
@KillBill28,포로 너무 무해하게 생겼음ㅋㅋㅋㅋㅋ 눈이 8시 20분이야ㅠㅠ,True,@kawaii_suzi
@메그놀리아-q1l,ㄹㅇ 너무 커여워요..,True,@kawaii_suzi
@ywk9454,착하고 예쁜 포로...🤍,True,@kawaii_suzi
@girlgura323,포로 시간흐름에 따라 점점 눈감기고 붙어서 몸 눕는게 ㅋㅋㅋ,True,@kawaii_suzi
@JazzPianoseungjun,오늘도 영상 잘 보겠습니다 😊,False,
@대타맨,저도 작년11월에 도쿄 시부야 스카이 갔엇는데 유우키님도 가서 뭔가 동질감 느끼네용.  <br>작년에 갔던데 가시니까 신기신기!,False,
@Yuuki_Japan,노을 보셨나요😂,True,@대타맨
@김나현-m9h6c,금요일 하루의 마무리를 이런 귀한 영상으로 끝내니까 덕분에 하루가 행복해졌어요!! 유우키님 언제나 홧팅!,False,
@말하는감자-l3k,"<a href=""https://www.youtube.com/watch?v=j1g-9kkDokQ&amp;t=718"">11:58</a> 짱구를 꺼내셨어야져",False,
@GUGUGO21,포로 ㅜㅠ 오프닝에 시선강탈이네여 ㅋㅋ 코 잠드는게 너무 귀여워요 ㅋㅋ 그리고 지각으로 시작하는 유우키님 여행 ㅋㅋ,False,
@박성준-g7m,"본캐 부캐, 으로 열심히 올려 주시느라 감사합니다!!🥲 덕분에 영상 잘보고 있어요!",False,
@chanwoolee7599,센다이 즌다쉐이크 맛잇죠 어재귀국햇는데 센다이또가고싶다 ㅠㅠ,False,
@수딩샘,늦은와즁에 늦은거 보여주려고 하는 노력쿠..스고이해용!!!ㅎㅎㅎ,False,
@LUMINOX.,아싸 🎉❤,False,
@msh2941,불금에 영상이라니!!😊,False,
@뿌롱,"<a href=""https://www.youtube.com/watch?v=j1g-9kkDokQ&amp;t=80"">01:20</a> 갑자기 포로 누워있는거 ㅋㅋㅋㅋㅋㅋㅋㅋ",False,
@별명맨두,아 ㅋㅋㅋㅋ 저도 보고 귀여워서 ㅋㅋㅋ,True,@뿌롱
@신효범며듦,시부야 스카이 다이스키~✨🔥,False,
@DvFaust,포로... 너무 애잔하게 바라본다.. 결국 지쳐 잠드는,False,
@rikka06120,영상 자주 올려주셔서 감사합니다,False,
@따뜻한아아주세요,포로 귀여워!!,False,
@simonk906,나는 왜 시부야 스끼야끼라고 읽고 들어왔을까,False,
@박진호-d2b,10분전이네,False,
@yoruriyathoo,샴페인잔 야무지게 붙잡았누!,False,
@ziodeka127,자 이체 외쳐보세요. 무량공처!!,False,
@user-fo3cj3m,와...처음 일본여행가서 첫 방문지가 다이몬역에서 영상의 절 거쳐서 도쿄타워까지 걸어갔던 길이었는데...<br>다시보니 여행생각나고 너무 좋네요....,False,
@ddabi-z2n,포로 실시간 잠드는 거 너무 귀여운데요 ㅋㅋㅋㅋㅋㅠ,False,
@mrq1245,올해 겨울 역대급 으로 춥다고 하니<br>감기 조심하세요. 유우키님<br>12월 부터 겨울 시작! <br>전 더운 것보다 추운 게 좋아요!,False,
@FormusicYoutube-w6s,유키추,False,
@mrq1245,유우키님 영상 잘보고갑니다.<br>그리고 추천 꾸욱 ~ ㅎㅎ,False,
@Yjjo1004,재밌게 잘 보겠습니다 감사합니다❤ 재밌었어요 👍,False,
@k.o.r.e.a.n,같이 늙어가네요. 어느덧 겨울이 왔습니다. 내년에도 잘 부탁드립니다.,False,
@hikari_48,내년 1월에 도쿄에 갈 예정인데 가야할 곳이 또 생겼네요ㅋㅋㅋ 영상 올려주셔서 감사해요😊,False,
@user-catisbest,유우키님 우설사랑도 여전하네요ㅋㅋㅋ,False,
@j2299-se8oy,ㅋㅋㅋ 초반에 뽀로 유우키님 얘기 경청하는거 왜케 귀욥..,False,
@yuhwaniyyy,니트 셔츠 유우키 대찬성 ...,False,
@달린-n8g,오 영상.기다렷어요❤,False,
@윰윰-e7h,댕댕이 유우키님 옆에 붙어서 자는 거 너무 귀여워용 ㅜㅠ,False,
@천재리똥,애기 왜캐 귀엽지,False,
@haharin_15,내 도파민❤,False,
@hohoeat,으아 2월에 도쿄 가는데!,False,
@dongdongeeya,포로😂❤😂❤,False,
@seo1110,"<a href=""https://www.youtube.com/watch?v=j1g-9kkDokQ&amp;t=99"">1:39</a> 😂😂😂",False,
@RoofTopFwan,연말 느낌 물씬  나는 영상이였습니다. 시부야 너무 좋아보이네요^^,False,
@liiliiate,유우키님 영상 보니까 저도 가보고 싶어져서 내년중엔 꼭 가봐야겠어요. 좋은 영상 감사합니다!,False,
@요한김-v9p,잘보고 갑니다 ㅎㅎ,False,
@RedmaxSky,"저도 도쿄 시부야 한번도 안가봣고!? 시부야스카이 안가봣는데?!,,;(가보고 싶네요~~!^^😊😊😊😊😊😊😊😊",False,
@hapyxy,날씨때문에 못올라가서 아쉬웠는데 이렇게라도 보네여 ㅠ,False,
@hanjina,호하! 곤방와~~~,False,
@ipark10,유우키님! 저 담주 금요일에 센다이 여행 가는데 거긴 단풍이 아직 있을까요?,False,
@porihan1212,"우와 저 낼모래 첫 도쿄 여행가는데,, 업로드 타이밍 감사합니다🥺🌟",False,
@투바투팬-o8q,완전꿀잼이에요 😊,False,
@Ari_Ari_Arisa,"오오, 시부야 스카이🤩🤩<br>경치 진짜 끝내주는 예쁜 곳이지👍🏻<br>오늘도 힐링시켜줘서 고마웡🥰",False,
@kiyoshi_cinema,에? 혼토니 도쿄 하지메떼데스카?,False,
@문동은-w3t,유두키님 도쿄여행 재밌게 다녀오세요 항상 응원할게요,False,
@룰룰-b8t,오늘도 잘볼게요😊 <br>유우키 감기 조심하세요❤❤,False,
@박기범-v3y,유우키님 재미있게 볼게요,False,
@messilionel358,시부야 스카이 예매 실패해서 못 갔는데 ㅜ,False,
@JosephPark0217,포로❤,False,
@Uyyyyy-rg8qt,불금에 재밌게 보겠습니다! 감사해용,False,
@o_daeng_o,유우키님 영상이다🥺 오늘도 잔잔한 감성과 음성에 힐링받을게요 감사합니다:),False,
@nanokim6766,아키하바라 가보고 싶어요 &gt; ㅁ&lt;,False,
@Zbski341,보기만해도 날씨 때문에 추워진 몸이 따뜻해졌다,False,
@dirthr9,유키 사랑한다!,False,
@faust5737,점점 추워지네요<br><br>감기조심하시고 😊<br><br>오늘도 잘볼께요,False,
@왕비귀환,오~오늘도 영상 기대되네요😊,False,
@uuuk_popsc,왕 유우키 등장 ❤,False,
@cmast5686,포로야1!!!!,False,
@key-mex-358,이건 귀하다,False,
@imsepin,🩷🫡,False,
@treasureh1295,오호!!!! 감기걸리신건가???비염????,False,
@tpdus_dl,사랑해요 ♥,False,
@마자용대머리,우왓!! 유우키다 러키비키잖아!,False,
@몽키D.가프,도쿄는 진짜 일본이 왜 선진국인지를 느낄 수 있는 곳 같아요,False,
@봉구빰,이미 재밌다 역시 유우키 보면서 맥주 마시는 게 힐링..❤,False,
@OnlyVIichan,금요일이라서 안그래도 행복했는데 두배로 더 행복해졌습니다 감사합니다,False,
@2002가재,여기서도보네요,True,@OnlyVIichan
@yujinseung,화이팅!,False,
@시유-u2w,호우,False,
@떼잉츳,와 27초전..❤️,False,
@monkey_strange,42초전은 못참지,False,
@최원준-h3y,선 좋아요 후 감상!!,False,
@youtub393,오늘도 열일하는 유우키...,False,
@bangbangbang01,😀😀,False,
@kirimochiz,불금엔 유우키❤❤,False,
@jaycha5840,저도 지금 도쿄 입니다!!!,False,
@frack1,내 힐링 왔다,False,
@토퍼-f9e,헐 도쿄!!,False,
@스벅이뚜벅이,오 일빠,False,
@하위-p5c,20초전!,False,
@6n23rk,알람보다 빠른 알고리즘,False,
@sikhye8268,ㅅㅅ,False,
@이잉-n9m,너무 좋아요 진짜 영상자주올려줘어ㅓ🥵🥵🥵,False,
