author,comment,is_reply,reply_to
@딸기사랑녀,컵케이크 먹을때 컵 정보 아시는분?ㅠㅠ,False,
@보라밍-e3t,웅니 립 뭐써여…? 색깔 취향저격입니다 ㅠㅠ,False,
@xxxe-j2j,살빼조님 폼 미쳤데이.,False,
@김김김-x2m2q,제발 SPC 불매 좀 합시다,False,
@Newjeans-v3c,던킨 spc임?,True,@김김김-x2m2q
@가나다라마바사-x5b,시험잘치고올게온니…꼭시험잘치고언니영상정주행할거야💙💙,False,
@행운핑구,마시멜로 케이크는 뜨뜻한 우유랑 먹으면 ㄹㅇ 입에서 녹아요 존맛탱,False,
@winterllove,"<a href=""https://www.youtube.com/watch?v=JwZpUoI0VsY&amp;t=1252"">20:52</a> 양녕양녕이어서ㅋㅋㅋ 귀여웟",False,
@장인영-v7y,무식한 사람이 신념을 가지면 안됀다더니..ㅋㅋ,False,
@2020-d2p,와 새로운 음식 디저트 많이 먹어줘서 감사합니당 새롭네요,False,
@user-sx7di5ui8o,닭발 볶음밥 먹을 때 버터 반 숟가락이랑 김가루 넣으면 개쳐맛도리에여 ㅠㅠ,False,
@yam-md2hn,그녀… 겨울 룩북 목빠져라 기다리고 잇는데 계획있으신가용?,False,
@user-kx9wj8ky8u,아 진짜 뺴조님 닭발 부분만 몇 번을  돌려보는지 모르겠어요 ㅠㅠ 닭발 안 좋아하는데 침나오게 하는.. 다음에도 찍어주세요 너무 좋아,False,
@dddww679,… 진짜 언니땜에 두루치기 일주일에 한 번씩은 시켜먹어………. 존맛이니까… ❤️‍🔥,False,
@신아현-c1d,그냥 심심할 때 보는데 너무 힐링되고 재밌어요 항상 행복하세요,False,
@이세현-m3i,안녕하세요!살빼조님! 도덕 수행평가로 선플 달기 운동을 실천중인 만성중 2학년 학생입니다!살빼조님 영상을 3년전부터 계속 봐온 애청자이자 구독자예요!!예전처럼 우울한 모습없이 건강한 살빼조님 모습이 너무 보기 좋아서 행복해요ㅜㅜ<br>매번 좋은 일만 가득하시면 좋겠어요!!<br>오늘 하루도 즐겁게 보내시고 세상 어느 누구보다 행복하세요!!감사합니다ㅎㅎ!!,False,
@사시미짱,두바이 가겠다부터 그냥 웃김ㅋㅋㅋㅋㅋㅋㅋㅋㅋㅋㅋㅋㅋ,False,
@김희주-h9q,진짜 레전드..😋 최고에요,False,
@이승준-o9u5i,치킨과떡볶이먹방영상이네요ㅋㅋ<br>무슨치킨과무슨떡볶이인가요?,False,
@NickSeleznyova,롤카롤카 놀이공원 보다 더 짜릿짜릿 19금 보다,False,
@รุ่งทิพแสงปัญญา,"케리아 2년 재계약 확정, 티원 전원재계약 와우 롤카롤카",False,
@MatthewHartog,롤카롤카는 롤 vs 카지노 ㅎㅎ 여러분들의 선택에 맡기겠습니다.,False,
@MasonMcClemens,만약에 이스포츠가 질렸다면 카쥐노로 전향해도 무방합니다 롤카롤카,False,
@คัชชาศรีสารคาม,하루도 빠짐없이 들어와서 눈팅중인데 오늘은 달려볼거임 롤카롤카,False,
@PorphyryButusov,아무리 내가 여러번 떠들어도 한번 들어와서 눈으로 보면 또 다른 느낌으로 다가온다 롤카롤카,False,
@TetsujiMoriyama,미리 사전에 정보수집을 안해도 실전에서 배우면 된다 롤카롤카,False,
@DarinArtemyeva,LCK LPL 멸망존 스케줄표 다 나와있습니다. 롤카롤카,False,
@สุสกุลตราพงษ์สวัสดิ์,롤카롤카 들어와서 안해도 되니까 확인이라도 한번만 해바유 롤카롤카,False,
@ClementinaLoDuca,이스포츠에 관해서는 우리나라가 최고의 실력 롤카롤카 ㅋㅋㅋㅋㅋ,False,
@施玠宇,LOL 관한 모든 정보 및 분석 픽은? 롤카롤카 ㅎㅎㅎㅎ,False,
@qquuookkaa,전주의 최고 아웃풋 조주연,False,
@우마이-w7z,ㅅㅜ능끝난재수생개같이달려옴,False,
@앙녕-e7c,꺄 안녕하세요 !! 빨간집 닭발입니다 !! 🤍 예전부터 애청자였는데 오랜만에 영상이 떠서 보니 저희집 닭발을 드셨더라구요 ㅠㅠ!! 🤭🤭🥹🩷 맛있게 드셨다니 너무 다행입니다 ㅠㅠ 몇년전에 저희집 주문주신 영상 올리신것두 매주마다 챙겨보고 있었는데 이렇게 맛있게 드셔주시니 정말 감사드립니다 영광이에요 !! 🍀🤍 아 참! 저희가 따로 콩나물사리는 없구 콩나물을 추가해주시면 콩나물국으로 음식을 보내드리고 있습니다! 안에 있는 콩나물만 건져서 닭발에 넣어 같이 드셔도 맛있구 매울때는 시원한 국물도 같이 드시면 더 맛있게 드실수 있어요 !! ☺️ 저희도 맛있게 드셔주시는 만큼 맛변화 없이 더욱더 맛있게 드실수 있도록 노력하겠습니다 💪🏻💪🏻 +실례가 안된다면 대문짝만큼 살빼조님 사랑합니다.. ❤️ 라고 써놓겠습니다… 🤍 앞으로도 더욱더 애청하겠습니다! 추운 날씨 항상 건강 조심하세요! 🤍,False,
@Newjeans-v3c,닭발 진짜 맛있어보입니다ㅠㅠ❤,True,@앙녕-e7c
@user-cr6lk5om5n,살빼조님 특히 매운음식 먹을때.. 원래 먹방 진짜 안보는데 너무너무 군침돌아요 .. 😻 빨간음식 모음집 특집 한번만 만들어주세요 ..!!!,False,
@박가람-i5l,언니 항상 재밌게 보고 있어요 언뉘ㅡ채널이 짱이야❤ 대구 팬미팅도 해주세요...😢❤,False,
@조이레-m3h,로제떡볶이 좋아하시면 포트캔커피 에서 파는 로제떡볶이  드셔보세요!! 진심 개맛도리 숨은 떡볶이 맛집이에요!!!!,False,
@파트라슈-i7y,"<a href=""https://www.youtube.com/watch?v=JwZpUoI0VsY&amp;t=1150"">19:10</a> 이게 무엇이냐! 저도 몰라요 ㅇㅅㅇ 뻘하게 웃기네 ㅠㅠㅠ ㅋ ㄱㅇㅇ",False,
@강판이-j5e,빨리 병원가서 진료받아보세요 정상 몸상태가 아니요 싸먹는 음식물 좋은 말로는 식품첨가물 정상적인 말은 화공약품 범퍽 음식물을 저렇게 매일 많이 먹다니 이쁜 아가씨 큰일나요,False,
@whyonlyenglishnicknameTT,쥬연 우리 고오급 캠 사는 거 우때 ..? 좀 더 고화질로 보고싶다 ….. 🙏🤍,False,
@woosa76304,언니의 먹방은 최고!!!!❤,False,
@현-k4y,언니가 뭐 먹을 때 첫 입 반응이 넘 설레용 뭔가 ㅋㅋㅋ 진짜 맛있는 반응이면 내가 다 행복함 ㅎㅎ❤❤,False,
@wlllalxnlsl,"<a href=""https://www.youtube.com/watch?v=JwZpUoI0VsY&amp;t=369"">6:09</a> 된찌 모래 파는 소린가여 ㅋㅋㅋ 귀엽..",False,
@iamprincese_0_,저 내일 수능 보고 와요 언니!! 중3때부토 보기 시작해서ㅠ벌써 이렇게 됐네요🥲 내일 잘 보고 두루치기 먹을게요🙈💓💓,False,
@Haeeechaaan66,고추무침 한박스 먹방 해주세요,False,
@조이-y7e,영상 편집이랑 음성변조 무슨 프로그램으로 하는지 알수있을까욥?ㅠㅠ,False,
@덕복희-o4o,이시간에 닭발 개땡긴다 아 ㅠㅠㅠㅠㅠㅠㅠㅠㅠㅠㅠㅠㅠㅠㅠㅠㅠㅠㅠ,False,
@rhdms911,닭발 레전드 영상 나온거같다... 닭발 먹고싶을때마다 이것만 돌려보게 생겼네🤦‍♀️❤️,False,
@강아지귀여워-h2n,예전에 밥 먹는 속도가 엄청 느리다고 햇덩게 종종 생각나요.. 귀여워요 ㅋㅋ,False,
@jejudo-giroo,엄청 이쁜 미인이 잘 먹기까지 하니까! 맛 설명도 굿굿!<br>배고플 때 보면 안되는... 배부른 상태에서 봐야 충동구매 욕구를 억제할 수 있음!,False,
@suminjulie,전주 히포파운드 가주세요!,False,
@노노피,살빼죠님 덕분에 드디어 저도 두루치기........먹었습니다. 돼지고기 안 좋아하는데 진짜 너무 맛있더라구요.........이번 영상도 넘 좋아용!!,False,
@니가몬디-b6o,살빼조씨.. 전주 살면 마끼마끼에서 초밥 드셔야 합니다. 추천하고 맛없다는 사람 못봤뜸 진짜 연어초밥 소고기초밥 광어초밥 레전드에 소바도 맛있고 후토마끼도 맛있고 우동도 마싯어요 제발 먹어주소!,False,
@suminjulie,인정합니다!,True,@니가몬디-b6o
@tkfkddms-g5p,볼때마다 살이 빠지시고 재미있어지는거<br>같아요 ㅋㅋ 두바이에 갈꺼에요(?),False,
@hjjui-l3d,전주 맛집 추천해주세요 주변이여도 괜차늠❤,False,
@user-ri1bu7xx8x,두바이 도넛 생각외로 맛있어서 놀램ㅋㅋㅋ,False,
@qpldlqkcgxhknrss,난 언니 먹는소리가 그렇게 좋더라.... 뭔가 바삭하면서도 쫀득하면서도 그 식감 소리가 너무 좋아,False,
@BINGO0725,볼수록 먹고싶은게 바뀌고 내일 점심 메뉴가 바뀌고 있어요… 휴 배고프다,False,
@chltjdbsk,언니 !! 제주도 브이로그 여행처럼 여행브이로그 하나 더 보고싶어요 그냥 제 최애영상..❤️❤️,False,
@크크-j5q,나두 요즘 살빼조가 더 좋음<br>평생 이렇게 맛난거 먹으면서 행복하셨으면 좋겠다,False,
@효오오옴b2x,왜 빼조씨 남겨쥬는 고정댓글이 요즘 없눈고야요 ㅠㅠㅠㅠ 😢😢,False,
@이름을입력하세요-j7b,맵슐랭 무승맛이예용,False,
@SJ_5,첫 상의 정보어딘가요??너무 예뻐요ㅜㅜ❤,False,
@namole00,어우.. 아주 흉악한 놈들만 모아서 맛있게 드시네요. 행복한 하루되세요❤,False,
@cy9863,동파육 레전드……🥹🫠🤤,False,
@김가은-d8h6d,이참에 닭발 엠버서더까지…ㅎㅎ,False,
@소발-w8c,"잠깐 이언니 왼손잡이었어!? <a href=""https://www.youtube.com/watch?v=JwZpUoI0VsY&amp;t=873"">14:33</a>",False,
@hh1360,살빼조님 전주에서 국물닭발은 장군닭발 꼭 드셔주세요!! 거기 닭발도 통통하고 국물이 존맛이에요 ㅠㅠ❤ 주연님 드시는거 보고싶어요 🤩!!!!!,False,
@소발-w8c,한달전 인천공항에서 두바이도넛 사먹었는데 너무 맛있어서 놀란 기억이 ㅋㅋ저만 그렇게 느낀게 아니었군요! 그리고 요새 던킨도 빵이 쫄깃해지고 퀄리티 급 상승한  느낌..?,False,
@공부시러-f6x,신라면 투움바 물 다 버리샸나용?,False,
@cgh8649,빨간집 제 맛집인데 공론화 시켜버리면 어쩝니까요😑,False,
@averynormalperson2661,왤케 귀엽냐 ㅋㅋㅋㅋㅋ,False,
@김동현-g1w,국물닭발 진짜 맛있어보여요; 빨간집? 검색해봤는데 제주만 뜨더라구요? 제주에만 있는건가요오ㅠ 아쉽쓰!,False,
@hjjui-l3d,전주에 있어효 🎉,True,@김동현-g1w
@user-to8jt6tu3s,"<a href=""https://www.youtube.com/watch?v=JwZpUoI0VsY&amp;t=137"">2:17</a> ㄴㄴ... 그냥 식초먹고 조는사람 되어벌임 ㅋ...",False,
@annabel6046,맵슐랭은<br>무슨맛일까??!!,False,
@고싫고,근데 빼조언니 잔치국수나 칼국수 같은 건 안좋아하세유?? ㅎㅎ 잘 못 본 거 같아서욧🤍🤍 오늘도 잘 봤습니다아아앙 행복만 가득하시길 바래욧 💕,False,
@옌이-t2b,매번 영상 챙갸보는 사람으로써 뭐 먹을때마다 팔 흔들면서 춤추는? 그런거 때문에 먼가 정신업ㅎㄹ음 ㅠ 힝,False,
@방귀대장뽀로로-d3c,식단 하시나요? 기초대사량 높은가보다,False,
@푸항항-d3z,아 ㅋㅋㅋㅋㅋㅋㅋ내일은 두바이를 갈거에욬ㅋㅋㅋㅋㅋㅋㅋㅋㅋㅋㅋㅋㅋㅋㅋㅋ,False,
@해산물-z3n,언니 인급동 뭐야 폼 미쳤다!!,False,
@G0M._.D0LE,언니 인급동이당😗,False,
@앟넿,웅니야 웅니 영상 인급동 3이래,False,
@말티푸행복이의하루,두덩어리가..45000원..비싸다..,False,
@가매미-s7p,저도 전주 사는데 살빼죠님 몇년전부터 구독해서 올라오는거 영상 안넘기고 쭉 보는 스타일인데 국물 두루치기도 가보고 잘 먹는거 자주 먹는거 위주로 시켜도 보고 사먹어도 보는데 먹는것 마다 저는 입맛에 안맞네요 ㅠ 일단 넘 달고 심지어 전북대 두루치기집은 기대 잔뜩 안고 갔는데 고기에서 잡내가 너무 많이 나서 거의 남기고 나왔어요 개인 입맛 차이 이겠지만 먹는것 마다 실패 해서 입맛 다르니 나 나름 걸러서 사먹어야겠다 생각하고 있어요😢,False,
@zero0802,영상 매번 재밌게 잘 보고 있는데 spc불매해주세요 사람을 갈아 넣은 기업이예요.. 너무 많은 사람이 죽고 피해자가 많아요,False,
@Tktkyiyi,컵케이크는 앤헤서웨이처럼 먹어줘야 천재만재죵,False,
@프레첼-l3t,언니 두바이 이만큼 먹은김에 어떤 두바이가 베스트인지 알려주면 조케따...ㅎㅎㅎ,False,
@boxknxg,웅니 혹시 지랄닭발 드셔보셨나용?? 추천드립니다요 ㅎㅎㅎ,False,
@송연아-s4t,살빼조님ㅠㅠ 치필링이라고 새로나온 치킨 있는데 그거 불닭이랑 같이 먹어주세요… 살빼조님이 치킨 불닭에 싸서 먹는거 상상하면 벌써 행복합니다..ㅠㅠ,False,
@서시밀,"닭발 오랜만에 드신 것 같은데 예전에 뼈 있는 걸로 잘못 주문했던 거 생각나요ㅠㅜㅠㅜ벌써 추억이네효,,,💞30분 쯤 되는 영상 길이에 오늘도 넘 잘 보고 가용,,❤ 단 거를 잘 못 먹어서 디저트 다양하게 맛보는 게 추구미인데, 대리만족합니다👍",False,
@부부젤라-v1y,ㅜㅜㅜ빨간집 진짜 맛도리임..❤ <br>전주밖에 없어서 더 귀함..🥹,False,
@user-jiningni,밥먹으면서 보려고 아껴논 영상 .. ♥️,False,
@김소영-w2j,메뉴 구성 무슨일이냐며..🤦‍♀️🩵💜🩷,False,
@gamgyuel,"꺄 웅니,, 동생분 임고 치셨던데 저도 저번주에 임용고시 끝났어요ㅜㅜㅜ <br>책상이 아니라 누워서 살빼조 영상 보는 삶,, 너무 행복하다😚<br>빨간집 제주도에만 있는 체인점인줄 알았는데 전주에도 있네여,, 전 영상에서도 나온 것 같긴 하지만 볼 때마다 신기ㅋㅋㅋ<br>헤헤 잘보고가여&gt;_&lt;☺️",False,
@미국로또1장_무료,웅니.. 닭발 먹기전 와우와우 거리는거 왤케 귀여워ㅠㅠㅠㅠㅠㅠㅠㅠ,False,
@댓글러-q4o,닭발 엽떡 모음집 만들어주세요🙏🙏🙏,False,
@겨우리-c6i,"<a href=""https://www.youtube.com/watch?v=JwZpUoI0VsY&amp;t=684"">11:24</a> 오타발견히히",False,
@지우다다다,저도 두바이도넛먹으면서 똑같은 생각했어요 아 안에 스프레드가 너무맛있는데 빵이 너무 나 던킨 !!! 던킨~~ 이러는 느낌 ㅋㅋㅋㅋㅋㅋㅋㅋㅋㅋㅋㅋ 안에껏만 파먹고 싶더라구여 ㅜㅜㅜㅜㅜㅜㅜ,False,
@뭅깅,빼조님 맛있는거 드실 때 슈퍼펭귄 소리나요,False,
@휼2,좋아요부터누르고시작한다,False,
@왕자광수,"오옹니ㅣㅣ 저 슈능 2일 남앗서요오,,,,, 언니 진짜 오래 봐왔는데 제그 벌써 수능 친대요……😂🥹 쉬는 시간이나 야자때 맨날 언니 영상 보면서 대리만족 했었는뎈ㅋㅋㅋㅋ 먹어조답게 수능 잘 보고 올게요!!🍀🍀",False,
@피똥파커,살빼조님이 전주에 사셔서 너무 행복해요… 저도 전주 사람이라서 영상에 나온 거 대부분 시켜먹을 수 있다는 것…❤ 사랑합니다…,False,
@얍얍-b7w,ㄹㅇㅋㅋㅋㅋ,True,@피똥파커
@hey-hg8bd,살빼조수저,True,@피똥파커
@eungonghouse,부러워요 저도 전주인인데 타지로 이사가서 슬프네요😭,True,@피똥파커
@멀보냐-v3b,살빼조 좋아 🩵🤍,False,
@user-xg9kp9kx5v,난 그래도 옛날감성이 더 좋다,False,
@배고플땐브이로그,ㅇㅈ 복순이로 넘어감<br>빼조 초창기 먹을거에 진심일때 시절같음,True,@user-xg9kp9kx5v
@user-xg9kp9kx5v,@ ㅇㅈ,True,@user-xg9kp9kx5v
@오야붕-m7q,개존잼,False,
@배고프다-y3c,진짜 잘먹는다.. 신기해요 항상 대박쓰🧚,False,
@n3543-o1t,컵케익 밑동 잘라서 위에 올려서 샌드위치처럼 먹어야해요 위에만 낼름 먹으면 노맛,False,
@김나영-b9n2o,성심당 딸기시루케이크! 먹방 한번더 보고파용ㅎㅎ,False,
@밀키-g7m,언니 자막이 넘 느려서 답답해요…,False,
@음하하-y3c,헉 언니 디플랑 디저트 먹어달라고 요청했었는데🤤🤤 행복합니두..👉🏻👈🏻<br>두바이 떠먹케 저도 약간 다른 디저트 먹고 먹으면 그렇게 느껴지거나 배부른 상태에서 먹으면 맛이 잘 안 느껴(?)지더라구요! 다음날 먹거나 하면 맛 잘 느껴지고 맛도리더라구요ㅎㅎㅎㅎ 글고 약간 마라탕 같은 느낌?! 처음 먹었을 때보다 두번째 먹었을 때 더 맛도리더라구요 그 뒤부턴 자꾸 생각나는 매직..ㅋㅋㅋㅋ헤헤<br><br>객사에 오른케이크라는 가게 있는데 거기 케익도 지인짜 존맛탱구리거덩여😭😭 카페도 예뻐서 힐링되니까 꼭 한 번 가보세요❤,False,
@jsj-m1k,히포파운드 먹방해주세요😊😊,False,
@나랑드-l9k,언니 저 애사비 한달째먹고있는데 식전에 한컵씩마시면 진짜 식곤증이 덜해요 ! 추천,False,
@심경민-o7r,볶음밥에 김가루 추가 안 하신거 실망이에요 김가루 1번 추가가 아니라 3번 추가하면 3배 더 맛있어요 김가루가 볶움밥에 생명이에요 김가루가 진짜 묘미인대 그게 볶음밥의 티어를 가릅니다 야구장 볶음밥 짤 보셨으면 좋겠어요 김가루에 치즈까지 하면 더 맛있었을거예요 배는 괜찮으시죠?? 김가루 넣으셨으면 더 후회 없으셨을거애요 아프지마세요,False,
@기염둥이-g3y,영상에 광고가 너무 많네요,False,
@maybe77729,먹고살아야지예,True,@기염둥이-g3y
@김내놔,왔다 내 피로회복제....❤️,False,
@가보자고-q7g,돈을 얼마나 많이 벌면 배달비 8000원도 감수하는…,False,
@김민정-y3y,아 ㅋㅋㅋ진짜 빨간집 제 최애 닭바루 제발재발제발제발,False,
@김졍-06,❤❤,False,
@마귀-m7w,흠....옛날 감성을 바라지 않지만<br>반말과 틱틱거림이 아쉽습니다,False,
@katesheen5252,도넛 남기는거 좀 보기안좋네요…,False,
@영영-u9u,"살빼조 사랑해,,,,,,,,",False,
@user-hx6tn7gb7v,디플랑 존맛탱임 ㅠ 일요일에도 두바이초콜릿 먹음 😍😍,False,
@ElliewithMom,ㅋㅋㅋㅋㅋㅋㅋ두바이 가거싶으시냐규염,False,
@neu1474,살빼조의 별로 안 달다 = 존나 미친 개 달다,False,
@wheretheavocadosat,ㅇ ㅏ 유학 중인데 한국 배달 음식 겁나 먹고싶다..,False,
@초코케이크-h1c,닭발 진짜 잘드신다.. . 아니그리고 저 디저트들 앉은자리에서 순삭하는것도 정말 정말 대단해요 저 저 달다구리들을 어케 한번에..? 영상 넘 재밌어요 ....,False,
@아브리-p2n,"<a href=""https://www.youtube.com/watch?v=JwZpUoI0VsY&amp;t=21"">0:21</a> 아니 진짜 이 부분 계석 돌려보게 되네 ㅋㅋㅋㅋㅋㅋㅋ 무슨 말인지는 이해했는데 순간 읭??함",False,
@Ailexyxx,너무 맛있겟다 닭발 ㅜㅜ❤🥹,False,
@bori1711,맵슐랭 먹어보고싶다...,False,
@희끄쁘,헤헤헤 드디에 맵슐랭 알랍콩❤❤❤❤❤❤진짜 맛있다구용,False,
@요하이-w2e,근데 남겨서 음식물 다 버릴 생각하니 좀 그렇다.. 다음부턴 먹을만큼만 시켜서 드시는건 어떠세요!!,False,
@Mmbvv-j8d,찐먹어조라면 빼조님 남은거 다음날에 먹거나 나중에 다 드심… 제발 알고 말하세요,True,@요하이-w2e
@배고플땐브이로그,말도 못함? 찐 먹어조가 아니라 신규유입된 구독자 일 수도 있는거고 ; 나중에 먹는게 나온것도 아니고 당장에 보이는것만 봤을땐 남기는게 불편 할 수도 있죠,True,@요하이-w2e
@hogiit,그냥 자기가 하고 싶은대로 편하게 해도돼요 언니!!❤ 우리 오래 봐야하잖아요!!,False,
@from.mermaid,명불허전이다 진짜 맛있게 먹음,False,
@tomatttttttttto,???: 두바이이제그만먹어야하는데,False,
@Mmbvv-j8d,토욜에 자격증 시험 보는데 큰 선물이…,False,
@이-f2h1p,진짜 빨간집 국물닭발 미침... 개 존맛.... 하... 전주 떠났는데 먹고 싶다 ㅠ<br>전 매운거 좋아해서 2단계로 주로 먹었음... 진짜 먹고 싶다....하.....,False,
@다정-w9v,앤 해서웨이가 컵케이크 먹는 방법 보셨어요??? 추천해드리고 싶다..🥹🙏,False,
@user-ib8vp4kq6h,살쪘다,False,
@쑤니-y3g,두루치기 다음 엠버서더 빨간집 가나요? ㅎㅎ,False,
@limlemon,개<br>맛있겠다,False,
@hsshJ91,아 닭발 진짜 개맛있게드시네... 미쳤다,False,
@룡이-d4d,입맛이 진짜 잘 맞는 것 같아여~~! 빠짐 없이 다 좋아하는 것들 🤤,False,
@딴딴-j4b,아니 낙엽 씹어보셨냐고요ㅋㅋㅋㅋㅋㅋㅋㅋㅋ맛있을 때 마다 추는 기쁨의 춤 개웃겨요😂<br><br>Cf)앤헤서웨이 컵케잌 먹는법,False,
@my_childhood_,"<a href=""https://www.youtube.com/watch?v=JwZpUoI0VsY&amp;t=1421"">23:41</a> 아 언니 제발ㅋㅋㅎㅋㅎㅎㅋㅎㅋㅎㅎㅋㅎㅋㅎㅋㅎ 방심하다 터졌닼ㅋㅎㅎㅎㅎㅎㅎㅎㅋㅎㅋㅋㅎㅋㅋㅋㅎㅋㅎㅋㅋㅋㅋㅋㅋㅋㅋㅋ",False,
@hhhh0.0,시험 일주일도 안 남았지만 살빼조 언니 영상은 참을수 없어..🥹❤️,False,
@_wdz_,"<a href=""https://www.youtube.com/watch?v=JwZpUoI0VsY&amp;t=21"">0:21</a> ㅋㅋㅋㅋㅋㅋㅋㅋㅋㅋㅋㅋ아ㅜㅜㅋㅋㅋㅋㅋㅋ두바이 초콜릿사러 큰 결심하신줄 알았어요",False,
@토마토맛토맛,아 웅니.. 닭발 먹기전 와우와우 거리는거 왤케 귀여워ㅠㅠㅠㅠㅠㅠㅠㅠㅠㅠㅠㅠ,False,
@린피아노,너무좋다 ....... 내가 제일좋아하는 ... 먹방유툽 .....,False,
@멋쟁이토마토-f6n,고양이 발컵 오랜만이당 예전 영상에서 많이 봤던 것 같은뎅,False,
@RRRR-x8y,"<a href=""https://www.youtube.com/watch?v=JwZpUoI0VsY&amp;t=1164"">19:24</a> 흐억.. 애정하는 살빼조님?<br>저도 배달러버로써 꿀팁하나 알려드리자면~<br>비닐로 덮인 배달용기 칼로 자를때 직사각형 짧은부분을 11자로 먼저 잘라놓고 쭈욱 땡기면 한번에 깔끔하게 포장 벗길 수 있습니당ㅋㅋㅋㅋㅋ<br>한번 알아놓으니 편하고 좋더라구영 담 배달에 함 써보십시영ㅎㅎㅎㅎ",False,
@멀보노-l8d,아 드디어 나왔다 내 마약,False,
@h1h1som,"오늘 처음으로 살빼조님께서 광고하신 두루치기 집에서 배달 시켜먹었는데 너무 맛있어서 놀랐어요,, 최고입니다 🥲❤️",False,
@겨울-p1d,"던킨도넛 spc인데,,아쉽네요ㅠ",False,
@Youzzini,앤 해서웨이가 컵케이크 먹는방법 있는데 <br><br>빵 부분을 가로로 반 떼어내서 위에 얹으면 샌드처럼 되거든여 그렇게 드셔보세용 !,False,
@sdhyrn,젤 배고픈 시간대에 업로드라니.. 이건 고문이다ㅠㅠㅠ,False,
@해야-f7w,닭발때문에 배고파서 죽겟어요😢,False,
@oexnuy,이영상 때문인가… 지금 배민 인기검색어 3위가 국물닭발이네요ㅋㅋㅋ 아 땡겨,False,
@Jkk-tz3nx,아닛이거모에요?!ㄷ,False,
@_haruchaengss,닭발부분 레전드다 진짜ㅠㅠ…💗,False,
@jieunthewriter,개가치 달려온 나,False,
@얏호-q3l,씻고 나왔는데 선물처럼 떠 있는..❤이번 영상도 잘 볼게요!,False,
@g_luea,심봤다!! 침댜에서 누워서 보는 살빼조는 행복입니다!!❤<br>언니 근데 혹시 타임라인 넣어주실수 있나여?,False,
@today_is_sunny_k,"궁무닦빠 레전드,.....아침고여",False,
@user-p2s7x,언니 퍼컬 닭발 맞는듯 ㅇㅇ,False,
@랑이-z5u,닭발이 도대체 식감도 그렇고 어떤 맛인가요?...,False,
@oexnuy,이건 드셔봐야 압니다.. 진짜 개맛도리,True,@랑이-z5u
@복복이,알바 끝나구.. 진짜 주글 것 같앗는데 영상 올라온 거 보니까 피곤함이 싹 사라지네여. . .🥺🥺 살빼조짱짱짱진짜짱최고,False,
@냥-g9i,짱맛있게 먹는다 ㅜㅜ배고팡ㅇ..,False,
@MINNSSOLEE,"두바이 질렸다면서 자꾸 나와요ㅋㅋㅋㅋㄱㅋ 이번에도 재밌게 잘봤어요🥰 오늘 하루 중 유일하게 웃은 시간,, 고마워요!!",False,
@지나가는븅신,아니 무ㅜ야 완전 럭키비키잖아!!! 새영상이라니!!!! 안본영상있는줄알고 헐레벌떡왔는데!!!꺄아아앙😊😊,False,
@망고-m5s,하 개행복해,False,
@로또로로로,이번 영상 메뉴 왤케 다 내 취향으로 가득찼지 ㅜㅜㅜㅜㅜㅜㅜ,False,
@밈미-k3h,전주에 살빼조 맛집 투어 하러가고싶어요 ㅠㅠㅠ,False,
@hyuni0607,잠을 오래 못 잔 사람은 애사비 먹어도 졸립니다..ㅋㅋㅋㅋ말짱도루묵.. 대신 배가 더부룩한 건 없었어요,False,
@고소정-z2f,빼조님 드뎌 안양에도 두루치기집이 생겨서 바로 먹어봤는데.... 김치가 진짜 킥이에요 🤦🏻‍♀️ 미쳤엉 ㅜㅜ 먹어봤던 두루치기 중 원탑임 진짜 맛있는거 같이 먹을 수 있게 해줘서 고마워요 🩷🩷,False,
@ssu357,동파육 잘하는집 가면 속살도 씹을게 없어요 ㅜ 입에 넣으면 녹아없어져요! 잘하는 집 찾아가서 함 드셔봐유,False,
@user-kx9wj8ky8u,제가 빼조님 국물닭발 계속 돌려보는 건 어찌 아시고 ㅠㅠ 닭발을 넣어주셨다뇨 너무 사랑합니다,False,
@suminiya,조타 .... 행복하다 ...,False,
@woorinplave,미안해하셔도될거같아요,False,
@하이야-q3n,언니~~.. 다시 에이에스엠알 찍어주세여ㅠ,False,
@893_,진ㅋ자 이것만 기다렸다고.,False,
@원이-u7b,배고파져요..🤤 이순간 영상 속 살빼조언니가 부럽다,False,
@ol_suemin7384,팝핀이 너무웃겨요 ㅋㅋㄱㅋㄱㅋㄱㅋㄱㅋㅋㅋㅋ,False,
@supnyang,내일 시험이지만 언니 영상은 못 참아••🥹💓,False,
@몽이-f1v5x,신라면 투움바 먹을때 물을 정량으로 넣지말고 정량보다 조금만 더 넣으세요 !! 그럼 렌지 돌리고 난 후에 물 양이 딱 정량만큼 되는데 그러면 하나도 안느끼하고 신라면 맛도 많이나고 맛있어요 🧡🧡,False,
@빈-s7f,밥 먹자마자 식곤증오는거 혈당관련문제일수도 있으니까 건강관리잘해 언니..그냥 좀 걱정돼서🥺,False,
@su_k17,시호쿠키 마시멜로퐁당 보내드리고싶다...,False,
@BLACKBIRD0906,누나 누나가 맛 없는 건 뭐에요 ㅠㅠㅠㅠ,False,
@dolmengyi1307,왔다 내 도파민,False,
@yooo111-r2l,"<a href=""https://www.youtube.com/watch?v=JwZpUoI0VsY&amp;t=21"">0:21</a> 내일은 두바이갈꺼예요 ㅋㅋㅋㅋㅋㅋㅋㅋㅋㅋㅋㅋㅋㅋ 개웃기네",False,
@Eove.,달려왔슴다,False,
@hyuri2,"맛있는 거 먹을 때마다 머리 부여잡는거 미쵸... ㅠㅠ😂 <a href=""https://www.youtube.com/watch?v=JwZpUoI0VsY&amp;t=537"">8:57</a> 살빼조님 뭘 올리시든 재밌고좋아용❤️❤️❤️ 브이로그 먹방 여행 어떤 컨텐츠든 빨리 보고싶어요!!!!!",False,
@예콩-x8s,요즘은 우울하거나 불안해보이지도 않고 편안하고 일도 즐기는거같고 기분 좋아보여서 영상이 더 좋아진 거 같아요~ 늘 잘 보고있어요 보기좋아요😊,False,
@EgertonOpal,ㄱ글 에서 벳프리 보고 나면 다낵질 보충제 한사발 빨아야 한다는데 사실인가요??,True,@예콩-x8s
@잉ing잉ing,수능.. 3일 전 최고의 선물.. 이잉 우울해! ㅠ,False,
@째-x7u,저기 빨간집 어딘지 아시는 분 ㅜㅜ미쳤다,False,
@파도-z3z,수능 3일전 최고의 선택❤,False,
@제이의먹킷리스트,닭발은 한신이 짱이긴 한데 여기도 저장해놔야겠다ㅠㅠ 국물 닭발 JMT😢,False,
@예리-l3i,우와 동생 사랑해요❤(다들 언니라고 하지만 내가 언니인 슬픈 현실),False,
@angina1748,만칼로리 해주세요😮😮,False,
@el_xhun,아직 안봄 (아직 안봄),False,
@ekfjrotldo,무뼈닭발 진짜 맛잇게먹네…,False,
@휘-j8w,언니…이 시간에…나주거…,False,
@뭘봐-m3w,수능D-3 이러고있다.,False,
@농담곰문담욱,뻥 안치고 오늘 하루종일 속 더부룩했는데 국물닭발 드링킹 보고 속이 싹 내려감😮 인간 개비스콘 빼조💊,False,
@지-b7d6c,아직 광곤데 너무 재밌어요,False,
@소정-k4q,ㅋㅋㅋㅋㅋ 닭발 40분동안 먹은 거 왤케 귀엽지,False,
@양파-z8q,요즘 언니 영상이 뭔가 더 편해보이고 행복해보여서 보는 저도 더더 재밌는것같아요!!🤍,False,
@Gon_1987,"Attendance check,      ✅",False,
@사과-h5b,\수능 끝나면 1순위로 먹을거 : 맵슐랭,False,
@채린-c9n,진심으로 영상 올린거 보자마자 숨 멎음,False,
@ccm559,새로올린거인줄 모르고 어 옛날에 안봤나? 하고 들어옴ㅋㅋ,False,
@안서봉이야,빼조씨..당신은 나의 무형문화재...빼조태세문단세...기리기리 남으리라,False,
@이현서-f2b,우리 언니 왔다 ㅠㅠㅠ❤❤ 수행 평가 전에 언니 영상 못참지 ㅠㅠ,False,
@쿼카콜라-e9j,언니 영상으로 신상 로제두루치기 리뷰 보고 먹을려고 일부러 안먹고 기다렸는데 ㅠㅠㅠㅠㅠㅠㅠ 다음영상에 올라오려나요오,False,
@밍몽-i1l,수능 응원해조요...,False,
@JjsJjh,저 수욜에 전주 여행 가는데 ㅠㅠ 살빼조님 마주치면 넘 행운 만땅 이겠다 ㅠ,False,
@JjsJjh,@@Clean_jㅠㅠ 그랬군요.. 저만 몰랐네요..😢,True,@JjsJjh
@0.0_sioni,와 언니 기다렸어요 언니 영상은 밥먹을때나 샤워할때나 티비볼때나(?) 항상 같이한다고요..<br>지금도 언니 영상 보고있다가 떠가지고 왔어요 언니 항상 영상 꾸준히 올려주세여ㅓ.❤❤❤,False,
@jinpiter,안히……자기 전에 살빼조님 영상 업로드되면 너무 좋아요 ~😻,False,
@박소민-g2w,"식곤증이 아니라, 혈당스파이크 아닐까요?",False,
@이한나-g8t,첫번째 옷 정보 주세요!!!!!!!!!!!!!!❤,False,
@gumaup,아악 빼조씨 영상 기다리는 게 요새 낙인 거 알아요?🤤🤤,False,
@송연니-r6o,"<a href=""https://www.youtube.com/watch?v=JwZpUoI0VsY&amp;t=1421"">23:41</a> ㅋㅋㅋㅋㅋㅋㅋㅋㅋㅋㅋㅋㅋㅋㅋㅋㅋㅋㅋㅋㅋㅋㅋㅋㅋㅋㅋㅋㅋ아이 에엠 돼쥐에열ㅋㅋㅋㅋㅋㅋㅋㅋㅋㅋㅋㅋㅋㅋㅋㅋㅋㅋ",False,
@우당탕굥디,엉니 호주에서 올리는거야 ????,False,
@로사-g1i,예전 영상 보고있었는데 22분전 뜸 ㅠ,False,
@tldusss0609,어젯밤에 웅니 닭발영상 보고 잔거 어찌알고 새로운 닭발 영상을..❤,False,
@ul_99-t1n,아니 이 언니 국물 닭발 먹은거 진짜 너무 맛있게 드심 ㅠㅠ 저 닭발 별로 안 좋아하거든요?? 근데 언니가 먹은거 보고 먹고 싶어졌어요 🤤 이거 보니깐 전에 그 영상 기억 나요 ㅋㅋㅋ 왜 무뼈로 안 시키고 <br>뼈로 시켜서 못 드셨던 아주 슬픈 그 영상..,False,
@jeongsoo9269,"오늘 먹텐 너무 좋다,,,",False,
@주주다,딱 배고픈 시간대에...,False,
@Happydaychae,오늘도 레전드 ㅠㅠ 닭발 먹지도 못하는데 먹고시픔 ㅠㅠㅠ,False,
@유브,❤❤❤,False,
@소정-k4q,오셨다… 라인업 ㄹㅈㄷ다…,False,
@boobanjang_,국내인 에어비엔비는 원래.. 불법이에오..😢 외국인만 사용하는게 원래 맞아요 ㅎ<br>자주 이용하시는 것 같긴 했는데 이번에 확실이 말씀하셔서 조심스럽게 말씀드립니다오..😢 (소근소근) 항상 즐겁게 잘 보고있습니당!!,False,
@user-uv9ee4mt4c,떴다 합법적마약,False,
@엑-q7b,"계속 돌려뷰고잇엇는데?.!!! 지금 미소언니랑 홍콩전 다이어트 10ㅌ,째보고잇엇는데…ㅜㅜ😍😍",False,
@metcharski,"와 일하고 와서 백번 고민하다가 야식으로 마라탕 시켯는데 딱 이렇게 영상이 ㅠㅠㅠㅠㅠㅠ 마라탕 먹음서 봐야지 진짜 고마워여,,,,,,🥺🥺",False,
@옹심-j7o,와우 기다렸어요❤,False,
@Miiinmmly0,헉 겁나일찍왓다 개재밋어..,False,
@다애뇽,"자야되는데 .. 차마 안 보고 넘어갈수가 없어 ,,, 😂 행복쓰 ,, 🫶",False,
@현아킴-e5l,드디어 ㅜㅠ!,False,
@뽀로루롤롱,남친 썰 풀어조요…!!!!!!❤,False,
@지수-r9z,내일 저녁먹으면서 봐야지…킵고잉,False,
@babyboomysweatiedarling,수능 3일 전 최고의 선택.,False,
@oolly3018,수능 이틀전 최고의 선택,False,
@Serena-q1l,응원합니다 화이팅하세요,True,@oolly3018
@geranium7130,얼렁 마무리하세욧..!!,True,@oolly3018
@haehaeannyong,살빼조 없으면 못사는 사람이되,False,
@Goo_sam,수능 3일 전 최고의 선택이었어요 언니.....😂😂,False,
@R0_2_ct,웅니 신라면 툼바는 봉지라면이 최고에요!!🔥🔥수능 3일 남았는데 최고의 선택이다,False,
@Seongyeoniiiiii,왔다 내 도파민,False,
@user-yg4cm6ho6t,ㅁㅊㅁㅊ 오늘 업로드인줄 몰랐는데 넘 좋네요❤❤ 호주에서 잘 놀다오셔용!!,False,
@rlarlgboy,자기전 최고의 선택..🎉,False,
@sangyoonce_neon_naekkoya,"<a href=""https://www.youtube.com/watch?v=JwZpUoI0VsY&amp;t=21"">0:21</a> 이 언니 이제 은근이 아니라 대놓고 개그캐임",False,
@제이연우,이건 안 본 썸네일인데? 하고 보니까 5분 전에 올라온 영상이네 ㅋㅋㅋㅋㅋㅋㅋㅋ (그만큼 살빼조님 영상을 많이 봤다는 뜻! ㅋㅋㅋㅋ💕💕),False,
@ralralrin,뭘보든 이것만큼 만족감이 없음..,False,
@미미-w1r,기쁘다 언니 오셨다 ~~!!!,False,
@눈누난나-s3z,아 미쳐따 예고없는 선물 머야 대행복ㅜㅜㅜ,False,
@Zure_2,헐 언니 영상 돌려보고 또 돌려보고 있었는데에!!! 행복해!!! 🥹,False,
@na.__.gyg_,헐레벌떡 달려왔어요 🤤,False,
@댕딩유댕,헉 계속 영상 돌려보고있었는데 5분전 보고 헐레벌떡 달려와씁니다….,False,
@lihwa0_0,찾았다 내 하루의 마무리.. 피곤함의 끝엔 살빼조님 영상으로 대리만족합니다😊❤,False,
@subinjeang1719,진짜 이밤에 올려주시면 너무 감사하죠!!!❤,False,
@정지혜-f7m,다들 예전감성 그리워하는것 같은데 난 요즘 살빼조 감성이 너무 좋음!편안하고 아늑한 이 감성은 볼때마다 기분좋고 행복해져서 수백번 돌려보게됨,False,
@cloud-n8l,와 지금도 옛날감성 먹방인데../ 그런생각을하는사람이있구나 ㄷㄷ,True,@정지혜-f7m
@sssyyeeo,살빼조 is 뭔들~ 어떻든 항상 꿀잼ㅎ,True,@정지혜-f7m
@user-rl4ne5ps4x,"살빼조 언니라면 뭐든 상관업셔,…❤",True,@정지혜-f7m
@농담곰문담욱,어떤 차이인지 알 것 같음ㅇㅇ 근데 나도 요즘 빼조가 여러 모로 성숙한 느낌이라 더 좋아짐 😍,True,@정지혜-f7m
@슈슈-i9g,마져.. 사람이 똑같은데 멀 ㅠㅠㅠ 집이 달라지고 구도도 그때그때 달라지구 촬영장비나 내공도 생겼으니카 업그레이드가 되었을 뿐..✨<br>옛날도 지금도 다 좋음 살빼조 이즈 뭔들❤,True,@정지혜-f7m
@Amorfati211,기쁘다살빼조오셨네😊,False,
@긍채16,아 영상 보기도전에 개큰기대,False,
@Yangnyeom_galbi,웅와..,False,
@o5o331,보기도전에 다본것같이 신난다,False,
@민기-b6t,ㅠㅠ 던킨 두바이 도넛 먹고 싶었는데 때를 놓쳐서 이제 저희 지역에서 안 팔아서 대리 만족 하고 갑니다!,False,
@sanglogsu_chohui,기쁘다🎉 구주 살빼조동생오셨네😊 감기조심해요 주연동생,False,
@Myang-i8m,아 진짜 최고임 돌고돌아 먹방은 항상 살빼조임,False,
@아이두-w8c,행복하다…보면서 자야지..🩷,False,
@다울-z2x,월요일중 가장 행복한 시간❤,False,
@user-ox3ud3wg1l,하 행복하다,False,
@장수빈-u8p,달려왔습니다.,False,
@nyongullman,2분 전 보고 미친듯이 달려왔습니더,False,
@프당-t1u,아 행복해 살빼조영상이라니 자기전 최고의선택,False,
@구라봉-z3o,꺄,False,
@김효진-q4n5c,언니 언제오나 손꼽아 기다리고 있었어요ㅠㅠㅠㅠㅠㅠㅠㅠㅠㅠㅠ,False,
@Horang615,중간고사 끝나고 최고의 선택. 살빼조님 두루치기 드실 때 웃는 횟수만큼 뛰어왔습니다❤,False,
@daaxini,하루의 피로가 다 내려간ㄷ ㅏㅜ🫠🫠🫠😍🩷,False,
@꼬나-x3t,오엠지 이거 방금 올라온거 맞나여?!!!? 꺄악!!!!!!!❤❤❤❤,False,
@dnyfrul6847,틀자마자 재밌다..이게유튜버다,False,
@채귱,하…. 역시 월요병 치료는 울 언니밖에 없다….🥺💗 벌써 중독성 레전드일 것 같은 영상!! 잘 보구 갈게요 언니💗🥺,False,
@kimmingyukatsu,아 갑자기 ㅈㄴ행복해졋어 언니 사랑해요🥺,False,
@9axu.n,"<a href=""https://www.youtube.com/watch?v=JwZpUoI0VsY&amp;t=21"">0:21</a> 내일은 두바이를 갈거에요 ㅋㅋㅋ<br>왤케 귀여우심 ㅜㅠ 🤍🤍",False,
@코코넛-i5m,헐!!!!  오늘 십대 마지막 생일인데 최고의 생일선물 받은거 같애요 언니ㅠㅠ 잘볼게ㅣ요❤,False,
@조영찬-v9g,😂🎉😂🎉,False,
@박미연-t5o,자려고 했는데 영상이 딱!!!!!❤ 월요일에 영상 보고 힐링해요…❤,False,
@멋쟁이-i1z,큰 거 왔다 아싸뵤!!!!!!!!!!!!!!!!!!,False,
@만동-x5d,자기 전에 미챴다❤❤❤,False,
@sseung126,언니~~ 달려 왔어요옹💖<br>오늘도 역시 최고!~!,False,
@Himin-e6h,수능 3일 전 최고의 선택.,False,
@kimjangseason455,개큰화이팅 당신은 할 수 있어요,True,@Himin-e6h
@BBOOOONG,안돼요녀석아! 하지만 화이팅이예용❤ 잠깐 휴식도 하고 그러믄거죠!,True,@Himin-e6h
@윤미진-b9b,히히헤ㅔ헤헤ㅔㅎ 기쁘당,False,
@RAVEN_mj,항상 대리만족 시켜주셔서 감사합니다 살빼조 최고!!!,False,
@얌동이,언냐 사랑해 하루의 마무리를 이 영상으로..❤,False,
@짱궁-m7i,❤❤❤❤,False,
@ermeu_,알람 뜨자마자 달려옴 언니 나 기다렸잖아..,False,
@nuyhis9,아 재밌다(아직안봄),False,
@눙-m1g,아 맛있겠다 (아직안봄),True,@nuyhis9
@MANGO-hg7yy,아 재미없다,True,@nuyhis9
@ubeiiuey023,이거 사람들 언제까지 쓰려나,True,@nuyhis9
@세녘,​@@ubeiiuey023죽을때까지(아직안죽음),True,@nuyhis9
@parkj1552,개노잼이니까이제그만하삼,True,@nuyhis9
@rin00rin,아니조회수0인영상이라니..일뜽을다해보네,False,
@미네어쿠,15초만에 왔어 언니,False,
@리다씨,알림뜨자마자 달려왔소^^😊😊,False,
@user-cg6fz5zq8c,하 그녀가 왔다.. 내 최애 노래 뜬것 보다 신나네 웅니 최고..❤,False,
@user-gm9xn1dw5b,기쁘다 살빼조오셨네,False,
@user-p2s7x,해외에서도 올려주는 당신!!❤,False,
@박기범-b2s,살빼조님 브이로그를 잘 볼게요,False,
@양지동,알람 보자마자 대박적 하고왔어요,False,
@김시연-k9v,1빠!!!!❤❤,False,
@breathin516,헐 언니 호주에서도 업로드라니.....🤍🤍🤍,False,
@bin_bin_,언냐 기다렷어요~~~😻,False,
@김예서-f2i5k,하.미쳐ㅛ다.,False,
@qpqp436,너무 좋아,False,
@3847-x9s,꺄호💛,False,
@뾔,1등이다앗!!!,False,
@djieh5771,개처럼 달려왔다 헥헥,False,
@시현이-e5y,꺄 일빠다ㅠㅠ,False,
@dubusdu,끼야아아아웅,False,
@bbipbbip10,1빠,False,
@hanaa1eeeee,기다렸어요😍,False,
@user-cp3qn6ip9h,기다렸어용ㅇ,False,
@bbbbbi,달려옴😊,False,
@chlrhrjf,허어엉 대박,False,
@Ghkd0925,벌써 재밌다💓💓💓,False,
@hihihihihelloimhappygirl,우아ㅏ,False,
@김토끼-d2s,1,False,
@지현-e5j8q,1등한 적 처음인데 진짜 개같이 달려옴,False,
@멋쟁이-i1z,1등,False,
@30번-h4d,1,False,
@히히-s7z1n,와우 3초전,False,
