author,comment,is_reply,reply_to
@parkhome,제비님들은 오늘 빼빼로 몇 개 받으셨어요?!<br>1. 1개!<br>2. 3개 이상!<br>3. 0개...ㅠㅠㅠ...,False,
@상원이-m7d,1,True,@parkhome
@서채연_1030,저 3개 이상 (5개),True,@parkhome
@곽재현,크흠3,True,@parkhome
@user-fm5ng4ko9b,좋아요 짝수로 받기 1일차,True,@parkhome
@황영선-l7h,까만 리무진 보며 꿈을 키웠지 언젠가는 나도 저걸 갖게 될 거야 커다란 리무진에서 내가 내리지,True,@parkhome
@chxnhzh,아 나는 다 먹을수있을거같은데,False,
@혜은류,구독  박았습니다❤,False,
@그거아님놉,아름🩷,False,
@강준희-h3f,다음 편은 떡볶이 편으로 알게요!,False,
@양정아-m4h,아버님 괜찮으시죠? 컨텐츠는 좋은데 너무 무리하지마세요😢,False,
@Wooosuuuuung,아름님이 유진님 보다 어려?,False,
@서아_기여밍,돼지국밥ㅋㅋㅋㅋ,False,
@MabelJoe-q9n,ㄱ글 에서 벳프리 이 ㅓㅇ도로 유명했음?  내 듣보잡인줄 알았는데 ㄷㄷㅋ그놈의 ㄱ글,False,
@FionaQuinby,ㄱ글 에서 벳프리 진짜 보다보면 빠져든다 라이브에 수위도좋고 외모도 좋고 삼박자 지렀으ㄱ글 에서,False,
@ZacharySteadfast,ㄱ글 에서 벳프리 이 ㅓㅇ도로 유명했음?  내 듣보잡인줄 알았그는놈데의  ㄷㄱㄷ글? 에서 벳프리 때문에 내거,False,
@ElleryLight,이 댓글 보고 ㄱ글 에서 벳프리 보고있는 내 인생이 레전드네 씨밬ㅋㅋㅋㅋ?,False,
@민기-v9c,파뿌리+박씨집안 챌린지 어떠신가요?,False,
@UNI.T-w9g,백현님이 맛있고 빼빼로가 착해요,False,
@호린TV,어 이름 아유데 어? 아름이데 유정이 언니😮,False,
@아이나-k8b,요즘은 쓰는 말 아니래여,False,
@호홓-q9g,저9살인데할머니집갔는데하루에1번함,False,
@GalvinDawn,이 댓글 보고 ㄱ글 에서 벳프리 보고있는 내 인생이 레전드네 씨밬ㅋㅋㅋㅋ,False,
@스폰지밥-i3q,과일로 10000칼로리 해주세요,False,
@young2rang_0503,강호이 앞머리 계속 까줘 잘생겼다 ❤,False,
@Wonho1211,오! 제 생일에 영상이 나왔네요! 정말 재밌게 봤어요!,False,
@김정하-s5c,박씨집안머니에게늘 당뇨잇으시니까마이노멀에서나온초콜릿추천드려요😂  ㅜㅜ,False,
@EgertonOpal,ㄹㅇ ㄱ글 에서 벳프리 보면 다른거 눈에도 안들어옴 그냥 다시보면 되니까 개이득임 ㅋㅋㅋㅋ ?,False,
@유밍-k8y,"<a href=""https://www.youtube.com/watch?v=k9S5ethsq1s&amp;t=1498"">24:58</a> ㅋㅎㅋㅎㅎㅋㅎㅋㅎㅋ",False,
@최아림-j3t,"<a href=""https://www.youtube.com/watch?v=k9S5ethsq1s&amp;t=1256"">20:56</a> 아름님 머리카락 젖을까봐 <br>잡아주는 유진님 왜이리 스윗해보이지",False,
@서희TV-j7j,전못ㅏ,False,
@x_x-user,전 자기 자신에게 빼빼로를 받았습니다,False,
@StrengthAngelic,ㄹㅇ ㄱ글 에서 벳프리 보면 다른거 눈에도 안들어옴 그냥 다시보면 되니까 개이득임 ㅋㅋㅋㅋ ?,False,
@EvaThomas-e8j,ㄱ글 에서 벳프리 진짜 보다보면 빠져든다 라이브에 수위도좋고 외모도 좋고 삼박자 지렀으,False,
@QuestaOdette,ㄱ글 에서 벳프리 보느라 눈밑에까지 다크써클 들어옴 ... 진짜 근데이뻐서 눈을못떼겟다...,False,
@RosaGraham-v5w,진짜 ㄱ글 에서 벳프리 에서 방송 하시던분 진짜 잼있어 ... 다시보고 싶어서 가보자 ?,False,
@NicoletteEighth,ㄱ글 에서 벳프리 보느라 눈밑에까지 다크써클 들어옴 ... 진짜 근데이뻐서 눈을못떼겟다...,False,
@RhettHenrietta,진짜 ㄱ글 에서 벳프리 에서 방송 하시던분 진짜 잼있어 ... 다시보고 싶어서 가보자 ㅋ,False,
@지희곽-p8h,ㅋㅋㅋㅋㅋㅋㅋㅋㅋㅋㅋㅋㅋㅋㅋㅋㅋㅋㅋㅋㅋㅋㅋㅋㅋㅋㅋㅋㅋㅋㅋㅋㅋㅋㅋㅋㅋㅋㅋㅋㅋㅋㅋㅋㅋㅋㅋㅋㅋㅋㅋㅋㅋㅋㅋㅋㅋㅋㅋㅋㅋㅋㅋㅋㅋㅋㅋㅋㅋㅋㅋㅋㅋㅋㅋㅋㅋㅋㅋㅋㅋㅋㅋㅋㅋㅋㅋ,False,
@박원복-m3q,10000칼로리동안  로제만먹기,False,
@White_is_peace,"<a href=""https://www.youtube.com/watch?v=k9S5ethsq1s&amp;t=1028"">17:08</a> 아름이 손 모양이?",False,
@김민서-e5z7q,"<a href=""https://www.youtube.com/watch?v=k9S5ethsq1s&amp;t=318"">5:18</a> 부터 아름님 빼빼로 먹는거 왤케 귀엽냐?ㅋㅋ",False,
@nuej_k2695,"만두 10,000칼로리 챌린지 해주세요~!",False,
@박해기-b2j,유진님 왜 다치셨어요.😢,False,
@남냠님,아름이 사랑해❤❤❤❤❤,False,
@박진희-r8d8o,차 좀치워라,False,
@manduw0828,저는 6개받았어요❤,False,
@김현-p9m,제가 구글에 11월 11일이 무슨날인지 한번 검색해봤는데... 빼빼로데이가아니고 UN참전용사추모하는날이라고 적혀있던데요??,False,
@qwe071889,저 빼빼로 데이에 빼빼로 밨았어요,False,
@보라돌이-n9u,4일전,False,
@문준서-e8n,제  치어라,False,
@안녕하세요-g5b,원래 오리지널 빼고는 10개 이하임,False,
@길가는닭,"<a href=""https://www.youtube.com/watch?v=k9S5ethsq1s&amp;t=1633"">27:13</a> 유진님다리다치셨네요???",False,
@yoon8765,빼빼로데이 아니고 가래떡데이 인데.........,False,
@조원향-f4i,"<a href=""https://www.youtube.com/watch?v=k9S5ethsq1s&amp;t=256"">4:16</a>에 남자애는 백현님 입니다(?)",False,
@cityfantube,😮,False,
@남데빌tv,백앤아 아름님 귀여워요,False,
@Eeèeeeeeeeee-v5j,아름님에서 왜 안유진이 보이는거지;,False,
@최세희-m3g,2개,False,
@김민규-d1c2i,빼빼로데이아니데,False,
@킴린듕,혹시 3일전 영상이란것을 모르는건 아니죠..?,True,@김민규-d1c2i
@김성희-r7e2x,백현도 불러주세요,False,
@하양초5-3김주,처음에 아름님보고 안유진인줄;;;;,False,
@솔이소리-s8j,저  빼빼로13개받아써요😁,False,
@김민주-x4t7y,박씨집안님만두로10000칼로리챌리지어때요❤,False,
@loganjung의초딩뮤직,아름님. 귀여우세요!,False,
@이영배-m9g,아름이님 아이브 안유진 닮으셨어용!!❤,False,
@김쪼밍,유진이 언니 다리 다쳤어요?,False,
@가율김-n2w,나중에도 백앤아 나오게 해주세요,False,
@Lee-cv6cs,내가 들어갔으면 2만 칼로리도 가능,False,
@kunheeshin-ym9df,비생물로 10000칼로리 해주세요,False,
@yoou_leo,만칼로리 챌린지 추천 젤리편,False,
@슈아의게임나라,저 11월 12일에 생일이에용^^,False,
@Vienna_0101,아름언니 파뿌리랑 박씨집안 출연해서 너무 조타! 언니 맛있는거 많이 먹구 빼빼로 마니 받아ㅏ!! 사랑해❤ 진짜 겁나 기엽다ㅏ 💗,False,
@기디디-r2i,헤헿헤헿<br><br><br><br><br><br><br><br><br><br><br><br><br><br><br><br><br><br><br><br><br><br><br><br><br><br><br><br><br><br><br><br><br><br><br><br><br><br><br><br><br><br><br><br><br><br><br><br><br><br><br><br><br><br><br><br><br><br><br><br><br><br><br><br><br><br><br><br><br><br><br><br><br><br><br><br><br><br><br><br><br><br><br><br><br><br><br><br><br><br><br><br><br><br><br><br><br><br><br><br><br><br><br><br><br><br><br><br><br><br><br><br><br><br><br><br><br><br><br><br><br><br><br><br><br><br><br><br><br><br><br><br><br><br><br><br><br><br><br><br><br><br><br><br><br><br><br><br><br><br><br><br><br><br><br><br><br><br><br><br><br><br><br><br><br><br><br><br><br><br><br><br><br><br><br><br><br><br><br><br><br><br><br><br>3<br><br><br><br><br><br><br><br><br><br><br><br><br><br><br><br><br><br><br><br><br><br><br><br><br><br><br><br><br><br><br><br><br><br><br><br><br><br><br><br><br><br><br><br><br><br>2<br><br><br><br><br><br><br><br><br><br><br><br><br><br><br><br><br><br><br><br><br><br><br><br><br><br><br><br><br><br><br><br><br><br><br><br><br><br><br><br><br><br><br><br><br><br><br><br><br>1<br><br><br><br><br><br><br><br><br><br><br><br><br><br><br><br><br><br><br><br><br><br><br>0<br><br><br><br><br><br><br><br><br><br><br><br><br><br><br><br><br><br>땡<br><br><br><br><br><br><br><br><br><br><br><br><br><br><br><br><br><br><br><br><br><br><br><br><br><br><br><br><br><br><br><br><br><br><br><br><br><br><br><br><br><br><br><br><br><br><br><br><br><br>이까지왜옴킻에가보셈<br><br><br><br><br><br><br><br><br><br><br><br><br><br><br><br><br><br><br><br><br><br><br><br><br><br><br><br><br><br><br><br><br><br><br><br><br><br><br><br><br><br><br><br><br><br><br><br><br><br><br><br><br><br><br><br><br><br><br><br><br><br><br><br><br><br><br><br><br><br><br><br><br><br><br><br><br><br><br><br><br><br><br><br><br><br><br><br><br><br><br><br><br><br><br><br><br><br><br><br><br><br><br><br><br><br><br><br><br><br>ㅋ<br><br><br><br><br><br><br><br><br><br><br><br><br><br><br><br><br><br><br>ㅎ<br><br><br><br><br><br><br><br><br><br><br><br><br><br><br><br><br><br><br><br><br><br><br><br><br><br><br><br><br><br><br>ㅋㅎ<br><br><br><br><br><br><br><br><br><br><br><br><br><br><br><br><br><br><br><br><br><br><br><br><br><br><br><br><br><br><br><br><br><br><br><br><br><br><br><br><br><br><br><br><br>ㅋㅋ<br><br><br><br><br><br><br><br><br><br><br><br><br><br><br><br><br><br><br><br><br><br><br><br><br><br><br><br><br><br><br><br><br><br>ㅎㅎ<br><br><br><br><br><br><br><br><br><br><br><br><br><br><br><br><br><br><br><br><br><br><br><br><br><br><br><br><br><br><br><br><br><br><br><br><br><br><br><br><br><br><br><br><br><br><br><br><br>이까지왜옴<br><br><br><br><br><br><br><br><br><br><br><br><br><br><br><br><br><br><br><br><br><br><br><br><br><br><br>끝<br><br><br><br><br><br><br><br><br><br><br>놔절 ㅈㅅ,False,
@기디디-r2i,개힘드네,True,@기디디-r2i
@kcygameroom,32만 축하드려요🎉<br><br><br><br><br><br><br><br><br><br><br><br><br><br><br><br><br><br><br><br><br><br><br>3,False,
@형중김-j9n,서열먹방 해주세요!,False,
@김호현-t8u,유진누나 다리는 어쩌다 다치셨어요...? <br>아픈것도 아픈건데 깁스하면 너무 불편해요... <br>언릉 좋아지길 바라요!,False,
@신상봉-h6n,강호이 최고😊,False,
@아가둥둥,유진님 아름님 캐미 좋다 뭔가꙼̈ 힐링되 채널 만들어 주세요,False,
@왈냥pk,"<a href=""https://www.youtube.com/watch?v=k9S5ethsq1s&amp;t=1290"">21:30</a> 제가 사위로 가면안될까요 진지하게 유진님위해 콩팥 심장 신장 등등 내줄수있습니다 유진님을 위해 이한몸....❤❤",False,
@오늘도행복해-z8p,"<a href=""https://www.youtube.com/watch?v=k9S5ethsq1s&amp;t=537"">8:57</a> 아버지가 ㄱㅇ였어..?",False,
@dl8653,11월11일 농업인의 날 빼빼로날은 국가지정이 아니고 사람들이(롯데)  챙기기 시작했어요.. 그래서 유래가 없어요,False,
@안지민,"<a href=""https://www.youtube.com/watch?v=k9S5ethsq1s&amp;t=1261"">21:01</a> 유진님 아름이 머리카락 젖지 말라고 들어주시는거 스윗하셔..",False,
@꼼밍이,지금 아버님 툿 하고왔습니다!!!!,False,
@형준박-u2e,유진 누나 발 왜 다쳤어요?,False,
@퇴진퇴진퇴진,아름이 언니예뻐요💖💖💖💋💋💋,False,
@doryk6328,피부에 광이나시는데..비결이 뭔가요..,False,
@당신-w4u,저분 안유진 아니에요?,False,
@윤효자-c9k,11분45초 도미노ㅋㅋㅋ,False,
@채린이-m1d,어제 전학생 왔는댜,False,
@이병근-g9h,정유진 ❤사랑해,False,
@비승보,가족끼리 다나와서 뭐하는거고,False,
@SofiDiTsoy,아름님 너무 예쁘신 것 같아여,False,
@이태민-v4k,나빼빼로48개받음여자애들한태여친이랑,False,
@이태민-v4k,나는빼빼로데이에생일인데,False,
@3check-y6n,"ㅋㅋ <a href=""https://www.youtube.com/watch?v=k9S5ethsq1s&amp;t=1359"">22:39</a>",False,
@김단아-x6r,아름이 또 출연해 주세여!! 넘넘 재밌어요!❤❤,False,
@쭈미네,나만 아름 안유진 달음?,False,
@gemmadella4149,빼빼로 받고싶은 사람 손!,False,
@gyulbin,암만 봐도 아름님은 테무산 안유진님 같음,False,
@조승환-e5o,다음에는 빼빼로 1111개 먹기 해주세여,False,
@이서쀼르미,빼빼로 데이에 저 생일이에요<br>축하해주세요🎉,False,
@돼준이,아름님 테무산 안유진 같음,False,
@하이-z3r-x8b,저희는 학교에서 급식시간에 빼빼로 받은거 9명이서 15박스 먹억어욬ㅎ😂,False,
@성이름-x4r7j,"<a href=""https://www.youtube.com/watch?v=k9S5ethsq1s&amp;t=706"">11:46</a> 유진님에게 너무나도 폭력적인 이 계단식 구도.....<br><br><br>더 길어져라 LONG~~~~~~",False,
@성이름-x4r7j,"<a href=""https://www.youtube.com/watch?v=k9S5ethsq1s&amp;t=532"">8:52</a> ㅋㅋㅋㅋㅋㅋㅋㅋㅋ아 소리지르면서 웃었네 역시 킹호룡삼촌ㅋㅋㅋㅋㅋㅋㅋㅋㅋ미쳤닼ㅋㅋㅋㅋㅋ",False,
@성이름-x4r7j,"<a href=""https://www.youtube.com/watch?v=k9S5ethsq1s&amp;t=306"">5:06</a> 강호이님의 리즈시절이 궁금하신 분들은 파뿌리24 친구vs부모님을 시청해주세용♡♡",False,
@광란의츄츄열차-op,어제는 농업인의 날 입니다.<br>ㅖ. 교장쌤이 그랬어요 하지만 내 마음속엔 빼배로데이지 힣,False,
@예은-z9f,유진님 발목 왜 다쳤어요? 빨리 건강해지세요,False,
@어서와용,최초 11111칼로리다!,False,
@영일방-s3x,이거 보면서 포키 먹는중ㅋㅋㅋ,False,
@진경이-f9i,아버지 당료 안걸리게 조심 하셔야 겠다 당분간,False,
@영하김-m7f,도넛 10000칼로리 편 해주세요,False,
@IMBLUE0214,빼빼로 많이 먹으면 화장실에 같힙니다,False,
@user-xx3wb9mx5z,둘이뭐있다!,False,
@친구여자-l8n,박씨 집안님 새로운 영상잘보고갑니다 다음영상기대된니다 즐거운 하루 되세요 &gt;&lt;♡`,False,
@immm_leen,빼빼로 좋아하지만 하루 최대7개까지만 가능..,False,
@immm_leen,유진님이랑 강훈님이랑 고민하다가 강훈님 투표했었는데ㅋㅋㅋ,False,
@aipop870,전 포키 블루베리 제일 좋아해요!! ㅋㅋ,False,
@aipop870,"아빠, 엄마, 누나 좋아하는 빼빼로 종류가 다 달라서 하나씩 사요.. ㅋㅋ 아빠는 아몬드, 엄마는 일반, 누나는 누드 이렇게 좋아하는데.. 저희 가족은 그런 거에 관심이 없어서 저만 챙긴다는 거..ㅠㅠ",True,@aipop870
@블루지니-g4w,아름씨도 고생했어요~,False,
@Kanghajoon,아름님 눈매가 웃을때 안유진 닮았어요,False,
@홍수정-m2x,와..역대급 만칼챌린지 중에 제일 웃기고 재밌었어요 ㅋㅋㅋ아름님 자주 나와 주세요 ㅠㅠ,False,
@현종김-c5x,근데 진짜로 아름이 왜케 유진이를 닮았지?,False,
@꾸릉이-d4c,파뿌리 강호이형님 그리고 어머님 아버님 그리고 유진이누나 백앤아누나 늘 건강하세요,False,
@딸수민,13시간전!!!,False,
@딸수민,1번,True,@딸수민
@은빈-z4v,유진언니 발 다치 셨네용...빨리 나으세용❤,False,
@치즈리k,"<a href=""https://www.youtube.com/watch?v=k9S5ethsq1s&amp;t=838"">13:58</a> <a href=""https://www.youtube.com/watch?v=k9S5ethsq1s&amp;t=839"">13:59</a>아름이ㅋ",False,
@uesr-z9qdzhu5df,이상한 봇 뜨면 신고 부탁드립니다<br><br>박씨집안 잘봤습니다 👏🏻👏🏻,False,
@gree1995,앤아님 웃을때 안유진님 닮았어요~~,False,
@TOTTENHAMLEGENDSON,뭐고 유진누나 다리 언제 다쳤노ㅠㅠ,False,
@정혜엿,아름님안유진닮앗는데??,False,
@lil_99,아름님 웃을때 아이브 안유진 닮은듯,False,
@배회장,호이 유진…수상한데..ㅋㅋㅋ,False,
@Talatala2008-woo,안돼애애애,True,@배회장
@Thaldi77,어우 영상 보기만해도 빼빼로 물린다 😂😂 질려서 한개 이상도 못먹겠던데 고생하셨어요,False,
@turu-b4g,안유진 닮음,False,
@eunsunghan4044,유진님 왜 다리 다치셨어요ㅠㅠ<br>너무 무리하지 마시고 항상 건강하고 밝은 모습 보여주세요<br>빼뺴로 먹으면서 보니까 재미있었습니다 ㅎㅎ<br>박씨집안 화이팅!!!,False,
@춘리春丽,11월11일 un참전용사분들 추모의날입니다,False,
@유리창-x9u,빼빼로는 진짜 그동안 본거 중에 제일 빡세 보였어여   하이공 저걸 만칼로리라니요    아름님 커여우심~  ㅋㅋㅋㅋㅋ  유진님  은근히 아름님 배려해주시는거   너무 이쁘셨어여~ 상콤 착하셔,False,
@아이돌A양보기-g8w,저는 이제 빼·빼로 비슷한·것도 먹지 않겠습·니다..!!,False,
@메전타타디나눔중,ㅈㄹ하네,True,@아이돌A양보기-g8w
@sanjubhai5491,프사 들어가서 보자마자 쌰버렸다 하 레게노ㅠㅠ,True,@아이돌A양보기-g8w
@raviprkash431,들어가보고 태어나서 처음으로 연속2번땰침,True,@아이돌A양보기-g8w
@Shwetaarts256,형꺼 주소 부모님 주무시면 보러온다 ㄱㄷ,True,@아이돌A양보기-g8w
@KaranSinghChoudhary-sh8oz,이럴줄 알았음 평소에 까져보이더라,True,@아이돌A양보기-g8w
@mikyounggong5722,영상 후반에 잠깐 유진님 발 나왔는데 다치신건가요?빨리나으세요!,False,
@yein_05,아름님 볼때마다.. 순간순간 1초씩.. 욕하는게 아니라.. 안유진님이 보여요,False,
@소크라테스-x2z,안유진 닮았다,False,
@yein_05,"<a href=""https://www.youtube.com/watch?v=k9S5ethsq1s&amp;t=1035"">17:15</a> <a href=""https://www.youtube.com/watch?v=k9S5ethsq1s&amp;t=1037"">17:17</a> <a href=""https://www.youtube.com/watch?v=k9S5ethsq1s&amp;t=1039"">17:19</a> ㅋㅋㅋㅋㅋㅋㅋㅋㅋㅋ",False,
@김가영-b8z,박씨집안 재밌어요 영상 올려주셔서 감사해용 ❤❤❤ 아름님도 100만까지 고고백앤아고!❤❤❤,False,
@김가영-b8z,박씨집안 재밌어요 영상 올려주셔서 감사해용 ❤❤❤ 아름님도 100만까지 고고백앤아고!❤❤❤,False,
@김가영-b8z,전 3개 이상이요!❤❤❤,False,
@김가영-b8z,재밌겠다요 아름님 먹방 천재❤❤❤❤,False,
@inten.,아름님 첨봤는데 성격 엄청 좋으시다,False,
@지갑-m1z,아르미님 안유진 닮으셨어요 약간 ㅌㅁ산 안유진? 너무 이쁘세요,False,
@hyo-jinkim2426,그건 좀 무례한듯😢😢,True,@지갑-m1z
@다연정-o5r,1♡개 이상 받았어용 유진이 발목 깁스 했네용 얼렁 낫으새용 아닌가 💗💗💗💗🩷🩷🩷🤍🤍🤍🤍💟💟💟💟,False,
@김현덕이라고요,빼빼로 진짜 맛있어요 ㅎㅎ 강호이 형은 파뿌리 채널도 힘들텐데 박씨집안 에서도 활동하니까 강호이형 정말 훌륭하고 멋진거 같아요 강호이형 최고 힘내용 사랑해요~~ 파뿌리 짱존잼 꿀잼,False,
@monkeyseunga,♡♡♡♡♡❤,False,
@가을gauel,"<a href=""https://www.youtube.com/watch?v=k9S5ethsq1s&amp;t=967"">16:07</a> ㅋㅋㅋㅋㅋㅋㅋㅋㅋㅋㅋㅋㅋㅋ",False,
@정민서-b1p,0개ㅠㅠㅠㅠㅠ,False,
@꼬북이-w6b,3번 ㅜㅜㅜㅜㅜㅜㅠㅜㅠㅜㅠㅜㅠㅜㅠㅜㅠㅠㅜㅠㅜㅠㅜㅠㅜ<br>다음엔 ㅜㅜ 체소로  ㅠㅜㅠㅜㅠㅜㅠㅜㅠㅜ푸ㅠ,False,
@김상엽-q4r,요즘은 급식으로도 뺴뺴로 나와요 ㅎㅎ,False,
@가을gauel,"<a href=""https://www.youtube.com/watch?v=k9S5ethsq1s&amp;t=84"">1:24</a> 왤케 상큼해 ㅋㅋㅋ 😉❤️",False,
@백앤아,저는 이제 빼빼로 비슷한것도 먹지 않겠습니다..!!,False,
@Whys-t6h,찐이다 올리자,True,@백앤아
@KwonJiWonope,찐이다,True,@백앤아
@김가영-b8z,아름님이당~~^^❤❤❤,True,@백앤아
@지성김-e3p,찐이다,True,@백앤아
@김선순-x3d,아름님 너무예뻐요!!!!❤❤,True,@백앤아
@파란참새-b9f,꺆 아름언니다!🎉  너무 좋아하는 아름언니가 나와서 좋다!❤,False,
@김문수-i4z,진짜 아버지 잘 챙겨야 되요. 이번에 너무 걱정되요 흙 ㅠ. 저는 우리 아버지 희생에 감동하고 갑니다!,False,
@신민경-b9q,"<a href=""https://www.youtube.com/watch?v=k9S5ethsq1s&amp;t=972"">16:12</a> 강호이 입에 빼빼로 있는데요?!",False,
@YOUJINOH-rz9qk,그래서 영상 끝나고 낙곱새 먹었나요?,False,
@빛나는호랑이-d2m,아름님 나오니까 한층더 재밌어요! 😅  앞으로도 여려 개스트 불려주세요 매일  재미있는 영상 만들어주셔서 감사합니다 😊,False,
@빈-j8z,작년 빼빼로데이에 남친이 빼빼로 한 박스를 줬는데 하필 학원 선생님 앞에서 줘서 창피했어요...😅 근데 지금 헤어짐 ㅠㅜ,False,
@잔향산가,오,False,
@승목전,❤❤,False,
@이미화-l8i,27분 쯤에 유진언니 다리 왜 그래요???..😢,False,
@유리창-x9u,빼빼로 챌린지를 빛내주실   안유진??  님이 오셨네여~~~   푸하핫  꿀잼 잘 보겠습니당~~~ ㅋㅋㅋㅋㅋㅋㅋㅋㅋ  아름님 커여우세영~~,False,
@CreedKilian,아름님 자주 나오시길!!,False,
@두경이2,평소에도 박씨집안과 백앤아를 좋아했었는데 이렇게 같이 재미있는 영상 만들어주셔서 감사합니다 유진언니 아름언니 사랑해요💕,False,
@SA-ho5tc,아버지 넘 따스하셔요 ㅎㅎ,False,
@HAJIWON-z6d,2024년 11월11일<br>빼빼로 📦🎁,False,
@HAJIWON-z6d,와 빼빼로 내가 좋아해,False,
@권혜진-v7z,유진님발,False,
@임은결-o7o,유진님발목다치셨나요?,False,
@erai-egoo,어우 우유나 김치 먹고 싶었겠어요...,False,
@가네왕,유진님 다리?  빨리 나으세요!,False,
@최현성-h5y,유진 누나 너무 귀엽고 예뻐요. 누나사귀고싶어요 ㅎㅎ,False,
@동호-b6x,새로운 한 주의 월요일 만칼로리첼린지 영상으로 많은 웃음 주셔서 감사해유&gt;_&lt;많이 웃었어요,False,
@운교게이머,오늘은 백앤아 중에서 아름님이 오셨네요 나중에는 백현님도 섭외 하실 수 있으면 섭외 부탁드려요,False,
@돈군,설마...새로운...커플??? 은....아니겠지...??? ㅋ😊,False,
@이랑이-g5s,유진님 발 다치셨나요?<br>ㅠㅠ건강하세요ㅠㅠ아름님도 고생하셨어요ㅠㅠ 박씨집안 분들 빼빼로 데이라고 힘든 영상 만들어주셔서 감사티빙💗<br>편집자님도 고생하셨습니당!~,False,
@이유찬-r7h,테무에서 산 안유진이당,False,
@다이브뤂덕이,빼빼로데이!!!❤,False,
@신근호-x4e,"<a href=""UCkszU2WH9gy1mb0dV-11UJg/hf90Xv-jHeOR8gSxxrToBA""></a><a href=""UCkszU2WH9gy1mb0dV-11UJg/hf90Xv-jHeOR8gSxxrToBA""></a><a href=""UCkszU2WH9gy1mb0dV-11UJg/hf90Xv-jHeOR8gSxxrToBA""></a><a href=""UCkszU2WH9gy1mb0dV-11UJg/hf90Xv-jHeOR8gSxxrToBA""></a><a href=""UCkszU2WH9gy1mb0dV-11UJg/hf90Xv-jHeOR8gSxxrToBA""></a><a href=""UCkszU2WH9gy1mb0dV-11UJg/hf90Xv-jHeOR8gSxxrToBA""></a><a href=""UCkszU2WH9gy1mb0dV-11UJg/hf90Xv-jHeOR8gSxxrToBA""></a><a href=""UCkszU2WH9gy1mb0dV-11UJg/hf90Xv-jHeOR8gSxxrToBA""></a><a href=""UCkszU2WH9gy1mb0dV-11UJg/hf90Xv-jHeOR8gSxxrToBA""></a><a href=""UCkszU2WH9gy1mb0dV-11UJg/hf90Xv-jHeOR8gSxxrToBA""></a>",False,
@우주호-i8z,저요생일이해요,False,
@김민찬-x9r,저는 학교 친구들에게 20개 이상 받았어요,False,
@Smoothi_12,학교에서 5 학원에서 3,False,
@areum6013,아름님 나이 알고 싶어서 나무위키 쳐봤더니 나이 안 밝혔고 유진님이 아름님에게 언니라고 하는것으로 보아 30대초반으로 추정이라는데 이 영상 보고 쓴거 같은데 아름님이 계속 유진님한테 언니라고 하고 유진님도 자기를 언니라고 지칭하는거 같은데 수정해야할것같은데... 그리고 강호이님도 아름이라고 하고 아름님도 강호이님한테 오빠라 하는거 같은데 그럼 강호이님이 30대초반이니까 아름님은 28살이나 20대 후반이 아닌지 싶네요 그리고 영상 처음부터 끝까지 유진님한테 언니라하고 유진님은 아름이라고 편하게 부르는것도 그렇고...,False,
@milb9919,강호이도 리즈가 있었다니ㅋㅋ,False,
@팔짧은생쥐,유진님왜깁스했어요???,False,
@Stayroom0611,아름님 점점 아이브 안유진 닮았는데 나만 그렇게 생각드나?,False,
@한울e,"<a href=""https://www.youtube.com/watch?v=k9S5ethsq1s&amp;t=125"">2:05</a>초 강호이형의 저주 발동ㅋㅋㅋ",False,
@구토라,ㅋㅋㅋ,False,
@황미르-s2o,아름누나❤,False,
@정민-t2r3f,아름님 이다!!!!!!,False,
@라따뚜이-n4w,아름님 영화 청설에 여름(노윤서) 닮으셨어요!!,False,
@좀멋져,테무 안유진 정유진 이쁘다 ~,False,
@오다솜-z5y,아름님 웃을때 안유진 닮았당,False,
@hiphopboy629,빼빼로 말고 농업인들 존중해줍시다…,False,
@나나나나나-w9y,11월11일은 농업인의 날입니다. 아돌잼 아니다....,False,
@jihohwang7623,오늘 빼빼로 못받은 사람 좋아요 박아라,False,
@24-cl1xs,저는...초콜릿 알레르기가 있어서.....<br>   못먹어어여..😢,False,
@까짓것-y7o,아버지 단독으로 빼빼로 드시는 거 보고 고독한 미식가 떠올렸는데<br>아버지 고독한 미식가편 예전에 했던 거 다른 분위기 없이 그냥 진행<br>해 주시면 안됨요? ㅋㅋㅋㅋㅋㅋㅋㅋㅋ,False,
@멋쨍이-b5x,대박 아빠 진짜 멋잇다,False,
@hiphopboy629,솔로는 여기 와라…😢,False,
@이삭최-d3g,"<a href=""https://www.youtube.com/watch?v=k9S5ethsq1s&amp;t=694"">11:34</a>",False,
@이삭최-d3g,"<a href=""https://www.youtube.com/watch?v=k9S5ethsq1s&amp;t=695"">11:35</a><br>도르마무🕳",False,
@소영-j8d,유진언니같은스타일 지인으로 젤조아해요 ❤️,False,
@썬블-p9j,11월11일은 가래떡데이입니다,False,
@TV-kf1pl,강호이 뒷머리 기르셨네요!,False,
@gogotv1221,"<a href=""https://www.youtube.com/watch?v=k9S5ethsq1s&amp;t=536"">8:56</a> 와 이 장면은 지금까지 박씨집안에 역대급 명장면인 듯요!😊",False,
@RosaGraham-v5w,ㅋㅋㅋㅋㅋㅋ ㄱ글 에서 벳프리 모솨서 잼민이 발정났누,True,@gogotv1221
@EvaThomas-e8j,ㄱ글 에서 벳프리 보고 나면 다낵질 보충제 한사발 빨아야 한다는데 사실인가요?ㅋ,True,@gogotv1221
@StrengthAngelic,ㄱ글 에서 벳프리 보느라 눈밑에까지 다크써클 들어옴 ... 진짜 근데이뻐서 눈을못떼겟다...?,True,@gogotv1221
@GalvinDawn,그놈의 ㄱ글 에서 벳프리 때문에 내거기 닳고 닳아서 없어지겠네?,True,@gogotv1221
@문정석-i4j,왜 유진님 왜 발 다쳤는지 궁금해유~~ 얼른 완쾌하세유 ㅎㅎ,False,
@KOREAN_humann,유진아 너는 3개 뜯겼지 나는 선생님한테 3개받았다 개부럽지 히히히,False,
@서진형-q2f,유진님왜다리에 깁스하신에요?,False,
@이주연-v7c1u,유진언냐 바류왜 다치셨어용😢,False,
@선몽이,아름님 너무 이뻐요❤❤❤<br>아이브 안유진님 닮으셨어요!!!!,False,
@청춘방부,물리겠다,False,
@bullane,아니 유진언니 왜 다리다쳤어요…ㅠㅠ 따흑…😭,False,
@고슴도치-m1b,아름님이랑 연예하고 싶다<br>귀여워요,False,
@QWAS54D,제 생일이11월11일 이어서 선물이 빼빼로 만 받아욕ㅋ ㅋㅋㅋ,False,
@농이부-z1h,"11월 11일에는 다양한 기념일이 있습니다 국민들이 가장 많이 아는게 빼빼로데이이고 그리고 농업인의 날(가래떡데이), 보행자의 날, 유엔참전용사 국제추모식 등 다양하게있다고합니다. 그리고 젓가락데이 다양한 기념일이 있다하네요 빼빼로데이 11,111kcal 영상 재미있게 봤습니다. <a href=""https://www.youtube.com/watch?v=k9S5ethsq1s&amp;t=671"">11:11</a> 빼빼로데이 국가공인은 농업인의 날입니다.",False,
@베리즙맛나,아름님말고 유진님 왜발을 다치셨나요..?영상에 나중에 나올것같은뎅..,False,
@김창완-n2v,0개  빼빼로는 적당히 드세요  당뇨와요,False,
@콜오브듀티모바일게임,유진반아름반빼빼로10통먹어,False,
@콜오브듀티모바일게임,유진반아름반,False,
@ppeeep,아부지ㅜ 고생많으샸습니다..,False,
@이수아-r2h8q,다음편에는 돈까스 만칼로리도 좋을것 같아요❤❤❤,False,
@정아이-r7o,"<a href=""https://www.youtube.com/watch?v=k9S5ethsq1s&amp;t=1631"">27:11</a>초에 유진님 다리 다치셨어요?       <br>빨리나으세요",False,
@Dozian121,안유진 닮은꼴과 정유진,False,
@모구찌-t4m,저 유자차맛 빼빼로 먹어봤는데 맛이 좀..............................,False,
@연재강-t8s,빼빼로 데이가 농업인의 날이신걸 알고 계셨나요?ㅎ 이번 챌린지가 11111칼로리로 맞춘게 넘 인상적이네욤ㅋㅋ 그리고 어머니는 당뇨 있으셔서 조심히 하셔요:) 파뿌리에선 강훈님이 젤 좋았는데 박씨집안에선 부녀에게 눈길이 가네요! 강훈님 오늘도 멋지시고요 나중에도 멋지실 얼굴이세요! 박씨집안 화이팅!100만 가즈아!,False,
@파뿌리노랭이펜계정,"<a href=""https://www.youtube.com/watch?v=k9S5ethsq1s&amp;t=1006"">16:46</a> 강훈아 담배 필거면 니가 펴라 유진이 피우지 말고",False,
@파뿌리노랭이펜계정,다같이 안피우면 되잖아^^,True,@파뿌리노랭이펜계정
@치즈냥리즈-q4v,좋아요1.1만 대박 그것도 두시간 전 덜덜,False,
@파뿌리노랭이펜계정,"<a href=""https://www.youtube.com/watch?v=k9S5ethsq1s&amp;t=964"">16:04</a> 넣다 빼노",False,
@띠기모-x5r,역시 빼빼로 데이면 빼빼로이지,False,
@l_ral0,백앤아 기빨리는데 진짜 호감인거 뭔지알죠(?),False,
@햄터,호이님 머리 잘어울리신다!,False,
@고선희-o8e,유진 언닝 발 왜 다치셨어요??❤😢언능 나으새여😢😢😢😢❤❤❤❤❤❤,False,
@중기장이,남해유자가 나오다니 남해 남해 남해,False,
@김민경-e7c2q,아름님저도하나도못받음,False,
@김민준-k1u3e,다음에 케이크로 만칼챌 해주시면 감사하겠습니다ㅏ,False,
@공허-j1z,유진님 다리 다치셧네요?,False,
@Chuu_Day,아름이 웃는거 진심 개이쁘다,False,
@송지호-d7m,빼빼로데이특집 너무좋네요 <br>아름님 특별출연 반가웠어요 ^^,False,
@송유진-g8e,박씨집안 재미있다!!!!,False,
@뿌깜뿌깜,유진님 발 왜그런가요? 깁스햇네요? .. 항상 건강하세요 퐈이팅이요!!,False,
@박계정-w6i,와1시간전,False,
@아기아리,농업인의날도 있어요.(하지만 재밌죠?),False,
@마크스토리타임,"<a href=""https://www.youtube.com/watch?v=k9S5ethsq1s&amp;t=170"">2:50</a> 강호이형 잘 죽어 ㅋㅋ",False,
@zbbetter,3ㅠㅠ,False,
@마크스토리타임,"<a href=""https://www.youtube.com/watch?v=k9S5ethsq1s&amp;t=135"">2:15</a> 이분 유튭각을 좀 아는구만 ㅋㅋㅋㅋ ㅋㅋㅋㅋ ㅋㅋㅋㅋ",False,
@대한민국만세-x6h,"<a href=""https://www.youtube.com/watch?v=k9S5ethsq1s&amp;t=1631"">27:11</a> 유진님 발 어쩌다가 ㅠ",False,
@최용성-o4f,유진님 왜 다리에 깁스했나요?,False,
@foowoo798,"<a href=""https://www.youtube.com/watch?v=k9S5ethsq1s&amp;t=1664"">27:44</a> 내 맞지 ㅋㅋㅋㅋㅋㅋㅋㅋㅋㅋㅋㅋㅋㅋㅋㅋㅋㅋㅋㅋㅋㅋㅋㅋㅋㅋㅋㅋㅋㅋㅋㅋㅋㅋㅋㅋㅋㅋㅋㅋㅋㅋㅋㅋㅋㅋㅋㅋㅋㅋㅋㅋㅋㅋㅋㅋㅋㅋㅋㅋㅋㅋㅋㅋㅋㅋㅋㅋㅋㅋㅋㅋㅋㅋㅋㅋㅋㅋㅋㅋㅋㅋㅋㅋㅋㅋㅋㅋㅋㅋㅋㅋㅋㅋㅋㅋㅋㅋㅋㅋㅋㅋㅋㅋㅋㅋㅋㅋㅋㅋㅋㅋㅋㅋㅋㅋㅋㅋㅋㅋㅋㅋㅋㅋㅋㅋㅋㅋㅋㅋㅋㅋㅋㅋㅋㅋㅋㅋㅋㅋㅋㅋㅋㅋㅋㅋㅋㅋㅋㅋㅋㅋㅋㅋㅋㅋㅋㅋㅋㅋㅋㅋㅋㅋㅋㅋㅋㅋㅋㅋㅋㅋㅋㅋㅋㅋㅋㅋㅋㅋㅋㅋㅋㅋㅋㅋㅋㅋㅋㅋㅋㅋㅋㅋㅋㅋㅋㅋㅋㅋㅋㅋㅋㅋㅋㅋㅋㅋㅋㅋㅋㅋㅋㅋㅋㅋㅋㅋㅋㅋㅋㅋㅋㅋㅋㅋㅋㅋㅋㅋㅋㅋㅋㅋㅋㅋㅋㅋㅋㅋㅋㅋㅋㅋㅋㅋㅋㅋㅋㅋㅋㅋㅋㅋㅋㅋㅋㅋㅋㅋㅋㅋㅋㅋㅋㅋㅋㅋㅋㅋㅋㅋㅋㅋㅋㅋㅋㅋㅋㅋㅋㅋㅋㅋㅋㅋㅋㅋㅋㅋㅋㅋㅋㅋㅋㅋㅋㅋㅋㅋㅋㅋㅋㅋㅋㅋㅋㅋㅋㅋㅋㅋㅋㅋㅋㅋㅋㅋㅋㅋㅋㅋㅋㅋㅋㅋㅋㅋㅋㅋㅋㅋㅋㅋㅋㅋㅋㅋㅋㅋㅋㅋㅋㅋㅋㅋㅋㅋㅋㅋㅋㅋㅋㅋㅋㅋㅋㅋㅋㅋㅋㅋㅋㅋㅋㅋㅋㅋㅋㅋㅋㅋㅋㅋㅋㅋㅋㅋㅋㅋㅋㅋㅋㅋㅋㅋㅋㅋㅋㅋㅋㅋㅋㅋㅋㅋㅋㅋㅋㅋㅋㅋㅋㅋㅋㅋㅋㅋㅋㅋㅋㅋㅋㅋㅋㅋㅋㅋㅋㅋㅋㅋㅋㅋㅋㅋㅋㅋㅋㅋㅋㅋㅋㅋㅋㅋㅋㅋㅋㅋㅋㅋㅋㅋㅋㅋㅋㅋㅋㅋㅋㅋㅋㅋㅋㅋㅋㅋㅋㅋㅋㅋㅋㅋㅋㅋㅋㅋㅋㅋㅋㅋㅋㅋㅋㅋㅋㅋㅋㅋㅋㅋㅋㅋㅋㅋㅋㅋㅋㅋㅋㅋㅋㅋㅋㅋㅋㅋㅋㅋㅋㅋㅋㅋㅋㅋㅋㅋㅋㅋㅋㅋㅋㅋㅋㅋㅋㅋㅋㅋㅋㅋㅋㅋㅋㅋㅋㅋㅋㅋㅋㅋㅋㅋㅋㅋㅋㅋㅋㅋㅋㅋㅋㅋㅋㅋㅋㅋㅋㅋㅋㅋㅋㅋㅋㅋㅋㅋㅋㅋㅋㅋㅋㅋㅋㅋㅋㅋㅋㅋㅋㅋㅋㅋㅋㅋㅋㅋㅋㅋㅋㅋㅋㅋㅋㅋㅋㅋㅋㅋㅋㅋㅋㅋㅋㅋㅋㅋㅋㅋㅋㅋㅋㅋㅋㅋㅋㅋㅋㅋㅋㅋㅋㅋㅋㅋㅋㅋㅋㅋㅋㅋㅋㅋㅋㅋㅋㅋㅋㅋㅋㅋㅋ",False,
@못생긴뭉이랑토린이,그니까요 엄청웃겨요 ㅋㅋㅋㅋㅋㅋㅋㅋㅋㅋㅋㅋㅋㅋㅋㅋㅋㅋㅋㅋㅋㅋㅋㅋㅋㅋㅋㅋㅋㅋㅋㅋㅋㅋㅋㅂㅋㅋ,True,@foowoo798
@체리-g4u7i,유진님 다리가,False,
@정아이-r7o,1시간전 ㄷㄷ,False,
@user-rt2pt7vr2x,2024년11월11일 7시29분,False,
@고은-m1v,"<a href=""https://www.youtube.com/watch?v=k9S5ethsq1s&amp;t=961"">16:01</a>초에 강호이 너무 귀여워❤❤",False,
@이설_모럿,프사가....,True,@고은-m1v
@기디디-r2i,@@이설_모럿님이할말은아님,True,@고은-m1v
@이설_모럿,@@기디디-r2i ㅋㅋㅋㅋ,True,@고은-m1v
@이스아,강호이 아닌거 같ㅇㄷ,True,@고은-m1v
@luaa-fl5yw,와~ 저 백앤아 팬이에요! 고고프랜즈든 뭐든 심지어 옛날 영상도 돌려보고 있는뎀 ㅠㅠ <br>어떻게 박씨집안 까지 나와주실 수 있죠 ㅠㅠ❤,False,
@라이벌고수-y8j,1차 세계대전,False,
@tv-rt8qh,들어왔더니 1시간 전... ㅎㄷㄷ,False,
@BARRELLONDZEROANDDRAGON,안녕하세요. 저는 박씨집안 채널의 새로운 구독자라고 합니다. 영상을 봤는데요. 유진 작가님 몸조심 하시고 무탈 하셨으면 좋겠어요. 그리고 특별한 칼로리 챌린지 성공 축하 합니다. ❤🎉🎉 언제 한번 박씨집안 이벤트  가보고 싶네요.,False,
@Rateun,아름님 텐션이 너무 좋아서 흐뭇하게 봤네요 ㅋㅋㅋㅋ,False,
@린이-c2m,"<a href=""https://www.youtube.com/watch?v=k9S5ethsq1s&amp;t=1621"">27:01</a> 유진님 발다친거 지금봤네 무슨일 있었어요?",False,
@healingwash,"<a href=""https://www.youtube.com/watch?v=k9S5ethsq1s&amp;t=308"">05:08</a> 표정에 너무... ㅋㅋㅋㅋ",False,
@1000명까지가자,와진짜기달렸다,False,
@김지민-i5y,진짜 힘들겠당 다음챌린지는 음료수로 해주시면 안될까요?,False,
@dspark7624,유진님 다리 깁스 뭐에요??,False,
@민니TVy,아름님 예뻐요! ❤,False,
@eunwoo333,오늘 내 생일인데,False,
@krchaos95,"<a href=""https://www.youtube.com/watch?v=k9S5ethsq1s&amp;t=340"">5:40</a> 빼빼로가 아니고 돼지국밥? <br>오히려 좋아",False,
@오키다리,유자 맛있던데....,False,
@hihellonicetomeetyouhowru,30분영상이라니 너무 좋아요ㅋㅋㅋ,False,
@현이-s7p,아름님진짜 웃을때안유진같으세요진짜로,False,
@인지영-o6q,오늘 아름님이 오신게 좋았는데 다음에도 아름님이 왔으면 좋겠어요,False,
@네로-q2u,겁나 달겠누,False,
@B타민파이브,유진님 괜찮아요?,False,
@gging85,1번 1한개,False,
@김군열-y7l,콜라 먹는데 웃겨서 코에서 콜라가...,False,
@TV-pj2ml,나도유진이투표했는뎈ㅋ,False,
@Boyd_VRP,저는 오눌 남자애 2명한테 아몬드 빼빼로 받았는ㄷ...,False,
@연서박-d9l,"<a href=""https://www.youtube.com/watch?v=k9S5ethsq1s&amp;t=1631"">27:11</a> 유진언냐 발 왜 다치셨나요??…ㅜㅜ<br>빨리 나으시고 행복한 빼빼로데이 보내세요💗💗",False,
@이지은-z7q1l,그러게요 ㅠㅠ ~~마음이  따뜻해지는 댓글이네요. 오늘 컨텐츠도 제작하시느라 고생 많으셧습니다 감사합니다(윤하콘서트곧해요,True,@연서박-d9l
@QuestaOdette,ㄹㅇ ㄱ글 에서 벳프리 보면 다른거 눈에도 안들어옴 그냥 다시보면 되니까 개이득임 ㅋㅋㅋㅋ,True,@연서박-d9l
@MarlonAnnabelle,그놈의 ㄱ글 에서 벳프리 때문에 내거기 닳고 닳아서 없어지겠네?,True,@연서박-d9l
@FionaQuinby,그놈의 ㄱ글 에서 벳프리 때문에 내거기 닳고 닳아서 없어지겠네ㄱ,True,@연서박-d9l
@기하은-d9l,아름님 진짜 아이브 안유진님 닮았다…,False,
@bbunidusttv5905,나만 그생각 한게 아니네,True,@기하은-d9l
@jiyeonpark7815,헐!오타 죄송😅,False,
@jiyeonpark7815,01,False,
@하이_hzvsj,1시간전ㄷㄷ,False,
@ghostlee4767,"<a href=""https://www.youtube.com/watch?v=k9S5ethsq1s&amp;t=1167"">19:27</a> 보법이 다르네 ㅋㅋ",False,
@love-툐끼,고고 백앤아고!,False,
@박시아-x6o,아름님 웃을때 좀 아이브 안유진 님 닮으 셨어요,False,
@경현-j6c,유투브계의 안유진 아름님 오랫만에 나오셨네요😊<br>유진님은 왜 발을 다치셨는지😮<br>얼른 쾌차하세요😊😊😊,False,
@머어쩌라고-u4h,유진님왜 깁스하셨나요?,False,
@B타민파이브,저 5일 뒤에 생일 이예요😢,False,
@연서박-d9l,오!!!미리 축하드립니다🥳🎉🎊,True,@B타민파이브
@정은희-w6u,다음엔 고구마 만칼로리 챌린지 가시죠 ㅎㅎㅎㅎㅎ,False,
@REINA__,빼빼로 데이 대리 빼빼로에 마음도 든든한 그런 날 ^^,False,
@seungjun-song,그리고 오늘은 안중근 의사님께서 <br>법정에서 사형 선고를 받은 날입니다,False,
@오솔-x3u,와 아이디어 미쳤다,False,
@청명-p7i,안유진 등장,False,
@TV-ke6gx,ㅋ,False,
@윤영이-b8q,강훈 진짜 잘생겼네,False,
@무키베츠-g8u,2,False,
@Just_saram2da,아... 빼빼로 데이 였었지! 😢,False,
@윤태풍,"<a href=""https://www.youtube.com/watch?v=k9S5ethsq1s&amp;t=671"">11:11</a> 농엽인의날 가래떡 빼배로 데이!",False,
@콘텐츠창작크리에이터,13살은 청소년인걸로 아는데 법 바꿔셔<br>아 그땐법이 안바꿨으니까 어린이 였나,False,
@saadayahgbolo60,"<a href=""https://www.youtube.com/watch?v=k9S5ethsq1s&amp;t=671"">11:11</a> Have a wonderful PEPERO Day!",False,
@벨라Beiia,일찍왔당 ㅠㅠ!!,False,
@noname_ovo_S2,유지니좋아🎉,False,
@baramsae0,빼빼로데이  잘보내요❤❤❤❤❤❤❤❤❤❤❤❤❤❤❤❤,False,
@문상훈-d3n,가래떡 10000칼로리도 해주지....,False,
@khoon114,11.11시즌2 농업인 의 날 특집 고고,False,
@ijin1268,"<a href=""https://www.youtube.com/watch?v=k9S5ethsq1s&amp;t=1256"">20:56</a> 유진님 스윗하셔라🥹",False,
@woosungchun6430,캬 기획이 센스 있게 11111칼로리 먹기네~,False,
@라니-r7b,화목한가족모습 보기좋내여ㅋ<br>누구나 가족이될수있다!!<br>저두오늘 빼빼로못먹었내여ㅜ흑흑,False,
@햏-d9v,나는 1개가 최대인데..,False,
@CHOONSIK-0721,저는 급식에서 빼빼로 나왔었다는..,False,
@god_junseo,저도요....,True,@CHOONSIK-0721
@Dr.디올,역시 가위바위보  맛집,False,
@driving_bongmin_driver,"<a href=""https://www.youtube.com/watch?v=k9S5ethsq1s&amp;t=40271"">11:11:11</a> 빼빼로데이",False,
@엥그리늅,안녕하세요 저는 정유진님이 좋아요❤❤❤❤❤❤❤❤❤❤❤❤,False,
@HoneyMinjun,나도!,True,@엥그리늅
@기모찌-i3h,나도!,True,@엥그리늅
@새이름입력YT,16뷴​@@기모찌-i3h,True,@엥그리늅
@엥그리늅,@@HoneyMinjun네,True,@엥그리늅
@엥그리늅,@@기모찌-i3h네,True,@엥그리늅
@bonz5942,빼빼로는 롯데 !!🎉🎉,False,
@입양티비,오늘은 빼빼로데이기도하지만 농업인의날이라 학교에서 못가져오게해서 못 받았네요 ㅠ,False,
@삼각김바암,유진님 왜 깁스하셨어요.ᐣ .ᐣ .ᐣ .ᐣ .ᐣ,False,
@저입니다-w2c,안녕하세요,False,
@suiseiski2922,제 생일이기도 합니다…ㅎ,False,
@체강탑데,빼빼로 11111칼로리 이름만 들어도ㄷㄷ,False,
@달려라한이tv부계정,"<a href=""https://www.youtube.com/watch?v=k9S5ethsq1s&amp;t=671"">11:11</a> 빼빼로데이",False,
@틀선-m3e,ㅋㅋㅋㅋ,True,@달려라한이tv부계정
@foowoo798,"농업안의날,유엔 참전용사 국제 추모일",True,@달려라한이tv부계정
@Whys-t6h,​@@foowoo798 빼빼로 못받으셨죠??,True,@달려라한이tv부계정
@TV-jg5rh,ㅋㅋㅋㅋㅋ,True,@달려라한이tv부계정
@J꾸리,10분전 ㄷㄷ,False,
@현우PY,유진님 발다쳣나여 😢,False,
@하블님,빼빼로 친구한테 4개ㅎ,False,
@케파-w9v,아름 저분 약간 은근 안유진 닮으셧네요,False,
@베타게이밍,16분전ㄷㄷ,False,
@xodn2528,아름님 먼가 안유진 닮았다..,False,
@힘네세요-LOVE,인정❤,True,@xodn2528
@RanZee-evade,와 .. 떳다..,False,
@gondooseouda,아름님 안유진 닮아서 넘 이쁘셔❤❤❤,False,
@정수현-e4k,예쁘신 아름님 또 보니까 좋네요 ❤❤,False,
@VAR판독기,안유진 폼 미쳤다,False,
@green_sniper0603,심지어 영상이 11분전 ㅋㅋㅋㅋㅋㅋㅋ,False,
@악마양꼬,너무 재밌어요❤❤❤❤,False,
@sihyeon-qg4sx,아르미다❤❤,False,
@fud535,2.3개 이상!,False,
@햇님이-s3o,10분전,False,
@TJJ-fd1qw,아름님 귀엽다,False,
@SIWOO-h5z,9분전,False,
@song_1017,왕~~ 8분전❤,False,
@흰풍이,백앤나님 안녕하세요,False,
@OgamiAyame0424,박씨집안 님~ 🎀Happy Pepero&amp;Farmers&#39; Day🎀,False,
@서채연_1030,6분전!,False,
@오현지-q9t,맛있겠다,False,
@홍수몬,오늘 찍고 편집하진 않았을것 같은데...,False,
@rlawnqlfghdk,당연한건데,True,@홍수몬
@TV-zq3gs,빨리 옴,False,
@parkhome,제비님들은 오늘 빼빼로 몇 개 받으셨어요?!<br>1. 1개!<br>2. 3개 이상!<br>3. 0개...ㅠㅠㅠ...,False,
@상원이-m7d,1,True,@parkhome
@서채연_1030,저 3개 이상 (5개),True,@parkhome
@곽재현,크흠3,True,@parkhome
@user-fm5ng4ko9b,좋아요 짝수로 받기 1일차,True,@parkhome
@황영선-l7h,까만 리무진 보며 꿈을 키웠지 언젠가는 나도 저걸 갖게 될 거야 커다란 리무진에서 내가 내리지,True,@parkhome
@체리-n8l,5분전!,False,
@memoria-Iilgina,오늘 빼빼로 데이라서 친구들이랑 서로 빼빼로 나눠줬어욤!<br>근데 빼빼로 데이 말고 농업인의 날 등 여러 날들도 있는데 기억해야 할 것은 바로 유엔참전 용사 국제추모식인데 캐나다 참전 용사분이 1초라도 묵념할 시간을 가지자는 의미로 제안한거래요! 그래서 모두 1초라도 6.25 전쟁 참전용사 분들을 위해 묵념해봐요,False,
@역시도황진짜씹간지네,6.25 참전용사들 항상 감사합니다. 꽃길만 걸으세요,True,@memoria-Iilgina
@bonz5942,좋습니다 ~!!!!,True,@memoria-Iilgina
@bonz5942,어쩜 이리 말 이쁘시게 하는지 !!!!,True,@memoria-Iilgina
@rui711,"1분전<a href=""UCkszU2WH9gy1mb0dV-11UJg/YvgfY-LIBpjChgHKyYCQBg""></a>",False,
@kimgongju,박씨잡안여려분들 오늘도맛있고 재밌는 영상 올려 주셔서 감사합니다 사랑합니다 행복하세요  앞으로도 좋은 영상 많이 많이  올려주세요 오늘도 잘 많이 대리만족 하고 갑니다 ㅎㅎ 건강 조심하세요 사랑해용 오늘 하루 잘 마무리 하시고 행복 가득한 하루 되세요이오늘도 맛있고 재밌는 영상 올려 주셔서 감사합니다 사랑합니다 행복하세요  앞으로도 좋은 영상 많이 많이  올려주세요 오늘도 잘 많이 대리만족 하고 갑니다 ㅎㅎ 건강 조심하세요 사랑해용 오늘 하루 잘 마무리 하시고 행복 가득한 하루 되세요❤,False,
@이태겸-n8w,난 빼빼로 5박스가 최대인데,False,
@삼각김바암,10빠! 2분전,False,
@김정언-v1x,와우,False,
@김웅배-e6f,재미있어요😊,False,
@Doremon1-t1r,빼빼로 데이에 빼빼로 만칼로리 시청중인 나 ㅋㅋ,False,
@moyoungki123,너무나 잘보고있습니다❤❤,False,
@heakyoungkim318,여러분들이 좋아하는 빼빼로 댓글에 적어주세요.❤❤<br>👇,False,
@SujinLee-kx7sh,2분전!!🎉🎉,False,
@mango3263,우왘 진짜 일찍 왔다,False,
@jkmjo4149,와 너무너무도 재밌어요!!!!!!!저는빼빼로 7개 정도ㅋ,False,
@liililililiilillil,올 ㅋ,True,@jkmjo4149
@루키꾸n2x,와우 3빠다,False,
@전예진-q1d,헐 재미겠다!! 잘 보겠습니다!!,False,
@황영선-l7h,1빠,False,
@박지후-y6h,재밌겠다,False,
@기디디-r2i,1빠 ㅊㅋㅊㅋ,True,@박지후-y6h
