author,comment,is_reply,reply_to
@mymtv,"고3 아들 수능 시험 후기 영상 보기 ( 바로 가기 : <a href=""https://www.youtube.com/watch?v=T-rlnOyamIA"">https://youtu.be/T-rlnOyamIA</a> )",False,
@이재진글라라,그동안 우리 마이맘 또 마이린 수고 많았어요~  원하는 그대로 % 바랍니다❤,True,@mymtv
@RowenaZelda-z8i,ㄹㅇ ㄱ글 에서 벳프리 보면 다른거 눈에도 안들어옴 그냥 다시보면 되니까 개이득임 ㅋㅋㅋㅋ ?,True,@mymtv
@PhyllisShamus,이 댓글 보고 ㄱ글 에서 벳프리 보고있는 내 인생이 레전드네 씨밬ㅋㅋㅋㅋ,True,@mymtv
@jeonggyunkim9856,화이팅❤😊,False,
@알리알리-b9k,보면서 저도 울컥울컥 했습니다. 제맘 같아서요~이제 우리아들 차례네요 ㅠㅠ,False,
@PhyllisShamus,헬창들도 ㄱ글 에서 벳프리 보면 근육 다빠진다며 ㅋㅋㅋㅋㅋㅋㅋㅋ 사실임?,False,
@RowenaZelda-z8i,ㄱ글 에서 벳프리 진짜 보다보면 빠져든다 라이브에 수위도좋고 외모도 좋고 삼박자 지렀으,False,
@minyeong06,수능은 자녀만 보는게 아니라는 게 마이맘님 보면서 느껴지네요ㅜㅜㅋㅋ 전 최저없이 이미 수시로 합격해서 편하게 수능 봤지만 마이맘님은 얼마나 떨리셨을까요ㅋㅋㅎㅎ 너무 수고 많으셨고 마이린도 꼭 원하는 학교 붙어서 즐거운 대학생활 했으면 좋겠네요!!,False,
@잠수-h3x,어머니 마인드가 너무 좋으신거같아요……진짜,False,
@한미연-y1c,마이린수능만점맞길기도합니다~<br>6년뒤우리아들이보는데마음이떨리네요~<br>원하는대학합격되길기도합니다~마지막까지행운받길기도합니다~화이팅 마이린^^,False,
@궁그미-e5p,린이 어머님도 수고 많으셨어요👏🏻👏🏻👏🏻👏🏻👏🏻,False,
@SJ-ly1fj,린이랑 같은 학교(ㅂㅈㄱ)에서 시험 본 학생입니다. 사실 ㄷㄱ학원에서도 같이 수업 들어서 이 친구가 얼마나 열심히하는지 알고 있고 성도 같아서 수학 성적이 교실 옆에 붙으면 항상 동점자에 린이가 있더라고요! <br>암튼 늦게라도 린이 수고했다고 말하고 싶네요! 저는 아마 린이가 가장 좋아하는 그 대학의 라이벌 대학으로 갈 것 같습니다🦅. 린이도 본인1지망 붙어서 같이 응원전 즐기러갑시다!,False,
@김기태-u4r,마이맘님 그동안  고생 많으셨습니다 ❤<br>05인데 작년에 부모님께서 만들어 주신 수능 도사락이 생각이 나네요,False,
@민혜영-s6x,영상에 나오는 누룽지탕이 항상 보면 저렇게 형태가 남아있던데...풀어지지 않아도 부드럽나요? 제품 궁금해요^^,False,
@kid-o102,린이처럼 예쁜말과 바른생각하는것만으로도 이미 인생성공한 아드님이세요.<br>세상에 교복까지 입고..,False,
@phosphorus7535,우리집 고3아들도<br>전날 저랑 같이 잤어요~,False,
@hellolove7880,진짜 착하네요..😮,False,
@산이-y2j,아들과 사이가 너무 좋으시네요. 보기 좋습니다. 부러워요.,False,
@zzing-f6h,아니 마이린이 벌써 수능을본다고…? 간니닌니랑 같이 영상찍었던게 엊그재같은데ㅜㅜㅜ,False,
@구독해라-g4p,진짜 그 마이린이 성인이 된다는게 구독자로서 믿겨지지 않는데 어머니 마음은 어떨지......,False,
@user-yd1mt2wc9d,우와..마이린이 벌써 수능을...꼭 좋은 결과 얻었으면 좋겠습니다,False,
@나-j6g,마이린님 고생했어요!!!!!!! 마이맘님도 너무 멋지십니다!!!!,False,
@릴로-q8g,고생하셨어요. 저도 이번에 큰딸이 수능봤는데..남편이 운전을 해서 저는 아이랑 교문에 잠깐 내려 안아주고 들어가는 뒷모습을 보는데 정말 눈물 나더라구요.ㅜㅜ<br>돌아오는 차에서 한참 울었네요. 대견하고 안쓰럽고 참 복잡한 마음…,False,
@연재강-t8s,제 생일에 수능보셨네ㅋㄷ 전 그때 서울랜드 였는ㄷr,False,
@경이-m5s,우리엄마도 이렇게 고생하시겠지…,False,
@엽떡-s4q,마이맘님도 정말 고생 많으셨어요!!,False,
@user-qo7cn6xm7l,저희 아이 학교에서 시험 봤네요. 익숙한 정문이 보여서 반가웠어요. 마이맘님 정말 고생 많으셨습니다. 꼭 좋은 결과 있길 바랍니다🙏🏻,False,
@삑삑이인형,40대 아니고 50대 아님?,False,
@llllllllll-d3c,"어머니의 마음을 느낄 수 있는 소중한 영상이네요. 마이린 티비, 마이맘 티비 동영상은 예비 고3들 그리고 그 후배들에게 많은 도움과 길잡이가 될 것입니다. 입시전문가나 여러가지 강사들은 많지만, 당사자들이 당일에 이렇게 영상 찍는 것이 굉장히 부담이 되는게 사실이거든요….. 고생하셨습니다. 마이린도 그리고 마이맘도!! 수시 결과 대박나서 두분이서 행복해하는 영상으로 찾아오길 기대하겠습니다.",False,
@EunpyoKim-wm2xv,나이제 수능 보는닐 5년 남았다 마이린 형 화이팅!!,False,
@ryoung-oc3vk,마이맘님 혹시 누룽지 어디건지 알수있을까요?^^,False,
@호정-f9y,저희친정어머니께서...마이맘님처럼<br>제앞에선 울지않으셨어요 대학을 가고<br>나중에 얘길하시는데... 교문에 저를 보내구.. <br>돌아오는길에 수능보는 학교길이<br>나무들이 쭉 있는 길이였는데 .... 하염없이 눈물이 나더래요 ㅠㅠ <br> 아이를 낳고보니 ..   마이맘님 엄마의 마음을 알거같아요 너무고생하셨습니다 ❤❤끝까지 응원할게요,False,
@gommi13,마이린 형!나는 초5인데 이게 내 미래라는게 믿기지가 않네 ㅎㅎ 학교생활11년동안 고생 많았어!앞으로 대학 입시도 열심히 해서 놓은 결과 나오길 바래!고생했어 형!,False,
@hyehay__km5917,마이맘님 진짜 고생많으셨어요😢,False,
@용상완-d7y,마이린님 수능시험 잘봐요 좋은결과 나온기 바랍니다^-^,False,
@킹문어-w6e,고생많으셨습니다 😂,False,
@user-yj1eq9kz3v,아니 알고리즘에 떠서 알게됐는데 마이린이 벌써 수능 칠 나이가 됐다는게 놀랍다...,False,
@Ghkgvfdd,마이린님 너무 수고하셨어요~!!,False,
@e_room-rk6pu,마이맘님도 마이린도 너무 고생 많으셨어요. 마이린은 충분히 잘하는 아이라서 꼭 좋은 결과 있을거예요❤,False,
@군만두-n2w,고3엄마 지금 영상 보고 우네요 ㅜ 당일엔 저도 일부로 눌러 담았어요,False,
@김윤지-t9m,수능 보느라 수고하셨습니다 영상잘봤어요,False,
@박민주-b7j,나왜  눈물나지?  수능 수고많으셨습니다❤ 앞으로 행복한일들만 가득하시길 ❤,False,
@iopjkl77,롤모델 마이맘님<br>존경합니다<br>린 수능대박!,False,
@user-up6zp5ec,다정한 아들😊,False,
@맘스맘-n4o,짧은영상이지만  많은 감정이들이 느껴지네요ㅠㅠ  예비고3맘 미리 예습 합니다. 끝까지 화이팅 입니다,False,
@올리비아-i9l,잘 보길바랄게요,False,
@이정은-v7y,마이맘님 고3 아들 마이린님도 수능 보느라 고생 많으셨어요 마이맘님도 그동안 고3 아들 챙기신다고 고생 많으셨어요 저두 올해 수능 치르고 온 재수생인데요 수능날 떨리고 긴장 많이 되던데요 마이린님은 그동안 열심히 공부도 했으니 좋은결과 있을꺼예요 마이린님도 좋은대학 붙길 바래요,False,
@tv-td9je,마이맘님 수고하셨어요~~<br>저도 영상보며 화이팅하고 있어요.<br>그런데 수능시험장에 비염약<br>괜찮을까요?  비염약 어떤거 챙겨주셨을까요?,False,
@더키다키,"아직 끝나진 않았지만 마이맘님 덕분에 고3 엄마 생활에 많은 정보도 얻었고, 위로와 감동도 받았고..입시 외에 다른 여러가지 배운것도 많았어요. 너무너무 감사합니다.😊 마이린님 원하는 제일 좋은 대학에 합격하길 진심으로 응원합니다.❤",False,
@히히-g2y2o,정말 수고하셨습니다 👍🏻 😄❤,False,
@cindylee1997,착한 아들..ㅡ엄마 고생한줄도 알고. 아이도 엄마도 고생했어요ㅡ 이제 저희집 시작이네요,False,
@ikyong1110,긴 시간 마이린에게 애써주신 마이맘님에게 박수를 보냅시다 그리고 52만3천명 수험생들 학부모 104만6천명에게도 박수를 보냅시다,False,
@안녕굿모닝,진짜 아들 잘키우셨어요!!!!!부럽!!존경!!<br>울딸은 말한마디도 안하고 퉁퉁거리며 갔어요 ㅎㅎㅎ<br>그래서….재수생인데..셤 못쳤어요 ㅠ,False,
@tinahappy-bc8ol,영상보는데 전 왜 눈물이 나는건가요😂 진짜 우리 아이가 수능볼때 눈물 날것 같아요ㅠㅠ 고생하셨어요!,False,
@코로케2,마이린 마이맘 모두 너무 고생 많으셨습니다~^^,False,
@user-nv7bx2mc4k,저희아들 배재고나왔는데 정문앞보니 또 새롭네요~^^<br>전 수능날 울컥했는데 웃으며 보내주신 마이맘 대단하십니다!!!!,False,
@dongX2e,"진짜 엄마는 ,,, 위대하다 ,,,<br>마이린도 어머니도 너무 너무 고생하셨어요 ~ !",False,
@김희진-u1c4e,마이맘님 오늘영상올려주셔서 감사합니다 즐거운 주말보네시구요,False,
@토토끼8800,린이와 린맘님 모두 고생하셨어요.<br>보다가 울컥했네요.,False,
@sh.hhh_0,마이맘 = 모범답안 ( 어머니 )<br>모든 학부모님들 진심 존경스럽습니다,False,
@신승환-y1y,화이팅,False,
@달밤패밀리,마이맘님 영상이 재미있어요,False,
@김경미-q8o,"우리 애가 9살인데(초2), 마이린을 엄청 좋아하고, 린이 구독자에요^^<br>린이 형이 수능 성공했길 기도했다네요😊",False,
@김서형-d2m,고생 많으셨어요~,False,
@대영김-m5y,다음주만나요,False,
@BBomi-mn5uk,린이는 참 ㅜ 좋은아이네요ㅠㅠ 수능아침 엄청 예민할텐데 엄마가 해준 누룽지보고 잘먹겠습니다..라니ㅠㅠㅠ 진짜 잘키우셨어요ㅠㅠ,False,
@PhyllisShamus,그놈의 ㄱ글 에서 벳프리 때문에 내거기 닳고 닳아서 없어지겠네,True,@BBomi-mn5uk
@BBomi-mn5uk,@@abcdedcbaz 네 당연한 댓글을 달았네용 ㅠ 죄송합니다,True,@BBomi-mn5uk
@jetblue333,미역국도 아니고 누룽지가 머가문제임,True,@BBomi-mn5uk
@BBomi-mn5uk,@ 누룽지가 문제라는 뜻으로 말한게 아니에용 저두 맨날 누룽지 먹는걸요 그냥 저는 바쁘고 예민한 수능날 잘먹겠습니다라는 말 자체가 되게 예의있다고 느껴져 달았어요!,True,@BBomi-mn5uk
@삼남매맘-g1o,수능 전날 수험표 가방에 넣어두고 저한테 뛰어와 다시 수험표를 찾는 아이를 보고 말과 달리 많이 긴장하는구나 했어요.수능 끝난 어제도 하루종일 내 옆에서 쫑알쫑알.끝나도 끝난 것 같지 않은 기분.다들 끝날때까지 홧팅하시게요.모두들 꼭 합격증 받길 바라네용.,False,
@Wazakk_00,와 마이린이 벌써 수능…. 시간 왜이렇게 빠르냐,False,
@nikos7837,수고많으셨어요. 남은 기간도 끝까지 화이팅입니다!😊,False,
@leejaehyeong0908,린이 수능보느라 고생 많았을텐데 꼭 좋은 대학 보내셨으면 좋겠네요,False,
@지보곤tv,ㅎㅎ마이린어무니를 보면서 전 우리 딸에게 이렇게 해줄 수 있을까 상상해본답니다ㅋㅋ진짜 대단하신거같아요 고생하셨어요!!,False,
@오은경-z2l7t,항상 영상을 보면서 위로를 받고 있는 내년도 수험생 엄마입니다 고등학생 부모님은 외롭다는 말에 완전 공감이예요 영상을 계속 보기만 하다가 처음으로 댓글을 달아 보네요 정말 고생 많으셨고 좋은 결과 있을거예요😊,False,
@곽수정-p6f,마이마님 그동언 수고 하셨습니다<br>항상 좋은영상 감사합니다,False,
@가영-f8m2o,"재수 없다!! 마이린, 마이맘 모두 고생하셨어요♥",False,
@김가온-o9t,마이린 오빠랑 마이맘님 두 분 다 그동안 고생많으셨어요 많이 힘드셨을텐데 잘 견디고 노력해주시고 힘을 내 버텨주어서 감사합니다,False,
@LEE-y3w6l,고3아들 들여보내고 뒷모습에 울컥했던 맘입니다. 그동안의 날들이 스쳐 지나가더라고요. 아이들도 엄마들도 모두 고생 많았어요. 다들 좋은 결과 있길 바래요^^,False,
@user-jane1234,"엄마의 평정심❤.. 넘 의지가 될듯해요, 아이에게 큰 힘이 되는 부모역할 정말 잘 해내셨습니다!!!!",False,
@김지은-q5j,"아이고, 왜 이렇게 울컥하죠....수고 많으셨어요~",False,
@김서현-p9x,마이린 고생하셨어요 마이맘도 고생하셨어요 아들챙기시느라❤,False,
@mmnmmn685,아.......저 울어요😢😢😢😢😢😢😢😢😢,False,
@수-c6p,정말 고생많으셨습니다😢😢,False,
@haha-gk6mj,수능보는 날까지 이렇게 라이브하시고 영상찍는거 쉽지 않으실텐데ㅠ 정말 많은 위로와 공감 감사합니다❤,False,
@한국인-d9c,고생했어 엄마..린이 말에 모든게 다 들어있네요.아이들도 다 알고 있는듯요.엄마가 얼마나 사랑하는지를 얼마나 마음 졸이는지를요~,False,
@희망-n6h,제가 눈물 찔끔했네요~~고생했어요 ㅎ,False,
@Iagj,아이고 드디어 봤구나 고생했다 마이린 푹 쉬렴,False,
@imhappydd,"마이린 수능전날 스터디윗미 하고 마지막 인사할때마침 들어갔는데, 저도 울컥했잖아요.ㅎㅎㅎ <br>정말 고생 많으셨고, 좋은 결과 있기를 바랍니다.🙏🏻",False,
@user-cb5gj4jj5i,이제 마이린 결혼브이로그 올라오면 진짜 ㅋㅋㅋ,False,
@이정우-l1t,에이 그건 너무갔다 ㅋㅋㅋ,True,@user-cb5gj4jj5i
@chopa99,차라리 취업성공이 빠르겠네요~,True,@user-cb5gj4jj5i
@백혀니리리리닐리리,대학 브이로그<br>취업 브이로그<br>결혼 브이로그<br>육아 브이로그<br>나오면 한 사람의 인생 한편 다본거ㅋㅋㅌㅌㅋㅋㅋㅋ,True,@user-cb5gj4jj5i
@매-x6v,@@백혀니리리리닐리리와 ㅋㅋㅋㅋㅋㅋㅋ,True,@user-cb5gj4jj5i
@u.ummmah,"@@백혀니리리리닐리리 +입대 브이로그, 전역 브이로그 ㅋㅋㅋㅋㅋ",True,@user-cb5gj4jj5i
@임단비-u7y,잘보다가요,False,
@들꽃-f7v,고등학생 학부모 외로운 것 같다는 말 완전 이해되요ㅠ,False,
@eunheekim2518,제가 다 울컥하네요,False,
@user-ip9xf9qw1m,외고생 엄마의 엘리트입시과정을 있는 그대로 모두 보여주셔서 정말 감사했어요~ 수능끝난뒤 영상에 눈물이 나요 ㅠㅠ 입시생엄마맘은 다 똑같겠죠 린이같은 너무 멋진 아드님 낳고 키우고 가르치시느라 정말 고생많으셨어요!!좀쉬세요~~맛있는거 맘껏 드시고 푹주무시고요,False,
@이채은-z8b,린이 수능 보는라 고생많았을것 같아요 마이맘님도 고생했어요,False,
@d.2._c.,핫초코가 그 뭐냐 어디에 좋다고 수능 때 타가면 좋다고 인스타에서 본 거 같아요ㅋ,False,
@Jooniyamm,옆에 와서 있어달라고하는게 무조건인 내편이 곁에 있어주는게 부담되고 긴장되는 마음을 달래줘서 그랬나봐요! 귀엽고 짠하다😢 잘 보고왔을테니 수고많았어요 린이 그리고 마이맘❤,False,
@에단-s6b,마이맘님 하고 마이린님 두분다 고생 많으셨네요.. ㅎ 린이 형이 꼭 원하는 대학 갈수 있기를 바랄게요! 오늘도 좋은 하루 되세요 마이맘님 😊,False,
@박지혜-c7z7d,고생하셨습니다,False,
@불량품-d4n,🥳🎉,False,
@최강모럿,7살 때 마이린님이 초 6이였나 중학생이였나 그랬는데 벌써 수능을 치신 나이가 되었다니.... 그동안 수고 많으셨고 원하는 대학교 가시길 바래요..!!!,False,
@yOxn_sEul10,저는 초콜릿같은건 카페인때문에 먹은 긴장되더라고요ㅠㅠㅠ,False,
@MandarinA-ok5rn,마이맘님 고생많으셨어요.<br>진솔하게 얘기하시면서 유투브하시는 모습에 1년을 함께 했습니다.^^<br>내년에 저희는 고3인데 귀한 선배맘 경험을 듣는다고 생각하고~ 큰아이에게는 인터넷친구이셔~하고 소개하기도 했습니다.<br>마이린에게 좋은결과 있기를 기도합니다!!,False,
@vlog6076,마이맘님 고생 많으셨어요ㅠㅠ,False,
@왕감자-e1k,수고많았습니다… 좋은 결과 있기를 기원합니다.,False,
@로건리-r6c,노이즈 노이즈 안들린다 수능보고온 친구 동생이 첫마디였다고 하네여 지문에 노이즈만 45번 나왔다고 ㅋㅋ,False,
@Dksqk,나는 마이린 어머님 눈빛 보면 울컥함 고생했다는 아들 말에 막 펑펑 울 수도 없고 되게 평정심을 유지하려고 하시는데 그냥 보여.. 너무 두 분다 고생하신게 하아 고생하셨습니다,False,
@0-kb7xm,"마이린 어머님,마이린 두분 다 너무 고생하셨어요",True,@Dksqk
@RowenaZelda-z8i,ㄱ글 에서 벳프리 보느라 눈밑에까지 다크써클 들어옴 ... 진짜 근데이뻐서 눈을못떼겟다...,True,@Dksqk
@PhyllisShamus,ㄱ글 에서 벳프리 이 ㅓㅇ도로 유명했음?  내 듣보잡인줄 알았는데 ㄷㄷ,True,@Dksqk
@남산타워-k1t,저희 아이는 시험보려 가는 차 안에서 제가 손 잡아주니 울더라구요. 우리 아이가 이렇게 감성적인지 몰랐네요. 올 한 해 일들이 주마등 처럼 스쳐갔다고 하네요. 우리 수험생들 화이팅입니다.,False,
@보경김-y7y,ㅇ,False,
@게으른완벽주의자-f4v,처음에는 마이린이 너무 잘나서 자랑하고싶어서 유튜브에 하시나 하고 구독 안하고 그냥 보고있었는데 어머니 보면볼수록 털털하시고 솔직하셔서 매력있으세요!! 그래서 아들 마이린이 잘 크는건가봐요! 아들농사 잘 지으셨어요❤,False,
@호정-f9y,오늘 라이브해요?,False,
@황긴숙-f4u,저희형도수능봤어요,False,
@지존-k9y,"전 종일 울었네요.셤 보러 가겠대서 감동했고 마무리 잘하길 바라는 맘에서요. 숭실,동국 논술 보는데 숭실 부모 대기실 100명정도네요.8명 정도 뽑는데..헉..",False,
@달빛-o5o,화이팅하세요,True,@지존-k9y
@김현이-t5j,초3엄마인데요 왜제가 눈물이 날까요..  정말 고생많으셨습니다,False,
@anja-ci3gj,린이한테 수능보느라 수고많았다고 전해주세요 ㅎㅎ,False,
@jennyjang9955,차 안에서 &quot;엄마 고생했어요&quot; 에 제가 다 울컥하네요 결국 눈물..ㅠㅠ 마이맘님 잘 참으셨어요~ 내년에 저도 꾹 잘 참아야죠!! 좋은 결과 있길 바랍니다!! 그동안 애 많이 쓰셨어요. 화이팅입니다.!!!,False,
@밍이-d3n,열심히 한거 만큼 좋은 결과 있을거에요^^.,False,
@밍이-d3n,12동안 고생 많아 습니다,False,
@삼각함수-j2m,린이 너무 귀엽네요 ㅎㅎ저도 아들하나라 이해되요^^<br>수능이 주는 위압감이 어마하죠<br>린이 합격 응원해요 😊<br>마이맘님도 그동안 정말. 애쓰셨어요,False,
@KONAElectric김민엽,마이맘님 사랑해요,False,
@9s_r9q,마이린이 이제 곧 어른이라니....,False,
@blacktoothwine,"긴장되고 바쁘셨을텐데 영상까지 정성가득찍어주셔서 넘감사,감동이에요😊❤❤    앞으로 수능볼 수험생 학부모들 쭉~~  넘 도움될듯요😊<br>계란말이,시금치,양념고기   도시락두 넘 잘싸셨네요린맘🥰🥰👍👍",False,
@Ronaldo-m1r8u,린이는 누룽지와 계란후라이인가요? 별게 다 궁금ㅋㅋ멋진 인생의 관문을 통과한 린이 너무 장하네요. 고생 많으셨습니다,False,
@drmrjoon,린이 너무 빨리 크지망 ㅠㅠ<br>아직까진 귀여운데 진짜 ㅎㅎ,False,
@taeyoon1656,아침에 라디오도 듣지말고 노래도 부르지말라고 그럼 하루죙일 생각난다해서 ㅋ 적막함 속에 이동했는데… 마이맘님과 린이는 화기애애하네요 ㅎㅎ 😂😂 전 익명 아니고 본명이에여 ㅋ 정말 이런 위로 공감 없음 저 미칠꺼에요 ㅠㅠ😢😢,False,
@jinny3064,울컥하네요😂,False,
@jkmjo4149,온ㅡㄹ도 짱 재밌어요❤❤❤❤,False,
@박기범-b2s,마이맘님 영상이 재미있어요 <br>수능 수고하셨어요,False,
@singwon,수능 보느라 수고 했어요.,False,
@키득-h4p,1등,False,
