author,comment,is_reply,reply_to
@글쎄다-o9g,재석님 모델같애,False,
@글쎄다-o9g,조세호님 울쎄라때문인가..팔자가 너무 두드러져요,False,
@희망-e4h,보기싫다  살없는 남자,False,
@KylianSia-xj1xv,"<a href=""https://www.youtube.com/watch?v=nC_E8OW1kWQ&amp;t=532"">8:52</a> Jaesuk looked really Cool😎🔥🔥",False,
@BrianaRhea-z5j,그놈의 ㄱ글 에서 벳프리 때문에 내거기 닳고ㄱ 글닳 아에서서  없벳어프지리겠 네?진짜 보다보면 빠져든다 라이,False,
@MadgeLionel,이 댓글 보고 ㄱ글 에서 벳프리 보고있는 내 인생이 레전드네 씨밬ㅋㅋㅋㅋ?ㄱ글 에서 벳,False,
@ShermanFemale,여기댓글 왜이럼 ㄷㄷ ㄱ글 에서 벳프리 도대체 머길래--ㅋ이 댓글 보고 ㄱ글 에서 벳,False,
@임진강-v9f,조세호요새낀그냥얄밉냐<br>지네재산자랑하는거같고조씨라<br>망해라제발,False,
@PhilomenaLois,여기댓글 왜이럼 ㄷㄷ ㄱ글 에서 벳프리 도대체 머길래--?이 댓글 보고 ㄱ글 에서,False,
@AmandaIrene-q5q,ㄱ글 에서 벳프리 보고 나면 다낵질 보그충제놈의  한ㄱ사글발  에빨아서 야벳 프한리다 는댓데글  사ㅈ실 인나가많요네? ㅋ그렇게죠 좋은가보지 보러갈까,False,
@AmandaIrene-q5q,ㄱ글 에서 벳프리 보고 나면 다낵질 보그충제놈의  한ㄱ사글발  에빨아서 야벳 프한리다 는댓데글  사ㅈ실 인나가많요네? ㅋ그렇게죠 좋은가보지 보러갈까,False,
@닉네임뭐하지-h7k,조세호 코요테 김종민이랑 비슷한데,False,
@EloiseStrong,진짜 ㄱ글 에서 벳프리 에서 방송 하시던분 진짜 잼있어 ... 다시보고 싶어서 가보자 ㅋ,False,
@ReginaSherman-d9y,ㄱ글 에서 벳프리 진짜 보다보면 빠져든다 라이브에 수위도좋고 외모도 좋고 삼박자 지렀으,False,
@WhiteIvar,헬창들도 ㄱ글 에서 벳프리 보면 근육 다빠진다며 ㅋㅋㅋㅋㅋㅋㅋㅋ 사실임? ㅋ,False,
@GuardianWashington,그놈의 ㄱ글 에서 벳프리 댓글 ㅈ 나많네 그렇게죠 좋은가보지 보러갈까?,False,
@TsumugiSeki,24시 연중무휴에 대한 페이지 여기는 롤지노,False,
@RyoumaYoshimoto,롤지노의 계략에 우리는 모두 한마음 한민족이 되어서 따보자,False,
@KaedeKomatsu,앞으로 장차 10년은 롤판이 해먹을듯? 인공지능 게임이 나오지 않는 이상 롤지노,False,
@沢渡千代子,롤지노 솔직히 이것이 맛떡이다 롤지노,False,
@CaseyE.Ortega,앞으로는 이것이 대세가 될 것이다 그것은 바로 롤지노 롤지노,False,
@EdenBanfield,대회에서도 이즈리얼이 나온다 ㅋㅋ 나도 이즈좀 치는데요 ~ 모든 롤드컵정보는 롤지노에서,False,
@IsabelNock,내가 처음 애니비아로 미드를 점령하던 시절이 있었지 ㅎㅎ 애니비아를 ª롤지노ª에서 가르쳐주더라구요,False,
@MatthewNugan,앞으로는 이것이 대세가 될 것이다 그것은 바로 롤 지 노,False,
@丸野愛子,",롤지노, 어짜피 말로만 백번 떠들어도 한번 눈으로 보면 모든것이 달라집니다",False,
@MadelineDumas,삼성주가는 하락세 롤지노 주가는 상승세,False,
@NatalieAnnear,한국팀은 절때로 중국팀에 지지 않습니다.. 롤지노 에서 승부예측 ㄱㄱㄱ 해봅시다요,False,
@HarukaMurase,도파민 터지는 소리가 롤지노 에서 부터 들리기 시작합니다.. 다함께 차차차,False,
@新内雪子,롤지노 확실하고 야무진 이슷포츠 경기만 쏙쏙 골라먹기 넘맛잇자누,False,
@สุปณิชาสิงห์สุรเชษฐ์,벌써 연말이 다가오고 있습니다… 2024년 은 롤지노 에서 마무리 해보는건 어떨까요 ??,False,
@五代勇,일안해도 통장에 타박타박 꽃히는 소리 너무잘들리쟈냐 럭키비키.. 롤지노,False,
@ธันยนันท์ประทุมชาติ,제 인생을 롤지노를 시작하기 전과 시작하기 후로 완전히 바뀌었습니다.. 감사합니다 롤지노,False,
@สุไพรรัชแก่นสาร,롤지노가 굉장히 타이트해요… 이스포츠가 킥입니다 킥… 롤드컵 우승은 st킥1,False,
@OtoyaMotsuzuki,자랑하기 싫어도 저절로 자랑이되는 나의 자부심 롤지노 서두르지말고 천천히 오세용,False,
@MarcusRanclaud,재미면 재미 보안이면 보안 아주그냥 갖출건 다 갖춘 갓벽 그잡채… 롤지노..,False,
@篠岡優太,요네 이타 장전하고 r 쓰고 한명 잡은다음에 바로 롤지노 키고 베에엣팅 슈웃!,False,
@MiyokoShinden,잘익은 김치 같은 야무진 저희 롤지노… 함께 즐겨 봅시다 혼자먹긴 너무 배부르거덩요,False,
@MiyuFujioka,롤지노 님은 생존하셨습니다… 밤티라미수 급 달달한 롤지노 같이 머거용,False,
@川満海斗,지울수 없는 기억.. 생생합니다. 저희 롤지노 에서 완벽한 추억을 선사할 예정입니다…,False,
@WhitneySerene-t9x,ㅋㅋㅋㅋㅋㅋ ㄱ글 에서 벳프리 모솨서 잼민이 발정났ㅋ,False,
@LancelotNimble,ㄱ글 에서 벳프리 보고 나면 다낵질 보충제 한사발 빨아야 한다는데 사실인가요?,False,
@IanWallace-z6z,진짜 ㄱ글 에서 벳프리 에서 방송 하시던분 진짜 잼있어 ... 다시보고 싶어서 가보자 ?,False,
@DeniseYvonne-t6f,ㄹㅇ ㄱ글 에서 벳프리 보면 다른거 눈에도 안들어옴 그냥 다시보면 되니까 개이득임 ㅋㅋㅋㅋ ?,False,
@star-vm6ui,성실한 답변<br>귀욥 세호님,False,
@루피-g5c,결혼식 진행 과정 억울함 해명 ㅋㅋㅋㅋㅋㅋㅋㅋㅋㅋㅋㅋ,False,
@정혜리-y2b,"와, 유재석은 정말 자기가 멋있다고 생각하나보다. 주변에 떠받드는 동료 연예인들과 여자 피디, 여자 작가들만 있다 보니, 이제는 멋진 예능, 착한 예능, 선한 영향력 예능만 찍어대는구나. 유재석이 망해야 한국 예능이 살아날텐데...",False,
@늘파아란,조세호 굿 님 너무 재미있어요^^😊,False,
@이승철-w1p,너나 하하나 유재석옆에서 피빨라먹는 말라리나 모기같은새끼들,False,
@이승철-w1p,그따위 결혼식<br>이혼하지 말고 잘살자<br>지인들 그정도면<br>말막뱉지말고,False,
@이승철-w1p,결혼하고 죽을때됬나보네,False,
@다더유,이미주 진짜 방송 매번 대충한다.......,False,
@xoxolovexoxo,"Even though the camera didn&#39;t focus on mijoo, she&#39;s always kindly helping out other&#39;s stall.",False,
@김민규-l6d,조세호는 명품이 아니면 안삼 ㅋㅋ😂,False,
@소해윤,유재석씨 청바지는 어디 제품인가여?,False,
@briellekim2565,근데 완전 주관적인생각인데 이번편 미주 뭔일있었음? .. 뭔가 적극적이지도않고.. 오랜만에봐서그런가 기분탓인가 ㅋㅋㅋ,False,
@MehruKhan-p2u,English sub the videos😢😢,False,
@유라-s7g,미주야 병풍이냐  진주만큼 노력좀하길,False,
@nevrem-4868,"<a href=""https://www.youtube.com/watch?v=nC_E8OW1kWQ&amp;t=747"">12:27</a> 이 사진 좋다 ㅋㅋㅋ",False,
@nevrem-4868,유느 진짜 말랐긴 말랐구나 옷핏이 사네,False,
@nevrem-4868,"<a href=""https://www.youtube.com/watch?v=nC_E8OW1kWQ&amp;t=591"">9:51</a> 이런 자켓 별로 안 입었지 않았나?? 난 좋은데 눈 가려서그런가(?) 20대 모델 같애 ㅋㅋㅋ 유느님 귀여워 ㅋㅋㅋㅋㅋ",False,
@햄보쿠,유재석 쇼핑몰 컨셉으로 부캐하나해줘요 소화력 미쳐버려,False,
@Ssssssaassa,근데 진짜 블레이져에 바지  핏 ㅈㄴ 좋다 ㅋㅋㅋ,False,
@디스퀘어드,pd역량의 한계인가여...놀뭐 진짜 빠지지않고 꼬박꼬박봤는데 갈수록 아이디어도 거기서 거기에 똑같은거 또하고... 재미가없서 ㅠㅠ........,False,
@happppy_s2,"<a href=""https://www.youtube.com/watch?v=nC_E8OW1kWQ&amp;t=51"">0:51</a> ㅋㅋㅋㅋㅋ아오 유재석 장꾸미 지쨬ㅋㅋㅋㅋ귀여오죽겜멤😂",False,
@신정환-v7b,유느님 핏 미쳤는데..?? 옷빨무엇,False,
@하뚜고미,이이경 궁금한yㅋㅋㅋㅋㅋㅋㅋㅋ,False,
@박성욱-q5k,저번주도 재밌었어요 이번주도 기대할께요 본방사수예정,False,
@송효진-d8v,놀뭐에 세호 만큼 예능 잘하는 애들이 들어와야 놀뭐가 산다 차라리 예전에 재석횽이 혼자하던 때가 진짜였어  세호가 예능을 잘해,False,
@쟈미jang,와우<br>썬그리끼는 순간<br>압구정 날라리넹~<br>ㅎ<br>무자껀  살이없어야  옷이 핏이 살아나넹❤😂😂,False,
@태블릿-t3g,세호가셜혼전에큰손결혼후작은손결혼축하해요😂,False,
@나야나-w5v,조세호씨가 장사수완이 좋으네...ㅋㅋ,False,
@복순이-o5e,놀뭐에 조세호도 괜찮을것같다ㅎㅎ미주 진주빼고 조세호 하나만 넣어도 프로그램 살것같은데...,False,
@som22481,근데 1박 2일 때문에 힘듬. 1박 2일이 금요일부터 촬영인데.. 놀뭐는 목요일 촬영.  물론 1박 2일이 격주 촬영이라고 하지만 3일 연속으로 주말 버라이어티 촬영할려면 체력을 더 관리하지 않는 이상은 힘듬. 실제로 노홍철도 이러한 이유로 1박 2일을 하차함.<br><br>그나마 런닝맨은 촬영까지의 공백이 2~3일이라서 어느정도 가능함.,True,@복순이-o5e
@ic_8715,​@@som22481댓글마다있네,True,@복순이-o5e
@som22481,​@@ic_8715 뭘 놀람? 앞으로 자주 볼 예정일텐데.. 다른 영상에서도 봅시다.,True,@복순이-o5e
@ic_8715,@@som22481 뭐래냐,True,@복순이-o5e
@ic_8715,@@som22481 혼자뭐래,True,@복순이-o5e
@v1ncen,대재석 핏 지린다ㅋㅋ,False,
@jisunnoh1685,"I love the show, but i haven&#39;t watch for the last recent 2 episode.. PD and the staff is to lazy to come up with something more entertain.. Instead of focusing on whole cast, do a one member project, two member project, three member project sometimes.. Why is youtube channel content getting better but a show from national tv channel getting worst.. Even Running Man which already pass their 14 years anniversary is still doing fine and fun because they tried to add new thing everyweek even though sometimes it&#39;s not working..",False,
@lyjjoo746,역시 조셉👍👍👍,False,
@good-day98305,왔꾸나 세호형❤❤,False,
@디팬더-j2s,이 멤버로 이런걸 한다고? 참 돈이 썩어나는가 보다,False,
@hbk8762,무도가 망한 이유는 여기 댓글 보면 알수있습니다,False,
@승현-q4g,놀뭐는 유재석 혼자할때 평균 시청률 8~9퍼대 갤럽 순위 모든 지표에서 늘 상위권이였음  멤버들 들어오고 시청률  수직하락과 동시에 모든 지표에서 하락했다 넌  비교 자체가 잘못됐음,True,@hbk8762
@som22481,​@@승현-q4g 과연 문제가 멤버만 있을까?,True,@hbk8762
@우리-i7r,​@@som22481문제없다고봄? 놀뭐는 유재석혼자할때로 뒀으면 지금같은일안생긴다는건 팩트인데,True,@hbk8762
@sibal8812,​@@som22481유재석제외 나머지안어울리는건 팩트야 혼자 오지게 쉴드치네,True,@hbk8762
@김성호-u2i9p,​@@som22481유퀴즈가 갑자기 유퀴즈 플러스 하겠다며 선언하더니  멤버들을 우르르 데려온다고 생각해봐 시청자들 벙찌고 어이없어하지 놀뭐가 그런짓을 한거  프로그램 정체성이 사라져서 아쉽다 유재석 하하 둘이 나올땐  시청률이 오르는데  다 같이 나오면 왜 떨어지는지  제작진들이 고민 좀  해봐야할듯,True,@hbk8762
@mkkim8280,그나마 유재석 조세호가 살렸네,False,
@mkkim8280,점점 재미가 없네,False,
@안알랴줌-d2d,플리마켓을 또해? 했던거 또하고 또하고ㅋㅋㅋㄱㄲ,False,
@som22481,새로운 거 하면 재미없다고 욕하고.. 그냥 놀뭐 맘대로 하는 게 낫다.,True,@안알랴줌-d2d
@안알랴줌-d2d,@som22481  새로운걸 ㅈ도안하는데ㅋㄱㅋ  그럼 재밌게 해야지 재미없게하고 좋은 평을 바람?ㅋㅋㅋ,True,@안알랴줌-d2d
@som22481,​@@안알랴줌-d2d 어차피 뭘해도 노잼이라는 분의 비위를 맞춰줄 의무는 없을듯,True,@안알랴줌-d2d
@CrescentMoon1640,조세호 진짜 요즘 예능 물 제대로 올랐어 ㅋㅋㅋㅋㅋㅋㅋ,False,
@ESTP,아 저기 사러 가고싶다 ㅠㅠ,False,
@the_bibi,고기굽깈ㅋㅋㅋㅋㅋㅋㅋㅋㅋㅋ,False,
@rlawlstn28,거리로 왜 나가긴 니네들이랑은 분량 안나오니깐 그러지 ㅋㅋ,False,
@세자빈-y3b,오늘 유느랑 조셉 사진찍고 입어보고 하는것도 웃겼고. 쭈니형이나 특히 kcm때 배잡으며 웃었다. 근데 멤버들 은 병풍으로 있고 게스트로 채우는 회차가 많으니 멤버간의 케미나 활약도가 없는게 문제임. 유느나 하하는 당연히 알아서 이끌어 가는데. 나머지 특히 미주는 병풍수준이고 이경이나 우재도 뭘 할수 있는 상황이 아님. 에피자체가 게스트 넣어서 그쪽으로 포커스가 가고. 멤버끼리 할때도 유느 하하 둘이 붙이고 나머지 넷으로 나눠서 넷팀은 분량도 없고. 제작진이 무슨 생각인가 모르겠음. 멤버들간의 케미가 제일 중요하고 캐릭터가 중요한데. 멤버들 위주로 에피짤 생각은 안하고 병풍 세우려면 고정멤버는 왜 두는거지? 방청객이야?,False,
@user-singyourmelody,난 이번편 재밌었는데 조세호 하드캐맄ㅋㅋㅋ,False,
@user-liejfligjw,유재석 처음에 가디건 입은 거 진짜 훈훈함..,False,
@chu_3s,패딩이쁨,False,
@러브러브-m8b,놀면뭐하니 바자회,False,
@러브러브-m8b,😊,True,@러브러브-m8b
@xoxolovexoxo,Some jinju fans just can&#39;t leave our mijoo alone. I don&#39;t get why they felt so insecure about lol. FYI mijoo is working hard on every program she has been given to and is doing all great. Whether if her scene on hdyp were edited out or not only the pd knows.,False,
@user-eg3nb8kg1e,맨날 똑같은 거 돌려막기하네 아쉽다 개개인은 다 좋은데.. 차라리 그냥 자기들끼리 수다떠는게 더 나을듯,False,
@som22481,그럴거면 토크쇼를 하지 뭐하러 버라이어티를 하냐?,True,@user-eg3nb8kg1e
@user-ww2gs6fk,유재석 옷 생각보다 너무 잘어울리는데 왜 놀리지?,False,
@how6567,아 재미없어,False,
@KWAN-fo4sp,유재석이 진짜 옷핏 잘받음..,False,
@WhiteIvar,ㄱ글 에서 벳프리 보고 나면 다낵질 보충제 한사발 빨아야 한다는데 사실인가요??,True,@KWAN-fo4sp
@binson-u6w,유재석이 제일 열심히하네... 멤버들 싹다 물갈이해야 놀뭐가 산다,False,
@som22481,"멤버 싹다 간다고 놀뭐가 산다는 자체가 웃기다. 막상 떨어지면 노잼이다. 왜 출연했냐, 이전 멤버가 낫다고 쓰겠지. 누구 나오든 악플달겠지.",True,@binson-u6w
@ic_8715,​@@som22481그악플니가쓰고다닐거같은데,True,@binson-u6w
@앞으로-y9l,그게 아니라 편집능력이 좀 구린듯,True,@binson-u6w
@팔콘맨-x9y,댓글 목록 꼬라지ㅋㅋ,True,@binson-u6w
@ic_8715,@@som22481 글쎄 너부터 저멤버들 나가면 니가 댓글쓸거같은데,True,@binson-u6w
@rishw6068,솔직히 이미주 말을 너무안하는데?,False,
@혁푸드Hfood,온국민이 선플달기 챌린지할때까지)<br>안녕하세요 🤍<br>영상 너무 유익하고 재밌게 잘 만드셨네요 보는동안 시간 가는줄 모르게 잘 봤어요 ㅎㅎ 오늘 하루도 행복하고 웃음만 가득한 하루 보내시고 긴글읽어주셔서 감사합니다 &gt;&lt;☺️♡,False,
@jhmun8039,조세호 신은 덩크는 무슨 덩크죠?,False,
@미국로또1장_무료,유재석 모델력 무쳣다!!! 진짜,False,
@GuardianWashington,ㄱ글 에서 벳프리 진짜 보다보면 빠져든다 라이브에 수위도좋고 외모도 좋고 삼박자 지렀으,True,@미국로또1장_무료
@woongnini98,앜ㅋㅋㅋㅋㅋㅋㅋㅋㅋㅋㅋㅋ 귀여워 유느님 사랑합니다 :),False,
@태블릿-t3g,진주가요세잘하시넹,False,
@blacksoulunderground,아니!!<br>뭐야😊😊😊😊😊<br>인기급상승 7위 😅<br>1위는 핑계고. 7위는 놀면뭐하니,False,
@PCS1017,뭔가 새로운 걸 보고 싶은데 왜 항상 놀뭐는 하던거 또하고..하던거 또하고....참,False,
@som22481,"막상 새로운거 하면 어디서 봤다, 전보다 재미없다 식으로 댓글 달릴거 뻔함.",True,@PCS1017
@SHOW909-y3v,세상 비호감 중에 비호감 조세호.. 유재석이 좋게 포장해줘서 그렇지 그전에 시간탐험대 봐라.. 양세놈들 보다 인간성 더 최악이다.,False,
@som22481,너보단 괜찮음.,True,@SHOW909-y3v
@tostic9850,얘 댓글 단 꼬라지봐라 이런 애들이 계속 티내니까 무도처럼 망하는거임,True,@SHOW909-y3v
@태블릿-t3g,세호가방송잘한다,False,
@Tours3o2h2,유재석 진짜 힙한데?,False,
@Hmsonny-zt5uu,놀면뭐하니 멤버진을 보면 어디가든 1인분을 하는 멤버인데 이건 그냥 기획자들의 역량이 아쉬운거임 매주매주 아이디어 내야하는 게 쉽지 않은 거 알고 있지만 최근 몇개월동안 놀뭐 보면 많이 아쉬움,False,
@나는미어캣,저에겐 몇 안되는 밥도둑인데 뭐가 아쉽죠 ??<br>무도쇼츠보다 오신거면 인정,True,@Hmsonny-zt5uu
@lovebombom,나는 유느혼자하는 그 거대콘텐츠...존버한다,False,
@som22481,1인 체제에서 벗어난지 언젠데 아직도 1인 체제 타령이네.,True,@lovebombom
@우리-i7r,​@@som224811인체제벗어난거랑 뭔상관? 그때가 잘나간게팩트인데,True,@lovebombom
@jiraal3278,​@@som22481이사람은 유재석 제외하고 다른멤버쉴드치는것만하네 1인벗어났으면 뭐함? 반등을 못하는데 기존놀뭐팬들은 당연히 1인체제를 원하지 지금시청률이 옛날만큼 오면 모를까 다인체제바뀌고욕은욕대로 먹고 시청률 하락했는데,True,@lovebombom
@Mr1981HERMES,세호는 후려쳐야 제맛,False,
@아이니-k7w,"주우재,이이경,박진주는 1인분씩 하는 사람들인데..<br>이래나 저래나 분량 잘 뽑아야하는게 맞지만, 계속 게스트를 섭외하고 그럼 또 게스트 맞춰주는 방항으로 가야하고....그러다보니 계속 못드러나는듯 ..개인적인 바램은 당분간은 시청률 좀 줄더라도 게스트 섭외를 줄였으면...",False,
@som22481,게스트 섭외는 다른 예능도 하는데 놀뭐에만 너무 엄격하게 구는 거 아님? 게스트가 나온다고 분량을 못 뽑을 사람도 아닐텐데,True,@아이니-k7w
@duckjae10,조세호 모자안에 비둘기 들어있나요?,False,
@Love-s7i8c,심각하다 하하 유재석 말고는 왜나오는거야 주우재는 얼굴만봐도 <br>노잼프로됨,False,
@som22481,그럼 딴거 보시길.,True,@Love-s7i8c
@승현-q4g,이이경 주우재 진주는 그래도 많이 녹아들었던데? 잘함,True,@Love-s7i8c
@우리-i7r,유재석 제외하고 다 그냥그럼 하하는무도때나달라진게없음,True,@Love-s7i8c
@som22481,​@@우리-i7r 그렇게 따지면 유재석도 무도와 비교하면 별 달라진 건 없음. 애당초 놀뭐가 무도의 후속작 격 프로다보니 그 둘의 케릭터는 거의 비슷할 수 밖에,True,@Love-s7i8c
@우리-i7r,@som22481  뭐가 달라진게 없는데?ㅋㅋ나머지멤버들은 1인체제로 성공못했고 유재석은 성공했고 부캐를 받아드린거부터 다른데 정준하야말로 할줄아는게 가발쓴거말고뭐있는데? 하하는 매주 얼굴타령하지 ㅋㅋ,True,@Love-s7i8c
@YU-lm1ih,"<a href=""https://www.youtube.com/watch?v=nC_E8OW1kWQ&amp;t=397"">06:37</a> 와 유느 11년전일인데 가격을 정확히 기억하심...",False,
@q양-I9금-야노-q2w,"오늘 유느랑 조셉 사진찍고 입어보고 하는것도 웃겼고 쭈니형이나 특히 kcm때 배잡으며 웃었다 근데 멤버들 은 병풍으로 있고 게스트로 채우는 회차가 많으니 멤버간의 케미나!! 활약도가 없는게 문제임 유느나? 하하는 당연히 알아서 이끌어 가는데 나머지 특히 미주는 병풍수준이고 이경이나 우재도 뭘 할수 있는 상황이 아님 에피자체가 게스트 넣어서 그쪽으로 포커스가 가고 멤버끼리 할때도 유느 하하 둘이 붙이고 나머지 넷으로 나눠서 넷팀은 분량도 없고 제작진이,,, 무슨 생각인가 모르겠음 멤버들간의 케미가 제일 중요하고 캐릭터가 중요한데 멤버들 위주로 에피짤 생각은 안하고 병풍 세우려면 고정멤버는 왜 두는거지 방청객이야",True,@YU-lm1ih
@gogogo482,"<a href=""https://www.youtube.com/watch?v=nC_E8OW1kWQ&amp;t=377"">6:17</a> 쓸친소 lp 나오네 먼가 반가우면서 씁쓸",False,
@최승훈-c1b,"잘입재석 <a href=""https://www.youtube.com/watch?v=nC_E8OW1kWQ&amp;t=647"">10:47</a>  핑계고에서 한번 해주세요",False,
@나라도-n2z,명품남이네 돈 자랑이 최고여라,False,
@ulrara0015,아니 담주 석훈씨 또 나와... 재미 진짜 없어졌네.. 지금 몇주째 체험삶의현장까지는 그래도 이해하는데 한번 나와서 물 다빠진 손님은 그만 부르지 좀... 대체 새로운 아이템은 언제 해보려나..,False,
@som22481,새로운 아이템을 나온다고 재밌다고 할거 아니면서. 김석훈의 케미가 좋으니 계속 나오지. 그러놓고 새로운 사람이 나오면 그거대로 불만일거면서,True,@ulrara0015
@blacksoulunderground,새로운아이템해도 재미없다하실꺼면서,True,@ulrara0015
@nevrem-4868,윗댓글들 왤케 못 받아들이냐. 이런 피드백도 받아들여야지 뭐. 프로그램이 어떻게 늘 재밌기만 하니 이 댓글 남긴사람이 놀뭐 진짜 팬으로써 자주 보는 사람인것 같은데. 새로운 게스트 보고 싶긴함,True,@ulrara0015
@규리디링,나도 석훈씨 나오면 안봄..,True,@ulrara0015
@O________,재미없다,False,
@태어난김에연예대상,"박진주랑 런닝맨 송지효랑 서로 바꾸자 런닝맨에 전소민이 있었다면 놀뭐엔 박진주가 있지<br>탁월한 순간적인 대처능력,성실함,기억력,관찰력,상황극소화능력까지  예능인으로 갖출건 다 갖춘 박진주가 런닝맨으로 온다면 런닝맨도 분명 살아날거라 본다",False,
@충성-h5v,왜 유재석 처음 파란색 톤온톤 코디 진짜 힙하냐 ㅋㅋㅋㅋㅋㅋ<br>핀터레스트에서 많이본 형님들 룩인데 <br>핏이 완벽하게 나옴<br>아주숏한 상의 와이드세미벌룬하의 이상한 선글라스에 모자로 감성한스푼까지,False,
@PhilomenaLois,ㄱ글 에서 벳프리 이 ㅓㅇ도로 유명했음?  내 듣보잡인줄 알았는그데 놈의ㄷ ㄷㄱ글 에서 벳프리 때문에,True,@충성-h5v
@MadgeLionel,ㅋㅋㅋㅋㅋㅋ ㄱ글 에서 벳프리 모솨서 잼민이 발정났ㅋㄱ글 에서 벳프리,True,@충성-h5v
@된쟝-s6p,세호 너무<br>낯설다,False,
@winterseo6445,조세호 싫다,False,
@하악하악-j4c,조세호님 많이 띄어주시니 보기좋네요,False,
@ppikku99,이런 걸 밖에서 시민들과 함께  플리마켓 하는 걸 했으면 좋겠다,False,
@AmandaIrene-q5q,그놈의 ㄱ글 에서 벳프리 댓글 ㅈ 나많네 그렇게죠 좋여은기가댓보글지  왜보이러럼갈 까ㄷ?ㄷㅋ ㄱ글 에서 벳프리 도대체,True,@ppikku99
@고라이온,이미주는 작년말부터 그냥 머릿수채우는 사람이네 이미주도 철밥통느낌,False,
@rjsntlsn,"말을안하심,,",True,@고라이온
@som22481,"런닝맨, 식스센스 때는 그 에너지 넘치는 모습이 좋았는데.. 물론 지금은 30대고 당시엔 20대임을 감안하면 그 때보다 어느정도 성숙했다고 하지만 너무 말을 안하는 건 아쉬움.",True,@고라이온
@그댄장미,우재는 낄때끼고 치고빠지고가 잘되네 드립력 좋고 <br>담백하고 영리하다,False,
@인테리어달인,ㅣ,True,@그댄장미
@닉네임없음-x4i,유재석이 38만원 맞춘게 더 신기하네,False,
@joiedevivresj,플리마켓 특집 한 지 얼마나 됐다고 또 하나요..?,False,
@그댄장미,미주는 빼라 그냥.. 아니면좀 치고들어오던지 아휴....진주가 드립이좋다,False,
@전부거절,저번 에 할때도 진주에 이런 댓글 다셨습니까?그냥 이경 사진 앞에 두고 보고만 있던 진주...그땐 뭐라고 하셨나...,True,@그댄장미
@Leeds-forever,"놀뭐 출연진 유재석, 하하 말고는 다 노잼 <br>초대 조세호가 훨씬 낫다",False,
@hoibierr636,거리 나가서 찍는 씬에 나오는 노래 정보 아시는분?,False,
@전부거절,여러분들 멤버에 대한 악플은 달지 맙시다 저도 새롭게 태어나 절대 진주에대한 악플 달지 X 맹세 하겠습니다,False,
@je2bu782,"결혼축하합니다. 신혼여행다녀온후 홀쭉해진 얼굴에 허니문베이비가 떠올라 보기 좋습니다. 앞으로도 변함없이 억울한 조세호로 그리고 많은 팬들과 아내분에게 큰사랑받는 조세호로 거듭나길 기원, 기대합니다.",False,
@x2y1,조세호 삼촌 너무 많이 결혼 축하드리고 나중에 아이 있으며 육아 파이팅🩷😊🎄,False,
@황금동굴-s1p,진짜 두번째와서 거상변신은 진짜 꿀잼이었습니다,False,
@If_colosseum,신봉선 정준하내치고 미주 우재꼽은 이유를 모르겠네 너무 노잼됨. 그렇다고 열심히 하지도 않음 특히 여자 1명,False,
@전부거절,여러분들 멤버에 대한 악플은 달지 맙시다 저도 새롭게 태어나 절대 진주에대한 악플 달지 X 맹세 하겠습니다,True,@If_colosseum
@som22481,그 주우재는 그 둘 하차하고 나왔음. 솔직히 정준하가 다른 멤버들과 케미가 안맞는 건 사실이잖아. 혼자 미션과 동떨어진 행동을 하고.. 그나마 신봉선은 지금도 아깝지만,True,@If_colosseum
@우리-i7r,신봉선정준하가 더 노잼임 정준하는허구언날  옛날꽁트밖에못하고 신봉선도 붕뜨고 특히정준하는 멤버들이랑 갭차이가너무남,True,@If_colosseum
@전부거절,@@우리-i7r 음...두 사람이 들어오고 나서 차이가 생기기 시작 했는데...일단 여자가 2명인 상태에서 또 한명이 들어온건 솔직히 에바였지...어떤 버라이어티에서도 여자가 3명이였던 적은 없었고...1명이 나가게 될꺼라는건 예상 했던 일 이였는데..그기 미나가 될줄은 생각 못했죠...운동 토크 빠지는게 없었는데...피디 나가고 분위기가 바뀐건 역시 멤버들이 적응 하는데 힘들었겠죠...,True,@If_colosseum
@우리-i7r,@전부거절  누가나가든 멤버들자체가 놀뭐랑 너무안어울림 정준하부터 옛날무도스러움을 그대로가져가려고하고 신봉선도 요즘느낌이 1도없음  미주?미주도억텐이고 진주도 누가안잡아주면 스며드는것도 없음 그렇다고 우재가잘하냐? 그것도아님 자꾸우재도 광수따라하는 느낌임 거기다가 하하도 할줄아는건 남깍아내리고 유재석 깍아내리고 런닝맨포지션그대로가져가고 이이경은게스트일때는괜찮았는데 멤버가되니까 억텐심해짐 mbc가 무도짤이 조회수나오니까무도따라가기하고싶어하고  1인체제일때는 무도멤버넣어라고 무도빠들이 난리쳐서 지들말대로 넣어줬더니 시청률하락세타고 놀뭐가망하게된이유임 놀뭐는 그대로뒀으면 지금처럼 안왔음 피디도유재석을 진행캐로 쓰는것도 문제고 유재석은 김태호처럼 굴러줘야 캐릭터가 더 사는데 부캐도못하게되고 1인체제도망가지니까 놀뭐가 이상태된거지 미안하지만 유작석제외하고 나머지 멤버 다 안어울리는게 팩트인데 신봉선 정준하가 제일안어울리는건팩트임,True,@If_colosseum
@몬디노,왜자꾸 키우지? 난 채널 돌림 진짜 뭣도 안되는것들이 줄 잘서서 잘되니 배 존나 아퍼서 댓 남긴다,False,
@장은혜-p6z,재밌당 ❤ 재석님 옷 잘받네요 비율이 좋아요👍🏻,False,
@돔페리뇽-l4j,조세호 얼굴. .......,False,
@jinuan6430,미주가 적극적으로 열심히 했으면 좋겠다<br>제작진이 말해주거나 팬이면 dm으로 (요즘 의욕이 없어보인다는) 태도 논란 글이 여기저기서 올라온다고 말해줬으면...<br>지금이야 유튜브 댓글에서나 뭐라그러지 이 상태 계속되면 기사뜨고 하차당할텐데,False,
@전부거절,여러분들 멤버에 대한 악플은 달지 맙시다 저도 새롭게 태어나 절대 진주에대한 악플 달지 X 맹세 하겠습니다,True,@jinuan6430
@som22481,​​@@전부거절 이게 악플은 아니죠. 분명한건 미주가 텐션이 떨어진건 사실.. 주말 예능은 멤버들 모두 힘을 합쳐서 만든건데 기꺼이 출연해놓고 말을 안하면 욕먹게 됩니다.,True,@jinuan6430
@전부거절,@som22481  이번주는 전체적으로 게스트가 많이 나와 다들 분량 작았다고 생각 합니다 결과적으로 미주도 만7천원 팔았고 열심히 했지만 편집 당한거..라고 생각 합니다 우재도 막바지에 가서야 물건 파는 장면 나왔고 이경도..진주도 다 편집 당했다고 생각 합니다 한명만 꼭집어 말 할 필요가 있는지...솔직이 우리는 현장 분위기 텐션 어떤지 모르는것 아닙니까?우리는 원본이 아닌 편집본을 보는것 뿐입니다,True,@jinuan6430
@펑가-n5x,​@@전부거절저게악플로보이냐 ㅋㅋㅋㅋ 걍 태업이지 ㅋㅋㅋㅋ 정신차려라 저사람들은 저게일이야 회사원이 일안하고 있을때 뭐라하면 악플이라그러냐???,True,@jinuan6430
@전부거절,@펑가-n5x  오 그런가요..음..저런건 악플이 아니고 태엽 이라고 하는군요 배워 갑니다 다음에 써먹어야 겠습니다,True,@jinuan6430
@이뚜리-g1r,요새 조세호..좀,False,
@어게인후니,"조세호 10여년 전쯤 천안 두정동 노래방에서 도우미 불러서 잼나게 놀더만,",False,
@이름없음-d7e,아니 근데 자켓에다 청바지 비니는 ㄹㅇ 괜찮은데 .. 선글라스만 예쁜 안경으로 바꾸면 진짜 ㄱㅊ은데… 유재석 핏 좋다,False,
@SSIBEOM,주우재 스타일임 ㅋㅋㅋㅋ,True,@이름없음-d7e
@gyeseee,물안경쓴줄 색깔맞춤한게더킹받음🤣😭,True,@이름없음-d7e
@________---------------,ㄹㅇ 진짜 멋있는디,True,@이름없음-d7e
@DeniseYvonne-t6f,ㄹㅇ ㄱ글 에서 벳프리 보면 다른거 눈에도 안들어옴 그냥 다시보면 되니까 개이득임 ㅋㅋㅋㅋ ?,True,@이름없음-d7e
@IanWallace-z6z,진짜 ㄱ글 에서 벳프리 에서 방송 하시던분 진짜 잼있어 ... 다시보고 싶어서 가보자 ㅋ,True,@이름없음-d7e
@chandlerbiing9593,아니 재석행님 옷 ㅈㄴ 힙한데 왜?,False,
@kekekuke123,조세호...5년뒤에 이혼하는 그림이보인다..,False,
@그댄장미,전혀??ㅋㅋ,True,@kekekuke123
@som22481,그다지,True,@kekekuke123
@kukbab4303,왜 그래?심술나?,True,@kekekuke123
@정의의사도-p2i,송지효 누나는 요즘 확실히 엄청난 변화가 이루어졌다..<br>그만 좀 들먹이고 비교해라...,False,
@팍씨-b5o,송퀴😅,True,@정의의사도-p2i
@som22481,​@@팍씨-b5o 근데 송지효도 많이 노력한 건 사실.,True,@정의의사도-p2i
@정의의사도-p2i,@@팍씨-b5o에휴,True,@정의의사도-p2i
@러쉬-g4d,와 조세호 물건은 다 탐난다 진심,False,
@Momoland-b5q,조세호 역시 잘해❤,False,
@jink6006,무한도전 경매때 진짜 웃겼지 조세호,False,
@John-z1y8b,호세씨 결혼축하해요😂🎉ㅋㅋㅋㅋㅋㅋㅋㅋㅋ,False,
@예은-e8z,"만약 오늘 방송이 별로였다고 시청자들이 피드백줬으면 그걸 반영해서 더 나은 프로그램을 만들면 되고 또 더 열심히 노력하면 됨, 굳이 놀모 멤버들 욕할 필요있는지 잘 모르겠,,,,솔직히 요즘 들어서 놀뭐가 그 전에 비해 재미없어지긴 했습니다. 제가 원래 놀뭐 너무 재미있어서 밥먹으면서 지금 맴버들만 나오는 화부터 다시 다 정주행했는데 어느순간부터 재미없어졌다고 느꼈습니다. 제가 느끼기에 최근에 유재석님의 비중이 너무 많다고 생각이 들었어요. 그 분이 나오는게 싫어서 그러는게 아니라 유튜브 미방분으로 올라오는 다른 맴버들이 나오는 것도 너무 재미있는데 그런 에피소드들도 방송에 많이 나왔으면 합니다.  저는 놀뭐 맴버들만 나와서 수다떠는 것, 맴버들이 동요불렀던 화, 탁구게임이나 좀비게임 했던 화, 오늘 처럼 플리마켓도 넘  재미있게 봤습니다. 아 그리고 오늘 kcm 나오고 나서 엄청 웃었던 기억이 있습니다!! 저는 진짜 맴버들케미가 좋아서 놀뭐를 보는 사람이고 주말마다 놀뭐를 보고싶은 사람입니다. 의견 반영해서 더 재미있고 좋은 프로그램 만들어주셨으면 좋겠습니다!",False,
@그레이트용-s9y,와 유재석 셋업 너무 잘어울리는데??,False,
@GuardianWashington,ㄱ글 에서 벳프리 보느라 눈밑에까지 다크써클 들어옴 ... 진짜 근데이뻐서 눈을못떼겟다...,True,@그레이트용-s9y
@EloiseStrong,그놈의 ㄱ글 에서 벳프리 때문에 내거기 닳고 닳아서 없어지겠네,True,@그레이트용-s9y
@HhH-el8vt,유재석 혼자했으면 컨텐츠 무궁무진할텐데ㅠㅠ gd콜라보도 가능했을수도,False,
@vcorea123,몇번 말하는건지 모르겠는데 유재석이 본인이 혼자하기 힘들다고 맴버 넣어달라고 해서 넣어준건데ㅋㅋ,True,@HhH-el8vt
@ic_8715,​@@vcorea123유재석이 넣어달라고 해서 넣은거아닌데 혼자뭐래 cp가넣은거임기사도 났고 잘모르면 나대지마,True,@HhH-el8vt
@우리-i7r,​@@vcorea123맴버는뭐야 멤버겠지 그리고 유재석이 언제 혼자 힘들다고 멤버넣어달라고 함?? Cp가 원하는멤버로 넣었다고 기사인터뷰까지 낸건데 유재석 제작자한테 관여안한다고 수차례말했고만 유재석이넣어달라고 한 내용이나 가져와봐라 포맷설명만 두번말바꿈있었다 반박하고싶으면제대로해 유재석핑계대지말고,True,@HhH-el8vt
@허수아비-g6i,​@@vcorea123말도못하는게 나대네,True,@HhH-el8vt
@Landslide-fu7br,What episode tho please,False,
@mmm-s3j,미주도 책팔려고 막 끼어드는데 편집됐더만 저 정신없는 사이에서 어떻게 멘트를 해 다른데서는 활발하게 잘만하는데..ㅠ 너무 쎄다 다른 멤버들이,False,
@danielnamyun7257,Anitta 👍🏻,False,
@부바-k6l,창모땜시 배꼽 빠질뻔 ㅋㅋㅋㅋ,False,
@magu6148,플리마켓 컨텐츠 더이상 안했으면 좋겠음.<br>현장분위기가 어떤지는 모르겠지만<br>물건 팔리는 멤버만 신나있고<br>게스트가 자기 물건에 관심안보이면<br>무표정으로 앉아있고 <br>뒤로 빠져있고...<br>게스트 호구잡아서 등쳐먹고 웃기다하는 게 좋아보이지 않는다.,False,
@나모-y1y,그들만의 리그 미주는 이제 팽이냐,False,
@전부거절,여러분들 멤버에 대한 악플은 달지 맙시다 저도 새롭게 태어나 절대 진주에대한 악플 달지 X 맹세 하겠습니다,True,@나모-y1y
@성이름-x9t,이미주는 이번주 안나온거임??,False,
@전부거절,여러분들 멤버에 대한 악플은 달지 맙시다 저도 새롭게 태어나 절대 진주에대한 악플 달지 X 맹세 하겠습니다,True,@성이름-x9t
@sujinchoi4583,세호오빠 그 모자 쓰니까 유대인 같아요 ㅋㅋㅋㅋㅋ,False,
@bjjeong2781,욕먹으니 포장해주네,False,
@kjyoq8917,오늘 더블 mom 세호형 and 창모형,False,
@lxvx.w,오늘 레전드로 재밌었어요 ㅋㅋㅋㅋㅋㅋㅋㅋㅋ간만에 눈물흘리면서 꺽꺽 웃음ㅋㅋㅋㅋㅋㅋㅋㅋㅋㅋㅋㅋㅋㅋㅋㅋㅋ<br>조세호님ㅋㅋㅋㅋㅋ 맨날 항상 억울한데 항상 당하면서 자기 할말은 다 하는 고집 센게 너무 웃김ㅋㅋㅋㅋㅋ 조세호9 ood !,False,
@뿅뿅뿅-k5o,아 저도 진짜 놀뭐 보면서 첨으로 꺽꺽거리면서 웃고 미친듯이 웃겼어욬ㅋㅋㅋㅋㅋㅋㅋㅋㅋㅋㅋㅋㅋ예능보고 진짜 오랜만에 빵터졌음 ㅜㅜㅜ😂😂😂,True,@lxvx.w
@LancelotNimble,ㅋㅋㅋㅋㅋㅋ ㄱ글 에서 벳프리 모솨서 잼민이 발정났ㅋ,True,@lxvx.w
@WhitneySerene-t9x,진짜 ㄱ글 에서 벳프리 에서 방송 하시던분 진짜 잼있어 ... 다시보고 싶어서 가보자 ㅋ,True,@lxvx.w
@PhilomenaLois,여기댓글 왜이럼 ㄷㄷ ㄱ글 에서 벳프리 도대체 머길래이- -댓글 보고 ㄱ글 에서 벳,True,@lxvx.w
@chabibaah,I&#39;m not lying. But Jae Suk oppa turned out to be so cool. He suits that outfit.,False,
@hunhwang,결혼하고 나서<br>호구 세호에서<br>단호 세호로 바뀜 ㅋ_ㅋ,False,
@user-it4my7gs9y,조세호 너는 진짜 유재석한테 아버지라하고 업고 다녀야 된다.  아들도 이렇게 카바치지는 못할거다.,False,
@joonbae8731,유재석 조세호 조합은 그냥 웃김ㅋㅋㅋㅋㅋ,False,
@이이황이,"<a href=""https://www.youtube.com/watch?v=nC_E8OW1kWQ&amp;t=746"">12:26</a> 브금 제목이 뭔가요?",False,
@hyeonjeongyu9668,Desce pro play요,True,@이이황이
@이이황이,​@@hyeonjeongyu9668ㄱㅅ합니다,True,@이이황이
@domic93,유재석 모델력 무쳣다,False,
@박시연-e1j,😮,True,@domic93
@l9금-딸감-야뎡e-t8x,↑🌯,True,@domic93
@DeniseYvonne-t6f,ㄱ글 에서 벳프리 보느라 눈밑에까지 다크써클 들어옴 ... 진짜 근데이뻐서 눈을못떼겟다...,True,@domic93
@IanWallace-z6z,ㄹㅇ ㄱ글 에서 벳프리 보면 다른거 눈에도 안들어옴 그냥 다시보면 되니까 개이득임 ㅋㅋㅋㅋㅋ,True,@domic93
@OdetteAgnes,그놈의 ㄱ글 에서 벳프리 때문에 내거기 닳고 닳아서 없어지겠네,True,@domic93
@deblameront2427,Where are the English subtitles,False,
@gyeseee,돌하루방🎅🤶🧑‍🎄👼닮았어요(주어생략🤫),False,
@녹색콩-h3f,무도 쓸친소 생각나네 비틀즈엘피 호구 ㅋㅋㅋ,False,
@kaliptoth,유재석님 LP가격 기억하는거 소름이네 ㅋㅋ,False,
@blankblank3582,"놀뭐 오랜만에 보는데 <br>진심으로 제작진 분들이 한 화 컨셉을 재밌고 탄탄하게 짜내지 못했고 편집도 너무 재미가 없어요. <br>젊은 출연진들은 이 상황에 너무 오래 방치되었는지 나름 다른 곳에선 충분한 재미를 뽑아내던 주우재조차 재미가 없고 나머지 분들은 배우와 가수니까 더 헤매고 있네요. <br>노련한 출연진인 유재석과 조세호가 나름 살리려고 밖에 나가서 사진도 찍고, <br>하하는 그동안 안에서 젊은 출연진들한테 뭐라도 멘트 따라고 조세호 호구 컨셉 만들어서 던져주고 하는데 이미 길을 잃은 젊은 출연진들이 재밌는 상황조차 받아 먹지 못해서 예능이 맞나 싶습니다. 솔직히 출연진 잘못 운운하기 전에 뒤에 가려진 이 노잼판을 짜 놓은 제작진의 무능이 제일 큰 잘못 같은데요.",False,
@chandlerbiing9593,솔직히 예전에 유재석 솔플이 재밌긴했음...왜 그랬을까,True,@blankblank3582
@전부거절,주우재는 토크쇼가 잘맞다고 생각이 들고 미주는 지금 다른 프로 하는건 잘 하고 있고 또 할 예정이고..이경이는 시골쥐 하는거 안봐서  모르겠고...진주는 하는프로 없어서 모르겠고 작진들이 문제인건 맞아요...,True,@blankblank3582
@som22481,​@@전부거절 진주가 하는게 왜 없음? 스스로 병풍되지 않을려고 열심히 분량을 만드는데.. 미주를 욕하면 악플이라고 뭐라하면서 정작 진주는 함부로 말해도 되는지.,True,@blankblank3582
@전부거절,@@som22481 진주가 하는 프로그램..이라고 했습니다만....욕이 아니고 하는고 있는 프로그램이 없어서 잘 모르겠다고 써져 있군요...아니면 읶는데 제가 모르고 있을지도 모르는데..있다면 보겠습니다 알려주세요<br>여러분들 멤버에 대한 악플은 달지 맙시다 저도 새롭게 태어나 절대 진주에대한 악플 달지 X 맹세 하겠습니다,True,@blankblank3582
@전부거절,@@som22481  @som22481  진주가 하는 프로그램..이라고 했습니다만....욕이 아니고 하는고 있는 프로그램이 없어서 잘 모르겠다고 써져 있군요...아니면 읶는데 제가 모르고 있을지도 모르는데..있다면 보겠습니다 알려주세요<br>여러분들 멤버에 대한 악플은 달지 맙시다 저도 새롭게 태어나 절대 진주에대한 악플 달지 X 맹세 하겠습니다,True,@blankblank3582
@짜타-l1v,ㅋㅋㅋ 그때~재석형님 한태 당했져 물품 구매때 세호형이 고가 부르면 낙찰 ㅋ 축의금 많이 내겠져,False,
@whdhiwjrhhd8355,뚱뚱하고 호구미있을때 재밌었는디..,False,
@user-dm6ly8zl4o,아니 멤버들 돈 궁함?? 왜 자꾸 방송에서 지들 안쓰는 물건 파는걸 하는거임??,False,
@mmxxii22,조세호 결혼하더니 인물나네호,False,
@지나가는길냥,아니 세호형 특수분장인거야 아님 힘들어서 그런거야 ㅋㅋㅋ ㅋㅋㅋㅋㅋ,False,
@둠두루둠,놀뭐 생각보다 많이 재밌네 ㅋㅋ,False,
@hey0326-r8z,조세호 정말 웃겨 ㅋㅋㅋ,False,
@kor13dongwoo,유느 옷빨 좋은데ㅋㅋ,False,
@읍내오빠-n2l,조세호구 청문회해라 재미나것다 ㅋㅋㅋ,False,
@Joonho-q5z,Vhgyf<br>O,False,
@가을-e3y,놀뭐❤❤,False,
@방시역-t3u,또 물건 팔어??이제 얼마지나면 또 음악하겠네??😮<br>놀뭐 그냥 폐지하고<br>새로운 예능좀 기획해라..<br>심폐소생술도 적당히 해야지,False,
@붉은매-v3y,김태호가 진짜 기획력이 좋은거임 유재석 혼자할때가 지금보다 더 재밌었음,True,@방시역-t3u
@som22481,​@@붉은매-v3y그 김태호도 유재석과 헤어지더니 자기 복제하던데,True,@방시역-t3u
@붉은매-v3y,@@som22481 그나마 나영석보단 덜함,True,@방시역-t3u
@som22481,​@@붉은매-v3y나영석은 시청률이라도 좋지.,True,@방시역-t3u
@ngsSing-pe5ft,@@som22481 원래 자기 색깔이 쉽게 변하지않음. 특정 포맷잘하는 사람은 계속 그 포맷으로 잘하는거지 다른 포맷까지 잘하는게 쉬운줄 아나 ㅋㅋㅋㅋ,True,@방시역-t3u
@종원이-p7d,갑자기 왜이리 늟었지 ㅋㅋ,False,
@gyeseee,재석님 옷 핏은 다 너무 딱떨어지고 예쁜데 왜지?!!?😮ㅋㅋㅋㅠ,False,
@ChoiGuu,재킷이쁘네 ㅋㅋㅋ,False,
@s유유유유,미주 방청객 알바비 줘야하는거 아닌가..  최저시급 정도 리액션인데..,False,
@jeorgejoa,미주 헤어지기라도 했나 기분 다운되어 있노,True,@s유유유유
@BBU-w4c,하루라면 모를까 저번부터 계속 저랬음 남친사귀고나서 걍 이미지관리 하는것 같음,True,@s유유유유
@Timo-cd2sq,"점점 리액션으로 분량챙기는 송지효처럼 되는듯.<br>이전에 오빠들 열일할때 주주만 분량 없었으면, 이렇게 쉬운 미션할때 만회해야되는거아닌가?<br>최소한 진주는 노력하는게 보이는데...ㅉ",True,@s유유유유
@Djeucjskd,​@@tkrehsw댓글모음 보이 답나오누 ㅋㅋㅋㅋㅋ,True,@s유유유유
@전부거절,여러분들 멤버에 대한 악플은 달지 맙시다 저도 새롭게 태어나 절대 진주에대한 악플 달지 X 맹세 하겠습니다,True,@s유유유유
@balsan_dragon3073,진짜 또 한번 느꼈다 멤버들이 진짜 재미없고 1인분 못한다는걸 잠깐 나온 조세호가 제일 재밌네 제작진도 했던거 계속 우려먹고 아니면 김석훈 불러다가 또먹으러 다니고 6시 내고향이야?,False,
@field-s3f,발산 드래곤님이 재밌는 예능 만들어주세요~,True,@balsan_dragon3073
@이도영-c5y,그래서 니가 뭘 할 수 있는데,True,@balsan_dragon3073
@balsan_dragon3073,@@이도영-c5y 뭐래,True,@balsan_dragon3073
@mangood2962,맞아요 맨날 붙어다니는 저 두 사람 편만들이 편가르기 대명사에 저 두명 같이 방송하면서 했전거 욹거먹는거 10년 넘게 왜ㅜ봐야 하는지 저 방송은 창의성 1도 없고 재미도 없고 그만해라,True,@balsan_dragon3073
@user-it4my7gs9y,"근데 다른데 조세호 나와서 저렇게 재밌냐,  전혀. 김종민이 놀뭐 나오면 그냥 레전등인데 다른데 나오면 그러냐,  아니 맹맹할때가 훨씬 더 많다. 왤까.",True,@balsan_dragon3073
@고라이온,이미주는  런닝맨의 송지효화 되었네,False,
@blankblank3582,송지효는 그래도 치고 들어오는 경우도 많어... 이 정도는 아니지... 여기는 그냥 말을 아예 안 하는데? 편집으로 다 들어냈나,True,@고라이온
@alexp2019,지효는 그래도 흐름이라도 따라 행동하는데 이건 병풍이지,True,@고라이온
@정의의사도-p2i,지효누나 요즘 엄청변햇음,True,@고라이온
@팍씨-b5o,ㅋㅋㅋㅋㅋㅋㅋ 이미주도 태업 병풍이야?,True,@고라이온
@고라이온,@팍씨-b5o   지금까지는 병풍 저기서 더나가면 이제 태업,True,@고라이온
@sinabro0357,니들 자꾸 우리 세호 놀릴래? 난 못참는다잉 조세호9가 머냐 아무리 그래도 근데 어울리네 조세호9.....  😊,False,
@Gggikkkk,이정도면 조세호 결혼식 예능 특집으로 나와야하는거 아님?,False,
@천둥의신츄르,예능이 아니라 예능입니다,True,@Gggikkkk
@heegun9,호세형 역시 방송 잘한다니까 ㅋㅋㅋㅋㅋ,False,
@포뇨-k1m,이 뒤에 다시 돌아오셔서 흥정하셨던 내용 진짜 재밋었어요 😂,False,
@OdetteAgnes,ㄱ글 에서 벳프리 보느라 눈밑에까지 다크써클 들어옴 ... 진짜 근데이뻐서 눈을못떼겟다...,True,@포뇨-k1m
@PhilomenaLois,ㄱ글 에서 벳프리 보고 나면 다낵질 보충제 한사발 빨아야 한다는그데놈 사의 실ㄱ인가글요 ?에서 벳프리 댓글 ㅈ 나많네,True,@포뇨-k1m
@축구빠돌이,조세호 놀뭐 청문횤ㅋㅋㅋㅋㅋㅋㅋㅋ,False,
@grimreaperkim9433,결혼한 조셉의 역습 ㅋㅋㅋㅋㅋㅋ,False,
@꼬미-m5z,조셉🎉결혼축하해요,False,
@hydaddyable,"재미도, 진행능력도 없는데 유재석빨로 일년에 3십억씩 편히 버는 게 어이없음.<br>본인 능력으로 번 게  아닌데, 어울리지도 않는 고가명품으로 범벅을 하니<br>더 이상 못 떠오르지. 그게 본인의 한계.",False,
@명구원,그게 누군데요 도대체 유재석 빨이 아니라 조합이 좋은거죠 티키타카 그럼 예를들어 삼성도 일잘하는1명때문에잘되는겁니까 말을 그런식으로 하지마세요 무슨 30억,True,@hydaddyable
@구축-s6i,ㅋㅋㅋㅋ 그건 니생각이고 조세호가 니같은 악플러보다는  인간관계에 문제가 없으니 결혼식도 많이 참석한거겠지 ㅋㅋㅋㅋㅋㅋㅋㅋㅋㅋㅋㅋㅋㅋㅋㅋㅋ 니가 싫어하는건 비판안하지만 이딴식으로 비난하는건 그냥 열등감아니냐 ㅋㅋㅋㅋㅋㅋㅋㅋㅋ,True,@hydaddyable
@uesr-z9qdzhu5df,이넘은 댓글 다 비판이네??,True,@hydaddyable
@som22481,조세호한테 멱살 잡혔나? 지가 뭔데 조세호를 욕하는지.,True,@hydaddyable
@_redandblack,여기 좋아요 누르는 사람들 다 열등감 덩어리들ㅋㅋ,True,@hydaddyable
@eziahhh,"It’s most fun when the members and other close entertainment stars are together ❤ Also I really like this flea market content where they sell their belongings, it promotes a less wasteful lifestyle!!",False,
@RosellePark-c8b,44second here😂,False,
@uesr-z9qdzhu5df,조세호님 웃겨요 😂😂,False,
@지현-d5b,ㅋㅋ ㅋㅋㅋ오늘재미있었ㅇㆍ여,False,
