author,comment,is_reply,reply_to
@DoRyeon_,원래 댓글 잘 안쓰는데... 몸을 어찌쓰는것이요.. ㅠㅠ,False,
@hyo3861,댓글이 핫하네요 😂 릴파님이 방송에서 계약 기간땜에 26년에 이사 가신다고 말씀하셨습니다 😅,False,
@앙큼윙크,가서 쳐봤는데 와 말도안됨,False,
@꿈향,릴파님.. 이제 봉인이 풀려버렸어..<br>게임실력 급상승 오냐..?!,False,
@YouTube쵸루-m5q,내가 183이니까 세로로 누워도 다 못 누워?,False,
@Qseol_E,릴파넴 방 정상화가 시급하다...,False,
@GrandDDUelgi,레이저 코리아 너무 감사합니다 ㅜㅜ 드디어😂,False,
@hwaiyu733,아니 송출용 컴에 연결된 캠만 게임컴 모니터에 올려두면 되잖아,False,
@modic2196,"<a href=""https://www.youtube.com/watch?v=NfiiJwDQZSg&amp;t=576"">9:36</a> 방이 침대 싱글사이즈보다 작아..",False,
@대박-r3k,비챤님 혼자 베란다를 쓰는게 아니라<br>릴파님이랑 같이 쓰는 거였구나!,False,
@감자칩을좋아한다,합방할때보면 괜히 문제생기는게 아니네,False,
@비헬시,장비에도 투자해야 진짜 프로 아닐까요,False,
@slamion-n7z,거의 뒤주….,False,
@РКД-к5х,"<a href=""https://www.youtube.com/watch?v=NfiiJwDQZSg&amp;t=599"">9:59</a> 훌륭한것좀 쓰세요... 제발",False,
@Nong-Rock,아...세팅은 눈쟁전자인데...안타깝다...,False,
@김명이130,ㅋㅋㅋ,False,
@luck7478,ㅎㅎㅎ 마지막 새제픔 받고 표정ㅎㅎㅎㅎ 너무 밝아 보여 ㅋㅋㅋㅋㅋㅋㅋ,False,
@마신제오,릴파넴... 비싸요...,False,
@scent_of_rain,으아아아악... 너무 긁혀요... 릴파님 화이팅...!!!,False,
@tkdgjs3,170x80이면 침대보다 좁은거잖아....,False,
@liar1032,"<a href=""https://www.youtube.com/watch?v=NfiiJwDQZSg&amp;t=294"">4:54</a> 뇌까지 근육 ㄷㄷ 릴파님 펜트하우스 각?",False,
@user-bq4cn7oc7p,10년전에 30만원짜리 노트북하고 4천원짜리 문구사 마우스 쓰다가 친구한테 욕먹었던거 생각나는 영상이네요  ㅋㅋ...,False,
@7piacom,홀로라이브 사단장 토키노 소라도 침실에서 방송하는데 책상이랑 침대 사이에 의자 들어갈 공간이 없어서 침대에 앉아서 방송한다는 이야기를 하던데... 고생이 많구만...,False,
@Seolhwassi,아니..릴파님 저랑 똑같은 부스크기인데.. 여기서 리와인드를 찍으셨다구요?? 전 심지어 책상 세로배치여서 뒷공간이 좀 남긴 하는데도....ㄷㄷ,False,
@leejyun2,긁을 넘은.....실력이 출중하셔서 가려졌던거 뿐,False,
@Mong0317,매번 느끼지만 썸네일 그려주시는분은 어느분이신가요? 너무 긔여워…,False,
@dasfdsadsafasdsdsaf,키보드 마우스는 주변 여자애들 보면 그럴 수 있다치는데 화면 왼쪽으로 보는 건 진짜ㅋㅋㅋㅋㅋㅋㅋ,False,
@DOBAKIN,안전이 최우선입니다... 부디 안전하시길...,False,
@tak_hoyaki,ㅋㅋㅋㅋㅋ장비 다 없이 피지컬로만 방송한거구나ㅋㅋ,False,
@리오-j7u,릴파넴 뒤주탈출 펀딩하면 이세돌 굿즈펀딩 화력 비슷할거같은디....,False,
@박툰티,"<a href=""https://www.youtube.com/watch?v=NfiiJwDQZSg&amp;t=576"">9:36</a> 170cm? 내가 183인데 누우려면 하체구부리고 누워야하네 ㄷㄷ",False,
@초코발록,문제는 현합 할때 공간문제,False,
@은유하-y1d,이젠 글카야?ㅋㅋ<br>진짜 릴트리버 ㅈㄴ귀엽다❤,False,
@M.utopia,릴파님 춤추고 풀트하시는건 어디서 하시는거에요? 스튜디오가 또 따로 있으신건가,False,
@유령-i8n,릴파님 부러워요ㅎㅎ 저도 그 키보드로 바꿔야지,False,
@lulul1153,썸내일 원신 키보드 보고 들어온 원붕이 인데 저 키보드 17만원 정도 합니당…주르륵,False,
@케잌스,"릴파님, 적은 돈이지만 보내봅니다..<br>진짜 이러다가는 큰일나요...",False,
@Yanggo20,"영상 내용보고, 아 몇년 전 영상인가보네 했는데.. 며칠 전 영상이구나..",False,
@딸기맛b,에어컨 물은 걱정되네용.,False,
@누눙누눙,아니 돈도 잘 버시는 분이 왜...,False,
@PSH11030,방금 충동적으로 미개봉 4080 super를 당근 구매해서 가고있어요<br>유튜브 보는데 쓰려고 샀는데 생업에 꼭 필요하신분이 새로 신게 4070이라니 집가서 반성하고 유튜브 봐야지,False,
@chaosdestructionoblivion,지금 1060 노트북이라 내년에 몬헌 와일즈 컴 사야하는데 적절한 사양 추천 감사... ㅇㄷ...,False,
@juntory7922,광고 의혹이 무서워진 릴파는 재빨리 썸내일을 마우스에서 키보드로 바꾸었다.,False,
@빵떡챤러브,잼매따,False,
@YuRuRu610,장비교체방송도 잘보면   쓸만한데? 가 아직 남아있음 ㅠㅠ<br>장비를 직접 안보내주셨다면 또 혼날만한걸로 교체하셨을꺼같아요,False,
@big_stone_C,캬 알뜰하신거봐! 부족하다 느낌 알아 하시겠지~,False,
@TV-no2rb,가로길이 170이면 내 침대보다 작네 ㄷㄷ,False,
@HyeanDDE,릴파넴 제ㅔㅔㅔㅔㅔㅔ발 ㅠㅠ,False,
@poligun12,"<a href=""https://www.youtube.com/watch?v=NfiiJwDQZSg&amp;t=606"">10:06</a> 잘하잖아요가 아니라 교정을 안하셨으면 진작에 디스크랑 각종 관절질환이..",False,
@오승준-g9h,펀딩,False,
@박윤호-x1b,릴파님 언젠가는 책생이 무너져서 방종되는 상황이 올거같은....,False,
@페페-t7v,좁아서 현실 합방이 안되는구나 ㅋㅋ,False,
@mermaid_man,크아아아아아ㅏㅏ,False,
@meanless55-lbd,릴파넴이 넓은 방에서 방송하기를 조속히 기원합니다 ㅠㅠㅠ,False,
@meanless55-lbd,"<a href=""https://www.youtube.com/watch?v=NfiiJwDQZSg&amp;t=626"">10:26</a> 사실 챠니 베란다 가자는 챤님이랑 같이 방에서 방송하자는 뜻이 아니었을까 ㅠㅠㅠㅠ😢😢",False,
@dodoo4293,그냥 모니터 선만 두개를 서로 바꾸기만 해도 송출컴 게임컴 모니터 바꿀수 있는거 아닌가? 난 이해가 좀 안되네,False,
@Meister-Lee,"한국 버추얼계에 기술 혁신은 다 가져와놓곤 정작 본인 마우스나 송출컴, 방송방 상태는.....",False,
@null-stress,이 분에게 나쁨이란 뭘까요. 저 정도임에도 다 나쁘지 않다니 ㄷㄷ 부스가 170 x 80???,False,
@null-stress,모니터 암으로 모니터 위치 계속 바꾸면서 쓰셔야 하는 거 아닌가요 ㄷㄷ,False,
@irmuunchooj6326,네 리와인드을 여기서 찍어다고???????????????????????????????????,False,
@깽수,침대.. 보다..작잖아..?,False,
@CHC110,1660이여??? 예???<br>아 머리야...<br>제발 장비는 사치해줘요 릴굳형..,False,
@Oyster_Blade,방이 아니라 뒤주아닌가 이거??,False,
@이승진-z5b,재미없는데,False,
@HoBaek5177,영상 보는 12분 동안 몇 번의 탄식과 몇 번의 한숨을 냈는지 모르겠습니다...,False,
@wami320,릴파넴 거울치료해야돼....,False,
@원수화령,와. 지나가는 사람인데도 화가 난다.,False,
@김모또0,와 인급동 35#,False,
@lastnews8340,이거 일부러 우리 죽일려고 하는거임??,False,
@hanoj6521,눈쟁전자 가 보면 끍히겠다 눈쟁전자에 문의를 해보심이 ...,False,
@56ghjMcwdfgr,"State Representative: Ending the Atrocities<br>Delaware State Representative and House Minority Leader Michael Ramone said he was disturbed by the cruelty depicted in the documentary. “Every day, more and more people are falling victim, and it hurts. It hurts you inside, especially after seeing someone who’s actually been a victim, but fortunately survived,” he said.<br><br><br>Delaware State Representative Michael Ramone (right) expressed support for Cheng Peiming and other persecuted Falun Dafa practitioners. <br><br>Representative Ramone, who is also a gubernatorial candidate, said he would continue the effort to end the crime of organ harvesting. “When asking people, why is it [efforts to end forced organ harvesting] being met with resistance? Some are worried about the political ramifications. This isn’t about politics, it’s about people’s lives,” he explained. Rep. Ramone initiated House Concurrent Resolution 143 (HR143) that condemns the forced organ harvesting in China. The resolution was passed in the Delaware House of Representatives in June.<br><br>State Senator Calls for More Action<br><br>State Senator David Lawson<br><br>State Senator David Lawson co-sponsored HCR143 and proposed a similar resolution in 2022, but it was blocked by the Senate leadership. Deeply moved by the documentary, he said, “That’s heart-wrenching when your family goes missing and there’s no end. You can’t get closure.<br><br>“Very dark movie, and it’s something that we need to be awakened to before we have more genocide, more death, more murders in China,” he continued, adding that Mr. Cheng’s story is, “very compelling, and how he got out is a miracle. … He is the voice in the dark,” he said. <br><br>Senator Lawson also called for immediate action. “Number one, quit supporting [communist] China...We can quit supporting China on the economic side,” he said. He believes that introducing laws to prevent those who participate in transplantation in China from getting insurance coverage is a great idea to help end this crime. “The big thing I heard here tonight is stop the insurance from paying for it. That I think would be a big move, and that we can do,” he explained. <br><br>Several states, including Idaho, Utah, and Texas, have passed bills that stipulate that insurance companies cannot reimburse Americans for transplantation procedures that occur in China. A number of countries, including Israel, Spain, Italy, Taiwan, Norway, Belgium, Canada, and South Korea have laws to prevent medical insurance from paying for transplant surgeries in China.",False,
@침대없는사람,릴파넴 혹시 진짜 박쥐신가요...? 저런 좁은 공간에서 그런 장비들로 그런 세팅으로 이때까지 어떻게 방송 하셨데;;,False,
@asdfghjdp,핫클립 보면 매일 ㄱㅇㅇ했는데 이번 핫클립은 다 보고 깊은 한숨이 나왔다....,False,
@summersky9121,도대체..... 무슨 환경에서 방송을한거야....,False,
@3ha243,업체에 싹 맡기시는게,False,
@kimbamkoong,난 진짜 게임 고개 돌려서 했었다는게 충격이다...,False,
@weirdidot,나름 돈도 잘 버실거고<br>인터넷 방송하는 양반이<br>채널 규모도 큰 주제에<br>장비 꼬라지가 그게 뭡니까 그게,False,
@hongbaek02,릴파님 가로 170 세로 80이면 뒤주예요 그건.,False,
@noni1459,아이고 ㅠㅠ,False,
@cotton._123,릴파님 제발 번돈 30퍼는 장비 투자해주세요 ㅠ 볼때마다 긁힘,False,
@포몬-w8m,눈쟁이님 한번 부릅시다,False,
@wtf9395,눈쟁이님 여기 출장 제발 가주세요 눈쟁이님 여기 출장 제발 가주세요 눈쟁이님 여기 출장 제발 가주세요 눈쟁이님 여기 출장 제발 가주세요,False,
@annonghasehyun,"<a href=""https://www.youtube.com/watch?v=NfiiJwDQZSg&amp;t=592"">9:52</a> 릴파님 방송실이 제 침대크기라고 생각하니까 실감이 나네요 도대체 어떤 방송을 하고있었던 겁니까...",False,
@blueipari,릴파넴..방음부스가 제 방보다 작아요..,False,
@Sibwizbjsk,아니 와...뭔가 어느정도면 화가 날거 같은데 점점 뒤로 갈수록 말이 안 나오네...<br>진짜 참견하는 거 싫어하는 나조차도 이런 지인 있으면 죽어라 경고할듯,False,
@야생비둘기-x4q,침대 매트리스 중에 가장 작은게 싱글인데 싱글 사이즈가 가로 100cm 세로 200cm..... 방송방이 침대보다 작네? 릴파 방송 어케 하시는거지,False,
@vmon7,아니 이건 진짜 화가 나는데 릴파님... 건강에 안좋아요 쌓이고 쌓이면 디스크와요 그럼 방송도 못하고 얼마나 손핸데 진짜 뭐하냐고!!! 돈 많이 벌잖아!!! 넓은 스튜디오 하나 구하자 제발... 공연장에서 맨날 음향장비 세팅 안하고 혼자 차력쇼로 노래부르고 있는거랑 똑같은거라고!!,False,
@KirinMac,하... 지인이었으면 딱밤 미친듯이 날렸다 진짜로...,False,
@CheongNok,"<a href=""https://www.youtube.com/watch?v=NfiiJwDQZSg&amp;t=481"">8:01</a> 물 받는 다라이가 대체 왜 부스 안에... 부스 사용 주의 사항 중에서 안에 마실 거나 물은 무조건 안된다 하는데 부스 구조상 곰팡이 자라기 딱 좋습니다.<br>릴파님 제발 목 건강을....곰팡이 속에서 사시는 건 아니되옵니다",False,
@송근혁-t1l,오 세상에....,False,
@희냐냐-k1x,바보 ㅋㅋㅋㅋㅋㅋㅋㅋ,False,
@user-cmsbass,이사 갈 새집의 전구 1개 값 정도는...😭,False,
@가늘반학,"<a href=""https://www.youtube.com/watch?v=NfiiJwDQZSg&amp;t=511"">8:31</a> 이거 아이네님 닮았어요",False,
@Lhs0104,속옷도 왜.. 제일싼 브랜드 쓰지 가리기만 하면 되는거 아닙니까 예??? 화장품 제일싼 다이소 꺼 쓰면 되지 왜 촉촉한거 씁니까!! 보호만 되면 되징!!!,False,
@달려라임대리,뭐 그럴수있지 하다가 리와인드 소리듯고 치과를 찾아야...하ㅏㄴ나용..,False,
@sinwoojung9292,이번 유튜브 너무재밌습니다! 릴파님 화이팅이요,False,
@로우채널,장인은 도구를 가리지않는다는겁니까?,False,
@콜록세움,키보드 + 마우스가 50만원이네,False,
@dolphinuy3823,"<a href=""https://www.youtube.com/watch?v=NfiiJwDQZSg&amp;t=574"">9:34</a> 킹사이즈 침대는 200cm*160cm랍니다 릴파님... 아니 어떻게 침대보다 작은 방에서....",False,
@footballsketch2704,ㅋㅋㅋㅋㅋㅋㅋㅋㅋㅋㅋㅋㅋㅋㅋㅋㅋㅋㅋㅋㅋㅋㅋㅋ,False,
@danghi_2,콤퓨타 꿀팁:니오가 자꾸 올라가면 전원버튼에 다쓴 물티슈 캡을 한번 달아보세요.니오가 버튼 못눌러요.,False,
@nea1481,개집 작은건 개가 들어가면 딱뎀인데 릴파님 방도 개집 인간버전 느낌이라 슬프네요 ㅠㅜ,False,
@triumph903,다른건 몰라도 에어컨 다라이는 좀...😱😱😱,False,
@오늘도소금소금,아니 .. 마네쟈 뭐하는거야.. 혼자만 큰 거 쓰지 말고 릴파님 방 좀 옮겨줘...,False,
@INE_IS158,근데 원래 썸네일 레이저 마우스였지 않나요..?,False,
@케잌스,모니터 방향이 여태 반대였다는 것도 충격인데 방에 대야있다는거 듣고 더 충격먹었어요...,False,
@NewBee89,오! 저 어떤 이벤트에서 당첨되서 키보드 선물받았는데 저랑 같은거에요~😊,False,
@Umjunsik_fighting,릴파님....우리가 안괜찮아요... 큰맘먹고 환경에 변화를 줍시다..,False,
@송범곤,얼마나 답답했으면….회사에서…..,False,
@HIYU582,"<a href=""https://www.youtube.com/watch?v=NfiiJwDQZSg&amp;t=576"">9:36</a> 잡음 제거 하느라 애먹은 릴집자면 개추",False,
@J-q8f,방 길이가 170cm면 성인남성은 눕지도 못해요......,False,
@유튜브둘기,아이네님한텐 넓으실수도 있어요(?),False,
@Bigeon158,릴파넴 오늘부로 제 수입의 절반을 자진 기부하도록 하겠습니다..릴그니엘 입주 하시는 그 순간까지..,False,
@빵견,제발 장비에는 알뜰살뜰 아끼지 마시고 사치를 해주세요....그리고 방음부스도...이사를 꼭 해주세요....,False,
@조롱이-p3x,"<a href=""https://www.youtube.com/watch?v=NfiiJwDQZSg&amp;t=634"">10:34</a> 우린 릴파님 오래보고싶어요",False,
@덕질중인파리2,릴굳헝 다른건 상관없나 아무튼 장비만 제발요..,False,
@익명의무민,진짜 내내 물음표 치게 만든 하루..<br>리와인드가 저기서 나왔다는게 ㄹㅇ 놀라움;,False,
@hammerfrost2387,(대충 이마를 딱 치는 짤) 아니...저기...고개를 돌리고 게임을 하시다니...그건...음...건강을 챙기세요...ㅜㅜ,False,
@관조자1,시청자 입장에선 최대한 편한 상태로 게임에 몰입하며 플레이하는 스트리머를 보고 싶은건데 저렇게 해놓고 그동안 겜 했다고 하면 당연히 킹받지 이건 혼나야 해 ㄹㅇ,False,
@최민호-q5o4f,릴굳형.... 모니터는 그냥 위치만 바꾸면 됐잖아.....,False,
@Gwanism,릴굳형 아무리 버추얼이라도 그렇지 실제 본인한테 너무한거 아냐?,False,
@밀키워,릴굳형 대체 얼마나 부자가 되려고 그렇게 아끼는거야ㅠㅜ,False,
@tekkenll,"<a href=""https://www.youtube.com/watch?v=NfiiJwDQZSg&amp;t=257"">4:17</a> ㅋㅋㅋ현실판 김치만두냐고! ㅋㅋㅋㅋㅋ게임 할 때 마다 김치만두 되기 ㅋㅋㅋㅋㅋㅋ",False,
@Rose_in_Strawberry,이런거 볼 때마다 릴파님도 저렇게 겸손하게 사시는데 내가 뭐라고..,False,
@zeonsprecision1434,???   돈...많이 버셨잖아요,False,
@SKULL_TEKKEN,저 썸네일에 있는 키보드... 제가 원신 PC 라운지에서 169000원에 샀는데요 철권할때 진짜 개좋습니다... 격겜하는분들 진심 추천...,False,
@ro_ze,릴굳형...제발....이사도 가자 진짜 뒤주야,False,
@스팃-q2q,제가 본 모든 릴파님의 영상중 가장 보기 힘들었어요. 진짜로요.,False,
@jcgamer6551,"<a href=""https://www.youtube.com/watch?v=NfiiJwDQZSg&amp;t=397"">6:37</a> 우우웅~",False,
@곡두환영-n8d,"게임하실때 가끔 마우스가 확 튄다는 느낌이 들었는데, 책상 여유공간이 말해주는군요...<br><br>지금 본체 쪽에 사이드 테이블 하나만 두셔도 롤이나 이리에서 놓치신 거 7할은 잡으실 수 있을겁니다.<br><br>박쥐로써는 방송환경 그대로 찍어서 챠니님께 견적 조언이라도 받으셨으면 합니다만 ㅠㅠㅠㅠ<br><br>에어컨 물 다라이는 본체에 물 스며도 지금까지 괜찮았다일뿐이지. 고장, 화재, 감전 사고 순식간에 일어나요, 요것만이라도 신경써주시길 ㅠ",False,
@안녕하십니카-c3x,버거 문단속 할게 아니라 릴파 문짝 단속 하러 갔어야 해 얘들아.....<br><br><br><br>나만의 안락한 코인 방송룸....,False,
@lIIlIIlllI,1660 으로 방송 송출 했다는게 진짜 너무 신기하다.. 글카 안 터졌으면 계속 사용하셨을 생각을 하니..,False,
@ililill-o9h,"<a href=""https://www.youtube.com/watch?v=NfiiJwDQZSg&amp;t=34"">0:34</a> ?????????????????????",False,
@카이슈-o9k,그정도 크기면 고시원보다 안좋은게????,False,
@kuke9100,"<a href=""https://www.youtube.com/watch?v=NfiiJwDQZSg&amp;t=120"">2:00</a> 아니니까 그러죠",False,
@오망울,릴파님도 저런환경에서 해냈는데 더이상 환경탓은 그저 변명이다...,False,
@Exorcider,방음부스가 아니라 방음 뒤주였네. 🤯,False,
@p1ro2tei3nyk,키보드랑 마우스는 그렇다 치는데 환경 관련 이야기는 공포을 느낄 정도으로 걱정 되었어요 언제 각 잡고 좋은 곳으로 가야 하실것 같은데...,False,
@kh7480,썸넬 마우스 였던것같은데... 키보드로 바꼈네?,False,
@oldmangaryy5997,왜케 귀여워 띨파찡,False,
@gamju5597,이 영상을 장비챤이 좋아합니다,False,
@skyblue_umbrella,1700 1000 짜리 방음부스에서 수많은 컨텐츠를 만들고 수십시간씩 게임을 하신게 진짜 대단해요....<br>책상도 좋은걸로 바꾸시구 모니터 암도 달아서 더 좋은 환경에서 오래오래 방송해주셨으면 좋겠어요 ㅠㅠㅠ,False,
@hspn5270,"<a href=""https://www.youtube.com/watch?v=NfiiJwDQZSg&amp;t=334"">5:34</a> 크아아아아악 알면 빨리 바꿔줘요",False,
@yungrrtwo_,"<a href=""https://www.youtube.com/watch?v=NfiiJwDQZSg&amp;t=685"">11:25</a> (매우 놀라운 표정)",False,
@yungrrtwo_,베란다즈 가 베란다즈 인 이유,False,
@yungrrtwo_,대파 -&gt; 양파 -&gt; 폭파,False,
@여아홍,다른게 문제가 아니라 물받이가 컴퓨터랑 너무 가까이 있다는게 찐으로 위험한데......<br>좁은거야 본인이 괜찮다고 하시면 큰 문제는 아니지만,False,
@클라리티,"<a href=""https://www.youtube.com/watch?v=NfiiJwDQZSg&amp;t=685"">11:25</a> ~ <a href=""https://www.youtube.com/watch?v=NfiiJwDQZSg&amp;t=689"">11:29</a><br>ㄱㅇㅇ",False,
@메엘론찹쌀떠억,릴파넴…..스튜디오 구해봅시다 너무 좁아요ㅠㅠㅠ 일정 여유 생기면 내년에 빠르게 알아봅시다 릴파넴 ㅠㅠ,False,
@10597,웬지 공개 안 된 장비문제가 또 있을거 같아,False,
@임커뷰,지금까지 올빼미마냥 게임한게 ㅈㄴ웃기네ㅋㅋㅋㅋ,False,
@ChevroletRocher,MZ 청년들의 3대 유언<br>1. 한 라인만 더<br>2. 아 안 죽어 ㅋㅋ<br>3. 쫄?,False,
@Peanut_Sergeant,그..... 뢴트님 방 뺏자,False,
@의츰,작은 스튜디오...방 구합시다ㅋㅋㅋㅋ,False,
@user-neogul,1660?????????,False,
@lily700-h6h,박들갑이 아니라 방음부스 상태 진짜 위험함,False,
@scottlucas1059,ㅠㅠ 릴파님 ㅠㅠ,False,
@lily700-h6h,살만해 쓸만해  박쥐 크아아아악,False,
@Big_pudding,아니 그동안 번 돈으로 이사를 가시지 뭐하셨디야,False,
@윻윻-e8u,"<a href=""https://www.youtube.com/watch?v=NfiiJwDQZSg&amp;t=499"">8:19</a> 헉 이사돌 ㄷㄷ",False,
@댄어,그레서 어쩐지 예전에 뢴니저 방음부스 내놓으라고 했던거구나,False,
@user-albert637,목숨 내놓고 진행하나 이 양반은?,False,
@이시란-z9v,눈쟁이 불러야되!!,False,
@D_Rosseh,"<a href=""https://www.youtube.com/watch?v=NfiiJwDQZSg&amp;t=564"">9:24</a> 아니.... 어케했노....?",False,
@danieljk115,"언니는 158, 동생은 4730 ㅋㅋㅋㅋㅋㅋ",False,
@D_Rosseh,아니 세상에.... 게임할때 항상 반측면이길레 의야했는데 이게 왜 진짜....,False,
@bear_cave,아니 내가 진짜 댓글안다는데 이건 아닌것같습니다 건강이나 안전에 있어서 괜찮겠지? 하는거 너무 긁히네요...다른 중요한 사정이 없다면 주위의 조언을 듣고 안전하고 건강하게 일할수있는 환경을 만드는것도 프로다운거라 생각해요..,False,
@chrisysk91,"<a href=""https://www.youtube.com/watch?v=NfiiJwDQZSg&amp;t=3"">0:03</a> 시작부터 레알 공포가 따로없네 ㄷㄷㄷ",False,
@Teriro.,회사에 전 직원이 긁혔나본데 ㅋㅋㅋㅋㅋㅋㅋㅋㅋ,False,
@sonsungwoong,ㅂ보통 아프면 바꿀만도 한데... ㅇ<br>설명만 들으면 감금당해서 방송을 뽑는데<br>릴파님 탈출을 원하면 당근을..,False,
@gisin2368,아ㅏ..아직도 남았다고?,False,
@세돌린,릴파넴 저 진짜 장비랑 공간이 협소한다는 것 같고 살짝 충격먹었어요<br>그런 환경에서 묵묵히 방송해주는 대 파 ㅠㅠ,False,
@wowowobin4802,"<a href=""https://www.youtube.com/watch?v=NfiiJwDQZSg&amp;t=188"">3:08</a> 이건 진짜 삼진에바를 넘은 에반뎈ㅋㅋㅋㅋㅋㅋㅋㅋㅋ",False,
@큄배찌,의자의 중요성을 모르셨다면 왠지 화장대의자나 식탁의자 같은데에서 하셨을꺼같은 느낌이..,False,
@윤주영-m7l,그… 너무 긁혀요… 으아악…,False,
@alejJMH,예전에 릴파넴 빡겜하시다가 박쥐들이 한번씩 에어컨 물 버리라고 알람해주던거 생각나네요 한번 물 넘쳐서 난리난적도 있고,False,
@light_steps,"<a href=""https://www.youtube.com/watch?v=NfiiJwDQZSg&amp;t=389"">6:29</a> 컴퓨터가 크시다고요?<br>→컴퓨터를 정면으로 바라봤을 때 오른쪽면을 바닥으로 눕히고 넣으시면 됩니다<br>저 방음부스에서 산소부족 걱정도 되네요 ㅠㅠㅠㅠㅠㅠㅠㅠㅠㅠㅠㅠ",False,
@갱_후_니,진짜 뒤주에서 방송을 하시네 ㅋㅋㅋㅋㅋㅋㅋㅋㅋㅋ,False,
@schwalze,이사비용 모집해야겠다.... 박쥐들아 모여라 ㅠㅠ,False,
@Life_Is_Science,너무 위험해요..,False,
@정호용-i8p,아무리 장인은 도구탓 안한다지만.....,False,
@TVyenny784,하나도 안괜찮아유.... 제발...이사가주세요... 말이 쉽지 돈이 문제겠지만... 거긴 너무... 우리 릴파넴 향후 미래를 위해서라도 이사좀 진지하게 고려해주세요...<br><br>다행히 마우스랑 키보드는 훨씬 괜찮아진거같아서 다행이라고 생각하긴 하네여....,False,
@brianfinn9768,다른건 몰라도 모니터 위치는 꿀밤 500대 맞아야댐,False,
@pinaka700,릴파넴 방음부스 긁어요,False,
@끝나지않는이야기,마우스가 키보드로 바뀌었네,False,
@끝나지않는이야기,마우스가 키보드로 바뀌었네,False,
@일청이-m6n,진짜 결혼하면 잘살겠네 절약 정신이 아주그냥,False,
@himangchika,기술력의 릴파님인데 정작 환경들이 왜 이런걸까 ㅋㅋㅋㅋㅋㅋㅋㅋ,False,
@로니-w2o,귀여웡,False,
@Allway-t2d,아이네햄보다 릴파햄이 더 기계치 인거 같기도 하네요,False,
@dongheon_lee,"마우스 키보드가 문제가 아니라 안전 문제가 너무 큰데요.<br><br>철제 테이블이라 괜찮지 않을까? -&gt; 철제 테이블의 다리가 휠 정도로 무리가 가고 있고, 저 좁은 공간에서 테이블이 무너진다면 릴파님은 그 무거운 철제테이블에 다리가 깔릴 수도 있다는 거죠<br><br>물이 넘치면 본체까지 가는데 망가진적은 없다. -&gt; 망가지는 게 문제가 아니라 불 난 적 없는 게 신이 도운 거라고 생각해요.<br><br>여태껏 카페 식당 건설현장 보통 이렇게 크고 작은 안전 문제가 발생할 수 있는 곳들에서 많이 일해왔는데 사고는 늘 ”괜찮아“ 하면 발생하더라구요.<br>괜찮아 하고 90도가 넘는 커피 내리는 물이나 우유 거품치는 스팀에 손이 데이고, 괜찮아 하고 늘 하던 칼질에 다치고, 늘 쓰던 팬과 기름에 다치고, 괜찮아 하면 늘 지나가던 길에 누군가 놓은 자재나 공구를 잘못 밟아 다치는 경우를 많이 보기도 하고 겪기도 했습니다.<br><br>늘 조심하세요. 할게 너무 많아 바빠서 우선순위에서 계속 밀리는 것 같은데, 안전은 어떤 상황에도 최우선순위로 두어야해요.",False,
@old_magnolia,환경이 좋아지고있어서 다행이다....,False,
@105baram,화.. 화이팅,False,
@oinkoink6906,농담아니고 진짜 심각한데... <br><br>망가진 책상 + 물 + 컴터 + 방음부스<br><br><br>대형 화재 그냥 시간문제잖아,False,
@DemigOd_tak,이정도면 방보다 커버곡이 더 비싼거 아닌가요…,False,
@칠성사이다-v5u,&#39;최고의 저혈압 치료제&#39;,False,
@700-VIichan,현대판 뒤주 ㅋㅋㅋ,False,
@대우주-l6g,"구해야 한다 ,,, 그녀를",False,
@zzzz3654,😢,False,
@uuuu8111,팩트는 릴파님 이사를 가고싶어도 바빠서 엄두가 안난다는거임..,False,
@devilcometodawn,레이저 당신들이 최고야!,False,
@oom83,도대체 판때기는 어떻게 돌아가는거지......,False,
@Fooltany,썸넬 특정제품 광고 될 수 있어서 바뀐듯..? <br><br>하지만 키보드든 마우스든 릴파넴이 더 좋은 장비를 쓰게 되셨으니 옼케데쓰,False,
@joseco4228,뒤주릴..,False,
@크르릉왕왕,박쥐들 호들갑인줄 알았는데 환경이 진짜 위험하긴 하네,False,
@INEINE158,까도까도 비밀이 자꾸 나오는 양파같은 여자,False,
@colenae,"<a href=""https://www.youtube.com/watch?v=NfiiJwDQZSg&amp;t=684"">11:24</a> ㄱㅇㅇ.... 근데 확장합시다 ㅠㅠ 책상도 1800 800 정도로 큰거 들어갈수 잇을정도로....",False,
@lv1panew675,이사 하셨다는 소식 애타게 기다릴게요 😢,False,
@아테-e6p,진짜 이사가서 르르님이나 버거님 옆집어때요,False,
@nagis-tory,박추디오 갑시다ㅠㅠ 내가 더 할 말이 없다 진짜ㅠㅠ,False,
@duna8413,우리 아이돌이 고시원에서 방송을 하고 있었구나 ㅜㅜ  건강을 위해서 공간 확장은 필요해보여요. 너무 좁은 공간은 정신건강에도 장기적으로 부정적요인이고 에어컨 물다라이는....곰팡이 생기기 너무 좋아보여 좀더 큰 방에 외부로 에어컨 뺄수있어야할거 같은 ㅠㅠ 건강하게 오래 방송해주세요 ㅠㅠㅠ,False,
@참새였던둘기,"제일 무서운건 <a href=""https://www.youtube.com/watch?v=NfiiJwDQZSg&amp;t=187"">3:07</a> 에서 나온 게임 플레이와 릴파님에 4730으로....여태 엘든링 이나 몬헝 발로란트를 비롯하여 타게임들을 다 격파 해온 릴파님에 실력.....그러므로 게임은 장비탓이 아니라는것이다.....대 릴 파 대파....여태...옥문강에 봉인한 상태로..게임 플레이를...",False,
@용뼈군,방송실에 정상화가 필요하다,False,
@badangk3621,이젠 스튜디오 업체도 긁혀주세요!ㅜㅜ,False,
@ammooosangak,사실 릴파님은 릴안84처럼 사시는거 아닐까,False,
@psychopomp9658,이사하실거면 부가땅 옆집으로 가죠 ㅋㅋ,False,
@kaguyang902,회사도 긁어버리는 릴굳형 클라스 ㅋㅋㅋㅋ,False,
@lilpa700,"뒤주부스 그 좁은 공간에서 많은걸 이뤄낸 릴파님이 정말 대단하다고 생각하면서도 그와 별개로 건강, 안전 등 여러가지를 생각해서, 쉽진않겠지만, 가능하면 더 넓은곳으로 이사를 하셨으면 하는 바램도 생기네요..",False,
@borh1851,어? 썸네일 바꾸셨네,False,
@Sjeidnd1233,검소한거 좋지뭐... 흥청망청한 소비습관을 가진 MZ세대 속에 흔치않은 청년이시네요. 난 좋아,False,
@문승연-o9d,그냥 더 넓은 방으로 이사 가시고 요새 좋은 책상 의자 많습니다 둘다 더 좋은거로 바꾸시고 넓게 편안하게 방송해주세요 ㅠㅠ...,False,
@Dami00713,저 좁은데서 리와인드를 찍으시다니;;;;  릴스펙!!!! 💙💙💙💙 릴파님 방송부스 펀딩 모금하시면 하루만에 끝날거 같아요..<br>릴파님 그카 이야기 하는거 보니까 궁금해서 확인해보니 나두 1660이네...돈 모아서 바꿔야할듯ㅠㅠ,False,
@0.8KSH,와 진짜 세상에마상에다...,False,
@LMTEEE,"<a href=""https://www.youtube.com/watch?v=NfiiJwDQZSg&amp;t=182"">3:02</a> 난 이게 너무 충격이야... 이 상태로 몇시간을... 어우",False,
@김현민-b9d,게임컴 위치가 진짜 충격적이다... ㅋㅋㅋㅋㅋㅋㅋㅋㅋㅋ,False,
@보스케,이건 건강해서 버틴거다 ㅋㅋㅋㅋㅋㅋㅋㅋㅋㅋㅋㅋㅋㅋㅋㅋㅋㅋㅋㅋㅋㅋㅋㅋㅋㅋㅋ,False,
@Jacobson5837,리와인드부터 댄스홀까지 저 좁은 곳에서 탄생했다니...... 진짜 릴파넴 넓고 위험하지않은 환경 만들어요 ㅠㅠㅠㅠㅠㅠㅠㅠ,False,
@지옥님,바실리스크가 버튼이 많은게 장점이긴 한데 무게가 112g입니다... 진짜 엄청 무거운겁니다,False,
@HT45,고시원보다 작은 관짝에서 방송하시는 릴파넴…,False,
@i2nu,광고도 아니고<br>그냥 조공 ㅋㅋㅋㅋㅋㅋㅋㅋ,False,
@우왁굳의훈수교실,썸네일이 바뀐건가,False,
@Greenseaturtle,초반 썸네일이 로지텍 마우스였던거 같은데?,False,
@윤영호-h5z,하...이런말 하면 안될 거 같은데<br>좋같아요 쪽파님..<br>짜증이 너무 남 진짜 ㅋㅋㅋ<br><br>대파때 다시올게요...계속 보긴 하겠지만 개열받......<br>대-파,False,
@jo_in_woo,"<a href=""https://www.youtube.com/watch?v=NfiiJwDQZSg&amp;t=222"">3:42</a> ???????????????????",False,
@giraffe_jingburger_love,"이건..장비충이다 뭐다가 중헌게 아니라...걍 저 환경과 장비를 2년동안,,끄아아아 개긁힌다ㅏㅏㅏ 그리고 걱정쿠요오오오",False,
@호우호우호우-r2n,뒤주에서 방송하세요?,False,
@super-pig00,170x170이 아니라 170x80...?,False,
@Cosmopo2341,박쥐가된지 어언 3년.. <br>그렇다.. 나는 아직도 릴파를 모른다..<br>알다가도 모르겠다 이 아이돌..,False,
@고먐미캔따개,970인데...흠..,False,
@user-pf2zq9xw7r,릴끼야아아아아악,False,
@Origin_sea,왜 아직까지 저런곳에서 방송을..... 집 매매로 구하시려고 큰그림 그리시는거겠지?,False,
@고광열-e5e,릴파님 보면서  제 삶을 반성합니다..  저런 좁은곳에서 다이소장비로 열심히 방송하시는데.. 내가 뭐라고.. 이렇게 또 하나 배우네요.<br>합선 위험하니깐 방은 꼭 옮기세요!!  에어컨물 컴터에 들어가면 합선 나서 큰일나요!!,False,
@김태남-n7l,웃을려고 들어왔는데 이건 좀 심각한데?,False,
@manccccc6677,와 도네랑 말 엄청겹치네 청자들 에고표출<br>ㄷㄷ,False,
@cesilll1,"<a href=""https://www.youtube.com/watch?v=NfiiJwDQZSg&amp;t=432"">7:12</a> 지금 리제로 정주행중인데 이브금을 릴파유튜브에서 듣게 되다니...  ㅈㄴ반갑노",False,
@lipacute,어 썸넬 마우스였눈데 바꼈네,False,
@No-DDak,거 돈쓸땐 확실하게 써야 합니다..,False,
@intelligence486,이사가자 릴파야 에어컨다라이 진짜 와 혈업,False,
@jhk4283,방음부스가 제가 누워있는 침대보다 작네요....,False,
@셀레모스,"<a href=""https://www.youtube.com/watch?v=NfiiJwDQZSg&amp;t=111"">1:51</a> 히치키 사치 해주세요",False,
@지니님,릴파님이 이렇게 열악하게 방송하고있느ㄴ지 몰랏서.....,False,
@moneyhole1,"<a href=""https://www.youtube.com/watch?v=NfiiJwDQZSg&amp;t=187"">3:07</a> 들으면서 진짜 이게 뭐지? 싶었다 ㅋㅋㅋㅋㅋ",False,
@대신뚤기,릴파님 방음부스의 장점! ✨️<br>1. 아늑하다!<br>2. 공간 활용도가 높다!<br>3.<br>4.<br>5.<br><br><br><br><br><br>...릴파님 방음부스의 단점! ☠️<br>1. 좁다!<br>2. 민감한 전자기기와 물이 가까운 위치에 있다!<br>3. 여름에 에어컨 없으면 진짜 죽을 수 있다!<br>4. 공기순환이 잘 되지 않는다!<br>5. 통행이 불편하다!<br><br><br>릴파님이 만족하신다면 어쩔 수 없지만 저희님 릴파님이 좋은 환경에서 편안하게 방송해주셨음 좋겠어요😢,False,
@MagicalHBG,"이때까지 제 방은 숨막히게 좁아터졌다고 생각했는데, <br>릴파님의 뒤주 아 아니, 방송 방의 설명을 듣고 제 방을 보니, 여긴 사실 궁궐이었네요.",False,
@near4245,"<a href=""https://www.youtube.com/watch?v=NfiiJwDQZSg&amp;t=156"">2:36</a> 에 4370 나만 불편했던건가?",False,
@ine7178,이제 제발 방음부스만 바꿔주세요ㅠㅠ<br>쉬운일이 아니라는건 잘 알지만<br>방 넓이랑 구조듣고 걱정이 이만저만이 아니여요..<br>릴파 지켜ㅠㅠㅠㅠㅠㅠㅠㅠ,False,
@김민준-x9j,세팅 진짜 긁히는데,False,
@정봉-g2q,릴파님은 릴파님 집에서 합방초대못하겠당 넘 좁아서,False,
@Kuekkkkkkkk,"<a href=""https://www.youtube.com/watch?v=NfiiJwDQZSg&amp;t=190"">3:10</a> 자체하드코어 방송ㄷㄷ",False,
@t.x_x.t,릴도세자....,False,
@nicknamekr,2년 동안 목을 옆으로 돌리고 방송했다고...? 상상만해도 뻐근한데...,False,
@나는둘기,모래 주머니가 얼마나 많은거야 진짜,False,
@알잘딱깔센하자,진짜 이거 보다가 어지러워서 누워서 보고있습니다^^7,False,
@t.x_x.t,오 나도 1660 쓰는데!,False,
@MagicalHBG,"송출컴은 사양이 그렇게 확 높지는 않아도 되니까능 돈은 문제가 없으실 텐데,<br>이때까지 쌓아놓은 방송 송출 설정이 문제구만 ㅋㅋ",False,
@김읍읍-x4b,? 왜 이영상을 보니깐 병이 걸리지??,False,
@bin_2-z5c,아무리 귀찮고 몰라도 방송하는 부스같은 경우 장비의 화재 및 누전 등등 조심해야합니다 진짜로 죽어요,False,
@MG-dc9vy,얼마나 힘들게 사셨던겁니까..,False,
@Donglim,장비는 안 긁혔거든? 취향 영역이니까 그럴 수 있다고 생각했는데... 화면위치 안 바꿔서 목...하.... 진짜 긁히네. 그냥 건강해주기만 하세요 릴파넴....(빠드득 와드득),False,
@Donglim,이야 뒤에 에어컨 물다라이 얘기까지 들으니까 진짜 기절할거 같아...,True,@Donglim
@lklll567,175에 80이면 아니 내 침대사이즈보다 작은건데 실화임?,False,
@SNJS1123,릴파님 엄청 검소하게 사시네 ㅠㅠㅠㅠ,False,
@치콜-h7p,내 방도 계속 좁다고 느끼고 있긴한데 릴파님 공간보다 넓은데 이거를 내가 잘 못 된건가 릴파님 방이 잘 못 된건가...,False,
@schwertjunior_4655,키딩도 저기애서… 불렀나?,False,
@tsusang,2~3년 전부터 김치만두자세로 있었다고??? 요즘 만두도 정면 볼때가 있는데 릴굳형도 이제 정면 보면서 세상을 똑바로 볼 필요가 있다고 생각해요,False,
@라면辛,"<a href=""https://www.youtube.com/watch?v=NfiiJwDQZSg&amp;t=485"">8:05</a> 예? 아니 잠깐만 진짜로 저상태라고요? ㅇㄴ 저거 한번 합선일어나서 불나면 방음부스 그냥 오븐되는거잖아요....",False,
@1ksh1kong,눈쟁전자 불러 이건 시급히 고쳐야해!!@,False,
@시고SHIGo999,썸네일 왜 갑자기 마우스에서 원신 키보드로 바꼈지 원래가 나은데,False,
@-GM-J,"<a href=""https://www.youtube.com/watch?v=NfiiJwDQZSg&amp;t=660"">11:00</a>  드디어 물건이랑걸 쓰시는군여",False,
@니나니누루,사실 이정도면 우리가 사치를 부리는게 아닐까? 일로 하시는 분이 저렇게 쓰시는거 보면 우리가 비싼 장비를 쓰는게 사치인거일수도 있어,False,
@ManDooShuhua,"<a href=""https://www.youtube.com/watch?v=NfiiJwDQZSg&amp;t=261"">4:21</a> 릴파만두택사스가 폼으로 찍먹을……",False,
@아이네귀여워,🖤ㄱㅇㅇ🖤,False,
@이작-w8p,파도 파도 괴담만...ㄷㄷ,False,
@Aing_doctor,어라 분명....마우스였는데...윽... 머리가...,False,
@vtubersubscriber,장인은 장비탓을 하지 않는다...... 아니근데이건좀너무하지않나 대체 돈은 어디에 쓰시는거에요,False,
@sungeunyoem9455,돈도 꽤 벌거같은데 그냥 대출껴서 좀 더 넓은 전세집 알아조지 ㅜ,False,
@clown1280,안녕하세요 데탑은 1660씁니다 ㅋㅋ 작업을 아이맥 늘 갱신해서 써서 이영상보고 데탑 확인해봤습니다ㅋㅋ지나갈게요..,False,
@jewanjeon5131,아니 진짜 도대체 어떤 삶을 살고 계셨던 겁니까...<br>릴파님도 이런 환경에서 방송을 하는데<br>게임만 하면서 새 키보드 잘 나왔다고 살려고 한 저가 너무 한심해 보이네요.,False,
@vtubersubscriber,와 진짜 너무 릴서운 이야기... 왜 그렇게 본인을 혹사하세요 ㅋㅋㅋㅋㅋㅋㅋㅋㅋㅋㅋㅋ큐ㅠㅠㅠㅠㅠㅠㅠㅠ,False,
@아틀락나차,아앗... 보다보다 참을 수 없었던 제작자 님들...!,False,
@팽귄-w4d,안긁히려고 노력하고 안긁히려고 노력하고 안긁히려고 노력하고 안긁히려고 노력하고 안긁히려고 노력하고 안긁히려고 노력하고 아무리 참아도 휘어진 책상부터는 참을수 없어요... 건강만 합시다,False,
@축구프론트데스크,썸네일 너 나한테 어떻게 이럴 수 있어!!너 정말 많이 변했어 이건 새로운 영상이야 다시 너를 봐야겠어&gt;&lt;!!!!,False,
@카이너스,왜 스스로 군만두 형벌을 자처하시는 건가요 ㅠㅠ 제발 더 좋은 곳으로 이주해주세요..... 저흰 릴파넴 오래 보고 싶습니다.... ㅠㅠㅠㅠ,False,
@jangVIichan,❤,False,
@쌀뚱백이,무슨말을 하든 긁는거밖에 없네 ㅋㅋㅋㅋ,False,
@박덕재-b3p,에어컨 물 다라이는 ㄹㅇ 충격이네...? 물펌프로 안되니까 다라이 쓰셨겠죠...?,False,
@everddullgge,릴파님....제 침대보다 작은곳에서 지내신겁니까....,False,
@whblithe,왜 키보드로 바뀌었어요?,False,
@포브스선정이딸이-l1i,취미로 게임돌리는 나보다 장비가 안좋아보이는데...,False,
@이해쌉가능,ㄱㅇㅇ,False,
@trexia-c1y,머여 썸낼 키보드로 바꼈네,False,
@korean0909,릴파님.. 방송하는 공간이... 내 방보다 구린것 같아.....,False,
@wkals-ws9vo,자이제 부동산업체 긁혀서 지원오세요빨리 보증금싸고좋은방ㄱㄱ,False,
@둘기햄버거먹자,릴파 사도세자 에디션 팝니다😢,False,
@유비베어,눈쟁이님!!!! 여기에요!!!! 제발 여기 좀 도와줘요!!!!!,False,
@lilpa_158,"<a href=""https://www.youtube.com/watch?v=NfiiJwDQZSg&amp;t=220"">3:40</a> 릴굳형 그거맞어? 영수년간 목을 돌려서 게임한거였어? 릴굳형 대단해....",False,
@달에서온호랑이,970  쓰고있습니다 ㅠㅠ 아직 쌩쌩해요....5천번 시리즈 나오면 바꿀 겁니다 ㅠㅠ,False,
@osh01,"<a href=""https://www.youtube.com/watch?v=NfiiJwDQZSg&amp;t=441"">7:21</a> 저러다 휘어서 모니터들 넘어지면 다시 자연재해가 오는건가....",False,
@hanpalri,잠만잠만잠만.... 왜 마자막에 또 게임하시면서 고개 돌아가계시는데...?,False,
@freer499,기지는 북쪽에 있다!<br>북쪽에 있다고!!!! 크아ㅏㅏㅏ,False,
@Lee_DH24,와 근데 저런 조막만한 곳에서 여태까지의 릴파님의 모든 활동과 결과물이 나왔다고 하니 뭔가 웅장해진다,False,
@이썽이-m9y,"꿈을 이루는 데에 환경은 핑계구나,, 최소한의 조건만 갖춰진다면 오로지 본인의 열정 뿐이었다 자극 받고 갑니다",False,
@yjw0128,그 좁은 방에서 대체 어떻게 지금까지 방송을 하신 겁니까...,False,
@WonilJung-m8w,마우스 3070<br>글카 1660<br>릴파 700,False,
@Topin,책상만...? 일단 방음부스부터.....ㄷㄷㄷ.....아니 이사부터 가자 ㄷㄷㄷ 저기 갇혀서 방송하면 목에도 안좋을거같다 ㄷㄷ,False,
@히히-b1s2d,"릴파님은 기계한테 지지않는다. 상대가 3070, 1660이기 때문에 ㅈㄴ 약하기 때문이다는 말이 있다. 나는 이 말을 매우 좋아한다.",False,
@sokavass5640,알을 깨고 나온게 아니라 아직 알속에 계신데?,False,
@dongguukim9494,스튜디오 있지 않나........?,False,
@4680_,장비충 아닌데도 마우스 노가리는 좀 힘들었어요.. 마우스 키보드 후원해주신 회사분들 킹애..,False,
@erica9733,평소에 영상만 보고 댓글 잘 안남기던 이파리입니다<br>너무 걱정되어서 한 마디 남기고 가요<br>릴파님 제발 이사를 가던 방음부스를 크게 바꾸던지 하는게 좋을거 같아유<br>이정도면 괜찮지 하다가 삐끗해본 경험이 여러번 있어서 이번 영상 보다가 오버랩 제대로 되었습니다. 릴파님 제바아아알!<br>장비는 둘째치더라도 전자장비 근처에 물웅덩이는 진짜로 진짜 진짜 안됩니다!,False,
@둘기-사랑해,아......... 이래서 챤님을 베란다에 키워도 걱정을 안하시는 건가.......................,False,
@LUN_KR,릴파넴... 데운귤 오늘 첨 먹어봤는데... 너무 달콤하고 상큼하면서.... 너무너무 맛있었어요 ㅠㅠ,False,
@차분한사람,좋은말로 하면 절약하는게 몸에 베이셨구나...<br>나쁜말로 하면 ... 여기까지,False,
@theyw1687,"<a href=""https://www.youtube.com/watch?v=NfiiJwDQZSg&amp;t=470"">7:50</a> 저 정도면 베란다에서 생활한다고 보면 될까? ㅋㅋㅋㅋㅋㅋㅋㅋㅋㅋ<br>레이저 마우스 키보드 구매하실 때 저한테 말씀해주세요~ 릴파넴 이래뵈도 레이저 직원이였답니다~",False,
@쀑쀑,그렇다... 릴파는 엄청나게 강했다....,False,
@Lee_SangHyun,모든 장비 값은... 방음 부스로만 간건가요...?ㅇㅅㅇ;;;;,False,
@Lee_SangHyun,엄마... 볼 수록 나 무서워.......,True,@Lee_SangHyun
@임병선-j8t,릴파넴 나 걱정되~,False,
@hyo77m0,현실 뒤주,False,
@Lee_SangHyun,"와.,.... 부동의...릴파님...존경합니다...<br>키보드는.. 럽네요..좀..ㅋㅋㅋㅋㅋㅋㅋ",False,
@JongwonJung-q9o,같은 멤버한테 추천 좀 받자 릴파야...,False,
@hyeon0504,자세 레전드네 ㅋㅋㅋㅋㅋㅋㅋ,False,
@jingbuger700,릴파님 좋네요 고수는 장비탓을 하지 않는다,False,
@유태홍-k2x,아니 진짜 심각하긴 했어......,False,
@enku1205,목 건강만해다오..,False,
@iwanna_go_home,"<a href=""https://www.youtube.com/watch?v=NfiiJwDQZSg&amp;t=564"">9:24</a> ?????????????????????? 어케 함?????????????",False,
@bruny_k,모니터 선만 서로 바꿨으면 되는거 아닌가..?,False,
@포켓몬애호가-d2g,"<a href=""https://www.youtube.com/watch?v=NfiiJwDQZSg&amp;t=590"">9:50</a> .....184인데.....흠....",False,
@INUI_NOWA,릴파 방송 정상화 특히 목 건강! 건강! 목 돌아가면 니 목에 공격! 공경 아 공습경보!,False,
@amare295,"<a href=""https://www.youtube.com/watch?v=NfiiJwDQZSg&amp;t=184"">3:04</a> 👏어쩐지 게임 하실때마다 아바타가 옆만 보더라니!",False,
@ShanaTTan,릴파님이 낫네. 전 970 쓰다가 최근에 바꿨는데요. 근데 전 4090으로 바꿨지요,False,
@wws220,릴파넴... 거긴 상자속이에요 미오도 이재 나가고싶대요(아마)아니 그래야돼),False,
@포켓몬애호가-d2g,릴파님....그 마우스 회사가 지스타 후원하는 회사에요.....,False,
@Solpy_,어떻게 송출컴이 1660...? 도대체 어떤 싸움을 해오신 겁니까...,False,
@CHZZK_NAVER,제발 레이저 시냅스 깔아주세요,False,
@Alohaoyeah,프로게이머가 팔을 엑스자로하는것보다 훨씬더 신기한 사람,False,
@_style_feel,눈쟁이님.. 여기좀.. 수술이 필요합니다....ㅜ,False,
@김유성-o7c,다 긁,False,
@DAM-lt1kz,"<a href=""https://www.youtube.com/watch?v=NfiiJwDQZSg&amp;t=156"">2:36</a> 4370 자연스러웠당ㅋㅋㅋㅋx이소 마우스는 게임할때 역시 아니긴해..ㅠ",False,
@azx0424,방송 안하는 나도 모니터가 3댄데 엄;;;,False,
@앤드류-2class_agent,내 키보다 작은 방에서 2년동한 그걸 해낸 인간이 존제할 줄이야.,False,
@H_Notion,눈쟁님 너무 마렵네. 세팅 좀 바꿔주세요,False,
@H_Notion,"아니 진짜 모션데스크랑 모니터암 쥐여주고 싶다. 모니터 90도 환경에서 1, 2번을 바꾸지말고 아예 모니터를 90도로 배치하지 마시라구요!",False,
@JeajoonKIM,릴파님 저도 열심히 살겠습니다 화이팅 ❤,False,
@쵸핑-z3g,"<a href=""https://www.youtube.com/watch?v=NfiiJwDQZSg&amp;t=180"">3:00</a> <br>그럼 지금까지 릴파넴은 게임이 아니라, 서커스를 하고 계셨던거군요...ㅋㅋㅋ",False,
@Fate-Grand_Order,1660으로 어떻게 버츄얼을하고 춤을 추고 엘든링을 한거지??????????????그 좁은 방에서 말이야 ㄷㄷㄷㄷㄷㄷㄷㄷㄷㄷㄷㄷㄷㄷㄷㄷㄷㄷ무슨 가호같은걸 끼얹나??? 그렌라간도 아니고 대체 그 더운 방에서 불가능을 가능으로 만들지????,False,
@헛개수차맛사탕,마우스-&gt;컴퓨터-&gt;책상-&gt;방음부스-&gt;집 순으로 이 사람한테 맡기면 큰일 날 거 같은 이 느낌,False,
@Savedu_Christian,장비로 긁히지만 동시에 그런 열악한 환경에서도 여기까지 오신게 진짜 대단하세요 ㅠㅜ,False,
@Dgceiih_11231,그니깐 우리를 미치게 해서 죽일 셈이지?,False,
@parent960,모니터 연결선만 바꿔끼우면 해결되는거아닌가...?,False,
@라이언_일병_조지기,이젠 부동산 협찬까지 노리는 릴파넴...,False,
@캠프-z2f,아니 서브모니터로 겜을 돌렸다고...?,False,
@서진09,ㅋㅋㅋㅋㅋ,False,
@lodaren,역시 바실리스크 인생 마우스 추카드림미다 ㅎㅎ,False,
@Yunn.__.W12,지나가던 장비충입니다... 착잡하다가... 오히려 좋지 않을까 싶어졌어요.<br>원래 기존 장비가 있으면 세팅하는데 이런저런 타협이 필요한데<br>그냥 전부 버리고 깔끔하게 원하는 걸로 채우실 수 있으니까요!,False,
@박동민-d6p,실물 아이돌로 치면 벤이 아니라 스타렉스 타고 스케줄 다니는 느낌아닌가?,False,
@MagnetQ1,👍👍👍👍👍,False,
@candycat1127,"또 시작되었다 그 전쟁,.... 근데 초반에 콩순이 뭐냐 겁나 웃기네 ㅋㅋ 근데 키보드 새로 나올때 키보드 치는 소리 들으면서 oOo하는 표정 ㄱㅇㅇ",False,
@user-rk1ic7rc9x,이런 아이돌은 처음이야,False,
@hyounwoooo8405,아니 170에 80이면 침대메트리스 슈퍼싱글 사이즈예요....,False,
@shoopa1112,???:오늘 내 책상이 무너졌어<br>오래 써서 휘었는데 내가 그냥 뒀어<br>한순간에 무너지더라<br>너무 힘들어 지금도 치우고 있어<br>걱정된다 내 장비들<br>너무너무 힘들어<br>제발 누가 치워줘,False,
@OK-NOBEJG,뭐야! 분명히 키보드 였는데 왜 몬스터? 마우스가 된거야!!,False,
@어른이-s7f,챠니님이 아니라 본인이 베란다에서 자라고 있었다니...,False,
@오르트123,릴굳형.. 괜찮은거 맞지?,False,
@one.s_pref,"<a href=""https://www.youtube.com/watch?v=NfiiJwDQZSg&amp;t=52"">0:52</a> 저게 얼마여;;;",False,
@Ineu4703,다음편 : 마우스 고장나서 3070마우스 다시 사용,False,
@user-qkaxhfdl,가장 참신한 무봐라 ㅋㅋㅋ,False,
@이요인-k6l,아니 왜 송출을 정면으로… ㅋㅋㅋㅋㅋㅋ,False,
@Azer_Official,"<a href=""https://www.youtube.com/watch?v=NfiiJwDQZSg&amp;t=577"">9:37</a> 아니 170에 80은 진짜 다락방 수준도 안되네....ㅠㅠㅠ",False,
@이세계아이돌사랑해,이 시리즈는 언제동안 연재되는걸까..,False,
@성민최-h4b,170 80이면 침대 퀸사이즈도 안들어가겠는데??,False,
@코코미단,내놔내놔내놔내놔내놔내노나ㅐ놔내노나내노나내노나내노나내놔내노나내놔내놔내노나ㅐ놔내ㅘ내노내놔내놔내놔내노나ㅐ노나내노나내놔내내ㅘ내나내놔내놔내놔,False,
@LoLnoob09,"<a href=""https://www.youtube.com/watch?v=NfiiJwDQZSg&amp;t=160"">2:40</a> 4370이요?",False,
@샤래미,"<a href=""https://www.youtube.com/watch?v=NfiiJwDQZSg&amp;t=188"">3:08</a> 잠시만요 릴선생님 예?......",False,
@fodera5560,근데 긁으려고 일부러 하는게 아니라<br>검소한 습관인거라 뭐라 할수도 없고..,False,
@준혁공-j4c,왜 자꾸 자막이 4370이라 나왔죠..?,False,
@CodePsy-2001,장비보다도 목 병 걸렸다는게 더 긁히는데,False,
@싸바바나,우리집 도마뱀 집크기 정도에서 리와인드를 어캐 찍었지?,False,
@NakTar-Tempest,아니 근데 나쁘지 않다구요? 아니요? &quot;나빠요&quot; 제발 좀 더 좋은 환경에서 지내주세요... ㅠㅠ,False,
@이성엽-m8i,사실 송출컴은 1660만 되도 상관은 없긴한대 ㅋㅋ 워낙 장비가 뒷목잡게 쓰다보니 ㅋㅋㅋㅋ,False,
@hanshan6413,갑자기 매니저가 괘씸해지네...... 릴파넴 방 4개 합친 크기자나....,False,
@Gang_AGy,아.,False,
@기간틱,와... 릴도세자... 고생이 많으셨네...<br>예전에 썼던 지하 작업실 개미굴 사이즈라서 어떤 환경인지 알 것 같다...ㅜㅜ,False,
@lucygood-c,릴파님....저.....더이상은....못버텨요....<br>(꿻.),False,
@ゴロゴロ-v7y,뉴비인데 아웃트로 리-------ㄹ파ㅏㅏㅏㅏㅏㅏㅏㅏ 이거 왜 없어졌어요?,False,
@_LKH_,싹 다 세팅 해드리고싶을 정도의 환경이다.....,False,
@hanshan6413,눈쟁이님 여기 맛집이 있습니다~,False,
@gordenpupple9097,와...저...진짜 대단하시다는말밖에 안나오네요...,False,
@k.s.g.7755,릴파님 벙커에서 방송하세요...? 아니 브쳇은 어떻게 들어가신거지...?,False,
@하얌-h9d,드디어,False,
@No.417,광고 필요없고 그냥 쓰래 ㅋㅋㅋㅋㅋㅋㅋ,False,
@jhl9307,3070 마우스도 나쁘진 않아요...<br>fps같은거 안하면...<br>스트리머가 아니면... ... ...,False,
@kokojin5547,"<a href=""https://www.youtube.com/watch?v=NfiiJwDQZSg&amp;t=626"">10:26</a> 베란다 맞잖아 ㅠㅠ",False,
@junter61,썸네일 원본 ㅗㅜㅑ,False,
@INE158.99,"님들아 나는 글카 Radeon [TX] RX 470 Series 쓰는데 1660이면 언청 좋은거 쓰시네 난이걸로 옵치,배그,발로 다함",False,
@메버레트,오 내마우스다 커플 마우스인가?,False,
@tskim1580,릴굳형 게임컴이 여태 왼쪽에 있었다니 그게 무슨 말이야...,False,
@용규박-v5w,아니 제발 부탁합니다 이사갑시다,False,
@미니뉴-j9i,케이스도 그리 큰거 아니구만 ㅋㅋㅋㅋㅋ,False,
@dainas8814,나빠.... 이사가.. 아니 릴파 돈 못버나봐 키딩 들으러가야대?,False,
@오버워치용-i5n,"<a href=""https://www.youtube.com/watch?v=NfiiJwDQZSg&amp;t=684"">11:24</a> 종내 귀엽네",False,
@WangJaeLee,뒤주아니냐? ㅋㅋㅋㅋㅋ 나도 침대랑 컴퓨터 놓으니까 자리가 없어서 침대를 의자삼아서 살던 시절이 있긴했는데,False,
@인성이-v9b,나작스...진짜로 나의작은스트리머 방....크음....,False,
@endcold,지나가던 일반입니다. 영상다보고 궁금해졌는데 혹시 이분 144모니터로 60헤르츠 옵션으로 쓰시는거 아닌지 합리적 의심을 해봅니다.,False,
@오버워치용-i5n,"<a href=""https://www.youtube.com/watch?v=NfiiJwDQZSg&amp;t=456"">7:36</a> 방종버튼 &#39;샷건&#39;",False,
@오버워치용-i5n,"<a href=""https://www.youtube.com/watch?v=NfiiJwDQZSg&amp;t=369"">6:09</a> 채팅:뒤주에서 방송 하시는데 ㅋㅋㅋㅋㅋㅋㅋㅋㅋ",False,
@신동준-i9s,ㄱㅇㅇ,False,
@신동준-i9s,릴파땅 사랑해요,False,
@seongminjeon1664,싱글 침대사이즈...?,False,
@라면의향기,나 장비충인데 이렇게 심하게 긁힌거 처음이야...<br>심지어 주모니터가 왜 사이드에 있던건데....,False,
@ONLYMUSIC-d9m,좀 바꿔주세요… 제발 저 저기 들어가면 접히는 수준의 방에서 방송을 하고 계시잖아요 제발 이사를 가주세요 제발……,False,
@chan_ey,비챤님 베란다 확장 공사로 방이 좁아지셨나?ㅠㅠㅋㅋㅋㅋㅋ 방송방 정상화를 기원합니다!,False,
@yizz31,"<a href=""https://www.youtube.com/watch?v=NfiiJwDQZSg&amp;t=687"">11:27</a> 행복한 표정 너무 귀엽다 ㅠㅡㅠ 선물 해 주신준 너무 고마워요 흑흑",False,
@0w0_hyoni,이야 뒤주에서 생활하다가<br>환경이 좋아지면 더 인기많아지겠는데,False,
@BunST-h3u,아니....돈 벌고 있는 거 맞지???,False,
@imback_again,방송 안해도 키마헤셋 합쳐서 50만원이네 이제보니까ㅋㅋㅋ<br>나름 가성비로 맞췄다 생각했는데 릴굳형 절약정신 보니까 나도 3070마우스를...,False,
@watch-uy9ye,나는 궁금해졌다 이사람이 안괜찮음을 느끼려면 얼마나 열악해져야햐는것일까...,False,
@Yoda012,릴파 전설의 컨텐츠 ㅋㅋㅋ,False,
@cloudmuffler,그 많은 사람들이 아니라고하지만 극구 고집을 부리던 릴파님은 결국..,False,
@vmfwjd,170에 80이면 진짜 베란다네,False,
@kisetsu8771,역시 프로는 장비탓을 하지 않지 음,False,
@H2Hi,저정도면 작은 드레스룸 뜯어서 방송방만든거아니냐,False,
@열람제한,"<a href=""https://www.youtube.com/watch?v=NfiiJwDQZSg&amp;t=438"">7:18</a> <a href=""https://www.youtube.com/watch?v=NfiiJwDQZSg&amp;t=476"">7:56</a> <a href=""https://www.youtube.com/watch?v=NfiiJwDQZSg&amp;t=509"">8:29</a> 아니 도대체 릴파님은 어떻게 방송을 해오신거에요...?",False,
@a-okane165,흠.... 내글카 1060인데 그정둔감,False,
@stopreply,정면으로 공포 게임 기대되네요,False,
@Scarlet25449,못해도 3080 정도는 되어야 하는거 아닌가 지리네,False,
@사요좋아,지하철에서 보는데 릴파님 대체 왜... 라고 육성으로 나오려는거 간신히 참았습니다....,False,
@시안-o3o,진짜 무슨 삶을 살아오신..,False,
@닉넴은귀찮아,업체가 얼마나 긁혔으면 회사가 그냥 줘...,False,
@이장옥-v9j,어음......새로운 아웃트로는 언제쯤에 완성이 되는거죠 벌써 거의 5달이 지나가고 있어요.....,False,
@플엽,레이저 코리아가 긁혔어...,False,
@콜라곰-i2s,그 중국 롤 선수인가 발로란트 선수인가 손 교차로 겜해왔다는 얘기와 비슷한 느낌인데?,False,
@Override..,어려운 환경에서도 씩씩하고 밝게 지내주셔서 감사합니다...멋있네요,False,
@Sam_Maru,솔직히... 빚이 있어서 그런거 아니면... 너무 좁다고 생각해요....,False,
@kimchaeng9988,"<a href=""https://www.youtube.com/watch?v=NfiiJwDQZSg&amp;t=578"">9:38</a> 우리가 집에서 쓰는 책상 폭이 보통 65이다<br>그니까 15cm에 갇힌 릴파",False,
@hivritt8759,릴파업,False,
@kimchaeng9988,언릴파하던 스튜디오는 없앳나요?,False,
@계란프라이스,썰 듣다가 이가 갈리고 머리가 뒤로 넘어갈 것 같아요... 으아아아,False,
@평범한둘기-x6d,릴파님도 이네님처럼 쾌적한 시골로 이사 하시죠😢,False,
@Doublespoonkiller,릴도세자 ㅋㅋㅋㅋㅋㅋㅋ,False,
@블감,이거 그냥 눈쟁이님 의뢰해야하는 수준아닌가...,False,
@성탄선물,릴파 결혼하면 알뜰살뜰 잘 살겠네 ㅋㅋㅋㅋ,False,
@Sambbo97,제발 누가 릴파넴과 장비 상담해주세요.,False,
@frozentuna5,빨리 모금해라 박쥐들아. 사람이 가용 공간이 좁아지면 활동성이 떨어지게 돼있음. 이 말은 뭐다? 넓은 공간으로 모시면 방송 시간을 늘릴 수 있다 이마리야!!!!!,False,
@Rain_Is_Still_Coming,4370?,False,
@amirookwak2,아웃트로 공사(2024.08.14~) 3개월째.. 언제 완성될까,False,
@an_nyeong3377,다이소 화장품도 괜찮아요.,False,
@mbj0605,"<a href=""https://www.youtube.com/watch?v=NfiiJwDQZSg&amp;t=438"">7:18</a> 웨이코스에 이어서 책상 만드는 회사들까지 씨게 긁어버리시는군요<br><br>두닷, 다가구, 데스커 관계자 여러분 보고 계십니까?",False,
@김민수-j9n8n,.................웹소설이나 유튜브나 보는 나도 900번대 내장 글카 쓰다가 답답해서 바꿨는데 버튜버가.......?,False,
@tamasi1ok,진짜 환경탓을 할 수 없게 만들어 버리는 탤런트!!! 앞으로도 더 더더더 유명해 지시길~~,False,
@csw0073,릴........릴파넴.....저도 장비 비싸게 안사지만 어찌 그렇게 사셨나요............,False,
@Nech0158,릴파넴 진심으로 방송 스튜디오 높이만 줄이면 ㄹㅇ뒤주랑 다를께 없어요ㅋㅋ..<br><br>+뒷목 떨어졌습니다 제발요 다라이는 에바 아닙니까,False,
@leeManager,진짜 무슨 신림동 고시원같은데서 방송하시네 ㅋㅋ,False,
@엽기티모,야 누가 눈쟁님좀 불러봐라,False,
@임병규-n2u,몇달전까지 1060 썻는데 1660이 안좋다니... 나 어릴때는....화면 로딩...안되면....f5연타했다....이말이야.......,False,
@aranp6967,이제 책상 회사랑 부동산 중개사에서 얼른 이 영상을 보고 긁히기를 바랍니다 ㅋㅋ,False,
@Plan_2012,드디어 바꾸네 ㅋㅋㅋㅋㅋㅋ,False,
@Ku_ming,대파에 이은 양파인가.. 무슨 까도까도 계속 나온다냐...,False,
@yungrrtwo_,폭파,True,@Ku_ming
@iyunho25,불쌍해...,False,
@jyk08264,지나가던 장비충입니다.<br>존나 씨게 긁혔습니다 혹시 눈쟁님한테 한번 봐달라고 하실 생각은 없으신가요,False,
@amlcmlssus1579,자..장비를 정지 합니다.. 으아아아아아 아..안돼 여기서 나가야겠어(대충 폭팔하는밈),False,
@cikorita74,"<a href=""https://www.youtube.com/watch?v=NfiiJwDQZSg&amp;t=565"">9:25</a> ㅔ?",False,
@leokenygud,"우릴파가 돈이 없어, 가오가 없어? 어?<br>그냥 지식이 없어서 그렇잖아, 어?",False,
@정상욱-p3n,"<a href=""https://www.youtube.com/watch?v=NfiiJwDQZSg&amp;t=480"">8:00</a> 영상을 보면볼수록 어디 감금당해서 해도 저거보다는 환경이 좋을꺼란 생각이드는",False,
@조아덕,아무리봐도 릴파님은 힘을 봉인하고 있는 장인이 맞는 것 같아요 ... 새삼 제 자신을 돌아보게 되네요,False,
@뜨민c,썸넬 볼따구 700000,False,
@피식-p5h,모래주머니가 아니라 쇠고랑을 차고있으시잔아...,False,
@마이너스-h1q,근데 아웃트로 공사 언제까지;;,False,
@고닝-i1z,송출용컴이 너무 스펙이 좋네...,False,
@loveisalllll,콘서트 8800석 3분 매진시키고 굿즈 펀딩 85억 찍으면 뭐하나 방송방이 1평이 안되는데ㅠㅠㅠㅠ,False,
@Ine_siren,아니 대체 저런 뒤주에서 어떻게 모캡입고 춤추고 노래까지 하시는겁니까 ㅋㅋㅋㅋㅋㅋㅋㅋ,False,
@user-mo0n7g5t,이 주제가 도대체 왜 몇 번이나 나오는 거야....,False,
@조양구-x6u,드디어 드디어 내 소원이 이루어 졌다!!!,False,
@정상욱-p3n,"<a href=""https://www.youtube.com/watch?v=NfiiJwDQZSg&amp;t=255"">4:15</a> 스스로 족쇠를 차고 하신 컴터 사양 심지어 자세조차",False,
@래봄,"<a href=""https://www.youtube.com/watch?v=NfiiJwDQZSg&amp;t=232"">3:52</a> 아니 잠깐만... 산나비도 고개 돌린 상태에서 하셨다는 소린가요...?",False,
@star-love.,또 마가리,False,
@hirsis1116,아~니 릴파님 제발...!!!!,False,
@루조스,"<a href=""https://www.youtube.com/watch?v=NfiiJwDQZSg&amp;t=151"">2:31</a> 4790 ㅋㅋㅋㅋ ㅋㅋㅋㅋ ㅋㅋㅋㅋ 😂😂",False,
@leemukii,응애 이세돌 너무귀여워,False,
@세상귀찮아요,썸넬부터 개빡치네 진짜 ㅋㅋㅋ,False,
@트럭커닝겐,생방을 잘 못 보는 이파리인데 릴파님 원래 방송 스튜디오 따로 있으시던거 아니었나요...?,False,
@BHH-FK,마우스 회사 어디에요?,False,
@할게없는청년포프,해릴포터... 계단밑방보다 조금클거같은뎈,False,
@Nell9764,당장 릴굳형 이...사...해.....풍쏘러간다...,False,
@돌두껍-h0905,릴파님 그170 이면 요즘 키큰 남자중학생정도만대도 머리박고도 남아요....,False,
@하세베아야,작은 거치형 모니터 하나 더 쓰면 좋지요 ㅋㅋ,False,
@hyenym,릴도세자...ㅠㅠㅠ,False,
@Jackcooper-lj5xe,"<a href=""https://www.youtube.com/watch?v=NfiiJwDQZSg&amp;t=485"">8:05</a> 예? 잠만요? 제가 전자공학 출신이여서 그런데 컴터앞에 에어컨물다라이가 있다는건 자칫잘못하면 불납니다. 세상하직해요 ㄹㅇ 제가 보기에는 책상옆 컴터에 짜리몽땅한 다리가 있어서 다행이네요...ㄹㅇ..........지금 방음부스 안의 상태를 보고 밑도 끝도 없는 공포심을 느낍니다...진짜 공포스러워요..",False,
@앤드류-2class_agent,이분 말 들이느까 겁내 살벌하네 방송하다 대형 사고가 날 수 있는 스튜(?)디오...,True,@Jackcooper-lj5xe
@어질-w3z,릴파스튜 완성?,True,@Jackcooper-lj5xe
@m40ro,​@@앤드류-2class_agent 맞아요...게다가 자칫하면 방음부스의 방음재가 내연성 재질이 아닐 경우 작은 불씨에도 순식간에 불이 번질 수 있어서 정말 위험해요. 저도 그 부분 전까지는 웃으면서 보고 있다가 에어컨 물받는 다라이가 있다고? 게다가 그게 종종 넘쳐서 본체 쪽까지 흐른다고? 웃음기 싹 사라졌어요ㄷㄷㄷ,True,@Jackcooper-lj5xe
@korean0909,이거 올려 릴파님이 볼수 있게 올려!!,True,@Jackcooper-lj5xe
@chocobbang999,릴파님이 봐야한다 이 글을 올려라!,True,@Jackcooper-lj5xe
@Circlet_P,세상에 영상을 보면서 충격을 금치 못하였습니다,False,
@Chan_0705,돌아온 이갈리기 시간...어 아닌가?,False,
@감토류,아니 진짜롴ㅋㅋㅋㅋㅋㅋㅋㅋㅋ 릴파넴 장비가 이렇게까지 오래갈준 몰랐넼ㅋㅋㅋㅋㅋㅋㅋㅋㅋ 회사까지 긁어버리신 릴파넴ㅋㅋㅋㅋㅋ,False,
@후긴과무닌,화...화가 나는데... 얼굴보면 가라 앉는다... 오래 방송해주세요 건강 챙기시고,False,
@poby5414,... 전자장비로 아나바다를 하는 분 처음...,False,
@위즈WisdomIT,이제 책상 회사에서도 연락오겠네..,False,
@ksiri4190,170x80이면 요즘 고시원보다 더 작아요.....,False,
@jinhong0705,저도 바실 v3 pro쓰는데 개좋음 ㅋㅋ<br>릴파님이랑 같은 마우스 쓰는 게 영광이네요,False,
@ugdoongyddoong,근데 릴파넴 엔딩은 언제까지 공사중인가용..,False,
@Primavera0126,책상이 휘어요? ㅋㅋㅋㅋㅋㅋㅋㅋㅋㅋㅋㅋㅋㅋㅋㅋㅋㅋㅋㅋㅋㅋㅋㅋㅋㅋ,False,
@ddulgi1,아 잠만 그럼 지금까지 아이돌이 굳즈보다 더 구린 키마를 쓰고있던거?,False,
@Schopenhauer-o2f,"<a href=""https://www.youtube.com/watch?v=NfiiJwDQZSg&amp;t=183"">3:03</a> ...예??? 아니... 에? 이ㅔㅇ? 엥?? ..예??????? 아니..아니아니<br>키마는 그냥  그렇다쳐도 ...아니 예???? 어째서...어째서???? 예?????",False,
@baegguari,"<a href=""https://www.youtube.com/watch?v=NfiiJwDQZSg&amp;t=116"">1:56</a> 일반인도 3070원은...",False,
@renyang0916,와..,False,
@Dalsam_wolf,회사를 긁어버리는 고로시의 여왕 릴파님 ㄱㅇㅇ,False,
@user-wjstkzld1,저..그..음.. 릴파님? 제가 마우스나 키보드에서도 긁히진 않았...지만은 않은데 그 방은 좀 많이 아닌거 같아요.. 제발 이사가요...,False,
@envel_ope,아 대가리가 깨져가고 있어...<br>뭔가 버츄얼 아이돌은 엄청 인테리하고... 깔끔하고... 그런 이미지가 있었는데<br>이젠 다 틀렸어...,False,
@뭐얌마-v3q,"<a href=""https://www.youtube.com/watch?v=NfiiJwDQZSg&amp;t=573"">9:33</a> 뒤주 아이돌.....",False,
@앙기모-q4o,우헤헤 커플마우스다,False,
@GILNAK_09,진짜 공사가 필요한건 아웃트로가 아니라 릴파님 방이었잖아..!,False,
@Gmbs0,아...아ㅏㅏㅏㅏㅏㅏㅏㅏㅏㅏㅏㅏㅏㅏㅏㅏㅏㅏㅏㅏㅏㅏㅏㅏㅏ,False,
@gudtkd05,"<a href=""https://www.youtube.com/watch?v=NfiiJwDQZSg&amp;t=218"">3:38</a> 이게 무슨 수련법인가요....",False,
@yangsamo7297,게임 좋아하고 방송 열심히 웃으면서 하길래 다 잘돼있는줄 알았더니 진짜 심각하게 무지한데,False,
@l9금_아이돌이슈_채널72,다이소마우스에서 탈출한 릴파님 축하드립니다!ㅋㅋㅋㅋㅋ,False,
@SunJeehoo,야 진짜 그만와,True,@l9금_아이돌이슈_채널72
@hj77258,꺼져라 좀;; 댓글 복붙 꼴받네;;,True,@l9금_아이돌이슈_채널72
@낭만좌,겟 아웃!!!!,True,@l9금_아이돌이슈_채널72
@babo195,빠(인)(땡)큐 ㅗ,True,@l9금_아이돌이슈_채널72
@점점점,아오 19금시치;;;;,True,@l9금_아이돌이슈_채널72
@ightl5460,이 분은 왜 옥문강에서 방송을 하고 계세요...?<br>거기... 괜찮은거 맞죠?,False,
@앙기모-q4o,3070 아이리버 마우스면 진짜로 다이소 마우스보다 구림 ㅋㅋ,False,
@밤울리,"와.... 키보드, 마우스 그런건 뭐 잘쓰고 계시니깐 괜찮지 생각했는데 모니터 위치는 정말 충격적이네요.... 그래도 키보드, 마우스 바꾸신거 축하드립니당!",False,
@2기-q4m,릴파님 이러다가 진짜 죽어요. 진짜. 압사당하든 감전당하든 할것같아서 너무 불안해요 제발 이사갑시다 제발,False,
@chocobbang999,ㄹㅇ 왜 방송을 목숨걸고 하는거야<br>사고나면 훅 가시겠네 정말,True,@2기-q4m
@liar1032,어?,True,@2기-q4m
@아메바-j6t,이 영상을 보니 우리가 지금 차세돌 굿즈를 살때가 아니라 릴파님 방송환경 모금을 해야하지않을까 싶네요ㅋㅋㅋㅋㅋ,False,
@글징벨,릴굳형은 모래주머니를 매고있던게 아냐.. 모래속에 살고있어..!,False,
@thmkkk,부디 넓은 곳으로... 새삼 제 연구실 17평 공간보다 더 필요하실듯 한데 기본적으로 사람 한명이 여유를 느끼는 공간이 5평 정도는 되야한다고 합니다. 너무 좁은 공간에 오래있으면 정신적 피로가 빨리쌓입니다.,False,
@냉동국밥,정신적 피로 진짜 쌓일 듯,True,@thmkkk
@녕안-y5t,얏팔...<br>난 1050인데,False,
@hwk5779,"<a href=""https://www.youtube.com/watch?v=NfiiJwDQZSg&amp;t=685"">11:25</a> 여기가 진짜 포인트네 ㅈㄴ행복해하시는게 우리도 행복...700",False,
@strange_quark1019,릴서운 이야기는 대체 어디까지 계속될것인가..........,False,
@hihi0724,170에 80이면 싱글사이즈 침대보다 작은데요...? 진짜 릴도세자였네...,False,
@user-sk9on7iw2o,그렇게 해피엔딩 메데타시,False,
@Owllist17,개인적으로 밥벌어 먹고 사는 기구에는 돈 아끼지 말자 주의인데 릴파님은 세종대왕께서 황희정승 사직서 반려하듯이 도구가 제 기능 못할 때 까지 쓰다 바꾸신다 주의이신거 같네요...ㅋㅋㅋㅋㅋ 1660으로 리와인드 찍고 풀트도 하셨단 말 듣고 아찔했습니다....,False,
@shijumarunagai,진짜 구라 안 치고 챠니 베란다가 더 넓을듯,False,
@둥근다람쥐,분명 긁는 사람은 없는데 긁히는 사람은 넘쳐나는 이 갈리는 세계선의 완성이다,False,
@Ateine,글카로 긁히고 마우스로 긁히고 키보드로 긁히고 부스로 긁히고 방 평수로도 긁히다가 마지막에 컴퓨터 옆에 에어컨 물받이가 있다고?...<br>혈압이....,True,@둥근다람쥐
@tjtjdghk2001,정말 파도파도 괴담이냐 이게 영상이 지나갈수록 긁힘이 강해진다,False,
@catstreet8127,이건 왁타 회사측에서 아티스트 장비 부스  해줘야 한다,False,
@Z-OwlIst,그니까 화장품 다이소 5000원짜리 사서 쓰는데 괜찮은거 맞죠?,False,
@R로이,장비만 좋아졌네 환경도 업글이 간절해보이는데 왜 본인은 무사태평임?<br>이세돌들이 좀 긁어줘야되는 부분인거 같음. 청자들만 이야기해서는 좀 진지하게 안 듣는 느낌,False,
@lutein100,"회사에서 긁힌 경우는 처음보네 ㅋㅋㅋㅋ<br>예전에 비하면 장비들 많이 발전했네ㅋㅋㅋㅋ<br>늘 좋은 환경에서 행복하시길!!🖤🖤🖤🖤",False,
@yongin9303,으득....부득.... ㅎ..ㅎㅎㅎ.,False,
@가오니의멋진모험,우와,False,
@catthepower9417,이세돌중 스튜디오를 가장 빨리 얻어 나와서 그런가 세팅이 가장 구석기시대라니 ㅠㅠ 페이셜도 언릴파도 기술적으론 가장 앞섰지만 환경은 가장 낙후된 릴파넴,False,
@eron_7,장비가..,True,@catthepower9417
@seonglee1849,릴파채굴기 였네,False,
@눈-o5d,기다릴 수 있으니까 제발 이사 가주세요......,False,
@kysbuver2668,제집 윗집 비여있습니다.그냥 들어오세요.월세고 뭐고 하나도 안받겠습니다.,False,
@yoonchan01,도대체 무슨 싸움을 해오신 겁니까…<br><br><br><br>아 릴파님 말고 장비충 박쥐들이요,False,
@하귄,진짜 릴파넴.. 또 아트박스에서 화장품 사는 소리 하시네..,False,
@mirashoo5192,비챤: 내 베란다는 넓은 거였어!,False,
@동글토리-w9r,XP 안쓴게 어디여,False,
@동글토리-w9r,해리포터가 계단 아래 방에서 지냈는데,True,@동글토리-w9r
@가을하늘_서고,아이네님의 베란다가 더 넓을 것 같아...라는 말은 하면 안되겠죠...?,False,
@dkfldidi,이 양반은 진지하게 전문가한테 맏겨서 세팅해야되지 않을까 싶은데....,False,
@최녕일,아아.... 뒷골 땡겨....아아...아아...아악!! 아 릴파님 제발 아아아악!,False,
@대잭팟,이사가자ㅠㅠㅠ 목 걱정됭,False,
@정유섭-w3s,맴버들이랑 합방하게 방 업그레이드 하세요~~~,False,
@shiratori_0317,아마도 키보드 및 마우스를 다이소에서 구입했을 아이돌.,False,
@Khardin_,"여기가 정말로 &#39;방음뒤주&#39;네...아니 사이즈가 ㄹㅇ 뒤주잖아 ㄷㄷㄷ...<br>릴파넴, 제발 방음부스를 &#39;보다 넓은 곳&#39;으로 옮기고 쾌적한 방송을...ㅠㅠ",False,
@AAA-c1w7e,뒤주 릴도세자 ㄷㄷㄷ,False,
@nee_s0jelee0106,"릴파넴이 튼튼해요, 아직 쓸만해 할때마다 이마를 계속 치게 되네 불 나겠다 불 나겠어",False,
@크탼,기업이 오죽하면 광고도 아니고 그냥 보내주냐고ㅋㅋㅋㅋㅋㅋㅋㅋㅋㅋㅋㅋㅋㅋㅋㅋㅋㅋㅋㅋㅋㅋㅋㅋㅋㅋㅋㅋㅋㅋㅋㅋㅋㅋ,False,
@wowpelling2113,혹시 1인용 벙커 들어간거 아니시죠..? 릴파넴 진짜 대단하다고 생각해요 장비의 상태를 무릅쓰고 이만큼 좋게 방송해주시니 감사합니다,False,
@hephalee,뭔 방에 침대도 안들어가겠냐고,False,
@은철-z4v,방송 처음 할때라면 모를가..<br>지금 규모 커진거 보면 찬이 집 처럼 셋팅 하는게 답임...,False,
@Dio-q5p,릴파넴....... 다이소 마우스부터 여기까지 보신건가요....?,False,
@arc__knight,이 시리즈는 계속된다...,False,
@MrXkr,이제 엔비디아랑 AMD만 긁으면 완성인가?,False,
@m993isgoaaaat,릴굳형...나..걱정돼.....,False,
@gun__66,"<a href=""https://www.youtube.com/watch?v=NfiiJwDQZSg&amp;t=535"">8:55</a> 신창섭.... 또 당신입니까...........",False,
@이파리-e1r,"<a href=""https://www.youtube.com/watch?v=NfiiJwDQZSg&amp;t=188"">3:08</a> 아니 그럼 몇년을 저딴자세로 하신겁니까....",False,
@설레는날,아 눈쟁전자 마렵네 도와줘요 눈쟁님,False,
@신지리찬,제조사 긁어서 마우스받은 아이돌ㅎㄷㄷ,False,
@리얼노챠,베란다보다 좁아...,False,
@낭만좌,&quot;김블루님도 긁히는 이세돌의 릴파&quot;<br>그는 데체 ㄷㄷ,False,
@조유근-t7k,자기랑 같은 동업자 일터가 부러우면 멀쩡한게 아니라고요~! 릴파넴,False,
@UNREAL17383,저 유니클로에서 옷 샀는데 잘했죠?,False,
@네트워크여행자,와 바실 v3 프로<br><br>웨이코스에 박쥐있는갑네,False,
@sianqjr,웨이코스 왁물원에 광고 들어와있긴함,True,@네트워크여행자
@박준일-b5o,재밌따🖤🖤🖤🖤🖤😊,False,
@장애플-d6q,릴파님 이사 가시던가 아님 본체가 들어갈만한 보겸님이 쓰시는 높이조절 가능한 테이블 쓰시는거추천드립니다.,False,
@릴팡이,릴굳형 그래도 점점 방송장비가 진화하는 것 같아 다행이에요! ( 이제 이사가서 넓게 방송해요.. ),False,
@ss43290,4730 인데 4370이네ㅋㅋ,False,
@ss43290,자막오타ㅋㅋㄱㅋ,False,
@daegeuk_lee,아니.. 어떻게 저런 좁은방에서....ㅜ,False,
@J_joon27,마우스 3070  ㄷㄷ ㅋㅋㅋㅋ,False,
@darkmooncat124,아이고...,False,
@AN_KO_,재난상황에 벙커들어가서 방송해도 지금보단 넓을거같은 느낌...,False,
@chiyakicky6,자 부자 박쥐님들 훈수 10만원부터입니다~,False,
@DarkFuse,설마....저 자세로 머스마겜을 8시..간?!?!,False,
@cheolchoon,그냥 애플마우스 쓰세요...비싸고 좋지...,False,
@es_appl9073,?,False,
@키스리,릴튜브에서 제일 공포특집인 릴파님 장비빨간약ㅋㅋㅋ,False,
@GYU-p2x,방음만 잘되는 고시원이자나 ...<br>릴도세자님 ㅠㅠ<br>제발 투자좀 해주세요 ㅋㅋ,False,
@freebie8746,저기서 현실합방을 하시려던 겁니까 마스터.....,False,
@jjung_see,이제 정상적인 책상과 널널한 부스만 있음 완벽한 릴파넴..😮,False,
@zerodontgo,릴파님 방 세로 제 침대보다 좁은거같아요...이사 두개재,False,
@JAE-0509,이정도로 열악한 방송 환경인데 지금까지 왁초리를 피해갔다는게 새삼 릴파님의 방송 능력이 대단하게 느껴진다,False,
@Si_A_Rang,가끔씩 이세돌 분들 영상 보는 사람인데 4730이 무슨 밈인지 여쭤봐도 될까여? 아시는 분?,False,
@루시엘-n4z,와 진심 영상보는데 긁혀서 샷건만 몇번을 치는지 ㅋㅋㅋㅋㅋㅋㅋㅋㅋㅋㅋ,False,
@서농-d1d,김릴파는 항상 꿀밤을마렵게한다,False,
@Gargantua-s3i,"<a href=""https://www.youtube.com/watch?v=NfiiJwDQZSg&amp;t=150"">2:30</a> 아 숫자 좀만 더 높은거면 4885 만드는데<br><a href=""https://www.youtube.com/watch?v=NfiiJwDQZSg&amp;t=206"">3:26</a> 얼빡 콤보",False,
@간지폭풍-n6z,아니 릴파님! 건담 콕피트도 릴파님 방음부스보단 넓겠어요,False,
@생계형라이더,릴파넴 기준 아직 쓸만하다 = 부서지기 직전이다,False,
@RANDYORTON-mc4yn,릴종국 짠여자,False,
@적성-t9f,볼마우스 아닌게 어디야...,False,
@2ndt341,살면서 PC회사 사람들까지 긁어버린 아이돌은 정말 처음입니다... 죄인번호 4730...,False,
@연약한키위새,"<a href=""https://www.youtube.com/watch?v=NfiiJwDQZSg&amp;t=221"">3:41</a> 진짜 재능이였네;;",False,
@しヒア,아 좋아요 누르려는데 700이네<br>하...진짜...릴파님 이렇게 또 플러팅 하시네,False,
@재호-j7b,욜,False,
@강신용-c5j,그 눈쟁이 여기 보내봐라,False,
@SungIII,"<a href=""https://www.youtube.com/watch?v=NfiiJwDQZSg&amp;t=441"">7:21</a> 이제 책상 브랜드에서도 긁혀서 책상 보내주려나 ㅋㅋㅋㅋㅋ",False,
@user.dream-come-true,떴다 내 행복 보충제,False,
@u-jungkim5353,와....극악 환경을 뛰어넘는 열정과 체력. 진짜 리스펙합니다,False,
@hkha51601,"<a href=""https://www.youtube.com/watch?v=NfiiJwDQZSg&amp;t=220"">3:40</a> 저 긁혔어요",False,
@282epari,커플 마우스다...ㅎㅎ,False,
@바이크타는김찬호,아니 뭔 혼자 극한의 상황에서 방송하고 겜하고 춤추고 하셨네;;,False,
@GYU-p2x,게임장비 이파리 직원이 진짜 긁혀서 보냈나보다,False,
@DME_KUN,박쥐들은 언제쯤 편해질까...,False,
@전라도산-둘기,ㅇ!ㅇ,False,
@700빌런,"<a href=""https://www.youtube.com/watch?v=NfiiJwDQZSg&amp;t=402"">6:42</a> 캣타워 아냐!! 하는 릴파넴 ㄱㅇㅇ!!💙🖤💙🖤💙🖤<br><a href=""https://www.youtube.com/watch?v=NfiiJwDQZSg&amp;t=508"">8:28</a> 아니 처음엔 그냥 컴 장비만 문제인줄 알았는데 방송방 문제까지 이렇게 많이 있을줄이야... 정상화가 시급해!!!<br><a href=""https://www.youtube.com/watch?v=NfiiJwDQZSg&amp;t=685"">11:25</a> 행복해하는 표정 ㄱㅇㅇ!!💙💙💙💙💙",False,
@Se_han_,썸넬이 2개?,False,
@user-ir4ek5jd3p,진짜 마우스가 무슨 돌멩이 이냐고ㅋㅋㅋㅋㅋㅋㅋ🖤💙🖤💙🖤💙🖤,False,
@연약한키위새,드디어 바꾸는 거야 릴굳형?,False,
@콜록세움,릴파님 방송방이..,False,
@leaf_bat,어 왜 썸넬이 마우스랑 키보드 둘다보이지..?,False,
@유리구슬-f9h,"<a href=""https://www.youtube.com/watch?v=NfiiJwDQZSg&amp;t=573"">9:33</a> 평면도 킹애",False,
@beta_silon,한번 이세돌이 한건물 숙소생활 어떠신가요?,False,
@흠믛임,릴파님이 그래도 저보단 좋은 마우스긴해요~,False,
@INE-158-slime,"<a href=""https://www.youtube.com/watch?v=NfiiJwDQZSg&amp;t=575"">9:35</a> 엄마한테 방 길이 알려줬더니 고시원이냐는데요?",False,
@rainsurte.8381,눈쟁이님께....,False,
@user-oz1bd3vd1b,8년된 왁굳형이 쓰던 헤드셋보다 더한데,False,
@liliill3549,누가 릴파님 좀 케어해줘,False,
@냉동국밥,감사합니다!!,False,
@박중현-v7n,오늘 시험 끝난 중생들 개추,False,
@baconcheesesticks,목 되게 아프셨겠다...😢,False,
@비오뜨-z9z,"<a href=""https://www.youtube.com/watch?v=NfiiJwDQZSg&amp;t=188"">3:08</a> 음...? 잠깐만 그렇다면.... 릴파땅은 그동안 게임을... 어.... <br>( <a href=""https://www.youtube.com/watch?v=NfiiJwDQZSg&amp;t=311"">5:11</a> 저희가 확장 시키겠습니다)",False,
@molsal,"앗 마우스가 망가졌다, 오래쓰긴했지<br>앗 키보드가 망가졌다, 오래쓰긴했지<br>앗 마이크가 망가졌다, 오래쓰긴했지<br>앗 책상이 망가졌다, 오래쓰긴했지",False,
@노란딱쥐,이게 그 소 잃고 외양간 고치기?,True,@molsal
@Llapaka,​@@노란딱쥐외양간 잃고 소가 고치기 깉은데 이건,True,@molsal
@Nech0158,오래쓰지도 몬 할꺼 같은데 어찌 또 오래쓰긴함ㅋㅋㅋ,True,@molsal
@LeafofMadness,"앗 릴파가 망가졌다, 오래쓰긴했지",True,@molsal
@다마키-q8y,"앗 아이네가 망가졌다, 오래 쓰긴했지",True,@molsal
@김-c9u1g,"<a href=""https://www.youtube.com/watch?v=NfiiJwDQZSg&amp;t=188"">3:08</a> 이야............? 네?",False,
@OnlyWakgood,3070 마우스에서 드디어 바꾸나 했는데 4080이면 저희 이파리들는 울거에요!!!🖤🖤🖤🖤,False,
@Tiamat_y,이사....가자....릴구텽....거긴....관짝....같은....느낌이....들어....,False,
@고먐미-별,1분전 ㄷㄷ,True,@Tiamat_y
@warblerw1997,그렇게 이번엔 방음 부스 회사를 긁게되는데,True,@Tiamat_y
@user-fq9sb9vq9e,관이랑 다름없는 사이즈 170×80 ㄷㄷ,True,@Tiamat_y
@신레몬-ShinLemon,10만원 ㄷㄷ,True,@Tiamat_y
@김준-u5p,(대충 우리식당 정상영업합니다 하는 짤),True,@Tiamat_y
@람누이,이제는 기계 문제가 아니라 방이 문제인데?,False,
@taeang1,드디어 탈출!,False,
@ViichanChoiGo,아니 여태 겜 옆으로 보면서 한거 실화 ㅋㅋㅋㅋㅋㅋㅋㅋㅋ,False,
@아아아아아아-c3s,목을 돌려서10시간넘게 게임했단말이야!!,False,
@염지훈-q1y,발로란트 사시샷 ㅋㅋㅋㅋㅋ,False,
@DarkFuse,이제 이해가..됐다,True,@염지훈-q1y
@성위,본의아니게 같은 마우스를 쓰게됫네,False,
@castle1000-vp3to,"<a href=""https://www.youtube.com/watch?v=NfiiJwDQZSg&amp;t=587"">9:47</a> 릴파넴...아파요...",False,
@castle1000-vp3to,+본인 162 남자,True,@castle1000-vp3to
@앤드류-2class_agent,(음(?)흉하게 웄는 79),True,@castle1000-vp3to
@momo43love,비웃는 185,True,@castle1000-vp3to
@soskk777,저도 장치차이 별로 못느꼈는데 키보드 좋은걸로 바꾸니 뭔가 좋아요,False,
@취한공룡,거의 갇혀서 방송하는 수준인데,False,
@111_roentgenium,와 원신 키보드… 지금은 풀렸는지 모르겠지만 아직 출시 안한 키보드를 보내주다니 ㄷㄷ,False,
@꼬도기,"<a href=""UCkszU2WH9gy1mb0dV-11UJg/finger-red-number-one""></a><a href=""UCkszU2WH9gy1mb0dV-11UJg/finger-red-number-one""></a><a href=""UCkszU2WH9gy1mb0dV-11UJg/finger-red-number-one""></a><a href=""UCkszU2WH9gy1mb0dV-11UJg/finger-red-number-one""></a><a href=""UCkszU2WH9gy1mb0dV-11UJg/finger-red-number-one""></a><a href=""UCkszU2WH9gy1mb0dV-11UJg/8gF1Xp_zK8jk8gSDrI2wCw""></a><a href=""UCkszU2WH9gy1mb0dV-11UJg/8gF1Xp_zK8jk8gSDrI2wCw""></a>",False,
@넘모좋아,히히 귀엽다,False,
@아코드,장비에서 놀라고 뒤주에서 방송하시는 릴파님에 놀란 영상이어따,False,
@anthemkim,썸네일 진짜 귀엽다..,False,
@hi_korea6866,"<a href=""https://www.youtube.com/watch?v=NfiiJwDQZSg&amp;t=157"">2:37</a>-죄수번호 4730 (죄명 장비를 오랜쓴죄)<br><a href=""https://www.youtube.com/watch?v=NfiiJwDQZSg&amp;t=340"">5:40</a>-아이고우리 릴튜브(편집자님) 끍혀네<br><a href=""https://www.youtube.com/watch?v=NfiiJwDQZSg&amp;t=442"">7:22</a>-아이고 책상님 버티세요 (책상님 감사합니다 방송을 볼수있게 해주셨어)<br><a href=""https://www.youtube.com/watch?v=NfiiJwDQZSg&amp;t=492"">8:12</a>-여러분 우리모두 릴파넴 방송방 확장 풍선쏩시다<br><a href=""https://www.youtube.com/watch?v=NfiiJwDQZSg&amp;t=653"">10:53</a>-제조사 분들 우리 릴파넴에게 선물주셔 감사합니다  박쥐일동",False,
@홍초-x1t,부....부자 되셔야 해요....,False,
@koreankim-kor,유튜브 시작 1분부터 벌써 웃기네 ㅋㅋㅋㅋㅋㅋㅋㅋㅋㅋㅋㅋㅋㅋㅋㅋㅋㅋㅋㅋㅋㅋㅋㅋㅋㅋㅋㅋㅋㅋㅋㅋㅋ,False,
@유월-m3c,"<a href=""https://www.youtube.com/watch?v=NfiiJwDQZSg&amp;t=119"">1:59</a> 내가 이 얘기를 우리 엄마한테 들었던 거 같은데…",False,
@서정현-y8z,블루님 안오시나???,False,
@구먼,대체 얼마나 긁었으면 회사에서 그냥 쓰라고 게이밍 장비를 주지?ㅋㅋㅋㅋㅋ 대체 뭘 사용하고있던 겁니까?...릴파님이 FPS 게임을 못하시던 이유가 있었구나,False,
@shyuke4536,사람을 박스 안에 꾸겨 넣었어 ㅠ_______ㅠ,False,
@cherryart6120,이제서야 이루어진 세팅의 정상화....ㅋㅋㅋ 그녀의 죄수 번호 4730 ㅋㅋ,False,
@waktoonreaction,릴파님은 모캡도 가성비로 싼걸 사다가 마재때 고생해서 결국 비싼걸 샀다.,False,
@kt.k9189,이렇게 하드한 게이머가 장비 안따지는 것도 흔치 않은데...귀엽,False,
@nanokim6766,저거 사야겠네😛,False,
@다크니스이세돌,얼마나 심하면 회사에서 보내주내 역시릴파님이야❤😂😂,False,
@SANNABI_115mn,아니 릴파넴 감옥에서 방송을 하고계신거였어....?,False,
@모자-d9w,지금도 뒷목잡는 릴파는 700,False,
@밍밍-x8g5s,"<a href=""https://www.youtube.com/watch?v=NfiiJwDQZSg&amp;t=90"">1:30</a> 얼마라구요?",False,
@하늘아이,바꿔라!바꿔라!,False,
@Vi-Tzro,1660이라니 ㅋㅋㅋㅋㅋㅋㅋㅋㅋㅋㅋㅋㅋㅋㅋㅋ,False,
@바삭한여포,1660 그래픽 카드의 명복을 빕니다..,False,
@망냥282,릴파님 방송실 확장 펀딩이 시급하다,False,
@VAB_Y,ㄹㅇ 아니 저정도면 나같으면 바로 폐소공포증 걸릴듯,True,@망냥282
@닐라이너스,셋팅 편안하다,False,
@VIichan_라니_700,🖤🥰,False,
@sinimaster3202,이번엔 키보드로 긁엇나요?(썸네일만보며),False,
@tvjamkun12,너무 ㄱㅇㅇ🖤🖤🖤,False,
@GungJIN_,릴파님...진짜 장비는 사치 부려주세요....,False,
@그청그스,역시 릴파넴은 머스마겜을 할때도 장비따윈 중요하지 않으시군요!,False,
@tv-px7fp,드디어 바꾸시네 ㅋㅋㅋㅋㅋ,False,
@까만파랑,드디어!!!!,False,
@까만파랑,라고 생각했는데 갈길이 멀구만,True,@까만파랑
@INE158INFP,썸네일 빵떡 넘 귀엽다..🖤💙ㄱㅇㅇ,False,
@_jjaktung116,ㄱㅇㅇ,False,
@이파리4231,릴파님은 진짜 방송장비에 더 투자하셔야해요<br>저희 진짜 공포스러웠어요ㅠㅠㅠㅠㅠ,False,
@꾸또-메카,"<a href=""https://www.youtube.com/watch?v=NfiiJwDQZSg&amp;t=155"">2:35</a> 그래서 4730이에요....? 4370인겁미까....?",False,
@사랑해요-s5h,”역사상 최초 마우스를 회사를 긁어서 마우스를 받아낸 아이돌“,False,
@이파리4231,여기에서 어느 회사든지 또 긁히는 회사가 나타날까 두렵네요,True,@사랑해요-s5h
@gulusain,ㅋㅋㅋㅋㅋㅋㅋㅋ😂,True,@사랑해요-s5h
@시그레이,3년짜리 빌드업 ㅋㅋㅋ,True,@사랑해요-s5h
@shinwaldongfirepunchfdzz,ㅋㅋㅋㅋㅋㅋㅋㅋㅋㅋㅋㅋㅋㅋㅋㅋㅋㅋ,True,@사랑해요-s5h
@GungJIN_,+ 최근 헤드셋 선 씹어먹는 클립으로 인해 마우스 주신 측에서 한번더 긁히실 위기에 있습니다,True,@사랑해요-s5h
@DinoSRainbow,릴파님 항상 사랑해요///♡w♡///💋💋<br>💕💗💘💖❤🧡💛💚💙💜🖤🤎🤍,False,
@bloodwolf_,드디어 다이소마우스에서 탈출한 릴파님 축하드립니다!,False,
@hyo3861,😊,False,
@IFARI_999,아니ㅋㅋ 릴파님 진짜 거울치료 해드려야돼,False,
@세코는세계최강플리,ㄱㅇㅇ,False,
@Pkolil,ㅋㅋㅋㅋㅋㅋㅋㅋ,False,
@미친개-07,와 1분전!!!!,False,
@평범한팬치,제발 좀 비싼거 사서 오래쓰세요..,False,
@ixt_1116,썸넬 ㄱㅇㅇ,False,
@신하빈-s4p,드디어 바꾸시는 건가요?,False,
@이세돌_700,무친 52초,False,
@사냥이과하면사냥당한,1분전,False,
@둘기-e7m,킹애,False,
@줄러프,시작부터 뒷목이 얼얼하네요,False,
@patricia.09.12,오,False,
@라디오-o6b,와~ 바로 봤다~ 3,False,
@Rocket_4321,진짜 릴파넴 컴은 언제 터져도 모를정돈데 ㅋㅋㅋㅋㅋㅋㅋㅋ,False,
@사람-f2l2o,그닥비싸지않은데?🤔,False,
