author,comment,is_reply,reply_to
@TV-qq8vh,"비브아에서 아뽀TV 채널 구독자분들을 위한 <br>역대급 할인을 준비했습니다!<br>(에어딕S3 ★비밀 특가 할인★이에요!!)<br>비밀 할인 링크 : <a href=""https://buly.kr/AEz7ZBp"">https://buly.kr/AEz7ZBp</a><br><br>EVENT<br>💙아뽀TV X 비브아 단독 할인💙<br>1. 260,000원➡113,000원 (단 3일! 구독자 특별 -57% 할인)<br>2. 괄사 패드 + 파우치까지 무료 증정<br>***파우치는 주문건 당 1개만 발송됩니다.<br><br>비밀 할인 링크 : <a href=""https://buly.kr/AEz7ZBp"">https://buly.kr/AEz7ZBp</a><br><br>------------------------------------------------------------------😢",False,
@김향기-y6t,@@TV-qq8vh 에어틱필요합니다 주문하겠습니다  감사합니다,True,@TV-qq8vh
@소피아-x4n,주문요,True,@TV-qq8vh
@윤은희-i8i,에어닥,True,@TV-qq8vh
@zhd0426,주문완료❤,True,@TV-qq8vh
@은영구-l8i,저도 주문이요😊,True,@TV-qq8vh
@권혁인-b9v,팔복이도 건강하게 잘 있다가 탄생하고 다 건강하길바래요!<br>특히 외할아버지<br>뽀식님 손녀 오랫동안 보시려면 건강하시길<br>바래요! 나도 그또래 고등학생 중학생.<br>건강 건강하세요!~^^,False,
@박경란-v6z1c,행복또행복.화이팅.❤❤❤❤❤,False,
@박경란-v6z1c,축하합니다.행복하세요.영원히,False,
@정미영-u7s,맛사지기 주문했는데 아직도 안와서 걱정되요<br>사기아닌가요? 배송확인좀 부탁합니다,False,
@좋은하루-i2s,축하 드립니다~우리 손녀 태명도 팔복이 었는데 지금 13개월 건강하게 예쁘게 자라고 있으니 <br>두분의 팔복이도 건강하게 예쁘게 자랄겁니다~,False,
@김은서-o4m,축하 드립니다 🎉,False,
@윤점남-x9k,팔복이가 얼마나 이쁠까 너무 궁금해요   항상 행복하세요,False,
@조순자-l9m,추카추카 합니다,False,
@bell7317,30년 후 원혁님도 뽀식이님과 똑같이 하지 않을까 하는 모습이 눈에 선합니다~ <br>결혼 안시킬려고 예비사위와 눈도 안맞추기..ㅋㅋ  <br>예비 딸바보 엄빠 축하합니다!!🎉,False,
@ElijahBrenda,헬창들도 ㄱ글 에서 벳프리 보면 근육 다빠진다며 ㅋㅋㅋㅋㅋㅋㅋㅋ 사실임??,False,
@시골엄마자연밥상,축하 축하 드려요🎉🎉🎉,False,
@한혜성-q6m,수민씨와 원혁씨 정말축하드림니다  주님안에서  사랑에  열매가  주렁주렁  열리시길  기도드림니다    건강하세요  ❤❤❤           고맙습니다 ❤❤❤           사랑합니다 ❤❤❤          🎉🎉🎉😂😂😂❤❤❤,False,
@양봉애-v7l,너무축하합니다~원혁~수민~건강한아기기원합니다,False,
@김성연-e9d,너무 축하해요  행복하세요~~^^,False,
@고옥순-y5x,축복합니다<br>하나님에 귀한선물,False,
@김영옥-l4o1p,구입 한지 오래되었는데요<br>아직 안와요,False,
@rk-ok7992,매일매일이 이벤트네요!! 이쁜 팔복아 건강하게 자라다 나와❤❤,False,
@최지은-k5w,축하합니다,False,
@강석태-s4h,따님.축하해요.저도딸만4명이네요.역시딸이최고예요.건강하게순산하세요.❤❤❤❤❤,False,
@노정순-z1p,원혁씨. 수빈양. 엄마아빠  된거  진심으로  추카추카!<br>예쁜 딸래미  얼른 보고 싶네요. 순산 하세요.원혁 아빠 이젠 제발 울지마세요.아빠는 않우는 거래요,False,
@dltnghks5507,조선의사랑꾼 때부터 계속 보면서 팬 되었어요🥹 가족분들께서 바라시던 딸이라니♥️ 축하드리고 축복합니다💓,False,
@김순영-g4k,어디서 구입해요?,False,
@유리아-m4e,저는 다리가  아파요 꼭사고싶어요,False,
@유리아-m4e,사주세요,False,
@도로시-h3t,복 있는 첫딸에 축하합니다 ~~<br>모는 것에 하나님께 감사,False,
@최학신-v7g,축화 함니다<br>윈혁시. 건강 하십시요 화이팅🎉🎉🎉🎉,False,
@피실장,축하드려요 🎉🎉🎉🎉🎉🎉,False,
@lilian1004-o8w,하나님이 주신귀한선물 감사~~,False,
@x2y1,수민 언니 너무 많이 뱃 속에서 소중한 아기 딸 웃음 보기 참 좋네요🩷😊🎄,False,
@Bhjhrt,너무너무 축하드려요🎉 팔복이 이쁘게 잘자라서 꼭 만나자 여자아이 너무 좋아요 딸 키우는 재미 이제 느껴봐요❤❤,False,
@user-nc4lp4ho4i,"<a href=""https://www.youtube.com/watch?v=nYzmsJ43eGE&amp;t=1253"">20:53</a> 파주알아?몰라?ㅋㅋㅋㅋㅋㅋ 넘 웃김",False,
@김성희-n6k9d,아 딸이구나~~에구 부러워라~~~어쩌~~~정말 부러웡,False,
@김성희-n6k9d,산모가 이렇게 예뻐도 되는건가요?❤,False,
@영형이-e2g,축하!<br>축하 드립니다.,False,
@민산수유,축하드려요<br>두가정에 사랑과 행복이 넘쳐보여  보는이들도 너무 행복합니다,False,
@이영숙-z4b2r,팔복이는 예쁜공주님 딸이였군요^^<br>정말 축하드립니다~❤,False,
@이창섭-g1g6i,축하 축하 해요 수민씨 건강하게 잘 지내요,False,
@이슬-d6r,축하드립니다<br>예쁘게  잘키우세요,False,
@진달래-t5p,좋아요,False,
@연미숙-q4b,🎉🎉🎉🎉🎉🎉🎉~와우,False,
@송정애-u9b,너무 축하 드려요...<br>딸이여서 축하드려요...<br>너무나 부러운 가족입니다<br>수민씨가 복덩이가되고 팔복순이가 더 복덩이가 되길 기도해요...,False,
@박종애-d5s,추카추카 해요 🎉🎉,False,
@호박넝쿨-r3e,딸이 좋아요 저두 딸둘행복해용저두7년만에낳앗어요27살ㅎㅎ,False,
@호박넝쿨-r3e,어디서사요,False,
@전남주-c4r,이쁘겠다<br>팔복이❤<br>복덩이,False,
@전남주-c4r,😅😅😅<br>추카추카❤❤,False,
@옥향기색소폰초보,수미님 원혁님 베이비공주 🎉🎉🎉🎉<br>진심으로 추카추카❤❤❤,False,
@heejun-i7c,나두 진짜 딸이좋은데 <br>추카드려요^^❤❤❤❤❤,False,
@뚱땡크르,축하드려용❤❤❤❤❤❤,False,
@성루비-o1n,아뽀에서 종아리 마사지기를 보며 바로 신청했는데 한쪽은 되는데 한쪽은 전혀 안되는 제품을 배송 하셨더라고요. 전화도 하고 톡 문의 했는데 안되네요.<br>믿고 제품을 구입했는데 당황 스럽네요.,False,
@효진김-s5m,내년에 손녀 손잡고다니세요,False,
@드르륵-u7g,축하드려요~~~,False,
@김판수-b7q,축하해요뽀식이아저씨오래사새요건강하시개요,False,
@최정아-t4g,아뽀 팔복이,False,
@옥자장-e7m,축하해요❤😂,False,
@최정아-t4g,팔복이,False,
@최정아-t4g,팔복이성,False,
@익용-o9h,축하드립니다.🎉🎉🎉🎉,False,
@익용-o9h,축하드립니다.🎉🎉🎉🎉,False,
@강효선-y4q,축하합니다 🎉,False,
@경아-r9w,뽀식이 아버님보다 역대급 딸바보 원혁아빠가 되시겠어요 ㅋㅋㅋ<br>축복합니다!!!,False,
@user-hx5rq8sy5x,첫딸이 그렇게 좋대요. 엄마의 평생친구.~~~^^♡♡♡<br>너무 축하해요. 딸은 사랑입니다.<br>예비아빠 딸바보 예약되셨네요😂❤❤❤,False,
@슈기-l7n,너무너무축하드려여<br>아빠가 얼마나 좋으시겠어여 손귀한집에서  제가다 행복하네여<br>수민씨 원혁씨 지금처럼만 앞으로도 더더더 행복하시길 하느님께 기도드릴께여~♡,False,
@이웃어요,원혁씨 처음 보았을땐 솔직히 조금 맘에 안들었는데(죄송해요🥹) 그런데 보면볼수록 너무 좋은 남편이구 행복한 가정을 이루고 사는 모습에 너무 좋습니다! 건강하고 행복하세요,False,
@이순자-i9b,🎉🎉🎉,False,
@최금옥-z4v,추카추카 주님은혜 감사합니다,False,
@명자이-m7r,화이팅축화해요,False,
@nami4481,너무이쁜<br>커플들 사이에서<br>태어나는<br>공주님은 얼마나<br>행복할까<br>기요미 뽀식이 아저씨 <br>손녀딸 축하 드려요♡♡,False,
@NomutMaiw,Let&#39;s truly become patriots by having two daughters and two sons. Be happy.,False,
@soonhyekyang,축하드립니다<br>이용식 선생님도 건강하세요^^,False,
@김태숙-j2h,감사해요.<br>수미씨 예쁜공주 하나님 께서 선물주신이 집안에 축복 입니다.<br>양가 목사님댁.뽀식이 오빠.권사님 모든 가족분들 건강과 소망과사랑의 축복이 넘치시길 바랍니다.<br>귀한 공주 추카추카 합니다.❤,False,
@Always_awake_,또 손녀는 얼마나 사랑받고 자랄지.. 수민씨 순산하세요 응원해요,False,
@Leejeeyoung34,축하해요🎉 팔복순이야 건강하게나와라ㅋ 여자아기씨ㅋ 꼭행복해ㅋ 제법많이컷드라ㅋ,False,
@지연김-p2v,공주네😊,False,
@솔라시도-s1y,예쁜 딸 축하드려요 엄마닮고 아빠닮고 예쁘게 잘나와라 양가부모님들 정말 좋아하시네 수민씨 출산때까지 몸관리 잘하시고 팔복이 이쁘게 커다오❤❤❤❤❤,False,
@지연김-p2v,감사합나다,False,
@지선아가다,너무너무 축하드려요◡̈ <br>하루하루 행복하실거 같아요ㅎㅎ,False,
@김명화-o6v,발맛자지기 꼭사고싶은데 어떻게 구입해요,False,
@혜영-g5s,수민이~~<br>축하 축하🎉🎉<br>귀한 하나님의 딸로 자라기를 바랍니다~^^,False,
@addfg-b9m,딸 축하드려요  행복한 가정  늘 잘보고있습니다 😅,False,
@경숙정-g4o,❤❤❤❤❤😅😅😅😅😅😅🎉🎉🎉🎉🎉🎉최고 😅😅최고,False,
@별이-s6n,딸이 솔까 저도 좋아요 ㅎ<br>축하합니다 🎉🎉,False,
@Yeppi_yo,딸 최고에요🩷 너무 축하드려요 !!,False,
@강인자-p4z,손녀를 축하합니다. 딸 축하합니다,False,
@황이금,어머~<br>가족여러분들 너무너무 축하드<br>립니다<br>얼마나 좋을까요~~,False,
@정현주-l2j,축하드려요<br>수민씨행복하겠어요🎉🎉🎉,False,
@한미미-j8q,축하합니다.~~~~😊😅🎉,False,
@윤지인-u7y,아효~~^^을마나 이쁠까?사랑둥이 복덩이네여~~~그야말로 축복의열매 입니다🎉🎉🎉🎉🎉,False,
@로즈-e1w,축하드려요 얼마나 이쁠까요? 😂😂❤❤❤,False,
@난트롯매니아,어떻게 주문하는지 가르쳐줘요 우리딸도 임신해서 발이 너무부어요,False,
@송귀화-v1l,축하 해요,False,
@jsj4326,추카드려요❤❤❤,False,
@zhenyuzhang7365,축하합니다🎉🎉🎉🎉,False,
@zinjin,우왕!! 진짜  넘  축하드려요 😊딸 이라서 더 축하드려요 🎉🎉🎉🎉🎉❤❤❤,False,
@손옥순-h2w,두분넘좋아보여요 딸인것을 축하합니다,False,
@장미령-y5u,축하드려요~,False,
@자련-g6f,축하합니다  🎉❤,False,
@이은호-s6l,"진심으로 축하드립니다 <a href=""UCkszU2WH9gy1mb0dV-11UJg/m8MfY4jbFsWJhL0PyouA2Ak""></a>",False,
@형자유,축하해요 ^^,False,
@윤숙이-t6k,추카. 추카합니다<br>건강하개출산 하길기원합니다,False,
@희숙이-l3g,"부럽다,축하합니다따님탄생",False,
@손정희-m6x,할렐루야  축복합니다 딸이 귀한 집안에 팔복순이를 주셨네요 ♡,False,
@강진실-e4v,안녕하세요<br>팔선생이에요!<br>얼마전 오셨을때 <br>뒤늦게  알아뵈서 너무 죄송해요ᆢ<br>담당하시는분이 따로있어서<br>가실때 계산할적에 뵙네요ᆢ<br>서비스도 못해드렸는데<br>커피값까지 챙겨주시고<br>너무너무 감사했습니다ᆢ<br>기쁜일 너무너무 축하드리고<br>언제한번 꼭 다시 오시길 기다릴께요!<br>늘 행복한날들만 가득하길 바랍니다!,False,
@sungimkim4496,추카추카❤❤❤❤,False,
@이정희-n1t2k,축하합니다,False,
@네이비-l5f,축하합니다ᆢ정말 너무 축하드려요 ᆢ사랑스런 예쁜 부부♡♡♡,False,
@박현정-u3u,이쁜딸 기대할께요~~추카추카드려요 ❤🎉,False,
@커피-j5s,딸 축하드려요<br> 정말 정말 축하 축하 하나님의 기쁨이 있기는 했습니다,False,
@커피-j5s,딸축하합니다🎉🎉❤❤,False,
@코스모스-w9s,축하드립니다. 양가 가족분들께서 기뻐하시는 모습이 참 보기 좋으네요. ^^,False,
@아름다운세상-b9m,팔순이 축하해요 🙌❤,False,
@wowo0410,와우! 팔복순 축하드려요 순산하세요,False,
@hyunlucas2313,축하합니다,False,
@정현숙-z2x,츄카해요<br>주님 은혜 입니다ㅡ아멘,False,
@chongbokmanalo2775,종아리 마사지기..전원이 120v 인 미국에서도 사용 가능한가요?,False,
@백성-g6q,공주님 순산기원 합니다!,False,
@십자가의사랑-w5n,하나님  감사합니다.<br>모든것이 하나님 은혜 입니다 아멘🙏🙏🙏,False,
@한소라-x5x,축.하드림얼마나예쁠까요?엄청미인일듯,False,
@두부-e9s,🎉🎉🎉🎉🎉🎉🎉,False,
@길혜옥-t5t,축하드려요   .가족 멋져요 건강하세요🎉🎉🎉🎉🎉🎉🎉,False,
@으닁공듀,딸 축하드려요 ~~🎉🎉 😊,False,
@드미-g4z,축하드립니다♡,False,
@류은정-f2j,너무 행복해보여 함께 웃고 갑니다!<br>축하해요🎉,False,
@모소연-m5b,와 🎉  축하합니다~^🎉🎉,False,
@ido_jbj3521,진짜 아기 너무 예쁠 듯❤ 너무너무 축하드려요!!!!❤,False,
@무지개-i6l,축하드려요 🎉<br>딸이최고죠  딸은 엄마아빠한데 잘하죠,False,
@김지현-i5u1k,팔순이졍,False,
@신아만다,딸이좋와요..그래.덜외로워요,False,
@김지현-i5u1k,뽀항🎉,False,
@바다-q6o,축하드려요 <br>자녀는 선물이죠 <br>팔복이도 축복이네요ㅎ,False,
@이경숙-u9u,축하드립니다 🎉❤,False,
@주-o9u,이용식씨 정말 대단한분이신데<br>딸하고 나온 프로 보고 너무 좋았어요. 늘 응원합니다,False,
@주-o9u,축하드려요<br>이용식씨 건강하게 오래보게 해주세요,False,
@박정화-f8e,아기가  엄청  이쁠듯    아빠닮아  찬양도 잘부를것같네요    좋은일만  계속있네요   ❤❤❤❤,False,
@박정화-f8e,"와우~~~~      감사감사❤<br>축하축하 드립니다    딸키우는 재미가  훨씬좋거든요  ㅎㅎ      진심으로 축하드립니다     친,외할아버지 할머니  건강하게  오래오래 사세요    복순이  시집가서  아기낳을때까지요   ㅋ   ^^",False,
@tm2849,여자들의 몸구조는 정말 경이적입니다 저도 남매를 낳고 모든 여자들에게 감사를 표합니다 자기 자식들을 학대하는 사람들은 인간이길 포기한 사람들이겠죠,False,
@김영진-s9j,축카드림니다 💕,False,
@모모-j9y6o,티비에 노래하는 모습좀 보여주세요,False,
@sunfrench8022,먼저 축하드립니다  <br>여긴 미국인데요 <br>어디에서 구매하는지요?,False,
@김은하-x6t,딸이 얼마나 이쁜지  키워보면 앱니다<br>ㅋㅋㅋㅋ,False,
@yk-us7ib,축하합니다🎉🎉🎉,False,
@채민임-d7h,따님 선물 추카 추카 합니다💕💕💕💕💕💕✌️✌️✌️✌️✌️✌️✌️👍👍👍❤️❤️❤️❤️❤️❤️❤️,False,
@남영주-d8z,축하축하드리고<br>건강한애기낳으시고행복하세요,False,
@aej2291,축하합니다❤,False,
@김령-e6b,종아리 맛사지 구매하고 싶네요,False,
@윰블리-h5q,우와 축하드려요 🎉🎉🎉연수원 다녀오고 뻗어서  이 소식을 일케 접하네용<br>넘흐나 축하드려용 😊,False,
@vvvv3768,대충여사는 볼수록 매력이넘쳐요 ㅎㅎ 손녀 축하드려요🎉🎉,False,
@bye3840,저도5월 출산 아들 맘입니당 &gt;&lt; 함께 축복해용,False,
@장수빈-n7h,웃음소리 너무좋아용  ~^^행복한가족,False,
@김옥남-m8i,추카해요,False,
@순-k9c,추카드려요❤❤<br>딸이 최고죠❤❤,False,
@찬이이모-d3i,입덧 심할때 딸 인줄 알았음... ㅎㅎ,False,
@김영희-s8v4r,용식님축하합니다  건강잘관리하셔서  손녀오랫동안  행복하게사세요,False,
@y.bongbong,목사님 진짜로 너무너무 좋아하시네~~~,False,
@leeleelee7433,축하드려요~~<br>세상에 소금이되는 팔복순이가 되기를 바랍니다♡,False,
@조동임-y9u,"원혁 수민씨 예쁜공주 임신을 축하해요,축복받은 양가집 할아버지  할머니께서 손주 성별깨임도  재밌네요.<br>예쁜손녀딸 축하합니다.🎉🎉🎉",False,
@Start08-f4h,진짜 화목이 복이네요😊,False,
@이가연-b5d,팔복이 어서빨리보고싶네요 ❤❤❤,False,
@써니-b6h,진심 축하합니다<br>축복합니다,False,
@purenature8602,공주님 이라구요❤너무너무 축하드려요!첫딸은 살림밑천이라 했는데 수민씨 건강하게 순산하시길 기도해요. 저도 딸이 있지만 지금은 친구같아요 딸이름은 빛나 어떼요? 세상을<br>밝게 비추는 빛  같은 공주님이 되길 기도할게요,False,
@최영미-x1t9f,딸바보되신거 축하드려요~~,False,
@juhyundl8311,원혁씨 너무 다정해요~우리 남편이 반만 닮았으면 참 좋겠네요~ 행복하세요❤,False,
@juhyundl8311,임신했다는 영상 봤을때부터 딸일것 같다는 생각이 딱 들었는데 ~맞았네요^^축하해요❤,False,
@금자곽,축하 합니다<br>건강한몌쁜아이 순산 하시기를 바랍니다<br>맛사지 기구 어떻게 구입할수있는지 알고싶어요~~~,False,
@dlfltm4,누가 되든 건강하기를.,False,
@정숙희-n4z,영상볼때마다   너무감사하고  행복해요   공주님축하해요,False,
@조아라-c7g,하나님 김사합니다!!!,False,
@조아라-c7g,🎉,False,
@onm2729,너무너무 부럽당.😂❤,False,
@Minji81414,축하드려요!!❤❤❤,False,
@박미옥-c1l,축하드립니다 🎉🎉🎉,False,
@이은경-v9n,아들도 사랑스럽고 좋아여 그치만 딸이라니 그것또한 축복이죠 축하드려요 🎉,False,
@홍연표-s9h,한수잏도록  부탁좀드려요,False,
@wangh7907,딸이 훨씬 좋아요^^,False,
@홍연표-s9h,괄사  맛사지  그것좀  구하고  싶은대  어떻게  살수있을까요,False,
@리원할미,축하드립니다~딸이먼어떻고아들이면요 건강하게순산해서 또낳아요^^능력있는분들은애국하세요^^많이낳아요,False,
@onm2729,축하드립니다 ❤,False,
@성남-u5z,축하합니다<br>첫딸 너무 이뻐요.<br>하나님이 주신 선물<br>기도하시며<br>잘 키우세요❤,False,
@gloria9839,수민씨 예쁜아기 축하드려요❤🎉🎉🎉<br>종아리 맛사지 기계가 왼쪽 오른쪽이 한쌍 가격인가요?<br>괄사맛사지볼도 왼쪽오른쪽 주는건가요?<br>주문은 했는데  왼쪽 오른쪽으로주는건지 잘모르겠네요,False,
@행운-s6f,공주님 축하드려요 <br>얼마나  예쁠까<br>항상 행복하세요,False,
@오효산-b1o,4명낳아요 ❤❤,False,
@LongPei,축하드려요🎉❤,False,
@연수김-d4q,축하축하합니다~<br>예쁜 아기 팔복이 축복합니다🎉,False,
@정송이-f4j,느낌상 딸일줄알았어ㅋㅋ,False,
@김경애-d5c6e,축하해요~~<br>에어딕 어떻게 구매하나요?,False,
@미란오-i4g,우리딸도 시집가면 저렇게 사랑받는 시부모만나도록 미리 기도하게되네요~<br>순산하시길 기도할께요,False,
@이은희-j5u8l,수민씨 닮은 딸을 보게 될것 같습니다,False,
@이은희-j5u8l,수민씨 팔복이가 딸이라고요<br>진심으로 축하해요~~,False,
@손다감-w3l,수민씨 원혁씨  !  애기 많이 나세요  더 이쁘고 기쁠것같아요  수민씨 아빠가 더 기뻐할것같아요  하나님이 지켜주실거예요  지금도 너무 이쁩니다  ~,False,
@이현미-n7e,정말 축하드려요~^^ 예쁜딸❤팔복순이<br>복덩이딸 건강하게 엄마뱃속에서 <br>잘자라길 기도해~^^,False,
@jeongmi73,"하나님, 주님.. 우리 복순이 원혁님 기럭지 닮아 길쭉길쭉 여리여리 뽀얗게.. 다만 눈만은! 우리 수민님 눈으로 내리어주시옵소서어~~🙏",False,
@SUN-x1m6s,2  딸을  둔  엄마로써  딸이  최고입니다❤축하 합니다🎉🎉🎉🎉🎉,False,
@여이인순-b6v,축하드립니다 ~❤❤❤,False,
@양인숙-o2g,팔<br>년만에  태여나서  복<br>덩이를  임신하시구<br>이<br>렇게  좋은일이 게다가  수민같은  공주  축하해요  전국이다  축하할겁니다,False,
@sejong-z9p,사고싶다<br>사고싶다<br>돈 모아야 겠다<br>꼭 구입 해야쥐,False,
@숙영백-e4h,팔복자 축하합니다.<br>🎉,False,
@강민정-w7d,축하드립니다 ♡<br>쭈욱 행복하세요!!,False,
@서옥순-h8j,팔복 공주님 당근 예쁘겠네요<br>발맛사지기 어디로연락해요?,False,
@김서연-x8e1s,너무 축하드립니다 ❤🎉❤,False,
@에스터황,다음에는 <br>남매 쌍둥이 낳으세요~~~~🎉🎉🎉🎉🎉🎉🎉🎉🎉🎉🎉<br><br>미리미리 축하축하 드릴게요~<br>남매 쌍둥이로~~~~~❤❤❤❤❤❤❤❤❤🎉🎉🎉🎉🎉🎉🎉🎉🎉,False,
@민진이-q2x,첫ㅉㅐ는 딸이 좋아요🎉,False,
@치킨조아-u5r,정말 행복해 보이는 가족이네요.,False,
@estherpark5918,수민님 엄마는 아들을 원하신듯 ...,False,
@김선화-v1o,용식아저씨네 집은 애가  닳ㅇㄷㄹ것 같아서  걱정되요 아무튼 축하드려요.,False,
@쮸니-f6g,수민씨가 너무 힘들게 태어났는데 기특하게도 아기가 쉽게 찿아왔네요  많이낳아서 행복하세요🎉🎉🎉🎉🎉🎉🎉🎉,False,
@리슨-k6o,참  행복한 가정이네요,False,
@최순자-e2p,전번좀  주세요,False,
@정순자-y6o,원혁씨 아이예뿐게 건강하게키우세요 ❤❤❤,False,
@천선미-s7t,하나님께서주신<br>복된자녀~~❤,False,
@peterlee9681,축하해요🎉🎉🎉🎉🎉<br>마사지기도 필요했는데..<br>기대되네요~^^,False,
@_sunflower27,보기가 참 좋네요😊,False,
@난행복한사람-m7u,팔복이 축복하고 축하해요🎉🎉🎉🎉🎉❤❤❤❤❤,False,
@최병훈-j7b,아내를 길 안으로,False,
@복행-v7u,축하해요^^♡♡♡,False,
@복행-v7u,ㅋㅋ팔복순,False,
@89ojh,할렐루야,False,
@최경민-w6e,축하드려요. 예뿐딸이거예요.,False,
@chanelh9231,축하합니다<br>딸낳고아들나면<br>1등이래요,False,
@옥매황,수민씨 순산하세요 그리고 수민씨 축하드려요 🎉,False,
@mimihong6567,축하드려요🎉🎉,False,
@라라라-s9c,저도 딸아이 엄마지만 진짜 딸이 최고에요.<br>축하해요.🎉,False,
@서안순-d1f,넘넘 축하해요~^^♡♡♡<br>얼마나 이쁠까~~,False,
@몬레-d2x,딸이 백번 좋아요,False,
@백장미-t2p,공주 태어나면 정말정말 피곤하겠어요~~모두 서로 보겠다고 전쟁나겠네요~~공주 피곤하지 않게 번호뽑고 대기해주세요~공주 건강하게 무럭무럭 잘 자라거라~^^,False,
@냥냥어멍,무슨말이 필요할까요~~~~~~~❤<br>넘넘  축하드립니다❤ <br>사랑으로 은혜가득~출산하는 날까지 산모님.팔복이 건강과  만남을 기도합니다❤❤❤,False,
@성미-q7q,축하합니다  건강하게 내년5월 예쁜딸  순산하세요^^~~❤❤❤,False,
@서미경-q2p,딸은첫딸이좋아요~~추카추카~🎉,False,
@체리-d3t,축하드립니다🎉🎉🎉,False,
@순례안-j4y,벌써 이렇게 형태가 잡혔네요~,False,
@순례안-j4y,"눈은 엄마 닮아야 할텐데~<br>키랑 몸매는 아빠,",False,
@헵시바-x4h,추카추카드려요 .<br>보는 내내 제 미소가 끊어지지 않았네요<br>앞으로도 주님주신 축복 마니마니 누리세요...행복한 가정입니다,False,
@문경임-c4r,너무너무<br>축하합니다,False,
@청아-x2k,딸  최공,False,
@초이스-b4c,축하드려요 ~~,False,
@박순이-p7q,축하합니다 예쁜수민씨 순산하셔서 예쁜아기도 빨리 보고싶어요 ~❤❤❤❤,False,
@러블리스카라,딸이 아들보단 더 행복을 준답니다.<br>축하드려요.<br>원혁씨 수민씨 늘 행복하세요~~♡,False,
@퀸-m6m,오모 축하드려요 ❤❤❤,False,
@조정이-b2f,별스럽다<br>좀조용히기다리라,False,
@강화신-l2r,넘 축하합니다🎉,False,
@찐트롯사랑,저출산시대에 원혁씨수민씨 딸아들 예쁜아기  많이나아서 행복하게알콩달콩 백년해로하세요 팔복이가 딸이였군요~예쁜아기팔복이 순산하기를 기도할께요,False,
@김향혜-z6m,어디서 사나요 저사고싶어,False,
@심현진.홍사파,따님이시구낭 축하드립니다🎉🎉🎉🎉🎉,False,
@최문희-k5r,아들 둘인 집안에 손녀딸은 축복이지요.<br>양가집안에 기쁨이 될 손녀딸 기대 되네요,False,
@tv1394,축카해요<br>이걸 상용하면 다리 말고 어깨도 해도되나요?<br>여기 배기 사용하면 목디스크있고 승모근이 아퍼서 손이 안올라가는대 사용하면 잠이 잘오나요,False,
@sun0427TV,첫째딸은 복입니당 ㅎㅎ정말 하늘에서 주신 큰사랑 첫딸이 최고입니당,False,
@박수연-v3e,애국자 혁이수민꼭꼭  마니마니낳아요,False,
@길자정-s3f,축하 드려요  딸이넘 좋아요 얼마나  예쁠까 축하 축하 드려요😂🎉😢😮😅😊,False,
@박수연-v3e,딸둘아들둘 쭉쭉 가는거야 ~~,False,
@거울공주-o4u,축하 축하 함니다~~~<br>예쁜 따님이네요 🎉🎉🎉🎉🎉,False,
@사랑해-x3u,팔복순이 아가야 건강하게 만나자,False,
@이숙희-f7m,어디서 구매하나요?,False,
@임엘리사벳-u3s,축하 축하드립니다 🎉🎉🎉,False,
@김수남-j8s,수민씨^^<br>축하 해요~<br>우리 며느리랑 예정일이 비슷해요^^<br>팔복이랑 하루이틀 차이 나요<br>저희 며느리도 손녀입니다<br>첫째 아들 둘째 딸이라<br>200점 며느리 예요,False,
@sung10081139,목사님 너무 귀여우셔요ㅎㅎ<br>이쁜딸 이쁜 손녀보신거 축하드립니다^^^,False,
@정두남-b8c,얼마나<br>예쁠까  ~~,False,
@순복남-u6g,딸 딸 넘 추카 추카 합니다,False,
@순득김-l5d,다리 마사지 갈사 어떻게 살수있을까요,False,
@이경남-z1j,우리용식님 너무행복해하는 <br>모습보니 제가 다 흐뭇합니다 😂😊❤❤❤❤,False,
@나무의자-t4w,에어딕 구입했습니다,False,
@송정옥-i1j,발 맛사지기 어떻게 구매해야 되나요,False,
@정수-y1f,딸 축하합니다❤믿음에 집안이라 순리대로 귀한 선물 받으셨네요 엄마아빠의 예쁜곳만 닮아 나오게해주세요 ❤❤🎉,False,
@9월이,축하해요,False,
@리야즈,축하해요 팔복이 엄마,False,
@뷰티플리더,축하드립니다 <br>건강한 산모와<br>태중의 아이로 태어나기를 모두가 축복합니다.,False,
@김은주-c5l1i,두분 너무 축하드려요!! 아기 가지신것도 추카드리고 딸 가지신것도 추카드려요!!,False,
@박경숙-o2j7z,너무나 행복하시겠어요~~^^<br>너무 축하드립니다 ~~^^<br>하나님께서  복의 복을 주셨네요~~^^<br>보는 내내 웃음 꽃이 피었답니다~~^^<br>되도록 산책은  차가 없는 ~  나무가 있는 쪽으로~~  깨끗한 공기 마시고 음식또한 튀김종류ㆍ인스던트ㆍ밀가루종류ㆍ음료수는 되도록 피하셔요~~^^  저는 첫째때 정말 가려서 먹었는데  둘째때는 좀 편하게 막 먹었더니 ㅠ 아토피가 있지 뭐예요~ㅠ  정말 아이한테 미안하더라구요~~<br>어째든 엄마가 건강한 음식과 숲의 공기가 최고랍니다~~^^,False,
@김지숙-c9t,수민씨 원혁씨 이쁜딸~ 축하드려요~~🎉🎉,False,
@성인숙-j4s,팔복이 외할아버지께서는 아들도 기다렸을 듯 한데요 ㅎ,False,
@js-hq5ee,요즘 주변 딸이 어찌나 흔한지.  주변에 전부 다 딸딸만 낳음..<br>아들이 귀함,False,
@이정희-v5g1x,축하합니다🎉🎉🎉<br>행복한가정에서 태어날아기 순산하세요❤,False,
@eunspoon,축하합니다~🎉,False,
@손복희-i2c,딸 추카추카 합니다,False,
@박복순-o9c,두분닮아서  얼마나 이쁠까?  축하해요,False,
@여우꼬리-z6s,딸일것같았어요<br>200점이네요,False,
@인내-f6h,축하해요~~~,False,
@jgf-tm2xg,첫째는 딸이 좋아요🎉,False,
@hj5829,수민씨 너무 무리해서 많이 걷지 마세요 막달까지 조심 또 조심하셔유,False,
@송성숙-m4s,아멘,False,
@ilovekoreamariella6345,딸은 키우는 재미가 쏠쏠합니다.,False,
@유주연-z4y,저보다 출산예정일 22일빠르시네용 ! 전 이번주 1차기형아검사하러갑니다 딸 축하드려용!,False,
@jintv5714,주님이 하시는일은 실패가없으세요 ❤,False,
@Mansour-xc4qx,첫딸은 아빠 닮는다는데 부디 수민님 닮기를..😂🎉🎉 축하드려용,False,
@민정-u8m,축하해요~,False,
@루이-n7l,정말 진심으로 축하합니다<br>건강한 아기 잘 낳아서 예쁘게 키우세요❤❤❤❤❤<br>보는 저까지 행복하네요<br>다 가지셨어요😊,False,
@임계숙-d6n,팔복이는 축복이입니다~~<br>😊❤😊,False,
@_y_ou,성별너무궁금했는데 딸이군요😊❤ 앞으로 뽀식이 할아버지의 손녀사랑이 넘넘 기대되요!!❤,False,
@종숙이-z1b,따님 축하축하해요...,False,
@davidkim2693,"딸 아들 :금메달<br>아들 딸: 은메달<br>딸 딸: 동메달<br>아들 아들: 목메달<br>이라는데 아들도 아들나름, 딸도 딸 나름입니다",False,
@ysjo703,딸이 좋아요 엄마처럼 효녀는 틀림없어요  축하합니다 ❤❤❤❤❤,False,
@김현정-o6k,이쁜딸 축하드립니다 전 딸셋맘 입니다 넘행복하고 좋아요❤❤😊😊,False,
@깍두기-c8r,축하합니다 건강 잘지켜서. 자연분만. 하세요 팔복이가아니라 팔복순이 라고불어 주세요❤ ❤😂😂😂🎉,False,
@김귀애-h8u,귀안 자식은 너무이래  시그렵게 하는것도    좋은것  안입니다,False,
@공주셋맘,저도 공주셋맘이예요<br>매일 행복해요<br>축하드립니다~~!!,False,
@금잔디-o8u,축하합니다.❤,False,
@sunyounglee6673,너무 축하드립니다 ❤,False,
@김희정-v9e,축하합니다,False,
@ezone447,아고 복덩이가 찾아와서 넘 행복하겠어요  축하해요~~~<br>그리고 가족 네분도 사이가 넘 좋고 어찌보면 4분다 연예인같아서 행사도 같이 다니고  넘  좋겠어요  ~~ <br>서로가 복덩이인거같아요,False,
@초롱권-v8f,아멘,False,
@가온98,얼마나 행복할까 아가가<br> 태어나보니 저렇게 행복한집에 <br>할머니 할아버지도 만나고,False,
@지스팟사쿠니,축하합니다,False,
@곽민선-z1g,축하합니다 딸이 정말좋아요 🎉,False,
@아메리카노-v3j,딸이최고,False,
@감수성-e1f,진짜 성별이 궁금했는데  딸이군용 <br>축하 합니다  <br>난 아들인줄 알았답니다   <br>🎉🎉🎉,False,
@가을하늘-o2j,와~~~~복되어라. 딸 키우는 재미 환상의세계 🎉🎉🎉,False,
@나미자-e3l,수민씨 순산하세요 그리고 축하 드립니다,False,
@해바라기-j4c,딸이든아들이든하나님이최고의선물를주셨네야축하려요~🎉🎉🎉👍👍👍🙏🙏🙏,False,
@YOUNGAEKIM-jw9qd,이 집은 늘 행복하네.<br>모범적이다~~~,False,
@정은희-p6p,추카추카 요,False,
@xiannyuli7825,수민님 원혁님 예쁜딸 축하합니다,False,
@서보람-t4m,이들집안에 계속된 행복을 기도합니다.,False,
@근자양-i5b,공주님을 축하합니다,False,
@shkim9060,목사님 귀여웤ㅋㅋㅋㅋ  딸 너무축하해요  첫딸 진짜좋아요,False,
@구복순-m7l,팔복예쁜공주축하합니다~^^,False,
@나미자-e3l,팔복이가  공주님이여서 <br>진심으로 축하 드립니다,False,
@서빛나-y4q,축하드립니다 <br>에어딕도 구매했습니다,False,
@윤점남-x9k,수민씨 마사지 기 어떻하면 살수있을까요 꼭사고 싶어요,False,
@Love-u9g,팔복아 엄마 뱃속에서 건강하게 있다가 세상밖으로 나오기를 ㅎㅎ 팔복이는 딸이군요 ㅎㅎ 딸맘 축하드립니다 ㅎㅎ 딸바보 확정 이네요 ㅎㅎ,False,
@이재숙-b7w,딸이면 수민씨 닮고 아빠도  피부 뽀얗게 생겨 넘 예쁠것 같네요  축하해요,False,
@윤점남-x9k,이쁜 수민씨 원혁씨 축하해요 넘 축하해요,False,
@환희이-u9k,브렌드가 어디거에요?,False,
@YOUANDI-o3w,딸이 재산이 된다는 소리 어른들이 많이들 말씀하더라구요..사돈끼리 서로<br>가족처럼 잘 지내시는것도 보기좋고 보<br>는 저두 행복해지네요.건강한 딸을 낳기를 바랄께요🙏🏻😊,False,
@장명자-q5c,사고싶은데  어디에서 구매를 합니까?,False,
@호우-z5q,딸바보원혁님❤수민님<br>진심으로 축카합니다🎉🎉<br>두분 오래오래 행복하시고 늘~건강하세요❤❤❤,False,
@금람우-v7j,진짜 자식이든 손주든<br><br>딸이. 최고좋아요<br><br>아들은 지마누라얻으면<br>부모는  그만이예요<br><br>딸은. 결혼을해도 부모를. 생각합니다,False,
@정혜경-n9b,축하합니다,False,
@민정-v6j9u,축하축하드립니다 용식님 얼마나 좋으실까요  원혁님 수민님 진심으로 축하드립니다 ❤,False,
@Kgs-p3e,축하합니다❤,False,
@들꽃향기-u6d,수민 원혁 공주님 축하드려요~**<br>앞으로 기대됩니다<br>이렇게 행복한 두가정 부럽습니다<br>그리고 종아리 맛사기 제품 어디서 구입하는지 궁금합니다,False,
@연용희-g9h,우리 손녀딸도 환장하게 예쁩니다,False,
@윤경식-c2s,오타(팔복),False,
@윤경식-c2s,할렐루야 ~축하합니다<br>모든것다주님에은혜<br>ㅂ살복아건강하게잘있다엄마아빠만나러외❤,False,
@jwnh1017-love,압박스타킹 임산부도. 신는거 사서 신어봐요~암튼 딸 축하해요❤,False,
@깜지-m1g,축하드립니다🎉🎉🎉🎉🎉,False,
@봄-v8s,축하해요❤<br>딸이 너무좋아요 저도 딸둘 아들하나 키워봤는데<br>아들은 장가가면 사돈의아들 ㅎㅎ,False,
@마이마이애미,성별 정말궁금했어요❤<br>용식이할비가 좋아할별도 궁금해요❤<br>기다렸어요❤<br>너무궁금해서요❤,False,
@용산바보,요즘시대 딸이 최고예요,False,
@이정자-r2p,마니마니 축하합니다~,False,
@sihyeon9095,축하해요. 딸 좋아요.🎉,False,
@크림라떼-k7g,목사님 너무 귀여우시네 분홍종이 눈 처럼 날리시는데 너무 귀여우시네여 따님 이라니 너무너무 축하드려여 순산하시길 바랄께여😊❤🎉,False,
@염한나-j1h,딸이 최고죠~물론 아들도 좋지만~🎉🎉🎉축하합니다🎉🎉🎉🎉,False,
@이봉순-o4h,대한민국 애국자 ~~ 축하합니다😂😂😂첫딸은 살림믿천입니다   건강하고 예쁘게기르세욤😅😅😅,False,
@충주주연애,축하드려요 😂발마사기 사고십네요 어디서 사나요,False,
@김을순-l8m,딸이좋아요축하해요,False,
@김순애-u9x8v,어머 <br>딸이예요<br>추카드려요,False,
@pinkface7979,와...손녀 살살녹는 재롱 볼날만기다립니다~~^^♡♡♡😊😊,False,
@으악-q8w,첫째딸은 최고의 주님선물입니다😊🎉,False,
@야카모즈-m5l,축하드려요~^^<br>저도 아들이 나올줄알았는데...<br>더이쁜 공주님이<br>나오겠네요<br>무조건 건강하고 행복하고 주님의사랑으로 가득찬 천사같은 아이가 태어날겁니다❤❤❤❤❤<br>축하해요🎉🎉🎉🎉🎉,False,
@이연옥-f9s,공주님 축하 축하합니다🎉<br>정말 행복한 가족  최고입니다,False,
@박영미-q1t,축하해요^^출산까지 몸조심하세요,False,
@whdlawkj6095,딸이 최고랍니다<br>엄마한텐 딸이 있어야합니다~^^^축하해요,False,
@이봉자-h7q,축복하고 축하드립니다 이봉자<br>집사입니다 <br>맛사지 사고<br>싶어요 주문할수<br>있을까요,False,
@현정귄-u1l,저두딸키우는데  이뻐요. 이용식아저씨넘 좋아하시겠어요  눈에  선해요 🎉🎉🎉🎉,False,
@루비-r9w,딸이라고 저번에 썼지요? ㅎㅎㅎ 저도 아들 낳고 딸 낳았어요...남편이 딸을 얼마나 바랐는지...지금도 딸바보예요.주님 감사합니다.팔복이 가족에게 평안을 주옵소서....🎉🎉🎉,False,
@오히려좋아-p9m,수민씨 닮은 이쁜딸 기대되네요^^뽀식이 아저씨 할아버지된거 다시 한번 축하드려요❤,False,
@빨강노랑-m8n,딸이이뽀요 ^^  보물이에요  수민님 원혁님  화이팅❤,False,
@김정순-q8g9b,축하 축하 드립니다 ~~,False,
@장선임-c7u,딸도 있어야 하고 아들도 있어야 합니다  하나님 믿으면서 열심히 4명 낳아서 훌륭하게 키우세요 ^^,False,
@김현옥-g5z,저번 팔복이 성별맞춰 보라 했을때 저는 딸이라했는데 맞췄네요 우리며느너도 지금둘째 가졌는데 출산일이 5월인데 둘째는 왠지 예감이 딸일것 같다고 했는데 딸이였으면히는 바람입ㄴ다,False,
@MZ수-i7p,딸이 최고랍니다,False,
@close90_,딸바보예약~~ㅎㅎ부직포에 붙이고다닌다며 귀여우신 팔복순이 아부지~~ㅎㅎㅎ건강하게 엄마품에서 쑥쑥자라렴❤❤❤,False,
@지혜로운땡글,에어딕마사지기는.곧 남편.생일인데 선물 해줘야겠어요.. .<br>늘 피곤해하는.다리를 풀어주고싶어요❤,False,
@서아양-s3p,팔복이 수민씨닮아서<br>너무 예쁠것같아요<br>수민씨는 말도조근조근<br>예쁘게하시고<br>구김살하나없이<br>밝아서 그야말로<br>여자그자체(말이좀웃끼지만~)<br>건강하게~순산하시길바라며<br>계속 팔복이커가는 영상 올려주세용~^~^~,False,
@정별짱-z6e,어머나  예쁜딸이군요 축하드립니다,False,
@지혜로운땡글,울집 큰딸도 5월생❤ 팔복이가 딸이라니 축하드려요🎉<br>우리 원혁가수님 뱃속의 딸에게<br>노래불러주는 모습 보니<br>돌아가신.친정아빠가 생각나요 . .<br>원혁님처럼.딸들 사랑이 가득하셨던 아빠가 눈물나게 그립네요😭<br>축하해요 ❤감동적이에요,False,
@김분선-z7t,축하합니다   딸인가  싶어습니다   축하합니다,False,
@정준숙-b5f,딸 얼마나<br>이쁜딸일까<br>🎉🎉🎉🎉🎉<br>딸둘 낳고<br>아들 세명낳고ᆢ<br>세상사랑 다 누리세요<br>❤❤❤❤❤,False,
@자유-l9z,"손녀딸 3 😅막내 손녀 나았을때는 섭섭했지만 지금은 다 너무 귀하고 이쁜 손녀딸들 입니다 원혁,수민씨 ㅊㅋㅊㅋ드려요🎉🎉🎉~~팔복순이 순풍 순풍 잘크고 건강하게 태어나기를 기도할께요",False,
@pkjang83,👏👏👏👏👏 😁😁😁😄😄,False,
@MsJung-d2z,예쁘고 사랑스런 공주님 👸 <br>축하드려요 🎉,False,
@오선옥-q8r,축하드립니다 🎉🎉🎉🎉🎉🎉❤❤❤❤❤❤,False,
@rainakims_life,정말 축복이에요❤ 제가 다 설레고 떨리면서 봤네요~^^ 창조배도 너무 잘 받았습니다♡ 배가 엄청 크고 달아요! ❤,False,
@22bighaedcat,나 지금 미국인데 내년에 한국가면 꼭 우리딸 사다 줘야지.^^,False,
@smj821,어모나~축하축하해요^^,False,
@송현주-e7m9n,딸이최고,False,
@김또깡-c1n,축하해요🎉좋은일만 가득하네요^^♡,False,
@전명희-w1h,무슨 복으로 딸을 가졌어 딸이 최고 무사히 순산하시기를 바랍니다,False,
@김민정-o9w4r,축하 축하 드립니다,False,
@user-lb8vm3cb1c,다른건 다 아빠 닮고 눈은 엄마 닮기를 🎉🎉🎉,False,
@조은날-o5z,아멘 ㅋᆢ제발 눈만,True,@user-lb8vm3cb1c
@좋은나라-k8w,믿음이  좋은가정에 축복으로  찾아온 팔복아  건강하게   순풍순풍 산모 아가  모두 건강하게    하나님안에  믿음으로  서서  지혜롭고   총명하게  세계를  어우르는  귀한  자녀로  양가  할아버지  할머니 엄마아빠  입가에  웃음 떠나지않게하는  멋진  사람 으로   되길  우리주  예수님에  이름으로  기도합니다<br>축복합니다,False,
@dodostory27,저 첫째때랑 먹는게 똑같아서 딸인거 같았어요^^,False,
@매미언니-u1j,수민님닮은 예쁜 효녀가 태어나겠네요 ❤🎉축하드립니다 ~~건강하게 순산하시길 ~기도할께요❤,False,
@지댕-j4g,딸이 예뻐요❤,False,
@연꽃한송이,팔복이 아빠 다리맛사지기계 하나 사고싶어요<br>어떻게 해야죠~^^,False,
@수련-q9n,수민씨 축하해요<br>이용식 선생님 손녀 축하드립니다.,False,
@정민-s2y,"우리도 아들 둘 딸 하나인데,<br>남편이 딸 저장을 우리공주님❤이라고 저장해놨어요. ㅋㅋ",False,
@지니지니-k1u,공주님 <br>축하드립니다 🎉,False,
@박경남-u1d,축카합니다❤❤❤,False,
@이순덕-h1g,입덧이  딸이라고 저도 맞추었네요 짱,False,
@차도녀f4c,나마쳤다!어제 딸이라고 댓글남겼었는디. .원혁씨울보라서 딸같다고했는디. .❤,False,
@박제니-m8e,얼마나 예쁠까요 하나님 감사합니다 🎉❤,False,
@김명구-m3k,팔복이아빠엄마축하해요,False,
@영이오-g8i,축하드립니다 🎉,False,
@georgiapetropoulos8032,Congratulations it’s a girl so happy for all of you &amp; to a healthy baby 🍼🎀🥰 love from Australia 🇦🇺,False,
@기은주-e3m,다리맛사지  구매어케할수있을까요?,False,
@hskang3290,축하드려요 예쁜공주님이네요🎉🎉🎉,False,
@강선아-o2h,축하합니다. 그리고 발마사지어르신해도 될까요,False,
@조로라-f3d,축하드려요 예쁜딸 태어날듯 엄마 아빠가 예뻐서,False,
@이은주-u1f,딸맘... 축하드려요 두분 닮아서 너무 사랑스럽고 예쁠거 같아요,False,
@이성자-w7g,딸~^^🎉🎉🎉🎉🎉🎉🎉🎉🎉🎉,False,
@백임송,딸이 최고지요~^^<br>축하해요 <br>딸둘에 아들 하나  쭈~~욱 갑시다,False,
@민들레-j4w,두강정이 참잘 만난것같네요<br>이용식씨의 기를 누가 감당되겠나했는데 목사님 가정과 만나 행복이 백배 되신것 정말 주님의 은혜 라 보여집니다 <br>건강하시고 행복하세요,False,
@S_the1wow,얼마나 예쁠까 팔복순이❤예쁜아가 뱃속에서 무럭무럭 잘자라고 건강하기만을 기도할께요❤,False,
@김유주-f2j,그러게요 ㅋㅋㅋㅋ 아이가 잇다는건 정말 세상에서 가장 행복한 일인 것 같아요 ㅎㅎㅎ 축하드립니다ㅎㅎ(오늘윤하신곡3곡나왔어요,True,@S_the1wow
@ElijahBrenda,그놈의 ㄱ글 에서 벳프리 댓글 ㅈ 나많네 그렇게죠 좋은가보지 보러갈까??,True,@S_the1wow
@하난희,딸손녀 축하드려요   할아버지 건강하세요,False,
@송정하-i4z,축하합니다 ❤❤❤,False,
@정노라,친정에서살면 할머니가 다봐주겟네 편하겟어,False,
@소희-p8d,"이분들은 딸, 아들 많이 낳으면 좋겠어요. 늘 응원할게요",False,
@Sky-n3b6n,딸🎉🎉🎉너무 축하드려요..,False,
@김영미-b4b6m,축하드려요~~,False,
@행복-n7z,아들많은집에 아주 귀한 경사입니다 <br>완벽한 수민씨❤,False,
@행복-n7z,수민씨 닮아서 이쁘듯요 부모님께서 수민씨 키울때 생각나겠어요,False,
@정종신-i3x,축하드립니다.딸바보 아빠🎉🎉🎉,False,
@2호선-m6e,축하드러요~^^  😊,False,
@종숙염-z9w,축하.합니다<br>건강하세요,False,
@방가방가햄토리-r8y,넘넘 축하드려요~~~😂,False,
@이영후-w3j,축하드림니다  종아리 물리 치료 하는거 있으면 좋겠네요. 밤에 잘때 쥐나는것도 치료가 가능 한가요,False,
@조수경-z2l,축하축하  합니다  믿음에가정 사랑이 넘치는  가정 팔복 이 순산하셔서 예쁘게  잘 키우세요 축복합니다,False,
@뵈뵈감사,대박~~~축하합니다🎉<br>전 아들셋에 딸을 귀하게 넷째로 얻었습니다❤,False,
@별에서온줌마,츄카츄카 잼나게 보고있어요 ㅎㅎ,False,
@호은정-j5y,원혁님 수민씨와 걸을때  수민씨를도로안쪽에서걷게 해주세요.임산부를 안잔하게 안쪽으로..,False,
@haileykim1321,목사님 사모님 급발진 <br>왤케귀여우셔요 <br>ㅋㅋㅋㅋㅋ<br>수민님 딸 당첨 축하드립니다 뱃속에서 건강하게 키우세요🎉❤,False,
@이미경-f9l7x,🎉🎉🎉축하합니다,False,
@륜섈,추카드려용🎉🎉🎉,False,
@경섭이-z1m,요즘 정말 딸둔 부모들<br>최고 입니다<br>부럽네유 딸이 최고❤,False,
@담비-y2z,귀염둥이 소녀가 엄마가<br>될 날이 가까웠네요.<br>애기때부터 TV로만 봤는데 정말 기특하네요,False,
@estherchoi487,많이 나아서 육해공군 다 보냅시다.,False,
@모나리자-q6p,축하드려요 🎉🎉❤❤❤❤❤❤❤,False,
@빛아-k5y,축하합니다~^^<br>부모님께 효도 하고<br>애국 했네요,False,
@김연숙-y9h,죽하합니다 딸이 좋아요,False,
@정미영-u7s,예쁜딸 축하합니다<br>원혁님 다갖네요<br>맘껏행복하세요~~^^,False,
@peaceful79-m8n,딸하나 아들둘,True,@정미영-u7s
@사과나무-d5t,진심으로 축하합니다.  원혁가수님 몸매를 닮아서 미스코리아  출전해서 진 으로 당선 되세요!!!,False,
@조수아-z9d,팔복이 딸이였군요<br>건강하게 잘자라길 기도합니다🙇‍♀️❤️<br>저도 90일된 손녀가 있어요<br>얼마나 이쁜지🥰🥰,False,
@민서김-y1l,공주님^^ 축하해요<br>시아버님 좋아하시는 모습이 압권이네요~💘💙,False,
@금옥석,모든것에 감사 또 감사요   쭉 축복합니다  어서 순산하시고 오라버님 입이 찢어지셔서 계신모습 <br> 대충갑장님 잠 못자서 늘 뿌씨시한 모습 보고픔 ㅎㅎ<br>이담에 따님 시집보낼때 원혁씨가 어찌하는지 벌써 보고싶음 ㅋㅋ  <br> 몸에다 붙이고 다닌다는데 벌써부터 오라버님의 두배는 고롭힐 결혼할 그 남정네가 불쌍해짐 ㅍㅎㅎㅎㅎ,False,
@강양원-o5f,딸이좋아요 첯딸은 살림밑천,False,
@나이쓰쫑,딸이 최고랍니다❤❤❤❤❤ 축하드려요,False,
@ElijahBrenda,여기댓글 왜이럼 ㄷㄷ ㄱ글 에서 벳프리 도대체 머길래--?,True,@나이쓰쫑
@박복임-u4s,하나님 께서 허락하신대로 쭉 ㅡ 생육 하고 번성의 축복이 있으시길 기원 합니다,False,
@튼튼이-l5r,임산부용인가요? 전자파때문에 <br>걱정되서요.,False,
@p세련,❤❤❤❤❤❤❤❤❤❤❤❤❤,False,
@박복임-u4s,하나님 감사 합니다<br>귀한 가정에 귀한생명 주시고  <br>순산의 기쁨을 주실 줄 믿습니다,False,
@Narcissus-k1r,에고 에고 넘넘  제가 더 기쁩니다❤❤❤<br>수민님 원혁님 추카 추카 합니다😅,False,
@glorymovementdancestudio53,할렐루야~ 두분 가정 부모님들 가정 가족 모두 축복합니다.... 하나님 사랑과 은혜~^^,False,
@장정옥-j5j,너무 너무. 추카추카 해요❤❤❤,False,
@오나-n5d,예쁜 딸 너무 축하드려요~^^<br>저는 아들셋맘인데 ...너무 부럽습니다,False,
@둥이들일상-g6w,저는 발이고 다리고 너무 많이 부어서  맞는 신발없어서  슬리퍼 신고다녔어요  손도 붓고 나중에는  손톱 발톱 하얀색으로변해서 의사가 메뉴큐 발랏냐고 물어보드라구요 엄마의 모든영양이 아이한데로 다가니까요 식사잘하시고,False,
@정려영,팔순이아빠  축하해요  요즘 너무 멋있어요 잘생겼어요,False,
@손영림-g9e,🎉🎉🎉축복합니다,False,
@karnelol3804,딸낳고. 또 아들. 낳고 하면 될것같아용 ㅎ,False,
@김금순-m7g,예쁜공주님! 축하합니다 ㅡ🎉🎉🎉🎉🎉🎉🎉,False,
@둥이들일상-g6w,축하드려요 딸 축하드려요🎉,False,
@guiyeonoh6610,축하해요 <br>마사지기계 사고 싶은데 해외 배송은 ???,False,
@옥영최,기계 이름이 머예요,False,
@monicalee2145,딸이 훨씬좋죠,False,
@명-b8q,대박축하드려요<br>팔복순아 5월에 이쁜모습으로<br>만나자 ❤❤❤,False,
@봉봉-g1q2b,첫째는 딸이 최고예요🎉🎉🎉 순산하세요❤,False,
@김화영-c2g,공주 ~손녀 축하합니다,False,
@이홍우-x6p,❤딸이 좋아요~~👍👍👍,False,
@유니-f3i,딸 🎉🎉❤❤축하합니다^^,False,
@전화숙-o4j,식사후 30분후에 걸어세요  축하해요!,False,
@rainyseason5713,저는 딸인줄알았지요❤느낌이왓어요❤축하합니다,False,
@김선영-v1m,초음파 보니까 주수에 맞게 건강하게 잘 커는 것 같네요 출산 할때까지 가바운 산책 매일 하시고 다리 부기 없이 마사지 팔복이아빠가 매일 해 주세요 원혁님 딸 낳으면 딸 너무 예<br>뻐해서 딸바보가 되겠는데요 딸은 애교쟁이<br>에요 딸은 꾸미는 재미도 있어요 손녀가 커서<br>말하고 하면 할아버지 운동하라고 잔소리 할 것 같는데요 손녀와 함께 운동하는 그날까지 팔복이할아버지 운동 열심히 합시다 예쁜딸 낳아서 예쁜게 키우세요 목사님 손녀딸이라<br>고 하니 너무 좋아하고 기뻐하고 행복해 하는<br>데요 손녀딸 태어나면 손녀 바보가 되겠는데<br>요 목사님도 손녀딸을 위해서 운동 더 열심히<br>하셔야 합니다 원혁님 수민님 예쁜 공주님의<br>엄마아빠가 되신 걸 축하합니다😀😃😄😁🙂🙃😊🥰😍🤩💌💘💝💖💗💞💕🧡🩷❤️❤️‍🩹❤️‍🔥❣️💟💛💙🩵💜🤎😋🤗🤭,False,
@belleyoung77,행복한가정 부럽습니다 ❤❤,False,
@키티-t1x,와우❤❤❤❤❤❤<br>넘 예쁘겠어요 !!!<br>추카 추카 빰빠빰 🎉 <br>대충여사님❤ 넘 조아용 ㅎㅎ<br>이용식할부지 손녀 넘 이뽀해서 우쩌실까요 ㅎ<br>목사님.사모님 ❤<br>넘 추카해요❤❤❤,False,
@user-kwuon77,축하축하❤❤❤,False,
@이남복-r7e,와와와와 축하합니다<br>원혁씨는 신기하게 안우네요,False,
@해맑은미소-d3b,키워보면 딸이 진짜 쵝오~~ <br>진심 축하🎉🎉🎉,False,
@무지개-b5x,와 딸 축복입니다.🙏🙏🙏,False,
@베리네-o3r,👨‍👩‍👧👨👩👨👩,False,
@高橋美幸-c9s,축카드립니다. 예쁘게예쁘게화이팅. 뽀식이오빠도.  건강하세요 💞💞 하나님의은혜가충만한가정되세요.  샬롬💕💕💕💕,False,
@주숙자-r7n,사고십네요발만샂전화번좀,False,
@이쁜게죈가요,축하드려요❤,False,
@이수연-k1y,행복충전하고 갑니다🎉🎉🎉🎉🎉🎉,False,
@베리네-o3r,네이버 나무위키에서 손자 라고 되어 있어서 아들 인 줄 알았는데 girl 여자 아기 인 걸 취하해요🎉🎉🎉🎉🎉🎉🎉,False,
@복수동이쁜이,눈물나요  축하축하  합니다  늘건강하세요~,False,
@hsb490,딸2둘 아들2둘 낳아 진짜 나라에 애국자  됩시다   행복하세요🎉,False,
@user-zu2mk1ji1p,건강하고 예쁘게 낳아서<br>키우세요~화이팅 하세요,False,
@이수정-n7o4s,목사님 정말 기뻐하시네요. <br>딸이 이뻐요. <br>첫딸은 든든해요.,False,
@한춘수-u8t,축하드려요  하나님의  축복입니다 팔복이 동생도 여럿낳아주세요,False,
@김영애-n1s,수민이자매  딸이군요  딸이좋아요  팔복이예쁘게잘키우세요~~^^,False,
@rhh9169,수빈씨 공주님여서 저까지 넘 기쁘네요.<br>내년 순산할때까지 몸조심하세요~~,False,
@김정연-e8z,진심으로 축하해요^^,False,
@신정김-o7o,어르신들이하신말씀<br>친정엄마따라간대요<br>하나님의축복이🎉🎉🎉팔복이엄마아빠에게<br>축복합니다,False,
@따뜻한겨울-o8d,복순아 건강한 모습으로 빨리 나타나줘<br>사랑해❤❤❤ ㅎㅎ,False,
@한미숙-p4n,축하드려요 🎉,False,
@와우-g2d,어제 투표에 제가 올린 글입니다 ㅎㅎ<br><br>수민님 똑 닮은 딸이면 어떨까 생각해 봤어요 그래서 딸 투표했어요<br>원혁님도 같은 생각이셨고 기도 많이 했잖아요 수민님네는 기도한대로 이루어지는 집이라서 딸!!!!!과연 두구두구<br>와~~~~진짜 기도한 대로 다 이루어지네요 축하합니다. 수민님 닮은 딸인지 태어난 후에 또 이루어졌나 보겠습니다,False,
@신정김-o7o,팔복이아빠축카합니다🎉🎉🎉,False,
@성루비-o1n,정말 선남선녀.  복마니마니 받은 부부. 아가도 너무도  행복한 삶이 될꺼예요. 하나님 품안에서,False,
@NS-z7l,저도 딸 맞췄습니다^^,False,
@sinainy,요즘 아들 필요없어요~ㅎㅎ^^  잘 키운 딸이 쵝오!!! 축하드려요!!🎉🎉✨✨💖,False,
@김인순-x8o,축하 드립니다 ❤❤❤🎉🎉🎉🎉,False,
@성루비-o1n,임산부가 이렇게 이뽀도 되는지?ㅋㅋ 건강한 아가와 예쁜 엄마께 박수보냅니다.🎉,False,
@loveokyong,너무 행복하네요❤❤❤,False,
@dokdo6903,좋겠어요ㅡ추카추카ㅡ😅❤🎉,False,
@Mine-yf9gb,원혁부모님이 얼마나. 기뻐하시는지 나도 기분이좋더라구요,False,
@coco-qk1ll,너무너무 축하드립니다<br>딸이 좋아요!!<br>귀여운딸!!<br>진심 축하드립니다<br>❣️❣️❣️❣️❣️❣️❣️<br>🎉🎉🎉🎉🎉🎉🎉,False,
@Mine-yf9gb,진짜 화목한 가족입니다,False,
@이영주-d3t,축하드립니다 ❤❤❤🎉🎉🎉🎉🎉🎉🎉🎉,False,
@경숙조-j4m,어머님 ㅡ밝으셔서 ~참좋네요ㆍ<br>밝은~~~복 복 복,False,
@이봉남-t9e,예쁜 엄마 닮아 예쁜 공주님  축하축하  합니다,False,
@이경아경아-b3p,축하해요 예뿐공주 ❤❤❤❤,False,
@김영란-g1y3e,추카드려용 🎉<br>안마기 구매하고 싶어요,False,
@강은혜-y4j,예쁘고 건강한 딸을 순산하시기를 기도합니다.,False,
@조-l6y,목사님 딸이라서 너무 행복해하시네요😊🎉❤😊,False,
@최지혜-c1g,딸 좋지요 진심입니다,False,
@알뽀-g4d,너무 축하드려요🎉 저도 기운팍팍 얻어갑니다 ㅎㅎ 저에게도 아가가 찾아오게,False,
@전광자-g6d,축하해요❤❤❤<br>딸이 더좋아요,False,
@홍희영-s5l,다리길이가 짱길으시네,False,
@김민희-t2r,이분들은 아들.딸 많이 많이 낳았으면 좋겠네요..,False,
@유혜선-m5g,둘째는 쌍둥이 가즈아,True,@김민희-t2r
@대각심-p7z,두분 축하드려요 팔복이장하네요 잘자라고건강하게 태어나서면좋겠네요🎉,False,
@순옥이-x9w,축하합니다 원혁님<br>울지말고 예쁘게<br>행복하게 사세요😅🎉🎉🎉🎉🎉,False,
@정형덕-r9n,와싸네 사고십은데 알려주세요.,False,
@이연희-t1r,축하합니다~,False,
@홍희영-s5l,임신중독조심하세요.<br>딸정말🎉🎉🎉드려요,False,
@신예록,딸인줄안았어요 목사님께서 아들2분이라 원혁씨는그반대로 딸이라 저에 확률적인예상했네요 우리아버지도 아들이많아서 그반대로 울오빠는 딸만낳았답니다  재미있네요ㅎㅎㅎ 아무튼축하해요,False,
@별셋맘-x8k,축하합니다~~~♡,False,
@순옥이-x9w,수님네 가족님<br>축하합니다 순산하시고<br>행복하게사세요 🎉🎉🎉🎉🎉,False,
@이숙희-o6c,순산을 기도드립니당,False,
@단비-v9d,믿음의 가정♡축복의 가정♡하나님께서 기뻐하시는 가정♡,False,
@vanilla.s.y,어느 상황에서든지 주님께 기도하고 감사드리는 모습 너무 보기 좋습니다❤<br><br>하나님이 복주시는 가족 되시길 기도합니다<br>축하드려요 🎉,False,
@기다림-l7z,두분 행복하세요,False,
@전미영-p5l,주님안에서 축하합니다~,False,
@나민-d7f,시댁에서는 딸 더 좋아하겠어요 ㅎ,False,
@비타민-g1q,수민님 축하합니다,False,
@human4656,얼마나 예쁠까요..😊  축하합니다..<br><br>몸조리 잘하세요..,False,
@사이다-n7t,수민씨~  너무 축하드려요🎉❤<br>임신 기간동안 젤 중요한건 체중조절이예요.  무조건 잘 먹으면 아기 건강하다는 생각에 체중조절 안하시면 만삭때 수민씨가 젤 힘들어져요. 자연분만 꼭하세요. 저도 병원에서 무조건 수술얘기 했지만 끝까지 자연분만 얘기하니깐   2박3일만에 순산했어요. 무통주사가 있어서 고통에 두려워 안하셔도 되요.  딸 너무 부러워요😂 축하드려요^^,False,
@커피번,원혁씨 부모님 인상 너무너무좋으세요😊,False,
@12초코,축하드립니다 <br>딸이라서부럽네요<br>저는아들만셋입니다<br>이ㅃ게커워세요🎉🎉🎉,False,
@Soso-97,딸~축하 드려요^^ 너무 예쁜 모습 성장하는 모습 기대가 되네요. 행복하게 건강하게 자라길.. 팔 복 순이 양가 가족들 화이팅~~~,False,
@이영순-q7o3u,❤❤❤❤❤역시 목사님 딸 상당히 좋아하시는 것을 보고 국민들께서 많이 보고 격려와 축하 배우겠어요.,False,
@조경선-j2v,딸  엄마 아빠 한텐 딸이 있어야 좋아요,False,
@Julie-ce4ss,다시 태어나면 용식님 딸로 태어나고 싶네요,False,
@sunaesingleton1332,안녕하세요  구독과좋아요 항상 눌릅니다  저역시 다리부종이 심한데 맞사지 구입하고 싶어요 염치 없지만 미국으로 부쳐 주실수 있겠습니까  ?  우편값 함께 부처 드릴께요 <br>죄송합니다  딸 축하합니다😊,False,
@정재분-l7x,너무행복해보여요~~,False,
@gift1000shop,대충여사님 어떻게 아셨데요??? 무슨 꿈?? 꾸신건데요? 궁금해요~~~~,False,
@임이랑-n9c,털많은 큰개,True,@gift1000shop
@개금-h2j,심한운동은몇달후에하시고몸조심하세요,False,
@이영순-q7o3u,❤❤❤❤목사님! 하나님께서 딸을 주셨어요. 축하합니다<br>.,False,
@그때가좋았지,외할아버지는  외손녀를 보면서 딸 어릴적을 기억한다고해요~~,False,
@정경숙-q8r,딸이 애교도 많고<br>더 좋아요.....<br>축하합니다~♡,False,
@syj3076,내가 다 기쁘네.  눈물 났잖아 이용식 만세🎉,False,
@정재분-l7x,축하드려요!,False,
@김영순-v2h,딸 축하드립니다,False,
@애진문-v2n,팔복순이축하해요 수민씨🎉🎉🎉,False,
@유얼마이썬샤인,"<a href=""https://www.youtube.com/watch?v=nYzmsJ43eGE&amp;t=1257"">20:57</a> ㅋㅋㅋㅋㅋㅋ귀요우심",False,
@이용애-b4r,축하드립니다 🎉 🎉 🎉,False,
@miyounglim9168,목사님 참 좋으신 분 😊,False,
@이영순-q7o3u,유튜브 ❤❤❤❤종아리 피곤할 때 양손으로 번갈아 가면서 1번 발목 밑에 부터~ 종아리까지 100번씩 하고 나면 피곤이 확 풀립니다.매일 합니다. 딸 축하합니다.,False,
@황금손-m4d,딸이라서 좋겠습니다  너무 행복한 가족 영원히 행복하세요,False,
@찰꿀맘,용띠가 딸이 많은거같아요❤<br>저도 딸래미 35주차입니다❤❤<br>같이 순산해요❤❤❤❤❤,False,
@찰꿀맘,축하드려요❤❤❤,True,@찰꿀맘
@윤영진-n5f,축하드려요🎉,False,
@J바라기,팔복순이 축하해요<br>건강하게 태어나길~♡♡,False,
@최선숙-s7g,뽀식할이버지 완전 녹겠네요<br>자식보다 손주가 더 예쁘답니다<br>축하드려요<br>아빠 닳아서 늘신하게 때여날듯<br>완전 미스코리아  탄생할거 같아요 ^^♡,False,
@주사랑-d7e,축하해요  울딸 수민이 팔복이도 딸  두 팔복이 건강하게 순산하고 주님께 영광돌리게 하소서,False,
@예쁜희-l6z,딸냄미 종아리 위해서<br>구입했어요 ^^,False,
@애진문-v2n,축하 축하드려요,False,
@sanglee7354,추카합니다 <br>주님기뻐하는<br>복된가정사랑받는<br>자녀잘순산하시길<br>사랑하고축복합니다 🎉🙏💕,False,
@은은맘-t2b,딸 너무 축하합니다<br>딸둘 있지만 사랑입니다❤,False,
@럭키-x4e,손녀딸 ~ ❤ ㅊㅋㅊㅋ 합니다,False,
@최선숙-s7g,딸래미 공주 축하해요,False,
@경희채널-j6w,발바닥 왼쪽에  심장이 있습니다  제2의 심장이라고도 불리는 만큼  발반사 효과로  우리 인체 정말로 중요한 역할을 합니다  그리고  6~7개월이 쯤 되면 임신부종이 올수도 있습니다  그땐 반드시  병원으로 바로 가보셔야 합니다    제가 인체 대해 공부를 한사람이라써  조언을 드리는거니  아주 가볍게 림프절을 따라 맛사지를 잘하셔야 됩니다    부종을 막기위해서입니다   건강한 아이가  태어나는게 가장 소중한거지요   딸이 백번 좋아요,False,
@gift1000shop,저 일부러 댓글먼저 안봄 ㅋㅋㅋㅋㅋㅋㅋㅋㅋㅋㅋ 영상 보고 성병 보고나서 댓글 담 ㅋㅋㅋㅋㅋㅋ,False,
@gift1000shop,아 나도 저거 사야겠따 다리 부어가지고 좋다요 대박,False,
@황은성-s1h,행복하세요~~~,False,
@윤은숙-v5b,축하드립니다 딸이 이뻐요 저희도 딸 한명있어요  건강하시고  행복하세요 🎉❤❤❤❤❤❤❤,False,
@안혜연-d1y,목사님 인상이 정말 좋으시네요 모두가 화목해보여서 같이 눈물나고 감동입니다 ~~ 축하드려요 순산하세요🎉🎉🎉🎉,False,
@김화영-c2g,축하합니다 예쁜딸낳아서 알꽁달꽁예쁘게사세요~~,False,
@이영순-q7o3u,"축하합니다. 원혁, 수민씨 딸 최고1위다 건강하세요. 월래 어느 임산부는 다 똑같아요. 점쟁이 아들이라고 했는데 말은 틀렸다.축하해요.",False,
@jenkk2695,얼마나 이쁠까?<br>눈은 엄마 닮아라 팔복아.<br>매일 미용 소금물로 10분씩 족욕하세요.,False,
@승화-x6z,주님의 은혜로 팔복이도 가족들도 ㅡ  주님의  정신과 마음으로  건강한 가정되시길요.,False,
@김미라-s9u,딸이좋아요<br>축하축하<br>예쁘고건강하게<br>키수세요,False,
@티테디오스,하나님께서 축복에 축복을 더해 주시네요~~^^<br>영상 보는 저두 너무 기쁘고 축복합니다~~^^,False,
@경희채널-j6w,수민님  부종이 있을때에는  림프마사지로 아주 가볍게  아로마 테라피로 해주셔요   중요합니다  붓기를 빼주는것이 가장 중요하구요  괄사를 쓴다든지 세게하는건 임산부에게  안좋습니다   조언드립니다  요즘은 따님  없이는 못살아갑니다   축하합니다,False,
@밍이-d3n,무조건 딸이라고 생각 했어요 <br>축하 합니다 ♥️♥️♥️,False,
@황희경-z8j,원혁씨!<br>딸바보 되실것이 예정돼 보이네요!<br>진심으로 축하드립니다 💕,False,
@이영순-q7o3u,❤❤❤❤❤첫째 하나님께서 귀한 생명 주셨어요.  축하합니다.딸이 오히려 부모님께 효도해요,False,
@황금목솔,아들도 꼭 낳긴바래봅니다<br>아들업는집이라. ㅎ ㅎ❤❤딸도이쁘죠,False,
@mijasong9582,너무 부럽습니다~ 어케 다 가질 수 있죠~~^^,False,
@김미경-x7s2m,맞혔다~^^ 첫딸은 부모님의 제2의 기둥이죠~❤,False,
@crystal_hh,저도 맞췄어요. 왜냐면 남자쪽 아들만 있는집에서 결혼해 아이 낳으면 딸 낳는경우 많더라고요.  백퍼는 아니지만 제가 아는 케이스는 많이 그러더라고요,False,
@박선녀-q4x,팔복이 아빠너무좋으시겠다 딸을원하시더니 소원성취하셨네요 딸없는집 먼저손녀부터안겨들여 친할머니할아버 너무좋아하시겠다 다음에는아들 ❤❤🎉🎉축하드림니당🎉🎉,False,
@lisakwak6992,주님의 넘치는 <br>축복입니다 🙏✝️💐💖😅,False,
@마미마미-l7m,축하드려요. 누가봐도 딸바보 아빠가 되겠어요~♡♡♡,False,
@ArianaLola-m9d,ㄹㅇ ㄱ글 에서 벳프리 보면 다른거 눈에도 안들어옴 그냥 다시보면 되니까 개이득임 ㅋㅋㅋㅋ,True,@마미마미-l7m
@재간딩이의하루,축하~~~축하~~~완전 축하드려요!!!!!!!<br>웃음이 많은 가족이라...  <br>아기도 빵끗~~~웃으면서 건강하게 태어날거예요!!!!!<br>엄마의 건강이 먼저겠쥬~~~5월이 기다려지네요🎉🎉🎉🎉🎉🎉🎉🎉🎉🎉🎉🎉🎉🎉🎉🎉🎉🎉🎉🎉🎉🎉🎉🎉,False,
@루비-u8k,"역쉬 고기를 안드시더만,,, 근데 심장소리는 남아처럼 우렁찼어요 여장군이네요!!😊",False,
@그힐김정희,축하해요^^♡♡,False,
@양주혜-s8v,드디어 성별 딸이라니 건강한 아이 순산 할때까지 몸조리 잘 하세요!👏🏻이름은 태어나기 한달전쯤 만들어 줘도 늦지 않을 거예요!,False,
@V1v2-s7p,경사났네 경사났어 🎉에라디여~~<br>딸이 최고지 😊 팔복아 <br>건강하게 잘 자라다오 <br>팔복이땜시 할미할비 기쁨두배 벌써부터 기다려집니다 <br>수혁부부 파이팅 늘 행복하세요,False,
@여진희-f4c,팔복이 아빠는 딸바보 예약!<br>팔복이 할부지는 손녀딸바보 예약!<br>음~ 아마도 팔복공주를  한번이라도 더 안아보기 위해서 피터지는 전쟁이 시작될것같은 ~ 😊😊😊<br>근데 저도 딸일줄 알앗어용~<br>공주 보시는거 축하드려용~❤❤,False,
@울컥이,하나님 어딜가나 이렇게 하나님을 높이고 하나님께 영광돌리는 이가정 더 축복해  주세요~~~!!!❤❤❤,False,
@TV-qq8vh,"비브아에서 아뽀TV 채널 구독자분들을 위한 <br>역대급 할인을 준비했습니다!<br>(에어딕S3 ★비밀 특가 할인★이에요!!)<br>비밀 할인 링크 : <a href=""https://buly.kr/AEz7ZBp"">https://buly.kr/AEz7ZBp</a><br><br>EVENT<br>💙아뽀TV X 비브아 단독 할인💙<br>1. 260,000원➡113,000원 (단 3일! 구독자 특별 -57% 할인)<br>2. 괄사 패드 + 파우치까지 무료 증정<br>***파우치는 주문건 당 1개만 발송됩니다.<br><br>비밀 할인 링크 : <a href=""https://buly.kr/AEz7ZBp"">https://buly.kr/AEz7ZBp</a><br><br>------------------------------------------------------------------😢",False,
@김향기-y6t,@@TV-qq8vh 에어틱필요합니다 주문하겠습니다  감사합니다,True,@TV-qq8vh
@소피아-x4n,주문요,True,@TV-qq8vh
@윤은희-i8i,에어닥,True,@TV-qq8vh
@zhd0426,주문완료❤,True,@TV-qq8vh
@은영구-l8i,저도 주문이요😊,True,@TV-qq8vh
@niceeu5921,축하드려요. ❤얼마나 이쁘려나. 진짜 축하드려요. 순산 위해 기도할께요❤❤❤,False,
@백일홍-9237,딸바보 입성을 축하드려요 😊,False,
@남수연-m5e,뽀식이 아저씨 살마니뺏내용 기여운 뽀식이 아찌,False,
@청양지킴이-n1y,건강하게 순산하고 예쁘게 키우세용 뽀식이형님  축하드려유❤🎉,False,
@이성희이성희-b9p,아기 탄생은 영원히 많이 많이<br>하세요 아들 딸 구별하지 말고<br>사랑합니다 ❤️,False,
@myway3375,축하드립니다 💐💐💐,False,
@monicalee2145,아들집에  딸낳으면 완전 축복 넘 이쁠거예요,False,
@예쁜희-l6z,ㅋㅋㅋㅋㅋ <br>수민씨 넘 귀엽고 사랑스럽네요~~❤❤❤,False,
@user-cu3qd5hk3w,축하해요 팔복순이 ❤❤❤,False,
@이성희이성희-b9p,공주 축복입니다 <br>건강한 딸 순산을 기도합니다 <br>❤❤❤❤❤❤❤❤❤❤,False,
@하늘정원-x2k,두분 원하시던  공쥬님이라니 감사하네요 빨리 만나고 싶죠? 저도 기대됩니다  늘 건강조심 하시고 사랑하고 축복합니다,False,
@우종분-f4r,첫딸이 너무 좋아요~~축하 합니다~~❤❤❤😂,False,
@해피웅-j7y,축하축하 드립니다<br>딸<br>손녀<br>얻으셔서 얼마나 기쁘세요<br>축복합니다,False,
@김복연-i2w,딸 축하해요 첫딸이 더좋고요 다음에는 아들,False,
@한마음-g2n,목사님 축하합니다 🎉🎉🎉🎉🎉🎉🎉🎉,False,
@양정숙-k8y,내가 딸이라 했는데,False,
@roseryseo2393,"너무예뻐요   행복해보여 저도,해복합니다,~♥♥♥.",False,
@You14651,왠지 딸일줄 알았답니다 ㅎㅎ 🎉🎉🎉 축하해요!,False,
@sin3637,딸이 좋아요<br>할아버지는 아들을 원하셨겠지만 ㅎㅎ 시대적으로 딸이 엄청좋아요이제 축복의 시작입니다~^^,False,
@이광숙-c8g,와우~~~<br>추카 추카  합니다<br>기분 좋은 아침  입니다,False,
@한명자-t5v,원혁님 수민님 축하드려요 딸 정말 축하드려요 ❤❤❤❤❤🎉🎉🎉🎉🎉🎉🎉🎉,False,
@김향기-y6t,예쁜딸 축복합니다  축하축하합니다,False,
@이영희-v7q2w,어떻게 구입하나요,False,
@첫사랑전애란,팔복이. 성별이. 벌써<br>딸❤<br>거듭. 축하합니다,False,
@코코엄마-b9x,추카추카,False,
@고씨-z8z,어머나   딸이라구요   꺄~~~~악~~~~  너무 축하드립니다 🎉🎉🎉🎉🎉🎉🎉,False,
@레지나-u3g,축하드려요.  딸이 100배 좋아요 ❤,False,
@이영주-d3t,공감합니다 <br>축하드립니다 <br>행복하세요^^❤❤❤🎉🎉🎉🎉🎉🎉🎉🎉,True,@레지나-u3g
@keumokyu5362,축하합니다,False,
@김재은-k6c,저도 첫째 아들낳고 남편은 하나만 낳길원했는데 제가 딸을 너무 원해서 몰래 임신해서 둘째 딸을 낳았어요<br>딸이 좋아요!!!! 따루안낳았음 큰일 날뻔했어요!!!!<br>축하드려요~🎉🎉🎉,False,
@겨울아이-k1n,네 아이의 할마인데<br>손자3손녀<br>1ㆍ<br>그런데<br>여자아이나<br>남자아이나<br>똑 같은 손자들<br>다 이뻐요ㆍㅎㅎ<br>순산 하시고<br>잘<br>키우시고<br>또 한명 더<br>낳으세요ㆍ<br>축하드리고<br>축복드립니다 ㆍ<br>새생명은<br>위대하지요ㆍ,False,
@kyoungshinyi391,첫딸은 원혁씨 꼭 닮았을겁니다. 추카추카드려요,False,
@sunaelee5091,예쁜공주.축하드려요.건강하게순산하세요 주님의은혜입니다.사랑하는딸아.내가너를사랑하노라 하십니다예쁜아가홧팅.지켜주옵소서😅😊❤🎉🎉🎉,False,
@고은옥-f9g,"울 며느리, 딸 모두 딸을 원했어요<br>둘 다 딸을 낳았어요<br>얼마나 예쁜지 말로 다 못한답니다.<br>두 분 할아버지, 할머니  입이 귀에 걸릴 것입니다 ❤",False,
@모든것-m9y,딸은 엄마 닮아 이뻐요,False,
@김재은-k6c,추카추카드려요~~~❤,False,
@정미향-c7b,축하드립니다 이쁘게 잘키우세요ㅡ복받으셨네요ㆍ,False,
@ajsjfhrj,아이고 다복해라 너무 행복해보여요,False,
@희망-q4w,참 행복한 가정의 대한민국 백성들의 본보기 영상 볼 때마다 너무 마음이 흐믄해요 하나님께 영광돌림니다,False,
@김옥희-g5f,축하합니다,False,
@샤엘-g2x,주님의 은혜안에 츄카드립니다 😂❤🎉🎉🎉❤,False,
@은경-l5v,원혁님이 그렇게 딸 낳고 싶다고 하시더니 정말 그렇게 되었네요~  팔복아~엄마 뱃속에서 건강하게 잘 있다가 내년 5월에 만나❤,False,
@복명순-p6c,정말   🎉🎉  축하드려요   이제 팔복이가  이용식님  가족에  🎉🎉🎉  복이 들어왔어요   축하드려요,False,
@한마음-g2n,따님 축하해요 원혁님 수민님❤❤❤❤❤❤,False,
@황후-e1z,딸~축하드립니다 ❤❤,False,
@정아0913,🎉 😊   축하드려요  건강한  출산 하시길  기원할께요,False,
@youngimkim5203,너무 예쁜 딸 주심 <br>주님께 감사하며<br>가족들 닮은 지혜로운 딸로 자라기를 응원할께요.<br>뽀식이 이용식 가족<br>모두 사랑합니다.😊,False,
@아리아-u4m,너무너무 축하드립니다👏👏👏,False,
@푸딩푸딩-w5s,딸 투표했는데 역시 딸~축하드립니다 🎉,False,
@이선실-m3j,입덧이 심하면 보통 딸이드라고요 축하해요 예쁜딸 건강하게 순산하세요 ❤❤❤,False,
@여기서날자,에어딕 구매했어요!! 기대됩니다❤😊,False,
@신점자-f5h,어덯게구매하지요,False,
@hyejin83,이래저래 행복한일이 자꾸자꾸 생겨나네요❤❤❤다복한 믿음의가정을 축복합니다,False,
@꽃순-v8i,축하 해요 공주님 이라 ㅎ❤,False,
@조해홍-t5p,딸이좋와요  축하합니다,False,
@jsh08e07,아드님이 없으신가봐요,True,@조해홍-t5p
@마이마이애미,아들도 다음에 하나님이 주시겠죠​@@jsh08e07,True,@조해홍-t5p
@장연혜,축하축하합니다🎉🎉 딸잘키우세요❤❤,False,
@에스더-t2k,축하드려요❤❤❤,False,
@마음이-u5p,내 직감이  ..      .  맞춰서 더 기분이 좋아요!   딸바보아빠에  손녀딸 두 할비들  ~  추카추카해요,False,
@승진-n1s,두분 선해 보이셔서 보기 좋네요 공주님 품으신거 축하드립니다🎉,False,
@한마음-g2n,축하축하 수민씨 건강한 팔복이 출산하세요🎉🎉🎉🎉🎉🎉🎉🎉🎉,False,
@hyeheun84,양가의 큰 기쁨 보물❤팔복순아~❤큰 복이 되길🎉🎉🎉🎉🎉🎉🎉🎉🎉🎉🎉🎉🎉🎉🎉🎉,False,
@파란장미-w9t,엄마꼭  닮은 딸이 였으면 좋겠어요 ~~ 너무 예쁘게 잘 자라준 수민이 꼭 닮았으면 좋겠어요~  둘째는 원혁아빠 닮은 아들 낳으면 대박 성공이죠 ~~^^ 너무너무 축하드려요 하나님의 계획은 실수가 없으십니다 ~~ 너무 보기좋아요🎉🎉🎉🎉🎉❤❤❤,False,
@user-bb1sk7pi8w,축하합니다,False,
@jhh2062,팔복순이 🎉🎉🎉추카합니다.,False,
@서연숙-b1f,가족들의 축복을 받으며 임신기간을 보낸다는건 너무너무 행복할거 같아요 축하합니다,False,
@영아-g4i,우왕   딸에게  첵크했는데 <br>진심으로 축하드립니다~♡,False,
@mimiyang3780,어머나~~<br>추카추카~~<br>요새는 딸이 더 좋아요.,False,
@기노-o7e,축하해요   건강한 자녀출산하세요❤,False,
@비야-y6w,제가 딸일가을성 100% 일거라고 했죠 ? ㅎㅎ<br>딸은 아빠를 닮거든요 그래서 팔복이가 <br>다리길이가 긴거예요 ㅎㅎㅎ,False,
@채호정-u1g,딸이 수민양 닮아서 이쁠꺼예요<br><br>무사무탈 순산하시길~^^,False,
@나리-n8z,딸이 진짜 너무너무 좋아요..애교도많고 딸 엄마는 우아하고 아들엄마는 정신없어요..ㅋㅋ 첫딸은 아빠 빼박이던데...눈만 수민님 닮길요...ㅎㅎ,False,
@루이스-m6k,"제주변 딸엄마들은 딸머리 해주느라 본인들은 꾸미지 못하고, 아들맘이 더 잘 꾸미고 예쁘던데요 ㅋ ㅋ",True,@나리-n8z
@체리-y2x,​@공감 ㅎ루이스-m6k,True,@나리-n8z
@나리-n8z,"@@루이스-m6k 저도 딸키우는데 순했기도 하고 유치원 교사인데 힘든아이들, 과격한 아이들, 날라다니는 아이들, 많이 다치는 아이들은 모두 남자아이들이에요...여자아이들은 말도 잘듣고 사부작사부작 얌전히 놀아요~ 거의 다요... 여자아이들은 꾸미는 재미도 있어요..ㅎ",True,@나리-n8z
@생존달인-s9c,"요즘 출생신고서를 확인하려는 20대 MZ세대들이 전국 법원에 몰리고 있습니다.  경기 성남시에 사는 한 젊은이는 최근 자신의 출생신고서를 보기 위해 차를 타고 3시간 30분을 달려 대구지법 영덕지원을 찾았습니다. 그는 “젊었던 부모님 손으로 출생신고를 했을 때의 설렘과 긴장을 느끼고 싶어서 법원을 찾았다”며 “내가 태어난 직후에 아버지가 직접 쓴 내 이름을 보니 뭉클했다”고 했습니다.  아이가 태어났을 때, 보통은 부모님이 신생아의 이름, 주소, 출생 시간 등을 출생신고서에 직접 작성해 읍·면·동사무소에 제출합니다. 법원은 이 출생신고서를 신생아가 30세가 될 때까지만 보관하게 돼 있습니다.  출생신고서는 사실 입양이나 친생자 확인 등 주로 가사 소송에 필요한 서류인데, 최근 젊은이들 사이에서 부모님이 직접 쓴 손글씨를 보거나, 정확한 출생 시각을 확인하기 위해 열람하고, 추억 삼아 복사해 오는 경우가 많아졌다고 합니다.  팔복순이도 출생신고서를 제출하기전에 미리 복사본을 만들어두었다가 성인이 되었을 때 생일 선물 등과 함께 주면 좋겠습니다 !  ⭐🤗🤗~🌠 💎💎",False,
@평범한일반인-h2w,딸이네요~  축하합니다~^^,False,
@아령-c1l,아빠 생전에. 아들딸. 5남매만. 낳의셰요. 외롭지 않게. 기대. 합니다. 건강. 하시고. 행복 하셔요,False,
@dia5012,딸이 좋아🎉🎉,False,
@이재순-c2f,축하해요<br>건강관리잘하시고  늘행복하세요❤,False,
@소하은-u2p,ㅜ,True,@이재순-c2f
@hyeeun-d2i,이용식 나무위키에 손자(2025년 출산예정)이라 되어있어서 팔복이는 아들이구나 했는데 잘못 나온 거군요!,False,
@박진선-p5g,축하드려요 ~~배가 왔는데 넘 맛있더라구요 좋은거추천 감사합니다 <br>건강하게 출산하시길 기도합니다 <br>지난번 다사랑교회 예배드렸어요<br>아마도 그날신혼여행간다고 하더라구요~~넘 아름 다운 부부입니다<br>나쁜말은 듣지말고 좋은말만듣고. 지내요 ㅎㅎ,False,
@장혜순-f7z,축하 축하 합니다~~  팔복이는 축복 받은 아이입니다  양가 할아버지 ㆍ할머니 다들 훌륭하시고 따뜻하신 분들 무엇보다 믿음이 굳센?!  분들이라서 😂  사랑이 많은 아빠 ㆍ엄마도 ~~  팔복아 부럽다  얼마나 사랑 받을까😊🥰😍🤩🙏🙏🙏,False,
@syseon2321,좋은아침 팔복이 외할아버지 방송 보고있었는뎁ㅎㅎ<br>아뽀티비도 기댕기고 있었어요❤<br>초음파보러갈때마다 놀라실꺼에요😊<br>쑥쑥자라는모습에 감동❤,False,
@깨어나라-t6w,축하드려요 수민씨 닮은 예쁜 딸 낳으세요😘 원혁씨 또 울었다 울때마다 왜이렇게 나는 재밋어요 ㅋㅋ 😂 다리 안마기 좋기는 한데요 너무 오래는 하지마세요 처음 사서 다리가 많이 아프니까 시원하고 좋다고 멋모르고 착용하고 잠들고 자다가도 다시 눌러서 하고 계속 너무 길게 했더니 오히려 다리에 쥐가 나서 한동안 애먹었어요 ㅋㅋ,False,
@eunhyeJee,요즘 딸이 귀해요 <br>저도 딸 낳고 싶었는데 아들만 둘입니다 <br>정말 수민씨 부러워요💕👍,False,
@2호선-m6e,요즘딸선호로 저희동네는딸이더많더라구요ㅎ   딸 원하는시대네요ㅎ,True,@eunhyeJee
@해와별-w9p,축하드립니다! Wow!예쁜공주님!엄마와아빠 닮으면 미코 가 탄생할꺼입니다!😂😂😂,False,
@CHUNHUAY,와~~~너무너무 축하드려요   🎉🎉🎉❤❤❤,False,
@안이남,축하합니다,False,
@메이비-n4j,딸~~~~❤❤❤❤❤,False,
@okjakang7215,축하해요 ㅎㅎ <br>너무좋아요  <br>🎉🎉,False,
@알콩꼬미,딸 축하드려요🎉🎉<br>좋은 발마사지 추천 구매도 감사드려요~~,False,
@김성중-e1z,사랑꾼 살림꾼 건강꾼 잘 자라게 해주시길 기도 드립니다. 아가야 축복이다~ 세상에서 가장 행복한 가족에 잉태되어서 사랑 축복 희망 쭉~❤❤❤,False,
@김성중-e1z,첫딸은 부자 될 지름길... 축복 임,True,@김성중-e1z
@민지89,축하드려요🎉🎉🎉🎉,False,
@young-m3p,추카합니다,False,
@영숙송-s4g,축하 축하 드립니다,False,
@여자연하,팔복이가     와    딸이라니    축복입니다    축하드려요  ❤❤❤❤❤❤❤❤,False,
@체리-y2x,첫딸 외모는 아빠 닮는경우가 대부분,True,@여자연하
@huregialma,축하합니다 딸이 최고죠!🌸🌸🌸,False,
@pelania5912,다  바라는 사람 생각마다 다르지  난 아들이 최고던데,True,@huregialma
@이기수-t1q1y,축하합니다 건강하게 출산하길기도합니다~^^,False,
@김기남-h6x,축하합니다,False,
@희락식혜,자도 맞췄네여 ㅎㅎㅎㅎ 34주차 예비 딸 엄마라서 딸 찍어봤는데 ㅎㅎㅎㅎ 축하드려요^^,False,
@김순남-n5s,딸이 없는데~난<br>딸이라 좋캤네요❤,False,
@전정숙-o1d,축하합니다 출산하는 그날까지 건강하세요~~,False,
@user-류승희,🙋‍♀️와 딸이네요! 너무 축하드려요^^,False,
@박보배박보배,부러워요~~~~~♡♡♡♡♡,False,
@미소-u2p,축하해요♡♡♡,False,
@최향기-l2i,아들인지알았는데 딸이네요 <br>이쁜 딸맘이되셨네요 <br>저도 임신 29주 6일차 이쁜 딸맘이예요 ^^,False,
@김나현-s8m,공동구매  부탁합니다,False,
@김나현-s8m,감사합니다  구매했습니다 예쁜공주낳아주세요,True,@김나현-s8m
@최정순-d2d,수민엄마된것을축하드리며.딸을또얻어셔드축하드립니다.딸이.부모에게더잘해요.더예교도많이한데요.정말축하.축하드립니다❤❤❤❤❤🎉🎉🎉,False,
@전연미-y4v,❤원혁씨 딸 원하셨지요  축하만땅드려요❤,False,
@hjhuh8533,원혁  수빈씨  성별딸  축하해요   건강하게  잘순산하기를  바랍니다,True,@전연미-y4v
@소라-e6k,이용식씨는 수민딸 어렵게 얻었는데 수민이는  부모님에게 아주 자연스럽게 빠르게 손주를 안겨 주네요,True,@전연미-y4v
@전연미-y4v,아들만있는 시댁에서 좋아하시겠어요  울 며느린 한달뒤 성별 결과나와요  딱 한달차이예요,False,
@전연미-y4v,우리도 딸이었음  좋겟어요,True,@전연미-y4v
@이옥순-r2c,축하드립니다 😊,False,
@최유정-g3l,딸.아들<br>원하지말고<br>그저쑥쑥 건강하게잘태어나고<br>또계속 출산<br>딸도아들도<br>무조건좋아요,False,
@미화김-e3b,축하해요ㅡ 딸이 너무귀여워요 제가딸을나을때는사니라정신없었는데 지금은손녀가애교쟁이예요정말너무예뻐요,False,
@감시내-l1h,축하합니다 ❤❤❤❤,False,
@장서우-t7z,축하드려요  이쁜딸  엄마아빠닮아서 너무예쁠꺼같아요  팔복순 ~~~^^,False,
@화영이-t9c,구매 가능한가요😊,False,
@이름석자석자,내가 입덧 하는것 보구 댓글 달았지요 지난것 보세요 내가 공주님 👸 <br>이라구 했어요 ❤사랑해요,False,
@별님이-h7f,축하드립니다 내년 5월이면 예쁜따님이 탄생하겠지요  그때까지 건강잘챙기시고  화목한 수민님가정에 늘행복과 축복이 가득하시길요 ♡♡♡,False,
@여여원희,팔복이딸있네요축하해요🎉🎉🎉🎉🎉,False,
@커피-j5s,축하드려요 최고요,False,
@사남매맘-w4u,진짜 수민씨 배는 아들배던데  축하해요🎉,False,
@userzi1ri4oe6b,@@사남매맘-w4u 저도 아들인줄알앗는데 알고보니.딸이엿네요,True,@사남매맘-w4u
@퐁퐁양키맘,ㅌㅌ와 저 맞혔어요😂🎉,False,
@이진-u1m4d,추카추카 드립니다~,False,
@이진-u1m4d,🎉,False,
@전연미-y4v,❤딸이었나요  좋으시겠어요  요샌딸이좋아요   ❤❤❤,False,
@sophiachoi4988,너무 축하드려요~~!!! 예쁜 딸 잘 키워서 순산하시길요❣️,False,
@limikang6423,나도 딸인줄알았시유❤❤❤엄마닮은 이뿐딸이지유~딸2아들1 만 순풍순풍낳아줘유~~🎉🎉🎉🎉🎉,False,
@joshuachoi7669,"아들  2, 딸 2  주시길 주님께 기도 합니다",True,@limikang6423
@김영숙-u3u2m,난 아들인줄알았어요  축하합니다,False,
@user-153-i1n,저의 촉은 딸이어서<br>투표에서도 딸이라고<br>찍었지요ㅎ<br>축하합니다<br>건강하게 출산하세요🎉,False,
@전복희-z5g,축하 합니다,False,
@peace0691m,팔복이가 원하는 딸이라니축하드려요~~^^,False,
@오사랑-y1g,축하합니다,False,
@이지윤-z6y,역시 팔복이는 딸이구나,False,
@userzi1ri4oe6b,충격이다.반전이다 어떻게 딸확률이 35퍼엿고 아들이 65퍼이엿는뎅 딸이엿네 충격이다  할말 없어지네 .투표하신분들 다충격 받으셧겟다 뽀랑이분들 충격받을거같은데여 저도 완전 충격받음 딸이엿다,False,
@해피스타-f5t,뭐가 충격이라는건지?,True,@userzi1ri4oe6b
@userzi1ri4oe6b,@@해피스타-f5t 아들확률65펴엿어요 투표에서근데현실은 딸이여서충격요,True,@userzi1ri4oe6b
@Lively-cb4kn,축복합니다🎉 모두 딸을 기다리셨나봐요 ❤사랑스런 가정 안에서 모두 행복하시기를 🎉,False,
@박영자-x4g,빨리알려 주세요,False,
@userzi1ri4oe6b,딸입니다,True,@박영자-x4g
@HongEats,정말 축하드려요🎉🎉🎉🎉,False,
@혜진-s2k,추카추카해요. 아들둘 엄마인저는 너무 부럽네요.,False,
@아들만주렁,저는 아들 넷입니다.ㅎㅎ,True,@혜진-s2k
@주형철-y5d,"공주다,하나님의공주다,🎉🎉🎉🎉",False,
@김미순-n4k,다시 한 번 축하 드립니다.,False,
@박영자-x4g,축하합니다,False,
@KRsketch,와! 신기합니다.<br>진짜 축하드립니다.<br>팔복순이 건강히 예쁘게 잘 자라길 바랍니다.,False,
@팽귄-j2s,건강하게출산하세요..,False,
@예쁜천사-g7q,다시한번 축하합니다 아이 태어날 때까지 건강하시고 늘 행복하시기를,False,
@은정-z8p,축복합니다,False,
