author,comment,is_reply,reply_to
@short_paper,"짧은 대본 협업 기념, 팬암 최대 혜택 ✨<br>✔유튜브 더보기 또는 영상의 제품보기를 클릭 하시면 세부 상품정보 확인과 구입을 할 수 있습니다!! <br>✔짧은 대본 유튜브 커머스 팬암 제품 구매시 30% 혜택 <br>✔팬암 여행 파우치 &amp; 캐리어 네임택 증정🛍<br>멤버십 가입 - <a href=""https://www.youtube.com/channel/UChgOgRNxrtCcVARDQT_c-Zg/join"">https://www.youtube.com/channel/UChgOgRNxrtCcVARDQT_c-Zg/join</a><br>정국 - 남중규 <a href=""https://www.instagram.com/namdoonggu?igsh=NWpya3l4M2kwdWRl"">https://www.instagram.com/namdoonggu?igsh=NWpya3l4M2kwdWRl</a><br>진아 - 서수민 <a href=""https://www.instagram.com/zzing_e_rang?igsh=a3IydTM4dWIyOXYy"">https://www.instagram.com/zzing_e_rang?igsh=a3IydTM4dWIyOXYy</a><br>과즙준수 - 준빵조교 <a href=""https://www.instagram.com/junbbang_jogyo?igsh=Z2RsZm8zZjl5NWIw"">https://www.instagram.com/junbbang_jogyo?igsh=Z2RsZm8zZjl5NWIw</a><br>그리고 짧은대본 <a href=""https://www.instagram.com/short_paper"">https://www.instagram.com/short_paper</a><br>배우지원 - short_audi@<a href=""http://naver.com/"">naver.com</a>",False,
@DavidaJarvis,ㄱ글 에서 벳프리 보느라 눈밑에까지 다크써클 들어옴 ... 진짜 근데이뻐서 눈을못떼겟다...,True,@short_paper
@GuinevereFlowerLike,ㄱ글 에서 벳프리 보고 나면 다낵질 보충제 한사발 빨아야 한다는데 사실인가요?ㅋ,True,@short_paper
@bao9009,스토커 잘 하게 생겼는데 생긴대로 살면 안됨?,False,
@sihodoctorjoeyang8518,짧대 볼 때마다 느껴지는거는 말 한마디 행동 한번이 사람을 힘들게 할 수도 심경의 변화를 줄 수도 있다는 생각을 많이하게 만들어요.,False,
@사연있는,"<a href=""https://www.youtube.com/watch?v=o6oTVfo2aTo&amp;t=157"">2:37</a> 관성의 법칙으로 시동거는중",False,
@Mini_rice2,남중규 배우님 군대 잘 다녀와요😊,False,
@jj.4372,"<a href=""https://www.youtube.com/watch?v=o6oTVfo2aTo&amp;t=103"">1:43</a> <a href=""https://www.youtube.com/watch?v=o6oTVfo2aTo&amp;t=246"">4:06</a>",False,
@쿠앙-q2b,작가가 ㅄ인가? 웃겨야 된다는 강박관념 있나? 되도 처 하지 않는 개그를 넣네<br>진지할려면 진지하던가 웃길려면 웃기던데 <br>중간중간 ppl넣어서 집중력 흐트려놓더니 이젠 되도 않는 개그를 넣어서 안보게 만드네,False,
@oiron2702,정국이 군대가요?,False,
@신회원-c5b,나는 이제 짧대와 헤어져야겠다,False,
@zzangba000,뭔진 모르겠는데 어느순간부터 짧대 안찾게됨;;,False,
@ssalanghaeyop,와 이렇게까지 연기들을 잘하셨던가…진짜 미쳤다,False,
@Wendy3955,자 이제 대남혜지 주세용,False,
@티부티부씰,혜지 뒤에서 밥먹는사람ㅋㅋㅋㅋㅋㅋㅋㅋㅋㅋㅋㅋㅋ갸웃기네진짜 아제발요,False,
@kielmusni2741,why it hurts whenever I see this thumbnail?,False,
@dol3372,근데 진아 좀 너무하다 혜지가 정국 좋아했던거 알면서 혜지 만나서 연애상담한거 아냐,False,
@user-ng3rq9gn8o,졸라오래돼서 혜지도 암생각 없을듯요 (경험담임),True,@dol3372
@Gingerkanh,죽고싶다,False,
@강인규-j1q,진짜... 정국진아 커플 미치게 만드네요. ㅠㅠㅠㅠㅠ😢,False,
@Ohzyworld,연애하지 않는 관계가 더 좋은 관계도 있죠 ㅜㅜ,False,
@epepgorfdas,정국을 컨트롤 할수있는건 혜지였는데...,False,
@user-Meatguy,원년멤버들 전부다 꼭 이별시켜야만 속이 후련했냐~~! 대학생때 연애가 미성숙하기 때문에 혹은 너무 젋기때문에 결혼까지는 안이어지는 경우가 일반적이고 허다하지만 한커플정도는 해피엔딩으로 마무리했었으면 좋았을텐데,False,
@eclipse_w,"<a href=""https://www.youtube.com/watch?v=o6oTVfo2aTo&amp;t=228"">3:48</a>  허공에 칼질하는게 개웃김 ㅋㅋㅋㅋ",False,
@하늘땅-j7w,아니 정국이 머리 왜그래요...????????,False,
@04.1,난 왜 이둘만 나오면 이제 오ㅑ이리 웃기지..ㅋ,False,
@민서-d9o,남자머리 누가 저리 짜름..,False,
@진-y6o4m,정국이는 항상연기를 참잘했어 조정석과임 촐싹대는데 또 감동적일땐 감동적이고 크게되라,False,
@sn6615,아니 뭐 이제 드라마도 각자 나오고 그러니까 이렇게 끝내려고 하는거지 ㅋㅋ,False,
@교이-c6f,"차라리 싸워라도 볼걸.. 눈치만 보고 그런 날 불편해하는 널 보면 언제 헤어지자고해도 이상하지 않을만큼 불안했어. 나를 만나기 위해 쏟았던 노력은 날 만나지 않기위한 핑계로 바뀌고, 떨려서 못걸던 전화는 어색해져 걸지 못했지? 이미 끝났다는걸 알고있었지만 권태기일까 극복할 수 있지않을까 조마조마 널 기다렸던 나는.. 그냥 차이는 시간을 벌고있었나봐. 내가 헤어지자고 했을때 기다렸단 듯 덥석 “그래”라고 하는 네 대답을 들으면 정말 세상이 무너질 것만 같아서,..",False,
@nueeyse,현재이나 헤어지는 편도 여운 진짜 오래갔는데 … 이것도 정말 여운 오래갈듯 ㅜㅜ 또 보러 옴 ..,False,
@nueeyse,"<a href=""https://www.youtube.com/watch?v=o6oTVfo2aTo&amp;t=119"">1:59</a> 다시 돌려보는데 .. 갑자기 표정 굳어지는거 너무 현실적이다. 막상 보니 또 반가워서 미소 머금고 있다가 아 이러면 안되지 하고 다시 굳는 것 같은 ㅠㅠ",False,
@부득탐승-u4q,펜션정보가 궁금합니다,False,
@이슬이-l8l,띠나다,False,
@GuinevereFlowerLike,그놈의 ㄱ글 에서 벳프리 댓글 ㅈ 나많네 그렇게죠 좋은가보지 보러갈까?,False,
@DavidaJarvis,ㅋㅋㅋㅋㅋㅋ ㄱ글 에서 벳프리 모솨서 잼민이 발정났ㅋ,False,
@윌리-b3w,"<a href=""https://www.youtube.com/watch?v=o6oTVfo2aTo&amp;t=393"">6:33</a> 와 나도 같이 무너져내린다ㅜㅜㅜㅠㅠㅜ 더 많은 사람들에게 좋은 배우가 되셨으면 좋겠다",False,
@hahaland-y3x,남자 배우분 성함이 정 국 외자인가요??,False,
@ultraunity1123,남중규요,True,@hahaland-y3x
@lian4409,짧은대가리가 맘에 안들어서인가..,False,
@hamty5900,짧대에서 매번 썸타고 사귀고 헤어지고 반복하는거 말고 결혼에 골인도해주고 그런커플도 보고싶어요 ㅠ,False,
@챙챙-s5v,와 이게 얼마만이야 미친,False,
@EugeneTretiakova,/롤/카/롤/카/ 놀이공원 보다 더 짜릿짜릿 19금 보다,False,
@DmitryBezrukov,"케리아 2년 재계약 확정, 티원 전원재계약 와우 롤카롤카",False,
@RustamAksakov,롤카롤카는 롤 vs 카지노 ㅎㅎ 여러분들의 선택에 맡기겠습니다.,False,
@FedotVinogradov,만약에 이스포츠가 질렸다면 카쥐노로 전향해도 무방합니다 롤카롤카,False,
@YaropolkAliyev,하루도 빠짐없이 들어와서 눈팅중인데 오늘은 달려볼거임 롤카롤카,False,
@SviatoslavFokine,아무리 내가 여러번 떠들어도 한번 들어와서 눈으로 보면 또 다른 느낌으로 다가온다.-롤카롤카-,False,
@MuslimEvseev,미리 사전에 정보수집을 안해도 실전에서 배우면 된다 롤카롤카,False,
@ЕвпраксияАлексе́ева,각기다른 스트리머들이 올라온다고 ?  멸망존 스케줄표 다 나와있습니다. =롤카롤카=,False,
@РуфьКруглова,롤카롤카 들어와서 안해도 되니까 확인이라도 한번만 해바유 롤카롤카,False,
@MilenaKonovalova,이스포츠에 관해서는 우리나라가 최고의 실력 롤카롤카 ㅋㅋㅋㅋㅋ,False,
@HopeSergeyeva,LOL 관한 모든 정보 및 분석 픽은? 롤카롤카 ㅎㅎㅎㅎ,False,
@PlatoSeleznyov,롤카롤카 어쩔줄몰라하면 침착하게 들어가보자 그것부터배워라,False,
@VadimAlexeyeva,남녀노소 어렵지 않은 이스포츠 대명사 롤카롤카,False,
@AlinaArtemieva,롤카롤카 찌라시가 돌던데.. 여윽시 금방 나올줄 알았다 ㅋㅋㅋㅋㅋ,False,
@CyrilEfimov,내가 장담하는데 롤카롤카 분명 흐름타서 페이모스해진다,False,
@StepanVassiliev,하나부터 열까지 다 가르쳐주는 배튕학원 롤카롤카,False,
@EvelynAksenova,롤카롤카 나오기까지 3년을 기다렸다 드디어 두두등장,False,
@ЛюбомирРе́пин,모든 게임의 정보는 어디서확인하라고? 롤카롤카,False,
@ЛукасСергеев,나는 롤카롤카에서 페이커를 처음 알게되었다,False,
@МстиславаКоновалова,롤카롤카 엄청 도배되어 있네 뭐지.. 한번들어가봐야겠다,False,
@IlonaIlyina,곧 시즌이 돌아오는데 가만히 계실건가요 ? 롤카롤카,False,
@БрониславаБородина,롤카롤카 들어와봐요 ㅋㅋㅋ 이런곳도 있네 ㅋㅋㅋ,False,
@ChristopheMelrose,"케리아 2년 재계약 확정, 티원 전원재계약 와우 롤카롤카",False,
@PoppyClarei,/롤/카/롤/카/ 놀이공원 보다 더 짜릿짜릿 19금 보다,False,
@GeorgiaSiddins,롤카롤카는 롤 vs 카지노 ㅎㅎ 여러분들의 선택에 맡기겠습니다.,False,
@MaddisonMcFarland,만약에 이스포츠가 질렸다면 카쥐노로 전향해도 무방합니다 롤카롤카,False,
@RubyAustinis,하루도 빠짐없이 들어와서 눈팅중인데 오늘은 달려볼거임 롤카롤카,False,
@OdetteBruckera,아무리 내가 여러번 떠들어도 한번 들어와서 눈으로 보면 또 다른 느낌으로 다가온다.-롤카롤카-,False,
@EthanBegg,미리 사전에 정보수집을 안해도 실전에서 배우면 된다 롤카롤카,False,
@CharliCannan,각기다른 스트리머들이 올라온다고 ?  멸망존 스케줄표 다 나와있습니다. =롤카롤카=,False,
@IndianaMorehead,롤카롤카 들어와서 안해도 되니까 확인이라도 한번만 해바유 롤카롤카,False,
@IndianaRumsey,이스포츠에 관해서는 우리나라가 최고의 실력 롤카롤카 ㅋㅋㅋㅋㅋ,False,
@BriggsTripea,LOL 관한 모든 정보 및 분석 픽은? 롤카롤카 ㅎㅎㅎㅎ,False,
@MariamGardena,롤카롤카 어쩔줄몰라하면 침착하게 들어가보자 그것부터배워라,False,
@BenHodel,남녀노소 어렵지 않은 이스포츠 대명사 롤카롤카,False,
@JulianCatts,롤카롤카 찌라시가 돌던데.. 여윽시 금방 나올줄 알았다 ㅋㅋㅋㅋㅋ,False,
@ScarlettDaviesa,내가 장담하는데 롤카롤카 분명 흐름타서 페이모스해진다,False,
@JoelPalmos,하나부터 열까지 다 가르쳐주는 배튕학원 롤카롤카,False,
@TatianaIannielloa,모든 게임의 정보는 어디서확인하라고? 롤카롤카,False,
@SofiaDunningham,롤카롤카 나오기까지 3년을 기다렸다 드디어 두두등장,False,
@AliceVardonar,나는 롤카롤카에서 페이커를 처음 알게되었다,False,
@WilcoxAidan,롤카롤카 엄청 도배되어 있네 뭐지.. 한번들어가봐야겠다,False,
@LaurenEdmunde,곧 시즌이 돌아오는데 가만히 계실건가요 ? 롤카롤카,False,
@Sebastianoldie,롤카롤카 들어와봐요 ㅋㅋㅋ 이런곳도 있네 ㅋㅋㅋ,False,
@karima8377,정떨어졌는데 뭘 굳이 여행까지 같이가서 감성잡음 그냥 빨리 정리하지,False,
@Hamjiyul,이런게 진짜 이별여행인듯….,False,
@nurikim66,이렇게...정국진아도 끝나는구나,False,
@징글징글민수,역대급,False,
@Blaxkxok,"<a href=""https://www.youtube.com/watch?v=o6oTVfo2aTo&amp;t=393"">6:33</a> 와... 변화구 지렸다",False,
@김희영-x2e,저 진짜 짧대 처음나왔을때부터 쭉 찾아보던 찐 애청자 입니다!! 짧대만 나오면 바로 들어와서 보고 봤던거 또 보고 또보고 주위에도 짧대 꼭 보라고 엄청 재밌다고 얘기하고 다니던 사람이었는데 어느 순간부터 뭐랄까....기존배우들이 너무좋아 챙겨보는 것도 있었는데 기존배우들도 어느순간 비중이 너무 적어져 쪼금 속상하구..썸타던것도 비극..연애도 다툼...뭔가 예전에는 짧대보면서 웃고 설레고 몽글몽글했던 적이 많았다면 갈수록 너무 슬프고..감정적으로 보는게 점점 힘들어져 잘 안찾아보게 됬어요..ㅠㅠㅠ 오랜만에 다시 처음부터 보고있는중인데 저만이런줄 알았다가 댓글보니 비슷한분들이 많으시네요..ㅠㅠ,False,
@ultraunity1123,"딱 제 기분입니다.. 초반에 모든 커플들이 새로이 생기고 그들의 관계를 보여주는 모습들에서 몽글몽글한 느낌과 예전 대학 시절을 떠올리게 하는 모습들.. <br>친구와 연인 관계 .. 밝고 경쾌한 느낌들이 주류였다면 요즘은 너무 울고, 화내고, 소리지르고 이런 내용들 뿐이라 아쉬워요..<br>초기의 밝은 분위기들을 이끌어 갔던 인물들의 비중이 너무 낮아지고, 역할이 축소되니 가끔 나와서 헌팅이나 하고 헛소리나 하는 캐릭터로 소비되는게 <br>초기부터 보던 사람들에게는 그 인물들에 대한 인식도 점점 나빠지게 만드는 것 같고요 ㅠㅠ 아쉽습니다..<br><br>저도 그래서 몰아보기도 초반부만 다시보기 하네요ㅠㅠ",True,@김희영-x2e
@Qhyun-e7o,짧은대본 화이팅!!,False,
@가좌쥐구,근데 헤어지자 말도 안하고 저렇게 계속 일부러 티내는 사람들은 왜그러는건가요??,False,
@JUSTUS-cn8wq,왜케 오랜만이야!!!!!!!!!!  ㅋㅋ,False,
@HIlee-nt4hw,"<a href=""https://www.youtube.com/watch?v=o6oTVfo2aTo&amp;t=228"">3:48</a> 돈까스 썰 생각나서 맴찢이야...",False,
@돌맹이-z7l,정국이 말 시작할때 눈물 날 것 같아서 웃는거<br>너무 내 전남친이랑 겹쳐보여서 눈물남 <br>우리도 헤어질때 웃는 건지 우는건지 모르겟는 표정으로 헤어졌는데,False,
@아연김-m2z,..하,False,
@문영균-n4h,남자들아 성욕에 노예가 되지마라 ㅋㅋㅋ,False,
@문영균-n4h,"<a href=""https://www.youtube.com/watch?v=o6oTVfo2aTo&amp;t=6"">0:06</a> 한국여자 특 이럴거면 왜 사귄다고함",False,
@그댄정말메롱,만나기 전에는 주인공이었는데 만나기 시작하고부터는 정국이 맨날 진상짓만 해서... 다른 커플들 띄워주기 위한거였는지는 모르겠지만 갈수록 출연도 적고 볼때마다 기분 안좋을 행동만... 군대 또 가나요?,False,
@doremi45-q8w,"<a href=""https://www.youtube.com/watch?v=o6oTVfo2aTo&amp;t=399"">06:39</a> 헤어지고싶은데 얘기못하겠어?  에 터졌다.. 헤어지기전에 맘고생했던사람들은 다 무슨 감정인지 알껄?",False,
@yoshida_porter,"베댓 보고 댓글 남깁니다. 조심히 의견을 남겨보자면 본 편을 더 빨리 볼 수 있도록 하는 걸로 하고 수입을 적게 버는게 장기적으로 봤을 때 맞았을 것 같기도 합니다. 솔직히 지금 짧대는 정으로 보지 절대 재밌어서 본다고는 못 하겠어요. (물론 재미가 없는 건 아니지만 전에 비해 너무 아쉬워요. )이건 저 뿐만이 아니라 저와 같이 짧대 같이 보던 사람들도 마찬가지로 느끼더라구요. 확장판이 생기고 무료로 풀리는 영상은 이해가 잘 안 가고, 재밌다고 느껴지지도 않습니다. 계속해서 이렇게 팬층을 털어내는 것 말고.. 다른 방법은 없었을까요?ㅜ",False,
@Ggabiyo,정국은 연기 날이 갈수록 느네,False,
@user-id7nj4hj7b,이번편 한줄요약 : 노잼 스킵하다보니끝,False,
@whyhardy,"너무 극에 치달아서 지친다는 댓글도 있지만 그냥 진짜 사람 사는 얘기, 친한 친구 연애 얘기같아서 공감가고 슬프네요,, 드라마도 기승전결이 있는데 짧대도 몇년간 연재된 기존 배우들 얘기 마무리 짓는게 나쁘진 않다고 생각해요 어느정도 열린 결말로 생각하면 그동안 짧대가 얘기해줬던 얘기들로 정국진아 커플의 이별의 이유를 예측해볼수도 있구요.. 네 .. 쨋든 헤어져서 슬프네요.",False,
@누들-i1y,근데 솔직히 이커플은 깨질줄 알았고.. 깨지길 바랬음 정국이 전부터 거만하고 안일한 태도가 진심 개빡쳐서.^.^,False,
@sungwonmoon8281,오랜만에 본다!,False,
@아슈크림-h5h,가장 좋아하는 커플인데 이별이라니.. 슬퍼요 ㅠㅠ 옛날에 만나기 전이 더 좋았었던 것 같다는 말 진짜 눈물 버튼 ㅠㅠ <br>진아정국은 예전부터 다른 커플보다 더 정이 가서 응원해왔는데 ㅠㅠ 다른 커플은 이별한다고 해도 받아들였는데 진아정국은 ㅜㅜ 잘 되었으면 좋겠고 계속 응원하게 되네요.,False,
@befriendGPT,연기 뭐야 미쳤따 정국이,False,
@CK-nj6sp,꼭 저렇게 ㅈ돼봐야 반성하고 후회하지 이미 늦었는데 .. 나처럼,False,
@김지수-j7h,아우슬퍼 ㅜ,False,
@hodel_cinema,"괜찮아, 세상에 남자 많고 여자 많아....아흑 아아아아아흑ㅎ르규ㅠㅠㅠㅠㅠ힝구 힝구 ㅠㅠㅠㅠㅠㅠㅠㅠㅠㅠㅠㅠㅠㅠㅠㅠㅠㅠㅠㅠㅠㅠㅠㅠㅠ",False,
@김딱딱-b5p,근데 진짜 짦대 문제 있어요?? 왜다 원년 맴버들 다 헤어져요…ㅠㅠ,False,
@루나-e8u,"아무리 생각해도 정국 진아의 예쁘게ㅜ연애하는 모습을 많이 못봤는데 , 옜날 부터 오래 보아온 한명으로 정말 정국진아는 이어지는것도 너무 어려웠고 오래 걸렸고, 만나는 이후에도 항상 진아의 과거와 정국이의 성격에 다투는것만 보 예쁜 모습 매번 기다렸는데, 이렇게 쉽게 해어지는게 너무 마음아프다",False,
@_andthenimetyou,주변 혹은 내가 겪을 법한 스토리라 + 정든 캐릭터들이라 넘 슬퍼요 ㅠㅠㅠ 서툰 연애를 적나라하게 보여줘서 감정이입 장난아니네요  😢,False,
@dakinas5040,헤어질꺼면 여행가기전에 헤어져야지 어차피 헤어질꺼 <br>차비며 숙박비며 돈아깝다,False,
@tavely._9251,"왜 연애를 오래하게 되면 익숙함에 속아서 서로의 생각을 덜 하게 되는지.. 자기 입장만 생각하게 되는지 속상하네요<br><br>처음엔 뭐든 다 고쳐주고 맞춰주고 노력하다가 서로에게 익숙해지면 자기에 맞춰주길 원하게 되고 그런 모습들이 서로에게 처음엔 잘 맞았었는데 지금은 &#39;변했다&#39; 라고 느끼게 되는거죠. 상대가 싫어하는 행동을 계속해서 헤어지는게 되는, 서로 약속한 걸 매번 지키기 힘들어지는, 이런 연인관계에 있을 수 있을 사소한 서운함 하나하나가 이별을 향한 길인 건 모두가 아는 사실일텐데 말이죠..<br><br>사랑을 하면 사랑한다는 이유로 바라는 게 많아지는 건 당연하긴 하지만 바라는 게 하나둘 계속 생기기 시작하면 균열이 생기더라구요.<br>서로 이야기를 정말 많이 하고 싸우기도 하면서 방법을 찾으면서 그 균열을 메꿔가고 상대 생각을 많이 해준다면, 못해도 상대가 싫다는 행동만 안 해도 그 만남은 잘 이어나갈 수 있을텐데 이미 연애한 기간동안 이어졌을 그 행동들이 그 사람의 본모습일테고, 상황 때문에도 입장 차이 때문에도 보통은 해결되기 쉽지 않은 경우가 많죠<br><br>근데 여러분 ~ 다 핑계입니다. 사람마다 마음의 크기도 다르고 성향도 다 다르지만 헤어지는 이유는 어떤 상황이고 현실이든<br>처음보다 상대를 사랑하지 못해서, 사랑하는 줄 알았던 마음이 좋아했던 마음이여서 였던 겁니다.<br>사랑하는 사람을 만나면 누구나 바뀌게 되어있어요. 그게 &#39;사랑하다&#39; 와 &#39;좋아하다&#39; 의 차이입니다.<br><br>사랑하는 사람이 아프고 힘들어하면 어떤 상황이던 본인의 한 순간을 포기해서라도 그 사랑하는 사람을 위해 포기하고 노력해주게 돼요.<br>이건 누구나 마찬가지일 겁니다. 그게 아니라면 그 사람은 우선순위가 다른 거에요. 이것도 틀리다거나 잘못된 게 아니에요. 근데 한 가지 확실한 건 연애에 있어 우선순위가 다른 사람은 만나면 정말정말 힘들어요..<br><br>미련하지 마세요. 영상 보고 제 전애인 십샊 생각나서 남깁니다. 다 핑계에요 핑 계 ~^^",False,
@이가영-l9z,맘식은이유가 정국이가 싸울때마다 윽박질러서 눈치보다가 식은거아닐강,False,
@전주비주비,와 연기 대박이다 정국 억지웃음하는 것만 봐도 무슨 감정인지 알 것 같아서 2초만에 바로 눈물 남 하,False,
@하뉼잉-y8g,정국이 박새로이 됬네,False,
@rpaudeoznsh,욕먹을 각오하고 쓴다. 난 정국이가 큰 용기낸 행동이라고 생각한다. 이 영상에서 만큼은,False,
@0086redbean-i4w,무슨 할말이 있는것처럼 군다는게 딱 맞는 말인 것 같음.. 헤어지기 전에 딱 저런 분위기. 서로 슬프지도 화나지도 않는데 예전처럼 서로 사랑하지 않는게 느껴짐..,False,
@전설민-d3p,준빵조교 ㅈㄴ 웃기네진자,False,
@가즈아-m7q,진짜 초창기 커플 다 헤어졌네..이제 초창기 커플 누가남았지...,False,
@seheekang7807,"이 커플 헤어지려는 이유가 뭔가요,,,?",False,
@정한슬-o4g,남자친구가 없었을땐 공감이 된다거나.. 영상 보면서 슬프다는 느낌은 크게 없었는데요 남친이 생기고 나서부턴 안싸우고 잘 만나고 있는데도 뭔가 영상 속 장면에 제 남자친구를 대입해서 생각하게 되니까 엄청 이입되고 되게 슬퍼지고 막 그르네요.. 짧대 영상들 정주행하고있는데 지금은 또 그때랑 내용이 다르게 느껴져서 참 신기해요ㅎㅎ,False,
@proudbok,보고싶다 말도못하는 사이가 되버린 지금이 순간이 너무 싫다,False,
@장서윤-q8d,"<a href=""https://www.youtube.com/watch?v=o6oTVfo2aTo&amp;t=393"">6:33</a> 연기 진짜 곱씹게 돼요….. 어제 봤는데 이 부분 보러 한번 더 보러 왔어요…",False,
@mk-dy2nl,ㄹㅇ지림,True,@장서윤-q8d
@user-forgotten-memories,진아 정국 커플이 썸탈때 짧대를 보기 시작해서 벌써 이제 이 커플이 헤어짐을 얘기하는 때가 오네요<br>진아가 돈가스를 혼자 자르는 모습에서 우연히 인터넷에서 본 글이 생각나네요<br>스스로 함에 있어서 더이상 당신과 함께하고 싶지 않다는 맘이 느껴지는 것 같아서 마음이 아프네요,False,
@d.qkaien2953,사랑했던 사람과 헤어지고 나서 한동안 헤어지기까지의 과정을 복기하고 순간 순간들의 못나게 굴었던 스스로의 모습을 자책한다. 하지만 사실 헤어짐은 수없이 복기하고 자책했던 못난 모습들 때문에 찾아온 게 아니다. 그저 그 사람에게 다른 사랑이 찾아왔을 뿐. 이별의 80%는 환승이다.,False,
@zrc247,이별80%는 환승이라니 생각못했네요,True,@d.qkaien2953
@Djd_8890,어제 헤어졌는데 진짜 똑같아서 소름 돋았네,False,
@김희연-b6b,이제  짧대에서 정국이 진아도 못보는건가… ㅠ,False,
@김민서-d1u,혜지다!!!!!,False,
@Oooo-fh3zc,"<a href=""https://www.youtube.com/watch?v=o6oTVfo2aTo&amp;t=90"">1:30</a> 혜지 목소리 오랜만이야ㅠㅠㅠㅠ",False,
@냥냥-n8g,니들은또왜그러는데 하..,False,
@laura89764,Sottotitoli pleaseeeeeeeee,False,
@GADDEB,지난 날들이 문득 떠오르네요,False,
@user-ng3rq9gn8o,아니 친구일때 사이 개좋았는데 어떻게 이렇게 됨 ……? 친구로서 사이 좋던 커플 진짜 쭉 너무 재밌게 잘디내던데,False,
@diablo-kokonut,머 나온것고없는데 헤어지노,False,
@신아현-c1d,연기 너무 잘해서 몰입도가 대박이에요<br>항상 응원하고 배우분들 다 잘 되면 좋겠네요 너무 재밌어요,False,
@기술사-l4r,저건 남자 잘못이지 뭐 ㅎㅎ,False,
@wy9681,"<a href=""https://www.youtube.com/watch?v=o6oTVfo2aTo&amp;t=410"">6:50</a> 남자분 연기 미쳐따",False,
@최두식-o7f,연기 잘한다……,False,
@해피표-w4q,오랜만에 혜지ㅠㅠㅠㅠㅠㅠㅠㅠㅠ 이렇게 언급이라도 해주고 잠깐이지만 목소리도 나와서 좋네요,False,
@fmttm8467,뭘 쳐 질질 짜고있어 꼭 저런 애들이 잊혀질만하면 뭐해? 이지랄함,False,
@chi_chi._.i,진아가 혜지 언급하는 거 너무 좋다... 혜지 나와줘...,False,
@선호하는세무사,"<a href=""https://www.youtube.com/watch?v=o6oTVfo2aTo&amp;t=300"">5:00</a><br>&#39;너무 좋다. 만약에 우리 헤어지면 이 기억때문에 엄청 슬플 것 같을 만큼&#39; 잠깐 회상으로 스치듯 나오는 장면과 대사 정국, 진아 첫 바다여행 갔을 때 대사네요<br><br>연애 초반 특 2분 40초 <a href=""https://www.youtube.com/watch?v=sLeefgrW8d4"">https://youtu.be/sLeefgrW8d4?si=3PI2ybMVsXs-NJi3</a>",False,
@JESCOM_,"이때 멤버들 보니까, 제가 좋아하는 멤버들이 다 모여있네요 ㅎㅎ 지금은 절반이 바뀌었지만.. 그립기도 해요",True,@선호하는세무사
@ve_space,"<a href=""https://www.youtube.com/watch?v=o6oTVfo2aTo&amp;t=103"">1:43</a> 🦎",False,
@jinnnnn00,내상황같네...,False,
@미누-h5g,"<a href=""https://www.youtube.com/watch?v=o6oTVfo2aTo&amp;t=231"">3:51</a>  옛날 글 중에 권태기 때문에 해어질라고 애써 혼자서도 잘하는척, 괜찮은척 하다가 마지막 식사때 여자가 매번 남자가 썰어주던 돈까스 썰면서  “돈까스 이제 혼자서도 잘썰지…” <br>이 말 들으면서 남자가 바로 “그래도 돈까스 짜르는거는 그 남자 시켜” <br><br>거기서 눈물 흘리고 권태기끝나고 결혼했다는 썰 생각나네여.",False,
@finethanku2025,이해가 안가는데 설명해주실분 계신가요. 그니까 여자분이 다른 남자가 있어서 헤어지려고했는데 저 말 한마디에 맘 돌아서서 결혼한건가요? 왜..?,True,@미누-h5g
@juwakguwakjuhee,"@@finethanku2025다른 남자가 있어서가 아니라, 여자는 권태기로 이별을 결심했고 그게 티가나서 알아차린 남자가 다음에 만날 사람을 염두해두고 말한거에요~~ 그래서 여자가 정신차린거에요!",True,@미누-h5g
@총총-b1w,@@juwakguwakjuhee반대였을거에요,True,@미누-h5g
@이람람-w6q,아니 먼 상ㅎ황임,False,
@immeimme,헤어지지마..니네는 안돼,False,
@맨유우승좀,말 안하고 티내는거 진짜 토나옴 옆에사람 숨막혀 죽는다 진짜 .. 물어보면 대답좀 해주라 …,False,
@이재성-q5t,근데 저번에 바람 조짐 있었진아...ㅠㅠ,False,
@Ddalki_jonmat,왜 죄다 헤어져...,False,
@Rodya35,ㅆㅂ 헤어지지 말라고,False,
@buivuLF6Dy,모두 다 샤라웃 ㅋㅋㅋㅋ 연말에 백화점 한번 가야줘 ? 롤지노 ㅎㅎㅎ,False,
@방울이-f5p,있을때잘해,False,
@_akadavid,뭐 또 갑자기 헤어지네,False,
@thyunk,정국아 고생했다,False,
@Moa-han,아 진짜 ptsd온다.. 너무 슬픈데 이제는 눈물조차 안나는 내가 서글프다,False,
@w_sol,진짜 확장판...ㅋㅋㅋㅋㅋㅋㅋㅋ암,False,
@아원고홈s,"<a href=""https://www.youtube.com/watch?v=o6oTVfo2aTo&amp;t=71"">1:11</a> 혜지?????????????????잘 지내고 있구나 ㅣㅠㅠㅠㅠㅠㅠㅠㅠ",False,
@마이네임이즈봉백호,군대가요?,False,
@나는나-r5w,여자가 어리고 남자를  하늘처럼 떠받들고 정조 지키고 순종적이고 헌신적이고 남자에 대한 배려가 넘쳐서 힐링이 되야 여자를 옆에 두는거지<br>여자  만나는데  연애경험 많고 싸가지 없고 바라는거  존나많고  남자 우습게 알고 존중이 없으면 질이 안좋은 여자 입니다<br>여기서 보어주는 여자들 연기는  기쎈한녀에 전부 걸레 같아서  거르고 싶네요<br><br>보기만 하는데도  저렇게 말하는 군상들 보면  힐링이 안되고 스트레스 만 받습니다<br>저런게  한녀라는 동물인가?<br>남자는 힐링 하려고 여자 만나는데<br>왜 한녀는  남자에게  힐링을 못주지?,False,
@o209-w7h,뭐노 이 구린 댓글은,True,@나는나-r5w
@user-chj1234,ㅂ랄쉰내,True,@나는나-r5w
@marryverry-t4y,마자용 그니까 여자 쳐다보지도 말고 말도 걸지마세요!!,True,@나는나-r5w
@나는나-r5w,@@marryverry-t4y 요즘엔 한남들 사이에서 연애대상 이나 결혼대상으로 한녀는 선택지에서 배제된지 오래됐고 혼자  살거나 여력되면 국제 연애나 국제결혼 많이 하는 추세입니다<br>요즘에 국제커플 엄청 많아졌습니다<br>지금 연애중인 한한 커플 있다고 해도  오래 못가고 깨지는게 추세고  한녀에게서 탈출하는 분위기 입니다<br>짧은대본 컨텐츠는 시대정신과 맞지않음<br>여성  중심 세계관에서 바라본 남녀관계 정립 가스라이팅 과 세뇌일뿐 현실반영과는 거리가 먼 판타지임<br>40대 영포티 감성 이죠,True,@나는나-r5w
@윤갱-y1v,아니 연기 미쳤나.. 한번도 절절하게 헤어져본적이 없는데 존나 슬픔 감정이입과다됨…,False,
@Hamlet9999,그래서 정국이 머리 왜저럼? ㅋㅋ,False,
@준예-u8x,진짜 너무 도망치고 싶은데 못 도망가는 순간들이 나열되는 시간,False,
@사공-n2y,남친이랑 싸우고 보니까 눈물 폭발이다... 이 순간마저 그를 생각하고 있는 날을 보면서 헤어지는 순간을 상상해보니 너무 가슴이 아프고 아리다,False,
@옹기종기-p4u,"근데 정국 성격 진짜... 별로다. 가끔, 아니 자주 진아에게 다정하고 섬세한 면을 보이긴 하지만, 그래서 진아가 정국이를 매우 좋아하고 의지하지만 정국의 틈만 나면 보이는 욱하고 자기중심적이고 폭력적인 언행들이 그냥,, 정국이의 본성같음... 나중엔 인정하고 사과도 하지만 계속 반복일 뿐임. 내 주변에 있는 누군가와 너무 닮아서 써봤음 그냥 그렇다고",False,
@딩동-c3i,너무 슬퍼 미치겠다,False,
@눈누누난나-r7k,딱 나네 인내하면 해결될 줄 알았던<br>감정은 존중받을 가치가 있더라구요<br>항상 나보다 내사람 먼저^^<br><br>근데 나는 원년맴버만 보니까 제발ㅡㅡ짧대 원래 배우들 나올거아니면 이만 좋좋소하자<br>새로운 배우들 진짜 볼품없더라구요<br>외모는 뛰어난데 연기력이..대본은 누구 작품인지는 모르겠구요,False,
@User.61662,확장판 못 보는 사람들은 알 수 없는 더 깊은 이야기들 ㅠㅠ 돈 없는 학생은 공짜로 보고 갑니다,False,
@peaceful9803,장기 연애 후 이별은 그냥.. 기억 상실증에 걸리고 싶다고 해야하나,False,
@missingno12,"그래서.. 요새 짧대 나오는 새로운 커플들 봐도 몰입이나 설렘보단<br>언제 어떻게 깨지고 하차하려나 싶기만 한건 어쩔수없음<br><br>싸움 갈등 현실적인 문제가<br>결국 다 이별로만 이어지는게 아니라, 힘들더라도 의논하고 좁혀나가며 성숙하는 것도 좀 보여주면  좋겠는데..<br>이제는 편리한 결말을 위해 캐릭터들을 이별시킨다는 생각이 듦",False,
@내다내욜이,그냥 남주 군대간다고 커플 서사 정리하기 위해서 이런 에피소드가 나온다는 느낌이지 왜,False,
@McMcMcMckkk,정국진아커플 오랫동안 안나와서 보고싶었는데... 이런 소재는 아니라고요오오오😢,False,
@미-q9u,왜 원년멤버 커플들 다 헤어지나요ㅜㅜ….<br>정국이 군대도 안 간다고 들었는데ㅠㅠㅠ<br>정국진아ㅜ사랑했어…😢,False,
@수야루,정국 진아가 고딩일때 이미 군대 갔다온 설정이라서 기대했었는대 그래도 정국진아는 살려주지 ㅠㅠ,True,@미-q9u
@훌렐레,초창기 시절 사귀기 전부터 응원한 커플이었는데 아쉽네요 ㅠ 짧은대본이 말하고 싶은 건 &#39;대학 시절 연애는 영원할 수 없다&#39; 이건가요? 어떻게 원년멤버 커플들이 다 헤어지냐구~~,False,
@바부붐,돈까스 때부터 눈치챘습니다 헤러질거리고...,False,
@vtra,아 정국진아 연기 진짜 다 찢었다 진짜 대박이다 걍 눈물 밖에 안난다,False,
@mandOO33,"<a href=""https://www.youtube.com/watch?v=o6oTVfo2aTo&amp;t=246"">4:06</a> 미쳐 편집하지 못한 왼쪽 문에 비치는 패딩의 잔해... 하지만 이것도 노린거라면?",False,
@hyeoncheol76,남자는  늘 그리해야 하는거야  남여평등이라며,False,
@hyeoncheol76,남자가 늘 돈내잖아 ㅡㅡ,False,
@hyeoncheol76,미리 야기하지,False,
@hyeoncheol76,다 받아먹을거 받고 헤어지자 이기주의,False,
@gogogoblack,왜 자꾸 헤어지냐구,False,
@hyeoncheol76,아니 야그를 하라고 좀 남지는 몰라 좀 !,False,
@hyeoncheol76,근데 여자는 나 화안났어 하면서 야그를 안해 답답해 ㅡㅡ,False,
@예봄-z1f,왜 다들 헤어지는고니~~,False,
@jkuyfkil,남매아니여,False,
@오늘날-d8p,차라리 그냥 진짜 군대가는거 찍어!!,False,
@오늘날-d8p,또 군대가...?,False,
@이문섭-q7r,진짜 공감되는 부분이 헤어지고 싶은데 말 안하고 말 못하고 그러는 부분....그걸 3개월을 끌더라....여행도 다 가면서...딱 이번편 여주처럼... 아무렇지 않은척....근데 남주처럼 남자가 바보는아냐...결국 나도 기다리다 단판짓고 헤어졌지만...남자도 알아 그냥 일말의...나아지겠지..괜찮아지겠지..예전으로 돌아가겠지..이런 생각하면서도 불안해하면서 기다리다 결국 말하는거일뿐...에휴 그냥 그렇다고..,False,
@윤은아-e2l,오늘 헤어졌는데 이게 딱 나오네요... 저도 오늘 헤어질거같았는데...,False,
@gwlee4151,"연애는 인생의 축소판 같다.<br>그안에는 있다.<br>성공, 실패, 만남, 이별, 재회, 발전, 반성, 성장, 기쁨, 슬픔 등의 수많은 감정들<br>연애, 작은 우주가 다른 작은 우주를 만나는 그것<br>좋은작품 항상 감사합니다.",False,
@preetihiremath773,"Wait why tf are they breaking up, short paper did this couple so dirty",False,
@Minkimee,혜지는 진아가 헤어질려고 맘 정리 고민하는것도 다 들어주는거냐? 보살이네...,False,
@user-ph3gu2de4v,ㄹㅇ,True,@Minkimee
@우와-i4e,혹시 이거 회원가입 언제 열려요? 지금 막힌거같아서 ㅠㅠ,False,
@반또라이실바,"<a href=""https://www.youtube.com/watch?v=o6oTVfo2aTo&amp;t=90"">1:30</a> 혜지뚜 목소리만 나오는거야 ㅠㅠㅠ 진짜 나오는줄 알고 설렜는데 ㅠㅠㅠㅠ",False,
@반또라이실바,정국이 우는건 거의 처음 아닌가????,False,
@preetihiremath773,I literally gasped when i saw the thumbnail,False,
@삐유-v6i,짧은대본 헤어진 커플들 다시<br>데리고 환승연애 편도 찍어주세요 <br><br>이나현재. 동국동덕. 준팍아영. 머 등등,False,
@gombin-j7w,병운.. 시영…. 병운이는 시영이만 있으면 됐었는데,True,@삐유-v6i
@김판기-y6w,동동헤어졌나요,True,@삐유-v6i
@ob389,이나현자사랑해,True,@삐유-v6i
@showmeeettt,혜지등장..? 대남이도 오려나..<br>그냥 진아정국 혜지대남 제발,False,
@Always-hungry_,"짧대 제작진 분들이 어떠한 상황인지는 알지 못하지만, 짧대 확장판이 생긴 이후로 본편에서는 못보는 그림들을 보여줘야 된다는 강박이 생긴 거 같아요. 그러다보니 일반판에서는 볼 수 없었던 새로운 장면을 만들기 위해서는 감정이 요동치는 영상을 만들 수 밖에 없게 되는 거 같습니다. 그래야지 본편에서 해결되지 않았던 감정의 연결고리를 확장판에서 볼 수 있을테니까요. 그러다보니 근래에 계속해서 감정적으로 극에 치닫는 영상들이 더 나오게 되는 거 같아서 아쉽게 느껴지는 거 같습니다. 짧대 콘텐츠를 공짜로 보는 입장에서 할 얘기는 아니지만, 개인적으로는 기존 짧대에서 보여주었던 일상적인 잔잔함 속에서 하나 둘 던지는 포인트가 있는 영상도 필요하고, 근래에 보여주었던 확장판을 통해서 보여줘야지만 더 공감이 되는 콘텐츠들이 필요해지는 시점이 아닐까? 라는 생각이 들어 남겨봅니다. 공짜로 보는데 너무 왈가왈부해서 죄송합니다! 그래도 잘 보고 있습니다~ 응원합니다!",False,
@Yurlljun,"인정 ,, 속 시원하고 예쁘게 말 잘해주셨네요 정말 공감허구 갑니다 ㅜㅜ",True,@Always-hungry_
@기똥찬-o6r,글에서 짧대를 사랑하는게 느껴져용 ㅎㅎ 이렇게 댓글달아주신거 보니까 저두 공감도ㅑ요!! !!🤓🤓🤓,True,@Always-hungry_
@shsim-cb7pv,맞음 ㅋㅋ 원년 멤버들 왜 다 싸우고 헤어지고 바람피고 박터지는 것 밖에 없냐긔 ㅋㅋㅋ,True,@Always-hungry_
@ppeorov,근데 진짜 소재 쓰기도 쉽지않은듯.. 같은 컨셉으로 지금 몇년째니까.. 드라마도 1~2달 하는데 짧대라고 계속 만들수있는 건 아니니까.. 그래서 짧대 좋아하는데 요즘은 2주에 1번인게 아쉬우면서도 이해가 감,True,@Always-hungry_
@epwkdhk8807,ㅇㅈ 잔잔하다가 그런 일상 속 사람들이 큰 감정 느끼는 게 몰입이 확 돼서 좋아했던건데,True,@Always-hungry_
@ultraunity1123,"정국 진아는 제발 헤어지는 라인으로 안 갔으면 좋겠어요.. <br>정상적으로 연애하는 커플도 있어야 현실감이 더 있을 것 같은데....<br>초반에 정국, 진아 서사가 메인 스토리였잖아요.. <br>그 커플 한 두화 만에 헤어지게 만들거면 그 긴 시간 동안 쌓아오고 <br>열심히 팬들이 응원해가면서 봐 왔던 시간들이 너무 의미가 없어지는 것 같은데.. 슬픕니다 ..",False,
@갓오브해머,"짧은대본 원년 멤버들이 다른 일정이 많아지는 건 기뻐할 일입니다.<br>하지만 짧게 말해서는 웹드 특성상 긴 호흡이지만 하나의 작품입니다.<br>요즘 짧대는 인물과 서사의 퇴장이 너무 부자연스러운 듯합니다. 예전 같았으면 &#39;진원편&#39;, &#39;시영편&#39;처럼 인물별 장기 에피소드로 열린 결말의 마무리를 지었겠죠. &#39;다희편&#39;도 제작 예정이었지만 무산되고 다희 캐릭터도 아예 사라졌고.. 유남편도 제작하시나 싶더니 재생목록만 만들어놓고 1개 외에는 유남의 서사도 쫑이 나버린 듯 하더군요ㅠ 작가분들이 일부러 안 만드시는 건지,, <br>짧은 대본, 배우분들 너무나 응원하지만 최소한 짧게 말해서가 하나의 작품임을 시청자 입장에서 알아주시고 인물,서사의 퇴장에 좀 더 신경이 쓰였으면 합니다..<br>오랜 팬의 푸념이었습니다",False,
@금귤꿀,행복한 커플이 있음 좋겠다지만 불같던 20대를 지나고 30대가 되어보니.. 결국 그 모든것이 하룻밤 꿈과 같았음을 알게되는거 같네요 ㅋㅋㅋㅋㅋ 여기 짧대에 나온 커플들처럼 다들 그렇게 헤어지는거 같고,False,
@seungbusakwonminjeong,안 헤어지면 안 되나,False,
@hjk9078,아니 어떻게 정국진아가 헤어져… 안 돼. 돌아가. 헤어지지 마… 내 정국진아가…,False,
@ddsss2222,혜지야 잘 지내니ㅠㅠㅠㅠㅠㅠㅠㅠㅠ,False,
@rouejames3523,Jk 연기력 ㄷㄷ,False,
@user-ga0,아.... 안돼ㅠㅠ 너희들마저ㅠㅠ,False,
@tykim9657,얘네는 맨날 술만먹네 ㅋㅋㅋㅋ술이 안나오는 에피소드가없노,False,
@동글-l7u,물병 던지고 싸우는 에피소드 제목이 뭔가요?? 찾아봐도 모르겠어요 ㅜㅜ,False,
@최냥냥웅,애초에 정국이 헌팅다니는거 개좋아하는데 굳이 둘이 안이어지는게 낫지 않나,False,
@스카이드래곤,꼭 헤어지게 해야만 끝나는거임? 그냥 우리 추억속에서 마무리하면 안됨? 왜 항상 마무리를 이런식으로해?,False,
@강지환-h9y,"<a href=""https://www.youtube.com/watch?v=o6oTVfo2aTo&amp;t=400"">6:40</a>연기진짜 미쳤다",False,
@바꾸기-g3i,이제와보니 짧대는 다 헤어질수 밖에없는 연인들인듯<br>이십대는 결국 그럴수 밖에 없는인연들<br>이 경험들을 발판삼아<br>더 나은 사람이되어 나에게 맞는 짝을 고르기를 그 짝에게 더 나은 짝이 되어주기를<br>애정어린 아줌마 팬이^^;,False,
@jiyeoning,원년멤버 왜 다 헤어지는거에요ㅠㅠㅠ 계속 그러면 나도 짧은대본이랑 헤어질래요ㅠ,False,
@bandmgr09,안돼 ㅠ,False,
@지수-q3q3n,이런 댓글 달아도 될지 모르겠지만 진아 하얀색 패딩 어디꺼지 개이쁘다 혹시 아시나요??? ㅠㅜ,False,
@sungdol_short_paper,헤어지지마...😢,False,
@Ooooiooio,와 진아야!ㅠㅠㅠㅠㅠㅠㅠ,False,
@sungdol_short_paper,안돼...,False,
@우앙엉,정국이 연기 차력쇼 미쳐따,False,
@히힛-u6r,초반에 다들 욱기고 공감되는 특시리즈랑 가벼우면서 보기 좋았는데 어느 순간부터 매번 갈수록 무거운 주제에 분위기만 계속해서 나오니...,False,
@rnjsjtufjsjwjjd,하 근데 상대한테 지쳐서 점점 말안하게 되고 이런건 진짜 너무 잘 알겠는데 그냥 그런 생각이 들면 헤어지면 안되는건가.. 입 꾹 닫고 옆에 있는 사람 눈치주고 다 티나는데 괜찮은척 하고 저것도 넘 답답하고 ㅜ 물론 이 커플 서사가 다 공개가 안돼서 전후사정은 잘 모르겠지만( 말하는걸로 봐선 남자쪽이 잘못했겠지만) 이런거 볼때마다 본인은 마음정리 다하고 헤어지고 싶어서 그런가 싶음,False,
@밍냐옹이,연기미친,False,
@vnfma7,얼마만에 보는 이 커플인가,False,
@middle2709,정국이를 너무 미워한것도 정국이라는 역할을 입어버려서였는데 결국 정국이가 우릴 울리네,False,
@mingporter,팩하고있는데 눈물이랑 섞였어요,False,
@user-kw1jc9dh8v,수능끝나고보는짧대귀하다,False,
@flatwhite6356,쩡구기 머리스타일 때문에 옛날 에피 다시 뜬 건 줄 알고 들어왔다가 얼마만에 빵 터진건지 진짜.. 그런데 내용이 아쉬워서 슬프다.. 그만 헤어져 ㅠㅠㅠ,False,
@Joosha89,뭘원하는거야 스토리 이게맞아요?,False,
@jisu2203,많은 배우들이 기회 받고 새롭게 출연하는 것도 좋지만 나는 초창기 멤버들 땜에 유입되서 그런지 초창기 멤버 나오는 영상만 보게되네..ㅜ,False,
@모만타,나두...,True,@jisu2203
@Nopyungrye,나두잉…,True,@jisu2203
@samhot7083,이왕 이렇게 된거 다 솔로로 리셋해서 &lt;나는 솔로&gt; X 짧대 콜라보로 가자!!!<br>죄다 이별이여… 짧은 대본이 아니라 짧은 만남이냐,False,
@Rvnju,"<a href=""https://www.youtube.com/watch?v=o6oTVfo2aTo&amp;t=247"">4:07</a> 거울엔 패딩 떨어져있음 뀨",False,
@포레미-w3i,아 제목+섬넬 보자마자 개큰웃음,False,
@kimongaaa,두분 닮으신거같아요!!,False,
@유리-v6z,"<a href=""https://www.youtube.com/watch?v=o6oTVfo2aTo&amp;t=242"">4:02</a> 하 준빵 진짜 어디에나 있네",False,
@하루살이야돈내일갚을,행님 머가리 스타일이 그러니까 차이죠;;,False,
@요를래이-h6h,보는내내 가슴 아린다,False,
@rotismfhwi,끝,False,
@newnmin_lov,설레는 마음으로 봤는뎅ㅠㅠㅠ이게 뭐예요ㅠ 진아 정국 헤어지게 하지 마요ㅠㅠ 진아정국 더 보고 싶은데 제 최애커플이었어요ㅠ🥹🥹❤️,False,
@SingerHongHye,으엉 무슨감정인지알거같아서 넘슬퍼....,False,
@리서-c3n,"<a href=""https://www.youtube.com/watch?v=o6oTVfo2aTo&amp;t=73"">1:13</a> 혜지 진쨔 오랜만이다.....",False,
@howse8832,"<a href=""https://www.youtube.com/watch?v=o6oTVfo2aTo&amp;t=394"">6:34</a> 연기 좋ㅌㅏ......",False,
@추파춥스-f3g,7년사귀고 지금 결혼도 7년차... 총 14년을 함께하고있는데 난 공감함... 짧은 친구였다가 연인이되었는데 저런감정 몇번느껴서 헤어질뻔한게 세네번이었는데 다시 붙잡고 이런사람없다싶어서 결국 결혼해서 애낳고 잘살고있음ㅋㅋㅋㅋ어떻게 연애하면서 좋기만할수가있을까 하루이틀만나는것도아닌데...,False,
@김선제네이션브이,혜지는 언제 나와여 ㅠ,False,
@hipjip1729,너네 왜 다 헤어져...?,False,
@그레고리123,드라마속 수민씨보다 그래도 아직은 짧대 진아가 더 좋은데...,False,
@한재혁-s5s,내가 젤 조아하는 커플인데 둘은 절대 헤어지면 안된다구 ㅠㅠ,False,
@hipjip1729,"<a href=""https://www.youtube.com/watch?v=o6oTVfo2aTo&amp;t=382"">6:22</a> 연기 레전드 시작",False,
@달려라하늬-o2b,이렇게 다 끝나는구나.... 사랑해서 내 사랑이 커서 너에게 짐이 됐구나,False,
@지염-p2u2y,"아니 뭔 연기력이 티비에 나오는 베우들보다 좋아…? <a href=""https://www.youtube.com/watch?v=o6oTVfo2aTo&amp;t=393"">6:33</a> 에서 감탄함",False,
@김범주-m1l,잡았어야지~,False,
@ho-angyoon1579,혜지 마음에 상처까지 주면서 사겼으면 좀 잘만나면 안되냐...ㅠ,False,
@user-lg3fq1dz9r,연기 진짜 아무나 하는게 아니구나.. 몰입도 최상이어서 울뻔했네,False,
@경서-o1u,"<a href=""https://www.youtube.com/watch?v=o6oTVfo2aTo&amp;t=230"">3:50</a> 뒤에 분 왜 공기를 드시는지…",False,
@kingwoo9181,지나 지~~~인~~~짜 오랜만에 나왔는데 헤어지는 분위기라고??<br>이거 말됨? 이게 나라냐?ㅡㅡ,False,
@newnmin_lov,우아아아아아ㅏ앙 진아정국 기다렸짜나요!!!!❤❤❤,False,
@otgonchimeg21,아 왜 해어져ㅠㅠ,False,
@wjfeoahfmrp,짧은대본 회원가입 하고싶은데 가입버튼 누르면 까만창이 떴다가 바로 사라져요 ㅜㅜ 왜이러는지 아시나요,False,
@박준형hi,그동안 안 보여주셨던 이유는 헤어질 준비를 하고 있는 중이다라는 것을 간접적으로 보여주는 것 같네요…,False,
@서로마음-게으른주부,안헤어지면안돼?ㅜ,False,
@박준형hi,작가님 제 얘길 들어주셨군요?,False,
@mangtube2024,옆동네는 자만추말하며 새로운 시작인데 이동네는 이별 준비라니. 너무아끼는 커플이라 슬퍼요😢 둘이 너무 친해지고 편해진 게 문제일까요,False,
@아규니,그냥 조용히 손잡고 퇴장하는 그림은 없는거야?? 엔딩이 죄다 이별이네ㅋ,False,
@si-world,2년 전 우리 모습 같당 <br>그렇게 울고 불고 잘 헤어지려 했는데 결국 다시 만나서 결혼함 😏❤,False,
@박이기-t5k,꼭 이렇게 보내야하냐ㅜ,False,
@G-Justin,이거 진짜에요?,False,
@jsjsjsjsjs62,헤어지고싶고 차갑게 굴고 해도 헤어지자고 말하기 망설이는 사람은 어떤 생각을 가지고 있나요?😢,False,
@eunjilee4784,정들어서 그래요,True,@jsjsjsjsjs62
@hmmnyari-e6d,"<a href=""https://www.youtube.com/watch?v=o6oTVfo2aTo&amp;t=395"">6:35</a> 와 여기 진짜 연기 잘한다... 전남친 생각나네",False,
@푸른하늘-t6l,PD양반<br>뭐 다 헤어지게 해야지<br>속이 시원하겠냐?!!!!!!!!°°°°,False,
@예은-r1z,제발 헤어지지마ㅜㅜㅜㅜㅜ,False,
@starscar6601,정국님ㅋㅋㅋㅋㅋㅋㅋ왤케 민국이 같짘ㅋㅋㅋㅋㅋㅋ,False,
@persona3149,"<a href=""https://www.youtube.com/watch?v=o6oTVfo2aTo&amp;t=243"">4:03</a> 아니 ㅋㅋㅋ뭐예요",False,
@Ssssimsj,"오래오래 행복하게 살았습니다 엔딩은 없나요 .. 배우들 사정으로 인한 하차는 알겠지만.. 원년 멤버들 출연이 어렵다면 걔네 잘살고있대 <br>정도로만으로도 좋을텐데.. 안나오는 멤버는 한 1년은 넘게 안나오는거같고 서사 팔로우하기도 힘드네요",False,
@jipdol-cf6hq,사랑했어<br>사랑했기 때문에 꼭 행복해야해<br>짧대도 정국이도 진아도<br>그리고 나도<br>행복하자,False,
@남효근-e4z,정국이 재입대하나요?,False,
@라차드,그래 이렇게 하차 하는거지,False,
@흥얼-i7u,"<a href=""https://www.youtube.com/watch?v=o6oTVfo2aTo&amp;t=205"">3:25</a> 비 왔냐고ㅋㅋ",False,
@리오-o3x,그....와....어....안되는데...,False,
@zlzydn888,지난 에피소드에서 정국이 실수 많이 하더니 결국 후폭풍이 오는구나... 그래도 이 정도면 나쁘지 않은 이별이네...,False,
@zeusgnar,아니원년멤버커플 제발 그만 깨줘요...ㅠㅠㅠㅠㅠㅠㅠㅠㅠㅠ내최애커플정국진아지켜......,False,
@Danmer089,둘다 아직 어리잖아..시행착오 겪으면서 서로 맞춰가면서 같이 어른이 되어가면서 오래오래 만나줘ㅠㅠ 제발 정국진아는 안헤어졌음 좋겠어 진아가 오래오래 좋아했잖아ㅠㅠ,False,
@ogoogoo,"<a href=""https://www.youtube.com/watch?v=o6oTVfo2aTo&amp;t=302"">5:02</a> “너무좋다 만약에 우리 헤어지면 이 기억때문에 엄청 슬플 것 같을 만큼” 짧대 ‘그냥 그렇다고’에 실려있던 문구네요! 제가 읽으면서 이 문구를 가장 좋아했어요 ㅎㅎ 책 페이지를 사진으로 찍어 앨범에 간직했었는데,, 이렇게 진아가 말하는걸 들으니 또 감회가 새로워요..! 언제나처럼 앞으로도 짧은대본 팬입니다 ❤️❤️",False,
@난뗜,연애 초반 특 에피소드에서 이미 나왔던 대사랍니다 ㅎㅎ 수미상관이에요,True,@ogoogoo
@정정-r5y6b,저는 에피소드에서 본건데 그 문구 저도 참 좋아했어요 ㅎㅎ 좋음과 그 좋음이 나중엔 슬픔으로 변할거라는 두려움도 공존하는 느낌<br>그래서 더 아련함이 더해지고요,True,@ogoogoo
@데이데이-o2g,안돼.....안돼안돼ㅠㅠㅠㅠ,False,
@YHcho-lk1fr,짧대 초기커플들 다 깨지고 정국이란 진아 남았는데...좀 좋게 갔으면 좋겠는데...,False,
@아우라-d5z,"<a href=""https://www.youtube.com/watch?v=o6oTVfo2aTo&amp;t=233"">3:53</a> 혜지 오랜만이네ㅋㅋㅋㅋ",False,
@모만타,혜지어딨음?,True,@아우라-d5z
@아우라-d5z,@모만타  뒤에 아웃포커싱,True,@아우라-d5z
@o209-w7h,혜지 아닌 거 같은디,True,@아우라-d5z
@aaaa-og3tv,초반부터 보기 힘드네.. 아니 애인한테 야야 거리면서 거칠고 신경질적인 행동 이건 예의가 아니지 않나?,False,
@Wisesaying네로,와 정국이 진짜 연기 인정,False,
@현현-y6u,저러는거 특이에요? 지 남친 바보 만들고 얼마나 예의없고 무례한건데 저게,False,
@대치동아줌마,"ㅠㅠㅠㅠㅠㅠ원년멤버 계속 나왔으면 좋겠댜,,,",False,
@hahahahahahahaha156,"이분들 더  안나오면 저 더이상 짧대를 볼 자신이 없습니다 이대로 끝내지 말아주세요,,,,",False,
@이현영-h0y,혜지 이름만 들어도 반갑네...,False,
@스포해안해,여기 배우 분들 김아영처럼 공중파로 진출하셨으면 좋겠다 다들 연기가 ㄷㄷ,False,
@멍삼-j6r,울디마 정국 진아 ㅠㅠㅠㅠㅠㅠㅠㅠㅠㅠㅠㅠㅠㅠㅠㅠㅠㅠㅠㅠㅠㅠ,False,
@뚜-b6u-l3n,와 정국이 연기 미쳤다<br>오ㅐ 헤어지고 싶은데 말 못하겠어? <br>ㅠㅠ,False,
@bb-bn8db,ㅠㅠ 정국진아 정말 좋아했는데..,False,
@HanjinLee-x3l,그래서 헤어지나요?,False,
@짤랑이-l7r,아 .. 진짜 맘아파서 못보겠다,False,
@김윤서-p3w2n,아니왜9분이노싸다만느낌,False,
@최지원-e8c2zo,그니까 하앙 나는 오늘 쌋는데 4번,True,@김윤서-p3w2n
@최지원-e8c2zo,5번 쌀걸 한번 더 할까?,True,@김윤서-p3w2n
@sometimesHappyy,근데 확장판 보면 이해가 가는 건가요? 얘네 서사도 없이 갑자기 헤어지는 게 ...,False,
@sometimesHappyy,@@Nopyungrye 아뇨 사귀고 나서 나온 커플 에피도 몇 개 안되는데 갑자기 헤어짐을 결심한 진아로 나와서요,True,@sometimesHappyy
@clearlink08,요새 웹드 왜케 다 헤어지냐,False,
@tjdrbsable,전에는 뭔가 스토리가 이어지는걸 보는 재미가있었는데. 요즘은 ... 뭔가.. 뭔지 모르겠어요...,False,
@jigu000,만나기 전에가 훨씬 좋았다는 말이 너무 이해가 된다.. 그래서 진짜 잘맞고 좋은 사람을 만나도 연애 호로몬 얘기만 생각이 나서 어차피 사겨도 2-3년뒤엔 헤어지겠지 하고 그냥 친구로 지내는게 더 좋겠다 싶다가도 연애도 하고싶고 ㅏ아ㅏㅏㅓㅏ,False,
@Ghost_highcalorie,"<a href=""https://www.youtube.com/watch?v=o6oTVfo2aTo&amp;t=159"">2:39</a> 와이퍼임?",False,
@촤용,쩡국이도 군대가나,False,
@정신차려-g7r,아이앀ㅋㅋㅋㅋㅋㅋㅌㅌㅌㅌㅌㅌㅌㅌㅌㅌㅌㅌㅌㅌㅌ준빵조교패딩입는거개웃김,False,
@clearlink08,ㄹㅇ 내 전남친들 중 한 명이 이별하는길 페북에다가 올리길래 난 이별직감했고<br>나는 다른 전남친한테 널 사랑하지 않아 노래불러줬음<br>이별 신호ㅋㅋㅋㅋㅋㅋㅋㅋㅋㅋㅋㅋㅋㅋ,False,
@GGMU-s8n,이 둘은 행복하길 바람,False,
@TrickWilliams-s6x,다 깨지네 다 깨져..,False,
@pompom-701,짧대 초창기 커플들은 다 헤어지는것같네….ㅠㅠㅠ 이제 남은 커플이 얼마나 있을라나… 제발 결혼까지 골인하는 커플도 있기를😢😢😢,False,
@user-xf3mk1co1x,결혼할 나이가 되고 결혼할 사람을 만나니까 이렇게 아리고 슬프게 헤어지지 않아도 돼서 사실 너무 좋음.. 20대의 연애는 항상 언제 어떻게 끝날지 몰라 불안했는데. 나는 30대의 연애가 더 좋더라,False,
@아지마망,얘네도ㅠ헤어지는건가??  무슨 다 헤어지노..ㅠ,False,
@Myunbull_hujub,다 헤어지네..,False,
@스지-c5e,짜증나게 같은 부분만 1837393번째 보고있네요… 눈물나게..짜증나네,False,
@ckckfkfkgkgk,으 헤어지고 싶어 으 너무 싫어,False,
@이선우-x3g,헤어지고 싶은데 같이 여행은 왜감ㅋㅋㅋㅋㅋ 시간낭비인데 저게 정국이 한테 존나 대못박는 짓이라는걸 모르나ㅋㅋㅋㅋ 아니면 저렇게 행동하면서 정국이 반응보면 카타르시스를 느끼는건가 제발 저러지 좀 마라,False,
@G2_man,오래돼서 다들 성장했지만<br>캠퍼스스토리 시절로 돌아가면 좋겠습니다<br>다들 취업하고 현생이야기만 나오니 아숩,False,
@Ing_ing_22,정국이 연기 개잘함,False,
@김대훈-q2b,결혼 하는 커플 좀 나와라 진짜<br> 죄다 헤어지네,False,
@ckckfkfkgkgk,으 정상인 없는 짧대,False,
@열매-x1c,"<a href=""https://www.youtube.com/watch?v=o6oTVfo2aTo&amp;t=89"">01:29</a> 혜지 목소리 얼마만이야… 소중해..",False,
@제이-c5o,한 번에 우르르 만나기도 하면 한 번에 우르르 헤어지기도 하는 듯... 이 시기가 지나면 또 예쁜 커플들이 많이 생기길 바라요 ㅠㅠㅠㅠ,False,
@kang6s,안돼ㅠ 나 &#39;동네 오빠 동생 사이&#39;로 짧대 입문했단 말이야ㅋㅋ<br>이게 현실일리 없어~,False,
@ho-wonjeong835,둘이 닮았다..,False,
@빅망-h3b,헤어지면 구취하고 안본다고했는데 구취할때인가...,False,
@송블랙,여기는 뭐 어디 나사 하나 빠진 비정상애들만 모여서 연애함?ㅋㅋㅋㅋ,False,
@김대희-f6i,얘네 아직 안헤어짐?,False,
@SB-vq5sm,헤어지지마..,False,
@sunyy-s5n,여기나오는 사람들 다 정상 아니죠?,False,
@ghdltghdl,맞다…정국이가 연기를 잘했었지…맞아,False,
@sunyy-s5n,말하다가 지치면 말도하기싫고  포기하고 마음접음,False,
@밍굴-e5i,정국 진아 보려고 짧대 보던 사람으로서.. 원년 커플 다 깨지고 올라오는 영상들이 다 무거워서 감정적으로 조금 지쳐요😂 뉴비 커플들이 현실적으로 헤어지는건 쭉 이어져서 이입이 잘 됐지만 원년 커플들은 오랜만에 보는거니 더 멀게 느껴진달까요... 서사에 비해 행복한 모습은 너무 적게 보는 기분이라 아쉽습니다😢,False,
@kimyh0033,"서수민님...<br>&quot;나의 해리에게&quot;나오신 거보고<br>너무 반가웠습니당~😘🫰<br>-----------------------------<br>진아정국이...헤어지면 친한<br> 동네오빠, 동생으로도 볼 수 <br>없을텐데~<br>그게 더  슬플 것 같아요~!😢🥹",False,
@박호진-y6q,"<a href=""https://www.youtube.com/watch?v=o6oTVfo2aTo&amp;t=245"">4:05</a> ???????? ㅋㅋㅋㅋㅋㅋㅋㅋㅋㅋㅋㅋㅋㅋㅋㅋㅋㅋㅋㅋㅋㅋㅋ",False,
@jqjdnuqunwveoiuf,시나리오 작가님 이별하셨음? 왜 모든 커플을 다 깨뜨리시나,False,
@wnwn1218,그럼 헤어지는건가...?,False,
@samhot7083,그래 다 헤어지고 절에나 들어가자 이제,False,
@Yangyoooooom,"<a href=""https://www.youtube.com/watch?v=o6oTVfo2aTo&amp;t=58"">0:58</a> :…? 안녕하세요…",False,
@류정우-f2i,"<a href=""https://www.youtube.com/watch?v=o6oTVfo2aTo&amp;t=187"">3:07</a> ㅋㅋㅋㅋㅋㅋㅋㅋㅋㅋㅋㅋㅋㅋㅋㅋㅋㅋㅋ",False,
@beenjelly6736,정국 진아는 결혼까지 가길 바랬지만 ㅠㅠㅠ,False,
@망원동앞치마,혜지 목소리 오랜만에 듣넹,False,
@뭘봐-e2k,5년 만난 남자친구에게 이별을 고하러 가기 전 너무 울어서 기분전환겸 딱 하나만 재밌는거 보러 유투브 들어왔는데 이 영상이 딱 떠있네요 후회 없는 선택이에요 몇시간 후에 제가 덜 아프길 바라며 다녀오고 또 볼게요,False,
@suuuooo,잘 다녀와요,True,@뭘봐-e2k
@mistorm7502,다 이유가 있으시겠죠…잘 다녀오세요😢,True,@뭘봐-e2k
@pompom-701,저도 두달뒤면 딱 5년 만난 남친이 있어서… 얼마나 울고 슬프셨을지 조금이나마 가늠이 되네요.. 정말 시간이 약이라고 처음엔 많이 힘들고 아프지만 점차 시간 지나면 아물거예요.. 그래도 너무 힘들어하지않으셨으면 좋겠네요……,True,@뭘봐-e2k
@ARTG-ux4lx,잘 다녀와요,True,@뭘봐-e2k
@Ivya225,😢,True,@뭘봐-e2k
@ayayk6468,이번화 썸네일 진아 눈부터 너무 슬프네...,False,
@kimjongheon3158,근본 두둥등장,False,
@gsh-oq1yc,재입대 하나요?,False,
@독거노인-o7d,헤어질껀데 왜 여행가는거에요? 진짜 궁금해서 물어봄,False,
@이인-o4m,"아무리 밉고 원망스러워도 전에 사랑한 마음이 일말조차 없어지는 건 아니거든요 여행가서 그냥..아름답게 추억으로 마무리 하고 싶은거죠 물론 계속 마음이 먹먹하고 슬프고 무겁지만 애써웃으며 마지막을 정리해요 나를 위해서 무언가 해주던 저남자의 모습, 우리가 걸을 때 다니는 자세 모습까지도 그저 추억을 한번 더 새기는거죠 어차피 한번 더 추억을 남기나 안남기나 추억이야 차고넘치니까..뭐.. 속상하지만 이대로 끝내기에는 그아이도 힘들까봐서요ㅎㅎ이해됬을지 모르겠네요",True,@독거노인-o7d
@이인-o4m,"못챙겨줬던거 괜시리 한번 더 챙겨줘도 보고..고마웠던 마음, 미안했던 마음 모두 최대한 표현하고 올 수 있는 기회..?ㅎㅅㅎ",True,@독거노인-o7d
@rumeysacalik,짧은 대본 작가님들.. 왜 모든 커플을 헤어지고 만들어요... 이 커플은 행복했잖아요.. 좀 냅둬요..,False,
@ap2ppdkeo1,행복하진 않음. 둘다 술 좋아하고 헌팅같은거 하려고 시도함,True,@rumeysacalik
@sflower.3620,"<a href=""https://www.youtube.com/watch?v=o6oTVfo2aTo&amp;t=492"">8:12</a> 저 말 끝에 붙이는 어?가 진짜 미친거ㅏ 같다 내가 하고 있는 말이 다 틀렸다고 얘기해주길 바라는.. 그런 마음이 함축된 한마디라서",False,
@강경완-u4q,😮...,True,@sflower.3620
@soxheeim_5505,존ㄴ 맘아프다ㅜ,True,@sflower.3620
@hAnj1soo,왁 운서동에서 찍으셧네요,False,
@여름이니까아이스-t8o,헤어지시전  숨막히는 분위기.... 진아정국은  집안끼리도 친해서  해피엔딩이길바랬는데 ㅠㅠ,False,
@노래하는둘리,그냥 질린건데.. 헤어질땐 오만 이유 다 갖다붙이지 ㅎㅎ특별할것도없는 그냥 보통의 연애인걸 .,False,
@도훈-m9i,전 화에서 “진아랑 언제 헤어져요?” 하면서 지나갔는데 떡밥이었다니😮,False,
@글사람-r4v,이별이 왜 슬픈 줄 아십니까? 누군가는 이별을 말해야 하기 때문입니다...,False,
@프-s2u,뭐래,True,@글사람-r4v
@arsipharyadi,"슬픈데, 근데 왜 만두 같냐 정구기 ㅋㅋㅋㅋㅋㅋㅋㅋ",False,
@얀주-w3v,진아.정국도 헤어지는구나ㅠ. 방가운 원년멤버들❤ 혜지두 목소리말고 얼굴보여주세요~~,False,
@russo7344,혜지는 언제 나오나요???,False,
@shkk3728,"<a href=""https://www.youtube.com/watch?v=o6oTVfo2aTo&amp;t=233"">3:53</a> ㅋㅋㅋㅋㅋ 이정재에여? 공기를 썰어먹네",False,
@Stuhhhhhh,5년 전부터 이어지던 커플이 드디어 깨지네,False,
@realisshoman.,왜 이렇게 끝나요.. 후속편 올려주세요ㅜ,False,
@cxx_exx,회피형과 집착형 연애가 참...,False,
@호엥-e4f,"<a href=""https://www.youtube.com/watch?v=o6oTVfo2aTo&amp;t=493"">8:13</a> 어떻게 그런말을 해… 이 말이 상처가 되네요ㅠㅠ",False,
@빈-o2q,아니라고 대답하길 원하는거잖아요 ㅠㅠ,True,@호엥-e4f
@Hamjiyul,정국이 머리 깍아서 그런지 오늘따라 더 웃기네ㅋㅋㅋㅋㄱㅋㅋㅋㅋㅋㅋㅋ,False,
@김현섭-s1d,왜 다 헤어져… 정국이는 군대도 안 가는데!!! ㅠㅠㅠ(군비하가 아니구 군입대 하시는 배우들은 다 헤어지시는 스토리로 마무리 돼서 적었어요),False,
@수성민,왜 가나요? 군필이에용?,True,@김현섭-s1d
@김현섭-s1d,@ 군필인걸로 알아요! 다른 미필 배우분들은 군대가야 해서 다 헤어지는 스토리로 가시더라고요,True,@김현섭-s1d
@goldman256,첫 씬 부터 개 빡돌게 하네,False,
@지윤-j8v,정국이 군대가요?,False,
@이정수-p2h,진짜 편집 미치겠다 ㅋㅋ,False,
@효로록-m3p,정국진아 오랜만인데 ..,False,
@백승유-r4q,어째 짧대 커플은 단 한 커플도 빠짐없이 헤어지는게 국룰이냐 어째..,False,
@신승환-p8z,만남이 있으면 헤어짐도 있는 법이죠<br>그 헤어짐이 언제 찾아오느냐의 차이일 뿐,True,@백승유-r4q
@왹-u1z,"<a href=""https://www.youtube.com/watch?v=o6oTVfo2aTo&amp;t=101"">1:41</a> 아 저번부터 뭐 던지면 이상한걸로 바뀌는거 너무웃김ㅋㅋㅋㅋㅋ",False,
@김-c2r,짧대는 이제 정국이를 코미디언으로 밀어주려는걸까..?,False,
@설기-w3p,왜 헤어지고싶은데 ㅜㅜ 진아야 동국아 ㅜ 왜 동국이는 진지한데 하 슬퍼,False,
@jh-mr8qi,아니 근데 정국이 반삭 왜한건데,False,
@lIlIlllII,헤어질때 됐지. 정국이가 꼰댓짓 겁나함.,False,
@이지쟁이,차ㅋㅋ뒤에서밀어주는것같은데ㅋ,False,
@아련한그리움,아우; 질려 말 쳐 안하는거,False,
@krn2923,기존멤버들 너무 조아여ㅕㅕㅕ!<br>자주 보여쥬세요!!!,False,
@user-jc9nn2ou8i,하 1주 전에 헤어졌는데 PTSD 오네요,False,
@iIiIiIiI534,와 1기맴버 오랜만 ㅠㅠ,False,
@박강현-l1s,이별 여행이 떠오르네요...,False,
@luvjk0901,저번에 정국이 말이 너무 의미심장해서 불안했는데 ㅜㅠㅠㅠ안돼 정국진아….,False,
@Jinmiim,ㅋㅋㅋㅋㅋㅋㅋㅋ,False,
@user-ny6ty5qs7x,얘기할땐 못알아듣더니 맘정리 다하고 더이상 아무요구도 안하면 귀신같이 알아채고 지혼자 미안하다 이때 이랬다 바뀌겠다 하면서 술술 잘말하더라 이미 맘정리 다 됐을땐 아 다 알고있었구나 진짜 모르는줄 알았는데...라는 생각밖엔 안듦,False,
@h_tias,오래 사귈수록 서로가 편해지니까 세심하게 신경써주지 못했던것들이 서운함으로 다가왔던거죠..ㅠㅠ,True,@user-ny6ty5qs7x
@jiyoon8789,전지적 여자시점,True,@user-ny6ty5qs7x
@N_ML_FI,맞아 근데 맘 식고 이래버리면 알면서도 안했던거네? 하고 더 괘씸해지는데 그래도 믿어볼까..하고 계속 만나볼까 머리 복잡해짐..  이러다 이성이 이기면 어차피 다시 돌아갈거 뻔해서 헤어지고  정이 이기면 또 질질 끌다가 또 싸우고 더 상처받고 헤어지는듯,True,@user-ny6ty5qs7x
@rpaudeoznsh,사실 뭐 음 아직 제가 잘 모르는걸수도 있고 어리석은것일수도 있는데 못알아들었다면 전달이 잘못되진않았을까 로는 생각하기 힘든가요? 아니면 욕심이 아닐까 이런쪽으로는…,True,@user-ny6ty5qs7x
@rpaudeoznsh,서운했던 것들이 과연 만남에 문제가 될지 안될지 생각을 먼저 해보고 판단한다면.. 상대방 입장에 서서 배려를 좀 더 해준다면 좋을텐데…만남에 있어서 항상 이게 안되니까 너무 아쉬운거 같네요,True,@user-ny6ty5qs7x
@user-jf1fd9djkl,이거때문에 머리도 자르신 남배우님 ㄷㄷ,False,
@뚜루루루룽,이정도면 저옷택배오면 헤어지는거아니니..ㅋㅋㅋㅋㅋ,False,
@yoy0_l4nd,Kenapa pada putus sih elah malah ikut ikutan jadi solo kayak aku huhu,False,
@권오성-v5e,오랜만에 나온 커플이네요ㅋㅋ,False,
@치즈-e9x,"헤어지지마,,,",False,
@박영재-o9c,너무 현실적이어서 코끝이 찡한ㅠㅠ 가을 날씨에 더 시려오네요,False,
@푸우-v9z,짧대에 나오는 모든 커플들이 다 술에 가스라이팅에 바람에 자격지심에 싸우고 헤어지기만 하니까 보기가 조금 지쳐요ㅠㅠ 중간중간 예쁘게 정상적인 연애하는 커플도 있었으면 좋겠어요,False,
@Min-eu1nu,뭔가 잘가다가 군대 크리터져서 다 급선회 해버리는 느낌도 있네요 ㅋㅋㅋ,True,@푸우-v9z
@힙알못-r8i,전 현실적이라 더 좋은 것 같아요,True,@푸우-v9z
@힙알못-r8i,사람이 가진 하자를 잘 표현하는 게 인상적이라 해야하나,True,@푸우-v9z
@mooncccc,스토리가 안나와요 정상적이면<br>공감류 웹드라서 자극적인 소재일수밖에..,True,@푸우-v9z
@user-kooppgsfdewq,커플들 연애 기간이 길어질수록 싸우는건 당연한건데 ㅋㅋㅋ 만남이 있으면 헤어짐도 있는 법이고. 다들 연애 해봤으면 상대가 저렇게 각 잡는거 경험 해봤을텐데.. 얼마나 피 말리는지. 정말 현실적인 소재라서 더 공감 얻는거임,True,@푸우-v9z
@무라피나,그래 깨지고 부서져라,False,
@그린앵두-o3v,내 안에서 맘이 식는게 느껴지고 <br>불과 얼마전까지만 해도 이해되던것들을 도저히 봐줄수 없겠는데<br>몸에 벤 나를 위한 행동에 또 기대하고<br>무너지고를 반복하다 끝나는.<br>사랑은 영원하지 않아 알지만 매번 속지,False,
@withme1412,"참아지는데, 참는게 오래 화딱지 나지는 않고 으이그 화상 하고 금방 풀어지는 상대가 있어요. 그걸 으른들은 짚신의 제짝이라 하구요. 짝을 만나실 거예요. 오래 걸리지 않을 거고 오래 행복하실 거예요.",True,@그린앵두-o3v
@모만타,참다참다 이젠 이게 참아선 안되는거구나 느껴지는 시점,True,@그린앵두-o3v
@qnfrhfbsakxmrqjq,"다 본능이에요<br>그런걸 가지고 자책할 필요가 없습니다<br>원래 연애세포라 불리는 것들의 수명은 그리 길지 않거든요...다 노력으로 유지되는거지<br>어차피 연애, 사랑이런것도 냉정하게 이야기하면 번식과정에서 나타나는 것들을 가지고 이루어지는 것들이니 그 한계가 있을 수 밖에요<br>우리도 동물입니다",True,@그린앵두-o3v
@rpaudeoznsh,속았다는건 내 욕심이고 도저히 봐줄수 없다는건 마음이 식었다는것이다. 모든 원인이 나인데 왜 상대방에게서 헤어짐을 찾는지 모르겠다.,True,@그린앵두-o3v
@존키팅-x1z,진아야 안뇽😊,False,
@sugarwhale2079,펜암 편함?,False,
@도도지-h4o,"<a href=""https://www.youtube.com/watch?v=o6oTVfo2aTo&amp;t=389"">6:29</a> 레전드",False,
@user-sg6jy8gp6y,헤어지지마제발,False,
@kevin_mun,올 것이 왔다..,False,
@akrdo7128,"<a href=""https://www.youtube.com/watch?v=o6oTVfo2aTo&amp;t=247"">4:07</a> 편집 미쳤다 하지먄 유리창에 준빵 맞고 떨어지는 패딩 발견",False,
@포켓몬-c6o,어케봤노 ㄷㄷ,True,@akrdo7128
@차니의일상브이로그,진아같은 스타일 너무 싫은데 저는..상대방 답답하게만드는 스타일ㅠ,False,
@spring_0v0,원년맴버들 왜 다 헤어지냐ㅜㅜㅜ맘아프넹..<br>정국진아 커플 전 일때 응원엄청했는뎅...,False,
@jiyeoning,정국혜지파랑 정국진아파 엄청 갈렸던거 생각나네.. 그때 정국진아 이루어져서 엄청 좋아했는데..,True,@spring_0v0
@spring_0v0,@@jiyeoning 인졍.... ㅠㅠㅠㅠ,True,@spring_0v0
@user-lx7or1ny1j,와 정국 연기력 뭐야...,False,
@Iwantnormal,정국햄 뒤틀린 박새로이가 됐네…,False,
@jmh2361,짧대에서 멀쩡한 연애하는 커플좀 보고싶은데  <br>어케 하나같이 다  싸우고 헤어지게 만드는지... <br>멀쩡한 커플 하나라도 남겨주세여,False,
@박준영-j7s,그게 현실이니까................ 삶이 그러하니까,True,@jmh2361
@rururu65,그게 현실인걸요,True,@jmh2361
@pompom-701,"꼭 다 헤어지진 않죠,,, 저도 5년쨔 한번도 안헤어지고 사귀고있고 제 지인도 11년째 쭉 잘 사귀는중 ㅠㅠ 너무 다 헤어지지 않았으면 …… 잔잔하고 알콩달콩 사겨주면 안될까…..😂",True,@jmh2361
@GDCGL5,꼭 헤어지면 현실타령하더라 주변에 대학교때 연애해서 끝까지 가는 경우도 꽤 많은데,True,@jmh2361
@박준영-j7s,@@GDCGL5 헤어지는 경우는 더 많겠디<br>두려워 하지마  넌 꼭 다를거야!,True,@jmh2361
@JOUOii,이 커플은 이상하게 감정이입이 안됨 ㅋㅋ,False,
@hjc3566,몰입할만큼 안다뤄줌,True,@JOUOii
@정2-c2t,저도 ㅎㅎ;;,True,@JOUOii
@이름을잘몰라요,결혼할것도 아닌데 그나이땐 헤어지고 차이고 하는거다  .. 큰 의미 두지마라,False,
@Hansolking,서로좋아하는데 왜헤어져😢😢😢😢,False,
@배씨는별로없음,헤어지지마,False,
@user-yo8si6wk1v,아진짜슬프다,False,
@김라윤-l9h,오 대박 이제 조만간 다시 혜지도 나오나요?? 목소리가 진짜 혜지인데😮😮,False,
@ggayz,빌어야지 와 나엿음 빌었어 하긴... 지금도 후회중😢,False,
@cocoloveyou012,우앙 우리동네다!!!,False,
@울룰루-w8m,밥먹고있었는데ㄴㅇㅅ,False,
@hjc3566,드디어 정국 이야기 풀어주네 진짜 좀 팍팍좀 해줘라,False,
@밍갱-b3n,정국이 확신의 개그캐 ㅋㅋ,False,
@sori7772,"현재이나 다음으로 최애 커플,,,, ㅠㅠ 시간이란게 참 ㅠㅠ",False,
@Levinatsume,"<a href=""https://www.youtube.com/watch?v=o6oTVfo2aTo&amp;t=241"">4:01</a> 형이 여기서 왜나와..?",False,
@이재민-q2l1b,"불과 한달전 내모습같다.. 보는내내 눈물 참으면서 봤어요.. 서로 힘들어하는 모습, 친구와 만나서 정리하는 모습, 만나고있을동안의 그 어색한 모습... 너무 슬프네요 오늘도 혼술하고 자렵니다...",False,
@Khulaann,아 진짜로요ㅠㅠㅠ,True,@이재민-q2l1b
@홍승주-c2n,힘내요,True,@이재민-q2l1b
@사비나-m7n,힘내지마요,True,@이재민-q2l1b
@jihyeon3608,"<a href=""https://www.youtube.com/watch?v=o6oTVfo2aTo&amp;t=393"">6:33</a> 연기력 진짜 ㄹㅈㄷ",False,
@user-kv6ny,ㄹㅇ 호흡까지 완벽함..,True,@jihyeon3608
@user-pw4sj3mv4j,딱 저 말 했을 때 생각났음.. 진짜 저 어투로 똑같이  말했음 그사람한테 감정적으로 안 말하려고 웃으면서 노력하는데 눈물 차오르는 느낌이었음.. 저 장면 보고 그때 생각나서 울컥함.. 진짜 연기 잘함,True,@jihyeon3608
@안녕-o6j8h,나도느낌 사람들 느끼는게 다 똑같네....,True,@jihyeon3608
@준예-u8x,저 말 하기 싫은데 내가 해야함...,True,@jihyeon3608
@ppeorov,진짜 저거보고 와.. 연구많이한듯,True,@jihyeon3608
@민서-n2v,정국이랑 진아보러왔어요❤,False,
@dangjo6879,머리때메 헤어진줄요 ㅋㅋㅋㅋㅋ,False,
@체육인-g7g,ㅋㅋㅋㅋㅋㅋㅋ물어내 내감동,True,@dangjo6879
@skdlftp,"<a href=""https://www.youtube.com/watch?v=o6oTVfo2aTo&amp;t=393"">6:33</a> 연기 무슨일이야...",False,
@eoghks10200,연기아니고 진짜인줄.. 완전 공감되네요..,True,@skdlftp
@mimikk-o3t,저부분 진짜 정국 배우 인생장면이다 장례식에도 틀어도됨,True,@skdlftp
@잉-c7w,"@@mimikk-o3t 정국,,",True,@skdlftp
@안녕-o6j8h,나도느낌 사람들 느끼는게 다 똑같네....,True,@skdlftp
@mimikk-o3t,@@잉-c7w 하하 아머쓱해 알려주셔서 감사해요,True,@skdlftp
@Mollayoo893,ㅋㅋㅋㅋㅋㅋㅋㅋㅋㅋㅋㅋ아니 이럴수가.. 오늘 남자친구가 생각할 시간 좀 갖자고 카톡 왔는데.... 이렇게 또 어떻게 아시고.....눈물나네...,False,
@dongchan2,"<a href=""https://www.youtube.com/watch?v=o6oTVfo2aTo&amp;t=245"">04:05</a> 개웃기네",False,
@버릇없는곰,아 다 헤어지네 ㅜㅜ,False,
@Chanxxnn,"<a href=""https://www.youtube.com/watch?v=o6oTVfo2aTo&amp;t=394"">6:34</a> 연기 미쳤다",False,
@ldg1244,ㅇㅈ,True,@Chanxxnn
@ywj4055,말은해야하는데 입밖으로 내는게 너무 슬프고 두려운 말을 해야할때,True,@Chanxxnn
@useryoojin,진짜 미쳤다,True,@Chanxxnn
@wiqqqp,너무 겪어본 적 있는 순간이라 뭔가 울컥함..ㅋㅋㅋ ㅜㅜ,True,@Chanxxnn
@qudxo45,헤어지기 전에 그 조짐이 보인다는 건 정말 절망적이다 차이는 입장이라면 특히.. 사귀기전에 고백할 것 같다는 그 두근거리는 조짐과 너무 상반되어..,False,
@I9딸감용-자료v-e6x,↖⬆️,True,@qudxo45
@iovahx,"하아.. 정국 진짜 하남자의 정석,, 진아 좋은 남자 만나아..",False,
@송현민-d9w,정국이 어디가 하남자 포인트에요?,True,@iovahx
@iir-r9u,다른영상들에 나오는 .. 그리고 둘이 싸울때 나오는 모습들,True,@iovahx
@비2-m7c,헤어지면 더 좋은 남자 만날거라는 여자들의 흔한 착각… 만나는 사람이 본인 수준인지 모르고,True,@iovahx
@iir-r9u,@@비2-m7c 가끔 진짜 똥차잡는 애들도 있음,True,@iovahx
@Happy-q4k,@@비2-m7c여자만이 아님 인간 본성,True,@iovahx
@봄여름가을겨울-i7u,연애에서 익숙해진다는게.....슬프고 참 어렵다 ㅠㅠㅠㅠ,False,
@sykim7425,정국이 밤톨핑,False,
@98donor,"<a href=""https://www.youtube.com/watch?v=o6oTVfo2aTo&amp;t=242"">4:02</a> 형이 왜 거기서나와..?",False,
@황교찬-u7h,떴다 내 야동,False,
@kokurong,ㅋㅋㅋㅋ 핸드폰 던지는데 도롱뇽젤리로 변해버렼ㅋㅋㅋㅋㅋㅋ,False,
@Moonlight-0727,대박 2분전 너무 오랜만이네요😭😭 여기 계속 유지해줘서 너무 고마워요.. 다들 연기력도 많이 상승하고.. 추억도 돋네여,False,
@지현-e5j8q,"<a href=""https://www.youtube.com/watch?v=o6oTVfo2aTo&amp;t=103"">1:43</a>ㅋㅋㅋㅋㅋㅋㅋㅋㅋㅋㅋㅋㅋㅋ놀래라",False,
@영양갱-h3u,혜지 ㅠㅜㅠㅠㅜㅠ,False,
@수족냉증-s8t,너무 좋다 정국진아,False,
@cr2600,하관 운명설 넘 똑같음,False,
@HONJAHANUNMAN,허겁지겁 와서요,False,
@Nanahako4286,여기모든커플 다 싸우고 헤어지나유ㅜㅜ,False,
@HEYS1STER,1빠 하고싶었는데 5빠..,False,
@lpj0220,1,False,
@김도현-k6s9x,3등,False,
@나부랭이-w7y,누가 차이는지 보려고 달려왔습니다,False,
@Levinatsume,남자에 한표,True,@나부랭이-w7y
@이린-z2k,ㅇㅈ,True,@나부랭이-w7y
@터키쉬앙고라,시발ㅋㅋㅋㅋㅋㅋㅋㅋㅋㅋ,True,@나부랭이-w7y
@jiiii1379,"난 여자일 듯 ,, 정국이 저 얘기하고 쿨한척 하려고 먼저 찼을 듯 ㅠ<br>평소 진아 성격은 여지를 조금 더 주는 성격이고 정국이는 이번 영상에서 나왔듯 계속 쿨한 척 하는 성격이라 ,,<br>정국이가 저 말 하고 나서 “그래 그러면 그냥 헤어지자,” 이런 식으로 말했을 듯 ,, 진아는 계속 아끼고 곱씹고 담아두던 것을 ㅠ <br>자존심 때문에 입 밖에 꺼냈을 듯 ㅠ",True,@나부랭이-w7y
@rpaudeoznsh,아끼고 곱씹고 담아뒀다면 적어도 티는 내지 말았어야했다고 생각함 .<br>불안함은 상대방 몫인데 그 모든것을 받아드리고 정국이가 먼저 헤어짐을 꺼낸것은 오히려 진아가 배려받았다고 해야할 부분이라고 생각함,True,@나부랭이-w7y
@short_paper,"짧은 대본 협업 기념, 팬암 최대 혜택 ✨<br>✔유튜브 더보기 또는 영상의 제품보기를 클릭 하시면 세부 상품정보 확인과 구입을 할 수 있습니다!! <br>✔짧은 대본 유튜브 커머스 팬암 제품 구매시 30% 혜택 <br>✔팬암 여행 파우치 &amp; 캐리어 네임택 증정🛍<br>멤버십 가입 - <a href=""https://www.youtube.com/channel/UChgOgRNxrtCcVARDQT_c-Zg/join"">https://www.youtube.com/channel/UChgOgRNxrtCcVARDQT_c-Zg/join</a><br>정국 - 남중규 <a href=""https://www.instagram.com/namdoonggu?igsh=NWpya3l4M2kwdWRl"">https://www.instagram.com/namdoonggu?igsh=NWpya3l4M2kwdWRl</a><br>진아 - 서수민 <a href=""https://www.instagram.com/zzing_e_rang?igsh=a3IydTM4dWIyOXYy"">https://www.instagram.com/zzing_e_rang?igsh=a3IydTM4dWIyOXYy</a><br>과즙준수 - 준빵조교 <a href=""https://www.instagram.com/junbbang_jogyo?igsh=Z2RsZm8zZjl5NWIw"">https://www.instagram.com/junbbang_jogyo?igsh=Z2RsZm8zZjl5NWIw</a><br>그리고 짧은대본 <a href=""https://www.instagram.com/short_paper"">https://www.instagram.com/short_paper</a><br>배우지원 - short_audi@<a href=""http://naver.com/"">naver.com</a>",False,
@DavidaJarvis,ㄱ글 에서 벳프리 보느라 눈밑에까지 다크써클 들어옴 ... 진짜 근데이뻐서 눈을못떼겟다...,True,@short_paper
@GuinevereFlowerLike,ㄱ글 에서 벳프리 보고 나면 다낵질 보충제 한사발 빨아야 한다는데 사실인가요?ㅋ,True,@short_paper
@까아꾸웅-n1f,미친 진아정국 떴다 집가서집중해서봐야됨 이건,False,
@karen6575,😮,False,
@NaegajjangEZ,24초전ㄷㄷ 운명인가봐,False,
@조미-u5f,딱누워잇엇는데!,False,
@세윤-g4z,1,False,
@Jjuqpik,뭐야 오랜만이다 이커플,False,
@얀순,와 원년멤버 간만이다! 정국 진아 헤어지면안돼..,False,
@soba2908,오우,False,
