author,comment,is_reply,reply_to
@dietjo311,"먹어조들 안녕!!<br>사실 제가 저번주에 일주일동안 혼자 호주를 다녀왔는데요🇦🇺 호주 브이로그를 촬영하느라 찍어둔 먹방이 모자라서 아쉬운대로 국밥 모음집 영상을 들고 왔답니다😋😋<br>요즘같이 쌀쌀한 날씨에.. 전기장판에서 이불 덮고 보기 딱 좋은 영상이랄까..♨️<br>다들 옷 따뜻하게 입으시고 감기 조심하시고!!! 호주 브이로그도 얼른 말아올게요 ㅎㅎ 오늘도 영상 보러 와주셔서 감사합니다🥰<br>.<br>.<br><a href=""https://www.youtube.com/watch?v=PKkUyTMx8eg"">00:00</a> [조선제일국밥] 갈비탕 (8,900₩)<br><a href=""https://www.youtube.com/watch?v=PKkUyTMx8eg&amp;t=178"">02:58</a> [전주깍두기] 명품설렁탕(8,000₩)<br><a href=""https://www.youtube.com/watch?v=PKkUyTMx8eg&amp;t=484"">08:04</a> [전주깍두기] 육개장(8,000￦)<br><a href=""https://www.youtube.com/watch?v=PKkUyTMx8eg&amp;t=683"">11:23</a> [향 감자탕] 감자탕 1인분(10,000₩)<br><a href=""https://www.youtube.com/watch?v=PKkUyTMx8eg&amp;t=947"">15:47</a> [전주깍두기] 명품얼큰 왕갈비탕(14,000₩)<br><a href=""https://www.youtube.com/watch?v=PKkUyTMx8eg&amp;t=1277"">21:17</a> [전주깍두기] 명품설렁탕(10,000₩), 고기왕만두(6,000₩)<br><a href=""https://www.youtube.com/watch?v=PKkUyTMx8eg&amp;t=1533"">25:33</a> [전주깍두기] 산더미 왕갈비탕(15,000₩)+특(13,000₩), 고기왕만두(6,000₩)",False,
@2nabuu-s8z,이게 무슨 깜짝 선물이야아아,True,@dietjo311
@Jessicakim-w6l,강아지마냥 기다릴겟어!!!,True,@dietjo311
@breadkimpingpong,왜이렇게 탕들이 다 싸지… ㅠㅠㅠ 주위에 국밥 싸야 9000원이고 만원이 기본인데 ㅠㅠㅠ 11000원이 제일 많이 보임..,True,@dietjo311
@손혜진-q1z,"<a href=""https://www.youtube.com/watch?v=PKkUyTMx8eg&amp;t=1855"">30:55</a> : <a href=""https://www.youtube.com/watch?v=PKkUyTMx8eg&amp;t=1855"">30:55</a> <a href=""https://www.youtube.com/watch?v=PKkUyTMx8eg&amp;t=1855"">30:55</a> <a href=""https://www.youtube.com/watch?v=PKkUyTMx8eg&amp;t=1855"">30:55</a> 30: <a href=""https://www.youtube.com/watch?v=PKkUyTMx8eg&amp;t=1855"">30:55</a> : 30: <a href=""https://www.youtube.com/watch?v=PKkUyTMx8eg&amp;t=1855"">30:55</a>",True,@dietjo311
@손혜진-q1z,"<a href=""https://www.youtube.com/watch?v=PKkUyTMx8eg&amp;t=1855"">30:55</a>",True,@dietjo311
@winbeautiful,국밥❤❤ 아이 러브 잇 💕 국밥은 사랑입니다 ㅋㅋㅋㅋ살빼조님 올해에도 우리 국밥길 걸어욧ㅋㅋㅋㅋㅋ,False,
@웅니-k8b,언닝~~ 다음엔 치킨 모아보기도 만들어 쥬세요!!!,False,
@유나-z3z,언니 오랜만에 슈프림 먹어조❤️❤️,False,
@user-parksoi,왜 다시 안경 끼신건가요..?,False,
@으이-w7i,"남이 국밥 먹는거 30분 동안 본거 처음인데여…쾌감쩌러……만두 국물에 담먹 하는거까지 완벼케,,,빼조 엽닭에 떡 추가해서 먹어조🤍 그렇게 맛있다던데,,,<br>호주미쳤다미쳤다",False,
@오리발-s7h,언ㄴ니 혹시 ..틱톡 계정 있어?? 언니 영상이 출처도 없이 프사도 도용당한채로 돌아다니던데 혹시 언니 계정인가 해서 🥺,False,
@Dksisjn_wo0181,언니 마라탕 먹방 모음집도 해주세여오오...ㅠㅠㅠㅠㅠ맨날 검색창에 “살빼조 마라탕” 일케 쳐서 하나씩 정주행해요 ㅎㅎ......마라탕모음집 기다리고 있겠숩니당!!!!!!😍😍😍,False,
@dea.r6eh,"운니 마이크 없이 ㅁ먹는게 역시 더 좋은 것 같아요,, 언니 영상은 전문 먹방 유튜버가 아니라 그냥 평범한 사람이 식사하는 걸 영상으로 찍어 기록하는 맛으로 보는건대 마이크 끼고 음질 좋아지니까 먼가 친숙함이 떨어지는거 가터잉ㅠ",False,
@연아피,안녕하세요 저는 서울여고 1학년 선플달기 봉사활동을 하고 있는 연아입니다!!!!!새벽에 배고플 때마다 살빼조님 영상보는데 보기만 해도 행복해요!!살빼조님 덕분에 야식 참아요 앞으로도 좋은 영상 부탁드려요💗,False,
@aaahyee8016,전주 미가옥 본점 가봐주세오.. 콩나물 국밥 먹방...!!!!,False,
@문다인-d7f,궁금해서 그런데 영상 한편 편집하실때 보통 몇시간 정도 걸리나용??,False,
@dolor3301,"전주는 왜 그렇게 맛있는게 많응걸가요,,,, 흑흐구ㅠ",False,
@원이-u7b,옛날영상도 있다보니 언니 안경 낀 모습 그때 그 분위기 화질? 느낌이 있어서 추억 돋아요 암튼 국밥 모음집 넘 좋아여💕,False,
@Lucy_lja,전주 왤케 쌈 ㅠ 난 살빼조 고향인 정읍에서 사는데 정읍은 국밥 최소 11000원은 잡고 가야 함,False,
@01yu37,너무좋아요.진짜내가꼭 전주가서 두루치기 갈비탕 방잡고다시켜먹어볼거임,False,
@dhdhdhdh1111,감자탕의 감자는 채소가 아니라 돼지 척수뼈를 부르는 말인 감저의 변형어입니다..!,False,
@지나가는븅신,와아아앙 침 주르르륵..,False,
@jamie_pop,국밥먹방 주기적으로 보고있엇는데 이렇게 모음집을 내주시면;;...❤ 너무 좋다,False,
@미디기-g3f,혹시 전주깍두기 어느 지점인가요..?중화산동점은 명품얼큰갈비탕이 없던데...너무 맛있겠어여ㅠㅠㅠㅠ,False,
@반쪽-c8l,아 저번에 본 영상이랑 겹친다 생각했는데 모음집이었네,False,
@yaong5425,살빼조님 조용히 드시다가 꿈틀땐스 튀어나올때 희열을 느낌,False,
@sound_of_course,국밥girl,False,
@김보경-p4g7r,내 속이 다 따땃해진다🤍..,False,
@jejudo-giroo,배고플 때 보면 안되는 영상!! 위장부터 창자에서 꼬르륵 소리 유발해서 충동구매 부르는 영상!!,False,
@yourmemoriesss,갈비탕이 8900원... 엄청 가성비다,False,
@김보경-p4g7r,4년전 기준이고 지금은 가격 많이 올랐더라구요,True,@yourmemoriesss
@민-s7o,예전영상 모음집 보니 지금 확실하게 맛있게 못드시는게 보이네요..ㅜㅜㅎㅎ,False,
@무미-r7d,아싸,False,
@MINNSSOLEE,"갈비탕 나올 때마다 먹고 싶어죽겠네ㅠ 세상에서 갈비탕 제일 맛있게 먹기 1등,,",False,
@하이밀카,자기전에 살빼조 영상이라니 💗,False,
@sol6310,나 미쳐,False,
@핸-h9r,보기만 해도 따듯하다..❤️‍🔥,False,
@이루-g5x,"<a href=""https://www.youtube.com/watch?v=PKkUyTMx8eg&amp;t=547"">9:07</a> 고사리!!",False,
@suuuuing,와 해장할때마다 봐야지! 영상 만들어줘서 고마워요🙂‍↕️🩷,False,
@TinaK.D,라식인가 라섹하지 않으셨나요? 안경끼고 계시길래.. 라식 생각하고 있었거든요 😅,False,
@christmasmerry3183,배달음식 한벅 먹는데 쓰레기가..😢 직접 가서 드시는건 어떠신지🫶 그나저나 요즘 콩나물 국밥도 8000원 시대인데 국밥 8900 귀하다..,False,
@hhhh0.0,왘 국밥 모음집 지금 날씨게 보기 너무 좋고..❤️ 이제 시험도 다 끝나서 살빼조 언니 영상 맘 편히 볼수 있기에 더더 좋고~👊✌️,False,
@와랄랄랄릴,미췬 이걸 진짜 만들어주다니...........감사합니다 감사합니다.....,False,
@전생부터냥집사,"내일 아침에 갈비탕 특으로 먹을테야 ㅠㅠ 진짜 국밥먹방 한국인 심금웋려,,,",False,
@마동필대장,먹고싶다….,False,
@띠용-l1p,언니 감자가 들어가서 감자탕이아니고 뼈 사이에 들어가있는 노란색 물렁(?)한 그걸 감자라고 한대요!! 옛날 고딩 알바시절 감자탕 사장님께 배운 정보랍니다.. ㅎㅎ그냥 알려드리고 싶어서 매일 영상만 보다 처음 댓글 남겨요..ㅎ,False,
@일반시청자-d1o,와 이번 국밥시리즈 미치겟다..,False,
@mememem2,전주 깍두기 비중 ㅋㅋㅋㅋㅋㅋㅋ 타임라인만 보고 광고인줄 알았네유 뜨끈하니 먹고싶다 🤤🤤🤤,False,
@rosie1448,와 호주? 기대 기대~ 얼릉 업뎃 원츄😊,False,
@gamgyuel,"아니 국밥 이렇게 맛있게 먹기 있냐구요,,,,,,,, 국밥만 먹으면 밥 두공기 먹게 돼서 자제중인데 진짜 마싯겟다,, 조만간 먹어야지😚😚",False,
@호이권-s8s,드디어....!,False,
@Jkmmahjas,보기만 해도 든든해짐,False,
@stay_0325-v8u,만칼로리 보고싶어요😂😂😂😂,False,
@해피해피-g4o,잠옷 소매에 김치국물이나 젓갈 묻는거 자꾸 눈이가는…👀 좀만 소매 올려주고싶다ㅋㅋ,False,
@user-rr2sk6tr5g,이걸 원했다구요!!!!!!!!!!!!!!!!😭,False,
@연연-s9s,혹시 초찰꼬 모음도..🥹 굳이 초코일 필요는 없고 찰떡꼬치 모음 만들어주세요🫶🏻,False,
@ttmaqqa,오늘도 갈비탕으로 시작하길래 저번꺼 잘못 재생한줄ㅋㅋㅋㅋㅋㅋㅋㅋㅋㅋ,False,
@gffccccaaszsvaca,미텩ㄷ ㄷ저녁으로 국밥 머엌스데 침 니옽다,False,
@히히히정,수능 끝난 뒤 몰아보는 살빼조 언니영상 = 천국 그자체 😇😘🥹,False,
@dearblue824,첫번째 국밥영상 제 최애영상... 먹는 쾌감 ㅠㅠㅠㅠㅠㅠㅠ,False,
@bobe6874,국밥 먹방 최고....,False,
@민기-b6t,아닝... 진짜로 국밥이 끌린 적이 한번도 없었는데 이번 영상을 보니 너~무 맜있게 드시는 거예요! 그래서 지금 먹을 수는 없어서 처음으로 친구 한데 국밥 먹으로 가자고 해서 약속 잡았잖아요ㅋㅋ 아 진짜 영상 보면서 쓰고 있는 지금도 너무 먹고 싶어요.. ㅠㅠ,False,
@횬미니-v6h,교정은 어떻게 진행중인가요?,False,
@바라바라밥-d7i,와… 진짜 국밥 너무 맛있게 드신다 이건국밥좋아허는사람이면 ㄹㅇ 못참음 ㅠㅠ 미챴어,False,
@eunttobing,여윽시 추울때는 뜨끈한~국밥이~지요우~😋,False,
@Yun-tq1ys,아 내일 시험인데 이건 봐야징 ㅋㅋㅋ,False,
@하훞,와.. 언니 깍두기가 두바이 초콜릿 ASMR이랑 똑같아요 ㅋㅋㅋㅋㅋ 둘다 와작와작,False,
@qkralsdk,진짜 호주브이로그만 기다리고 있어요🥹🥹🥹🥹 그나저나 향교 은행 지금이 황금기라네욤 어제 갔다 왔는데 너무 예뻤어염<br>또 1년 기다릴 수 있으니까 얼른 다녀와요!!,False,
@nolanonlang,첫번째 국밥영상은 진짜 100번정도 본듯.... 너무 좋아,False,
@Seong_won__,"국밥 너무 맛있게 드셔서 넘 조화요,,🫶🏻",False,
@해피해피-m9q,진짜 야무지게 드시네요..😀,False,
@유브,❣❣❣,False,
@나나yyu321,깍두기 진짜 마싯게먹네 ㅠㅠㅠ 난 진짜 먹방 유튜버들 보면 국밥먹을때 국밥만 먹는거보다 깍두기 이런거 같이먹는 유튜버가 더 조음,False,
@라노-e9d,엉니 집밥 모음도 해조요 어머님 음식 넘 마싯어보이고 특유의 따뜻한 느낌이 넘 조음 ㅠ김치볶음밥에 석박지였나... 와삭와삭 씸어먹던 영상이 잊혀지지를 않아~~~그리고 밤에 야식으로 김이랑 김치 싸먹던것두 ㅋㅋㅋㅋ 불닭이랑 물만두 먹던 것도 누무좋고ㅠ 가족분들 가끔 같이 나오시는 것도 힐링이구!!!,False,
@이혜민-o8g,진심 국밥보다 깍두기가 더 땡겨서 숟갈로 막 퍼먹었어요 ㅋㅋㅋㅋㅋㅋㅋㅋㅋㅋㅋㅋㅋㅋㅋㅋㅋㅋ,False,
@댓글러-q4o,"일주일 호주여행 인생 개부러워ㅜㅜ 해외여행, 국내여행 가고 싶은곳 맘껏 다니는 거 진짜 부럽네요.. 국밥 모음집은 올라왔구 엽떡 모음집도 존버!",False,
@user-lr1ix1zc6m,하 언니 진짜 사랑ㅠㅜ 제가 이것만 찾아보는걸 어떻게앟고ㅠㅠ,False,
@시은이-z2u,갈비탕이랑 저 반찬들이 8900원이라니.. 가성비..,False,
@daaxini,언니…..후하후하 실기고사 일주일 남았는데 응원해조…😢,False,
@꾸꾸목-f9k,보통 먹방보면 국밥 먹을때 개노잼인데<br>살빼조님은 진짜 국밥녀야 중독이야,False,
@JjJj10762,호주?????벌써 기대돼요!!,False,
@맹똥맹똥,기다렸어!!!!!,False,
@김수현-n5f6h,영상보고 갈비탕 시키신분 👍 눌러보아요!! 일단 나👍,False,
@ssuny_7,헉~~혼자 해외여행이라니~진짜 대단하세요~살빼조님 두루치기 드디어 먹어봤는데 맛있었어요~맛잇는 곳 많이 추천해주세요❤,False,
@김윤영-y8c1p,"배두둑감자탕,두거리우신탕,동원순대,연와미당(갈비탕)전주찐국밥집입니다!기회되면 꼬옥 드셔보세요😊",False,
@enefk8162,이거 기다린거 어찌아셨나요..❤,False,
@BORA_0308,국밥핑,False,
@김효진-e3c6y,육개장에 도리지가 아니라 고사리,False,
@signal_gyeong,ㅜ 진짜 개같이 달려왔어요 날씨도 추워지는데 감기 조심하시고 건강 챙기셔요 악플들은 제가 다 패버릴 수가 없어서 너무 아쉽네요 항상 좋은 것만 보시고 좋은 것만 드시고 좋은 일만 생기시길 ㅠㅠ -살빼조님 보는 게 나의 소소한 행복이에요 🎉,False,
@김여원-x2t,언니 익산 종갓집 갈비탕도 맛있어요 살이 진짜 보드랍고 토실토실하고 거기 겨자소스도 찍어먹으면 맛있어요 언니가 좋아하실 것 같아서 추천!!드ㅡ립니다 ㅎㅎ,False,
@jessicalee5949,아니벌써 수면잠옷ㅋㅋㅋㅋ,False,
@Jinsimis2,고기 부위가 감자입미댯❤,False,
@슈붕마시써,아 떴냐 밥친구??,False,
@sooyj3690,감자탕에 &#39;감자&#39;는 그 감자가 아니구 돼지등뼈 척수 부위를 &#39;감저&#39;라고 하는데 그게 유래되서 감자탕이라고 한대요. 저도 안지 얼마안됐음ㅎㅎ<br>감자탕에 들깨가루 듬뿍 넣어 먹음 꿀맛❤,False,
@kyyyyhjj1,그거 대표적으로 잘못 알려진 루머에요 돼지 등뼈를 ‘감자’라고 불렀다는 기록이나 사실이 전혀 없다고 합니다 감자탕의 감자는 흔히 아는 그 감자(potato) 맞습니다~ 다만 시간이 흐르면서 요리의 주재료가 바뀌게 된거죠,True,@sooyj3690
@냥냥-c8c,살빼조는 사실 한식러버임,False,
@박운선-q5l,먹는거볼때마다 느끼는데   저렇걱먹구  안찌는게이상한거아닌가요  진짜  많이먹네요,False,
@김근영-q5y,감자탕 고기 부분 이름이 감자예요!!!,False,
@가으니-e4m,미.쳤.다 호들갑 떨면서 들어옴,False,
@hanniehae1oo4_svt,"빼조님 디엠 안보서서 댓글오 남겨요! 스토리에 올리신 계란 삶는 방법 진짜진짜 위험해요!! 물론 성공한 사람들도 있겠지만, 저희 언니가 이 방법으로 삶은 뒤 먹으려고 베어 먹는 순간 터져서 입술 화상 치료받았었어요...귀찮더라도 물 끓이시고 삶으시길 추천드려요 ㅠㅠㅠㅠ 국밥 영상도 잘 볼게요 ㅎㅎ",False,
@Eryp77-d7c,퇴근길에 저녁메뉴 고르라고 맞춰 올린것좀 봐...센스터져요🎉,False,
@dolmengyi1307,국밥 모음집이라 쓰고 전주깍두기 먹방이라 읽는다❤️,False,
@쩽짹이,제발 얼큰 왕갈비탕 다시 한번만 더 먹어주세요ㅠㅠㅠㅠㅠ 제 기준 원탑 국밥먹방,False,
@Dongneul,"첫번째 국밥영상 왤케 익숙하지,,,전에 봣던거마냥",False,
@axhyeone,이거 모음집이에요!,True,@Dongneul
@gffccccaaszsvaca,ㅋㅋㅋㅋ 아무래도 봤던 거니까요,True,@Dongneul
@qkrwhdejrqkqh,아마 봣던거라서 봣던거마냥 익숙한거같아요.,True,@Dongneul
@김서은-k1l,봣던거여서 익숙하져 당연히 ㅋㅋㅋㅋㅋ(윤하콘서트인천대구부산에서곧해요,True,@Dongneul
@taemtaem_h,날씨선택 오지고지리고레릿고🎉,False,
@iszszyou,진짜 국밥의 악마랑 계약이라도 했나 내가 아는 사람 중에 국밥 제일 맛있게 먹음 ㅁㅊ겟다,False,
@eseo24,아..ㅠ 내 최애 갈비탕 먹방 주기적으로 보는데 모음집 영상 넘 좋음..🍲,False,
@calchi._.,오늘도 밥먹으면서 살빼조님 국밥영상봤는데 ㅋㅋㅋㅋ 모음집보니까 제가 더 속 풀리고 뜨끈해지는 느낌이네요🔥😂,False,
@chichichi_0,언니가 먹은것들 너무 궁금해서 나 전주여행 가기로했어 웅니… 전주깍두기 너도 기다려라….,False,
@이디야커피부영점,고사리 도라지라고하는거 넘 귀여고만요,False,
@김가은-d2z,하 저 설렁탕 영상 너무 좋음ㅠㅠ 둘다 뽀얗고...ㅠ,False,
@랄랄라쥬,감자탕이 감자 들어있어서가 아니라 그 고기 부위 이름이 감자래요!!,False,
@Yunz214,넘무 조아❤,False,
@breadkimpingpong,"<a href=""https://www.youtube.com/watch?v=PKkUyTMx8eg&amp;t=780"">13:00</a> 감자탕은 감자가 들어가서 감자탕이 아니라 고기 부위가 감자인걸로 알고잇어욥",False,
@yeununs,웅니 배떡 먹어주세요옹,False,
@melong1852,국밥 모음집~~ 넘 좋아요!<br>전주가면 전주깍두기에 가봐야겠어요~❤,False,
@떄럐햬쟤먤럐걔-h5s,퇴근하면서 보는데 개 좋아요,False,
@dddww679,아니 뭐냐 이거 선물인가 흐아아아아에앵???🥺🙏🫶🍒➿💓,False,
@박혜원-q9y,겨울에는 역시 국밥이죠 이거 보니까 몸이 뜨듯해지는 기분...,False,
@강수빈-n6x,"두루치기 시켜먹으려다 들어왔는데 영상이 있눼잉,, 마라 먹을까 일반 먹을까요?? 저메추좀..",False,
@yee189,우왕 감기 조심해요 언니,False,
@song77394,이이이잉!!! 생일날 빼조님 영상!!! 럭키!!!!,False,
@Jerry0721,살빼조님 쌀국수먹어주세용😍,False,
@빈블링o,👍🏻,False,
@마마ipo,옛날 영상 감성죽인다..‼️⭐️물론 지금도 조음,False,
@무냥juu,2개빼고 다 전주깍두기야 ㅋㅋㅋㅋㅋㅋㅋ,False,
@user-qo7ud7ip49,언니! 우리 학교 앞에 언니 사진 대문짝하게 붙어있는 김치 두루치기 집 생겼더랑!!,False,
@선플쓰기운동,국밥은 못참지!!!!!!!!😮😮😮,False,
@daekeun3331,살빼조님 이 시간에 영상이 올라온다고? 이건 못참지!! 집 가는 버스에서 심심함을 달래주는 영상으로 최소다! 파자마도 너무너무 귀여요,False,
@haha-s2j4e,진짜 국밥 모음집만 항상 기다렸어요ㅜㅜ 재밌게 볼게용 (호주 브이로그 너무 기대돼요!!),False,
@user-cq8dc4zt4t,나는 언니 국밥 영상이 제일 좋아…🥹❤️,False,
@쭈쭈-s9u,살빼조가 말아주는... 국밥 채고G...❤,False,
@농담곰문담욱,날 쌀쌀해지면 믿고 보는 국밥빼조 모음집!!!,False,
@소현-y7f,호주브이로그 개큰기대 중...🦘♥️,False,
@sanglogsu_chohui,"뜨끈한 국밥의계절~ 성큼다가왔구만요 호주잘다녀오셨어요?한편으론부러워요😢 쿼카 캥거루등 보러다니던게 엊그제인데 이제 초겨울 쌀쌀해요 입동지나서 전주가면 저기 깍두기국밥집도가보려고 리스트적어뒀답니다😂  전 오늘 저녁국밥😁 이번국밥특집 영상도 주연동생 잘볼께요🤗 올해도 감기,독감조심하시고요!!",False,
@어쩌라궁-s9s,살빼조는 유명한 내 밥친구임,False,
@yxes-c6r,"벌써..겨울이네요.. 따뜻한 이불 속에서 귤 까먹으면서 언ㄴ니 영상 보는게 내 삶의 낙,, 다들 올해 잘 마무리하슈~~",False,
@양파-z8q,국밥처럼 뜨뜻해지는 영상이네요☺️,False,
@샤키피요-x6v,미쳤다 너무 행복합니다… 언니의 영상 업로드😭♥️♥️,False,
@서시밀,왓다 내 국밥 아티스트🥰,False,
@이지-42,역시 우린 국밥의민족,False,
@user_enffl316,왔다 내 두바이초콜릿...❤,False,
@호홍-s7g,전주깍두기 비중ㅋㅋㅋㅋ 츄릅,False,
@hyundddi0,전주깍두기 국밥집 김치가 그렇게 맛있나 봐요............. 대부분 여기에서 시켜드신 ㅋㅋㅋㅋㅋㅋ 저도 먹어 봐야겠어요 🤤🤤,False,
@ezz118,ㅋㅋㅋㅋㅋ 거의 다 전주깍두기 집이야 ㅋㅋㅋㅋㅋ,False,
@3847-x9s,"첫 장면 보자마자 국밥 먹고 싶어졌어요,, 언니가 제 마라탕 값 만원을 아껴줬어요💪",False,
@mtsampm,헐,False,
@subinjeang1719,기다렸어요!! 이런 추워질때 국밥이라닛!!😊,False,
@jieun_form,기다렸어요 😢❤,False,
@user-cg6fz5zq8c,하 드데어 웅니 용상 행복하다,False,
@user-qw1wv3yy5m,안 그래도 뭐 볼지 고민 중이었는데!!!!!!! 언니 영상 잘 볼게요 ♡,False,
@jsuzh508,하 기다렸어요 ㅠㅠㅠ,False,
@박기범-v3y,살빼조님 브이로그를 잘 볼게요,False,
@행뽁-r7o,꺄아아앙 1등❤,False,
@Potato_headdd,살빼조 국밥먹방 기다리는 속도로 달려와써요오옥🏃🏃‍♀️💨💨,False,
@유니콘똥꼬-z8x,미친 언니 기다려ㅆ어요ㅠㅠㅠㅠ,False,
@껨온SON155,살빼조 DietJo님 먹는모습이 아주예쁘군요.,False,
@강혜원-l4p,언니 1등!!,False,
@김정우여친은나,와언니!! 이게 무슨일이야…국밥이라니………..,False,
@i55.neoumc,언니 사랑해요,False,
@가을-g8v8q,꺅 언니 영상이다😍😍<br>모음집 넘 좋아용,False,
@현서-p2x,언니국밥먹방은신이에요,False,
@dietjo311,"먹어조들 안녕!!<br>사실 제가 저번주에 일주일동안 혼자 호주를 다녀왔는데요🇦🇺 호주 브이로그를 촬영하느라 찍어둔 먹방이 모자라서 아쉬운대로 국밥 모음집 영상을 들고 왔답니다😋😋<br>요즘같이 쌀쌀한 날씨에.. 전기장판에서 이불 덮고 보기 딱 좋은 영상이랄까..♨️<br>다들 옷 따뜻하게 입으시고 감기 조심하시고!!! 호주 브이로그도 얼른 말아올게요 ㅎㅎ 오늘도 영상 보러 와주셔서 감사합니다🥰<br>.<br>.<br><a href=""https://www.youtube.com/watch?v=PKkUyTMx8eg"">00:00</a> [조선제일국밥] 갈비탕 (8,900₩)<br><a href=""https://www.youtube.com/watch?v=PKkUyTMx8eg&amp;t=178"">02:58</a> [전주깍두기] 명품설렁탕(8,000₩)<br><a href=""https://www.youtube.com/watch?v=PKkUyTMx8eg&amp;t=484"">08:04</a> [전주깍두기] 육개장(8,000￦)<br><a href=""https://www.youtube.com/watch?v=PKkUyTMx8eg&amp;t=683"">11:23</a> [향 감자탕] 감자탕 1인분(10,000₩)<br><a href=""https://www.youtube.com/watch?v=PKkUyTMx8eg&amp;t=947"">15:47</a> [전주깍두기] 명품얼큰 왕갈비탕(14,000₩)<br><a href=""https://www.youtube.com/watch?v=PKkUyTMx8eg&amp;t=1277"">21:17</a> [전주깍두기] 명품설렁탕(10,000₩), 고기왕만두(6,000₩)<br><a href=""https://www.youtube.com/watch?v=PKkUyTMx8eg&amp;t=1533"">25:33</a> [전주깍두기] 산더미 왕갈비탕(15,000₩)+특(13,000₩), 고기왕만두(6,000₩)",False,
@2nabuu-s8z,이게 무슨 깜짝 선물이야아아,True,@dietjo311
@Jessicakim-w6l,강아지마냥 기다릴겟어!!!,True,@dietjo311
@breadkimpingpong,왜이렇게 탕들이 다 싸지… ㅠㅠㅠ 주위에 국밥 싸야 9000원이고 만원이 기본인데 ㅠㅠㅠ 11000원이 제일 많이 보임..,True,@dietjo311
@손혜진-q1z,"<a href=""https://www.youtube.com/watch?v=PKkUyTMx8eg&amp;t=1855"">30:55</a> : <a href=""https://www.youtube.com/watch?v=PKkUyTMx8eg&amp;t=1855"">30:55</a> <a href=""https://www.youtube.com/watch?v=PKkUyTMx8eg&amp;t=1855"">30:55</a> <a href=""https://www.youtube.com/watch?v=PKkUyTMx8eg&amp;t=1855"">30:55</a> 30: <a href=""https://www.youtube.com/watch?v=PKkUyTMx8eg&amp;t=1855"">30:55</a> : 30: <a href=""https://www.youtube.com/watch?v=PKkUyTMx8eg&amp;t=1855"">30:55</a>",True,@dietjo311
@손혜진-q1z,"<a href=""https://www.youtube.com/watch?v=PKkUyTMx8eg&amp;t=1855"">30:55</a>",True,@dietjo311
