author,comment,is_reply,reply_to
@낭만바다-h8y,전국노래자랑 인기상 정도 받겠네,False,
@deoksan8788,유우는 일본인인데 ?<br>노래는 조금만 더 다듬으면 ~~~,False,
@jh3117,난 옛날사람인가봐..넘 오글거려요,False,
@하야부사해결사,음 노래는 잘하는 편은 아니고<br>춤은 누구나 출수있는 평범춤을 무대를 활기차게 아니 좀방정맞게 돌아다니는 면이 좀 있네요,False,
@리라임-u1j,"일본 사람 인가요?<br>발음이 영,~시원치 않네",False,
@병하나천성산지기,발음이 아숩다.,False,
@tmboy8651,춤은 진짜 잘 추는데 노래는 좀....,False,
@호야261-g7p,오전반 에어로빅인데요 춤이 ㅋㅋ탈락,False,
@MarlonAnnabelle,이 댓글 보고 ㄱ글 에서 벳프리 보고있는 내 인생이 레전드네 씨밬ㅋㅋㅋㅋ,False,
@JanetFairfax,진짜 ㄱ글 에서 벳프리 에서 방송 하시던분 진짜 잼있어 ... 다시보고 싶어서 가보자 ?,False,
@skyshine9123,김하늘  차태현이  뭘안다고 저기 앉아있나. 전혀 관계없어보이는 사람들이,False,
@버디깨비,유후~~!!!!!!,False,
@사과꽃향기-v7y,이분때문에 이프로 계속보고싶어졌어요.<br>구독하고 갑니다. 화이팅!,False,
@JanetFairfax,ㄱ글 에서 벳프리 보느라 눈밑에까지 다크써클 들어옴 ... 진짜 근데이뻐서 눈을못떼겟다...,True,@사과꽃향기-v7y
@이승범-y2k,귀여워❤,False,
@김성용-y1y,응원합니다,False,
@S.hyungkim,보고또봐도. 상큼하네~♡~<br>우선 유투브에서. 명성을  떨처보면 매일볼수 있을텐데....<br>아깝다~🎉🎉🎉🎉❤❤❤❤❤❤🎉🎉🎉🎉🎉❤❤❤❤❤😊😊😊😊😊😊😊,False,
@S.hyungkim,녀석 ~♡~🎉❤🎉❤😂❤🎉❤🎉🎉❤,False,
@Jesuslove-o9x,순수 결정체다 😂😂<br>다음이 기대된다😊,False,
@홍-c4i,일본사람인가보네 근데 더딴따라 지금 유튜버로 두번 보는데 왜이렇게 약하지 노래도 좀 밋밋하고,False,
@일등항해사-v8w,천재소녀의 등장 주목하라,False,
@yongkim5826,어린나이에 이 목적에 맞는 참가자네요. 아마 일본인이라서 발성 및 발음이 맞지 않을 수 있지만 안무 창작이라든지 그런면에는 끼가 있다고 할 수 있네요.,False,
@무심한량,단순히 춤 하나가 아니라 그냥 사람을 기분좋게 행복하게 만드는 재주가 있는 아이다.,False,
@민성철-v6o,조금 만 드 높이 올렷으면,False,
@GalvinDawn,진짜 ㄱ글 에서 벳프리 에서 방송 하시던분 진짜 잼있어 ... 다시보고 싶어서 가보자,False,
@EgertonOpal,ㅋㅋㅋㅋㅋㅋ ㄱ글 에서 벳프리 모솨서 잼민이 발정났ㅋ,False,
@엄복동-r4e,잘한다새벽비춤도잘추고성고예감한가지부족가창력이좀힘도키우면,False,
@김준호-y1f,말하자면[I WOULD SAY(いわば)] - <br>고(故) 김성재[KIM-SEONG JAE(金成宰)] <br>이현도 작사/곡,False,
@김준호-y1f,&quot;가수[歌手(SINGER)]&quot;인 &quot;혜은이[본명 : 김승주]&quot;씨의 <br>&quot;새벽 비[EARLY-MORNING RAIN(夜明けの雨)]&quot;랑 <br>&quot;가수 겸 래퍼 출신의 작사가[A SINGER AND <br>RAPPER-TURNED-LYRICS WRITER(歌手 <br>兼 ラッパー 出身の作詞家]&quot;인 &quot;고(故) <br>김성재[KIM-SEONG JAE(金成宰)]&quot;씨의 <br>&quot;말하자면[I WOULD SAY(いわば)]&quot;이랑 <br>비슷한 &quot;곡(曲)&quot;이네요.,False,
@김준호-y1f,"[복면가왕] &#39;세차장&#39;의 정체는, &quot;가수 겸 <br>배우&quot;인 &quot;에이핑크[A-PINK]&quot;의 멤버인 <br>윤보미!, MBC 230828 (월요일) (재방송)",False,
@김준호-y1f,"<a href=""http://www.youtube.com/results?search_query=%23%EC%9C%A4%EB%B3%B4%EB%AF%B8"">#윤보미</a> <br><a href=""http://www.youtube.com/results?search_query=%23%EA%B9%80%EC%84%B1%EC%9E%AC"">#김성재</a> <br><a href=""http://www.youtube.com/results?search_query=%23%EB%A7%90%ED%95%98%EC%9E%90%EB%A9%B4"">#말하자면</a>",False,
@user-le3gy5xqt718,일본사람이예요?<br>발음이 한국인은 아닌거같아서요,False,
@후후-p1p,애가 머가 잘한단건지....???,False,
@선한.영향력-f2s,다음 무대가. 보고싶네,False,
@사람-u7j,전문가의 눈은 다른가보네요~ 아이가 맑아보여요. 웃는게 참 예쁘다~,False,
@필사즉생-y9n,발음은 연습좀 해야겠다<br>춤도 그럭저럭<br>우와!~할 정도는 잘 모르겠어요,False,
@전재임-l3h,저렇게 칭찬할 정도는?,False,
@김단우-h2j,유니버스 티켓이라는 오디션에 나온 유우라는 참가자인데 빨간맛에서 랩을 기깔나게 했어요! 한 번만 봐주세요,False,
@박경희-e4t1r,"...,,,,,",False,
@greenchoe9444,춤표정 예술임.특히 춤에서 표정은 1~2초마다 바뀌는건 아무나 할수 있는기술 아님.,False,
@TV-cl9qu,저정도가  잘한다고?<br>ㅋ  우리옆집애도<br>저거보단잘하는뎅,False,
@오쑝,아무나 막뽑는구나<br>스타안만들기만해봐 박진영,False,
@kyhwan0628,진짜 매력 뿜쓰,False,
@StrengthAngelic,여기댓글 왜이럼 ㄷㄷ ㄱ글 에서 벳프리 도대체 머길래--,False,
@EvaThomas-e8j,ㅋㅋㅋㅋㅋㅋ ㄱ글 에서 벳프리 모솨서 잼민이 발정났ㅋ,False,
@오널튜브,칙칙칙칙 을  찍찍찍으로만 브르지 안으면 👍 👍 👍,False,
@akbebuxuwkkd,트와이스2 준비하자,False,
@이야옹-l9k,노래는 못하고 연기는 쫌하네,False,
@QuestaOdette,ㄱ글 에서 벳프리 보고 나면 다낵질 보충제 한사발 빨아야 한다는데 사실인가요?ㅋ,False,
@RosaGraham-v5w,그놈의 ㄱ글 에서 벳프리 댓글 ㅈ 나많네 그렇게죠 좋은가보지 보러갈까?,False,
@NicoletteEighth,ㄱ글 에서 벳프리 보고 나면 다낵질 보충제 한사발 빨아야 한다는데 사실인가요??,False,
@RhettHenrietta,그놈의 ㄱ글 에서 벳프리 댓글 ㅈ 나많네 그렇게죠 좋은가보지 보러갈까??,False,
@nh5536,유니버스티켓에 나왔던 유우네. 최종명단에서는 탈락했지만 여기서 다시보네요. 😊,False,
@lovex3340,이뻐라 자꾸보게된다,False,
@선한.영향력-f2s,노래가. 안정적이라. 오다션중에도. 늘겠다,False,
@해밀가의아이들,신선하네요. 넘 상킁 발랄❤❤❤,False,
@MarlonAnnabelle,ㄱ글 에서 벳프리 이 ㅓㅇ도로 유명했음?  내 듣보잡인줄 알았는데 ㄷㄷ,True,@해밀가의아이들
@박종혁-t6s,정말 아니네요.,False,
@TTSOL-v7v,아이구 귀여워라 ㅎㅎ,False,
@붕어빵-m6g,너무 귀엽네 하지만 노래는 탈락<br>좀더 연습 필요,False,
@박경숙-t2x9p,사랑슬ㆍㄱㅂ다.,False,
@파라-q5i,귀엽고깜찍한데 노래할때 숨차보임,False,
@강상자-n4r,최고,False,
@구독-l3i,2024년에도 빛나는 노래 새벽비!,False,
@늘푸른나무-k7g,댄스는 천재성이 보이는데 노래는 많이 불안하다,False,
@케미-u3x,매력이 잇네,False,
@킴낭건,넘 귀엽다 순수해,False,
@retrievezz,잘하는거 맞음?,False,
@올리비아월세-y6f,유우 너무너무 귀여워요😍 <br>작정하고 추는춤도 보고싶다 <br>유우 화이팅❤❤,False,
@QuestaOdette,헬창들도 ㄱ글 에서 벳프리 보면 근육 다빠진다며 ㅋㅋㅋㅋㅋㅋㅋㅋ 사실임??,True,@올리비아월세-y6f
@브래드핏-u2z,그닥.....,False,
@모건박,은퇴하라,False,
@YasirPak-tj8fc,꼭 JYP 가길 바랍니다  진짜 보석이네요🎉,False,
@TheBest-hq2xo,최곱니다❤,False,
@son-db3hh,아 일본인 별루인데 귀엽네요. 가창력은...,False,
@월정봉,춤은 합격 노래는?,False,
@나는잘하고있는가,귀엽다. ^^,False,
@beroca1305,너무 순수하고 맑네요 성공!!!!!!,False,
@기병박-f3k,노래 아직 좀 더 해야겠지만 스타는 될 것이다 믿는다.연기도 잘 할것 같다.,False,
@chan_5279,그래서 탈락이여 합격이여~편집을 왜 이따구로...,False,
@무소의뿔처럼-k3e,노래가 안되서 어쩌누..   끼는 많은데..  노래는 금방 느는게 아닌디...,False,
@푸하하-m5c,노래실력은 별로구만,False,
@Wuahakdi,Kbs라 그런가 진입장벽이 낮넼ㅋㅋㅋㅋㅋㅋ,False,
@이지환-w3b,일본인?,False,
@그대를응원합니다화이,너무 사랑스럽,False,
@살기힘들다-h6k,와 그냥 춤선이 박진영이네.. 박진영이 너무 좋아하겟네....그냥...춤선이 미쳣네.....근데 노래도 나뿌지 않음 저 시절 뽕끼 잘 살린듯?,False,
@eujinchung3685,원픽 이다,False,
@pds9381,가사를 보면 하나하나 춤으로 승화함~~자작이라는데 대단한 유우~~~~앞으로 어찌 나올지 기대 되는 아이!!!!,False,
@잘가안녕-b2i,흠 신선한 우유넹~~😊😊,False,
@dongkyubaek1819,이야 연예인도 타고 나는구나 천상 연예인이다,False,
@onewayownway2083,걸그룹은 음색입니다 음색이 좋다<br>잘 못하는것처럼 보이는건 발음 문제입니다<br>이발음 문제는 해결가능합니다<br>음색은 블핑의 로제나오마이걸의 승희같은 친구를 찾기가 어렵기때문에 음색좋은사람을 꼭 기획사에서는 놓치면안됩니다,False,
@유은정-c4u,진짜 저렇게 칭찬 들을  정도로 잘하는 건가요?,False,
@오쑝,어이없죠.ㅁㅊ,True,@유은정-c4u
@죠르디-x3h,잘하긴 함,True,@유은정-c4u
@미라주-s9s,어디가 잘 하는지?,True,@유은정-c4u
@suk9074,실력보다는스타성과 앞으로의<br>가능성을보는거같아요 춤실력은좋은거같아요,True,@유은정-c4u
@sh1004-s3e,2024년 11월 13일 기준: 인급동 28위,False,
@sh1004-s3e,"솔직히 부산, 서울 통틀어서 일본인 참가자 “유우” 이 학생만이 생각나고 심지어 호감으로 보여요..<br>jyp에 맞는 인성까지 좋은 참가자 같아요^^<br>실력이야 회사 가서 연습하고 기초부터 다시 차근차근 배우면 가능성 있을듯!!!<br>인상도 좋네요~<br>일단 호감형이네요... (약간 트와이스 식스틴 서바이벌 때 모습 같아서 정이가는 참가자!)<br><br>다른 참가자들은 실력도 있고 프로답고 테크니컬하지만 호감은 아님!!!",False,
@프롬-m9f,이친구보니 귀엽다 노래도 잘하고<br><br>해은이가 정말 노래를 잘하는 가수였다는게 증명됨,False,
@사또아빠,진영아 아무때나 딴따라 쓰지마라 너는 딴따라아니다 귀족딴따라야,False,
@아띠로,발음만 더 좋았으면..,False,
@콜롬보-r4y,숨이차서 그런지 노래가 별로다.<br> 춤은 잘 추하네,False,
@최문석-j5b,귀엽긴한데...,False,
@밝은생각-f5b,너무 귀여운데 귀여움 원툴로 승부하지 않아서 그게 너무 매력이다,False,
@rrarla,이가 왜이렇게 누렇지 나이도 어린데;;일본인은 양치안하나,False,
@zero-d5z,춤과 노래 함께하는건 진짜 어렵움....근데 호흡이 딸리는게 비 전문가이 나도 느끼네. 좀더 노래를 더 배워야 할듯,False,
@love_Blanc,찍찍찍찍,False,
@egoemi,밝아서 너무 좋다.,False,
@kyuro143,오 인동에 올랐네!!!,False,
@สุประภาดาสิทธิประสงค์,앞으로는 이것이 대세가 될 것이다 그것은 바로 롤 지 노,False,
@EnglishK-p6d,고딩때 부른 새벽비는 윤서령 더 좋은데..,False,
@blackstone3819,유유~~~~~~~~~~~~~~~🎉👍👍,False,
@Kmh0909,댄스보다 노래에 더 집중하길~~~!!!<br>시선은 끌었으나~~~~그냥 눈요기로 끝날수도 있음을 알기를.,False,
@달려라-g7e,문어같다,False,
@myoungheeyou9160,끼가 있고 재능 이 많아 보임<br>잘될것 같아 박진영 님 이 잘키워주길,False,
@박부귀영화,한국사람 맞는지 발음이 외국 사람 발음 같음,False,
@hannahannah650,이..이것은 극찬의 의도인가?;;;이런 의문을 가질 정도라니 외국인이에요ㅋㅋ,True,@박부귀영화
@yul5767,밉지않네~~,False,
@juleslee9292,더 딴따라의 수확은 유우라는 보물을 발견한 것!🎉<br>개성이 뚜렷하고 창의력이 뛰어난 예쁘고 귀여운 소녀 우윳 빛깔 카와사키 유우❤<br>꼭 성공해!<br>응원해!😊,False,
@RhettHenrietta,ㄱ글 에서 벳프리 진짜 보다보면 빠져든다 라이브에 수위도좋고 외모도 좋고 삼박자 지렀으,True,@juleslee9292
@로또꽝,방시혁이 박진영 욕했다던데,False,
@안세환-e8j,음악이 별루다 노래실력이 별루다<br>오디션 프로 너무 많이봤나,False,
@미들네임드,찍찍찍찍 넘 귀엽네ㅋ,False,
@니지-q2u,우리나라 성형과하게 한 애들보다 넘 순수하고 이쁘다 정말 누구나 좋아할   깨끗한 우유같은 외모 이런게 스타될상,False,
@JY-xb2iu,깜찍이~^^,False,
@terrienstrompes,재 정말 잘해. 응원하자,False,
@박삼숙-j6r,매력이 넘치네 상큼하고 이뽀요 완전,False,
@user-lovedd,매력 유우💗,False,
@장진-k8f,박진영 벌써 찜,False,
@권혜림-q5h,새벽비부르는가수는누구야 춤꾼 박진영딸같아요 아이돌하기도아까운실력 멋져요 최고❤,False,
@기시기-r2p,유니버스티켓 유우?,False,
@pochilice,yes,True,@기시기-r2p
@꿀꿀이-h8n,새벽비  ~~최신곡 같네요,False,
@기시기-r2p,스타성이 보인다 ❤❤유우❤❤  응원해요,False,
@user-lu7zh2dz6w,귀엽다 너무 사랑스럽공,False,
@slit-888,진짜대박임..천재같아..<br>댄스 춤 언어 창의력 끼 모든게 천재적임....성격도너무좋아..<br>16살이 아니라 36살의 노련함이잇어..,False,
@QuestaOdette,ㅋㅋㅋㅋㅋㅋ ㄱ글 에서 벳프리 모솨서 잼민이 발정났누?,True,@slit-888
@globalhr4264,wow 대박....,False,
@전찬주,춤이 프리스다일 이라니 진짜 대박이다<br>노래 부르기전에 바운스 2번에서 게임 끝났다<br>신기한건 한국말을 어떻게 공부했지<br>그리고 어릴때 독서를 했다고 하니<br>이친구는 무슨일을 하던 잘할꺼 같다,False,
@QuestaOdette,ㄱ글 에서 벳프리 보고 나면 다낵질 보충제 한사발 빨아야 한다는데 사실인가요??,True,@전찬주
@배고픈키티,무조건 jyp연습생으로 데려와라 사나가 보인다,False,
@kapapuri8219,기본이 다르네. 이 친구는 대성할 거 같애,False,
@불타는태양-b5c,1979년 당시 대한민국을 발칵 뒤집는 신인가수의 등장이 혜은이였다면<br>2024년 지금 다시 대한민국을 뒤집는 유우양이 되기를 ㅋ<br>이쁘다요 👍👍,False,
@jungsu17,Wendy so pretty! 🩵,False,
@이광수-g5i,식상한 기성품이 아닌<br>순수한 아마추어림이 좋다. 생기발란한 신인<br>귀엽고 천진순수하다,False,
@김철순-x2y,참 웃긴다.. 혜은이 노래를 이것들이 무슨 평가를 한다고.. ㅉㅉ,False,
@유하린-m1w,진짜 너무 맑고 그냥 너무 예쁘다고 생각이 들었음 오디션을 보러 왔다는 느낌이 아니라 그냥 진짜 유우 만의 무대 같다는 생각이 들었음 그래서 제일 기억에 남았어요 이름도 너무 귀엽다 유우 🥹,False,
@user-fk8kf6fq1p,자기딸바라보듯하네,False,
@이정오-n7l,오디션 프로그램 별로 안좋아는데  쟤는 뭐지 어디서 나타닌거야    이런 얘를 찾을려고 프로그램을 만든건가 싶은 생각이 듬  ❤❤❤😅😅😅,False,
@GogymGo,지리긴하네,False,
@nutjob_rider,너무좋다,False,
@선재-o3i,혜은이가  대단한 가수,False,
@웃자-x7z,혜은이님 노래중 제일 좋아하는 노래인데 귀여운 새벽비네요~^^,False,
@GalvinDawn,ㄱ글 에서 벳프리 보느라 눈밑에까지 다크써클 들어옴 ... 진짜 근데이뻐서 눈을못떼겟다...,True,@웃자-x7z
@zzjoo4361,나만 별로인가ㅋㅋ<br>그전 오디션프로그램 심사기준이 워낙 높아서..,False,
@lk-jv7ek,귀엽다<br>그 외는 없다,False,
@금석정-o7d,에고 이젠 울영탁왕자님 안나오시니까 더이상 보고십지가않네욧,False,
@몽키-b9k,걍  굿  본방사수하고 또보네,False,
@quixoteson3042,"뭔 아이가 벌써 너무 인위적, 가식적 느낌이라….오글거림. 데뷔가 곧 은퇴각",False,
@JennyRiverNY,유우 홧팅!,False,
@김동주-q2y,아니다,False,
@신정희-e6b,영 아니올시다,False,
@GomiHouse,최고다,False,
@나는누구-x2s,본방 보았지요  박진영  차태현님보려구😂🎉응원합니다 더 딴따라👍🍀,False,
@zzinpan_Y,참가자들 이젠 없나보네..,False,
@사랑혀-m6e,아니 이런 사람이 아이돌 안하면 대체 누가 함?,False,
@박시현-j4v,일본소녀 너무 귀여워,False,
@metastock2303,색다른 맛이 있네요.<br>근데 노래 실력은 좀...아쉽네요.,False,
@jinsss231,이걸 보고도 별론데? 혹은 박진영 오버하네 이런애들은 스타성 볼줄을 모르는거임 😅  안타까운거지 😂,False,
@Aaa-77777-m,재롱잔치같다 깊이가. 조금,False,
@소소한일상-m3k,목소리가 너무 이쁘다  잘키우면 완전 대박날것같다,False,
@정민김-w6c,♡천재네.  언어도 그렇고♡,False,
@Onion-sv8pl,발음 연습은 좀 더 하셔야할듯,False,
@BJxxDH,끼가 다분하다고 무작정 스타성이 있는것도 아니고<br>대체 어떤 특별함이 있다는거지?  <br>그저 어린 애가 재롱 부리는 평범한 수준인데?<br>진짜 스타성이 뭔지 모르는건가?<br><br><br>스타성에 있어서 가장 경쟁력있는 요소들 중 최상위에 속하는 것이 우선적으로<br>결여되어있는데 아직 어린 애라서 좋게 본듯하네,False,
@지피지기-f2z,그럴지도...근데 니가 저들 보다 대단해? 그럴만한 이유가 있겠지...그런데 니가 저들보다 전문가야?...니 수준이나 보거라...주제파악이나 해 ~~~,True,@BJxxDH
@BJxxDH,@@지피지기-f2z 내 주제가 뭔데? 저들이 누구에게 잘보이기위해 이런 오디션을 여는데?<br><br>나같은 일반 대중들에게 잘 보이기위해 만드는거란다 <br>니 주제에 어떤 음식을 먹든 음식 평가하지마라 니가 뭔데 요리사야? 주제파악해라 <br>니 주제에 축구선수의 축구실력에 대해 평가하지마라 니가 뭔데 니가 선수야 전문가야? 주제파악해라 <br>니 주제에 영화를 보고나서 재밌니 재미없니 평가하지마라 니가 뭔데 니가 영화평론가니?<br>주제파악해라 <br>니 주제에 <br>니 주제에<br>그 어떤 것이든 그것을 이용하고자 그것을 보고자 그것을 즐기고자 그것을 먹고자 <br>전부 나같은 일반 대중들에게 사랑받기 위함이 아니냐?<br><br>그리고 대중의 인기가 어디서 나오겠냐? 전문가에게 나오냐? 쪼다야<br><br>일반 대중 누구라도 평가할 수 있어  <br><br>뭘 평가하는데 있어서 꼭 무슨 감투가 중요한게 아니야 <br>그리고 내 개인적 견해가 꼭 그게 진리인것도 아니지만 평은 누구나 할 수 있는 권리야<br><br>그냥 내가 느낀 내 개인적 감상평일뿐이고 누구에게 공감받기위해 말하는것도 아니야<br>거기에 니가 왜 끼어들어 니 주제에 라는 말을 쓰냐? 니가 뭔데?<br><br>니 주제나 파악하고 내 갠적 평가에 니 주제가 어떻고 삽소리하지마라 니가뭔데?<br>니가 나한테 뭐되나? 니가 뭔데 나보고 주제타령하냐 <br><br>니가 나한테 무슨권리가 있는데? 난 내 갠적 평가를 했을뿐이고<br>넌 그냥 니 갠적 평가나 해라 남한테 주제가 어떠니 삽소리하지말고 <br><br><br>너는 밥처먹다가도 음식에 대해 이런 저런 평을 하면 니가 뭔데? 니 주제에 그냥쳐먹어<br>라는 소리를 꼭 듣길 바란다,True,@BJxxDH
@choigo_house,유우 귀여웡 ㅎㅎ😂,False,
@봄바람-g6o,혜은이 옛날 원곡동영상보면 역시 원탑혜은이,False,
@이우람-r9x,귀엽고 멋있고 다함👏🏻👏🏻👏🏻또 보고싶은 무대 몇개됨,False,
@StrengthAngelic,헬창들도 ㄱ글 에서 벳프리 보면 근육 다빠진다며 ㅋㅋㅋㅋㅋㅋㅋㅋ 사실임? ㅋ,True,@이우람-r9x
@이순희-w2z,ㅠㅠ,False,
@깡모니카,춤 정말 잘춘다..,False,
@연연박-z1g,스타❤,False,
@K偶然,노래는 좀ᆢ<br>솔직히  듣다가  말았네ㅠ<br>춤은 잘춤,False,
@박재미-n9h,맑다 맑아,False,
@김정하-c9t,참 대단하네여....,False,
@봄날은온다-i6e,탈락,False,
@민들레-s8k,새벽비는 윤서령이 교복 입고 부른 새벽비가 최고인 것 같아요<br>퍼포먼스는 좋은데 노래가 좀 아쉽네요,False,
@용팔이-k3u,박진영 또 오버한다<br>너무 정신 없다 <br>노래나 춤도 그닥,False,
@비비안리-j6j,빛이 나는 친구네용<br>에너지가 넘 좋앙❤❤❤❤,False,
@MarlonAnnabelle,이 댓글 보고 ㄱ글 에서 벳프리 보고있는 내 인생이 레전드네 씨밬ㅋㅋㅋㅋ,True,@비비안리-j6j
@현김-k5b,감이,False,
@Noname-l7x6g,? 경적소리를 치마와함께 퍼지는 fart로 표현? 천잰데? 😂,False,
@전찬주,노래 첫소절 부르기에  바운스 2번에 게임 긑났다<br>노래 춤을 떠나서 한굮말을 어떻게 공부했지,False,
@lier1791,"안정적인데, 진부하지 않고<br>자연스러운데, 신선하다. <br><br>귀여워 보일 뿐이지 드러내지 않은 내공이 엄청 난 듯.",False,
@a-z9e,"유우 매력 하나도 놓칠 수 없다 가득 싣고, 사랑 받는 스타의 길로 달려 갑니다. 응원합니다.",False,
@RosaGraham-v5w,여기댓글 왜이럼 ㄷㄷ ㄱ글 에서 벳프리 도대체 머길래--ㅋ,True,@a-z9e
@EvaThomas-e8j,이 댓글 보고 ㄱ글 에서 벳프리 보고있는 내 인생이 레전드네 씨밬ㅋㅋㅋㅋ?,True,@a-z9e
@StrengthAngelic,ㄹㅇ ㄱ글 에서 벳프리 보면 다른거 눈에도 안들어옴 그냥 다시보면 되니까 개이득임 ㅋㅋㅋㅋ,True,@a-z9e
@박주영-i7q,"주 여호와께서 가라사대 너는 손뼉을 치고 발을 구르며 말할찌어다<br>오호라 이스라엘 족속이 모든 가증한 악을 행하므로 필경 칼과 기근과 온역에 망하되/<br>먼 데 있는 자는 온역에 죽고 가까운데 있는 자는 칼에 엎드러지고 남아 있어 에워싸인<br>자는 기근에 죽으리라 이같이 내 진노를 그들에게 이룬즉/<br>그 살륙당한 시체가 그 우상 사이에,제단 사방에,각 높은 고개에, 모든 산꼭대기에.모든 푸른나무 <br>아래에,무성한 상수리 나무 아래 곧 우상에게 분양하던 곳에 있으리니 너희가 나를 여호와인 줄 알리라/<br>내가 내 손을 그들의 위에 펴서 그 거하는 온 땅 곧 광야에서부터 디블라까지 처량하고 황무하게<br>하리니 그들이 나를 여호와인 줄 알리라(겔.<a href=""https://www.youtube.com/watch?v=rLONVhJNHtc&amp;t=371"">6:11</a>ㅡ14)<br><a href=""UCkszU2WH9gy1mb0dV-11UJg/G8AfY6yWGuKuhL0PlbiA2AE""></a><a href=""UCkszU2WH9gy1mb0dV-11UJg/G8AfY6yWGuKuhL0PlbiA2AE""></a><a href=""UCkszU2WH9gy1mb0dV-11UJg/G8AfY6yWGuKuhL0PlbiA2AE""></a>GOOD<a href=""UCkszU2WH9gy1mb0dV-11UJg/m8MfY4jbFsWJhL0PyouA2Ak""></a><a href=""UCkszU2WH9gy1mb0dV-11UJg/m8MfY4jbFsWJhL0PyouA2Ak""></a><a href=""UCkszU2WH9gy1mb0dV-11UJg/m8MfY4jbFsWJhL0PyouA2Ak""></a>",False,
@곱디,이런 분위기로 춤 추고 표현을 할 거면 굳이 이 노래를 부를 필요가 있나?... 가사를 아예 모르는 건가.<br>이게 솔직히 인순이 아버지를 춤 추고 웃으면서 &quot;아빠 사랑해~&quot; 손하트 하면서 부르는 거랑 뭐가 다르냐,False,
@79park62,kbs 라서 그런가 방송이 너무 촌스럽다는 느낌 제작비가 적어서 그렇다기 보다는 연출자체가 촌스러워 계속 참가자 빠르게 돌려보다가 유우는 스킵없이 오히려 한번 더 돌려봄 다듬기 전인데도 매력 터지네... 매력을 그대로 살려서 잘만 다듬으면 진짜 많은 사람들의 사랑을 받을듯.,False,
@dyba4399,"흙속에 뭍힌 보석같은친구 1년, 2년후 기대되는 친구",False,
@여이정선-m3m,독특,False,
@Jujeop-NyangE,영혼 자체가 다르네요,False,
@멋지다탁,귀엽고 안무도 신선해서 좋았어요 👍 🙆‍♂️💙,False,
@김아무개-q5r,차기 아이돌 무조건 시켜야 한다. 아니 이미 그런건 따논 당상이다.,False,
@이수복-d3y,가창력은 조금<br>아쉽지만 끼가 있어 보이네요😅<br>박진영 심사위원 말이<br>맞는듯ㅎ,False,
@오데마피게-g9p,사람에서 나오는 매력이 느껴지는,False,
@EvaThomas-e8j,여기댓글 왜이럼 ㄷㄷ ㄱ글 에서 벳프리 도대체 머길래--?,True,@오데마피게-g9p
@EgertonOpal,그놈의 ㄱ글 에서 벳프리 때문에 내거기 닳고 닳아서 없어지겠네,True,@오데마피게-g9p
@한모찌-g9q,오늘 1등..,False,
@FatTony-b5o,넘 이뻐,False,
@한모찌-g9q,오늘 제일 기억에 남네..<br>춤 하나는 최고 일 듯..,False,
@RosaGraham-v5w,그놈의 ㄱ글 에서 벳프리 댓글 ㅈ 나많네 그렇게죠 좋은가보지 보러갈까?ㅋ,True,@한모찌-g9q
@MarlonAnnabelle,그놈의 ㄱ글 에서 벳프리 때문에 내거기 닳고 닳아서 없어지겠네,True,@한모찌-g9q
@acacia_flower,새벽비(1979)를 들고 나온 것부터 이미 보통은 아님,False,
@NicoletteEighth,진짜 ㄱ글 에서 벳프리 에서 방송 하시던분 진짜 잼있어 ... 다시보고 싶어서 가보자 ?,True,@acacia_flower
@GalvinDawn,진짜 ㄱ글 에서 벳프리 에서 방송 하시던분 진짜 잼있어 ... 다시보고 싶어서 가보자,True,@acacia_flower
