author,comment,is_reply,reply_to
@gaejuk-e,이거 진짜에요?,False,
@kimbigger8962,이게 대꼴이지,False,
@1742ti,ㅋㅋㅋㅋㅋㅋㅋㅋㅋㅋㅋㅋㅋㅋㅋㅋㅋㅋㅋ😂😂😂😂😂😂😂😂😂😂😂😂😂,False,
@thd5707,2400 영화볼래요 여자애요 남탓하기 유연한남탓,False,
@_Jeong_TaeSoo,지짜네... ㅋㅋㅋ 그냥 시청자가 만든거 인줄 ㅋㅋㅋ,False,
@moondan9006,ㄹㅇ 대꼴영상ㅋㅋㅋㅋㅋ,False,
@iodiin,아오 랄쌤,False,
@이종현-p7n5w,아니 왜ㅋㅋㅋㅋㅋ,False,
@박기현-z9b,ㅋㅋㅋㅋㅋㅋㅋ돈을 얼마나 줬길래…?,False,
@진행시켜-n3w,ㅋㅋㅋㅋㅋㄱㅋ,False,
@ayay0804,"공식영상 맞아요?? 영상 품질이 왜이래요??;;<br>폰으로 찍은것같은 퀄리티 실화냐......<br>이러니 딥페이크, AI 소리듣죠 ㅠ<br>시네캠으로 제대로 찍어야될거아니냐고.....",False,
@만보-n6q,레전드 레전드~~ ㅋㅋㅋ,False,
@user-zx1ix9zu7i,드가자~ 이부분 랄로 유튭보면 존ㅋ나맛있게 한 장면들많은데 광고는 그냥 돈주니까 서비스용 드가자느낌이라 맛없네..;;;,False,
@Honso-p5t,랄팤쥐가 배그 다시 유행시키는데 파급력이 강했나보네,False,
@정우진-z5z8d,사건발생 사건발생,False,
@오리너구-n5k,괴물쥐는 왜 안줘 ㅠㅠ,False,
@gogkokaosdkof,랄로 고추 진짜 대한민국 원탑임,False,
@손민호-z8h,아니시바 이게 뭐고;,False,
@Bruno-z5g,펍지 너 재능있어 이대로만 해,False,
@부산발골군,키작은사람 누구임??,False,
@chu869,요즘 카배에 핵쟁이들 판치는데 잡고는 있는건가 ㅡㅡesp는 기본이네 아주,False,
@얌야미-q4b,레전드 레전드 레전드~,False,
@최기정-x5e,안경닦는 손수것도 할배같은거 썻네ㅋㅋㅋㅋ,False,
@몽몽-k8j,ㅋㅋㅋㅋㅋㅋㅋㅋㅋㅋㅋㅋㅋㅋㅋㅋㅋㅋㅋㅋㅋㅋㅋㅋㅋㅋㅋㅋ,False,
@승정-c8z,광고 보러 클릭한건 첨이네 당했다;,False,
@구라치,이게 요즘 그....딥페이크인가 그거 맞죵?,False,
@어찌그럴수있소,??,False,
@팔협지지키는쌀루,ㅋㅋㅋㅋㅋㅋㅋㅋㅋㅋㅋ아니 ㅈㄴ기엽네,False,
@dlfodls249,레전드 상황 발생 ㅋㅋㅋ,False,
@SlowlyGently,레전드상황발알생,False,
@Akko-d9l,랄로도 순수재미 JOAT로 변한지가 언젠데 이제광고주노 ㅋㅋㅋㅋㅋㅋ진짜 일때<br>줬어야지,False,
@KeeperCharlie,찬호 몸매가 이렇게 말랐다고?,False,
@자기-k9q,거부할수 없는 금액을 제시 받았나 이걸 찍네,False,
@지르코늄-b1f,"대체 얼마를 줫길래 김해사는청년이 밖을나오냐고,,,",False,
@fatcat2090,"<a href=""https://www.youtube.com/watch?v=rO5HYXFbYJo&amp;t=8"">00:08</a> 람쥐",False,
@참참참-f9u,배랄그라운드 뭐냐,False,
@흐음-f9u,ㅋㅋㅋㅋㅋㅋㅋㅋㅋㅋㅋ펜타닐 빨고 광고 만들었노,False,
@user-hj2ul8zr2l,기럭지 좋아서그런가 좀 멋있네 ㅋㅋ,False,
@도그동생,괴물쥐도 있으면 좋겟다,False,
@creatir-bt3qo2nr5n,ㄹㅈㄷ,False,
@creatir-bt3qo2nr5n,ㄹㅈㄷㅅㅎㅂㅅ,False,
@깜찍이곽춘배,꿈인가,False,
@Negimaan,이거 딥페이크 맞제? 넌 손해 좀 보자,False,
@26kj62,ㅋㅋㅋㅋㅋㅋㅋㅋ 홍보는 확실하노,False,
@sda4828,대갈이 개크네 랄로련ㅋㅋㅋㅋㅋㅋㅋㅋㅋㅋㅋㅋㅋㅋㅋㅋㅋㅋㅋㅋㅋㅋ,False,
@sda4828,배그 ㅆ바 감다살 ㅋㅋㅋㅋㅋㅋㅋㅋㅋㅋㅋㅋㅋㅋㅋㅋㅋㅋㅋ ㅈㄴ 웃ㄱ네 ㅋㅋㅋㅋㅋㅋㅋㅋㅋㅋㅋㅋㅋㅋㅋㅋㅋㅋㅋㅋㅋ,False,
@duchanpark6109,내가 보는거 이거 진짜에요?,False,
@jhj8243,이 썸네일을 어케 참노 ㅋㅋㅋㅋㅋ,False,
@청아한청아,랄쌤이 왜 여기에 ㅋㅋㅋㅋㅋㅋㅋㅋㅋㅋㅋㅋㅋㅋ,False,
@덤신가,바로 다음 추천영상에 대꼴에 미친사람들 뜨는게 ㅈㄴ웃기네 ㅋㅋㅋㅋㅋㅋㅋㅋㅋㅋㅋㅋㅋㅋㅋ,False,
@taiwhanseong8279,딥페이크 피해가 너무 심하네요..,False,
@daehwankim4895,ㅋㅋㅋㅋㅋㅋㅋㅋ 진짜냐 이거 ㅋㅋㅋ,False,
@wnddygksrjtdmsRjrdlwldksgsms,저거 가가지고 옷입고 촬영하는 찬호 생각하니까 존나 귀엽네 ㅋㅋㅋㅋ,False,
@wnddygksrjtdmsRjrdlwldksgsms,......?,False,
@shtlr777,배그 마이컷네,False,
@Joe-lj3yd,얼마나 큰 돈을 준거야,False,
@greenday94,"와 이게뭐고,,,",False,
@학습-m5r,그냥 비슷한사람 선글라스 쓴거 아님?ㅋㅋ,False,
@냥냥개래로,이거진짜에요?,False,
@플라맹고-b6o,대꼴모드로 했어야,False,
@토비-u7s,ㅈ ㅏ 드가자~~~~~~~~,False,
@JM-tk2je,"피자스쿨 발품 파는 랄로는 더 이상 찾아볼 수 없고<br>도미노피자 크림 치즈 엣지, 슈퍼시드 화이버 함유 도우 추가하는 랄로만 남았구나...",False,
@user-vz7xj8iz2y,췌아 어디감,False,
@은갈치,이거 진짜에요?,False,
@키델파스트로,대꼴이라고는 안 하네ㅋㅋㅋㅋㅋㅋㅋㅋㅋㅋ,False,
@처너처처,자 무한숏 드가자~,False,
@user-xc5sl8bn3h,얘 밖에 있는 거 처음 봄ㅋㅋㅋㅋㅋㅋㅋㅋㅋ,False,
@R3maeko,저거 진짜 랄로예요??,False,
@hmh8460,연예인 누구 닮으셨어요,False,
@Oolong_Tea22,진짜 레전드상황 발생 ㅋㅋㅋㅋㅋㅋㅋㅋ,False,
@박영훈-q5i,못념담 틀어라<br><br>나 살아있는 한 랄로가 양지에 있는 꼴은 절대 못본다.,False,
@jhl1006,양지로 나와버렸으니 죽는수밖엔 없겠네... 아쉽게됐습니다,True,@박영훈-q5i
@Lemaire_,&quot;레전드 상황 발생&quot;,False,
@jhl1006,아니 랄로 양지진출 뭔데,False,
@Sjeidnd1233,저 김해찐따가 촬영장에서 조명받으며 포즈잡고 촬영했다는 사실이 믿기지가 않아요 레전드레전드,False,
@fuxxyouxxx,존나 짜친다 모델하나로 게임이 개 싼티나보이네 😅,False,
@Doyouknowsteelo,랄로가 집에서 기어나가서 실제 촬영장 가서 찍은거임?,False,
@Ralong0608,레전드 레전드 레전드!!,False,
@kaps92a95,랄뚜기 무지성 투하!,False,
@thisisgoogleaccount,진짜 레전드 상황발생 ㅋㅋㅋㅋ,False,
@guhung2410,팤아가 빵댕이 토실한거보소 ㅗㅜㅑ,False,
@Rockywrench-m1r,해평 ㅋㅋ,True,@guhung2410
@guhung2410,@Rockywrench-m1r  으흐흐 파카 꼬순내,True,@guhung2410
@손톡톡,대꼴도 정도가 있지 이걸 광고를 ㅋㅋㅋㅋㅋㅋㅋㅋ,False,
@상상상-b1n,와 파카 얼공까지했네 ㄷ,False,
@ikchocolate3172,아~배쌤도 대꼴 아시는구나~,False,
@집에왜밥이없노,ㅋㅋㅋㅋㅋㅋㅋㅋ,False,
@AgathaBonnie-h3f,헬창들도 ㄱ글 에서 벳프리 보면 근육 다빠진다며 ㅋㅋㅋㅋㅋㅋㅋㅋ 사실임? ㅋ,False,
@sensitive-kim,어깨에 파카노 ㅋㅋㅋㅋㅋ,False,
@BeguilingHarley,ㄹㅇ ㄱ글 에서 벳프리 보면 다른거 눈에도 안들어옴 그냥 다시보면 되니까 개이득임 ㅋㅋㅋㅋㅋ,False,
@jin9i,레전드 배그 팝니다..,False,
@팩폭도치,ㅋㅋㅋㅋㅋㅋㅋㅋㅋㅋㅋ,False,
@user-penco,돈 없으면 랄로 써야지,False,
@엄준식-h4f,어질어질하다.. 그죠?,False,
@ON팬-Harmony-l9금채널,<b>딥페이크 문제 진짜 심각하다. 이거 빨리 어떻게 안 하면 큰일 날 듯.</b>,False,
@ZareenGauze,요거 댓글 프사 눌렀더니 채널에 숨겨진 보물 같은 좌표 있음!,True,@ON팬-Harmony-l9금채널
@WagdiVlczek,요거 댓글 프사 눌렀더니 채널에 숨겨진 보물 같은 좌표 있음!,True,@ON팬-Harmony-l9금채널
@MeganEstridge,요거 댓글 프사 눌렀더니 채널에 숨겨진 보물 같은 좌표 있음!,True,@ON팬-Harmony-l9금채널
@MarisleidyPonomarenko,요거 댓글 프사 눌렀더니 채널에 숨겨진 보물 같은 좌표 있음!,True,@ON팬-Harmony-l9금채널
@MishaniaDeveika,요거 댓글 프사 눌렀더니 채널에 숨겨진 보물 같은 좌표 있음!,True,@ON팬-Harmony-l9금채널
@김해김치냉장고효자김,이거보고 딥페이크 범죄 발의안에 한표넣었다,False,
@김해솔-m1p,레전드레전드,False,
@Eee-l6j,"<a href=""https://www.youtube.com/watch?v=rO5HYXFbYJo&amp;t=10"">0:10</a> 어깨에 있는 설치류 친구 누군지 바로 알아봤습니다",False,
@Ming2_3,100프로 집에서 크로마키 깔아놓고 찍어서 보낸거다<br>내가 아는 랄로는 집 밖을 나갈리가 없어,False,
@Ace-oj6uy,랄로는 신이다,False,
@yubinseo6506,ㅈㅉㅇㅇ???,False,
@Archive-kimdo,이거 ㅈㅉㅇㅇ?,False,
@이거를그냥,ㅋㅋㅋㅋ 이 영상만 조회수 개높네,False,
@NhanThe-r4m,"케리아 2년 재계약 확정, 티원 전원재계약 와우 롤카롤카",False,
@dwj3492,ㅇㄱㅈㅉㅇㅇ?,False,
@user-vo5xp6dp7q,김찬호 빗치 다 됐구나,False,
@njf164,이거 진짜에요?<br>아몰랑 드가자~,False,
@Rhdmawks,이거 진짜에요?,False,
@doolee9396,광고비는 코인으로 지급하셨나요?,False,
@boyboy5109,랄로가 공식광고를??,False,
@수수-y1j,레전드 상황 발생..,False,
@zmz1424,진짜 랄로님 맞나요😢,False,
@4b140,존나웃기네ㅋㅋㅋ,False,
@goodvery6227,진짜 개뜬금없이 나오네 ㅋㅋ,False,
@stin8882,췌아 아는 팟번이면 개추ㅋㅋㅋㅋ,False,
@sunshine-ov1tr,이거 공식 광고임? ㅈㄴ웃기네 ㅋㅋㅋㅋㅋㅋㅋㅋㅋㅋㅋ<br>코인으로 500백억 벌어도 열심히 사는 랄로 대단해,False,
@Cu28191nsal,500억이러네..,True,@sunshine-ov1tr
@daumfancy,"<a href=""https://www.youtube.com/watch?v=rO5HYXFbYJo&amp;t=9"">0:09</a> 파카",False,
@분삼,진짜 구라치지마셈,False,
@유쾌한놈,왜 with paka가 없는지 해명좀,False,
@kimgoooooooooood,ㅋㅌㅌㅌㅌㅌㅌㅋㅌㅋㅌㅋㅌ,False,
@lilili1li1lili67,돈을 얼마나 준거냐 ㅋㅋㅋㅋㅋㅋㅋ,False,
@howoong,대꼴은 랄투브,False,
@고자-h6d,배그 성공했내 랄로가 모델도해주고,False,
@wafuusouseki,도황 진짜 씹간지네 ㄷㄷ,False,
@BreadoYugun,와 광고 뭐냨 ㅋㅋㅋㅋㅋ,False,
@싸키-g4k,ㄷㄷ,False,
@user-ne9ezsiy3fl,어질어질하다... 그죠..?,False,
@siwmmsk,썸네일 너무 귀엽네 ㅋㅋㅋㅋㅋㅋㅋㅋ,False,
@막타는마타가맡아-d7c,랄쌤 방송접음?,False,
@JunSol-gs3dy,이거 진짜에요??????,False,
@WaylanBraddocka,/롤/카/롤/카/ 놀이공원 보다 더 짜릿짜릿 19금 보다,False,
@LoganGoldmith,"케리아 2년 재계약 확정, 티원 전원재계약 와우 롤카롤카",False,
@NatalieKepert,구글에 검색만해도 롤카롤카가 상단에 잡혀있는데 눌러보기라도 해보세요,False,
@TimothyNyholm,롤카롤카는 롤 vs 카지노 ㅎㅎ 여러분들의 선택에 맡기겠습니다.,False,
@IsaacTout,만약에 이스포츠가 질렸다면 카쥐노로 전향해도 무방합니다 롤카롤카,False,
@LucyDexterur,하루도 빠짐없이 들어와서 눈팅중인데 오늘은 달려볼거임 롤카롤카,False,
@ZaneKirkas,아무리 내가 여러번 떠들어도 한번 들어와서 눈으로 보면 또 다른 느낌으로 다가온다.-롤카롤카-,False,
@OwenAlfreda,미리 사전에 정보수집을 안해도 실전에서 배우면 된다 롤카롤카,False,
@GemmaMoney,각기다른 스트리머들이 올라온다고 ?  멸망존 스케줄표 다 나와있습니다. =롤카롤카=,False,
@EbonyFlakelar,롤카롤카 들어와서 안해도 되니까 확인이라도 한번만 해바유 롤카롤카,False,
@BellaWinnerher,이스포츠에 관해서는 우리나라가 최고의 실력 롤카롤카 ㅋㅋㅋㅋㅋ,False,
@HarrisonLawes,LOL 관한 모든 정보 및 분석 픽은? 롤카롤카 ㅎㅎㅎㅎ,False,
@IsabellaFatnowna,롤카롤카 어쩔줄몰라하면 침착하게 들어가보자 그것부터배워라,False,
@VictoriaLoughlin,남녀노소 어렵지 않은 이스포츠 대명사 롤카롤카,False,
@RyderDalyell,롤카롤카 찌라시가 돌던데.. 여윽시 금방 나올줄 알았다 ㅋㅋㅋㅋㅋ,False,
@JadeWrenchas,내가 장담하는데 롤카롤카 분명 흐름타서 페이모스해진다,False,
@ElianoreSlowgravea,하나부터 열까지 다 가르쳐주는 배튕학원 롤카롤카,False,
@JosephJenningsa,롤카롤카 나오기까지 3년을 기다렸다 드디어 두두등장,False,
@ArcherWoolner,모든 게임의 정보는 어디서확인하라고? 롤카롤카,False,
@ClaudiaWalling,나는 롤카롤카에서 페이커를 처음 알게되었다,False,
@FinnMontez,롤카롤카 엄청 도배되어 있네 뭐지.. 한번들어가봐야겠다,False,
@AliceClementa,곧 시즌이 돌아오는데 가만히 계실건가요 ? 롤카롤카,False,
@EvieLonergan,롤카롤카 들어와봐요 ㅋㅋㅋ 이런곳도 있네 ㅋㅋㅋ,False,
@manseok1,출연료 몇억받았노?,False,
@user-ds3zk7cd3k,진짜 얼마를 낸거냐,False,
@파송송가래탁-k5h,ㅋㅋㅋㅋㅋㅋㅋㅋㅋㅋㅋㅋㅋㅋㅋㅋㅋ,False,
@DekeV1nson,노래가 맛없네 하..<br>대꼴 노래 가져와 아토믹 밤,False,
@아름다운세상-e8u,랄로상은 GTA광고를 찍어야하는데 ㅋ,False,
@우리엄마-y6h,노친네 집밖에 어떻게 나왔지? 펍쥐팀이 직접 휠체어 모시고 나왔나,False,
@positive_3710,다음 영상 추천 제목 대꼴에 미친 사람들,False,
@rladbvj12,ㅋㅋㅋㅈㄴ웃기네 찬호가이걸?,False,
@esens5047,얼마를준거냐도대체,False,
@SASAYAKIHISANO-qn4iv,랄로 피자 광고는 안하낭 근데 광고가 넘 짧아서 아쉽다,False,
@Ennrytrdx2wkyi,레전드레전드레전드,False,
@석도-p3k,ㅈㅉㅇㅇ?,False,
@1278sk,랄근대위 ㄷㄷㄷㄷㄷ,False,
@k1219dy,대꼴 ㅋㅋㅋㅋㅋㅋㅋ,False,
@Ckdrbsp123,바로 연관영상에 대꼴 드가자 뜨는게 웃포임,False,
@see_the_moon_98,진짜 배그 공식채널 맞는지 의심했다 ㅋㅋㅋㅋ,False,
@seinda192,자 드가자~,False,
@jihyunyoo4581,레전드 상황발생,False,
@fpwjsem78,광고 맛있노 씹 ㅋㅋㅋ,False,
@살아있다-r9m,ㅇㄱ ㅈㅉㅇㅇ?,False,
@김멜신,ㅋㅋㅋㅋㅋ 내가 살면서 봤던 모든 광고중에 제일 신박하노 ㅋㅋㅋㅋ,False,
@엄에듀케이티드키드,레전드레전드ㅋㅋ레전드레전드ㅋㅋ레전드레전드ㅋㅋ레전드레전드ㅋㅋ레전드레전드ㅋㅋ레전드레전드ㅋㅋ레전드레전드ㅋㅋ레전드레전드ㅋㅋ레전드레전드ㅋㅋ레전드레전드ㅋㅋ레전드레전드ㅋㅋ레전드레전드ㅋㅋ레전드레전드ㅋㅋ레전드레전드ㅋㅋ레전드레전드ㅋㅋ레전드레전드ㅋㅋ레전드레전드ㅋㅋ레전드레전드ㅋㅋ레전드레전드ㅋㅋ레전드레전드ㅋㅋ레전드레전드ㅋㅋ레전드레전드ㅋㅋ레전드레전드ㅋㅋ레전드레전드ㅋㅋ레전드레전드ㅋㅋ레전드레전드ㅋㅋ레전드레전드ㅋㅋ레전드레전드ㅋㅋ레전드레전드ㅋㅋ레전드레전드ㅋㅋ레전드레전드ㅋㅋ레전드레전드ㅋㅋ레전드레전드ㅋㅋ레전드레전드ㅋㅋ,False,
@jeyukbokkeum4106,랄끼얏호우~,False,
@sofar96,ㅈㅉㅇㅇ?,False,
@진혁-e5z,랄서운 이야기...랄서운 이야기...랄서운 이야기...랄서운 이야기...랄서운 이야기...랄서운 이야기...랄서운 이야기...랄서운 이야기...랄서운 이야기...랄서운 이야기...랄서운 이야기...랄서운 이야기...랄서운 이야기...랄서운 이야기...랄서운 이야기...랄서운 이야기...랄서운 이야기...랄서운 이야기...랄서운 이야기...랄서운 이야기...랄서운 이야기...랄서운 이야기...랄서운 이야기...랄서운 이야기...랄서운 이야기...랄서운 이야기...랄서운 이야기...랄서운 이야기...랄서운 이야기...랄서운 이야기...랄서운 이야기...랄서운 이야기...랄서운 이야기...랄서운 이야기...랄서운 이야기...랄서운 이야기...랄서운 이야기...랄서운 이야기...랄서운 이야기...랄서운 이야기...랄서운 이야기...랄서운 이야기...랄서운 이야기...랄서운 이야기...랄서운 이야기...랄서운 이야기...랄서운 이야기...랄서운 이야기...랄서운 이야기...랄서운 이야기...랄서운 이야기...랄서운 이야기...랄서운 이야기...랄서운 이야기...랄서운 이야기...랄서운 이야기...랄서운 이야기...랄서운 이야기...랄서운 이야기...랄서운 이야기...랄서운 이야기...랄서운 이야기...랄서운 이야기...랄서운 이야기...랄서운 이야기...랄서운 이야기...랄서운 이야기...랄서운 이야기...랄서운 이야기...랄서운 이야기...랄서운 이야기...랄서운 이야기...,False,
@이이잉-q5l7m,블랙핑크 뉴진스 랄로 레츠꼬,False,
@가나다라-u3x,에효 누구는 적은 돈으로 진짜 배그중인데<br>누구는 배그 광고를 찍네 이게 맞나요?😂😂,False,
@3김-z4p,이거 진짜에요...?,False,
@이재혁-k6l,근데 ㄹㅇ 무슨 팬영상 같이 허접하게 만들었냐,False,
@adw1108,아니진짜 찬호야? ㅋㅋㅋㅋㅋㅋㅋ ㄹㅈㄷ네,False,
@user-loler,우리 다람쥐도 광고비 받은거 맞죠?,False,
@jolirabbit,광고 끝나자마자 다음 영상이 ‘대꼴에 미친사람들’ ㅈㄴ 웃기네 ㅋㅋㅋㅋㅋ,False,
@taeyang3702,ㅋㅋㅋㅋㅋㅋㅋㅋㅋㅋㅋㅋㅋ,False,
@hyd-o1d,배틀그라운드 하늘에서 내려온다?? 매도? 아니 숏.,False,
@lollllo,진짜 레전드 상황발생,False,
@SayTakeOnMe,근데 왜 멋있게 나옴,False,
@Penguin99-f4j,호씨 돈 다 떨어졌어?,False,
@babo21920,비율이 좋네...<br>나 우울해졌어,False,
@j1xdx,배그 광고가 아니라<br>배그에서 돈받고 랄로님 홍보해드리는거랍니다~~,False,
@user29398sjj,와 랄로가 게임배그광고면 돈 진짜많이 받았겠네,False,
@Bong_Thing,처음에 자기 웃참하는게 줫나 웃기네 ㅋㅋㅋㅋㅋㅋ,False,
@dasolhan8353,랄로햄이 외출을 ?,False,
@TiTo-x3g,뭐해? 틀어,False,
@lIllllIIOlllIIllll,빨리 랄로 스킨 팔아ㅏㅏㅏㅏㅏㅏㅏㅏㅏㅏㅏㅏㅏㅏㅏㅏ,False,
@이조-h6d,숭배하라,False,
@매운맛-m1q,얼마 받았노,False,
@GoKoTOUR,찬호야 방송켜라 광고주님이 찾는다.,False,
@drpepper9296,도대체 얼마를 받았길래...,False,
@개13남자,돌발 상황,False,
@공자-p7u,이거 진짜에요? 이거 진짜에요? 이거 진짜에요?,False,
@umjunsikisalive,이거 합성임?,False,
@PK-nm1fm,내가 지금 뭘 본거지,False,
@dongttatG,랄로 저렇게 뛰고 &quot;여자예요?&quot; 물어볼거 상상하니까 개웃기네,False,
@GGOG123,노무현짤 모아둔 랄로좌 ㅋㅋㅋㅋㅋ,False,
@김병훈-r5g9k,얼마를줬길레,False,
@rkwkal,이거 진짜에요,False,
@유지우-g2v,일베충을 광고로 쓰네 ㅋㅋ 배그 접어요~ ㅅㄱ,False,
@hath-ue4uv,근,True,@유지우-g2v
@yiwonyong,접어요ㅋㅋㅋㅋㅋ 하지도 않았으면서 웃기다 그죠?,True,@유지우-g2v
@개13남자,​@@hath-ue4uv통,True,@유지우-g2v
@로랜스-h6e,얼른 접어라,True,@유지우-g2v
@user-loler,어 그러지 마라,True,@유지우-g2v
@ppaqq12,역시 전직특수부대 출신이라 가다가 남다르네요 응원합니다 이근대위님,False,
@릴리아부지,뭐고 팬메이드 아니었노,False,
@moooon3489,진짜 랄로엿내 ㅋㅋㅋㅋ,False,
@bangbangbang01,진짜 개짜치네 ㅋㅋㅋㅋㅋㅋㅋㅋ,False,
@zarajin3243,랄로 스킨 나오냐?,False,
@mngusckd,본점에 안걸리고 오래 남아있기를..,False,
@우리혐-r1u,"<a href=""https://www.youtube.com/watch?v=rO5HYXFbYJo&amp;t=3"">0:03</a> 이새끼 지도 웃겨서 입씰룩 거리네 ㅋㅋㅋ",False,
@졸려-f9e,"Ai,딥페이크 기술 무섭네..",False,
@chungsulmo3,쩦… 딥페이크 어질어질하다 그죠..?,False,
@youtubee-q2u,진짜 ai같네 ㅋㅋㅋ,False,
@칠성-i8g,레전드 상황 발생,False,
@박형선-y6s,대꼴 드가자,False,
@기재유-b2r,&quot;우리들의 일그러진 영웅&quot;,False,
@박형선-y6s,시드머니 복구 반드시 해야지,False,
@dagarcherry1877,ㅆㄷㄲ,False,
@bqnskqna234,마지막에 대갈통 까딱거리는거 레전드 ㅋㅋㅋㅋㅋ,False,
@lotte-super5838,자 ~ 드가자,False,
@반숙-w3n,이왜진 ㅋㅋㅋㅋㅋㅋㅋㅋㅋㅋㅋ,False,
@김야호-n2i,랄로 단어하나 넣었다고 채널에 2~3천 나오면 영상들이 순식간에 10만이 넘어버림 ㅋㅋㅋㅋㅋㅋㅋㅋㅋㅋㅋㅋㅋㅋㅋㅋㅋ파급력 지리긴하네,False,
@eg7406,종나 호감이시잖아 아ㅋㅋ,True,@김야호-n2i
@whitelive7498,현시점 GOAT.,False,
@balenciagaeel,시팔ㅋㅋㅋㅋㅋ,False,
@obc6546,이거 진짜에요?????????,False,
@manread1701,대꼴광고이대로 괜찮은건가,False,
@사랑愛,레전드 사건 발생 ㄷㄱ,False,
@ililililil1-1,듀오 경쟁전이나 쳐 만들어,False,
@청소기-n4t,인급동 레전드 상황 발생ㅋㅋㅋㅋㅋㅋㅋ,False,
@man.2,레전드 레전드 레전드!!!,False,
@쮸르리-s8q,진짜 초비상이네 이거 ㅋㅋㅋㅋㅋㅋㅋㅋㅋㅋ,False,
@고레난데스까,이근 대위인줄,False,
@가우르구라-t8r,뭐냐,False,
@Raypenber-r3b,ㅋㅋㅋㅋㅋㅋ,False,
@닭둘기-j8k,머꼬 이게.. 라루로가 광고를,False,
@되감기,메이킹 영상도 내놔라,False,
@s1n6o._.t,랄로야 이게 뭐냐??,False,
@NORTH_BOLT,Ai 합성 영상이네요,False,
@whitebat777,감다살이노ㅋㅋㅋㄲㅋㅋㅋ 개웃기네 진짜,False,
@kuroko9085,브금 주세요!,False,
@labelfive85,?,False,
@고달b,레전드,False,
@Pliling_603,이게 뭐냐... 내가 뭘 보고 있는거냐,False,
@Yabear,또 숏치다 억소리 날만큼 잃었나...?,False,
@권서윤-h2h,인섹 왈)광고비 비트 숏쳐서 이미 거의 다 날린걸로 안다,True,@Yabear
@hosung-h5j,ㄹㅈㄷㄹㅈㄷㄹㅈㄷ!!,False,
@sodagraph,그브금 아니어서 아쉽네 ㅋㅋ,False,
@To_To22,이거 ㅈㅉㅇㅇ?,False,
@joony18,레전드 음지 묻었네...,False,
@보고싶다-w6h,레전드 레전드 레전드,False,
@G_drg,ㅋㅋ이왜진,False,
@침발롬,ㅋㅋㅋㅋㅋㅋㅋㅋㅋ이게 진짜였네,False,
@핑핑이-l3p,자막으로 레전드 꽝 박힐때 웃음보 터졌다 ㅋㅋㅋㅋㅋㅋㅋㅋㅋㅋㅋㅋ 개웃기노,False,
@qwer1234-w7b,진짜 어질어질하다ㅋㅋㅋㅋㅋ ㅋ ㅋ ㅋ,False,
@KTLOLSTER_FAN,이게 왜 진짜??,False,
@무브매직,대꼴박 정식버전 ㅋㅋㅋㅋㅋ,False,
@min-xj1hu,이거 진짜에요?..,False,
@흐니흐니,여자에요?,False,
@user-nb9qy1jo5t,개레전드 ㅋㅋㅋㅋ,False,
@S_toon,레전드 레전드,False,
@djflsdk,레전드레전드레전드,False,
@ramenttangjae,이거 진짜에요?,False,
@JiDDungE,대꼴 레전드 상황 발생,False,
@Sibsamil1013,레전드 상황 발생~,False,
@안승윤-h3o,딥페이크냐이거?,False,
@네이s,Ai 진짜 대단하네.,False,
@둠바,아니 이게 왜 오피셜? ㅋㅋㅋㅋㅋㅋㅋㅋㅋㅋㅋㅋㅋ 개 레전드 상황 발생,False,
@user-ec4rw5ry6w,zzz 펍지 이놈들 섭외하나는 기가막힘,False,
@매렁-u2m,광고비도 숏 그걸로 번돈도 숏,False,
@매렁-u2m,봐놓고도 진짠지 가짠지 모르겠다 ㅋㅋ,False,
@뮐러,딥페이크 아니야? 말이 안되는데,False,
@llllllllllll-e5i,제육볶아온나 풉지야,False,
@문찬소먀,이게 머고?,False,
@hanle_,대꼴이다,False,
@bloominboomin8930,대꼴 드가자,False,
@Hooinghooinghoo,ㅋㅋㅋㅋㅋㅋㅋㅋㅋㅋㅋㅋㅋㅋㅋㅋㅋㅋㅋㅋㅋㅋㅋㅋㅋㅋㅋㅋㅋㅋㅋㅋㅋㅋㅋㅋㅋㅋㅋㅋㅋㅋㅋㅋㅋㅋㅋㅋㅋㅋㅋㅋㅋㅋㅋㅋㅋ,False,
@hyhyhu,다음 동영상 바로 &quot;대꼴에 미친사람들&quot; ㅋㅋㅋㅋㅋㅋㅋㅋ,False,
@sprppr,이거 진짜에요?,False,
@달리기선수1-o8v,어깨에 다람쥐는 뭔가요,False,
@ColtonLim,메이킹필름 풀어주세요,False,
@erain8986,와 개몬생겼네<br>같은말 하면 안되겠죠?,False,
@Yongjun718,뉴진스한테 쳐맞고 각성했네 ㅋㅋㅋㅋ,False,
@황상진-w1v,이근인지 랄로인지 구분이 안가노 ㅋㅋ,False,
@둥글게-e9v,이거 진짜에요..?,False,
@민석-c8p,이왜진..??,False,
@이여반,진짜 어질어질하노,False,
@morrow8927,ㅋㅋㅋㅋㅋㅋㅋㅋㅋㅋㅋㅋㅋㅋㅋㅋㅋㅋㅋㅋㅋㅋㅋㅋㅋㅋㅋㅋㅋㅋㅋㅋㅋㅋ,False,
@manners_game,치트키 쓰네 이새끼들ㅋㅋ,False,
@treetop8112,얼탱이가없네 ㅋㅋㅋㅋㅋㅋㅋ,False,
@호우-k8k,다람쥐는 이제 속보 어느방향 적 발견 하는거지 ㅋㅋ,False,
@지용-w9d,랄로 스킨 내면 무조건 삼,False,
@yool0302,이거 진짜에요?,False,
@quokkacute3057,제일 궁금한점 : 진짜 찍었을까 AI로 생성했을까?,False,
@김준수-q3s7r,딥페이크인가요?,False,
@sharpthe9596,레전드..,False,
@그멍-p8i,ㅋㅋㅋㅋㅋㅋㅋㅋㅋㅋㅋㅋㅋㅋㅋㅋ,False,
@joyuri_office,ㅇㄱㅈㅉㅇㅇ?,False,
@Tut-x1s,Ai임?,False,
@decem6169,지금내가뭘본거냐?..,False,
@이해쌉가능,이 뭔 충격적인 썸네일이지,False,
@키보드-l3q,개웃기네 ㅋㅋ,False,
@김과장-j7v,배그 많이 컸네 랄로도 나오고,False,
@Keroro-x7g,노무현,False,
@ddatgi,파카는 광고출연 했는데 광고비 받았으려나?,False,
@무야호-p8h,이거 진짜에요?,False,
@WhammyBar,ㅋㅋㅋㅋㅋㅋㅋㅋㅋㅋㅋㅋㅋㅋㅋ,False,
@뭘보노-280,펍지 이젠 즐기는자 모드가 돼버렸노ㅋㅋㅋㅋㅋㅋ,False,
@enod3175,감다살이셔~,False,
@cyberpsyco24,잠깐 상황 제대로 걸렸어,False,
@춘잣-k8t,배그 스킨으로 랄로 나올라나,False,
@김해청년마루쉐,레전드 상길로 본 찐 고름 앰생들은 개추,False,
@user-0seo-0seo,"ㅋㅋㅋㅋㅋㅋㅋ이,,이게뭐노",False,
@우시훈-b7b,ㅋㅋㅋㅋㅋㅋㅋㅋㅋㅋㅋㅋ,False,
@slow_cosmos,아 ㅁㅊ 존아웃기네 ㅋㅋㅋㅋㅋㅋㅋㅋㅋㅋㅋㅋ,False,
@niel0817,이거 ai 아니야....?,False,
@름구-i1n,레전드 레전드 레전드,False,
@빠삐코꼭다리버리는남,존나웃기네 ㅋㅋㅋㅋㅋㅋㅋㅋㅋ,False,
@정숭이-t6u,랄로 볼살 왜케 포동하노 벌크업하는건가,False,
@이상민-b7o2m,????이거왜진짜임????,False,
@감사콩-c3b,배그 너 인생핀거야 임마ㅋ😊,False,
@kermitthefrog4930,레전드 레전드~,False,
@Hyper_Camem,자 드가자~~,False,
@kyle23-g2p,ㅋㅋㅋㅋㅋㅋㅋㅋㅋㅋㅋ,False,
@minchoi6279,아니 얼마를 준거야 호씨가 오프라인 광고촬영을ㄷㄷ,False,
@user-hq1jn5gc9j,딥페이크 문제 진짜 심각하다…,False,
@쇼토-l8g,이게 ㅈㄴ 웃기네ㅋㅋㅋㅋㅋㅋㅋㅋㅋㅋ,True,@user-hq1jn5gc9j
@Siwoo1225,아 존나웃기네 ㅋㅋㅋㅋㅋㅋㅋㅋㅋㅋㅋ,True,@user-hq1jn5gc9j
@뭉탱이-y3f,그냥 팬이 만든 것 같네 ㅋㅋ,True,@user-hq1jn5gc9j
@Slpreee,ㅋㅋㅋㅋㅋㅋㅋㅋㅋㅋㅋㅋㅋㅋㅋ 개웃기네 ㅋㅋㅋ,True,@user-hq1jn5gc9j
@ppaqq12,그니까요 이근대위님 이것도 고소해주세요,True,@user-hq1jn5gc9j
@minchoi6279,아니 이거 뭐냐ㅋㅋㅋㅋㅋㅋㅋㅋㅋㅋㅋㅋㅋㅋㅋㅋㅋㅋㅋㅋㅋㅋㅋ,False,
@Ugly_luffy,안믿는다 펍지게이야ㅋㅋ,False,
@엔조엔조,레전드 상황 발생 ㅋㅋㅋㅋㅋㅋㅋㅋㅋㅋㅋㅋㅋ,False,
@엔조엔조,아니 랄로 맞냐??? 딥페이크인가 그거 아니야??,False,
@user-dz5bk5vn9r,ㅋㅋㅋㅋㅋㅋㅋㅋ,False,
@Official__Ralo,ㅋㅋㅋㅋㅋㅋㅅㅂㅋㅋㅋㅋㅋㅋ랄샘,False,
@wutwut111,대황로 ㅅㅂㅋㅋㅋㅋㅋㅋ,False,
@abab8347,자 여자유저 쳐내기 드가자~,False,
@Juahop,이거 진짜에요 ????????,False,
@핑핑2-s2p,아니 랄로가 이걸 찍는다고? ㅋㅋㅋㅋㅋ,False,
@Ham_b,진짜 레전드 상황 발생,False,
@18ockstar,aka 김해청년 입갤~,False,
@SC4RL3T123,레전드 레전드 레전드 ㅋㅋㅋㅋㅋㅋㅋㅋㅋㅋㅋ,False,
@chonggakkimchiahsakan2464,개짜증난다 진짜 ㅋㅋㅋㅋ,False,
@CCDDMMII,요즘 ai 영상 퀄좋네,False,
@creativeshin571,ㅋㅋㅋㅋㅋㅋㅋ 레전드 레전드 레전드 펍지코리아 너? 재능있어 계속해,False,
@하하하-d2x,이거 뭐고..,False,
@user-ol1zz1tc2b,와ㅋㅋㅋㅋㅋㅋㅋㅋ,False,
@곽철우-y9c,그냥 레전드 상황 ㅋㅋ,False,
@쿠샤-e7l,그와중에 선글라스닦는 천꽃무늬 존나촌스럽 오히려할배이미지에 맞는건가,False,
@ryan8-q4k,이거 진짜에요?,False,
@pablouno853,이 사람 논란 있는 사람 아닌가요?,False,
@jyd9338,2400!! 2400!! 2400!! 2400!! 2400!! 2400!! 2400!! 2400!! 2400!! 2400!! 2400!! 2400!! 2400!! 2400!! 2400!! 2400!! 2400!! 2400!! 2400!! 2400!! 2400!! 2400!! 2400!! 2400!! 2400!! 2400!! 2400!! 2400!! 2400!! 2400!! 2400!! 2400!! 2400!! 2400!! 2400!! 2400!!,False,
@스즙,씹ㅋㅋㅋㅋㅋㅋㅋ 이거 진짜냐? ㅋㅋㅋㅋㅋㅋㅋ,False,
@하동민-s1n,찬호찬호야 여기서 뭐하누?,False,
@gusgh5832,??? 뭐지???,False,
@에어컨-d6f,뭐고 이거 ㅋㅋㅋㅋㅋㅋㅋㅋㅋㅋㅋㅋㅋ,False,
@닉우스터-r7r,예?,False,
@아군,뭐냐 이건 ㅅㅂㅋㅋㅋㅋㅋㅋㅋㅋㅋㅋㅋㅋㅋㅋㅋㅋㅋㅋㅋㅋㅋ,False,
@GoodSIMIN,이새끼뭐함ㅋㅋ?,False,
@king_of_ant,정보) 김찬호는 받은 광고비로 숏을 쳐서 사실상 돈내고 광고를 찍었다.,False,
@박한용-r6h,합성아님?,False,
@칼바람-t9d,진짜 레전드 상황발생,False,
@mero_-,레전드레전드레전드 어질어질하다 그죠?,False,
@hoibell,레전드 상활 발생 ㅋㅋㅋㅋㅋㅋㅋㅋㅋㅋ,False,
@puppy_my0h,파카도 광고비 받음?,False,
@kimsabuu,레전드,False,
@1.EmoTion,이거 ai 아님?,False,
@hanwwo,"<a href=""https://www.youtube.com/watch?v=rO5HYXFbYJo&amp;t=7"">0:07</a> 잠깐이지만 청년랄로가 스쳐지나갔다...",False,
@이주현-h8s,랄로❤,False,
@다비드-m9o,캬,False,
@이동호-s6s,ㅋㅋㅋzzzzz,False,
@레전드상황발생,레전드 상황 발생,False,
@버섯-g9g,어깨에 다람쥐 있네 ㅋㅋ,False,
@박하민-j8i,돈을 얼마나 준거노 ㅋㅋ,False,
@따숩네,이게 무슨 ㅋㅋㅋㅋㅋㅋㅋㅋㅋㅋ,False,
@킹지노-s3g,손인욱 진짜 저걸로 돈 받음? ㅋㅋㅋㅋㅋㅋㅋㅋㅋ,False,
@Summer_2J9,이거 AI 아니에요?,False,
@집돌이-z2t,팟지 감다살이네,False,
@Dkk901,무료광고 미쳤네,False,
@zzangjapcho,이사람은광고에목소리만나와도웃기네,False,
@Kimminsuu,배그 장사 잘하네;,False,
@애기유에유,스팀 배그 계정 해킹당하면 이메일 바뀌고 전화번호 바뀐다 아무리 계정문의 해보ㅘ도 돌아오는건 매크로의 답변이고 결제 내역 계정생성 스크린샷 보내줘도 아무런 말이 없다 스팀은 걸러라 진짜 카카오 배그 가 답이다....,False,
@남경현-o9r,숏충은 이게 맞아,False,
@hwan01_official,페이커인줄 알았아나 대 찬 호,False,
@정혁_1,뭐냐 이건ㅋㅋㅋㅋㅋㅋㅋㅋㅋㅋㅋㅋ,False,
@두리콩-m4t,ㅋㅋㅋㅋㅋㅋㅋㅋㅋㅋㅋㅋㅋㅋㅋㅋㅋㅋㅋㅋ순간 랄로 배그영상 올라온줄 알았는데 광고네,False,
@Gaygayya,진짜 존냐 맘에드농ㅋㅋ,False,
@user-sy8fk5gd5j,합성임?,False,
@상병2호봉-k9v,불합격. 배그 일 똑바로 안하냐? 랄로 영상 본거 맞아? 브금이 줜나 느낌없잖아. 더 천박한 edm이나 ncs 가져왔어야지. 뭐하는거임?,False,
@eg7406,혼자 오바궁상 떨지마라,True,@상병2호봉-k9v
@Dezu_,펍지도 최면어플 개발함??,False,
@김응우옌,딥페이크인가요?,False,
@snifflingbird,롤 유튜버인데 롤보다 배그 광고가 먼저 ㅋㅋㅋㅋ,False,
@차트오타쿠,뭐야이게 레전드맞네,False,
@Rla1760,ㅈㅉㅇㅇ???,False,
@다옹이-e2j,존나웃기네 진짜,False,
@송준-r6c,레전드레전드레전드 ㅋㅋㅋ,False,
@이장범-m8k,이 인간이 집밖으로 나가서 광고를 촬영했다고?<br>배그 이 녀석아.. 돈을 얼마를 퍼부운거야..,False,
@vizla-,아 박으라고 !!!!!!!,False,
@Jawsba39,우리 찬호 또 코인 날렸니......?,False,
@yoho_2,어질어질 하다 그죠?,False,
@唐辛子-e9r,어깨에 파카 올라타있는게 ㅋㅋㅋㅋㅋㅋㅋㅋㅋㅋㅋㅋ,False,
@슬림-s4d,캬 ㅋㅋ,False,
@user-im2xn3lq6t,내가 뭘본거지,False,
@안재우-t6k,"이거 뭐임 합성임?,",False,
@정구현-y9h,어? 레전드 레전드,False,
@dhtprnl,리얼 레전드 상황 발생😂😂,False,
@SAN8COVER,레전드 레전드 레전드,False,
@BanquetNoodles,이게 뭐노...,False,
@똘이-y4l,대체 얼마를 받았길래,False,
@낫광,찐 레전드 상황 발생,False,
@낫광,미친 레전드 ㅋㅋㅋㅋㅋㅋ,False,
@suyonglee2845,AI가 이렇게 발전했네 헛것이보이고,False,
@김덕수-b5e5y,배그 성공했네 랄로랑 광고도 찍고,False,
@jirafa5090,ㅋㅋㅋㅋㅋㅋㅋㅋ걍 개쳐웃긴 랄뚜기는 개추,False,
@annoyinggorange,이건 걍 십레전드 ㅋㅋㅋㅋㅋㅋㅋㅋㅋㅋㅋ,False,
@밍33,진짜 레전드 상황발생ㅋㅋㅋㅋㅋㅋ,False,
@김규빈-l9w,"<a href=""https://www.youtube.com/watch?v=rO5HYXFbYJo&amp;t=3"">0:03</a> 토종 김해 이근",False,
@김규빈-l9w,이왜진?ㅋㅋㅋㅋㅋㅋㅋㅋㅋㅋㅋㅋㅋ<br>배그콜라보로 기대되긴 또 첨이네ㅋㅋㅋ,False,
@parkcharm6856,팬영상인쥴 알았는데 공식이네,False,
@jongko328,Goat🐐,False,
@벅벅벅벅벅벅벅,직접가서 연기했을 상상하니까 ㅈㄴ 웃기네ㅋㅋㅋㅋ,False,
@paka-1,ㅋㅋㅋㅋㅋㅋㅋㅋㅋㅋㅋㅋ아 개웃기넼 ㅋㅋㅋㅋㅋㅋㅋㅋㅋㅋㅋㅋㅋㅋㅋㅋㅋㅋㅋㅋㅋㅋㅋㅋㅋㅋㅋㅋㅋㅋㅋㅋㅋㅋㅋㅋㅋㅋㅋㅋㅋㅋㅋㅋㅋㅋㅋㅋㅋㅋㅋ,False,
@user-csu,대꼴 드가자!!!!,False,
@jjon2,아니 ㅋㅋㅋㅋㅋㅋㅋㅋㅋㅋ,False,
@ralo1994,어질어질하다 그죠?,False,
@그러지말아다오-p1o,ㅈㄴ웃기네 ㅋㅋㅋㅋㅋㅋㅋㅋ,False,
@Parousia_1,뭐야 딥페이큰줄 알고 들어왔는데 진짜네,False,
@astronaut10,돈을 얼마나 준거야 ㅋㅋㅋㅋㅋㅋㅋㅋㅋㅋㅋㅋㅋ,False,
@lipset9361,배그 감다살이네 ㅋㅋㅋㅋㅋㅋㅋㅋㅋㅋㅋ,False,
@mymemineyou,이게 왜 진짜임 ㅋㅋㅋㅋㅋㅋㅋㅋㅋㅋㅋ,False,
@qwer-d5c,머여랄로,False,
@카연,랄로가 대꼴 수입했으니까 이게 맞지 ㅋㅋㅋㅋㅋ,False,
@SJH5730,"<a href=""UCkszU2WH9gy1mb0dV-11UJg/hf90Xv-jHeOR8gSxxrToBA""></a>",False,
@andsowhatkr,랄로 + 배그 = 이근,False,
@charo1842,레전드 상황발생!!!!,False,
@yoongwoo07,ㅋㅋㅋㅋㅋㅋㅋㅋㅋㅋㅋ,False,
@rplc9998,배그 광고비 전부 &#39;데이터&#39;로 치환되었다.,False,
@BadMouth,ㅋㅋㅋㅋㅋㅋㅋㅋ,False,
@조현석-m4i,랄로는 신이야,False,
@배재욱-x7g,대꼴로 광고를 찍네 ㅋㅋ,False,
@user-og6il6cd6u,ㅋㅋ랄튜브 올라온줄 알고 보러왔네,False,
@DSJ-dz2rt,십ㅋㅋㅋㅋㅋㅋ 뭔데,False,
@커두-d4m,여초분들 발작할 것 같으면 개추 ㅋㅋㅋㅋ,False,
@user-tt1tt1,이딴 영상 만들시간에 핵이나 쳐 잡으세요<br>핵쟁이들 영업방해로 몇명 고소 먹이면 알아서 핵들 사라질텐데<br>알면서도 안하는 행위는 기만 그 자체지,False,
@잉호-l2g,배그 고생했어요!,False,
@dlrhkseh369,이거 딥페이크에요? 랄로한테 신고할게요,False,
@승승깡-j1k,레전드레전드레전드..,False,
@Zoooooooo-0000,대꼴박 레전드상황 발생,False,
@bread8386,이게 진짜 말이되는일이냐?,False,
@bread8386,아니 진짜냐?,False,
@캬리나,이왜진?,False,
@mooldingding.,이게 뭐여 갑자기 ㅋㅋㅋㅋㅋㅋㅋㅋㅋㅋㅋㅋㅋㅋㅋㅋㅋㅋㅋㅋㅋㅋㅋㅋㅋㅋㅋㅋㅋㅋㅋㅋㅋㅋㅋㅋㅋㅋㅋㅋㅋㅋㅋㅋㅋㅋㅋ,False,
@빅긴티,아니 이게 진짜라고?,False,
@m1ngeun,ㅈㄴ ai 합성인줄 알았네 랄로가 실물 광고라니,False,
@wr07-22,졸린 눈으로 보니까 순간 덱스인 줄 알았는데 졸린 눈 김해 청년이군요.,False,
@이현-j8i1x,레전드상황발생!,False,
@user-hu4tz2sy5n,얼마를 준거냐 크래프톤,False,
@_yuujin5698,진짜 레전드상황ㅋㅋㅋㅋ,False,
@빠나나-v7n,근데 물쥐는없네..,False,
@랄부딱밤,성.범.죄.자,True,@빠나나-v7n
@p_test1101,무지성 랄뚜기 투하! 무지성 랄뚜기 투하! 무지성 랄뚜기 투하! 무지성 랄뚜기 투하! 훠어어어어어어어어어어어어어어어어어~~~~~,False,
@난잘몰라요-e8v,이미 노젓기에는 존나늦은거같으면 개추ㅋㅋㅋㅋㅋㅋㅋ,False,
@홍재훈-p9j,"잠깐, 상황 제대로 걸렸어",False,
@마후라,저격 준비 완료,False,
@rlagjstn,브금주세요~,False,
@bbakzin5805,어이가없네 ㅋㅋㅋㅋㅋㅋ,False,
@JacobHarryMaguire,광곤데 방송음성쓴거야?ㅋㅋㅋㅋㅋㅋ,False,
@user-pb5lh3dr3l,미친거임?,False,
@족발의명수-h8n,ㅋㅋㅋㅋㅋㅋㅋㅋㅋㅋㅋㅋㅋㅋㅋㅋㅋㅋㅋㅋㅋㅋㅋㅋㅋㅋㅋㅋㅋㅋㅋㅋㅋㅋㅋㅋㅋㅋㅋㅋㅋㅋㅋㅋㅋㅋ,False,
@sdferg22,이 랄로라는 유튜버 진짜 유명한 여혐 유튜버란 말이야<br>(생략),False,
@saintine5282,름전드 미치겠네ㅋㅋㅋㅋㅋㅋ,False,
@리리-y7r,대꼴 ㄷㄷ,False,
@놀라는선응이_부계,그냥 이새끼 똑바로 서있는 전신샷이 이게 거의 처음 아니냐? ㅋㅋㅋㅋㅋㅋㅋㅋ,False,
@clone052,이거 진짜에요?,False,
@Hunkggygg,광고문구 레전드 상황발생 ㅇㅈㄹ ㅋㅋㅋㅋㅋㅋㅋㅋㅋㅋㅋㅋㅋㅋㅋㅋㅋㅋ<br>타겟층 확실히 노린 감다살이긴하다,False,
@6su10duk,개웃김 ㅋㅋㅋㅋㅋㅋ,False,
@TheKidRALOI.,진짜로 어질어질하네 ㅋㅋㅋㅋㅋㅋㅋㅋㅋㅋㅋㅋㅋㅋㅋㅋㅋㅋㅋㅋㅋ,False,
@미오치치-c8c,ㄹㅇ올타임레전드,False,
@Skzkshalzn,뭐여 ㅅㅂㅋㅋㅋㅋㅋㅋㅋㅋㅋㅋ,False,
@밥대장-v5i,ㅋㅋㅋㅋㅋㅋㅋㅋㅋㅋㅋㅋㅋㅋㅋ,False,
@창이,이건진짜레전드상황발생이네 ㅋㅋㅋㅋㅋㅋㅋㅋㅋ,False,
@김찌냥이,뭐고이거 ㅋㅋㅋㅋ  찬호 맞나?,False,
@user-leavebeforeyouloveme,파카가 ㅈㄴ 웃기네ㅋㅋㅋㅋㅋㅋㅋㅋ,False,
@Walk_dog,20일 그럼 랄로 방송 확정임?,False,
@한마로-m7v,이색기뭐야 ㅋㅋ,False,
@SH-tu9ik,대꼴 장려 영상인가요? 잘봤습니다^^,False,
@asdf-x5h,이런게 가능하다니이~~,False,
@아슬프다-k9i,이게 머고...,False,
@김성주-u6k,이게 뭐고...?,False,
@John_Hoon,ㅋㅋㅋㅋㅋㅋㅋㅋ,False,
@akdbvks12382,이게 뭐냐,False,
@graciaovo,도랄펍쥐 ㄷㄷ,False,
@20years520,친구가 랄로 광고찍었다길래 뭔소린가 했는대.. 이왜진,False,
@jongmalone_,진짜 랄중사네,False,
@jongmalone_,??????,False,
@ty-yr3mu,대꼴 ㅋㅋㅋㅋㅋㅋㅋㅋㅋㅋㅋㅋㅋㅋ,False,
@U3eeee,진짜놐ㅋㅋㅋㅋㅋㅋㅋㅋ,False,
@user-kd1ri4ru4e,레전드 레전드 레전드ㅋㅋㅋㅋㅋㅋㅋㅋㅋㅋㅋ,False,
@siroocat,레전드 레전드 ㅋㅋㅋㅋㅋㅋㅋㅋㅋㅋ,False,
@user-kd2hc1zh3i,레전드 레전드 레전드,False,
@비밀-n7q,레전드 광고발생,False,
@Santaisalie,와 대리기사도 광고주네,False,
@cook1e_owo,대리가 뭔데?,True,@Santaisalie
@으악-w4d,딥페이크죠? 랄로한테 일러야겠다. 주인장 각오하쇼..,False,
@rlawhdgus,우리 찬호가 집밖으로 나가다니,False,
@doohs493,"<a href=""https://www.youtube.com/watch?v=rO5HYXFbYJo&amp;t=8"">0:08</a> pinut the ralo",False,
@gugu_snack,여자에요? 영화볼래요?,False,
@형진갓-p6j,ㅋㅋㅋㅋㅋㅋㅋㅋㅋㅋㅋㅋㅋㅋㅋㅋㅋㅋ,False,
@user-fj8hm7jc5l,진짜 레전드상황 씹발생ㄷㄷㄷㄷ,False,
@user-gc7yk2uo9l,머꼴드가자~!!!!!!!!!!!!!!!!!!!!!!!!!!!,False,
@가지맨,비트 숏쳐서 광고를 찍었다는게 정설,False,
@엄준식-w8c,랄로 닮은 새기가 아니라 진짜 랄로노?,False,
@dkk5978,뭔데 ㅋㅋㅋㅋㅋㅋㅋㅋ,False,
@Agradezco753,오랫만에 배그 켜야겠네 ㅋㅋㅋㅋ,False,
@Agradezco753,ㅋㅋㅋㅋㅋㅋㅋㅋㅋㅋㅋㅋㅋㅋㅋㅋㅋㅋㅋㅋㅋㅋㅋㅋㅋㅋㅋㅋㅋㅋㅋㅋㅋㅋㅋㅋㅋㅋㅋㅋㅋ,False,
@93r.K,ㅋㅋ 어이가없노,False,
@GhKim-j5f,브금 주세요~,False,
@성이름-w2w3l,레 전 드 상 황 발 생 ! ! ! ! ! !,False,
@chanhokim-t2d,자기도 웃참하는거 개웃기네 ㅋㅋ,False,
@redwoodoak,팩트는 랄로는 좋지만 배그는 에미가 없다는 거임,False,
@토마토-y4x,뭐임 ㅋㅋ,False,
@성이름-z1x1d,딥페이크로 만듬? 대가리 ㅈㄴ크네 ㅋㅋ,False,
@전자램지-k8i,랄뚜기들 전원. 대꼴모드로 자~~드가자ㅏㅏㅏㅏㅏㅏㅏㅏㅏ,False,
@나만알류,중국서버 분리좀…..제발,False,
@etroong,이...이게 머고....?,False,
@파란색-t8l,감다살 레전드ㅋㅋㅋㅋㅋㅋ,False,
@jeony.j3120,? 이거 진짜에요?,False,
@godzizon3941,대꼴드가자,False,
@skaldlqksaa,광고비 코인으로 다 날린사람 누구야!!!!,False,
@쿠샤-e7l,살려줬더니 바로서버통합으로 자살해버리기 무슨생각으로그런거니,False,
@moosa-bb,ㅈㅉㅇㅇ?,False,
@롤로노아송동현,???,False,
@반짝반짝반짝,ㅋㅎㅋㅎㅋㅎㅋㅎㅎㅋㅎㅋㅎㅋㅎㅋㅎㅋㅎㅎㅋㅎㅋㅎㅋㅎㅋ,False,
@bodjdmiaiv,이거 진짜에요? 대역 아니에요?,False,
@jsoh3101,진짜 레전드상황 발생 ㅋㅋㅋㅋㅋ,False,
@전지원-g4c,이게 뮤ㅜㅗㅓ노 ? ㅋㅋㅋㅋㅋㅋㅋㅋㅋㅋㅋㅋㅋㅋㅋㅋㅋㅋㅋㅋㅋㅋㅋㅋ,False,
@Chicaga-o6o,저 사람 랄로 아닙니다 다른 사람 입니다,False,
@다이준,atomic bomb 노래 섭외는 못했나 아쉽네,False,
@guping7680,레전드 레전드 레전드. 근데광고만 찍어준건가 ㅋㅋㅋㅋㅋ,False,
@Oh_World,ㅇㄱㅉㅈㅇㅇ?,False,
@minulee9582,와 …,False,
@orvis2391,ㅋㅋㅋㅋㅋㅋㅋㅋㅋㅋㅋㅋㅋㅋㅋㅋㅋㅋㅋㅋㅋ,False,
@user-ey7di1yz4j,머임 진짜랄로임? 짭로한테 선글라스만씌워논거아님?,False,
@IlIlIlIIIll,와꾸보자마자 웃음부터나면 개추 ㅋㅋㅋ,False,
@gh-cn7vf,디도스 스노우볼이 이렇게 ㅋㅋ,False,
@다람쥐-d8o,"<a href=""https://www.youtube.com/watch?v=rO5HYXFbYJo&amp;t=8"">0:08</a><br>대꼴 2인조<br>RALO &amp; PAKA",False,
@jivvoo7,이거 진짜에요?,False,
@Lebleus,뭐해? 틀어~,False,
@h_h4284,여러분 광고비로 얼마를 받았냐는 게 중요한 게 아닙니다. 그중에 얼마를 코인에 꼬라박았냐라는 겁니다.,False,
@양승밈,이거 딥페이크임?,False,
@김승호-y6h,자 드가자~~~~~,False,
@Yeezy123,ㅋㅋㅋㅋㅋㅋ ㅈㄴ 웃기네 ㅋㅋㅋ 근데 물쥐는 왜빼냐 얘가 제일열심히 하는데 ㅋㅋ,False,
@김석훈-s6h,파카는 광고비 받았나요?,False,
@우랭장,이게 뭐눅 ㅋㅋㅋㅋㅋㅋㅋㅋㅋ,False,
@hm-et5zj,찬호는왜 한마디 상의도없이 광고를 찍은걸까?,False,
@ryujinfan5192,딥페이크 발전 많이 했네 ㄷㄷ,False,
@흰수염고래-q2k,파카ㅋㅋ,False,
@KimEille,레전드레전드레전드 레전드 상황 발생!,False,
@JI_C_M_9,진짜 레전드 상황 발생이네ㅋㅋ,False,
@김태현-h1q3m,진짜 레전드레전드,False,
@More_protein_plz,이거 진짜에요?????????????????????????????????????????,False,
@중세돌고래,이거 진짜에요?,False,
@J_wooo,네~ 광고비는 바로 숏으로 사회에 환원하셨답니다~ 정말 아무도 모르는 선행이네요~~,False,
@artsoo,배그 얜 좆됐다ㅋㅋㅋㅋ,False,
@오옹오오-w1k,자 드가자에서 현웃 터짐ㅋㅋㅋㅋ,False,
@네네네-c4i,ㅋㅋㅋㅋ존나 잘어울리네 ㅋㅋㅋ,False,
@JooWest911,랄.,False,
@낮잠자는징징이,이게 진짜라고?,False,
@BigJohnson-oj6wo,존나 어지럽네,False,
@jm7352,예?,False,
@엔카나시온,그래서 랄로 스킨 나오는거지? 비키니수영장파티 김찬호 간다 딱대라,False,
@user-dsf7saqwe,아니 이게 왜 진짜냐 ㅋㅋㅋㅋㅋㅋㅋㅋㅋㅋㅋㅋㅋㅋ 자 드가자~,False,
@박수빈수빈-u9k,ㄹㅇ 랄팍 레전드 상황발생,False,
@leoyun9428,캬,False,
@제육이두개,이거 진짜에여?,False,
@es_-pg4ym,레전드 상황 발생!!!,False,
@minsikbuff,김해청년 레전드 상황 발생.avi,False,
@Cornered_Raccoon,캬 랄로의 대꼴 레전드,False,
@kd7394,이게  뭐노??,False,
@마커스,뉴진스=랄로 ?,False,
@제이크-j1m,대꼴영상은 진짜 랄투브 명작라인이긴 해,False,
@fabqydka,랄로 배그 여자찾아 삼만리랑 살아있는데 착한 중국인 꼭봐라 개재밌음,True,@제이크-j1m
@우효-g7t,‘수작라인‘,True,@제이크-j1m
@Zzz-sc2xy,온리업 미만잡,True,@제이크-j1m
@user-hw6ko3jn7h,&quot;엄마 미안해&quot;,True,@제이크-j1m
@user-fc5rx8kl3b,랄로 명작은 “크리스마스엔 역시 랄투브”다 ㅇㅇ,True,@제이크-j1m
@jonghyunyun301,이게 머선129....,False,
@피지크너구리,공계임?,False,
@idee1212,랄로 보다 어깨 위 다람쥐에 더 눈이 가네요.....,False,
@c.d6243,이거 진짜에요?,False,
@흐헤헤-q1r,어질어질 하다...,False,
@수완-r9q,개부럽다 광고주들은 랄로생얼을 밝은곳에서 봤다는거 아니야!,False,
@Sion2XD_,그냥 웃음만 나오는 랄뚜기들은 개추 ㅋㅋㅋㅋㅋㅋㅋㅋㅋㅋㅋㅋㅋㅋㅋㅋㅋㅋㅋㅋㅋㅋㅋㅋㅋㅋㅋㅋㅋㅋㅋㅋㅋㅋㅋㅋㅋㅋㅋㅋㅋㅋㅋㅋㅋㅋ,False,
@JIWON_is_Hopps,랄로ㅋㅋㅋㅋㅋㅋㅋㅋㅋㅋㅋㅋㅋㅋ,False,
@gangmokim4097,그냥 레전드 상황 발생,False,
@쌈무-o2w,진짜 배그 감다살이네ㅋㅋㅋㅋ,False,
@badahari2512,ㅈㄴ웃기노,False,
@P1usMe,레전드 상황 발생이란 유행어가 양지로 올라올 줄은 상상도 못했네ㅋㅋㅋㅋ,False,
@whitegold-w2i,"랄쌤 광고 찍었네 ㅋㅋㅋㅌㅋㅌㅋ<br><a href=""https://www.youtube.com/watch?v=rO5HYXFbYJo&amp;t=8"">0:08</a> 왼쪽 어깨에 다람쥐까지",False,
@junghoonkim-yr9ki,아니 이거 진짜에요?,False,
@sadcat3970,지도 웃겨서 웃참하는거 레전드,False,
@minirose1,진짜 레전드 상황 발생~~~~~~~~~~~~~~~,False,
@baky12,음지에서 나와가지고 처음 찍었네요 예.,False,
@Trazy23411,이게왜 진짜냐?ㅋㅋ,False,
@DD-vx4nx,진짜 레전드,False,
@zkim6890,얼마를 준거야 대체,False,
@user-fx3of9kk9e,진짜찐이네?ㅋㅋㅋㄱㅋ,False,
@우동먹고싶다-v7x,ㅋㅋㅋㅋㅋㅋㅋ역시 해병출신은 다르네,False,
@신창섭-KR1,사스가 랄니키ㅋㅋㅋㅋㅋㅋㅋㅋㅋㅋ,False,
@noru_goongdengi_mushroom,치킨먹으면 에어맨 나오나요?,False,
@SATO-oc3vi,랄로 맞긴하냐? 선글라스만 씌워놓은 다른사람아냐?,False,
@OOOOOO0Oo0OO00,ㅇㄱㅈㅉㅇㅇ?,False,
@HI-tc2dr,퀄 좋은데 마지막에 대가리 움직이는건 옛날 애능 오프닝 보는 것 같네ㅋㅋ,False,
@어디아블로아저씨야,내가…지금 뭘 보고 있는 거지?,False,
@뭐몰라,도데체 얼마를 받았길래 밖으로 나간거지?,False,
@HI-tc2dr,이...이게 뭐노;;,False,
@xoanddl01,내가 뭘본거야,False,
@jki8472,뭐임? 랄로 체인점 그런건 줄 알았는데.. 찐이였네,False,
@gosari_moochim,걍 존나 웃음벨이네 ㅋㅋㅋㅋㅋㅋ,False,
@보라물감,레전드 레전드 레전드,False,
@psk1117,랄튜브인줄 알고 들어왔는데 뭐누,False,
@김동해-g9i,레전드 상황 발생!!!,False,
@ReaIWakGood,이새끼 여기서 뭐하노? ㅋㅋㅋㅋㅋ,False,
@PANGTAE,자 드가자~,False,
@정병현-u8x,레전드상황발생 ㅋㅋ,False,
@Fdssf-sk9ng,브금주세요 ㅇㄷ,False,
@Ozk0316,"왜 with 랄로, 파카가 아니라 랄로 혼자인거죠?",False,
@윤영-i1t,엥 ㅋㅋㅋㅋㅋㅋㅋㅋㅋㅋㅋㅋㅋㅋㅋㅋㅋㅋㅋㅋㅋㅋㅋㅋㅋㅋ이게뭐야 ㅋㅋㅋㅋㅋㅋㅋㅋㅋㅋㅋㅋㅋㅋㅋㅋㅋㅋㅋㅋㅋㅋㅋㅋㅋㅋㅋㅋㅋㅋㅋㅋㅋ,False,
@seo586,ㅋㅋㄹㅋㅋㅋㅋㅋㅋㅋㅋㅋㅋㅋ,False,
@jean-ze6nt,정보)찬호는 에이전트다,False,
@쭈니짱해러허,이게 뭐노 대체,False,
@dv2032,찬호그라운드 레전드 레전드,False,
@mansickim7358,만우절이긴 아직 너무 이른데??,False,
@user-sooooooch,레전드 상황발생,False,
@윤갑이,브금이 아쉽네요,False,
@spoon__2275,찬호야 뭐하냐 방송켜서 해명해라!,False,
@duckduck0320,상황 제대로 걸렸어!!!!!!,False,
@sizukani,"<a href=""https://www.youtube.com/watch?v=rO5HYXFbYJo&amp;t=2"">0:02</a> 랄근대위",False,
@ggja-n2i,뭐야 AI딥페이크 아니노 ?ㅋㅋㅋㅋ 얼마를 받았길래,False,
@김다링,진짜 레전드상황 발생ㅋㅋㅋㅋㅋ,False,
@dudgk1659,이거 진짜에요..?,False,
@running175,zzzzzzzzzzzzzzzzzzzzzzz,False,
@user-fb9ow3vq2h,ㅋㅋㅋㅋㅋㅋㅋㅋㅋㅋㅋㅋㅋㅋㅋㅋㅋㅋㅋ,False,
@luvvvooyoo,ㅋㅋㅋㅋㅋㅋㅋ딥페이크 영상아니냐고,False,
@Raccoon_,어질어질하다그죠? 어질어질하다그죠? 어질어질하다그죠? 어질어질하다그죠? 어질어질하다그죠? 어질어질하다그죠? 어질어질하다그죠? 어질어질하다그죠? 어질어질하다그죠? 어질어질하다그죠? 어질어질하다그죠? 어질어질하다그죠? 어질어질하다그죠? 어질어질하다그죠? 어질어질하다그죠? 어질어질하다그죠? 어질어질하다그죠? 어질어질하다그죠? 어질어질하다그죠? 어질어질하다그죠? 어질어질하다그죠? 어질어질하다그죠? 어질어질하다그죠? 어질어질하다그죠? 어질어질하다그죠? 어질어질하다그죠? 어질어질하다그죠? 어질어질하다그죠? 어질어질하다그죠? 어질어질하다그죠? 어질어질하다그죠? 어질어질하다그죠? 어질어질하다그죠? 어질어질하다그죠? 어질어질하다그죠? 어질어질하다그죠? 어질어질하다그죠? 어질어질하다그죠? 어질어질하다그죠? 어질어질하다그죠? 어질어질하다그죠? 어질어질하다그죠? 어질어질하다그죠? 어질어질하다그죠? 어질어질하다그죠? 어질어질하다그죠? 어질어질하다그죠? 어질어질하다그죠? 어질어질하다그죠? 어질어질하다그죠? 어질어질하다그죠? 어질어질하다그죠? 어질어질하다그죠? 어질어질하다그죠?,False,
@Raccoon_,자드가자드가자드가자드가자드가자드가자드가자드가자드가자드가자드가자드가자드가자드가자드가자드가자드가자드가자드가자드가자드가자드가자드가자드가자드가자드가자드가자드가자드가자드가자드가자드가자드가자드가자드가자드가자드가자드가자드가자드가자드가자드가자드가자드가자드가자드가자드가자드가자드가자드가자드가자드가자드가자드가자드가자드가자드가자드가자드가자드가자드가자드가자드가자드가자드가자드가자드가자드가자드가자드가자드가자드가자드가자드가자드가자드가자드가자드가자드가자드가자드가자드가자드가자드가자드가자드가자드가자드가자드가자드가자드가자드가자드가자드가자드가자드가자드가자드가자드가자드가자드가자드가자드가자드가자드가자드가자드가자드가자드가자드가자드가자드가자드가자드가자드가자드가자드가자드가자드가자드가자드가자드가자드가자드가자드가자드가자드가자드가자드가자드가자드가자드가자드가자드가자드가자드가자드가자드가자드가자드가자드가자드가자드가자드가자드가자드가자드가자드가자드가자드가자드가자드가자드가자드가자드가자드가자드가자드가자드가자드가자드가자드가자드가자드가자드가자드가자드가자드가자드가자드가자드가자드가자드가자드가자드가자드가자드가자드가자드가자드가자드가자드가자드가자드가자드가자드가,False,
@Gangdd00,합성인가요..?,False,
@바타고,ㅋㅋㅋㅋㅋㅋㅋㅋㅋㅋㅋ미친,False,
@wy6791,레쟌도레쟌도레쟌도 ㅋㅋㅋㅋㅋㅋㅋㅋㅋㅋㅋㅋㅋㅋㅋㅋㅋㅋ,False,
@QWER-j3s,코인 시드 야무지게 벌었놈ㄷㄷ,False,
@윤-l9r,아니ㅋㅋㅋ 잘못 본 줄 알았네,False,
@지나가는중-c2y,아 핵좀 잡아줘 제발..,False,
@Steig-eisen,랄팤 음지 탈출;,False,
@korean-life-0816,롱 드가자,False,
@xxx-xl5wf,ㅋㅋㅋㅋㅋㅋㅋㅋㅋㅋㅋㅋㅋㅋㅋㅋㅋㅋㅋㅋㅋㅋㅋ,False,
@BlackSkirt,레전드 레전드..,False,
@minsour98,ㅋㅋㅋㅋㅋㅋㅋㅋㅋㅋㅋㅋㅋㅋㅋㅋㅋㅋㅋㅋㅋㅋㅋㅋㅋ,False,
@이준우-l6z,대꼴주의,False,
@김해댄싱머신김찬호,ㅋㅋ,False,
@whdghksqkr4288,진짜 진짜 레전드상황발생 ㅋㅋㅋㅋㅋㅋ,False,
@진서랑,ㅋㅌㅋㅋㅌㅋㅋㅋㅋㅋㅋㅋ,False,
@daehyunjung1405,캬 ㅋㅋㅋ,False,
@하히후헤헤호,미친ㅋㅋㅋㅋ 진짜냐,False,
@이러나-m9i,배그 일 잘하네?,False,
@건실한메기,우리 고양이가 몇번을 돌려보는지 모르갰어요,False,
@대상헉,레전드 레전드 ㅋㅋㅋ,False,
@kiidiwiidwiwi,?,False,
@현우강-o1z,지도 어이가없나봄 실소를 ㅋㅋㅋㅋㅋㅋㅋㅋㅋㅋ,False,
@SOFI-ck4cp,이런거 광고한번에 보통 얼마받음?,False,
@JM-ht2gx,이거 진짜에요?,False,
@엉,ㅋㅋㅋㅋㅋㅋㅋㅋㅋㅋㅋ,False,
@sexyguytaktak,배그.. 해야겠지..?,False,
@highwinder2197,도대체 얼마를 꽂았길래 이렇게까지 가능한거냐?,False,
@naive-u8f,2400!,False,
@makaria00,배그 감다살,False,
@UNDERTALEASINNGOONA,이것도 ai합성인가 그거냐?,False,
@멈멈미귀여워,시드머니 버는중,False,
@paka999g,랄팤 귀여워 ㅠㅠㅠㅠ 11월 20일 치지직 방송 공식 대꼴 드가자~~~,False,
@d_owner,가슴이 웅장해진다,False,
@go_gyerim,2400!! 2400!! 2400!! 2400!! 2400!! 2400!! 2400!! 2400!! 2400!! 2400!! 2400!! 2400!! 2400!! 2400!! 2400!!,False,
@JJH-en6pm,마동석처럼 랄로 파카 스킨 내줬으면.. 평생 쓴다. 랄로 장발 선글라스 스킨에 파카 다람쥐 스킨,False,
@KIM_LAW,캬 해장님의 광고지원으로 20일 방송 확정~~,False,
@피자맨-j6o,입금된 광고비는 비트코인으로 치환되었습니다.,False,
@cdan00192,랄쌤ㅋㅋㅋㅋ,False,
@호재야,파카도 광고비 받음 ?,False,
@CHANHA-pp1nw,배그 감다살이네 ㅋㅋ,False,
@vwvvwwv,자 드가자~,False,
@임재현-k7w,어이가없네 ㅅㅂㅋㅋㅋㅋㅋㅋ,False,
@호애애애애애앵,"<a href=""https://www.youtube.com/watch?v=rO5HYXFbYJo&amp;t=2"">0:02</a> 웃참하노 ㅋㅋㅋ",False,
@이재휴-f2q,광고비로 숏칠 생각에 싱글벙글,True,@호애애애애애앵
@백승준-i3w,레전드 레전드 레전드 !!!!!!,False,
@호애애애애애앵,ㅅㅂㅋㅋㅋㅋㅋㅋㅋㅋㅋㅋㅋㅋㅋㅋㅋㅋㅋㅋㅋㅋㅋㅋㅋㅋㅋㅋㅋㅋㅋㅋㅋㅋㅋㅋㅋㅋㅋㅋㅋㅋ,False,
@고양이미사일,이거 진짜에요?,False,
@샤우토,레전드레전드레전드ㅋㅋㅋ,False,
@highpricemr.3982,랄근대위 ㅋㅋ,False,
@아무나-y1c,이게뭐야!!!!!!!!!!!!!!!!!!!!!!!!!!!!!!!!!!,False,
@IsItToday,이거 진짜에요? ㅋㅋㅋㅋㅋ,False,
@BBanghochannel,레전드 레전드 레전드~~~,False,
@wars1837,랄황 ㅋㅋ,False,
@Vi18-n7n,아 랄로님 이 쪽 구멍이 아니예요?,False,
@node3115,랄로 대꼴 진짜 재미있었는데,False,
@성이름-t1d7u,숏 때문에 무료광고 됐다는 거 진짜에요?,False,
@뮤딩-v4c,ㅋㅋㅋㅋㅋㅋㅋㅋㅋㅋㅋㅋㅋㅋㅋㅋㅋㅋㅋㅋㅋㅋㅋㅋ,False,
@권라떼-i2g,배그 감다살이네 ㅋㅋㅋㅋ,False,
@user-vc6ko1iy1b,오옹?,False,
@풉킼킼킼,배그 성공했네... 랄황이랑 ㅋㅋㅋ,False,
@jsjs-p8,진짜 얘네는 광대라는거임ㅋㅋㅋ,False,
@gomingominsi,중간에 도센세 특별출현 뭐냐ㅋㅋㅋㅋㅋㅋ,False,
@박정식-c7m,레전드 레전드 레전드,False,
@jsjs-p8,ㅋㅋㅋㅋㅋㅋㅋㅋ걍 웃음벨,False,
@lilikesilver,그냥 ㅈㄴ 웃김 ㅋㅋㅋㅋ,False,
@아졸리다-z2z,이게 뭐노?,False,
@fdsofoie2lo,랄로와 파카 실물을 데려다 광고찍는 배그 클라스ㄷㄷ,False,
@이동혁-n8j,파카가 어딨어여?,True,@fdsofoie2lo
@fdsofoie2lo,랄로 어깨에 있읍니다,True,@fdsofoie2lo
@호구진-t2c,@@이동혁-n8j안보이시나요..??,True,@fdsofoie2lo
@이동혁-n8j,아모야 진짠줄알았네,True,@fdsofoie2lo
@김야호-n2i,@@이동혁-n8j  진짠데요? 사람인줄 아셨어요? 사람 목소리가 어떻게 저렇게 얇겠어요;;,True,@fdsofoie2lo
@Meiji-mh2mj,대꼴에서 광고까지 ㄹㅈㄷㄹㅈㄷㄹㅈㄷ,False,
@최우성-m1f,? 랄로야 ㅋㅋㅋ,False,
@Justin-vi8gs,자 두가자~,False,
@98nor,어질어질하다 그죠?,False,
@회쳐먹기,제우스 기인 랄로. 돈없으면 랄로 써야지,False,
@리표,랄로 모델링 나오냐?,False,
@Dhodud,이번기회로 대륙과 소통 t1과 소통 ㅈ캠 여캠과소통 기회자 드가자~~~,False,
@manatoki,ㅈㄴ 감다살이네 ㅋㅋㅋㅋㅋㅋㅋㅋㅋㅋㅋ,False,
@강승-q6d,ㄹㅇ광고땜에 배그마렵네,False,
@actionturtle6974,그냥레전드,False,
@휘님,대꼴 반드시 가야지,False,
@나는나,이게..공식?,False,
@요-r6w,살좀 빼고가지ㅋㅋㅋ,False,
@YoungukJo,뭐냐이거,False,
@이종석-m5j,레전드 상황 발생!,False,
@khn16482hwhsg,감당되나 배그 ㅋㅋ<br>음지끝판왕 온갖 레전드 워딩을 쏟아낸 랄황을.. ㅋㅋ,False,
@킴지민,ㅋㅋㅋㅋㅋㅋㅋ자 드가자,False,
@김현빈-d6l5i,이거 진짜에요?,False,
@Couponlover985,잘생겼다!! 김해 꽃미남,False,
@ming-fy4ou,펍지 감다살,False,
@Blue19172,진짜 레전드 상황 발생!!!ㅋㅋㅋㅋㅋ,False,
@김가-r9u,레전드 상황발생ㅋㅋㅋ 펍쥐 감다살,False,
@danddo661,이게 왜 진짜냐?,False,
@Slrlal-tp7gi,노래도 크게나왔으면 좋겠다 ㅋㅋㅋㅋ,False,
@tommy-gk8pb,김해에서 2번째로 유명한 남자를 쓸 생각을 하시다니<br>역시 탁월하십니다,False,
@박준원-u5g,첫번째는,True,@tommy-gk8pb
@user-cs5me1lf6y,우흥,True,@tommy-gk8pb
@강민성-k8f,따라오너라,True,@tommy-gk8pb
@user-du1tu6kb6c,@@박준원-u5g 첫번째는 &#39;운&#39;도 없지 &#39;지&#39;금은 안계심,True,@tommy-gk8pb
@Myojigi,아하 작곡가이신 그분,True,@tommy-gk8pb
@Imzozo-c2y,개십레전드상황발생ㅋㅋㅋㅋㅋㅋㅋㅋ,False,
@Imzozo-c2y,이게뭐고,False,
@zaraxxus,ㅋㅋㅋㅋㅋㅋㅋ 돈을 진짜 얼마나 준거냐,False,
@1547-b6s,음지에까지 손을 댔네 ㅋㅋㅋ,False,
@peppermint991,랄로 얼굴 보자마자 저항없이 터지네ㅋㅋㅋㅋ,False,
@sangjunlee3140,얼마를 줬길래 그 노인네가 촬영장까지 갔냐?ㅋㅋㅋㅋ,False,
@user-mj9hh7fk4k,랄로도 이제 점점 양지로 올라오려는 거임?? 집에만 박혀있을 줄ㅋㅋ,False,
@Stonekeeper038,이제 내려갈일만 남았다 둘다,False,
@user-je1sh4pt3k,이거 ㅈㅉㅇㅇ?,False,
@lure_mania,랄로가 집 밖을 나갈리가 없는데..<br>요즘 AI 기술이 정말 무섭군요…,False,
@마동석_S2,존나 웃기네 ㅋㅋㅋㅋ,False,
@전투기계제라스,m249 성장형 주세여 ㅠㅠ무조건뽑을게여 ㅠㅠ,False,
@도토잠보-w9y,ㅋㅋㅋㅋㅋㅋㅋㅋㅋㅋㅋ아씨 랄로가 펍지랑 같이 광고를 하다닠ㅋㅋㅋㅋㅋㅋㅈㄴ 웃기네,False,
@평타두대,자 드가자,False,
@이종-c2u,ai?? 맞지??,False,
@neonsign5440,이런 귀한영상을.. 펍쥐에게 매우 감사.,False,
@최신식-e1k,썸넬 다람쥐 개귀엽네,False,
@kiwi_0733,이거 진짜에요???,False,
@Aaa-p2m3w,여긴 고름 시티 ~,False,
@mart-king,핵이나 잡아. 아무리 신고해도 영정 안때리고 임시정지 뭐냐. 운영그지같이 하네,False,
@멋쟁이토메이로-o4c,랄 팤 그들은 소문난 두오라구,False,
@sober_1st,이게 뭐노;;;,False,
@hwax,이왜진???? 진짜 레전드 상황 발생ㅋㅋㅋㅋㅋㅋㅋㅋ,False,
@지식인의음료닥터페퍼,대꼴드가자~~,False,
@오너-e3i,합성인줄알았네,False,
@tarvus.,파카 개귀엽네 ㅋㅋㅋ,False,
@일-o6t,브금주세요,False,
@응아니야-t5c9w,대꼴 드가자,False,
@maesil999,이 사람이 얼굴에 분칠하는 날이 오다니,False,
@엄석대-n9u,어깨 다람쥐는 진짜 감다살이네 ㅋㅋㅋㅋㅋㅋ,False,
@tubeproadmin,이게 머선129..?,False,
@제육-q5l,ㅋㅋㅋㅋㅋㅋㅋㅋㅋㅋㅋㅋ랄뚜기 힘을 보여주자 좋테 ㄱㄱ,False,
@집중자,자 드가자,False,
@KYO-n6z,랄로가 드디어...,False,
@SebinLee-h8p,얼마를 받았길래.. 래퍼럴해줄게 랄로야,False,
@응기이잇-q7h,이거 진짜에요?,False,
@불행복,와 ㅋㅋㅋ 이게 가능하다니~~,False,
@진빠-l7i,드가자,False,
@버그헌터_기브르,배그 감다살이노,False,
@아침햇살-j8h,&#39;무지성 랄뚜기 투하&#39;,False,
@Ddghbvaw-h9v,훠어어어어!!!!!!!!!,True,@아침햇살-j8h
@gomdidi1433,"포니, 트럭, 미라도, 툭툭이 스킨을 한번에 다양한걸로 내놓으시지요",False,
@음음그래그래-y9z,ㅋㅋㅋㅋㅋㅋㅋㅋ다람쥐도 있네,False,
@곽철우-l6f,"<a href=""https://www.youtube.com/watch?v=rO5HYXFbYJo&amp;t=3"">0:03</a> 입금될 광고비로 롱 칠 생각에 입꼬리 올라간 김찬호면 개추",False,
@ahahahah7995,이미 숏쳐서 다 날렸어 이녀석아~,True,@곽철우-l6f
@kkkkkkkk3641,이미 다 날려서 사실상 무료랍니다~,True,@곽철우-l6f
@파카-l1p,​@@ahahahah7995최근에 날리심?,True,@곽철우-l6f
@yhuni7265,이미 다 날렸다면?ㅋㅋㅋ,True,@곽철우-l6f
@쿼카-i4o,생방좀 챙겨 보이소~ 이미 다 날렸습니다,True,@곽철우-l6f
@제가잘못한게없는데,펍지에 랄빡이 몇명있을까,False,
@rkoddt,파카는 목소리 거부감 가진사람이 엄청 많아서 광고 안찍은듯,False,
@BinWon-cs4hg,마루쒜는 어딨나요?,False,
@곽철우-l6f,"마루쇠는 음음,,",True,@BinWon-cs4hg
@쇼츠올리는잼민이킬러,김해에 비슷한놈으로 데려다놨으니 걱정마세요~,True,@BinWon-cs4hg
@지지-d2o,(배를 두드리며),True,@BinWon-cs4hg
@츄로스좋아,일단 조만간 배그광고한다고 방송할거같아서 기분 좋으면 개추 ㅋㅋ,False,
@찬다르크,개레전듴ㅋㅋㅋㅋㅋㅋㅋ,False,
@임영훈-s6f,영상 ㅈㄴ 싸구려맛 나네ㅋㅋ,False,
@Sinsso-qi9bw,2400!!!! 2400!! 2400!!,False,
@AlpacaDanDan,아아 이 광고비를 비트코스 숏을.... 그저 무료로 광고 찍어주시는 대 찬 호,False,
@단상,레전드 상황 발생 😂😂😂😂😂,False,
@user-rp8qf9pv1h,이왜진????,False,
@Ryzenkr,자드가자를 여기서 듣네 ㅋㅋㅋㅋㅋㅋㅋ,False,
@김밭-d8g,다음은 뉴진스랑 같이하나? 뉴랄,False,
@그냥삼,"<a href=""https://www.youtube.com/watch?v=rO5HYXFbYJo&amp;t=32"">0:32</a> 하이라이트",False,
@그냥삼,ㅋㅋㅋㅋㅋㅋㅋㅋㅋㅋㅋㅋㅋㅋㅋㅋㅋㅋㅋㅋㅋㅋㅋㅋㅋㅋㅋㅋㅋㅋㅋㅋㅋㅋㅋㅋㅋㅋㅋㅋㅋㅋㅋㅋㅋㅋㅋㅋㅋㅋㅋㅋㅋㅋㅋㅋㅋㅋㅋㅋㅋㅋㅋㅋㅋㅋㅋㅋㅋㅋㅋㅋㅋㅋㅋㅋㅋㅋㅋㅋㅋㅋㅋㅋㅋㅋㅋㅋㅋㅋㅋㅋㅋㅋㅋㅋㅋㅋㅋㅋㅋㅋㅋㅋㅋㅋㅋㅋㅋㅋㅋㅋㅋㅋㅋㅋㅋㅋㅋㅋㅋㅋㅋㅋㅋㅋㅋㅋㅋㅋㅋㅋㅋㅋㅋㅋㅋㅋㅋㅋㅋㅋㅋㅋㅋㅋㅋㅋㅋㅋㅋㅋㅋㅋㅋㅋㅋㅋㅋㅋㅋㅋㅋㅋㅋㅋㅋㅋㅋㅋㅋㅋㅋㅋㅋㅋㅋㅋㅋㅋㅋㅋㅋㅋㅋㅋㅋㅋㅋㅋㅋㅋㅋㅋㅋㅋㅋㅋㅋㅋㅋㅋㅋㅋㅋㅋㅋㅋㅋㅋㅋㅋㅋㅋㅋㅋㅋㅋㅋㅋㅋㅋㅋㅋㅋㅋㅋㅋㅋㅋㅋㅋㅋㅋㅋㅋㅋㅋㅋㅋㅋㅋㅋㅋㅋㅋㅋㅋㅋㅋㅋㅋㅋㅋㅋㅋㅋㅋㅋㅋㅋㅋㅋㅋㅋㅋㅋㅋㅋㅋㅋㅋㅋㅋㅋㅋㅋㅋㅋㅋㅋㅋㅋㅋㅋㅋㅋㅋㅋㅋㅋㅋㅋㅋㅋㅋㅋㅋㅋㅋㅋㅋㅋㅋㅋㅋㅋㅋㅋㅋㅋㅋㅋㅋㅋㅋㅋㅋㅋㅋㅋㅋㅋㅋㅋㅋㅋㅋㅋㅋㅋㅋㅋㅋㅋㅋㅋㅋㅋㅋㅋㅋㅋㅋㅋㅋㅋㅋㅋㅋㅋㅋㅋㅋㅋㅋㅋㅋㅋㅋㅋㅋㅋㅋㅋㅋㅋㅋㅋㅋㅋㅋㅋㅋㅋㅋㅋㅋㅋㅋㅋㅋㅋㅋㅋㅋㅋㅋㅋㅋㅋㅋㅋㅋㅋㅋㅋㅋㅋㅋㅋㅋㅋㅋㅋㅋㅋㅋㅋㅋㅋㅋㅋㅋㅋㅋㅋㅋㅋㅋㅋㅋㅋㅋㅋㅋㅋㅋㅋㅋㅋㅋㅋㅋㅋㅋㅋㅋㅋㅋㅋㅋㅋㅋㅋㅋㅋㅋㅋㅋㅋㅋㅋㅋㅋㅋㅋㅋㅋㅋㅋㅋㅋㅋㅋㅋㅋㅋㅋㅋㅋㅋㅋㅋㅋㅋㅋㅋㅋㅋㅋㅋㅋㅋㅋㅋㅋㅋㅋㅋㅋㅋㅋㅋㅋㅋㅋㅋㅋㅋㅋㅋㅋㅋㅋㅋㅋㅋㅋㅋㅋㅋㅋㅋㅋㅋㅋㅋㅋㅋㅋㅋㅋㅋㅋㅋㅋㅋㅋㅋㅋㅋㅋㅋㅋㅋㅋㅋㅋㅋㅋㅋㅋㅋㅋㅋㅋㅋㅋㅋㅋㅋㅋㅋㅋㅋㅋㅋㅋㅋㅋㅋㅋㅋㅋㅋㅋㅋㅋㅋㅋㅋㅋㅋㅋㅋㅋㅋㅋㅋㅋㅋㅋㅋㅋㅋㅋㅋㅋㅋㅋㅋㅋㅋㅋㅋㅋㅋㅋㅋㅋㅋㅋㅋㅋㅋㅋㅋㅋㅋㅋㅋㅋㅋㅋㅋㅋㅋㅋㅋㅋㅋㅋㅋㅋㅋㅋㅋㅋㅋㅋㅋㅋㅋㅋㅋㅋㅋㅋㅋㅋㅋㅋㅋㅋㅋㅋㅋㅋㅋㅋㅋㅋㅋㅋㅋㅋㅋㅋㅋㅋㅋㅋㅋㅋㅋㅋㅋㅋㅋㅋㅋㅋㅋㅋㅋㅋㅋㅋㅋㅋㅋㅋㅋㅋㅋㅋㅋㅋㅋㅋㅋㅋㅋㅋㅋㅋㅋㅋㅋㅋㅋㅋㅋㅋㅋㅋㅋㅋㅋㅋㅋㅋㅋㅋㅋㅋㅋㅋㅋㅋㅋㅋㅋㅋㅋㅋㅋㅋㅋㅋㅋㅋㅋㅋㅋㅋㅋㅋㅋㅋㅋㅋㅋㅋㅋㅋㅋㅋㅋㅋㅋㅋㅋㅋㅋㅋㅋㅋㅋㅋㅋㅋㅋㅋㅋㅋㅋㅋㅋㅋㅋㅋㅋㅋㅋㅋㅋㅋㅋㅋㅋㅋㅋㅋㅋㅋㅋㅋㅋㅋㅋㅋㅋㅋㅋㅋㅋㅋㅋㅋㅋㅋㅋㅋㅋㅋㅋㅋㅋㅋㅋㅋㅋㅋㅋㅋㅋㅋㅋㅋㅋㅋㅋㅋㅋㅋㅋㅋㅋㅋㅋㅋㅋㅋㅋㅋㅋㅋㅋ,False,
@양창환-d8g,이거 ㅈㅉㅇㅇ?,False,
@jyagaimo99,이새끼 왜 여기서나오노ㅋㅋㅋ,False,
@dnfka404,ㅁㅊ ㅋㅋㅋㅋㅋㅋㅋ,False,
@최신식-e1k,잘생긴거봐,False,
@케이스-z9f,레전드네,False,
@flexer7611,기발ㅋㅋㅋㅋ,False,
@ghswk,이건 진짜 레전드네 ㅋㅋㅋㅋㅋㅋㅋㅋㅋㅋㅋㅋ,False,
@김주영-o5e8b,음 그래그래 살려줬으면 광고 줘야겠지?,False,
@return-tv2nv,"어깨에 마르쉐인지 알았는데, 파카넼ㅋㅋㅋㅋㅋㅋ",False,
@hydgev3mruch34j,ㅁ친 진짜 랄로네 ㅋㅋㅋㅋㅋㅋㅋㅋㅋㅋㅋㅋㅋㅋㅋ,False,
@김해피자스쿨도둑,랄로 캐릭터 내주세요,False,
@ohmylife-2182,뭐야 이거 진짜에요? ㅋㅋㅋㅋㅋ,False,
@Brother_Do,진짜 레전드 상황이네 ㅋㅋ,False,
@Rational_12,레전드레전드레전드!!,False,
@MZ-ze1qd,랄근대위ㄷㄷㄷ,False,
@옥황,아오 마지막은 진짜 짜치네 ㅋㅋㅋ,False,
@SON._.7,ㅋㅋㅋㅋㅋㅋㅋㅋㅋㅋㅋㅋㅋㅋㅋㅋㅋㅋㅋㅋㅋㅋㅋㅋㅋㅋㅋㅋㅋㅋㅋㅋㅋㅋㅋㅋㅋ<br>여기서 랄로를 다보네 ㅋㅋㅋㅋㅋㅋㅋㅋ,False,
@hcj7155,ㅋㅋㅋ ㅋ ㅋ ㅋ ㅋ  ㅋㅋㅋㅋㅋㅋㅋㅋㅋㅋㅋㅋㅋㅋㅋㅋㅋㅋㅋㅋㅋㅋㅋㅋㅋㅋㅋㅋㅋㅋㅋㅋㅋㅋㅋㅋㅋㅋㅋ,False,
@NekoRocopam,뭐임??????랄뚜기 당황,False,
@juuuuuuunseo,배틀그라운드...돌아버린게냐?,False,
@opppl717,이제 배그까지 랄황 ㄷㄷㄷㄷㄷㄷㄷ,False,
@MovieWonder-id8vu,얼마면 그를 움직을 수 있는 걸까,False,
@abba9871,르세라핌 뉴진스 말왕? 랄로? ?? 개레전드 라인업 발생 ㅇㅇ,False,
@user-bblush,어질어질하다 그죠? ㅋㅋㅋㅋㅋㅋㅋㅋㅋㅋㅋㅋㅋㅋㅋㅋㅋㅋㅋㅋㅋㅋㅋㅋㅋㅋㅋㅋㅋㅋㅋ,False,
@db-gc4gy,아니 찬호씨가 밖에서 촬영을 하고 왔다고?,False,
@nice_man123,"손흥민,블랙핑크,마동석,랄로 Let’s Go~!",False,
@mzmzyo,esp 매출 안나와서 에임핵 팔아먹을라고??,False,
@양혜정-k3n,"<a href=""https://www.youtube.com/watch?v=rO5HYXFbYJo&amp;t=8"">00:08</a> 소문난두오 입갤 ㅋㅋㅋㅋㅋㅋㅋㅋㅋㅋㅋㅋㅋㅋㅋㅋㅋ",False,
@낮에우는부엉이,파카도 광고비 받은거냐....?,False,
@김기현-b4c,레전드 레전드 레전드 ㅋㅋㅋㅋㅋㅋㅋㅋ,False,
@LCKINSIDE,진짜 랄쌤이에요? ai아니고?,False,
@iml3075,왜 대꼴이라 말을 못해,False,
@INAON12,레전드 랄로 발생!!!!!!!레전드 랄로 발생!!!!!!!레전드 랄로 발생!!!!!!!레전드 랄로 발생!!!!!!!레전드 랄로 발생!!!!!!!레전드 랄로 발생!!!!!!!레전드 랄로 발생!!!!!!!레전드 랄로 발생!!!!!!!레전드 랄로 발생!!!!!!!레전드 랄로 발생!!!!!!!레전드 랄로 발생!!!!!!!레전드 랄로 발생!!!!!!!레전드 랄로 발생!!!!!!!레전드 랄로 발생!!!!!!!레전드 랄로 발생!!!!!!!레전드 랄로 발생!!!!!!!레전드 랄로 발생!!!!!!!레전드 랄로 발생!!!!!!!레전드 랄로 발생!!!!!!!레전드 랄로 발생!!!!!!!레전드 랄로 발생!!!!!!!레전드 랄로 발생!!!!!!!레전드 랄로 발생!!!!!!!레전드 랄로 발생!!!!!!!레전드 랄로 발생!!!!!!!레전드 랄로 발생!!!!!!!레전드 랄로 발생!!!!!!!레전드 랄로 발생!!!!!!!레전드 랄로 발생!!!!!!!레전드 랄로 발생!!!!!!!레전드 랄로 발생!!!!!!!레전드 랄로 발생!!!!!!!레전드 랄로 발생!!!!!!!레전드 랄로 발생!!!!!!!레전드 랄로 발생!!!!!!!레전드 랄로 발생!!!!!!!레전드 랄로 발생!!!!!!!레전드 랄로 발생!!!!!!!레전드 랄로 발생!!!!!!!레전드 랄로 발생!!!!!!!레전드 랄로 발생!!!!!!!레전드 랄로 발생!!!!!!!레전드 랄로 발생!!!!!!!,False,
@alkazma3055,이게 뭐고?,False,
@나무-z3q,광고 감 다~~~살았네 ㅋㅋㅋㅋ,False,
@worldtail96,&#39;음악 주세요&#39; 가 없어서 아쉽네...,False,
@하영-v5b,?,False,
@user-JunSeok,ㅈㅉㅇㅇ?,False,
@cuni0404,"<a href=""https://www.youtube.com/watch?v=rO5HYXFbYJo&amp;t=8"">0:08</a> 다람쥐 point",False,
@요도-d1j,ㄷㄷㄷ 살인 다람쥐,True,@cuni0404
@shhms5595,귀폭 ㄷㄷ,True,@cuni0404
@rmadbqls,살인욱 ㄷㄷ,True,@cuni0404
@nothing...........,살 인 욱,True,@cuni0404
@vinsu7428,뭔가했더니 등에 다람쥐 업고있구나,True,@cuni0404
@홍재훈-p9j,랄근대위,False,
@whejsk,내가 잘못보고 있는건가?,False,
@BRLOASCEKPRIONSKE,ㅋㅋㅋㅋㅋㅋㅋㅋㅋㅋㅋ배그 그냥 감다살 씹ㅋㅋㅋㅋㅋㅋㅋㅋ,False,
@CQ___,"<a href=""https://www.youtube.com/watch?v=rO5HYXFbYJo&amp;t=9"">0:09</a> 파카등장 ㅋㅋ",False,
@BiKo-zl3dn,아니 옆에 째깐한게 퍼커임? ㅈㄴ웃기네 ㅋㅋㅋㅋ,True,@CQ___
@Rk4rus,@@BiKo-zl3dn ㅇㅇ 다람쥐ㅋㅋㅋㅋㅋ,True,@CQ___
@롤기견,코큰세끼는 없음?,True,@CQ___
@mm-uz1fv,​@@BiKo-zl3dn퍼커는 씹ㅋㅋ,True,@CQ___
@cho8963,다람쥐 ㅋㅋㅋㅋㅋ 파카 귀여워,True,@CQ___
@율고-z7e,진짜 레전드상황 발생 ㅋㅋㅋㅋㅋㅋㅋㅋㅋㅋㅋㅋㅋㅋㅋㅋㅋㅋㅋㅋㅋ,False,
@AshGreen99,대체 얼마를 준거냐,False,
@박준-z7r,브금주세용~,False,
@Goodwater9357,Ai가 이렇게 위험하네,False,
@arch7636,랄로선글라스 출시해다오,False,
@Orange-Ade,랄로 배그 스킨 나오면 무조건 산다ㅋㅋ,False,
@asdwwee,재밌을거 같긴한데  일 ㅈㄴ 못한다 ㅋㅋㅋ <br>5개월 전에 흥하던걸 이제와서 ㅋㅋㅋ,False,
@lsi-v6j,와 레전드상황 발생!!,False,
@Maashine,이왜진 ㅋㅋ,False,
@sherlock1651,랄로 스킨 나오면 무조건 산다 ㅋㅋ,False,
@mnm293,랄뚜기들 풀발ON,False,
@jslim1949,"광고비도 숏, 사실상 무료광고임",False,
@regina04704,어허,True,@jslim1949
@아냐텨,돈내고 광고 찍은거 아님?,True,@jslim1949
@AlpacaDanDan,@@아냐텨받은 돈으로 비트 숏쳤다가 1억3천 찍는 바람에 무료로 찍었다고 랄뚜기들이 놀리는거,True,@jslim1949
@아냐텨,@@AlpacaDanDan 그니까 랄로가 돈내고 찍은거 아님?,True,@jslim1949
@AlpacaDanDan,@@아냐텨 맞네 오히려 돈 내고 찍어줬네,True,@jslim1949
@user-kkoyang,찬호 게이야 여기서 뭐하노..,False,
@류재하-t3x,엥? ㅋㅋㅋㅋㅋㅋㅋㅋㅋㅋㅋㅋㅋㅋㅋ,False,
@mfdhbcdasvh,치트키 이렇게 써버리다니 만족 만족,False,
@스틸로오토체스꺼라,이왜진 ㅋㅋ,False,
@비씨-z8e,레전드레전드레전드,False,
@MoiTeam1,zㅋㅋㅋㅋㅋㅋㅋㅋㅋㅋㅋㅋㅋㅋㅋㅋㅋㅋㅋㅋ,False,
@sadgasg1asdg376,어이가없네,False,
@봄날은간다-z1m,AI 합성 아님?,False,
@yhangmincang642,???????????? 랄로라고?,False,
@czyplse11k3,이 모드 존나 재밌겠다 진짜 ㅋㅋㅋㅋ,False,
@ahorrador640,네~입금완료되었습니다~~,True,@czyplse11k3
@czyplse11k3,@ 저 알바아닌데요…,True,@czyplse11k3
@godgorr,레전드 레전드 레전드,False,
@under_bar8685,ㅋㅋㅋㅋㅋㅋㅋ뭐옄ㅋㅋㅋ내가 뭘 보고있는거야,False,
@3cg3,랄쌤 잘생겼노,False,
@rapt6937,역대급 레전드 상황 발생 ㅋㅋ,False,
@성이름-d1e4e,<b>레전드 상황 발생</b>,False,
@키핑-h3t,진짜 레전드 상황발생,False,
@Parknight3336,이거 실화냐 진짜? ㅋㅋㅋ,False,
@김기범채널구독,서버좀 돌려줘요 스쿼드 돌리면 중국인들만 만남,False,
@구름-l3o,ㅋㅋㅋㅋㅋㅋㅋㅋㅋ,False,
@김스미스-p1o,무지성 랄뚜기 투하@@@@@@@@@@@@,False,
@Namb777,팤쌤도 같이 하는거냐구 ㅋㅋㅋㅋ,False,
@user-mu8ei1gg6e,남빈아 반갑다,True,@Namb777
@김진태-u1p,남빈이 일해야지?,True,@Namb777
@ycs6626,밥 좀 다오,True,@Namb777
@boyboy5109,남빈열사..,True,@Namb777
@포도-y7x,우리 랄로 월클 맞습니다,False,
@최일휘,대꼴 모드 ㅋㅋ,False,
@심대수-q4r,레전드 상황발생ㅋㅋㅋㅋ,False,
@andy-robo,레전드 상황ㅋㅋㅋㅋㅋㅋ,False,
@akslckdnd,조회수 뭐노 ㅋㅋ,False,
@Chris-sw4pi,어질어질하다 그죠,False,
@moonchanyoung317,??????????????????,False,
@Leegamdog,조회수 재미는 도랄팍쥐실이 압도적이긴한데 이러면 원조대꼴맛집 섭섭해할라ㅠㅠ,False,
@김현우-u4u9v,레전드 레전드 레전드 집이 아닌 광고 찍으셨잖아~ 한잔해!,False,
@토폴로지,8초에 어깨 다람쥐 파카임? ㅋㅋㅋㅋ,False,
@랜드와피트,대꼴 드가자ㅋㅋㅋㅋㅋㅋㅋㅋㅋ,False,
@DrRalo,레전드 레전드 레전드,False,
@Auglove,"랄로 하나 나온게 라클,98분꺼 보다 조회수가 높네<br>머기업은 다르긴 하네",False,
@Auglove,ㅋㅋㅋㅋㅋㅋㅋㅋㅋㅋㅋㅋㅋㅋㅋㅋㅋㅋㅋㅋㅋㅋㅋㅋㅋㅋㅋㅋㅋㅋㅋㅋㅋㅋㅋㅋㅋㅋㅋㅋㅋㅋㅋㅋㅋㅋㅋㅋㅋㅋㅋㅋㅋㅋㅋㅋㅋㅋㅋ,False,
@JYH-hd3co,와 진짜 ㄹㅈㄷ노,False,
@RALOPAKA,도대체 얼마를 받은거야!,False,
@박은솔-d1f,정보) 랄로 이거 찍고 비트 숏침,False,
@조상완-g6c,레전드 레전드 레전드~~,False,
@김시현-i8m7p,대꼴박 이네 ㅋㅋ <br>티어 골드이하는 절대 생존불가?,False,
@diverti5279,브금 주세요~~~~,False,
@김민성-o8x3l,레전드 상황 발생,False,
@다나-c7z,그런건 모르겠고 핵이나 잡아줘요...,False,
@막훈TV,자~~~드가자~~~~~,False,
@에이핑크,ㄹㅇ 레전드네 ㅋㅋㅋ,False,
@갈빙설빙,??:불편해? 불편하면자세를 고쳐앉아!,False,
@Meow_ly1,zㅋㅋㅋㅋㅋㅋㅋㅋㅋㅋㅋㅋㅋㅋㅋㅋㅋㅋㅋㅋㅋㅋㅋㅋㅋㅋㅋㅋgoat,False,
@박세진-r6n5n,레전드 상황 발생..,False,
@bms1407,랄로!랄로!랄로!,False,
@arctacker3722,성장형 뮤턴트 스킨 출시 기원합니다,False,
@ShortEnglishbal,뮤턴트는 좀비아닌가요~?,True,@arctacker3722
@복날하루전두려움에떨,ㄴ돌연변이,True,@arctacker3722
@Miaow._.,랄로 스킨 내줘잉,False,
@qwer123-c1i,ㄹㅈㄷ 상황 발생 ㅋㅋㅋㅋ,False,
@Abbbbbbbbba,레전드 레전드 ㅋㅋㅋ,False,
@dkeowpw,랄로 ㅋㅋㅋㅋㅋㅋㅋㅋㅋ,False,
@danielYi-su9dw,이것이 🐕판 5분전?,False,
@leehyunkyu227,그냥 레전드 ㅋㅋㅋㅋㅋㅋㅋㅋㅋㅋㅋㅋㅋㅋㅋㅋ,False,
@어다-s6b,랄로는 음지에 있을때 가장 빛나는데... <br>양지에 서려고 하니까. 쪽팔려 죽을거 같노 ㅋㅋㅋ,True,@leehyunkyu227
@user-vc4fb2nr4t,레전드 레전드,True,@leehyunkyu227
@호구진-t2c,방송으로 보면<br><br>‘드가자’한마디에<br>나도 뛰어내리고싶은데<br><br>이건<br>먼가 <br>먼가 쪽팔림…..,True,@leehyunkyu227
@mjknh,그정돈아니야,True,@leehyunkyu227
@앙토니-x1c,어깨 다람쥐 설마 파카임? ㅋㅋㅋ,False,
@Seonkyu_Song,맞네 ㅋㅋㅋㅋㅋㅋ,True,@앙토니-x1c
@트레버99,다람쥐 십 ㅋㅋㅋㅋㅋㅋㅋㅋㅋ,True,@앙토니-x1c
@냉무-d6x,파카는 공짜로 출연해주네ㄷㄷ,True,@앙토니-x1c
@37rodi2idh2ow,​@@냉무-d6x 파카도 돈받긴했음 ㅋㅋㅋ,True,@앙토니-x1c
@주원-p6s,다람쥐세킼ㅋㅋㅋ,True,@앙토니-x1c
@user-hw9ev1yc3s,캬 랄황 ㅋㅋㅋㅋㅋㅋㅋㅋㅋ,False,
@희망-t2e,"1. 나를 아는 것이 최고의 지식이다. 이 말은 100번 넘게 강조해도 지나치지 않다.<br>2. 신이 있나 없나는 개인의 생각과 신념에 달려있다.<br>3. 운이 따라주지 않는다면 엄청 몰입해서 노력해도 결과가 엄청 안좋을 수도 있다. 이 말은 열심히 노력한다고 해서 다 되는 게 아니라는 뜻이다.<br>4. 내게 단 하나의 성공의 비결이 있다면 항상 상대방의 입장에서 생각해보는 것이다.<br>5. 피부가 회복되려면 시간이 좀 많이 걸린다. 피부관리는 꼭 해야한다. 피부관리를 아예 안하면 여드름 흉터가 생길 수도 있으니.<br>6. 사실을 부정하려는 게 사람 본성이다.<br>7. 중요한 건 눈에 보이지 않는 법. 자기가 죽을 날짜, 고통받는 누군가, 성범죄 사건 <br>8. 바보와 어리석은 사람은 자기 기질대로만 사물을 본다.<br>9. 상황을 가장 잘 활용하는 사람이 가장 좋은 상황을 맞이한다.",True,@user-hw9ev1yc3s
@황연우-r4e,너에게 수선책을 가져다 줄게,True,@user-hw9ev1yc3s
@ILILILILILILLILILILILI,랄로가 배그랑 광고 촬영을 했다는게 믿기지가 않네,False,
@rendenale0000,걍 집밖으로 나간게 상상이 안가네,True,@ILILILILILILLILILILILI
@정몽규-h2h,다 죽어있던 배그 살려준게 랄팤쥔데 어떻게든 모셔와야지 ㅋㅋ,True,@ILILILILILILLILILILILI
@따뜻한율무차,@@정몽규-h2h 다 죽어있던 배그 살려줬더니 서버 통합으로 유입 정상화 시킴 ㅋㅋ,True,@ILILILILILILLILILILILI
@simsimhungry,24년 배그는 랄팤쥐 대꼴 전과 후로 나뉨. 대꼴 영상 전엔 일겜 빠대 큐 잡는데만 2~3분 넘게 걸렸음. 대꼴 영상 이후로 큐 시간 x0초로 준거 확 체감됨 ㅇㅇ,True,@ILILILILILILLILILILILI
@insightfulcomewhatmay,입금,True,@ILILILILILILLILILILILI
@HORI-KIM,ㅋㅋㅋㅋㅋㅋㅋㅅㅂ진짜 레전드 상황발생~,False,
@Bom-E,아니 랄로햄 광고머야ㅋㅋㅋㅋㅋㅋㅋㅋㅋ 자~ 드가자~,False,
@눈사람-h8g,레전드,False,
