author,comment,is_reply,reply_to
@힐링뮤직-d5p,너무 매력있는 원봉씨~~,False,
@욜로골로-z9m,아눈물나😢😢,False,
@우당탕탕초보낚시,달아 놓이쏘!!! 퇴근하이쏘! 겁나 웃엇는데 열사2에서 ㅋㅋ,False,
@모코야,구자예프는 미워할 수 없죠,False,
@dog4me277,"<a href=""https://www.youtube.com/watch?v=rQ-uBe9On0E&amp;t=45"">0:45</a><br>둘리 고길동 도플갱어 인데",False,
@jasperkoromoan1197,참 더러운 여자네. 결혼한 남편 애는 낳지도 않고. 혼인무효소송가야할듯. 남편 사고로 죽으면 그 재산 그대로 물려받고... 그리고 혼외자에게 줄 수 있게되네. ㅋㅋㅋ 어이가 없네. 도대체 이런 내용의 드라마는 도대체 누가 쓰는거냐. 막장드라마를 &#39;멋진 남편&#39;으로 대충 때우려고? ㅋㅋ 어이가 없네.,False,
@doahkim7241,원봉쓰가 내 이상형임ㅜ,False,
@すず-x7f-k8g,분수쇼를 맞는 그대의 모습은.....원해형....,False,
@g-betting150,근데 현실이면 천하에 나쁜X 아닌가?<br>저시대에 장남한테 딩크로 살겠다고 하고선 알고보니 혼전임신을 속인거니.,False,
@포터-e5s,알파메일,False,
@풀꽃사랑fa,김원해씨는 열혈사제2에서도 너무 재미있는 캐릭터에 드라마 잼나게 보고있어요,False,
@풀꽃사랑fa,김성령 김원해? 이두분의 케미 진짜 좋네요 국민부부 하세요~~ㅎㅎ,False,
@hjcheon907,저런 남자랑 결혼해야지,False,
@oonsang720,출연하신 모든 배우분들을 보는게 넘 좋은 드라마 입니다^*^,False,
@럭키라니-m3f,남편복 부럽부럽😊😊😊,False,
@Msjungeunlee,김원해 배우님은 나으 이상형!!,False,
@김수지-l3z,김원해~쵝오!!,False,
@Shy-rx1tq,김원해 ㅋㅋㅋ 자기딸들한테도ㅜㅋㅋ 저렇게 좋은 아빠일듯 ㅋㅋㄴ,False,
@봄봄-y1y,진짜 어른...,False,
@cpbycp,김원해 배우님 표정ㅋㅋㅋㅋㅋㅋ,False,
@김지윤-n4k,존경하고푼 남편이네요,False,
@player.king.,퐁퐁남,False,
@coolcool1301,하. 참….  울컥하네.. 남편분은 진정한 행복만들기가 뭔줄아는 분 인듯….,False,
@gsyhbak,선재 아버님 부인이랑 같이 사시는 거 보니까 기부니가 좋네요............,False,
@김민정-j8f,다음 생엔 꼭 김성령같이 이쁘고 지혜로운 여자로 태어나서<br>꼭 김원해같은 남편 만나야지<br>꼭 만나고싶다,False,
@myoungchoi-p2s,김해원 연기 짱😊,False,
@ElninoRecall,<b>천륜을 저버린 갈보들이 자기합리화 할까봐 두려운 드라마다!! 방송국 작가련들이 세상을 망치는구나!!!</b>,False,
@윤외정-t7t,부잣집. 딸님.  어린나이. 애갖고. 조용히.  살고 싶어하는 뜻. 충분히 이해 합니다😅,False,
@윤외정-t7t,김성렬.  도현.  역.  두분 진찐. 연기. 맡은연기. 잠잘하십니다😂,False,
@강영화-c2q,그냥 눈시울이 붉어지네,False,
@라솔-d2i,유니콘 남편,False,
@ysh8432,미스코리아를 데리고 살려하면 저 정도는 해줘야 되는겨,False,
@noon19977,이런 따뜻한 드라마...,False,
@belle_elion,이 드라마의 진짜 판타지는 성인용품도 연우진도 아닌 김원해 캐릭터임. 판타지도 이런 판타지가 없다ㅌㅋㅋ😂😂,False,
@lolcat79,남편복 있는여자,False,
@kazumiken4278,와 개멋짐 눈물남,False,
@hyonzysuper_genius,내최애 드라마가 벌써 끝나다니😭😭😭😭😭😭😭😭,False,
@kim-gz5uf,이게 좋은 일인가. 좋은 사람인것과 별개로 남편은 인생의 많은 것을 포기하고 살았는데.,False,
@kimyungkim2130,"그러니말여요! 남 여 입장 바뀐 역이면 아주 남자 죽일놈되는ㅎ<br>드라마 예능 모두 다 여자시청자 좋아할 만한 스토리라 현실에 살고있는 남자들만 더 비교될듯,, 연기를 워낙 잘하셔서 더 감정이입되는듯요<br>그래도 그 대사!<br>당신하나로 평생 부족함이 없었어! 감동이긴하네요~",True,@kim-gz5uf
@btk4332,진짜 연기 놀랍네요,False,
@바람-e3q,사람가리지 않고 넘좋아,False,
@Merci-qn3dw,저런 남편 없지,False,
@Jeong-eun,김원해 멀쩡해 가지고 여자 때문에 씨도 못 뿌리고 가게 생겼네,False,
@광개토태왕-i5l,김원해씨 드디어 떡상하는건가요? ㅋㅋㅋ,False,
@june8183,이게 멋있냐? 호러지....,False,
@좋아해진짜야당연함,원해아저씨ㅜㅠㅠㅠㅠㅠㅠㅠㅠㅠㅠㅠㅠ,False,
@그랜드-c9m,이부부 넘 재미있어요<br>드라마 볼때마다 <br>웃음이 빵빵요~~,False,
@흙과숲토림,김원해 배우님 연기 넘 잘함유~,False,
@여자수메르,세상 모든 여자들의 로망 <br>맘 그릇...<br>세상 여자들은 김원해님 같은 맘 그릇을<br>원해~~~요😊,False,
@킹갓충무공-k9w,퐁퐁의 정점 캐릭,False,
@Kaswind,현실에선 원해님 같은 남편이 없기 때문에 드라마에서 꿈 같은 남편을 만들어냄<br>김원해님이 넘 찰떡같이 꿈에서나 나올법한 남편에 빙의했음,False,
@코코망고맘,원봉약사쌤~ 멋져멋져❤,False,
@버디공쥬,너무  잼있었어용,False,
@이은진-h1i,ㅜㅠ김원해 배우님 어느 드라마에 나와도 유쾌하고 너무 호감이심,False,
@yuji1342,마음씨가 태평양이네,False,
@김현주-i6t3k,멋있는 남자~~~~~~♡,False,
@user-my247,남편진짜 진국 ㅠㅠ,False,
@hello_zese,ㅜㅜ진짜 멋지다...ㅜㅜㅜ,False,
@보라보라-b8d,아무리 그래도 그렇지<br>남편 아이를 일부러 안 가졌다는게 이해안됨<br>남편은 후손도 없이 ㅜㅜ,False,
@끝의시작,현실에서 김원효 같은 남편은 없음,False,
@leeinsunglee4340,김원해님 짱 멋있음요❤❤,False,
@grace-g1y-l1h,이 드라마는 악역이 없어서 좋아요 ❤,False,
@강민자-l4x,나도 다음엔 남편복은 필수하고 싶네요.,False,
@문정순-r6t,살면서 존중배려만있음 하루하루 행복할거예요 드라마처럼 ㅎㅎ,False,
@전으뜸-m3h,김원해 배우~~도봉순에서 진짜 배우라는 생각을 하게 만듦.,False,
@문정순-r6t,남편분 넘멋있당❤❤❤,False,
@sookjo,고길동이 계속 보인다,False,
@김정수-k6l,김원해 배우님<br> 연기의 내공이 <br> 아주 깊네,False,
@김정수-k6l,이남편분  괜찮은 사람인듯<br>연기도 짱<br>인물도짱<br>마음씨도 짱,False,
@겨울-h1m,살아보니 남편 얼굴 필요음따~~<br>나에게 다정 따뜻한 남자가 최고다.<br>세상 제일 잘 생겨보임,False,
@강지화-x7d,그게 맞는 말씀인 것 같아요!!,True,@겨울-h1m
@광개토태왕-i5l,남편이든 부인이든 이쁘고 잘생긴건 한 순간 시간이 지나면 따스하고 공감 많이 해주는 베필이 최고지 인물은 딱 몇개월 안가드만,True,@겨울-h1m
@핑크뮬리-l9e,맞는 말씀~~~공감 백배~~,True,@겨울-h1m
@seoniji614,그래서 못생기고 다정한 남자만났는데...세월흘러 애정과 함께 다정이 없어졌어요...못생김만 남음 ㅠㅠ,True,@겨울-h1m
@광개토태왕-i5l,@seoniji614  헐 ㅋㅋㅋㅋㅋ 눈물나요ㅜㅜ,True,@겨울-h1m
@마라나타1966,드라마보다 한참울었네요<br>아름다워서 따스해서,False,
@까칠이-o9k,고길동 ㅋㅋㅋㅋ,False,
@전생에나라구한놈-d4w,"저렇게 계속 조물대면, 손무침 아님?",False,
@한효석-v2c,저 시대에 약시시고 다 떠나서 자기 핏줄 낳고 싶으실텐데 같은 남자로써 아니지 싶네요,False,
@지니팡-k7s,드라마는 드라마로^^,True,@한효석-v2c
@양미정-p1g,김원해배우 올해 큰상주세요~~^^꼭이요!!^^,False,
@정종숙-n9n,저런 남편은 부처님이야.  부처님..  실존이라면  예물을 받치고 경배해야 함...,False,
@김영숙-z9f1s,김원해배우님&quot;나쁜엄마&quot;에서사연있는 부인이던데(일본 야쿠자딸)여기서도 ㅋㅋ.<br>그런데 전부 해피앤딩으로 끝났다는것.진짜 감초배우론 현재는 대한민국 탑.👍👍👍,False,
@긍정과감사-e5r,원해원해<br>김원해배우<br>원해요^^<br>어느드라마든<br>연기일품입니다<br>🎉🎉🎉<br>응원합니다,False,
@kocomo0909,김원효님  넘 따뜻❤❤❤❤,False,
@무림강호-w3v,최고 커플상❤❤❤❤❤,False,
@젤리-q8v,이 드라마에서 제일 편견 없고 깨이신 분 최고 멋진 남자!!!!!,False,
@호야-j3r,이런남편 있을까~~??진짜 이런남편 만나고싶당,False,
@SU영,은근 잘 어울려요 ㅎㅎㅎ<br>업구 다니것네 저런 남편 만나면!~~,False,
@서용천,남자분 진짜 연기대상 👍👍,False,
@oooooo-td9zj,여기서  저 남편  진국이라는 여자들 웃김. 입장 바꿔서 남자가 어디서 애 하나 낳아놓고 초혼인 거처럼 자기는 딩크주의자라고 애낳는 것도 거부했고  여자는  자기 애도 없이  훌쩍 갱년기 50대..근데  30년 후에 아들 나타나면 마누라가 김원해처럼 하겠니?  종종 집에 부르라고?  난 니 이기심ㆍ죄책감 때문에  애도 없이  폐경되었는데?  배신감에  당장 이혼하지! 재산 반 내꺼야 이러면서!!!,False,
@김둥이-r8w,"진짜 저런 남편이면, 그가 늙어서 기저귀 차고 누워있어도 집에서 간호할 듯..",False,
@harrypp_pharm8356,현실에선 저런남자 백명 중 하나라도 있으면 깆ㆍ직아닌가? 본인자식도 없는데 부인이 혼전임신으로 애낳은거 숨긴걸 이해해주는게 더 이상한거 같은데... 저게 드라마니까 멋있다하지 본인일이면 이해갈까? 반대로 남편이 결혼전 다른 여자랑 애기놓고 그거 숨기고 결혼하고 30년후 그 사실을 알게되면 이해해줄수 있는 상황인가?,False,
@sooya2259,김소연은 김성령이 직장동료에서 시어머니로 변신~,False,
@지현유튜브,진짜 최고남편 ❤❤,False,
@jej4020,이드라마 진짜 너무 사랑이다. 감동❤,False,
@아레레,김원해보살,False,
@김경-f7p8e,맛이 아주 기똥차네<br>김원해님 응원합니다!!!,False,
@이수원-t6c,스토리가 좀 억지스럽네.. ..... 너무 개연성 없는 진행 아닌가? ㅎㅎ,False,
@Hellosunset10,진짜 눈물 콧물 코믹 너무 즐거웠던 드라마,False,
@hhappysonamu,아름답다,False,
@gyseo61,福중에 으뜸은 人福.,False,
@다온맘-x6c,저런 남편이라면 머리카락으로 신발을만들어줄거야😊,False,
@hunmin1,혹시 연세가...ㅎㅎㅎ 아름다운 말이네요.,True,@다온맘-x6c
@엘리-u4t,멋진 부부,False,
@안정림-x7k,약사님 최고! 진짜 멋있었어요!,False,
@밴티지,"김소연 짤은 없고 거의 김성령, 김원해 짤이네",False,
@choijonghye,김원해배우님  남우조연상 주세요. 여기 드라마에서 가장 유쾌한 캐릭터예요 🎉,False,
@이정환-x7p,"@@choijonghye 코믹에서 진지, 감동까지 다 소화가 되는 연기자. 이번 드라마서 가장 돋보이는 남자캐릭터. 살짝 구식이고 아재같지만 실제론 속깊고 따스한 정말 좋은 남편... 상상속 슬립차림 댄스추는데 뿜었다! 근데 마지막에 와서는 그냥 감동... 난타원년멤버답게 연기잘하는거 모르지 않았지만 정말 다양한 스펙트럼을 한작품에서 보여줌. 특히 아내로 분한 김성령배우와 호흡이 찰떡이었음.",True,@choijonghye
@라떼커피-n1o,고길동이었구나<br>원해님 볼때마다 둘리 그 아저씨<br>떠올랐는데 ㅎㅎ,False,
@김정영-p2z,원해형 마음이 태평양 맨키로 원대해,False,
@이재형-t2s,남편이 젤 멋있다.,False,
@kimseoul8380,"어떻게 꾸며도 김성령이 예쁘긴 예쁘네... 품위도 있고, 명불허전.",False,
@趙남매들,감동은 커녕.... 제작자의 사상이 가미된 것 같아 별로다...,False,
@hasus6106,김성령이랑 부부라니 대박!,False,
@parkdavid5350,"이 즈음 되면, 주인공이라고 봐야지 ㅋㅋㅋㅋ",False,
@bluemarlin219,원해~~👍👍👍,False,
@gold887,찐사랑,False,
@김미영-b6i,남편분 완전  중생이아니라 보살님 이시네요😊,False,
@김민선-z2o,속 깊은 남편 역활 천연덕스럽게 잘도 하신다 눈물 난다,False,
@entie_3,하인의 아들을 사랑하다 낳은 도현아들  부모의반대로 집을 나와 살다 불이나  생긴 도현의 화상 치료비를 부모가 주는대신 입양보내자해서  어쩔수없이 입양 보냈다함  아들을살리기 위해서  최선의 선택이였던거  😢<br>좋은남편 원해님 연기사랑스러워유❤,False,
@NaRi_2023,각자 배우님들 찐연기😊❤❤,False,
@poeciliareticulata-i8c,신여성<br>ㅋㅋㅋㅋ,False,
@오클랜드-g8r,김성령 진짜 이쁘다... 나이가 몇인데...,False,
@폼폼푸린-i8x,자식을 버리때는 언제고 이제와서 엄마대접받기 바란다ㅠㅠ자기 행복을 찿아서 엄마가 너무 염치없다ㅠㅠ,False,
@조수연-h7o,진짜 저런 남편이 세상에 어딨담..남편복 장난 아니네~,False,
@이향-c6g,김원해   최고의 남편~~ 드라마니까  있다~~ 저 시절에~~~~아내사랑해서  딩크족으로  평생사는  ~~<br>아내 과거까지 사랑해주는~~~<br>너무 감동♡,False,
@rkwkrkwkrkwkrn,엌ㅋㅋㅋ 남편도  혼외자 있나봐 ㅋㅋㅋ,False,
@이정환-x7p,이번에 김성령 남편역으로 김원해 배우 캐스팅한거는 정말 신의 한수였던거 같다. 너어무 잘맞았다. 두배우 모두 연기검증이 된 배우들이지만 정말 찐 찰떡궁합이었음.,False,
@rainbowk7836,김원해배우님~<br>너무 맛있어요<br>깊은연기속에서 품어나오는 매력적인 분이시네요,True,@이정환-x7p
@doinggood89,세상에나 저런 진국이 남편이라니!<br>복받는자! 😢부럽,False,
@peach_mond,이런 남자를 만나야 한다 +_+,False,
@성이름-f2w9h,남편이 보살~,False,
@우보영-o6r,김원해 배우님은 진짜 👍 👍 👍,False,
@Jos-p3y,"❤아녀  절대아녀 <a href=""https://www.youtube.com/watch?v=rQ-uBe9On0E&amp;t=182"">3:02</a>",False,
@땡글맘-r5q,저런 남편이 있다면 진짜 최고의 남편이당.,False,
@user-rx2rn4sm4z,고길동 아저씨는 마음도 넓어.<br>둘리도 거두고 양아들도 거두고~ㅋ,False,
@gwanda65,ㅋㅎㅎㅎㅎ진짜 고길동같이 생겼잖아!!!!!!😂,True,@user-rx2rn4sm4z
@푸르고푸른바다,진짜 고길동이다. ㅎㅎㅎㅎㅎ,True,@user-rx2rn4sm4z
@똥또롱맘-c2i,"진짜,,<br>둘 다 거두심~~~😮😮😮",True,@user-rx2rn4sm4z
@이동수-z9k,듣고보니 정말고길동이네요^^,True,@user-rx2rn4sm4z
@콩순이맘-d1l,ㅎㅎㅎ,True,@user-rx2rn4sm4z
@24j7_,"<a href=""https://www.youtube.com/watch?v=rQ-uBe9On0E&amp;t=74"">1:14</a> 감동 중에 물 뿜는 거 너무 웃깅ㅋㅋㅋㅋ😂😂😂😂",False,
@soominii,그 물을 인자한 표정으로 태연하게 맞고있는 김원해님도 웃겨요 ㅋㅋㅋ,True,@24j7_
@우드세이지-b8f,기똥차네<br>ㅋㅋㅋㅋㅋㅋ,False,
@아리와동동,김선영배우 울음연기는 같이 안 울수가 없어...,False,
@허브여인,정숙이 남편만 나쁜 놈이고ᆢ<br>여기 나오는 커플 모두 멋짐 뿜뿜,False,
@jini7118,사실상 정숙 남편보다 못한 ㄴ들 많아요 키작에 외모진짜 별론데도 벼라별짓 다하고들 살아요 마지막 병들고 늙었을때 당연히 처자식들이 지 건사해야 된다고 ㅜㅜ,True,@허브여인
@조-g1k,"정숙이 남편은. 애 버린것도. 아닌데 정숙이는 용서안하고, 약사님은 유일한 가족인 아내가 숨겨둔 애에다 거짓말+ 남의집 대도 끊어 놨는데 용서해야하는지? 이중잣대 😢 오지다 ~",True,@허브여인
@힛트대박,부럽다❤남편복,False,
@cccr6166,이 집 이 젤 잼나 ㅋㅋㅋㅋ귀여운 부부,False,
@오리진-t2f,김원해가 탑이여,False,
@Bluesky-q1v1i,김원해배우님 연기 최고에요!!,False,
@luckyhelena,김원해님 이번에 인생캐릭터 제대로 만나신듯~김성령님과의 부부연기는 덤,False,
@이정환-x7p,@@luckyhelena 원래 검증된 연기자셨지만 이번 원봉씨 역할은 인생캐맞습니다. 코믹에서 진지 그리고 감동까지 다 보여주시네요. 첨에슬립걸치고 춤추는 장면에서 수치스러워 어쩔줄 모르는 표정보며 완존뿜었다가 중간에 사고터져서 사경을 헤맬땐 진지하게 나오고 나중에 아내의 과거를 알고도 모른척하고 아들 자주만나라고 격려하고 배려하는 감동까지 ...<br> 한캐릭터로 이런 다채로운 칼러를 드러내기가 쉽지 않고 무엇보다 김성령배우하고 환상의 부부케미를 보여주심. 와아 김원해 배우첨에 캐스팅되고선 계탔네 출연료 반납하네 그랬는데 드라마 끝에 가니 김원해배우 캐스팅한건 정말 신의 한수이자 최고의 선택이었네요. 너어무 인상적인 연기! 연말에 조연상 꼭 줘야합니다!,True,@luckyhelena
@상조이-p3k,김성령이 배역에 어울리지 않을줄 알았는데 찰떡배역이네요 김원해야 당연히 잘할줄 알았고,True,@luckyhelena
@유진아-b2i,남편복 뭔대...진짜 오진다,False,
@경현맘-t5l,찐 상남자네요 🎉🎉🎉❤❤❤,True,@유진아-b2i
@하루감사한-q9d,저런 남자랑 결혼할 수만 있다면... 저도 좋은 사람이 되어야 겠어요. 그래야 서로 행복할테니.. 오늘도 덕분에 다짐하고 갑니다.,True,@유진아-b2i
@안녕하자9,밤일도 잘해요.,True,@유진아-b2i
@이쁘게말하는데로,항상 호감❤김원해 배우님,False,
@good7518,김원해배우님의 명품연기 정말 감사드립니다 ❤ 항상 잘보고 잘웃고 잘 울고 행복해요. 건강하세요 ❤❤❤,False,
@gyullit,진짜 제일 멋있는 캐릭터가 김원해인 듯...,False,
@노명상-t5e,김원해가 잘생겨 보이는 매직,True,@gyullit
@aresss2249,모든걸 품어주는게 고길동 같음,True,@gyullit
@이정환-x7p,너어무 케미가 좋았어요 원해형 계타셨슈 근데 연기가 너무 좋았음,True,@gyullit
@mhk1145,연기 최고봉,True,@gyullit
@친중북파멸공,그렇다고 남자들이 애 있는 여자랑 결혼해서 다 이해야한다 상황이 유행되면 안됨.. 부모는 마음아프기에 같은 쳐지에 있는 사람과 만나야함,True,@gyullit
@ekma80,참 좋다 이드라마❤,False,
@ivory1346,김원해씨 요즘 참 호감이야 연기 갑,False,
@김산들바람-c4q,사랑은 진짜 존중과 배려야~~~😊,False,
@user-Agape153,김선영배우  정말 연기최고네요 어쩜<br>어떤역활도 찰떡같이<br>연기합니다🎉,False,
@l.hyoung9880,그러게요..항상 감초 역할이지만 연기는 최고네요..,True,@user-Agape153
@user-xm3yh9xw1b,대상 감 입니다 김원해님🎉,False,
@KKK-ep3gc,근데 그 당시 애기아빠는 어떻게 된거래요?,False,
@jiny0712,떠났다하네유,True,@KKK-ep3gc
@yunvely96,애기아빠가 임신한거 알고 버렸어요!,True,@KKK-ep3gc
@봄봄-x2w,❤❤❤ 저도요,False,
@sunabellyline,드라마 보구 김원해님 왕팬됨❤❤,False,
@핫쵸-k1j,저두요,True,@sunabellyline
@혀니-o8l,미투,True,@sunabellyline
@허경희-l7p,저두요. 세상에 저렇게 아내를 사랑하는사람이 또 있을까요^^,True,@sunabellyline
@장소우-q2g,@@sunabellyline 요즘 열혈사제2에서  맹활약중이심,True,@sunabellyline
@sunabellyline,@@장소우-q2g 당연히 보구있습니다  감초연기 대박이예여ㅋㅋㅋㅋ. 완전 명품배우님^^,True,@sunabellyline
