author,comment,is_reply,reply_to
@tcuppu,맞아요 미원 설탕 좀 들어가야지 안넣으면 맛 없어요<br>별걸다넣어도. <br>Thank you 😊,False,
@divinedorothy5995,생새우를 조금만안팔던데 그럼생략해도되나요?,False,
@딸같은아들,포기김치 김장은 안해봤는데 해볼수있을것 같네요 항상 잘보고있습니다❤,False,
@나야나-v3h,선생님~풀은 왜쑤는거며.생새우는 왜 들어가는거에요?,False,
@장가람-o2r,저이걸루 이번에 담구려는데 40키로양념으로 부탁해요😢,False,
@52jjj52,안녕하세요~ 요리초보인데요~ 선생님 영상보다 궁금해서요!<br>2장씩 띄어서 소를 바르는 이유는 뭔가용?,False,
@나영-c8j,아이쿠  이런  실수가 ~~ 문장을 쓰다 말았는데 ㅠㅠ 딸이 항상  엄지척을  하며 잘먹습니다  그럴때마다 요리에 자신감도생기구요  요번 김장 영상도  요알못도  도전가능하겠네요 늘 편한 영상 감사합니다😊,False,
@나영-c8j,항상  따뜻하고  편안한 음성에 자주 시청합니다 딸이 가지반찬을 좋아해서 선생님  레시피로  해줄때면  항상,False,
@박영-p4r,감사합니다.<br>도전~♡,False,
@innsne,혹시 현미찹쌀로 해도 되나요??,False,
@1년도길다,고맙습니다.,False,
@가을사랑-o403g,생배추3포기10k를 절였을땐 몆키로일까요?,False,
@user-youngeun,접때 어디영상에서 봤는데 똑같던데요..생포기랑 절였을때 거의 차이없이 비슷했어요..,True,@가을사랑-o403g
@딸을위한레시피,시중에서  파는.배추는 보통 <br>한망 3포기.로 하마ㅓㄴ<br>겉잎때고 하면.절이면<br>보통 6 ~ 7 키로 정도 돼요<br>5포기.정도 하시면 절이면<br>10키로.정도돼요~^^,True,@가을사랑-o403g
@염규순-k7w,영상 감사합니다 김장하는데<br>많은 도움 주시네요,False,
@딸을위한레시피,도움이 되셨다니 감사합니다 😀,True,@염규순-k7w
@김도도-l9n,매실엑기스는 안넣는군요<br>대부분 넣길래😂,False,
@딸을위한레시피,저 는 김장김치는 매실액<br>을 안넣어요~^^,True,@김도도-l9n
@별빛나-v5w,찹쌀플이 넘 많은거같아요<br>겨울김치인데,False,
@딸을위한레시피,수분이  많아서 그래어ㅗ<br>죽 은 한컵밖에 안돼요<br>적당한 양이예요~^^,True,@별빛나-v5w
@권미혜-g4q,배추뒤집을때 김장비닐째 뒤집어놓으면 되는건가요??? (배추자른단면이 밑으로 가게~),False,
@권미혜-g4q,😂중간에 나오네요. 보던중에 댓글을 달아 못봤네요.😅,True,@권미혜-g4q
@윤명호-z3g,전에 20kg 이라 너무 많아 고민 했는데 10kg 을 설명 해주시니 기다리던 레시피 입니다 항상 감사합니다 한절기 건강 조심하시구요 다음에도 1인 가구기준도 설명 해주심 더 도움 될것같으네요 ..,False,
@딸을위한레시피,10키로 절입배추 사서<br>하시면 너무 편해요<br>맛있게 해드세요 😀,True,@윤명호-z3g
@homoon3734,이 채널은 나라에서 상줘야 합니다!,False,
@딸을위한레시피,좋게봐주셔서 감사합니다 💗,True,@homoon3734
@kidsking2210,참 맛나게 김장하십니다 목소리도   좋으시고 김치 잘보고 갑니다 감사합니다 ❤,False,
@딸을위한레시피,좋게봐주셔서 감사합니다 💗,True,@kidsking2210
@podong9924,김치가 정말 맛있을 것 같애요~<br>그런데 설탕 대신 매실청으로 넣어도 될까요?,False,
@딸을위한레시피,매실청 넣고 하셔도돼요~^^,True,@podong9924
@박오숙-d3p,"선생님!! <br>배추속이  노랗고  겉은  파래서  넘,  맛나겠어요",False,
@Sansuyu-eb6jo,맛있겠어요  절임배추 사서 했는데 영상보니 해보고 싶네요 뜬금없지만 요리사분  왠지 날씬하고 예쁠거 같아요,False,
@딸을위한레시피,그렇게 봐주셔서<br>감사합니다  ~  ^^,True,@Sansuyu-eb6jo
@Aarom2,"간단하게 육수끓이고 풀국  만드는것 너무좋은팁이네요~~아 그리고 마트에서파는 찹쌀가루 사용하면되는지,<br>매실액은 안들어가는지요?이번김장은 이방법으로 해야겠어요^^",False,
@딸을위한레시피,마트에서 파는  건식 찹쌀가루 <br>3/2컵 정도 넣고 풀죽<br>하시면돼요<br>매실청 은 취향격  하시면돼요~^^,True,@Aarom2
@yhmin9684,저희 친정엄마 김장레시피랑  비슷하네요. 반가웠습니다~,False,
@딸을위한레시피,그려셨군요 <br>저 도 반갑네요~^^,True,@yhmin9684
@grace-1004,소중하고 귀한 영상 감사드립니다❤ <br>항상 행복하세요❤,False,
@딸을위한레시피,감사합니다  ~^~,True,@grace-1004
@김수진-v4u,진짜  엄마가  딸에게  레시피  알려주시는것처럼  너무 조근조근  친절하세요❤  저희  엄마도  안알려주시는(?)  레시피를  여기서  배워가네요^^  구독 좋아요 꾸~욱 누르고 갑니다.  감사합니다!!,False,
@딸을위한레시피,도움이 되신가고 하시니<br>너무.좋네요 ~ ^^,True,@김수진-v4u
@soonchoungbartsch3995,"반가워요^^ 오랜만이네요^^오늘은 &quot;김치의날&quot; 이라죠, 저도 김장준비중, 배추는 절여놓았어요, 채소들 다듬어놓고<br>멍때리고 있다가 오모나 &quot;딸을위한 레시피&quot; 님 영상이 올랐왔네요, 갓만없구요 다른건 다있어서 딸을위한 레시피님<br>따라하면 실패는 없겠죠, 배추1박스가 대충10Kg 정도 되거든요, 오늘도 좋은하루 되시구요^^ 감사합니다^^~",False,
@딸을위한레시피,그려셨군요 <br>저희채널  이 도움이 되셨으면 좋겠어요 <br>맛있게 해드세요 😀,True,@soonchoungbartsch3995
@정지현-r9u,저한테 딱 맞는 레시피가 올라와서 정말 고맙습니다^^,False,
@딸을위한레시피,도움이 되셨다니 감사합니다 😀,True,@정지현-r9u
@cozyland4023,20키로도 이젠 너무 많은데 어쩌나..걍 해야되나..했는데 10키로 영상 올려주셔서 혼자 쾌재를 불렀습니다!,False,
@딸을위한레시피,10키로 절임배추  구매 하셔서하시면돼요<br>맛있게 해드세요 ~^^,True,@cozyland4023
@김용구-w5g3e,김장김치 맛있어 보입니다,False,
@모니모니-k4z,"영상에서는 생새우가 또 있던데요, (캡션 레시피에는 없고요) 생새우 없다면.. 새우젓 1컵, 총 3컵 넣으면 되나요?? <br>그리구, 다시백 말고, 코인육수 3알정도 넣으면 되는지요~??",False,
@딸을위한레시피,생새우 있는게 맞아요~,True,@모니모니-k4z
@힘내자-v5y,생새우없으면 패스하세요 생새우는 간이 안되어 있는거니 새우젓두컵이면 될것같아요 짜먼 안되니까요,True,@모니모니-k4z
@박홍은-g6y,생새우 대신 건새우 반 컵 육수낼 때 넣어서 하면 안 되나요?,True,@모니모니-k4z
@피그릿-p9h,다시팩 어디꺼 쓰세요?,False,
@딸을위한레시피,더보기 링크에 걸어놨어요~,True,@피그릿-p9h
@송영희-k5w,맛있겠어요,False,
@happyday9679,절임배추로하는 레시피도 부탁해요,False,
@딸을위한레시피,10 키로 절임배추 구매하셔서<br>이레스피 로 하시면돼요~^^,True,@happyday9679
@잭더리펴-k4b3y,딸을 위한 레시피님    남편   할머니 할아버지 좋아하는 음식  입니다   소중한김장 김치레시피감사합니다 딸을 위한 레시피님  감기항상조심 하시고요 겨울바람 살짝 부네요 항상   딸을 위한 레시피님 가족들이랑 가치  몸건강하시도요  즐거운 금요일 보내세요    저는항상 다음 영상 기대하면서~~~~~~~~~~~,False,
@잭더리펴-k4b3y,항상잘보고갑니다 1등출석불타는 금요일 보내세엽`(*&gt;﹏&lt;*)′ `(*&gt;﹏&lt;*),False,
@딸을위한레시피,시청해주셔서 감사합니다 😀,True,@잭더리펴-k4b3y
