author,comment,is_reply,reply_to
@MarlonAnnabelle,그놈의 ㄱ글 에서 벳프리 때문에 내거기 닳고 닳아서 없어지겠네,False,
@JanetFairfax,ㄱ글 에서 벳프리 보느라 눈밑에까지 다크써클 들어옴 ... 진짜 근데이뻐서 눈을못떼겟다...,False,
@parkmooooo,라미 성격 만만치 않네 지금부터 말 조심하시길.. 말 실수로 곧 나락 갈 수도,False,
@lovelovelove-6702,아앀 이편 개웃기네 ㅋㅋㅋㅋㅋㅋㅋㅋㅋㅠㅠ,False,
@베몬-r5q,드디어 우리 베이비 몬스터도 나왔다!!❤❤❤❤,False,
@nknkkjmnmjuhmj,혹시 여기 촬영 장소 어딘지 아시는 분 계신가요..,False,
@K___m.92,아직도 런닝맨을 보는구나..,False,
@GloriousDwight,헬창들도 ㄱ글 에서 벳프리 보면 근육 다빠진다며 ㅋㅋㅋㅋㅋㅋㅋㅋ 사실임? ㅋ,False,
@Yu-fe4bp,라미랑 예은이랑 오디오 구분이 안되네 인제 ㅋㅋㅋㅋㅋㅋㅋ,False,
@EgertonOpal,그놈의 ㄱ글 에서 벳프리 댓글 ㅈ 나많네 그렇게죠 좋은가보지 보러갈까?ㅋ,False,
@hyunseolee8780,지석진 아저씨는 화를내지 않는다???<br>게임도 못하시고 상황극이해력도 게임룰 설명을 들으셔도 모르시고 게스트<br>나오면 게스트들 한테 선배미만 뽐내시고 본인은 화를 내지 않으신다 하지만 역정많이 내시고 본인물건 본인이 <br>간수못하시고 대뜸의심하시고 말실수<br>도 아무렇지 않게 하시는 <br>지석진 아저씨 외에도 런닝맨에 어울릴만한 분은 얼마든지 있지않나요<br>지석진 아저씨 런닝맨 하차 하셧으면 좋겟어요,False,
@StrengthAngelic,ㄱ글 에서 벳프리 이 ㅓㅇ도로 유명했음?  내 듣보잡인줄 알았는데 ㄷㄷ,False,
@EvaThomas-e8j,그놈의 ㄱ글 에서 벳프리 댓글 ㅈ 나많네 그렇게죠 좋은가보지 보러갈까?ㅋ,False,
@user-ce2lm7vj5d,"<a href=""https://www.youtube.com/watch?v=shiWNxJoKi0&amp;t=696"">11:36</a> 라미 (네이트) 돌앗나 ㅋㅋㅋㅋㅋ ㅜㅜ",False,
@l9금-야뎡-보관소d-z9l,🔺😽,True,@user-ce2lm7vj5d
@JanetFairfax,ㅋㅋㅋㅋㅋㅋ ㄱ글 에서 벳프리 모솨서 잼민이 발정났ㅋ,True,@user-ce2lm7vj5d
@MarlonAnnabelle,헬창들도 ㄱ글 에서 벳프리 보면 근육 다빠진다며 ㅋㅋㅋㅋㅋㅋㅋㅋ 사실임? ㅋ,True,@user-ce2lm7vj5d
@고라니애국열사릉에잠,표범이 형은 공놀이 할때 개웃기네ㅋㅋㅋㅋ,False,
@QuestaOdette,여기댓글 왜이럼 ㄷㄷ ㄱ글 에서 벳프리 도대체 머길래--ㅋ,False,
@RosaGraham-v5w,이 댓글 보고 ㄱ글 에서 벳프리 보고있는 내 인생이 레전드네 씨밬ㅋㅋㅋㅋ,False,
@NicoletteEighth,여기댓글 왜이럼 ㄷㄷ ㄱ글 에서 벳프리 도대체 머길래--?,False,
@RhettHenrietta,이 댓글 보고 ㄱ글 에서 벳프리 보고있는 내 인생이 레전드네 씨밬ㅋㅋㅋㅋ?,False,
@미스터봉씨,어그로는 끌었어도 마지막엔 레전드에 대한 리스펙하는게 보기 좋네요 ..,False,
@이지현-g5t6e,김종국이 제일 웃기네 ㅋㅋㅋㅋㅋㅋ,False,
@수민-r5r,"<a href=""https://www.youtube.com/watch?v=shiWNxJoKi0&amp;t=465"">7:45</a> ㅋㅋㅋㅋㅋ",False,
@Been-q8e,진짜 댓글알바가 있나보네,False,
@김지호-x1i2x,김종국 ㅋㅋㅋㅋㅋ,False,
@정은진-v8f,김표범 자주 나와줘여 우와아가앜<br>지예은 넘어져도 공에만 시선고정 ㅋㅋㅋㅋ,False,
@b8s478,쇳소리 컨셉 그만해라 이제,False,
@잔맘루뻬,김종국님 진짜 재미미쳐ㅋㅋ런닝맨 요즘 말미짱잼이에요ㅠㅠ!,False,
@Hamham-i8l,"<a href=""https://www.youtube.com/watch?v=shiWNxJoKi0&amp;t=252"">4:12</a> No high five.....?",False,
@Zae2.1,"<a href=""https://www.youtube.com/watch?v=shiWNxJoKi0&amp;t=853"">14:13</a> 여기부터 신부님 존나 웃김",False,
@다니엘-o7d,아 종국형&amp;재석이형 때문에 배빠질뻔했네요ㅋㅋㅋㅋ<br>파랑색팀너무웃겨요😂😂😂신부님ㅋㅋ,False,
@l9금w양-풀버전-야스-m4g,요즘 꾹이형 왜케?? 웃기지.. 모든게 웃김ㅋ~~~,True,@다니엘-o7d
@꼭튜브-04,"<a href=""https://www.youtube.com/watch?v=shiWNxJoKi0&amp;t=179"">2:59</a> 유느님 스윗한거봐라",False,
@infinity5860,ㅋㅋ ㅋ ㅋㅋㅋ 대형 배구 이거 컨텐츠 너무 웃기네,False,
@서큐버스-x5m,화나게 만드는 애들이 있사!,False,
@탄생오,음.  지석진 보기 불편하다. 자기만 방송분량 하려고. 공 안주어오고.  보기 불편하다.  지석진은 항상 움직이길 싫어하더라. 꼰대 마인드 너무 강해.,False,
@dorong0318,바람이 파란팀쪽으로 확실히 부네 ㅋㅋㅋ,False,
@박성욱-q5k,재밌었어요 이번주도 기대할께요 본방사수예정 베이비몬스터 또 나왔으면 좋겠어요,False,
@user-qwee4rdfs7,아니 예은이 말 많다고 뭐라하는 건 뭐지??  어쨌든 예능에서 입꾹닫하는  하라는 거??,False,
@강기동,아~~ 김종국  나왔다.  예은이  얼마 있다  전소민 처럼 눈물  젖은 빵 먹겠다..😂😂,False,
@예나체리,지예은 졸귀 ㅋㅋㅋㅋㅋㅋㅋㅋ,False,
@예나체리,ㅋㅋㅋㅋㅋㅋㅋㅋㅋㅋㅋㅋㅋㅋㅋㅋㅋㅋㅋㅋ,False,
@꿀곰-b8x,지예은 밉상이미지인가요?,False,
@Shani._.277,Rami rora❤❤,False,
@Shani._.277,❤❤❤❤,False,
@추연철-w2l,바람이 석삼이형 말대로 억울하게 불긴하네 ㅋㅋㅋㅋ,False,
@msp5893,지석진씨 공 주우러 언제가시나요?,False,
@혜석-h1z,방송한다고 뒤에 시민들도 못지나가게 막지맙시다 그거 신경쓰이고 싫으면 다른곳 돈주고 경기장 빌리던가 지들 편하게 찍을려고 다른데도 많은데 굳이 시민들이 공동으로 이용하는 공원 경호원들 깔아서 길막하고 그렇게 막을권리도 없는데 통행권을 뺏지말어 지들 편할려고...<br>삐처리 한다고 방송중에 욕이나 하지말고,False,
@Sakura-io5kg,Rami so cute,False,
@LittleRaptor,"<a href=""https://www.youtube.com/watch?v=shiWNxJoKi0&amp;t=205"">3:25</a> 지예은인줄 알았는데 라미였네 ㅋㅋㅋㅋㅋㅋ",False,
@klyleve7099,snl 계속 나오는 건가요? 런닝맨 멤들이 보듬어주고 제작진이 키워줬는데 snl때문에 보기 거북하네 내 밥친구였는데 snl멤은 snl제작진때문에 데려오면 안되겠다 ㄹㅇ로 snl 수준 너무 떨어지는 게 걍 일베행임 <br>반박시 니말이 맞음,False,
@CHOI-hg6lm,팀에 구멍이 3명인데 이기겠냐고 ㅋㅋㅋㅋ,False,
@milan-y5u8r,김종국도 구기종목에 한해서는 구멍인데 구멍 4명이지,True,@CHOI-hg6lm
@WithoiNewmai,We need eng sub😢,False,
@yujgfferfdt,"Establishing Archive Records for Criminals<br><br>Matthew Robertson is a Doctoral candidate<br><br>Matthew Robertson is a Doctoral candidate from the Australian National University (Canberra) and co-authored, “Execution by Organ Procurement: Breaching the Dead Donor Rule in China” in American Journal of Transplantation. He testified at hearings via video link and offered advice to lawmakers in the U.S. Congress.<br><br>Robertson suggested that Congress ask the National Science Foundation and the National Institutes of Health to audit their grants over the past two decades to find out whether they have provided funds to Chinese medical entities involved in the transplant industry.<br><br>He also recommended that the U.S. government deny visas to individuals involved in organ trafficking in China. The lists of thousands of surgeons and hundreds of hospitals from Chinese medical databases could be used to build offender profiles, he added.",False,
@김성연-q6g,라미.예은이 큰공도  제대로  못 치네 <br>종국이는  축구.배구.농구. 야구.피구  등<br>자기가   먼저  건드리네   지금도  자기<br>가   먼저   하려고  하니 실책을  하지<br>석진이는   모든   선수  중에서   실수를<br>제일  많이  하잖아. 왜  앞에  나와있어?<br>운동을   못 하고  실수를  제일   많이  하는  사람이 . 뒤에서  서브만  하면  되<br>는데,False,
@momomuseoweo,놀이잖아요 놀이 재밌자고 하는걸 그렇게 진지하게 받아들이지 마세요~,True,@김성연-q6g
@gemiii1,예으니 왜케 이뻐지냐 ㅋㅋㅋ,False,
@hyun7838,석진이형 공놀이 우르르 왤케웃기냐 ㅋㅋ,False,
@yongjin7196,이게웃긴가,False,
@zlscl530,재밌겠다,False,
@수건-q1m,소민씨 잇을때가 그립네.에휴,False,
@user-qwee4rdfs7,쪼르르 장외로 갔다가  쪼르르 돌아오는 거 다들 넘 귀엽고 하찮음. 형들 세 명이 다 있는 팀인데 ㅋㅋㅋㅋ,False,
@Shy-rx1tq,아놔 ㅋㅋ 라미 창법 좋고 노래 너무 잘해서 좋아해서 몇번 몇백번 봤는데 ㅋㅇ<br>예능이라니 ㅋㅋㅋ 너무 ㄱ귀야워<br>지석진 너무 욱겨 ㅋㅋㄴ<br>동준인 만능이다 ㅋㅋㅋ 다 잘해<br>노래 운동 연기 ㅋ미모,False,
@l9금-휴지도둑-vZ,⏫🕚,True,@Shy-rx1tq
@what-ft2on,지씨들은 진짜 재미없게 못하는거 같은데….,False,
@user-ow1lqnl2zb,예능이긴 하지만 경기할 때 피글리같은 사람 있으면 빡치긴 하지ㅋㅋㅋㅋ 실력은 남이 평가하는 건데 본인 입으로만 잘한다고 하고 득점은 못 내고 실점만 내고... 종국이 형이 많이 참았다ㅋㅋㅋㅋㅋ,False,
@alonadlangubon9252,런닝맨에 신인 여자를 포함시키는 건 적절하지 않아요. 윤아를 대신해서 소리 지르고 웃는 것뿐이니까요.,False,
@예딩이와루미,ㅋㅋㅋㅋㅋㅋㅋ김종국 슈퍼마리오 쿠파같음,False,
@lie3138,"<a href=""https://www.youtube.com/watch?v=shiWNxJoKi0&amp;t=336"">5:36</a> 어디서 팝팝팝 소리나길래 뭔가하고 몇번을 돌려봣네 ㅋㅋㅋㅋㅋ 동준웃음소리 ㅋㅋㅋㅋㅋ 옴브리뉴나고 ㅋㅋㅋㅋㅋ ㅋㅋㅋㅋㅋ",False,
@천승만-x2u,아니 비람이 너무일방적으로 불자낰ㅋㅋㅋ,False,
@cuboypham,Ep .,False,
@Djekdjs-124,김종국 개웃기넼ㅋㅋㅋㅋㅋㅋㅋㅋ,False,
@u_uxa,아 근데 지예은 왜케 못하냐ㅠㅠ 화딱지날 정도임,False,
@lincecum2580,바람이 재석팀쪽으로 불기라도 하나<br>저쪽 팀이 치는건 쭉 나가는데 재석팀이 치면 힘이 없네ㅋㅋ<br>위로 띄우기만 해도 반대로 가는거 같고ㅋㅋㅋ,False,
@현승-s6z,솔직히 지예은 능력치 너무 딸림 운동 약 토크 그리 입담은 없는 편 오로지 상능력치는 특유의 매력인데 이게 언제까지 갈지 불안함 늘,False,
@mckeijin,갱년기인가?,False,
@hidekyle4335,"<a href=""https://www.youtube.com/watch?v=shiWNxJoKi0&amp;t=735"">12:15</a> 예은이 국며들엇네ㅎㅎ<br>모든 여멤버들은 종국에게 반말로 더 잘해진다",False,
@mohamadhafizul6737,i dont understand but its funny,False,
@김도윤-y8j2l,"<a href=""https://www.youtube.com/watch?v=shiWNxJoKi0&amp;t=379"">6:19</a> 지석진 ㅋㅋㅋㅋ 개웃기네",False,
@pealse_yeahyee,지예은 저러는게 재밌음?,False,
@parkmooooo,라미 저러는 게 재밌음?,True,@pealse_yeahyee
@hidekyle4335,와 이렇게들으니까 목소리가 똑같네ㅋㅋㅋㅋ,False,
@자동이름,"<a href=""https://www.youtube.com/watch?v=shiWNxJoKi0&amp;t=464"">7:44</a> 와 실제면 기분나쁠만한데 이게 십수년 함께한 예능인들의 합이구나 ㅋㅋㅋㅋㅋㅋㅋㅋㅋㅋ유재석 바로 슬랩스틱으로 개맛있게 받넼ㅋㅋㅋㅋㅋㅋㅋ",False,
@상훈-x1x,ㄹㅇ 게다가 아무리 공자체가 안아파도 유재석님은 안경끼셔서 콧대 엄청 아프셨을텐데 참으시는게 대단하심,True,@자동이름
@우주-z8v,라미랑 지예은 목소리도 비슷하고 둘이 리플리도 개웃김 ㅋㅋㅋㅋ,False,
@냐옹이-c8s,김표범 ㅋㅋㅋㅋㅋ 😂,False,
@하늘-h4p5r,"신부님 장외플레이가 진심 웃기네 ㅋㅋㅋㅋㅋㅋㅋㅋㅋㅋㅋ 다같이 쪼르르 갔다가 복귀하는거도 귀여움ㅋㅋㅋ <a href=""https://www.youtube.com/watch?v=shiWNxJoKi0&amp;t=822"">13:42</a>",False,
@l9야뎡-저장소KZ-k6i,⏫🈁🆖,True,@하늘-h4p5r
@RhettHenrietta,헬창들도 ㄱ글 에서 벳프리 보면 근육 다빠진다며 ㅋㅋㅋㅋㅋㅋㅋㅋ 사실임??,True,@하늘-h4p5r
@QuestaOdette,ㄱ글 에서 벳프리 진짜 보다보면 빠져든다 라이브에 수위도좋고 외모도 좋고 삼박자 지렀으?,True,@하늘-h4p5r
@GloriousDwight,여기댓글 왜이럼 ㄷㄷ ㄱ글 에서 벳프리 도대체 머길래--ㅋ,True,@하늘-h4p5r
@chunbong2,야구배트 족구에 이어 김종국이 또 폭주했구나 ㅋㅋ,False,
@그랭-s4x,김종국 ㅋㅋㅋㅋㅋㅋㅋㅋㅋㅋㅋ 성난 근육으로 포효하면서 하는데 결과는 생각보다 하찮은게 ㅈㄴ웃김,False,
@ablemusicangle759,여기 사람들 웃기네..  발전있는 모습보여달라 시끄럽다 재미없다는데 지예은 들어온지 이제 반년이다. 원년맴버는 10년이 넘어서 팀워크고 실력이고 캐릭터고 전체적으로 잡혀있지만 이제 반년도 안된 아이한테 시간이 필요하지 않겠냐 오랜팀워크 사이에 스며들려면 시간이 필요한거나 .. 방구석 키보드 워리어 겉은 놈들 논리라면 누가 들어와도 못견디고 나가는거다 .. 사회생활은 가능하냐 .. 너무들하네.. 회사도 1년은 지나야 경력으로 처주는데 적어도 1-2년은 지켜봐야 하는거 아니냐… 여기 무슨 게임 못한다고 뭐라 하는데.. 여기 무슨 스포츠나 극가대표 뽑는 프로그램이냐.. 웃기면 장땡이지.. 10-20살 차이나는 사람들 사이에서 20대 중반이면 사회 초년생인데 열심히 한다고 응원이나 해주지 방요즘 20대들보면 구석에서 키보드나 치면서 암것도 안하는 년놈들보다 훨씬 보기 좋구만 .. 지예은 화이팅!!,False,
@whddnddl85,요즘 꾹이형 왜케 웃기지 모든게 웃김ㅋ,False,
@CrescentMoon1640,아 지예은 진짜 ㅋㅋㅋ 몸쓰는거 너무 심하게 못하네 ㅋㅋㅋㅋ,False,
@핸들이고장난-x4g,아진짜 지예은 운동하는거 볼때마다 답답해 ㄷ질거같음 속터져 뒤질지경,False,
@bigcrong,김종국 구기종목은 진짜 못하네 축구부터해서 ㅋㅣㄱㅋㅋㅋㅋ기ㅣㅣ,False,
@myungseongseo8801,틱톡이든 유툽이든 제대로 한번이라도 성공한걸 본적이없으니… 다 질한대 와~~ 나는 저런에와 경기하면 성질버릴듯!!,False,
@myungseongseo8801,해도해도 너무하네 너무 못하잔아!!! 지 예은 보면 짜증 졸라 남..  말은  또 일캐 많은지 저건 너무 심하다 몸치라도!!!,False,
@민하영-m8n,아영님 또 불러주세요!!,False,
@뚜비뚜뚜-c3v,캐스팅미스다;;;,False,
@hyunwoojung1796,"ㅋㅋㅋㅋ 지금까지 런닝맨에서 했던 운동 종목 중에 남녀 실력 상관없이 참여 할 수 있고, 가장 웃긴 경기였던 거 같음...",False,
@MrLucaPark,19 금 프사 달고 댓글 다는 어른영상 광고 막아야죠  ㅎㅎ 신고 차단,False,
@bonok3019,김표범 김교련ㅋㅋㅋㅋㅋㅋㅋㅋㅋㅋㅋ,False,
@초록바다-q3c,송지효는 얼굴이 계속 부어 있네,False,
@워삼빌골벅,국종이형 요새왜케웃긴대ㅋㅋㅋㅋㅋ,False,
@MiftahMukarohmah,Ramiyaaa,False,
@ChaniChaniYangSeChani,아니 상대적으로 젊은데 운동신경 좋은사람들이 대부분 다 핑크팀임ㅋㅋㅋㅋㅋㅋㅋㅋㅋㅋㅋㅋㅋㅋㅋㅋ,False,
@primus4326,표범아 ㅋㅋㅋㅋㅋㅋㅋㅋㅋㅋ,False,
@동규김3,제작진님 지예은님 소리지르는 장면 좀 줄여주시면 안되나요? 너무 많이 질러요 공 받을때 마다 안지른적이 없는거 같아요..방송으론 듣기 싫은 소리에요…,False,
@nzeverhjnu,김표범이 팀 살렸다 !! <br>쟉은 눈도 커짐 ㅋㅋ,False,
@user-mylava,Monstiez♥,False,
@하얀꿀-l4v,지구멍ㄷㄷ,False,
@restmz8799,진짜 싸가지 없다 ㄱㅈㄱ😅,False,
@dkrlrhlanf7,베이비몬스터 😆😆😆😆😆,False,
@이정대-k1y,남자 아이돌 몬스터X와 베이비 몬스터는 같은 소속사인가보네.,True,@dkrlrhlanf7
@FightingYoutuber,​@@이정대-k1y뭔 ㅋㅋ 알지도 못하면 자빠져있으쇼,True,@dkrlrhlanf7
@Satananana8,Blue team is so goofy😭😭😭😭🙏,False,
@ANGELWOMON,종국이형님 겁나 웃겨 ㅋㅋㅋㅋㅋㅋㅋㅋㅋㅋㅋㅋㅋㅋㅋㅋㅋㅋㅋㅋㅋㅋ,False,
@불나바,바람부는 방향이 단신팀이 더 유리한듯,False,
@맨탈갓충충,진짜 예은님이랑 라미랑 목소리 개똑같네 ㅋㅋㅋㅋㅋㅋㅋㅋㅋㅋㅋㅋㅋ,False,
@이안-d4t,아 어느 순간부터 꾹이형 소리지르면서 하는거 너무 웃기네 ㅋㅋㅋㅋㅋㅋㅋ,False,
@salt.1523,표범앜ㅋㅋㅋㅋㅋㅋㅋㅋㅋㅋㅋㅋㅋㅋㅋㅋ,False,
@시대흐름-k3i,못하면서 웃기는 몸개그는 한계가 있는데 전소민이 예전에 딱 그랬었음. 처음엔 웃겼는데 발전이 너무 없으니까 좀 한심하게 느껴지고 계속 못하기만 하는데 말로는 절대 안지려고 계속 우기니까 지치더라. 못하는데 운동 좀 열심히 해서 발전하는 의지는 없고 계속 말로만 우기려고 하는데 또 팀웍 생각 안하고 자기도 껴서 활약하고 싶으니 밸런스는 다 망치고 게임이 시시해졌지. 지금 지예은도 같은데 어쨌던 예능에서 하는 승부지만 승부 자체에 기대가 하나도 안되면 가볍게 보는 사람들은 떨어져 나가고 팬만 남게 됨. 말로는 지지 않는것도 캐릭터긴 하지만 어쨌든 몸으로 하는 런닝맨에 왔으니 조금씩이라도 발전하고 팀웍이 좋아지는 모습들을 보여줬으면 해,False,
@상훈-x1x,신입에 어린여자라고 뭐해라 저거해라 하는거 같은데 그런논리면 런닝맨 몇십년동안 한 지석진님한테도 뭐라하시지 그러세요?? 그냥 캐릭터성으로 보면되는걸 훈수두는게 참;;,True,@시대흐름-k3i
@시대흐름-k3i,​@@상훈-x1x 못하기만 하는 몸개그 캐릭터는 오래 못간다 이 말이 그렇게 불편하셔요? 지예은씨에 대한 불편한 말 한문장도 못참으시는거면 제가 댓글을 지우겠습니다 ㅋㅋㅋㅋ,True,@시대흐름-k3i
@김-y4h4w,그와중에 다친다고 걱정해주는 스윗 재석😊,False,
@StrengthAngelic,ㄱ글 에서 벳프리 이 ㅓㅇ도로 유명했음?  내 듣보잡인줄 알았는데 ㄷㄷㅋ,True,@김-y4h4w
@호로록-k7e,ㅋㅋㅋㅋㅋ신부님과 김표범 오랜만에 울었네ㅋㅋㅋㅋㅋㅋㅋㅋ,False,
@halizanurul3178,Romiii😂😂,False,
@대전C활체육,ㅋㅋㅋㅋㅋㅋㅋㅋㅋㅋㅋ 김표범 ㅋㅋㅋㅋㅋㅋㅋㅋㅋㅋㅋㅋㅋㅋㅋ,False,
@Jh-s6k6v,ㅋㅋㅋ 근데 애초에 바람자체가 핑크팀이 유리함,False,
@DAMAE-v9f,"동준, 하하, 양세찬 힘좋은 애들 너무 많아서 밸런스 붕괴임.<br>김종국이 예은이, 석삼이 데리고 캐리하네",False,
@myblinkoncewithu3647,Babymonster rora and rami ❤❤,False,
@축구빠돌이,"<a href=""https://www.youtube.com/watch?v=shiWNxJoKi0&amp;t=445"">7:25</a> 라미 공 치고 나서 김종국이 못받으니까 괜히 쫄아있음ㅋㅋㅋㅋㅋ",False,
@EvaThomas-e8j,ㄹㅇ ㄱ글 에서 벳프리 보면 다른거 눈에도 안들어옴 그냥 다시보면 되니까 개이득임 ㅋㅋㅋㅋ ?,True,@축구빠돌이
@체크무늬-b7m,"<a href=""https://www.youtube.com/watch?v=shiWNxJoKi0&amp;t=465"">7:45</a> 개웃기네 ㅋㅋㅋㅋㅋㅋㅋㅋ",False,
@QuestaOdette,그놈의 ㄱ글 에서 벳프리 때문에 내거기 닳고 닳아서 없어지겠네?,True,@체크무늬-b7m
@_seojxma,하하 머리 저렇게 하니깐 무한도전때 같다,False,
@축구빠돌이,"<a href=""https://www.youtube.com/watch?v=shiWNxJoKi0&amp;t=458"">7:38</a> 표범앜ㅋㅋㅋㅋㅋㅋㅋㅋㅋ",False,
@alvin0121jhw,김종국 실수할때마다 광수의 졸도하면서 놀리는 모습이 그립다…,False,
@응애-r6e,지예은 진짜 몸을 1도 쓸줄 모르네... 그런데도 왜 벅벅 우겨대지 지 잘한다고 개별로다 ㄹㅇ,False,
@ig0ya00,"<a href=""https://www.youtube.com/watch?v=shiWNxJoKi0&amp;t=553"">9:13</a> 똥 뀌고 성내는건 뭐임 ㅋㅋㅋㅋㅋㅋㅋㅋㅋㅋㅋㅋㅋㅋㅋ",False,
@FightingYoutuber,ㅋㅋㅋㅋㅋㅋㅋㅋㅋ개웃김,True,@ig0ya00
@Flowytan,😂😂,False,
@Flowytan,😂😂,False,
@Happy013-l5r,"<a href=""https://www.youtube.com/watch?v=shiWNxJoKi0&amp;t=757"">12:37</a> 지예은 졸귀 ㅋㅋ",False,
@llsch,김표범이 개웃김ㅋㅋㅋㅋㅋ,False,
@니들-n7g,"지예은 딱 보니까 얼마 못가겠다. 초반에 어그로 끌 수 있는 캐릭터로는 좋았을지 모르겠지만, 보는 시청자는 점점 짜증이 난다. 조또 잘하는게 하나도 없고, 그렇다고 재밌지도 않다.",False,
@태클-e2q,라미 뛰기는 열심히 뛰네...,False,
@이름-q2u,"<a href=""https://www.youtube.com/watch?v=shiWNxJoKi0&amp;t=177"">2:57</a> 스윗 재석",False,
@leebk0412,다친다고 하는거 진짜 치이네.. 유느님..,True,@이름-q2u
@nzeverhjnu,반장이 다르네,True,@이름-q2u
@EvaThomas-e8j,ㄱ글 에서 벳프리 보느라 눈밑에까지 다크써클 들어옴 ... 진짜 근데이뻐서 눈을못떼겟다...?,True,@이름-q2u
@StrengthAngelic,여기댓글 왜이럼 ㄷㄷ ㄱ글 에서 벳프리 도대체 머길래--ㅋ,True,@이름-q2u
@EgertonOpal,ㄹㅇ ㄱ글 에서 벳프리 보면 다른거 눈에도 안들어옴 그냥 다시보면 되니까 개이득임 ㅋㅋㅋㅋㅋ,True,@이름-q2u
@박성욱-q5k,어제방송도 재밌었어요 이번주도 기대할께요 본방사수예정 <br>다음엔 베몬 완전체로 런닝맨 나왔으면 좋겠어요 <br>조금이르지만 올해 연예대상 런닝맨에서 대상 수상자 나왔으면 좋겠어요 지예은 연예대상에서 수상소식 있었으면 좋겠어요,False,
@찰리원-n3q,지석진이 볼 보이 안하는건 원래 저런 사람이니까 하는데 <br>예은은 왜 안가 ? <br>유재석이 최대한 상황 웃기려고 그냥 언급했는데 <br>진짜 보니까 유재석만 가네 ㅋㅋㅋ,False,
@jyl4326,예은도 그런 사람인가보지,True,@찰리원-n3q
@arrlll9092,"<a href=""https://www.youtube.com/watch?v=shiWNxJoKi0&amp;t=845"">14:05</a> 여기보면 공 코앞에 있는데 버리고옴 ㅋㅋㅋㅋ",True,@찰리원-n3q
@haruthegenius.,yes ji suk jin really lazy to do that thing 😂,True,@찰리원-n3q
@Moon마케팅문케팅,예은이 구박받으면서도 꾸준히 하려는거 귀엽다ㅋㅋㅋㅋ 말안듣는 막내동생느낌ㅋㅋㅋ,False,
@y3hyun,아니 팀 밸런스가 너무 안맞잖아옄ㅋㅋㅋㅋㅋㅋㅋㅋ,False,
@Jjeon88,예은이 쓸모없어,False,
@수빈-m5y7z,니 존재가 더 쓸모없어 왜 태어남?,True,@Jjeon88
@Jjeon88,예은이 짜증나고 멍청해서 게임 하나도 못해,False,
@june7794,Babymonster all coming running man❤❤❤❤❤❤❤❤❤❤❤❤❤❤😅❤😅😅❤😅❤😅❤😅,False,
@HS_JEONG7,"<a href=""https://www.youtube.com/watch?v=shiWNxJoKi0&amp;t=861"">14:21</a> 지옥가십니다 ㅋㅋㅋㅋㅋㅋㅋㅋㅋㅋ",False,
@LittleRaptor,잔잔하게 퍼붓는 저주 ㅋㅋㅋㅋㅋㅋㅋㅋ,True,@HS_JEONG7
@NicoletteEighth,ㄹㅇ ㄱ글 에서 벳프리 보면 다른거 눈에도 안들어옴 그냥 다시보면 되니까 개이득임 ㅋㅋㅋㅋ,True,@HS_JEONG7
@RosaGraham-v5w,ㄱ글 에서 벳프리 보느라 눈밑에까지 다크써클 들어옴 ... 진짜 근데이뻐서 눈을못떼겟다...,True,@HS_JEONG7
@StrengthAngelic,이 댓글 보고 ㄱ글 에서 벳프리 보고있는 내 인생이 레전드네 씨밬ㅋㅋㅋㅋㅋ,True,@HS_JEONG7
@GloriousDwight,그놈의 ㄱ글 에서 벳프리 댓글 ㅈ 나많네 그렇게죠 좋은가보지 보러갈까?ㅋ,True,@HS_JEONG7
@김주훈-c8m,예은이는뭐든다못하네전소민은재미라도있었는데,False,
@크미-j8p,그러게여,True,@김주훈-c8m
@june7794,Babymonster❤❤❤❤❤❤❤❤❤❤​@@크미-j8p,True,@김주훈-c8m
@Jjeon88,예은이 짜증나고 멍청해서 게임 하나도 못해,True,@김주훈-c8m
@CutyDonLee,아줌마 발 닦고 잠이나 자쇼 ㅋㅋ,True,@김주훈-c8m
@히히-s9z,근데 계속 잘하면 재미없음 ㅋㅋ 예능하려면 지예은처럼 운동신경 안좋아야 재밌음 ㅋㅋㅋ.. 여기서도 상대팀은 잘하기만 해서 분량별로 없자너,True,@김주훈-c8m
@NickAlves-l3b,전체 에피소드는 언제 공개되나요?,False,
@인생을즐겨라-n8t,이미 11월10일날 방송나간겁니다,True,@NickAlves-l3b
@배성준-v9r,라미 귀엽네 ㅋㅋㅋㅋㅋㅋㅋㅋㅋㅋㅋㅋㅋㅋㅋㅋㅋㅋㅋㅋㅋㅋㅋㅋㅋㅋ,False,
@АргенАсангулов,😊,True,@배성준-v9r
@blacksoulunderground,베몬 라미가 뛰니까 <br>유느가 라미보고 다친다고 뛰지말라고. <br>예전에 아이돌 체육대회때 은혁이보고 <br>조심하라고했는데.다친다고,False,
@새벽을여는달,애들볼때 나두 라미랑 로라가 제일 예능 잘할것 같았는데 딱 둘이 나왓구만~~ 어딜가든 호불호 없을 성격  물론 배몬 다 각자 매력이 있지만,False,
@HakhyeonKim-g5l,김표범 ㅋㅋㅋㅋ,False,
@Ali-ho5qe,오랜만에 김놔둬 보는거 같구만ㅋㅋ,False,
@김진영-m1w4g,"ㅋㅋㅋㅋㅋ <a href=""https://www.youtube.com/watch?v=shiWNxJoKi0&amp;t=100"">1:40</a> 공이랑 하이파이브 ㅋㅋㅋ 지예은 때문에 본다!",False,
