author,comment,is_reply,reply_to
@지성-q8t,없어용~❤,False,
@B21-r7v,제육 땡기네,False,
@navinavi33,천상개그우먼 개콘수지 이수지ㅋㅋㅋㅋ,False,
@Leejang7,검정 모자 짜증나네,False,
@초코나무-e9v,이수지 나이들어서 독기 가득한 아줌마연기 잘하네~~ 영상으로는 웃긴데 실제로 만나면 가까이 가기 싫은 아줌마들st,False,
@백절불굴-w1o,노란옷 진짜 맛짱뜨고싶다,False,
@kausalitat,재상이 제육 음청 묵고 간대이~,False,
@알럽코리아-y2u,썸네일 정이랑이 아니였어...믿어 의심치 않고 남장한 정이랑인줄..,False,
@에헤라디야-f2c,하!,False,
@윤호중-z1s,슬픔이 있던 그곳에 맑은 빛이 왔으니 이제는 그 모든 이들에게 밝은 빛과 축복이 올거예요^^<br>이수지 그 모습에 많은 힘을 얻었습니다,False,
@luckyhappy2333,이런영상은 심야에는 노출시키면안됩니다 ㅠㅠ 진짜 ... 올라오는 식욕어떻게하라고 ㅠㅠ,False,
@김엽철,와 노가다 아지매 똑같네 두건 저렇게 쓰는거까지ㅋㅋㅋㅋ,False,
@maxmax4646,수지 ㅋㅋㅋㅋㅋㅋ,False,
@강-s7d,진짜 수염맨 맛있게 먹는다,False,
@이른아침간단요리,핸드폰 커버 디테일 너무 웃겨요 ㅋㅋㅋㅋㅋ 👍,False,
@곰미짱,Snl에서 <br>명태균역:정상훈<br>강혜정역:이수지<br>해주세요~^^😂🎉,False,
@bss3077,아놔 <br>치실 모냐 ㅎㅎ,False,
@인도인,"<a href=""https://www.youtube.com/watch?v=sMvXHYA5rCk&amp;t=151"">2:31</a> 나만 여기서 어우 맵다로 들림?",False,
@마란도르,그래서 얼만데..???    6500원 넘으면  가성비 없음..,False,
@유창상-b7y,"우리 학교 5,6학년  다 야르 거림",False,
@rooney1097,장기영 배우님 포항 홍윤상 선수 닮았어용😂,False,
@손바노-p3y,"<a href=""https://www.youtube.com/watch?v=sMvXHYA5rCk&amp;t=270"">04:30</a> <br>뇌가 빠질것 같은 그녀의 매력 !!!!!",False,
@utstgggjfj1958,뷔페 가면 음식 앞에서 말 좀 ㅠㅠ😭 침 들어가요,False,
@emptyspace8358,수염나신  남자분 정이랑이 남장한줄 알았는데 아니었네...,False,
@dreambig9124,헐 썸네일 정이랑씨인줄 알았는데 ㄹㅇ 남자였네,False,
@강스어방,이거 보면서 한식뷔페 검색하고 있네 ㅠ,False,
@토이즈라스,또 이수지 당신입니까,False,
@Dong.ChunLee-jl3dk,너무 슬픈날입니다. 사실이 아니길 ㅠㅠㅠ<br>눈물이나고 너무 안따깝습니다<br>천국에서 편히 쉬시기를.전북 전주 송천동 산소망교회. 10시 주일예배 참석하여 간절히 기도드립니다<br>예수이름으로,False,
@짹짹이-b9d,진짜 닮았다😮,False,
@강명훈-l3s,와 여기는 어디냐 진짜....진국이다.........,False,
@이어보,이러니 먹방이 인기가 좋지😊,False,
@RainXten,제육드시는분 정이랑인줄,False,
@soo7057,수지 천재 만재😍,False,
@thec8world,식당사장님 역할하신 배우분 성함이 궁금합니다,False,
@kaktuspoem,재밌어요❤,False,
@Terry-sc4ug,우째 저래 잘먹냐 ㅋ,False,
@이민우-x3o2y,썸네일 김고은이랑 정이랑님인줄..,False,
@유료한-k4j,다이어트해서 살빼면 진짜 김고은 되려나,False,
@구름이-gureum,아..제육 배고파😂,False,
@janly6796,태길 화이팅🎉,False,
@healinghouse7,0.1초 김고은 0.5초 싸이,False,
@박냐하-g6e,한식뷔페 1년동안 다녔는데 살 엄청 찜,False,
@민호-j5n,래길아 응원 한다!,False,
@thec8world,식당사장님 성함이 어떻게 되시나요?,False,
@삼천포싱우형,삼천포다 <br><br>태기리 그기서 머하냐<br>ㅆㅂㄹㅇ,False,
@creducationkorea7002,웃고리즘이라는 채널 이수지님때문레 알게됨 ㅎㅎ,False,
@creducationkorea7002,이수지 보고 들어옴,False,
@simbetube,썸네일 보고 정이랑이 분장하고 온 줄 알았는데 아니네,False,
@parkssi923,남자분 썸네일만 보고 정이랑님이 남장 하신줄 알았어요 ㅋㅋㅋㅋㅋㅋㅋ,False,
@왈랑발랑,회색옷 입으신분 왜 정이랑이 아닌거죠??? 썸넬 보고 정이랑님이 분장한 줄 알았는데.....,False,
@loveu-mj9mp,신응암시장 엘림식당인듯요,False,
@빡친조규환,이수지 당신이란 사람 도대체 연기야 빙의야..,False,
@사장구글,"문제는 뷔페에서 제육을 무지 짜게 만듬 ㅡ,.ㅡ",False,
@집나온브라더,이예기가 실화바탕이면 진짜 ..와 장사 힘드네..돌아이천국이네,False,
@하얀곰탱이-f7h,이수지누님 줌마역할은 진자 ㅋㅌㅋㅋㅋㅋㅋㅋㅋㅋㅋㅋㅋㅋㅋㅋㅋㅋㅋㅋㅋㅋㅋㅋㅋㅋㅋㅋ,False,
@한오규,이게 뭔 채널임?ㅋㅋㅋㅋㅋ 먹방인가,False,
@cocktail-V,없어요 빌런 ㅋㅋㅋ 개웃기네,False,
@raon9247,금술이 아니고 금슬,False,
@김동길-c6h,아.. 다 좋은데 제육에 쌈이면 마늘슬라이스 한거에 고추 송송자른거 쌈장or된장에 찍어서 넣어야 그게 찐맛인데...,False,
@CHOCO-w2m,갑자기 속이 안좋아,False,
@돈까스칼-h9k,"<a href=""https://www.youtube.com/watch?v=sMvXHYA5rCk&amp;t=159"">2:39</a> <a href=""https://www.youtube.com/watch?v=sMvXHYA5rCk&amp;t=165"">2:45</a> 정이랑 닮음",False,
@준철-d6y,린쟈오밍 누나 ㅋㅋ 😊,False,
@조영진-q2e,수지님 연기 웃겨용😊,False,
@parkdavid4066,"<a href=""https://www.youtube.com/watch?v=sMvXHYA5rCk&amp;t=81"">1:21</a> 얼굴이 반쪽이되니 정말 김고은같네",False,
@강남깨비,김태길 여기나오네,False,
@sable2646,이수지 진짜 당신이란 사람은 어디까지가 매력이 끝인가....,False,
@xeno.s248,저 안경쓴 아줌마 역활 하신 분은 누군가요. 개그우먼인건 아는데 이름을 몰라서요. 이 분 볼때마다 진짜 실력파라 항상 인상에 남더라구요,False,
@user-Dobi6,우와 응암시장이다 😊,False,
@supreme8495,"<a href=""https://www.youtube.com/watch?v=sMvXHYA5rCk&amp;t=96"">1:36</a> 이게 성별 바뀌었으면 우루르와서 지랄 나서 채널사과 영상 올리고 몇개월 잠시 쉬었겠네",False,
@이하늘-j4y,계란후라이있는 뷔페찾기어려워요 계란후라있더라도 1인에   하나  정도  먹으라고  한곳도 있고 ㅜ <br><br>저긴 계란 마음껏 먹어도되니 뿌듯한기분 이 드네요,False,
@매크로제작_2024,ㅋㅋㅋㅋㅋㅋㅋㅋㅋㅋㅋㅋㅋㅋㅋㅋㅋㅋㅋㅋㅋㅋ,False,
@김재우-j8k,계란 후라이 완숙 킹받네~,False,
@qwerty85620,한식뷔페가 아니라 함바집이 맞는 용어이고 정식용어입니다,False,
@bearrius2919,야르 다이어트 들어나 봤냐,False,
@Wane_Moon,어디야 저기 아 너무 배고프당,False,
@Seon_Family,어쩜 저렇게 맛있게 깔끔하게 많이 먹죠? 아 식욕돋아요,False,
@Hoeng_Hoeng,저 터레기 남자분 와꾸바리ㅡ개돌앗네 ㅋㅋㅋㅋ,False,
@야두우,치실 ㅋㅋㅋㅋㅌㅋ,False,
@스무-p2b,희얀하네 저 콧털야반은 하나도 먹음직스럽게 보이지 않는대...,False,
@shy1897,저런데서좀 적당히먹어라~ 없어보인다~ ㅋ,False,
@tomatojej,이수지 야르❤,False,
@꽃잎-s7k,태길이 나왔넹❤,False,
@스피또-y6j,이수지 왤케 귀여움 ㅋㅋ,False,
@like9614,제육은 사랑이지 ㅋㅋㅋ,False,
@미민튜브,정이랑 씨가 수염 붙인줄 ㅠㅠ,False,
@일단눌러-n7o,먹방 포함 남먹는거 진짜 안보는데 이상하게 이건 보게됨ㅋㅋㅋㅋㅋㅋㅋ,False,
@syh8955,이사람들 진짜 차린게 맞는거 가타.,False,
@jiyoonlee8565,어? 콧수염배우 정이랑씨가 분장한 거 아니었나요...?,False,
@물장군-g7z,의성이형 불러야겠네요ㅠㅋㅋ,False,
@ra3eteam,이수지 야르~,False,
@김불꽃-e1f,김태길인 왜 나와??ㅋ,False,
@mm_8678,먹방 안보는데 야르형님은 쩝쩝소리가 거의 안들려서 자주봄ㅋㅋㅋ,False,
@박창민-l7p,뭐여? 배틀 붙었네 ㅋㅋ 막판에 나문희 톤 뭐야 ㅋㅋㅋ,False,
@dandyclubs,가끔 고기에서 잡내 나는 곳도 있어서... 잘 골라서 가야..<br><br>8천원에 저정도면.. 엄청난 혜자네.,False,
@Sacrifice2022,오 이수지 야르~~~,False,
@tomasrosicky3408,김고자오밍폼 미춌다😂😂,False,
@nolzakkim7878,재상이 제육잘먹네,False,
@건물주-w1j,태길님도나오넹 ㅋㅋ,False,
@pacideunt,다이어트할려면 풀을 먹지말고 고기만 먹어야지...으휴,False,
@polytankjet,이형이 왜좋냐면... 음식먹을때 소리가 안나,False,
@lovegiant7199,나문희패러디,False,
@taengoo486,태길이는 연기하지마라 존나 못하네,False,
@lovegarden79,다 필요 없고 제육 먹으러 가야긋어요.,False,
@백학성-d8w,싸이 요새 살 많이 빠졋네??,False,
@ahrkahsk99,김태길ㅋㅋㅋㅋ,False,
@ppangro,아 썸넬 정이랑이 분장한줄ㅋㅋㅋㅋㅋㅋㅋㅋㅋ,False,
@장현영-p5r,썸네일 수염난남자<br>정이랑씨 분장한줄 ㅋㅋ,False,
@kimpm5367,"<a href=""https://www.youtube.com/watch?v=sMvXHYA5rCk&amp;t=115"">1:55</a> 미남 배우 등장",False,
@오현승-o8h,옆에서 먹으면 식욕이 올라 오것다..,False,
@86psi,래길이 여기저기 바쁘네ㅋ,False,
@BiElseuki,"제육볶음 가장 최애 음식이에요<a href=""UCkszU2WH9gy1mb0dV-11UJg/hcMfY5_zAbbxvwKLooCoCA""></a>",False,
@복사마-s6v,헌터퐝도 나오네,False,
@Kim-n3e,뭐야 고은이 누나 결혼했었어??,False,
@김털보-w8c,학~,False,
@블랙로드-h5d,한식뷔페 갔을때 제육나오면 아주 나이스지 ㅋ,False,
@강재순-r3f,노란옷입은놈 진짜 얄밉게 연기잘하네ㅋㅋㅋㅋ,False,
@Mangojuicewithwater,이수지 진짜 잘한다ㅋㅋ,False,
@김성모-e2z,"어 근일님이 아니고 김고으…ㄴ 아니 이수지님이 주인공인 줄 알았는데, <a href=""https://www.youtube.com/watch?v=sMvXHYA5rCk&amp;t=114"">01:54</a> 우리 주인공 근일님이 나오시네요. 역시 맛있게 많이 드시네요. 야르~!",False,
@beautifullifewithu6173,이수지 흥해라,False,
@김등킨,이수지... 흐음<br><br>윤석열 닮음..<br><br>죄송합니다,False,
@sangjin2368,음 이거 맛나게 먹어서 뜬 채널인데 이제 그렇지 않네 구독취소,False,
@하리파파-q8j,싸이vs헌터팡 폼미쳤네?,False,
@한상궁바비,처음보는데 썸네일 정이랑인줄,False,
@kimhaen1029,아 제육먹고싶다 ㅠ,False,
@짱구는옷말려-b8f,닝짜오밍 조선족하세요.... 이건 별로예요 조선족 연기로 컨텐츠 만드는게 유튜브 500만 구독자 갈것 같아요.. 보이스피싱 소재로,False,
@fsfsfff,제육볶음 다이어트 중에 먹어도 되영 보디빌더 할거 아니자나요,False,
@김타잔-g9m,태길이도 나오네 ㅋㅋㅋ,False,
@김성스러움,수지최고예,False,
@김경원-e7y,음식 맛있게 먹는 사람 주변에 있으면 좋아<br>나도 덩달아 맛있게 먹을 수 있음,False,
@강유진-y1z,수지..넘 귀여워😊,False,
@WT27M,래길이 반갑네 ㅎㅎㅎ,False,
@이리노테칸,근데 일본 만화에서 기술명 외치는 것도 아니고 왜 뭐 먹을 때마다 뭔지 외치고 먹나요?ㅋㅋㅋㅋㅋㅋ 제육~ 후라이~ 콩나물국~,False,
@jinsukkim8710,웃음 포인트가 어디?,False,
@IMF세대,물어보는 새끼 정말 존재함 진찐 개패는거 합법 ㄱ,False,
@jmp2561,싸이 멋지다,False,
@EdwardsKane,금슬,False,
@쩡이니-c4f,사장님 너무 좋으시네ㅋㅋ,False,
@Ninza-ggoboogy,"난 이제 제육 너무 지겨워 ㅋㅋㅋ 닭도 ㅋㅋㅋ <br>조기구이, 가자미튀김이 이젠 최애 ㅋㅋ",False,
@adriansuh6292,태길씨  반갑네요😂,False,
@최익현-k9b,수지 잡채얘기할때  김고은인줄,False,
@wje5238,막 빨아먹구 죽어 ㅋㅋㅋㅋㅋㅋㅋㅋㅋㅋ,False,
@서대문개고기-u8v,태길이 여기서 보니까 눈물났다,False,
@NR-hd5nj,오 태길이~,False,
@ashoud09,그래서 털보님이랑 예정님이랑 끝날때 나오는 노래 뭐징..😢,False,
@99soosoo99,내가 먹은거 같애,False,
@hmy9762,이수지 나와서 클릭함 ㅋㅋ,False,
@klidens,명승부였다,False,
@태깅-s3d,이수지 나문희보는줄ㅋㄱㄱ,False,
@김민제-i5v,상황극이지만 자꾸 물어보는 손님 화나네,False,
@TheShinebae,이수지가다했네,False,
@moozltv,아니 김고은씨 아줌마 연기도 잘하시네요,False,
@캄차카까마귀,그래 털보는 무조건 혼자 먹방해야 제맛이지! 연애짓거리하는 먹방 조회수는 30만인데 혼자 먹방은 60만이 다 넘잖아,False,
@GuinevereFlowerLike,ㅋㅋㅋㅋㅋㅋ ㄱ글 에서 벳프리 모솨서 잼민이 발정났누,False,
@milk_latte,젓가락질 똑바로해라.,False,
@백남준-u9u,이영상보면 옆에서 맛없는것도 진짜로 맛있게 먹는걸보면 나도모르게 맛 없는걸 먹고 싶어짐 ㅋㅋㅋㅋ,False,
@돈대기리기리알라깔라,이야~~태길이 출세했네<br>맨날 우잼춘 성용 능돼...<br>하고 놀다 이런데서 보니 새롭네 ㅋ,False,
@doldole6432,할머니 연기 죽이네...,False,
@민경찬-n6p,오늘은 그렇게 땡기진 않넹 😢,False,
@프랑스-t9r,이수지 현실연기 흉내 너무 잘한다,False,
@ghostface1501,래길이 여기서보니까 반갑네 ㅋㅋ,False,
@Darcy-o2f,저 남자 먹는거 왜 자꾸 추천뜨노 짜증나게,False,
@hyun7882,"<a href=""https://www.youtube.com/watch?v=sMvXHYA5rCk&amp;t=187"">3:07</a>초 모기!모기모기!!",False,
@뚜부-j3o,싸이  나왔네?,False,
@김인호_kim,이수지는 ㄹㅇ 연기 천재임. 개만능이다 진짜.,False,
@촉촉한나무,재상이 이거 엄청 먹고 간대이~,False,
@한지용-t9u,태길이 ㅋㅋㅋㅋ ㅋ,False,
@sook7927,쌈네일 정이랑인줄ㅋㅋㅋㅋㅋㅋㅋㅋㅋㅋ 아니었다니😅,False,
@아나스타샤-l9y,수지야 이젠 먹방계도 점령할라고 그래? 다른 사람들도 먹고살게 그냥 나둬라,False,
@시크한겸둥이,남자분 진짜 맛나게 드시네,False,
@김봉길튜브,없죠게이 뇌절 개웃기네 ㅋㅋㅋㅋㅋㅋㅋㅋ,False,
@parkkibeom6370,막상막하...,False,
@김알바몬,"<a href=""https://www.youtube.com/watch?v=sMvXHYA5rCk&amp;t=276"">4:36</a> 나문희 여사님이랑 똑같앸ㅋㅋㅋㅋㅋㅋㅋㅋㅋㅋㅋㅋㅋㅋ 이순재는 병원 끌고가서 CT촬영 시켰지만 수지님은 금슬 좋네요 축하합니다",False,
@BEARFOX88,김고은이  잠깐 보이는 느낌이.... 이거  가스라이팅 당한거 맞겟지..,False,
@hobakk,이제 썸네일만 봐도 침이 넘어가네..,False,
@동에-d6o,남자분 정이랑씨가 분장한 줄 알았어요,False,
@발렌티노롯시-c8z,태길이 여기는 웬일이냐 성용이는 어쩌고,False,
@상남자-e7n,다 큰 어른이 야르라는 이상한 말을 주기족으로 쓰면 어린애들이 영향을 받습니다. 공인이신만큼 국어표준어를 지켜주셨으면 좋겠네요.,False,
@낑기마시,하  ! ㅋㅋㅋㅋㅋ,False,
@유기연-v6o,이수지❤❤❤❤,False,
@Pankbear,진짜 잘함 ㅎㅎ이수지 넘 재미나  어떤 역할이든 찰떡이야,False,
@saltkkachi,뷔페에 제육없으면 상당히 불쾌해요,False,
@클룬웨스트,이제 원효 형 나오면 되겠네ㅋㅋㅋㅋ,False,
@진공청소기-g4o,야~르~~,False,
@홍경탁-u1j,태길아. 그이쓉 고만훼이,False,
@레고-i7z,음료 빌런 존나 짜증나네ㅋㅋㅋㅋ,False,
@limesour5839,이수지님은 어쩜 저리 아주머니 역을 잘하실까요. 진짜 보배네요.,False,
@종엽-v6b,제육 ~~~야~~~르,False,
@saint890510,"먹방 좋아하는 편 아닌데, 왜 털보형님 먹을때보면 내가 맛있게 먹었던 그 음식의 그맛이 혀에서 기억이 나게 먹어서 공감이 되죠. 딱 내가 먹고픈 그 방법과 그 양만큼 딱 드셔주니까 남이 먹는건데 왜 속시원하고, 그래 이거지! 싶은 마음이 드는지요. 함바식당 먹방이 뭐라고 이렇게 보면서 대리만족을 느끼는지 모르겠는데 보고나니 벌써 배부릅니다. <br>근데 요구르트로 딱 마무리해주시면 완벽한데ㅜㅜ",False,
@본석구-s3r,래길이 자연스럽노,False,
@슈아아이코,저 야르 사장님 맨날 밥 너무 맛있게 드셔 아 군침돌아 ㅋㅋㅋㅋㅋㅋㅋㅋㅋㅋㅋㅋㅋㅋㅋ,False,
@TUBE-rn7ir,래길아 한식뷔페가 아니라 그냥 카페를가라 래끼야!!,False,
@문희-e1x,이 안경 여자분 개콘 연기탑인데…왜 안나오는지 궁금했는데 여기에서 보네요..개콘도 다 친한애들끼리하는게 보기 별루인데 다양한 연기자들이 나왔으면…,False,
@세상다나와,"저 개걸쓰럽게 처먹는 비인기개그맨좀 안 나왔으면,,그리고 야르가 먼 뜻인지알고 지르냐?",False,
@gogijoayo,뭐 그렇게 맛있게 먹는다는 느낌은 없는데,False,
@박경수-w5l,개웃기네ㅋ,False,
@망고-l9x,래길이도 나왔네 ㅋㅋㅋ,False,
@데이앤나잇-c4z,"하,😂😂😂😂😂😂",False,
@Sfgygxvhy2qsfyu,이수지님 살빠지니까 진쨔 김고은님 판박이닷ㅋㅋ피부도 뽀얀게❤,False,
@최영욱-p5s,수지누나 진심 폼 미쳤네 볼수록 매력있고 정말 디테일함 같이있으면 항상 즐거울 거 같음 ㅋㅋ,False,
@thisisyourdadspeaking,썸네일 저남자 정이랑 남장인줄,False,
@정상수입니다-x1c,안녕하세요 정상수입니다 좋아요 부탁드립니다 반말하지마라 제 신곡 신곡동 1짱 윤만섭 많은 관심 부탁드립니다,False,
@LK-ip4ej,오늘따라 왤케 싸이같이 나오냐…,False,
@류까까-t9p,참 잘해😊,False,
@아둥바둥-v8c,후라이는 진짜 한개나 두개만 가져가라 진짜 싹 쓸어가는 새끼가 꼭 한놈씩 있어,False,
@박세령-i4n,좋아하는 정이랑씨인줄 알고 tv로 연결했는데 ...,False,
@sanuhwa,어떤 음식이건 앞에 “오~ ” 만 붙이면 다 맛있을거 같은 마법 ㅋㅋ,False,
@SouthGam,이쯤 되면 이냥반도 먹는거 부담될껴~ ㅋㅋ,False,
@주순이-f9u,오 태길이 반갑 ㅋㅋㅋㅋㅋㅋㅋ,False,
@user-gc5ij9ll6v,진짜 먹방 최고다 제육먹고싶어 ㅜㅜ,False,
@김한이-e5c,음식 뜰때 말좀 하지마요 침 다드간다  다른분들도 드시야 되는데...야르~~,False,
@kasf7851,태길이는 왜 여기와서 저러는거야? ㅋㅋㅋㅋㅋㅋ,False,
@grom-89,와 인급동 ㄷㄷ,False,
@sk.p4885,이수지 지독하게 잘해 ㅋ,False,
@Strawberrysmoothie7,한식뷔페에서 치실이랑 아메리카노  찾는 거 ㄹㅈㄷ네 ㅋㅋㅋㅋㅋㅋㅋㅋㅋㅋㅋㅋㅋㅋ;,False,
@won6558,썸네일만 보고 이수지님이랑 정이랑님인지 알고 들어왔는데 남자분이라 깜놀...ㅋㅋㅋㅋㅋㅋㅋ,False,
@황지석-u7q,이수지씨 이러지 마세요^^,False,
@행운-n6j,야르~~~~,False,
@toad419,캬 실제로는 이현정이 아니고<br>이수지가 언니인데 ㅋㅋ,False,
@콘스탄티노-g7i,이수지 땜에 보고 감 ㅎㅎ,False,
@버럭이의일탈,진짜 쩝쩝소리 안내서 너무좋음 ㅠ,False,
@취미는노가다2,수지는 폰지갑으로 가릴때가 제일이쁨 ㅋㅋㅋㅋㅋㅋㅋㅋㅋㅋㅋㅋㅋ,False,
@땡땡잉,태길이다❤,False,
@user-zx8od9yq4t,하루만에 50만회 ㅎㅎ<br>역시 요즘대세구나,False,
@생생생-v2u,제육 먹으러 갑니다,False,
@김재호-d3y5d,어후 자꾸 뭐 원하는 손님 킹받네 ㅋㅋㅋㅋ호텔이냐구,False,
@g_94_,처음에 가격 오른거 디테일 ㅋㅋㅋㅋㅋㅋㅋ,False,
@COSM5S,ㅋㅋㅋㅋㅋㅋ진짜 한식뷔페 동네 아줌마들 우르르 들어와서 뭐 먹나 보면 집반찬 위주로 조금씩만 먹고 가더라,False,
@dawonjle,근일햄 맛있게 먹는거 보러 오는게 일상이댐,False,
@ggara19,수지님 때문에 들어와봤어요 수지님 꼭 대상타세요❤,False,
@앵-h5q,언니! 응 이 세글자로 걍 겜이 끝났음,False,
@백설기-i8r,ㅐㅣ,False,
@프랭키_데데데용,예정님~~ 요기 근일님 또 혼자 맛있는거 먹어요!!!!,False,
@클린C,야르 형과<br>린자오밍 누나의<br>콜라보❤,False,
@지미-d2l,쩝쩝이 아님 + 급식제육 너무 땡기게함....... 다른 포인트보다 난 저 두가지가 이 채널 너무 좋다.........,False,
@맘스터치-n3i,나도 자기가 젤 맛있더라,False,
@매호,한식뷔페 제약 볶음밥 정말 맛있겠어요 침이 꼴깍꼴깍 ㅡㅡㅡ ❤❤❤,False,
@heart4534,링쨔오밍?,False,
@BlairSong723,새벽 3신데 제육 상추쌈먹고싶어요....🥹,False,
@jdkim-ec9et,오~~태길님 나왔네요~,False,
@쩡다-k2b,진짜 비현실적인 먹방보다 이게 짜 먹방같아요!!!! ㅋㅋㅋㅋㅋ그러니 제발 제발 카레편도 찍어주세요<br>오뚜기 가루로 카레 잔뜩 만들어서  밥에 비벼 김치에 올려먹기 ㅜㅜ부탁드려용,False,
@qhrzm16,영상보고 지금 새벽에 떡볶이 조지고 후회중입니다 ......하아 ㅠㅠ,False,
@JaekorMous,나문희 성대모사 개똑같네 ㅋㅋㅋㅋㅋㅋ,False,
@logadick,응암시장 한식뷔페인가 활동무대가 은평구이시네 ㅋㅋㅋㅋㅋ,False,
@Bbananatakjoo,계란3개는 좀,False,
@악으로-l8g,아저씨 진짜 개맛있게 먹네ㅋㅋㅋㅋ,False,
@Kikisuajwhhnmd12,ㅋㅋㅋㅋㅋㅋㅋㅋㅋㅋㅋ,False,
@geunkim4269,태길이 잘하네 ㅋㅋㅋㅋㅋ,False,
@geunkim4269,수지누나가 살렷다,False,
@dohyunkim877,태길이 여기있노,False,
@328kmlwing,먹부심... 붙었네. 붙었어.😂😂😂😂😂,False,
@깁현우,ㅋㅋㅋㅋㅋㅋㅋ태길이 반갑고~,False,
@dkngit5,우리엄마도 폰 저렇게 받음 ㅋㅋ,False,
@leeboxsys3273,❤🧡💛💚💚💙💜,False,
@M루피,오 이수지 나왔네~,False,
@kim-boy,한식뷔페 = 제육이죠,False,
@googleplayboy6974,나도 내일은 한식부페나 가볼까😂,False,
@강귀숙-l4l,와  여기 응암시장 엘림부페 아닌가요 사장님 인심후하시고 손맛끝내주는집인데  내일 가봐야겠네요,False,
@화창한봄날-h5p,역시 이수지♡,False,
@iohse,자주가는 응암시장 한식부페집 나와서 깜놀했네요. 진짜맛있는집 ❤,False,
@한경진-l6i,여기 내 단골가게인데<br>ㅋㅋ<br>제육 예술<br>은평구 응암동 응암시장에 있는 엘림식당<br>조미료도 안 쓰고<br>주인 할머니 완전 인간극장,False,
@v0lare,"와~ 진짜 고퀄이다!!<br>스토리, 캐릭터, 연기 다 최고👍<br>웃고리즘 최고👍",False,
@77keiryo,뚱땡이 너무 싫어,False,
@이세문-o3u,영상 보기전인데<br>제육볶음 야르~~할거같다,False,
@Crystal-ho7so,이❤수❤지❤,False,
@신문균-d5k,대화중 서로 다른데 보고있음😂<br>카메라 각이~~,False,
@CaptainPark2.0,위성락한테 사기쳐먹는 오밍이 ㅋㅋㅋㅋㅋㅋ,False,
@삼겹살과소주-n8l,수지 지독하게 잘한다,False,
@silove6631,야르가 뭐임 ??,False,
@superman-gy9nd,이수지 존귀 ㅋㅋㅋㅋㅋㅋㅋㅋㅋㅋㅋ,False,
@정가을정코코,제육 후라이는 진짜 너무 좋아~~~~~~~~~~~~~,False,
@김유인-c4q,"<a href=""https://www.youtube.com/watch?v=sMvXHYA5rCk&amp;t=279"">04:39</a> 밥 맛있게 먹으면서 보고있었는데...",False,
@구독좋아요-d6l,래길이 왜 여기 나왔어ㅋㅋ,False,
@No.1_Esther,스토리가 있는 먹방 ㅋㅋ 확실히 일반 먹방과 다른맛이다 오늘 저녁은 제육이다 야르~,False,
@Punch_GangNaengE,역시 제육,False,
@윤영민-u7f,언니는 그러는게 아니야,False,
@hojinism316,아… 나 재택하는 사람인디…내일 한식뷔페가서 점심 먹고 와야겠다,False,
@EKSenPai,이현정 피부보소!!ㄷㄷ,False,
@AAA-vp6eu,스카우트,False,
@착한시청자-c5g,웃고리즘 인급동 추키포키~~,False,
@NekoLive0326,빛수지 snl에서도 빛나고 여기서도 빛나고 ...좋다 ... 야르형님과 먹방대결 치열하네요 ..,False,
@유쓸부쓸,아..오늘은 제육이다 증말ㅋㅋ <br>두분 먹방 대결 한번 ㄱㄱ~~,False,
@appleapple-qe7hn,이쁘다고 ㅋㅋㅋ 에이~~~장난하나<br>한식뷔페 제육은 진짜~~~ 안드시길 ㅋㅋㅋ  아주 싸구렼ㅋㅋ 고깃덩이 ㅋㅋ<br>때리고 싶다~~~~ 잡숴~~,False,
@유튜브대표이사,솔직히 한식뷔페는 메뉴가 매일 바뀌였으면 함,False,
@웃키키z,나도 저런적 있는데 ㅋㅋㅋㅋ,False,
@hr.__64,아니 근데 이수지 살좀 많이 빠진 느낌...?<br><br>진짜 김고은이랑 똑같이 생겼는데....????,False,
@hr.__64,김고은 밖에안보여 ㅋㅋㅋㅋㅋ❤😂,True,@hr.__64
@티니-w8x,식당위치 정보는 알수없나용 ? 넘 맛있어보이는데 ㅜㅜ,False,
@sepiri,아 저 한식뷔페 가고싶다,False,
@jmpreventer,털보형에게  비빌라구? ㅋㅋㅋㅋㅋㅋㅋㅋㅋㅋㅋㅋㅋㅋㅋㅋㅋㅋㅋ,False,
@jkna,이수지ㅋ역시ㅋ엄지척,False,
@인왕사랑2,ㅋㅋㅋ 아드레날린 얻고갑니다,False,
@지훈김-q8h,아니 이수지가 이쩌리들 있는곳을왜?,False,
@숏달,야르~~~,False,
@tv-zi4yk,자꾸 예정님 버리고 왜 혼자다니세요??,False,
@모아서한방에,태길이 개킹받네ㅋㅋㅋㅋ,False,
@sghhBcdtufs4ujnbv,이번편은 이수지편이네 ㅋㅋ,False,
@krphmd,ㅋㅋㅋㅋㅋ,False,
@김범서-r5v,PSY 먹방 잘봤습니다.,False,
@deep3sc,아 김태길 ㅋㅋㅋㅋㅋㅋㅋㅋㅋ 론나 찾는게 많네 ㅋㅋㅋㅋㅋㅋㅋㅋ,False,
@Liverpool_YNWA-w5c,치실을 찾네ㅋㅋㅋㅋ,False,
@강진최-h8v,5천원 가즈아!!!,False,
@user-zs2uk2tp1j,기존의 먹방은 이제 식상해졌음 드라마를 가미한 새로운 먹방!!!,False,
@슈슈뮤-b9o,이수지님 나오니깐 털보님 먹방이 밋밋해져버리네,False,
@수호파,태길이 열일하네,False,
@OnMyOwn241,그때 보던 어머니들에 대화,False,
@Jin-zz8bx,드디어 꾸미기 시작하셨네 야르형,False,
@user_73251,저런 사람 남편은 백프로 바람핀다 ㅋㅋㅋ,False,
@당근이-e7k,살이찌고 안찌고 이 형의 먹는 바이브가 따로있음. 이수지도 못 따라잡는다....,False,
@barameolmazara,아침에 이거 보니 한식뷔페가 급땡기는 구나...,False,
@김정환-z6m,수지님 핸드폰에 천원짜리 몇개 들어있어야  리얼입니당,False,
@모든볼수있는영상,이뻐❤,False,
@각설이-z9u,태길이  여기서 우물쭈물대고있네,False,
@bard-gp7eq,채널이 흥하는거 같아서 보기 좋습니다<br>이수지도 출연하다니!,False,
@JuanPark99,이현정님이 짱이시다.,False,
@낙타의천재적인마지막,ㅜㅜㅜ 한식뷔페 너무 조음…,False,
@엄지웅-i7e,털보햄 생각보다 엄청 크시더라구요~ 결혼식에서 봤는데 ㅋㅋ,False,
@김진영-m5t,아..야르나올때껏어야는데 배불러디지긋는데 배고파지는기분 뭐냐구요ㅜㅜ😢😊❤,False,
@ddgetnya,잘먹는건좋은데  음식뜰때 이야기는 하지맙시더 침튀겨용...ㅋㅋ,False,
@지환박-k8e,이수지 ㅈㄴ 내스탈,False,
@레몬-g1u,수지만보묜 김고은생각나서미치긋네😂,False,
@broker5minwoo,린짜오밍 야르~~!!😋,False,
@나이키키키키키,이수지만 보면 웃기네ㅋㅋㅋㅋㅋㅋㅋㅋㅋ,False,
@unknown-pk3nt,ㅋㅋㅋㅋㅋㅋ이수지 진짜 주책덩어리 연기는 전세계 1등임 ㅋㅋ,False,
@이우람-r9x,치실은 선넘었다ㅋㅋㅋ 아메있으면 감사한거고ㅋㅋ 나문희 깨알 성대모사ㅋㅋ,False,
@리쵸-x9b,태길이 요즘 요기저기 나와서 너무좋타😊😊,False,
@tchynn,린 쟈오밍??,False,
@Whoiskmaaa,수지님 저거 아줌마 비하 아님??,False,
@니소개-h5o,<b>괜히봤네 배고파</b>,False,
@dongjinkim1285,어우 저 남자배우 개진상 ㅋㅋㅋㅋ,False,
@베르-h5n,미친 치실까지 ㅋㅋㅋ 밥먹으러 온거 맞나 의심될 정도 ㅋㅋㅋㅋ,False,
@사창리지박령,ㅋㅋㅋㅋㅋ 이수지 실제 배우자 분은 매일 배꼽 찾으실 듯 ㅋㅋㅋㅋㅋㅋㅋ,False,
@avoid_the_boomrat,요리사 집에서 요리 안하지 않을까요 ㅋㅋ,True,@사창리지박령
@이현무-o5r,이수지 ㅎㅎㅎ,False,
@보아핸콕-i8i,내일은 제육이다,False,
@로기-u4d,털보형 야르~~,False,
@김병민-s9n,치실에서 나도 모르게 어휴 소리 나왔네 ㅋㅋㅋㅋ,False,
@ccorea11,러브라인빠지니 너무쪼아,False,
@broy6954,김고은이닷,False,
@Keeukseeot,여기서 뵈니 너무 반갑네요,False,
@최무-t2f,료이키텐카이...,False,
@sungminhong1084,아 내일 점심 제육 먹어야겟다..,False,
@Busan_Official,여기 어딘지 아시는분,False,
@qptv1111,수지❤,False,
@isol2012,반찬 소개하면서 먹는거 개꼴베기싫네!!!,False,
@이정애-i2o,근일❤❤❤❤ ❤😊😊,False,
@이재성-c5f,노란옷은 없으면 없는거다 생각하면 되지 ㅋㅋㅋㅋ 왤케 물어보냐😅😅,False,
@jaychang1733,"아~~~~ 현실 타협…, (?)있는 그대로 컨셉 그대로~  선 후배들  도움 주시는게 ….  오히려 잼없어요 ㅠㅠ 현커 화이팅!!! ^^",False,
@단밤-f5z,저렇게만 나옴 매일 먹을듯ㅋㅋ,False,
@맹박사의사무실직원,린자오밍씨 당신을 사기혐의죄로 체포합니다,False,
@user-e5v3s,이수지 ❤,False,
@전석안,야르,False,
@Mint_031,"<a href=""https://www.youtube.com/watch?v=sMvXHYA5rCk&amp;t=220"">3:40</a> 이거 하정우 먹방 그각도 아닌가?",False,
@안녕하세요-e3q6f,여기 먹방 채널로 바꼈나요?,False,
@해동장석구-w7r,래길이 출연했네,False,
@1011-d1s,"<a href=""https://www.youtube.com/watch?v=sMvXHYA5rCk&amp;t=60"">1:00</a>분에 아줌마뒤에 이미 근일님 나오심 ㅋㅋㅋ",False,
@1011-d1s,아닌가 이수지뒤에 근일님 닮은분 계시네ㅔ,True,@1011-d1s
@노스페이스맨,김태길이 여기 왜잇냐ㅋㅋㅋ<br><br>우물쭈물 먹지마잉~!,False,
@DTBpower,하이킥 나문희 연기 개웃기네 ㅋㅋㅋㅋ,False,
@손민기-c4o,린쟈오밍도 한먹방하는디<br>코털형 앞에서는 ㅋㅋㅋ,False,
@nakamura139,수염이 있어서 시각적으로 더 맛있게 보이는듯,False,
@eafu.d,한식오랜만에보내,False,
@sungkim3128,아쉽다. 아직 미혼 반전이었으면 ㅋ,False,
@김태훈-l8q,예정님 데리고 같이 오세욧,False,
@joannechoi7263,없어요? 맨은 뭐지? ㅋㅋㅋ 수지언니 👍👍👍👍❤,False,
@무릎에사어깨에서팔자,제육은 살안쪄,False,
@윙봉다리콤보,린쟈오밍이다!!!!,False,
@시박이랑후야,반쯤 가리니까 김고..은을..,False,
@아들바보채널,우리집앞인데 맛집,False,
@eastbirdutube,대스타 이수지가 나왔다니. 웃고리즘 마이 컷다이~~,False,
@grimm6585,철수야 작작해,False,
@이놈의인기는,태길이가 나오네 ㅋㅋㅋ,False,
@엠튜브-v5y,자기가 제일 맛있어..내가 잘못들은건가ㅋㄱㄱㄱㄱㄲ,False,
@탱글-o6t,이수지님 진짜 최고❤,False,
@지금-y9v,이수지 맞나요?  아닌거 같은데유,False,
@noyoungwoon85,김고은씨 살이 마니 오르셨네 ㅋㅋ,False,
@낼름-s1n,잡채가 손이 안간다니 넘모하네... 잡채하기 넘모 힘들어서 그냥 맛없어도 오뚜기 잡채 사 먹는데...,False,
@바람난오리,태길이 짱~~^^,False,
@xenesis5271,"<a href=""https://www.youtube.com/watch?v=sMvXHYA5rCk&amp;t=76"">1:16</a> 와...순간 진짜 싸이인줄 알았네...딥페이크야 뭐야...",False,
@yonglim2474,윤호찌가 환장할 영상이네,False,
@독도-l5r,진짜 맛깔나게 먹는다 ㅋㅋㅋㅋ,False,
@성진김-i7i,구강구조가 타고나야함ㅋㅋㅋ,False,
@될지어다,제육에 파김치 ㅈㄴ 땡기네 시발..,False,
@kkJung-vu6wm,태길이 존나귀엽네 ㅋㅋㅋㅋ,False,
@승랠,린자오밍ㅋㅋㅋㅋㅋㅋㅋㅋㅋ,False,
@성용이-h9u,악.. 다이어트 는 내년으로~,False,
@개고니형,근일이 킹왕캡짱,False,
@리틀어피치,와 진짜 맛있게 먹는다,False,
@leeth9865,ㅋㅋㅋㅋㅋㅋㅋㅋㅋㅋㅋㅋㅋㅋㅋㅋㅋㅋㅋㅋㅋㅋ역시 이수지..디테일 죽이네,False,
@새벽-k5i,이수지...보석같은분이야..ㅋㅋ,False,
@아녕하세요잉,저 노란 옷 노페는 두친구 버리고 절로 갔네 ㅋㅋ 쓰래기노,False,
@hyo_bell_tv,수지님 연기 최고네요!!,False,
@박윤호-j4j,"<a href=""https://www.youtube.com/watch?v=sMvXHYA5rCk&amp;t=288"">4:48</a> 거침없이하이킥 나문희ㅜ성대모사 ㅋㅋㅋㅋㅋㅋㅋㅋㅋㅋㅋㅋㅋ 개잘하네 ㅋㅋㅋㅋ",False,
@백승온-k3z,웃고리즘 잘보고갑니다,False,
@금수-x9x,재상이 제육 이거 음층 묵고 간데이~,False,
@好人-w8o,이수지하고 김고은이 친자매임...,False,
@mango2142,ㅋㅋ,False,
@skyblue_486,개그우먼도 반하게 만든 근일이형 먹방 👍🏻👍🏻,False,
@honsoolhonbab,와~ 린쟈오밍씨~ 한국어 실력이?<br>원어민 수준으로 하시네요. 굿이네요 !!!<br>고생 많이 하셨나봐요~<br>린쟈오밍씨 먹방 잘봤어요~,False,
@songbosongddi,한식부페에서 뭔  치실이얔ㅋㅋㅋㅋㅋ😅😅😅😅😅,False,
@슈우슈우-n9k,태길이 없어요 빌런 죽창날라가 zzzㅋㅋㅋ,False,
@sukisukisuki424,이번화는 이수지 부터 시작해서 너무 암걸리는 사람들이 나오네요 후...,False,
@승우아범-e4h,아놔  돌코락스 광고 끈나고  수지형이 여기도 나오네ㅋㅋㅋㅋㅋㅋㅋㅋ,False,
@죠지큰루니,치실 ㅋㅋㅋ,False,
@별난다짐,"11월7일(목) 오후 4시 외진곳에 한식뷔페가 있어서 한번 들어가봤는데요. 가격이 1인당 선불 8000원이라서 다양한 셀프 뷔페 반찬과 쌀밥,잡곡밥,잔치국수 매실차,레몬에이드,달걀후라이를 직접 해먹을수 있는 공간이 넘 마음에 들어서 먹고 싶은 음식과 쌀밥,잡곡밥 반반씩 2접시에 넉넉하게 담고난후에 미니후라이팬에 달걀후라이 1개를 직접 만들어서 밥위에 올려서 반찬하고 같이 먹는 그 순간 환상적이고 집밥같은 분위기가 있어서 허겁지겁 야무지게 맛있게 먹고난후에 매실차 3잔 마시고 식사를 마쳤습니다. 털보형과 이수지님은 물러설수없는 불타오르는 한식뷔페 먹방 대결은 야무지게 잘드십니다. 한식뷔페는 소박한 행복입니다. 야르~",False,
@user-icimas2,나는 자기 제일 맛있어 ㅋㅋㅋㅋ,False,
@김지원-x9q5c,이수지가 밀리네 ㅋㅋㅋ<br>진짜 털보 ㅈㄴ 맛있게 먹는다,False,
@김창규-h5l,인간 식욕촉진제 털보.,False,
@냉정한노래평가,오늘은 최초로 마무리에 식욕억제를?,False,
@Sam_Ryu,"<a href=""https://www.youtube.com/watch?v=sMvXHYA5rCk&amp;t=185"">3:05</a> 모기 날라다니는데 어제 내방에서 모기 5마리 잡았는데 또 있는줄 알고 PTSD 왔다",False,
@운경강,근일이가 나와야 잼나~~,False,
@nynton,이수지 이건 포즈 돌아이 포즈네 ㅋㅋ,False,
@빡겨울,역시 근일님 깔끔하게 먹는건 못따라간다 먹방 채널 따로 파자,False,
@김동혁-u8m9r,새로운 영상 올라오길 매일 기다려요!! 특히 근일님 &amp; 예정님 영상요^-^,False,
@조성재성재-e6r,한식뷔페 는  역시    제육이지,False,
@다더다다다다,금술(x) 금슬!,False,
@기뮬이,요즘 질려서 안먹었는데 이거보고 내일 구내식당 패러갑니다,False,
@dlwlrma3457,채널 이름 몰라서 야르 치니깐 나옴ㅋㅋ,False,
@남성이민주-w2z,이수지 진짜 다이어트 했네요!^^,False,
@minwoolim5856,"180초  따라  갈려면  한참  멀엇네요 .....,제가  수지님  사랑하규   좀더  힘내라고  나쁜말  햇어용 !!!",False,
@둥찌-w1i,한식뷔페 야르~~~~,False,
@aisamericano,이수지 치트키를 쓰다니 ㅋㅋㅋㅋㅋㅋㅋ,False,
@aaa-aaa뭐든지,오호<br>야르<br>수지vs근일 먹방대결😊,False,
@hdwsky,진짜 이경애 너무 많이 닮았다. ㅋㅋ<br>이수지는 진짜 참 개그우먼 다 역활 어울린다. ㅋㅋㅋㅋ,False,
@아땀나-l3t,30대가 되니몰랐는데 한식뷔페 참감사합니다..,False,
@지성주-s8r,잡채 할수 있으면 시집 갑니다~ㅋㅋ 고은 수지?,False,
@asdfhyre5532tyg,가스라이팅 ㅈㄴ 당했다 김고은이 보임,False,
@카츄사특전,ㅇㅑ르~,False,
@방구벌레-v2s,김고은도 보이고 싸이도 보이고 ㅋㅋ,False,
@에볼-g2z,린쟈오밍 폼 미쳤다,False,
@엉뚱이-j5k,이수지 연기 👍,False,
@한국인-r8h,없어요 ㅋㅋㅋㅋㅋㅋㅋㅋㅋㅋㅋㅋㅋㅋ,False,
@AA-cj5pu,싸이 폼 미쳤네 야르,False,
@므마-u8c,빌런들 흉내내는건가,False,
@먹전무,치실,False,
@VIPERzLAIR,역시 이현정 쩔어,False,
@박실바,이수지는 대한민국 코미디의 보물이야 진짜 ㅋㅋ,False,
@mm-kz3co,제육볶음먹고싶다,False,
@김태영-n2i,정년이 마지막이 너무허무했어 그치형,False,
@리뷰지,핸드폰 정면으로 받는건 진짜ㅋㅋ,False,
@Duduki2201,지독하게 잘한다 진짜,False,
@ChannelIH,"<a href=""https://www.youtube.com/watch?v=sMvXHYA5rCk&amp;t=287"">4:47</a> …살려줘요(의미불명)",False,
@abcdef-ug4kr,한식뷔페 주인이 많이 먹어요 하는거 한번도 본적없다. 리얼리티가 무지 떨어지네,False,
@땅콩땅콩-i2p,오늘은한식부페로고고씽~~~~~,False,
@saieltv7841,딱 한 주먹씩만 퍼가는구만.. 난 밥만 많이 푼다고 블랙당했는디,False,
@아구-g5j,자꾸 뭐있냐고 물어보는 손님ㅋㅋㅋ처음에는 빡쳤는데 보다보니 웃김ㅋㅋㅋㅋㅋㅋㅋㅋ당연히 없을만한걸 찾아서 어이가 없어 웃김ㅋㅋㅋㅋㅋㅋㅋㅋㅋㅋ,False,
@mudorim,근일님이 말아주는 한식먹방 이건 못 참지❤ 수지님 좋아요❤,False,
@abrazame-q3c,이수지 촬영 후 7kg 증량다이어트 성공,False,
@통-u7i,방금 오겹살에 돼지갈비 먹었는데......<br>후식으로 라면까지😅😅😅,False,
@Caped_Baldy47,사장님 근데 화장실이...<br><br><br>근데 화장실에 비데는 없죠..?,False,
@everyenjoyzz,야르~,False,
@조재민-s1l,이수지는 못 참지,False,
@tO-Ot-777,김고은씨를 섭외하시다니 ㄷㄷㄱ,False,
@알수없음-p7s,이수지 진짜 ㅋㅋㅋㅋㅋㅋㅋㅋㅋㅋㅋ 너무 좋아 ㅋㅋㅋㅋㅋㅋㅋㅋㅋ,False,
@kkchoi9977,이수지 디테일 떨어지네 공단 식당 가봐라 아줌마들 죄다 다 똑같이 무슨 쌈재료랑 왠수 진것처럼 풀떼기 잔뜩 쌓아 올려 가져온다,False,
@please5347,뭐가 맛있<br>ㄷㅏ구?,False,
@patricksuskind3888,사장님..왜 은근히 시요밍 닮았냐,False,
@edeggini,저녁을 먹었는데 또 먹게되네...,False,
@김상현-e7f3d,ㅇ        ㄴ               ㅉ          ㅉ           ㅅ           ㄹ             ㅎ               ?,False,
@프티-d8m,태길이 성공햇노!!!!!!,False,
@멀봐빙신아,똑같은 패턴 이제 맛있게 먹는건 모르겠고 그냥 한식 뷔페는 맛있겠네ㅋㅋㄱㅋ,False,
@whoowhooo,먹방아재 ㅋㅋ,False,
@이우도-r1d,래길이 깨알같노ㅋㅋㅋㅋ,False,
@롯데우승기원,오늘따라 싸이 똑 닮았네 ㅋㅋㅋㅋㅋ,False,
@독거inTV_달린이,방금 밥먹고 들어 와서 배불러 죽겠는데 침이 고이네...,False,
@leewonho314,이수지가 대세임😊😊😊,False,
@chillday2907,수지 누나 여기 SNL 아니야... 자중해.. -_-,False,
@드드-t4m,린자오밍씨가 젤 재미있어요 ❤,False,
@조영진-h8i,린쟈오밍 누님 나오셨네,False,
@hyenaekim,태길이 겁나 엉뚱햌ㅋㅋㅋㅋ😂😂😂ㅋㅋ ㅋ⫬ㅋ⫬ㅋ⫬ㅋ⫬ㅋ⫬ㅋ⫬ㅋ⫬ㅋ⫬ㅋ⫬ㅋ⫬ㅋ⫬ㅋ⫬ㅋ⫬ㅋ⫬ㅋ⫬ㅋ⫬ㅋ⫬ㅋ⫬ㅋ⫬ㅋ⫬ㅋ⫬ㅋ⫬ㅋ,False,
@소나기-l1u,길바닥 출신  저품격  김태길이  출세햇네,False,
@김준성-q8p4x,"<a href=""https://www.youtube.com/watch?v=sMvXHYA5rCk&amp;t=76"">1:16</a> 위씅락 전화냐?!!?!!??",False,
@비호김-x7w,치실은  없고 치질은 있내요😢😢,False,
@리미스터-y3b,태길이다! 태길이팬 쏴리질러 그이쓒!!!! 소리 벗고 빤쓰 질러!<br>월클가즈아!,False,
@wantshow2024,이번꺼는 털보아재가 수지누나한테 밀렸는데 ㅋㅋㅋㅋㅋㅋㅋㅋ,False,
@wantshow2024,말도 이쁘게해야 주위사람이 좋아하듯 긍정적으로 복스럽게 먹으니 ㅋㅋ 다른사람도 따라하지,False,
@슈미-s6f,우리동네는 왜 한식뷔페가 없을까?<br>아쉽,False,
@glory1106,마지막에 치실...ㄹㅇ 진상이네<br><br><br><br><br><br><br><br>근데 사장님 화장실에 가글은 없어요?,False,
@diegojoe2837,왜 이수지 핸드폰으로 얼굴 반가릴때 진짜 김고은이 보이냐 ㅋㅋㅋㅋ,False,
@user-yj5kj8pp9b,이수지 너무 좋아 ㅋㅋ,False,
@필로-x8c,후라이 남들 생각않고 가져간거 겁나 꼴뵈기싫네,False,
@UU-xr9iv,"<a href=""https://www.youtube.com/watch?v=sMvXHYA5rCk&amp;t=303"">5:03</a> 밥먹다가 나올뻔했네",False,
@lgh1117,핸드폰 케이스 ㅋㅋㅋㅋㅋ,False,
@hoohoo900,배고파뒤지것네유 ㅠ,False,
@아빠곰-w2y,"족발이 없네, 샌드위치랑",False,
@arcomutto,이수지씨인지 나문희씨인지ㅋㅋ 연기 잘혀,False,
@kangsungho1752,이수지 씨 이제 먹방도 도전하시나봐요,False,
@yll-l2w,ㅋㅋ 이수지 넘잘함,False,
@김치열무비빔막국수,이수지 아니고 닌~자오밍~^^,False,
@김치열무비빔막국수,태기리 개진상 진짜 진상진상 개진상 꺼저~~~,False,
@biked7134,웃고리즘 요즘 잘나간다고 김고은을 섭외해버리네,False,
@안행복-y1x,김고은씨 연기 잘하는건 알았지만 아줌마연기도 잘하시네요 😆😋,False,
@free7524,"<a href=""https://www.youtube.com/watch?v=sMvXHYA5rCk&amp;t=80"">1:20</a>  전화받는거 ㅈㄴ 뿜었네 ㅋㅋㅋㅋㅋㅋ ㅋㅋㅋ ㅋㅋㅋ ㅋㅋㅋ ㅋㅋㅋ ㅋㅋㅋ ㅋㅋㅋ ㅋㅋㅋ ㅋㅋㅋ ㅋㅋㅋ ㅋㅋㅋ ㅋㅋㅋ ㅋㅋㅋ ㅋㅋㅋ",False,
@오이시-r4u,하 역류하겠네 ;;,False,
@김은규-o3l,개콘분들 역시 연기잘하시네요,False,
@심재현,배민으로 뭐 먹을까 고민하면서 영상 봤는데 레알..바로 제육 시켰네요..ㅎ,False,
@hanbyeol0228,오늘도 잘보고 가겠슴돠 !,False,
@user-rh5tx2n,한식 뷔페,False,
@user-rh5tx2n,뼈큐,False,
@user-rh5tx2n,와큐,False,
@KimGSND,와이프 야근이라 빨리 집에 가서 애들 밥 줘야하는데 한식뷔페 가고싶네요.,False,
@KimGSND,와이프 야근이라 빨리 집에 가서 애들 밥 줘야하는데 한식뷔페 가고싶네요.,False,
@user-rh5tx2n,제육볶음,False,
@병수-l6r,"<a href=""https://www.youtube.com/watch?v=sMvXHYA5rCk&amp;t=124"">2:04</a> 오~ 제육 오~ 제육 오~ 제육 오~ 제육 오~ 제육",False,
@anyoungwon-s2,오늘저녁은 계란후라이닷,False,
@DD빵나르는종수,래길이어서오고,False,
@kor_judy0192,으음~~~<br>저 수염은 반칙이여~~,False,
@데디옥,구독❤,False,
@고기굽는남자-o6p,???: 린자오밍이 결혼을?!,False,
@Jjusine,함바 특 <br>저렇게 먹어도 일 시작하면 먹은거같지도 않음,False,
@곰곰돌푸,예정씨 언제 델꾸올꾸야 횽아...😊😊,False,
@세현-w4q,"<a href=""https://www.youtube.com/watch?v=sMvXHYA5rCk&amp;t=276"">4:36</a> 나문희 여사님 성대모사ㅋㅋ",False,
@유일-0707,오오 웃고리즘이다!!,False,
@trickster_0000,없어요 하는 사람은 좀 뇌절인데,False,
@세현-w4q,이수지 ㅋㅋ 연기 야르,False,
@워더락,재익아 깐다 ㅋㅋㅋㅋㅋㅋㅋㅋㅋㅋㅋㅋㅋㅋ,False,
@지나갑니다-n8r,이수지 ??나문희??하이킼!!!???,False,
@RoofTopFwan,크 이조합 좋네유~~,False,
@KIM.T.H,수지씨 너무 제육만 먹는거아닝꽈,False,
@BladeStorm87,아니 왜 오늘은 예정님이 안보이시죠ㅠ,False,
@이지헌-f9z,진짜... 지독하게 잘해...,False,
@도구아저씨,뭔가 유튜브 판에 생태교란하러 온거 같은 느낌 ㅎㅎ,False,
@sky40824,야르~ㄲㄲ,False,
@티모하마,"<a href=""https://www.youtube.com/watch?v=sMvXHYA5rCk&amp;t=305"">5:05</a> 나가 이 쌍늠의싯꺄!!!! 한번만 더오면 줘팰껴!!!!! ㅋㅋㅋㅋㅋ",False,
@티모하마,오늘 저녁 머먹을지 고민중이었는데.. 땡큐~~ 한식뷔페 야르~~~~~,False,
@wansoopark6505,하ec...배고파 ㅜㅜ,False,
@김세진-d3n,수지말고 다른사람 없나,False,
@기러기-c5n,고은씨 살이 많이 찌셧네요,False,
@gx024,치실 ㅋㅋㅋㅋㅋㅋㅋㅋㅋㅋㅋㅋㅋㅋㅋ,False,
@hyo5283,개그맨분들 진짜 의리는 대단한거 같아요 덕분에 오늘도 잘보고 갑니다  야르~~~,False,
@강인호-q4x,이걸보면서 스팸에 파김치씹고 있는 <br>내처지 ㅠ,False,
@bokdong-fc9bf,와 한식뷔페 8천원? 개싸네 싶었는데 저러면 싼것도 아니지 ㅅㅂㅋㅋ,False,
@릴캐리,이수지ㅋㅋㅋㅋㅋㅋㅋㅋㅋㅋㅋㅋㅋㅋㅋㅋㅋㅋ,False,
@5tormtr0093r,치실로 오바로크를 그냥 아오<br>자영업 힘들다 진짜 ㅋㅋ,False,
@팡팡-f1k,재혼인가요,False,
@두유-b4s,이수지 왜 살빠진거처럼 보이니!,False,
@카마도스미히코,한식뷔페 야르~,False,
@ISY-0911,내일 죽는 한이 있더라도 제육은 먹고 죽는다.,False,
@neighborhood-i7v,태길이 잘한다 잘해ㅋㅋㅋㅋ😅,False,
@호야-o9h,김고은 섭외하기 비쌀텐데....,False,
@심성훈-e1b,김고은 살짝 살쪘네,False,
@김이너,전화받는거 개킹받넼ㅋㅋㅋㅋㅋㅋㅋㅋㅋ,False,
@최콜라-p4r,"계란 5개 가져가는건 선 넘었지ㅡㅡ,,,,",False,
@주멘-l8v,치실을찾네ㅋㅋ,False,
@이성-y8m,재상이 닮은아~제육 음충 먹고 갔데이~,False,
@taekshome2302,이수지 배우님은 정말 레젼드<br>올해 연말에 대상 예약임,False,
@xzero1n2,수지씨 진짜 잘해~,False,
@hyun7864,둘이 푸파대결 함가시죠~,False,
@호연스,아 자오밍 누나 너무 조아!!<br>한식뷔페 가고싶다,False,
@k아아,래길이 개진상연기 자연스럽네 ㅋㅋㅋㅋ,False,
@꾸엑-d1s,형님 누님은 못이겨요..,False,
@메랑,저도 오늘 학교에서 제육 니왔는데 맛있더라고요😋😋,False,
@JAZZKKANG,태길이 ㅋㅋㅋㅋ빌런역할 잘하네,False,
@aadsi8055,미스터빈 오마주인가 😂😂,False,
@우주니-f5d,린자오밍 너무조아요!!!!!!!❤❤❤❤❤,False,
@choi1000,오늘도 내 저녁 메이트❤,False,
@어린왕자777,ㅋㅋㅋ,False,
@dfltp,태길이가 여기에??? 성용보다 연기도 잘하고 어울리네 ㅎㅎ,False,
@jaewonlee-uz6qr,이수지 때문에 밥맛 떨어진다.<br>그리고<br>이수지는 왜 넣은거야?<br>별로 맛있게 먹지도 못하는데,False,
@멀봐-q2i,우물쭈물 대지말고 인기 급상승 해버리노 ㅋㅋ래길이,False,
@호야-f4m,없는것만 찾는 남자 진상인듯,False,
@user-jo9lr4tg1k,태기리형 굿,False,
@LOVEa-s5y,오늘 딱 저녁메뉴 제육볶음인데 영상도 제육볶음이라니 이거 완전 럭키비키잖아 ? ❤️,False,
@이주형-m7r5e,위승락 안나오네,False,
@버미-n7v,어 ㅋㅋㅋ 예전에 개콘 일식집 나미꼬!!! 미안합니다! 몸이약해소,False,
@키키-f4c,육즙수지 굿!,False,
@tv-ju9yp,요샌 웃고리즘 기다리는 재미가 있어요~~ 스토리있는 먹방<br>근일님 먹는 모습보면 정말 맛나게 드셔서 정말 좋아요 ㅋㅋ,False,
@manli6380,역시 오늘도 근일님 먹방이 최고 ㅋㅋㅋㅋㅋㅋ 수지님도 개웃기넼ㅋㅋㅋㅋㅋㅋㅋㅋㅋㅋ,False,
@duckhyeonnam7815,내 이럴 줄 아라따. 다이어트는 무슨 개뿔. ㅋㅋㅋㅋㅋㅋㅋㅋ,False,
@김기원-i9r,이번영상.. 잘나가고 핫한배우들 섭외하셨네용.🎉🎉🎉,False,
@EDMSTYLE0,먹방 다 꺼져  짧은시간안에 먹고싶게만드는 이게 고트다,False,
@김기원-i9r,태길은 없는거만 찾노..😊😊😊,False,
@우연-m4s,진짜 김고은 닮았다,False,
@KDJ-eu1yg,저녁시간 최악의 선택.,False,
@불사조타이밍,야르가 제일좋아,False,
@Coolcoooool,별안간 왜 혼자 라이벌 의식 느끼고 쓸어 넣음? ㅋㅋㅋㅋㅋㅋㅋㅋㅋㅋㅋ,False,
@촌놈-l3e,지독하게 잘하는  수지  👍,False,
@말보루레드,제육볶음 빠지면 한식뷔페가 아니지......,False,
@7비트,"<a href=""https://www.youtube.com/watch?v=sMvXHYA5rCk&amp;t=200"">3:20</a>후라이 훔쳐먹는속도 ㅎㄷㄷ",False,
@cky4679,오예 야르~,False,
@yjoyt,제육은 콩나물과..,False,
@규온업,f래길이 여기저기 열심이네,False,
@최영-l8g,이수지 맞구나ㅋㅋㅋ,False,
@choo-cd3xd7jo3t,앗 계란 다가져가고ㅜㅜ 수지씨 맛갈납니다.<br>털보형님 먹방은 못참죠  뷔페 달려가야 겠습니다,False,
@userdozy61022,김고은 섭외라니 웃고리즘 폼 돌았다 ㄷㄷ,False,
@정혜보스와판교녀,이수지…진짜 보물이야보물❤,False,
@안경벗어봐9년전,올해 대상 이수지 못받으면 문제있는거임 ㅋㅋ 진짜 대상한번 줘라,True,@정혜보스와판교녀
@tyy2294,보물이 아니라 돼지아 아니다  평범한 한녀네요,True,@정혜보스와판교녀
@UserScav,님 이수지 닮았어용 ㅎㅎ,True,@정혜보스와판교녀
@B4mtol,@@UserScav 싸이?,True,@정혜보스와판교녀
@유에-u7g,역시 이수지님 이다. ㅋㅋ,False,
@RX-78GP03D,제육에 상추 계란후라이 쏘야랑 맞먹는 메뉴다,False,
@hongyu7648,침이 줄줄.....,False,
@조영길-j2i,오후 5시 30분에 제육은 반칙이야르~~,False,
@sonsangduck,수지님.  소식.다이어트한다면서요 앞뒤가다르잖어.,False,
@CoolBoricha,이수지 왔고.. 이젠 김고은 (이수지가 변장한) 오려나 ㅋㅋㅋ,False,
@항상걷는다,헐~~@@;<br>웃고리즘에 김 고은 님이~~~~~~~~~<br>앗?! 아니구나 린자오밍 ㅋㅋ,False,
@user-joy279,이수지❤,False,
@바다중,린자오밍이 한식도 잘 먹네,False,
@이성구-u5l,"<a href=""https://www.youtube.com/watch?v=sMvXHYA5rCk&amp;t=39"">0:39</a> 나 이거 분명 들어본 대사,톤이라 살짝 놀랐다 언니 ㄹㅇㅋㅋㅋㅋㅋ",False,
@이즘-o5w,이수지님 나오는 꽁트는 진짜 다 잼있어요. ㅎㅎㅎ,False,
@dog4me277,예정님 말고 린쟈오밍으로 환승 콜?,False,
@남태우-u3d,태길이다  ㅋ,False,
@이고은-k7q,김고은 자꾸 호소하더니 날 가스라이팅 한건지...이제 그녀에게서 김고은이 자꾸 보인다,False,
@이규령-j4p,ㅋㅋㅋ 조합이 좀 잘못 되어서 그렇지 사실 이목구비 따로 보면 꽤 닮았을 수도...죄성 ㅋ,True,@이고은-k7q
@문병선-o1j,저사람은 누구신데 왜계속 물어봐 ㅋㅋㅋ,False,
@최영훈-p2q,가만보니 주인공분 수염때문에 음식이 더 맛나보이는듯 ㅋ ㅋ,False,
@조은데이-t8j,예정 님은 언제 나오나요? ㅋ,False,
@박상재-g4f,밥시간에 이거 맞나요?하... 한식뷔페 야르 위장아 오늘도 고생해😂😂,False,
@놀부형-e4t,오늘 밥먹으러 갔는데 수지님 싸인 있어서 신기해 했는데 촬영을 했네요. 그리고 수지님 먹었던 자리에서 오늘 밥먹고 왔는데 ㅋㅋㅋㅋ 신기하네요,False,
@user-everylittleday,진짜 ㅋㅋㅋ 현실 그 자체인 연기를 보여주시는 분들<br>그나저나 제육볶음에 한 상 가득 드시는 모습에 군침이 저절로 듭니다.,False,
@지상의왕자,털보 먹는거 하나도 안맛있어보인다. 걍 지저분해보인다.<br>가스라이팅 하지 말아라.,False,
@볼빨간사십춘기-k9h,한식뷔페 가고싶다…,False,
@시랴-h1g,우리 고은이 은제부터 다이어트 안하는겨..,False,
@유나인Yunain,"<a href=""https://www.youtube.com/watch?v=sMvXHYA5rCk&amp;t=1"">0:01</a> 이거 보통 오래된 가게들 저렇게 가격 바뀌는거 나타낸거 국룰ㅋㅋㅋ",False,
@user-hyunjuniya,ㅋㅋㅋㅋㅋ태기리 빌런ㅋㅋㅋㅋㅋ,False,
@Meatsamwoori,하지만 k리그에 즐라탄이있다,False,
@이름없음-b2v,떳다! 내야동❤,False,
@칼크,5분짜리 영상 알차게도 뽑으셧네 ^^,False,
@GODENERG,야르~ 오늘영상엔 없었다...,False,
@kangdeahoon,연기들을 너무 잘해요 ㅋㅋ,False,
@테일러오,식사중 위성락과 전데하는 린쟈오밍,False,
@문재앙의훠훠TV,리짜이밍?,True,@테일러오
@박공원-j9r,"<a href=""https://www.youtube.com/watch?v=sMvXHYA5rCk&amp;t=80"">1:20</a> 핸드폰 케이스로 스카우터 쓰는거 개킹받넼ㅋㅋㅋㅋㅋㅋ",False,
@텐클로버,수지 어머님이 전화 통화 그렇게 하신다네요ᆢ,True,@박공원-j9r
@Meatsamwoori,오우야~~~~ 월클이 k리그에 오셨내,False,
@skrhkstjr0202,1분14초...ㄷㅏ이어트 요?^^;;,False,
@h9981025,제육 먹어야겠네,False,
@user-ph8ry3ds2y,뷔페에서 음식집으면서 게속 말해서 음식에 침튀기는 사람들 제일 극혐 진짜 개씨빨럼들,False,
@금귀-m5h,야르!!!!!,False,
@whdiehejr,와씨 마침 제육비빔밥 먹으려던 참이었는데 대박이군,False,
@하태현-p5g,여기는 털보아저씨가 아니라 이수지님이메인인데?,False,
@쏘쏘혀늬-q3y,아 저번부터 저저 개진상 콱 마 😂,False,
@엘크-c3j,태길이 ㅈㄴ웃기네.ㅋㅋㅋㅋㅋ,False,
@푸른하늘-u7v,180초 따라 잡겠다 ㅋ,False,
@김태환-m2l2p,아저씨 사랑해요와 오빤강남스타일 그 어디쯤..,False,
@Mooyoung,장모님아님??,False,
@곰돌인데요,와 진짜 맛ㅇ 아니 멋있다..!,False,
@하냥하냥-q2h,린쨔오밍 누나나왔네 ㅋㅋㅋㅋㅋㅋㅋㅋ,False,
@busan_3888,수지야 짜다 밥이랑 같이 무라 ㅋㅋㅋ 넘 귀여움.,False,
@도봉산주지,사장님 혹시 야구르트는 없죠?ㅋㅋㅋㅋ,False,
@WinterLuv0101,한식부페 야르❤,False,
@정민오-j1n,ㅋㅋㅋㅋ 이수지 ㅋㅋㅋㅋㅋㅋㅋㅋㅋㅋ,False,
@lojkos8252,",예전에는 제육이 나오면 덮밥식으로 많이 먹었는데 지금은 반찬그릇에 담아서 조금 먹는데.......이제 고기를 많이 먹으면 소화가 잘 되지 않아서 .............몸속에 있는 장기들이 대모?시위?ㄹ를 하기 때문에 ㅋㅋㅋㅋㅋ 이수지님 너무 좋음",False,
@빅뽀스-w6p,이수지님 맛깔나요  ~~  야르 <br><br>오~ 제육 야르  근일님 먹방 야르~~,False,
@mrjin0707,"<a href=""https://www.youtube.com/watch?v=sMvXHYA5rCk&amp;t=95"">1:35</a> 생기겄네ㅋㅋ",False,
@아름다운청년70,린자오밍..<br>이수지는 뭘 해도 잘 함..<br>오밍씨 화이팅!,False,
@문재앙의훠훠TV,리짜이밍?,True,@아름다운청년70
@Majjayong,@@문재앙의훠훠TVㅅㅂ 이 댓글 있을줄 알았다,True,@아름다운청년70
@IamJunseo,떴다 내 저녁,False,
@냥감자,개콘  가족같은?,False,
@user_ga27bdr2o,아니 노란점퍼는 뭔데 개웃기냐 ㅋㅋㅋㅋㅋㅋ,False,
@박종일-g3u,다른건 몰라도 치실은 선넘네...;;,False,
@idontstop2725,여전히 지독하게 잘해ㅋㅋ,False,
@해피혀니-y3o,소리만듣고 나문희 어르신 나온 줄 ㄷㄷㄷ,False,
@yungyung-sun2674,이수지 같은 여자와 한번이라도 선 봐봤으면 국결 생각도 안함.<br>수지씨 사랑해요 ~~~^^,False,
@문영균-r2d,풉 여자들이란,True,@yungyung-sun2674
@할머니의레몬파이,와 후라이 3개 이상은 너무하지,False,
@이지-r6b,후라이 밥 밑에 숨기는 거 오함마로 뚝배기 깨버리고 싶네 ㅋㅋㅋㅋㅋ,False,
@zrider29,근일님 야르만 기다려 왔다면 개추~,False,
@이이이-l1c9v,오늘 저녁은 제육이다,False,
@이춘복-p8n,"예정님이 안 나오셨네요 이번에는 ㅠ,ㅠ 내일 점심은 탈주해서 한식뷔페로 달려갑니다,,,",False,
@Caromdaedae,내 글 좋아요 누르면 근일이형 먹방 직관할수있는 행운이(올지도)😂,False,
@도송원-r6y,구독을 취소하고 다신 클릭하지말아야하나.. 다이어트중인데 미치게하네 사람 후..,False,
@Pick_Bee,개그맨들의 분석은 역시 대단하네 처음 온 사람 연기부터 아지매 연기까지 ㅋㅋ,False,
@poringhat3586,ㅋㅋㅋㅋㅋㅋㅋㅋㅋㅋㅋㅋㅋㅋㅋㅋㅋㅋㅋㅋ,False,
@uesr-z9qdzhu5df,제육볶음 야르 😃,False,
@정지훈-l8f,웃고리즘만 보면 없던 식욕도 생긴다니까ㅋㅋ,False,
@coreywani,찾다찾다 치실까지 찾을 줄은 몰랐네 ㅋㅋㅋㅋㅋㅋㅋㅋㅋㅋㅋㅋ,False,
@만두님아,태길이 혼난다!!!,False,
@phone82e,ㅋㅋㅋ태길이뭐여,False,
@이재익-r5z,왜 우리동네에는 없냐,False,
@KS-ue2rn,ㅋㅋㅋㅋㅋㅋ,False,
@김지노-v4e,노란옷 ㄹㅇ 개빡치네,False,
@유이뽀-e7r,ㅇㅈ,True,@김지노-v4e
@user-zy8eb9fj5y,지독스럽게 리얼하다,True,@김지노-v4e
@오내언사-p2k,린쟈오밍이 갑자기 여기서?ㅋㅋㅋ,False,
@따부,태길이가 여기나오다니 성공하자 ㅋ,False,
@양파뤼-e3p,고기!,False,
@원진이,태길이 방문이네;,False,
@vnfma7,퀸수지 ㄷㄷ,False,
@sy8754,폰케이스 열어서 전화받는거 고증 미쳤네 ㅋㅋㅋㅋㅋㅋㅋㅋㅋㅋㅋㅋ,False,
@duswnd-u8c,이수지 ㅋㅋㅋㅋㅋㅋㅋㅋㅋㅋㅋㅋㅋㅋㅋㅋㅋㅋㅋㅋㅋㅋㅋㅋㅋㅋㅋㅋㅋㅋㅋ,False,
@joonhyuklandyjang1605,112빠!,False,
@철순김-o5c,이수지 희극배우까지. 다음은 동엽신 기대하고있습니다,False,
@user-reana1004,아니 하이킥 패러디하냐고 ㅋㅋㅋㅋㅋㅋㅋㅋㅋㅋㅋㅋㅋㅋㅋㅋㅋㅋㅋㅋ,False,
@갑재칩,태길이 개웃기넼ㅋㅋ,False,
@jin78lee,웃고리즘 야르~~,False,
@관리자-c6z,래길이ㅋㅋㄱㅋ조패고싶네,False,
@정현민-o6y,재미있습니다,False,
@찐텐보이,레길이 알바하니?,False,
@뚱이-x7c,와~~<br>저가격이면 매일 갈텐데.. 울집앞엔 없는 맛집이 넘 많네요...<br>그리고 진짜 진상손님 많네요.ㅎ,False,
@말보루레드,서울 최북단 인근 으로 이사가세요 도봉구 거기 한식뷔페 90%이상 8000원이에요 운좋으면 7000원 하는 한식뷔페도 있어요,True,@뚱이-x7c
@peach_mond,제육은 못 참쥐 +_+,False,
@jylee9231,뭐지..? 그 남자분 안나오니깐 왜 이수지가 그 남자분이랑 눈빛이 똑같이 느껴지냐…? 역시 이수지는… ㄷㄷ,False,
@에핑크-w7c,야르 그다렸다 야르❤❤,False,
@유니콘-o3j,"<a href=""https://www.youtube.com/watch?v=sMvXHYA5rCk&amp;t=206"">3:26</a> 승부욕 발동한 린자오밍<br><a href=""https://www.youtube.com/watch?v=sMvXHYA5rCk&amp;t=288"">4:48</a> 입맛 떨어진 털보님",False,
@80g94,없는<br>식혜  수정과  아메리카노  찾는분  개우낌    푸하하하 ㅋㅋㅋㅋ ㅋㅋㅋㅋ,False,
@고기맛사탕,태길이 아닌가여 ㅋ,True,@80g94
@ktKim-kj5ne,월드스타 이수지님 오셨다 //,False,
@보통이아니야,미친 태길이형 졸웃이네 ㅋㅋㅋㅋ,False,
@초파맨-z4i,근일님이  먹방하시면 1등하실거 같은데 진짜 보면 따라먹고 싶어짐,False,
@g-an6964,오늘저녁은 나도...🎉🎉🎉🎉  제육에 상추쌈~~,False,
@gp8237,꼭 태길이같은 밉상들 있는게 현실 ㅎ,False,
@이구라파덕,아줌마 연기 탑티어 이수지,False,
@독다이,아 이번주는 제육이다.....ㅋㅋㅋ,False,
@더블제이-x1h,이 집이 그 집 인가요?? 제육 으로 빌딩 올렸다는 집이 ???,False,
@진화연,없는 놈은 없는 것만 찾는 구만,False,
@히노-i8c,이번껀 ...,False,
@황정민-p5q,오늘은 털보횽 비중이읍네ㅋ,False,
@user-sx9zs5,이수지 최고라는 분들<br>이수지 같은 딸낳고 이수지 같은 여자친구 만나세요~,False,
@이성-y8m,@@user-sx9zs5 ㅆ....<br>전 정말 좋아하고 사랑할텐데 <br>저런분이<br>절 안좋아할듯...,True,@user-sx9zs5
@길고양이-n7k,언제나 응원합니다 😊,False,
@simonkim4236,나랑 핸드폰 커버가 같네 ㅋㅋ,False,
@ccup8033,아 내일 점심은 엘림식당 가야겠네요 ㅜ.ㅜ,False,
@2jj73,글쎄엘림식당 어디인대유,True,@ccup8033
@당직사령관님,와....월클 이수지가...웃고리즘에 나오다니....웃고리즘 섭외력 짱....<br>이번화 레전드,False,
@loloy5217,한주의 시작 월요일 화이팅!🎉😊,False,
@도현안-b8q,치실은 띠발로미ㅋㅋㅋㅋㅋㅋㅋㅋㅋㅋㅋㅋ,False,
@천사몽_dOvOb,아 배고파.. 나도 저녁에 고기볶아 머거야딧~야르♡,False,
@철이찡-n4n,zzzzzzzz전화받는거에서 터졋네,False,
@수수수-z2g,하.. 점심 때 제육 먹으려다<br>목살 스테이크 먹었는데 흥칫뿡~😢😢😢<br><br>아침에 먹어주셨어야죵~~ㅋㅋ,False,
@간지보이,야르,False,
@junghasong1146,치실~ 왜 목욕하고 가지 그래,False,
@랑윤아빠-b3q,요즘 개재밌음ㅋ,False,
@양희수-h8x,ㅋㅋㅋ 린쟈오밍 이수지님 ㅋㅋ 도박꾼 태길님 나왔네요 ㅎㅎ,False,
@논밭두렁-y6h,수지씨 후라이는 안펐는데?ㅎ,False,
@Tanos가옳았다,린자오밍 왜 야윈거같지,False,
@alexbred76,제 킥은 질문 빌런에 한표던집니다. ㅋㅋㅋㅋ,False,
@MLG346,ㅋㅋㅋㅋ태길이 개패고싶네,False,
@joo02,이수지 전화하는거 ㅋㅋ 와 진짜 센스가 👍,False,
@joo02,먹방에 표정에 저 텐션 보라지 ㅋㅋ 전화기커버에 코찌그러지는 디테일까지 ㅋㅋ 자기 망가뜨리면서 웃기는건 쵝오인듯,True,@joo02
@joo02,반대편에 진선규 상상했음 ㅋㅋㅋㅋ,True,@joo02
@마루뷰,예정님 한테 아메리카노 사달라혀,False,
@Xzbit-ej6fh,치실ㅋㅋㅋ,False,
@joo02,혈압+50,True,@Xzbit-ej6fh
@EXTRAJOSS-h5s,수지 동생 졌잘싸~~,False,
@joo02,이겼는데,True,@EXTRAJOSS-h5s
@조강현-q4i,이수지 개웃기네 진짜 ㅋㅋㅋㅋㅋㅋ,False,
@58774tguuyf,ㄹㅇㅋㅋㅋ 존나웃김 ㅋㅋㅋㅋ,True,@조강현-q4i
@서지니-w2e,이수지 참 잘해 ㅋㅋ,False,
@하우림-f9m,지붕뚫고 나문희배우님 같아요ㅎㅎ,True,@서지니-w2e
@경서바라기-x8b,이고은 아니었나요?,True,@서지니-w2e
@6tghh,아저씨 사랑해요~,True,@서지니-w2e
@허어니-t7j,뭘잘해?,True,@서지니-w2e
@6tghh,​@@하우림-f9m문희는 포도가 먹고 시픈뎅~,True,@서지니-w2e
@dreaming32197,이수지님 정말 멋지시네요 ㅎㅎ 진짜 잘 하신다 ㅎㅎ,False,
@박희상-p7o,마지막에 예정님한테 전화했으면 완벽인데!,False,
@카즈토시,김고은씨 여기서 이러시면 안됩니다,False,
@Hehehehe1212-k8r,내 위씅락이야,True,@카즈토시
@89fiorino68,이수지님 여기서 이러시면 안됩나다,True,@카즈토시
@지현재,​@@89fiorino68누가 이수지인거 몰라서 저렇게 댓글 단줄 아냐 snl 보면 왜 김고은이라고 한지 알텐데 숏츠도 좀만 봐도 나오는걸 댓글을 복붙하네 ㅉ,True,@카즈토시
@328kmlwing,😆😆😆😆😆😆😆😆😆😆😆😆😆😆,True,@카즈토시
@갸라도스-b6k,@@지현재카즈토시 저분한테 이수지님이라고 한게 아닐까요??,True,@카즈토시
@flow3432,"<a href=""https://www.youtube.com/watch?v=sMvXHYA5rCk&amp;t=143"">02:23</a> 오~ 제육! 야르~",False,
@2345pok,한식뷔페는 계란후라이가 국룰,False,
@hjs3134,오 제육 야르~,False,
@지연삼춘,제육 먹고싶다..ㅠ.ㅠ,False,
@Hiroin-n1u,"<a href=""https://www.youtube.com/watch?v=sMvXHYA5rCk&amp;t=94"">1:34</a> 자기가 제일 맛있어에 개뿜",False,
@족신박,이수지 때문에 안봄,False,
@warrenbuffeet,린짜오밍이 여기나오네,False,
@나비비녀,와 저도 좀전에 집근처 한식뷔페에서 제육먹었는데 저기처럼 빨간제육이 아니라서 아쉬웠어여 ㅠㅠ<br>역시 제육은 빨개야해...,False,
@이석준-u6m,본인이 간거면서 비하는 하지맙시다~<br>어른들이 해주신건데요,True,@나비비녀
@나비비녀,@이석준-u6m  제가 비하했다구요?? 어디가요??,True,@나비비녀
@이석준-u6m,@@나비비녀 그냥 넘어가도 되는거를 굳이 ㅎ<br>빨간제육인곳을 찾아서 가세요,True,@나비비녀
@나비비녀,@@이석준-u6m 뭐 말할수도있는거지 그런게 왜 비하인지를 모르겠네요??? 비하 뜻을 모르나요?? 그쪽이야말로 그냥 넘어가도 되는문제로 왜 시비거세요,True,@나비비녀
@이석준-u6m,@@나비비녀 뭔 시비요? 피해망상 있으세요?; 걍 하지마라면 반성 하면 되는건데 계속 말대꾸 하시는 이유가,True,@나비비녀
@warrenbuffeet,이야 이조합못참지,False,
@humanlog8,웃고리즘 전성시대 야르~~,False,
@살충제-m1i,오늘저녁은 제육볶음이다 야르~~~,False,
@angela-r6m4m,쫌따 볼꺼지만 ㅋㅋㅋ 일단 좋아요❤해놓고 다시 올께요 근일님😂😂😂,False,
@오정-k9s,그저신난 나 ㅋ,False,
@뽀우-y8x,린자오밍 많이 컷네 웃고리즘도 나오고 ㅋ,False,
@또치아빠-i5g,뷔페 야르~~~,False,
@신경섭-v1z,김고은씨 다이어트 안하셔도됩니다❤❤❤❤❤❤❤,False,
@한국-n2r,막 뽀뽀하고 막 빨아먹고 죽어...<br>이거 뭔말이에요? 현기증 나닌까 빨리 설명좀,False,
@오만울음_PrideCry,"털보먹방 -&gt; 입맛 올라감, 수지애교 -&gt; 입맛 내려감<br>이 미친 황금 밸런스.",False,
@abcdefghijklmn2975,나도 낼 한식부페닷~~!!,False,
@해금연주가김선희,이수지 먹방까지~~최고예요ㅎㅎ,False,
@하이서우,이제 이수지랑 썸 타는건가?,False,
@아련-e5r,예정님 맨날 나왔으면 좋겠다❤,False,
@1000K-y7v,이 형 딴데서<br>야르 잘못하다가<br>난처해지는거 봤음ㅋㅋ,False,
@taiji0406,다이어트 할라 캤는데 와? 내 앞에서 묵고 그래~~ ㅋㅋㅋㅋ 입맞 땡기구로~ ㅋㅋㅋ,False,
@간짜장울막둥이,김고은이다.  도대체 넌  누굴보고<br>있는거야❤❤❤,False,
@kimks0002,수지랑 케미 조타,False,
@하이서우,이수지~~~~~~~!!!!!<br>진짜 최고♡♡!!!!!,False,
@돌진하는드루이드,린자오밍이다~~~~~,False,
@elizabethkim65,그놈의 야르 그만하세여 후유증이납니다,False,
@99_ni,예정님이랑 언제 사귀어요?,False,
@jehyunyun1512,현재진행형?,True,@99_ni
@가자잉-z4p,야르~제육쌈,False,
@채채희희,6분전!!!!!!!!!!!!!!!,False,
@ekyours,유난히 이집 제육은 훨씬 맛있어 보이네,False,
@mancity2918,이수지 연기 미쳤네 ㅋㅋㅋㅋㅋㅋㅋㅋㅋㅋㅋㅋ,False,
@HL3765김민성,제육 먹고 있었는데 햇반 하나 더 돌리러 간다.,False,
@masowoo,아.. 출출한 시간인뎁 ㅠㅠ,False,
@초심자이언츠,제육 야르,False,
@nygi3318,예정님과 같이 드셔야죠!!!,False,
@손채영이혁이우,순위권 야르~~~,False,
@바라바기,야르 제육볶음,False,
@바니카츄,야르~,False,
@빡빡머리밀어,웃고리즘 기다렸으면 개추ㅋㅋ❤,False,
@HL3765김민성,나 기다리던 제육인데 개추 누르고 간다,True,@빡빡머리밀어
@김유재-c8q,​@@HL3765김민성린쟈오밍❤,True,@빡빡머리밀어
@박슈슈-h7v,살찐 김고은 출연일준 몰랐네,True,@빡빡머리밀어
@딸기코-f3g,어제 예식장에서 털보형님봤는데 실물이 어우 아주그냥,False,
@nangongbbollock,역시 근일님! <br>남자라면 상추쌈에 제육은 못참지..야르~,False,
@러쉬-g4d,조회수 없음에 댓글 쓰는 나 ㅎㅎ,False,
@yooyoung-i4y,오늘도 야르야르🎉🎉,False,
@현이-s7p,내가본한식뷔페 먹방중엔제일레전드다 제육볶음야르~~|,False,
@あん-z5p,一番だｗ,False,
@권진성-c1f,1등,False,
@권진성-c1f,맘이통했어 야르형..,True,@권진성-c1f
@뮤직탯,야르~~,True,@권진성-c1f
@이대호-q6y,요르~,True,@권진성-c1f
@기니디리-t3v,오 한식! 야르~,False,
@김수현-s9x6g,1등,False,
@엉덩일흔드록바-n4o,굿,False,
