author,comment,is_reply,reply_to
@taengoo8939,......?,False,
@gu_999,"<a href=""https://www.youtube.com/watch?v=So7-M01JDoM&amp;t=1169"">19:29</a>",False,
@LaneMighty,ㄱ글 에서 벳프리 이 ㅓㅇ도로 유명했음?  내 듣보잡인그줄놈 의알았 는ㄱ글데  에ㄷ서ㄷ ㅋ벳프리 때문에 내거기 닳고,False,
@캠퍼리치,100초가 담배나 태울시간이였는데.. 단어 30개를 외우네요 😂,False,
@YongsChoi,누가보면 서장훈 공부잘해서 연대 간줄 알겠다!<br>학교 자부심 이해는 하겠다만 오바는 떨지마라 역겹다 좀,False,
@DependableRuth,ㄱ글 에서 벳프리 진짜 보다보면 빠져든다 라이브에 수위도좋고 외모도ㄱ 글좋 고 에삼서박 자벳 프지리렀 으보?느라 눈밑에까지 다크써클,False,
@RebeccaEarth,ㄱ글 에서 벳프리 보고 나면 다낵질 보충제 한사발 그빨놈아의야  ㄱ한글다 는에데서  사벳실프인리가 댓요?글 ?ㅈ 나많네 그렇게죠 좋은,False,
@DianeLarissa-s2n,ㄱ글 에서 벳프리 이 ㅓㅇ도로 유명했음?  내 듣보잡인줄 알았는데그 놈ㄷ의ㄷ ㅋㄱ글 에서 벳프리 때문에,False,
@figaro98ify,현타오네,False,
@user-fj5ku5yc9c,장원 왤캐 귀여움 진짜 무해하고 순진하면서 묘하게 개웃김,False,
@PhyllisShamus,그놈의 ㄱ글 에서 벳프리 때문에 내거기 닳고 닳아서 없어지겠네?,False,
@RowenaZelda-z8i,그놈의 ㄱ글 에서 벳프리 댓글 ㅈ 나많네 그렇게죠 좋은가보지 보러갈까?ㅋ,False,
@dewianjani7074,I need English subtitles😭,False,
@coneyj8662,"<a href=""https://www.youtube.com/watch?v=So7-M01JDoM&amp;t=1187"">19:47</a> 성범씨 코찡긋에 유연이 얼굴 빨개지면서 표정관리 안되는게 킬포",False,
@awesome_yum,"아이돌인줄,,,",False,
@jimjim813,머리 똑똑한데 왜 저렇게 잘생겼어.......,False,
@가을-w2t,와 저 오랜만에 웃음터졌어여 ㅋㅋ,False,
@user-yesicanpark,"<a href=""https://www.youtube.com/watch?v=So7-M01JDoM&amp;t=540"">9:00</a> 아 &#39;나 춤 배우러 간다&#39;부터 시작해서 옴브리뉴 부분 미친 듯이 좋음 다 좋음ㅋㅋㅋ그리고 신동 개잘춰 역시ㅋㅋㅋ",False,
@뉴리라-h5w,아 옴브리뉴 미치겟다 ㅋㅋㅋ,False,
@IshinPark,허성범 진짜 개사기캐네;,False,
@혜린-t6n,근데 진짜 이장원씨는 은은하게 돌아있는 저 눈이…개웃김,False,
@y_xng0536,"<a href=""https://www.youtube.com/watch?v=So7-M01JDoM&amp;t=1193"">19:53</a> 김희철 말하는거봐랔ㅋㅋㅋㅋㅋㅋㅋㅋㅋㅋ 취두부에 암모니아엨ㅋㅋㅋㅋㅋㅋㅋㅋㅋㅋ",False,
@지원-d8r3l,이수근 급발진하는게 개웃김ㅋㅋㅋㅋㅋ,False,
@karlaiden1403,허성범 진짜 역대급 사기 캐릭터 아니냐 ㅋㅋㅋㅋㅋㅋㅋㅋㅋ 천재적인 두뇌에 저런 외모라니...허성범님은 방송 이렇게 가끔씩만 나오고 자기의 인생 사셨으면 좋겠다..단순 연에인으로 치부하기엔 너무나 보석같은 인재인듯,False,
@56ghjMcwdfgr,"A Choice Between Good and Evil<br>Zheng Zhi stated, “Organ harvesting is a crime that has been committed by many hospitals from north to south in China for many years. In fact, it is no longer a secret. Because whether it is international reports or medical records of organ transplants performed by hospitals, it can be seen that a large number of people have had their organs harvested.”<br><br><br>Former Chinese doctor Zheng Zhi said he wants to tell everyone in the world that forced organ harvesting is a choice between good and evil.<br><br>He said he did not want to see thousands of families face such danger, and did not want this crime of live organ harvesting to happen to anyone again. He said, “I stood up today as a witness, to testify. To tell everyone in the world that this is a choice between good and evil. Facing this fact, it is the last call to everyone’s conscience. I hope that those who do not understand and are afraid can also muster up the courage to face the facts.”<br><br>At the end of 2005, Zheng Zhi traveled to Thailand through Vietnam to seek protection from the United Nations and finally arrived in Canada.<br><br>Huang Shu-ling, a retired professor at the General Education Center of the National Defense Medical College (in Taiwan), said, “The students we taught were military doctors from China. Two of them came forward to tell their stories, which were truly shocking.”",False,
@멩-y3z,"천재 맞다 ... 대학전쟁에서도 턱 벌리면서 봤는데 또 해줬으면 ,,,",False,
@papaco0412,늦지 않았다 배우해라...,False,
@계정음악-g9h,개잘생김,False,
@itssweetclown,OH ITS HEO SEUNG BUM!!!,False,
@꼬르으륵,허성범님 덱스 닮으신 것 같은 느낌적인 느낌..ㅎ,False,
@최강혁-o7x,의대생들도 없는판에 먼..지금은 서연카울성 의대 아니면 공부 말도 하지마라 카이스트..풉<br>재수삼수해서 경희대의대 겨우가더라,False,
@anisazuliastuti3042,Engsub please,False,
@Bombolony,Seongbeom neomu kyeopta,False,
@희진-e1i,와~암기력 진짜 대단하네요~~~,False,
@ih7411,난 허성범 이장원 같은 친구들이 자기 진짜 재능을 썩히는 것 같아 아쉬움.. 어찌 보면 저런 인재들이 대한민국 진짜 보물인데..<br>물론 당사자들도 재밌어하고 보는 사람들도 매력적인 요소가 많은 그들을 한 번이라도 더 찾겠지만.. 전공과 전혀 다른 곳에 소비된다는 게 걸림..,False,
@RobinH-k6h,"<a href=""https://www.youtube.com/watch?v=So7-M01JDoM&amp;t=415"">6:55</a><br><br>박사과정을 포기하고 변태발라드라는 새로운 장르를 개척했네",False,
@오가가가,시청자도 도전해보라면서 자꾸 사진을 내리네…,False,
@ttocareeny,신동 아형에서 춘 춤 영상 너무 많이 봐서 새로운 영상이 필요했는데 ㅠㅠ 젭알 더 춰줘......ㅎㅎ💙💙🥹,False,
@깔쌈한낙지볶음,"허성범 그냥 얼굴이랑 공부랑 진짜.,못하는게 없다...요즘 피의게임이랑 아형같이 유명 프로 많이 나와서 행복하다,.라이즈 만큼 사랑함.",False,
@user-xl2rp1nn2j,허성범 여기서 되게 잘생겼다.. 대학전쟁때는 막 잘생긴지 몰랐는데 엄청 잘생김,False,
@이찬-o8j,"<a href=""https://www.youtube.com/watch?v=So7-M01JDoM&amp;t=360"">06:00</a> 아 넘어갈께요 ㅋㅋㅋㅋㅋㅋ",False,
@Hieooooooo,한 30초정도 외운것같은데 11개 나오는데 ㅋㅋ,False,
@user-jy5kl1gq3q,허성범?!!! 와.....,False,
@dreamizi0825,"<a href=""https://www.youtube.com/watch?v=So7-M01JDoM&amp;t=301"">5:01</a> 이수근 개 웃김 찐으로 화내네",False,
@llliiiii0833,"<a href=""https://www.youtube.com/watch?v=So7-M01JDoM&amp;t=1108"">18:28</a> 부터 나만 개웃긴가 ㅠㅠㅋㅋㅋㅋㅋㅋㅋ 진짜 개크게웃었음 ㅈㄴ웃기네 ㅠㅠ 그리고 아형 편집자분 진짜 편집 개잘하세요 편집이 더 웃김",False,
@Entp-x5q,ㅈㄴ웃겨,True,@llliiiii0833
@preference5508,이장원씨 왤케 귀여움ㅋㅋㅋㅋㅋㅋㅋㅋㅋㅋ 매력 쩌네🤣,False,
@휴지민-g7z,마미미누 개웃가내 ㅜㅜㅜㅋㅌㄴㅋㅋㅋ,False,
@jysa8645,"<a href=""https://www.youtube.com/watch?v=So7-M01JDoM&amp;t=540"">9:00</a> 나춤배우러간닼ㅋㅋㅋㅋㅋㅋㅋㅋ",False,
@오휸,이장원님 너무 우리 학교 기가쌤이랑 겹쳐보임..ㅋㅎㅎㅋ 말투도 얼굴도 너무 비슷해..,False,
@꿀꿀이-l4r,같이 외워보라면서 화면 계속 전환하네ㅡㅡ,False,
@addio5886,허성범은 진짜 연예인으로 데뷔해도 손색이 없다,False,
@오리쌤,한국 기억력스포츠 국가대표팀 감독이자 현역 랭킹 1위인 사람인데. 허성범 군을 국가대표로 선발하고 싶네요 ㅎㅎ 기억의 궁전을 사용하지 않고 스토리만으로 저 정도까지 외운다는 건... 아무래도 기억법을 어느 정도 알고 있는 듯 ㅎㅎ,False,
@this648,"<a href=""https://www.youtube.com/watch?v=So7-M01JDoM&amp;t=1215"">20:15</a> 무니는 포도가 먹고 시푼뎅",False,
@이성범-q9s,나하고 이름 비슷하네,False,
@음-n7s6p,ㅇㄴㅋㅋㅋㅋㅋㅋ 옴브리뉴 출때 진짜 개터졌는데 좀 숨돌릴때 미미미누가 갑자기 막타쳐서 배잡고 쓰러짐,False,
@한큐-m4f,영재고의 위엄...........,False,
@린아-e2t,아 이수근 개웃기넼ㅋㅋㅋㅋㅋㅋㅋㅋㅋㅋㅋㅋㅋㅋㅋㅋㅋㅋㅋㅋ 노루궁뎅이 쌍절곤을 왜 돌리녴ㅋㅋㅋㅋㅋㅋㅋㅋㅋㅋㅋㅋㅋ,False,
@house7529,이번꺼 풀영상 봤는데 여자애가 표정이 싸하더라 계속 무표정에ㅋㅋㅋ 저럴거면 왜나왔냐 멤버중 간절하고 적극적인 친구로 내보내주지,False,
@Hello-qp6rz,수능 특집이잖아요. 멤버중에 수능쳐서 이대 간 사람 김유연밖에 없어요,True,@house7529
@Ddd-u2m1d,뭘 또 싸해 원래 저래 팬들도 그런 모습을<br>좋아하는 거고,True,@house7529
@흥흥칫뿡,이거 왜 유봉재 잘 할 것 같냐 ㅋㅋ,False,
@이창진-x6g,허성범 너무 사기캐네 얼굴은 잘생겼음 안되지,False,
@jjingx2,"<a href=""https://www.youtube.com/watch?v=So7-M01JDoM&amp;t=310"">5:10</a> 유병재암기법아니냐 연상암기법ㅋㅋㅋㅋㅋㅋㅋㅋ",False,
@user-eh8nr3jx2x,이 형은 여기서도 잘생겼냐ㅋㅋ,False,
@bnd_youth,왔다 내 도파민,False,
@bucubucu-22,이거랑 똑같은 거 중2때 했었는데 진짜 우리 반에 있던 일진 남자애가 공부라곤 아예 안했던 앤데 다 외운거.. 그때 벽을 느낌.,False,
@김서윤-n7d8o,아 허성범 너무 기여운거 아니냐고 옴브리뉴 ㅜㅜㅜㅜ,False,
@showmewhatugot,장동민이랑 더 지니어스 붙는거 보고싶다 ㅋㅋ,False,
@ssswux,"여기저기서 갑자기 ㅎㅅㅂ 저분 존잘이다, 다가졌다 댓글들 우르르 쓰이는데 회사있다더니 알바쓰시는듯..연예인해도 톱일거다 이러는데 당장 다른 남자 인플루언서 분들이 훨씬 잘생기신 분들 많음...ㅠㅠ 그냥 학벌 버프지 학벌 빼고 외모로는 흔함..키도 많이 작으시고<br>그냥 가만히 있으면 되는데 너무 관심받고 싶어하고 억지로 띄우려고 해서 반감 사시는듯..",False,
@NoName-ln6sj,까가 빠를 만든다,True,@ssswux
@dkskqk-t4p,지랄 진짜ㅋㅋㅋ 남자 인플루언서들 그거 실물로 보면 사진이랑 차이 개심하다... 당장 다슈 그 유명한 애도 방송화면에선 그렇게 개존잘 아니더만,True,@ssswux
@ssswux,@@dkskqk-t4p 맞아 근데 ㅎㅅㅂ보단 나은데?..그리고 인플루언서 행사가서 본 애들이 다 말한다..쟤가 젤 떨어진다고 ..키나 분위기나 등..다들 지들이 올리는 사진보단 떨어지겠지 근데 그 중 ㅎㅅㅂ 더 후순위 같던데 실물후기 들어보면..아무튼 이걸 따지는건 의미 없고 외모만으로는 이정도 대우받을 얼굴은 절대 아님 더 잘생긴 일반인들 많음,True,@ssswux
@dkskqk-t4p,@@ssswux 내 눈엔 아무리봐도 방송화면 기준으로 봤을때 허성범이 다슈 종석인가 걔보다 훨 나은데,True,@ssswux
@dkskqk-t4p,@@ssswux 다슈 종석 소개팅방송인가 그거 봐봐라,True,@ssswux
@김서윤-n7d8o,성버미 너무 멋져 진짜,False,
@coooooii,"<a href=""https://www.youtube.com/watch?v=So7-M01JDoM&amp;t=1456"">24:16</a> 와 칼군무 ㄷㄷ미쳤다",False,
@PhyllisShamus,여기댓글 왜이럼 ㄷㄷ ㄱ글 에서 벳프리 도대체 머길래--?,True,@coooooii
@ssswux,인스타에서 보던 거랑 이미지나 느낌이 많이 다르시네 회사가 있다던데 요즘 여기저기 예능 엄청 나오심.. 댓글 알바 푸는지 찬양 댓글들도 갑자기 많이 생김.. 그냥 처음 수능 미적분 풀이 영상이 되게 잘나온 거 였지 그 이후 행보나 외모는 영..흔한 일반인느낌이라 아쉬움ㅠ 관심 많이 받고 싶어 하시는 거 같고.. 인스타에도 본인이 모델이라 해두어서 키 큰 줄 알았는데 키도 많이 작으시고..머리숱도.. 탈모 미리 관리 하셔야 할듯..대학전쟁에서도 보면 지금이랑 또 얼굴 많이 다르고 신기함,False,
@짭으악,허성범씨한테 자격지심 있는 것 같아요… 단순 남성 인플루언서가 아닌 훈훈한 외모에 영재고 카이스트 루트타고 석사과정 병행하는 모델 캐릭터로 주목받는 거죠 뭐가 그렇게 불만이신지… 예능 프로는 필요한 캐릭터 그때그때 부르는 건데 본인 눈에 자주 보인다고 욕하는 건😅,True,@ssswux
@ssswux,"@짭으악  욕 아니고 다른 걸 다르다고 하는 거! 예전에 나온 다른 유튜브 방송에서 19금 컨텐츠에서 한 발언이나 여자 꼬시는법, 장모님 앞에서 킹받쥬 등 이런 단어쓰는 언급한 성격들을 봐버려서 너무 이미지가 깨서..지금와서 이미지 메이킹 같아서 그냥 그런거지 욕한 적은 없는데요? 다른걸 다르다하지..무조건 찬양하는게 더 웃기죠",True,@ssswux
@짭으악,@@ssswux 이미지 메이킹으로 별로라고 여기저기 댓글 달고 다닐 거면 똑같은 아형에 나오는 다른 멤버들은 뭐 그런 발언 한 적 없답니까…. 애초에 얼마전까진 일반인으로 살던 사람인데 굳이 댓글로 일반인 느낌이라 아쉬움ㅜㅜ 하는 게 억까라고 생각한 적은 없으세요? 방송과 무관하게 키랑 머리숱 언급하면서 별로라고 까내리는 위 댓글이 악플이 아니라 생각하시는 것도 신기하네용,True,@ssswux
@이호석-y4n,"야 댓글좀 그만달아 ㅋㅋㅋ 진짜 방구석 피해의식 쩔어가지고 불쌍해죽겠네 거울이나 좀 보고말해라 제발,,,",True,@ssswux
@YUSUNFlower,와... 이런걸 열등감이라 하는거군...<br>악플 좀 그만 달아요ㅋㅋㅋㅋㅋㅋㅋㅋㅋㅋㅋㅋㅋㅋㅋㅋㅋ,True,@ssswux
@kimgeropsych,우와 100초에 그 단어들이 적절히들어가는 문장을 다 만들어서 다 외울수있는게 정말 비범하네요!,False,
@Asdfg-rm9li,:; 아니 외우려면 문장을 만들어여되는데<br>그게 안되는데요..? 영재의<br>세계는 다르구나..,False,
@갭상,나 뇌섹남 좋아했네...,False,
@user--resu,근데 유연이 소속사에서 어렵게 기회 잡은 걸텐데 열심히 좀 하지ㅜㅠㅜ적극적으로다가;;;,False,
@이시현-i2z,이 영상에서만 안보이지 딴영상에선 재밋암,True,@user--resu
@user-dd9is1jh4k,허성범 그냥 영재 인증이네 ㅁㅊㅋㅋㅋㅋ,False,
@RebeccaEarth,그놈의 ㄱ글 에서 벳프리 댓글 ㅈ 나많네 그렇게죠 좋은가보지 보러여갈기까?댓ㅋ글 왜이럼 ㄷㄷ ㄱ글 에서,True,@user-dd9is1jh4k
@HiroSanu,모두 다 샤라웃 ㅋㅋㅋㅋ 연말에 백화점 한번 가야줘 ? 롤지노 ㅎㅎㅎ,False,
@ChloeDArcy-Irvine,24시 연중무휴에 대한 페이지 여기는 롤지노,False,
@近江谷美月,롤지노의 계략에 우리는 모두 한마음 한민족이 되어서 따보자,False,
@JesseEmmett,앞으로 장차 10년은 롤판이 해먹을듯? 인공지능 게임이 나오지 않는 이상 롤지노,False,
@อัศวพลบุรําพะเว,롤지노 솔직히 이것이 맛떡이다 롤지노,False,
@森平拓海,앞으로는 이것이 대세가 될 것이다 그것은 바로 롤지노 롤지노,False,
@NicholasSchaaf,내가 처음 애니비아로 미드를 점령하던 시절이 있었지 ㅎㅎ 애니비아를 ª롤지노ª에서 가르쳐주더라구요,False,
@BriannaDuncombe,",롤지노, 어짜피 말로만 백번 떠들어도 한번 눈으로 보면 모든것이 달라집니다",False,
@TaijiToda,삼성주가는 하락세 롤지노 주가는 상승세,False,
@TabitoMaeda,도파민 터지는 소리가 롤지노 에서 부터 들리기 시작합니다.. 다함께 차차차,False,
@YuuhoUchiumi,억까 없이 정정당당한 롤지노에서 다양한 게에임 을 즐겨 보도록 해봅시다 ㅎㅎ,False,
@RebeccaN.Rodriguez,벌써 연말이 다가오고 있습니다… 2024년 은 롤지노 에서 마무리 해보는건 어떨까요 ??,False,
@津上健三,일안해도 통장에 타박타박 꽃히는 소리 너무잘들리쟈냐 럭키비키.. 롤지노,False,
@ArcherByles,제 인생을 롤지노를 시작하기 전과 시작하기 후로 완전히 바뀌었습니다.. 감사합니다 롤지노,False,
@蛭川和子,롤지노가 굉장히 타이트해요… 이스포츠가 킥입니다 킥… 롤드컵 우승은 st킥1,False,
@HunterClapp,자랑하기 싫어도 저절로 자랑이되는 나의 자부심 롤지노 서두르지말고 천천히 오세용,False,
@HomikaFukuda,재미면 재미 보안이면 보안 아주그냥 갖출건 다 갖춘 갓벽 그잡채… 롤지노..,False,
@SiennaCramsie,요네 이타 장전하고 r 쓰고 한명 잡은다음에 바로 롤지노 키고 베에엣팅 슈웃!,False,
@軍司陽子,잘익은 김치 같은 야무진 저희 롤지노… 함께 즐겨 봅시다 혼자먹긴 너무 배부르거덩요,False,
@本名凛,롤지노 님은 생존하셨습니다… 밤티라미수 급 달달한 롤지노 같이 머거용,False,
@คมกล้าคชพรหม,지울수 없는 기억.. 생생합니다. 저희 롤지노 에서 완벽한 추억을 선사할 예정입니다…,False,
@อัศวิทย์โสภาศรี,이번에도 어김없이 T1 우승각이 보이네요 ? 더 자세한 정보는 .롤지노.,False,
@진혁우-i8k,"<a href=""https://www.youtube.com/watch?v=So7-M01JDoM&amp;t=724"">12:04</a> 미미미누 미쳤냐곸ㅋㅋㅋㅋㅋㅋㅋㅋㅋ",False,
@진혁우-i8k,와 신동 춤 개 잘추네,False,
@vlfxhd1515,인정 ㄷㄷ,True,@진혁우-i8k
@앗차거-f7b,다들 멋있다잉,False,
@perfec2man,그걸 어떻게 외우냐고!!,False,
@tpalssla,잘생기긴했네. 진짜 강사로 진출하면 현우진까진 아니더라도 엄청섬공할거같은데,False,
@Skapap,그냥 잘생긴 수준이 아닌데? 웬만한 남돌 ㅆ바르겠는데,True,@tpalssla
@찐-w3u,한바탕 웃었네요~~경훈❤❤❤❤❤❤❤❤🎉🎉🎉🎉🎉🎉🎉,False,
@쉬엄쉬엄살자-s2l,….넘어갈게요,False,
@앤트런,미누는 예능 영재지...아형 결원 생기면 고정 강추지!!,False,
@김동현-w1v,마산1티어 ㅋㄱㄹㅋㅋㅋ,False,
@maniaping,이장원씨 왤케 해리포터생각나지 ㅋㅋㅋㅋㅋㅋㅋㅋㅋㅋㅋㅋㅋㅋㅋㅋㅋㅋㅋㅋㅋㅋㅋ,False,
@Q0O0QOQ,공부도 운동도<br>다른 특기도<br>타고나는 노력으론 안되는<br>차이는 있음<br>죽어라 해도 일등 못 하는<br>공부 운동 <br>안타깝지만 그또한 현실<br>노력은 배신하지 않는다<br>격이 같은 존재들끼리 경쟁할때의<br>이야기임<br>적성과 재능에 맞는걸<br>타고났고 노력이라는 열정이 만났을때<br>일등 국대 등이되는거죠<br>재능 없는 내가 타고난거 없는<br>내가 죽어라 농구했다고<br>연대 특기생도 국대도<br>기록이 말해주는 레전드 선수가 되지못함<br>현실직시 하길,False,
@user-vw6zr3fv4u,ㅋㅋㅋㅋㅋ 진짜 ㅈ되긴한다,False,
@nana_ppong3478,와 100초안에 어떻게 저걸 다 외우지..? 그것도 문장을 만들어서 장면을 그린다는 것 자체가 개똑똑함 난 애초에 저  단어들로 문장 만드는데 100초 걸릴듯,False,
@RowenaZelda-z8i,ㅋㅋㅋㅋㅋㅋ ㄱ글 에서 벳프리 모솨서 잼민이 발정났누?,True,@nana_ppong3478
@PhyllisShamus,ㄱ글 에서 벳프리 보고 나면 다낵질 보충제 한사발 빨아야 한다는데 사실인가요??,True,@nana_ppong3478
@DianeLarissa-s2n,ㄱ글 에서 벳프리 보고 나면 다낵질 보충제 한사발 빨아야 그한놈다는의 데 ㄱ사글실 인에가서요 ?벳프ㅋ리 댓글 ㅈ 나많네 그렇게,True,@nana_ppong3478
@RebeccaEarth,ㄹㅇ ㄱ글 에서 벳프리 보면 다른거 눈에도 안들어옴 그냥헬 창다시들보도면  ㄱ글되 니까에 서개 벳이프득임리  ㅋ보ㅋ면ㅋ ㅋ근 육 다빠진다며 ㅋㅋㅋㅋㅋㅋ,True,@nana_ppong3478
@DependableRuth,ㄱ글 에서 벳프리 진짜 보다보면 빠져든다 라이브에 수위도좋고 외모ㄱ글도  에좋서고  삼벳박프자리  보지느렀라으 ?눈밑에까지 다크써클 들어옴,True,@nana_ppong3478
@전민기-o7j,역시 이순신보다 이명박을 존경한다는 미미미누 사랑해 ~,False,
@calmcrowman,ㅋㅋㅋㅋㅋㅋ진짜 옴브리NEW 개웃기네 ㅣㅋㅋㅋㅋ,False,
@할리찡,허성범 진짜 사기캐네 ㅋㅋㅋㅋㅋ 화나 ㅋㅋㅋㅋㅋㅋㅋㅋㅋㅋ<br>개부럽 ㅋㅋㅋㅋㅋㅋㅋㅋㅋㅋㅋㅋㅋㅋ,False,
@꾸리-d3p,ㅋㅋㅋㅋㅋ옴브리뉴추는거 진짜😂😂,False,
@jhjhjh-pj6lo,ㅅㅂ 이게 뭐야 이게 어떻게됨,False,
@태어난김에연예대상,허성범 오지게 잘생겼노,False,
@우리엄마에게하는말,씨엔블루 느낌,True,@태어난김에연예대상
@Shavin.,이래도 세상이 공평해?? ㅡㅡ,True,@태어난김에연예대상
@Rosa-gf9hr,와... 똑똑유전자존부럽 ㅜㅡㅜ,False,
@Couchpotato-s5e,"<a href=""https://www.youtube.com/watch?v=So7-M01JDoM&amp;t=1456"">24:16</a> ㅇㄴㅋㅋㅋㅋㅋ미칫네 ㅋㅋㅋㄱ이게 뭐냐곸",False,
@fighting337clap,ㅋㅋㅋㅋㅋㅋ,True,@Couchpotato-s5e
@DHL-vv6rv,방심하다가 터졌네 ㅋㅋ,True,@Couchpotato-s5e
@카이-v5r,ㅈㄴ웃기네 ㅋㅋㅋㅋ,True,@Couchpotato-s5e
@qwdddw,"<a href=""https://www.youtube.com/watch?v=So7-M01JDoM&amp;t=1243"">20:43</a> 아빠가 틱톡찍는거 몰래 본 기분이네",False,
@촤용,ㅋㅋㅋㅋㅋㅋㅋㅁㅊ,True,@qwdddw
@레몬나르고빚갚으-p3l,근데 의외로 포인트 잘 찝음,True,@qwdddw
@Mi-fh7dm,아웃겨쥭을거같아요 ㅠ,False,
@nswer_kyujin,진짜 미미미누 아형 고정됐으면 좋겠다,False,
@최용멍,왜 자꾸 콘텐츠를 콘텐트라 하시는지….<br>문맥상으로도 표기상으로도 콘텐츠가 맞지 않나요?,False,
@하늘나들이,좋은 지적이네요 한번도 아니고 3번이나 표준어도 아닌데,True,@최용멍
@Seung-q4y,제가알기론 원래 콘텐트가 맞는거라고 알고있는데 아닌가욤? 콘텐츠는 내용물 같은걸 지칭하는걸로 아는데,True,@최용멍
@right-h2i,"일반적으로 콘텐츠는 영어 발음을 기준으로 한 외래어 표기이며, 디지털 미디어,방송,영화,게임 등의 문맥에서 주로 사용하는 데 콘텐트는 영어 원어 발음에 가까운 표기이고, 주로 학술적이나 문어적인 표현에서 간혹 보이는 거여서 둘 다 사용해도 상관은 없어요 일본식은 아닙니다",True,@최용멍
@우리엄마에게하는말,일본이면 뭐 어때 ? 나라차별?,True,@최용멍
@우리엄마에게하는말,미국은되고 일본은 안됨? 미국빠임?,True,@최용멍
@rpdokjil,"<a href=""https://www.youtube.com/watch?v=So7-M01JDoM&amp;t=217"">3:37</a> 수능특집에서 전학생 포함 기억력 2등한 형님학교의 자랑💙김희철<br><a href=""https://www.youtube.com/watch?v=So7-M01JDoM&amp;t=970"">16:10</a> 티어로 이겨서 행복한 사람들(+강호동)",False,
@Eunjinny09,얼굴 존잘에 뇌섹남 ㅋㅋㅋㅋㅋ 하..,False,
@쪄니럿이,미미미누가 최고야 누가 뭐래도 최고최고👍🫶,False,
@Haveonefoot,조합 너무 좋음<br>허성범 미미미누 사랑한다,False,
@Claire_shlee,"아 ㅆㅂ ㅋㄹㅋㅎㅋㅎㅎㅋㅎㅋㅎㅋㅎㅋㅎㅎ <a href=""https://www.youtube.com/watch?v=So7-M01JDoM&amp;t=1249"">20:49</a> 에 우리영어 원장쌤 같아 ㅜㅜㅜㅋㅎㅋㅎㅎㅋㅎㅋㅎㅋㅎㅋㅎ",False,
@태연-e6u,"<a href=""https://www.youtube.com/watch?v=So7-M01JDoM&amp;t=886"">14:46</a> 아닠ㅋㅋㅋㅋㅋㅋ왜 웃기냨ㅋㅋㅋㅋ쿠",False,
@박정우-g3s,100초 30단어 암기는 진짜 신계네..,False,
@Iooxocc,미누 콘텐츠좀 보고와라,False,
@user-xf7ro1zt9n,신동 옴부리뉴 미쳤네 ㅋㅋㅋ 릴스에서보다가 신동꺼보니까 죽이네 ㅋㅋㅋ,False,
@Yeobiiiii,ㄹㅇ 이게 옴브리뉴지 ㅋㅋㅋㅋ,True,@user-xf7ro1zt9n
@kevinl4851,대학전쟁에서는 솔직히 아쉬웠는데 엘리트는 맞네. 다만 너무 야망을 대놓고 드러내는 타입이라 탈이 나지 않게끔 조절을 잘했으면함. 앞으로 다른데서도 많이 보였으면,False,
@Daehakgaza08,이게맞는듯 ㅎㅎ,True,@kevinl4851
@user-cookiejar,아니 나 이 댓글 딴 데서도 봤는디ㅋㅋㅋㅋ 똑같은 댓글 달고 다니시면 안 피곤하세요...? ㄹㅇ 궁금하다,True,@kevinl4851
@kevinl4851,​@@user-cookiejar딱 2번 썼는데 유튭 많이 보시나봐요 😅,True,@kevinl4851
@kevinl4851,​@@user-cookiejar지난 시즌에 카이스트 응원했는데 아쉬운 마음이 컸어서요,True,@kevinl4851
@user-sunny_simpathyize,​@user-cookiejar ㅋㅋㅋㅋ,True,@kevinl4851
@gingeryoongisupremacy7826,heo sungbeom❤,False,
@kanadetan3818,번역하니까 좀 이상한데? ㅋㅋㅋ,True,@gingeryoongisupremacy7826
@yunaremyday,"<a href=""https://www.youtube.com/watch?v=So7-M01JDoM&amp;t=571"">9:31</a> 박수치는 거 넘 귀여움 ㅋㅋㅋㅋㅠㅠㅠㅠ",False,
@user-wc5jw2og3j,"<a href=""https://www.youtube.com/watch?v=So7-M01JDoM&amp;t=635"">10:35</a> 민경훈.침투력. 오져꽄ㅋㅋ",False,
@JMY_soultimer,"<a href=""https://www.youtube.com/watch?v=So7-M01JDoM&amp;t=1470"">24:30</a> 트리플에스 다 같이 왔으면 하는 이수근. 그런데 교실 세트장에 24명<br>다 들어가기 힘들어서 야외에서 해야 될텐데..?",False,
@dooooong_715,nct도 몇명만 부르자나요,True,@JMY_soultimer
@nct_127_dream_wish_wayv,​@@dooooong_715nct로는 나온 적이 없어요,True,@JMY_soultimer
@JMY_soultimer,@dooooong_715  8명만 불러야 할 듯. 형님들 인원에 맞춰야 하니...<br>24명 부르는 건 특집 때나 다 부르고.,True,@JMY_soultimer
@사람-h3q4z,개똑똑하네..,False,
@푸팟퐁커리-v9g,"<a href=""https://www.youtube.com/watch?v=So7-M01JDoM&amp;t=917"">15:17</a> 미누 입틀막 귀여워",False,
@qf4my,왜웃지? 해서 입틀막 ㄱㅇㅇ,True,@푸팟퐁커리-v9g
@apaptgd,대학전쟁에서 허성범 진짜 엄청났었는데 ㅋㅋㅋㅋ 진짜 천재구나 느꼈음,False,
@kevinl4851,정현빈한테 정리당하지 않았나? 허성범 똑똑한건 맞는데 대학전쟁에선 별 활약 못하고 광탈했잖어 ㅜㅜ,True,@apaptgd
@Daehakgaza08,​@@kevinl4851 거긴 천재들밖에없으니까 ㅎㅎ,True,@apaptgd
@지뉴-k8i,솔직히 팀 운도 중요해서 허성범이 정현빈 대신 서울대 멤버들이랑 있었어도 우승 가능했을 듯?<br>개인전으로 했어도 탑5 안에 듦 백퍼,True,@apaptgd
@guninimisida_,성범이 연대 무시하다가 처발리고 집갔잖아 ㅋㅋㅋㅋ,True,@apaptgd
@pamyou6291,​@@지뉴-k8i거기 정현빈과 아이들이었는데 뭔소리 ㅋㅋ 허성범 똑똑한건 맞는데 너무 올려치지는 말자,True,@apaptgd
@user-te9cu8oc5x,진짜 대단함,False,
