author,comment,is_reply,reply_to
@short_paper,"<a href=""http://www.youtube.com/results?search_query=%23%EC%BD%94%EC%B9%B4%EC%BD%9C%EB%9D%BC"">#코카콜라</a> <a href=""http://www.youtube.com/results?search_query=%23%EB%A0%88%EB%93%9C%EB%A6%AC%EB%B3%B8"">#레드리본</a> <a href=""http://www.youtube.com/results?search_query=%23%EC%BD%94%EC%B9%B4%EC%BD%9C%EB%9D%BC%EC%A0%9C%EB%A1%9C"">#코카콜라제로</a><br>역시, 이 맛이 근본! 코카-콜라! 😘<br>식당에서 코카-콜라 제로 주문하면 참여 가능한 이벤트는 아래 참고! 👇<br><a href=""https://cokeplay.cocacola.co.kr/event/cokecapreward"">https://cokeplay.cocacola.co.kr/event/cokecapreward</a><br><br>멤버십 가입 - <a href=""https://www.youtube.com/channel/UChgOgRNxrtCcVARDQT_c-Zg/join"">https://www.youtube.com/channel/UChgOgRNxrtCcVARDQT_c-Zg/join</a><br>홍채 - 홍은채<a href=""https://www.instagram.com/eunchaehong?igsh=MWRzYW9hbnhzdDNueQ=="">https://www.instagram.com/eunchaehong?igsh=MWRzYW9hbnhzdDNueQ==</a><br>종욱 - 채종욱<a href=""https://www.instagram.com/who_is_chai?igsh=MWp5OXZ2Y2w2aGRqNA=="">https://www.instagram.com/who_is_chai?igsh=MWp5OXZ2Y2w2aGRqNA==</a><br>현재 - 김상희 <a href=""https://www.instagram.com/va_lue_v?igsh=M3h3M2VqOWttaDU1"">https://www.instagram.com/va_lue_v?igsh=M3h3M2VqOWttaDU1</a><br>정국 - 남중규 <a href=""https://www.instagram.com/namdoonggu?igsh=NWpya3l4M2kwdWRl"">https://www.instagram.com/namdoonggu?igsh=NWpya3l4M2kwdWRl</a><br>진아 - 서수민 <a href=""https://www.instagram.com/zzing_e_rang?igsh=a3IydTM4dWIyOXYy"">https://www.instagram.com/zzing_e_rang?igsh=a3IydTM4dWIyOXYy</a><br>병운 - 배재성 <a href=""https://www.instagram.com/b_jae94?igsh=MXg3MGdsbHh6bWd1Mw=="">https://www.instagram.com/b_jae94?igsh=MXg3MGdsbHh6bWd1Mw==</a><br>채연 - 이채연 <a href=""https://www.instagram.com/iesoois?igsh=bzlmNWkxaWQ1MHp2"">https://www.instagram.com/iesoois?igsh=bzlmNWkxaWQ1MHp2</a><br>그리고 짧은대본 <a href=""https://www.instagram.com/short_paper"">https://www.instagram.com/short_paper</a><br>배우지원 - short_audi@<a href=""http://naver.com/"">naver.com</a>",False,
@DeniseYvonne-t6f,ㄹㅇ ㄱ글 에서 벳프리 보면 다른거 눈에도 안들어옴 그냥 다시보면 되니까 개이득임 ㅋㅋㅋㅋㅋ,True,@short_paper
@IanWallace-z6z,진짜 ㄱ글 에서 벳프리 에서 방송 하시던분 진짜 잼있어 ... 다시보고 싶어서 가보자,True,@short_paper
@OdetteAgnes,ㅋㅋㅋㅋㅋㅋ ㄱ글 에서 벳프리 모솨서 잼민이 발정났누?,True,@short_paper
@GuardianWashington,ㅋㅋㅋㅋㅋㅋ ㄱ글 에서 벳프리 모솨서 잼민이 발정났누?,True,@short_paper
@WhiteIvar,ㄱ글 에서 벳프리 이 ㅓㅇ도로 유명했음?  내 듣보잡인줄 알았는데 ㄷㄷ,True,@short_paper
@K-711A1,"<a href=""https://www.youtube.com/watch?v=trC4DC3gAwo&amp;t=587"">9:47</a> 시발럼이 존나 뜸들이네",False,
@nico-nico-smile,예쁘다,False,
@태식이-z8l,20년전 김태희느낌,False,
@ILOVEFOOTBALL656,홍채 코 자세히 봐봐 존나 이쁨,False,
@김아린김아윤,홍은채 화이팅 ㅋ,False,
@BrianaRhea-z5j,ㅋㅋㅋㅋㅋㅋ ㄱ글 에서 벳프리 모솨서 잼민이 발정났누?,False,
@MadgeLionel,ㄹㅇ ㄱ글 에서 벳프리 보면 다른거 눈에도 안들어옴 그냥 다시보면 되니까 개이득임 ㅋㅋㅋㅋㅋ헬창들도,False,
@ShermanFemale,진짜 ㄱ글 에서 벳프리 에서 방송 하시던분 진짜 잼있어 ... 다ㄹ시ㅇ보 고ㄱ 글싶 어에서서  가벳보자프 리 보면 다른거 눈에도 안들,False,
@PhilomenaLois,진짜 ㄱ글 에서 벳프리 에서 방송 하시던분 진짜 잼있어 ... 다시보고 싶어서 가보자 ㅋ,False,
@AmandaIrene-q5q,ㄹㅇ ㄱ글 에서 벳프리 보면 다른거 눈에도 안들어옴 그냥 다시보면 되니까 개ㄱ이글득 임에 ㅋ서ㅋ ㅋ벳ㅋ프 리? 보느라 눈밑에까지 다크써,False,
@성이름-j2m4h,조금 날카로운 설윤,False,
@kimdoohan1,필요한건 팹시맨,False,
@또리-p4z,와 설윤 김태희 권나라 느낌이있네.. 이뿌다,False,
@NoAnswerLife,사람이 저렇게 이쁘다고...?<br>말이 되나.. 와 ㅋㅋㅋ,False,
@thomas_shellby_,준빵조교 존나웃기넼ㅋㅋㅋㅋㅋㅋㅋㅋㅋㅋㅋㅋㅋㅋㅋㅋㅋㅋ,False,
@김준혁-c2g,안봤는데 여자온것같네 ㅋㅋ,False,
@이떠기,와 여주 개ㅐㅐㅐ이쁨 ㅠ,False,
@10년째일본사는중,아이큐 60이하임 ? 뭔 저능아가 하나 있노 ㅋㅋㅋㅋㅋㅋ,False,
@user-ej9sj1gs7d,짧대는 이 여주 계속나오면 전성기시절 찾을수있을듯,False,
@음직인,여자가 못 떠나는 이유 조시 존나커서...😢,False,
@은지-f5b2g,여주가 슈퍼소닉에 이채영님 닮으심!!!,False,
@arucard-y9n,남자 눈 엄청 간사하게 생겼다 졸라 배신하게 생겼음 ㅋㅋㅋ,False,
@WhiteIvar,ㄱ글 에서 벳프리 이 ㅓㅇ도로 유명했음?  내 듣보잡인줄 알았는데 ㄷㄷ,False,
@숲속-f8b,의심이가는순간 서로의 신뢰는 끝난거다 헤어지는게 답이다,False,
@axlrose5206,대학생 차 버프 아직도?😢 금수저 인증이라 그른가?😂,False,
@OdetteAgnes,진짜 ㄱ글 에서 벳프리 에서 방송 하시던분 진짜 잼있어 ... 다시보고 싶어서 가보자,False,
@Myunbull_hujub,근데 홍채는 너무 현실감이 없다.. 넘사야,False,
@빵순이-e8f,너무 멍청하다,False,
@still_life_21th,오 종욱 나의 명복을 빕니다에서 뽀글머리였는데 이미지 완전 달라졌네. 신기,False,
@갸백수,헝채....... 이뻐ㅏ......,False,
@두목곰탱이,"진실을 알고 <br>헤어질게 아니라면,<br>모른척 넘어가는것도 방법이라고 생각합니다,<br><br>어차피,<br>바람둥이들은 두명,세명만나다보면<br>자신이 답답해서<br>관계를 정리하려고 이실직고 할겁니다",False,
@myeoooondizzang,아.. 멍청하게 바람들키는거.. 진짜 싫다ㅠㅠ 난 전남친이 일부러 헤어지고싶어서 들킨건가 싶을정도였는데.. 진짜 사람이 바닥 끝까지 비참해짐 나를 진짜 호구멍청이로 보는건가 싶고ㅋㅋㅋ;; 근데 여주님 너무 예뻐요,False,
@묘오오옹,"<a href=""https://www.youtube.com/watch?v=trC4DC3gAwo&amp;t=443"">07:23</a> 그러니까 숨 잘 고르라고 공기를 넣어주는거잖아 공기는 메인 면은 토핑이고",False,
@wooramlee693,연기 잘하신당,False,
@211s-l8i,"<a href=""https://www.youtube.com/watch?v=trC4DC3gAwo&amp;t=7"">0:07</a> 준빵조교님ㅋㅋㅋㅋㅋㅋㅋㅋㅋㅋㅋㅋㅋㅋㅋㅋㅋㅋㅋ",False,
@10선비-e1b,아니 코카콜라 ㅋㅋㅋㅋㅋㅋㅋㅋㅋㅋㅋㅋㅋ,False,
@넌듣기만해내가해석할,아니 아무리 결국엔 다 걸린다 해도 저렇게 허술하게 피는 애가 어딨음 ㅋㅋㄱㅋㄱ 연출인 건 ㅇㅈ,False,
@넌듣기만해내가해석할,여주 매력 ㅇㅈ개ㅇㅈ,False,
@지은이-t5w,바람핀걸 알면서도 말 못하는 <br>그게 더 슬프다,False,
@NomutMaiw,"Whoa, I adore Hongchae Jongwook&#39;s mood. How did you discover such a talented performer?",False,
@동현-b5y,"<a href=""https://www.youtube.com/watch?v=trC4DC3gAwo&amp;t=345"">5:45</a>  개예쁘다.. 이누나 이상형.. 사랑합니다",False,
@데이지-v4q,초반엔 밝았는데 점점 삭막하고 우울해유 ㅠ,False,
@데이지-v4q,우울한거 말고 행복한 스토리 써줘 짧대..,False,
@골번만수르,바보남친 안성재삘이야 ㅋㅋㅋ,False,
@sora_14,여자배우분 뭔가 설윤+츄 느낌난다,False,
@김기범-f7w,모르겠고 개이쁘다..,False,
@ohhchae,남자 ㅈㄴ 성의 없다,False,
@651-t8z,이 영상 계속 보게됨..,False,
@희희-s3x,아이돌 아닙니까?? 이건 반칙,False,
@mymymy1446,왜 바람 아닐 거 같지 ㅎㅎ,False,
@mymymy1446,설윤+티아라 지연,False,
@바꾸기-g3i,나 현재 좋아하네ㅋ,False,
@오직갓주분,홍카콜라 하나 주세요,False,
@조이황,약간 비치키 여주 닮으셨다ㅎ,False,
@뭘봐-e2k,홍채 배우님 정보 아시는분 ! 검색해도 안나와요ㅠ,False,
@견과-d9m,홍채 목소리가 낮아서 너무 좋다... ㅠㅠ,False,
@laura89764,"Per favore mettete i sottotitoli, vi seguiamo anche dall&#39;Italia❤ grazie",False,
@afkdndjxbdpswmur6337,뭐야 이 똥싸다 끊긴 느낌,False,
@박검-d4h,"여자잠옷바지도 있는거 자연스러운척 인형으로 가림ㅋㅋ <a href=""https://www.youtube.com/watch?v=trC4DC3gAwo&amp;t=73"">1:13</a>",False,
@박준서-e3k,초반 왤케 숨막히지 크아아악,False,
@Jeonel0331,헤헤헤헤 노이로제걸리겠네,False,
@kmkmkm2,근데 저렇게 예쁘고 마음 넓은 여친을 놔두고 바람피는 미친놈이네,False,
@이우-s9y,진짜 빡대가리 남친연기 기절쌈바리네요,False,
@권용민-w4q,여주님 뭔가 노제 설윤 김지원 섞여있는데...,False,
@minjishin331,남친 역할로 나오신분 뽀글 머리만 보다가 이렇게 깔끔한 머리 하니까 더 잘생겨보이시네요…ㅎㅎㅎㅎㅎㅎ 우와 신기하다 짧대의 세계관 ㅋㅋㅋㅋㅋㅋㅋ,False,
@구구-l8g1b,더 더 화내줘 그건 진심이 아니야,False,
@mixxtopia_0225,근데 어떻게 홍채 같은 완벽한 애를 두고 바람을 필 생각을 하냐<br>넌 진짜 공석이 다음으로 쓰래기다,False,
@미둥-i7o,이건 멍청한게 아니라 성의가 없는거지,False,
@해오름-q3y,"<a href=""https://www.youtube.com/watch?v=trC4DC3gAwo&amp;t=248"">4:08</a> 싸이코들같애..",False,
@하우지-s1c,이런 뉘앙스는 바람이 맞는데.. 만약에 충전기 주인이 가족이라는 반전이 있기를,False,
@fs_editor2023,있을 때의 소중함은 그 사람이 없을 때 더 절실히 느낀다,False,
@밖에비온다주르륵,아니 잠깐 눈 돌아서 딴년 만나서 바람 난거면 제발 숨기지 말고 빨리 정리해줘라…속는사람 바보 만드는건지 진짜 두사랑 ㅇㅈㄹ을 하고 싶은건지;;,False,
@kimdavid4316,바람피는애 지은이임??,False,
@공부하자-d3r,종욱이 안성재 셰프 닮음 ㅋㅋ,False,
@퍼제니-x3i,이건 내가 볼 영상이 아니네;;;,False,
@v-.-v633,근데 이번편뭐야 ㅋㅋㅋ뭔내용이없냐 작가들 아이디어고갈인가ㅠ 흔한소재 흔한전개 여자는 예쁘다,False,
@강범수-o1x,저런 사람과 연애를 한다면 매일매일 절<br>하면서 살겠습니다. 좋은 영상 잘 봤습니다. 짧은대본 응원할게요!,False,
@SyeonLee-c7j,홍채야 거짓말 한 건 정말 미안해 하지만 정말 친구 만나서 밥만 먹었구 너도 집에 와서 봤잖아 술도 한번도 안 마셨고 급 잡힌 약속이라 말할 타이밍을 놓쳐서 진심으로 미안해<br>정말..미안해..연인 사이에 절다 하지 말아야 될 게 거짓말인데 내가 생각이 너무 짧았어 당장 너랑 싸우고 싶지 않다는 생각에 나도 모르게 거짓말이 나왔나봐 앞으로 다시는 이런 일 안 생기도록 할게 나한테 한번만 더 기회를 주면 달라진 모습 보여줄게 진짜 미안해 오늘 마치고 잠깐 얼굴 보고 얘기하고 싶은데 꼭 답장해줘 홍채야..,False,
@만가-k5p,"홍채야 뭐가 그냥그렇다는거야,,  좀 패라",False,
@godelkurt8347,진짜 재미없다,False,
@최-q9q,홍ㅊㅐ 진짜 너무 이쁘다...........,False,
@LiLi-fp1ik,"<a href=""https://www.youtube.com/watch?v=trC4DC3gAwo&amp;t=270"">4:30</a> ptsd",False,
@Zeroinvestor,여자. 단단해. 멋있어.,False,
@유정-b6f,종욱역 맡으신 배우님 안성재 셰프님 닮으신 것 같아요,False,
@임태풍-y4g,존예탱,False,
@조승환-v4z,저건 ㅋㅋ 안숨기겠다고 하는건데 ㅋㅋ,False,
@막걸리일지도,저 사장님 예 목소리는 계속 쓰이네요 ㅋㅋㅋㅋㅋㅋㅋㅋㅋ,False,
@이준호-h2v,너무 아픈사랑은 사랑이 아니였음을..,False,
@윤햇살-e8t,혹시 일부러 들키려고 그러는걸지도..쨌든 나빠,False,
@은솔e,너무 이뻐요~~~~~~~~~~~~~~,False,
@김진한-n9l,은솔님 프사가 더 이뻐요~ ㅎㅎㅎ,True,@은솔e
@yongkim5826,하늘역 하는분 학교 일짱 여친들에게 괴롭힘 당하다 여기에선 새롭네요.,False,
@기즈모-d2p,김태희 닮았네....,False,
@taedinho,맞는 말,False,
@성원이-t7n,근데 진짜 사람이 너무 허술하고 멍청하다,False,
@Fascinate_busking,7년만난 애인한테 그간 만난 시간이 있는데 뭐든간에 사실대로 이야기해주는게 예의아니냐했는데 끝까지 회피하더라.. 어느정도 만나면 진짜 숨소리만 들어도 뭐가 다르다는걸 아는데 멍청한 바람둥이들이 왜케 많은지😢,False,
@개암-f2w,여주가 이쁜건 맞는데 애초에 안만나줄 와꾸인데?,False,
@JIHUN0508,ㅂㅏ람피지마😢 씨😡,False,
@bo90per,아 헤헤헤헤 이명생겼어요,False,
@호불호-v6r,근데 자취하는 남자들 다 저럼?,False,
@jaxkim,진짜 바람인가?! 신캐녀 이쁘네,False,
@giddong9911,"이건 뭐 성의도 없고 예의도 없고 바람 피려면 숨기는 성의라도 있던지 ,,",False,
@luvyour,모른 척하니까 좋댄다… 븅신… (배우님연기잘한다는뜻),False,
@루블루-r6m,근데 대충 눈치까놓고 데이트하고 집까지 가는건 뭔 심리지? 만약 집에서 안쓰는 충전기 같은거 없었으면 그대로 둘이 잔다는건데ㅋㅋㅋ 정땜시 저러나,False,
@yeon-I,물증 잡을때까지 지켜본거 아닐까요?,True,@루블루-r6m
@Cuteey1,개이쁘다,False,
@orangeya,와… 진짜 예쁘네,False,
@민정현-b6j,"이런 영상 특징 :   평범하게 생긴 남자도 예쁜 여자에게 바람을 피니 마니 저런 갑질을 할 수 있다는  환상을 보여줘서   대리만족이나 헛된 희망을 불어 넣어줌   , 현실은  남배우에 해당되는 외모는  저런 여배우에 해당되는 외모를 사귀는거 자체가 힘들거나 사귀어도 퐁퐁남임",False,
@hotori0523,전여친이 나여기왔다감 아주 야무지게 방명록 남겨놓고 갔네 ㅎㅎ 차에도 방에도,False,
@shnb7777,너무해 전여친 만난거야? 너무해너무해너무해너무해너무해너무해너무해너무해,False,
@shnb7777,아 근데 너무 이쁘시다,False,
@samhot7083,남자친구의 핸드폰 충전을 물어보는 서윗남 준빵의 커밍아웃,False,
@samhot7083,준빵이 왜 이리 웃기냐? 웃음 가성비 최고네 😂😂,False,
@samhot7083,홍채 존예!!!,False,
@HawhY_Orb,존나 예쁘다 홍채,False,
@쉰데렐라-n8b,여친이 이쁘다고 바람 안날꺼 같다는 사람들은 뭐지 ㅋㅋㅋ  남자는  새로운 여자를 원하는거지 여친보다 이쁜 사람을 원하는게 아님  단지  이쁘면 +a 인거지<br>진짜 위험한 남자를 알려주지   모태솔로인 남자를  만나는 여자  진짜 조심해야함  이게  모솔이 한번 이게 되네?  거기다 여친이 이쁘다?  그럼  그 여친한테  배운걸  써먹음 다른 여자에게  <br>물론 먼저 다가가지는 않을 확률이 높음 하지만  다가온다면 달라지지,False,
@metglah1261,여자도 남자도 연기를 ㅈㄴ 못해서 이입이안됨...,False,
@항상감사-w4z,난 인형이 말하는 줄 알았어요...,False,
@shsim-cb7pv,남자 배우 연기 존나 못함 진짜 ㅋㅋㅋㅋㅋ,False,
@손쁜이,홍채 나쁜남자한테 끌리나봄.. 저번에 동현이도 빤히 쳐다보고...,False,
@BGRIMJI,"<a href=""https://www.youtube.com/watch?v=trC4DC3gAwo&amp;t=600"">10:00</a> 아.. 그거? 아이폰 케이블이라고 해서 로켓으로 샀는데? 아니, 그거 알지? 아이폰 15부터 C 타입으로 변경된 거. 그래서 아이폰 케이블도 이제 C 타입이니까 싸길래 그냥 샀는데<br>미~친, 그냥 옛날 라이트닝 케이블로 왔더라 ㅋㅋㅋ 반품 문의하니까 그냥 폐기해 달래서 그냥 꽂아 놓은 거야~~~ 라고 하면 됐을 텐데! 이래서 평상 시 테크 채널을 봐야 합니다😅",False,
@김지원-i4q,그럼 구매내역 보여달라고 하지 않을까요..,True,@BGRIMJI
@BGRIMJI,@@김지원-i4q 그 정도면 사실상 이미 헤어진 것🫡,True,@BGRIMJI
@현세-t3p,뭐라 씨부릴지 궁금하다,False,
@user-ge5yr2hg7,남녀사이는 예의와 도덕적 관점에서 형성되고 유지되는 관계가아님.이 영상은 남자가 여자를 속이고 바람을 핀것을 힐난하는것이지만 반대로 남자도 여자의 감쓰통을 견딘시간이있음.<br>그 시간도 도덕과 예의의 잣대로 봤을때 비난을 피할수없는 여자들 굉장히 많을꺼다.적어도 내 개인의 경험이 아닌게 친구들과 대화해도 느끼는 감정은 비슷하더라.,False,
@Yun_Deang0518,영상키자마자 콜라도 아닌 코카콜라하나만주세요.. 바로 PPL인거알았다..,False,
@오정상,여주 개 예쁜데 약간 김태희 느낌,False,
@나부랭이-w7y,"누구랑 알게 된건지 누구랑 한건지도 헷갈릴 지경인거지? 개자식아,,",False,
@우진-g7w,바람을 왜 핌 ? 진짜 인중에 박치기 마렵네,False,
@도파민팸,어떻게 사람이 저 작은 얼굴에 눈코입 큼직하고 비율좋게 다 들어가잇지 개이쁜데진심,False,
@빅망-h3b,진아 몇달만에  나오는데 헤헤헤헤 걸고만있네,False,
@yerison-yw8rv,"ㅋㅋㅋㅋㅋㅋ잼써요,,",False,
@김기연-y7m,똑순이 여캐 개같이 환영🎉,False,
@Funny_Captain-b8g,여주: 츄+김태희 리즈 ㅇㅈ?,False,
@충만한,동덕 vs 홍채<br>난 동덕,False,
@Yuna-hh6ht,배우분 웃을 때 티아라 지연 닮았네,False,
@뽀-e4c,저렇게 티나는 남자랑 썸탄적 있는데 다 보여서 기분이 개더러웠음 ㄹㅇ상처,False,
@e.t29,예의 지켜줘 란 말이 이렇게 슬픈 말이었나,False,
@whdals0667,이름도 홍채라니ㄷㄷ<br>눈에 넣어도 안아플거 같이 예쁘시네,False,
@땡이-k5x,딴건 모르겠고 홍채 진짜 이쁘네…,False,
@astherhhh-ll6p,"<a href=""https://www.youtube.com/watch?v=trC4DC3gAwo&amp;t=233"">3:53</a> 이 부분 김태희 생각나서 한 20번은 돌려봄",False,
@다수삼-y2j,남자 개 멍청하게 생기고 연기 못해서 영상 보기 싫다 ㅜㅜㅜㅜ,False,
@tjffl777,ㄹㅇ 저런 허술한 바람둥이가 있나요?<br>원멤이 왜이리 반가운지<br>오겡끼 데쓰까~~~,False,
@이름없음-b8i1s,홍채 그냥 현재 만나자..,False,
@goodchoice555,뭐야 짧대에 드뎌 민아 출연한줄 알았더니 민아 아니었음??ㅋㅋㅋㅋㅋㅋㅋㅋㅋㅋㅋㅋㅋㅋㅋㅋㅋ 썸넬보고 빼박인줄알았는데,False,
@qcuqjcjw,미치겠다 ㅋㅋㅋ짧대 가면갈수록 왤케 웃기냨ㅋㅋㅋㅋㅋㅋㅋㅋ 너무 재밌어 미친,False,
@heendoongsama,김태희 데뷔때느낌난다,False,
@kjw5165249,종욱이랑 데이트할때 홍채 아우터 넘 궁금 …,False,
@곽재형-c8d,바람피는척 한거일수도?,False,
@hajeg0708,수능 D-5 짧대믄 아주 옳은 선택!,False,
@untitled5296,엄마꺼라 하면되지,False,
@레미레미도라방스,나만 여주 츄 생각나냐,False,
@룰루랄라-z3f,권나라 느낌 좀 나는데 ㅋㅋ 진짜 이쁘시네,False,
@최혜연-n3p,코 씨 ㅕ😅ㅡ 이,False,
@배숙흰라빈슨,안성재 닮았다,False,
@user-vb1mp8ge7f,바람 피는 게 맞으니까 여자가 저렇게 말하고 행동하면  눈치가 빠르다고 생각 할 수 있는데 반대로 바람도 안피고 확신을 못주는 게 아닌 상황인데도 저리 말하고 행동하고 의심하면 개빡칠듯,False,
@2ve_ee,아니 근데 남친역 배우분 진심 순수하게 생기심ㅋㅋㅋㅋㅋㅋㅋㅋㅋㅋㅋㅋㅋㅋ 진짜 나쁜짓하면 바보같이 엉성한 실수로 다 들킬 것 같이 생김,False,
@뚜비뚜바-x2n,홍채님 설윤 닮은 거 같은데?,False,
@에제,와 뭐야 아니 왜 이렇게 이뻐요 ? 😮😮😮😮😮,False,
@xeul-w1d,주제에 비람을 피네 ㅋㅋ,False,
@이슬비-e3o,약간 잘생긴 설윤 닮았다,False,
@이준영-r8w,아디다스 바람막이 정보 아시는분 ㅠㅠ,False,
@highfly1518,홍채 김희선 닮음,False,
@박준형hi,이젠 진아 얘기도 좀 보여줘요 작가님,False,
@존키팅-x1z,진아야 안뇽,False,
@davidhkim997,여주분 짧대 역사상 역대급 외모신대?,False,
@clickbait1602,연기 진짜 기깔나게 잘한다 다들ㅋㅋ,False,
@velycho3761,"사람 바보만드는것보단 사실대로 말하는게 낫지 그게 마지막 예의이고, 그거 안지키고 걍 부정하다 들킨거면 조져야지 제일 찬란한 순간에",False,
@나영나영나영나영,"<a href=""https://www.youtube.com/watch?v=trC4DC3gAwo&amp;t=345"">05:45</a> 옷 정보 아시는분…",False,
@yuminkim2156,저두궁금…,True,@나영나영나영나영
@비비-i7z,현재랑 만나자,False,
@pidnine7695,설윤과 혜리 중간 그 어디쯤~,False,
@이게된다고-v8c,머리도 나쁜개 건방지게 바람이네 ㅋㅋ,False,
@samhot7083,주여 오늘도 한 커플 올라갑니다,False,
@SeopShcang,남자 배우 잘 뽑았네 진짜 바람기 다분하게 생겼네,False,
@Yuno-lee05,아ㅠㅠ,False,
@Yuno-lee05,홍채 진짜 야무지네,True,@Yuno-lee05
@kimchijjigae_recipe,설윤이 왜 나오냐,False,
@내삶의리더,여주~ 완전 연앤,False,
@sos13573,썸네일 퍼자켓 정보아시는분?!?!,False,
@냥펀ch,설윤도 보이고 김태희도 보이고<br>개이뿜...... ㅠ 그나저나 짧대는 <br>역시 겨울 갬성인듯  슬슬 또 역작 나올거가툰 예감이~~,False,
@영-d1p,Tlqkf....,False,
@user-xk1fg3gy5s,아니 ㅈㄴ이쁜언니 놔두고 뭔 바람을,False,
@user-g6h,여주가 너무 이뻐서 몰입이 안돼요ㅠㅠ 진짜 개이쁘심,False,
@뷍이-g4n,"<a href=""https://www.youtube.com/watch?v=trC4DC3gAwo&amp;t=127"">2:07</a> 오리 인형 출처 어디예요ㅠㅠ",False,
@미적분-z1n,좋은 사람 만나라 홍채,False,
@민꼬-o4i,진짜 왜 저럴까,False,
@이상현-f1t,바람 아닐듯 사촌동생이 왔다던가 그런 스토리일듯…<br>바람이면 저렇게 허술하기도 쉽지않음,False,
@김범중-e7n,수영강사 선생님 바람을 피우셨네ㅡㅡ,False,
@새벽시간도서관,와 걍 개이쁘네 와 와 ㅋㅋㅋ 와,False,
@Gogo-b7i,바람 피는 애들은 진짜 개맞아야 정신 차릴텐데,False,
@hyotaekkim2244,흠...색깔이 좀 달라진것같은....,False,
@싱-r2k,예의 지키라는 말 너무 훅 들어와서 놀람.. 나도 저랬어야했는데ㅠㅠㅠ,False,
@luvjk0901,근데 중간에 정국이가 나는 진아랑 얼마나 만날까 했던 것 같은데 ㅠㅠ 정국진아 깨지는건 아니죠..?..오래가게 해주세요..,False,
@vanillaverydelicious,아니 그래서 남자 뭔데.. 누구랑 핀건데…,False,
@Helloitsmeeee1218,남자 종욱분 “나의 명복을 빕니다”에 나오셨던 분이다!! 머리 뽀글하셨던 ㅎㅎ,False,
@dsfsf3547,일단 남자가 ㅈㄴ 별로인게 현실감 떨어지네오,False,
@forfor4or-1,제발헤어져😬😬😬😬😬😬,False,
@유튭브-e8r,헤어져 더 상처받기전에 헤어져,False,
@개복채,아이썅,False,
@유튜브프리미엄-n7f,준빵조교님?,False,
@그냥그렇다고-v9g,홍채 짧대 너무 찰떡...🥹,False,
@lyn-r1v,츄 닮았오,False,
@xovexiss,김태희 닮았어..,False,
@모고-f5d,근데 존나 말이 안돼 저렇게 이쁜 여자가 있는데 바람을 핀다는게 스탭이 섭외를 잘못한거임. 나는 맨날 붙어다니면서 사랑해용하고 절대 안떨어짐 뭘 해도 내ㅑ 잘못 바로 퐁퐁남 해버림,False,
@찐빵-u9d,말이 안되진 않지..이 세상은 이쁘거나 존잘이 너무나도 많기 때문에 바람필 애는 핀다,True,@모고-f5d
@v-.-v633,ㅋㅋㅋㅋ퐁퐁남ㅋㅋㅋㅋ너같은새끼들때문에 버팔로가 생기는거야 아닌건아닌거지,True,@모고-f5d
@뱝-v6s,설윤닮음,False,
@히야신스-g9s,XXX,False,
@shkk3728,와씨 미친 이건 말해야해 여러분 케이블 한개에 저렇게 폰여러개 연결해서 충전하면 고장나요!!<br>케이블 1개는 1개의 기기만 충전하세요,False,
@happiness4560,ㅋㅋㅋㅋㅋㅋ 케이블 얘기에 진심인 거 귀여워,True,@shkk3728
@jusigdeugaja,저런 이쁜 여자친구를 두고 바람을 피다니 ㅋㅋ,False,
@꾸라기-y8n,이쁜거랑 상관없 ㅂㅅ이라그럼,True,@jusigdeugaja
@김동민-v9y,설윤닮았다,False,
@햄햄스터,바람은 걸릴라고 피나봐.... 휴,False,
@quelquecho,설윤같다,False,
@요정-n4n,현재도 좋은 사람 만나서 예쁜연애 해야하는디 이나가 내머리에서 떠나지안아......ㅠㅠㅠㅠㅠㅠㅠㅠㅠㅠㅠㅠㅠ,False,
@antifreeze_,와 너무예쁘시다,False,
@vnfma7,홍채 울때 미모 뭐지,False,
@요정-n4n,준빵조굨ㅋㅋㅋㅋㅋㅋㅋㅋㅋㅋㅋㅋㅋㅋㅋ긔여워,False,
@2401공현성,홍채 가방 정보좀요 제발 ㅠㅠ,False,
@흐미-u9h,ㅈㄴ 이쁘니깐 이해가 안 되네,False,
@user-xd4yd6mu9c,여자분 ㄹㅇ 김지원인가 그 태양의후예에서 나온분 닮음,False,
@-o9107,"카메라가 너무 흔들거려서 몰입이 깨지네요,,,,",False,
@namewat9939,아니 이번 편 여주 뭐임 김태희 닮았는데 종나 예쁘네..,False,
@PyLoo-vc8gb,약간 설윤이랑 김태희 느낌있으신데..,False,
@jjambbong88,저런여자를두ㅜ고어케바람피냐..,False,
@uzer.jstin8au,진짜 김태희 설윤인데..?,False,
@탁구대장,저런 사람은 민아 만나야돼,False,
@Choring_e,츄 나온줄알고 왔습니다❤,False,
@torin4829,전여친 생각나네 ^^,False,
@tvdons8133,뭐야 이러고 끝남??,False,
@S__SOo,여주…. 김태희+설윤+김지원 다 보임 ..😮,False,
@빵애예요,준빵조교 꾸준히 나오는거 개웃김ㅋㅋㅋㅋㅋㅋㅋㅋㅋㅋㅋ,False,
@크크크jq,나도 대학가서 저렇게 사귀고싶어..걍 연애 나도.. 대학..연애..대학…대학..연애..,False,
@hxeen2011,진짜 ㅈㄴ이쁨 홍채,False,
@여고생B양올탈노출,"여주 본명이... ㄹㅅㄹㅍ 나락갔는데 어케 본명이 동명이인이냐.,",False,
@여고생B양올탈노출,여주 예뻐,False,
@Daramgee.,개이쁘다 진짜,False,
@오렌지-z7o,아 근데 진짜 예쁘다 ㄷ ㄷ,False,
@Koz_zico,실제로 저런 비쥬얼의 여자 냅두고 바람핀다? 성격이 개판이 아닌이상??<br>남자 진짜 개호구되는겨,False,
@OwO__,아니 난 저런여친있으면 간쓸개 다줄거같은데...피가 거꾸로 선다,False,
@오스피타고구마,이거 회원전용 가입 어떻게할까요..?? 안떠요..!!,False,
@윤태김-n5f,홍채를 두고 다른 여자랑 바람을 피는 것 자체가 멍청하다,False,
@오렌지-z7o,여주 말이 안되게 예쁘네 머리가 얼마나 작은겨,False,
@kang0926,제로 슈거는 펩시~,False,
@옴냥냥-g5g,우와 여자 배우분 김태희닮으셨어요 완전…,False,
@lliilliilliilliilliill6945,"ㄸ,헉 개웃기네ㅋㅋㅋㅋㅋㅋㅋㅋ",False,
@송꿀벌-w1o,언니 그 남자 만나지말구 나한테와🍬,False,
@별-z6m,홍채 퍼자켓 정보 아시는분 ㅠㅜ,False,
@이퓨타로ipyutarot,예쁘심🐤💖,False,
@zadozadopigonhae,"<a href=""https://www.youtube.com/watch?v=trC4DC3gAwo&amp;t=189"">3:09</a> 이제 이런 시각적인 효과도 나오넼ㅋㅋㅋㅋㅋㅋ 아재미져라",False,
@송꿀벌-w1o,여자친구 바람나면 언제든 왕😘,False,
@56874346346,"남배우 연기 잘하시네요, 댕청미가 있으십니닼ㅋㅋ",False,
@이효준-u8m,아니 준빵이형 언급이 왜이리 없어<br>형 사랑해❤❤,False,
@bbmg3650,코 엄청높네 한거겟지,False,
@yjruru3437,일년을 만나고도 전 사람을 만날 수가 있을까요.. 나쁘다..,False,
@user-bq8yb5nh6s,여주 설윤 닮았다. 너무 예뻐,False,
@user-fj1mg6lt8u,저 멍청하고 자아비대한 쓰레기,False,
@romi_maum,와 김태희 닮으심,False,
@user-ek3lp5cw9j,프로미스나인 지원이랑 설윤닮음,False,
@라-o8b,대남혜지존버1048481일차,False,
@Kimganuu,와 존나 예쁘네 <br>츄 닮았다,False,
@tkdcl3308,바람도 머리좋아야 핌니다,False,
@nanggna,정국이 머리 모야,False,
@lovepeace91-withme,여주 미쳤다....,False,
@werwerwewe-py7in,남자  븅 ㅅ 인가 ㅋㅋㅋㅋ,False,
@대무루팡,츄닮았다,False,
@boriyo,"<a href=""https://www.youtube.com/watch?v=trC4DC3gAwo&amp;t=170"">2:50</a> 현재야 뭐해ㅜㅜㅋㅋㅋㅋㅋㅋㅋㅋㅋㅋ",False,
@다영-c6e,아 짜증나고 눈물 난다,False,
@whswo,바람맞은 여자가 남자에 비해서 너무 이쁘니 몰입이 안되네 ㅋㅋㅋㅋㅋ,False,
@누룽지-n5l,"<a href=""https://www.youtube.com/watch?v=trC4DC3gAwo&amp;t=189"">3:09</a> 아 ;;",False,
@bw6422,"<a href=""https://www.youtube.com/watch?v=trC4DC3gAwo&amp;t=338"">5:38</a> 현재 개섹시하다 ㅠㅠㅠㅠㅠ",False,
@산적두목-q8u,코카콜라 너 돌아왔구나?,False,
@Stuhhhhhh,와 여배우 츄랑 채원빈 반반 섞은 오묘한 페이스네,False,
@uk__1521,ㅈㄴ이쁘다,False,
@sung33ssung,너무 이쁘니까 몰입이 안되네,False,
@쿄캬쿌랴,엔믹스 설윤 + 베몬 아현.. 대존예..,False,
@바사삭바삭-y3s,정국이 군대가나,False,
@원영정-g2h,결론이 나온게 하나도 없는데 모두가 바람둥이라 생각하는 이 상황 자체가 더 무섭네,False,
@바사삭바삭-y3s,보통 여자가 저래도 바람같음,True,@원영정-g2h
@c0mm0ner,돌겠다 미치게 이쁘네,False,
@순간포착-d6b,"<a href=""https://www.youtube.com/watch?v=trC4DC3gAwo&amp;t=5"">0:05</a>  혹시 남자친구 핸드폰 충전 되나요 ㅋㅋㅋㅋㅋ  센스 이런 개그 왜케 좋냐",False,
@PARK-pn1om,이제 곧 빼빼로 데이라 영상이 11분11초 짜린가ㅋㅋ,False,
@iamground.,이렇게 이쁜 여친을 두고 바람을... 말안된다,False,
@정신좀체리,김태희 닮았네,False,
@박이기-t5k,소옥 이후로 생태계 파괴인가요,False,
@망원동앞치마,남자배우분 우요일에 나온 뽀글이 아님?,False,
@useraaabb_aaa,역시 이 개병맛은 짧대가 최고야 ㅠ 평생흥해라 제발,False,
@jj0s_qo,남자분 인형 너무 탐나요..,False,
@임인스-s9l,"<a href=""https://www.youtube.com/watch?v=trC4DC3gAwo&amp;t=157"">2:37</a> 저뒤에 까까머리 공석인가요? <a href=""https://www.youtube.com/watch?v=trC4DC3gAwo&amp;t=246"">4:06</a> 에도 나오네요 일부러 얼굴 가린듯?",False,
@도윤-u8q,근데 낌새 있는데 덮고 넘어가려한 이유는 모지?,False,
@yogurt1346,여자배우분 엄청난 미녀인데 연기도 좋으시네요... 무조건 뜰것같아요 응원함미다,False,
@몰래먹자,😂멍청하면 바람을 피지마 남자 노매력,False,
@100억자산운용하기,김태희 닮았당,False,
@Youning-u8w,멍청하게 다 들키는 것도 능력이다...,False,
@와이-b7t,현재야 출동 !!,False,
@sunyy-s5n,저기 술게임 미친놈들같은데 꼭  해야되니,False,
@chiwalwall,초반에 나오는 나이키 맨투맨 정보 아시는 분 ??,False,
@혜성-c6w,"<a href=""https://www.youtube.com/watch?v=trC4DC3gAwo&amp;t=234"">3:54</a> 배우분 김태희 닮으셨는데",False,
@dddsdds-x3m,설윤이랑 이채영 섞여있다 존예,False,
@ksil0319,"<a href=""https://www.youtube.com/watch?v=trC4DC3gAwo&amp;t=299"">4:59</a> 형석이오랜만이다…. 나/쁜놈",False,
@sms5906,홍채: 김지원+쵸단,False,
@이홍석-m2t,홍채는 성격아 너무좋다,False,
@류정우-f2i,"<a href=""https://www.youtube.com/watch?v=trC4DC3gAwo&amp;t=282"">4:42</a> ㅋㅋㅋㅋㅋㅋㅋㅋㅋㅋㅋㅋㅋㅋㅋㅋㅋㅋㅋ",False,
@qkrtld,김태희+설윤 이라니…,False,
@미루니-e9v,20시 폰 반납시간,False,
@히어-t1f,박지원 닮았는데?,False,
@고니효니,"<a href=""https://www.youtube.com/watch?v=trC4DC3gAwo&amp;t=250"">4:10</a> 정국이 머리 상태 왜이럼",False,
@Yuhan_Clorox,준빵 저새낀 또 기괴한거 하려고 하네,False,
@김현섭-s1d,바람 옹호하는건 아닌데 남자가 진짜 멍청하네;;😂,False,
@jjino87,엫에헤헤 ㅋㅋㅋㅋ,False,
@성민-w2k,쓰레기 컬렉터는 누구나 다아는데 본인도 그사람이 쓰레기인거 알고 만나는데 그 감각을 무시함<br>본인은 다를꺼라고 생각함 쓰레기한테 당해도 관대하고 본인만 비련의 여주인공인척함 ㅋㅋ<br>근데 그비련은 본인이 불러온거 주변사람 모두가 알고 있음.,False,
@3jb4i,스불재,True,@성민-w2k
@hyejmoon,간보지말고 그냥 헤어지고 만나...찌질이들아 제발.....어버버 거릴짓을 왜 쳐하면서 눈치 살살보고 여자를 예민한 사람 만들고 ...그렇게 살고싶니,False,
@lovely-ik3qh,저렇게 아름다운 여친 놔두고 바람핀다고?<br>여자든 남자든 바람 피우는 것들은 친구든 누구든 인생에서 걸러야됨<br>도움 1도 안 되는 것들,False,
@sikbrrrrr1290,전여친 밑에 냄새가 너무 나서 사랑하긴 했는데 ㅅ ㅅ 하기 싫어서 걍 섹파를 따로 둠 .. 바람피우는 이유는 여러가지인듯 ㅠ,False,
@Hamlet9999,정국이 영화찍엇나 머리 왜저래,False,
@iill4379,저정도면 바람피는거 티내고싶어서 안달난거 아니냐,False,
@JJ-ez3mp,완벽하게 못 숨길 것 같으면 바람피지를 마라,False,
@loveyaa5703,남자분 매력잇음..,False,
@정지호-h3q,여자 김태희+설윤인데?,False,
@lovely-ik3qh,츄도 조금 보임 <br>김태희 설윤 츄,True,@정지호-h3q
@Yujaginger,6분21초대에 나오는 여배우님 아우터 정보 궁금해요!! 퍼 넘 예쁘네요,False,
@이병관-u3q,작가님이 알겠죸ㅋㅋㅋㅋㅋㅋㅋㅋㅋㅋㅋㅋ,False,
@닉네임없음-j5e,물 사러 가는 척 하면서 코카콜라 사러 가야겠다,False,
@보라색-p5m,규남인지 알고 클릭했는데 아니였네.,False,
@펭펭-b7s,내가 당했던 일이랑 똑같네ㅋㅋㅋㅋㅋㅋㅋㅋㅋㅋㅋㅋㅋㅋ,False,
@참새크면비둘기-c3u,썸넬이랑 제목만 보고 민아인줄ㅋㅋㅋ,False,
@DDD1004.,바람피울거면 성의를 보이던가 멍청한 새끼 아짜증나,False,
@그리고난-b2x,옛날맴버 보니 좋네,False,
@22학번-h1c,코카콜라 주식 올라라 제발..,False,
@뇌절드립,개인적으로 제 타입은 전여친보다 현여친입니다.,False,
@JJTTHH,홍채 역대급 이뿌네 앀,False,
@경서-o1u,김태희 닮으셨음,False,
@user.7.,은채 남자친구로 나오는 남자분 볼 때마다 왜 이렇게 안성재 셰프님 생각나지…,False,
@lllllllllllIIl,ㅅㅂ어디서 봣더 햇더니 안성재네 ㅋㅋㅋㅋㅋ,True,@user.7.
@김머용-r4j,눈은 김태희 하관은 프나 박지원 느낌나요,False,
@병선원-y3n,앞길이 창창한 20대가 무슨 알고 넘어감!! 확실히 정리하고 다른 좋은 사람 만나야지..,False,
@farata5965,영주 보고싶다,False,
@규리-l1q,여자 츄 닮음,False,
@J-j7v8f,눈에 뻔히 보이는데 끝까지 거짓말하는게 진짜 있던 신뢰마저 다 버리는 일임;; 최악은 상대방 의심병이라고 몰아가는거 차악은 차라리 솔직하게 말하는거.,False,
@xocoi6,여주가 ㅈㄴ아까움,False,
@스포해안해,여자분 존예네 여기 배우들은 다 비주얼이 장난 아니시네 ㅋㅋ,False,
@Ediboy_,"<a href=""https://www.youtube.com/watch?v=trC4DC3gAwo&amp;t=7"">0:07</a> 헐 우리 준빵오빠다아",False,
@이주용-x2z,김태희 닮았다,False,
@좋아하는것을좋아해요,아니 정국이 군대 또 가..?,False,
@Go_yang222,제발 헤어지고 만나라..,False,
@jiyeoning,헤어져라 홍채.. 제발.. 현재라도 만나던가 해.. 그냥 좋은사람 만났으면..,False,
@핑핑2-s2p,"결국 현재랑 이 여자분이랑 이어지겠다 마지막 집 조명에서 나오는 장면 진짜 이쁘시네,,",False,
@jh-mr8qi,"<a href=""https://www.youtube.com/watch?v=trC4DC3gAwo&amp;t=451"">7:31</a> 아기고양이가 인간이 되면 이런 느낌이려나...홍채 진짜 예쁘네",False,
@v794513,감사합니다.,False,
@유당탕,비람피는 새끼들은 대가리 아케된애들이라 꼭 증거 들키더라..ㅋㅋㅋㅋ,False,
@user-wi1mi8vd9z,여자 ㅈㄴ이쁘다 설윤느낌,False,
@jh-mr8qi,여주 김지원 닮았네,False,
@v794513,감사합니다.,False,
@jh-mr8qi,"<a href=""https://www.youtube.com/watch?v=trC4DC3gAwo&amp;t=233"">3:53</a> 진짜 예쁘시다...",False,
@PhilomenaLois,까 개이득임 ㅋㅋㅋㅋㅋ헬창들도 ㄱ글 에서 벳프리 보면 근육 다빠진다며 ㅋㅋㅋㅋㅋㅋㅋㅋ 사실임??,True,@jh-mr8qi
@jh-mr8qi,"<a href=""https://www.youtube.com/watch?v=trC4DC3gAwo&amp;t=189"">3:09</a> 미친ㅋㅋㅋㅋㅋㅋㅋㅋㅋㅋㅋㅋ 아 짧대 진짜 사랑함...",False,
@v794513,감사합니다.,False,
@Yomahater,미친 광기의 코카콜라와 짤ㅈ은대본,False,
@으은제에,남자 패션왕이네,False,
@이성호성호,여주 김태희 닮았네요,False,
@김예원-y5p,롹실히 겨울이니까 바람이야기가많네요<br>여러분 연애는 대부분 일케깨진답니다,False,
@아지-w9j,"ㅅㅂ <a href=""https://www.youtube.com/watch?v=trC4DC3gAwo&amp;t=190"">3:10</a>뭐야? 아 개터짐",False,
@프로방콕러-n5n,알게되는 불편한 진실을 연인간에 굳이 모른척하게 되면 좋은 결말은 없었음 오히려 상황만 악화되지,False,
@박박-e5i,홍체 현재 존버,False,
@love-1-1-9,홍채언니 나랑 사겨요.,False,
@kimseanii,저 지경까지갔으면.. 여자 성격상 질릴대로 질려버려서 그냥 저 자리 피하고 가버릴것 같은데.. 아니 이거 전에  이 분 되게 자존감 높은 분인줄 알았는데 또 아니네요... 짧대 참... 여러모로 리스펙.... 그리고 이거 소화 하시는 배우분들도 리스펙!!!!! 오래보고싶어요,False,
@tv-te9gj,으 병신같은새끼 내가 만나는 남자도 아닌데 내가 시간이 아깝네 ㅋㅋㅋㅋㅋㅋㅋㅋㅋㅋㅋㅋ,False,
@34bommaji,남자친구가 멍청한 이유: 저렇게 예쁘고 착실하게 사는 여친 두고 바람핌,False,
@hyunjohn-ud7wy,와 홍채님 김태희+설윤 닮으신듯,False,
@이문섭-q7r,아 나도 헤어질때 저런 멘트 좀 쓸걸 예의 지키라고...다 알면서도 모른척 그냥 쿨한척...ㅅㅂ 하나도 안쿨한데... 넘어가고...결국 가스라이팅 당하다 헤어지고.....에라이,False,
@chittaphon-nyang,진짜...뭔가 좋은 멘트인듯,True,@이문섭-q7r
@user-jf1fd9djkl,헐 여자분 왜케 이쁨.....,False,
@가시거리-j7m,"태연 - <a href=""https://www.youtube.com/watch?v=trC4DC3gAwo&amp;t=671"">11:11</a>",False,
@이채은-l8t1p,진짜 홍채님 설윤+김지원 배우님 닮았어요…. 너무 예쁘다 나오실 때마다 감탄하면서 봄,False,
@아무개_122,홍채님 츄랑 설윤 섞여있네요,False,
@하하하하하하-s3f,이 댓글 달려했는데 역시 있네 설윤 츄 중에서 츄에 좀더 가까운 느낌,True,@아무개_122
@insecure88,근데 진짜 뭔지 알아… 바람난 것도 빡친데 멍청하게 들키면 더 빡침ㅋㅋㅋㅋㅋㅋㅋㅋ,False,
@주밥-j7p,홍채 마스크랑 분위기 미친듯… 걍 화면을 깨부수네,False,
@onlyouz,"<a href=""https://www.youtube.com/watch?v=trC4DC3gAwo&amp;t=557"">9:17</a> 홍채님 가방 어디건지 궁금...하다...😮",False,
@얄루얄루-m5d,쓰리타임즈 같아여,True,@onlyouz
@onlyouz,@@얄루얄루-m5d 우왓 !! 감사합니다 🩷,True,@onlyouz
@Fzk-b1c,홍은채🎈🎈🎈,False,
@Duuudd-i8y,개이쁘ㅡ다,False,
@kim-xr6vd,왜 한 사람으론 만족을 못하는걸까...,False,
@JJY-i4m,와 김태희닮아따,False,
@Yeonbtwunme,정국이 까까머리 귀여워,False,
@장학순-t7j,이별하면 원래 이런 영상들만 나오는 건가?,False,
@경이로운-z7x,멍청한..바람둥이들 …,False,
@lawilet3320,예전느낌이 나는 훌륭한 영상이네요,False,
@세인-d2j,"<a href=""https://www.youtube.com/watch?v=trC4DC3gAwo&amp;t=346"">5:46</a> 약간 프미나 이채영님 닮으셨당",False,
@밍구-s1m,어디서 본것같다 싶었더니 설윤상이시네 <br>너무 이쁘시다 ㄷ,False,
@raymondlee4762,신나게 세웠다가 시무륵 😢,False,
@maleslp6530,진아남친분 왜케 머리 짧아졌누,False,
@꼬끼옥-f1k,새로운 페이스네,False,
@장도라지,"<a href=""https://www.youtube.com/watch?v=trC4DC3gAwo&amp;t=258"">4:18</a> 짧대 이런장면 덕분에 더 재미있어",False,
@seretrnl,ㅅㅂ 아니 만날 거면 헤어지고 만나든가 바람 피우는 심리가 뭐지?,False,
@조승환-v4z,우월감?!,True,@seretrnl
@준-b1q,단체로 약을 했나.. 그 이름이 코카.. 뭐시기던데?,False,
@진주-v2q,홍채 목소리 강소라같음,False,
@muu3561,저렇게 예쁜 여친을 두고.....,False,
@유리-v6z,"와 여자분 설윤+김태희 닮으셨다 ,, 넘 예쁘심",False,
@user-bz6if8gq2d,"<a href=""https://www.youtube.com/watch?v=trC4DC3gAwo&amp;t=346"">5:46</a>  홍채 퍼자켓 어디 건지 아시는 분ㅜ",False,
@박진철-c8f,"<a href=""https://www.youtube.com/watch?v=trC4DC3gAwo&amp;t=540"">9:00</a> 짧대 제작진 님! 남은인생 10년 포스터 어디서 구했는지 알 수 있을까요?",False,
@foreverwaitingman,고등학교 때부터 짧대 보는게 가장 행복했던 시간이었는데 그런 제가 다음주에 입대하네요ㅎㅎ 군대가서도 열심히 볼게요!! 멀리서도 응원하겠습니다 짧은대본 화이팅❤️🫡,False,
@아름-h2k,성격이 진짜 너무 이상형이야,False,
@규리김-f1d,멍청이가아니라 빡대가리수준인데,False,
@배한준-x1h,여주 김지원 달마따,False,
@김아무개-j5f,"<a href=""https://www.youtube.com/watch?v=trC4DC3gAwo&amp;t=5"">0:05</a> 준빵조교뭐야ㅋㅋㅋㅋㅋㅋ깜짝놀랐네",False,
@안소정-u1p,아 이번 편 너무 좋다 배우분들도 유독 더 예뿌고 멋있어보이고 역할에 찰떡이고 주제도 재밌고 영상도 공감 가고 짧대는 늘 최고최고입니다 .. 🥺❤️🤍,False,
@송준희-o5y,저 여자배우 설윤닮았다,False,
@Road-yj6kn,김태희 같아요,False,
@Levinatsume,저렇게 예쁜여친 두고 바람피다니..,False,
@지아뉘,바람당한 여자가 뒤지게 이뻐버리니까 자꾸 몰입이안됨 ㅋㅋㅋㅋㅋㅋㅋㅋㅋㅋ,True,@Levinatsume
@Moonlight-0727,오히려 예쁜 사람 두고 바람 피는 히얼을 느낄 수도...,True,@Levinatsume
@민서-u5t3c,@@Moonlight-0727히얼은 뭐임 희열,True,@Levinatsume
@김HJ00,히얼ㅋㅋㅋㅌㅋㅋㅌㅌㅌㅋㅋㅋㅋㅋㅋㅋㅋㅋㅋㅋㅋㅋㅋㅋㅋㅋ,True,@Levinatsume
@묵사발-k2i,히얼은 감탄사냐 히얼~~~~~~,True,@Levinatsume
@기다람,"거짓말 조리있게 잘할 머가리 아니면 바람 피지 마라 그냥 ;;; 멍청하게 바람핀 전여친 생각나서 개열받네 ,,",False,
@A기뮝이,"홍채 배우분 설윤닮았다..우는데 왜 예뻐,,,?",False,
@뽀롱이-u1s,남자분 하관 이준호 배우님 닮았음,False,
@abccho8160,"성별 막론하고<br>20초, 중반에 연인이 자취, 자차 있으면 좋죠?<br>근데 양날의 검인게 딱 이번 스토리랑 맞아떨어짐<br>안들키는 사람이 많기도 하지만 위의 두가지를 다 갖고있는 사람은 확률상 바람필 확률높음<br>괜히 이런 스토리가 많은게 아님",False,
@이감사-x5s,"???????  <br>자취,자차하는사람이 바람필확률이 높다는건 무슨 말씀이시죠..?<br>바람피는사람이 자취,자차를해서 더 수월하게 바람피는 거지요.<br>혹여나 애인이 바람필까봐 자취,자차를 못하게 하기보다는<br>그럴 인간이면 차라리 빨리 자취,자차시켜보고 빨리 확인하고 접는게 맞죠 ㅎㅎ",True,@abccho8160
@abccho8160,@@이감사-x5s 선행 후행이 다를뿐 결국 결과물은 같고 제말 어디에도 못하게하라 는 말은 없습니다. 생각이 다른것까진 이해하는데 본인 생각으로 재해석해서 남이 틀렸다 라고하는건 고치시는게 좋을거같네요,True,@abccho8160
@전건우-r5u,@@abccho8160자차+자취를하면 바람이난다😮,True,@abccho8160
@쿄쿄-p5y,뭔ㅋㅋㅋㅋㄱㅋㅋㅋ,True,@abccho8160
@스껄-b3e,저런거랑 만난 홍채의 1년이 내가 다 너무 아깝다…,False,
@user-rf4ty6jb2t,1년만 만난게 다행,True,@스껄-b3e
@laiart641,진짜 만났던 시간이 아까운 기분 암,True,@스껄-b3e
@dbelxl,방방봐 좀 ㅠㅠ,True,@스껄-b3e
@스껄-b3e,@@dbelxl ?? 이런 감상 느끼라고 드라마가 있는건데 ㅋㅋㅋㅋ 뭐지 얜,True,@스껄-b3e
@dbelxl,@@스껄-b3e ㅋㅋㅋㅋㅋㅋ감상을 하랬더니 과하게 이입해서 내가 다 아깝다 이러고있네 ㅋㅋㅋㅋㅋㅋ,True,@스껄-b3e
@습야,설윤 닮았다,False,
@칠공이-i2e,ㅋㅋㅋㅋㅋ,False,
@웅이-l5l,와 설윤닮았어…넘 이뻐…,False,
@Uyfyuk,설윤 ㄹㅇ….,True,@웅이-l5l
@Bongdaeriiiiiii,헉 저도ㅜ이 생각 존예,True,@웅이-l5l
@shwhwjj3ii,지ㅡ랄 ㅋㅋㅋㅋㅋㅋㅋㅋㅋㅋㅋㅋㅋㅋㅋㅋㅋㅋㅋㅋㅋㅋㅋㅋㅋㅋ,True,@웅이-l5l
@zalgen852,ㄹㅇ 매력 넘치네ㅐ,True,@웅이-l5l
@쿄캬쿌랴,진심 보자마자 설윤+베몬 아현 넘 이쁜데요… 자주 짧대에서 보고파요,True,@웅이-l5l
@user-Bbboo,"<a href=""https://www.youtube.com/watch?v=trC4DC3gAwo&amp;t=251"">4:11</a> 진아ㅜㅜ 너무 귀여워 수능전 최고의 힐링..",False,
@user-jr9us1zt8l,홍채 진짜 이쁘네...,False,
@l9금-휴지도둑-xr-y2z,⇞♋️,True,@user-jr9us1zt8l
@koossi3220,충분히 다른여자만날능력되보이는데 그냥 구구절절하지말고 헤어지고 다른여자만나면되는거지...,False,
@gnuosad1314,연기가 조금.. 어색..,False,
@younger-n4g,홍채님 너무 예뻐요……,False,
@캉캉-k7w,남자가 너무 바보같애 ㅠ,False,
@nicsdang,달달한 연애편도 올려주세요,False,
@그린앵두-o3v,감추려는 성의도 없네,False,
@aofxlobluu,처음부터 준빵조교 훅치고 들어오네ㅋㅋㅋㅋㅋㅋㅋㅋㅋㅋㅋㅋㅋ,False,
@타임스퀘어-z2w,그냥 열받아ㅋㅋㅋㅋㅋ,True,@aofxlobluu
@nicsdang,여주 개이쁘당,False,
@누강우아,뚱오리 인형 나티야다!!!!  저도 가지고 있어요 짱귀여워요 ㅠㅠ,False,
@김예진-q1s1w,진짜 남자 바보 중에 바보네 이런 말 나쁘지만 숨길거면 제대로 숨기던가 알바 언제 끝나는지 물어보고 저건 그냥 들키고 싶은거지,False,
@아숨차-h9z,진짜 얼굴밖에 안보이네....,False,
@제코-e9d,무서워,False,
@user-kdhkimdonghwan,누나너무예쁘네요,False,
@u9vgc,배우 분들 다 너무 느낌 좋다… 특히 홍채 배우분 마스크도 연기톤도 단단하고 반듯하고 너무 조흠………….,False,
@MadgeLionel,그놈의 ㄱ글 에서 벳프리 때문에 내거기 닳고 닳아서 없어지겠네?,True,@u9vgc
@qwop7116,와 근데 홍채.. 진짜 너무 이쁘다..,False,
@llllljj2usjlwuql,김태희 느낌 있음,True,@qwop7116
@ju6951,진짜 흔한 얼굴 아니고 매력있게 개예쁜디,True,@qwop7116
@천둥의신츄르,홍채가 아니라 홍채입니다,True,@qwop7116
@user-fc8px2io7m,@@llllljj2usjlwuql아현 느낌이 강한데,True,@qwop7116
@Shuna__,설윤 닮았다고 계속 생각했는데,True,@qwop7116
@든든이-m2g,제발 헤어지고 만나 여럿 피해주지말고ㅠㅠㅠ,False,
@user-fix.,오늘 현재가 역할 톡톡히 하네 ㅋㅋㅋ,False,
@AkaWoorusa,"<a href=""https://www.youtube.com/watch?v=trC4DC3gAwo&amp;t=257"">04:17</a> 역시 이맛이 짧대",False,
@sykim7425,짧대는 예의를 참 잘 지켜줘,False,
@snddhe,여주 설윤 닮았다,False,
@user-nm9om3vd1h,멍청해도 저리 멍청할수가 있나ㅋㅋㅋㅋ,False,
@천둥의신츄르,멍청이 아니라 멍청입니다,True,@user-nm9om3vd1h
@Bk-oc6ix,여자또한 바람인걸 알면서도 같이 자려고 한건 어떤 종류의 멍청인걸까...,True,@user-nm9om3vd1h
@유현-i3q,있던데,True,@user-nm9om3vd1h
@전육팔,바람싸개들이 그렇지 뭐,True,@user-nm9om3vd1h
@우당탕굥디,충전기 일부러 두고갔나부네,False,
@류호원-o2v,정구기.. 머리.. 무슨 일....?,False,
@tnalsdldi0830,재입대 허더덕😅,True,@류호원-o2v
@우진-c5m2m,다녀오신거죠…?,True,@류호원-o2v
@shadyh.7913,??? : 정구기 머리는 ~,True,@류호원-o2v
@류호원-o2v,@@shadyh.7913 백만불짜리..?,True,@류호원-o2v
@sgyn99,정국이 머리 뭐임,False,
@User-ln9mv9461,바보네ㅎㅎㅎㅎ,False,
@Iwantnormal,수능 이후 나오는 짧대도 웃으면서 볼 수 있으면 좋겠다…,False,
@Hanjanhashil,잘 보고와요! 화이팅!!,True,@Iwantnormal
@oritosd92,잘 볼거예요 파이팅~!,True,@Iwantnormal
@에-p3q,나도 ㅜㅜ,True,@Iwantnormal
@yijoo,님 저도 이번주 수능인데.. 둘 다 찍는 문제 푸는 문제 다 맞히고 와요,True,@Iwantnormal
@nicsdang,수험생 모든 여러분 화이팅입니다,True,@Iwantnormal
@blueeee.,"이제 곧 빼빼로데이라서 <a href=""https://www.youtube.com/watch?v=trC4DC3gAwo&amp;t=671"">11:11</a> ??",False,
@봉지리,ㅁㅊ 노려따!,True,@blueeee.
@jooo734,여자분 김빵귤 닮음,False,
@우당탕굥디,헐 여주 너무 매력있다,False,
@천둥의신츄르,매력이 아니라 매력입니다,True,@우당탕굥디
@best_aidol,김태희 어릴 적 닮았어.. 귀여어ㅓㅓ,True,@우당탕굥디
@OdetteAgnes,그놈의 ㄱ글 에서 벳프리 댓글 ㅈ 나많네 그렇게죠 좋은가보지 보러갈까??,True,@우당탕굥디
@GuardianWashington,그놈의 ㄱ글 에서 벳프리 댓글 ㅈ 나많네 그렇게죠 좋은가보지 보러갈까??,True,@우당탕굥디
@WhiteIvar,ㄱ글 에서 벳프리 진짜 보다보면 빠져든다 라이브에 수위도좋고 외모도 좋고 삼박자 지렀으,True,@우당탕굥디
@수족냉증-s8t,와 홍채 종욱 느낌 개좋다 이런배우 어케 찾은거냐,False,
@천둥의신츄르,홍채가 아니라 홍채입니다,True,@수족냉증-s8t
@가주아-x1b,@@천둥의신츄르 감사합니다,True,@수족냉증-s8t
@가즈아-j4h,@@천둥의신츄르 이사람은 격투기 채널에만 있는줄 알았더니 여기도 활동하네ㅋㅋㅋㅋㅋ,True,@수족냉증-s8t
@eyall,"별 느낌 안 드는데,,",True,@수족냉증-s8t
@Jin-xd8un,🎉,False,
@Dyudyu-Madyu,띱,False,
@short_paper,"<a href=""http://www.youtube.com/results?search_query=%23%EC%BD%94%EC%B9%B4%EC%BD%9C%EB%9D%BC"">#코카콜라</a> <a href=""http://www.youtube.com/results?search_query=%23%EB%A0%88%EB%93%9C%EB%A6%AC%EB%B3%B8"">#레드리본</a> <a href=""http://www.youtube.com/results?search_query=%23%EC%BD%94%EC%B9%B4%EC%BD%9C%EB%9D%BC%EC%A0%9C%EB%A1%9C"">#코카콜라제로</a><br>역시, 이 맛이 근본! 코카-콜라! 😘<br>식당에서 코카-콜라 제로 주문하면 참여 가능한 이벤트는 아래 참고! 👇<br><a href=""https://cokeplay.cocacola.co.kr/event/cokecapreward"">https://cokeplay.cocacola.co.kr/event/cokecapreward</a><br><br>멤버십 가입 - <a href=""https://www.youtube.com/channel/UChgOgRNxrtCcVARDQT_c-Zg/join"">https://www.youtube.com/channel/UChgOgRNxrtCcVARDQT_c-Zg/join</a><br>홍채 - 홍은채<a href=""https://www.instagram.com/eunchaehong?igsh=MWRzYW9hbnhzdDNueQ=="">https://www.instagram.com/eunchaehong?igsh=MWRzYW9hbnhzdDNueQ==</a><br>종욱 - 채종욱<a href=""https://www.instagram.com/who_is_chai?igsh=MWp5OXZ2Y2w2aGRqNA=="">https://www.instagram.com/who_is_chai?igsh=MWp5OXZ2Y2w2aGRqNA==</a><br>현재 - 김상희 <a href=""https://www.instagram.com/va_lue_v?igsh=M3h3M2VqOWttaDU1"">https://www.instagram.com/va_lue_v?igsh=M3h3M2VqOWttaDU1</a><br>정국 - 남중규 <a href=""https://www.instagram.com/namdoonggu?igsh=NWpya3l4M2kwdWRl"">https://www.instagram.com/namdoonggu?igsh=NWpya3l4M2kwdWRl</a><br>진아 - 서수민 <a href=""https://www.instagram.com/zzing_e_rang?igsh=a3IydTM4dWIyOXYy"">https://www.instagram.com/zzing_e_rang?igsh=a3IydTM4dWIyOXYy</a><br>병운 - 배재성 <a href=""https://www.instagram.com/b_jae94?igsh=MXg3MGdsbHh6bWd1Mw=="">https://www.instagram.com/b_jae94?igsh=MXg3MGdsbHh6bWd1Mw==</a><br>채연 - 이채연 <a href=""https://www.instagram.com/iesoois?igsh=bzlmNWkxaWQ1MHp2"">https://www.instagram.com/iesoois?igsh=bzlmNWkxaWQ1MHp2</a><br>그리고 짧은대본 <a href=""https://www.instagram.com/short_paper"">https://www.instagram.com/short_paper</a><br>배우지원 - short_audi@<a href=""http://naver.com/"">naver.com</a>",False,
@DeniseYvonne-t6f,ㄹㅇ ㄱ글 에서 벳프리 보면 다른거 눈에도 안들어옴 그냥 다시보면 되니까 개이득임 ㅋㅋㅋㅋㅋ,True,@short_paper
@IanWallace-z6z,진짜 ㄱ글 에서 벳프리 에서 방송 하시던분 진짜 잼있어 ... 다시보고 싶어서 가보자,True,@short_paper
@OdetteAgnes,ㅋㅋㅋㅋㅋㅋ ㄱ글 에서 벳프리 모솨서 잼민이 발정났누?,True,@short_paper
@GuardianWashington,ㅋㅋㅋㅋㅋㅋ ㄱ글 에서 벳프리 모솨서 잼민이 발정났누?,True,@short_paper
@WhiteIvar,ㄱ글 에서 벳프리 이 ㅓㅇ도로 유명했음?  내 듣보잡인줄 알았는데 ㄷㄷ,True,@short_paper
@User-ln9mv9461,첫댓글~~??,False,
@fetabfor,엉,False,
@밀크티2,1등,False,
