author,comment,is_reply,reply_to
@남자중의남자-j7e,"<a href=""https://www.youtube.com/watch?v=tw_gpzbVMmM&amp;t=39"">0:39</a> 소리가ㅋㅋㅋ애기 소리가 아니라 신음소리같아 형...",False,
@CMCINBU,왁삐끼삐끼 보고싶다...,False,
@bebetter1475,애기 너무귀여워ㅋㅋㅋㅋㅋ 아ㅏ~~~~ …..보~~~~ㅋㅋㅋㅋㅋㅋㅋㅋㅋ😂😂😂😂😂😂,False,
@king_129,저희 아버지도 삐걱삐걱 잘하시더라구요😅,False,
@띠로리-b3h,핫클립은 무조건 찾아보는 유튭팬치인데 이정도는 본채널에 올려도되지않낭ㅋㅎㅎ 재미따,False,
@징하고버거하다,왜 왁두 노가리 클립은 본 채널에는 안 올라 오냐 <br>개 재밌는데 이제 봤네,False,
@RubyBackhaus,",롤카,롤카,에서 드디어 양성반응을 보이고 있어요 궁긍하면 검색해봐",False,
@JaiDennys,구글에 검색만해도 롤카롤카가 상단에 잡혀있는데 눌러보기라도 해보세요,False,
@LeviBrigden,롤카롤카 들어와서 안해도 되니까 확인이라도 한번만 해바유 롤카롤카,False,
@skelox9092,ㄱㅇㅈㅇㄱ,False,
@luta09,살다살다 왁끼삐끼 썰을 들을 날이 올 줄이야<br>상상만 해도 행복하다👃💚,False,
@najeongmosajimidachaetzu1909,"<a href=""https://www.youtube.com/watch?v=Ax6B3s4SQLg"">https://youtu.be/Ax6B3s4SQLg?si=h_KYrR347nEVrL8-</a><br>❤❤",False,
@마신제오,ㅋㅋㅋㅋㅋㅋㅋㅋ,False,
@라임떼,진짜 챠니랑 뽀뽀하고 신음 듣고싶다,False,
@gucci1819,형 이거 z핫클립 재생목록에도 넣어주라,False,
@Decaffein_,사실 이런 영상 때문에 팬치 유입된건데<br>그래서 너무 맛있음,False,
@plauha,삐끼삐끼가 얼마나 충격적이면 인급동 30등 찍냐 ㅋㅋㅋ,False,
@qwe9812035,진짜 존나게 웃기네 ㅋㅋㅋㅋㅋ치킨이름 ㅅㅂ ㅋㅋ,False,
@glajddl,❤,False,
@바나듐,마이크를 끌 때마다 저런 귀여운 대화를 하고 계셨다구요??,False,
@FlynnBidwill,롤카롤카에서 드디어 양성반응을 보이고 있어요 궁긍하면 검색해봐,False,
@JakeCombes,구글에 검색만해도 롤카롤카가 상단에 잡혀있는데 눌러보기라도 해보세요,False,
@Gango-is-crazy,인급동 뭐야 왜 여기있어,False,
@안녕하-k5g,근데 우왁굳 방송 채팅창이 제일 더러움<br>관리를 너무 안해,False,
@워프골드,아니 비킴 킴이 이름이었어?,False,
@foxmon1,스튜디오가면 이제 엔젤님과 케미 못보것네ㅠ,False,
@iamcinna,"<a href=""https://www.youtube.com/watch?v=tw_gpzbVMmM&amp;t=409"">6:49</a> 비킴 성이 비즈니스였어 ㄷㄷ",False,
@숨겨진이세돌,기승전나가세요 ㅋㅋㅋㅋㅋㅋㅋㅋㅋㅋㅋㅋㅋ,False,
@baby_panchii,이거 왜 인급동 21위임..?,False,
@구루구루-u3v,오늘도 어김없이 나가세요 ㅋㅋ,False,
@누가내닭다리먹었냐고,질투나.,False,
@btsbtsbtsbtsbtsbts2263,😂😅😊,False,
@btsbtsbtsbtsbtsbts2263,😊,False,
@왁코,형의 삐끼삐끼라 ...,False,
@yongkkk,대월향 짭치 ㅋㅋㅋㅋㅋㅋㅋㅋㅋㅋㅋㅋㅋㅋㅋㅋㅋㅋㅋㅋㅋㅋㅋ,False,
@낭낭-d7t,"<a href=""https://www.youtube.com/watch?v=tw_gpzbVMmM&amp;t=34"">0:34</a> 그분 썰 준내 찰지넼ㅋ 형이거 숏츠로 올리자",False,
@MaihaNakanishi,이스포츠에 관해서는 우리나라가 최고의 실력 롤카롤카 ㅋㅋㅋㅋㅋ,False,
@주둥이카피바라,왁카왁카는 아는데요,True,@MaihaNakanishi
@角野進,"케리아 2년 재계약 확정, 티원 전원재계약 와우 롤카롤카",False,
@浅妻皐,구글에 검색만해도 롤카롤카가 상단에 잡혀있는데 눌러보기라도 해보세요,False,
@堂上大翔,롤카롤카는 롤 vs 카지노 ㅎㅎ 여러분들의 선택에 맡기겠습니다.,False,
@島上美羽,만약에 이스포츠가 질렸다면 카쥐노로 전향해도 무방합니다 롤카롤카,False,
@日原陽子,아무리 내가 여러번 떠들어도 한번 들어와서 눈으로 보면 또 다른 느낌으로 다가온다 롤카롤카,False,
@ChiyokoNakanishi,하루도 빠짐없이 들어와서 눈팅중인데 오늘은 달려볼거임 롤카롤카,False,
@島野健三,미리 사전에 정보수집을 안해도 실전에서 배우면 된다 롤카롤카,False,
@AliBroadby,LCK LPL 멸망존 스케줄표 다 나와있습니다. 롤카롤카,False,
@AliNoack,롤카롤카 들어와서 안해도 되니까 확인이라도 한번만 해바유 롤카롤카,False,
@貝塚結菜,롤카롤카 어쩔줄몰라하면 침착하게 들어가보자 그것부터배워라,False,
@中前翔,롤카롤카 찌라시가 돌던데.. 여윽시 금방 나올줄 알았다 ㅋㅋㅋㅋㅋ,False,
@LachlanGale,남녀노소 어렵지 않은 이스포츠 대명사 롤카롤카,False,
@สุชณิกาญจน์เกษจันทร์,내가 장담하는데 롤카롤카 분명 흐름타서 페이모스해진다,False,
@AlicaDeniehy,하나부터 열까지 다 가르쳐주는 배튕학원 롤카롤카,False,
@ทวิทย์ดําเนินกิจมั่น,롤카롤카 나오기까지 3년을 기다렸다 드디어 두두등장,False,
@槙本駿,모든 게임의 정보는 어디서확인하라고? 롤카롤카,False,
@YoshimichiYoshihara,나는 롤카롤카에서 페이커를 처음 알게되었다,False,
@忠地誠,롤카롤카 엄청 도배되어 있네 뭐지.. 한번들어가봐야겠다,False,
@สุลักคนาราษีนวล,곧 시즌이 돌아오는데 가만히 계실건가요 ? 롤카롤카,False,
@宮入美羽,롤카롤카 들어와봐요 ㅋㅋㅋ 이런곳도 있네 ㅋㅋㅋ,False,
@lle6096,"<a href=""https://www.youtube.com/watch?v=tw_gpzbVMmM&amp;t=52"">00:52</a> 아 저 왁두짤 웃겨서 뒤지겠네 ㅋㅋㅋㅋ",False,
@Chanran8991,왁끼삐끼는 진짜 귀하네요..,False,
@juk6287,"<a href=""https://www.youtube.com/watch?v=tw_gpzbVMmM&amp;t=483"">08:03</a> 엔젤님 마동석 빙의 ㅋㅋ",False,
@이백수,삐끼삐끼를 왜 우리한텐 안보여주냐고<br>진짜 이해가 안되네,False,
@LeeHyunkyun,마지막 나가세요 는 하이라이트다 ㅋㅋㅋㅋㅋㅋㅋ,False,
@이상훈-k8d,알차다 알차~,False,
@예이띠헷,아니 개웃기네 ㅋㅋㅋ 이게 왜 z핫클립이야,False,
@턱이-t9n,유튭팬친데 생방 볼 시간안되서 여따 질문좀...혹시 이형 4집 언제나온다 오피셜 발언한적있음? 25년에 나오나?,False,
@고늘,&quot;완성은 올해안에 될것같다. 언제 완성이 되고 언제 나오는지는 11월 중순정도는 되야 알것같다&quot; 가장 최근 발언은 대충 이런 느낌이였음 보름정도 지난듯,True,@턱이-t9n
@턱이-t9n,@고늘  오 감사합니다~,True,@턱이-t9n
@chye3500,마무리는 ㄴㄱㅅㅇ ㅋㅋㅋㅋㅋㅋㅋㅋㅋㅋㅋㅋㅋ,False,
@우-q4g,그분도 귀엽고 형도 귀엽고 엔젤님도 귀엽고,False,
@Banana_W_,아 나도 왁끼삐끼 보고싶다,False,
@밍밍-d1t,ㅋㅎㅋㅎㅋㅎㅋㅎㅋ진짜 개욱겨,False,
@Yobetel,엔딩 깔끔하구만,False,
@Generalchoi-wak,풀트 끼고 삐끼삐끼 추는 형 보고싶다 ㅋㅋㅋㅋ,False,
@Gwillson123,"<a href=""https://www.youtube.com/watch?v=tw_gpzbVMmM&amp;t=465"">7:45</a> 신났냐? 할줄아는거 있어서?<br>ㅋㅋㅋㅋㅋㅋㅋㅋㅋㅋㅋㅋㅋㅋㅋㅋㅋㅋㅋㅋㅋㅋㅋㅋㅋㅋㅋㅋㅋㅋㅋㅋ",False,
@간석동바다코끼리,형 노가리는 본채널에 좀 올려줘,False,
@akiir4162,"<a href=""https://www.youtube.com/watch?v=tw_gpzbVMmM&amp;t=178"">2:58</a> 제가 더 까만데는 미친거아니야 ㅋㅋㅋㅋㅋㅋㅋㅋㅋㅋㅋㅋㅋㅋㅋㅋㅋㅋㅋㅋㅋㅋㅋㅋㅋㅋㅋㅋㅋㅋㅋㅋㅋㅋㅋㅋㅋㅋㅋㅋㅋㅋㅋㅋㅋㅋㅋㅋ",False,
@사냥이과하면사냥당한,와 소피아,False,
@Arin-e,얘는 뭐 삐끼삐끼 춤춘 영상도 없는데 췄다고하냐;,False,
@whatisyourname1,방송에서 췄다고 한 적도 없습니다,True,@Arin-e
@백구대간,영상도 안보고 댓글다네,True,@Arin-e
@JIn-fb2gj,썸넬 바뀐거 보고 다시왔다 ㅋㅋㅋㅋ,False,
@똥침팬치,나도 형 삐끼삐끼 보고 싶다... 얼마나 귀여울까,False,
@user-Fridays,"<a href=""https://www.youtube.com/watch?v=tw_gpzbVMmM&amp;t=424"">7:04</a> 오토폰 비즈니스 2세가 개웃기네 ㅋㅋㅋㅋㅋㅋㅋㅋ",False,
@operat9639,이런 클립 모음 너무좋다,False,
@정민욱-w7r,"<a href=""https://www.youtube.com/watch?v=tw_gpzbVMmM&amp;t=448"">7:28</a> 맨날 밥먹고치우면서 뒤에서 알콩달콩 모먼트미쳤네 형 ㅋㅋㅋㅋㅋㅋㅋㅋ 부럽다..",False,
@Ahn_Tan,미친짭치 ㅋㅋㅋㅋㅋㅋㅋㅋㅋㅋㅋ,False,
@youngho56,삐끼삐끼 ㅅㅂ ㅋㅋㅋㅋㅋ 쌈넬에 캐터졌네 ㅋㅋㅋ,False,
@Cheolsmile,하 마지막 미치겟네 연애결혼도파민터진다 ㅋㅋㅋ,False,
@브래드리-k6n,마지막은 항상 나가세요!ㅋㅋㅋ,False,
@lily700-h6h,진짜 메두사 누나였냨ㅋㅋㅋㅋㅋㅋㅋㅋㅋ,False,
@kokuyosh,z에서 인급동이 뜨네 ㅋㅋㅋㅋㅋ 썸네일 미치겟다,False,
@Q2Z4,대월향 미친짭치 ㅈㄴ 웃기네 ㅋㅋㅋㅋㅋㅋㅋ,False,
@raybm7777,이번 꺼 재밌네 ㅋㅋ,False,
@익현김-l8e,삐걱삐걱 ㅋㅋㅋ,False,
@dalsh1583,기승전 나가세요 ㅋㅋ,False,
@혜성님,삐끼삐끼?,False,
@STRIKEgatx105,와꾸텽 전매특허 &#39;나가세요&#39;,False,
@wars1837,"<a href=""https://www.youtube.com/watch?v=tw_gpzbVMmM&amp;t=260"">4:20</a> 야구마냥 채금 3번 시키는거 ㅈㄴ 웃기네 ㅋㅋ",False,
@doukkkk,"<a href=""https://www.youtube.com/watch?v=tw_gpzbVMmM&amp;t=408"">6:48</a> 아니 비킴님 성이 김씨가 아니고 비즈니스였어~?!",False,
@조종수-e2d,"<a href=""https://www.youtube.com/watch?v=tw_gpzbVMmM&amp;t=113"">1:53</a> 이거 나만 가슴골로 보이냐?",False,
@신지리찬,"<a href=""https://www.youtube.com/watch?v=tw_gpzbVMmM&amp;t=178"">2:58</a> 맞는말만 하네ㅋㅋㅋㅋㅋ",False,
@부봡삐,"<a href=""https://www.youtube.com/watch?v=tw_gpzbVMmM&amp;t=483"">8:03</a>형 진짜 한결같네ㅋㅋㅋㅋㅋㅋ 바로 나가세요ㅋㅋㅋㅋㅋㅋ",False,
@엔랑_enlang,삐끼삐끼 직관 미치도록 부럽다,False,
@유안유튜브,형 쥰내 딸 낳고 딸바보됐어ㅋㅋ,False,
@유안유튜브,비챤님 놀라는 거에는 안들어 왔지만 왁끼삐끼에 바로 들어왔다,False,
@귀상어두,"<a href=""https://www.youtube.com/watch?v=tw_gpzbVMmM&amp;t=12"">0:12</a> 니가ㅋㅋㅋ시컀잖아욬ㅋㅋㅋㅋㅋ<br>엔젤님한테 니가라고 한 적 있나?? 나 처음보는거 같앜ㅋㅋ",False,
@Imilia0703,메두사 누나 지금 의사 하신다고....,False,
@Wak_Oppa_Sarranghey,썸네일이 안 들어올수가 없네 ㅋㅋㅋㅋ,False,
@2024에도화이팅,ㅋㅋㅋㅋㅋㅋ 😂,False,
@wws220,결국엔 나가새요 앤딩 ㅋㅋㅋㅋㅋ,False,
@ant_ksans,항상 끝은 &quot;NAGA&quot;,False,
@JJanuary21,제발.. 우리도 왁끼삐끼 보여다오... 브이아루...,False,
@9232l-o2g,"<a href=""https://www.youtube.com/watch?v=tw_gpzbVMmM&amp;t=178"">2:58</a> 개읏기네 ㅋㅋㅋㅋㅋㅋㅋㅋㅋㅋㅋㅋㅋㅋ",False,
@sgt8195,미즈.,False,
@쩌링zz,팀이름 개웃기넼ㅋㅋㅋㅋㅋ,False,
@Ebar-33,시작부터 삐끼삐끼 ㅋㅋㅋ,False,
@시고SHIGo999,왁끼왁끼,False,
@명우박-u5f,?와생8ㅕ상이다,False,
@5takoo,"<a href=""https://www.youtube.com/watch?v=tw_gpzbVMmM&amp;t=484"">8:04</a> 왜 항상 이 나가세요에 치이지 나｡｡?",False,
@olihin,"ㅋㅋㅋㅋㅋㅋㅋㅋㅋㅋㅋㅋㅋㅋㅋㅋㅋㅋㅋㅋㅋㅋㅋㅋㅋㅋㅋㅋㅋㅋㅋㅋㅋㅋㅋㅋㅋㅋ 핫클립이 알차다 <a href=""https://www.youtube.com/watch?v=tw_gpzbVMmM&amp;t=241"">4:01</a> 일점사 이게 댕 웃기넼ㅋㅋㅋㅋㅋㅋㅋㅋㅋㅋㅋㅋㅋㅋㅋㅋㅋㅋㅋ",False,
@kisetsu8771,마지막은 역시 나가세요 엔딩,False,
@NoRaengs99,"<a href=""https://www.youtube.com/watch?v=tw_gpzbVMmM&amp;t=446"">7:26</a> 현지인의 일본어 ず 발음 강의",False,
@포브스선정이딸이-l1i,미친 짭치에서 개 빵터젔네 ㅋ,False,
@darkmooncat124,형 미친와 이걸 해? 스윗해ㅋㅋㅋㅋㅋㅋㅋㅋㅋㅋ,False,
@ソタ-r5n,썸넬 삐끼삐끼로 바꾼거 개웃기네ㅋㅋㅋㅋㅋㄲ,False,
@user-4Bpencil,ㅋㅋㅋㅋㅋㅋㅋㅋㅋ,False,
@laul1800,엔젤님 귀여워...,False,
@myisla9899,아 ! 보 !  ㅋㅋㅋㅋㅋ 그분 넘 기여어 ㅜㅠ,False,
@Brown_Brown,첨엔 비챤 썸넬이다가 왁끼왁끼로 바꼈네,False,
@no_more_baseball,"<a href=""https://www.youtube.com/watch?v=tw_gpzbVMmM&amp;t=279"">4:39</a> 챠니 목소리 떨면서 죄송해요 하는거 왤캐 귀엽고 웃기냐 ㅋㅋㅋㅋㅋㅋㅋㅋㅋㅋㅋㅋㅋㅋㅋㅋㅋ",False,
@jjeo_na,비킴 성이 비즈니스였어?,False,
@lucky_strike93,우왁굳의 우끼우끼,False,
@슈루루루류룩,생방못보는 유튭돚거짭치인 나한텐 쥰내 소중한 영상이니까 1년 묵혔다 봐야겠다,False,
@Wakdoodoo,"<a href=""https://www.youtube.com/watch?v=tw_gpzbVMmM&amp;t=39"">0:39</a> 이 아! 가 아니라 AH! 아닌가",False,
@슈루루루류룩,이게 얼마만의 핫클립이냐 쥰내 맛있다 더 줘 더줘!!!!,False,
@보급형대포폰,형 수둔술사야?,False,
@러키스타,삐끼삐끼 가 아니고 삐걱삐걱 이였을 듯,False,
@내가바보면,맛있다 내수 핫클립의 맛이란..,False,
@onlylilpa700,😮,False,
@D.t0114,백터맨 메두나 누나는 ㅇㅈ이지,False,
@시청자는이댓글을좋아,챠니 찐으로 당황해서 죄송해요가 아니라 채송해오라서 더 웃김ㅋㅋㅋㅋㅋ,False,
@user-Co7Ca7Co7la,😊,False,
@갈치군,"<a href=""https://www.youtube.com/watch?v=tw_gpzbVMmM&amp;t=483"">8:03</a> 역시형이야",False,
@inkPng,미친 웃기네 이번꺼ㅋㅋ,False,
@catthepower9417,미친짭치 ㅋㅋㅋㅋ 형보다 팬치들이 더화났어 ㅋㅋㅋㅋㅋㅋㅋㅋㅋㅋ,False,
@gosemfdleocpanjsep,비즈니스킴이나까... 이름이 비즈니스아녔어...? ㅋㅋㅋㅋ,False,
@크탼,"<a href=""https://www.youtube.com/watch?v=tw_gpzbVMmM&amp;t=274"">4:34</a> 사람 얼굴 보고 놀라는게 실례는 맞는데ㅋㅋㅋ 형 저건 누가 와도 놀랐을것 같아ㅋㅋㅋㅋㅋㅌㅋ",False,
@chocobeeoneshot,핫클립 역시 존잼 유툽팬치의 행복,False,
@코르크론충성주의자,난 나가세요로 끝나는 클립이 너무 좋다.<br>최근엔 나가자로 끝나는것도 좋다,False,
@jejjejjej,ㅋㅋㅌㅋㅋㅋㅋㅋㅋㅋㅋㅋㅋㅋㅋㅋㅋㅋㅋㅋㅋㅋㅋㅋ,False,
@박정우-g5o,Bow~,False,
@마르-y1b,밥먹으면서 보려다가 사레들림ㅋㅋㅋㅋㅋㅋㅋㅋㅋ,False,
@Birdvirus282,뭐가 어찌됐든 형이 삐끼삐끼를 춘건 팩트리는거임,False,
@ashwalromaniel5358,진짜 이형 브이로그 채널 오픈 해야 한다니까??!?!?!,False,
@안녕후르츠,왁굳님 방송에서 엔젤님에게 나가세요 이런거 자주해도 진짜 쿵짝 잘맞게 잘노네 ㅋㅋㅋ,False,
@wirelessholic4506,??? : &quot;채팅 관리좀 해 형!&quot; (본인이 관리당함),False,
@in_sang,엔젤님이랑 담소 나누는거 기분좋다 따수워져 ㅎㅅㅎ,False,
@user-lt6mp7tb6e,왁끼삐끼 보고싶다,False,
@soomin0612,걍 형이 춤을 췄다는게 개웃기다 그것도 삐끼삐끼를 ㅋㅋㅋㅋㅋㅋㅋㅋ,False,
@퍼그위키,형 그분 천재인가봐,False,
@김리후-k4n,여기 풀업만 올라오는거 아니였음?<br>또 주구난방되어가는거임?,False,
@karius2223,"<a href=""https://www.youtube.com/watch?v=tw_gpzbVMmM&amp;t=482"">8:02</a> NAGA",False,
@BuriBuri_musigi,진짜 치킨은 너무 맛있더라...,False,
@menew_menew,왁끼왁끼 ㅋㅋㅋㅋ,False,
@야간-e4y,"<a href=""https://www.youtube.com/watch?v=tw_gpzbVMmM&amp;t=61"">1:01</a> 형 그분이 롸붸좌우 하는것부터 너무 신기한데..?",False,
@jiho_PhD,Z볶음밥 알차다,False,
@이세계아이돌사랑해,형 삐끼삐끼 우리도 보여줘,False,
@nsN1W,미즈.,False,
@i2nu,챠니는 착할 뿐이야..,False,
@NakTar-Tempest,마지막 진짜 너무 달달하네….,False,
@한유진-t9c,"<a href=""https://www.youtube.com/watch?v=tw_gpzbVMmM&amp;t=187"">3:07</a> 치킨 이름들어가니까 하나같이 짜쳐지네",False,
@우스갯,Z에서 딴건 몰라도 이건 먹어야지 ㅋㅋ,False,
@박건우-m1q,야 이게 얼마만에 핫클립이냐,False,
@lilkimchi8084,"<a href=""https://www.youtube.com/watch?v=tw_gpzbVMmM&amp;t=448"">7:28</a>둘이 사귐?",False,
@박꿀배,억측 ㄴㄴ,True,@lilkimchi8084
@hakodje29인디불만,에이 설마,True,@lilkimchi8084
@KUBIN_0H7l,엔젤님이랑 결혼 하셨지 않나..ㅋㅋ,True,@lilkimchi8084
@hakodje29인디불만,@@KUBIN_0H7l 아;; 씹노잼,True,@lilkimchi8084
@긱긱이,@@lilkimchi8084 미친 짭치,True,@lilkimchi8084
@sameas933,예전엔 본채널에서 이런거 재미있게 많이 봤는데 ㅋㅋㅋㅋㅋㅋ 핫클립 너무 좋아 계속해줘 형,False,
@AhHa-Igotit,"<a href=""https://www.youtube.com/watch?v=tw_gpzbVMmM&amp;t=385"">6:25</a>  소피아는 유구한 악당집안이구나",False,
@ant_ksans,ㅋㅋㅋㅋㅋㅋㅋ,True,@AhHa-Igotit
@aneounghaseyo,와 메두사 누나 개이쁨 찾아보니까,True,@AhHa-Igotit
@murubyaruk,그 잘생기긴 했음,True,@AhHa-Igotit
@molsal,인간적으로 풀트끼고 삐끼삐끼를 보여줘야,False,
@take-a-nap,우왁굳 삐끼삐끼 영상 삽니다,False,
@SIRiya688,"<a href=""https://www.youtube.com/watch?v=tw_gpzbVMmM&amp;t=483"">08:03</a>",False,
@butter_9852,박사님 메두사 누나 개웃기네 ㅋㅋ,False,
@giraffe_jingburger_love,"<a href=""https://www.youtube.com/watch?v=tw_gpzbVMmM&amp;t=483"">8:03</a>  NAGA세요",False,
@프리미엄-e4v,"<a href=""https://www.youtube.com/watch?v=tw_gpzbVMmM&amp;t=408"">6:48</a> 아니 킴이 이름이고 성이 비즈니스였어? 처음 알았는데",False,
@긱긱이,여태 킴비라고 불렀는데 비킴이 맞네,True,@프리미엄-e4v
@nn1kr748,한국오면서 한국정서에 맞는 이름으로 한거야? ㄷㄷ,True,@프리미엄-e4v
@비상용-l1j,근데 이거왜 z 에 올라옴?,False,
@shipta_10,형 우리몰래 삐끼삐끼라니 넘해!,False,
@이해쌉가능,"<a href=""https://www.youtube.com/watch?v=tw_gpzbVMmM&amp;t=404"">6:44</a> 스스로 왁타버스 세계관 개척하는게 개웃기네 ㅋㅋㅋㅋ",False,
@찌글이,아 진짜 개귀엽네 이형을 안사랑할수 없어 ㅋㅋㅋㅋㅋㅋㅋㅋㅋㅋㅋㅋ,False,
@mixdlexx,나가세요 엔딩ㅋㅋ,False,
@yjw0128,"<a href=""https://www.youtube.com/watch?v=tw_gpzbVMmM&amp;t=171"">2:51</a> 제가 더 까만데는 미친 거 아니야 ㅋㅋㅋㅋㅋㅋㅋㅋㅋ",False,
@user-k67sl4do7r,나도 형이 삐끼삐끼 추는거 보고싶어..,False,
@오이마요네즈,왁끼왁끼를 볼려면 최소 와이프부터구나,False,
@siaxs144,베헤리트 ㅋㅋㅋㅋㅋㅋㅋㅋㅋㅋㅋ 왁헤리트 개웃기네 ㅋㅋㅋㅋㅋㅋㅋㅋㅋㅋㅋㅋ,False,
@toosa6205,삐끼삐끼,False,
@mttptto,아 핫클립 너무 재밌어,False,
@rupin-n1j,거를 장면이 없네 ㅋㅋㅋㅋㅋㅋ 다 너무 웃긴다,False,
@포켓몬애호가-d2g,어구 어구 우리 택이형 춤 췄어요~~,False,
@whswo,썸네일 개폭력적이네 ㅋㅋㅋㅋㅋ<br>안들어올수가 없네,False,
@changhoonjeong263,어이가 없넼ㅋㅋㅋㅋㅋㅋㅋㅋㅋ,False,
@바삭한여포,ㄱㅇㅇ,False,
@안전주의김방패,"<a href=""https://www.youtube.com/watch?v=tw_gpzbVMmM&amp;t=360"">6:00</a> 소피아 전에 두다리 건너면 가수 거미랑 최불암 선생님 나온다더니 친척중에 벡터맨 배우도 계시네ㅋㅋㅋㅋㅋㅋㅋㅋ",False,
@계폭란탄찜,두다리가 그렇게 두다리였넼ㅋㅋ,True,@안전주의김방패
@김유주-f2j,진짜 친척분들 무슨일이야 ㅋㅋㅋㅋㅋ 넘 신기하고 재밋는 인연이네요ㅎㅎ(오늘윤하신곡3곡나왔어요,True,@안전주의김방패
@user-ch3sb3vi9c,왁굳님하고 엔젤님 시작부터 끝까지 달달하다ㅋㅋㅋㅋㅋㅋ보기만 해도 행복해 ㅋㅋㅋㅋㅋㅋ,False,
@sooho_kun,형 핫클립 너무 재밌다 자주 해줘,False,
@lutein100,"<a href=""https://www.youtube.com/watch?v=tw_gpzbVMmM&amp;t=54"">00:54</a> 보~ ㅋㅋㅋㅋㅋㅋ<br>재미와 귀여움 둘 다 보장하는 그분",False,
@김태훈-v8y1j,아웅...너무 귀여워...,True,@lutein100
@nznia,마무리는 항상<br><br>&quot;나가세요.&quot;<br>&quot;어이가 없네.&quot;<br><br>ㅋㅋㅋㅋㅋ,False,
@NoRaengs99,꽁트같애서 개웃김 ㅋㅋㅋㅋ,True,@nznia
@구기구기,삐끼삐끼 죤내 부럽다ㄹㅇ,False,
@Me_Chin_Nom,영상설명을 바꿔야되긴 해 형<br>뭐가 문젠지는 자세히보면 바로 보일거야,False,
@한버딩,ㅋㅋㅋㅋㅋㅋㅋㅋㅋㅋㅋㅋ 형 애교가 점점 늘어난거같어 ㅋㅋㅋ,False,
@user-yx9sm2qv4t,백터맨 나오는거 며칠자 방송인가요?,False,
@bbaekom_,우왁굳Z - 90년대 애니메이션 티어게임<br>올라와있음,True,@user-yx9sm2qv4t
@user-yx9sm2qv4t,@@bbaekom_ 감사합니다!,True,@user-yx9sm2qv4t
@Vi-Tzro,우왁굳은 삐끼삐끼를 보여달라!,False,
@탄소융합체,"<a href=""https://www.youtube.com/watch?v=tw_gpzbVMmM&amp;t=39"">0:39</a> 가오나싴ㅋㅋ",False,
@33번팬치,진짜 핫클립 개맛있네,False,
@user-UCaIzoloCbisHhLvOTkeqyqg,"<a href=""https://www.youtube.com/watch?v=tw_gpzbVMmM&amp;t=446"">7:26</a> 아 뭐야 둘이 사귀나봐~",False,
@강현섭_71,삐끼삐끼를 추는 형 상상이 안되는데요ㅋㅋㅋㅋㅋㅋㅋㅋㅋㅋㅋㅋㅋㅋ,False,
@Haram___,본채널보다 더맛있는거 나만그런가? ㅋㅌㅋㅋㅋㅋ,False,
@Cham_E,"<a href=""https://www.youtube.com/watch?v=tw_gpzbVMmM&amp;t=483"">8:03</a> 나가세요/어이가없네 이게 왤캐 웃기짘ㅋㅋㅋㅋㅋㅋㅋㅋ",False,
@user-IU_UAENA,ㅋㅋㅋㅋㅋ 역시 마지막은 나가세요,False,
@Ore_33,"<a href=""https://www.youtube.com/watch?v=tw_gpzbVMmM"">0:00</a> 진짜 이 썰듣고 내 귀를 의심함ㅋㅋㅋㅋㅋㅋㅋㅋㅋㅋㅋㅋㅋㅋㅋ",False,
@따땃한햇살,모캡입고 삐끼삐끼 추는 형 보고 싶으면 개추,False,
@The_Journey_of_Mica,일본어 발음 지적하는거 울 할아부지같애,False,
@마림바-v9l,Z 핫클립을 다 아는 나….큰일 난 걸까?,False,
@maestrong777-d4t,왁연시도 나와야 된다고 생각해요,False,
@z_8174,"<a href=""https://www.youtube.com/watch?v=tw_gpzbVMmM&amp;t=262"">4:22</a> 혐팬지짓 한 번 하고 일점사당해서 뒤지는 게 개웃기네ㅋㅋㅋㅋㅋㅋㅋㅋㅋㅋㅋㅋ",False,
@없어요-p6h,왁젤 파트 너무 달달하다 형 나 이빨 다 썩을 것 같애,False,
@RaffaelluBongsule,챠니 ㄱㅇㅇ,False,
@Cosmopo2341,형 사실 세돌이들이 삐끼삐끼 춤추고 놀때 같이 해보고싶었던거야..?,False,
@bradson4698_,"<a href=""https://www.youtube.com/watch?v=tw_gpzbVMmM&amp;t=51"">0:51</a> 아 진짜 ㅋㅋㅋㅋㄹㅋㅎㅋㄹㅋㄹㅋㅋㅋㅋㅋㅋㅋㅋㅋㄹㅋㅎㅋㅋ",False,
@yodo5515,Z 채널 구독해두고 하나도 안봤는데 핫클립이니까 술술넘어감ㅋㅋ 앙 맛잇띠~,False,
@김준-u5p,"<a href=""https://www.youtube.com/watch?v=tw_gpzbVMmM&amp;t=244"">4:04</a> 일점사 레게노ㅋㅋㅋㅋㅋㅋ",False,
@아아콜,형이 삐끼삐끼를...?,False,
@billko4342,아니 형 전여친이랑 너무 달달하게 있는거 아니야? 이제 딸도 있는데,False,
@user-cc2yw1cs8j,"<a href=""https://www.youtube.com/watch?v=tw_gpzbVMmM&amp;t=480"">8:00</a> 깜빡이도 안키는 걸 넘어 이제는 틈도 안주고 들어오네 ㅋㅋㅋ ㄴㄱㅅㅇ",False,
@Plu_E_To,"<a href=""https://www.youtube.com/watch?v=tw_gpzbVMmM&amp;t=445"">7:25</a> 이것이 꽁냥꽁냥인 것인가",False,
@byaeun,"<a href=""https://www.youtube.com/watch?v=tw_gpzbVMmM&amp;t=309"">5:09</a> 아무리 그래도 아이돌이 사장님한테 야발 괴물은 좀ㅋㅋㅋㅋㅋㅋㅋㅋㅋㅋㅋㅋㅋㅋㅋ",False,
@팬시킴,오직 엔젤님만 직관가능한 왁끼왁끼,False,
@user-thinkingchair,우왁끼는..살아있다...,True,@팬시킴
@BreakPervert,왁끼왁끼 떽!떽!,True,@팬시킴
@ballgum5,"<a href=""https://www.youtube.com/watch?v=tw_gpzbVMmM&amp;t=358"">5:58</a> 아니 소피아 뭐하는 사람이야 사촌이 백터맨 배우고 두다리 건너면 가수거미 나오고 ㅋㅋㅋㅋㅋㅋ",False,
@펭구07,일단 두다리만 건너면 유명한 사람 ㅋㅋㅋㅋㅋㅋㅋㅋㅋ,True,@ballgum5
@404notfouzb,"<a href=""https://www.youtube.com/watch?v=tw_gpzbVMmM&amp;t=466"">00:07:46</a> ㅋㅋㅋㅋㅋㅋㅋㅋㅋ댓글에 이러다 결혼하겠다 아주 이러는게 왜케 웃김",False,
@장민준-s1n,"<a href=""https://www.youtube.com/watch?v=tw_gpzbVMmM&amp;t=279"">4:39</a> 괴...물",False,
@빵떡챤러브,BOW~,False,
@빵떡챤러브,ㅋㅋㅋㅋㅋㅋ이거 챤넴 착한거봐 바로 죄송해욬ㅋㅋㅋㅋ,False,
@lIIlllIII,왁젤로 시작해서 왁젤로 끝나는 옳게된 핫클립,False,
@aengdu-Transparency-111,형 몸치였구나,False,
@Dow-o0o,세금좀 더내 형,False,
@user-oz1bd3vd1b,형 ㄱㅇㅇ,False,
@nu9750,형 이제 춤으로도 이세돌 기강 잡으려는거야..???,False,
@seonq,형 나도 삐끼삐끼 보여줘,False,
@surplus_bear,"<a href=""https://www.youtube.com/watch?v=tw_gpzbVMmM&amp;t=175"">2:55</a> 제가 더 까만데 ㅇㅈㄹ ㅋㅋㅋㅋㅋㅋㅋ",False,
@sawsee3003,"<a href=""https://www.youtube.com/watch?v=tw_gpzbVMmM&amp;t=289"">4:49</a> 형 미안한데 솔직히 진짜 괴물이야 저 인형 ㅋㅋㅋㅋㅋ",False,
@Identify_15737,"<a href=""https://www.youtube.com/watch?v=tw_gpzbVMmM&amp;t=39"">0:39</a> 아!",False,
@손군,"<a href=""https://www.youtube.com/watch?v=tw_gpzbVMmM&amp;t=340"">5:40</a> ㅋㅋㅋㅋㅋㅋ세용이는 천연기념물이라고 했던게 엇그제 같은데 ㅋㅋㅋㅋㅋㅋㅋㅋㅋ리얼 그렇게 되어버렸어 ㅋㅋㅋㅋ 유일한 왁굳억제기느낌 ㅋㅋㅋㅋ",False,
@비질란테-n1e,전포 ㅋㅋㅋㅋㅋㅋㅋ,True,@손군
@사랑해요-s5h,"<a href=""https://www.youtube.com/watch?v=tw_gpzbVMmM&amp;t=277"">4:37</a> 저때 챠니 진짜로 놀란 거 같아서 너무 웃픔 ㅋㅋㅋㅋㅋㅋㅋㅋㅋ",False,
@구면인데,"<a href=""https://www.youtube.com/watch?v=tw_gpzbVMmM&amp;t=308"">5:08</a> ㅅㅂ 괴물 ㅋㅋㅋㅋㅋㅋㅋㅋㅋ",False,
@부봡삐,ㅋㅋㅋㅋㅋㅋㅋㅋㅋㅋㅋㅋㅋㅋ,True,@구면인데
@ChevroletRocher,"<a href=""https://www.youtube.com/watch?v=tw_gpzbVMmM&amp;t=277"">4:37</a> 사과까지 풀콤보 박아버리네 ㅋㅋㅋ",False,
@Soboong98,사과하니까 오히려 맴찢 ㅜㅜ,True,@ChevroletRocher
@chance_kim,형 아니 쥰내 너무하네 <br>삐끼삐낀지 우끼끼낀지 그걸 왜 엔젤님한테만 보여줘!,False,
@Sangu_sss,ㄹㅇ 왁구텽 당장 vr로 삐끼삐끼 해줘ㅓㅓㅓ,True,@chance_kim
@I9딸감용-자료V-w5y,⤴🛐,True,@chance_kim
@ChevroletRocher,엔젤님 앞에서 재롱떠는 태긔가 실존한다고..?,False,
@Kwon_Incisor_Tooth,"<a href=""https://www.youtube.com/watch?v=tw_gpzbVMmM&amp;t=176"">2:56</a> 뢴트게늄/논란 및 사건사고",False,
@abcd-nc8my,그분 너무귀여워!!,False,
@shnim8907,방금막 수험표 받고 온 06은 개추 ㅋㅋ,False,
@다람-q7l,내가 뭘 들은거야 삐끼삐끼라고 형..?,False,
@오산-y9w,아니 형 이것만큼은 우왁굳 삐끼삐끼 썸네일로 해줬어야하는데,False,
@김연우-t7p,우왁굳님 오늘 클립들도 넘 재밌네요 ㅎㅎㅎㅎ 매번 재밌는 컨텐츠 만들어주셔서 감사드립니다.(윤하콘서트곧해요,True,@오산-y9w
@alclsfkfma,난 삐끼삐끼던데 랜덤 썸네일 쓰시는듯?,True,@오산-y9w
@더90,삐끼삐끼 맞음 ㅋㅋㅋㅋㅋㅋㅋㅋ,True,@오산-y9w
@서현-p4r2p,대 끼 삐 끼,True,@오산-y9w
@daysfishy4851,Z 영상은 다 안 보는 편인데 유튜브 켜자마자 삐끼삐끼 썸네일 있어서 들어와버림 ㅋㅋㅋ,True,@오산-y9w
@사냥이과하면사냥당한,8초전,False,
