author,comment,is_reply,reply_to
@kei0304,가야겠다..............,False,
@waves595,다음은 월곡 비너발트 뮌쉐너바이스 ㄱ ㄱ ㄱ,False,
@minchoyuji3556,국민대 쪽 도이칠란드 박도 추천드려요!,False,
@rodrod5774,오!!!!! 여기 친구네 회사 앞이라 맨날 힘들다 징징대며 가던 곳이네요. 여기 진짜 다 맛있었어요. 또 가고싶네요.,False,
@nalari,소세지는 남해 독일마을에서 파는 소세지가 찐이에요. 부어스트 퀴세. 파독 갔다오신 분들이 모여살던 마을이라 그런지 어딜가나 소세지 퀄리티는 ㅅㅌㅊ입니다. 아잉거 생맥주나 카이저돔은 꼭 드셔보세요.,False,
@기다림-y7i,육식맨 선정 서울 최고의 귀여운 밤비 공개합니다 (광고 아님),False,
@user-hb4lIntn,"<a href=""https://www.youtube.com/watch?v=UHE1Aduubu8&amp;t=78"">1:18</a> 애 무서워하는 거 봐 <br>외출시 입마개 안 할 거면 줄이라도 당겨 잡던가",False,
@127hush5,개고기로 만든 소세지임?,False,
@FionaQuinby,헬창들도 ㄱ글 에서 벳프리 보면 근육 다빠진다며 ㅋㅋㅋㅋㅋㅋㅋㅋ 사실임??ㅋㅋㅋㅋ,False,
@ZacharySteadfast,진짜 ㄱ글 에서 벳프리 에서 방송 하시던분 진ㄹ짜ㅇ  잼ㄱ있글어  에.서. . 벳다프시리보 고보 면싶 어다서른 거가 보눈자에 도? 안들어옴 그냥 다시보면,False,
@8wjst8o,음 밤비는 좀 별로고 항상 저 간판 궁금했는데 저런걸 파는군요,False,
@Hangeuli,아 이 가족 너무 좋다❤,False,
@MarlonAnnabelle,여기댓글 왜이럼 ㄷㄷ ㄱ글 에서 벳프리 도대체 머길래--,False,
@JanetFairfax,ㄱ글 에서 벳프리 보느라 눈밑에까지 다크써클 들어옴 ... 진짜 근데이뻐서 눈을못떼겟다...?,False,
@가령-c4z,소주는 안파는곳인가요,False,
@23z-e5x,월곡 동덕여대 비너발트 맛있슴,False,
@-les8485,며칠전에 영상 보고 갔다왔는데 와 진짜 존맛탱이었어요<br>2시간이나 웨이팅했지만 기다릴만했음..,False,
@bt5725-i9l,귀염둥이 밤비,False,
@Drone0,귀염뽀짝 털뭉치 밤비,False,
@나무늘보-j1c,김제동,False,
@도미노-d9e,나는 다 필요없고 휠터치가 짱이던데,False,
@user-vg6uo9cj1b,전 지방에서 휴가때마다 가끔 서울여행을 하는데 수제소세지 집이 있어서 찾아간대가 위 영상 가게였던 엉클조였습니다 흑맥주와 소세지를 너무 맛있게 먹어서 그 다음날 저녁에도 갔던 기억이나네요ㅋㅋ 오랜만에 영상보니 다시 가고싶습니다ㅜ 서울 사람들 부럽다,False,
@NicoletteEighth,ㅋㅋㅋㅋㅋㅋ ㄱ글 에서 벳프리 모솨서 잼민이 발정났누?,False,
@Bampangking,밤비 견종이 뭔가요 너무 구ㅣ엽네요,False,
@JOBXICMAN,포메라니안입니다,True,@Bampangking
@GabrielleBasser,롤카롤카 놀이공원 보다 더 짜릿짜릿 19금 보다,False,
@守岡恵介,"케리아 2년 재계약 확정, 티원 전원재계약 와우 롤카롤카",False,
@玉島翼,롤카롤카는 롤 vs 카지노 ㅎㅎ 여러분들의 선택에 맡기겠습니다.,False,
@影井禎子,만약에 이스포츠가 질렸다면 카쥐노로 전향해도 무방합니다 롤카롤카,False,
@釘本駿,하루도 빠짐없이 들어와서 눈팅중인데 오늘은 달려볼거임 롤카롤카,False,
@末藤美月,아무리 내가 여러번 떠들어도 한번 들어와서 눈으로 보면 또 다른 느낌으로 다가온다 롤카롤카,False,
@ลภัสรดาจันงาม,미리 사전에 정보수집을 안해도 실전에서 배우면 된다 롤카롤카,False,
@DouglasT.Perron,LCK LPL 멸망존 스케줄표 다 나와있습니다. 롤카롤카,False,
@สุธัญวรัตม์เหล็กสูงเนิน,롤카롤카 들어와서 안해도 되니까 확인이라도 한번만 해바유 롤카롤카,False,
@播本昭夫,이스포츠에 관해서는 우리나라가 최고의 실력 롤카롤카 ㅋㅋㅋㅋㅋ,False,
@สุนนท์ปิญาสิงห์ทอง,롤카롤카 어쩔줄몰라하면 침착하게 들어가보자 그것부터배워라,False,
@辻下由美子,남녀노소 어렵지 않은 이스포츠 대명사 롤카롤카,False,
@阪倉雄大,롤카롤카 찌라시가 돌던데.. 여윽시 금방 나올줄 알았다 ㅋㅋㅋㅋㅋ,False,
@西窪雄大,내가 장담하는데 롤카롤카 분명 흐름타서 페이모스해진다,False,
@TomohikoTakuda,하나부터 열까지 다 가르쳐주는 배튕학원 롤카롤카,False,
@KazutoMizutani,롤카롤카 나오기까지 3년을 기다렸다 드디어 두두등장,False,
@蜂須賀翼,모든 게임의 정보는 어디서확인하라고? 롤카롤카,False,
@คธิดลไชยแพทย์,나는 롤카롤카에서 페이커를 처음 알게되었다,False,
@近久雨夜,롤카롤카 엄청 도배되어 있네 뭐지.. 한번들어가봐야겠다,False,
@新出勝,곧 시즌이 돌아오는데 가만히 계실건가요 ? 롤카롤카,False,
@大池静香,롤카롤카 들어와봐요 ㅋㅋㅋ 이런곳도 있네 ㅋㅋㅋ,False,
@Wing-Zer0,"애완견을 사랑하신다면 <a href=""https://www.youtube.com/watch?v=UHE1Aduubu8&amp;t=181"">3:01</a> 같은 상황은 피하셔야 합니다<br>내 개가 다른 개를 물수도 있고 다른개가 내 개를 물수도 있습니다<br>반려견을 사랑하고 반려견 문화를 사랑하신다면 불상사가 일어나 일은<br>애완인들끼리 꼭 지키셔야 합니다",False,
@퐁가-w1c,2008~9년도면 수입 맥주집가도 호가든부터 세계맥주 많았을때인데요ㅎ<br>2005년도에 bar가서 호가든이랑 삿뽀로실버컵먹었을때인뎅ㅎ,False,
@ile66,마지막 한입을 너무 예쁘게 드시네요^^ 아 배고파....,False,
@hyunseungyoon3568,요새 10일간 계속 황사낀거 같이 날씨가 나쁜데..그 이전에 찍은 영상이군요.,False,
@SGTGunnySGT,어쭈라는 말부터 나오길래 이름이 어쭈인 줄 알고 놀랬네요 ㅋㅋㅋㅋㅋㅋ,False,
@hyoseongkim4107,썸넬 김제동인줄~,False,
@redford6523,10뷴중애 3분이 개영상이여...,False,
@윤재영-h1y,내가 곧 간다!!!!!!!!,False,
@히카와쿄우카,치사하게 밤비로 어그로를 끌다니...<br>귀여움은 너무 치트키잖아요,False,
@HealingMapMP,친구들과 10월 부터 11월 말일까지 11.4 Kg 감량하기 내기 다이어트 중인데  이기면 여기 와야겠어요!!<br>한우 오마카세를 가니 최고급 참치를 먹니 하고 있었는데 와... 뽀드득 수세 소시지에 생 에딩거라니......,False,
@inyeophwang2714,소세지는 언제 해주실껀가요?,False,
@jwbread3004,잡식맨이 더 재밌음,False,
@유후튜브,언제부턴가 아이는 없고 개가 있네 왈왈왈 ㅋㅋ 개판이다 ㅋ,False,
@무니에스타,들어 → 드러,False,
@yujgfferfdt,"An Act of Justice<br><br>Kaohsiung City Councilor Liu Delin<br><br>Kaohsiung City Councilor Liu Delin from the Kuomintang said, “The Kaohsiung City Council will support the central government in passing legislation to prevent live organ harvesting. This is an act of justice! Human life is priceless, one cannot go against the principles of humanity. Opposing live organ harvesting is also a necessary means to protect people’s health and welfare, so we are happy to see the full implementation of the legislation and that Taiwan is on the same page with the rest of the world.”",False,
@oo-fv6gj,요즘은 육식맨 영상보다 이런 일상적인 잡식맨 영상이 더 좋다...,False,
@이병희-g3l,잇섭과 없섭 느낌이네요 ㅋㅎㅋㅎ,True,@oo-fv6gj
@fercious,밤비 뱅글뱅글 도는 거 넘 귀엽다,False,
@에일-o8w,밤 비 최 고,False,
@ljlee1299,밤비야 사랑해,False,
@스키야키에드,맛은 있겠네요,False,
@스키야키에드,소시지는 건강에 해로와요..하지만 가공육이 아니고 고급수제소시지는 굿😊😊😊😊😊😊😊😊😊😊😊,False,
@시바-j6r,와이프한테 야야 거리는 상남자 형님,False,
@낌모-l4e,산을 한참 올라가시길래 오늘의 맛집 대체 어디 있는 건지 엄청 긴장했네요ㅋㅋㅋㅋㅋㅋㅋ,False,
@wonj-k,이제 줄서서 먹어야겠네요<br>....,False,
@안녕하실태지요,본채널에서 소세지도 한번 만들어주싶시오!,False,
@dgj568,앞에 여자분 입술 왜 이렇게 씨검해요,False,
@もふもふYouTube-u8c,밤비 털 조아,False,
@WooCur3787,학교다닐때 난 운동하는거야 최면걸고 갔던 집입니다<br>사실 술붕이라 에딩거 생 먹으러 간 건데<br>남만순대는 진짜 미쳤습니다 <br>지금은 지방살아서 못감 ㅜㅜ,False,
@lovejoy3057,거참 강아지 같이 공유좀합시다. 자주자주좀 올리쇼. 개없는사람 서러워서살겟슴니까? 밤비 집중편만드세요!!!!,False,
@belarumo,죄송한데 제목이 잘못된거 같아요 밤비 브이로그 같은데...<br>너무 귀엽...,False,
@kookim1354,강아지 치트키 쓰시네…😢😂,False,
@야오밍-g9p,맛 걍 그렇던뎅..,False,
@Tiger_is_cat,수능 끝나고 간다... 딱 기다려 조삼촌,False,
@juweon662,담비 귀여워...🤣🤣🤣,False,
@조현우-y1z,밤비맨 잘봤습니다.,False,
@wnsdud74,엉클조 소시지는 소시지도 소시지이지만 에딩거 생맥주. 그리고 양배추 샐러드의 그 수제 소스!!! 최곱니다,False,
@epicureamicable5499,RMW 소시지 먹어보세요! 정말 대박입니다!!!!!,False,
@GI_Traveler,우리집 목줄하고 똑같음<br>우리집 강아지하고 사회성없는거 똑같음,False,
@fuxkingood,독일 소세지 투어 한번 가시죠,False,
@sh_hongis,이미 육식맨 본채널에 올라왔듯 독일여행에서 하셔서 안하실듯요ㅋㅋㅋ,True,@fuxkingood
@WHITEMUSIC4,밤비 24시간 밀착 브이로그 만들어줘요,False,
@mookjung,용산에 소시지하우스 사장님께서 사촌지간이시라고? 했던 것 같아요ㅋㅋ 거기도 콜드컷 맛나요ㅎㅎ,False,
@woojungchang4759,제목보고 딱 엉클조 생각했는데 역시네요 ㅎㅎ,False,
@jeici4,아놔 소시지 먹으러 가야겠다!! 아아앜 서울 소시지 맛집 다른곳도 소개해 주세요오오,False,
@aim4thetop12,밤비 작고 커여워.....ㅎㅎㅎ,False,
@yamm53,육식맨님. 진심으로 삼송역에 있는 용산 소세지 드셔보세요. 예술입니다.,False,
@moso825,어떻게 갱얼쥐가 볼링공만하지 ㅋㅋㅋㅋ 너무 귀엽다 ㅠㅜ,False,
@rainensierra5258,밤비 진짜 새삼 조막만하네ㅋㅋㅋㅋ,False,
@박미달,비닐장갑에 사료 가져온거 너무 현실적이다,False,
@davekim2425,대충 건강이 어쩌고 밤비영상 많이 올려주십쇼,False,
@DongwanCho,"내가 처음간게 1층만 있을 때 24년전 같은데 아마 30년 넘었을 수도 있겠네요. <br>그 땐 콜드 햄 안주가 최고였는데,",False,
@이상-u6v,좋은정보 감사합니다. 엉클조이소세지라...... 시간날때 꼭 찾아가야쥐~~~,False,
@권태완-o6b,"<a href=""https://www.youtube.com/watch?v=UHE1Aduubu8&amp;t=207"">3:27</a> 역시 형님도 호카를 신으시는군요",False,
@부아토,소시지는 그래도 납득이 가는데 맥주 너모 비싸네요 ;ㅁ;,False,
@언더래빗,독일 현지 소시지랑 비교하면 어떤가요?!,False,
@칠리새우타코,밤비 사랑해,False,
@홀리몰리-e8g,엉클조 일산 탄현에 있는곳도 진짜 맛있어요 단골들은 꼭 먹는 찬소세지모듬이 진짜입니다,False,
@보리메리-v5r,여기 진짜 최고.....10년 전에도 갔었는데......❤️,False,
@금강견강소복괴산불,"소시지 대짜 29,000에 맥주 10,000 ㄷㄷ..",False,
@jh-lo8li,이집 맛도 밌고 낭만도 있죠. 용산역 뒷동네에 있는 소시지하우스의 콜드소시지도 맛있습니다~,False,
@yagop8719,항상 남산 소월길 초입 지나가면서 봤던 식당인데 <br>여기서 보고 한번 가봐야겠네요! 영상 재밌게 잘봤습니다!,False,
@ft6890882,"<a href=""https://www.youtube.com/watch?v=UHE1Aduubu8&amp;t=401"">6:41</a> 고기 시작",False,
@이규엽-r5l,오  여기 일산 탄현에도 있어요!!  찬햄도 맛있죠 ㅋㅋㅋ,False,
@pureblackcrystal,밤비 은근히 깡따구 있네요 ㅎㅎㅎㅎㅎ<br>이것이 외유내강인건가 ㅋㅋㅋㅋㅋ,False,
@englishmutton,이거 정말 좋네요.. 소세지 맛집도 알았고 밤비의 귀여움도 알았습니다. 😊 <br>또보자 밤비야,False,
@nuts6348,저녁 진짜 조금 먹었는데 소시지 진짜 미치겠네,False,
@iosis1128,물그릇 밥그릇으로 쓸 실리콘 그릇을 하나 사세여 손 매번 닦기 귀찮으실덧 ㅋㅋ,False,
@donghyunheo4933,진짜 맛있겠네요 🙂,False,
@애북자문재인,여긴 좀 꼴리네 가보고싶은데?,False,
@ybig2795,"jOE 엉클, 소세지 사이즈를 보면 대물이신 듯",False,
@이유-y8p,밤비맨 ~~~~,False,
@motionclipC,이 집은 이제 오픈런해야겠다,False,
@BlackLotus0818,아앗... 쉬는 날마다 올라가는데 이걸 잡식맨님을 못봤... ㅋㅋㅋ,False,
@보쌈웰시코기,역시 포메가 포메했다 ㅋㅋㅋㅋㅋ 대형견한테도 잘 덤빔 ㅋㅋㅋㅋ,False,
@고혁2,서울가면 무조건 가야겠다 맛있겠다,False,
@baebaebae-do1un,아!!!! 나는 왜 전 직장 다닐 때 여기 코앞이었는데 몰랐는가😂😂😂😂😂,False,
@doghoneyosori,소세지는 구텐독 ㅊㅊ,False,
@user-se4mp5dv4c,너무 좋은 영상입니다,False,
@salgumat,에헤이 망해쓰요.,False,
@불살라빔,밤비는 잘참지 내가 못참지.. ㅋㅋㅋㅋㅋ,False,
@CrispyMochi,울산촌놈 첫휴가 나왔을떄 안중근 기념관 가는길에 지나쳤음.. 완전 술집분위기라 갈까 하다가 말았는데 가볼껄그랬네.....,False,
@user-jky,아.. 여기 곧 갈라했는데 글렀구만 ㅋㅋㅋㅋ,False,
@presidentbottle,"<a href=""https://www.youtube.com/watch?v=UHE1Aduubu8&amp;t=495"">8:15</a> 이건 모자이크각인데..ㅋㅋㅋ",False,
@negibear,진짜...대학다닐떄 오며가며 자주보던곳인데...단 한번을 들어가본적 없는 젊은날의 나새끼 명치 존나 쎄게 때리고 싶네요..............소시지를 그렇게 좋아하면서 저집을 한번 안들어갔네 ;;;나 개새끼 ...,False,
@momo_peach_love,엉클조 가셨구나.. 코시국에도 버티고 밀튼 없어져도 버티고 있는 곳,False,
@DomakiSaramu,헉 안되 나의 엉클조 ㅜㅜ,False,
@북극곰구지,도이칠란드박이 최곤데😢,False,
@kiyoshi_cinema,"쏘세지만 보실 분은 <a href=""https://www.youtube.com/watch?v=UHE1Aduubu8&amp;t=480"">08:00</a>으로 가시면 됩니다",False,
@jklee746,가격은 좀 곤란합니다,True,@kiyoshi_cinema
@junhwan1886,대학생활 하느라 집 왔다갔다 해서 서울역 갈 일이 많은데 마침 그 근처네요!<br>한번 기회 되면 가보도록 하겠습니다!,False,
@7848005,밤!!!!!!!!!!!!!!!!!!비!!!!!!!!!!!!!!!귀!!!!!!!!!!!!!!!!!!!!!!!!!!!!!!!!!!!!여!!!!!!!!!!!!!!!!!!!!!워!!!!!!!!!!!!!!!!!!!!!!!!!!!!!!!!!!!!!!!,False,
@gatnight87able,일본 중국 수제 소세지 탐방 ㄱㄱ,False,
@xX_SorR_Ki_Xx,형 혹시 본가 근처에 햄바라기라는 수제 소세지 부대찌개 집 가보셨나요?,False,
@Jolla_ssambbong,진짜 너무 귀엽다 밤비,False,
@robertjason6549,얼마전에 다녀왔는데 맥주가 정말 맛있어서 좋았네요 소시지는 말할 것도 없이 맛있었구요,False,
@bandwagonesque,정릉 도이칠란드박 킬바사 플래터도 엄청 맛있어요 추천드립니다!!,False,
@척척이-l6h,여기일거 같드라..,False,
@bbosogeum,올만에 채널 주인장님 나오셨구나,False,
@Hidden-f9u,운동 조지고 샐러드랑 소세지 감자한입 먹고 생맥으로 넘겨주면 여기가 독일이고 옥토버페스트가 따로 없지요,False,
@곽승엽-x1o,소시지는 근데 육식맨 아닌가요? (진짜모름),False,
@memoryremedy1083,밤비 요녀석 정말 커엽네요,False,
@knkd764,밤비밥줄때 그냥 땅에다가 사료 펼쳐놓을법도 한데 또 가게라 그런지 아니면 밤비가 땅흙먼지 안먹게하려는건지 이쁘게 손으로 주시는게 너무 마음씨가 좋네요 저 저런 견주분 별로 본적이 없어서요 ㅋㅋ,False,
@JkKim-zu7lf,왜  택시타고 가시나했는데  주차따문인가 했는데  생맥보니깐  이해가 되네요 ㅋ.ㅋ,False,
@이은규-f1s,남산둘레길도 있어요,False,
@rohthape,비주얼 군ㅊㅁ돈다,False,
@Yeoboseyo_bb,여기 원래 종각쪽에도 있었는데 이사를 간걸까요 아님 종각점이 문을 닫은 건가 오랜만에 다시 가봐야겠네요,False,
@숯불임,밤비이뿌다,False,
@PP-rw1me,담비가 귀엽고 잡식맨이 맛있어요 소시지님 업로드 자주해주세요~,False,
@bluemoon-vr9tk,조삼촌네 생맥주와 더운소세지 끝내주죠. 나중에 찬소세지도 드셔보세요. 맛납니다. 영상 잘 보고 갑니다.,False,
@webinsein,와아~~!! 잡식맨님이 육식맨님 사칭(?) 한다!!,False,
@FlaSh_Bang_,그래도 한국에서의 소시지 GOAT는 분도소세지 미만 잡일듯,False,
@sh_hongis,분도소세지 진짜 맛있죠ㅋㅋㅋ 저는 개인적으로 반년전 5주년 구독자 이벤트로 당첨되었는데 그때 육식맨님께 분도소세지 선물로 드렸었네요ㅎㅎ,True,@FlaSh_Bang_
@bluetree0704,왠지 엉클조일거 같더니 ㅋㅋㅋㅋㅋㅋㅋ,False,
@guddnrnt,회사에서 운영하는 매장이 서울타워플라자에 있어서 자주 가는데 이렇게 보니 또 색다르네요ㅎㅎㅎ,False,
@뒹굴-b2t,진짜 너무 맛있어보인다,False,
@전지적팽귄시점,다이어트하고 있는데 침삼키며 러닝중입니다😢,False,
@vocal8411,"<a href=""https://www.youtube.com/watch?v=UHE1Aduubu8&amp;t=480"">8:00</a> 사장님 센스 미쳤네 와이프분 소스 튀지 않게 가려주는 센스 ㅋㅋㅋ",False,
@Sunny_butterflyw,강아지들 모두 귀엽지만 포메는 진짜 사기급 귀염...넘모 귀여워.,False,
@RosaGraham-v5w,헬창들도 ㄱ글 에서 벳프리 보면 근육 다빠진다며 ㅋㅋㅋㅋㅋㅋㅋㅋ 사실임? ㅋ,True,@Sunny_butterflyw
@QuestaOdette,ㄹㅇ ㄱ글 에서 벳프리 보면 다른거 눈에도 안들어옴 그냥 다시보면 되니까 개이득임 ㅋㅋㅋㅋㅋ,True,@Sunny_butterflyw
@EvaThomas-e8j,ㄱ글 에서 벳프리 보고 나면 다낵질 보충제 한사발 빨아야 한다는데 사실인가요??,True,@Sunny_butterflyw
@StrengthAngelic,ㄱ글 에서 벳프리 보느라 눈밑에까지 다크써클 들어옴 ... 진짜 근데이뻐서 눈을못떼겟다...,True,@Sunny_butterflyw
@FionaQuinby,그놈의 ㄱ글 에서 벳프리 때문에 내거기 닳고 닳아서 없어지겠네ㄱ글 에서 벳프리,True,@Sunny_butterflyw
@이민성-f9w,모든 영상에서 먹는 것 마다 맛있다고 하니까 사실 맛에 대해서는 신뢰가 가진 않지먄 그냥 항상 재미로 보는 것 같습니다ㅎㅎ,False,
@JOBXICMAN,맛없는 건 편집하는 시간이 아깝습니다<br>몇번 올려보니 조회수도 처참하고요👍,True,@이민성-f9w
@jonghoshin4482,나만 느꼈음?? 썸네일 김제동 씨 인줄~~~. <br>써쉬지~~~ 맛나get써요~!!!!,False,
@크로우로-x4c,식빵이나 밥이 땡긴다,False,
@phantom9855,하.. 너무 귀여워,False,
@user-eu4ip2wx7o,20년전쯤 홍지동에서도 소세지집이 있었는데  거기서 파는 자켓포테이토랑 소세지 진짜 맛있었어요    술못마시는 저도 거기선 맥주가 잘들어왔었죠,False,
@phantom9855,캬 개 귀여운거 보소,False,
@bigdisappoint,밤비가 통통하고 소세지가 귀여운 영상이였네요,False,
@루루라라,내 전 직장ㅋㅋㅋ😂,False,
@DD-rn5le,소시지 보러왔다가 상상도 못한 힐링을ㅋㅋㅋㅋㅋ,False,
@김종준-n5z,저는 매일 아침마다  힐링합니다~🤣🤣,True,@DD-rn5le
@moai9804,여게 맨날 지나가다 직장인차있고 그래서 뭐하는곳이지 했는데 먹으러 간다,False,
@yoohyerin,이번 영상에서 기억에 남는거 = 밤비❤,False,
@myungjoonkim-u8o,홍대에 한스소세지도좋앗는데 아직도저런집이 남아있네요,False,
@ulik5069,밤비 썸네일 보고 바로 달려옴,False,
@SEZZANGMAN,서울 1등 소시지는 육식맨 소시지 아닌가요?😂,False,
@홍길동-u3m,스울사람들 부럽다 저런 맛있는 음식들 천국이겠죠?,False,
@hobakk,시메이 맥주 땡기네..,False,
@용산경찰서,엉클조 2000 전후로 생겼을걸요?<br>그 전에 다른거 하던집이였는데<br><br>바로 옆에 아버지 삼실있어서 지나갈때마다 사람 항상 가득,False,
@empty_bell06,포메는 과거에 대형견?이었는데 그 과거의 기억이 몸에 남아서 지들이 찌끄만해도 큰줄안다네요 글서 겁대가리 상실+당돌함+기안죽음,False,
@kim_dani_el,"<a href=""https://www.youtube.com/watch?v=UHE1Aduubu8&amp;t=392"">6:32</a> 소시지 입장🔥",False,
@junghunseo,저는 처음 보는 소시지집인데 생맥주까지 제대로면 완벽한 맛집이겠는걸요.,False,
@멸린말치-v6r,목줄 풀고 달려왔습니다,False,
@sh_hongis,"소시지하니까 생각났는데 제가 저번 5주년 팬미팅때 드린 분도소시지는 어떠셨나요? 맛있게 드셨나요? 우리나라 소시지들 중 독일 본고장의 맛이 가깝기에 고심해서 드렸던만큼 마음에 드셨는지 궁금합니다. 저는 개인적으로 입에 잘 맞아서 분도푸드 사이트에 들어가서 주기적으로 주문해서 먹고 있습니다. <br>진심으로 어떠셨는지 말씀해주실 수 있을까요? 번거로우시겠지만 솔직한 평가, 답글 부탁드립니다.",False,
@JOBXICMAN,홍이멍지님 그 소시지 아주매우완전 맛있게 먹었습니다 감사합니다<br>독일 본토맛 정말 맞더라고요👍👍😃😃,True,@sh_hongis
@정상화-m5z,분도소세지 영상으로 남기면 레전드겠네요 천주교 신자로서 수사님들이 정성과 열정으로 만드는 소세지 한번 보고싶습니다,True,@sh_hongis
@sh_hongis,@@정상화-m5z 같은 천주교 신자이시군요!! 실례지만 세례명이 어떻게되세요? 저는 구약의 야곱이요. 실제로 전 신자로서 분도소시지 직접 만들어본적도 있어요ㅎㅎ,True,@sh_hongis
@정상화-m5z,@@sh_hongis 다미아노입니다,True,@sh_hongis
@꺄르륵꺄륵-l5f,밤비 졸귀탱 ㅋㅋㅋㅋ,False,
@안녕후르츠,소시지는 진짜 나의 소울 푸드라 개같이 달려옴😂,False,
@pstar218,밤비는 못참지!,False,
@재원좋아,밤비 자주 보여줘요 ㅜㅜ,False,
@koreanecodiary,밤비=힐링,False,
@sawsee3003,밤비가 맛있고 소시지가 귀여워요,False,
@Jolla_ssambbong,어허ㅋㅋㅋ,True,@sawsee3003
@김갑환-f6p,???: 박~ 박~,True,@sawsee3003
@김승호-p3b,된장은 나가라,True,@sawsee3003
@raisebright,흔한 러시아식 도치문 드립인데<br>하필이면 강아지라서 ㅋㅋㅋㅋㅋㅋ,True,@sawsee3003
@mjallarndking6114,Uncle Joe인데 독일 맥주에 커리 부어스트넼ㅎㅋㅎㅋㅎㅋㅎㅋㅎㅋㅎㅋㅎㅋㅎㅋ 미쳤다 짱이다,False,
@jini-tv-park,뭐야 소세지 어딨어<br>뭐이리 짧아!!,False,
@Persona_4405,소세지를 원하시나요? 그런 당신을 위해 육식맨 독일 소세지 탐방 영상을 준비 해드렸습니다,True,@jini-tv-park
@mjallarndking6114,애기야 사회성 없어도 돼<br>Zola 이쁘니까 갠차나,False,
@totibaby1117,힝구 포기를 모르는 여자 봠뷔❤,False,
@만취김피디,SO세지~ 강렬한맛 <br>SO고기~ 먹고싶다,False,
@siriusmoon007,여기 아는 사람만 아는 곳이었는데 ㅎㅎ,False,
@김명중-n8c,"<a href=""https://www.youtube.com/watch?v=UHE1Aduubu8&amp;t=110"">1:50</a> 드러누울",False,
@alwaysawak2,조만간 가봐야겠다 ㄹㅇ,False,
@justinjjeon5030,밤비 귀엽구 ㅋㅋㅋ<br>소시지 맛있겠다 한반도 최고라니 캬,False,
@braqsb,알리 광군제보다 잡식맨.......,False,
@재돌이네-n9q,여기 쩔죠 ㅎㅎㅎ 여기랑 막창순대<br>파는 순댓국집도 좋구요!!,False,
@네온사인-d5d,밤비 진짜 귀엽네,False,
@마산아귀찜,잡식맨❤,False,
@silverfish1128,밤비 진짜 너무너무너무너무너무너무너무너무너무너무너무너무너무너무너무너무너무너무너무너무너무너무너무너무너무 귀엽다...,False,
@RhettHenrietta,이 댓글 보고 ㄱ글 에서 벳프리 보고있는 내 인생이 레전드네 씨밬ㅋㅋㅋㅋㅋ,True,@silverfish1128
@NicoletteEighth,그놈의 ㄱ글 에서 벳프리 때문에 내거기 닳고 닳아서 없어지겠네?,True,@silverfish1128
@RosaGraham-v5w,ㄹㅇ ㄱ글 에서 벳프리 보면 다른거 눈에도 안들어옴 그냥 다시보면 되니까 개이득임 ㅋㅋㅋㅋ,True,@silverfish1128
@QuestaOdette,ㄱ글 에서 벳프리 보느라 눈밑에까지 다크써클 들어옴 ... 진짜 근데이뻐서 눈을못떼겟다...,True,@silverfish1128
@EvaThomas-e8j,헬창들도 ㄱ글 에서 벳프리 보면 근육 다빠진다며 ㅋㅋㅋㅋㅋㅋㅋㅋ 사실임??,True,@silverfish1128
@danieljung387,후암동 오래 살았었는데 이 맛집을 아시네요 ㅎㅎㅎ 진짜 제대로 하시는 곳이고 생맥주도 그냥 클래스가 다르게 맛있습니다. 대박 맛있는 로컬 맛집!,False,
@김유주-f2j,오늘도 좋은 곳 하나 알아가네요 ㅎㅎㅎ 감사드립니당 ㅎㅎ(오늘윤하신곡3곡나왔어요,True,@danieljung387
@RosaGraham-v5w,ㅋㅋㅋㅋㅋㅋ ㄱ글 에서 벳프리 모솨서 잼민이 발정났ㅋ,True,@danieljung387
@GalvinDawn,그놈의 ㄱ글 에서 벳프리 때문에 내거기 닳고 닳아서 없어지겠네,True,@danieljung387
@adbellein3991,고기인데 왜 잡식맨인거죠?????,False,
@user-td7rf1wk5q,그냥 가볍게 올리고 싶으셨나봐요,True,@adbellein3991
@아이어광전사,육식맨피셜 소시지는 잡식이다,True,@adbellein3991
@beomjinko2030,여기 맛있죠~~,False,
@크크크우,매크로 제치고 달려왔습니다,False,
@맥콜조아-f2h,육식맨tv 수위 미쳤다...,True,@크크크우
@YuRangk,잡식맨tv 푸드섹서 미쳤다...,True,@크크크우
@Nukstar_Cat,프사 클릭 ㄷㄷ 고기 수위 미쳤다~~~!!!~~~😂😂😂,True,@크크크우
@yjchoi3532,프사보고 고기 한발 뽑았다.. 너도 빨리 ㄱㄱ,True,@크크크우
@minseokchoi476,댓글봐😂,True,@크크크우
@고마고마-i1u,우왕 1등이닷,False,
