author,comment,is_reply,reply_to
@박유진-g7h,고요비님 신발 정보 알수있을까요??,False,
@OaO-zu5cz,"사장님 빵 만드실 때 보면 항상 깨끗하고 양적, 질적 퀄이 처음 시작부터 끝날때까지 변함없이 똑같아서 무한신뢰가 가능했어요 그만큼 변함없는 마음가짐 고생스러우셨을텐데 사장님의 잠시 쉬어가는 길 꽃길 응원합니다",False,
@RTA5153,5252.. 다음에 만날땐 뉴뉴베샵  in busan 이다... 즐건시간 맘껏 보내고 오라고~!,False,
@둥복-n3e,고요비ㅈㄴ멋있어 ㅈㄴ 최고야ㅠㅜㅜㅠㅠㅠ❤️❤️❤️❤️,False,
@uueero,구베샵부터 뉴베샵까지 애정했던 구독자로서 유독 뭉클한 이번 영상 🥹 옹니 너무나 고생 많았고.. 한동안 푹 쉬길 바라요 앞으로 언니가 무엇을 하든 !! 언제 돌아오든 !! 나는 고요비 ㅈㄴ 응원해 🍀💗,False,
@뇸뇸-y8i,고요비 ㅈㄴ 수고했어... 한번도 방문하진 못했지만 꾸준히 올려주신 영상들 보며 대리만족했었어요🥹 쉼없이 달려온 시간만큼 푹 쉬시면서 충전하시길 바라요 다음 고베샵 오픈까지 기다리고 있을게요!,False,
@tree-se3hr,고요비ㅈㄴ멋있어!!!!!!! 매장 갈 때마다 조금은 지쳐보이셨지만 구독자인게 티나면 활짝 웃어주시고 뒤돌아서 음료 만들다가도 일부러 계산하러 포스기 앞에 와주셔서 갈 때마다 너무 행복했어요❤ 어디 하나 요비님의 손길이 닿지않은 곳이 없어 공간마다 소중한 순간들이였어요. 모든 자리를 앉아보는게 목표?였는데 아쉬워요 ㅠ.ㅠ 돌아 올 뉴뉴뉴베샵을 기다리겠습니다! 그때까지 푹 쉬시고 여행도 다녀오시고 건강 회복하셔서 다시 뵈어요🫶🏻,False,
@lifeiskeepgoing,까치산 구베샵부터 홍대 뉴베샵까지 수고하셨어요..ㅠㅠ 저에게 디저트 맛집은 영원컨데 ㅈㄴ 멋있는 고.베.샵 입니당 🥨😭❤️❤️ 또 봐요! 🥹❤️🤍🤎!!!!,False,
@Tov1034,알고리즘으로 떠서<br>상황을 모르는데<br>이렇게 장사가 잘되는데<br>왜 폐업하시는건가요?<br><br>디저트카페를 갈망만하는<br>저는 부럽네요~,False,
@호프호프가자,너무 수고했어요 언니❤,False,
@white_grace0414,고생많았어요 새 카페에서 다시볼수 있길,False,
@fststfo,"입시할 때부터 봤는데 어느새 마지막 학기가 되었네요<br>대학생활과 함께했던 영상들 보며 정말 즐거웠고, 언제가 될지 모르겠지만 다음 창업도 화이팅이에요😊<br>가끔씩 댓글 남기며 응원할게요!",False,
@ooptc,고요비 사랑해<br>너무 고생헸고<br>당분간 쉬는 것에만 집중하기<br>고요비 ㅈㄴ 멋있어,False,
@yooonly,고요비 푹쉬어그치만브이로그는찍어줘아니야푹쉬어아니야당신옷장궁금해아니야푹쉬어아니야여행브이로그는보여줘아니야푹쉬어아니야일상브이로그찍어줘아니야푹쉬어진짜내마음은몰까,False,
@yooonly,고요비ㅈㄴ멋있어 그동안고생하셨고 건강한 모습으로 다시 만나요,False,
@officew9zdepot,고요비 존나 멋져,False,
@user-dkvo1kro0lsw,수고하셨습니다!! 고요비님의 다른 여정도 응원합니다 ❤,False,
@ggglue2868,진짜 열심히 했어요 화면을 뚫고 나올정도로 너무너무 보여지는 부분이어서<br>이사람은 진짜 열심히 하네 싶었거든요<br>당분간은 쉬면서 재충전 시간도 가지고<br>푹 쉬다가 또 해보고 싶은것도 하고<br>그럼 좋겠네요~^^,False,
@nofriendsatdust,고요비 ㅈㄴ 고생했어…,False,
@user-jx4ul9on1i,다음엔 꼭 간다,False,
@게스트-p8w,고생 많으셨어요~! 개업 전까지 잘 쉬시고 여행도 맛있게 다녀오세요~올라오면 다 볼꺼야~,False,
@게스트-p8w,"<a href=""https://www.youtube.com/watch?v=ujjtayU0cm8&amp;t=999"">16:39</a> 왕관이 멋쩍은 고요비씨ㅋㅋㅋ",False,
@뉴니-z2m,안녕 내밥친구….새로운시작을 응원할게요!!!! 고단했던만큼 충전의 시간을 가지고 (재)창업 브이로그 기다리겠습니다 💕,False,
@KwonJi_0,그냥 견뎠을 뿐인데 아무것도 나아지지 않았다 한 문장이 언니의 힘듬을 말해주는거 같아요 ㅠㅠ 2년동안 정말 고생했고!! 몸도 마음도 푹 쉬고 오세요 ㅎㅎ❤,False,
@aco_roa_coco,그동안 고생하셨습니다,False,
@aaah3282,언니가 무엇을 하든 항상 응원해요 사랑해요,False,
@dlwl10040,운동도 하시구 건강 꼭 잘 챙기셨으면!!,False,
@꽃끼리-y2t,보는데 공감되고 멋있고 눈물나고ㅠㅠㅠㅠ 너무녀무 고생하셨어요 고요비 ㅈㄴ멋져 ❤,False,
@하얀구름-c9e,마지막까지 고요비답게 멋있고 수고 많으셨어요 👍,False,
@지뉴-c7e,"안녕하세요 요비님!<br>구베샵 때 부터 즐겨봤었는데 지방에서 취업 준비 중이여서 한 번도 가보질 못했어요 마음 속으로만 항상 응원 중이었는데 서울로 취직한 후에 아주 가까운 곳에 뉴베샵 오픈을 하셨더라고요!!<br>부끄러움 많은 구독자라 반갑게 인사드리진 못했지만 고요비님 실물도 보고, 먹고 싶었던 디저트도 먹고 너무 행복했어요❤ 그 뒤로 생각날 때마다 카페에 들려서 힐링했었는데 다신 못 간다니 많이 아쉽네요… 사장님 뉴뉴베샵 오픈까지 푹 쉬시고 꼭 다시 만나요!! 항상 응원하고 있을게요😊",False,
@그냥사는사람-r1q,안가봤는데 폐업을... ㅠㅠ 새로오픈하면 가야겠다 그동ㅇ안 푹쉬세요!!,False,
@bbang_jini,사장님 너무 수고많으셨어요 질릴때까지 푹 쉬고오세요😊,False,
@rororoororo,언니 쉬는 뷔로그도 보고싶어요,False,
@alexbolanos8551,"Desde México veía tus videos y me encantaba tu optimismo y como hacías todos esas cosas deliciosas, como decorabas tu espacio y el cuidado que ponías en cada cosa, eres una chica inspiradora aunque tus videos desde hace un tiempo ya no tenían traducción ni siquiera al inglés y no entendía nada aunque no me perdía ninguno, por eso hasta ahora me vengo enterando que tomarás un descanso, siento como si fuera a dejar de ver por un tiempo a una amiga muy querida incluso aunque nuestras culturas son diferentes y nuestros países tan lejanos tus videos me haces sentir como en casa, mereces lo mejor de la vida, algún día espero visitar tu hermoso país y encontrarte en tu nuevo negocio, aquí estaremos tus suscriptores esperándote, abrazos desde México 🇲🇽",False,
@j________016,"고요비, ㅈㄴ 멋있다!!!!!!!🔥❤️🫶",False,
@meongx2,왜 내가 눈물날 것 같지.... 요비언니 재충전 잘하셨음 좋겠어요 고베샵은 끝났지만 삼베샵도 있고 일상요비 영상도 있으니까! 고요비 ㅈㄴ 사랑해.... 항상 응원해요🫶,False,
@왜가리왜가리,사랑해요!!!<br>밥한끼사주세요!!!,False,
@황성준-z6j,고요비님 여러가지 색상 캥거루주머니후드티와 트레이닝팬츠 언제 복장 합니까? 답글과 이메일(📧) 보내주세요!,False,
@오잉-g1l,안녕하세요 고요비님! 고요비님 구베샵 창업한다고 영상 올리셨을 때부터 쭉 봐오던 한 구독자 입니다... 저도 카페 창업이 꿈이고 그 꿈을 위해 준비를 하고 있습니다 매전 고요비님이 올려주시는 영상들을 보면서 많은 걸 배우고 있습니다 앞으로도 많은 걸 배워보고 싶어요...😢 오늘은 영상을 보는 내내 왜 이렇게 눈물이 나는지 모르겠어요 고요비님이 너무 멋있고 나는 과연 저렇게 할 수 있을까 싶기도 하고 복합적인 감정들이 몰려와서 눈물이 자꾸 났네요... 마지막쯤에 고요비님 손을 보고 더 참지 못하게 되었습니다 구베샵 뉴베샵 모두 사랑했습니다! 다음엔 꼭 영상이 아닌 직접 고요비님을 뵈러 가고 싶습니다... 영상을 보면서 많은 걸 배우고 힘도 얻고 있습니다 고요비님 푹 쉬고 꼭 돌아와주세요! 그땐 꼭 꼭 얼굴보며 감사하다고 전해드리고 싶어요 사랑합니당❤,False,
@Cream_connection,고요비님 영상을 볼때마다 많은 울림을 느끼고 갑니다. 새로운 고베샵도 그리고 다음번의 고베샵도 항상 응원합니다🙌🏻 자영업자의 번아웃 넘 힘들죠 ㅜㅜ 그래도 고요비님 곁에는 항상 따뜻한말씀을 많이해주시는 구독자분들이 많아서 누구보다도 뿌듯하실거 같아요 ㅎㅎ 오랜만에 주어진 휴무 잘쉬시고 ㅈㄴ강해져서 돌아오시면 다시 또 놀러오겠습니다🙌🏻,False,
@soyn1016,지방 살고있어서 서울 한번 가는게 너무 힘들다보니 구베샵부터 봐왔는데 너무너무 가보고싶었는데 ㅠㅠ결국 못가보네요ㅠㅠ 이번에 출장으로 서울가볼일이 생겼는데 …..ㅜㅜㅜ폐업하고난뒤라서…ㅜㅜㅜㅜ너무 아쉽지만 또 오픈하신다면 그땐 무조건 가보겠습니다 그동안 너무 고생많으셨고 몸도 마음도 건강하셨으면 좋겠네용 !! 충분히 쉬시고 회복하신다음 꼭 봬요 고생많으셨어요❤ 고요비 ㅈㄴ멋있어👍,False,
@mynameisluckyzzang,고생 많았어요!! 고요비는 늘 ㅈㄴ멋있어!!! 계속 멋있을거에요!!!,False,
@dameeo89,"자신이 좋아하는 일이 정확히 무엇인지 안다는 건 축복이라 볼 수 있지만, 그것을 어떻게 발휘하고, 자신의 것으로 만드느냐는 온전히 본인의 몫인 것 같아요. 어쩌면 본인만의 재능으로 아껴둘 수 있었던 능력을 이렇게 많은 사람들에게 행복감을 줄 수 있는 방향으로 뻗어나가고, 노력해줘서 감사해요. 저도 그 덕에 고요비님을 보며 내가 살면서 저렇게나 좋아하는 일에 열정을 쏟은 적이 있던가? 생각도 해보고, 좋아하는 일을 하는 행복에 대해 다시 생각해봤네요:) <br><br>처음엔 사실 베이킹이 궁금해서 보기 시작한 채널이었는데, 이젠 고요비님이라는 사람이 사는 세상이 더 궁금해졌어요! 그러니까 카페 브이로그, 베이킹 브이로그, 일상 영상... 그냥 어떤 내용이어도 요비님 시선과 선택이 담긴 세상을 영상을 통해서 볼 수 있다면, 언제든 응원하며 볼 거예요! 요비님도 일상 속 남겨두고 싶은 순간들을 모아 일기로 기록하듯 그렇게 찾아와주세요 ^0^ 그럼 저도 살아가다 문득 생각날 때, 소소한 행복을 원할 때, 언제가 되었든 어딘가에서 응원하며 보고있을거예요 +0+<br><br>뉴베샵 정말 고생 많으셨고, 요비님의 모든 선택을 응원해요!!",False,
@ssun2u,뉴베샵 덕분에 2년간 행복한 추억 많이 안고갑니다! 까치산 고베샵때보다 뉴베샵을 자주 방문했었는데 그만큼 다양한 사람들과 방문했는데요!<br>같이 갔던 제 지인들 모두 하나같이 여기 왤케 맛있냐구 칭찬하던 곳이라 저까지 기분이 좋아졌었습니다!!! 저와 제 지인들까지 모두 맛있고 행복한 추억의 공간을 선물해주셔서 감사했습니다~~<br>시간대별로 뉴베샵 꾸며지는거 보니 저도 추억이 새록새록 떠올라서 적어봅니다ㅎㅎ<br>푹쉬다 꼭 돌아와주셔요🥹💗,False,
@유진-q2d,영상 보는데 왜 울컥 하는지 모르겠어요 😢<br>고요비님의 마음이 느껴져서 <br>그런가봐요 😭<br>푹 쉬시고 하고 싶은거 다 하고<br>천천히 돌아 오세요<br>개업 다시 한다면 꼭꼭 가겠습니다 🤗<br>그동안 너무 너무 수고 하셨습니다<br>👏👏👏👏👏👏👏👏👏👏👏,False,
@user-vz5bq8wh4h,안녕하세요 요비님<br>전 요비님을 보면서 꿈을 키워왔어요.<br>구베샵때부터 요비님의 성장과정을 보았고<br>평범한 직장인이었던 제게도 제과사라는 새로운 꿈이 생겼었죠..<br>2024년 11월..드디어 저도 제과사를 향한 걸음을 시작했어요.<br>모든걸 그만두고. 새로운 길을 가려니 설렘과 두려움이 함께하더라고여.<br>꿈을향해 달려가는 요즘 전 나름 행복해진거같아요.<br>요비님덕에 제가 꿈을 찾았다고 해도 과언이 아니에요.<br>요비님의 영상을 본게 저에겐 제일큰 행운이었습니다<br>항상 응원하겠습니다!!,False,
@greenbeenow,처음 영업종료 알리신 영상을 보고 눈물 흘리다가 마지막도 놓칠 순 없다 싶어서 친구들 끌고 마지막으로 다녀왔었어요<br>저 고요비님 진짜 좋아하거든요... 맨날 부끄러워서 갈 때마다 아는 척을 못하다가 마지막으로 갔을 때 수고 많으셨어요 한 마디 드리고 온 게 다네요😭 지금에서야 후회가 남아요 하고 싶은 말이 정말 많았는데.. 그냥 여기서 여덟 글자로 간단하게 말할게요 교요비 ㅈㄴ 멋있어!!!!!!!<br>늘 응원할게요!,False,
@mewmew7914,고생했어요 요비요비 당신의 마음이 다시 회복되는 그날 돌아와 언제나 기다릴 테니까 우리 언젠가 다시 만나잉 이번 크리스마스는 행복하게 남이 만든 디저트 케이크 먹음서 보내잉 요비요비 행복해져라 ❤️,False,
@mewmew7914,뉴뉴베샵은 부산에 열어줘… 내가 개같이 뛰어가서 알바한다…,False,
@go_o625,"구베샵 뉴베샵 방문도 해보고, 영상 올라오면 아껴뒀다가 자기전에 보면서 힐링 하며 에너지 충전 하는 시간 이었어요😊<br>고베샵 보면서 목표를 세우고 뉴베샵 보면서 실행에 옮겼어요!<br>정말 어려운걸 잘 해 오셨네요👍🏻✨<br>지난 영상 볼때는 인지하지 못했는데<br>마지막 영상 보면서 고요비님이 달려온 과거를 쪼로록 보니까, 지금 제가 힘든건 힘든게 아니었어요😂다시금 목표를 세우고 지금 보다 더 노력의 노력을 더 해야겠다고 생각도 들고 초심으로 더 잘 해 나가자고 다짐을 하게 되는 너무 좋은 영상 이었습니다. 진짜 고요비 ㅈㄴ 멋있네요<br>아무쪼록 건강 챙기시고, 마음 잘 챙기셔서 추후 새로운 뉴뉴베샵 오픈 기다리겠습니다👍🏻너무 고생 많으셨어요!!<br>다음에 봉구랑 놀러오십숑! 화곡동 입니다!!",False,
@eunkilog,그동안 수고하셨어요😭💪🏻😭💪🏻 푹 쉬고 재충전 하시길❤️❤️❤️,False,
@최유림-i3r,"왜 내가 눈물이 나요ㅠㅠ구베샵 뉴베샵 합해서 다섯번정도 갔던 것 같아요 처음엔 그냥 구독자라서 갔었는데 디저트가 너무 맛있어서 그뒤로는 사장님보다 디저트 먹으러 갔,,🫶🏻항상 친절하게 대해주셔서 감사했고 그동안 고생 많으셨어요!!!!쉬시는동안 몸과 마음 모두 편하게 쉬시고 또 다시 만나요!!🩷",False,
@s_o__by,진짜 좋아하면 이렇게까지 할 수 있구나 .. 를 저는 다른 직종 창업 예정자지만 늘 올라오는 영상을 보고 용기를 얻었어요!! 세상의 모든 창업자들 화이팅. 고요비 진짜 조온나 멋있었다요 !! 푹 쉬어요 너무너무 고생 많으셨어요 🥹🫶🏻💗,False,
@김나은-n1y,왔다 내 도파민,False,
@승연-n5l,영상 보다가 눈물 흘리는 나를 발견 ..<br>언니 몸도 마음도 건강해져서 다시 돌아와줘요<br>기다리고 있을게요 !! 🩶🩶,False,
@지혜-i3g,항상 멋있으세요❤,False,
@jinonmom,마지막 부분 눈물 ㅠㅠ 아줌마 울어요ㅠㅠ<br>건강하게 잘 쉬시고 꼭 돌아오세오 기다릴께요 고요비님❤,False,
@bluesanta21,와 넘 이쁘시다,False,
@user-wm5nb8ed7z,고요비 최고 수고했어요❤❤❤❤❤,False,
@웅엥-j2l,한놈만 걸려라 ㄹㅇ 인정임니다 ^.^,False,
@userjinnn___,"다 담기지 않았어도 얼마나 힘든일이 많았을지, 꾸역꾸역 견뎌냈을지 보여요 ㅜㅜ 가장 좋아하는 베이커리 일이겠지만 그 다음 좋아하는게 뭔지 찬찬히 생각하며 아~~주 여유롭고 행복한 백수라이프 즐기시길 바랍니다! 뉴뉴베샵은 우리에게 맡기고요(?) ❤ 고생많았어요 고사장님 ~~~!",False,
@윤진-z1j,입시하면서 고요베이커리에서 맛있는 빵먹고 행복한 쉬는시간을 보냈던 한 구독자 입니다! 항상 행복하시고 건강하시고 언제든 응원하겠습니다!🥺🥺,False,
@슈슈-q7d,어쩌다보니 구베샵 준비하던 때부터 구독하기 시작했는데 제대로 댓글 남긴 적은 없었던 것 같아요. 중간중간 힘들어하던 거 보며 많이 안쓰러웠는데 용기내어 쉼표 찍기로 한 거 너무나 응원합니다!  재충전하며 상처도 극복하고 다시 행복한 에너지도 만땅 채우세요. 그래도 유튜브는 해주실거죠? ㅎㅎ 항상 응원할께요! ❤,False,
@수박이박수박,요비님 건강 잘 챙기시고 행복하게 쉬어요 !!! 그동안 고생하셨어요 연말 잘 보내세요 🤍🤍🩹ㅈㄴ멋있어 고요비 !!!!!!,False,
@학상-v1c,너무 멋있는 사람이네요 고생하셨습니다,False,
@WJSNfan,소현아 고생했고 또고생했고 앞으로도 응원한다❤,False,
@잠-p3h,자영업자 고요비 ㅈㄴ 멋있었다..,False,
@아자아잦자,왜 내가 눈물이 나냐 ㅠㅠㅠㅠㅠ 고요비 정말 수고했고 푹 쉬어!! 사랑해!!!!!! 늘 도전하는 당신 정말 멋지다!!!!!! 🩵🩵🩵,False,
@아자아잦자,구구 베샵 인테리어 때 부터 지켜바온 구독자인데..❤ 넘무 멋ㅈㅣㄷ!!!!!!!! 고요비!!!!!!!! 푹 쉬어 ❤❤ 사랑해!!!!!,False,
@jwk486,와 진짜 손길 안닿은 곳이 없구나..,False,
@mingstory_17,고요비 ㅈㄴ 멋있어,False,
@7chq,아..손이...ㅠㅠ 빨리 회복하시고...삼베샵 기다리겠습니다. 건강한 모습으로 다시 뵈어요!,False,
@초코맛바나나우유,고생 정말 많으셨어요~~~~ 푹 쉬시고 건강도 챙기시고 !!!!!! 끝이 아닌 다른 시작!,False,
@mingg9,"손 한포진인거죠? ㅜㅜ 물만지는 일 하는 사람들은 많이 생기는 질환,, 저도 포함입니다! 손보면 정말 속상해요😢",False,
@찾을수없어,진짜 고생하셨내요. 수고하셨어요~. (붕어빵은 어쩔..),False,
@livv9887,제일 첫 영상부터 봤는데 왠지 울컥하네요 정말 너무 고생하셨어요 ❤,False,
@lilio-f5k,늘 보기만 하도 댓글을 안달았는데 마지막 일대기 보고 맘이 숭숭하네요 고요비 화이팅❤,False,
@김푸푸-y1s,그저 대단해요🎉🎉🎉 앞으로 출근길에 고소한 뉴베샵 빵냄새를 못 맡는다는게 아쉬어ㅓ요 ㅠㅠ 존경하는 맘으로 시청해왔는데 어느순간부터 고냥 고요비님 인생을 응원하게되... 🤍,False,
@Emily-m8r9x,고베샵 그리울거에요!! 그동안 감사했습니다❤,False,
@김용맹이오,수고 많으셨어요..♥️😢,False,
@최승수-c3q,진짜 ㅈㄴ 멋있어,False,
@yoonsmei,"<a href=""https://www.youtube.com/watch?v=ujjtayU0cm8&amp;t=148"">2:28</a> 고두식 베이커리샵으로 돌아오시면 곽두팔 구독자로 찾아가겟습니다 요비 님을 꽉 두 팔로 안아주는 구독자가 되. ❤",False,
@yoonsmei,"<a href=""https://www.youtube.com/watch?v=ujjtayU0cm8&amp;t=860"">14:20</a> 왜내가울고잇나요",True,@yoonsmei
@user-Bcherry,사장님 보면서 너무 좋은데 부끄러워서 말도 못걸고 쭈뼛쭈쪗 했었던게 엊그제 같은데..그래듀 기념샷을 남겨놔서 다행이라고 생각해요 푹 쉬다 오십쇼 ㅈㄴ멋있어!!!!!!!!,False,
@SH_kyu,고두식 고창석 고라니 베이크샵이어도 좋으니까 아픈곳 치료 잘 받고.. 당분간은 다 잊고 마음가득 여유 힐링 채우시길 고생하셨어요 고요비 ㅈㄴ머싯다아아아 🩷,False,
@박박이명박,언니를 보고 카페를 차리고싶다는 꿈을 키우기 시작했어요 언니가 제 롤모델입니다 앞으로도 그럴거같아요 항상 응원해요,False,
@deltoroismine3708,항상 응원할게요,False,
@chaewooncho,고요비 ㅈㄴ 멋져.....👍🏻,False,
@innerpeace9856,"저희 동네에 잘하는 바게트집이 있어요 근데 월,화,수는 정기휴일이고 6개월 열고 세달 쉬고 세달 열고 한달 쉬고 한두달 열고 일주일 쉬고…심지어 너무 잘 팔리는 메뉴는 빼버리고(사장님이 저한테 직접 하신 말씀 임 너무 많이 팔려서 뺐다고)이렇게 장사해서 정이 떨어졌어요 지금도 무기한 쉬시는 중이구요 근데 고요비님 보면서 느끼는 점이 많아요 진짜 너무 힘들어보여요 제 최애 바게트집처럼 하면 물론 안되겠지만, 정신이 무너지지 않을만큼 여유를 가지게끔 가게규모를 정하고 업무세팅을 하셔서 세번째 오픈가게는 사랑하는 분들과 오래 오래 함께하셨으면 합니다😊",False,
@온유한신수,담담하고 담백하게 말하기까지 얼마나 많은 시간을 버티고 견뎠을까 내가 대신 울게….,False,
@jglslsunny,제빵업계 종사자로서 디저트 부분 업그레이드 해서 돌아오면 더욱이 좋을것 같아요 그동안 수고하셨습니다👍,False,
@sunny4677,저 날 갔는데….. 완전 끝에 가서 그런지 빵도 못 사가서 넘 아쉬웠어요…. 다음 기회가 있기를 바랄게요😢😢,False,
@dhl9440,마지막 고요비 엔딩 브금 깔리면서 뉴베샵의 기록이 하나둘 스쳐갈 때 개같이 오열했어요....ㅠㅠㅠㅠㅠㅠㅠㅠㅠㅠㅠ 내가 사장도 아닌데 왜 내 추억같고 그런건지....알수없어요 <br>하루일과 마치고 고요비의 새로운 영상 보면서 침대에 누워있던 것도 저한테 행복한 추억이라 그런 걸까요 오열함 걍ㅠㅠ 뉴베샵 정말 수고하셨습니다!!! 뉴뉴베샵 영원히 기다릴게요 푹 쉬고 놀고 먹고 즐기고 오세요  고요비 ㅈㄴ멋있어!!!!!!!!!!!!!,False,
@ramirabi653,눈물 날 것 같아요ㅠㅠ 그 바쁜 와중에 유튭까지😭😭 넘 고생 많았어요!!!! 재충전 진하게 하셔요🎉,False,
@김민서-j1i,고요비 ㅈㄴ 고생했어...<br>뉴뉴베샵에서는 건강한 몸과 마음으로 만나길 🍀,False,
@gcpark9499,힘들고 슬플 때보다 기쁘고 행복했던 순간들이 훨씬 더 많았을 거라 믿어 의심치 않습니다.<br><br>그리고 다음 고베샵은 강남에 만들어 주세요. :),False,
@장성미-j5i,고생많이했어요ᆢ<br>더 이쁜고베샵으로 돌아올거잖아요ᆢ,False,
@lIlIlIlIllIlIlIIllIl,강남으로 오세요 좋아요!,False,
@돌하르방-o4j,뉴베샵 추억일기 왜케 슬프고 나 왜 울고잇노ㅠㅠㅠ...........넘넘넘 고생했어요 !!!!머싯다 고요비 !!!!!!!존나머싯다 걍 존나 개 머싯슴,False,
@moohwa8970,"고요비 ㅈㄴ멋있어  번아웃이 왔는데도 디저트 만드는걸 그만둘 생각이 없고 이거 말곤 하고 싶은게 없다는게... 진짜 고요비 자기 일 지독하게 사랑하는구나 ....  좋아하는 것만 하고 살면 너무나 좋겠지만,, 차가운 세상에서 그 좋아하는 걸 지키기 위해  해야하는 것 해내야하는 것 하기 싫은 것..  얼마나 애썼을까요 😢 그 마음 잃지 않은 것만으로도 고요비 진짜 대단한 사람이에요.  존버만이 답이라지만 ,, 때로는 버티는게 답이 아닐때도 있죠 .. <br>정말정말 수고 많았어요 ❤❤ 건강 회복에만 집중합시당 😊",False,
@_sunset_rain,에휴 인테리어 빡세게 하셨는데 아쉽네요 <br>충전 잘하시길 ㅎㅎ,False,
@보끔쓰,응원합니다 ❤ 기다릴께요 🥹❤️,False,
@이윤지-u3x,고생하셨어요❤ 푹쉬셨으면 좋겠네요,False,
@dbslove98,고요비 짱❤❤❤,False,
@lilyyybug,"보고 눈물이나네요 ㅜㅜㅜ 그간 행복하게 해주셔서 감사했어요 🤍🤍🤍 뉴뉴베샵에서 만나는 날까지,,,,, 고요비 브이로그 존버단 갑니다🥺",False,
@dPwnkmm,마지막 부분 눈물흘리며 봣다.. 고요비 복복…🫳🏻🫳🏻 수고했더요!!!!!!!❤️,False,
@DK-ip4rj,꼭 돌아오세요 고두식 카페 내가 폐업브이로그 부터 접해서 진짜 여기 빵이랑 커피 못 마셔서 지금 고베샵 브이로그로  대신 당이랑 카페인 충전 하고 있다고요 ㅠ.ㅠ,False,
@빵부장빵과장빵차장,다음 고베샵은 부산 어떠신가요ㅎㅎ😇,False,
@259bb,협박을 뭐라하지.. 어이가 없네.. 사장님 빵이 너무 맛있어서 사장님 깜빵 보내고 싶어요 이런거 아닌 이상 이해가 안 가네 열받아,False,
@릴리채리브라우니,다음 카페는 강남쪽으로 오픈해주세요<br>경기도민은 너무 멀어요ㅠㅠ,False,
@빵못잃어,유튜브 오래 봐왔고 늘 유산소할때 새로올라온 영상보면서 킥킥거리던 팬입니다.<br>건강 챙기시고<br>조심스럽지만 다음 가게를 오픈하신다면 조금 더 퀄리티 높아진 디저트를 맛볼 수 있기를 바랍니다.. 막상 먼곳에서 찾아갔을때는 맛에 조금 실망했어요😢<br><br>응원할게요..!!!,False,
@징징-h4q,"지방살아서 너무 힘든날은 나에게 하루 휴가를 준다는 기분으로 고베샵을 가곤했습니다. 고요비님이 계실때 갔던건 2번정도밖에 안됐지만...그떄마다 별거 아닌데 혼자 힐링하며 행복했습니다. 지금은 폐업이지만, 또 다시 돌아오면 또 갈거예요 ㅎㅎㅎ 언제든 천천히 돌아오세요!!",False,
@yulls_,"요비니임,, 제 영원한 연예인 요비님,, 서울 갈 시간은 없어서 동생이 포장해온 소금빵과 이것저것 먹었는데 맛있게 먹었었어요🥹 동병상련의 마음으로 영상 잘 보고 있었는데 이렇게 요비님의 폐업 브이로그까지 보게 될 줄이야🥲🥲 그동안 너무 수고 많으셨습니다아🔥🔥🫡  언제나 응원할게요! <br>댓글 냄기는 거 쑥쓰러워서 처음 달아보는뎅 크크... 떨리네유..😳<br>암튼 고요비 멋지다아아ㅏ!!!!!🔥🔥",False,
@삐쀼쀼쀼,와 식당에서 쓰는 식기세척기 무조건 있어야될 정도의 바쁨이다,False,
@nabona,"청주에서 굳이 굳이 찾아간 뉴베샵!<br>인생 소금빵이라 생각했고, 네이버 리뷰에 사장님이 댓글도 남겨주셨죠! 늘 힘찬 모습에 덩달아 힘이 났던 구독자입니다••• 재충전하시고 뉴뉴베샵으로 또 만나요 🕊️🕊️🤍 고생 많으셨어요 <b>.</b>",False,
@정근최-t4m,헐...? 고생하셨습니다... 그동안 쉬지않고 열심히 달려오셨으니 푹 쉬면서 충전하셨으면 좋겠습니다 🍀 새로 오픈하시면 찾아뵐게요,False,
@휴즌-m8q,문 닫는 공지 뜨자마자 홍대 가는 약속이 있을 때 꼭 가기로 하고 실제로 방문도 했어요ㅠㅠㅠ 편지도 드렸는데 받아주셔서 정말 감사했어요 나중에 꼭 뉴베샵에서 일하게 될 날이 오기를 바라겠습니다... ❤ 고생많으셨어요!!,False,
@aufheben2718,폐업도 용기고 실력입니다 제때 폐업하지 못하면 폐업 비용은 계속 늘어나고 손해만 커집니다 주변에서 이런 분들 너무 많이 봤어요 결단력 대단하십니다,False,
@채챙이-y4u,"구베샵 공사할 때부터 구독하고 보던 구독자입니당! 지방에 살아서 항상 가야지 하다가 작년에 가게 되었고 너무 예쁜카페를 실물로 처음 보던 순간, 저녁이라 지쳐계시던 고요비를 본 것도 아직 생생하게 기억나요 !! 말샷추와 빵도 다 너무 맛있어서 다음에 무조건 또 온다. 하면서 부릉부릉하고만 있었는데 결국 놓쳐버렸.. 2년동안 너무 수고 많으셨구 충분히 푹 쉬다가 다시 만날 수 있었으면 좋겠어용 ㅎㅎ 바쁜 와중에도 올려주시는 유튜브 개같이 달려와서 보는 행복❤️ 항상 행복 잃지않고 지내셨으면 좋겠어용 고요비 너무 수고많았고 ㅈㄴ사랑해❤",False,
@백성은-h2w,그동안 고생많으셨어요. 정말 존경합니다. 푸욱 쉬시고 다시 컴백해주세요❤❤❤❤❤,False,
@wlsdudqor3392,첫번째 고베샵도 두번째 고베샵도 찾아갔었던 수많은 손님들 중 한명입니다. 갈 때 마다 맛있는 커피와 디저트로 행복했답니다. 그동안 너무 고생하셨고 지친 만큼 푹 쉬고 세번째 고베샵에서 또 맛있는 디저트를 먹을 수 있는 날을 기다릴께요🫶,False,
@Potato_headdd,영업종료 막날에 소금빵이랑 에그타르트 종류별로 잔뜩 쌓아왔음에도 일주일도 안되서 벌써 다 먹었자나요….ㅎr..특히 일반 소금빵이 막날에 더 미친 도른맛이였어서 에프가 구워먹으면서 진짜 고베샵 언제 또 생겨날지…생각했어요🥹🥐❤️‍🔥<br>뉴베샵에서의 요비님 굉장히 응원 많이하고 있었어요 언젠가 생길 뉴뉴베샵도 존버하면서 기다리고 있겠습니다!!<br>요비님 손보니까 제가 다 아파요 건강한 손으로 다 나아서 우리 다시 또 만나요:),False,
@12942-w,하ㅠㅠㅠ 수능 끝나고 꼭 가보고 싶었는데 아쉽네여… 마지막 영상 보면서 울뻔했어요!,False,
@우연LOVE,음료에 빨대를 사장이 꼳아버리는건 좀..,False,
@곰돌이대장-q3b,계속 강하게 업그레이드 하셔서 먼훗날 디저트 장인이 되어 소금빵을 뛰어넘는 k디저트 개발자이자 백년 가게 초대사장님 되어주세요!,False,
@heartt-i9i,추억과 열정을 담은 엔딩이 한편의 영화 같아 감동적이어서 눈물났어요😭 푹 쉬며 건강 꼭 잘 챙기시구 여유 있을때 여행이랑 일상 브이로그 많이 올려주세요❤️ 최애유튜버라 고요비만 나오는 여행 브이로그 짱 좋아하거든요😍 우선 손 치료 꼭 하시구 못잤던 잠 푹 자면서 건강 회복하기⭐️,False,
@slml_slml,고두식베이크샵기대가되,False,
@subinandgaston,댓글 처음 다는데 고요비님 넘 수고하셨어요❤ 자꾸 슬프게 만들어져서 몇번 갈아엎었다면서 왜이렇게 슬픈거예요ㅠㅠ 전 영상은 얼마나 눈물바다 영상이었던거죠?😭,False,
@분홍솜사탕-j9k,ㅜㅜ😢😢😢<br>고요비ㅠ 존나머시써<br>잘쉬고 건강챙기고<br>꼭 다시봐요❤❤❤❤❤❤❤❤❤,False,
@김민채-m9x,ㅈㄴ멋져 고생해따요🎉🎉,False,
@로런스,맨날 영상 보면서 가야지가야지 했었는데 지방사람이라 타이밍 놓쳐서 못간게 너무 아쉬워요 ㅠㅠ 뉴베샵 너무 고생하셨고 뉴뉴베샵은 무조건 가겠습니다!! 고요비 ㅈㄴ 멋있는 사람👍👍,False,
@김주연-p8u,ㅈㄴ사랑했다.. 고요ㅂ…ㅣ❤,False,
@올라프-w2j,고요비님 강해져요 우리! 자영업자 화이팅❤❤❤,False,
@juri-q1c,"고요비. 마지막까지. ㅈㄴ 멋있어. 뉴베샵의 피날레에 동석시켜주셔서 감사합니다, 끝이 좋으면 다 좋다 라고들 하잖아요ㅠㅠ 지난 추억이 낭만적이고 아름다운 기억으로 남네요... 쉬시구 크리스마스때 꼭 행복한 고요비님 모습 보여주세요. 늘 응원해요, :) 고요비 무좍건 잘된다~~~~~!!~!!!!!~!!!",False,
@19.91km,"너무 고생많았어요 고요비..종종 가서 정말 맛있는 디저트 먹고왔는데, 부끄러워서 인사 한번을 못했어요..진짜 많이 응원하고 있었는데!!!! 꼭꼭 뉴뉴베샵에서 만나요..그동안 몸도 마음도 많이 힐링하세요❤",False,
@ONLYSEJEONGSESANG,다음 뉴베샵을 갈 수 있도록 해보겠습니다!!! 고요비 화이팅!!!!!! 여행 브이로그 존버❤,False,
@on_fession,응원합니다 :)<br>2년 전 처음 영상을 봤었습니다! 어? 어떤 때였지라고 생각해보니 연인과 이별 후였더군요 ㅎㅎ 빵을 좋아하는지라 보면서 웃곤 했습니다~ 그런데 벌써 2년이 지났다라는게 믿기지 않네요!<br><br>더 아름다고 훌륭하게 찾아올 고베샵 시즌3! 기다리고 있겠습니다! 그 때는 직접 방문해보고 싶습니다 👊🏻👊🏻👊🏻 고생많으셨어요👍🏻,False,
@연둡,고생했어요 ♥️♥️♥️♥️♥️ 나도 ㅈㄴ 사랑했다 뉴베샵 언젠가 다시 돌아올 뉴뉴베샵도 기대합니다 !!!!!,False,
@다송송-i5p,ㅠㅠ 고생하셨어요<br><br>고요비 ㅈㄴ 멋있어<br><br>❤❤❤❤❤,False,
@조은진-d3z,나 왜울어...뉴베샵 아니 고요비의 모든 순간들을 사랑했나봐🥹,False,
@니뇽-e7p,제가 고요비님 영상을 안지를 얼마안되고나서<br>폐업소식을 알리셨는데 다급한 마음에<br>일 끝나고 바로 홍대로 달려갔습니다<br>퇴근하고 나서 간거라 디저트들은 품절이였지만 커피 하나를 <br>시켜서 맛있게 먹었어요<br>좀더 일찍 알았더라면 자주 방문을 하고 그랬을텐데 말이죠😢<br>(일찍 알지 못한 내자신을 반성하며….)<br>다음에 카페를 뉴뉴베샵을 다시 하신다면 들리겠습니다<br>화이팅입니다,False,
@눈누난나-o3z,"🥹🤧 내 손으로 만지며 가슴 설레하고 꿈꾸는대로 도전하고 에라이 부딪혀보는 거!! 진짜 그게 나를 위한, 내가 원하는 삶인 것 같아요!! 덕분에 물렁물렁 흐릿해져가는 마음을 다시금 또렷하고 단단하게 만들었네요💗💗💗 고맙습니다➰ 고생했어요 푹 쉬세요🫶🏻👏🏻👍🏻",False,
@김유정-n6e,고베샵에서 먹었던 휘낭시에 잊지 못해ㅠㅠㅠㅠㅠㅠㅠㅠㅠ 다시 오실 꺼죠? 기달릴게요 뉴뉴베샵❤️❤️❤️❤️❤️,False,
@뽀2-w9m,저도 한번 가보고 너무 좋아서 재방문했던 카페인데 폐업하신다니 넘 아쉽네요 🥹🥹 당근케잌이 넘 맛있었던 기억이..!! 앞으로의 새로운 도전도 기대하고 있을게요 ❤,False,
@purucy1004,ㅋㅋㅋㅋ 여의도 오피슷 상권 카페는 낮에만 영업하잖아요 오히려 좋을수도,False,
@박주부-j5d,진짜…. 아 눈물나여😢 흑 ㅠㅠㅠㅠㅠㅠㅠㅠ,False,
@ImmforU,요비님이 빵을 사랑하는 만큼 구독자들도 요비님을 사랑해요!!!!!!!!!!!!!!,False,
@ImmforU,아아아악 아아아악 요비님 저 지금 혼자 홍콩이에요여어어어어 외로워 근데 다른 사람이랑 오기는 싫어어어어어,False,
@ImmforU,하지만 일요일 귀국해서 월요일 출근하는 지옥같은 일정이 저를 기다리고 있어요,True,@ImmforU
@홓홓-w5x,한편으로는 열정 넘치는 사장님을 보면서 정말 대단 하다고 느꼈습니다. 그동안 고생 많으셨습니다. 언제 어디서든 응원할게요! 고요비 ㅈㄴ 멋있어!,False,
@user-kx2cd7fx4t,"이번 크리스마스는 허전하겠지만 고요비,,,얼른 푸우우우욱 쉬세요오,,,,😢🎉❤",False,
@leewoori87,그동안 고생많았어요!!여지껏 여유롭지 못하고 쉼없이 달려온 고요비 ㅈㄴ멋있었어!푹 쉬고 연애도 하고 꼭 돌아와 줘요🎀,False,
@Kimmukja,근 2년간 정말 고생 많으셨습니다,False,
@런더마,"뭐든 마지막은 항상 아쉽고 슬픈거같아요 그래도 언젠간 뉴뉴베샵에서 다시 만날 수 있길,,,🥲",False,
@ojinze,항상 지치고 힘들때마다 요비님 영상 보면서 저렇게 자신이 하고픈일에 열정을 갖고 일하시는분도 있는데 난 뭐하나 하면서 많은 깨달음과 동기부여를 얻어갔었습니다❤ 이제는 마음의 짐을 내려놓고 잠시 푹 쉬세요~~ 고베샵 시즌2 너무너무 수고 많으셨어요~~,False,
@user-uy5vo9bk6c,열심히 달린만큼 느긋하게 달라진 공기도 느껴보고 아무이유없이 훌쩍 여행도 가셨으면해요 고베샵 하시는 동안 못한 휴식을 즐기시길 바랍니다 ❤❤,False,
@인간다움-y7j,장사가 잘되도 힘든 게 자영업인가봐요ㅠ<br>매출만 높으면 행복한 줄 알았는데..,False,
@nananana5280,3베샵도 제발 배달 가능한 곳이길..!!!!!🙏🙏 홍대라서 주문할수잇었는데🥲🥲,False,
@wandaNee-sb8pr,아니 와이엠쿠라잉.. 고배샵 창업하실때부터 봐왔는데 그런 힘듦과 고충이 있으셨다니 넘 맘이 아파벌여😢... 뉴뉴베샵 삼베샵만 존버하구 있겠숨니다 충천만빵으로 하고 돌아와주세요❤,False,
@Yell65,진짜 고요카페 휘낭시에 조온나 맛있어요!!! 제가 먹은 구움과자 휘낭시에 중 최고였습니다(입맛을 다시며) 진짜.진심.<br>지금까지 너무너무 수고하셨습니당💓,False,
@Relausel,언니 구베샵 창업 브이로그부터 봤던 구독자에요.. 고등학생이라 멀리서만 응원햇습니다.. 다음 카페 창업하실 땐 제가 대학생이 되어 1빠로 달려갈게요 푹 쉬고 돌아오세요!! 옹니의 카페브이로그 그리울거에요😢,False,
@cchoco_o2,고요비 사랑해 .. 고생했다 ❤️,False,
@dobby3447,내가 올해 제일 잘한 일 : 둘째 낳기 전에 첫째랑 고베샵 간 것❤️ <br>한여름에 지방에서 가는거라 힘들었는데 요비님도 뵙고 디저트 먹는 순간 힘든 게 다 녹아 없어졌었어요. 요비님 충분히 쉬시고 다음 발걸음도 ㅈㄴ화이팅🤩,False,
@Eth549,고요비 ㅈㄴ 멋있어<br>고요비 ㅈㄴ 대단해<br>고요비 ㅈㄴ 응원해!!!!,False,
@밤비-w9s,제 배달존으로 오픈해 주셔서 너무너무 행복했었는데 흑흑 너무 아쉬워요ㅠㅠ 너무 고생하셨습니다💛💛,False,
@hana-ty2lv,열심히쉬고 여행도다니세요<br>수고하셨습니다 <br>다음번 뉴베샵은 꼭 찾아갈께용~^^,False,
@txt_taehyunlove,구베샵 셀프 인터리어 하실때부터 본 구독자 입니다! 뉴베샵 운영하시느라 너무 고생많으셨고 다음 뉴뉴베샵 오픈하면 꼭 갈게요 고요비 짱 머싯다😘,False,
@안뇽뇽-r3u,폐업 이틀 전에 가서 그냥 팬이라는 말밖에 못했네요... 머쓱하게 웃고 가시는 것만 보다가 빵 잔뜩 사서 나왔어요 😂 사진도 찍고 싶고 사인도 받고 싶었는데 바라보기밖에 못해서 너무 아쉬웠어요 다음에 오픈하면 꼭 가서 사진도 찍고 사인도 받을게요!!,False,
@ryong0329,영상보는데 눈물 나네요 ㅠㅠ 구베샵고 뉴베샵도 못가봤지만 뉴뉴베샵 꼭  오픈오픈해주세요!!!영상보면서 같이 울고 웃고 행복했습니다~  항상 행복하시고 건강하세요♡,False,
@고운구슬-p8w,고요비❤ 고요비덕분에 행복했어 또 다시 우리 행복해지자❤,False,
@황혜빈-l9j,다음에도 홍대로 해주세요😂<br>직장인의 유일한 힐링이었습니다!<br>레몬케이크ㅠㅠ,False,
@user-dm6ly8zl4o,마니 빡센가요?? 비추하나요??,False,
@mangorabong,"지~인짜 너무너무 고생 많이 하셨습니다 ! 고요비님.. 내 롤모델이에요<br>정말 뒤에서 묵묵히 응원하는 팬들이 있다는걸 잊지 마시고<br>카페 사장님이 아닌, 일반인 고요비의 삶도 늘 응원하겠습니다! 알라뷰 푹 쉬다와요",False,
@youlssung8665,빨리 여행브이로그로 돌아와❤🎉🎉🎉,False,
@user-yg4cm6ho6t,"요즘은잘 쉬고 계신가요? ㅜㅜ 벌써 2번째 폐업 브이로그네요... 전세같은 요비님... 정말 푹!쉬시고 돌아와주세요 ㅎㅎ 늦게 와도 괜찮아요! 요비님은 일상 브이로그마저 재밌으니까요,,, (그냥 존재 자체가 유잼이에요🙂)",False,
@새벽형인간-q9h,고생 많으셨습니다,False,
@youlssung8665,"얼마나 힘들었을까요,,, 진짜 멋있다 고요비,,, 3탄 너무 기대되지만 그전까지 정말 충전 잘하고 왔으면 좋겠어요",False,
@지영-g6j,고요베이크샵이 이토록 유명할 수 있는 건 유튜브에서의 인기도 있겠지만 정말 너무너무 맛있어서 평생 있었으면 좋겠던 베이크샵이었음.. 삼베샵 기다릴게요! 그땐 저도 서울에 있는 대학에 붙어 매일매일 방문할 수 있는 사람이 되었으면..😢🙏🏻 푹 쉬시고 행복하게 돌아와주세요!!💕💕,False,
@yyyyyyuuumi,"<a href=""https://www.youtube.com/watch?v=ujjtayU0cm8&amp;t=561"">9:21</a> 저의 방정맞고 들뜬 목소리 ㅋㅋㅋㅋ너무 반가워서 그만 🥹 피곤하실텐데 기억해주시고 살갑게 대해주셔서 너무 감사했어요 💓 과거에도 현재도 미래에도 늘 응원합니다!! 고요비 ㅈㄴ 멋있어 .",False,
@나은맘하,잘했어요<br>너무나도 잘해왔고 앞으로도 그럴거에요<br><br>다른종류의 자영업자이기에 <br>영상보는 내내 공감하면서 눈물이 나네요.<br>앞이 안보이는 것 같으면서 결국 어느 순간 끝도 옴이 참 위로됩니다.<br><br>결국 중요한 건 소중한 내 자신.<br>잔뜩 행복해질 미래를 기대하며<br>잘 놀고 오세요.<br>수고했어요. <br>유튜브 안하는 저에게도 일주일에 한번씩은 꼭 영상보러 오게 한 그대는 참 매력쟁이^^,False,
@김지현-h4d1k,항상 영상만 보고 조용히 지나갔는데 오늘은 댓글 꼭 달고 싶어요😂 지방에 살아서 서울갈 일 있을때 꼭 가봐야지 했는데 그 사이에 폐업이라니 못가서 아쉽지만 고생 너무 많으셨어요! 브이로그 보면서 힐링 얻고 가는 날이 많아서 행복했어요! 항상 응원하겠습니다!! 오늘 영상도 잘 봤습니당!,False,
@하허하-i5r,폐업 후 계획은 뭐에요?,False,
@loveismore74,고요비 파이팅!!!!!!❤❤❤❤,False,
@양손에총쥐고,부산에 차려..내가 개같이 일해서 벌어다줄게 노동하지말고 돈만 세 고배찡,False,
@밍토끼-w8u,요비님이 어려운일들 척척 해낼때는 너두 할수있어~로 들리고 지친모습보일때는 너두 힘들수있어~로 들려서 삶에 위로가 많이 됐어요 감사해용!,False,
@유베리-q8r,구베샵 뉴베샵 다 봐온 고인물 구독자입니다☺️ 고생많으셨어요!! 어디서 든지 응원해요❤ ㅈㄴ멋있당❤,False,
@안녕만두-x1b,고요비님^^  청춘의 도전과 열정을 보며 눈물이 ㅠㅠ😂<br>너무 멋지시고 꼭 행복하게 돌아오세요❤,False,
@soborooo,삼베샵 나올 때 까지 숨 참겠읍니다 듀아아아ㅏ 8ㅁ8,False,
@GINUU,지방사람이라 구베샵 뉴베샵 다 가보진 못했지만 항상 방구석에서 응원하고 있어요! 뉴뉴베샵이 다시 돌아온다면 꼭 가보고 말테야... 고생하셨습니다!!! 고요비 ㅈㄴ 멋있어!!,False,
@abata509,늘 체고이십니다 고요비님🥰🌟,False,
@aaaa-rg5go,고요비 ㅈㄴ고생많았다,False,
@Zzz-i1r2f,천천히 느긋하게 왔습니다,False,
@백은경-d4u,"푹쉬시며 정신적,육체적으로 건강해서 돌아오세요^^",False,
@rhdwnsladlek,왜이제와‘ㅜㅜㅜ!!!!!,False,
@옥암스트롱,고요비 항상 꽃길만 걸으시길 바래요,False,
@마린바리스타-e3j,그동안 고생하셨고 수고하셨고 즐거웠습니다.  다시 새로운 모습으로 다시 기다릴게요.,False,
@OREO_kr,흰셔츠에서 커피색셔츠로 바꾼데는 이유가 있죠..ㅎ😂,False,
@개구리-t4c,인테리어한거아까워서우째요ㅠ,False,
@장혜란-w4z,너무너무 맛있겠다.. 근처면 맨날 갔을거같아요.. 어디서든 화이팅입니다!,False,
@inner-glory,ㅅㄹㅎ고요비<br>수고했어요<br>다시 돌아오길,False,
@forest_passage,"요비님 마지막에 그림 영상 뒤로 돌려놓으신 거 보고 헉 했어요... 뉴베샵이랑 그림 같이 있는 모습 마지막으로 담으러 꼭 가고 싶었는데 못 갔거든요ㅜㅜㅜㅠㅠㅠ 그림 액자 못 드린 게 계속 걸려서 액자 드리고 싶었는데😢 그래도 이렇게 영상으로 남았네요. 이렇게 된 거 뉴뉴베샵 기다렸다가 그려서 들고 갈게요ㅎㅎㅎ <br><br>그동안 정말정말 고생하셨어요! 가끔씩 영상에 힘든 일이 비쳐보일때마다 너무 속상했는데, 쉬고 오신다니 응원하는 입장에서는 차라리 다행이다 싶어요. 세상엔 이상한 사람이 참 많은 것 같아요. 자기 삶 살기도 바쁠텐데 참....ㅎㅎㅎ 신경쓰지 마시고, 편히 쉬다 돌아오세요! 돌아는 오셔야 돼요ㅎㅎ 그림 또 선물하고 싶으니까😤<br><br>어디서 언제 다시 열든 응원하는 사람이 이렇게 많으니 걱정 마시구.. 일단 해피백수라이프 즐기시구... 간간히 대리만족할 영상 부탁드려요ㅎㅎㅎㅎ :)🌼<br><br>고요비는 걍 멋있어",False,
@Park_jjoy,"그동안 정말 고생 많으셨어요~~!!ㅠㅠ<br>같은 업종에서 일하는데 영상보고 찡해졌어요ㅠㅠ <br>뉴뉴베샵 마지막 까지 멋있었고, 벌써 그리워지네여ㅠㅠㅠㅠ<br>고요비님 푹~~~ 쉬시고 힐링 하시길 바래요!! 다음 뉴뉴뉴베샵에 또 방문할게용!! 그동안 수고 하셨습니다!!<br>고요비 ㅈㄴ 멋있다!!!!!!❤❤❤❤",False,
@daldalisback,잘 보다가 요비언니 손을 보고... 오열한 사람됨.... 진짜 너무 수고많았다는 말밖에 해줄게 없다는사실이 통탄스러울뿐 ㅜㅜ 내가 생각했던것 보다 상상이상으로 힘들었을 요비언니 아~ 무 걱정없이 푹쉬고 즐겁게 놀았으면 좋겠어요 ♡ 뉴뉴베샵은 언니가 1순위 였으면 좋겠어요 고요비 절대 지켜!!!!!!!!! !!!!,False,
@양서하-p8l,제가 유일하게 카페브이로그구독한게 요비님이에요 구베샵부터 쭉봐왔습니다ㅠㅠ지방러라서 카페에 가본적은없지만 뉴뉴베샵오픈한다면 그땐 무조건갈거에요ㅠㅠ마지막까지 눈물줄줄흘리면서봤어요 푹쉬면서 건강챙기시고 다음영상으로 만나여!!!❤,False,
@김꼬붕,왜어디서많이뵌듯한느낌이지. 목소리 넘 매력적입니다,False,
@nopainigyein,벌써부터 뉴베샵을 기대하게 되,False,
@강튜브-i6k,그래도 브이로그는 자주올려주세요😊,False,
@oysterjam-ec2kr,직접 디자인하고 만드신 공간이라<br>구석구석 얼마나 정이 드셨을까요<br>그렇지만 지금까지 경험하신 모든것들이<br>뉴뉴베샵에 좋은 양분이 될거라 생각해요<br>정말 고생많으셨어요 항상 화이팅입니다!,False,
@망멍-r9j,안녕하세요 알고리즘 잡혀 얼마 전 처음 알게되어 영상들을 몇 개 봤었어요 쉬시면서 충전하시면서 지친 몸과 마음 달래시길 바랄게요 추운날씨 감기 조심하세요! <br>다음엔.. 그 땐 고요비님 자신도 챙기면서 맘껏 하시길발라게요!,False,
@박기범-v3y,고요비님 카페 브이로그를 잘 볼게요,False,
@쿠리-o2v,경기도살아서.. 서울가려면 맘먹어야하는데 벌써폐업이라뇨 ㅜㅜ흑 다음엔 경기도로와주세요…(?) ㅋㅋㅋㅋㅋㅋ 너무고생하셨어요! 다음오픈하실땐 꼭 가볼거예요……!!!!!!!!,False,
@판교이모,"요비님 붕신 너무 재밌었는데, 뉴뉴베샵 기다릴께요❤",False,
@다은-m4m,항상 듣던 엔딩음악이 오늘따라 더 아쉽게 들리네요😢 영상을 보니까 진짜 고베샵을 너무너무 사랑하며 지내온 요비님의 모습이 빼곡히 담겨있는게 보여서 너무 예쁘고 뭉클하고 찡하고 행복이 전해지는 영상이었어요!! 폐업전에 한번 더 들러보질 못해서 아쉽지만! 새로 오픈하면 더더더더 축하해주러 놀러갈게요❤ 풍선 무서워하지만 받아줘서 고마워용 다음엔 안무서운 풍선으로 찾아갈게요!! 그때도 반갑게 맞아주세용😍 고요비 ㅈㄴ 멋있어 너무너무 멋있어!!!!!!!!!!! 몸 마음 충분히 쉬고 건강히 돌아와용❤,False,
@곰곰-v1c,"요비님 그동안 고생 많으셨습니다! 이전 영상 중간 티내지 않아도 지쳐보이는게 보였는데 큰 결심 하셔 쉬시니 너무 다행이에요 😢 고베샵 이후로도 계속 하면 좋지만 안해도 구독자로 항상 응원하고 챙겨볼게요! 몸, 멘탈 관리 잘하셔서 얼른 좋아 지셨으면 좋겠어용 ㅎㅎ 😊 아 그리고 자막 너무 재밌어요 ㅋㅋㅋ  백수요비 때도 기대할게요! 맛있는거 먹으러 가즈아~~",False,
@근서,요비 언니 힘내용 나도 카페에서 근무하는 사람으로서 ㅠ ㅠ언니가 얼마나 사람에 지쳤을지 알고 잘 보여서 더 마음이 아파요 언니 사랑해❤❤❤❤❤,False,
@Black.Swan-H,고요비님 정말정말 고생하셨어요 <br>저는 제주도로 이사하기전에 한번 밖에 가보지 못했지만 항상 응원하고 있었습니다.<br>백수 고요비도 기대할게요!<br>재충전 완전 만땅해서 다시 돌아오면 비행기 타고 날아가겠습니다!,False,
@jumsulbook,진짜진짜 응원하는거 알죠? 뉴뉴베샵이든 일상 브이로그든 계속 볼 수 있으면 좋겠네요^^ <br>-한 영상을 몇번씩 보면서 내적친밀감이 엄청나게 쌓인 구독자..❤,False,
@cozycoy,정답이 없는 우리네 인생을 좋아하는 걸로 하나 둘 채워가는 고요비 님이 너무 멋있어요오😮 언제나 늘 편안하고 행복하길 바랄게요🩵✨,False,
@かきあげこ,제가 일본에 살고 이는데 한국에 갈때 꼭 갔었어요ㅠㅠㅠㅠ 다시 언니가 만든것을 먹을 수 있으면 좋겠어요🫶🏻🫶🏻🫶🏻🫶🏻,False,
@frfrfrfrfrfrfr-q,고생하셨어요❤ 기다릴게요 푹쉬세요,False,
@지금이제_02,앞으로의 무슨 어떤 길을 가시던 응원합니다요🩵🩵🩵,False,
@9oossi,흐아 영상 너무 감동이예요 내눈물🥹 백수요비의 영상도 너무나 환영합니다!!,False,
@쭈댕댕-m3q,유리컵에 인쇄된 코요베이크샵 로고... 네일지우는 리무버를 화장솜에 묻히고 올려두시면 지워질거예요~ㅎㅎ 그럼 새컵을 당근으로!!! 판촉물로 받아오는 텀블러에 기업로고도 리무버로 잘 지워지더라구요!!!  수고 많이 하셨어요~~~ 쉬어가는 타임은 누구에게나 필요한 것 같아요~ 푹 쉬시고 뉴뉴뉴베샵으로 돌아요세요~,False,
@보라-u7p,"<a href=""https://www.youtube.com/watch?v=ujjtayU0cm8&amp;t=137"">2:17</a> 아... 고요비 강해진 거냐고...😂 ㅈㄴ멋있어",False,
@고보경-j3x,"올해 처음 알고리즘으로 알게 되었고, 꼭 가보고 싶었지만 이젠 다시 갈 수 없는 곳이 되었네요..그래도 너무 수고하셨다고 말하고 싶어요! 자신이 사랑하는 걸 하는 사람은 빛나는데 이 말은 딱 고요비님을 이야기하는 거 같아요!!<br>앞으로도 어떤 일을 하든지 여기서 응원하겠습니다, 너무 수고하셨어요!!",False,
@ccobee8069,폐업전에 다녀왔어요 더 많이 가지 못한게 아쉽네요😢  맛있는 디저트 만들어주셔서 감사했어요❤,False,
@hyung-9982,컵 사고싶은데,False,
@지안-s2z,고요비 ㅈㄴ 사랑해 내 힐링,False,
@Lena-fg2iu,ㅜㅜ요비님 푹 쉬고 다시 만나요!!!!!💕 고요비 ㅈㄴ 머시쒀!!!!,False,
@Happy-ci7qz,한때 카페창업을 꿈꿨고 요비님 영상 보면서 추진력과 도전을 배웠어요 더불어 현실적인 어려움과 노고 또한 자세히 볼 수 있었답니다🥲 알바로만 경험해봤던 것과는 차원이 다른 자영업의 고충을 누구보다도 잘 알려주셨고 자신의 일을 사랑하고 항상 노력하시는 모습이 참 멋지고 존경스러웠답니다! <br><br>어느 순간부터 늘어나는 손에 상처들과 끼니도 걸러가며 밤낮없이 해내는 모습들을 보며 어느 순간부터는 걱정도 많아졌답니다ㅠㅠㅎㅎ <br>맛있는 홍대 고베샵을 또 갈 수 없다는 아쉬움이 있으면서도 새로운 휴식과 도전을 기대하는 마음도 드네요🤍<br>정말 너무너무 고생많으셨고 어렵고 아팠던 시간들 훌훌 털어버리고 다시 새 힘 얻는 시간 보내시길 바랍니다!! 고요비 ㅈㄴ 멋지다!!!!❤️❤️,False,
@hyung-9982,눈물흘리면서 봐야지ㅠㅠ (저 마지막남은쿠키 다 먹었어요ㅠㅠ),False,
@나래-g5v,고요비 사랑해❤,False,
@haedducoolkid,자신이 좋아하는 것에 모든 것을 쏟아부으며 열정적으로 사는 삶이 얼마나 눈부신 삶인지…🥹엔딩영상 보면서 정말 벅차올랐어요ㅠㅠㅠㅠㅠㅠ 고요비 ㅈㄴ멋있다!!!! 백수요비 동안 몸 꼬옥 회복하고 행복하길 바라요❤❤,False,
@user-mini0,수고하셨어요❤,False,
@지구여행중-t8e,고생하셨어요😂😂😂<br>거의 브이로그시작할때부터 본것 같은데!!! 다음 도전도 응원합니다❤️‍🔥,False,
@청하-d4n,유튜브로만 봐오고 친구랑 딱한번 갔었는데 그날따라 사람이 너무많고 아는척하기가 민망한 i여서 눈으로만 인사드리고 말을 제댜로 못건넸어요 ㅋㅋㅋㅋㅋ ㅜㅜ사진도 남겨두고 그랬었는데 아쉽네요 또 오픈하게돼면 사인도 꼭 받고 말거에요❤그동안 고생많으셨어요🎂😍,False,
@tellab-ym4720,"언니 고생해떠요🥺<br>푹 쉬시고 건강회복하시구 우린 다시 만나요🩷<br><a href=""https://www.youtube.com/watch?v=ujjtayU0cm8&amp;t=726"">12:06</a> 언니 기다리는 동안 버틸수있게 남은 컵들이나 여러가지들 굿즈로 판매해주시면 안되나요🥺구매원츄",False,
@밍롱이,다음에는 이일을 사랑하는만큼 짱멋진 고요비도 챙겨주기 쉬는날도 가지면서 일해도 괜찮아요 <br>그동안 너무 너무 고생했어요 손가락보니까 더 맘이 아파 ㅠㅠ ❤,False,
@흐흫-t8k,구베샵부터 꾸준히 응원해온 구독자입니다! 늘 고요비님 영상들을 보면서 웃고 위로도 받고 용기도 받았어요. 폐업 소식을 듣고 많이 놀라기도 했지만 한편으로는 드디어 쉬시는구나! 싶어서 안심이 되기도 하더라구요ㅠㅠ 그동안 정말 열심히 해오신거 모두 다 알고 있을거에요. 충분히 쉬셔도 괜찮아요! 저는 기쁘게 기다릴 수 있어요!! 꼭꼭 건강만 하세요! 이왕이면 행복두요❤,False,
@fromyj-y5r,고생많았어요 푹 쉬고 돌아오세요~ !!<br>고요비 ㅈㄴ 멋있어❤❤,False,
@najaeminimeajan,저희 오래 봐요🥹<br>항상 응원해여어🍀💓,False,
@user-su4ct3qc3n,고요비 ㅈㄴ 머시따❤,False,
@elfinsoo,고두식 베이크샵으로 돌아오기만 한다면 구두식이 되어볼테니... 건강만해요❤,False,
@김서연-p1f,엔딩영상 보는데 눈물이 또륵...😂<br>진짜 고요비 ㅈㄴ멋있어!!!!ㅠㅠㅠ<br>항상 응원해요 고요비최고❤,False,
@e_mark,지금 합정 가는 길인데 고요베이크샵이 없다니...,False,
@believeinyouuuu,삼베샵은 신촌이었으면...!,False,
@으냐잉,늘 응원할께요,False,
@Jimin-qp1xl,사랑해요..🩶🩶,False,
@미미핑,와 원상복구 진짜 일이다..어질ㄹ어질...<br>물건정리도 한참걸리겐네여,False,
@94hobi,"구베샵 오픈부터 쭉 봐왔는데 댓글 처음 남겨요! 제가 힘든 시기에 요비님 영상 보면서 많은 위로를 받고 행복했는데, 요비님께도 힘이 되는 댓글 많이 남길 걸 그랬나봐요😢 지방이라 뉴베샵만 한번 방문했었는데 그때도 지쳐보이셔서 많은 말은 나누지 못했지만 재오픈하신다면 자주 놀러가고싶어요! 쉬시는 동안 요비님 건강과 행복만 생각하시구 어떤 방식으로든 다시 만나면 좋겠어요!❤❤고요비 ㅈㄴ멋있어😎",False,
@Tvjnnk,더연장해서 할순 없나요? 인테리어가 너무 아까운디 ㅡㅡㅜㅜ,False,
@futurek5080,my summer time~♡ 요비님 덕분에 이 노래 매일 들어요 요비님 떠올리면서요 ㅎㅎㅎ 그동안 요비님 영상보면서 정말 즐거웠어요❤ 또 만나요오🎉🎉🎉,False,
@희박-o6z,고생하셨어요 ㅠㅠ,False,
@리버졔,사장님 !! 디저트카페 업종에서 꾸준히 사람들 기억 속에 자리를 잡고 상기된다는게 쉽게 되는 것이 아닌데 꾸준히 고베샵을 운영하시면서 해내신게 넘넘 대단하게 느껴집니다 🥰😌 구베샵부터 느꼈지만 부족한 면은 채워나가려는 사장님 모습이 항상 존경스러워요 ! 건강 챙기시면서 힐링하시다가 언젠가 돈가스스콘과 함께 컴백해주세요 ! 통장잔고 열심히 채워두겠습니다 😉❤,False,
@bamboo1329,고생이며 성장은 요비님이 했는데 왜 내가 이렇게 눈물이 나냐노.. ㄹㅇ 영상 뒷부분부터 눈물 줄줄.. 너무 수고했어요 ㅈㄴ 멋있어 고요비..,False,
@jinayu-f8b,끝물에 요비님을 알게 됐지만 앞에 올린 영상들 정주행하면서 너무 재밌게 봤어요!! 푹 쉬시고 돌아와주세용 고생 많으셨습니당❤,False,
@껨온SON155,고요비 koyodi님 디저트카페일 잘하시네요.,False,
@mkk2660,"날 코로나때도 버티게 해주고 힘든날도 버티게 해준 고요비님, 날 건강하게 해줬으니 님도 더 건강해져서 돌아오세요🙏🏻",False,
@김베리-t8y,"왜 내가.. 아무것도 아닌내가 엔딩영상보면서 눈물이 나는지 알수없지만….. <br>고요비 ㅈㄴ 멋있다!!! 항상 응원해,,,😍❤️",False,
@이호이호-f5p,고요비 멘탈 최고다!! 협박이라니 감히누가.. !!!!! <br>처음 고베샵가고 뒤늦게 다저트 쇼케이스 반대편에 앉아있던 고요비님 발견하고 입틀막 시전만 하고 돌아온 슈퍼I인데.. 나같은 사람 많았을거야.. 고요비님 이런 팬들이 더 많습니다요 힘든거 가뿐히 이겨내고 더 번창하십쇼❤ 또또베샵 오픈하면 굶주린 개처럼 다려오겠습니다…😝,False,
@Zizi-kc5qe,정말 수고 많으셨어요 고요비님!! 점찍고 얼른 고두식 베이크샵으로 돌아오는 날을 기대할게요,False,
@nanayeon682,잘했어 괜찮아 장하다 ❤,False,
@infj,"<a href=""https://www.youtube.com/watch?v=ujjtayU0cm8&amp;t=443"">7:23</a> 에 사람들 눈도 못마주쳤다는 이말… 저 제주도에서 장사할때 마지막쯤 느꼈던 증상(?) 이랑 똑같아서 그 마음이 너무 이해가 되고 공감이 됩니다 ㅠ____ㅠ)… 손님 와주셔서 너무 감사한데 저 멀리서 문 열고 들어오는 것만 보여도 눈도 못마주치겠고 인사소리 내는것도 힘들었거든요 약간 숨이 턱 막히는 느낌이라고 해야하나. 내가 이러면 안되지 하믄서도 결국 티를 못내니까 어디 말못할 고통처럼 힘들었던 시기가 있었는데… 솔직히 가게 정리하고 쉬니까 싹 낫긴 하더라고요 ㅋㅋㅋㅋㅋㅋㅋㅋㅋㅋㅋ장사가 이러케 무섭습니다 진차…",False,
@dearholidayvlog5269,고요비님 나이가 너무 궁금해요ㅠㅠ,False,
@핸쥐,어디서 무슨일을 하시든 행복하시길 바라요😢❤,False,
@earththe8045,"<a href=""https://www.youtube.com/watch?v=ujjtayU0cm8&amp;t=848"">14:08</a> 이노래만 들으면 눈물이 나…",False,
@한소리-v3u,나만 그런게 아니었네요,True,@earththe8045
@박지윤-l8y,노래이름뭔가용!,True,@earththe8045
@뇸뇸쓰-x9y,노래 궁금합니다!,True,@earththe8045
@Hhhhhgkdms,@@뇸뇸쓰-x9yHohyun- My Summertime  여기요!,True,@earththe8045
@욜루욜로욜라숑,저는 이노래 벨소리 에요ㅎ,True,@earththe8045
@강용운-f1s,화이팅 입니다~^^,False,
@strong1858,올해 4월에 월드컵경기장 종점이였던 마라톤 완주하고 버스타고 고베샵을 갔었어요 ㅋㅋ 진짜 다리가 빠질듯이 아팠었는데 집에와서 먹었던 디저트 맛을 잊지 못한답니다 ㅋㅋ 다음에도 오픈하시면 또 꼭 찾아뵐게용 ㅋㅋ,False,
@nanuneunju,고요비님 끝없는 터널 속에서 이제 탈출 하셔서 하고싶은것도 마음껏 하고 푹 쉬기도 하고 하고싶은거 다 하시다가 우리 다시 만나요 ! 항상 응원할께요 &#39;_&#39; ღღ,False,
@미노랑고모랑,너무 수고하셨어요 ❤더 단단해지고 사랑스러워질 고요비 응원합니다 🎉 자영업8년차로 저두 만감이 교차하네요 😂,False,
@너의하루,누구보다 진짜 열심히 였던 요비님 고생하셨어요 충전 후 새로운 시작도 응원할게요!! 언제가 될 지 모르겠지만😊 언제 어디서나 행복하길❤,False,
@선화-t6z,"최근에 주변인들에게 담담하게 웃으면서 괜찮다고 말하고 뒤에서 저도 모르게 눈물이 펑펑 쏟아졌던 일이 있었어요 그래서 영상 속 밝아보이는 고요비님이 조금은 걱정이 되네요. 매주 좋은 영상들, 매일 좋은 카페를 만날 수 있게 해주셔서 감사했습니다! 쉬는동안 사람들에게 받은 상처들이 생각보다 쉽게 아물기를 바랄게요요 그동안 고생하셨습니다😊",False,
@Sara-jq8pr,댓글 처음 달아보는데 구베샵부터 꾸준히 봐왔어요 보는데 너무 뭉클해서 🥺 고생많으셨고 앞으로를 또 응원할게요❤,False,
@user-minzzeong,엉니 더 행복하자❤️,False,
@ohwoll5891,"같은 업계에서 근무하는 구독자로써 늘 응원했어요. 근처 살땐 자주 갔었는데, 이사가고 나서 분기별로 갔었어요. 갈때마다 점점 힘들어보이는 고요비님 얼굴에, 혹시나 더 짐이 될까 구독자라고 아는 척도 못했네요. 푹 쉬시고 다음에 다시 돌아오신다면, 그때는 제가 제대로 아는 척 하면서 반기겠습니다. 너무 고생하셨어요! 늘 ㅈㄴ 멋있습니다.",False,
@Myway0508,장사 잘되는거 같은데 왜 폐업하시는거에요?,False,
@성이름-b1w,아 눈물난다 ……<br>매번 느끼지만 자신의 꿈을 사랑하고 쫒아가는게 너무 존경스럽습니다..앞으로도!! 영원히 우리의 고요비❤ ㅈㄴ머시따,False,
@민초-d6h,고고고요비로 돌아와용❤ 빵넘맛있어유 ㅜ,False,
@북극곰남극곰,홍대갈때마다 지인들 다 데려갔어요 ㅋㅋㅋㅋㅋㅋ 합정에 약속있으면 포장해서 선물로 지인들한테 주기도 하고😂❤❤ 인프피구독자로서 아는척은 못했지만 ㅈㄴ 사랑했따...❤🎉,False,
@yeonii-h9v,고요비 사랑해요 언제나 행복만 해요!!,False,
@롬님-o9y,고요비님 고생 많으셨어요~!! 구베샵일때 인천에서 찾아갔던 사람이에요! 그... 별로 좋은 기억은 아니긴한데 가게 앞 비둘기...이야기를 하시면 기억하실지 모르겠는데 ㅠㅠㅋ무튼 그 때 방문했던 저도 지금까지 고요비님 영상 넘 잘챙겨보고 있답니다! 인천 중에서도 구석지역이라 서울 가려면 너무 오래걸려서 그 때 방문해보곤 또 못갔었는데... 그래도 뉴베샵으로 바뀌고 멀더라도 한번은 가보고싶었는데 못간채로 이렇게 끝나게되어 너무 아쉬워요ㅜㅜ 그래도 훈훈한 마무리라 너무 다행입니다!! 푹 쉬시고 몸도 마음도 빵빵하게 충전하시고 어떤 길을 가시든 고요비님의 길을 응원합니다~ 화이팅~~~,False,
@luv_juyeoni,왜이렇게 눈물이 나는지 모르겠어요ㅠㅠ<br>고요비님 몸도 마음도 고생많으셨구<br>앞으로 좋은일들만 가득하시길 바래요!!!<br>고요비 ㅈㄴ 행복하자!!!!!!!🎉,False,
@음침한게돌았어냥,언니 많이 힘들었구나 ... 😢❤,False,
@ne_ne_neng,마지막 고베샵 추억 보면서 눈물을 흘러벼렸다...<br>ㅈㄴ사랑했다 고베샵...,False,
@이채은-o9u,고요비 ㅈㄴ 멋있어..,False,
@soosooggang,왜 폐업 하신건가요? ㅠㅠ 디저트장인 같으신데..,False,
@강뿌뿌-v6q,아 눈물나ㅠㅠ 고요비님 고생 많으셨어요ㅠㅠ🎉,False,
@누-z4y,고요비ㅈㄴ멋있어……<br>앞으로의 고요비를 위한 발걸음 휴식이니 쭉 고요비 옆에서 응원하고 지지하고 함께할 거예요 😍 그동안 너무너무 고생했뜨아!!!!! ❤️,False,
@완두콩-h4i,뉴뉴베샵 기다릴게요!!,False,
@bb-hq7xr,고요비 쿠키 잊지못해요ㅠㅠㅠㅠㅠㅠㅠ,False,
@MIDNIGHT__BLUE,고요비님 수고 많으셨어요!!<br>앞으로도 계속 응원할게요...🩵,False,
@최예진-e9x,꺅 11분 전은 못참죠😍 선댓후감상 갑니당🥰 앞으로도 알차고 재밌는 브이로그 기대할게요💖,False,
@저기로,고요비ㅈㄴ멋잇엇다!!!!!<br>다시만날날까지언제나행복하세요!!!!!! 💕💕,False,
@9004h,고생 많으셨어요!! 뉴뉴베샵 오픈하면 꼭 갈게요😖❣️,False,
@zeze5911,응원해요 사장님! 고생 많으셨고 다음엔 더 고요비스러움이 가득한 카페 기대할게요 고요비 ㅈㄴ멋있어!,False,
@토드-g5b,요비님 그동안 고생하셨어요 좀 쉬시다가 다시 창업하시면 말차쿠키 먹으러 갈게요,False,
@영민-o4w,고요비 여행브이로그 존버 30일차,False,
@sun__a_a,제가 폐업한거 같네요ㅜㅜ2번밖에 못간게 아쉽네용ㅜㅜ,False,
@1gnisf1os,너무 수고 많으셨어요!!<br>응원해여 앞으로도 꽃길만 걷길👍,False,
@이은빈-x6c,사족보행으로 뚜ㅏ어왔습니다,False,
@hyejinshim3171,하하하하 요비씨 그리고 윤사장님♡♡♡♡<br>이제 오랜만에 해외여행브이로그<br>보여주세요❤❤❤❤❤<br>언젠가 유럽여행브이로그<br>보고싶어요😮😮😮😮<br>담에 또 옮기신다면 양천구쪽이나<br>강서구쪽으로 더더더더 넓고 큰곳으로 가셔도 괜찮을것 같아요,False,
@수민-u7x8w,고요비 수고했어!!!!!!!! ㅈㄴ응원해🫶🏻,False,
@KDS90-h9w,고요비 그녀에게 ❤,False,
@GYU-p2x,고생하셨어요 다음을 기대합니다 <br>일상이나 여행가면 영상 많이 올려주세요 <br>챙겨볼게요,False,
@디두-w3o,ㅠ,False,
@임은정-e8g,"고요비님! 가게에서 먹은 단호박케이크랑 치즈스콘은 진짜 너무 맛있고, 맞이해주시는 게 너무 따뜻했어요💓 꼭 나중에 가게 또 열어주세요!!",False,
@mangonew,고요비 고생해써,False,
@JayJ425,드뎌영상왓다,False,
@JayJ425,하나하나 요비님 손길 거치지 않은 부분이 없을텐데...ㅠ 뉴베샵 인테리어 너무너무 아깝지만 시즌3 기대할게요❤,True,@JayJ425
@hyeonjeong777,"내가 구베샵을 어떻게 잊었는데 ,,",False,
@Malfoyanti,개같이 뛰어왔습니다..,False,
@유유유-o7m,봉…구?🐶,True,@Malfoyanti
@Malfoyanti,@ 멍,True,@Malfoyanti
@jin3419,왈왈,True,@Malfoyanti
@young0433,왈.,True,@Malfoyanti
@희원-g6f,으악 고요베이커리 너무 가고 싶엇는데 면접 이슈로 한 번도 못가보고 폐업이라니…😭😭,False,
@gaxunxo0,😭아직못가봤ㄴ느데.......,False,
@감자-e9i,고요비 늘 사랑해 응원해 ... ❤️,False,
