author,comment,is_reply,reply_to
@marin998,뉴욕 마라톤 너무 수고했어요. 올해는 나혼산으로 대상  받을거 같아요 ㅋ,False,
@mmelrona3233,뉴욕 런닝한거 잘봤습니다. 너무 감동받았어요 태극기 딱꺼내실때 방구석에서 울컥했네요... 항상 응원해요 기안님 !! 희민님 화이팅,False,
@김형인-o6c,기안이형 나 요즘 솔직히 겉으로 드러나진 않지만 속으로는 너무 속상하고 이 가슴이 너무 아퍼😢<br>내가 진짜 좋아하는 엑스재팬의 히데상도 그렇고 사카이 이즈미상도 그렇고.. 인생이란게 과연 뭘까<br>그리고 나도 그렇고 사람들은 괜찮은척 아무렇지 않은척 성공한척 똑똑한척 잘난척 부자인척 돈많은 사람인척 진실이든 거짓이든 어찌됐건 실제로 그러지 않을수도 있는데 암튼 그런 무슨척을 늘 항상 뭔가가 하게 만드는거 같애😢<br>솔직히 그만 보여줬으면 좋겠어 형을 필두로해서 그런 챌린지 (예를들어 SNS그만하기 그만 보여주기 이기적이고도 유치한 자랑 그만하기 챌린지 물론 나는 유튜브만 제외하고 올해3월부터 그만한지 오래됐지만 휴...)같은걸 했으면 좋겠지만😢 다 부질없어 보이고 의미없어 보이거든<br>삼가 고인의 명복을 빕니다 라는 댓글 솔직히 돌아가신분의 입장은 모르겠지만 최대한 역지사지의 관점에서 보면 그 말이 진정성이 깃든 댓글인지 빈말같은 댓글인지는 알수는 없지만 솔직히 그 어떤 말을 해줘도 위로가 되지는 않을거 같애😢 답답해 그냥<br>그렇다고 형이 잘못됐다는게 아니야 오해하지 말어...,False,
@healingtreegangtan,희민이형 늦었지만 생일 축하해요 나이 들어가는 거에 너무 스트레스 받지마시고 지금처럼 태어난김에 열심히 소신껏 좋은 행보 쭉` 보여주세요!,False,
@suhyunjo1047,진짜 바로지검적시 전화요망망망♡,False,
@suhyunjo1047,진짜 이거보는즉시 전화요망입니다.갼84늼♡,False,
@suhyunjo1047,전화요망,False,
@suhyunjo1047,안녕하세요,False,
@이바오-d9l,지드레곤 섭외 해주세요!! 기안84와의 콜라보 ㅋㅋ 너무 기대되요,False,
@유튜브프리미엄-h5v,침착맨 마우스로 그림 그리는거 보면 <br>침착맨이 가진 재능 중에서 그림을 제일 잘 그림. <br>특히 그림 그리면서 설명하는거에 특화 되어 있음. <br>니가 그림을 버릴 수 있을 것 같아?,False,
@유튜브프리미엄-h5v,지금의 침착맨의 적어도 4할은 주펄과 함께 완성된건데..<br>뭔가 빠진 느낌 아쉽다 ㅠㅠ,False,
@노자영-p7g,연말 연예대상 화이팅~~!!,False,
@HannaKim-ke3ro,아몰랑.... 쓸때가 없어서 그냥 쓰는데  입벌리기고 뛰면 안댕 ㅜㅜ ... 뛸때 입으로 호흡하랫옹 ㅜㅜ 고생해따옹 🤗😊,False,
@user-hf2vv1mi2y,마라톤이 장난이냐 얘 거품언제꺼지냐,False,
@extraotdinaryTerry,두분이서 좀 긴 영상 찍어주세요 ㅎㅎㅎㅎ 진짜 마음이 너무 편하고 재밌어요,False,
@KathyRenee-d5x,그놈의 ㄱ글 에서 벳프리 댓글 ㅈ 나많네 그렇게죠 좋은가보지 보러갈까??,False,
@llliiillliill5947,"기안이 침착맨 부러워하는 포인트가 뭔지 알꺼같다 ㅋㅋ<br>나도 그림 배울때,항상 꾹꾹 눌러담아야 한다는 강박이 있었어서 새필붓 들고 깨작거릴때 옆에서 러프하게 슥슥슥 그려버리는 사람이 있으면 그렇게 부러웠음ㅋㅋ<br>단지 그림 스타일 뿐만이 아니라 삶의 태도 자체가 러프한게 부렁운게 아닐까",False,
@경숙이-v8t,능력 있는 데 <br>자식들이  많네요 <br>재미있는 가족이 되기를 바랍니다,False,
@박은혜-l9u,화가는<br>화가이다.,False,
@갤노파,머리속에 세계관이 있어 웹툰작가들은,False,
@딩가딩고딩,진짜 침착맨은 일류다,False,
@NathanielPaula,ㄱ글 에서 벳프리 이 ㅓㅇ도로 유명했음?  내 듣보그잡놈인의줄  알ㄱ았글 는에데서  ㄷ벳ㄷ프ㅋ리 때문에 내거기 닳고 닳,False,
@AnnetteEric-s6p,ㄱ글 에서 벳프리 이 ㅓㅇ도로 유명했음?  내 듣보잡인줄 알았는데 ㄷㄷ?,False,
@PrudentDarian,그놈의 ㄱ글 에서 벳프리 때문에 내거기 닳ㄱ고글  닳에아서서  벳없프어리지 겠진네짜? 보다보면 빠져든다 라이브,False,
@-mt3gv,아 이말년 그림 너무웃곀ㅋㅋㅋㅋㅋㅋㅋ,False,
@d히터펑순기p,그 어떤 게스트가 나왔을때보다 기안이 진짜 편해보임,False,
@BlueberryDarlene,진짜 ㄱ글 에서 벳프리 에서 방송 하시던분 진짜 잼있어 ... 다시보고 싶어서 가보자,False,
@2득,"<a href=""https://www.youtube.com/watch?v=Wd6nS3hr8e4&amp;t=909"">15:09</a> 성대모사 개잘하네ㅋㅋㅋㅋㅋㅋㅋㅋㅋㅋㅋㅋ",False,
@user-redcarrot,풍경구경이라는 말을 어떻게 생각하지? 진짜 천재야,False,
@GaleLouisa,이 댓글 보고 ㄱ글 에서 벳프리 보고있는 내 인생이 레전드네 씨밬ㅋㅋㅋㅋ?,False,
@LEEUIJIN0220,편안한 두분 보기좋네요  침착맨님은 머릿속에 정말 많은게 들어있는것 같아요 궁금하네요,False,
@philli16428,두분 무슨 일이 있었나요? 텐션도 떨어져보이고 예전보다 합이 좋지 않아서 걱정이 됩니다 건강이 안 좋아지신건지,False,
@YUTUBE-h1d,원래 저런텐션이지 방송이 텐션올린거고,True,@philli16428
@philli16428,@ 그런가요 전에 같이 방송할 때보다 텐션이 떨어져보여서 걱정이 되겠읍니다.,True,@philli16428
@규그,보기 좋은 형제야~~,False,
@유메-g7e,진짜 침착맨도 좋지만 이말년 돌아와ㅠㅋㅋㅋㅋ 절필한 사람 맞냐고ㅠㅋㅋㅋㅋㅋ,False,
@회전초밥-x5g,기안 너무 좋아한다 😊😊😊,False,
@판도라-n7o,천재 두분 멋지다❤,False,
@Bbitye,인간 이병건과 인간 김희민의 만남이 느껴지네요. 좋다좋아,False,
@eunjeongyou1804,넘 웃기다 정말ㅎㅎㅎ,False,
@밍밍-n3j,잔잔한 템포 조타,False,
@jsjsfamilytrust473,침착맨은 우울증이네.,False,
@반시-k9n,기안84는 진짜 돌아이구나,False,
@jaykang3434,헛소리 찍찍하다가 나락갈뻔한 새끼가 누굴 컨설팅해줘...,False,
@aaron5330,이말년 시리즈 채색이 쏘맘이에요?!,False,
@Cloudland0809,켠왕에서 피구왕통키하던 때는 이들이 이렇게 거물이 될지 몰랐죠,False,
@이산하나-375y9d,기안84님 그림에 강력한  기운이  뿜어져 나오는듯..  <br>귀한 작품이네요.   놀라워요!!,False,
@youandi100,어떻게 ㅋㅋㅋㅋㅋㅋㅋㅋㅋㅋㅋㅋㅋㅋㅋㅋㅋㅋㅋㅋㅋㅋㅋ 너무 웃긴데요 ㅋㅋㅋㅋㅋㅋ 단체로 트랜스휴먼된 거,False,
@youandi100,와 ㅋㅋㅋㅋㅋ 연필깎이 오랜만이에요.,False,
@youandi100,아니이 ㅋㅋㅋㅋㅋㅋㅋ 결혼은 못할 거 같지만 내 씨는 뿌려서 아이는 가지고싶으면 그 애는 누가 잘 키워주나요 ㅋㅋㅋㅋㅋㅋㅋㅋㅋㅋㅋ 저도 그런 생각하기는 하는데 그래도 좋은 엄마 아빠 둘이 있어야 아가에게 좋은 영향 더 줄 수 있을 거 같아요 ㅋㅋㅋㅋ,False,
@hokisim-heaven,박나래가 전화한 날이네...ㅎ,False,
@일분썰-y2i,ㅋㅋㅋ기안84가 웃으면 진짜 웃기는거같음,False,
@HJ-ef8pf,기안 생일에 침착맨님 만나서 미역국도 먹고 다행 ㅠㅠ 그림실력 계속 발전하는듯 대박이네,False,
@sjsj_0418,"<a href=""https://www.youtube.com/watch?v=Wd6nS3hr8e4&amp;t=542"">09:02</a> 이거 원피스 상디네 아니냐고ㅋㅋㅋㅋㅋㅋㅋㅋㅋㅋㅋㅋㅋㅋ",False,
@marcochung1670,가니슈카냐 ㅋㅋ,False,
@umum8974,침공 어찌 목만 오셨소....ㅠㅠ,False,
@ghks3155,가족 만들어준거 개웃기네 ㅋㅋㅋㅋㅋ,False,
@정주아-x8l,"침착맨이 진지하게 고민 얘기하는 거 처음보고, 기안이 저렇게까지 좋아하는 것도 처음본다. 둘 다 주변에 서로를 포함해서 좋은 형동생들이 있는 걸 보니까 인생 잘 살았다는 생각도 든다.",False,
@choechoe5219,조롱이잖아요ㅋㅋㅋㅜ,False,
@전상범-x9t,내가 좋아하는 희민이형 병건이형 유툽으로 너무 많이봐서 이젠 동네형같네 진짜  행복하세요 항상,False,
@Ban_min_cho_,와 만화가들의 상상력이란 일반인들은 따라갈수가 없네요 대박😂😂,False,
@박김이-q1j,2124를 보고 &quot;이게 뭐야&quot;가 아니고 &quot;고마워 형&quot;이 나오네 ㅋㅋㅋㅋㅋㅋㅋㅋ,False,
@thanks2you,침이 생일축하 할때 기안 눈빛보니까 진짜 많은 감정이 담겨있는게 보인다 ㅜㅠ,False,
@912-q9t,두 분이 살짝 어색해진 그 미묘한 공기가 느껴지는데.. 그게 아무런 상관도 없는 제가 가끔 섭섭한 느낌이 들어요 허허 인간관계 라는 게 언제나 같을 수는 없는 거니까요.. 당연한 것이겠지만요,False,
@joy8637,두분 저세상 대화 잘 통하는게 킹받네요,False,
@joy8637,두형제 보기좋군뇨,False,
@joy8637,이말년 ㅠㅠ ㅋㅋㅋㅋ 다시그려주세요,False,
@cookiees3064,골때려요 웃겨요 😂,False,
@나는최고야-o6w,내가 본 우정 중의 최고임 이 둘이,False,
@히히힛-w8c,기안84님 요즘 재미있는 영상 많이 업로드 해주셔서 검사합니다.,False,
@김김김-b6u,ㅋㅋㅋㅋㅋㅋㅋㅋㅋ 둘이 별의별 또라이같은 애기 하는데 웃음기조차 없는게 ㄹㅇ 전형적인 찐친 남자들 대화,False,
@wolfkang7934,근데 진짜 침착맨만큼 기안님 생각하는 사람 없는것 같다 웃겨도 따뜻하네,False,
@5pm_Hazyblue,생일을 축하해요,False,
@티라노-v7w,"둘의 집은 높고 넓어졌으나, 그들은 여전히 반지하 원룸에서 갖고있던 인간적삶을 그대로 가지고 있는것 같습니다. 마치 자취방에서 대학원생들 둘이서 소소한 파티 하는것 같아요. 그냥 둘만 알아듣는 대화를 주고받는게 듣기 좋아요. 그림은 진짜 배를잡고 웃었네요",False,
@강바다-s5p,애틋하네..,False,
@alako2236,기안 그림은 배가본드 느낌이 좀 있네ㅋㅋㅋㅋ 침착맨이 손놓은거 치고 이말년시리즈 감성 그대로 남아있는게 신기하고ㅋㅋㅋㅋ,False,
@kirbyiskute,나도 근데 매사 의욕없고 에너지가 없어서 침착맨 말이 너무 공감간다 <br>문득 문득 게슈탈트 붕괴 <br>왜 살지? 어떻게 살지? 이런 질문들 …,False,
@Naaong985,그림 쩐다..,False,
@쭈-f5z,너무 부럽다~~<br>저런 친구💬💬💬,False,
@빈손만손,너무 재밌어요.,False,
@jsklffgd-dys2,"<a href=""https://www.youtube.com/watch?v=Wd6nS3hr8e4&amp;t=499"">8:19</a> 머리올렸고 덮었곸ㅋㅋㅋㅋㅋㅋㅋㅋㅋㅋㅋㅋㅋㅋㅋㅋㅋㅋㅋㅋ",False,
@jsklffgd-dys2,"<a href=""https://www.youtube.com/watch?v=Wd6nS3hr8e4&amp;t=455"">7:35</a> 장녀 시집가기 힘들겠댘ㅋㅋㅋㅋㅋㅋㅋㅋㅋㅋㅋㅋㅋㅋㅋㅋㅋㅋㅋㅋㅋㅋㅋㅋㅋㅋㅋㅋ 아이말년 돌아와 웹툰 다시그려줘~~~",False,
@binggu337,갠적으로 침착맨 그림은  참 친근감을 불러 일으킨다  ㅋㅋㅋㅋㅋㅋㅋㅋㅋ 쌈마이쪽에선 타고난듯  기안은 퀄리티 욕심이 아직도 있는거 같고 둘다 본질은 아니고 변질? ㅋㅋㅋㅋ변질이 본질이 되는거죠,False,
@somehowfamily,주호민 만 나락 안갔어도 재미있었을 텐데 ㅋ,False,
@백찍,"<a href=""https://www.youtube.com/watch?v=Wd6nS3hr8e4&amp;t=156"">2:36</a> 심지어 이런 얘기조차도 유튜브에서만 5년은 넘게 하는중 ㅋㅋㅋ",False,
@user-dx1tk6le5x,아 너무 재밌어<br>라디오 같아요,False,
@arklight11,둘이 너무 보기 좋아요,False,
@정명옥-w4i,희민씨.--- 생일축하합니디.  연두색 모자는. 참 좋아하는 모자인듯합니다.  항상 같이가는  애장품~~~😂😂😂,False,
@정명옥-w4i,희민,False,
@또이찌모테서-f5e,기안이 지도자인 나라는 어떨까<br>나는좀 기대되는데..혼자상상해봤음<br>요즘 정치인들이 하도 질려서,False,
@이원정-k2p,ㅋㅋㅋㅋㅋㅋ재밌고 느낌도 좋다,False,
@nostalgia8d8h,😊뒤에..방송용 그림~^^,False,
@christinalim5686,생일축하해요 🎉,False,
@z0_1160,"이런 잔잔한 텐션, 관계성 참 좋다",False,
@oksammy11,"마치 오징어게임의 다리 건너가기 처럼 같이 시작했던 유튜버들..한때 하늘을 찌르던 인기를 구가하던 주위 친한 유튜버들이 하나씩 발판을 잘못 밟아서 나락가는걸 직접 지켜본 침착맨이라, 저런 허무한 마인드가 이해됩니다.",False,
@돌똥에는관장,마지막에 헤어지는데 나도 괜히 공허해지네 ㅠ,False,
@비트호벤,"이 둘 조합은 왤케 늘 뭉클하게 하지, 알수가없네",False,
@usualc7302,이번 편 유독 뭔가.... 촉촉해ㅠㅠ,False,
@BATMAN-xf5sd,"광고인데도 존나 처량하게 끝나네 ㅋㅋㅋㅋㅋㅋㅋㅋㅋㅋㅋㅋㅋㅋ 이정도면 그냥... 심야식당 분위기같은 거 어떨까싶음. 예전에 손으로 짜파게티를 먹여준던, 기안84 오마카세 주방장의 개씁쓸한 심야식당 컨셉 어떠심?",False,
@GoBuyNvidia,참 신기한게 침착맨은 기안84만 만나면 뭔가 따스한사람이됨 ㅋㅋ 말도 그렇고 뭔가 눈빛이그럼. 방송키면 광대가 되거나 직원들한텐 일진맨 느낌이나는데 기안84랑은 20대 성수동으로 돌아가는느낌,False,
@사랑은맛잇어,차남 다리사이에 뭐에요? 저 위치에 마우스를 그린건 아닐텐데?,False,
@wlee7687,아 침착맨 그림 존나 웃기네 ㅋㅋㅋㅋㅋㅋㅋㅋㅋㅋㅋㅋㅋㅋㅋㅋㅋㅋㅋㅋㅋ,False,
@wlee7687,이병건 귀여워,False,
@user-chimchacknen,ㅋㅋ이정도면 거의 가족인듯 그리고 이렇게 보니까 기안이 침착맨 좋아하는게 느껴지네,False,
@naomikitchen-kr,침착맨은 보법이 다르다 ㅋㅋㅋㅋㅋㅋㅋㅋㅋㅋㅋㅋㅋㅋㅋ,False,
@아몰랑-s9l,골방 2인조,False,
@user-kd5wb9dc1q,기안84랑 기안74 만나는거 찍으면 재밌을듯 ㅋㅋ,False,
@pilbak-m6w,둘이 귀여워 죽것네 😂,False,
@CHUNIVERSAL_STUDIO,"<a href=""https://www.youtube.com/watch?v=Wd6nS3hr8e4&amp;t=738"">12:18</a> 미역국 후후룩하면서 생일축하듣는건 참 기괴한 그림이넼",False,
@우희정-n1t,막역함😊침착맨 아이디어  ㅋㅋㅋㅋㅋ 기안 영혼이 아이들로 화함 😅,False,
@김명현-p1f,침착맨 왜 엉덩국 스타일로 그림? ㅋㅋ,False,
@삐깨삐갯피캐쮸-l6s,자식이 여덟인데 공부 잘하는 놈 하나 없네 ㅋㅋㅋ,False,
@roundog97,개웃긴데 진짜 기안이 원하는 거 다 들어 있엌ㅋㅋㅋㅋㅋㅋㅋㅋㅋㅋㅋㅋㅋㅋㅋㅋㅋㅋㅋㅋㅋㅋㅋㅋㅋㅋㅋ,False,
@loveaintfree1409,야 둘다 홍대 반지하에서 시작해서 지금은 건물주들 ㄷㄷ ㅊㅋㅊㅋ,False,
@임명희-s5j,"기안님, 결혼은 나중에 하더라도 아이들을 입양하세요. 7명... 애들 같이 키울수있는사람 구하고, 혹시 알아요? 보모하고 결혼할지... ㅎㅎ",False,
@方中薇,롤카롤카에서 드디어 양성반응을 보이고 있어요 궁긍하면 검색해봐,False,
@ФомаГлебов,롤카롤카 놀이공원 보다 더 짜릿짜릿 19금 보다,False,
@JOliverKomarov,"케리아 2년 재계약 확정, 티원 전원재계약 와우 롤카롤카",False,
@НикифорЛавров,롤카롤카는 롤 vs 카지노 ㅎㅎ 여러분들의 선택에 맡기겠습니다.,False,
@JettMazure,만약에 이스포츠가 질렸다면 카쥐노로 전향해도 무방합니다 롤카롤카,False,
@NaekoKajihara,하루도 빠짐없이 들어와서 눈팅중인데 오늘은 달려볼거임 롤카롤카,False,
@CaucAsianFriendly,"기안이 그림 설명할때 도대체 무싄 개소리인지 하면서 듣고 있는데, 그 모든 말에 다 반응하고 있는 개방장을 보고서 또 깨달았다. 역시 병건83. 그러고선 그의 그림과 설명을 보았다. 결혼으로 잘 풀렸던거지 더 한 놈이었다.",False,
@rilarilaGorila,진짜 웃다가 울엇닼ㅋㅋㅋㅋㅋㅋㅋㅋㅋㅋㅋ ㅋㅋㅋㅋㅋ ㅠㅠ 아놔 진짜 천재들,False,
@아자아자-r2g,😂,False,
@토스-d7v,기안 생축 노래에 쑥스러워하는데 찐감동 받는 듯<br>둘이 죽이 맞네,False,
@히히-s9z,와… 저게 입시 그림이구나… 진짜 어케 그리냐 ㅋㅋㅋㅋ…..,False,
@솝-h2s,"<a href=""https://www.youtube.com/watch?v=Wd6nS3hr8e4&amp;t=194"">3:14</a> 이 구도는 뭐임?ㅋㅋㅋㅋㅋㅋㅋ 귀여워서 넣었나",False,
@바지가인사하면하-h9n,그림 실력이 많이 올라갔네,False,
@byeongminlee4611,이런 친구 한 명 있다는 게 인생에 얼마나 큰 행복인지 서로 느낄 것 같아요.,False,
@흥민쏜-r6s,아니.. 병건이형 기안이형 그림과 설명에 깊은 감동을 받아 댓글을 남기지 않을 수 없었다. 진짜 웹툰 보면서 소리내면서 웃은 작가 딱 2명인데 그게 이말년이랑 기안84 였음 ㅋㅋ,False,
@JUNOegg,아이디어 진짜 미친거같애 둘다,False,
@gnizama,Still no English subtitles?😢,False,
@CM-ez6fe,마지막은 왠지 씁쓸함이...,False,
@johhny_laila,ㅋㅋㅋㅋㅋㅋㅋㅋㅋㅋ침착맨 개천재 ㅋㅋㅋㅋ 역시 이야기를 창조하는자 답다,False,
@ggyu739,좁은 방에 둘이 살면서 만화가를 꿈꾸던 두 사람이 이젠 송파구에 건물을 가진 건물주가 되어 있네요😊뭔가 되게 멋있다!,False,
@LOVE_KOREA_4EVER,길바닥에서 낄낄대며 웃었네요ㅋㅋㅋㅋㅋ감사합니다,False,
@yooyubu6262,왜케 슬프지 ㅠㅠ,False,
@참새-p9w,병민이와 희건이,False,
@mukjjang2,귀여웡,False,
@sdyolyddxicivibjk,"<a href=""https://www.youtube.com/watch?v=Wd6nS3hr8e4&amp;t=799"">13:19</a> 무시를 당할 각오가 되있다면 편해지는게 너무 많은데.. 이걸 마흔에 알았어",False,
@jmt4955,친형제같아서 보기좋네,False,
@정의준-f5o,여포84,False,
@김수현-t4t8g,엄마없는데 애가 몇명이야 기안촌 개터지네ㅡㅋㅋㅋㅋㅋ,False,
@GOODNEWS-lm1cx,천국 지옥은 있으며 예수님께선 그리스도이시며 길이요 진리요 생명이십니다 예수님께선 부활이요 생명이십니다 회개하십시요..  예수님께선 구세주이심을 선포합니다 현금없는 사회와 CBDC 디지털화폐는 인간을 노예삼고 사유재산을 없애고 사탄이원하는 바이므로 해선  안됩니다. 베리칩과 666표  받지 마십시요.,False,
@조화로움-h1z,뭔가 영혼의 단짝 같은 느낌,False,
@라벤더-i5q,두분 자주 만나줘용 😊,False,
@kingbatne8377,역시 본업할 때 제일 멋있는 두남자,False,
@혜원이-x9i,그림 너무 웃겨😂,False,
@일상-u3k,돈이 아무리 많아도 뭐 해.. 자식이 없으면 이태까지 이어진 나라는 존재를 이 대에 끊는건데 😢,False,
@김민수-x4d9i,서로 무례한데 즐거워 이게 부랄친구지,False,
@셩미리,"기안84 찐친과도같은 형제들: 이시언,침착맨",False,
@wednes1116,진짜 만화가의 기발한 상상력과 그걸 구현해내는 능력이 대단하네 ㅋㅋㅋㅋ 현직에서 쉬고있는 사람들 맞냐고ㅋㅋㅋㅋ,False,
@람다람다,사실 너무 부럽다 이런 친구가 있다는게... 둘이 우정 뽀에버~~~🩵,False,
@키컬트,사랑이 2년밖에 안가는데 자식은 많다.. 이거 일론 머스크네요,False,
@슈퍼웅이-v9j,그래 또 와!,False,
@juniklee6693,입시학원 오랜만이네.. ㅋㅋㅋ,False,
@Leegh0407,ㅋㅋㅋ차녀는 쏘영이가 모델 아닙니까? ㅋㅋㅋ,False,
@ntpsnfm,기안님 욕심 좀 내려놓으세요,False,
@nchtliclbtbbb,ㅋㅋ 코를 일관성있게  그려주신게 웃기네 <br>마지막에 빗길 멋지다~,False,
@dinner_is_bob,메카 기안촌 미쳤나ㅋㅋㅋㅋㅋ,False,
@썬썬-h3q,기안님  그림 진짜 잘 그리시네요! 그나저나 침착맨은 역시 관통맨!!! 컨설팅 제대로 해주시네요 ㅋㅋ,False,
@판도라-n7o,우리기안님 빨리 결혼해서 저런 사랑스런2세가 생겼음 좋겟당❤,False,
@판도라-n7o,두분다 천재인듯ㅎㅎ,False,
@판도라-n7o,보는내내 웃겨죽음 ㅋㅋ,False,
@서한비-b4z,"기안84 what&#39;s in my bag/ 죽을때 까지 신으신다는 신발 40켤레 소개, 신발 3개 로테이션 선정 기준/ 옷장도 궁금해요(골덴재킷 잘 있는지) 모자, 신발, 옷 사는 기준은 무엇인지 컨텐츠 존버합니다🙏🙏",False,
@이현우-x6r,잘그리는게 중요한게아님 그 이상한감성이 매력적인거지 ㅋㅋㅋㅋㅋㅋㅋ,False,
@Yaezzangguya,침착맨 그림 개웃기네ㅋㅋㅋㅋ 이게 재능인가,False,
@Yaguara42,"<a href=""https://www.youtube.com/watch?v=Wd6nS3hr8e4&amp;t=548"">9:08</a> 제르마잖아 ㅋㅋㅋㅋㅋㅋㅋㅋㅋㅋㅋㅋ",False,
@뻐큐하는아구몬,기안촌 ㅈㄴ웃기네ㅋㅋㅋㅋ,False,
@mind_magic,둘이 티키타카가 남달라 넘 좋고,False,
@coxop100,둘이 나온 영상중에 뭔가 제일 보기 좋네,False,
@유그린-e6u,기안촌ㅋㅋㅋㅋㅋㅋㅋㅋㅋㅋㅋㅋㅋㅋㅋ,False,
@darkwang77,나래식에서 전화 했을 때 유튜브 촬영한다고 한게 이거 였군요!,False,
@blue7328z,침착맨님 그림 설명 듣고 눈물 나게 웃었어요 😂,False,
@윤승학,희민이랑 병건이랑 상극아냐 별로안친해보이던데,False,
@mieux4604,이둘 조합은 언제나 좋네요,False,
@조르바-h4m,확실히 이말년의 스토리텔링엔 감동이있다,False,
@겨울아-u1p,ㅎㅎㅎ 침착맨 그림<br>기안 코가 그대로 유전됐네~~~ ㅎㅎ,False,
@두두파파-q3i,그냥 기안 복제인간이잖아ㅋㅋ,False,
@njf164,진짜 병건이형 미친것같다ㅋㅋㅋㅋㅋㅋㅋ,False,
@서-d8j,나만 그런건가 이거 티비유투브로 들어가서 크게 보려고 하면 안나오네 .. 핸드폰에서는 나오는디 이상,False,
@jins_table_,기안 진짜 대단한게 뭐를 계속 하고자하는 저 열정... 진짜 대단한것같다...,False,
@jins_table_,침착맨 생일 노래부르는데 왜 눈물날것같냐😂😂😂😂 기안은 좀 감동받은것같고,False,
@똑딱-q1e,정신나갈거 같은 스토리텔링 ㅋㅋㅋ,False,
@jins_table_,진짜 둘의 그림 너무 멋지네 작품이야❤,False,
@lemonade7648,2년뒤 기안84씨 생일에는 육아하느라 바빠서 피곤하다는 기쁜 소식이 들려오길..❤,False,
@user-fc9xp1zi5q,영상이 대단히 깊이가 있네요 인생을 어떻게 살아야 하는가에 대한 통찰 얻고 갑니다,False,
@castingvote,"<a href=""https://www.youtube.com/watch?v=Wd6nS3hr8e4&amp;t=405"">6:45</a> 기안촌 ㅋㅋㅋㅋㅋㅋㅋ",False,
@user-og4im4lg3n,몇개월 만이야 이 조합 ㅠㅠㅠ,False,
@subee2160,기안형님 왤케 차분해진 느낌이지,False,
@rubber-ball,기안84와 안산83,False,
@mklee6074,내가 침착맨을 좋아하는 이유가 여기 다 있는 거 같다 ㅠ ㅠ<br>자신만의 해석으로 재밌게 풀어내는 능력+이런 생각이 녹아든 그림<br>아 기안도 물론 좋아하잖슴~~,False,
@elon1796,수능 끝나고 밥먹으러 왔습니다,False,
@cigb6994,그림 직이네 ㅋㅋㅋㅋㅋㅋ,False,
@사과해언예두케이티드,회춘 재연재는 기안의 10년 안에 이뤄질까...,False,
@이지성-f8o,84기안님 🎉생일축하 요🎉🎉🎉,False,
@kirimi__,"<a href=""https://www.youtube.com/watch?v=Wd6nS3hr8e4&amp;t=310"">5:10</a> 약간 이토준지 그림같다 ..검나 기발하고 기괴해(칭찬)",False,
@람쥐잉,희민오빠 생일축하해요 <del>미래의 와이프</del>,False,
@user-newworld_top,초심 찾자 희민아,False,
@OkamotoYoo,🅼🅸🅲🅷🅸🅽 ㅋㅋㄱㅋㄱㅋㄱㅋㄱㅋㅋㄱㅋㅋㄱㅋㄱㅋㄱㅋㄱㅋㄱㅋㄱ 그림들 진짜 어질어질하다 너무 웃어서 머리아파 😂😂😂😂😂😂,False,
@konyappi4,어떻게 엄마가 없는게 니즈 반영된거냐고 ㅋㅋㅋㅋㅋㅋㅋㅋㅋㅋㅋㅋㅋㅋㅋㅋ,False,
@tkEhqkq,"<a href=""https://www.youtube.com/watch?v=Wd6nS3hr8e4&amp;t=368"">6:08</a> 아니 뭔 저주를 하고 있어ㅋㅋㅋㅋㅋㅋㄴ",False,
@tkEhqkq,진짜 둘 조합은 거를 타선이 없다....ㅋㅋㅋㅋㅋ 말 한 마디 한 마디가 내 귀를 의심하게 함ㅋㅋㅋㅋ,False,
@소희김-v7z,컨설팅 대박!! ㅎㅎㅎㅎㅎ  고객의 니즈를 100% 반영하는 침착맨 ~~,False,
@tkdduqc,개웃김,False,
@언어의온도-c1r,역시 둘은... 묘하게 한몸...,False,
@syc4879,아 침착맨 그림 컨겅팅 존내 웃기네 진짜 ㅋㅋㅋ,False,
@ntyg9056,기안자식들 너무 웃겨요😂,False,
@saeha2,제 최애조합이에요 ♥️♥️♥️,False,
@hunl8465,T와F차이인가 작품멋지다,False,
@노자영-p7g,응원합니다~~!!^^,False,
@hyewnjang,기안74님 생신이 음력이라 올해 기안님과 생일이 같았다고 합니다ㅋㅋㅋㅋ 신기하네요 기안유니버스,False,
@user-ph2cl9pg1x,나두 병거니랑 형동생하고싶댜,False,
@2hyunkim,일단 머리는 무조건 빠진다는거네?ㅋㅋㅋㅋㅋ,False,
@영잠시,누구보다 병건이형을 사랑하는 희민이,False,
@최경훈-z9f,뭔가 뭉클해지는 영상,False,
@영잠시,이렇게 살면 돼 너는 ㅋㅋㅋㅋㅋㅋㅋㅋㅋㅋㅋㅋ,False,
@TV-pi4ne,침착맨은 고블린촌을 그려놨누 ㅋㅋㅋㅋㅋㅋㅋㅋㅋㅋㅋ,False,
@jsklffgd-dys2,기안 사람이 많애 부드러워졌다,False,
@stickcandy10,침착맨은 천부적이다,False,
@꿀사과JaM,침이그린 기안 컨설팅은 강연금 호문쿨루스인데? ㅋㅋㅋ,False,
@Lessor-c1z,침착맨은 고양이같음<br>희민이가 다가가려하면 멀어지는데 있어줘야할땐 또 있어주고,False,
@geonmin,그냥 방방신도시랑 이말년씨리즈잖아 ㅋㅋ,False,
@user-vs6le4xo9p,"<a href=""https://www.youtube.com/watch?v=Wd6nS3hr8e4&amp;t=796"">13:16</a> 지나가는 침명언...이래서 좋아할수밖에 없음 개방장♡",False,
@bg1eme9rald,기안이는 열렬히 응원한다.  그 옆에 것은 교활하고 약ㄱ아 빠져서 시류에 편승하여  혐오한다 .,False,
@chaekang6963,배꼽 터지겠네 ㅋㅋㅋㅋㅋㅋ,False,
@user-vs6le4xo9p,무욕망과 욕망 사이...항상 반대에 끌리면서 현 상황에 만족을 못하게 되는듯ㅋㅋㅋ,False,
@kimlindsey9124,개미쳤닼ㅋㅋㅋㅋㅋㅋ이번편 넘 웃겨영,False,
@청아한청아,생일 축하 노래 불러주며 서로 어색하게 눈도 안마주치는 장면 보는데 왜 내가 울컥하냐 ... 하 나이 들었네 나 ㅠㅋㅋㅋ 두분 다 오래오래 건강하고 행복하십쇼!,False,
@moneypark4397,오호!!!!!그래서 무슨 이야기인거죠?,False,
@summebreeze_twinkle,둘 케미 최고….,False,
@INTaevinP,둘은 진짜 서로를 잘아는거같음,False,
@Mine-t4f,"억지텐션이 없어서 보기 편하다 ,,",False,
@폭풍지구,마지막에<br>브금 서른 즈음에 있었으며 .....,False,
@개똥이-i2b,한명은 전기밥솥 내솥으로 라면 끓여먹고 한명은 전기포트로 라면 끓여먹는 호방한 사내들이<br>서로 인생컨설팅 해주는 모습 보기 좋습니다.,False,
@INTaevinP,침착맨 만화그려야되ㅡㅡ,False,
@김민하-e3x,ㅃ 이지만 생일 지났음 만 40이 되셨음,False,
@INTaevinP,"<a href=""https://www.youtube.com/watch?v=Wd6nS3hr8e4&amp;t=378"">6:18</a>  이렇게되야되.확정적기안화법ㅋㅋㅋ",False,
@이뭐니-f3m,저기... 10만원!!,False,
@너굴슈니,둘은 찐이야.ㅋ같은 길로 가는 것도 비슷하고.<br>편해서 좋네요.😂,False,
@SEONJUNGKIM-q5n,아 침착맨 진짜 천재야 ㅋㅋㅋㅋㅋㅋㅋㅋㅋㅋㅋㅋㅋㅋㅋㅋㅋㅋㅋㅋㅋㅋㅋㅋㅋ,False,
@Water_Bak,기안님이 그림 마다 액자에 넣고 보관하겠다는게 기안님에게 그림이 얼마나 소중한 것인지를 너무 잘 알았습니다!,False,
@1Minutecoffee,친정왔다 가는 딸내미 같네요 ㅎ,False,
@몰르겟어쩡말,침착맨은 기본디폴트표정부터가  조롱을 깔고 있는거같다ㅋㅋ,False,
@rinakoom1,둘이 같이 그림 그리는거 보는게 뭔가 좋다. 찡혀,False,
@Orkaan0420,진짜 ㅈㄴ 웃기네 ㅋㅋㅋㅋㅋㅋㅋㅋㅋㅋㅋㅋㅋㅋㅋㅋㅋㅋㅋㅋㅋㅋㅋㅋㅋㅋㅋㅋㅋㅋㅋㅋㅋㅋㅋㅋㅋㅋㅋㅋㅋㅋㅋㅋㅋㅋㅋㅋㅋㅋㅋㅋㅋㅋㅋㅋㅋㅋㅋㅋㅋㅋㅋㅋㅋㅋㅋㅋㅋㅋㅋㅋㅋㅋㅋㅋㅋㅋㅋㅋㅋㅋㅋㅋㅋㅋㅋㅋㅋㅋㅋㅋㅋㅋㅋㅋㅋㅋㅋㅋㅋㅋㅋㅋㅋㅋㅋㅋㅋㅋㅋㅋㅋㅋㅋㅋㅋㅋㅋㅋㅋㅋㅋㅋㅋㅋㅋㅋㅋㅋㅋㅋㅋㅋㅋㅋㅋ,False,
@메이플맘-s6n,그림 컨설팅 덕분에 배꼽 빠지게 웃었습니다. 😂,False,
@말말_official,"<a href=""https://www.youtube.com/watch?v=Wd6nS3hr8e4&amp;t=344"">5:44</a> 축하해줄거야 그러면?ㅋㅋㅌㅋㅋㅌㅌㅌㅌ",False,
@irin2000,침펄기 연말방송 기다립니당...😢,False,
@아무리생강캐도난-y6r,"<a href=""https://www.youtube.com/watch?v=Wd6nS3hr8e4&amp;t=201"">3:21</a> 결혼은 하기 싫지만 종족 번식의 욕망은 있어서 자식은 있었으면 좋겠다??? ㅋㅋ",False,
@행복이-k1y,역시 만화가들은 생각하는게 다르구나. 통찰력있으면서 유쾌하다^^,False,
@catmint-f3h,불법튜닝ㅋㅋ,False,
@뭐냥-j8s,이상하게 침착맨만 나오면 차분해지고 따듯한 느낌이 드네 진짜 침착맨이라 그런가?,False,
@-.-S20,기안촌은 빅맘패밀리인줄ㅋㅋㅋㅋㅋㅋㅋ,False,
@오늘테라리움,앜 ㅋㅋㅋㅋㅋ 침착맨이 이말년으로 잠깐 돌아왔다 ㅋㅋㅋㅋㅋㅋㅋㅋ,False,
@hdnjei,둘의 조합은 언제든이지 또오라구!!!,False,
@박재희-w6p,안 그래도 두조합 보고싶었는데 너무 좋다잉~~~말로만하지말고 연말에 꼭 만나기당!!! 약속!!!❤,False,
@쿠호호-k2c,친하지만 2시간이상보면 피곤해지는 관계,False,
@EPark-gb7fh,삼성과 엘지의 만남인가… 우리 어렸을때 같이 잤지. 기억나?,False,
@윈디시티,역시 기안84는 미친놈이였어ㅋㅋㅋㅋㅋ,False,
@youarespecial50,침착맨 멋지심. 생일 축하드려요 기안님,False,
@언더커버사카이,잘생겼네,False,
@pec6098,서로 존중해주는게 보이네,False,
@hostmion,이게 무슨 인생컨설팅이야 ㅋㅋㅋㅋㅋㅋ와장창ㅋㅋㅋㅋㅋㅋㅋㅋㅋㅋㅋ,False,
@스꼰-d6z,ㅋㅋㅋㅋ믿고보는 조합,False,
@llarcfantagy,조용조용행복하게  코에이삼국지를하면서 여생을보내기<br>오늘은  삼고초려유비로해볼까,False,
@SP-lk7do,사람 생각 하는게 다 똑같구나.. 솔직히 유전자만 남길수 잇으면 결혼은 전혀 매력적인게 아닌듯.,False,
@余庭姍,為什麼都沒有中文翻譯,False,
@cpdlap,얼마만에 보는 투샷이지,False,
@chloes1670,오래된 찐친 바이브에 편안함 느끼고 갑니다ㅡ 두분 행복하고 건강하세요!,False,
@user-ic6kn8le9f,두분 다 천재시네요 ㅋㅋ❤,False,
@hannkwak8992,"<a href=""https://www.youtube.com/watch?v=Wd6nS3hr8e4&amp;t=731"">12:11</a> 하이킥에서 민호가 범이 생일축하 노래불러주는거 같음 ㅋㅋㅋㅋㅋ",False,
@pineapplepiejam,왘ㅋㅋㅋㅋㅋ둘이 진짜 안맞앜ㅋㅋㅋㅋ,False,
@jisoo8024,둘이 있으몀 힘빼고 만나는것 같아서 더 좋음,False,
@영숙위-k9r,기안님  창작 해석 대단하네요<br>역시 두분 대단하네요<br>항상 기안님 부러운점  그림으로 주변사람을 따뜻하게 하는 마력이 있어요<br>오늘도 배우고 갑니다,False,
@lkjjhg-p5n,두분다 정말 좋아하고 사랑합니다 큰사고없이 롱런하세요😊❤,False,
@바람-s9u,리얼 정직!!! 그래서  즣아염~~~~,False,
@크롱크로옹,그림은 기안이 좋고 스토리텔링은 침형이 좋네 ㅎㅎ 나중에 콜라보 한 번 하자,False,
@PitaPat-t1w,"내가 보고싶던 투샷 이거자나ㅠㅠㅠ 고마워요..!! ㅠㅠㅠㅠ<br>역시 둘이 만나면 우주최강. 기대를 저버리지 않는군요. 너무 재밌어요ㅋㅋ<br>자주 만나서 뭐라도 찍어줘요 제발..🙏<br>그리구 늘 생각했는데, 태세계에서 둘이 여행 가는 것도 보고싶습니다ㅠ💕",False,
@코르베닉,도력이 아니라 요력 같은데요?,False,
@bca2273,스튜디오 지리네 와,False,
@Rain-y1h,❤❤❤❤❤❤❤,False,
@hanseopark131,정말로 자기 욕망이네<br>화가 돼서 다시 함께 그리고 싶나봐<br>그 때 그 시절처럼,False,
@tsudori,ㅈㄴ 우끼네 😂😂😂😂😂😂😂😂😂😂,False,
@composition1746,내가 늙어서 그런건진 모르겠는데 난 각잡고 열심히 하는 방송은 좀 부담스럽더라. 님들은 끊기지 않는 두루마리 휴지같은 존재에요. 어디있어도 위화감 없고 편안한데 필수품인. 근데 오늘같이 주전공 살린 컨텐츠는 정기적으로 꼭 하면 좋겠음. 순수흥미재미힐링 요소 다갖춤!!,False,
@sungmiLee-rd1ff,침착맨 그림 개웃기넼ㅋㅋㅋㅋ,False,
@김태환-e4t,먼가 형제같네... <br>많은 말이 필요없는듯.,False,
@MangoSeo,오히려 둘 다 그림력이 늘었는데ㅋㅋㅋ,False,
@MrSkinniSoul,이거 올라오기 몇주전에 저 미술학원 학생들이랑 단체사진 올라왔길래 수능 응원 하러 간 줄 알았더니 미래일기ㅋㅋ 두 분 교감 너무 좋네요ㅎㅎ,False,
@칙칙이,생일축하해여🎂💐🎁🥳🥳🎉,False,
@김형득-s2p,올해 제일 많이 웃었네요ㅋ 땡큐베리감사,False,
@침착플러스,같은 INTP로서 개방장의 심정에 너무 공감이 돼고 너무 좋다.,False,
@Inru-ki8vg,침착맨은 기안을 있는 그대로 사랑해주는걸 알 수 있다,False,
@팔라멘트-b1v,인체개조 부터 미친듯이 웃었네ㅋㅋㅋㅋㅋㅋㅋㅋㅋㅋㅋ역시 만화가들 상상력이 미쳤구만~,False,
@aaaa-og3tv,와 근데 기안 그림은 뭔가 예술성이 있다고 해야하나 창의성..? 뭔가 다르다,False,
@borjc9,둘이하면 우리가 그냥 누를건 알자나? <br>그냥 아예 둘이 해,False,
@tang1631,기안이 잘 들어주네요 좋아요 ㅎㅎ,False,
@이길재-n5t,술도 줄이고 이쁜짝꿍만나  행복하길❤,False,
@이길재-n5t,기안  그림 너무잘그리네~ 얼마나 피나는노력에결실 사랑해❤,False,
@wamma1961,제네시스 물아일체는 진짜 상상력이 대단하다..,False,
@sarang_gil,두 분 왜이렇게 사랑스러운지. 침착맨님 그림 덕분에 저도 희민님이랑 똑같이 웃었네요 ㅋㅋ 😂,False,
@sp1004,외모보다는 본인하고 코드 잘맞는여자 만나면 2년만에 사랑이 식는다해도 그 다음은 진짜 베프로 재미있게 같이 남은 인생 살수 있어요. 근데 찾아야 나오지 갑자기 하늘에서 뚝 떨어지는건 아님. 아직 안늦었으니 열심히 찾아보세요. 생일날 우울해하지말고. 화이팅입니다.,False,
@namulll-n5p,"침착맨 고민얘기에 또 반하고 웃는 모습에 또또 반함 <a href=""https://www.youtube.com/watch?v=Wd6nS3hr8e4&amp;t=197"">3:17</a> 하 멋지구 사랑스럽다리",False,
@stylejk1475,개웃기네 메카 기안 ㅋㅋㅋㅋㅋㅋㅋ,False,
@SJ-wj3cm,상수동 반지하에서부터  두분이 함께 지금까지 이뤄낸 멋진 성공기  대단하고  자랑스러워요  기안 84님 ❤이말년님 우정 영원히 변치마세요,False,
@도엔지랜드,완전공감 😊😊,True,@SJ-wj3cm
@SJ-wj3cm,두분의 성공을 측하합니다 ❤,False,
@도엔지랜드,완전공감 😊😊,True,@SJ-wj3cm
@조선까기인형,ㅋㅋㅋㅋㅋ진짜개웃기네 둘은 확실히 통하는게있음,False,
@overcooked6827,대한민국 회사 잘 돌아간다 느꼈던게 제로소주 망한지가 1년은 된거 같은데 ㅋㅋ 저걸 광고로 넣어준 대기업스 다 잘 나가네요 ㅋㅋㅋㅋ 이게 현실이지,False,
@존버왕짜온,얘는 ppl안끼면 방송을 안하는거죠?,False,
@뽀-록,하꼬도 ppl하고 몇백유튭도 다하는대 ㅂㅅ려아,True,@존버왕짜온
@minjeoi,매번 싸우다 떨어져 살아서 짠해진 형제 같네,False,
@박파주마미,기안84 생일 축하합니다 🎉🎉<br>멋진모습 항상 사랑합니다~~,False,
@minjeoi,차남 고간에 이상한게 잇어요................ 아니죠?,False,
@INTaevinP,마우스요,True,@minjeoi
@petit20120921,침착맨과 함께 하니 안정감 있는 기안84님!!,False,
@슈퍼노바-p3q,기안이는 침착맨과 박태준을 참 좋아하면서 질투해 ㅋㅋ,False,
@다키-m4v,침착맨이 이상하게 말하면 기안이 이상하게 진실되게 알아듣는게 진짜 기묘하네 ㅋㅋㅋ,False,
@Susu_56,본업할때 진짜 섹시해,False,
@RealGuy__1111,침은 그림에 타격이 있음. 탁탁 터지는 포인트를 만들어서 터트림 진짜 미친듯이 웃었다 ㅋㅋ,False,
@lkjjhg-p5n,ㅆㅇㅈ 무슨느낌인지 알겠다 기안이 그걸 좋아하는 듯,True,@RealGuy__1111
@jemunoh2205,둘이 좋다야 ㅎㅎㅎ,False,
@jihimilk,마지막에 둘이 나누는 대화가 정말 멋있네 이래서 미대생 미대생 하나보네,False,
@KayanoGel,피카츄 그림 10억에 삽니다,False,
@bear6331,병거니우스 클라스 어디 안가네..ㅋㅋ 이게 뭐라고 미친듯이 웃었다.,False,
@user-dffckwleexw2v,기안84 30년 후 &quot;이젠 사랑할 수 있을까&quot; 출연,False,
@SMS-b8e,이시대 최고의 예술가 화가.,False,
@ginaks4027,역시 침착맨!!!🎉🎉 넘나 잼나다 ㅋㅋㅋㅋ,False,
@JK-bp2jj,침착맨 그림 너무 웃김ㅋㅋㅋㅋㅋㅋㅋㅋㅋㅋㅋㅋㅋㅋㅋㅋㅋ,False,
@lim-s8o,이건못참지,False,
@jengzzang,기안:자신의 갈망을 그림<br>침착맨:기안이 원하는걸 그림,False,
@thegreatmori,와....진짜 괴인들이다....,False,
@성순홍,기안님 호탕헤 웃게해주어서고맙네요 침착멘,False,
@진하324,40대 아재들이 시답잖은 장난하는거 보니까 남자는 역시 정신적 나이를 안먹는구나 싶어 흐뭇하네요 ㅋㅋㅋㅋㅋㅋㅋㅋ,False,
@안창환-m5l,이시간에 나래님 시언님 유튭하고 마친후 만나서 파리했군여,False,
@성이름-t4i5w,기안은 그냥 인사이드 아웃이잖아 ㅋㅋㅋㅋㅋㅋ,False,
@mmiieemmiiee99,"최애조합이 너무 좋아서 지금 댓글을 영상보면서 몇개를 다는지 모르겠네,,",False,
@mmiieemmiiee99,기안님 웃는모습 보니까 같이 행복해지네요 😊,False,
@도엔지랜드,완전공감 ❤❤❤,True,@mmiieemmiiee99
@mmiieemmiiee99,둘다 진짜 그림이며 표현력이며 예술가 그 자체다 진짜;;,False,
@PuchisKim,"침착맨땜에 올만에 기안님 봤는데, 그림이 옛날보다 진짜 많이 늘었네요",False,
@Jay_ocean,자식들한테 구렛나루랑 욕망DNA로 직업화 시킨거 진짜 개윳기넼ㅋㅋㅋㅋㅋ,False,
@user-iqidoxkvyb,이게 진정한 방송,False,
@user-vi7my,"<a href=""https://www.youtube.com/watch?v=Wd6nS3hr8e4&amp;t=732"">12:12</a> 생일 축하 노래 이렇게 부르기 있냐고ㅋㅋㅋㅋㅋㅋㅋㅋ",False,
@김수정-n9f,기안님 감사합니다.,False,
@miracle9570,기안촌으로 이말년 시리즈 그리면 30편은 뚝딱이겠는데,False,
@lpnnii,다 있는데 공부 잘하는 모범생은 없어 ㅋㅋㅋㅋㅋㅋ,False,
@Kankelvast,침착맨은 정이 없는 것처럼 보이지만 잔정이 있음. 희민이는 정을 갈구 하면서도 고독이 있음. 두사람은 이어질수 없는 사이지만 이런식으로나마 나름의 우정을 이어갈거임. 현실에선 이런 관계도 만들기 힘들지.,False,
@주주-l1h,ㅋㅋㅋㅋㅋ기안 생활습관보면 결혼하면 안되긴해..,False,
@니냐니뇨니냐니냐니뇨,와 나같은 사람이 또 있다니.. 결혼은 꼭ㄱ 안해도 되지만 아이는 기르고싶다,False,
@user-mj3nv8dc9r,"<a href=""https://www.youtube.com/watch?v=Wd6nS3hr8e4&amp;t=853"">14:13</a> 육성으로 터젔네 ㅋㅋㅋㅋ",False,
@parkhyemin7,제일좋다 이조합❤,False,
@Impossibility_Theorem,울컥하네,False,
@8jk8664,와... 기안 그림실력 보소...<br>나도 미술전공했지만 확실히 클래스가 다른게 느껴진다<br>그냥 그려주는건데 침착맨 말대로 거의뭐 작품이네..ㄷㄷ,False,
@mj9547,패션왕이나 다른 웹툰그림에서는 그렇게 잘그리는줄 못느꼈는데<br>확실히 각잡고 그리니 클라쓰가 ㄷㄷ,True,@8jk8664
@도엔지랜드,완전공감 😊😊,True,@8jk8664
@mnm_nm,억지로 쥐어 짜내는것과 여유롭게 하고 싶은걸 하는 것의 차이인듯..,True,@8jk8664
@geonmin,그리고 미술로 튼지 오래되서 뎃셍력 회복한 것도 있을듯 ㅋㅋ 나혼산이었나 소묘 일일강사 에피소드보면 확실히 안하면 녹슬더라고요,True,@8jk8664
@scribble8,웹툰은 작업량이 미쳐서 퀄리티 뽑다간 1페이지도 못뽑지,True,@8jk8664
@bluelunalee23,어째든 좋은 형이야,False,
@엄안-u4p,"근데 침씨 진짜 그림이 늘었네,,!!",False,
@hovatar2151,아 ㅋㅋㅋㅋㅋㅋㅋㅋㅋㅋ기안촌 개웃기네 ㅋㅋㅋㅋㅋㅋㅋㅋㅋㅋㅋㅋㅋㅋㅋㅋㅋㅋㅋ다똑같아 ㅋㅋㅋㅋㅋㅋㅋㅋㅋㅋㅋㅋㅋㅋㅋㅋㅋㅋ,False,
@user-cr6cx1wo7w,"<a href=""https://www.youtube.com/watch?v=Wd6nS3hr8e4&amp;t=584"">9:44</a> 어 ㅇㅈㄹ ㅋㅋㅋㅋㅋㅋㅋㅋㅋㅋㅋㅋ",False,
@S1Ba1nom,침착맨 좀비 그린 영상 보면 한명씩 특징이 다 다른것 처럼 인물표현은 ㄹㅇ 지리내,False,
@최철민-s2n,조합 너무좋고요~!,False,
@dawoon6,두 분 제발 오랫동안 사랑하세요ㅁ,False,
@PJSTi,민씨나 응원하시지 머더러 여길나와ㅉㅉ,False,
@김현우-r8t,어쩌다가 두 아재에 빠져버린거지.. 여자가 아니라서 답도없네,False,
@FH-td5ed,이거 보려고 떡볶이 시켰다,False,
@잉후-b4n,"<a href=""https://www.youtube.com/watch?v=Wd6nS3hr8e4&amp;t=314"">5:14</a> 와 잠시 또 잊고 있었는데 그림 진짜 잘그리심.. 침착맨 같다😂 침착맨님이 그린 그림들에 자녀들의 코도 매우 인상적",False,
@득점베어스,정말 거를수없는 조합이다,False,
@토스-d7v,ㅋㅋㅋ 둘다 멋지네. 자녀보니 기안이 얼마나 모든것에 열정적이고 열심인지 보인다. 재능도 많고,False,
@user-onetop513,ㄹㅇ 인생84네ㅋㅋㅋ,False,
@ZuneCrackling,이..이게.. 컨설팅..?,False,
@Dispaterrr,이렇게 살면된대 ㅋㅋㅋㅋㅋ 컨설팅 지림,False,
@parksarang3905,자주 영상 올려주세용 ❤,False,
@답장-w9c,기안 그림 좋다 항상 열심히 그리는듯,False,
@중영이-j9e,이게 컨설팅ㅋㅋㅋㅋㅋ,False,
@kmh9657,침공 어찌 목만 오셨소😂😂,False,
@su_theyoungman,착맨이형 살 빠졌나 ??,False,
@jungbaesin3613,뭔가 씁쓸하네 같이 동거하면서 미래를 꿈꾸면서 살았던 둘이 이제는 각자의 길을 가면서 시간을 잡아서 만날수밖에 없는게...영상에서 그렇게 보이게 연출을 한건지 모르겠지만,False,
@eusvdocjal,"<a href=""https://www.youtube.com/watch?v=Wd6nS3hr8e4&amp;t=946"">15:46</a> 맥주 광고라 사운드 입힌 거 같음 ㅋㅋㅋㅋ 갑자기 광고사운드",False,
@Sumakapla,이런 감성 너무 좋음,False,
@15년전-p7u,"<a href=""https://www.youtube.com/watch?v=Wd6nS3hr8e4&amp;t=375"">6:15</a> 제가 미술 잘 몰라서 그런 건지 모르겠지만 ㅜㅜㅜㅜ 저거 압정으로 뒤에 그림 바로 찍어도 되는 거에요,,?ㅜㅜㅜㅜ 그림 너무 잘 그렸는데 좀 아까운 거 같은데여ㅜㅜ",False,
@sh5899,자석같아여,True,@15년전-p7u
@캄다운맨,병건이형 왤캐 잘 생겨보임😄,False,
@혜섭-v2v,환상케미,False,
@tjeh1011-u7v,이런데…이말년 씨리즈가 안나온다구!!!!????????????,False,
@mssin2976,"<a href=""https://www.youtube.com/watch?v=Wd6nS3hr8e4&amp;t=336"">5:36</a> 이런 컨텐츠였다고?",False,
@user-sysrty345,그림 그리는 거 역시 창의적이야. 상상력이 두분 다 대박이에요.<br>가족 그림 너무 웃겼어요.  애들이 코가 다 기안님 닮은 디테일도 대박. 두 분 같이 나오면 너무 재미있어요,False,
@머훈-l6x,둘다 좋아 ㅋㅋ,False,
@jinlee1558,마지막 장면은 당연히 언제든 볼 수 있고 서로 부담 없어도 막상 헤어질려니 뭔가 아쉬운 그런 느낌을 보여주는것 같아서 애틋하다,False,
@momoh8581,희민오빵 생일 축하해요오오오❤❤,False,
@stochastics1,마무리 여운있고 좋다,False,
@P란,친구,False,
@yewon-k6p,입시반 정시특강 시작 전 빈 교실...,False,
@62q58,아 생일 축하 노래 왜케 아련해 ㅋㅋ쿠ㅜㅜㅜㅜㅜ,False,
@ssssssub1211,미쳤다 침착83,False,
@pensionlottery,자취방에서 둘이 낄낄거리면서 뭔얘기했을지 알거같다ㅋㅋㅋㅋ,False,
@62q58,아 이 조합 너무 좋아 오랜만이다 행복해.....,False,
@limanna1225,ㅊㅊㅁ은 복잡한걸 간단하게<br>ㄱㅇ84는 간단한걸 복잡하게<br>설명하는 천재들,False,
@닥터페퍼_Dr,"나래식 채널에서 박나래, 이시언이 전화했을 때 유튜브 촬영중이라고 했던게 침착맨과 촬영이였군요~!!❤",False,
@서은숙-r5u,기안님 나이들어도 더 멋지시니까 너무 우울해하지 마세요.❤,False,
@WelcomeToHelljosun,기안이 결혼이 무서운건 이룬 게 많아서 그런 게 아닐까,False,
@croissant7524,침착맨님이 회화를 할까봐 걱정되나..? 뭔가 같은 카테고리에서의 경쟁을 안하고 싶은 느낌이...,False,
@sasman5969,둘의 우정이 찐득하니 느껴지는 영상을 보니 세상 떠난 친구랑 동생이 보고싶네요. 영상 잘 봤습니다.,False,
@김나-n7c,왠지 모르겠는데 뜨면 가장 먼저 보게되네,False,
@찌이모,아껴먹어야지,False,
@Lovedeoksugung,둘이제발 자주해줘요🎉🎉🎉,False,
@sspr77,박나래랑뭐라고???????????????기안형 이게말이되는교????,False,
@이시원-q5m,와씨 크게 웃었다,False,
@하지말라-v6e,하... 역시 그냥 달라 .....😢 <br>시발 보통 사람이랑은 그냥 달라 😮,False,
@하이라이트-x6c,진짜 상상력 대박이네ㅋㅋ,False,
@henny-b2q,아 이말년 너무 좋다 정말,False,
@EEscapEE1,기안이 침 그려논거 보니까 이토준지 영향 많이 받았다는게 뭔소린지 알겠네 ㅋㅋㅋㅋ,False,
@lr_446,진짜 침착맨은 천재야 ㅋㅋㅋㅋㅋㅋㅋㅋㅋㅋㅋㅋ,False,
@yoooda-l6f,당연히 3년 전인 줄 알았는데 &quot;3시간 전&quot;,False,
@user-nf6bo1yc2r,믿고 보는 둘 조합 ❤,False,
@mybeermates6897,모야모양 너무좋앙,False,
@hyk3392,둘이 왜 잘생겨보이지,False,
@SJ-wj3cm,늦었지만 기안84님 생신 축하드려요 ❤,False,
@도엔지랜드,기안❤❤❤<br>이 영상<br>너무 늦게 올렸어요<br>생일쯤에 올리셨어야<br>축하 더 많이<br>받았을텐데요..<br>생일 축하드려요 <br>❤❤❤❤❤<br>🏆🏆🏆🏆🖕,True,@SJ-wj3cm
@9876silva,아 개웃기네 진짜 ㅋㅋㅋ,False,
@honghyeon2u,AI 대화같다ㅋㅋㅋㅋㅋ<br>외로움 많이 타는 기안님<br>쿠퍼 패밀리라도 자주 만나시길...,False,
@스포해안해,본업할 때는 확실히 다르네 ㄷㄷ,False,
@rryul,서로 짠한가보다…,False,
@강병석-w7y,문제는 희민이가 여자랑사귀면 여자에 맞추어서 데이트하기에는 오래못간다는거지<br>희민이 개성을 존중하면서 현명하게 희민이를 조절할줄아는 여자야돼,False,
@ozedr3283,"<a href=""https://www.youtube.com/watch?v=Wd6nS3hr8e4&amp;t=542"">9:02</a> 아 희민쿤 착맨그림 개좋아하네 ㅋㅋㅋㅋㅋㅋㅋㅋㅋㅋㅋㅋㅋ😂😂😂😂😂😂😂 개웃겨 ㅋㅋㅋㅋㅋㅋㅋㅋ",False,
@서명선-i9b,미역국 먹는데 생일 노래 부르는게 먼가 재밌네 ㅎㅎㅎ,False,
@스나이퍼장청,"<a href=""https://www.youtube.com/watch?v=Wd6nS3hr8e4&amp;t=517"">8:37</a> 침착맨이 희민씨 얘기하면서 은근슬쩍 본인 상황을 얘기하네 ㅋㅋ",False,
@SJ-wj3cm,우와  기안84님 그림 멋짐,False,
@도엔지랜드,인정 😊,True,@SJ-wj3cm
@marianastones8932,돌고 돌아 결국 반지하 김희민이다,False,
@신난다-b9t,ㅋㅋㅋㅋㅋ 둘 서로 너무 잘아니까 이런 그림이 탄생하네요 넘 웃기다ㅋㅋㅋㅋㅋ 주펄님의 자리가 그리워요,False,
@hawlingso,멋지신 두 분 ❤❤,False,
@ozedr3283,"<a href=""https://www.youtube.com/watch?v=Wd6nS3hr8e4&amp;t=600"">10:00</a> zzㅋㅋㅋㅋㅋㅋㅋㅋㅋ 귀여워 😂😂😂😂😊😊❤❤❤❤❤",False,
@김병기-k5v,침착맨 기안84 이 둘 특유의 애틋함ㅋㅋㅋㅋ 콘크리트 돌가루 날리는 축축한 반지하가 그려진다,False,
@Spark8942,힝❤,False,
@이원형-c5e,너무 좋으네 마직막 비까지도 그냥 마냥,False,
@강강-f1p,엥 한살차이밖에 안 났음??? 이미지가 달라서 그런가 한 3살정도 차이나는줄,False,
@Realrecognizereal_p,"그림 그리는 사람은 안다,, 침착맨은 진짜 엄청난 미술적, 창작 재능을 가지고 있음",False,
@찬잉찬잉,이 영상은 나중에 성지가 됩니다,False,
@yuwoning,역시 안산83과 기안맨 케미가 좋다.. 뭔가 편안하다,False,
@JaeWookKim-hc1uq,"컨설팅 내용대로 살아보려고 직장때려쳤읍니다,,🎉",False,
@행복드림-i2q,기안~ 5남2녀 축하해요<br>ㅋㅋㅋㅋㅋㅋ,False,
@jazzkind,침착맨 그림 진짜 너무 좋은데? 진짜 터졌네.ㅋㅋㅋ,False,
@rareseed24,영혼의 형제,False,
@maniarb4478,침형 누가 그림 못그린데 ㅋㅋㅋ 기안 개똑같이 생겼잖아잉,False,
@서-d8j,난 아직도 잊을수 없어 말년을 시리즈 침펄기….😢 유투브계의 무한도전이였음 …,False,
@nicoleirabagon3380,english subtitles please !,False,
@CapyCapie,이 듀오는 한결같네,False,
@nnnnn7242,영상 내내 맥주 거품 개킹받네 ㅋㅋㅋㅋㅋㅋㅋ,False,
@syouoim737,흐뭇하게 보다가 그림 걸 때부터 꺽꺽대며 웃게되네<br>아 ㅋㅋㅋㅋㅋㅋㅋㅋㅋㅋㅋ,False,
@rma1318,"역쉬 ,,<br>뭔가 하지않아도 편안해 보인다는<br>이게 찐친이지<br>그리고 기안님 생일 축하해요 🎉",False,
@뻰치가져와,기안84도 새 스튜디오에서 한 번 더 초대석 가야지~,False,
@깐부-b2f,호민형도 같이해죠,False,
@깐부-b2f,치트키다!,False,
@수기-r4c,기안님  생일 축하드려요 🎉,False,
@Coco-f1k,썸네일보고 헐레벌떡 누름,False,
@아왜요터진입이라막뱉,"<a href=""https://www.youtube.com/watch?v=Wd6nS3hr8e4&amp;t=350"">5:50</a> 소리끄고 들으면 그림퀄 미쳤는데?",False,
@김도담-h2m,무도 웹툰 생각나네,False,
@정미최-t2m,기안84님 생일축하해요 🎉🎉🎉,False,
@받아-d7z,침저씨는 장난으로라도 비혼드립 조금도 안해서 너므죠아..,False,
@두리안삼각김밥,침착맨.. 본인 방송에서는 되게 애같았는데 이렇게보니 형이네요. 두분 참 멋진듯..,False,
@AnnetteEric-s6p,ㅋㅋㅋㅋㅋㅋ ㄱ글 에서 벳프리 모솨서 잼민이 발정났누ㄱ글,True,@두리안삼각김밥
@poiuymsong,역시 기안학 박사 럭키 기안 침착맨 그림실력과 썰을 풀어내는 실력 하나도 죽지 않았네요,False,
@KkK-yv1wd,침착맨 살도 안찌고 머리도 예쁘게 잘라놓고 옷도 청년처럼 입혀놔서 귀여우면서 멋있네 ㅋㅋ,False,
@hirit418,전에 보니까 기안이랑 강미나랑 잘 맞는 거 같던데 ㅋㅋㅋㅋㅋ에 보니까 기안이랑 강미나랑 잘 맞는 거 같던데 ㅋㅋㅋㅋㅋ,False,
@mamapae,그래또와(찡하누),False,
@휘님,병건과 희민 캬 이맛이지,False,
@solyeyoon,와 둘 다 너무 좋아요 진쯔아,False,
@mapatopu3566,&#39;다 너가 좋아한것 밖에 없네&#39; 라는 말에서 두분 사이를 느낄수 있네요 행복하세요~,False,
@user-fd1bh7tm6t,거기엔 병건이도 포함! ㅋㅋㅋㅋ,True,@mapatopu3566
@도엔지랜드,😊😊😊,True,@mapatopu3566
@GOODNEWS-lm1cx,천국 지옥은 있으며 예수님께선 그리스도이시며 길이요 진리요 생명이십니다 예수님께선 부활이요 생명이십니다 회개하십시요..  예수님께선 구세주이심을 선포합니다 현금없는 사회와 CBDC 디지털화폐는 인간을 노예삼고 사유재산을 없애고 사탄이원하는 바이므로 해선  안됩니다. 베리칩과 666표  받지 마십시요.,True,@mapatopu3566
@GuardianKnightsK,ㅋㅋㅋ뭘 좋아하는지 알아야 &#39;네가 좋아하는 것 밖에&#39; 라는 말을 할수 있으니까,True,@mapatopu3566
@이동욱-f5n,기안84 안샨83의 세계관 충돌,False,
@김띠로링-m8s,ㅋㅋㅋㅋㅋㅋㅋㅋㅋㅋㅋ댓글안남기는데 <br>어우 육성으로 터졋네여 <br>기안코 뭔데 ㅋㅋㅋㅋㅋㅋㅋ디텔 쪄네,False,
@4B-pencil,기안 원래 잘 그리는건 알았지만 확실히 웹툰 안 하고 팝아트만 하니까 디테일이 확 달라졌네. 그림이 보기 훨씬 편해짐,False,
@4B-pencil,그 특유의 미묘한 불쾌감? 그런게 줄어듦,True,@4B-pencil
@dinggeeding,젠장 양지와 음지를 모두 지배하는 상수동 듀오잖아!,False,
@Rany-z4e,"<a href=""https://www.youtube.com/watch?v=Wd6nS3hr8e4&amp;t=431"">7:11</a> 부터 숨쉬듯이 웃겨벌임ㅋㅋㅋㅋㅋㅋ 스토리텔링 미친ㅋㅋㅋ진짜 그림체 하찮은데 표현력 갑이다ㅋㅋㅋㅋ",False,
@abdhegfpqmdliwe,2년후에 결혼하는이유가 다들있어~~~연애만하기는 질리니까 ㅋㅋㅋ,False,
@browny1054,"웃으면서 보다가 <a href=""https://www.youtube.com/watch?v=Wd6nS3hr8e4&amp;t=817"">13:37</a> 에서 너무 짠했어요 😢  저 그림처럼 행복한 가정이 생기길 바랄게요",False,
@Kingodrug,이건 개치트키자너,False,
@호랑이-c6y,서로의 다름을 인정하는 사이 보기 좋음,False,
@ninghechang9068,happy birthday ❤,False,
@희-i2s,기안84님 생일 축하해요.,False,
@_dahe_3604,기안❤😊,False,
@p.j7437,마음이 편해지는 조합이다ㅠㅠ 인생84오늘도 재밌었어요ㅎㅎㅎ,False,
@황씨-d6y,둘이 친한 이유를 알것같아요-..........ㅋㅋㅋㅋㅋㅋㅋㅋㅋ,False,
@esthershim6381,그림너무우껴<br>둘이이거또해줘영❤❤,False,
@sh5899,기잘알 그 자체,False,
@ny-lj7ql,두 화가의 관계성에 박수를 보내주고 싶습니다,False,
@염태미,침착맨 ~생노래귀엽다^^^ㅋㅋㅋ <br>기안84♡만수무강하세요~<br>찐브로맨스&amp;말년♡기안 👍,False,
@GGIROOKGIEOOK,하루 영상 여러개 참 감사하다,False,
@race9797,기안84님 ❤❤❤❤❤생일축하 합니다 🎉🎉🎉🎉🎉건강조심하세요 😊😊😊😊😊,False,
@dkzldiak,둘 다 욕심이 많음<br>누가 요즘 안그러겠냐만은<br>삶의 희소성에 굳이 과몰입해야할까,False,
@mmiieemmiiee99,무친 조합❤️,False,
@갓라이팬-w3z,침착맨 그림 개웃기네 ㅋㅋㅋㅋ이게 이말년이지,False,
@호홀라호,마지막 왜이렇게 여운있게 끝나는건데..,False,
@jsm103038,서로 진짜 웃겨하고 좋아할만한거 그려준댜,False,
@kikicoco876,ㅋㅋㅋㅋ 둘다 너무 좋아요 인생 철학이야기도 좋아요ㅋ,False,
@정수기-u4q,왠지 쓸쓸하다,False,
@dds-f9e,둘이 걍 웃을려고 그린거죠 ㅋㅋ,False,
@Maseemaro,제로슈거 &gt; 맥주에 설탕 넣고 있었음 ㅇㅇ ㅋㅋ,False,
@jibae1794,두분이 비슷하면서도 욕망이 달라서 너무 재밌어요,False,
@크크-l5e,침착맨은 진짜 재능충이라니까 ㅋㅋ 그림 쉰사람 맞냐고.. 저 표현력봐라 ㄷㄷㄷ,False,
@wwgd1017,저는 가끔 마우스로 그림판에다가 그릴때 좀 놀람ㅋㅋ 아니 왜 잘그리는지,True,@크크-l5e
@BlueberryDarlene,헬창들도 ㄱ글 에서 벳프리 보면 근육 다빠진다며 ㅋㅋㅋㅋㅋㅋㅋㅋ 사실임? ㅋ,True,@크크-l5e
@suhyunjo1047,안안안안,True,@크크-l5e
@suhyunjo1047,녕녕녕녕,True,@크크-l5e
@IIIIlll-r7r,"이 아저씨들 장점<br>젊은 척 안한다, 위트있는 척 안한다<br>영포티처럼 보이지 않는다<br>이거 진짜 나도 모르게 변하는거라 엄청난 장점임",False,
@염태미,와~~!!!!공감공감공감,False,
@choonghyun-p3u,캬 이 조합은 무조건 달려와요,False,
@푸우-s1q,기안이가 좋아하는 형들이 잘 살고 행복하길 바라는게 너무 느껴져요 침착맨도 기안이 행복하길 바라는게 정말 찐지인 너무 좋아보여 좋아요,False,
@고대영-m1m,ㅋㅋㅋㅋㅋㅋㅋㅋ,False,
@웅아우웅,ㅋㅋㅋㅋㅋㅋㅋㅋㅋㅋㅋ 이렇게 살면 된다는 거잖아? ㅋㅋㅋㅋㅋㅋㅋ,False,
@IlllllIlIlIlllllIll,기안님 취한거 귀엽네,False,
@김경숙-t3w4s,기안씨<br>생일 축하해요.<br>마니마니😊,False,
@아이돌A양보기-g8w,”수능전 마지막 식사“ 😢연예계 l9 제 닉😢,False,
@alll-vm5hv,와드 두고간다잇..,True,@아이돌A양보기-g8w
@AnshYadav-im6jz,ㄹㅇ 이거 진짜임 아니면 삭발함,True,@아이돌A양보기-g8w
@pratyayajani4865,역대급임 ㅋㅋㅋ이게구라면 내손목자른다,True,@아이돌A양보기-g8w
@naveensuthar2119,꼭 들어가봐ㅎㄷㄷ,True,@아이돌A양보기-g8w
@shlok-ffofficial,형님 너무 감사합니다,True,@아이돌A양보기-g8w
@KKKNG_5,아 그림 개웃기네 ㅋㅋㅋㅋㅋㅋㅋㅋㅋㅋㅋㅋㅋㅋㅋㅋㅋㅋㅋㅋㅋㅋㅋㅋㅋㅋㅋㅋㅋ,False,
@다람쥐썬더-r6j,두 사람 영상을 보면 편안하고 따듯함.<br>부럽다.,False,
@떤더메이커,"<a href=""https://www.youtube.com/watch?v=Wd6nS3hr8e4&amp;t=310"">5:10</a> 강식장갑 가이버에 나오는 조아로드 와펠다노스",False,
@가을-p8k,기안84님 생일축하해여❤,False,
@jopokdiriri,"<a href=""https://www.youtube.com/watch?v=Wd6nS3hr8e4&amp;t=405"">6:45</a> 여기서부터 쌉레전듴ㅋㅋㅋㅋㅋㅋㅋㅋㅋㅋ",False,
@globalexplorer123,역시 믿고 보는 두 분의 케미,False,
@SungjinPark-wg5ng,이말년 개 웃김 ㅋㅋㅋ😂,False,
@user-kx4bz9xn8z,침침맨  어쩜 나랑 똑같은 고민을 하고 있었네,False,
@cdo22,"<a href=""https://www.youtube.com/watch?v=Wd6nS3hr8e4&amp;t=405"">6:45</a> 기안거 보면서 &#39;어이구 ㅋㅋㅋ 이게 뭔...&#39; 하고 내가 뭘 들은 거지 싶었는데 침착맨 컨설팅 시작하자마자 2초 만에 &#39;아... 그렇지.&#39; 하면서 둘이 같이 살았던 거 떠오름.",False,
@cdo22,"<a href=""https://www.youtube.com/watch?v=Wd6nS3hr8e4&amp;t=600"">10:00</a> 아유 이 앀ㅋㅋㅋㅋㅋ 이런 젠장 ㅋㅋ",True,@cdo22
@석봉군,애기들한테 둘러싸여 있는 기안84 그림이라도 보기 좋다,False,
@myuphi,호민이형 침착맨에도 안나오던데 기안님이 부활시켜줄 수 있나요?,False,
@kbj8967,핰핰핰 나온 거 보면 희민행님이 매우 만족했다는 뜻.,False,
@황성식-u2j,이 둘은 컨설팅이 뭔지 모르는 거 같아요...,False,
@알로알로-t5x,🤸‍♀️아빳!:🐕깜놀:🤣🎉🎊늦엇지만 생춯!:아~딸내미 벌써 기빨린다:푸하하하하<br>닌 몇째딸인고?맏이같은데/노노아빠랑붕어빵 막둥이얘요😡/🤣 붕어빵먹고잇네/악!뚝,False,
@aryepsun2855,침착맨 실력 살아있네ㅋㅋㅋㅋ,False,
@bjwoo27,믿고보는 침착맨,False,
@corgi_666,역시 둘이 그림을그려야 꿀잼이네,False,
@user-mq1bf4ez6s,ㅋㅋㅋㅋ,False,
@통식빵,맞음 ㅠ 진짜 기안은 자기객관화 잘 돼 있네.. 결혼하면 본인도 힘들고 상대방도 힘들거임. 맞춰주는것도 오래 못 감,False,
@zzangEya,ㅋㅋㅋㅋㅋㅋㅋ 침착맨 ㅋㅋㅋㅋㅋㅋ진심 미친듯이 웃었다 ㅋㅋㅋ<br>싸이보그 자녀들 ㅋㅋㅋㅋㅋㅋㅋ<br>개웃김 ㅋㅋㅋㅋㅋㅋㅋㅋㅋㅋㄱㅋ,False,
@kiukiuriri,서로 사랑한다는 말도 안했는데 찐우정 느껴져 ❤❤❤❤❤❤❤❤❤❤❤❤❤❤,False,
@kimbane814,ㅋㅋㅋㅋ진짜 그림 개웃기네 기안말처럼 침착맨은 늙어서 화가 될 거 같음,False,
@지와타네호-t4c,서로 무례한거봐 ㅎㅎㅎ,False,
@ytdzop234w2-w7r,침착맨 나이들수록 멋있어지네,False,
@moorseo8236,"<a href=""https://www.youtube.com/watch?v=Wd6nS3hr8e4&amp;t=536"">8:56</a> 아 나 죽어 😂😂😂😂😂😂😂 ㅋㅋㅋㅋㅋㅋㅋ 으아아아아😂😂😂😂😂",False,
@몽-s9s,아쟈씨들 같넹 ❤,False,
@jnjn6541,생각보다 재밌었어요 😂,False,
@뭐가문제라는거야,기안이가 편해 보이네<br>역시 좋은 싸패형,False,
@ongje7735,전동거인 생일파티 ㅠ,False,
@i_carrie,꿈이 었고 현실에서 살고 추억을 쌓고 고마운 마음,False,
@click_556,두분 다 스윗하시네,False,
@개밥-e1j,하 진짜 이 마음세계가 너무 재미있다 ㅋㅋㅋㅋ,False,
@둥밍-w2s,이 형 또 치트키쓰네 침착맨❤기안,False,
@박준혁-t2j,기안 오랜만에 보는데 진행도 많이 늘었고 마음이 편안해보이는거같아요 응원합니다 편한형이랑 해서 그런가,False,
@jink592,침착맨 그림 퀄 ㅅㅂ ㅋㅋㅋㅋㅋㅋㅋㅋㅋㅋㅋㅋㅋㅋㅋㅋㅋㅋㅋㅋㅋㅋ<br>서유기 빨리 좀 그려줘라 ㅋㅋㅋㅋㅋㅋㅋㅋㅋㅋㅋㅋㅋㅋ,False,
@mipamipayang,희민님 빨리 좋은분 만나 아이들낳고 행복하게 사시길....본인은 걱정하는거 같은데 엄청 자상한 아빠가 될거같아요,False,
@도엔지랜드,완전공감 <br>🙏🏻🙏🏻🙏🏻,True,@mipamipayang
@h.y5913,맞아요~~~<br>너무착해서  괜한걱정을  미리 하는듯...<br>엄청 가정적 일거같은데..,True,@mipamipayang
@8jk8664,항상 걱정과 생각이 많아서 탈..<br>막상하면 또 잘하는데,True,@mipamipayang
@jins_table_,와 이거보면서 또다시느낀다. 둘다 천재임. 즉석에서 저정도 퀄리티로 그리다니. 아이디어 최고네❤❤❤❤,False,
@Dear_Rutiran,둘이 만나서 얘기하는게 너무 보기 좋아,False,
@hanak1029,둘이 너무 달라서 웃김 <br>침착맨에게 없는 건 기안에게 있고<br>기안이 없는 건 침착맨은 있고,False,
@yjj9000,맨날 형이라고 부르길래 한참 형인줄!!! ㅋㅋㅋㅋㅋㅋ 한살차이였다니!!!!!!,False,
@도엔지랜드,기안이<br>동안이라서 그래요<br>😊😊😊,True,@yjj9000
@YMFC2,기안이 형들을 좋아하고 잘 따라서 그럼ㅋㅋㅋ,True,@yjj9000
@준준따리,"<a href=""https://www.youtube.com/watch?v=Wd6nS3hr8e4&amp;t=542"">9:02</a> 기안84 님 이렇게 웃는거 처음으로 봄 ㅋㅋㅋㅋㅋㅋㅋㅋㅋㅋㅋㅋㅋㅋㅋㅋ 침착맨님 좋아하는게 맞는듯ㅋㅋㅋㅋㅋㅋㅋㅋㅋㅋㅋㅋㅋㅋㅋㅋㅋㅋㅋㅋㅋㅋㅋㅋㅋ",False,
@user-jinooo,유~명한 팩트인데 아직 모르시는분이 많나봄..<br>더 정확하게는 지독하게위험한 애증,True,@준준따리
@user-vs6le4xo9p,우리 푸른 곰팡즈 영원해~,True,@준준따리
@l9금-비됴-저장소c-s8d,👈👲,True,@준준따리
@zuka7701,이 조합 ㄹㅇ 귀하다 진짜 최강조합이다,False,
@helenahwang7973,"<a href=""https://www.youtube.com/watch?v=Wd6nS3hr8e4&amp;t=196"">3:16</a> 웃는거 왤케 귀엽냥ㅋㅋㅋㅋㅋㅋㅋㅋㅋㅋㅋㅋㅋㅋㅋㅋ",False,
@국딜런,ㅈㄴ귀엽네 ㅁㅊ,True,@helenahwang7973
@유그린-e6u,너무 귀여워❤,True,@helenahwang7973
@송민수-p8e,침착맨 그림 개웃기네 ㅋㅋㅋㅋ 진짜 ㅋㅋㅋㅋㅋㅋ,False,
@ims524,기안그림 너무 좋다,False,
@도엔지랜드,인정 👍🏾 👍🏾,True,@ims524
@sunghoonum9430,기안 찐웃음터지네ㅋㅋ둘이 안맞는거같으면서도 묘하게 맞는게 웃김,False,
@kacy4695,😂,False,
@페페-z8z,침착맨의 미친 상상력,False,
@SMyam,그림 고블린 이냐고 ㅋㅋㅋㅋ,False,
@김정필-q5m,기안:몰락영애침착맨을 가지고 싶다.,False,
@엄브렐라-m5m,둘다 그림 개잘그리네 진짜 ㅋㅋㅋㅋㅋ,False,
@펭귄-f3w4d,내가 좋아하는 분들이 두분이나 나오니 더 잼있네 !,False,
@Wyurr,"<a href=""https://www.youtube.com/watch?v=Wd6nS3hr8e4&amp;t=452"">7:32</a> 장녀부터 존나 웃김ㅠ<br>ㅋㅋㅋㅋㅋㅋㅋㅋㅋㅋㅋㅋㅋㅋㅋㅋㅋㅋㅋㅋㅋㅋㅋㅋㅋㅋㅋㅋㅋㅋㅋㅋㅋㅋㅋㅋㅋㅋㅋㅋㅋㅋㅋㅋㅋㅋㅋㅋㅋㅋㅋㅋㅋㅋㅋㅋㅋㅋㅋㅋㅋㅋㅋㅋㅋㅋㅋㅋㅋㅋㅋㅋㅋㅋㅋㅋㅋㅋㅋㅋㅋㅋㅋㅋㅋㅋㅋㅋㅋㅋㅋㅋㅋㅋㅋㅋㅋㅋㅋㅋㅋㅋㅋㅋㅋㅋㅋㅋㅋㅋㅋㅋㅋ진짜ㅠ",False,
@ysj1258,모두 기안코와 기안 구렛나루 ㅇㅈㄹㅋㅋㅋㅋㅋㅋㅋ,True,@Wyurr
@nyen5798,킬유 ㅋㅋㅋㅋㅋㅋㅋㅋㅋㅋㅋㅋㅋㅋㅋㅋㅋㅋㅋㅋㅋㅋㅋㅋㅋㅋㅋ,True,@Wyurr
@scribble8,킬안부터 웃김ㅋㅋㅋ,True,@Wyurr
@bigbearbeef,저는 유엪씨 장남부터 배찢어지는줄<br>개웃긴게 처음에 딸인줄알았음ㅋㅋㅋㅋㅋ,True,@Wyurr
@tonyseo3384,역시 병건이와 희민이는 둘만의 교감이 있음 ㅋㅋㅋㅋㅋㅋㅋ,False,
@user-uk9vk5dq1n,보는 사람이 편안~~~~ 마치 시몬스,True,@tonyseo3384
@postgres2981,"저런 친구가 인생에서 한명정도는 있는게 좋죠.<br>걸어온 길도, 분야도, 생각하는 것도 비슷한 점이 많아 굉장히 오래 알고 지낸 친구요..<br><br>저는 딱 1명 있네요.",True,@tonyseo3384
@user-fd1bh7tm6t,"홍대에서 같이 곰팡이 마시며 만들어진, 둘만 가질 수 있는 묘한 교감 ㅋㅋㅋㅋ 퀘퀘한 것 같기도 한데 정이가는 편안함이 인상적임 ㅋㅋㅋㅋㅋㅋㅋ",True,@tonyseo3384
@bg1eme9rald,기안은 보이는게 투명하다 .그래서 맑은 물이라면 ㅡ그 옆 사람은 약고 교활하고 시류에 편승하는 구정물 같아서 정말 싫다 .,True,@tonyseo3384
@bananahead3581,마치 배트맨과 조커와 같은?,True,@tonyseo3384
@imidot696,개방장 그림폼 안죽엇네ㅋㅋㅋㅋㅋ,False,
@raena9183,침착맨이 왜 일류인지 보여주는 영상ㅋㅋㅋㅋㅋㅋㅋㅋㅋ,False,
@Wynter-fx9bx,근데 마지막 왜케 아련해요...,False,
@도엔지랜드,뭉클했어요 ㅠㅠ,True,@Wynter-fx9bx
@sinnadrafrank2191,뭔가 섭섭한 뒷맛...ㅠㅠ,True,@Wynter-fx9bx
@루루베뤼,맞아요;; 기안84 뒤도안돌아보고 미련없이 떠나가는거 킹받.잘 살아요!시원 쓸쓸 씁쓸. 그 한명 때문인가;;;,True,@Wynter-fx9bx
@상만구,​@@루루베뤼뭔 말이에요??,True,@Wynter-fx9bx
@salmonchobab,니들 절친 주호민이나 컨설팅해줘라,False,
@ytdzop234w2-w7r,왜케 꼬이셨지 ㅎㅎ,True,@salmonchobab
@salmonchobab,@@ytdzop234w2-w7r 뭘 꼬이지 저놈들 업보인데?,True,@salmonchobab
@파란하늘좋아-z8g,❤❤❤❤❤❤❤,False,
@루루루3,그림 보고 한참 웃었네 ㅋㅋㅋㅋㅋㅋㅋㅋㅋㅋㅋ,False,
@user-xj1wb6rb6z,확실히 둘의 색갈이 뚜렷하네ㅋㅋㅋㅋㅋㅋ 기안은 뭔가 예술적인? 추상적이면서도 패션왕 늑대인간 같은 뭔지 모르겠는 기안만의 알 수 없는 정서가 담겨있고 침착맨은 개그만화 그렸던 사람 답게 되게 단순하고 명확하면서도 포인트를 딱 살려서 그림…,False,
@applesmell6316,둘이서 계속 서로 디스하는데도 현타 전혀 없는게 너무 웃기네..,False,
@Wynter-fx9bx,자주자주 보자구요~~~~,False,
@박김최이,병건님 재능 묵히지 말아주세요 ㅠㅠ,False,
@amablemr,마흔넘으니 진짜 큰 욕심이나 의욕이 안일어나는데...그래서 기안님보면 청춘을 살고있는것 같아서 부럽기도하고 신기하기도하고 대단하기도하고 그렇습니다,False,
@94bangjo,이 맛이지,False,
@치톤피드,이 시대 두 괴인거장 둘의 만남 ㅋㅋ 웅장하다,False,
@덤벙맨,침펄기 한 번 보고싶다.,False,
@joe-hw3un,기안84의 머릿속은 무궁무진한...아이디어가 있네요<br>두 분~~😊,False,
@도엔지랜드,기안❤❤❤<br>저번 영상에 이발을 미루는것 같았는데<br>역시 화보촬영을<br>위해!!<br>기안이쎄오 😊😊<br>정말 멋져요 <br>❤❤❤❤❤,False,
@아싸라비요뽈래,정성스럽게 기안DNA 세계관만들어서 줘패는거 개웃기넼ㅋㅋㅋㅋㅋㅋㅋㅋㅋㅋㅋㅋㅋㅋㅋㅋㅋㅋㅋㅋㅋㅋㅋㅋㅋㅋㅋㅋㅋㅋㅋㅋㅋㅋㅋㅋㅋㅋㅋㅋㅋㅋㅋㅋㅋㅋㅋㅋㅋㅋㅋㅋㅋㅋㅋㅋㅋㅋㅋㅋㅋㅋㅋㅋㅋㅋㅋㅋㅋㅋㅋㅋㅋㅋㅋㅋㅋㅋㅋㅋㅋㅋㅋㅋㅋㅋㅋㅋㅋㅋㅋㅋㅋㅋㅋㅋㅋㅋㅋㅋㅋㅋㅋㅋㅋㅋㅋㅋㅋㅋㅋㅋㅋㅋㅋㅋㅋ,False,
@정금자-d9r,기안84. 생일축하해 건강하고 행복하세요,False,
@사천반디,기안84님❤❤❤❤❤❤❤,True,@정금자-d9r
@ok_kikie5959,"찐웃음이 멈추질 않으시는군요~ 두분 오래오래~건강하세횽~둠칫둠칫~<a href=""UCkszU2WH9gy1mb0dV-11UJg/8gF1Xp_zK8jk8gSDrI2wCw""></a><a href=""UCkszU2WH9gy1mb0dV-11UJg/8gF1Xp_zK8jk8gSDrI2wCw""></a><a href=""UCkszU2WH9gy1mb0dV-11UJg/8gF1Xp_zK8jk8gSDrI2wCw""></a><a href=""UCkszU2WH9gy1mb0dV-11UJg/8gF1Xp_zK8jk8gSDrI2wCw""></a>~호잇!!",False,
@h.y5913,&quot;나는..결혼은 못할거같애..안할거같애..&quot;근데 애기는 있으면좋겠다는 기안님 말에 왜 맘이 아프지요. ?😢 많은것이 포함되어 있을 기안님 속마음.. 앞으로도 쭉~~~행복했음 좋겠습니다,False,
@도엔지랜드,팬으로써 ㅠㅠ<br>너무 마음이 아팠어요<br>좋은 이성분을 만나서<br>행복한 결혼생활 하기를<br>항상 응원합니다 <br>👏🏻👏🏻👏🏻👏🏻<br>우리 남매들도 당연히<br>그러기를 기도하고<br>있구요🙏🏻🙏🏻🙏🏻🙏🏻<br>모두 바라는 대로<br>이루어지길 바래요 <br>❤️❤️❤️❤️❤️,True,@h.y5913
@h.y5913,​@@도엔지랜드<br>🙏🙏🙏🙏,True,@h.y5913
@hanmonzzang,"<a href=""https://www.youtube.com/watch?v=Wd6nS3hr8e4&amp;t=468"">7:48</a> 저 아래 덜렁이는 뭔가요?",False,
@UIO-l9y,"<a href=""https://www.youtube.com/watch?v=Wd6nS3hr8e4&amp;t=239"">3:59</a>",False,
@바다바다-c1x,기안84 님 🎂 생일 축하드려요.🎉🎉🎉늘~좋은일만 있기를 기도합니다.침착맨님도 화이팅,False,
@도엔지랜드,기안❤❤<br>태계일주에서<br>생일파티 했었는데 <br>이번에는 좀<br>외롭고 짠해보이네요<br><br>ㅠㅠ,False,
@yyl9485,기안84와 침착맨의 이상형이라고 잘못보고 들어옴.........,False,
@연화화-f2b,기안님 건강쪼끔신경써주세요,False,
@심재우-b3l,침착맨 만화 안그린지 오래돼서 아이디어 농축된게 여기서 폭발하네 ㅋㅋㅋㅋㅋㅋㅋ,False,
@염민-m4n,확실히 침착맨이 기안 좋아하는게 항상 영상보면 느껴짐ㅋㅋ 얘기도 잘 들어줌<br>근데 둘이 그림 보니까 진짜 왜 친한지 답나옴ㅋㅋ,False,
@iliillll-o9l,잔잔한 술자리 사운드라도 깔아줘요 아저씨 둘이 고요하게 술마시니 정적에 숨이막혀욧,False,
@삼겹살-h6u,"<a href=""https://www.youtube.com/watch?v=Wd6nS3hr8e4&amp;t=321"">5:21</a> 설여대 문제 출제자 기안 너구나 딱걸렸다",False,
@호호-x3h,진짜기괴해...🎉,False,
@pandapanda6738,와 역시 화가분 😮,False,
@hhg6365,침기포에버~~~,False,
@초초초-m2b,결혼을 원치 않는 능력자들은 원정 대리모 출산으로 국적 미국으로 해서 ㅆㅅㅌㅊ 유전자 여성분껄로다가 다 낳으면됨. 돈이 많기때문에 기르는데 어려움은 없을것임.,False,
@egolee1040,따뜻해❤❤,False,
@user-ee5gk7hh6n,"<a href=""https://www.youtube.com/watch?v=Wd6nS3hr8e4&amp;t=568"">9:28</a>  기안이 침착맨 그림 진짜 좋아하네ㅋㅋㅋㅋ 이래서 그렇게 침착맨을 질투했나보다. 진짜 순수하게 좋아하는 것 같다.",False,
@jsklffgd-dys2,첨엔 왜 살만 색칠했지 애들이많네 했는데<br>다 스토리가있엌ㅋㅋㅋㅋㅋㅋㅋㅋㅋ<br>다음 장면은 색들어간것도 어찌보면 노린거일수도,True,@user-ee5gk7hh6n
@HJ-je7iv,처음에 둘이 같이 산 것도 기안이 이말년 그리는 거 보고 영감 좀 받고 싶다고 했던 거였다고 함ㅋㅋ,True,@user-ee5gk7hh6n
@김유주-f2j,근데 침착맨님은 진짜 이미지는 뭔가 그림보다는 스토리 위주신데 은근 각잡고 그리시면 엄청 잘그리셔요 ㅎㅎ(오늘윤하신곡3곡나왔어요,True,@user-ee5gk7hh6n
@GaleLouisa,그놈의 ㄱ글 에서 벳프리 댓글 ㅈ 나많네 그렇게죠 좋은가보지 보러갈까??,True,@user-ee5gk7hh6n
@BlueberryDarlene,진짜 ㄱ글 에서 벳프리 에서 방송 하시던분 진짜 잼있어 ... 다시보고 싶어서 가보자,True,@user-ee5gk7hh6n
@서현희-u6e,귀한분이 귀한곳에 오셨네,False,
@sserkoiiacs,"미러전인가요,..",False,
@성운-d6m,동족혐오 ㅋㅋ,True,@sserkoiiacs
@김지우-o7x,​@@성운-d6m ㅋㅋㅋ,True,@sserkoiiacs
@이름묻지마-r2r,혜진누나 선물은 궁금하네,False,
@도엔지랜드,기안❤❤❤<br>뉴욕 마라톤 영상과<br>기안이쎄오<br>애타게 기다리고<br>있어요 <br>본방사수 할게요<br>시청률 대박나시길<br>응원할게요 <br>❤❤❤❤❤❤<br>🙏🏻🙏🏻🙏🏻🙏🏻🙏🏻,False,
@epochseoul,"<a href=""https://www.youtube.com/watch?v=Wd6nS3hr8e4&amp;t=377"">6:17</a> 아니 듄에서 영감받았냐고 ㅋㅋㅋㅋㅋㅋ 제네시스 침모래벌레아니냐고 ㅠㅠㅠㅠㅠㅠ",False,
@yoiewg963,หล่อ เทห์,False,
@성운-d6m,오 침착맨 기안 ㄷㄷㄷ,False,
@모리21,그냥 영상만으로도 힐링입니다. 감사합니다.,False,
@김지우-o7x,똑같은 놈들이야..<br>누가 그랬는데 ㅋㅋㅋ,False,
@1-ih6jb,자기껀 팔지말라하고 침아조씨 그림은 받자마자 팔아먹을 생각부터함 ㅋㅋㅋㅋㅋ,False,
@jaydoubleyou984,탈모약을 복용하시는걸로 아는데 40년후에는 어쩔수 없는거군요,False,
@평양냉면-g7r,"마지막 침착맨의 “그래 또 와.“ 에서 많은게 느껴졌습니다. 오랜 팬들이라면 이 두명이 지금 위치까지 어떻게 올라왔고, 어떤 삶을 살아가는지 알텐데 그저 인간대 인간으로 서로를 대하는 두사람의 변하지 않는 모습이 롱런하는 비결이라 생각합니다. 팬으로서 너무 좋있습니다.",False,
@아기-i7y,그런거 아니야 그냥 으레 하는 인사치레 한 거야,True,@평양냉면-g7r
@ddabongguy,@@아기-i7y 아는 만큼 보인다. 둘 중 누가 제대로 본 것인지는 모르겠지만ㅋㅋㅋ,True,@평양냉면-g7r
@도엔지랜드,올해에도 대상은 <br>무조건 기안이쥐 <br>아무도 넘보지 마<br>🏆🏆🏆🏆🏆<br>👏🏻👏🏻👏🏻👏🏻👏🏻👏🏻,False,
@race9797,맞아요 ❤❤❤❤❤,True,@도엔지랜드
@도엔지랜드,@race9797  <br>기안뿐이지요 <br>기안 화이팅!<br>🏆🏆🏆🏆,True,@도엔지랜드
@구름-z4c8y,침착맨 왤케 잘생김,False,
@gpgp123,아 보면서 개웃엇ㄴ ㅔㅋㅋㅋㅋㅋㅋㅋㅋㅋㅋㅋㅋㅋㅋㅋ,False,
@RASANRASAN-zz6ef,두분같이... 생일축하 노래에 식사가 . 왜 이렇게 뭉클한지,False,
@ysj1258,침착맨 그림 개쳐웃기네 ㅋㅋㅋㅋㅋㅋㅋㅋㅋㅋㅋㅋㅋㅋㅋㅋㅋㅋㅋㅋㅋ,False,
@도엔지랜드,기안❤❤❤<br>노래 부르고 들으며<br>행복한 가을 보내고<br>있어요 😊😊😊<br>건강하고 행복한<br>일들만 기득하시고<br>우리 가족도<br>그럴게요❤❤❤,False,
@잉크폭탄,"<a href=""https://www.youtube.com/watch?v=Wd6nS3hr8e4&amp;t=366"">6:06</a> 이토준지에서 나가이고로 빠지네 세상에 ㅋㅋㅋ",False,
@if9045,수능전 마지막 &#39;똥&#39;,False,
@xjdoqnsnvo,기안이랑 침착맨 둘다 힘들게 살다가<br>성공해서 만나는거 부럽다,False,
@mostxianwuofyou,각자의 길에서 각자 스타일로 성공해서 만난게 제일 부러움,True,@xjdoqnsnvo
@쯔쯔-e3q,​@@mostxianwuofyou 사실 병건이형은 힘들게 산적이 없어요...,True,@xjdoqnsnvo
@근묵자흑-o4y,둘이 장판없는 집에서 살아서 그렇지 그때도 이미 인기만화가였음..,True,@xjdoqnsnvo
@cloudy-ys3ti,장판없고 곰팡이자라고 에폭시깔뻔한 거 뿐이지...둘이 누구보다 해맑게 살았음...,True,@xjdoqnsnvo
@11211aa,침착맨은 야후 데뷔때부터 인기많앗지 ㅋㅋㅋㅋㅋ 기안이 좀 힘들었고,True,@xjdoqnsnvo
@사랑해유자씨,진짜 클라스는 영원하다고 ㅎㅎㅎ이말년 그림 죽지 않았네 ㅎㅎㅎㅎㅎ저 메부리코 내림설정 대박 👍,False,
@안창환-m5l,이둘은 역시 깐부구만,False,
@sueeee0217,술잘먹는 병거니 대견하다,False,
@user-em2pw5br6o,ㅋㅋㅋㅋㅋㅋㅋㅋㅋ그림 넘 우껴요 😂침착맨님 재능아깝다,False,
@ozedr3283,와 12만명 ㄷㄷ 대박. 대세작가84 ❤❤❤❤❤,False,
@무한대플러스,저 남자<br>20대 만났으면..ㅎㅎ,False,
@ByeongGirlSi,"<a href=""https://www.youtube.com/watch?v=Wd6nS3hr8e4&amp;t=417"">6:57</a> ㅋㅋㅋㅋ 진짜 한결같다 호민촌 기안촌 ㅋㅋㅋ",False,
@kakashin8362,이게 사이버펑크지,False,
@haza9712,둘다 이제 나이먹어감을 느낀다..어른이 되간다.,False,
@젤리-w2v,좌로 좌로 가겠지,False,
@D.H-l1h,늦둥 이는 가수😊,False,
@laconic2476,두 분 만나면 진짜 편한 느낌이 확 오네요 ㅎㅎ,False,
@zmzmfnQldQhd114,침착맨님 응원합니다,False,
@오늘도욱낀하루,ㅋㅋㅋㅋㅋㅋㅋㅋㅋㅋㅋㅋㅋㅋㅋㅋㅋㅋㅋㅋㅋㅋㅋㅋㅋ그림에서 애정이 묻어난다,False,
@유진-n6y8t,그동안 각자 친분 있는 형 동생끼리 만나다가 찐 형제끼리 만났네 애증의 형젴ㅋㅋㅋㅋㅋㅋㅋ,False,
@nanakim888,ㅋㅋ킹받게 잘 그렸네요,False,
@Amber-to1zs,그림이... 늘었어...,False,
@jiwoong9727,ㅋㅋㅋㅋㅋㅋㅋ 기안자식들 코가왜저래 ㅋㅋㅋㅋㅋㅋ 마귀코야 ㅋㅋㅋㅋㅋ,False,
@jh-gg6sn,생일축하노래 진짜 텐션이 하나도  없고 미역국먹는 기안과 조합이 쓸쓸한데 묘하게 웃겨서 노래듣는 내내 웃었어요. 안웃긴데 웃기는 이런 그림이 침착맨의 특기인듯. 그래서 재밌었음.,False,
@도엔지랜드,일등이 왜 이리도<br>많아요?😅😅<br>아무튼 축하드려요 <br>🖕🖕🖕🖕🖕🖕<br>기안 항상 사랑하고<br>응원주세요<br>❤❤❤❤❤❤,False,
@Vamonos529,간만에 정신나간 조합.,False,
@hwiha00,엄마 나 마흔 아조씨들 좋아해..,False,
@으어이-h7l,와 제네시스 융합쳬 그림 멋있는데,False,
@drawthecard,바보같은 두 천재,False,
@김정호-e3d4p,뭔가 마음이 짠하네 둘다 찐어른이 된거같은,False,
@Yunnnggg.5,ㅋㅋㅋㅋㅋㅋㅋ 진짜 너무 재밌어하넼 ㅋㅋㅋㅋㅋㅋㅋ,False,
@도엔지랜드,기안❤❤❤<br>이 영상을 생일에<br>올리셨어야지요😢<br>한  참 지났는데  ..<br>다시 한번 생일을<br>축하드려요 <br>💕💕💕💕<br>👏🏻👏🏻👏🏻👏🏻👏🏻,False,
@dgy9152,말년이형 아직도 그림으로 표현하는 유머감각이 대단한데 만화도 한번 다시 그려봤음 좋겠다...,False,
@유투브-r8c,기안촌부터 개웃기네 ㅋㅋㅋㅋㅋㅋㅋㅋ,False,
@delmontena5283,엄마 없는 카이지로 만들어버렸노 ㅋㅋ,False,
@김주영-c5c,ㅋㅋㅋㅋ수염으로 기어다니는게 미래컨설팅이야?ㅋㅋㅋㅋㅋㅋ,False,
@KR-jr2cc,예전 말고 현시점에서는 예능 작가들의 꿈의 조합,False,
@vcorea123,"인생84 PD, 작가: 흐뭇",True,@KR-jr2cc
@YunGeon163,켠왕 작가 오열😢,True,@KR-jr2cc
@eiii2609,기안 주니어 보고싶다 진심,False,
@도엔지랜드,완전공감 🙏🏻🙏🏻🙏🏻,True,@eiii2609
@veinfactor,"<a href=""https://www.youtube.com/watch?v=Wd6nS3hr8e4&amp;t=325"">5:25</a> 지인들 징그럽게 그리는거 침착맨이랑 기안이랑 둘이 똑같음 ㅋㅋㅋ",False,
@주빈정-d7o,너무 웃긴다ㅋㅋㅋ,False,
@도엔지랜드,기안❤❤<br>너무 귀엽고 멋져요 <br>나레이션에<br>흠뻑 빠져버렸어요<br>❤❤❤,False,
@amazing_soo,"둘의 인생고민이 남 얘기가 같지가 않네, 해결방식도 유익했다 ㅋㅋ 재미도 있고~",False,
@희-i2s,아 기다리고 기다렸습니다.,False,
@Jauwbzkaoqy,늘 기다리는 기안84님 인생84❤<br>기안84 진심 좋아하는거 겁나 재밌넹~진짜 이말년님 말씀처럼 가족이뤘음 좋겠네요~,False,
@도엔지랜드,인정 😊,True,@Jauwbzkaoqy
@소고기무국-s5l,맞아요👍<br>사이보그화는 빼구 ㅋㅋ,True,@Jauwbzkaoqy
@새벽의눈꽃길,생일 축하드립니다 기안님 그리고 항상 영상 잘 보고 있습니다 감사합니다~^^,False,
@도엔지랜드,기안 ❤❤❤<br>음악일주 <br>올해에도 무조건 <br>대상이다 <br>🏆🏆🏆🏆🏆<br>👏🏻👏🏻👏🏻👏🏻👏🏻,False,
@mu_soon,"사고싶다 기안의 침 그림<a href=""UCkszU2WH9gy1mb0dV-11UJg/W8IfY_bwAfiPq7IPvNCA2AU""></a>",False,
@도엔지랜드,완전공감 ❤❤,True,@mu_soon
@아싸라비야깐따삐야,기안님 정 아이가 같구 싶으시면 해외에서 했었는데 수정체를 남자한테 옴겨서 제왕절개 해서 출산한 사례가 있긴 한데 참고해보세요 근데 이게 사실인지는 모르겠어요 옛날에 본거라,False,
@도엔지랜드,기안❤❤❤<br>항상 멋지지만<br>본업 할때가 제일<br>멋져요 🖕🖕🖕,False,
@fu_thanks,☘️☘️☘️☘️☘️☘️☘️,False,
@맨탈갓충충,이거지...이런걸 원했어,False,
@도엔지랜드,기안❤❤<br>좋은 이성분과 <br>행복한 가정을<br>꾸리기를 항상<br>응원합니다 <br>화이팅!<br>❤❤❤❤❤,False,
@유민기-n7f,기안 ㅈㄴ좋아하네,True,@도엔지랜드
@HamzziTV,몇 년 동안 두 분을 본 입장에서 마지막에 또 오라는 말에 울컥하네요ㅠㅠ,False,
@도엔지랜드,인정 😊😊,True,@HamzziTV
@HamzziTV,@@도엔지랜드 무심한듯 툭 내뱉는 말에 오히려 진심을 느껴버림..,True,@HamzziTV
@으어어rrrrr,그림들이 개웃기네 진짜ㅋㅋㅋㅋ,False,
@항상힘내세요,기안이형 머리 예쁜데? 수능 후에 보자 형 화이팅!,False,
@Artshot123,어제는 풍형 오늘은 기안이형 나 이틀 연속 생일인건가?,False,
@지나보면순간들,서로 진짜 사이 좋구나,False,
@yyhyy4551,진짜 존나 잘그렸네 ㅋㅋㅋㅋ,False,
@walkerqqq,둘 다 그림 진짜 맘에 든다ㅋㅋㅋㅋㅋㅋㅋ,False,
@stainsoo6159,제네시스와 융합이라니 ㅋㅋㅋ,False,
@도엔지랜드,기안❤❤<br>컨설팅. 최고😊😊,False,
@Goat-go_away.Not_funny.,진짜 미친놈같네 ㅋㅋㅋㄱ,False,
@hwan9598,"<a href=""https://www.youtube.com/watch?v=Wd6nS3hr8e4&amp;t=377"">6:17</a> 은근히 닮아서 더 킹받네ㅋㅋㅋ",False,
@도엔지랜드,기안❤❤<br>정말  멋지다 😊😊,False,
@naong-idaong,두 남자 우정 영원히 ㅎㅎ 침착맨 생방도 나와줘요 ^^,False,
@도엔지랜드,기안❤❤❤,False,
@도엔지랜드,기안이 대상이다🏆🏆,False,
@박상수-d5x,여러분들은 지금 전직 4년제 미대를 졸업한 사람들의 그림을 보고 있습니다.,False,
@hykim5498,졸업안했잖아,True,@박상수-d5x
@목고버섯,미친 ㅋㅋㅋ 침착맨 다시 그림그리자 ㅋㅋㅋ,False,
@김태환-u6y,두족류침vs다자녀84,False,
@doridoriggaggung,"<a href=""https://www.youtube.com/watch?v=Wd6nS3hr8e4&amp;t=159"">2:39</a> 또국지가 그래서인가",False,
@강명희-t2w,찐찐~❤❤❤❤❤,False,
@ddalgi975,5분전 못참지,False,
@miuiqwerty,1,False,
@볼빨간사촌새낑,둘이 뭉치면 일단 봐야지,False,
@Kkdkfj,”수능전 마지막 식사“,False,
@최용민-o9x,그냥 보지마,True,@Kkdkfj
@아싸라비야깐따삐야,아자아자아자!!!!!!!!!!!!!!!!!!),True,@Kkdkfj
@andy-qn7eo,화이팅하세요,True,@Kkdkfj
@vcorea123,"꼭 마지막 식사가 되시길,,, 파이팅",True,@Kkdkfj
@구구-p7q,수능전 첫 번째 식사,True,@Kkdkfj
@양천구보안관,나혼산의 유일한 빛...<br>나의태양...,False,
@도엔지랜드,완전공감 😊😊,True,@양천구보안관
@유정숙-l6x,오 생일이셨어요 축하드러요,False,
@ko5to1uz5d-x1m,어 나 침착맨 끊었는데 오랜만에 보네,False,
@깅우재,떴다 내 야동,False,
@금애양,기안84님반갑습니다   침착맨이말련님오랜만이네요,False,
@김수곤-q7m,👍👍👍,False,
@yorokong,내 최애 사람 2명❤,False,
@티치미-y1b,오오,False,
@citizen_14,1분전 ㅎㅇ,False,
@GS2-LEE,6,False,
@jeonhyojin,1,False,
@ji_yonce,5등,False,
@unixhyun,오,False,
@eun_z.90,일단 좋아요부터 박고 보는 조합이다..,False,
@dgy9152,ㄹㅇㅋㅋ,True,@eun_z.90
@Beach_Blvd,1,False,
@배재민-f4m,1,False,
@jungk6280,1등~❤,False,
@DinosaurJr.,서로 애증하는 사이 ㅋㅋㅋㅋ,False,
