author,comment,is_reply,reply_to
@리얼태권브이,매번 느끼는데 도이 이빨 부정교합같은데 온김에 치과좀 데려가세요~ ^^,False,
@leahrevilla352,Good day everyone thank you so much for welcoming us in your country thank you  madam Sabrina for the Dinner and the crecature you&#39;ve made to our family may God bless you more and your team Ugly Project thank you,False,
@군무수-l4l,잘보고 갑니다,False,
@Jowa,시청 감사합니다,True,@군무수-l4l
@김애란-d1u,도이님^^<br>김치 맛나게도 드시네요 ㅋㅋ,False,
@정의로움-h4p,옥상 페인트칠한거 아닌데..ㅋㅋㅋ방수액에  방수 우레탄 시공하고 방수페인트까지 ...,False,
@lovepeace8604,오랫만에 보네요 아버님 건강은 괜찮으신지 도이는 살이 많이 쪘네요<br>이 가족들을 한국에서 볼 줄이야 반갑네요,False,
@Jowa,네~ 아버님 건강하십니다! 도이는 살이 많이 쪘어요 ㅋㅋㅋ,True,@lovepeace8604
@레디니,필리핀 사람들<br>1. 저녁인데 밥집에서 밥을 안 줌. ㅋㅋㅋ<br>2. 족발 보쌈 별루 안 좋아하더라고요.,False,
@Jowa,밥이 필수긴 하죠. 무슨 메뉴를 먹던 밥은 꼭 있어야 하는 문화. ㅋㅋ 한국은 좀 달라서 놀라더라구요. 필핀에 족발 비슷한게 있긴합니다 근데 밥이랑 먹죠 ㅋㅋㅋ,True,@레디니
@gospel3658,"&quot;그(아브라함)가 바랄 수 없는 가운데 바라면서 믿었으니, 이것은, 네 씨가 이와 같으리라, 하고 (주께서) 말씀하신 대로 그가 많은 민족들의 조상이 되게 하려 하심이라.<br>그는 백 세쯤 되었을 때에, 믿음이 약하지 아니하여, 당시 죽어 있는 자기 몸을 고려하지 아니하였고 사라의 태가 죽은 것도 고려하지 아니하였느니라.<br>그는 믿지 아니함으로 인하여 [하나님]의 약속에 관해 흔들리지 아니하였고, 오히려 믿음이 강하여 [하나님]께 영광을 돌리며<br>그분께서 약속하신 것을 그분께서 또한 이행하실 수 있음을 온전히 확신하였으니<br>그러므로 그것(믿음)이 그에게 의로 전가되었느니라.<br>또한(Now) 그것이 그에게 (의로) 전가되었다고 기록된 것은 그(아브라함)만을 위한 것이 아니니,<br>우리가 예수 우리 [주]를 죽은 자들로부터 일으키신 분을 믿는다면, 그것이 (의로) 전가될 우리도 위한 것이니라.<br>그분께서는 우리의 범죄들로 인해 넘겨지셨으며, 우리를 의롭다 하시려고 다시 일으켜지셨느니라.<br>(로마서 <a href=""https://www.youtube.com/watch?v=wJntHH3GLo4&amp;t=258"">4:18</a>-25)<br><br>&#39;&#39;우리는 보이는 것들을 바라보지 아니하고 보이지 아니하는 것들을 바라보나니, 보이는 것들은 잠깐 있을 뿐이나 보이지 아니하는 것들은 영원하니라.   (고린도후서 <a href=""https://www.youtube.com/watch?v=wJntHH3GLo4&amp;t=258"">4:18</a>)",False,
@개웃겨-e2j,매형이 고생이 많아요 ㅎㅎㅎ,False,
@조종인-w8c,처음 한국에 여행오셨는데..굳이 얼굴도 모르는 구독자님들과 동행이라~~~~가족들끼리 함께하는게 더 좋았을것 같은 아쉬움이 남네요...본가에서 할머니와 만남이 젤 기다려집니다...안전하게 즐기세요.,False,
@klee5964,숙소 좋네요 ㅎㅎ,False,
@boomyitv,택시 빼고 한국 교통비 착한것 같아요 필리핀 보다 싸고 가격 만 보면 필리핀이 더 싼데 시설 사람들 임금 이런거 다 따지면 한국 이 더 싸네요,False,
@soecoww,ㄹㅋㄹㅋ 광고인가요? 왤케 많아요?,False,
@Jowa,광고 매크로인거 같네요 ㅎㅎ,True,@soecoww
@มาดามคิมนักต้มตุ๋นชาวฟิลิปปิน,제가 11월 가장 기대했던 한국 방문객 편노형 처가집 가족과 페레이라,False,
@오오-w7c,영상 올려주세요!!,False,
@y5518,편집노예 닉값에 충실하길 부탁드립니다. 살려는 드릴게~~~,False,
@총총슈슈,댓글끝에 5만~ 이렇게 인사한게 엊그제같은데 벌써 10만이 눈앞이에요! 가족들모시고 한국여행 너무고생하셨어요! 덕분에 재밌게봅니당!!편집노예 어서 일하세요 ㅋㅋㅋㅋ,False,
@Jowa,편집 노예는 계속 달려갑니다... 💪,True,@총총슈슈
@jcm-m7f,오 지금 인기 급상승 16위!,False,
@Jowa,가즈아!!,True,@jcm-m7f
@jhjeong3968,처남 귀엽네요 ㅎㅎ,False,
@alabang3038,기다리기 힘드니깐  그냥 편집없이 다 올려주세요,False,
@yoseopkim8162,영상시간늘려주고 영상 올려주세요~,False,
@Oscar2003,인급동 15위 축하드려요.....,False,
@Jowa,오예! 감사합니다 ㅎㅎ,True,@Oscar2003
@채일현-s9u,필리핀은한국전쟁당시 한국을도운나라예요 그분들그이상잘해주세요 당시난4살아라서 몰라요❤,False,
@hellophilippines513,와우! 영상에 빠져들었어요.제싸 어머니 정말 미인이시네요. 영상보면서 족발과 김치 그리고 한국. 정말그리웠는데 힐링하고갑니다❤,False,
@GHO784,❤❤❤❤,True,@hellophilippines513
@Jowa,ㅎㅎ 해외에 있으면 항상 그리운 음식들이 있더라구요. 이 김치맛은 필리핀에서 찾기 힘든거 같네요 ㅋㅋ,True,@hellophilippines513
@j.chwang3267,인급동 추카추카~🎉😊,False,
@Jowa,감사합니다! 깜놀! ㅋㅋ,True,@j.chwang3267
@us-7-s3l,장모님 귀여우시네요 맥날 앞에서 사진 찍고 싶다는데 제싸님 엄마가 해외여행 온 기분이 나게 사진 좀 찍게 해 주시지...ㅎㅎ 갈 길이 바쁘셨나 봐요😄,False,
@Jowa,ㅋㅋ 직진제싸와 3보1사진 어머님..,True,@us-7-s3l
@ThiBichHanhLe-h6y,롤카롤카 찌라시가 돌던데.. 여윽시 금방 나올줄 알았다 ㅋㅋㅋㅋㅋ,False,
@NguyenLinh-x3p,롤카롤카 어쩔줄몰라하면 침착하게 들어가보자 그것부터배워라,False,
@xuanhungnguyen6691,남녀노소 어렵지 않은 이스포츠 대명사 롤카롤카,False,
@ĐìnhPhátPhạm-s3k,만약에 이스포츠가 질렸다면 카쥐노로 전향해도 무방합니다 롤카롤카,False,
@HườngKim-w7b,롤카롤카는 롤 vs 카지노 ㅎㅎ 여러분들의 선택에 맡기겠습니다.,False,
@longinh9714,남녀노소 어렵지 않은 이스포츠 대명사 롤카롤카,False,
@치치돈,아니 인급동 13위라니요ㅋㅋㅋㅋㅋㅋㅋ!!! 10만 가즈아!!!,False,
@Jowa,가즈아~ 풀액셀!,True,@치치돈
@TânLeVan-x6t,롤카롤카 엄청 도배되어 있네 뭐지.. 한번들어가봐야겠다,False,
@seoung_ha,제가 영등포에 살고 있어 모텔 맥도날드 영등포역 노숙자 얘기 모두 알고 있어요 영등포역 확성기소리는 개신교 교인들이하는 짓이에요 수십년 째 저러고 있어요 요즘 영등포역 주변 오피스텔 호텔  타임스퀘어 여의도 현대서울 등으로 외국인 관광객이 많아졌는데도 저 확성기는 없어지지 않네요 엄청난 민폐에요,False,
@Jowa,서울역에도 있죠 ㅠㅠ 엄청 시끄럽고,True,@seoung_ha
@HưngĐinh-m2x,하루도 빠짐없이 들어와서 눈팅중인데 오늘은 달려볼거임 롤카롤카,False,
@NhanDao-n9e,롤카롤카 찌라시가 돌던데.. 여윽시 금방 나올줄 알았다 ㅋㅋㅋㅋㅋ,False,
@MinhLe-i6u,곧 시즌이 돌아오는데 가만히 계실건가요 ? 롤카롤카,False,
@준호김-j7r,도이 너무 귀여워ㅋㅋㅋ<br>근데 양치는 자주하세요 ^^,False,
@rucy3life,가족분들 전부 너무 유쾌하신 분들이세요. 재밌게 즐기다 가시길,False,
@Jowa,감사합니다,True,@rucy3life
@TinhLe-u5v,롤카롤카 나오기까지 3년을 기다렸다 드디어 두두등장,False,
@LinhMy-c8d,하루도 빠짐없이 들어와서 눈팅중인데 오늘은 달려볼거임 롤카롤카,False,
@TrangNguyen-pu4ms,아무리 내가 여러번 떠들어도 한번 들어와서 눈으로 보면 또 다른 느낌으로 다가온다.-롤카롤카-,False,
@undiavoloscaccialaltro7920,와 인급동 13위 ㄷㄷ 축하해영 제싸님 편노님 ㅎㅎ🎉,False,
@Jowa,와우 감사합니다 ㅎㅎ,True,@undiavoloscaccialaltro7920
@undiavoloscaccialaltro7920,​​@@Jowa도이를 비롯한 처갓집 식구들에게도 전해주셔요 어제 다시 보는데 인급동 떠서 놀랐네요 ㅎㅎ 지금은 조금 떨어졌는데 제가 볼땐 13위였어서 ㅎㅎ 게시글에도 올리셔서 구독자분들께도 알려주셔요,True,@undiavoloscaccialaltro7920
@boomboompower6718,아주 죠아욧!!!!❤❤,False,
@giauluu7615,"케리아 2년 재계약 확정, 티원 전원재계약 와우 롤카롤카",False,
@ThaoPham-q1x,만약에 이스포츠가 질렸다면 카쥐노로 전향해도 무방합니다 롤카롤카,False,
@HòaĐỗ-l7i,/롤/카/롤/카/ 놀이공원 보다 더 짜릿짜릿 19금 보다,False,
@토냥-f5g,영상업로드 계획이 어떻게되나요?1일1영상인가요?압박하는건 아니구요 ㅋㅋ,False,
@Jowa,ㅎㅎㅎ 보통 2일 1영상 입니다!,True,@토냥-f5g
@___diyun9665,"빨리 다음편,.....,,, 저도만나줘요..,, 나도 구독자,,,,",False,
@joeysfam,와우!! 너무 반가워요!! 모든 식구들!!!,False,
@Jowa,새 채널 파셨군요! 구독갑니다~,True,@joeysfam
@joeysfam,@@Jowa ㅋㅋㅋㅋㅋ 몰래했는데 걸렸네요 ㅋㅋ,True,@joeysfam
@손길현-n4i,화이팅~~  ^^,False,
@Marunare,캬~ 도이 김치 맛집 찾았네요^^ ㅎㅎㅎ<br>대접하신 구독자 분 최고~&gt;_&lt;b,False,
@Jowa,근데 저기 김치 진짜 맛있더라구요 수육과 찰떡 ㅎㅎ 아직도 생각나네요,True,@Marunare
@Mr_Won,9월에 영등포에 갔었는데ㅎㅎ<br>저 예전에 신길역 근처에 살았었습니다.<br>아 한국 가고 싶네요ㅎㅎ,False,
@Jowa,서울에 먹을곳이 너무 많더라구요 ㅋㅋ 하루 5끼 먹고싶은 마음,True,@Mr_Won
@오솔길-q8w,아이구...간지러워서 4번에 나눠봤네요....ㅎㅎㅎ,False,
@hmkang8460,도이가 말을 정말 재미나게 잘 하네요~!<br>즐겁게~!,False,
@아라마루-s2r,"잘보고가요~<a href=""UCkszU2WH9gy1mb0dV-11UJg/jPgfY5j2IIud29sP3ZeA4Ag""></a>",False,
@정인준-i8c,오늘도 좋아요 꾹,False,
@sanghyeonkim7705,도이 한국사람 다 되었네요 <br>김치 잘 먹는 도이군 <br>영상 잘 보고 잘 보고 갑니다,False,
@jenaplayingalone,너무 재밌어서 두세번씩 보는 중 🩶,False,
@Jowa,담편도 후다닥 편집 할게요 ㅎㅎ,True,@jenaplayingalone
@thetime200088,도이는 한국 사람보다 김치를 더 잘먹어 ㅎㅎ,False,
@DanielKim8,한국에는 pc로 노래방구축해서 헤드셋끼워요 ㅋㅋㅋㅋㅋ 아니면 방음실 구축해서 고음 질름 ㅋㅋㅋㅋㅋ😊,False,
@druid_king,형 이제 10만명 바라보고 있구나... 그동안 고생 많았어!!,False,
@Jowa,앞으로 고생 더해야지 😂,True,@druid_king
@헬로송도,"족발, 보쌈집 김치는 진짜 맛있죠 ㅋㅋ 편노님 영상 최소 30분이상으로 만들어주세요! 재미없어도 됩니다. 그냥 보는것만으로도 힐링입니다! 명심하시길 ㅋㅋㅋㅋㅋ",False,
@Jowa,ㅋㅋㅋ 힐링 영상 만들겠습니다!,True,@헬로송도
@thetime200088,❤,False,
@chulschuls8282,어무니 옥수수 좋아하시는데 ㅠㅠ 찐옥수수 사가지고 들어가셔야 하는데 ㅠㅠ,False,
@user-ro6tq8yb5q,고마운 구독자님!! <br>도이 김치먹방도 신기~ㅋ,False,
@저며기,제싸누나가 도이동생 뭐라하는거 개웃기네요ㅋㅋ번역이 그래서 그런가,False,
@Jowa,원래 저렇습니다 ㅋㅋㅋㅋㅋ,True,@저며기
@제2인생-n5v,도이 외국다녀와서 김치몇년못먹은한국사람같아요<br>진짜잘먹네요<br>❤그리고음식대접하신 구독자님 감사드려요,False,
@Jowa,맛있게 먹는 도이 보니까 저도 덩달아 뿌듯하네요 😊,True,@제2인생-n5v
@suezo32,다음에 한국 갈때는 가셨던 족발 보쌈집을 꼭 가봐야겠어요. 너무 맛있게 드셔서 제 첫 끼니로 정했습니다(원래는 짜장면을 생각했음),False,
@Jowa,보쌈 김치가 아주 제대로입니다 ㅋㅋㅋ 보쌈에만 준다네요,True,@suezo32
@gondanajons,행님 이제 10만갑시당 얼마안남앗어용🎉,False,
@Jowa,영차 영차 편집중입니다! ㅎㅎ,True,@gondanajons
@JJ리,가족분들이 즐거워하시는거보니 저까지 즐겁습니다^^ 기분좋은 즐거움 굿!,False,
@youi8838,"도이 김치 잘먹는거 보니 좋네여  한국에 오신걸 환영해여 <a href=""UCkszU2WH9gy1mb0dV-11UJg/KsIfY6LzFoLM6AKanYDQAg""></a><a href=""UCkszU2WH9gy1mb0dV-11UJg/KsIfY6LzFoLM6AKanYDQAg""></a><a href=""UCkszU2WH9gy1mb0dV-11UJg/G8AfY6yWGuKuhL0PlbiA2AE""></a><a href=""UCkszU2WH9gy1mb0dV-11UJg/G8AfY6yWGuKuhL0PlbiA2AE""></a>",False,
@QKEK,족발 보쌈 밥이랑 같이 싸먹으면 맛있는데<br>김치 먹을 때도 그렇고<br>공기밥  시켰어야 하네요 ㅋㅋㅋ,False,
@Jowa,ㅋㅋ 한국사람들은 밥을 잘 안먹는다고 하더라구요,True,@QKEK
@DANIEL-qr5df,편노씨 우선적으로 영상이 우선입니다 ㅋㅋ<br>잠은 필리핀에 가서 주무시고 날밤을 새서라도 <br>일일 일영상 가즈아 ~~~<br>이번 가족한국영상 으로 10만가고 100만까지 달려보자아~~,False,
@wanjukim7072,너무 재밌어서 10만찍자 실버버튼은 달아야지,False,
@imscion,편노님이 이번에는 좀 빡셀듯 ㅋㅋㅋ 장인장모에 처남까지 챙겨야하는데 편집까지 하는거 보면 좀 대단하다고 생각함 ㅋㅋㅋ,False,
@Jowa,체력이슈로 쓰러질뻔.. ㅋㅋㅋ 일주일동안 매일 12시간씩 투어 한거 같네요 ㅋㅋㅋ,True,@imscion
@미모사-h8o,여행 오셔서도ㅋ 리모델링 구상중이신 아버님👍👍👍👍👍,False,
@Jowa,한국 집 구경하는 재미가 쏠쏠하네요 ㅎㅎ,True,@미모사-h8o
@theotherguys5584,너무 기다리던 필리핀 가족의 한국 도착이어서.. 업데이트가 항상 기다려집니다... ㅠ.ㅠ 이번 겨울에 한국 못 들어가고 필리핀에 있는데 한국 시리즈 3번은 돌려볼거같네여 ㅋㅋㅋ 업데이트 감사합니다 ~~,False,
@아이돌A양보기-i4m,뭐가 이리 짧게 느껴지나 영상 너무재밋어요!!!!,False,
@땔감감지기,방금 이 형님 피드 보고왔는데 이거진짜임 손목건다 ㄹㅇ,True,@아이돌A양보기-i4m
@더락-l5g,종로3가 탑골공원이라...<br>첫날이라 필리핀 로컬느낌 나는 던전으로 가셨군요!!,False,
@선미-q8i,오늘은 저녁먹고 봐서 다행이다!! 안그랬음 족발시켰을수도ㅋㅋㅋㅋㅋ영상 너무재밋어요!!!!,False,
@강훈-z1z,맛있는 김치 먹은 도이. 김치 무한 흡입 완료,False,
@시간아천천히좀가,영상 올리는것도 좋지만 건강을 생각해서 천천히 빨리 올려주세요,False,
@okrasolo,김치는 꼭 말씀해주세요 도이와 부모님께 ^^<br>한국도 거의 음식점에서 중국산 김치에요 ㅠ<br>족발집은 한국김치인듯요~^^<br>즐거운 한국여행 되길요~~,False,
@ylee5232,도이에게 한국 pc방 체험을 ㅋㅋ,False,
@회사원이씨,길게 올려주세여어어어여 이것만 기다려요,False,
@상영hwang-s1i,도이씨 김치먹는데 왜 제가 입을 쭉 내밀고 침이 고여있죠?<br>아는 맛이 무서움 ㅋㅋㅋ (도이씨도 필리핀 돌아가서 보쌈김치 영상보면 저처럼 될거에요 ㅎㅎㅎ),False,
@Jowa,ㅋㅋㅋ 한번 맛을 봤으니 잊지 못할겁니다,True,@상영hwang-s1i
@andyj5299,편노(편집노예) 이름에 충실하라!,False,
@공작고사리,김치 많이 먹은 도이님 다음날 얼굴 동글해졌겠는데요 ㅋ<br>다음 영상도 기대기대~~~<br>그럼 10만~~~!,False,
@magenta0826,구독자분 만나는것도 좋은데 처가식구분들 불편하지 않게 식구들끼리만 다니시는게 좋아보입니다.,False,
@깐돌이아빠-x1r,효과음 아님 ㅋㅋㅋㅋㅋ,False,
@Rakko-Satomi,영상 좀 더 길게좀 해줘요~~,False,
@mallangduck1,풀영상 주세요 ㅠㅠㅠ엉엉,False,
@토냥-f5g,음식먹는게 뭐라고 이케재밌나요😅<br>처남 김치먹방 대박이네요,False,
@행복한꼬맹이,ㅋㅋ요즘 그 어떤 영상보다도 1순위에요~ 역시 꿀잼일줄 알았어~~,False,
@juyounchoi6364,오~~    편노님 숙소 좀 알려주세요,False,
@Jowa,"위홈으로 했어요 ㅎㅎ <a href=""https://www.wehome.me/rooms/2019598"">https://www.wehome.me/rooms/2019598</a><br>에어비앤비 보다 좀더 싸더라구요",True,@juyounchoi6364
@Agin1999,"<a href=""https://www.youtube.com/watch?v=wJntHH3GLo4&amp;t=47"">0:47</a> 이거 다 가져가도 되요.",False,
@jaykim3063,헐 대박..제가 저번에 갔던 솔밭가든이 다 나오네요.완전 맛있었던집이었는데..맞은편 집을 가셨군요..담에 돌솥비빔밥드셔보시길..~~♡,False,
@Jowa,엇 ㅎㅎ 여기 맛집거리군요,True,@jaykim3063
@몸부림-b3c,편노아재~ 장인 장모님위해 두분만 1침실 주는것도 생각해보시길.<br>두분만의 오붓한 한국의밤을 제공하는 센스  기대해봅니다😂,False,
@Jowa,방이 3개라 다 각자 썼어요 ㅎㅎ,True,@몸부림-b3c
@몸부림-b3c,@@Jowa 잘하셨습니다. ㅎㅎ,True,@몸부림-b3c
@rlawlxks,아쉽네요 이번년도 날이 좀 따뜻해서 ㅠ 눈오는거 볼수있음 좋을텐데,False,
@Jowa,눈 오면 다시 와야죠 ㅎㅎ,True,@rlawlxks
@getsix10,맛있게 드시는 모습 보니까 너무 좋아요!(피자라도 먹으면서 봤으니 망정이지...족발 시킬뻔...) ㅋㅋ 그럼 10만 !!,False,
@Jowa,피족 조합으로 드셨어야 했는데 ㅋㅋㅋ,True,@getsix10
@ummaone10,숙소가  멋지네요~저도  외국에서 오신분들  접대할 일이 있는데   숙소에  대한 정보가  궁금하네요~,False,
@Jowa,"에어비앤비에도 있긴한데 wehome이 좀더 저렴했네요 <br><a href=""https://www.wehome.me/rooms/2019598"">https://www.wehome.me/rooms/2019598</a><br>수수료 청소비 해서 대략 1박에 21만원 정도나와요 ㅎㅎ",True,@ummaone10
@미랑콩이,가족들 한국여행 잘하고 계시네요 계시는 동안 포근한 가을 날씨 라서 다행이다 싶었어요 영상 기다려집니다,False,
@알박이-f5p,옥상 페인트가 아니라 우레탄방수제인데...,False,
@user-zb2cs3zh7n,편노님 물 들어올 때 노 저어야죠ㅋㅋㅋ 쇼츠도 만들어보세요 ㅋㅋㅋ,False,
@성재패밀리,영상좀 길게 많이 올려주세요. 넘 짧아요.ㅜㅜ,False,
@응구님,날씨 갑자기 추워져서 도이님<br>깜놀할듯,False,
@soulriver9059,도대체 저 집 김치가 얼마나 맛있길래 도이님이 집중공격하시나요? 😅,False,
@Jowa,ㅋㅋ 김치 맛집인거 같아요 진짜,True,@soulriver9059
@hwannyworld,와 다들 먹방해도 되겠는데요. 내일 족발 시켜 먹어야겠습니다ㅋㅋㅋㅋ,False,
@몸부림-b3c,도이의 김치 뜯어먹는 장면보며 침이 절로 고입니다 ㅎ,True,@hwannyworld
@Jowa,츄르릅 김치가 필수네요 ㅋㅋㅋ,True,@hwannyworld
@아자고고-x7r,양아치 처럼 보이냐,False,
@choibk0721,"아 놔... 이 양반들 영등포, 종로3가 왔는데 목동을 안오셨네... ㅠ.ㅠ... 목동 와서  010-눌러눌러-마구눌러 부르면 나 바로 튀 나갔는데... ㅠ.ㅠ",False,
@kimkang3570,처가식구들 제대로된 한국 구경 먹거리 즐겁고 좋은모습만 보고 가시길 바랄께요~~~♡♡,False,
@ac-choijaeik5484,잘 오셨어요 ㅎㅎ,False,
@안형준-p9l,좋아요 일딴 누르고 봅니당 ㅎㅎㅎ,False,
@moonfull5613,필리핀 김치대사 도이! 👍 <br>고기보다 김치를 더 먹은것 같아 도이! ㅋㅋ <br>어무이 러브젤 어디에 쓰셨어요? ㅎㅎ,False,
@Jowa,고기보단 역시 김치죠 ㅋㅋㅋ <br>러브젤은 어디로?,True,@moonfull5613
@ecologym2368,숙소 잘 잡으셨네요~ 3보1사진 하시는 가족분들 귀여우세요ㅋㅋㅋ 보쌈 김치가 매울텐데 도이가 흡입할 줄이야... 맛잘알 도이👍얼마나 많은 영상이 만들어질 지 너무 기대되요. 한국 거리를 걷고 있는 가족들을 봐도 저도 안믿겨요ㅋㅋㅋ,False,
@Jowa,김치 생각보다 안맵고 되게 맛있더라구요 ㅎㅎ 밥이랑 김치만으로도 식사 가능,True,@ecologym2368
@츄워효,먼나라까지 오셧으니 안전하고 건강한 즐거운 여행 되세요~!,False,
@mhkim1982,잘좠습니다~~ 잼있네요 ㅎㅎ 그나저나 잠깐 지나간건데 편노님 손톱이 매우 짧네요~~ㅎㅎ,False,
@Jowa,손톱 길면 불편해서 ㅋㅋ 흰부분 안나오게 항상 유지중이죠,True,@mhkim1982
@hksun1336,편노 지금이 기회다.. 노다지 영상을 뽑을수있는~ 열심히 일하자~ㅎㅎㅎㅎㅎㅎ 10만 곧 축하`!!,False,
@Jowa,영차 영차 편집중,True,@hksun1336
@멍충이-f8r,저것은 김치인가 아니면 셀러드 인가?<br>너무 잘 먹는다. 입 짧은 저는 깨작깨작 먹는  너무 보기 좋아요.ㅋㅋ,False,
@Jowa,ㅋㅋㅋ 외국인들은 샐러드처럼 먹더라구요,True,@멍충이-f8r
@jowkju,도이 방도 따로 있어서 너무 좋습니다,False,
@Jowa,여친이랑 영통 했을듯.. ㅋㅋ,True,@jowkju
@hanasummer5385,재밌어요😊,False,
@허재환-l9o,도이 너무 귀엽네요 ㅋㅋ,False,
@MrEdinbergh,도이 미용실 함 댈꾸 가자요..ㅎ,False,
@funnystory1004,도이씨 김치 먹는 속도로 달려왔더니 왜이리 짧누?,False,
@Jowa,순삭,True,@funnystory1004
@jhlee-s6x,본토 김치맛을 알아버린 도이<br>그것두 가을배추 겉절이를 국수먹듯 해치우네요<br>우리도 이토록 춥지않은 11월은 처음이랍니다<br>흥미진진하게 영상 시청하고 있습니다,False,
@나름..짱-m3f,1일1영상 부탁드려요..🙇🙇🙇,False,
@jowkju,편노 선생님 영상 천천히 올리셔도 되는데 가능한 많이 만들어서 올려주세요 여행 영상. 오케이???,False,
@elle9799,외국친구들 쌈 잘라먹는거 보다 도이님 쌈 싸먹는걸 보니 속이 다 뻥 뚫리는 것 같네요 ㅎㅎㅎ한국에서 맛있는 음식 많이 드시고 즐거운 시간 보내셨으면 좋겠습니다 ❤❤,False,
@Jowa,도이 쌈 싸먹는거 귀엽죠 ㅋㅋㅋㅋ,True,@elle9799
@emmu1932,필리핀에서 오래사셨나봐요 ㅎ<br>서울숲서 공덕가는데 서울을 한바퀴돌아서 가시네 ㅎㅎ,False,
@ralra_la,와 . 여행그만다니세요 ㅋㅋㅋㅋㅋㅋㅋㅋ영상마렵자나요 😂😂😂😂,False,
@caleb4231,도이 왜 이렇게 귀엽나요??,False,
@ganji_danny,이번주에 왔어야 한국의 매서운 가을을 느낄텐데....아쉽네요,False,
@ssangsiot,한국 여행기 꿀잼이야,False,
@프네-u7k,김치를 무슨 샐러드 먹듯이 먹네 ㅋㅋ,False,
@깜빡이-u5s,김치 한번에 많이 억으면 배아플텐데 ㅋ,False,
@호스필드-l7l,"필리핀, 지구 보석 같은 나라, 채한 사람들 아릉ㅅ다운 바다 최곱니다, 알러뷰 필리핀",False,
@퐉이사맨,"우와.숙소 어디서 본것같은느낌이. 그 맛x는녀x들,에서 김x현 개그맨이 여기서 촬영했던것 같아요 ㅎㅎ",False,
@Jowa,오잉 그런가요? ㅎㅎ,True,@퐉이사맨
@DONYY-f7x,영상이 너무짧다ㅠ,False,
@Qkzkcmejjc,ㅎ 잘생기고 귀여운도이  한국자주와요^^,False,
@최현진-j7c,우와 도이 살아있네,False,
@성민석-n1j,영등포역 앞 예수쟁이들좀 엄애라,False,
@byh9136,도이 짱 웃겨 김치를 무슨 파스타처럼 호로록ㅋㅋㅋㅋㅋ,False,
@supercaribe,도이 운동해야겠네 얼굴에 독이 그득그득 찻네 땀을 꾸준히 흘려서 빼줘야댐,False,
@김세진-t9e4i,"도이님의 한국사랑,,✍️<br>알기 위하여 저는  배웁니다.<br>스스로의 믿음과 <br>신념으로 <br>사랑할  대상이 생기면, <br>그 대상에 대하여 <br>알려고 노럭하며,<br>더욱 더  한국을 사랑하게 됩니다,🇰🇷<br>환절기 감기 조심하시고 <br>즐거운 여행 되시고 <br>가족 모든분 건강하세요 🙏",False,
@Martin12350,"아... 도이 저 머리카락 좀 어떻게 해주삼~~ 홍대 묭실 한번 데려가셔요~~<br>종로3가 낮엔 피마골 카페 구경하시고 점심은 뜨끈한 국물이 땡기시면 종로 양대산맥 &quot;종로할머니칼국수&quot;/&quot;찬양집&quot; 두군데 추천합니다.<br>특식을 드시고 싶으시면 경복궁을 보고 삼청동 국무총리 공관옆  &quot;청수정(홍합밥)&quot;도 추천합니다.<br>저녁은 종로3가역 돼지 갈매기 골목안에 갈매기살 드세요. 초입 광주집이 제일 유명합니다.(30년 현지 직장인 퇴근 찐 맛집)<br>그리고 동묘역으로 가면 필리핀으로 가는 한국의류들 집합장소 우까이우까이가 있습니다.<br>동묘역에서 조금만 걸으면 &quot;서울풍물시장&quot;에 가시면 편노님 어린시절 추억을 필리핀 가족에게 전해줄수 있고, 가족들은 한국의 시대별로 발전상을 물건으로 볼 수가 있습니다.",False,
@geronimo_choi,숙소에선 배달문화를 ! 치킨 피자,False,
@geronimo_choi,보쌈김치가 좀 달짝지근하면서 맛이 기똥차죠,False,
@hanak1308,우와 편노님 어떻게 이런곳을 구하셨어요???!!!<br>얼마전 제 지인도 에어비엔비로 연남동에 빌렸었는데 가격은 편노님 빌린것 보다 비싸면서 엄청 엉망이었는데ㅠㅠ<br>우와~~진짜 멋진곳을 ...!!!<br>정말 탁월한 선택이셨네요😊😊😊,False,
@hanak1308,도이님 김치먹방 최고❤❤❤<br>구독자님 감사하네요😊<br>이것이 첫날의 일부이니  영상 아직 많이 많이 남아 있죠?😂😂<br>편노님 화이팅 아자아자🎉,True,@hanak1308
@Jowa,ㅎㅎ 영상 아주 많이 쌓여있습니다~ 빈틈없이 편집해서 올려드릴게요!,True,@hanak1308
@더원-x9v,족발 맛집인데 ㅎㅎㅎㅎ 김치먹방😂😂😂😂😂,False,
@생각안나-c8d,장군족발집  별관 가신듯~~^^,False,
@Jowa,맞아요! ㅎㅎ 바로 앞에 있더라구요.,True,@생각안나-c8d
@솔이맘-v4u,시간이 넘 빨리가요^~^,False,
@GreatWizard66,"이미 집에 돌아가신거쥬? 진짜 마지막에 잘오신듯, 한 주 차이로 지금은 영하로 떨어져버림",False,
@Jowa,날씨 갑자기 겨울됐네요 ㄷㄷ,True,@GreatWizard66
@user-TempleBro,영등포역 매일 출근하는곳인데 이렇게 보니 반갑네요 ㅋㅋㅋ,False,
@geronimo_choi,러브젤 다 챙겨야죠.,False,
@Jowa,도이에게..? ㅋㅋㅋㅋ,True,@geronimo_choi
@geronimo_choi,@@Jowa 아뇨...그....어르신들도....아 참 거시하네요 ㅋㅋㅋㅋ 암튼 필요해요 <b>^^</b>,True,@geronimo_choi
@김동구-b5t,제싸님 어머니 57세 라면 몇년생인가요? 제가 66년생인데 저랑 비슷할것 같아요.😢,False,
@Jowa,67년생이시네요 ㅎㅎ,True,@김동구-b5t
@참치낚시꾼,22분 영상이 10분도 안되는 것 처럼 느껴진 영상<br>다음편 빨리 올려주세요<br>기다리기 현기증나요,False,
@Jowa,시간 순삭 ㅋㅋㅋ 다음 편 빨리 만들어 볼게요,True,@참치낚시꾼
@wangtico,"도이님 찐 맛평 그대로 느껴지네요.<br>김치 흡입하는부분에서 식욕을 저절로 강요당한 느낌!<br>성수족발 집 우명한데 급 족발 땡기네요...ㅎㅎ<br>앞 영상에서 다녀가신 서울숲에서 멀지않은 곳에 있습니다.<br>한국에서의 즐겁고 행복한 여행 온가족이 함께 즐기기를 기원하며 영상 시청 쭈우욱 이어 나가겠습니다.<br>감사합니다.<br><a href=""https://www.google.co.kr/maps/place/%EC%84%B1%EC%88%98%EC%A1%B1%EB%B0%9C/data=!3m1!4b1!4m6!3m5!1s0x357ca4965a69cab1:0x71d043efd2bd3778!8m2!3d37.5460225!4d127.0542142!16s%2Fg%2F1thn3g39?hl=ko&amp;entry=ttu&amp;g_ep=EgoyMDI0MTExMy4xIKXMDSoASAFQAw%3D%3D"">https://www.google.co.kr/maps/place/%EC%84%B1%EC%88%98%EC%A1%B1%EB%B0%9C/data=!3m1!4b1!4m6!3m5!1s0x357ca4965a69cab1:0x71d043efd2bd3778!8m2!3d37.5460225!4d127.0542142!16s%2Fg%2F1thn3g39?hl=ko&amp;entry=ttu&amp;g_ep=EgoyMDI0MTExMy4xIKXMDSoASAFQAw%3D%3D</a>",False,
@10dasom,도이 김치 홀릭이네 ㅋㅋㅋ,False,
@모모-n2k,저만 짧게 느껴지는건 아니엇나보군여 잠도 줄이시고 편집이 우선이라고 봅니다.,False,
@PARK-d3v,갔던데 족발집이네,False,
@balinism-g2x,와 진짜 저런 숙소 어떻게 찾으셨어요?????? 21만원이라니 호텔 방하나 1박 요금도 안되는가격에~~저렇게 깨끗하고 방이 3개라니~~다음에 서울가면 저기서 묵고싶네요~~그나저나 필리핀 가족들 한국에 있는 모습 진짜 신기방기 ㅎㅎ도이는 김치 저렇게 먹고 속은 괜찮았나요? ㅋㅋ 😅,False,
@Jowa,에어비앤비로 찾다가 wehome으로 넘어가서 찾았네요 ㅎㅎㅎ <br>평일이 세금포함 18만원 정도 였던거 같아요!,True,@balinism-g2x
@expert2619,"와 종로3가, 영등포!? 진짜 근처 계셨네  다음 영상도 길게 부탁드려요 ㅎㅎ",False,
@꿈여행-d1s,마부하이 😂~~한국밥은 필리핀과 사뭇 다르죠!<br>한국 밥맛을 제대로 느끼는 방법은<br>삼키지 말고 오래 씹어서 그 단맛을 느껴보세요! 완전 다르고 맛있음을 느낍니다 😅,False,
@Jowa,밥만 먹어도 맛있긴하죠 ㅋㅋ,True,@꿈여행-d1s
@tanbts,도이님 벌크업 하셨어요?^^,False,
@shanite777,쌈 한입에 먹으라고 알려주는게 진짜 맘에 드네요. 외국인들 이것저것 같이 싸서 한입씩 베어 먹는거 보면 체할꺼 같았는데... 쌈과 김밥은 무조건 한입에 드시라고 설명문 붙어있으면 좋겠다는... 여튼 다치지 말고 즐거운 여행 되시길 바랍니다.,False,
@Jowa,ㅎㅎ 다들 한입에 넣기 힘들어하는데 도이는 역쉬,True,@shanite777
@yellowname5814,"편노님 빵갑구요^^<br>오늘 김장하고 보쌈 먹으면서 보는데 족발, 보쌈이 나오네요.",False,
@Jowa,오 타이밍 무엇!,True,@yellowname5814
@우해진-j4d,영등포에 오셨내요😊,False,
@함복덕-h2t,생김치는 많이 먹음 배아파요,False,
@joonhosohn3620,아 또 며칠을 어떻게 기다리죠 ㅋㅋ 장모님 레아띠 머리 완전 이쁘고 음식 포장해달라는거 넘 좋아요👍,False,
@김인근-j3g,도이가 있어서 여행이 즐겁다,False,
@뿅-j6f,새로운 영상 언제뜨나 하루에도 유튭을 몇번씩이나 켰는지요~~~ㅋ<br>그래서 다음영상은 언제 올려주실껀데요?? 매일 기다리다 목 빠지겠어요. 시간이라도 공지 좀 주세요~~~~궁금궁금~~~~~^^,False,
@Jowa,편집 다 되는대로 올리고 있긴 합니다 ㅎㅎ 보통 2~3일에 1편씩 업로드 될꺼에요!!,True,@뿅-j6f
@박주양-s7g,도이한테 마춤방! 아직도 도이는 귀여워 ㅎㅎ,False,
@kkkkkkkka00,매번챙겨보면서 처음 댓글달아봐요^^..<br>즐거운 여행 되셨으면 좋겠어요~!,False,
@aunt8901,도이 숙소가서 갈증 때문에 힘 들었을 것 같아요!,False,
@gotube0,도이 멋지네~~ 이것이 this is korea 먹방~,False,
@prometheus9506,하루한편 내놓으시오 ㅋ,False,
@poulyoung738,옛날 다가구를 리모델링 해서 <br> 돈버네  괜찮아,False,
@Jowa,굿 비지니스!,True,@poulyoung738
@davidyoon4099,어제는 기온이 뚝 떨어져서 걱정스러웠는데 잘 지내셨을지..  한국 늦가을 저녁 느낌 어땠을까요.<br>(편노 편집에 바쁜 모습이 눈에 선하네. 힘 내시고 ㅎㅎ 장인냥반 갑자기 찬바람 쏘이면 몸 불편해질 수 있으니 늘 조심하시길),False,
@Jowa,쉴틈없이 편집하고 있습니다 ㅎㅎ 할일이 산더미네요,True,@davidyoon4099
@포잉포잉-q1z,너무 짧다 😢😢😢,False,
@하늘-o8n,편노님 편집하시라고 고생하셨습니다  좋은 영상 찍어주셔서 정말로 감사합니다 ^~^,False,
@Jowa,ㅎㅎ 감사드립니다!,True,@하늘-o8n
@김호정-m5c,너무. 짧아요.  한국에. 멋은. 한겨울인데. . .  도이. 코에서. 콧물이 줄줄. ㅎㅎ ㅎㅎ😅😅,False,
@이미랑-l5m,너무 재밋네요 ㅎㅎ<br>도이씨 김치 너무 맛잇게 드시네요^^<br>좀 길게 영상 만들어주세요<br>너무 짧아요ㅎㅎ<br>벌써 기다려집니다~~~<br>좋은 추억 많이 만드세요^^,False,
@Jowa,감사합니다! 앞으로 더욱 재밌는 영상 많이 만들게요!,True,@이미랑-l5m
@씨크처리,"그 김치 먹고 싶어서 어쩌노,, 처남 ㅋ<br>구독자님 저보다 한 살 누님이시네요!! ㅋ<br>영상 보시는 모든 분들 올 해 무 탈 하게 마무리 잘 하시고<br>내 년에는 행복과 건강과 재물이 함께 하시길!!",False,
@Jowa,감사합니다 ㅎㅎ 김치 계속 생각날듯,True,@씨크처리
@charlesk9786,도이 김치를 라면먹듯이 먹어버리네요 ㅋㅋㅋ 진정한 김치남입니다 ㅋㅋ,False,
@PSY-h3k,이가족 어서와  한국은 처음이지 프로. 나가도. 될뜻,False,
@Jowa,ㅋㅋㅋ 도이가 씬스틸러,True,@PSY-h3k
@정상만-s3w,머리좀 감고나오지...,False,
@유헐랭,영차 영차 십 만까지 얼마 남지 않았다.,False,
@Jowa,영차 영차,True,@유헐랭
@이민호-f7r5u,즐거운 한국 여행이 되시길 바랍니다.<br>그리고 건강 하시길 바랍니다.,False,
@엘라이사,김치을 그냥 밥먹듯이 먹네요 ㅎㅎ<br>구독자님 복받으실거에요,False,
@Jowa,샐러드 느낌으로 먹네요 ㅋㅋㅋ,True,@엘라이사
@이재호-b9p2p,도이 김치 많이 먹어서 배아플듯,False,
@a.marshall2845,처갓집 식구들이 하나같이 인상이 좋으시다.어머니도 미인이시고 모두들 착하게 생기셨네요.여행 잘하시고 돌아가세요.정말 화목한 가정,False,
@y-s1,요번주부터 추워졌는데 패딩 잘 도착한듯 ~,False,
@righte1196,마늘의 민족인거 바로아네 도이군... 마늘 일정량 안먹어주면 되돌아갈수도 있어서 꼭 먹어줘야함😊,False,
@happy_emily,김치 중에 보쌈김치가 또 맛나져..ㅎㅎ<br>도이가 김치 좀 먹을 줄 아는듯요..숙소도 넘 깔끔하고 잘 정하신 듯 하구요!!<br>즐거운 추억 또 기다리고 있겠습니다..!!,False,
@Jowa,필리핀 사람들이 젤 좋아하는 겉절이 같은 김치죠 ㅎㅎ 맛있었네요,True,@happy_emily
@이경희-l6h,도이  물엄청  마시겠네요,False,
@Jowa,김치갓 도이 ㅋㅋㅋ,True,@이경희-l6h
@SABRINALEEyo,오늘 특히 재밌네요!!!!!,False,
@Jowa,떠날때까지 못잊었다고 하네요 김치맛.. ㅋㅋㅋㅋ,True,@SABRINALEEyo
@SABRINALEEyo,@ 넥스트 타임 ~🩵,True,@SABRINALEEyo
@김종관-i7s,필리핀 가족들 즐거운 여행하세요^_^,False,
@katie_kim,좀 더 길게~~~~~부탁할께요,False,
@쁘잉쁘잉-j1s,영상 잼있어요~ 다음 영상 기다려 집니다~~~~!!^^,False,
@greenlantern9892,아주 핵심적인 장소 중에 하나인 낙원상가 쪽에서 첫 저녁을 했네요. ㅎㅎㅎ 굿 초이스~~~,False,
@Jowa,저기 저녁에 장난 아니더라구요 저런곳이 있을줄이야,True,@greenlantern9892
@greenlantern9892,@@Jowa 종로에 좋은집들이 많죠... 가벼운 주머니로 친구들과 한잔할 수 있는 곳들이... 요즘은 젊은 사람들도 많고 ㅎㅎ,True,@greenlantern9892
@greenlantern9892,"@@Jowa 광장시장 가지 마시고 그 옆에 낙지와 육회골목, 닭한마리 골목, 생선 골목이 이어져요. 닭한마리 는 꼭 갔었어야 하는데 ...",True,@greenlantern9892
@해피랜드-m8e,지하철 타시고 공덕동에서 종로까지 피곤하실텐데 와우~~~!!!<br>족발에 보쌈으로 에너지 보충~~!!❤❤❤<br>도이씨 김치보쌈 먹방 제대로네요~~!!🎉🎉🎉,False,
@GARAMJIIN,하하 도이님 김치와 족발의 조화 제대로 느낀 날이네요. 근데 도이님 젓가락질 잘하네요? 아버님 입고 다니시는 자켓 좋아보이네요? 😂😂😂,False,
@Jowa,도이 젓가락질 많이 늘었네요 ㅋㅋㅋ <br>미남분이 주신 털옷 잘 입고 다녔네요 ㅋㅋㅋㅋ,True,@GARAMJIIN
@주키니-f3u,잘보고 가요  그럼 100 만,False,
@soecoww,1시간씩 안될까요?,False,
@Jowa,ㅋㅋㅋ 편집자 인권도 챙겨주느라,True,@soecoww
@jangwonmoon9869,오늘도 재밌네요.<br>항상 홧팅입니다.<br>도이네 식구들 좋은 추억이 깃드시기를.,False,
@소주한잔-l6p,도이는김치맨😂,False,
@ohjoogweon3029,"식사 대접한 구독자님, 복받으세요!!",False,
@wh00ne72,여성분들 나이에 대해 민감 하실텐데... 이 사람이 날 먹이네. 고기도 먹이고 생각 하셨을듯 😂,True,@ohjoogweon3029
@제니-k3w,우린 편노님 건강보다 편집이 우선이라고 봅니다 🤔,False,
@Jowa,쓰러지기 전에 다 올리겠습니다 ㅋㅋ,True,@제니-k3w
@제니-k3w,@@Jowa 😍,True,@제니-k3w
@wh00ne72,편노님 쓰러지면 영상 못봐요. 😂,True,@제니-k3w
@이서진-h7c,김장해주고싶노 ㅎㅎㅎ억시 잘드시네  ㅋㅋ,False,
@kb-on2zu,뭐가 이리 짧게 느껴지나 ㅜㅠ 편노는 더 열심히 일해요 자지말고,False,
@미모사-h8o,영상 시간을 늘려주세요!ㅋㅋㅋ,True,@kb-on2zu
@changwoolee1808,@@미모사-h8o 영상이 길면 좋겠지먄 편집 시간이 더 길어 지겠죠^^,True,@kb-on2zu
@kb-on2zu,​@@changwoolee1808편집없이 자막만 달아서 풀영상으로ㅋㅋ,True,@kb-on2zu
@wh00ne72,​@@kb-on2zu차후에 풀영상으로 올리면 되죠. 😂,True,@kb-on2zu
@a-bomal-in-water,김치를 면 먹듯이 먹네요 ㅋ 도이 ^^,False,
@고독한그늘,도이 필리핀에서는 지하던전에서 자더니 <br>한국와서 위층에서 자네 ㅎㅎ<br>한국 소매치기 사업은 현금을 안쓰기때문에 사양사업이 되버려서 <br>외국으로 출장간다는 말을 들었어요,False,
@Jowa,그러네요 카드밖에 없으니.. 외국인 아닌이상 현금은 거의 없을듯하네요 ㅎㅎ,True,@고독한그늘
@Iliiilllllllilii,매일 가는 공덕역 10번출구에서 왜 마주치질 못햇을까요... 선물 챙겨다녀야겟네요 언제볼지 모르니까!!,False,
@maroocci,도이 잘먹는거 너무 좋다❤❤❤,False,
@user-baebae87,너무 재밌쟈나~~~~~~~~,False,
@GHO784,😊😊😊present❤️❤️❤️👍👍👍,False,
@carpediem5711,어흐~ 너무 짧아요 <br>좀 더 길게 길게~~~<br>서울여행 너무나 기다렷어요<br>너무나 반가운 가족들~ 대 환영이예요 ^^,False,
@김오니-t5b,"21분 53초 소중해,,,딱 침대에 누워서 집중해서 ㅠㅠㅠㅠ봐야하는 조와티비🥹🥹💗",False,
@originlife7939,도이가 김치를 힘들게 먹네요. 가위로 잘라 먹게 하시지;;,False,
@user-pz3cs1dl1f,마할키타 필리핀 🇵🇭 사랑해 대한민국 🇰🇷,False,
@UlsanTravelService,"아직 한국도착하고 하루도 안지난거면..앞으로 영상이 얼마나 많을지ㅋㅋ기대됩니다<a href=""UCkV-bcB8uGY7u2Gl4yiMKsQ/vLzNYdW3C6Sn8gSX9p9Q""></a><a href=""UCkV-bcB8uGY7u2Gl4yiMKsQ/sM7NYbjaFKSn8gSX9p9Q""></a><a href=""UCkV-bcB8uGY7u2Gl4yiMKsQ/sM7NYaPiFKSn8gSX9p9Q""></a>",False,
@prometheus9506,그러고보니 하루도 안지났네요 ㅎ,True,@UlsanTravelService
@Jowa,ㅋㅋㅋ 정말 쉴틈없이 촬영했습니다. 순간포착!,True,@UlsanTravelService
@Marunare,ㅎㅎㅎ그러게요^^b,True,@UlsanTravelService
@starwin1009,행복바이러스네요.<br><br>부모님도 아직 한창 때인데......  당연 챙겨가야죠..<br>그걸 자꾸 무안하게시리 말이죠 ㅎㅎ;;;,False,
@mins1114,"<a href=""https://www.youtube.com/watch?v=wJntHH3GLo4&amp;t=951"">15:51</a> 숨막히는 어색함 시작~ㅋㅋㅋㅋㅋㅋㅋㅋㅋㅋㅋㅋㅋㅋㅋㅋㅋㅋㅋㅋ<br>아버님 이름을 이제서야 알았음...ㅎㅎ<br><br><a href=""https://www.youtube.com/watch?v=wJntHH3GLo4&amp;t=1158"">19:18</a> 도이ㅋㅋㅋㅋㅋㅋㅋ김치 저렇게 먹고 담날 고생할거같은 예감...ㅋㅋㅋㅋㅋㅋㅋㅋㅋㅋㅋㅋㅋ",False,
@Jowa,엄청난 음식들로 단련된 도이라 멀쩡했네요 ㅋㅋㅋㅋ,True,@mins1114
@mins1114,@@Jowa 다행이네요~ㅋㅋ 근데...20분이 이렇게 짧을수가 있나요?????,True,@mins1114
@eastsea1046,다음 영상은 어떻게 기다리나.... 목이 쭈~~~우욱.피곤하시겠지만 필리핀에서 조금 만 더 힘 내주세요^^,False,
@D-o-p-la,도이  김치 먹방👍<br>한번에 많이먹음 속쓰릴건데요<br>가족 모두 오셨어 너무 보기좋아요,False,
@안혜련-m3o,아…..짧아요……..ㅎㅎ,False,
@forj1850,도이님 김치먹방 잘봤어요~ 신길역 저희 동네 오셨다 스쳐 가셨네요 ㅋ <br>매운짬뽕 유명한 곳인대 매운것 못드시니 패쓰~ 다음편 기대할께요~,False,
@Jowa,ㅋㅋ 일반 짬뽕도 매운데 그거 먹음 응급실 갈듯 하네요 궁금한 맛,True,@forj1850
@말광랼이삐삐,도이 유머가 아버지 닮아서네 ㅋㅋㅋㅋㅋ,False,
@조경원-k5b,두사람 안경 ..,False,
@김상수-x2c8o,도이님이 신분상승했네요 지하골방서 2층 방으로 ㅋㅋ,False,
@Jowa,ㅋㅋ 초고속 승진,True,@김상수-x2c8o
@TheBuskerBusker,꺅,False,
@Jowa,김치 꺆,True,@TheBuskerBusker
@hongkimoon9908,김치캐스퍼 도잉.?^^,False,
@킴로얄-b4f,몇일을 기다리고....영상은 20분...흑흑 ㅠㅠ,False,
@장상한-e3b,환영합니다   ❤❤❤❤❤,False,
@七堂,오늘도 방가워요 ^^<br>필리핀 에서 유명한 도이가 한국 서울 거리를 걸어 다니는 것이 신기할 정도로 방갑네요 ㅎㅎ<br>보쌈 김치 맛에 매료된 도이가 너무 좋아요 ^^,False,
@진동송이,ㅎㅎ 김치 엄청 잘먹네요.,False,
@Jowa,ㅋㅋㅋ 김치 너무 좋아하더라구요,True,@진동송이
@멋진인생-d9d,도이님이 한국의맛을 제대로 보고가내요,False,
@바람바람-j9j,오늘은 족발을 먹어야 하나.... 영상보니 급 땡기네요 ㅎㅎ     좋은추억 많이 만드세요...^^,False,
@최만조-n8k,도이는 김치값 따로 내어야겠다,False,
@younglee1025,영상 너무 재미있게 보고있어요.,False,
@Jae9476,김치귀신 도이님 <br>진짜 올해11월 역대급 따뜻한 날씨 예전에는 수능때 한파였는데  좋은 날씨에  <br>오신것 같아요 ❤,False,
@슈가맘,와우 열일하시니 좋네요👍👍,False,
@Jowa,맞아요 ㅎㅎ 쉴 틈 없이 바빴어요.,True,@슈가맘
@GreatWizard66,이거보면서 마지막에 나도모르게 족발을 시켜버린 wwwwwwwww,False,
@Jowa,족발 야르~,True,@GreatWizard66
@김쉰이,이제 좀 제대로 일하시네<br>당신은 네음은 편노 입니다<br>빠른편집 부탁합니다<br>핵인싸 갓도이,False,
@kk_yj,저도 영상을 보고있으면서도<br>한국에 다같이 있다는게<br>실감이 안납니다 ㅎㅎㅎ<br>도이의 김치사랑은 진짜 ㅎㅎ<br>김장해주고싶네요ㅎㅎ<br>(외가댁에 다 모여서 <br>김장 400포기하는 집이라는 ㅋㅋㅋ)<br>다음영상이 기다려집니다❤,False,
@하루를마무리하는식사,도이가  맛있다고하면  진짜  맛있는건데,False,
@Jowa,김치 진짜 맛집 ㅎㅎ,True,@하루를마무리하는식사
@wonuk,저번에 숙소 도착했을 때 공덕역인가 했는데 ㅎ 정말이였네요 누나집 갈때 늘 가는 길이라 느낌이 익숙하더니 ㅎㅎ옆에 경의선 숲길 따라 홍대 걸어가도 좋은데요,False,
@Jowa,공덕 좋더라구요 ㅋㅋ 이동이 넘 편했네요,True,@wonuk
@JamesBond-nk9zc,선댓글후시청!!👋🇰🇷🇵🇭👏🙌👌🥰,False,
@Jowa,역시 선댓글 👍,True,@JamesBond-nk9zc
@BK_BLog,와~ 도이님 김치먹방에... 군침이 질질 ㅋㅋㅋ<br><br>영상도 언능언능 쉴틈없이 올려주세요 ㅎㅎ<br>오늘도 영상 잘봤습니드아~!!!!,False,
@Jowa,감사합니다! 쉴틈없이 편집해서 곧 업로드 할게요 ㅎㅎ,True,@BK_BLog
@앙부르드,영상이 너무 짧아서 현기증 난단말이에요~~~~ 아앙~~~~~` 길게 해주때요~~~~,False,
@robertseo7264,도이가 김치귀신이네,False,
@rainbow.1927,보쌈김치가<br>달달하면서 맛나죠🎉🎉🎉,False,
@suubin_3,"ㅋㅋㅋㅋㅋㅋㅋ <a href=""https://www.youtube.com/watch?v=wJntHH3GLo4&amp;t=1233"">20:33</a> 김치 먹는거 보니까 저도 먹고싶어져요 ㅠㅠㅠ 다음영상 기다리고 있을게요!!",False,
@Jowa,김치 진짜 맛있어요 ㅎㅎ,True,@suubin_3
@양승귀-t7m,837 좋아요~^^,False,
@kdh5183,도이 보쌈 김치맛 못잊겠다 ㅋ,False,
@오기이모-y9x,페인트  보다는 방수 코팅을 해 버리는게 더 좋죠,False,
@jbsuh1059,"숙소가 호텔급 이네요. <br>사는 아파트<br>보다 좋음 말만 ㄱ ㅏㅇ<br>남이지,ㅎㅎ가이드하느냐고<br>힘드셧겠음.동시통역사",False,
@Jowa,리모델링 해놔서 좋더라구요 ㅋㅋ,True,@jbsuh1059
@jacksonmichael9902,도이 러브젤에 너무 좋아하네..ㅋㅋㅋㅋㅋㅋㅋ,False,
@Jowa,므흣,True,@jacksonmichael9902
@jaeyeongsfafa6861,도이 부산의 만덕역이나 배산역  가면 놀라겠는덕요!,False,
@좋은만남-v7f,필리핀 태풍 또 온다고 뉴스나옴.<br>피해가 많이 없기를.....🙏,False,
@벅규범,10만 가즈아 😊,False,
@Jowa,감사합니다! ㅎㅎ 그렇게 되면 좋겠네요,True,@벅규범
@miechol6310,ㅋㅋ 처남반응이 리액션^^;;진짜 재밌네요😊😊😊😊처남맛집인정❤,False,
@Jowa,처남 덕분에 웃음꽃 피었네요 ㅋㅋㅋ,True,@miechol6310
@허허그놈참,한국 음식 잘 잡수시는거 같아서 다행입니다~ㅎ 내가 대접해 드리는 것도 아니면서 괜한 걱정을....ㅎ<br>의외로 도이가 김치를 저렇게 잘먹는 것에 끄암짝 놀랬고요..ㅎ <br>남은 시간 진짜 좋은거 많이 보고 맛있는거 많이 먹었으면 좋겠습니다~ㅎ 편노님 화이팅~ㅎ,False,
@Jowa,저도 도이 김치 먹는 거 보고 놀랐어요 ㅋㅋㅋ,True,@허허그놈참
@barmdowa,보쌈 김치라 조금 달달하니 맛이 좋죠 ㅎㅎ,True,@허허그놈참
@김대식-i7o,잘 보고 있어요^^           방문을  환영 합니다^^,False,
@zenganddaeng5532,진짜 한국의 밤거리가 신기하죠~,False,
@allenyoo57,제샤씨가 길을 더 잘 찾는거 같아요..ㅎㅎ 길눈이 밝은가봐요,False,
@Jowa,네이버맵 고수네요 ㅋㅋ,True,@allenyoo57
@yeonjung8144,아! 신기해요 영등포 역이면 저랑 한 10km 정도 떨어져 있어요,False,
@Jowa,멀지 않네요 ㅎㅎ,True,@yeonjung8144
@yeonjung8144,@@Jowa 언젠가는 꼭 한번 만나뵙기를 희망하지만 제가 극I 쉽지는 않을듯 합니다.!! 늘 응원 합니다.,True,@yeonjung8144
@cdghhf7fzs6,🌻🌻,False,
@Jowa,감사합니다 ㅎㅎ,True,@cdghhf7fzs6
@suubin_3,기다리고 있었어요!!!!!!!!!!,False,
@Jowa,오늘은 빨리 올렸습니다!,True,@suubin_3
@j.chwang3267,조와tv 기다렸으면 개추!!,False,
@김주은-y3p,911  구독자~~~!!! 🚑 🚑 🚑 <br>여러분 조금더 힘 내서 10만~~ <br>가보십더~~~~~~😅,False,
@Jowa,영차영차!,True,@김주은-y3p
@김주은-y3p,@Jowa  어기여차 뱃놀이 가잔다~ 🎵 🎶 <br>배를 띄워라 배를 띄워라~~ ⛵️ ⛵️ ⛵️ <br>10만 만선의 배를 띄워라~~~ 🎵 🎶 <br>영차 영차~~~~~ 😂 😆,True,@김주은-y3p
@nhk1170,편노여.. 하루 지내는 영상 5편 곱하기 7일은 35편.. 일일연속극으로 .. 일요일은 쉬세여.. 10만..❤,False,
@김주은-y3p,10만~~~~~!!,True,@nhk1170
@Jowa,ㄷㄷ,True,@nhk1170
@wedding-singer,ㄷㄷㄷㄷ😂,True,@nhk1170
@chulschuls8282,@@Jowa 형 떨고 있으실 때가 아니라 편집!,True,@nhk1170
@Jason-dn5re,숙소가 연남동이시네요 ㅎㅎ 바로 종삼 낙원동 장군족발 가시고...(제가 잘 아는 동네를 가셔서 ㅎㅎ),False,
@Jowa,족발집 아시는군요 ㅎㅎ 김치가 엄청 맛있네요,True,@Jason-dn5re
@Jason-dn5re,@@Jowa 낙원상가에서 오래 근무해서 잘 가던집입니다..<br>30년 넘은 단골이고 전에 저희 매장에서 근무하던 직원의 고모가 사장님입니다. ㅎㅎ,True,@Jason-dn5re
@구궁-k3e,1일 1영상 30분!!!!!!!!,False,
@charliekim-ic3ns,"좋아요 먼저 누르고 볼께요, 감사합니다.~",False,
@kimandy5176,🥰,False,
@bbibbigood,1등,False,
@backdm,헐다들 빠르시네,False,
@GUNSANKING,맛있는 음식과 좋은 곳 많이 구경하시고 모두 건강하게 돌아가세요❤❤,False,
@양승귀-x1n,62 좋아요 꾸~욱 누르고 편안히 잘 쉬어갑니다~^^,False,
@쉬는시간-r3r,❤,False,
@이지형-q6p,퇴근길에볼라고아끼고있음,False,
@Jowa,어서 칼퇴하세요!,True,@이지형-q6p
@무야호-rubi,와아아아 역시 👍 😎 무야호 😊,False,
@Jowa,저도 무야호! ㅋㅋㅋ,True,@무야호-rubi
@메리야스-v6r,일번으로 시청이요,False,
@Jowa,감사합니다! ㅎㅎ,True,@메리야스-v6r
@eve0430,와우~~~~ 1빠,False,
@Jowa,댓글 3등!! ㅎㅎ,True,@eve0430
@fatboy2147,1,False,
@Jowa,2등! ㅎㅎ,True,@fatboy2147
@pineapplepizza5700,1등?,False,
@Jowa,1등!!!!,True,@pineapplepizza5700
