author,comment,is_reply,reply_to
@bg1eme9rald,태웅이가 정 ㅡㅡ말 진국이야 !!!! 좋아하지 않을수가 없다 .난 기안이 왕팬이지만 태웅이가 정 ㅡㅡ말 이쁘다 !!!!! 하고 싶은 거 다 하고 살기를 열렬히 응원한다  태웅아 🎉🎉🎉🎉🎉🎉,False,
@is___96,쌀이 귀한거고 다른 사람 대접할거면 레시피대로 만드는게 맞지않을까요 기안님 ㅎㅎ,False,
@JunYoungNam-n9v,기안84 태응 시언님 모두 고생하셨네요<br>영상 너무 잼나게 잼나게 잘 보았습니다<br>내년에는 무슨농사 지을것인지 궁금하네요<br>재미있는 영상 많이 만들어주세요<br>구독 좋아요 알림설정 까지 다이렉트로 할께요,False,
@정윤희-g2z,이시언배우님이  감초역을 잘해서 정말 조화로와요  기안84  태웅이 이시언배우님 너무 굿 초이스👍,False,
@onleharu,쌀이 좋으면 맨밥만 먹어도 꿀맛이쥬❤,False,
@배덕진-v4p,화이팅 😀😃,False,
@그대로-w8w,나도 막걸리 마시고싶다.,False,
@gospel3658,"&quot;그런즉 내가 이것을 말하노니 곧 성령 안에서 걸으라. 그러면 너희가 육신의 정욕을 이루지 아니하리라.<br>육신은 성령을 대적하여 욕심을 부리고 성령은 육신을 대적하나니, 이 둘이 서로 반대가 되므로 너희가 원하는 것들을 너희가 할 수 없느니라.<br>그러나 너희가 성령의 인도를 받으면 율법 아래 있지 아니하니라. <br>(갈라디아서 <a href=""https://www.youtube.com/watch?v=wkeTt1b-e4c&amp;t=316"">5:16</a>-18)<br><br>&#39;&#39;너희가 마귀의 간계들을 대적하여 설 수 있도록 [하나님]의 전신갑주를 입으라.   (에베소서 <a href=""https://www.youtube.com/watch?v=wkeTt1b-e4c&amp;t=371"">6:11</a>)",False,
@현순노-f6m,기안님 나오셔서 계속 보게되네요 솔직한 모습으로 가식적이지 않은 행동들에 항상 고마움을 느낍니다 언제나 응원합니다,False,
@Extary2,"<a href=""https://www.youtube.com/watch?v=wkeTt1b-e4c&amp;t=545"">9:05</a> 기안아 ㅠ 그새 또 오버했구나. 상처받지마라",False,
@user-rv4em1vz7j,자급자족 ㅠㅠ 와우 🥰,False,
@최경애-f8m,시언씨 기안84한테 생각하지마 할때 정말 이해가 가네요.,False,
@최영숙-x1b,고생하셨습니다.😂,False,
@kas-r6v,기안은 제빵하면 저 마음대로하는건 고쳐먹겠는데 조금 다르게 하면 바로 망하는걸 경험해봐야,False,
@강병석-w7y,농협홍보는계속되어야한다,False,
@hotkoreankitchen8877,순수하고건강한 사람들의 조합이네요. 밥이 정말 맛있겠어요. 1년동안 고생하셨어요. :),False,
@나주연-j8c,뉴욕 마라톤도 완주하고 막걸리도 담고 바쁜 기안❤ 시언형이랑 친해서 보기좋네요,False,
@임순례-z5u,밥이 진짜 맛있겠다 1년 동안 수고했어요,False,
@sunbell1124,내년에도 하는건가요?,False,
@하트어린이,최고,False,
@minheeson6311,너무 멋진 기획과 캐스팅과 연출 😊<br>일년간 같이 꾸려온 느낌이에요.<br>마을잔치도 기대됩니다.,False,
@드리미-l2h,1년 동안 즐겁고 행복했어요. 영상을 통해 농사 짓는 게 얼마나 힘들지만 보람있는 일임을 느꼈으니까요. 다들 수고 많았고 응원할게요!,False,
@해피한-b6l,추수하는 시간들을 만든 영상이 결실을 맺었네요.,False,
@abdhegfpqmdliwe,무한도전 ~ ㅋㅋㅋ,False,
@행복드림-i2q,시언 명언 : 기안아 생각하지마. ㅋㅋ,False,
@Leesk8573,농사지어 지은쌀밥에 뭇국 ❤❤오지다 오져 농부왕 흥하고 흥해라🎉🎉🎉🎉🎉🎉,False,
@김연순-x4m,제가 다 뿌듯하네요~~^^,False,
@bychoi4156,와~~~<br>맛있겠다~~~ㅇ😊,False,
@이영희-f7f4r,좋아요 사랑해요❤❤❤,False,
@오마-w7g,웅아 복무 잘하고 빠잉~ 나중에봐~,False,
@김미샤,대박❤,False,
@목근호-g6m,밥은 씹을스록 달달한것같아요❤,False,
@조넥,인급동 축하드려요 이 시리즈는 예술입니다 ㄹㅇ,False,
@April-rf7tu,어젯밤 기안님 러닝하는거 보고 눈물이 살짝 났어요. 노력하는 삶 !  멋져요.😊 유툽도 열심히 보며 응원중이예요.❤,False,
@여잠분,뜻깊은 날이네요.. 늘 응원합니다,False,
@적응중인소년,다음주도 기대하겠습니다.,False,
@박진애-k1h,농사과정부터 수확까지 한눈에 쉽게<br>알수 있었어요<br>쌀 한톨도 안남기고 먹으려하는 날 보았구요<br>막걸리 담는 과정이  참 쉽네요<br><br>기안님  ㅋㅋ<br>  룰을   참 싫어하셔서 <br>그  모습마져 재밌게봤구<br>어떤 막걸리로 탄생될지 기대됩니다,False,
@답장-w9c,막걸리 궁금하다ㅋㅋ공중파 예능은 이런 거를 못 만드네 진짜 이거 기획한 사람 상줘라,False,
@sungmiLee-rd1ff,밥맛있겠다,False,
@송선미-d3p,몸으로 땀으로  그래서 진정성이 느껴지네요,False,
@김점진-x3c,항아리에 담아서 놓으세요,False,
@김점진-x3c,밥은 식혜 만들면 되요,False,
@노란우산-k3w,곧 김장도 하자요 ㅋ 흰밥에 김치 올려 먹고 싶당😆,False,
@miranlee7246,올 한해도 세분 수고 했어요<br>연말 시상에서 다시 봤으면 좋겠네요,False,
@아리아-u3u,처음부터 구독했는데 보는 저도 뿌듯합니다,False,
@짜연스럽게-e9u,시언님 말빨 정말 쥑인다 기안아 생각하지마 난 니가 생각할때가 젤 무서워 ㅋㅋㅋㅋㅋㅋㅋㅋㅋㅋ,False,
@brandy2062,내년에도 해주세요~,False,
@장진영-o8d,기안 막걸리 싱겁다에 한 표,False,
@feelgood5422,토끼 식용아니구요? ..,False,
@Sjme1028,진짜 무공해 프로그램이에요 😊 너무 좋아요,False,
@park.605,기안84님  정말 수고했어요,False,
@이지연-x1n2c,기안이는 딴짓못하게<br>생각못하게 ㅋ 꼭 시언이랑 붙여놓아야 겠네,False,
@사천반디,"기안84님❤❤❤❤❤<br>고생하셨어요,농사짓느라고<br>최고예요🎉🎉🎉🎉🎉",False,
@이지연-x1n2c,아 흰쌀밥 먹고싶다,False,
@열공개미,시언님이 나오시면서 더 풍성해졌어요 시언님은 기안님의 중심이었네요 시즌2도 이 조합으로 합시다!!,False,
@워뇽-v2b,태웅군 영농후계자 대체복무 들어가서 이제 유튜브 못한다는데 병행하게 못하나...,False,
@김태균-q3d7n,배고프셨죠?천천히 드세요...에구 배고팠지 천천히먹어,False,
@dudgns0145,농부왕도 하고 어부왕도 하고 시리즈로 다하면 좋겠다,False,
@블루하늘-h9b,곧 끝날 것 같아 조마조마해요 <br>넘 재밌으니까 ㅎ,False,
@misukan1800,햅쌀 도정하고 바로 먹으면 진짜 맛있어요~~기안84 한해동안 수고하셨어요~ 멋져요~~,False,
@micchan922,❤🎉❤🎉❤🎉❤,False,
@이지훈-x3s1t,"너무너무 좋아하는 영상 중 하나입니다 !! 맛있게 식사하시는 모습까지 보니 ,, 제가 다 뿌듯하고 마음이 따뜻해졌어요 이런 컨텐츠 좋은 거 같아요 !! 좋은 영상 감사드립니다 😂😂❤",False,
@하늘별빛-c1w,감독 특별판으로 티비엔 같은데서 보고싶네요,False,
@heeyoungjoung3393,기안*84*~~~~~~❤,False,
@seunglee8763,우리에게 주어진 모든것들이 쉽게 얻어 진것이 없다는 사실을 새롭게 알게 되였습니다,False,
@최승원-i4l,막걸리 터질 거 같은데 ㅋㅋㅋ,False,
@TravelUsWithJeff,식용유가 밍밍함을 어떻게 잡았을까요?? ㅎㅎ,False,
@kyulane2572,Best 😊 beautiful   good   job  Klan84  🎉👏👏👍🤠🤗,False,
@알로알로-t5x,../태웅아 아무래도 너24초때인것같다:저 멀쩡햇는데 형이만든 국때문에아니고요?/&#39;얘 마을입구에서,False,
@momoyaho7886,시언님과 기안님은 성격이 극과극인데  희한하게  조화로와 ㅋ,False,
@지니지니-d3w,이프로 진짜 상받아야한다,False,
@낭만리사,태웅이 어른 되고<br>결혼하고 애 낳고<br>중년 되고<br>할아버지 될 때 까지<br>보여주시오<br>ㅌㅐ웅이는 이미 국민동생이요!!😅😅😅,False,
@joe-hw3un,좋은 영상 ...😊,False,
@김은경-d2e,1년내 힘들게 농사지어 맛난밥까지--대단들하시네요^^기언84님!!못하시는게 뭔가요? 무엇이든지 열심인 세분께 박수보냅니다 늘 건강하시고 행복하세요^^,False,
@바람-s9u,"너무 좋다, 이런 영상, 따뜻해 미치겠어유❤❤❤",False,
@rainrainrivers,기안은 진짜 ㅋㅋ 지난날을 통한 교훈따윈 개나 줘버리는 굳은 심지..,False,
@maheshpriya798,아..침이 배고푸다,False,
@이시원-q5m,농협 컨텐츠 농부왕 기안84 기획한 사람 누군지 거의 넷플릭스 리얼다큐예능 수준 고퀄인듯.. 세계인을 타겟으로 팔아도 될 감동의 컨텐츠입니다,False,
@BKim-jw8mt,시언햄 여태 입은 옷 다 이쁘네 ㅋㅋ 다 따라 사야지,False,
@Jauwbzkaoqy,기안84 영상보면 맘이 몽글몽글 따끈따끈 훈훈해짐~~언제나 어디서나 동물사랑❤ 기안84 맘 진짜 착해~~~~~~~나혼자산다에서도 김대호 친척형집에 갔을때 목줄에 묶여있는 개보고 바로 줄잡고 뛰어댕겨주는 세심함 따숩다~~~♡♡♡,False,
@asonewishes,최고의 영상입니다😊,False,
@goodbyedpi,백종원 김찌 레시피에도 식용유 넣으라고 함 ㅎㅎ,False,
@또이찌모테서-f5e,기안은 정말 나같다 모든 행동과말이. 그래서 남같지않다 <br> 현실에서 나같은 사람찾기힘든데..,False,
@koreahello7107,쌀이 빛이 나네 정말 좋은 쌀이네,False,
@마일리지-i3s,20키로 구매해서 먹고 있는데  아주 밥이<br>맛있답니다,True,@koreahello7107
@또이찌모테서-f5e,"흰쌀밥에,겉절이,계란후라이<br>이조합은 미쳤죠 군침돈다~;;",False,
@한영수-t4t,맨밥에 간장만 있어도 맛있어요.😊😊😊,False,
@koreahello7107,기안과 너무 어울려 순수하고 자연적인 것,False,
@뚱냥양군쒸,하~~~기안..생각할까봐 조마조마^^,False,
@luvy2kr,너무 좋은 조합 컨텐츠,False,
@jamjamgood2687,생각하지마 ㅋ,False,
@ranyeongj2262,기안84님<br>시언님<br>태웅님<br>영상으로 1년동안 같이 농사지은<br>기분이라 마음이 벅차고  흐뭇합니다.<br>고생하셨고 너무 귀하고 소중한 <br>일하셨어요👏👍,False,
@bcj-b3b,아 기안 맘대로 하는거야 상관없는데 태웅이꺼에 굳이..... 남의 노력에 대한 생각은 좀하자...,False,
@G-POR-jc4oh,가수 초대는 트로트 가수. 중 오시면은 대박이네요. 아파트 불러 주시면은 대박이네요 ㅎ😊,False,
@일편단심민들레-c7o,청년농부 태웅님도 응원해요,False,
@정미최-t2m,기안84님 넘 좋아요 ❤❤❤,False,
@일편단심민들레-c7o,기안84님 언제 어디서나 응원해요,False,
@유정순-z7g,기안은. 사랑입니다~~❤❤❤,False,
@jitan109685,개인채널은 안돼도   여긴 되지않나 <br>태웅  기안84  계속 ~~~~~~~~,False,
@jins_table_,와 이거 기획자 상줘야함.. 어느프로그램보다 잘만들었음~ 영상이 넘 따뜻하고 재밌어요❤,False,
@김서은-k1l,맞아요 ㅎㅎㅎ 그리고 왠지 기안님이랑 어울리는 프로그램 컬러라고 해야하나... 왠지 힐링되네요(윤하콘서트인천대구부산에서곧해요,True,@jins_table_
@user-rv4em1vz7j,농부왕 같은거나 방송에서 만드세요 제발~,True,@jins_table_
@범쓰-g4y,고추가루 150그람이라구요 ??? 말도안되,False,
@김진숙-p1x,토끼들 먹는거  넘 귀여워요 ~~^,False,
@김선주-q4z6w,기안씌 기안씌~~~~!!!! 끊임 없는 뇌피셜에 나도 모르게 한숨이 나오네요~~~!! ㅋㅋㅋㅋㅋㅋㅋㅋ,False,
@김진숙-p1x,굿굿 겉절이 맛있는거 ~~^,False,
@시나위-e6k,인류에 미래가 먹거리에 달렸다는데 ᆢ어린 소년 에서 청년 농부 로 ᆢ그동안 흘린 땀 눈물 노력에 박수를  드립니다 ᆢ세사람 수고하셨습니다 ᆢ,False,
@Wynter-fx9bx,슬슬 끝나가는것같아서 아쉽네요~ 오늘도 잘 봤습니다! 😍,False,
@니캉내캉-v9f,농부왕기안84끝나면 이채널은 없어지는가요?안돼~~,False,
@니캉내캉-v9f,아!밥!! 감격스러울것같아요,False,
@일단움직여,햅쌀에 금방도정까지한 쌀밥 정말 맛있어요!!,False,
@드금,농협 캐스팅 신의 한수엿다 태웅+기안 시언 조합미쳑,False,
@이명자-h2h,발효되면 넘치는데...<br>기안님것은 우째 불안하다. <br>담주  기대 됩니다. <br>잔치도 기대되고.,False,
@BakedinBcd,English subs please,False,
@AM1_gundam,좋다 너무 좋다,False,
@poovypower,이거 보면서 1년이 갔네요...1년... 빠르다 정말 모내기부터 밥 지어 먹는것까지 보게 될줄이야,False,
@Dog_watcher,농협에서 좋은 기획을 알맞은 출연진으로 잡은 것 같아요<br>기안84 모시고 다음엔 수협이 콜라보해서<br>수온에따라 바뀌고 있는 해양생태와 물량이 많아 냉동시킴애도 불구하고 유통업자의 횡포에 어업인들과 소비자만 울세되는 아리까리한 상황도 보고되었으면 좋겠네요,False,
@일박이-z8z,막걸리 만들면서 고집84 ㅋ 레시피에 대한 불신84 ㅋㅋ,False,
@꼬깔-k1i,기안.. 토끼보고 귀여워하는 모습이 귀엽네ㅋㅋㅋㅋㅋ 동물과 생물을 아끼는모습이 보여서 사람이 참좋아보임.. 이모습 변치말고 행복하세요🩷☺️☺️☺️,False,
@도엔지랜드,기안을 사랑하는 이유<br>👏🏻👏🏻👏🏻👏🏻,True,@꼬깔-k1i
@Leesk8573,기안~ 참^~~~~~~맘 따듯한 사람 토끼귀여워 한참 웃는모습  넘 사랑스럽❤❤❤❤,True,@꼬깔-k1i
@이랑이댕,시언님 보러 왔어요^^   기안님도 태웅님도   영상 잘봤어요~~~^,False,
@유인숙-w6n,덕분에  웃지요~!!<br>멋진 세분 고맙습니다~!!,False,
@아치양-r3t,우리 히민이 항상 어린이 같은 마음 변치 말아야 한다.,False,
@어쩌란말인고,요알못 태웅 ㅋ<br>계란후라이 세개한번에 함되는데 큰팬에 후라이하나씩😂😂😂<br>농사밖에 몰라😅,False,
@여승환-u2z,보여주기가 아닌 느껴지는 영상 감사합니다,False,
@manmandi45,농림식품부에서 상좀줘야겠어요. 이런 멋진 드라마같은 스토리 ^^❤^^,False,
@도엔지랜드,완전공감 ❤️❤️,True,@manmandi45
@2flowerdong,드디어 올라왔네 기다렸어요😂,False,
@khj9179,❤❤❤,False,
@momsiwon,"기안84 이번에 태웅씨랑 시언배우랑 벼농사 과정 너무 잘 봤어요. 태세계랑은 다르게 잔잔한 감동과 재미, 더 일반인들과 공감대가 생겼다고 해야하나...너무 좋은 아이디어였다고 생각합니다.",False,
@도엔지랜드,기안만 따라다니는 나<br>❤❤❤❤❤<br>스토커 아님<br>😂😂😂😂😂,False,
@사천반디,저두요<br>기안84님의 모든프로는 힐링입니다❤,True,@도엔지랜드
@도엔지랜드,기안❤❤❤<br>나를 행복하게 만드는<br>연예인 😊😊😊<br>너무 존경하고 <br>사랑할수밖에 없다<br>💕💕💕💕💕,False,
@h.y5913,❤ 너무 공감 해요^^😊,True,@도엔지랜드
@도엔지랜드,@h.y5913  <br>저도 다시한번 <br>공감합니다 😊😊😊,True,@도엔지랜드
@사천반디,"저도 완전,완전 공감합니다❤",True,@도엔지랜드
@도엔지랜드,기안❤❤❤<br>오늘 나혼산 마라톤 <br>본방사수 할게요 <br>🖕🖕🖕🖕<br>다음에는 기안이쎄요 <br>대상은 무조건 <br>기안이쥐 <br>🏆🏆🏆🏆<br>🙏🏻🙏🏻🙏🏻🙏🏻,False,
@사천반디,뉴욕마라톤 완주를 추카추카 <br>기안84님❤❤❤❤❤❤❤,True,@도엔지랜드
@도엔지랜드,기안❤❤❤❤<br>항상 응원할게요 <br>내가 제일 좋아하는 연예인😊😊😊<br>멋지고 따뜻한 남자<br>🖕🖕🖕🖕🖕,False,
@사천반디,저두요❤,True,@도엔지랜드
@도엔지랜드,농부왕 ❤❤❤❤<br>기획은 농협에서<br>했지만<br>아마도 스토리는<br>기안이 한 듯😊😊<br>그러니 이렇게<br>따뜻하고<br>재미있겠지요<br>기안 화이팅!<br>👏🏻👏🏻👏🏻👏🏻👏🏻,False,
@도엔지랜드,기안❤❤<br>다방면으로 <br>찐 왕이네요<br>🖕🖕🖕🖕🖕<br>올해에도 무조건 <br>기안이 대상이다 <br>🏆🏆🏆🏆🏆<br>👏🏻👏🏻👏🏻👏🏻👏🏻,False,
@도엔지랜드,토끼❤❤❤<br>넘 귀엽다 😊😊,False,
@Baomoonstar,기안 마음씨 너무 이뻐..ㅠㅠ,False,
@twentycho2575,동물사랑하는 기안. 너무 좋아유~,False,
@이재성-r6p,태웅이 군대간거 아녔어?,False,
@shaoqkdd,기안84님   최고🎉🎉🎉🎉🎉🎉🎉🎉🎉🎉🎉,False,
@도엔지랜드,우리도 공감합니다<br>😊😊😊😊,True,@shaoqkdd
@p.j7437,농부왕 너무 너무 좋다 ㅎㅎ,False,
@전미경-e5g,토끼 집 평수까지 챙겨주는  뜨신남자 기안84♡,False,
@바다바다-c1x,와우 흰밥에 김장김치 올려먹으면 진짜맛나는데...🤤고생들하셨어요.👏👏👏,False,
@들꽃-u5n,무슨 국이야 고기 ㅋ<br>야채국 ㅋ<br>밥맛이 궁금 하네요.<br>입으로 들어 갈때까지 <br>수천번 손이간 쌀알~~~,False,
@여름향기-u4s,"그 어떤 밥상보다 화려하고, 맛있고, 고급스럽게 보입니다. 훌륭한 밥상이네요. 수고하셨어요 기안84, 시언,  태웅씨!!!!",False,
@까꿍-i5j,"기안,시언,태웅!!<br>일년 동안 수고 하셨고 멋쪄 부령❤🎉🎉🎉🎉🎉",False,
@윤정숙-j5u,얼마나 뿌듯할까  정말1년동안수고하셨어요  밥맛상상이가네요  기안84  테웅그리고시언님  너무수고했어요,False,
@ntyg9056,요새 농사일하는 예능 제법나오던데 이 유튭때문인듯요 역시 기안84가 대세👍태웅님시언님도 고마워요❤,False,
@lena88renji,"너무 재밌게 보았어요, 농부왕~<br>농사의 어려움, 과정도 많이 느꼈고 새로웠습니다. 태웅씨 군대 건강히 잘 다녀오길 바랍니다😊<br>농부왕 마지막까지 잘 챙겨볼게요~<br>좋은 시리즈 만들어주셔서 감사합니다 농협",False,
@뽀돌이-j8d,태웅군은 군 입대 했다는데요,False,
@소주백잔,겉절이 비빔밥을 했어야지~~,False,
@now5946,농부왕 기안84를 보면서 쌀의 귀함을 더욱 알았구요 농민들의 감사함을 알았습니다. 좋은 기획입니다. 앞으로도 좋은프로 부탁드려요^^,False,
@나무꾼-p4m-q8n,어이구  ~~!! 기왕 하는것이면  항아리에다가  항아리크기의  약 3분의 2 정도 넣어 주고 따뜻하게 발효 온도 맞춰줘서 약 4~5  기다리며 술이 익기를 기다리면 되는데......!<br>저 유리통에  꽉 채우면 나중에 기포가 올라와 넘칠텐데 ㅎ 쩝....;!  우짜노 우야믄 좋노!!,False,
@은주최-d2q,농부왕 기안84~폭염에도 최선을 다해  마지막 한해의 결실 최고의감동입니다,False,
@Smile_Yang_Hyun_Jong,막걸리는 너무 꽉 담아서 발효 되면서 기포 차올라서 터지겠는데,False,
@도엔지랜드,기안❤️❤️<br>아마도 발효되기전에<br>못참고 먹을듯<br>😂😂😂😂,True,@Smile_Yang_Hyun_Jong
@행복-u8l,와 금방 도정해서 밥해먹으면 진짜 맛나겟어요 모두 고생하셨네요😅,False,
@예리-c6t,농부왕 진짜 재밌어요!!,False,
@도엔지랜드,기안 ❤❤<br>너무좋아요 <br>최고야!,False,
@도엔지랜드,기안❤❤😂,False,
@까꿍술람미,고생하셨어요❤,False,
@UHusband,솥밥 너무 맛있어 보이네요!🍚,False,
@배연희-n7x,세분 캐미 짱!짱!젊은사람들이 농부왕 하니까 왤캐 멋지게 보이냐~~내년에도 화이팅!! 기대해봅니다,False,
@이영이-u5o,출근도장 꾸욱❤❤❤,False,
@SJ-wj3cm,귀한 84님 최고  👍,False,
@배연희-n7x,👍👍👍👍👍와우 최고최고!!,False,
@user-cm1ur2vq9h,오늘도 재미있네요 ㅎㅎㅎㅎ,False,
@샬로미,100번째 좋아요 꾸욱했어요❤,False,
@도엔지랜드,👏🏻👏🏻👏🏻👏🏻,True,@샬로미
@아꽃뉴야,고생많으셨습니다 기안 막걸리 만든는거 국만드는것 기괴하지만 재미있게 풀어준 기안 👍😂👍👍😂👍😂👍😂,False,
@kiukiuriri,"토끼보다 기안이 더 이쁨 ❤ <a href=""https://www.youtube.com/watch?v=wkeTt1b-e4c&amp;t=108"">1:48</a>",False,
@도엔지랜드,완전공감 😊😊,True,@kiukiuriri
@태돌이-m1k,그 어느 프로보다 재밌게 봤어요 농한기때 농부님들 고생하시면서 내년 농사를 준비하는 모습도 담아주세요,False,
@jeoung3301,살만 하니?  느낌있어요 😅,False,
@imm3334,하튼 말 디럽게 안듣는 우리 기안84  꼭 나 보는거같어~~~ㅋㅋ<br>그래도 자유로운 영혼 응원해유~~❤,False,
@판다냥-q6s,막걸리~~~ 완전 기대됩니다.,False,
@이수미-i6v,최고의 예능인은 역시 달라 기안84 👍,False,
@강경순-k6y,너무 보기 좋아요 ❤,False,
@유추프라카치아,다음에는 밭농사로...?!  ㅎㅎ기안님은 힘드시겠지만 개인적인 바람은 그렇습니다 ^^; 농부왕 고생 많으셨습니다~,False,
@포터두개,과일농사도 하고 .. 쭉,True,@유추프라카치아
@yh.J-f3q,굿❤,False,
@송민수-p8e,기획 누가 했는지는 모르겠지만 1년 동안 진짜 멋지네요,False,
@naong-idaong,"<a href=""https://www.youtube.com/watch?v=wkeTt1b-e4c&amp;t=542"">9:02</a> 여주댁 미나님 연락을 기다리는 농부왕 기안 ㅋㅋㅋ",False,
@doong_fa,농부왕 기안84 내년에도 가즈아!,False,
@장진영-o8d,누구랑?턔웅이도 없는데...<br>다 어르신들 뿐인데,True,@doong_fa
@yuniwani65,태웅씨 내년 산업특례요원?<br>이건 공익을 위해 특별 출연해야함,True,@doong_fa
@박혜영-q5x,고생했어요.농사돕느라.ㅎㅎㅎ,False,
@열운모드,오 8분전! 잘 보겠습니다~~,False,
@해바라기-o1c2m,긴안84 농부왕 계속 하면 좋겠어요~ 😍,False,
@f1uck1212,내년엔 시언님과 첨부터 함께.. 밭농사도 좋을거 같아요.. ^^ <br>저도 올해 첨으로 주말 농장 했다가... 농사가 얼마나 어렵고 힘든건지 알게 됐거든요!! ^^ 꼭 보고 싶어요!!,True,@해바라기-o1c2m
@Rain-y1h,❤❤❤❤❤❤❤,False,
@젤리-c3n,내가  일등이다  기안님  화이팅,False,
@엄은숙-x2r,농부왕 내년에도 쭉.^^♡,False,
@이지연-x1n2c,내년엔 태웅이 없어서 못해유<br>대체복무로 유툽도 못함,True,@엄은숙-x2r
