author,comment,is_reply,reply_to
@Squirrel3174,애기가 너무 쬐끔하고 귀엽게생김 ㅋㅋ,False,
@수채화-d3t,넘귀엽다  깨물어 주고 싶다  천사같다,False,
@신이라곰,너무 이쁜서아❤,False,
@혜숙이-y7u,예뻐주켔어요,False,
@혜숙이-y7u,서아만보면  제입에서  미소를짖게합니다,False,
@joykim8116,서아 보는 재미로 산다<br>너무 귀여워 몇 번 봄,False,
@hamyunghee2551,떼 안쓰고 순하고 높임말하고 똑똑하다<br>방송보니 ㅎㅈㅎ 아이와 넘비교된다,False,
@솔방울-t7x,서아  귀여워서 안 보고는 하루일을 못 하겠다,False,
@옥화김-z6b,서아는. 너무 귀여워 이뻐서 죽겠네요  너무. 똑똑하다.,False,
@옥화김-z6b,❤❤❤❤❤❤❤❤❤,True,@옥화김-z6b
@VanessaHolly-h5c,이 댓글 보고 ㄱ글 에서 벳프리 보고있는 내 인생이 레전드네 씨밬ㅋㅋㅋㅋㅋㄱ글,False,
@고양이집사-t7i,10월30일에 출산 하셨네요 축하드려요~~^^서아랑 둘째 복덩이랑 행복하세요~~^^,False,
@김다빈-k7h4k,아 진짜 미치게 귀엽당<br>혼잣말로 마인드 컨트롤 하는것봐<br>목소리도 넘 예쁘자낭,False,
@김애자-c3h,시아가실험하네유전자가<br>어디가게어요❤이정헌씨출산축화해요❤😂❤❤🎉🎉🎉,False,
@최혜련-y9n,서아먹는영양제  이름이 먼가요??,False,
@maria3896,서아가 너무 예뻐요 🎉😮,False,
@VanceDrucilla,ㄱ글 에서 벳프리 이 ㅓㅇ도로 유명했음?  내 듣보잡인줄 알았는데 ㄷㄷ,False,
@서경미-p3f,너무이뻐 너무이뻐요,False,
@랄비오,넘이쁘다~<br>사랑스럽다.<br>모든표현이부족한아이네.,False,
@은조박-n7l,늘 기쁘게 잘 보고 좋았어요.감사합니다.<br><br>모두모두 안전예방 빛 명상 과함께 건강하시고 즐거운 시간 보내세요 우주힘 초광력 부탁드립니다 🎉 🙏,False,
@강희-y4p,서아 말잘하네,False,
@RowenaZelda-z8i,ㄱ글 에서 벳프리 보고 나면 다낵질 보충제 한사발 빨아야 한다는데 사실인가요??,False,
@채은사랑-w2c,진짜 넘 이뿌당😊,False,
@ejcom14,서아 똑똑하네요~^^,False,
@추성길-n7k,와~우❤서아❤대단하다❤예뻐요 ❤❤❤❤❤❤,False,
@율리안나-o8k,어떻게 서아를 사랑하지 않을수 있을까요...<br>너무 사랑스럽네요,False,
@신둘년,서아 너무예쁘요❤❤❤❤❤,False,
@HSKIM62,정말정말 예뻐요 사랑스런 서아~❤❤❤,False,
@user-bl7cy1vz4r,너무  귀여워 박서아,False,
@민민-p4z,서아 너무 예쁘다<br>매일매일 보고나면<br>행복해 서아똑똑해😂❤,False,
@Ymca2451,서아. 이름도 예쁘구나,False,
@장선자-d2k,어쩜저리 이삘가 귀염둥이 엄마닮아 가네요 너무순둥이네  이뽀 요,False,
@유미김-c7s,서아너무이뻐서어휴,False,
@이기쁨-n4c,유전자가 중요하네 똑똑이 서아❤,False,
@블루솜사탕,서아 자꾸 찾아보게. 된다 넘 이쁘니까,False,
@들꽃-y7j,반말하는 여자분 거슬려요,False,
@리뷰어킴,너무 순하고 예의바르고 똑똑하고 착하다 어쩜,False,
@이애란-y6b,와 진짜 넘 귀요오 미쳐,False,
@진달래-l1r,아고이뻐라,False,
@mingirlxoxo,엄마 닮은거 같은데 너무 귀엽다ㅠㅠㅠ,False,
@이순옥-h8v,이정현님 둘째출산 진심으로축하합니다,False,
@OhS-y5s,귀여워❤❤❤❤❤❤,False,
@심경애-t2e,서아야 너무 예쁘고 사랑해❤❤❤❤❤,False,
@김순희-u5b4z,똑똑하고인성도백저이고예쁘고너무예뻐요,False,
@전은미-j6z,서아가 5분이란걸 알까요?,False,
@user-Roopretelcham,쬐끔한게 마인드컨트롤을 👍,False,
@황경자-w5l,서아는정말예뻐요,False,
@안수정-m5q,서아 볼수록 예뻐지내용 넘 기엽고 사랑 스러워용 안아주고 싶어요 날씨가 추워요 감기 조심하고 건강 행복하게 지내요 😊,False,
@jennylee0712,떡잎부터 다르군요. 크게 될 아이...건강해!,False,
@김진수-f7z,❤서아야 대단해 😅😅😅,False,
@kej-h1m,아기가. 참을성이 대박🎉❤,False,
@Asdftrewq43,서아는 어덯게 이렇게 똑똑해요 너무이쁘다  서아사랑해❤❤❤❤❤❤❤❤❤❤❤❤❤❤,False,
@danbee823,와 진짜 존재자체만으로도 귀엽고 사랑스런 서아가 이쁘고 영리하고 참을성까지 갖추다니,False,
@pelania5912,서아야  너무  똑똑해  편스토랑  서아  나온다고 하길래  만사 재켜 두고  본단다  너무 사랑스러워 어쩜  저리 커갈수록  더 예쁠까  ?,False,
@서화자-j8s,우와 대박 최고입니다 👍🏻 😍 😍,False,
@user-fz7wj9ef5i,범상치 않다 천재 같음,False,
@하은진-p1e,서아야 ❤넘나 이뻐요❤아유 이뽀요❤,False,
@shn8130,세상에 진짜 대단하다 ㅜ,False,
@나난-p1y,너무예쁘다,False,
@몽이엄마-j4t,비타민  비타민 비타면   서아  너무 귀여워,False,
@thelove.6742,휴~~<br>이정현이 부러워서 배가 아포요♡  서아가 훌륭하게 자라도록 같이 키워봅시다^^,False,
@아리아-d1f,서아 너무 귀여워..ㅎㅎ말소리까지 귀엽네...😍😍,False,
@송미진-c8l,서아볼때마다가정환경과부모의사랑이얼마나성장과정에중요한지세삼느끼고서아넘귀엽고정현씨내외너무사랑스러워요,False,
@새우깡-n7h,아빠가 교육을 잘하시네요~^^괜히 의사가 아닌가...ㅎ,False,
@지영유-l9i,어쩜 좋아 요렇케 이쁠수가,False,
@지수-j4s,서아 ❤❤❤너무 귀엽고 똑똑하고 사랑스러워용~.~❤❤❤,False,
@정지혜-j3h,참는모습<br>너무이쁘다,False,
@영자이-t6b,어른 보다 낫네  🎉❤,False,
@MaryY-x8q,서아 보는 재미로 편스토랑 봅니다 ❤❤,False,
@방랑식객-b9h,너무 이뻐,False,
@도순이-i6t,정현언니 서아 너무이뻐요 꼭 서아같은 딸 낳고싶어요~~~,False,
@별숲도리,우리 서아한테 왜그러세요..5분..이라니요..,False,
@들꽃-y7j,서아❤❤❤,False,
@jungheekim1404,클수록 예뻐지네요. 서아 ㅎㅎ 정서도 안정적이라 학습 집중도 잘 할듯요 ㅎㅎ겸둥이,False,
@박매자-t7c,서아  넘이쁘고 귀여워요,False,
@이숙-o9k,이 할무이가 20번은 본거같다,False,
@에스푸아르-t7f,최예 간식을 저 어린 꼬맹이가 어떻게 참고 있냐구 ??   이뽀서 미치긋네~~<br>참고로 난  서아 출연 하는 날에만 시청하는 한사람임,False,
@julie-eu3kb,진짜 출산장려영상이다~~,False,
@임희숙-g9v,서아너무예쁘고 귀여워요<br>서아자주보여주세요,False,
@이상옥-f5r,우리 서화 대단해요 정말 사랑스러워..넘이쁨❤❤❤❤❤❤,False,
@박선주-z1s,이정현은 와~ 할때랑은 다르게 현모양처네 여성스럽고,False,
@xrfdwxguj5473,진심 저론애들이 공부잘함,False,
@순한양-j3j,이 동영상만 20번 본 듯<br>너~~~~무 예뻐요,False,
@ys5031,저두요 보고또보고,True,@순한양-j3j
@핫쏭-u9b,서아 아빠도 서아가대견하고  놀라운목소리톤~ 어린아가가 대견스럽다 찐이다찐,False,
@김난숙-w6k,서아 왜 그렇게 신기하니 ㅎ,False,
@이연숙-s4v,ㅇㅐ들좋아라 안하는데<br>서아는 정말예쁘다~^^,False,
@whaleofeuropa,서아가 입은 원피스 아시는 분,False,
@임준-q2o,그냥 러블리 ~~~,False,
@김탁수-j3u,저번에도 댓글 달았지만 애기 귀엽네요 🥰🥰🥰🥰🥰,False,
@한아름-w3e,서아는 두돌이 지났나요?<br>말을 너무 잘하네요.,False,
@청도유천벌꿀TV,어린애가 인네심도강하네  넝수똑똑해요,False,
@체리-i2p,말을잘하네,False,
@이순임-q5u,너무 귀여워 ㅋㅋㅋ,False,
@박경화-k9i,서아보는  재미로살아요,False,
@김수현-f2s,서야는왜이렇게귀여운거야 매일보고싶어요❤❤❤,False,
@geniejin2873,서아 말 너무 잘한다. 보고 있으면 미소 지어지는 가족.,False,
@YoojinKim-gt5fj,Omg she is the cutest little girl &amp; she&#39;s so smart too!!! 😍 ❤❤❤❤❤❤❤❤ Love from America 🇺🇸 ❤️ 👋 😊,False,
@구절초-j6z,서아야!   넘귀엽다  나도 손녀딸 낳았으면 좋겠다,False,
@lightp2799,기특하다~♡😊,False,
@행복한천사-j1l,매주 금요일 편스토랑에서 서아보는재미에 푹~빠졌네요 서아는 앞으로 무언가를 해낼 인물로 클것 같아요~ 넘 예쁘고 똑똑한 서아 늘 건강하기를~~~❤❤❤,False,
@pstar7224,Supplements???? At such young age ?? Oh god 😢😢what are they promoting,False,
@ss5588ss5540,아 이뻐라,False,
@그랜드-c9m,보고 또 보고 서아이뻐여,False,
@카랑코에-q2v,ㅋㅋㅋㅋㅋㅋ 많이 컸네~~~,False,
@로즈-e1w,너무너무  이쁘당 서아 약속도 잘지키공 😂😂😂❤❤❤,False,
@김해옥-j2y,서아 정말 착하고  똑똑하내요 참을수가 잇는아이 앞으로  큰사람되겟어요,False,
@루팡-z7c,어쩜 서아 는   말도 저렇게  예쁘게  하는지  저 능청  떠는 것 좀 봐  정말  미치겠네<br>정말 사랑스런  서아,False,
@장미-z9d,예뻐,False,
@즐겁게행복하게살-d4u,저의큰딸이 지금30살인데 저의딸 어릴때모습이 서아랑마니 비승해요..피부가뽀얀것도 똑같네요..넘 이뿝니다,False,
@b3f-n8x,아기가 인내심이 대단하네요 너무이뻐,False,
@히히히힣-f2e,병원장딸 언제이래컷데~시간빠르다진짜,False,
@모든것-m9y,어릴때 해본일인.그 인내심이 나쁜 꾀 이용에 적용되지말길!,False,
@김은주-m7t,어른한테도 5분이 긴데~세상에 순둥하고 귀여운 서아인데~진짜 대단하고 대견스럽다👍진짜 크게 될 아이다👍,False,
@윤종경-t3p,너~~~무   이쁜아가.        사랑둥이  서아야.    지금처럼만  예쁘고  건강하렴.,False,
@우리임-x6x,임신해서 힘든지 정현씨 표정이 밝게 나오지 않네. 그래두 서아 👶 이쁜모습은 늘 기분좋게 합니다! 힘내시고 화이팅!🎉,False,
@썸머스프링,아빠유전자 몰빵이네,False,
@박미홍-t2i,서아같은 손녀 보고싶어요~,False,
@이영순-c6f,부모가 교육을 너무 잘시키는지 정말 부럽다,False,
@아루나-v7h,엄마 아빠 학창시절 놀고싶어도참고. 자기분야 열심히 공부하고 열심히 노력한 유전자를 받아서. 잘참네요~<br>유전 속일수없네요~^^,False,
@박금숙-q1z,넘넘❤스러워요~서아,False,
@황미경-l5r,서아 진짜 이뿌여요❤❤❤❤❤,False,
@이애자-w4j,"서아, 너무 예뻐요.❤❤❤",False,
@나라사랑-y5r,아 정말 코여워 미치겠어❤ 진심으로 박수쳤다!,False,
@그랜드-c9m,이쁜서아 대단해^^<br>아빠가 무슨말을 하는지 말 뜻을<br>이해 하네 이뻐라~~,False,
@씅씅패밀리,예뻐요❤ 사랑스럽구요❤ 일하면서 육아도 남편 보필도 뭐하나 부족하지 않네요 <br>본인 건강 잘 챙겨요❤,False,
@돈되는집,아빠가 5분 기다리면 2개 준다는말을 이해하고 기다리냐고요 ᆢ진짜 천재같아,False,
@돈되는집,어쩜 저렇게 똑똑하고 예쁘네<br>저런애기는 10명이라도 키울듯,False,
@루루피프티t5h,서아 진짜 영특해보인다❤❤❤❤❤제작진분들~피프티피프티도 요리 잘해요~캐스팅해주세요^^,False,
@hjfs-l2e,서아  비타민 광고 들어 오면  좋겠어여<br>서아 너무 귀엽고 똑똑해요  5분을 기다리기가 쉽지 않은데요  한개 더 준다하니  기다리고 정말 대단한 아이<br>같아요. 서아야  잘  커가길  우리가<br>지켜 볼게요  서아야  건강하세요,False,
@이몽몽-q8b,아효  귀엽당😊😊😊😊😊,False,
@조인숙-r3q,서아너무귀여워서보고또보고함니다,False,
@임옥화-t7p,나도딸을 키워받지만 서아는  다르네요<br>말도 잘듣고 영특하고 ❤❤❤❤❤❤❤❤❤,False,
@임옥화-t7p,서아❤<br>정현씨  둘째아이 출산하고 슈퍼맨이 돌아왔다에 출연하게 되면 좋겠습니다ㆍ,False,
@노향선-g5l,우리 서야 너무너무<br>귀엽다.우리얘기 천재이다.❤❤❤,False,
@정은희-p6p,똑똑 해요,False,
@hello.Quiz_i,서아 너무 예쁘고 착하다❤,False,
@박유진-s8g,서아 진짜 너무 예쁘고 귀여워!,False,
@ajsjfhrj,옷도 자기같은거 입었네 ❤,False,
@로니논,❤이정현 가족<br>넘이뻐요<br>❤정현씨<br>음식솜씨<br>좋고 너무 예쁘게 살아서<br>칭찬하고싶어요 연예계<br>롤모델 예쁘게<br>사세요<br>🎉🎉🎉,False,
@남수연-m5e,기여운 서아 고집두쌔궁,False,
@박설아-j3f,ㅎㅎ 우리 사랑스런 똑쟁이 서아! 넌 정말 세상에 그 어떤것도 비교할수 없는 사랑스러움을 가지고있어.<br>사랑해 서아야♡,False,
@영영-z8n,아고 이뻐라똑똑박사네~♡,False,
@도치맘-w6z,서아도 귀엽고 똑똑하고  만삭임산부 정현씨 도 너무 아름답네요~^^<br>건강하게 순산하세요❤,False,
@잘된다잘,무슨 강아지 실험 하는것도 아니고 아이들은 사람입니다.<br>저런 실험은 전 반대입니다.,False,
@댕쿠욱,아줌마,True,@잘된다잘
@연정황-l2j,그쪽의견 안물어봤어요  그쪽반대가 그렇게 중요한가요,True,@잘된다잘
@잘된다잘,@@연정황-l2j 그럼요.내가 뭐라고 내의견에 신경 쓰시겠어요.,True,@잘된다잘
@미화김-j2g,정말 너무너무 이뻐요.,False,
@sundarial2205,저건 유전자야,False,
@Ihan-hoho,저렇게 어린 애가 진짜 대단한거다. 저런 친구들이 학습도 잘하고 목표 성취도 잘한다는데.,False,
@이쏭쏭-y7g,서아의 행동을 보고 중계방송 하는 어른7명 ㅋ,False,
@법수해,서아 넘 예뻐요~~❤❤❤,False,
@그린-w1b,크게 될 아이같군요 부럽습니다 이렇게 똑똑하고 예쁠수가요 ❤❤🎉🎉,False,
@lim409,만족 지연 실험 .... 결과보다 과정을 친창한 아이들이 나중에 의사나 판사등 사회에서 중요한 직업군에 있다는 임상실험  !,False,
@서희-x4s,웃는게 아빠랑똑같아 5분기다리는거 어려운데  잘하네,False,
@선혜심-r8x,"유전인자가 대단한것인가,아님 정현씨랑 정현씨 자기님이 잘 키우고 있는것인가?...암튼 이렇게 부모가 지도하고 가르치는 아이는 분명 지혜롭고 이 세상을 잘 살아가고 모두에게 본보기가 될 사람이 분명하겠다...🤣🤣🤣🤣🤣🤣🤣",False,
@김계영-d3k,서아 너무 이뻐 요,False,
@CEO또로또,아빠는의사 엄마는 테크노여전사,False,
@hjjang6789,이 실험 조건은 4살~6세 아동에게 15분 기다리게 해서 나온 결과를 평가하는 실험이던데. 서아는 아직 2살밖에 안됐고 5분 기다리게 한 거라 다소 차이는 있겠으나 애기가 똑똑한 건 분명함.,False,
@juhj0909,서아 슈돌  출동 가즈아!!!!,False,
@김현옥-g5z,그넘의 5분이 왜렇게 긴거야 서아 대단하다 서아너무 이뻐요,False,
@monicalee2145,서아 왜이리 깜찍하고 귀엽냐 엄마닮아  넘예쁘고 아빠닮아 머리도좋겠지~^^,False,
@까까오-b9q,이쁘당,False,
@루루-u1n,서아<br>넘넘 예쁘고 사랑스러워용❤❤❤,False,
@이재명-r3v,"어남선생님은 적어도 두 개 대학교는 식사제공을 하셔야 할 것 같네요. 한 곳은 본인 모교인 명지대(게스트로 이승윤) 다른 한 곳은 아내 모교인 동국대 마지막으로 이대와 더불어 한국을 대표하는 여대인 숙명여대(이날 게스트는 모교출신 현역 기상캐스터 배혜지, 레전드 아나운서 이금희 여기는 편스토랑 출연자 누구라도 상관없습니다.)",False,
@안유민-f4h,눈웃음에살살녹는다,False,
@쌉쌀-z6k,식탁 매트로 얼굴 가리는 거 너~~~무 귀엽다. 서아 인내심 대단해요~~👍,False,
@eunsilha9178,똑똑한 서아 너무 귀엽다 사랑스러워.❤,False,
@보경박-x7t,너무귀여워 ❤❤,False,
@조로라-f3d,서아 너무 사랑스러워요,False,
@AMO-xu2bw,연예인들 집은 궁궐이네,False,
@js52307,진짜 귀여운 러블리 서아♥️,False,
@AMO-xu2bw,40살 넘어도 여자가 건강하면 이쁜아기 많이 낳을수 있다,False,
@악어-c1k,서아는 조미료 마니든 음식 잘안먹일듯. 해요. 서아. 정말. 침착하고 안정적이예요. 엄마아빠. 닮은기본성품이 있고 너무사랑스럽네요❤,False,
@선옥고-l7x,서아보는재미❤❤❤,False,
@별빛-f9q,예뻐요 <br>보기만 해도<br>행복합니다<br>서아야 사랑해~♡♡,False,
@솔방울-t7x,서아는 아빠 엄마  한태 효녀야 <br>앞으로  큰 인물이 되었네요 <br>서아야 왜 이리 똑똑하니 사랑해,False,
@토토-o3g,너무너무 사랑스럽고 똑똑하다❤❤❤,False,
@이영-n1d,서아 바라기 됬어요💜<br>흐음~~서아 너~~무 예쁘다요~^💜<br>서아야 아주 많이 많이 사랑해💜💜💜<br>귀여운 서아 지금처럼 건강하게 잘  크렴 앙~~예쁜 서아💜,False,
@채영덕,장윤정딸이후 최고에 귀요미 ...넘!예쁘네요,False,
@원남순-j2f,서아 진짜귀엽고예뻐서  맨날보고있어요 아빠엄마가  현명하셔서 그런지 서아가엄청똑똑하네요  서아팬이예요   출산도얼마안남은거같은데  예쁜서아동생 잘순산하시고 행복하세요,False,
@Leejeeyoung34,진짜대단하다 그걸참고있고ㅋ,False,
@eklim1958,아우 뭐 이런 애기가 다 있나요......충격적인 귀여움이야..,False,
@콩에낀똥나물,❤,False,
@임경자-k7f,서아는  도대체  왜  이렇게  예쁘고  똑똑한거야   미치겠네  서아 사랑해❤❤,False,
@l9야뎡-보관소-mR,🔼🙄,True,@임경자-k7f
@RowenaZelda-z8i,ㄱ글 에서 벳프리 보느라 눈밑에까지 다크써클 들어옴 ... 진짜 근데이뻐서 눈을못떼겟다...,True,@임경자-k7f
@VanceDrucilla,헬창들도 ㄱ글 에서 벳프리 보면 근육 다빠진다며 ㅋㅋㅋㅋㅋㅋㅋㅋ 사실임??,True,@임경자-k7f
@HarlanBeguiling,ㄹㅇ ㄱ글 에서 벳프리 보면 다른거 눈에도 안들어옴 그냥 다시보면 되니까헬 창개들이도득임  ㄱㅋ글ㅋ ㅋ에ㅋ서  벳프리 보면 근육 다빠진다,True,@임경자-k7f
@VanessaHolly-h5c,이 댓글 보고 ㄱ글 에서 벳프리 보고있는 내 인생이 레전드네 씨밬ㅋㅋㅋㅋ?ㄱ글 에서 벳,True,@임경자-k7f
@핫율-r8n,예뿐이 서아 ㅋ❤❤❤❤,False,
@꽁이-i1q,넘 귀여워,False,
@ccu2009ccu,Super cute❣️,False,
@ykp6360,광고,False,
@태태러브토야,어쩜 저렇게 사랑스럽고 똑똑한지🤭👍🩷,False,
@듀영-f7y,서아 매일 보고프다 ❤,False,
@kyungsoonjung8614,서아  아 빠님 5분은 너무 긴 시간 이었어요<br>이렇게 예쁘고 착한 애기가 있다니 캐나다에서 보는데 놀랍고 행복 했어요<br>아빠 엄마에 사랑속에서 예쁜 서아로 잘 잘거예요<br>게상에 본보기가 되어 주길 바랍니다 ❤❤❤❤❤❤❤❤❤❤❤❤❤❤❤❤❤❤❤❤❤❤,False,
@민트초코-l7l,짱귀욤..❤,False,
@양정은-v1m,그만해요,False,
@양정은-v1m,은후 덩후만,False,
@양정은-v1m,져발 나오지마세요,False,
@양정은-v1m,준호네만 나왔으면요<br>장나허냐<br>장난질그만,False,
@양정은-v1m,재미없어요<br>티브나오지말아요,False,
@경미김-v8e,그냥 보지마세여ᆢ<br>불편러들은ᆢ,True,@양정은-v1m
@댕쿠욱,아줌마,True,@양정은-v1m
@감성메이,미티겠다 너무귀엽자나,False,
@helenkim7958,엄마 이빠의 선하고 유함이 아이도 닮았네요! 애기가 5분 기다리는게 힘든일인데… 똑똑함도 있지만 서아의 참을성을 더욱 칭찬해요~~~ ❤❤,False,
@임현숙-f9t,서아 너무 예뻐요❤❤❤샤랑해요,False,
@뽀또채널-v2n,너무예뻐 사랑스러운 <br>서하 귀염귀염 사랑둥이 ❤❤❤🎉,False,
@라라-k1g,세상에서 젤 예쁜 서아.<br>서아 슈돌에 나와서 많이보고싶다.,False,
@user-zo3kx4cv8k,넘 예쁘고 똑똑해~서아홀릭❤,False,
@지니원-h5o,서아 넘이쁘다 ❤,False,
@meow_rkrk126,너무 귀여워🧚💞🥹,False,
@조송인,서아야<br>왜이리귀여운거야<br>아하~~~,False,
@sunggrant7550,서아 짱이다❤,False,
@림숲-i5k,아이고 이뻐라~~~❤❤❤,False,
@김윤경-y5b,아빠랑 서아랑 똑 닮았어요,False,
@user-jk3tk4wv5r,서아 너무 귀여웡~~😊,False,
@김지연-n8y6d,아 뽀시래기 너무 귀엽다~,False,
@홍일석-u1x,왜  우리 이쁜 서아에게 이런 시련을😅,False,
@자유시간-d3c,서아 최고다~~~  어떻게 그걸 참을까??  대단하십니다요 서아 공주님~~,False,
@홍일석-u1x,우리 서아 뚜개 주세요~~^^아빠!❤,False,
@세모빔,너무 신기해요 5분의 개념도 잘 모를거 같고 그 좋아하는 젤리를 손에 쥐고서도 기다릴 수 있다는 게... 엄빠가 평소에 서아 눈높이에 맞춰 소통을 많이 해주신거 같아요 완전 천재병아리!!🐤💛🤍,False,
@샤오밍-s1d,❤❤,False,
@여이정선-m3m,이랬던 서아가...동생이 생기고...삐뚤어지지 않길....바래본다,False,
@박지윤-w2k,서아 목소리귀여워!!,False,
@crystalboo4669,"<a href=""https://www.youtube.com/watch?v=XD2LlSB3LRE&amp;t=209"">3:29</a> 하나 더있대  세상에 얘 천재다",False,
@gingin7676,이세상엔 악마도 너무너무 많아요.<br>항상 조심하세요.<br>남이 행복한  꼴 못보는 악마 살인마들  조심하세요.걱정되네요,False,
@gingin7676,이세상 최고로 귀엽고 착하고 영리하고 이쁜 애기,False,
@BloomingEmma,ㅋㅋㅋㅋㅋㅋ ㄱ글 에서 벳프리 모솨서 잼민이 발정났ㄱㅋ글 에서 벳프리 보고 나면 다,True,@gingin7676
@김지선-p6e,넘 귀여워요<br>항상 행복하세요,False,
@사랑-f1q,서아 매일 방송에서 보고싶어요😊,False,
@이명숙-k5p,"서아  너무귀엽고 이뻐요,어쩜저리이쁘게말하고 예쁠까요~~",False,
@이명화-f4w,최고로 예쁜 아기  너무 귀엽고 사랑스러워요 ❤,False,
@김영옥-k4o,어머나 어떻게 잘기다릴까요 신기신기~ 냄새만 맡고 내려놓는게 쉽지않을텐데 애교까지 서아 최고다 !!,False,
@고영희-o3l,서아야 어찌 그리 이쁘니? 아줌마가 사랑해,False,
@체리-i2p,많이이뻐졌네,False,
@이정화-u4c,서아 천재예요 너무 똑똑해요,False,
@체리맛주스,서아 오밀조밀하게 넘 이쁘게 생겼네요😊,False,
@주민정-d8l,너무 귀욥다 ㅋㅋㅋ,False,
@하하정숙-r5x,서아 너무사랑스럽고 귀엽다<br>정현씨부부는  복이 많은분들인거 같아요,False,
@RowenaZelda-z8i,ㄱ글 에서 벳프리 진짜 보다보면 빠져든다 라이브에 수위도좋고 외모도 좋고 삼박자 지렀으,True,@하하정숙-r5x
@VanceDrucilla,ㄹㅇ ㄱ글 에서 벳프리 보면 다른거 눈에도 안들어옴 그냥 다시보면 되니까 개이득임 ㅋㅋㅋㅋㅋ,True,@하하정숙-r5x
@HarlanBeguiling,ㅋㅋㅋㅋㅋㅋ ㄱ글 에서 벳프리 모솨서 잼민이 발정났ㅋㄱ글 에서 벳프리 보,True,@하하정숙-r5x
@BloomingEmma,ㄹㅇ ㄱ글 에서 벳프리 보면 다른거 눈에도 안들어옴 그냥 다시보면헬창 들되도니 까ㄱ 개글 이득에임서  ㅋ벳ㅋ프ㅋ리ㅋ  보면 근육 다빠진다며 ㅋㅋ,True,@하하정숙-r5x
@VanessaHolly-h5c,그놈의 ㄱ글 에서 벳프리 때문에 내거기 닳고 닳아서 없어지겠네?ㄱ글 에서 벳프리,True,@하하정숙-r5x
@홍수연-f4u,서아 예쁘고 똑똑하고 귀여운건 말할것도없고 정현님도 너무너무 아름답고 유정님도 너무너무 멋지고 아주아주 본보기가되는 모범적인 아름답고 행복한가정입니다 이가정 너무너무 사랑하고 축복합니다 정현님 둘째아기도 순산하시길요❤❤❤❤❤❤❤❤❤❤❤❤,False,
@유미김-c7s,서아매일보고싶다,False,
@박경아-g1f,정말 안정적인 아기네요 똑똑이^^,False,
@지혜-m4i,서아~너므너므  사랑스럽따 ~~^^♡,False,
@정숙서-f1b,귀요미 서아<br>예쁘게 잘크라,False,
@깜찍이-x9g,정말 똑똑 하네요^^<br>신랑이 정말 장가 잘갔네요~~,False,
@맛따라멋따라-f1c,오구오구<br>서아 넘 이뿌다요<br>엄마아빠 성향을 잘 받았나봐요<br>건강하고 이쁘게 잘자라주길♡♡♡♡♡,False,
@한솔베의노래,어떠케....... 일주일동안 힘들었던거 완전 힐링!! 아유 예뻐<br>서아보는 재미에 사라요 ^^,False,
@변순애-i6f,"서아보면 모던 근심걱정은<br>멀리 날아갔어요,<br>서아보는 재미로 편스토랑<br>봅니다,",True,@한솔베의노래
@정연자-r4q,우리 서아 넘  똑똑하고 귀요미♥♥♥♥♥♥,False,
@서은숙-z9g,서아야<br>서아야<br>이쁘니 ^^,False,
@장미-c5h,서아 아공 너무 귀여워 오분 기다렷네  서아팬 됏어 이모가,False,
@x2y1,서아가 너무 많이 여동생 기다리는 것 같아서 힘내고 파이팅🩷😊,False,
@김형남-c9e,이!뻐라,False,
@웅이가넘넘좋아요잘생,서아 넘넘 예쁘고 똑똑하고 지혜롭고~미치겠다,False,
@김분연-f5t,아휴~ 요렇게 예쁘고 똑똑이에다 착한 서아를 보니 힐링되네요<br>너무너무 사랑스럽다 진짜..❤❤❤,True,@웅이가넘넘좋아요잘생
@박시연-e1j,ㅇㅈ😮,True,@웅이가넘넘좋아요잘생
@jj_love249,💕💕,False,
@soo-ud9cy,너무 너무   예쁘다   순둥이  서아  매일같이   보고  있어요  고마워   사랑스럽고   이쁘다,False,
@BloomingEmma,그놈의 ㄱ글 에서 벳프리 댓글 ㅈ 나많네 그렇게죠 좋은가보지 보러갈까여?기ㅋ댓글 왜이럼 ㄷㄷ ㄱ글,True,@soo-ud9cy
@나싸리,서아매일나왔으면     넘귀여워,False,
