author,comment,is_reply,reply_to
@이복임-e7l,"아무리 손녀가 예뻐도 아들이 더 보고싶겠지요 마음이 아품니다 <a href=""https://www.youtube.com/watch?v=XMyA5YUwyGk&amp;t=623"">10:23</a>",False,
@최현진-t2x,먼저 간 아들의 손녀가 이렇게 옆에 있으니..존재 자체가 고마운거죠.. .  마음이 짠합니다.  앞으로 오래 오래 오래 토록.. 자주 만나고 행복하세요~~,False,
@문상희-u3r,😢눈물나네요<br>아들의딸 손녀 만나서요<br>맘껏 사랑해줘요,False,
@행복한일들만-v1b,"며느님은 새출발하셨갰죠??행복하시길,,,",False,
@LaneMighty,진짜 ㄱ글 에서 벳프리 에서 방송 하시던분 진짜 잼있어 ... 다ㄹ시ㅇ보 고ㄱ 글싶 어에서서  가벳보프자리  보ㅋ면 다른거 눈에도 안들어,False,
@krl3155,손주는 정말 기쁨ㆍ행복 ㆍ설레임 <br>아 뭐라고 표현해야할까요<br>진짜 너무 행복해요<br>매일 영상통화해도<br>외할미집에 놀러온다하니 벌써 설레고 행복해요<br>박원숙씨 손녀 잘커서 행복하시죠?<br>앞으로 건강하셔서 손녀가 낳은 애기가 시집갈때까지<br>오래오래 행복하세요♡,False,
@WowLuckyBunnies,손녀분 부럽다 저렇게 따뜻하고 정 많은 할머니가 계셔서,False,
@조회숙-o2v,박원숙씨 용기얻어 최선을 다해살다가 예수님믿고 아들만나러가야지요,False,
@조회숙-o2v,내할머니 내가 지킬거야  할머니께 효도해라 애구 아들씨가 하나떨어졌네<br> 감사하네요,False,
@DependableRuth,ㄱ글 에서 벳프리 보느라 눈밑에까지 다크써클 들어옴 ... 진진짜짜  ㄱ근글데 이에뻐서 서벳 프눈을리못 떼에겟서다 .방.송. 하시던분 진짜 잼있어 .,False,
@BloomingEmma,ㄱ글 에서 벳프리 이 ㅓㅇ도로 유명했음?  내 듣보잡인줄 알았는데 ㄷㄷ?,False,
@DianeLarissa-s2n,진짜 ㄱ글 에서 벳프리 에서 방송 하시던분ㄹ ㅇ진 짜ㄱ 글잼 있에어서  .벳프.리.  다보시면보 고다 른싶거어서  눈가에보도자  안ㅋ들어옴 그냥 다시보면 되니까,False,
@캔디-p3s,원숙님 건강하게 120수 하시고 해린양이 아기 낳는거도 보시고..그 아기와도 오순도순 지내시길 바래요.<br>항상 건강하세요❤❤,False,
@myDespotes,손녀가 아기 낳으면<br>그때는 아기 커가는거 보셨으면 좋겠다<br>제가 다 바라게 되네요,False,
@미연-f2j,그래도 원숙님은 손녀딸이라도 남겨주고 갔네요<br>우리 아들은 그냥 떠났어요..손녀가 얼마나 소중하고 예쁠까..부럽네요,False,
@chrispite6510,하나밖에 없는 혈육인데 못만난 이유를 모르겠다,False,
@mooyook2,손녀도 연에계 들어왔구나. / 그래도 할머니한테 말을 놓는 것보면 오랜만에 보았는데도 편하다는 증거.,False,
@한명숙-l2h,어릴때 못 만나게 해도 성인이 되면 이렇게 찾아 옵니다.  박원숙씨 이젠 맘것 행복하세요^^,False,
@버들피리-o9l,할머니 만나러 온 손녀 살짝 살짝 비치는 모습이 이쁘네요~<br>박원숙님 기쁘고 행복하셨죠🎉🎉🎉<br>앞으로도 건강하셔서 손녀와의 즐거운 만남 많이 가지세요~,False,
@PhyllisShamus,ㄹㅇ ㄱ글 에서 벳프리 보면 다른거 눈에도 안들어옴 그냥 다시보면 되니까 개이득임 ㅋㅋㅋㅋ ?,False,
@RowenaZelda-z8i,그놈의 ㄱ글 에서 벳프리 때문에 내거기 닳고 닳아서 없어지겠네,False,
@류은하-o9w,그 어렸던 손녀가 운전해서 올 정도로 세월이 그렇게 흘렀군요 야속한 세월이 참 빠르네요 아드님 생각도 얼마나 나셨을까요,False,
@쿠키케익,너무 잘 커줘서 고맙네요. 박원숙님 손녀 볼 수 있어서 다행이예요.,False,
@한혜정-z5l,왜 눈물 안나겠어요  저두 나는데,False,
@조미숙-c6h,눈물이나네요ᆢ우리원숙언니 손녀랑예쁘게오래오래사세요❤❤,False,
@dalgaebi8752,손녀분 할머니랑  좋은 추억 많이<br>만드세요. 그게 본인을 위해서도<br>좋을것 같아요. 어릴때 아빠 잃고 <br>할머니와도 오래도록 만나지 못해<br>그 빈가슴 허전했을 시간이 얼마나<br>외로웠을지. 그동안 그리움과 외로<br>움에 힘든 시간 보내셨던 할머니의<br>남은 생도  마음으로 보상해주시고<br>손녀분 허전했을 마음 한구석 빈곳<br>도 채우며 아름다운 시간 보내세요<br>그러면 삶이 좀더 여유롭고 좋아질<br>것 같아요. 두분 모두 행복 하시길~~♡,False,
@깜찍순이,박원숙아줌니는 그대로인데 손녀보며 행복해하는모습 진짜 보기좋아요 근데 이경진아줌니 왜이리 나이들어 보이나요ㅠ,False,
@화이트하임-q3t,손녀분 살갑게 하는 모습이 너무 착하고 잘자랐다,False,
@화운소여록무진성,소중한 도반과의 이별에 힘드셨쓸텐데도 불구하시고; 금강산림법회향  또한 400명 가까운 중생들에게  행복한 시간을 만들어주셔서 진심으로 고맙습니다!()<br>열심히 불퇴전 하겠습니다()()(),False,
@user-ru4ot2wt2y,19년만에 만난 거 맞나?,False,
@jjanggin6588,너무 늦었지만 그래도 손녀가 고맙네요… 가끔 할머니 찾아봽길…,False,
@나나나-n8u8w,저도 오빠가 19년전 하늘로 가고 조카 못본지 엄청 시간이 흘렀네요..<br>지금 25살 된 조카가 너무 보고싶네요...,False,
@moonyoungchoi9594,이쁘게 잘 컸네요 목소리로도 느껴집니다 넘 보기좋아요,False,
@a리시안,"사촌오빠가 애들 7,8살때 사고로 가셨는데, 할머니랑 인연이 끊어지더라구요. 큰 엄마가 손주들 늘 그리워 하셨죠. 원숙님 손녀랑 잘 지내시니 행복하시겠다.",False,
@김명숙-l6v8y,아이고.눈물나네.,False,
@줄게내갤럭시-z3s,정말 최고로 행복한 날이었겠어요.  아드님 사망 사건으로 늘 가슴아파 어찌 사나 싶었는데.ㅡ,False,
@금똘똘이,손녀가 마음씨까지 박원숙배우님같아요<br>할머니부탁으로 뇌물도 주시고 잘자라줘서 마음이 뭉클합니다❤❤❤,False,
@금똘똘이,박원숙배우님 얼마나 손녀그리웠을까요 ㅠㅠ 너무 늦게찾아왔지만 이제라도 오래오래 함께할수있기를🎉🎉🎉❤❤❤,False,
@백민-j4k,돈없는 할머니는 손자손녀 구경도 안시켜주는 세상,False,
@ttoiou,너무 감동이에요 손녀랑 앞으로 오래오래 행복하세요 다시만나게되신거 진심으로 축하드립니다❤,False,
@겨울이-u1l,박원숙님 건강 잘챙기셔서 오래오래 손녀와 좋은시간 많이보내세요<br>언제나 행복하시길 기원할게요~,False,
@가을꽃-w2s3i,박원숙씨 이젠 손녀 찻아와줘서 건강하게 살아야될 이유가 생겼네요~,False,
@food1272,모두 행복하길 바래요 ♡,False,
@nilenike8005,손녀이고.. 딸같고.. 아들같은.. 잘 컸네요.. 원숙님.. 건강하고 행복하세요~~~,False,
@soonildewey9246,❤❤❤❤,False,
@경애랑꼬물꼬물,손녀랑 만나서 얘기하는데 내가 눈물이😢😢😢,False,
@이상원-x8d,예전에 백화점에서 김밥장사했었는데 박원숙님이 손녀주려고 꼬마김밥 사가셨던 기억이..너무 예쁘셔서 진짜 놀랬었어요.손녀기다리면서 전화번호도 못바꾸신다고 하신거 보고 하루빨리 만나길 기대했는데 다행이네요.축하드려요.행복하세요~,False,
@라떼-i7w,눈물이 납니다  ❤<br>박원숙님  건강하게  행복 하십시오,False,
@봄-v9s,세상에 하나 뿐인 혈육 내 아들의 분신 친 손녀랑 오래 오래 <br>행복 나누세요,False,
@bio3928,며느리 재혼,False,
@carpediem-eq6cs,왜 못만난거예요?,False,
@퓨웰-c9j,아들 이야기를 입 밖으로 꺼내기 조차 조심스러웠던 치유되지 않을것만 같은 날들이 손녀딸로 인해 치유되고 아들의 추억도 다시 꺼내볼 수 있게 되길 바랍니다❤,False,
@슬기로운문화생활-n5b,음.....<br>좋은맘으로 연락을 한것이길......<br>조금은 걱정되네요..<br>박땡홍씨 조카의 말을 들은후로..<br>아이들의 예뿌지 않은 맘도....<br>삼촌재산이내재산인듯...ㅠㅠ,False,
@suyeonlee4820,내가다 기쁘네요. 얼마나 보고 싶었을까,False,
@나무-l8z,이제 할머니의 유산은 손녀의 것인가?<br>그동안 모질게 인연 끊고 살더니 손녀만 보냈네<br><br>삼십대때 외삼촌 돌아가시고 20년을 손자들만 보내더니 할아버지 75세 넘으니 갑자기 마을회관에서 생신차려드리고 2~3년 할아버지에게 공들이고 가장 많은 유산을 받아간 숙모가 생각나네,False,
@utopia5584,아들이 엄마나 보고 싶을까요? 그래도 손녀를 만날 수 있으니 그게 어디예요.손녀분이 착하게 잘 큰것 같아요.,False,
@김-e6r,할머니가 젊게 건강하게 지내시니 참 보기좋네요. 혜린이 뭔가 참 올곧게 잘 큰 느낌이네요.,False,
@Ethan-ip8iu,첫딸이라 아빠많이 닮았겠다... 에구 할머니한테 전화라도 자주해주세요....,False,
@액션빔-y9w,결혼압박 안주는 어른이라니.. 진짜 멋있는 할머니ㅠㅠ 손녀랑 평생 행복하세요❤❤❤,False,
@Aileen553,박원숙님 손녀를 바라보시며 우시는 모습에 눈물납니다ㅠ,False,
@Aileen553,할머니를 뵈려고 찾아 와준 손녀마음이 고맙네요ㅠ<br>자주자주 연락 드리고 만나세요~<br>너무 보기 좋습니다~~ 😊❤❤,False,
@위크의오렌지농장,이제서야 만나셨군요. 뭉클하네요. 원숙님 오래 사시면서 증손주도 보세요~,False,
@eunsookcho9643,혈연인데 당연히 왕래하며 지내야죠,False,
@배규진-s8v,그동안 핏줄에 대한 그리움을 어찌 참고 사셨을까요 이제 서로 자주 왕래하며 가족의 정을 다시 이어가셨으면 좋겠어요<br>행복한모습에 저까지 흐뭇해지네요,False,
@이은숙-t9z7f,시어머니 이신 박원숙 선생님도 아무말도 하지 않는데 추측으로만 생각하지 마세요,False,
@mnomno9960,하나밖에없는  핏줄,False,
@푸른강변,재혼한 여자 입장에서 사별한 남편 시어머니랑 딸을 계속 만나게 하는게 쉬운일이냐 <br><br>결혼한 남편 현 시부모님은 뭐니 <br>댓글보면 또 라이들 진짜 많네 <br><br>상식선에서 생각하고 살아라 <br><br>자기들은 1년에 한번도 만나기 싫어하면서,False,
@햇살가득-k4s7w,손녀따님 말하는게 넘 이쁘고 사랑스러워요.,False,
@한도도-q2c,얼마나 아들이보고싶으실까...,False,
@자취방김주임,나도 우리 할머니 보고 싶다... 살아계실때는 내가 너무 철이 없어서 소중함을 몰랐는데 다 커서 보니 그 때 할머니가 나를 사랑하는 마음이 많았구나 이제야 느껴짐..,False,
@지구별여행자-f5x,착하게 잘 컸네 며느님이 잘 키웠네요 씩씩한 원숙언니,False,
@user-aiyujsdg,솔직히 박원숙 자산 수백억일텐데....ㅋㅋㅋ며느리가 참   영악하다,False,
@fghgghdru,영악했음 애초에 계속 만나고지냈겠지 진짜생각이 1차원적이네ㅉㅉ,True,@user-aiyujsdg
@하늘색구름-i9c,그 긴 세월 동안 한번도 안 보여주다 박원숙님 나이드니 보여 주는건 뭔 심보래?고물고물 그 어린 손녀와의 추억하나없이 세월을 훌쩍 건너 뛰어 성인된 손주와의 만남이라니...재산 없었어도 찾아 왔을까,False,
@danacho684,손녀가 할머니께 그냥 딸처럼 잘했으면 좋겠네요..할머니는 이땅에 손녀 한사람뿐인데 앞으로   할머니에 보호자가 되어줬으면 좋겠어요..그냥 나이드니까 옆에 있는자체가 든든할것같아요.,False,
@huregialma,늘 응원합니다 앞으로 행복한 일만 가득 하시길 바래요🌸,False,
@S셀리,그동안 소식 끊은 이유는?,False,
@cab3981,손녀분이 있어서 든든하고 외롭지 안을꺼 같아요 ~  눈물 나네요 ㅜㅜ,False,
@소현-y9e9z,눈물난다 손녀보고싶었을건데<br>아들 대신이었을껀데<br>며느리 재혼한다고 에효..<br>손녀전화올까봐 번호도 안바꾸고사셨다니,False,
@쭈니-j6f,박원숙님~~~<br>항상건강하시고   행복한일만 가득하시길 기원합니다~~~~,False,
@오로라-x7r7q,제가 설레이고 아들보는 기분같아 넘 행복할것 같아요<br>할머니와 혜린양 그모습 그대로 할머니의와 사랑 변치 않으시길..항상 응원합니다^^,False,
@M라라,만나서 다행입니다<br>아들이 얼마나 보고싶고 보고싶으실까요<br>손녀가 예쁘게 잘 자란것 같아요<br>아름답습니다,False,
@dkwv2pnmlsjdyt,할머니 사랑이 그대로 전해집니다. 함께하며 더 행복한 할머니와 손녀가 되시길,False,
@샤넬-p1j,보는내내 눈물만 나오더라고요..<br>원숙언니 행복만 하세요..❤,False,
@SUNNY-s8w4x,아침부터 눈물 한바가지 흘렸네요.<br>손녀랑 영원히 행복하셨으면 좋겠습니다.,False,
@벼리-g3d,사정없는 인생있을까마는~~~ 다들 건강하세요  큰언니 작은언니 모든언니들~~~,False,
@개똥파리,왠 모자이크처리. 범죄자도 아닌데.<br>본인이 원하지않으면 방송소재로 삼지말든가.,False,
@이은정-k6w,눈물났네요..ㅠ<br>제마음도 이런데 박원숙님 마음은 지금까지 어떤마음으로 사셨을지..ㅠㅠ,False,
@OK-zh9xm,어떤사정인지  모르지만<br>넘 보고싶었을 손녀<br>지금부터 자주만나 아드님핏줄과  행복한시간<br>많이많이 즐기시고 행복하세요,False,
@kimkey6466,왜 19년만이라고 써있는거죠?<br>영상보면 어렸을때 2년정도 왕래도 있었다고하고 책상도사주고 고1때부터 연락했다고하는데 제주도여행도갔었고<br>오래간만에 보면 저런 텐션은 안나올텐데 왜 19년만이라고 써있는거죠?,False,
@Vjjaki,아드님 잘못되고 며느리가 연락 끊어서 손녀도 못본걸로 압니다 지금이라도 보니 다행인데 손녀는 모르겠지만 며느리<br>였던 여잔 참 ....,False,
@user-pc8oi7sq5i,근데 할머니는 왜 손녀를 여태 20년간 못본건가요? 며느리가 못보게한건가요?,False,
@미연-g6w,착하게잘큰듯하네요 할머니랑 좋은추억많이  만들어요,False,
@모니-c1r,보는데 눈물나 ㅡㅡ,False,
@장미빛인생-t9g,두분 오랫동안  행복하세요!!<br>손녀따님  너무 착하게 곱게 크셨네요~<br><br>참 잘컸어요..,False,
@투더문-w2g,너무귀하고 이쁘실듯..,False,
@skim3262,며느리가 재혼을 너무 빨리했네 .  자녀가 클때까지는  연애만하고 지내지 뭐가 급했길래 . ㅉㅉ,False,
@들꽃-x8v,손녀가얼마나<br>보고싶었을까??,False,
@jessicapaek7021,제가 다 기쁘네요~😢,False,
@ksssy2246,손녀가 참 착하고 성격좋네,False,
@이지현-u7g3z,왜 이제서야 연락이 닿는지 그게 더 궁금,False,
@ogaso46,얼마나 보고 싶었을까.<br>손자가 둘인데 너무 이뻐요.<br>26이면 시집갈 나이가~.,False,
@별사랑-s1z,사는게 뭔지 후손이 얼마나 그리우셨을까...그냥 잘 커져서 고마워 그냥 좋아 손녀 자주 만나세요 박원숙선생님~~🎉,False,
@책읽어주는여자홍퀸,선물까지 챙겨오는 이쁜손녀 정말 감동이에요ㅠㅠ,False,
@책읽어주는여자홍퀸,감동의 이산가족 만남ㅠ눈물이ㅠ이쁜손녀와 멋진추억 많이 만드시길요~^^,False,
@대치맘-q2k,며느리가 골 때리네 연락도 끊고 살더니 왜 갑자기 ??,False,
@gogoaj,손녀분과 앞으로도 자주만나시고 행복한 추억 많이 만드시길❤❤,False,
@김은희-y2d1c,"<a href=""https://www.youtube.com/watch?v=XMyA5YUwyGk&amp;t=903"">15:03</a> <a href=""https://www.youtube.com/watch?v=XMyA5YUwyGk&amp;t=905"">15:05</a> 그래도 손녀가 크는 모습을 지켜볼수있어야 했어요<br>그동안 얼마나 보고싶었겠어요<br>아들도 떠난마당에...<br>살아있는 전남편도 아니고 죽은 전남편을 견제하며 천륜을 끊게했던 전근대적 사회분위기를 개선해야합니다<br><br>이것 봐요<br>며느리는 남이지만 손녀는 혈육이잖아요!",False,
@울집-l7x,"저맘이 어떨지 알것같으니 눈물이 나네,,,, ㅜㅜ",False,
@jih.391,"그 선배의 딸이 이렇게나 컸구나…선배, 편안하시길",False,
@초가을-m4j,요즘이 어떤세상인데 여자가 재혼했다고 손녀가 친할머니를 못만나나 본인도 자식 키우면서,False,
@hiskingdom5125,너무 좋아요~~~ 평소 박원숙씨 볼때마다 왠지 모르게 가슴이 먹먹했는데 .. 너무너무 좋아요~~ 며느리입장도 이해는 가요~~ 손녀분 할머니에게 와주셔서~~ 너무 고마워요!!!참 ~~ 잘했어요 이번 영상 너무 좋네요 가슴이 따뜻해져요~~<br>앞으로 손녀분과 행복하게 사세요~~,False,
@윙플라잉,얼마나 애절할까...<br>손녀랑 자주 여행다니면서 행복하게 살길 기도해요^^<br>박원숙씨를 위해서 기도할께요...,False,
@숲-s9n,또 보니 눈물나네요. 유일한 핏줄인데...,False,
@윙플라잉,"그러게요<br>세상에나,,,<br>안아도 안아도 아쉬울 듯<br>박원숙씨 행복하세요^^",True,@숲-s9n
@김윤정-l2z,연락이 왜 끊어질까요??,False,
@물방울-x8i,아드님이  주고간  선물이네요<br>두 분다  오래오래  행복 하세요~~❤❤❤,False,
@buhaegong6928,할머니는 사랑이죠.❤  친할머니 보고싶다. 우리 키워주시고 많이 예뻐해주셨는데 손녀 잘했어요. 할머니 자주 만나요,False,
@jjianingning,무식한댓글은 달지말고 혼자생각하슈 <br>어쩜그리생각들이 짧을꼬 인생이짠하다,False,
@hejwi5832,아들피가 반 섞였는데 보고싶은데 당연..,False,
@신땡땡-x7h,아이의 안정을 위해 연락 안하셨다고 그때 들었던거같아요.내자식의 하나뿐인 아이가 어찌 안보고 싶었을까요  나중에커서만나면좋겠다고 해서 손녀 크는긔 기다린다 라고 예전인터뷰같은거본거같아요,False,
@제니-e9k,할머니는 왜 못 만나게 한 걸까? 할머니가 피해를 주는 것도 아니고 경제적으로도 넉넉하셔서 나중에 상속도 해주실 텐데... 그리고 혜은씨 아들 딸 엄마한테 말 따뜻하게 해주세요~~!! 어려운 것도 아닌데😢,False,
@amhologr694,아닌데… 그래도 계속 왕래하면서 클때 보시지…,False,
@김미영-g6k2l,"며느리가재혼했나보네요,,그동안손녀를못보고사신거보니,얼굴안보여줘도손녀하고싶다는건다지원하셨다고하든데,종종외로우신할머니얼굴좀보여주고살지좀너무한듯,,",False,
@Aiden-su6qj,앞으로 더 오래오래 보시고 사랑하고 행복하시길 진심으로 기도합니다❤,False,
@jooyoungmin4592,재혼한 며느리가 아주못됐네?시어머니 엄청난재산 손녀가 물려받을텐데 친할머니를 못만나게해??😡😡😡👊👊👊👊👊👊👊👊👊👊👊,False,
@흔한남매들,이게 핏줄인것같아요. 핏줄은 오랫동안 안봐도 그냥 찐해요.<br>응원합니다,False,
@e_room-rk6pu,침대위에서 함께 하는 두분 너무 보기 좋아요~ 오래오래 행복하세요❤,False,
@dvoraw2261,아니 왜 할머니가 손녀를 못만나요? 당연히 만나야지. 못됐다,False,
@나리다-d1f,할머니인데 뭘 얼굴공개해도 돼지😢,False,
@mandyh9906,"저 어린 나이에 할머니 친구분들 챙긴다고 건강즙 선물까지 챙겨오고 ㅎㅎㅎ 인심 넉넉한 할머니 성품을 고대로 물려받았네요. 저렇게 잘 웃고 사랑 많은 성인으로 잘 컸으니 할머니가 얼마나 뿌듯하고 행복하실까요 ㅎㅎ<a href=""https://www.youtube.com/watch?v=XMyA5YUwyGk&amp;t=980"">16:20</a> 박원숙님 여지껏 본 적 없는 행복이 가득한 표정 너무 보기 좋아요 ㅎㅎㅎ 증손주 크는 거 보실때까지 오래토록 건강하세요°",False,
@동그라미-d2e,엄마가 시켯을듯 하네요<br>할머니 만나러 가니까 엄마가 챙겨줬겠죠,True,@mandyh9906
@vlog-ni8oq,어떻게 할머니 손녀가 19년이나<br>연락을 끊고 살아...박원숙님<br>아드님 허망하게 보내고 넘 쓸쓸했겠다❤,False,
@희망-s9x,고 1부터 연락은 되었다고 나오네요,True,@vlog-ni8oq
@miim1219,내가 눈물이난다ㅜㅜ,False,
@뽀미언니-p9s,박영규씨도 그렇고 참 자식을<br>여윈 그마음이란 ㅜㅜ,False,
@허가든-q7f,혜린양<br>예의바르게 잘 성장한거 같아  너무<br>좋네요<br>할머니 아픈상처도 손녀딸 자주 만나면 치유될것 같네요<br>암튼 박원숙님 건강 잘 챙겨서 손녀딸 오래오래 함께 하시길 소망합니다,False,
@ggoodbtt5099,시어머니와 며느리사이에.. 어떤 일이<br>있었겠죠. 그래서 안보고 살았겠죠 ㅜㅜ <br><br>그래도 이렇게라도 보니 좋네요.,False,
@abc-nu5bu,나도 할머니 보고싶다..!,False,
@송특전사,너무 뭉클하고 감동적이다 ~❤<br>정말 말해뭐래 ~ 피붙이 손녀인걸 ~❤<br>예뻐게 컨거같아 ~❤,False,
@이순욱-v8z,왜나는 눈물이나네요,False,
@복희-j6k,에휴~~,False,
@minMin-ju8po,근데 어떻게 전며느리는 전시어머니에게 딸을 안보여줄수 있지?<br>독하다.  어떤 사연이 있다해도. 그리고 지금 만나는 것이 이상하네.  그것도 방송을 하고.,False,
@이기옥-m1j,얼마나 그립고 보고팠을까요,False,
@바다-p2f,진짜 손녀 복이다.. 행복하렴~할머니랑,False,
@윤해진-t3f,손녀분 마음이 너무 고와요^^❤❤,False,
@dignity_all,아 😢 너무 기쁘네요 ㅜㅜ<br>박원숙님 건강하세요<br>너무 축하드려요 ❤❤❤❤❤,False,
@아랑-e4v,할머니 음식 여행 많이 다니세요 돌아가시면 생각나요,False,
@자연인-w6z,19년만에 만나는 손녀을<br>왜? 방송에서,False,
@솔-v4l,왜 모지이크 처리 하나요,False,
@솔-v4l,손녀 얼굴도 보여주시지 똑같은 사람인데,False,
@은희-l5g,얼마나 벅차실까요...<br>아가 할머니 자주 자주 찾아봬었음 좋겠다,False,
@heyjjj9011,너무너무 축하드려요.행복한 시간들 보내세요,False,
@술람미여인-e1m,손녀가 얼마나 이쁠까? 눈에 넣도 안아플 손녀 자주보고 사시길 바래요 아들은 또 얼마나 보고싶겠어요 맘이 짠하네요,False,
@sbilu730,얼마나 좋으실까??? 손녀랑 자주 만나서 행복한 시간 많이 보내셔요~^^,False,
@박종옥-y4q,윈숙님  손녀분과  추억많이  만드세요  행복하세요,False,
@줌줌-d9h,❤❤❤❤❤❤손녀야❤할미한테잘해라,False,
@쭈-l3n,아들이 남긴 혈육인데 얼마나 보고싶었을까..아들 잃은 상실감을 어린손녀 보고 사셨으면 좋았을텐데.10년을 기다리셔서 만날 수 있어 다행이예요.,False,
@노은영-k8b,저도 손녀딸못본지3년됬는데 만난볼수있을지 희망입니다. 축하합니다,False,
@Today4520,이혼도 아닌데 <br>왜 매누리는 <br>안보여 줬나요?<br>누구처럼 친할머니가 엎어지면  코 닿는데 살면서 핏줄  안찾은것도 아니고<br>저렇게 그리워 했는데 <br>이제라도 만나니 얼마나 좋으시겄어요 <br>매누리가 재취자리 갔나보네요.<br>그래도 손주들은 가서 만나던데,False,
@원더풀조이-c2q,자식 키워보니 저 맘을 조금이나마 헤아려보네요. <br>세상에 누가 알까요.  자식을 가슴에 묻은 그 맘을. <br>그래도 박원숙님 손녀가 빛나서 삶이 회한만 가득하지 않으시네요. <br><br>빛나는 손녀와 행복가득한 삶되세요❤,False,
@loseweight9404,"손녀가 있어서 정말 좋네요.<br>얼마나 행복하셨을까.<a href=""UCkszU2WH9gy1mb0dV-11UJg/m8MfY4jbFsWJhL0PyouA2Ak""></a>",False,
@김코스모스-g9q,박원숙님 너무 젊어보이시고 건강하시다 ^^<br>방송계속 나와주시고<br>항상 행복하세요~~,False,
@박정숙-z4s,손녀보면 아들이 더 생각 나겠지요.,False,
@미경유-k4m,할머니보게하지 모질다,False,
@이영복-y5t,실루엣은 고딩생 같은..어려 보여요 <br>할머님께 잘 해드리세요~~,False,
@sungsukpark1306,손녀가 할머니께 사랑받을 기회를 <br>왜 딴사람이 결정하는지 ㅜㅜ,False,
@backyardchoi5473,저런 손녀가 있다는것 <br>박원숙님은 세상을 다 가졌네.<br>같이 시간을 많이 하길…,False,
@JJANG-es1ww,사정이 있으셨겠지만<br>손녀 좀 자주 뵙게 해주시지<br>하나 밖에 없는 아들 핏줄인데ㅠㅠ,False,
@할로할로-e3y,제가다 마음이 좋아요! 앞으로 좋은일만 생기셨으면 좋겠습니다,False,
@집에술없다,얼마나 그리웠을 손녀...왜 연락을 끊고 살았는지 이유가 궁금하지만 드디어 만나시네요-  매순간을 오롯이 행복하세요 😊,False,
@jjang-v8l,행복하세요 박원숙님!! 좋아하고 응원합니다!!!!!♡,False,
@이평온-t7y,어떻게 영닥까지 운전해서 갔을까???엄청 먼데,False,
@jiyoungjeong634,외아들이 갑자기 하늘로 가고 얼마나 슬프셨을지 손녀랑 오래오래 좋은 시간 보내시길요,False,
@홍-s9f,손녀가 너무 마음이 예뻐요,False,
@은희김-q4u,제가 감격에 겨워 눈물이 납니다<br>오랜시간 참고 지낸 그리움이  느껴집니다<br> 앞으로는 자주 만나며 살아갔음 좋겠네요,False,
@한주형-t8m,눈에넣어도안아프겠네<br>같이살고도싶겠네<br>자주만나세요,False,
@오명희-p1j,손녀가참착하네,False,
@하하즐겁게,죽으면 재산 손녀한테 물려줄텐데 일찍이 좀 찾아뵙지...박원숙씨도 재산 사회 기부하세요. 돈 물려줘야 고마운 것도 몰라요.,False,
@kik4247,원숙님 손녀분과 많은 추억 만드시고 많이 웃으시고 건강하세요❤,False,
@유동순-m4x,🎉가슴저리고. 애잔하고. 이쁘고. 사랑스럽고. 말해뭐해,False,
@Cherry-f7e,할머니의 마음<br>손녀의 마음<br>그리고 며느리의 마음<br>다 이해할순없지만 각자의 아픔을 딛고<br>지금은 웃으며 볼수있는 지금이<br>중요한것 같아요 <br><br>우리가 남의 가족을 욕할 자격은 없다고 보고요... 혹시나 박원숙님 가족이 보신다면 상처받을 만한 댓글은 그저 넘겨주세요,False,
@체리-i2p,핏줄은어쩔수읍어,False,
@hohok.8629,정말 잘 컸네요... 박원숙님 손녀랑 쭉 행복하시길~~~,False,
@미소-w4j7k,손녀 예쁘게잘 컷네 할머니 잘해드려요,False,
@은줌마,"시어머니가 박원숙이면 며느리 손녀 못살게 놔두진 않았을건데.. 라고 생각이 되지만, 다 각자 말못하는 사정이 있나봅니다. 박원숙님 손녀  며느리 가족 모두모두 행복하세요!!",False,
@아레레,박원숙 아들 죽고 며느리가 재혼했대요. 그 뒤로 박원숙이 손녀랑 연락 끊겨서 못본다고 방송 나와서 울고 그리고 연락이 닿아서 만났네요,True,@은줌마
@이플-w1n,손녀가 참 싹싹하네 할미닮은듯❤,False,
@user-mt9lt3rx1s,얼 마나 좋으 실 까?<br>아<br>휴<br>😊😊😊😊😊😊😊😊😊😊,False,
@최현정-t5s,살다보니  핏줄이귀하고 고맙다 보기만해도 행복하네요🎉🎉🎉,False,
@효순김-x2d,멋지네요 내인생과도 같아보여서 감동이네요 이경진님 몇칠전 생각했는데  건강하세요 이경진님!!,False,
@쏘울-d9z,서로 보고사세요❤<br>내 아들이 반은있는<br>손녀❤<br>서로 이해하고<br>보고사세요^^,False,
@kitchenofrona,찡하네요ㅠㅠ 두분 자주 만나셨으면 좋겠네요 ❤❤❤❤,False,
@흐르는물-g5f,이혼 하다라도 친척들은 만나게 해줘라..이사람들아~,False,
@chipmunkdambi,"손녀 잘 컸네요. 보는 제가 훈훈해요❤ 할머니는 아들을 잃고, 손녀는 어린 나이에 아빠를 잃었는데 참하게 잘 자라줘서 내가 다 흐뭇해요. 꽃길만 걸어요 ❤❤❤",False,
@푸른..푸른하리-j9h,박원숙님  ..하늘로간 아들이 유일하게 남긴 보물...저  이쁜 손녀를.. 넘오랜만에  만났는데도 눈물보다는 활짝 웃으며  반겨주시고..  그새 마니컷네요.그땐 방송에서 어린거같았는데..  손녀가 목소리만들어도 참 참하네요... 박원숙아드님 키우실땐 무지바쁘셨다는데..저렇게 예쁜손녀는 이제  여유있게 보시네요..건강하세요.. 손녀분도 건강하고 행복하게 지내요...보기좋습니다,False,
@토종복덩이,눈물나와 자주 보고 사셨으면 좋겠다,False,
@앨리스-s7z,드디어 <br>손녀랑 만나셨네요<br>넘 축하드리고<br>제가 감사하네요❤,False,
@이미경-h5j,드디어  만나셨네요~~<br>축하드려요~ 많이 안아보세요~~,False,
@jwjwhwu2253,박원숙 님 행복하세요,False,
@김민지-q3h4w,손녀가 참 고맙네요<br>원숙할머니께 잘해드리고 아빠생각하면서 할머니 자주찾아뵈요,False,
@코코수미,이제라도 손녀랑 행복하게 지내세요❤,False,
@투투네-g7e,어머~손녀 만나서 넘 반가우셨겠어요❤박원숙선생님 앞날에 기쁜 일들만 가득하시기를 바랍니다~❤,False,
@경은이-j3v,아들 잃고 힘든 시기에 손녀를 오랫동안 못 보셨다니 가슴 아픈 일이 있으셨네요ㅜ 항상 밝고 명쾌하셔서 이런 아픔이 있으신 속사정을 몰랐네요.그동안 아픔이 많으셨을텐데 잘 이겨내시고 멋있게 잘 사셨다고 안아드리고 토닥여 드리고 싶어요.손녀딸한테라도 남은 여생 원없이 사랑 베푸시고 행복하고 건강하게 지내셨음 해요,False,
@나연고-p2w,할머니는 만나게 했어야지  전 며느리도 좀 그렇다,False,
@자두1박스,"보는데 왜 눈물이,,,ㅜ<br>할머니, 손녀 그리고 모두 행복하세요🌿",False,
@권은희-z8c,며느리는  하나밖에  없는 핏줄인  손녀는 만나게해주지~<br>박원숙님은 얼마나 한이 되었겠어요?!<br><br>아들보내고 얼마나 힘들었겠어요~<br>마음이 다  아프네요~,False,
@춘천할머니,손녀딸이 참 예뻐요 마음씨가....,False,
@eramorgeta3291,아이구 드디어 만나셨구나.. 손녀분 마음씨도 너무 예쁘게 커주었네요..오래오래 행복한 시간 함께 하세요^^,False,
@이효진-v5g,"아고 손녀분 할머니께 잘해주세요 손녀분도 너무 어렸을때 아빠를 여의고 마음고생 많았을텐데.. 아빠의 엄마,여인,딸 모두 많이 힘든시간이었을거 생각해보니 참 가슴이 아프네요~ 손녀분 진짜 목소리도 너무귀엽고 착함이 느껴지네요^^ 행복하시길 바래요♡♡",False,
@whateverkim3068,어릴때 저 딸데리고 엄마가 바로 재혼하셔서 친아빠 빈자리 모르고 컸을꺼예요,True,@이효진-v5g
@estherkim5229,눈에 넣어도 안 아프다는게 뭔지 보여주시네요. 행복하세요^^,False,
@user-oq8dt5st8o,아무리 재혼을 했었어도 할머니와 긴세월 연을 끊고 살게한 며느리 참 야속해보이네요.,False,
@lkm5944,보는 내내 계속 눈물이 나네^^;;,False,
@TY--,며느리가 재혼을 좀 일찍 하긴 했어,False,
@더블비-v6q,희경인가 저분은 손녀한테 할머니모시고 여행많이 다니라고ㅋ 꼭 저런사람있더라. 알아서 잘할거니 입좀다무세요,False,
@skylake7957,손녀가 연락이 올까봐 전화번호도 못 바꿨다고 하던 시절이 있었는데…  기쁨 한 스푼…,False,
@민트-c3i,"세살부터 초등학생때까지가 젤 예쁜데..얼마나 아른거렸을까.조카도 가끔씩와도 매일 보고싶고,영상보고 그랬는데",False,
@홍성남율리안나,순녀 상봉 많이많이<br>축하드립니다.<br>앞으로도 자주보시고 행복하세요🎉❤,False,
@나나-f3v2s,방송에 나와서 늘 손녀보고 싶은 마음을 이야기했는데 19년만에 만나게하다니... <br>손녀 엄마가 진짜 재산 가지러보냈다는 댓글을 탓할수가 없네요.,False,
@희망-s9x,고1부터 연락은 되었다고 하네요,True,@나나-f3v2s
@나나-f3v2s,@희망-s9x  다행이네요. 생각할수록 슬펐는데,True,@나나-f3v2s
@김소연-y4r5q,손녀분 고맙습니다. 건강하고 행복하고 화평하세요,False,
@구름-o7v,얼마나 많은 생각이 드셧을까요?<br>내 새끼의 분신을 보는 어미의.마음은..누구도 헤아릴수 없겟죠.<br>며느님이  유연한생각 가지시면 좋겟어요!,False,
@김미선-n8v2p,할머니랑 같이 여행도 다니고 좋아보여요~~박원숙님 손녀랑 행복한 노년보내세요,False,
@청배블,다들 소설을 너무 쓰시네<br>연락이 끊겼다했지<br>며느리가 못보게 했다는게 어디에서도 안나오는데<br>박원순님도 사정이 있어 어찌어찌하다보니 세월이 그리 흐른걸수도 있는데<br>댓글들 진짜 너무 가관이네요<br>무슨 이제와서 재산 노리고 만나게 하는것마냥<br>아들죽고 바로  연락 끊은것도 아닌거같고,False,
@동그라미-d2e,연락이 안되서  못봣다고 너네들끼리 잘살라고 생각햇다는건 며느리가 연락을 피한거지  안그래도 힘든사람<br>10년이나 연락을  안한건 며느리가 넘 이기적인 거죠  중학생한테 물어보니<br>일년에 몇번은 만나야지 하던데요,True,@청배블
@청배블,@@동그라미-d2e 며느리도 사람이고 막말로 시어머니는 며느리한테 남입니다..중고등학생때면 딸도 한창 사춘기이고 공부할땐데 그땐 자식도 내맘대로 안되요 자식위해 엄마가 그런걸수도 있는데<br>무슨 손녀가 할머니 보고싶은데 못보게한냥 사정도 모르면서 그런소리하는건 아니죠<br>박원순씨가 안됬지만 엄마도 자식위해 그런강요 안했을수도 있다는 생각은 못하세요?,True,@청배블
@동그라미-d2e,@@청배블  사정은 무슨사정 알년에 몇번이라도 찾아뵈야 며느리 로서 도리입니다<br>남편을 봐서라도 ..,True,@청배블
@Chung-gi3dm,@@동그라미-d2e 맞다고 봅니다.,True,@청배블
@청배블,@@동그라미-d2e 며느리이기전에 애엄마 입니다 자식이 더 중해요,True,@청배블
@핫쵸-k1j,자기필줄만큼 좋은게 어디 있을까요,False,
@user-2puhc5u7ie3,박원숙 선생님. 손녀가 낳은 아이들까지 다 보시고 이 행복 오래오래 누리시기를요. 😊  제가 다 맘이 좋네요❤,False,
@Oliviainnewjersey4383,예전에 한 방송에 박원숙씨손녀어릴때 나온거몇번 봤는데 이렇게 예쁘게 잘커줬네요 ㅎㅎ <br>앞으로는 자주 만나서 좋은일도 행복한 일만 가득하시길 바래요,False,
@핫쵸-k1j,저도 기분좋고 기뻐요<br>너무좋네요,False,
@긍정에너지-x3w,손녀 그립다 하시는 거 본 적 있는데...잘 됐네요^^,False,
@우정현-d6f,드뎌 손녀 만났나요? 축하드려요,False,
@이미경-k4n8c,고정인가 추가 출연하시는분들😅,False,
@하늘땅-b4e,너무 축하드립니다 ❤사랑을 줄사람이 있어서 행복하실겁니다❤❤❤❤,False,
@user-fu8rx5ec7p,며느님이 재혼하고 새가정이 생겼다면 당연히 연락안하는게 새가정을 위해서 좋았다면 그게 맞지요,False,
@이영복-y5t,핏줄은 참...그렇습니다!!,False,
@박시하-e8s,손녀 키우는데 눈물 나네요 그래도 잘 자란 손녀  잘키운 며느리 감사하겠어요,False,
@부자엄마-z1g,손녀와함께 누워계시는모습<br>넘 따뜻해보이고 이보다더행복한순간이 있을까요~~,False,
@부자엄마-z1g,원숙님 건강하게오래오래사시고<br>손녀분 할머니안부 1일1통화하시고요.<br>원숙님 못보는동안 얼마나그리우셨을지 ㅎㅎ<br>가슴이 미어지네요.<br>원숙님 넘 열심히사셨습니다.<br>건강하시고 쭉행복하세요~,False,
@user-ju5xc2yj1w,침대에 누워서 마주보고 대화만 해도 행복하신가봐요...  <br>참 귀한 시간이네요...,False,
@hysmom1937,슬프고 짠하고 아프고 하지만 또 잘 자라준 것에 감사하고 만감이 교차하네요!!,False,
@klobelimimi,며느리는 새남편 만난거죠?<br>그러니 손녀를 못만난거죠????,False,
@희망-s9x,재혼했다고 하네요,True,@klobelimimi
@yericho7148,다들 오래 오래 건강하세요~,False,
@鄭秀文-b8d,19년만에 ?<br>그냥 인연 끊고<br>사세요<br>손녀고 며느리고<br>남보다 못한 존재이니<br>그냥 손절 하고 사심이<br>생명을 연장할듯 !,False,
@영임이-y8f,박원숙님 다큰손녀보시면서 행복하세요 <br>아픈가슴은 더이상 아프지않으시길 바랍니다,False,
@rirulee1034,너무 감동이에요. 아들보내고 손녀도  못보고 얼마나 힘드셨을까요... 잘커줘서 고마워요 ❤❤,False,
@BloomingEmma,그놈의 ㄱ글 에서 벳프리 댓글 ㅈ 나많네 그렇게죠 좋은가보지 보러갈까??,True,@rirulee1034
@곽슨생,제가 눈물을 훔치면서 봤어요,False,
@l.e.j9724,@@곽슨생  저도요~🥹,True,@곽슨생
@cyj7730,내 딸아이랑 또래.<br>할머니 찾아 줘서 고마워요.,False,
@수국-g8s,손녀가 너무 잘 컷네요<br>목소리만 들어도 느껴져요<br>멋진 박원숙 배우님 손녀랑 행복하세요^^,False,
@PhyllisShamus,여기댓글 왜이럼 ㄷㄷ ㄱ글 에서 벳프리 도대체 머길래--,True,@수국-g8s
@둥이들일상-g6w,손녀가 참 할머니  사랑듬뿍 받았던 어린시절기억하고 있었네 ㅠ 맘씨 예쁘다,False,
@Itsgood-gs8ky,난 박원숙님이 옛날에 아들한테 못해준게 많아서  한이된다고 했던말  에  난 내아들들한테  후회하지않게  능력껏  해준다  오늘죽어도 후회하지않게 ❤,False,
@밀쿠찡,눈물난다…행복하셨으면….,False,
@둥이들일상-g6w,손녀가 너무 착하네 그래도 할미 찾아오고,False,
@씅씅패밀리,엄마가 아이를 참 잘 키우셨어요<br>혼자서 힘드셨을텐데<br>고생하셨어요<br>프로그램 처음 부분만 보았고<br>다리 위에서 할머니와 친구분들이 안아주는 모습만 봐도 이미 슬퍼서 볼 수 없었네요ㅠ<br>자주 할머니 만나면서 지내요❤,False,
@서종희-i7l,그런 엄마 시엄니 세상에 없으니 한번이라도 손이라도 더 만져줄걸하는 아쉬움이~,False,
@김민정-i2c8e,전 며느리가 재혼했어도 손녀랑 왜 연락이 끊겼는지? 좀 너무 잔인했던 긴 시간은 아니었는지?😢😮,False,
@sunnykim6731,중간에 원숙씨가 힘든시기에는 볼 수 없다잖아요.,True,@김민정-i2c8e
@fghgghdru,영덕에서 첨만난게 아니라 고1때부터 연락하면서 만나왔어요 할머니랑 온천여행도 다녀왔다는구만 제목으로 조회수끌라고 ㅡㅡ,False,
@쭌스-q8i,손녀  다시 만나는거  추카 드려요!  행복하세요!,False,
@서종희-i7l,분명 아들의 자녀인데 아들이 없으니 얼굴도 안보여주는 며느리 이해해야하나??<br>안타깝다,False,
@정연희-q6w,이 프로에 혜은이 그만 출연했음 해요. 예능감 떨어지고  대화 내용도 이해하지 못하는데 왜 계속 출연하나요,False,
@최정희-z9m,보면서 계속눈물이나네요<br>기쁘도 눈물 슬프도눈물이네요<br>손녀딸을 만나서 얼마나 좋을까요 오래오래 행복하시고  돈ㅎ  많이 모으셔서 손녀따님한테  물려주세요,False,
@juhee7135,어린 손녀가 할머니를 얼마나 그리워했을까요..…ㅠㅠ 자식 먼저 앞세우시고 손녀 마져 못보게 되셔서 얼마나 마음 아프셨을까요…이제 헤어지지마시고 두분 오래 오래 행복하세요❤❤,False,
@라떼맘-w6f,"새로운가정 꾸리고 재혼한 남편,가정 때문에 연락을 끊을수밖에 없었겠지만..아들도 없는분한테 그 긴시간동안 손녀도 못보게 한건 너무 잔인하네요ㅠ 가끔 1,2년에 한번이라도 보여주지...어쨌든 할머니 재산은 손녀에게 가겠네~<br>상속받을 재산에 전 며느리분은 당연히 원하지않겠지만? 관심도 없으셨으면 좋겠네요.",False,
@청배블,배들이 아픈건가? 왜 남의 재산에 관심이 이리 많지?,True,@라떼맘-w6f
@mshannah9360,내가 다 떨려요. 손녀분이 나와줘서 제가 다 고맙네요.,False,
@우주를총동원해,큰맘먹었네,False,
@v4x-v4k,세상에 아들이 손녀를 남기고 갔군요 그것도 복이네요~^^,False,
@토마토-g1w,나도 늙었나~ 손녀 끌어 안는데 눈물이 왈칵 쏟아 지네요ㅠㅠ,False,
@백운호수-z3b,참 그러네요  내자식이 떠나고나면 그자식들의 분신들은 자연스레 만나기가 어려우니 정말 가슴아픈현실이지요<br>먼저 보고싶으니 만나자고 할수도 어려운 일이라 내자식이 떠나버리면 그쪽에서 손 내밀기만을 바랄수 밖에 없다는게 슬프네요. 보는동안 가슴이 뭉클 눈물이 나왔어요  그래도 이쁘게 손녀님이 잘 커 주었으니 너무 감사하구요~,False,
@maysun9875,보는 제가 흐뭇하고 감동적이예요,False,
@소양슈기,아빠없이 저리 딸을 잘키워서 할머니한테 보내줬는데...뭘 더 바라나요??~~~,False,
@user-pc8oi7sq5i,새로 시집갔어요,True,@소양슈기
@소양슈기,며느리 욕하지맙시다~!!그분도 힘드셨을텐데~다 각자의 사정이있는건데..,False,
@초록무민,남편 사별하고 제정신이었을까요,True,@소양슈기
@jwjwhwu2253,아무도 욕하는 사람은 없어요,True,@소양슈기
@estherholliday9071,정말 기쁘네요! 많이 많이 행복해세요!,False,
@내꺼-p8m,손녀 만나는 모습보고<br>함께 기쁘고<br>울컥~<br>마음이 짠했써요.<br>오래오래 건강 하세요,False,
@BloomingEmma,ㅋㅋㅋㅋㅋㅋ ㄱ글 에서 벳프리 모솨서 잼민이 발정났누?,True,@내꺼-p8m
@소양슈기,보기 좋아요♡,False,
@메블tv,왜 손녀를 친할머니랑 못만나게 하며 살았을까?,False,
@포대기,나도 박원숙님이 손녀랑 만나는  이날을 기다렸어요.❤<br>살다보니 이런 날 오네요.<br>축하합니다.<br>행복하세요❤❤❤❤❤,False,
@user-ej64kxn4sjxjf7,눈물나요ㅠㅠ박선생님 이제 손녀따님이랑 행복만하세요ㅠㅠ,False,
@엘로우-f4v,손녀가 26살 잘컸더라  어릴때 헤어지고 고딩때 만났다고 나오던데 아들한테 못해준거 손녀한테 해주겠다고 하니 눈물나네요 행복하세요 ~,False,
@지후-z3m,자식이 없으니 더 보고싶겠죠 .내리 사랑인데 손녀가 얼마나 그리울까요 건행 하세요,False,
@박경준-z9f,마음이 짠하고 감격스럽네요..!! 하나밖에  없는 피붙이니 얼마나 소중하겠어요...(근데  사선가는 전부 싱글만 출연인가요..?),False,
@김미미-n5y,할미한테 좋은사람 소개팅해달라하세요ㆍ  손녀딸많이 사랑해주는남자,False,
@숙희김-s4i,세상에.19년만에,False,
@희망-s9x,정확하게 고1부터 연락은 되었다하네요,True,@숙희김-s4i
@김미미-n5y,자식들  부모가 어떻게 뒷바라지해 키웠는데   효도하고 말좀 예쁘게하길 바랍니다,False,
@김미미-n5y,손녀님 할머니한테  잘해드리세요ㆍ 아빠에 눈물을 손녀가 닼아주세요,False,
@희망K-y7n,며느리가 재혼을 해도 그렇지.  약 20년인 19년간 손녀를 못보게한것은 정말 너무합니다. 박원숙씨는 남해집도 손녀 이름으로 짓고 손녀가 자기 목숨일텐데. 제가 예전에 남해에서 박원숙씨를 만난적이 있습니다. 방송과 똑같은 너무 순수하시고 인자한 모습이었습니다. 그때는 아드님이 돌아가시고 나서 얼마지나지 않았을 때였읍니다. 실물도 나이에 비해서 젊으시고 아름다운 모습 이셨습니다. 그때 손녀와 며느리자랑을 얼마나 많이 하시던지? 그이후 방송에서 손녀가 연락이 안된다고 우시는 모습을 보고 얼마나 마음이 아팠던지 모릅니다. 손녀한테 재산을 물려주고싶으면 며느리가 나쁜 마음을 못먹게 안전장치를 꼭 해두셔야 합니다.,False,
@레이튼-p9u,어느댓글에 보면 사고나기전에 이미 이혼 했었다고  하던데 잘은 모르겠어요 이미 재혼했었는지,True,@희망K-y7n
@현아이-y1u,@@레이튼-p9u 그건 아니에요,True,@희망K-y7n
@희망K-y7n,@@레이튼-p9u 아드님과 며느리가 대학교커플로 아드님이 돌아가실때까지 엄청난 잉꼬부부였습니다.,True,@희망K-y7n
@동그라미-d2e,말도 안되는소리 며느리도 보겠죠<br>보는게 인간에도리죠<br>재산을떠나서 손녀가 있는데,True,@희망K-y7n
@청배블,에휴...소설을 써라...,True,@희망K-y7n
@새들송,에이ㅜ 눈물난다.,False,
@unek-q5e,19년간이라니???  며느님도 아무리사정이 있다해도 좀심하네,False,
@정연희-q6w,아니에요. 자막에도 나오듯이 초등 입학전부터 중학생때까지만 못본거에요. 그러니 10년 정도 못 본거고 고1때부터 봤대요,True,@unek-q5e
@풀꽃향기-r3v,@@unek-q5e 초등 들어가기전에 헤어져서 고1부터 만나기 시작했데요 10년만에 다시 만났네요,True,@unek-q5e
@Chung-gi3dm,@@정연희-q6w 가장힘들고. 어리고 한참 예쁠때 봐야지 10년은 짧습니까?.ㅜ<br>박원숙씨 팬도 아니지만 혼자남은 원숙씨가 넘안됐고. 며느님이 냉정 좀그렇지 <br>않습니까?,True,@unek-q5e
@정연희-q6w,@@Chung-gi3dm 님 생각도 공감합니다. 어릴때 성장과정을 함께 못한 건 정말 안타까운 일이죠. 잘 모르지만 박원숙 씨가 한방송에서 손녀가 전화올까봐 전화번호도 안바꾼다 했었고 손녀가 사춘기가 지날 무렵 고1때부터 만나게 했던거 같아요. 이건 제 생각입니다.,True,@unek-q5e
@Chung-gi3dm,손녀엄마가 재혼하느라 어릴떄부터 클때까지 못만나게 한 손녀 엄마는 못됐다 본다. 박원숙씨<br> 아들 교통사고로 세상 떠나 가장 슬플때  또 가장이쁠 어릴때 손녀를 오랫동안 못 보게 하다<br>커서 만나게 한건 무슨 경운가?ㅜ 어릴때부터 계속 봐야 더 정이 가지..박원숙씨는 이래저래 <br>불쌍하네. 손녀 엄마를 보면 별로 넘 다 해줄 필요 없다 본다. 얼굴은 왜 공개 안하나?.ㅜ,False,
@soribori4132,아들 사고로 잃으시고 연락 끊어진 손녀한테 연락 올지 몰라서 전화번호 바꾸지 못하고 사셨다고 들었는데. 손녀가 커서라도 이렇게 할머니한테 와주니 제가 다 고맙네요.,False,
@김애자-d8s,뭐가헛짓인가요 보는  내내  감동  이었는데요​@@해선이-s4j,True,@soribori4132
@핑구핑구-d9c,@@해선이-s4j 글과  말  다    함부로  쓰는거  아니예요,True,@soribori4132
@개도안물어갈눔,@@해선이-s4j ㅋㅋ 니가뭔데,True,@soribori4132
@s메이플,아유 눈물나요. 손녀가 얼만 그립고 보고싶으셨을까,True,@soribori4132
@OK-xe6cx,​​​해선이 생각에는 헛짓거리로 보이는것 같은가?  유일한 아들의 혈육인 손녀를 사랑하는 것은 인지상정 인데 손주손녀가 얼마나 귀엽고 이쁜데...@@해선이-s4j,True,@soribori4132
@이복자-g7z,앞으로   좋은일만생각하세요   항상 응원합니다,False,
@로얄올리브,너무 보기 좋습니다❤❤❤,False,
@정효숙-r8c,큰나무 같은 할머니 마음과 사랑만으로 족할 손녀인것 같아요♡<br>다음여행때는  본인이 할머니 모신다니 참 반듯하게 잘 살아 가리라 믿어져오~~,False,
@김혜숙-w5b2x,박원숙씨   맘이 너무좋겠네요    정말 저도  눈물 나오네요     맘아픈데 좋은 관게  계속 유지 하면서 지내세요 정말   박원숙씨  눈물 나게보고있 습니다 ❤❤,False,
@염색중-x4j,손녀가 아니라 딸인줄,False,
@강민정-u5u,이쁜 손녀와 행복하게 사시길~~~바래요,False,
@TV-ug8dh,에고 예뻐라,False,
@user-LOSSER39,다시 만나서 참~다행입니다.. 다 각자의 아픔이 슬픔이 사라지고 행복하기를❤❤,False,
@timeless9763,"아무것도 없이 그냥 처음 만나는 순간부터 그맘을 알고있기에 눈물이 나네요.. 마음이 아리고 짠하고 , 아련하고, 설레며 사랑스럽고, 소중하고 벅찬마음😂😊",False,
@moonlight3373,19년이라니..재정신인가.며느리 절대 용서하지마시고 재산도 주지마세요. 이제와서 만나게 하는 의도가 보입니다.,False,
@정연희-q6w,뭔 19년? 초등 입학전~중학생때까지 10년정도 못보고 고1때부터 만났다잖아요.,True,@moonlight3373
@박금숙-i9q,안봤으면  말 하시지  마셔요  무슨  넘 일에  관심이  자기  가정이나  잘챙겨셔요,True,@moonlight3373
@연화화-f2b,오레전부터<br>만나왔군요,False,
@코코-y3r,눈물 나네요..자주 만나세요,False,
@kanomora4950,할머니의 마음이 어떤건지 손녀가 클수록 더 알거야.<br>떠난 아들의 흔적인데.그 마음이 얼마나...,False,
@천영미-h6i,이상한댓글다는양반들 공감능력이 없구만  나가시요,False,
@천영미-h6i,비꼬지들말고그냥보시요들!,False,
@천영미-h6i,당연히 물질적으로있으면더좋은건 누구나 똑같지않나?  왜배가아픈가  심보가그러니 이런모습이 샘나나보지 열등감으로  쌓였네,False,
@raindrops-m8u,근데<br>왜  그동안  못만났는지몰겠네요<br>며느리가 재혼했다해도<br>손녀가  가끔 할머니보러 왔을텐데,False,
@천영미-h6i,하나밖에없는손녀가 얼마나예쁠까요~ 아들의분신이자  할머니의 행복이네요~~,False,
@책읽어주는여자홍퀸,@@천영미-h6i 그러게말입니다요,True,@천영미-h6i
@벼리-g3d,@@천영미-h6i 할머니 유전자의 수혜자,True,@천영미-h6i
@l9금-야뎡-보관소H-u7n,"저도 눈물이 많아~ 나네요 하지만 지금,,,,, 너무!! 행복하죠 손녀 땜에",True,@천영미-h6i
@RowenaZelda-z8i,ㄱ글 에서 벳프리 보느라 눈밑에까지 다크써클 들어옴 ... 진짜 근데이뻐서 눈을못떼겟다...?,True,@천영미-h6i
@PhyllisShamus,ㄱ글 에서 벳프리 보고 나면 다낵질 보충제 한사발 빨아야 한다는데 사실인가요?,True,@천영미-h6i
@karliekloss9041,이제라도 손녀 만나게 되어서 너무 잘됐어요. 그사이 손녀가 얼마나 보고싶으셨을까요 ㅠㅠ,False,
@raindrops-m8u,예전에 많이하던  토크아침방송에<br>박원숙씨랑  5살쯤된 손녀랑 며느리랑 출연해서  얘기하던생각<br>나네요 <br>며느리자랑 많이했고   차분했던인상<br>손녀도 예뻤고 ~,False,
@이경숙-z6g3c,@@raindrops-m8u 방송보면서 펑펑 울었어요  아들한테 못해준거 손녀한테  잘해줘야 하셔서 얼마나 보고싶으셨겠어요  손녀딸과 자주보시고 건강하시기를 간절히 바랍니다^^,True,@raindrops-m8u
@jungsky1644,할머니가  가난한 사람이었다면<br>오히려 더 짐이  되니<br>아무래도 더 멀어졌을텐데<br>그 며느리입장에서는<br>새로운 배우자 만나고<br>경제적인 도움도  엄청난  유명한<br>연예인할머니라  더 끈끈하겠지요<br>한마디로 꽁먹고  알먹고,False,
@청배블,에휴..그런것만 보는 인간도 참..그렇게 계산적이어서 잘됬겠수,True,@jungsky1644
@nany7608,경제적인 지원을 계속해준 할머니이면  10년만에 만나진 않겠죠,True,@jungsky1644
@jungsky1644,@nany7608  손녀 7세부터<br>만나기 시작했답니다,True,@jungsky1644
@청배블,@@휘바시바-x6e 돈많으면 어떻게든 붙어먹으려했겠지요<br>연락안될땐 박원순씨가 그지였나요?에효,True,@jungsky1644
@희망-s9x,​@@jungsky1644손녀 7살까지 만나고 연락이 끊겼다가 고1부터 만났다는 거 같은데요😊,True,@jungsky1644
@jinjin0531,손녀도 댓글 볼 수 있는데 며느리 욕을 왜하나요? 그냥 할머니와 손녀의 만남을 축하해 주세요! 남의집 가정사를 추측해서 댓글 달지 말자구용! 😊,False,
@Chung-gi3dm,며느리가 잘했다 봅니까?.ㅜ 원숙씨 입장이었다면 어땠을지..,True,@jinjin0531
@jinjin0531,@ 박원숙선생님이 이런 댓글 달면 좋아하실거 같아요? 축하의 시간엔 축하만 해주세요~,True,@jinjin0531
@청배블,​@@Chung-gi3dm재혼해서 사별한 남편 어머니랑 잘지내는것도 눈치 보이겠지요...참...뭐눈에는 뭐만보인다고..한쪽 입장만 생각하는 늙은이들..자식한테는 어쩌고 살는지,True,@jinjin0531
@푸씨-y4m,​@@청배블누가 시어머니 만나라고했나<br>손녀랑 연락할수있게 해줘야지<br>이제와서 만나게 해주는것도 웃깁니다<br>나쁜생각이 안들수가없어요<br>재산 손녀한테 물려줄수있으니<br>이제와서 만나게 해주는느낌?,True,@jinjin0531
@청배블,@@푸씨-y4m 에효..저기요<br>돈 생각했음 돈많은 시어머니랑 <br>아에 연락을 안할생각을 안했겠지요 어떻게든 붙어먹으려고 했지요<br>어찌 생각하는게 1차원 이신가요?,True,@jinjin0531
@노을-h7f,우와 손녀애가 26살?박원숙 50살도 안 되어서 손녀 봤나보네  일찍도 봤다,False,
@최기현-g9f,팔푼이같은 혜은이 하차시켜요 볼때마다 고구마먹은 느낌 안문숙하차시키고 왜혜은이은  박원순 손녀만나은것때문에보지 평소엔 재미없어안봄  주위사람들도  안문숙하차후안들봄,False,
@정오아시스,눈물난다 아들 생각에 저 분 가슴이 얼마나 매어졌을까요 아들의 핏줄이 왔으니... 죽은 아들이 돌아온것 같겠다<br>많은 재산 물려줄 손녀가 있으니 인생이  허무하지 않네요,False,
@l9금J양-풀버전-야스-i2k,이제라도 손녀 만나게 되어서 너무 잘됐어요! 그사이???? 손녀가 얼마나 보고싶으셨을까요~~~~~ ㅠㅠ,True,@정오아시스
@1004choi,친할머니를 왜 이제 찾을까~~~,True,@정오아시스
@leekelly6511,"박원숙씨가 며느리 재혼을 반대하는 것도 아니고 오히려 행복하게 가정을 꾸리라고 위로해줬다는데<br>며느리 입장에서는 재혼하면서 사별한 남편의 어머니랑 연락하기가 껄끄러웠나봐요<br>솔직히 이해가 안 가고 며느리가 원망스럽습니다. <br>아들과 손녀를 동시에 잃은 아픔을 감히 헤아리지도 못하겠어요<br>지금이라도 손녀랑 많이 행복하세요, 제가 제일 좋아하는 아줌마(?) 연예인이에요",False,
@평강공주-z3j,@@leekelly6511 <br>재혼해도 손녀 크는 모습은 보여줬어야지~,True,@leekelly6511
@dreameroh4819,재혼하는데 연락이어나가기도 좀….이해해야죠.그래도 손녀는 가끔 만나게 해줬어야지요.,True,@leekelly6511
@칙칙폭폭-h9z,그 분이라고 경황이 있었을까요..사랑하는 남편 하루 아침에 잃고 아이와 덩그라니 남겨졌는데..<br>지금이라도 이리 만날 수 있는 게 그저 감사한 일이라고 생각되네요^^,True,@leekelly6511
@쭈-l3n,손녀와 할머니는 천륜인데 만나게해줬어야지.,True,@leekelly6511
@Rubylovey-j4d,@@leekelly6511 말 못할 사정이 있었겟죠 뭐.... 그저 지난날들이 슬프네여,True,@leekelly6511
@mandyh9906,얼마나 보고싶고 애가 끓었을까요...박원숙님 이제 손녀랑 행복하세요❤,False,
@박숙희-k9o,"아들보듯이손녀라도보고사셔야지,며느리도자식인데한번씩보세요,그래도남보다낟지안겠어요.아들보고싶은게좀메꿔질거예요,",False,
@naeunmarx4509,그게 며느리랑 손녀한테 도움이 된다면 그렇게 하실거고 그게 며느리한테 부담이 안되면 안 하실 분같아요.,True,@박숙희-k9o
@Chung-gi3dm,아들 사고로 세상떠난지 얼마 안되서 재혼하고 손녀도 오랫동안 못보게 한 며느리를 <br>왜 보라 하는지 참.ㅜ,True,@박숙희-k9o
@레이튼-p9u,아들없는 며느리는 자식느낌은 없을거 같은데,True,@박숙희-k9o
@정희이-w7m,손녀랑 지엄마는 좋겠네 부자할머니둬서,False,
@승배이-s9k,독한며느리.<br>혼자되어<br>아들만바라보고<br>살았을텐데~<br>굳이<br>손녀와연을끊고<br>살게했던<br>며느리가<br>야속하기만합니다.,False,
@초이-s1x,@@승배이-s9k 양쪽말 다 들어봐야지요,True,@승배이-s9k
@승배이-s9k,"@초이-s1x  <br>이유야<br>어떻든간에~<br>모질기만한<br>며늘님.<br>제,생각입니다.<br>사람마다<br>생각이다르니~",True,@승배이-s9k
@동그라미-d2e,듣긴뭘 들어요 며느리가  속이좁은거지<br>10년이나 못보고 살았다니 너무하네,True,@승배이-s9k
@정오아시스,이유가 있었겠죠,True,@승배이-s9k
@승배이-s9k,@@동그라미-d2e <br>격하게<br>공감합니다.<br>아마도<br>며느리도<br>세월흘러<br>나이들다보면<br>후회하리라<br>생각합니다.,True,@승배이-s9k
@Gracia78,혜린양! 할머니 ㆍ엄마 입장다 이해할수 있는 건강한 성인으로 성장해서 넘 예뻐요ㆍ<br>앞으로도 소통 잘하고 행복하길 바랍니다ㆍ,False,
@로아-w4n,영상보기전부터 마음이 먹먹하고 얼마나좋으셧을가 공감되네요 ~,False,
@Jungmin-r5j,너무 보기좋아요<br>손녀 잘컸네요. 건강하셔서 손녀랑 자주 만나시고 손녀 계속 성숙하면. 할머니 잊지못할겁니다<br>지금 너무 멋쪄요,False,
@달달무슨달-g9z,손녀가 참 애교있게 잘하네여,False,
@행운-t5o,친손녀인데 얼마나 보고싶을셨을까요 할머니인데 어릴때 성장하는 모습 보셨으면 좋았을건데...,False,
@미친것처럼-e1m,손녀만나신거보고 저도기뻤어요 얼마나 보고싶으셨을까요,False,
@보리.유자맘,재혼해도 손녀와 시어머니  끊을 끊어 버린 옛며느리가 꼭 그리해야만 했는지요  자식 잃은 슬픔을 손녀로 일부 채울수도 있었을텐데,False,
@윤복이-u7q,@@보리.유자맘 그사람은 그사람 나름의 사정이 있을겁니다.,True,@보리.유자맘
@동그라미-d2e,며느리가 임신을 햇다면 그럴수도 있겠네 이유가 있다 잖아요,True,@보리.유자맘
@라라라-s9c,사정이 있었겠지요,True,@보리.유자맘
@Chung-gi3dm,@@윤복이-u7q 아무리 사정이 있더라도 냉정하고 못된거 같네요. 원숙씨는 혼자남고<br>힘들떄.. 한참 예쁠 어릴땐 안보여주다 이제와서..생각만 해도 화가 치미네..,True,@보리.유자맘
@청배블,​@@Chung-gi3dm자식있죠? 자식잃은 부모입장에서만 이해하네요~,True,@보리.유자맘
@문여사-e1c,보는 내내 눈물이 났어요 손녀딸 너무 예쁘게 커줘서 고맙다는말에 당연한건데도 그립네요 아빠가 얼마나 보고싶을까..<br>.,False,
@이미경-i1d,며느리를  시집보냈다고  하던데  박원숙이,False,
@Chung-gi3dm,그런얘긴 첨 들어보네.,True,@이미경-i1d
@최명숙-p5q,정말  잘커 줘서 고맙네요   뭐 가 필요 하겠어요   감사하네요   원숙언니   항상 건강하세요,False,
@물방울-t3e,예능감 1도 없는 혜은이는 왜 안빠지고 재치 넘치는 안문숙을 왜뺀거야?  원숙이 땜에 살려둔건가?,False,
@유뿌뿌-u8q,빠진데에는 이유가 있겠졍,True,@물방울-t3e
@최명숙-p5q,무슨 말씀을   그리하옵니까,True,@물방울-t3e
@권유심-j4s,@@물방울-t3e 시끄럽다 여기서 이러고싶니. 그냥혼자 삭혀!,True,@물방울-t3e
@user-fu8rx5ec7p,그렇죠 박원숙님이랑 친척이라,True,@물방울-t3e
@Chung-gi3dm,워메..이경진씨 오셨네요.손녀도 반갑지만 이경진씨 보고 넘 반가워 첨 보자마자 댓글부터 <br>다네요. 안문숙씨 빠져 아쉬웠는데..이경진씨 오시니 넘 좋네요. 박원숙씨도 좋고요.<br> 오래 있어 주세요.ㅎ❤😄,False,
@카이저-f5i,하늘로간 아들의 손녀를보는 할머니마음 ❤❤❤눈물나,False,
@DianeLarissa-s2n,헬창들도 ㄱ글 에서 벳프리 보면 근육 다빠진다며 ㅋㅋㅋㅋㅋㅋㅋㅋㅋ 사ㅋ실ㅋㅋ임ㅋ?ㅋ? ㄱ글 에서 벳프리 모솨서,True,@카이저-f5i
@황제의성,할머니가  많이 잘못 했는모양,False,
@user-tq8vw2jw3o,사고 뉴스 본 게엊그제 같은데 벌써 ...,True,@황제의성
@캔디고이야기,@@황제의성 아들 돌아가시고 며느리분이 재혼 하셔서 연락이 끊긴걸로 압니다,True,@황제의성
@한혜원-j3o,잘못한게 아니고 새가정에 적응하며 살라고 그리움을 뒤로한채 조용히 기다리신 거에요~,True,@황제의성
@user-tq8vw2jw3o,@@한혜원-j3o 당시에는 며느리가 재혼하면서 데려가더니 연락울 끊어버렸다며<br>황당해하는 방송 본 적 있어요. 며느리가 인성이 별로인 것 같더라고요.,True,@황제의성
@joungalee7941,저도 눈물이 많아 나네요 하지만 지금 너무 행복하죠 손녀 땜에,False,
