author,comment,is_reply,reply_to
@냉장고에잠금장치,귀엽고❤사랑스런❤분들이네요❤,False,
@woot1168,쏘련여자들~,False,
@아-m4x-l4e,과자만 한보따리ㅎ 당뇨 한보따리,False,
@sorkjoungchung2747,다른 것은 좋은데  알콜 분해 능력이 뛰어난 유전자를 가지고 있어서  일반 한국인 보다는 최소 3 배에서  10 배 정도 강함  <br><br>술마시고 작업 걸려다가는. 죽어요,False,
@성환임-e1f,어쩌면 도시가스는 러시아산 일 수도 있음 1프로정도는 러시아산으로 쓴다고 했으니,False,
@남jeong,"장예찬=&gt;&gt; &quot;한동훈에 &#39;꽃 보내기 운동&#39; 주도한 계정, 의혹 제기되자 글 지우고 잠적&quot;----런동훈  가족댓글팀  몸통은 누구냐???",False,
@특공대-e7g,러시아여자들❤🎉❤🎉<br>다 한국으로데려와야한다,False,
@형선-j2n,커피는 &#39;막심&#39;~~~~~~,False,
@bada7523,"미안하지만 우리 엄마, 이모들이 너무 이뻐서 이쁜 여자의 기준이 너무 높아서....",False,
@아레나-g2w,의류는 예전부터 수출용기준 내수판매도 하는데 서양인에게도 잘맞아요,False,
@LeeHyoCheon,옷 좀 나눠주지..... 옷 때문에 언니랑 사이 나빠질까봐 걱정되네요.<br>사소한 것 때문에 싸우는 거 많이 봤거든요.,False,
@종수한-z4h,좋은 추억 많이...,False,
@김인우-c4e,두분   러시아   영화배우     아름답다                   러시아의  선호도가     잇빠이   올라감              순수함이  극치감을 극대화   임계치를  돌파        매우  좋아요                   😊💚💛🧡,False,
@강화도령-v3j,"우리딸들 사는곳이네요,,행복하세요^^",False,
@초록벌,모두 행복해 보여서 좋습니다... 자매님들 이쁘시고~~ 금발이 예뻐요~~,False,
@太郞-t4e,음 이부부는 참 순박하고 재미있게 지내시는군요. 채널이 번창하면 좋겠네요.😊,False,
@hoyaa-s5o,언니분 너무순수하시고 <br>작은거 하나에도 감동하시네요<br>아무튼 계시동안 좋은 추억 많이 담아가세요,False,
@철이-h6z,보온을 53시간동안 해놓다니;;;;;,False,
@vicviper9232,처형 돌아갈 때 한국 선물 화력을 보여주시기 바랍니다. 불곰한테 호랑이가 질 수 없잖아요. ^^,False,
@andrew9561,응원하고 있으니 팟팅 입니다 ^^🙆‍♂️🍀,False,
@윤상필-b8g,너무 오버하네 과자 커피하나에 거기다 도어락까지 어디 무인도에서 왔나 적당히 하세요,False,
@coreanostefano5831,"Какая бы страна ни встала на нашем пути, мы любим Россию. Господи, даруй мир и благословение Корее и России! аминь",False,
@욍코버찌,웃는 모습이 두분 진짜 너무 닮았는데요 ㅎㅎ,False,
@hyunwoohan9517,러시아가 우크라와 전쟁으로 청년 남성을 대량 손실<br>남여 비가 10:7. 러시아 여성 많이 남아  돌아가. 전쟁 끝나면 수입하지,False,
@서정호-u3y,미래에서 왔습니다~ 역시 떡상중이시네요~ 👍,False,
@Jerry0355,헐...밥솥 53시간째 보온 실화냐...,False,
@Mcctig,나에아나스티샤느주건는뎁쇼😂😂😂😂😂ㅠㅠ,False,
@VEC-l1d,한녀같았음 집 작다고 야랄떨낀데<br><br>참 보기좋네요~<br>행복하게 쭈욱사시길~~<br><br>국결이 답이네<br>천장에어컨에 저런반응~~,False,
@LOVE-l7z3g,흠.. ㅋㅋ 나두 비데사용법 잘모르는디.... 비데는 잘안써서... ㅋㅋㅋ,False,
@nanyabum,밥 대기 시간이 53시간!!!! 밥을 너무 오래 안드시는것 아닙니까? ㅋㅋ 울집은 12시간 이상 대기를 넘어가질 않는데....,False,
@HappyManKR,와우…마음담긴 선물들….. 당뇨를 동반할 수는 있을지라도….,False,
@정의-f9c,착한 예나<br>사랑스러워요 ~~~~~<br>행복하세요,False,
@형임마졸라쎄다,남편분 어떻게 된건지 모르지만 확실한건 전생에 나라를 구하셨음,False,
@arigajahoyo794,🇮🇩halo cantik,False,
@jolover3372,인급동 타고 옴🎉,False,
@teoruck,언니는 동생이 어떻게 사는지 엄청 궁금하죠 ㅎㅎ <br>자매가 꼭 닮았는데 인상이 참 좋아요. <br>선한 인상임 😊,False,
@Ahn-d7t,유튜브보면 러시아 사람들 다 성숙해보이는데 이 분은 애기같으시네,False,
@HOTEL-MOTEL,언니 님 귀엽다❤❤,False,
@허기영-u3q,한국집이신기한물건만있나보다,False,
@insukoh42,언니는 형사? 가택수색<br>나왔군~ㅋㅋㅋㅋ,False,
@가시고기-w7h,엄청 신기해 하네요 ㅎㅎㅎㅎㅎㅎㅎㅎㅎ,False,
@sfk1031,비데는 일본에서 개발되었는데 30년이 지났는데도 결국 보급되지 못했지. 30년후 미래가 되면 당연히 보급될줄 착각했겠지.<br>미국도 유럽도 아직은 부자들이나 쓰고 있는게 비데인데 30년후에는 과연 가능할까? 전혀 달라질게 없겠지.<br>경제제제로 인프라 개선은 불가능할때니,False,
@stevechoi4good,"Катя, туризм твоей сестре начался когда она прибыла домой! ей было очень любопытно про место твоим!",False,
@건들면디진다-y4y,동생 집 보고 러시아에 안 돌아 갈 수도 있을것 같은데요 ㅋㅋㅋ,False,
@NewDevJasonHwang,진짜 언니분이 너무 순수해보이고 보고 있으면 기분이 좋아지네요 ㅎㅎ,False,
@돌쇠-c6p,우~~~<br>전  NB커플  봤는데  얼마전 우연이  이 채널보고  구독하고  열심이  옛날 동영상까지  찾아보고 있습니다<br>진짜 처형 순수한것같습니다<br>그나이땐   화장품  옷에  민감하죠<br>화장품   예쁜옷  만이  싸드리세요 <br>안그럼<br>구독취소합니데이<br>ㅎㅎㅎ<br>항상 응원할께유~~~,False,
@htop-e2f,"항시 14시간 늦게보네.///그래도 크롬으로보면 알림와서 보는데,,,,,엣지 쓰며 몰라서,,아무튼 한국에서 자매의 행복한 나날들이였으면 하고 빌어봅니다",False,
@htop-e2f,"내나이는75세인데,기디리디지쳐사 눈에서 진물이납니다...(기디리다 지쳤어욯ㅎㅎㅎ땅벌)",False,
@Happy-shot,능력자 처형을 두셨네요 😊,False,
@타락할천사,러시아 여자분들이 신부감으로 진짜 괜찮은거 같음,False,
@유기호-r2y,😊😊😊😊😊,False,
@ho0412,언니 분 너무 좋으시다.<br>착하고 예쁘고 순수해서 그런가요.<br>보면 볼수록 매력이 넘쳐나네요. ㅎㅎ,False,
@newtype2129,좋은 여행들 하시고..<br>즐걱운 추억들 만드시길 바랄게요..,False,
@healthyhappy1166,꾸독<br>좋아요 <br>알림설정 ㅋ,False,
@NinoEl-pq6jk,이 시국에 러시아인들은 잘도 해외여행다니네,False,
@정선여-g5j,그럼다같이 방구석에서<br>기도나 할까?<br>무뇌냐?,True,@NinoEl-pq6jk
@꽃장수改良司家,서울서 눌러 사세요,False,
@꽃장수改良司家,제일이쁜언니 🎉🎉🎉방가방가^^,False,
@pjw8033,와우<br>언니분이 한국의 매력에 제대로 빠져드신듯요<br>ㅎㅎ,False,
@haegonshin4521,언니가 아직 한국 있나요?<br>계시면 식사 쏠게요. 가셨어도 두분에게 밥쏠게요❤❤❤❤❤❤❤,False,
@Jokyunnhwan,"Olya,,Wellcome to Korea !! 한국이 너무 신기한 예나 언니 올리아,,많이 많이 구경하고 즐거운 시간 보내고 가세요 !!",False,
@큰박-j3l,사람을 앞에 두고 별 의미없이 자꾸만 웃는 준의 모습이 .....ㅠㅠㅠㅠ,False,
@지유나,"<a href=""https://www.youtube.com/watch?v=xsLHKXrizHY&amp;t=86"">1:26</a> 외국인입장에서는 반찬이 많아보이지만, 한국인입장에서는 텅빈수준ㅋ",False,
@달마-u9w,"예나도 그렇고 언니도 인상이 참 선 하고<br>착하게 보이네요~<a href=""UCkszU2WH9gy1mb0dV-11UJg/ssIfY7OFG5OykQOpn4CQCw""></a><a href=""UCkszU2WH9gy1mb0dV-11UJg/Iv90XouTLuOR8gSxxrToBA""></a>",False,
@TV-tq6go,자매는 자매네요. 은근 투닥투닥~,False,
@Blackrose1219,"러시아의 초코렛 맛은 어떤 맛일까?  한국 초코렛은 가나 초코렛을 먹곤 했는데,  러시아 것과 한국 초코렛을 비교하면 어떤 차이가 있을까 생각했습니다,",False,
@je2bu782,"아내분 못지 않게 처형분도 순수해 보입니다. 몸만 오라했으니 쇼핑 좀 많이 하셔야 할 듯. ㅎㅎㅎ.<br>그리고 이젠 전쟁 끝내고 러시아, 우크라이나 사람들 처형분 미소처럼 평온하게 살아가길 기원합니다.",False,
@이동상-l2m,언니분도 예뻐요^^,False,
@50tv35,자매간에 우애가 좋은것 같아요^^,False,
@DonaldBlessing-t7u,내 마음이 맑아지는 채널,False,
@퍼블-o5q,좋은추억 많이 만드세요~행복한영상감사합니다.,False,
@명왕레일리-x5d,언니가 우유 중독자?    바나나우유 선물하고 싶네요 ~~^^,False,
@ddswwed5228,38백수가 이제 일어나서 믹스 커피 마시며 영상을 보고 있습니다... 너무 행복해 보입니다....ㅠ.ㅠ,False,
@johnyu2003,러시아 남자들은 완전 상남자들...여자분들은 러블리 귀요미들...ㅋㅋㅋ,False,
@불사대신할머니,언니 분과는 다음생에서 만나는 걸로...😅,False,
@mr.grinchee3277,한국과 러시아관계가 예전처럼 좋아져서 한국 러시아 서로 잘 지냈으면 좋겠네요.,False,
@headbreaker1761,한국은 이제서야 외부 세계에 문을 열고 외국인을 받아들이고 있는 단계라 <br>어찌보면 블루 오션이기도 하죠 <br>한국 내 외국인들은 급격하게 늘어가고 있고 한국이라는 특성상 앞으로 이속도는 더더욱 빨라지게 될 겁니다.,False,
@paulryu7862,미치겠다 믹스 보고 이거 다 내거야? ㅋㅋㅋㅋ 왜케 귀여웡,False,
@martinkim1876,자매 분들이 귀여우시네요.. ^__^,False,
@ok-Eagles,응원합니다 ❤행복하세요,False,
@TheSkoGe,"Оставлю коммент, просто что бы разбавить иероглифы",False,
@Ds-sl3ym,"언니가 천상  여자이시구요,착한분 이시네요 ^^♡",False,
@junl6748,우유 마니아인데  한국 야구르트 하얀  뚜껑  드셔  보세요,False,
@공경찬-w4t,척박하지만 순수성을 지니고 삶을 사랑하는 러시안에 대한 존경심도 담겼슴해요ㆍ<br>예나님 언니 분 참 아름다우시네요ㆍ😊,False,
@minilee3455,역시  👍 👍 👍 👍 👍 👍 <br>국제결혼,False,
@조아따-e4z,아내분은  한국인 같아요  진짜,False,
@wookim369,자주 올려주세요  언니분도 한국에 정착하면 좋겠네요,False,
@정진혁-e4g,언니분 의사시라던데... 너무 순수하신듯...공부만 열심히하신 러시아 하이디 스타일~,False,
@mojito_origin953,내 경험상 러시아 여자들 전부 순박하고 괜찮았음. 푸틴이 나쁜놈이지 러시아 여자는 친절하고 한국사람들 좋아함,False,
@킴브라이언-w2s,푸틴이 나쁜 이유가 뭔가요?,True,@mojito_origin953
@구름나라황제,​@@킴브라이언-w2s니 엄마 아빠를 죽일수도 있는 놈이거등,True,@mojito_origin953
@UNIRY,"​@@구름나라황제야 멍청아. 역사는 결과를 보고나서 후에 그사람을 평가하는거다.<br>아직 전쟁중인데, 누가 나쁘다고 벌써 평가하는건 이르다. 애송아.",True,@mojito_origin953
@Leradonghyeok,예나님이 준수님이랑 러시아어 문장 배우면서 알려주시는 영상은 어떨까요~??,False,
@AhnNoMon1976,"💙 <b>항상 기뻐하고,</b><br>     <b>기도를 쉬지말며,</b><br>     <b>모든 일에 감사하면,</b><br>     <b>하나님께서 복을 주신답니다...</b><br><br>❤️‍🩹 <b>오늘도 하나님이 창조하신 놀라운 세상에서 기쁜 하루 보내시길...</b><br><br>😊 말씀을 읽은 당신을 예수 그리스도의 이름으로 축복합니다... 아멘!! _",False,
@jeanpark-cm3ex,오늘도 사랑스러운 사람들❤,False,
@김윤희-z1o,나한테 31살 32살 아들 둘있는데 올랴 골라봐!,False,
@koreaguyk4571,언니가 엄청 순해보이시네,False,
@도라에몽2-v3d,도비드립 빵터졌네요 ㅋㅋㅋ,False,
@honkyhonky1460,Please ad English sub 😊,False,
@digitalpay,러시아 소녀가 남친을 찾아 한국에 와서 이렇게 결혼까지 하시고 이쁘게 잘 사시다니 대단해 보여요.,False,
@qkfka-852j,베트남 국결보다 러시아 국결이 외모적으론 훨씬 나은거 같아요.<br>저도 러시아 국결 생각해 보겠습니다.,False,
@nam-sukpolin7809,러시아 거지가왓어요<br>예절도없어요,False,
@김명균-f6c,이영상 기다렸는데 이제 올라오니 반갑네요^^,False,
@radian-m7k,목이 1km 늘어났어요.,False,
@gosoo-g9g,진짜 업로드 오래 걸렸네요..언니 간줄 알았네..언니를 보면 아빠를 보는것 같아서..^^<br>즐거운 시간 되시길~~,False,
@원조슈퍼맨,밥통은 밥을 보온으로 할때 전기를 제일 많이 소비해요... 밥은 바로 먹을거 하거나 먹고 남으면 냉장고 보관하고 전자렌지 돌릴때 얼음 1~2개 넣고 돌리면 맛있게 먹을 수 있어요. 이건 러시아 사람은 모르니까 한국남편이 챙겨줘야 해요. 쓰지 않는 전기포트 같은것도 빼줘야 전기 낭비 없어요.,False,
@DaisiestFlora,부친을 너무 많이 닮았네요 ㅎㅎ,False,
@이용하-d6w,우리나라 를 끝임없이 침략하려는 러시아 것들은 북조선 으로들가라가,True,@DaisiestFlora
@임영수-v6l,"예나씨 애교,귀여워요",False,
@angma_karin,언니분이 의사시니까 한국 병원 투어도 재밌겠네요 ㅎㅎ<br>한국에서 즐거운 시간 보내시고 재밌는 영상도 기대 하겠습니다~,False,
@kyusungyeon1685,"아하, 러시아 규수들은, 소소한것에도, 만족하시는구나!<br>많이, 오셔도 될것 같은데.... 통이 크지만, <br>한국규수들은...너무 약아서...<br>감당하기 어려워. 여러가지로.... ㅋㅋㅋ",False,
@시라노-l5x,즐겁게 지내다 가셨길..^^,False,
@박기태-n3j,비데하나사세요.안비쌉니다~,False,
@shy_kology,한국의 따듯한 정을 많이 느끼고 갈수 있으면 좋겠습니다.<br>아프지말고 건강하게 즐겁게 여행하고 맛있는 것도<br>많이 먹고 재미있게 보내고 돌아가길 바랍니다.,False,
@ejkim46,모든게..다..신기하지.!!!,False,
@key-man4531,나도 게임 좋아하는 여자 만나고 싶다,False,
@roykim4322,한녀는 이제 끝이다!,False,
@코카콜라-y9b,동생이 갑이네..,False,
@4hq,she&#39;s beautiful. :),False,
@devildevil1004,행복하세요❤,False,
@선달이,"멀리서 처형이 오셨으면 가을단풍구경도 시켜드리고 맛있는곳도 모시고 다니셔야되는데,  운전을 못하시나요? 공항갈때 보니 지하철 타시던데..",False,
@Ulsan하늘,여자물품중에 화장품은 건들면안됌.,False,
@상한김-j5r,신랑 친구한명 소개시켜 주면 되겠네.,False,
@덥다너무덥다,예나님아~~언니에게 좋은 한남 꼭 소개 시켜드려요...<br>남편분을 보면 알수 있어요...남편분 지인분 꼭 소개 시켜드리세요..<br>한국에는 끼리끼리 라는 말이 있어요..<br>남편분 주위분들도 분명히 좋으신분들일 겁니다...<br>행복 하세요~,False,
@한선천-c4g,체널이 엄청커지고있어요 ㅋㅋ 남편분  힘드시겠지만 힘내세요  제가 이런거 잘알거든요!  내년초에 10만가능함니다  버닝타임이에요 지금 ㅋㅋ  언니분도 나중에 한국에서 뵙으면 좋겠네요 좋은추억 만드세요  나중에 가족분들 다오실날 있길 ㅎㅎ,False,
@jang100,내나이 65세<br>많이 기다렸는데<br>정말 재미있게 봤습니다<br>자주 좀 올려주세요<br>너무 기다립니다,False,
@yongyong8713,자매가 예뻐서 러시아는 미인의 나라인줄만 알았는데 쵸코렛의 나라네요...<br>다양한 크기로 많은 쵸코렛을 선물 받았네요..  한국 여행에서 언니와 맛난 한식과 쇼핑을 즐겨야 겠네요.. ㅎㅎ,False,
@ssl558,올랴❤ 귀여워 ❤☺️😊,False,
@TheJungcompany,헤이 헤이?<br>그걸 말이라고....,False,
@윤창현-l1x,훌륭한 영상 감사합니다 ❤,False,
@crushonyou2884,외국여자가 답이고 최고다❤ 외국여자 만나라 얘들아~~❤ 차원이 다른 행복을 느낀다,False,
@won_hee,다들 마음이 이쁘네요,False,
@hi_whelk,어서 어서 ~<br>다음편~❤<br>반갑고 수고하셨습니다 🎉,False,
@함영언,행복한 시간 보내세요,False,
@ktmktm6345,똑똑한언니도 한국으로 시집오셨으면 좋겠네요~^^<br>러시아 여성분들 한국에 많이 오세요 대환영입니다~^^,False,
@근육돌이밥이,요세 국제결혼이 빠르게 늘어나고있습니다. 언니분도  좋은 한국남자 만나서 살면 좋겠네요.,False,
@tjsehfs3924,매일 영상올라오기를 기다렸는데  뭐하다가 이제야 올려요 ? <br>많이 많이 올려주세요 재미있어요.,False,
@Ekaterina_Luv,재미있게 시청해주셔서 감사합니다!!,True,@tjsehfs3924
@이도건-l2w,언니를 진지하게 만나보고 싶은데 어떻게 해야 하나요?,False,
@ocs0630,언니의 동상집 순검....,False,
@정의구현-s2h,기다리는 영상이 이제야 올라왔네요 ㅎㅎ 맛있는음식 많이먹고 좋은추억많이 만들고가세요~~ 언니분 한국온거 너무 환영합니다~~,False,
@휴가-l5g,좋은 추억 많이 챙겨 가세요^^,False,
@ijayson4992,영상 기다리다가 목 빠질뻔요..!! 언니 얼른 한국에서 사셔요..ㅎ,False,
@종수서-u2n,언니가 귀엽네요~ㅎ<br>즐거운여행 많이 하게 해 주세요~,False,
@hanpyoHong-x8s,의사 언니의 한국 방문을 환영합니다. 좋아 하시는 곳이나 먹을 것 갖고 싶은 신 것 부모님들께 드릴 것  등 많이 가시고 드시고 사시기 바랍니다.,False,
@regelbigstar,계란은 냉장고 문에다 보관하면 안되요  흔들려서 계란의 질이 떨어짐 그릇에 담아사 안쪽에 보관,False,
@Ekaterina_Luv,생활의 꿀팁 감사합니다~,True,@regelbigstar
@sunnyjay905,한국에서 좋은 추억 많이 만들고 가시길~~~,False,
@하고싶은일찾기,잠옷 선물 좋네요 😂,False,
@팔마그마,니거 선물이야..  받아  당뇨 (쵸콜렛)  ㅎㅎㅎㅎㅎ,False,
@Ekaterina_Luv,😅😅😅,True,@팔마그마
@신경일-d1i,한국여행. 기대해요<br>즐겁고  행복한. 시간되세요,False,
@ygc9060,여러 좋은경험들 많이 하고 가세요.,False,
@현일권-c2c,밥통에 밥이... 3일째라니...,False,
@이종우-j9o,분량좀 마니늘려주세요~♡♡♡,False,
@김명희-k7s,"러시아 하면.......  첫째 믿음이 가고,  정직하다는 선잇 감 가는  것은 뭐지?  한국에 오신 것 환영합니다......좋은  날 되세요~~~~~",False,
@Ekaterina_Luv,감사합니다^^,True,@김명희-k7s
@정기정-i3b,한국에서 즐겁고 행복한 추억 많이 만들어가길 바래요<br>맛있는 한식도 쇼핑도 즐겨보세요~~,False,
@유수미-q2x,푸틴이 미친놈이라서 제가 죄송하네요,False,
@g64557,나는 남는 기름은 아파트 경비원들이나 청소하시는 분들께 드립니다.,False,
@바위처럼-o1h,"너무 재미있게 보고 있습니다.<br>근데, 업데이트가 너~~무 느린 거 아닌가요?<br>좀 빨리 빨리 업데이트 좀 해주세요. 언니 너무 이뻐요...ㅎㅎ",False,
@미리-h3n,어디든 신혼집은 다 예쁘지 돈없는 남녀가 아기자기 꾸미는것도,False,
@ball3131,다음편 빨리 보고싶어지는 영상입니다 ❤,False,
@압-d2b,자주 좀 올려주세요,False,
@HDJ-um5vj,두분 행복하게 오래오래 사시길요^^,False,
@트레비스스캇-j8e,도비 이즈 프리 ㅋㅋㅋㅋㅋ,False,
@컬처12,언니두 한국분 소개  해 주세요 맴이 너무 아름답다,False,
@kings-io5oq,언니분 마음이 여리고 볼수록 귀엽네요. 러시아 상여자 부산 상남자에게 시집온나 준비됐나~!~~,False,
@younilkim6169,오  잘해놓고 사시네^^,False,
@hong4559,도비는 공짜에요,False,
@u2202496,뭐니 뭐니 해도<br><br>맛있는 추억을<br>제일 많이 선물해 주세요..<br><br>😊,False,
@기선이-d6f,언니 같은분 어디 없나요 너무 순수해 보여서요.😅,False,
@산정-b4k,아주 착한 여자 카타....  내 기준 러시아 여자의 선입견을 바꾸게 만든 여자...... 언니도 아주 착한 분이네... 거기다 공부도 잘하는 언니... 의사라니까.....,False,
@윤도전-v3k,언니분께서 즐거운 한국여행 보내세요~,False,
@잠룡-q6n,천사옆에 또 천사! <br>그녀들 앞에서 웃는 시종이 넘부럽네.,False,
@Phoenix-k5m,러시아분들 선하고 순박한 사람들입니다.<br>한국에 계시는 동안 좋은 곳 많이 구경하시고 맛있는 음식도 많이 드시기 바랍니다.,False,
@건축하는봉선생,유독 러시아 여자들이 한국 남자를 많이 선택을 하네요.,False,
@regelbigstar,모스크바 쪽 빼고 이쪽 극동은 동양적인 사고임,True,@건축하는봉선생
@cruisetom5838,"언나도 왔으니....<br>한국의 최첨단 시설과 맛있는 서울의 맛집에서 <br>여러가지 음식좀 많이 사주시고,,,,<br>유투버에 올려 주세요,,,,,<br>특히 청계천....한강라면....서울 북한산과 관악산....단풍과 .....<br>설악선 자연 단풍도 보여 주세요,,,,,<br><br>많은 한국의 자연과 맛있는음식좀 많이 보여 주세요,....<br>여러종류 막걸이와 소맥....삽겹살......순대국,,,,<br>빠다귀  감자탕.....에 소주 ,,,,소맥.....막걸리 .....동동주,,,,,,<br>부탁합니다...",False,
@NAZIRITE,영상이 올라올때가 됐는데 생각나자마자 올라왔네요 🤣🤣 이집가족 너무 순수한매력👍,False,
@Jojo-b1p,아오~~ 맨날 부러움에 영상만 보다가 이제야 구독 박았어요!!! 진심 부럽습니다!!! 한러커플 응원합니다!!! 행복하게 만들어주는 영상 고맙습니다~~^^,False,
@Ekaterina_Luv,구독 감사합니당!,True,@Jojo-b1p
@강태직-v9d,미녀 언니가 오셔서 반갑네요 순진하고 순수 그자체입니다 며느리 삼고싶지만 아들은 이미 애인이 있어서 아쉽네요 좋은총각이 프러포즈해서 이루어지면 예나도 좋겠어요 여행중 진주쪽이나 거제쪽으로 오시면 연락한번 주세요 내가 밥한그릇 대접하고싶네요,False,
@Ekaterina_Luv,말씀 감사합니다~^^,True,@강태직-v9d
@신망-k1b,우와.... 형시 자매라 비슷하게 닮았어요!!!,False,
@한태선-l8e,언니 한국 미용실 좋은데가서  헤어스타일  한국식으로. 확 바꾸어  주시지 ^^,False,
@Hasllr,러시아는 의사도 월급이 얼마 안돼나 보네요.,False,
@regelbigstar,한국이 비정상임  다른 유럽 미국 남미 다 별볼일 없음 <br>한국만 유독  이번에 의사정원은 필히 늘려서 카르텔<br>깨부셔야함,True,@Hasllr
@as46bd16,영상기다렸는데 ~~반가워요 한국여행 즐거운여행되세요,False,
@하늘하랑-z4q,언니도 한국남자랑 결혼하면 좋겠네요~~~🤗🤗🤗,False,
@onespasso,선물은 달콤함이고 <br>당뇨는 덤이네요 ㅎㅎ,False,
@유영주-i3w1e,언니의 한국 방문을 축하드립니다 <br>즐거운 시간보내세요,False,
@justice9204,언니 소개시켜  주세요 😅<br><br>자본주의 사회 생활   더 많은거 보여 드리고파여,False,
@ethenlee3875,너무 작다고 생각하실텐대,False,
@cho.4630,왜 너무나도 차분해서,False,
@MWlee-mo5ym,&quot;보는 사람 받는 사람 모두 혈당 치솟는 처형의 선물❤&quot;,False,
@NLD-z6b,밥통 보온 53시간? ㄷㄷㄷ,False,
@sckim1,시부모님이 여러모로 사돈댁맞이를 아기자기하게 잘하셨네요^^<br>처형방문 준비한다고 남편도 수고 많이했네요^^<br>언니가 동생사는집을보면서 느끼는 감정은 아마도 러샤에 계시는 엄마 대신일것같아요 엄마 아빠가 이영상을보면서 눈물흘리실지도...<br>올랴는 소아과의사이니깐 한국에와서 사는것도 참 좋을것같은데...<br>앞으로 쇼핑하면 예나부모님서물부터 짱짱하게 구매해야할것같네요 ㅎㅎ 그래도 해주는게맞죠잉~^^ <br>올랴~! 마구마구 골라버리세요😁😅😄😄,False,
@Ekaterina_Luv,오늘도 따뜻한 댓글 감사합니다~☺☺ 캐리어가 터지도록 선물 담아야죠 ㅎㅎ,True,@sckim1
@안영표-o2b,즐겁고 행복한 시간보내세요❤❤❤,False,
@통영동피랑,언니의 우리나라 한국 입국을 완전 축하합니다..인형이랑 식탁보 같은 전통 선물 참 이뿌네요.,False,
@승민아빠-i1l,와~~한국에 언니분이 오셨네요. 다들 너무 귀엽고 사랑스러워 보입니다.<br>언니분 많은 구경시켜 주시고 좋은 경험하게 해주세요~^^,False,
@Ekaterina_Luv,시청해주셔서 감사합니다^^😊😊,True,@승민아빠-i1l
@kh24625,언니에게 한국 좋은남자 소개 시켜야한다 😂😅,False,
@lkwebad,러시아,False,
@cartierlucky5306,좋와요 언니분아서함께즐거운시간들만들었길요 영상조금더길~~게해주세요 😂착한두분 BEAUTIFUL 🩵🩵🩵🥰🥰언니도 한국으로시집오심좋겟어요😂,False,
@kwonclub0814,처형이 너무 행복해 보여 보는 제가 힐링이 되네요 ㅎㅎ<br>그리고 나중에 장인 장모님도 초대 해줬으면 좋겠네요 ^^*,False,
@Ekaterina_Luv,시청해주셔서 감사합니다!^^,True,@kwonclub0814
@ho-minchang72,"두 분 모두 귀여우셔요 - 실례가 되려나?^^.  한국에서 감기 걸리지 마시고, 좋은 것, 맛난 것만 경험하시길!!!!!",False,
@Ekaterina_Luv,칭찬 감사합니다 ㅎㅎㅎ,True,@ho-minchang72
@nattap9758,Indonesian Language,False,
@pacifictelesis2406,자매가 이산가족 돼도 찾는 데 지장 없겠다. 누가 봐도 유전자가...,False,
@Ekaterina_Luv,😂😂😂 쌍둥이냐고 많이들 물어보세요,True,@pacifictelesis2406
@baekj.e,"한국에서 좋은추억&amp;맛있는 음식,좋은구경 잘하시고 행복하고 알찬 한국여행이 되길 바래요 ✨️🤗✨️",False,
@rogerfederer6422,언니분이 순수하고 착하시네요. 즐거운 한국여행되세요!,False,
@Greenland_Beluga,"<a href=""https://www.youtube.com/watch?v=xsLHKXrizHY&amp;t=64"">1:04</a> &#39;당뇨&#39; 단어 아시네요~",False,
@Ekaterina_Luv,건강에 관심이 많습니다ㅎㅎㅎ,True,@Greenland_Beluga
@JWKim-po6hv,언니 커피한 잔~~,False,
@E.세베나드,언니분도 한국남자 만나서 결혼👰해야할듯..,False,
@JWKim-po6hv,감사합니다.,False,
@Ekaterina_Luv,너무너무 감사드립니다!!😍😍😍 이 돈으로 올랴 맛있는거 대접하겠습니다!,True,@JWKim-po6hv
@조시커-b5m,이집은 분위기가 화사하네,False,
@Han-qb4vr,러시아는 초콜릿이 유명한가봐요 당뇨걸리겠닼ㅋㅋㅋㅋㅋ,False,
@옥종권,순수한 자매님들의 싱그러운 웃음꽃이 <br>집안을 환하게 하네요!<br>항상 좋은일만 가득하세요!,False,
@Ekaterina_Luv,감사합니다! 행복하세요~😊,True,@옥종권
@이경식-c8y,진짜 똑같네요. 예냐님은 여전한 장난꾸러기...,False,
@levante3728,자매가 너무 행복해보인다 😊<br>한국 있는동안 좋은것 맛있는거 마니보고 먹고 즐기세요,False,
@Ekaterina_Luv,감사합니다!😊,True,@levante3728
@Asqwsdf00901poikk,모과차 개봉 했으면 냉장실에 보관 하세요.곰팡이 피어요.<br>기다리다 지칠때쯤 영상이 올라 오네요^^,False,
@Ekaterina_Luv,알려주셔서 감사합니다~☺☺,True,@Asqwsdf00901poikk
@신풍-g9h,러샤 녀인네들이여 남조선으로 시집오시여요  남조선 남정네들이 환장하겄수  북조선 이랑은  혼동하지 마시랑게.  꼭 남조선❤❤❤🎉🎉🎉,False,
@regelbigstar,북조선 간나새끼들  즌쟁터가서 없슈다,True,@신풍-g9h
@davidhkmoon8223,Wow....! Happy time with your charming sister...! Hey! Now it is time to arrange the meetings between your charming sister and handsome Korean gentlemen....! She will certainly be popular...! 😊🥰👍,False,
@___-et8dr,러시아인들 <br>우크라이나 침략한 푸틴 좀 어떻게 해봐요~,False,
@regelbigstar,그거  젤렌스키 놈이 전쟁놀이임,True,@___-et8dr
@___-et8dr,@@regelbigstar 푸틀러 놈의 학살 전쟁놀이지 눈이 삐었냐?,True,@___-et8dr
@종선이-g9v,"예나... 언니 좋은 곳 많이 보여주고, 맛있는 것도 많이 사주길.... ❤",False,
@김민규-r3w8n,많은 얘기 기대 할께요~~~ 😄,False,
@zenganddaeng5532,언니분이 참으로 부럽죠~,False,
@gilberthhong7265,언제나  잼있게  보고  있어요...  언니분  한국에  오신거  대환영입니당...,False,
@Ekaterina_Luv,감사합니다~~~!!😊,True,@gilberthhong7265
@zzkl444,이 시리즈 너무 좋습니다,False,
@날마다오락,예나님이 더 좋아하시네 암튼 자주 좀 올려줘요 <br>이제 언니분 맛있는 음식 먹고 나오는 리엑션이 <br>궁금하다고 ㅋ,False,
@혜영-f8q,아~~ 고 올랴 언니님께서 벌써 가셨나요?.       정이 많으신 러시아🇷🇺부모님과 언니님의 모습을 잊을수가 없네요❇️✨️🍋,False,
@Ekaterina_Luv,아직 한국입니다ㅎㅎ,True,@혜영-f8q
@혜영-f8q,@Ekaterina_Luv  아~~ 하 🤗 예나님!☕️🇷🇺 혹여 제가 시니어라서요 별도로 메시지 드릴수 있는 공간은 없는가요?!🍀❇️✨️🍋🌄,True,@혜영-f8q
@Ekaterina_Luv,"@@혜영-f8q 저희 메일로 연락 주시면 됩니다~!😊😊 jskat1298@<a href=""http://gmail.com/"">gmail.com</a>",True,@혜영-f8q
@유성진-d1s,장인 장모님도 초대하면 좋겠네요 ^^*,False,
@Ekaterina_Luv,저희도 바라는 바입니다🥰,True,@유성진-d1s
@임남주-i2k,잘보고가요  ㅎ 한국에서좋은추억많이만드세요  항상응원해요 😊,False,
@Ekaterina_Luv,응원 감사드려요~☺,True,@임남주-i2k
@ChunkiHong,영상 기다리기 힘드네요..ㅎㅎㅎ언니분 한국에서 함께 좋은시간 보내세요,False,
@Ekaterina_Luv,시청해주셔서 감사합니다!🥰🥰🥰,True,@ChunkiHong
@hayu8775,혈육간의 깊은 정을 말해 무엇하리~,False,
@푸껫,잘 보고 있습니다. 좋은 경험만 하고 가시실 ~,False,
@Ekaterina_Luv,감사합니다^^,True,@푸껫
@Lilukim,"눈빠지게씀   ㅜㅜ <a href=""UCkszU2WH9gy1mb0dV-11UJg/8gF1Xp_zK8jk8gSDrI2wCw""></a>",False,
@Ekaterina_Luv,시청해주셔서 감사합니다 ㅎㅎㅎ,True,@Lilukim
@나누렁,예나 언니가 한국에서 신기하고 궁금한 것들이 많은 것 같아요.<br>영상 늦은 건 부부 싸움 했나요?,False,
@Ekaterina_Luv,올랴랑 함께 시간 보내다보니... 영상 편집할 시간이 부족해지네요ㅠㅠ 부부 싸움은 아닙니다...😿😿,True,@나누렁
@말로론,고춧가루는 냉동실에 보관하시는걸 추천드립니다 ㅎㅎ,False,
@스페셜원-g9f,갈수록 재밌네요<br>앞으로가 더 기대 됩니다.,False,
@박승권-c3k,정말로 맛있는 음식도 많이 드시고 좋은 추억 많이 만드세요^^,False,
@Ekaterina_Luv,넵 감사합니다~^^😊,True,@박승권-c3k
@amator8468,이집 식구들은 정말 다 착해 😊😊,False,
@Ekaterina_Luv,"감사합니다<a href=""UCkszU2WH9gy1mb0dV-11UJg/dv90XtfhAurw8gTgzar4DA""></a><a href=""UCkszU2WH9gy1mb0dV-11UJg/dv90XtfhAurw8gTgzar4DA""></a><a href=""UCkszU2WH9gy1mb0dV-11UJg/dv90XtfhAurw8gTgzar4DA""></a>",True,@amator8468
@jamesjung,다음편도 기다리겠습니다~~~,False,
@Ekaterina_Luv,시청해주셔서 감사합니다!,True,@jamesjung
@이은숙-l5o,모두  다정다감하시네요~   보기좋습니다.^^,False,
@Ekaterina_Luv,감사합니다^^,True,@이은숙-l5o
@waterfront4636,오래 기다렸어요!<br>일주일에 1번씩은 동영상 올리도록!,False,
@Ekaterina_Luv,올랴랑 시간 보내느라 시간이 너무 부족하네요😭,True,@waterfront4636
@reshf9796,아이구야..<br>기다리다 지쳐 있었는데..<br>🥰🥰🥰...,False,
@Ekaterina_Luv,어서오세요~😊,True,@reshf9796
@reshf9796,@Ekaterina_Luv  올랴님에게 좋은 추억남겨 주시길..🥰🥰🥰...<br>넘 고마워요..,True,@reshf9796
@머여.까불이요,행복 한 여행하고 가세요 .😂<br>동생 살림살이  그들 내고 가요.🎉,False,
@Ekaterina_Luv,😭😭😭,True,@머여.까불이요
@hayu8775,한국의 가을을 잘 즐기시는지~,False,
@Ekaterina_Luv,열심히 즐기는 중입니다~☺,True,@hayu8775
@OK-rn5qf,착하고 예쁜 예나님 언니 오셔서 너무 너무 좋겠습니다 즐겁고 행복한 시간 되시길 바랍니다,False,
@이지은-z7q1l,너무 따뜻한 댓글이네요. ㅎㅎ 오늘도 좋은 컨텐츠 덕분에 힘 얻고 갑니다.(윤하콘서트곧해요,True,@OK-rn5qf
@Ekaterina_Luv,감사합니다^^😊,True,@OK-rn5qf
@울강쥐돼지,​@@Ekaterina_Luv다른 유투브에서 댓글 봣어요❤,True,@OK-rn5qf
@이용하-d6w,야만 러시아것들은 남녀없이 술이라면 사족을 못써요 술없으면 공업용 알콜까지 마셔대는 야만인 들이지요,True,@OK-rn5qf
@김유주-f2j,​​@@이지은-z7q1l저도 가요 !! ㅎㅎㅎ 윤하님 신곡도 3곡이나 나왔대요 오늘.ㅎㅎ 다 좋더라구여 곡들이 넘 재밌음,True,@OK-rn5qf
@user-un1yv6bz3v,러시아는 도어락 없나,False,
@Ekaterina_Luv,일반 가정집에서는 대부분 열쇠를 사용한다고 합니다.,True,@user-un1yv6bz3v
@user-un1yv6bz3v,@Ekaterina_Luv  아날로그 갬성이구만,True,@user-un1yv6bz3v
@괴도루팡3세,항상 기다렸습니다 <br>응원하고 잘보고갑니다 <br>카타님과남편님과 언니분도 항상 잘지내시길바랍니다<br>한국문화에 잘적응하시는 언니분께 잘지내시길바랍니다<br>카타님 가족을 항상 응원합니다,False,
@Ekaterina_Luv,좋은 말씀 감사합니다~!!🤗 행복하세요~,True,@괴도루팡3세
@이상우-m7b9f,엄청 기다렸어요 🎉,False,
@Ekaterina_Luv,"감사합니다~<a href=""UCkszU2WH9gy1mb0dV-11UJg/hf90Xv-jHeOR8gSxxrToBA""></a>",True,@이상우-m7b9f
@토박이-z3p,2 기다림  ❤ ❤❤,False,
@Ekaterina_Luv,어서오세요~~,True,@토박이-z3p
@쪽마늘두,🎉,False,
@Ekaterina_Luv,🥰🥰🥰,True,@쪽마늘두
@해병방위,1,False,
@Ekaterina_Luv,"<a href=""UCkszU2WH9gy1mb0dV-11UJg/medal-yellow-first-red""></a><a href=""UCkszU2WH9gy1mb0dV-11UJg/medal-yellow-first-red""></a><a href=""UCkszU2WH9gy1mb0dV-11UJg/dv90XtfhAurw8gTgzar4DA""></a><a href=""UCkszU2WH9gy1mb0dV-11UJg/dv90XtfhAurw8gTgzar4DA""></a>",True,@해병방위
