author,comment,is_reply,reply_to
@기면지-j2p,"하..어제 .. 성진님 꿈꿨는데 여자친구가 있으신거같은 발언들을 (제 꿈에서 ) 하셔서 꿈에서도 제가 “그래요, 이렇게 완벽하신데 여자친구가 없으신것도 납득이 안되지요. 팬으로서 넘 응원합니다” 라고 했었는데 하 진짜 꿈에서도 너무 멋졌습니다 🤦🏻‍♀️ 마 골치아프네예",False,
@jjjjiinn,말도 안돼...너무 잘생겼어.......,False,
@copper169,"so happy we have same things in common - massage balls, same vitamins but girl version like collagen instead of ginseng, perfume thats cozy scents, and exactly the way he packs. &lt;3",False,
@yhjvy3761,oppa bogosipdaaaa😭 miss sungjin miss youngk miss wonpil miss dowoonn😭 dorawaaa dorawaaaaaaaa im rapopo😭,False,
@j.0149,신발... 어디꺼야요...,False,
@everyday_happyyy,나도 챙겨가…,False,
@dowooyun,데장 광고하는거 보니까 왜케 웃기짘ㅋㅋㅋㅋㅋㅋㅋ 설명 넘 잘해줘요❤,False,
@GT-vi5dh,"Sungjin is hilarious and he seemed like a salesperson with every item he brought out of his suitcase, so I was convinced and wanted to purchase everything. I appreciate his travel tips like choosing a good cosmetics bag. I can&#39;t believe he just realized how much of a clean fanatic he is. Again, hilarious.",False,
@yjooooo,비타민 최대한 때려넣는거 나랑 똑같넼ㅋㅋㅋ,False,
@데이식스의개가되,응 성진아 디올향수 광고야?오케이 구매갈길께..(응~이미 텅장이야…)그리고 성진아…정장을 입고 개그를 잘하네?덕분에 웃고잔다,False,
@쀼-l5v,매력이 미쳤구만유,False,
@pink_kniteu,"Bapak sungjin, tolong itu dior sama nike brand pro isra*el yg menyebabkan genoc*ide di Palestin*a 😢😭 plis jangan jadi bagian dari mereka😭🙏🙏<br><a href=""http://www.youtube.com/results?search_query=%23frommydayindonesia"">#frommydayindonesia</a>",False,
@Mandoo516,채널주님 깔끔 안 떤다고 하는 것치고 엄청 깔끔 떠는데요 😂😂😂,False,
@bananamilk3829,"Hi Sungjin, can you consider again for choosing/working/using boycott products. Dior is founding for genocide in Palestine, lot of people got killed in Palestine because that genocide. So if you still have a humanity please consider it again. Thanks and hope you understand.",False,
@hyeramu,소바쥬 잘생기고 성진이 향이 좋네요,False,
@sinacerely,"Suami seperti ini yg aku butuhkan 🥺 <br>ayok pak, nikah sama aku 🙏🏻",False,
@GuinevereFlowerLike,ㄹㅇ ㄱ글 에서 벳프리 보면 다른거 눈에도 안들어옴 그냥 다시보면 되니까 개이득임 ㅋㅋㅋㅋ ?,False,
@DavidaJarvis,ㄱ글 에서 벳프리 보느라 눈밑에까지 다크써클 들어옴 ... 진짜 근데이뻐서 눈을못떼겟다...,False,
@liadin1969,I&#39;m sorry to say this sungjin. But Dior was pro isr*el. So that brand is pro genocide .<br>Hope you can even more be wise 🙏🏻😔,False,
@최은영-h4y,"뭐이리 잘생겼노 와 따마 심장 설레네,,,",False,
@HanYura14,"안녕하세요, 성진씨. 보이콧 제품을 선택이나 사용하는 거에 대해 다시 재고해 주실 수 있나요? 디오르와 나이키는 팔레스타인인을 집단학살하는 이스라엘의 전쟁에 연루된 많는 기업 중 하나요. 대량 학살 군대에 기부한 사업체가 더 많습니다 (디오르, 맥도날드, 버거킹, 피자헛, etc). 이 점에 주목하시길 바랍니다. 그 대량 학살로 인해 팔레스타인에서 많은 사람들이 죽었습니다. 그러니까 여전히 인간성이 있으신다면 다시 재고해 주셨으면 합니다. 감사합니다",False,
@마루코-s5b,저 디올향수 진짜 개좋음.. 계속 뿌려ㅑ도 안질림,False,
@뉘-v8f,볼때마다 정국이랑 닮았다고 생각하는 사람 나.. 어쨋거나저쨋거나 증말 잘생겼다고옹,False,
@스껄-z2f,신발가방 정보 알려주세유ㅠ,False,
@성지니16,오빠 얼굴 정보좀요?🤍🤍🤍❤️‍🔥❤️‍🔥❤️‍🔥❤️‍🔥❤️‍🔥❤️‍🔥❤️‍🔥❤️‍🔥❤️‍🔥🔥🔥🔥🔥💞💞💗💘🩷🩷🩷😻😻😻,False,
@어디깔렸어요,소리 끄고보는데 소리가 들리는 매직☆,False,
@vanillalatte2458,엄청 깔끄 떠는건 아니라고 자꾸 강조하는게 진짜 너무 웃곀ㅋㅋㅋㅋ근데 깔끔떠는것도 좋음,False,
@냥냥-y6n,잘생겨서 봤는데 또 보러옴 ㅋㅋㅋㅋㅋㅋㅋㅋㅋ,False,
@user-kd6zo4th6r,박성진 디올 엠버서더 기원 1일차,False,
@LiysaDelia-m7f,"안녕하세요, 성진씨. 보이콧 제품을 선택/사용하는 것에 대해 다시 생각해 볼 수 있나요? 디올은 팔레스타인에서의 대량 학살을 위해 설립되었고, 그 대량 학살로 인해 팔레스타인에서 많은 사람들이 죽었습니다. 그러니 여전히 인간성이 있다면 다시 생각해 주세요. 고맙고 이해해 주시기를 바랍니다.",False,
@LiysaDelia-m7f,"안녕하세요, 성진씨. 보이콧 제품을 선택/사용하는 것에 대해 다시 생각해 볼 수 있나요? 디올은 팔레스타인에서의 대량 학살을 위해 설립되었고, 그 대량 학살로 인해 팔레스타인에서 많은 사람들이 죽었습니다. 그러니 여전히 인간성이 있다면 다시 생각해 주세요. 고맙고 이해해 주시기를 바랍니다.",False,
@루피-c6g,수트뭔데진짜...,False,
@wonping,영진국밥부터 디올까지 커버하는 이 남자... 매력 과하다..❤,False,
@방아띠,엔플라잉 유회승 섭외해서 영상 찍어주세요 같이 아 진짜요 노래 불렀으면 좋겠어요ㅜㅜㅜ 이 분 목소리가 엄청나심,False,
@HanYura14,"안녕하세요, 성진씨. 보이콧 제품을 선택/사용하는 것에 대해 다시 생각해 볼 수 있나요? 디올은 팔레스타인에서의 대량 학살을 위해 설립되었고, 그 대량 학살로 인해 팔레스타인에서 많은 사람들이 죽었습니다. 그러니 여전히 인간성이 있다면 다시 생각해 주세요. 고맙고 이해해 주시기를 바랍니다.🥹",False,
@lisanhuang526,"I am not a clean freak, but I realise I pack similarly with Sungjin since I have a lot of “just in case”, so I can never travel light. But looking at how he pack from an objective POV… I really think he overpacks 😂😂",False,
@theresiatobing2359,"i also cant sleep if there is some sound. even a small sound can disturb me.. and i need a lightless condition too, the more dark, the easier i  sleep",False,
@유림-k8f,"<a href=""https://www.youtube.com/watch?v=ZEqm55mvNE4&amp;t=589"">9:49</a> 잠깐만. 내가 빠졌어. 나를 캐리어에 담아줘 아빠!!!!!!!",False,
@hm06-d1r,정국인줄,False,
@user-kd6zo4th6r,디올 엠버서더 소식 기다리고 있어요,False,
@rizama6483,"Dear Sungjin Oppa and Park SungJJIN team,<br><br>Please consider carefully when choosing collaboration brands. Dior is one of the brands on the boycott list because they support the genocide in Palestine. Many people, including men, the elderly, women, and children, have been killed. We hope you understand, and if you have time, please take the opportunity to learn more about the situation in Palestine.<br><br>Please take note of our concerns, Thank you.",False,
@tastesearcher,"극J+취미 소독+깔끔떠는 스타일로서, 완전 맘에든다….. 딸그락 소리 안나게 하는거, 테트리스 해서 쾌감 얻는거까지…!!!<br>깔꼼, 정리, 살림 잘하는 남자 개큰호감….❤",False,
@덕진이-v5c,귀마개 맨날끼고 안끼면 못자는거 저랑 똑같아요😆 제가 좋아하는 가수가 저랑 같은 생활습관이 있다니까 넘 반갑네요😊👍,False,
@eldiara6042,"Hi Sungjin, can you consider again for choosing/working/using boycott products. Dior is founding for genocide in Palestine, lot of people got killed in Palestine because that genocide. So if you still have a humanity please consider it again. Thanks and hope you understand.",False,
@eldiara6042,"Hi Sungjin, can you consider again for choosing/working/using boycott products. Dior is founding for genocide in Palestine, lot of people got killed in Palestine because that genocide. So if you still have a humanity please consider it again. Thanks and hope you understand.",False,
@eldiara6042,"Hi Sungjin, can you consider again for choosing/working/using boycott products. Dior is founding for genocide in Palestine, lot of people got killed in Palestine because that genocide. So if you still have a humanity please consider it again. Thanks and hope you understand.",False,
@eldiara6042,"Hi Sungjin, can you consider again for choosing/working/using boycott products. Dior is founding for genocide in Palestine, lot of people got killed in Palestine because that genocide. So if you still have a humanity please consider it again. Thanks and hope you understand.",False,
@eldiara6042,"Hi Sungjin, can you consider again for choosing/working/using boycott products. Dior is founding for genocide in Palestine, lot of people got killed in Palestine because that genocide. So if you still have a humanity please consider it again. Thanks and hope you understand.",False,
@eldiara6042,"Hi Sungjin, can you consider again for choosing/working/using boycott products. Dior is founding for genocide in Palestine, lot of people got killed in Palestine because that genocide. So if you still have a humanity please consider it again. Thanks and hope you understand.",False,
@eldiara6042,"Hi Sungjin, can you consider again for choosing/working/using boycott products. Dior is founding for genocide in Palestine, lot of people got killed in Palestine because that genocide. So if you still have a humanity please consider it again. Thanks and hope you understand.",False,
@eldiara6042,"안녕하세요, 성진씨. 보이콧 제품을 선택/사용하는 것에 대해 다시 생각해 볼 수 있나요? 디올은 팔레스타인에서의 대량 학살을 위해 설립되었고, 그 대량 학살로 인해 팔레스타인에서 많은 사람들이 죽었습니다. 그러니 여전히 인간성이 있다면 다시 생각해 주세요. 고맙고 이해해 주시기를 바랍니다.",False,
@eldiara6042,"안녕하세요, 성진씨. 보이콧 제품을 선택/사용하는 것에 대해 다시 생각해 볼 수 있나요? 디올은 팔레스타인에서의 대량 학살을 위해 설립되었고, 그 대량 학살로 인해 팔레스타인에서 많은 사람들이 죽었습니다. 그러니 여전히 인간성이 있다면 다시 생각해 주세요. 고맙고 이해해 주시기를 바랍니다.",False,
@eldiara6042,"안녕하세요, 성진씨. 보이콧 제품을 선택/사용하는 것에 대해 다시 생각해 볼 수 있나요? 디올은 팔레스타인에서의 대량 학살을 위해 설립되었고, 그 대량 학살로 인해 팔레스타인에서 많은 사람들이 죽었습니다. 그러니 여전히 인간성이 있다면 다시 생각해 주세요. 고맙고 이해해 주시기를 바랍니다.",False,
@eldiara6042,"안녕하세요, 성진씨. 보이콧 제품을 선택/사용하는 것에 대해 다시 생각해 볼 수 있나요? 디올은 팔레스타인에서의 대량 학살을 위해 설립되었고, 그 대량 학살로 인해 팔레스타인에서 많은 사람들이 죽었습니다. 그러니 여전히 인간성이 있다면 다시 생각해 주세요. 고맙고 이해해 주시기를 바랍니다.",False,
@eldiara6042,"안녕하세요, 성진씨. 보이콧 제품을 선택/사용하는 것에 대해 다시 생각해 볼 수 있나요? 디올은 팔레스타인에서의 대량 학살을 위해 설립되었고, 그 대량 학살로 인해 팔레스타인에서 많은 사람들이 죽었습니다. 그러니 여전히 인간성이 있다면 다시 생각해 주세요. 고맙고 이해해 주시기를 바랍니다.",False,
@eldiara6042,"안녕하세요, 성진씨. 보이콧 제품을 선택/사용하는 것에 대해 다시 생각해 볼 수 있나요? 디올은 팔레스타인에서의 대량 학살을 위해 설립되었고, 그 대량 학살로 인해 팔레스타인에서 많은 사람들이 죽었습니다. 그러니 여전히 인간성이 있다면 다시 생각해 주세요. 고맙고 이해해 주시기를 바랍니다.",False,
@eldiara6042,"안녕하세요, 성진씨. 보이콧 제품을 선택/사용하는 것에 대해 다시 생각해 볼 수 있나요? 디올은 팔레스타인에서의 대량 학살을 위해 설립되었고, 그 대량 학살로 인해 팔레스타인에서 많은 사람들이 죽었습니다. 그러니 여전히 인간성이 있다면 다시 생각해 주세요. 고맙고 이해해 주시기를 바랍니다.",False,
@My6days0907congratulations,와 진짜 존나 잘생겼네,False,
@주연-d1d,정국이 제대햇네,False,
@dianac22,"안녕하세요, 성진씨. 보이콧 제품을 선택/사용하는 것에 대해 다시 생각해 볼 수 있나요? 디올은 팔레스타인에서의 대량 학살을 위해 설립되었고, 그 대량 학살로 인해 팔레스타인에서 많은 사람들이 죽었습니다. 그러니 여전히 인간성이 있다면 다시 생각해 주세요. 고맙고 이해해 주시기를 바랍니다.",False,
@감자감자망고,향덕 설명 미쳤다,False,
@onyourzifa,suamiiii,False,
@루루-y8p,아따마...그냥 좋다..일단 (아직안봄),False,
@МаринаЦой-э1у,Thank you for interesting episode💗,False,
@tsoyalbina,Love you Sungjin ❤,False,
@turn_off_the_lights,미남.,False,
@ara106,"안녕하세요, 성진씨. 보이콧 제품을 선택이나 사용하는 거에 대해 다시 재고해 주실 수 있나요? 디오르와 나이키는 팔레스타인인을 집단학살하는 이스라엘의 전쟁에 연루된 많는 기업 중 하나에요. 대량 학살 군대에 기부한 사업체가 더 많습니다 (디오르, 맥도날드, 버거킹, 피자헛, etc). 이 점에 주목하시길 바랍니다. 그 대량 학살로 인해 팔레스타인에서 많은 사람들이 죽었습니다. 그러니까 여전히 인간성이 있으신다면 다시 재고해 주시길 바랍니다. 감사합니다🙏🏻🙏🏻🙏🏻",False,
@thehyoasis,착장뭐임 내 신랑으로 바로 입장해도될듯 ;;,False,
@소희-o7z,"어쩜,, 깔꼼쟁이 채널주 성격이 왓츠인마이백에서 다 보임 ㅋㅋㅋㅋㅋㅋ 귀여워....ㅠㅜ",False,
@JK_Woozzaziyo,진짜 파우치별로 정리하고 잠옷을 여행일수에 비례하게 들고 다니면서 무게까지 생각해서 캐리어에 짐 싸는 어떤 남성이 너무 좋아서 미치겠어요...,False,
@지민아사랑해-d3r,인급동 축하해 성지나❤❤❤❤,False,
@NsisyqFuysja-o4e,"안녕하세요, 성진씨👋<br>보이콧 제품을 선택/사용하는 것에 대해 다시 생각해 볼 수 있나요? 디올은 팔레스타인에서의 대량 학살을 위해 설립되었고, 그 대량 학살로 인해 팔레스타인에서 많은 사람들이 죽었습니다😢<br>그러니 여전히 인간성이 있다면 다시 생각해 주세요, 고맙고 이해해 주시기를 바랍니다🙇🏻‍♀️🙇🏻‍♀️🥺",False,
@doong_x2,미남은 향에 예민하네..,False,
@SUPERTAIIMEDIA,성진쓰 디올 엠버서더 시켜주라,False,
@thegurl,papa sungjin,False,
@미뉴갱,장거리 비행때 가습촉촉 마스크 써보세여!출장마다 쓰는데 얼굴도 목도 덜 건조해용,False,
@jinjinjin5663,우리 데장따라 소바쥬 시향하러 총총❤,False,
@yepoooanc,"안녕하세요, 성진씨. 보이콧 제품을 선택/사용하는 것에 대해 다시 생각해 볼 수 있나요? 디올은 팔레스타인에서의 대량 학살을 위해 설립되었고, 그 대량 학살로 인해 팔레스타인에서 많은 사람들이 죽었습니다. 그러니 여전히 인간성이 있다면 다시 생각해 주세요. 고맙고 이해해 주시기를 바랍니다.",False,
@tklee2777,파자마 6벌 뭔일이야~ ㅎㅎㅎ 깔끔의 정석이네,False,
@jtfrmrnk323,"안녕하세요, 성진씨. 보이콧 제품을 선택/사용하는 것에 대해 다시 생각해 볼 수 있나요? 디올은 팔레스타인에서의 대량 학살을 위해 설립되었고, 그 대량 학살로 인해 팔레스타인에서 많은 사람들이 죽었습니다. 그러니 여전히 인간성이 있다면 다시 생각해 주세요. 고맙고 이해해 주시기를 바랍니다.",False,
@dipsideepsea,"안녕하세요, 성진씨. 보이콧 제품을 선택/사용하는 것에 대해 다시 생각해 볼 수 있나요? 디올은 팔레스타인에서의 대량 학살을 위해 설립되었고, 그 대량 학살로 인해 팔레스타인에서 많은 사람들이 죽었습니다. 그러니 여전히 인간성이 있다면 다시 생각해 주세요. 고맙고 이해해 주시기를 바랍니다.",False,
@DinoKeisho,"안녕하세요, 성진씨. 보이콧 제품을 선택/사용하는 것에 대해 다시 생각해 볼 수 있나요? 디올은 팔레스타인에서의 대량 학살을 위해 설립되었고, 그 대량 학살로 인해 팔레스타인에서 많은 사람들이 죽었습니다. 그러니 여전히 인간성이 있다면 다시 생각해 주세요. 고맙고 이해해 주시기를 바랍니다.",False,
@oremashio,"안녕하세요, 성진씨. 보이콧 제품을 선택/사용하는 것에 대해 다시 생각해 볼 수 있나요? 디올은 팔레스타인에서의 대량 학살을 위해 설립되었고, 그 대량 학살로 인해 팔레스타인에서 많은 사람들이 죽었습니다. 그러니 여전히 인간성이 있다면 다시 생각해 주세요. 고맙고 이해해 주시기를 바랍니다.",False,
@Daechirose,"안녕하세요, 성진씨. 보이콧 제품을 선택/사용하는 것에 대해 다시 생각해 볼 수 있나요? 디올은 팔레스타인에서의 대량 학살을 위해 설립되었고, 그 대량 학살로 인해 팔레스타인에서 많은 사람들이 죽었습니다. 그러니 여전히 인간성이 있다면 다시 생각해 주세요. 고맙고 이해해 주시기를 바랍니다.",False,
@seorikong,야물딱지다,False,
@귤쿼카,파자마 6벌에 기함함...ㄷㄷ 엄청 깔끔한 성격인가봄. ㅎㅎ 캐리어 착착 싸는 것도 갓벽하네. 완벽한 성진이랑 디올이랑 찰떡😊,False,
@hh5529,썸네일미남꽉껴걍,False,
@윤희-f3v,블랙 찰떡이다😢😢❤❤,False,
@destialpianisupardi3129,"안녕하세요, 성진씨. 보이콧 제품을 선택/사용하는 것에 대해 다시 생각해 볼 수 있나요? 디올은 팔레스타인에서의 대량 학살을 위해 설립되었고, 그 대량 학살로 인해 팔레스타인에서 많은 사람들이 죽었습니다. 그러니 여전히 인간성이 있다면 다시 생각해 주세요. 고맙고 이해해 주시기를 바랍니다.",False,
@Ydw-h5k,꼼꼼하고 세심한 남자.. 진심 확 끌어안고 구치소 가고싶다,False,
@here-o2p,손 안가는 남자 너무 좋다 정말,False,
@piscesgirl4415,Cinta banget sama bapak atu ini ❤,False,
@lim1435,와!!!  굿볼을 아시네요~~❤<br>역시 관리하시는 분이라 다르시네요 😊,False,
@단단몬-l6c,"<a href=""https://www.youtube.com/watch?v=ZEqm55mvNE4&amp;t=410"">6:50</a> 오오 좋네~",False,
@쏘오오오오,내가 기안이라니...,False,
@bbirong_yk,에립다 에리버 이제 디올까지…. 너무 좋다….,False,
@yumssam.62,굿볼!!!!!!!❤❤❤❤,False,
@lucyndaalisyah2194,oh ternyata bau park sungjin adalah dior sauvage,False,
@mdztabaloc,clearly in his 30s with the massage balls,False,
@ShakiraN-y3g,Have a safe trip!! Take care of your health and upper thigh 🤣. 🩵,False,
@user-om1yi2zg1g,살이 빠지니 잘생김이 더 부각되네<br>장발도 자리를 잡아가고 진짜 데식중 남자력 최고야,False,
@도도한데이,"<a href=""https://www.youtube.com/watch?v=ZEqm55mvNE4&amp;t=164"">2:44</a> 와우 나 진심 디올소바주 뿌리는 남자 사랑하는데 오케 박성진 사랑함❤<br>근데 잘때까지 뿌린다? 오케 더 사랑함❤",False,
@jung-ah,이미 여행중 입니다만 ㅋㅋㅋ 다음 여행에 참고 하겠습니다❤❤❤<br>월투 화이팅!!!,False,
@DK-vx7md,찾았다 내 남편!,False,
@쥬쥬-i6o,모든게 완벽한 영상이네 향덕의 향수광고라니? 아따 골치아프노~,False,
@12jhv23hjkjhv,행임 살빠지셨어,False,
@Exodus.14.14,같은 J로써 편안하게 봤습니다😊ㅋㅋㅋㅋㅋ,False,
@김수현-p6z,엔딩 체크패턴으로 바뀐 서사 너무 좋다 그런 의미에서 무반주로 넣어주세요 피디님,False,
@danshinss,lol i died when i saw him take out the showerhead,False,
@은이-i3r,1일 1파자마라니...하지만 깔끔해서 조음,False,
@sh1004-s3e,이제 모든 멤버들이 보부상이 된 J가 됐네 ㅋㅋ,False,
@행복한포케,"<a href=""https://www.youtube.com/watch?v=ZEqm55mvNE4&amp;t=585"">9:45</a>",False,
@sh1004-s3e,"<a href=""https://www.youtube.com/watch?v=ZEqm55mvNE4&amp;t=150"">2:30</a>~ 항수 모든 브랜드 광고주 분들, 데이식스에서 가장 유명한 향수 수집가이자 향수를 좋아하는 멤버가 성진, 원필인데 그중에서 향수를 깊이있게 다룰 정도로 좋아하는 멤버 성진에게 향수 광고 엠버서더가 필요하면 꼭 성진이를 불러주세요!!!",False,
@sh1004-s3e,"항수 모든 브랜드 광고주 분들, 데이식스에서 가장 유명한 향수 수집가이자 향수를 좋아하는 멤버가 성진, 원필인데 그중에서 향수를 깊이있게 다룰 정도로 좋아하는 멤버 성진에게 향수 광고 엠버서더가 필요하면 꼭 성진이를 불러주세요!!!",False,
@bebefromseptember,ㅋㅋㅋㅋ 같은 J로서 마음이 편안하네... 비타민까지 야무지게 챙겨먹는 모습에서 동년배 향기까지 가득 느끼고 갑니다^^!,False,
@sh1004-s3e,"성진아, 다시한번 시상식 3관왕 축하해!<br>kgma에서 받았던 베스트 밴드, 베스트 송, 그랜드 퍼포머 상 까지 너무 축하해^^<br>심지어 같은 날에 발표된 2024GMF 그민페 최고의 아티스트 (MVP) 수상 까지...<br>축하해요~",False,
@untildend,오늘 새로운 단어 배웠다 “끼바놓고”,False,
@untildend,이야 광고 마 박성진이 잘나가노!,False,
@alkaibeuu,아직도 박성진 보고싶어 😭😭,False,
@정꽃-f5x,"성진미모 난리난요즘,,♡",False,
@moong_pil,깔끔하고 섬세한 남자 너무 좋다..,False,
@실버-s7y,성진이 깔끔함은 정말 .. 상상이상이다<br>오늘 영상에서 향수냄새 나는거 같아여 수트 누구아이디어임 너무 칭찬해🤍🤍🤍😘,False,
@haeryeongj,끼바넣고....ㅎㅎㅎ친근한 너의 말투가 너무 좋당❤데장ㅋㅋㅋ,False,
@sungjini-d4p,왜이렇게  잘생김? 요즘 계속 리즈 갱신해서 정신이 혼미함 바쁜 와중에 찐이야 콘텐츠 계속 신경써주는 것도 넘 좋네ㅠㅠㅠ,False,
@catElectricguitar,데장이랑 여행가면 보부상….체크…,False,
@april08080,"Would love to fit some of those extra things in my carry on. Alas, space is scarce lol. Thanks for sharing! Safe travels!❤",False,
@mydayhyunnie,Kangbra&#39;s journey as an overpacker has just begun 🤣,False,
@virnacarvalho8503,He&#39;s so ENFJ,False,
@qq-l9i,아진짜 너무 좋아서 빡빡이 될거같아....,False,
@Kwang1006,성진님 크리넥스 가습촉촉 마스크 좋아요 장시간 비행기탈때 그 마스크착용하면 숨 엄청 잘쉬어져요 추천...!!!!!,False,
@Ddungdenly,이렇게 얘기하면서 취향 알려주는거 넘 조음❤,False,
@taroguri,진심 썸네일 보고 정국인줄 알았음..?;;,False,
@B3PPElly,아니 오빠 향수 뿌리고 자요??,False,
@Nosil23,"<a href=""https://www.youtube.com/watch?v=ZEqm55mvNE4&amp;t=595"">9:55</a> 갑자기 K 생존기 시작 😂😂",False,
@냐옹-m6o,이런 컨텐츠 좋아요 박성진의 1부터 10까지<br>다 알고싶다고 🥹🥹🥹🥹,False,
@czenniesmy9399,"Can i have YoungK, Wonpil, Dowoon version too. Im curiousssssss",False,
@buugatting000,오빠 남자냄새 때문에 숨막히네요 아주 좋습니다 정말 감사하네요,False,
@mithin1700,I really love everytime Sungjin talk about his favourite things.,False,
@leanysilva.4396,I just wanna know the shampoo/treatment brand. 😭😭.,False,
@Suno-ih6bj,"The shower head and filter part actually attractive, this man clean",False,
@jinijinijinijini-q9o,디올 뭐하세요 박성진 모델로 광고 찍으세요 워낙 분위기가 남신상이라 영상 기깔날듯,False,
@udayn8940,"Hey, Dior&#39;s company NIKE&#39;s company are supports genocide in Palestine! SO, Please boycott their products if you guys stand for humanity😌👍🏻",False,
@m̈ment-y7c,제일 중요한 저를 안담아가시면 어뜨케여,False,
@wannagoback3739,Where can i find a good looking man with rich vibes like park sungjin 😢❤,False,
@taelk29,❤,False,
@니니-q4y,우리 성진이 확신의 J구나,False,
@yawn-vj2ry,박성진이랑 공통점 한개 찾았다…강력한 비염 치료제…ㅎ.ㅎ,False,
@보름달-h6w,오호 ... 이래 짐을 잘 싸면 내랑 여행밖에 더 가겠으요...? ☺️,False,
@peace-hy9cg,올블랙 데장 멋지네요 사투리가 안들릴 정도ㅎㅎ,False,
@tangerine-g3z,하... 올블랙수트에 향수 소개하는 남자 진짜 혼미하네,False,
@Syaaaaa5653,❤❤❤,False,
@stroberymoon,"안녕하세요, 성진님. 잘 지내고 계신가요? 제가 하고 싶은 말이 있는데요, 혹시 디올 같은 브랜드 제품을 사용하거나 지원하는 것에 대해 다시 한 번 생각해 주실 수 있을까요? 디올이 팔레스타인에서 일어나고 있는 학살을 지원하는 자금과 연결되어 있다는 이야기가 있습니다. 이 비극 때문에 너무나 많은 사람들이 희생되고 있어요. 성진님께서 인류애를 소중히 여기신다면, 한 번 더 깊이 고민해 주셨으면 좋겠어요. 이해해 주시길 바랍니다. 감사합니다.",False,
@youngone_46,시작부터 영상에서 향기가 나요,False,
@WSXRFVYHN,데장 미모 뭐야,False,
@젠틀냥박노을,성진햄이 이런 거 소개해주면서 도란도란 얘기해주는 거 진짜 너무 재밌다 ㅋㅋㅋㅋㅋㅋㅋ 세상 그 어떤 ASMR보다 예능 토크쇼보다 더 재밌어 (?<br>근데 파우치랑 텀블러 어디거 쓰시는지........ 특히 파우치 되게 탐나는데 어디건지 아는 사람.....?,False,
@젠틀냥박노을,"<a href=""https://www.youtube.com/watch?v=ZEqm55mvNE4&amp;t=412"">6:52</a> 요추지지대 추천하던 성진햄 어디 안 갔네 ㅋㅋㅋ 요추 절대 지킴이 ㅋㅋㅋㅋㅋㅋㅋㅋ<br><a href=""https://www.youtube.com/watch?v=ZEqm55mvNE4&amp;t=711"">11:51</a> 슬리퍼 바닥면이 나머지 한 쪽 슬리퍼 윗면에 닿는 게 싫어서 뒤집어 넣는 거 ㄹㅇ 공감이다 나도 맨날 저렇게 하는데 ㅋㅋ",False,
@810-x8y,첫장면부터너무잘생겨서숨이안쉬어져요,False,
@젠틀냥박노을,디오르라서 저렇게 시크한 블랙으로 입었구나 ㅋㅋㅋ 바로 납득함 저 헤어스타일도 그렇고 성진햄이랑 딱이네,False,
@been_go,"윷놀이 ㅋㅋㅋㅋㅋㅋㅋ 나보다 더 꼼꼼하네,,<br>애장템 데공개 해줘서 고마워 ~~💚",False,
@themerciless1777,내가 예민한 사람이라서 그런지 깔끔하고 꼼꼼한 성진이가 너무 좋다 ㅠㅠ,False,
@mumulool,짐 너무 야무지게 챙기셔서 또 한 번 반함..  . . . . 근데 너무도 아름다움.. 어케 이러셔요?,False,
@thelvmhgroup,안녕하세요. 형 혹시 저도 담아가실 생각 있나요?<br>위탁수화물 부칠 때는 눈치껏 행동할게요,False,
@aisyahhawa9981,"Sungjin oppa let me tell you that dior and nike are pro-israel brands, and there has been genocide in Palestine. please be aware 🥺😭",False,
@youaremyday6,아니 이거 뉴스룸 착장이죠…… 느좋 끝판왕,False,
@s5geum,와 진짜 깔끔하게 정돈잘한다😮 카키색 파우치 진짜 탐나!,False,
@이온-p7k,진짜 J다...,False,
@aimyung13,i need to know the brand of his shampoo and hair treatment huhuhu,False,
@imasmasitoh295,같은 편이라서 다행이에요 😅,False,
@냥냥-y6n,잘생겼떵❤❤❤,False,
@Dive_into._,의류 애착템 기대할게요오..❤❤❤,False,
@Sungdenly,예민미 박떵딘씨.. 더 보여주..,False,
@ofomlo,왕... 너무 깔끔하다,False,
@minjung1,아따 잘생겼네❤,False,
@VanillaLatte-sg2xs,내가 손민수 할 건 하나도 없지만 재밌구먼….,False,
@goldenyear247,❤❤❤❤,False,
@rock2moon,"so happy for this video on my birthday ❤‍🩹<br><br>firstly, thank you for the eng subs!<br>then, park sungjin, excuse me but how can you look soooooo handsome with black hair and all-black clothes?????? i almost fainted but made it to the whole video.. <br><br>it was an interesting content, i always love to know more of your lifestyle! and ofc you are a clean freak, we already knew that ahahah <br>so....... next step, the <b>dorm</b> life, right? 👀<br>can&#39;t wait for the next video, i&#39;m always craving for more 🥰",False,
@이영주-k5b5g,디올 향수 냄새 더 자세히 맡으려고 안경 꼈네요,False,
@이예은-t8i,대장 블랙 박제,False,
@희꾸-r3h,오이? 착장이 어제 찍은건데? 오이?ㅋㅋㅋㅋ데장? 박성찐이야 실시간이였나요 👀🤗🤍,False,
@Rornfdl,성진씨가 깔끔떠는게 아니라면 나는 거의 뭐.. 네 🥲,False,
@pyeongdepyeongma,박성찐이야 컨텐츠는 다 재밌음~~ 오늘도 즐거웠따!!!!,False,
@haun_w,살빠졌엉😢,False,
@kaeul_nuna,잠옷을 매일갈아입는다고? 진~~짜 깔끔쟁이네ㅋㅋ 어차피 씻고 입으니 난 2틀은 입는데ㅋㅋㅋ,False,
@restuanggraini-x5q,"Cool Sungjin, very nice info and tips 🙌🙌🙌🙌 thank you",False,
@수리킴-d9p,"아으 깔끔떠는거봐,,,(더해줘,,,당신의 깔끔함을 사랑해,,,❤)",False,
@sheeep.,"<a href=""https://www.youtube.com/watch?v=ZEqm55mvNE4&amp;t=55"">0:55</a> 성진아 캐리어에 나도 항상 꼭 챙겨가줘",False,
@자유-m9d,이제 디올 향수만 뿌리는 사람이 될게~~,False,
@예쁨쁨맘,얘들아❤넘 축하해🎉,False,
@말랑토끼-t2k,데장 다시한번 3관왕 축하하고 콘서트때 봐요!ㅎㅎ,False,
@사랑해-p4y2g,무어ㅓㅓㅓㅓ??? 디올 뷰티이??????(입막)<br>아니 데이식스 자꾸 이렇게 멀어질거야? 연예인 할거야?ㅠㅠ 응. 우리 대상가수❤<br>하.. 누워서 성진이 캐리어 와츠인마이백도 보고ㅠㅠ 증말 세상 좋아져따,False,
@yjbea2993,퇴근하고 씻지도 않고 잠옷 갈아입고 침대 누워서 보고 있는데 옆에 데장 있었으면 등짝 맞았을듯ㅋㅋㅋㅋㅋㅋㅋㅋ,False,
@귀여우면_다_좋아,월요일이 행복한 이유🍀,False,
@AyuBudiNastiti,salfok sama kaki cahrgernya buat di Indo ga sih model begitu? karena kayanya banyak negara lain yang model kaki nya ga gtu,False,
@jiwoong707-uh7rt,오빠다음에 룸투어 한번해도 좋은 것 같아요😊,False,
@arassing,박성진 사랑해 앞으로 전달,False,
@sek3257,오호 썸네일이 이리 잘생기면 우째지요?,False,
@지발제발-l8y,"강.박성찐이야 상대적으로 내가 더러븐 사람이 돼뿟다,,,, 절대적인가😂",False,
@살구-f5t,아 재밋다 푸히히.. 이런 거 자주 하자 데장,False,
@Baby_MyDay,오빠ㅏㅏㅏㅏㅏㅏㅏㅏㅏㅏ,False,
@찐찐-q6h,왓츠인마이캐리어가 아니라 왓츠인마이홈 같은데 ㅋ ㅋ ㅋ  ㅋㅋ  ㅋㅋ ㅋ 집을 다 털어온거 아니냐며!!!! 그럼 다음엔 진짜 숙소 털....🤤,False,
@에릭앤에디,박떵딘 디올 이욜~~~~❤ 너무 잘어울려서 걍 인간디올옴므이심. 향수광고한다고 착장까지 어울리게 맞춰잊고오는 셀럽 어떤데. 진짜 변함없이 별걸다 열심히 하는 이남자...탐난다,False,
@kkksamjin,수트 입으니 얼굴이 너어어어어어무 삼 얼굴이 원래도 레전드였는데 수트 입으니 그냥 미치심 테리우스 같으심,False,
@희망이-v7v,향수 취향 너무 내 취향이라 <br>장난 아니게 설레......<br><br>알러지랑 비염까지 비슷한건<br>좀 웃기지만..,False,
@쏘미-k5q,와.. 패대기쳐서 안넣구 파우치별로 깔끔하게 정리해넣는 성진이 치인다… ㅠㅠㅠ 넘 섹시행,False,
@u__aee,케리어 쌀 때 유별나다 소리 많이 듣는데 앞으로 핑계 댈 사람 잇어서 다행이다 이너웨어 아웃웨어 구분한다는거에 극극극공감,False,
@aaab5054,광고말고 진짜 사용하는걸 알고싶은뎅.....,False,
@SJ-yv7ob,뭐이래 잘생깃노?🧡,False,
@댠이-o7y,빨래가 가능해도 파자마를 6개 챙기는구나..,False,
@dianac22,"Hi Sungjin, can you consider again for choosing/working/using boycott products. Dior is founding for genocide in Palestine, lot of people got killed in Palestine because that genocide. Thanks and hope you understand.",False,
@Seeesiu76dleoeoeijs,아 미챴다 진짜 조합 뮤슨일이야 아,False,
@Rururu_rhk,사랑혀…<br>고척 2층 이내로 내 자리 하나만 조…,False,
@kim_person,너무 유익하다,False,
@먛먛-r2h,에에 내가 왜 마음이 좋아 디올뷰티 앤나 정장식스 도장깨기 가보쟉고❤,False,
@다람이-h5u,ㅈㄴ 좋다 진짜 올블랙 수트 어울리는것도ㅜ좋고 향에 예민한것도 좋고 꼼꼼하게 짐 정리 잘하는것도 ㅈ ㄴ좋네 진짜 😩,False,
@minmin_myday,성진아 그게 깔끔한거야... ㅎㅎ 왠지 내 자신을 반성하게 되네😅 오늘도 좋은 영상 올려줘서 고마워 사랑한다아😘,False,
@철든기철,곰돌이머리띠 빼먹었어 데장🐻🐾,False,
@Day6fallinlove,우리 데장 좀더 안거 같아서 넘 좋음 ~~비타민 나랑 같응거❤ 몸 잘 챙겨서 고척서 보자,False,
@돌콩eee,내 취한거 아이다~ 내 안 취했다~ 하는거처럼<br>내가 깔끔한 편은 아인데.. 반복ㅋㅋ 강한 긍정😂,False,
@dmonibjung8899,오빠미 미쳤다(오빠 아님),False,
@Sousdeo296,너~무 짧은데….. 2주에 한번은 너무하네요ㅠㅠ<br>많이 내주세요!!,False,
@wyee-12,박성진 손밖에 안보인다...,False,
@강윤영도현운,"<a href=""https://www.youtube.com/watch?v=ZEqm55mvNE4&amp;t=409"">6:49</a> 앜ㅋㅋㅋㅋ 요추 마사지 좋아하는 성진이 너무 귀여워 🤤",False,
@gracekim9004,와 볼때마다 리즈갱신이냐 잘생겨서 얼굴만 쳐다보게 됨😍,False,
@Day-yk,나도 한 깔끔떠는편인데  데장에 비하면 난 세균덩어리네..,False,
@daisy9486,알차다!!! 잘생긴 정장입은 성진이와 캐리어꿀팁👍😆,False,
@dwdw-5mn,떵디니 나랑 위생관념 강박이 비슷하넼ㅋㅋㅋㅋㅋㅋ 생일이 같아서 그랑가~~(괜히 엮어 보기,False,
@브리세요,"오늘도 퇴근길에 썸네일 떠있는거 보고 스르륵 녹아내렸어요~ 잘 볼게요❤<br><br>근데 조그만 의견 하나만 남겨봐요. <br>컨텐츠들이 항상 뭐 만드는거, 야구, 소지품.. 들만 있어서 좀 아쉬운 것같아요ㅜ<br>물론 성진오빠 스케쥴도 많아서 바쁠텐데, 이렇게 각잡힌 컨텐츠 찍는거 진짜 힘들거란거 알아요. <br>근데 사실 생각보다 많은 팬들이 이런 각잡힌 컨텐츠보다는 그냥 진짜 가벼운 일상 브이로그, 수다, 커버곡을 원하는 것같은데ㅜㅜ 그런 영상들도 많이 제작해봐주시면 안될까요😢<br><br>2주에 한번씩 올라오다보니.. 너무너무 반갑기도 하지만.. 또 비슷한 소재의 영상이면 아쉬운 마음도 큰 것같아요..<br><br>저도 동종업계에서 일하는 사람으로써, 영상 하나하나 제작하는 거 얼마나 힘들지 알아요! 그래서 사실 이 의견.. 무시하셔도 충분히 이해합니다~ <br><br>오늘도 혹시.. 브이로그가 아닐까.. 커버곡이 아닐까.. 기대감이 컸던터라 아쉬운 마음에 조심스럽게 의견 남겨본거구요~ 항상 빠이팅입니다😊",False,
@chuzzwoon1106,"<a href=""https://www.youtube.com/watch?v=ZEqm55mvNE4&amp;t=828"">13:48</a> 네 맞습니다 데장님~ㅎㅎ 근데 저는 깨끗하고 향기로운 남자를 좋아해서 이해합니다 뭐.. 그래서 전 성진 씨를 좋아합니다♡",False,
@꼭빛나고야만다,와... 오늘 인물이 아주 빛이 난다!! 빛이나!!,False,
@Bangbang_ee-r2e,오늘 헤메코 미쳤다….🫠❤️‍🔥❤️‍🔥❤️‍🔥❤️‍🔥,False,
@AisyahAzka-l7r,"Boycott dior, please :((",False,
@레모닝-v2k,아니미친 박성진 수트핏 미쳤다고 진짜로,False,
@I_xoung,박성진 캐리어에 들어갈램..,False,
@savvvj,향 너무 좋다 (안맡아봄),False,
@마이데이유애나,박성진의 캐리어가 되고 싶습니다,False,
@용용님-w8d,올블랙 존잘....  ❤,False,
@나나나나나나쏴,"캐리어 소개하는데 뭐 이리 잘생기게 하고 와써 오빠 얼굴 밖에 안 보여,,",False,
@---uy1lr,캐리어에 저도 담아주시면 안되나요? 월드투어 전부 가고 싶은데😂❤,False,
@찐-g6w,"성진아 영진국밥 다음으로 디올이 찰떡이다,,",False,
@markieway6143,"Hello Sungjin-nim &amp; JYPE,  We do NOT want DAY6 to associate or promote companies thay are financing a genocide in Palestine. Please take note of our concerns. <br><br>@DAY6__SUNGJIN<br>@DAY6BOBSUNG_JIN<br>@jypnation<br>@day6official<br>@jyp_edm<br><a href=""http://www.youtube.com/results?search_query=%23jype_boycott_genocide"">#JYPE_BOYCOTT_GENOCIDE</a>",False,
@룰루-s4n,너무 잘 챙겨다니는데?? 하나부터 열까지 섬세한 사람 ㅠㅠㅠ,False,
@공부하는하율-w6w,4분전,True,@룰루-s4n
@wjd_607,다음 생은 캐리어로 도전해 봐...?,False,
@뭄뭄-m4k,왜.....귀엽지?<br>멋있는데..귀여워<br>귀엽다...<br>귀여운데?,False,
@bluewgreen,PJ 어케 매일 갈아입지 대다나네,False,
@lovethissssssmoment,"<a href=""https://www.youtube.com/watch?v=ZEqm55mvNE4&amp;t=236"">3:56</a>",False,
@꾹데장,아니 디올+박성진 그냥 환장하겠는디???? 나 죽어ㅠㅠㅠ,False,
@윧이-w6l,사랑한다고 했다이,False,
@메밀차,허허~ 좋구만~,False,
@피자핫소스,이어플러그 완전 공감입니다..없으면 못자고 집에 한통입니다!ㅋㅋ👍,False,
@en7479,"Hello JYPE,  We do NOT want DAY6  to associate or promote companies thay are financing a genocide in Palestine.  Please take note of our concerns.",False,
@bluewgreen,잘 때 향수 뿌리는거 너무나 향덕..,False,
@MarioKal-x4k,윷놀이ㅋㅋ😂😂😂😂😂😂,False,
@Daisy_of_Day6,올블랙수트에다가 손목에 채워진 메탈 시계가 미치게 하는 거야..,False,
@양이바오,약간 방문 판매원 같아요.. 홀려서 보는 중 ㅋㅋㅋㅋㅋㅋㅋㅋ 다 사고 싶어져<br>짐 싸는 스타일이나 성향이 나랑 비슷하네연ㅋㅋㅋㅋ 잡다한 거 끼워 넣는 거 빼고.. 윷놀이는 좀ㅋㅋㅋㅋㅋ,False,
@nitamaharanis,마지막에 좋아합니다 시절이 지났구나,False,
@mingjuday,후당당당 왔는데도 504번째...댓글🩷,False,
@Moa-My_day,화면에서 향기가 나요. 진짜 어제 수상 너무너무 축하한다 찐아…❤🎉,False,
@regga6066,Ganteng banget Sungjin 🥺❤️,False,
@daylove121,아니 완전 남편상... 남친 건너뛰고 남편상이잖아요... 정말 결혼장려하려면 알고리즘에 이런 영상을 많이 뜨게 해야하는 게 맞다.. 결혼 생각 해본 적 없는 사회초년생인데 절로 남편상 소리가 다 나오잖아요... 이건 말이 안 돼,False,
@loveyoungk,오빠랑 무인도가면 굶어죽지 않게 해줄거 같다..,False,
@ssomdi6548,미남이 좋다,False,
@yunandaputri1263,"Hello JYPE,  We do NOT want DAY6  to associate or promote companies thay are financing a genocide in Palestine.  Please take note of our concerns. <br><br>@DAY6__SUNGJIN<br>@DAY6BOBSUNG_JIN<br>@jypnation<br>@day6official<br>@jyp_edm<br><a href=""http://www.youtube.com/results?search_query=%23jype_boycott_genocide"">#JYPE_BOYCOTT_GENOCIDE</a>",False,
@eunewo,애착의류 소개할 때 시계나 목걸이같은 악세서리도 같이 해주면 좋겠다❤,False,
@pfadnad,"The content My Days been waiting for, thank you for creating this content hehehe We will wait for fashion edition~",False,
@이회장-g5d,이야 뷰티 광고가 두 개나 있네😮😊😊,False,
@noni_pp,결혼은 못하겠다 매일 파지마 갈아입는 남자라서… 내가 못하겠다………… 하아……,False,
@vitaagusriyani2668,"Hello JYPE,  We do NOT want DAY6  to associate or promote companies thay are financing a genocide in Palestine.  Please take note of our concerns. <br><br>@DAY6__SUNGJIN<br>@DAY6BOBSUNG_JIN<br>@jypnation<br>@day6official<br>@jyp_edm<br><a href=""http://www.youtube.com/results?search_query=%23jype_boycott_genocide"">#JYPE_BOYCOTT_GENOCIDE</a>",False,
@jwwshot,Asikk lagunya udah pake check pattern😂,False,
@coffeejelly3985,isnt dior included in the boycott list cos it is involved in funding israel&#39;s operations? im so excited about sungjin promoting a perfume and he has a lot of perfumes he likes so i hope we stay away from dubious brands 🥺,False,
@jerrystu873,아따... 거참 잘 생깄네...,False,
@가네,박진영sbn께 춤 배우는 영상 보고싶어요 데장 부탁해,False,
@govl61,진짜 더 느좋남😢🩵🍀<br>한때 저도 도라에몽 보부상이었는데😂😂,False,
@maisonhestia_korean,3관왕이라니 ㅜ ㅜ 나도 눈물이난다아 나혼자듣던 노래가 이젠 길 지나다니면 매일 들리는 기쁨이 얼마나 큰지몰라요..! 3관왕 너무 너무 축하해 🎉🎉,False,
@Anna_S2,오늘도 박성진 미모 찢었다!!! 의류 소개도 완전 기대중🥰,False,
@박성진나랑결혼하자,캐리어에 나를 필수템으로 챙겨줘,False,
@llxzeoo,아 벌써 재밌다,False,
@taranajmia,"Hello JYPE,  We do NOT want DAY6  to associate or promote companies thay are financing a genocide in Palestine.  Please take note of our concerns.",False,
@Like_cherry_coke,"이제 저기에 나만 더 챙겨가주라 성진아,,, ❤️<br>강박증있는 거 아닌가 했지만 성진아?<br>깔끔한 면은 여자들에게 호감포인트가 된단다<br>넌 더이상 호감포인트를 쌓을 게 없는데 말이지<br>ㅜㅜㅜㅜㅜㅜㅜㅜ이 완벽덩어리아기멋재이곰도리야ㅠㅠㅠㅠㅠ<br>수납꿀템 나도 참고해야지...ㅜㅜ<br>나도한결벽증소리듣는인간이라 너의그강박증아닌강박증 이해할 수 있어<br>나도 한 보부상이라 맨날 가방이 무거워<br>한두가지빼놓고오면 꼭 그 날 빼놓고 온 게<br>필요한 순간이 와서 절대 한두개도 빼놓고다닐수없는맘 누가알까 ...<br>잘때마저 향기로운 데장곰돌.. 남성이요..?<br>최고... 내거중에최고.. <br>건강보조제도 잘 챙겨먹는 성진이 보니까<br>안심이 되는구나.. 항상 알아서잘하히라 생각했지만 눈으로 보니 더 다행이야<br>마음건강도 잘 살피며 행복만 하자 성지나!!!!!<br>샤워기필터 갖고다니는 거 크으..<br>남 잘한다 .. 그치이.. 울애기곰도리 피부 소중하니까 ㅠㅠㅠㅠㅠ <br>이어플러그 역시 울 예민곰돌 청력 소중하니까<br>ㅜㅠㅜㅜㅜㅜㅜㅜ<br>꼬질꼬질 쓰래빠도 증말 애착템인..<br>성진이의 발때묻ㅇ.. 아니지 발때가 있을리갸 없지 성진이가..  발 길(?) 많이 담긴 템인게 <br>확 느껴져서 넘 기엽구.. ㅠㅠㅠ<br>앞으로 투어하면서 잠도 틈틈히 잘 자고 <br>행복만 추억과 기억만 생겨나가길 기도할게🤍<br>이번 찐이야도 고마워어어어❤<br>재밋고 조아따!!!!💕💕",False,
@youngonehee3858,자기를 위한 깐깐함은 좋은 것이여요 데장 !🎀,False,
@inhiswings,파워J로서 너무나 편안한 영상....💚🩵,False,
@송송-l9q,디올과 박성진 ... 미친 조합이다,False,
@jieunlee5002,광고다~~~~ 찐이야에서 광고보는 게 기쁠줄이야 😂 <br>데장 올블랙 완전 멋짐,False,
@문모닝,아 오늘 스타일 왜 멋있는데?🤭,False,
@szsz986,성진쒸!!!!!! 유튜브해줘서 너무 고마와요ㅠㅠㅠㅠ 내집 안방에서 이렇게 성진쒸 캐리어 구경도 하고ㅠㅠ,False,
@ckk5300,착장 무엇❤🫠,False,
@byeolllllll,파자마6개...ㅋㅋㅋㅋㅋㅋㅋㅋㅋㅋ,False,
@ilove_nmix_0316,성진이형 너무 멋져... 블랙이 이렇게 잘 어울릴 일이야?,False,
@_ollllivia,"<a href=""https://www.youtube.com/watch?v=ZEqm55mvNE4&amp;t=213"">3:33</a> 어떡하지.. 잘 때 뿌리는 용으로 사도 될까나... 내 통장.... 눈 감아😢",False,
@하구름하늘,데장 미모 미쳤네❤❤❤,False,
@hyoseonkim5277,캐리어 소개 하는데 이렇게 멋질일인가요??,False,
@arsyadimi,🫠🫠🫠,False,
@elisaputrilim,"Hello JYPE,  We do NOT want DAY6  to associate or promote ( Dior ) companies thay are financing a genocide in Palestine 😢 Please take note of our concerns.",False,
@like_JAYEON,세상 모든 광고 다해줘 ❤,False,
@SaritaProductions,Sungjin: im not a clean freak 🙄<br>Sungjin 10 minutes later: well yes maybe i am a clean freak<br><br>Its ok sungjin 🤣🤣🤣,False,
@si_melon,"Hello JYPE,  We do NOT want DAY6  to associate or promote companies thay are financing a genocide in Palestine.  Please take note of our concerns. <br><br>@DAY6__SUNGJIN<br>@DAY6BOBSUNG_JIN<br>@jypnation<br>@day6official<br>@jyp_edm<br><a href=""http://www.youtube.com/results?search_query=%23jype_boycott_genocide"">#JYPE_BOYCOTT_GENOCIDE</a>",False,
@주주-s7s,성진쓰..정말 깔꼼하고 디테일한 남자구먼...멋져...,False,
@이상한나라의보라,오늘 데장님 패션 뭐선일인가요 ❤ 완전완전 멋져부러요 👍,False,
@hyoseonkim5277,캐리어 소개 하는데 이렇게 멋질일인가요??,False,
@hellohappylazybones8896,역시 깔끔하고 꼼꼼한 데장 전 봉다리에 다 때려넣는데ㅋㅋ종류별 파우치 있는것 부터 다르십니다요 🤓,False,
@싸카둥,"<a href=""https://www.youtube.com/watch?v=ZEqm55mvNE4&amp;t=412"">06:52</a> 왔다 요추요정",False,
@inhiswings,데장과 디올이라니 너무찰떡,False,
@inhiswings,으른이야 으른❤,False,
@user-oz7ds6bc2r,왜케 멋있어~,False,
@hyoseonkim5277,파파레서피 무슨일 ㅋㅋ역시 모델 답다,False,
@daysixdejang,박성진 옷장털이 넘 잼나겠다용❤<br><br>관심많은거 얘기할때 말많아지는거 너무조아용 이런거 자주해주세용❤,False,
@thddufdma,깔끔한 남자여서 더 관심이 있습니다🤭,False,
@별-x1c,잘생긴 박성진 영원히 수트 박제해🤗💚,False,
@꾸-n3i,옷 느좋,False,
@영원할꿈들,ㅋㅋㅋㅋㅋㅋㅋㄱ이너웨어 아웃웨어 따로 넣기(필기),False,
@singmd6,깨끗한 남자 조아…,False,
@이승은-f4s,데이식스 KGMA 3관왕 축하해💚💚,False,
@oremashio,"Hello JYPE,  We do NOT want DAY6  to associate or promote companies thay are financing a genocide in Palestine.  Please take note of our concerns.",False,
@yoo3668,깔끔한 남자 느좋🤍 텀블러 챙겨다니는것도 취저자나..,False,
@DinoKeisho,"Hello park sungjjiniya team, please don’t collab with brands in the list boycott. Their companies supports the genocide in palestine. Please take note of our concern",False,
@늘하1004,너무 빨리끝나자나 ㅠㅠ,False,
@김기영-s2c,파자마를 여러장 챙긴다는게 제일 충격😮,False,
@daone_jj,깨끗한 데장 보니까 나 자신 너무 더럽게 느껴져...순간 더러운 내방이 내 눈앞을 스쳐지나갔다.....😂,False,
@Daechirose,"Park sungijiniya team, please be considered to choose collaboration brand. There are several product in the list boycott because the brands supports genocide. Please take note of our concern",False,
@mwlovejiz,퍼컬이 겨울딥다크 맞네 맞어.세상 고급지다.블랙수트에 장발...  미쳐,False,
@Its_ECI,Beneran harus ada handuk dan alat2 mandi awokwok,False,
@dipsideepsea,"Hello JYPE &amp; Park Sungjjiniya Team,  We do NOT want DAY6  to associate or promote companies thay are financing a genocide in Palestine.  Please take note of our concerns",False,
@郭燕容,請問這是帶貨頻道嗎 好燒好燒🔥🔥🔥,False,
@udayn8940,💔(Hopefully all the park sungJJIN team read this) if you dont mind please dont choose products that are in the boycott list (🚫support genocide)😭🙏🏼 i mean there are many other products that better than that one (like: PAPA RECIPE✔) PLEASE CONSIDER  IT AGAIN.🙏🏼,False,
@jkmssss,대상받는 밴드이자 밴드 최초 고척돔에서 콘서트 예정인 데이식스의 리더 박성진님 캐리어 잘봤습니다.,False,
@leilalarasati6209,"Hello JYPE,  We do NOT want DAY6  to associate or promote companies thay are financing a genocide in Palestine.  Please take note of our concerns. <br><br>@DAY6__SUNGJIN<br>@DAY6BOBSUNG_JIN<br>@jypnation<br>@day6official<br>@jyp_edm<br><a href=""http://www.youtube.com/results?search_query=%23jype_boycott_genocide"">#JYPE_BOYCOTT_GENOCIDE</a>",False,
@olivec585,울 데장 잠옷 매일 바꿔입는구나.. 대박깰끔,False,
@dw__6_1597,박성진은 얼굴도 얼굴인데 얼굴도 얼굴임ㅇㅇ,False,
@leilalarasati6209,"Hello JYPE,  We do NOT want DAY6  to associate or promote companies thay are financing a genocide in Palestine.  Please take note of our concerns.",False,
@yammmmmi6,진짜 저 옷이랑 디올 향수랑 너무 잘어울려서 침흘림 그냥 광고 제디로 찍어주세요,False,
@hellohappylazybones8896,디올 광고오오오오~~~???? 채널주랑 찰떡이예요!!!!!!!!!❤❤❤❤❤❤,False,
@Love_me_or_Leave_me,하.. 넘 잘생겼다🖤,False,
@늘하1004,진짜 너무 기다려써 ㅠㅠㅠㅠ,False,
@sharala5885,썸넬 뭐양! 왤케 계속 잘 생겨짐!❤❤❤❤,False,
@Haruwenjeongildaysix,오빠 이뮨베라 먹어봐! 환절기 비염인에게 한줄의 빛임,False,
@delfiradaily,"Hello JYPE,  We do NOT want DAY6  to associate or promote companies thay are financing a genocide in Palestine.  Please take note of our concerns. <br><br>@DAY6__SUNGJIN<br>@DAY6BOBSUNG_JIN<br>@jypnation<br>@day6official<br>@jyp_edm<br><a href=""http://www.youtube.com/results?search_query=%23jype_boycott_genocide"">#JYPE_BOYCOTT_GENOCIDE</a>",False,
@feifei17_17,"<a href=""https://www.youtube.com/watch?v=ZEqm55mvNE4&amp;t=829"">13:49</a> true😂😂😂😂😂",False,
@6onthestage,내 최고의 밥친구❤❤❤❤,False,
@dankmy,그랜드 퍼포머 데장 아니십니까!! 그랜드 퍼포머 팬 마이데이 왔습니다💚,False,
@1pil.day6,너를 만난 건 우연이 맞닿은 것 ~~ 데장 미모 미쳤구여..,False,
@새람-f1q,대상 가수다~🍀❤️,False,
@kimwon.pil_428,파파레서피 패드 거의 다 썼네 우리 성진이ㅋㅋㅋㅋㅋㅋㅋ진짜 모델이지만 야무지게 쓰는구나,False,
@휴브윧,"<a href=""https://www.youtube.com/watch?v=ZEqm55mvNE4&amp;t=15"">00:15</a> 맨발로 발박수치시는 줄 알고 깜짝 놀랐네 ㅠㅠ",False,
@begentleing,뭐지? 하고 돌려보고 뿜었습니다 ㅋㅋㅋㅋㅋ,True,@휴브윧
@ahfxl,Congrats on winning 🏆!! See you on Friday 22/11 in Singapore 🇸🇬,False,
@feifei17_17,Vitamin D🤔🤔 Is that made only by human beings?,False,
@feifei17_17,行李收拾很乾淨欸！這是廣告吧？😂😂,False,
@nviantika,Sandal mu kotor btul bub😭,False,
@udayn8940,"Sorry to saying this, but there are several products that need to be boycot cz their company supports genocide (!!!) We cannot ignore this issue😭 everyone already understands about the genocide that happen in palestine, please you guys need respect the palestinian💔",False,
@areee.h,오늘도 잘 봤습니다 ! ❤ 여행할때의 애착템 소개해줘서 고마워요 🥰,False,
@뭉-j9g,"<a href=""https://www.youtube.com/watch?v=ZEqm55mvNE4&amp;t=374"">6:14</a> 마데 가방 어디서살수있나용?",False,
@차마데,너무 정화가돼~~ 내눈도 마음도~~~깔끔한 성진이 보니까 맑아는기분~~ 칼각으로 짐싸는것도 인상적❤,False,
@뭉-j9g,"<a href=""https://www.youtube.com/watch?v=ZEqm55mvNE4&amp;t=69"">1:09</a> 데장 카키색 파우치 손민수하고싶어서 찾아봤는데 파우치만 30마넌...!! 우리오빠 슈스였지를 다시한번 깨닫고 닫았버렸어... 내 대상가수😊",False,
@user-qf4ut3uo1q,"혹시 ,, 어느 브랜드이던가요 ! 🙏🏻",True,@뭉-j9g
@뭉-j9g,@user-qf4ut3uo1q  RRL 카키색 지퍼파우치 라고하면 나올거같아요! 저는 캡쳐햐서 사진검색했아용 ㅋㅋㅋ,True,@뭉-j9g
@갹갹-e5b,"헐 번개에서도 23,9000원 이네요 ㄷㄷ 여윽시 데장 ㅋㅋ",True,@뭉-j9g
@Happy---everyday-h,@@뭉-j9g 찾아보려했는데 그 마음 접었습니다. 감사해요 ^^ 🍀,True,@뭉-j9g
@햇바라기-o7j,정장성진❤ 너무 홀려버린다...오호.. 이 남자를 우짜면 좋을까요 골치 아프네,False,
@09.sodaeun,앜ㅋㅋㅋ성진햄 헤메코는 고급진데 행동은 넘 귀욥..,False,
@여어어어엉,데장 진짜 깔끔하네❤ 짐 야무지게 챙겨다니네!,False,
@jjjjjjuy,우악!!!!댕잘생겼네!!!!!!!!🥹🩷,False,
@SAWL_Y,자습실에서 보는 박성진의 캐리어 소개라니.. 진짜 이게 행복이지,False,
@뭉-j9g,오 클로징노래 너무 센스넘쳐.. 성찌니 솔로곡은 왜케 마음을 울리지...요래 짧게들어도 울컥하네😢,False,
@bbang__bbang,자꾸 그렇게까지 깔끔한 건 아니라하는데 그게 열라 깔끔한거라고 ㅋㅋㅋㅋㅋ ㅠ 근데 난 깔끔한 남자가 좋다 앞으로도 계속 깔끔햇음조켄네...🙂‍↕️🙂‍↕️🙂‍↕️🙂‍↕️💖💖,False,
@늉_89,박성진×디올이라니<br>마이데이들 완전 기절이야,False,
@jinijinijinijini-q9o,Sungjin x Dior 👏👏👏👍👍👍❤❤,True,@늉_89
@GuinevereFlowerLike,여기댓글 왜이럼 ㄷㄷ ㄱ글 에서 벳프리 도대체 머길래--,True,@늉_89
@windasaphira8236,"Hello JYPE,  We do NOT want DAY6  to associate or promote companies thay are financing a genocide in Palestine.  Please take note of our concerns. <br><br>@DAY6__SUNGJIN<br>@DAY6BOBSUNG_JIN<br>@jypnation<br>@day6official<br>@jyp_edm<br><a href=""http://www.youtube.com/results?search_query=%23jype_boycott_genocide"">#JYPE_BOYCOTT_GENOCIDE</a>",False,
@Hanna-zy9me,이렇게 깨끗하고 맑은 남자라니...🤍나 조금 부끄럽구마잉🫣,False,
@hyosiiik,전 잠옷도 5일은 입는데^^....아 이 댓글 보면 기겁하겠다,False,
@hyosiiik,와 영양제 엄청 많이 챙겨먹네요 ㅋㅋㅋㅋ,False,
@GULAE283,와 더 잘생겨졈ㅅ네…저 장발 왤케 잘어울리냐,False,
@성찐팬이야,데장의 꿀팁: new보부상 강bra를 활용한다 🤣,False,
@heryaniayu8529,Gemes bgt lagu closingnya ganti 😂,False,
@장써니티,성진님 여자인 저도 안가져다니는 면봉에 트리트먼트까지..ㅎㄷㄷ   집에서야 잠옷 매일 갈아입지만.. 여행가서는 한여름 아니고는 2일에 한번정도 갈아입는데.. 엄청 깔끔하시구나…그나저나 수트 넘 멋지다..,False,
@데이데이_0905,아 영상 올라오는게<br>너무 긴데요? <br>현기증 나요 😤<br>잘생것도 정도껏 해야지.... 왜저렇게 잘생겻어...,False,
@coffeejelly3985,okayyyy i need a massage ball too 😅,False,
@크크-g2b,"<a href=""https://www.youtube.com/watch?v=ZEqm55mvNE4&amp;t=408"">6:48</a> 이 남자 요추에 진짜 진심이네",False,
@수달_myeong,요추 마사지볼 안돌아다니게 제가 꾸겨져 들어갈게요!,False,
@raccoon_drive,영업 너무 잘하시는고야,False,
@onanamam,박성찐이야 진짜ㅠ너무재밋어요 맨날 정주행함,False,
@hyosiiik,킁...킁....,False,
@princesscherry0,디올 모델 레츠고,False,
@nurungzi719,"<a href=""https://www.youtube.com/watch?v=ZEqm55mvNE4&amp;t=836"">13:56</a> 뜬금 윷놀이ㅋㅋㅋㅋㅋㅋㅋㅋㅋㅋㅋ",False,
@kaiyeeli5169,의상외 팔찌 보니까 뉴스룸 녹화와 동일한 날에 찍은 건가?,False,
@eleanorkim07,최근에는 성진오빠가 애플워치 대신 남성용 시계를 착용하는 모습을 자주 봤습니다. 그에게 남성용 시계 컬렉션이 있는지 궁금해요. 어쨌든 이번 영상은 정말 재미있게 봤습니다. 성진오빠는 정말 깨끗한 괴물이에요.,False,
@heejaejung8235,올블랙 엄청 잘어울리네요 썸네일보고 코피 닦으면서 달려왔습니다,False,
@밥이나머거,올블랙 진짜 너무 잘 어울린다... 역시 겨쿨의 남자,False,
@성찐팬이야,체감 향수 소개 14분 나머지 소개 1분ㅋㅋㅋㅋㅋㅋㅋ<br>역시 향덕이라 그렇군 했는데 광고였군요🙃,False,
@띠튜브-z9f,요즘 젤 재밋다아이가,False,
@뭉-j9g,"<a href=""https://www.youtube.com/watch?v=ZEqm55mvNE4&amp;t=133"">2:13</a> 파파레서피 엠버서더라고 또~~ 귀여워 프로방송인 다됐어아주그냥❤",False,
@쑤-r4b,-향수안써도 향기날거같은 박.성.진🐻<br>-의류 애착템 컨텐츠 기대할게요🫰<br>-멤버 전원 인마이백 보고싶으다요 🤭🤭,False,
@유댕-n2m,오빠 나랑 빨래 가치관 완전 맞는데 결혼하자,False,
@Nottwofor,아 뭔 캐리어랑 향수가 이렇게 잘생기고 재밌어ㅋㅋㅋㅋ웃으면서 보다가 흘러나오는 쳌패턴에 심쿵,False,
@daffod1i0428,조금 늦었지만 대상 데장!!!!🏆🏆🏆,False,
@pyongsaengmyday,life is su(ng)ddenly worth living again. 고맙습니다 대장님!!,False,
@hrrmrm,"얼굴 본다고 내용을 못봤네,, 다시 보고 올게요 휴",False,
@cheshire_0907,디오올???????????? 홀리 핵잘어울려🔥,False,
@김케이트-b5u,"나 진짜 너무너무 공감되는뎅~ 나 출장이나 여행갈 때 똑같다… ㅋㅋㅋㅋㅋㅋㅋ 이너웨어, 옷 당연 분리, 약통, 화장품, 헤어+바디(입욕제), 향수, 미니다리미, 미니전기포트(장기출장이면 유럽은 포트없는곳도 있어서 들고감), 충전기(멀티탭), 폴리백(필요하면 써야할수도..), 여행용 샤워기+필터(아시아, 유럽 석회수 또는 나라마다 다른데 수도공사가 오래된 지역이면 꼭 필수!! 걍 세수하고 샤워하면 피부난리나서..ㅠㅠ 필수), 텀블러, 이어플러그(필수), 수면안대, 빨래주머니 심지어 2개(속옷,옷따로), 얇은 전기장판 또는 물주머니(겨울철), 마사지(스트래칭밴드, 마사지볼 or 괄사, 아로마오일), 공간 남으면 애착인형 끝!! ㅎㅎㅎㅎ 난 내가 유난떠나 이랬는데 ㅎㅎㅎ 막상 출장이나 여행가면 이거 있냐고 물어보는 사람 많음 ㅎㅎ 없는 것보단 약간 안심되어서 혹시 몰라서 들고 가는편임 ㅎㅎㅎ오늘 공감되는거 많아서 넘 재밌게 봤네요~ (사실.. 성진이랑 같은 엔프제라.. 더 공감 ㅎㅎㅎ)",False,
@계란초밥-v2x,올블랙 수트 박성진 골치 아프다...🤦🏻‍♀️,False,
@kabjagistan160,Masya Allah Park Sungjin!!,False,
@마이데이멜로디,아웃트로 바꼈넹💚,False,
@Cordelia24,"<a href=""https://www.youtube.com/watch?v=ZEqm55mvNE4&amp;t=444"">7:24</a> 내가 먹는거 데장도 먹네!!🐻🤎❤️<br><a href=""https://www.youtube.com/watch?v=ZEqm55mvNE4&amp;t=928"">15:28</a> 체크패턴..노래 짱좋다..",False,
@이름뭐로하지-o1l,박성진 그냥 사랑한디!!!!!!❤️❤️❤️❤️,False,
@laonlife_D6,필요없는게 대부분이었다는 말 공감하고 갑니다 ㅋㅋㅋㅋ 분명히 짐 챙길 때는 다 필요 한거 같았는데. ..😂<br>J력 뿜뿜하는 성진오빠 캐리어 너무 재미있었어요~ <br>캐리어 보여준 성진오빠 박성찐이야 제작진분들 다 감사해요~🥹  <br>나~중에 오빠가 괜찮을때 오빠 방도 보고 싶어요🥹😆,False,
@ihaveataste,"Who brings shower head filters, shoe tree, massage balls and even cotton swaps???? Park SungJin 😂",False,
@from_92myday,"데장,, 나 디올 소바쥬 오 포트 사면 되는 거지? 디올 뷰티 보는 눈 있네 😘",False,
@eunzzang_05,"<a href=""https://www.youtube.com/watch?v=ZEqm55mvNE4&amp;t=902"">15:02</a> 너무 원해요 제발 진짜 괜찮아요 영원히 영상이 안 끝나도 돼요 제발요",False,
@Cy-cu2qk,소바쥬 오 포트 딱 성진이 수트룩에 잘 어울리는 남자어른향🖤 어쩜 자기같은 광고를 가져오셨어..,False,
@eunzzang_05,영상에서 .. 남자어른의 냄새가 나요 ….,False,
@smin_411,와 화면에서 좋은 향기가 나요💚,False,
@yuuuaannn,"<a href=""https://www.youtube.com/watch?v=ZEqm55mvNE4&amp;t=334"">5:34</a> wkwkw bawa shower sm filter sendiri",False,
@마이데이윰,제가 애정하는 사람은 박성진입니다 🐻🍀💚,False,
@김은정-l3j,수상 소감이  ㅠ 너무 정신없이 하든데  좀 차근차근 얘기했음 좋았을껄   해외팬들 한테도 감사전하고 ~  뭐가 그래 급했냥😢,False,
@dyund_7282,크...역시 깰꼼 간지 데장,False,
@yyyye__oo,아따 잘생겼다…,False,
@서니-n7j,"아직 팀플 회의 중이라 못 봤는데, 오늘 영상 너무 재밌네요♥️",False,
@grumpyAF,"Sungjin, I love you. But I can&#39;t believe you&#39;re endorsing (outside the obvious ethical issues) the perfume that is one of the worst rated on Fragrantica (at least out of what I&#39;ve seen). It is basically just lavender and spice. I thought your tastes are more classy than that, judging how your fragrances are mostly solid and quite interesting unisex and this one is a generic manly man brew. I am just gonna tell myself that this is to get more promo material for Jjiniya 😌",False,
@qwdvv5,아껴봐야디...❤,False,
@userous748,하 이런거 너무좋다.... 더 보여줘요 다 따라사게...,False,
@yuuuaannn,사랑해 ❤,False,
@히비2-d1m,섬세한 남자 👍👍,False,
@Zizi-.-,"데장,, 캐리어에 나도 좀 낑겨들어가도 될까",False,
@Miyaoooooo,그냥 박성진 보고 싶어서 달려왔습니다,False,
@Bangbang_ee-r2e,진짜 결혼하고싶다;;,False,
@helloinseon,바리바리바리스타 마이데이가 왓츠인마이캐리어 컨텐츠를 좋아합니다👍,False,
@wonping,박성진 애착템들 소개 할때까지 숨참음,False,
@narchive.,디올 뷰티 사랑합니다 보는 눈 있으시네요..🩵🩵☺️,False,
@차마데,어제 KGMA 시상식에서 잘생긴 성진이 보고 기절하는 줄 알았는데 오늘은 찐이야에서 향수 소개하는거로 또 기절이네..🫠 아니 대체 남자가 왤케 섬세한데???,False,
@narchive.,떵진아.. 저 카키색 파우치 모얌,False,
@이브나,의류의류의류의류의류의류의류의류의류의류의류의류의류의류의류의류,False,
@으드르크,안녕하십니까 느그데이 입니다🍀,False,
@jiayi_1116,🥰🥰,False,
@ggmingsrh,옷 애착템 소개도 꼭찍어줘 지발제발,False,
@serim6980,올블랙 박성진과 디올이라니 🖤🐻,False,
@from_92myday,"나 데장이랑 커플 클렌저임,,💜",False,
@꼬므토,"우아~ 정리용 파우치, 가방들 탐나네요!! 어제 3관왕 축하해요!",False,
@곰돌강쥐춍춍춍춍,"역시 J데장 ㅋㅋㅋㅋ향수 이야기하는거 왜케 좋냐,,,💚🐻",False,
@42dan_8,시간 가는 줄 모르고 재밌게 봤어요<br>진짜 꼭 의류도 해주세요~ 이런 애장품 소개 너무 좋아요+,False,
@eunzzang_05,"<a href=""https://www.youtube.com/watch?v=ZEqm55mvNE4&amp;t=485"">8:05</a> 하 개웃겨 ㅠㅠㅋㅋㅋㅋㅋㅋㅋㅋㅋㅋㅋ̆̈ 꽤나 솔직한 떵딘 ,, <br>아니 그나저나 약만 먹어도 배부르겟다 ,, 근강하자 ,, !! ❤",False,
@user-fp1bu2hl7o,짐정리 진짜 잘한다…👍<br>멋있어요..!!디올 향수 광고라니 향덕후에게 너무 찰떡이네용🤭,False,
@6hoi_,수컷향 진득하이 나누,False,
@CloverFlower-r9o,🫶,False,
@스텔라-x4x,짐싸는게 저랑 나랑 비슷해서 놀랬네.. 깔끔해서 마음이 편안해여,False,
@김희진-x2r7o,퇴근길에 개처럼 뛰어왔습니데이🍀,False,
@Hwili,와따 깔롱직이네,False,
@user-ot7sh2ip5s,재밌다....!!!,False,
@마데-y2n,😂😂❤❤😊😊재밌다,False,
@ponyooooo,올블랙을 입혀.....................❓,False,
@Spread_Your_Wings__,엔딩곡 바꼈네 너무 좋다..🖤,False,
@ddogy441,45분 전? 냅다 들어옴<br>오늘도 너무 잘생깃네요 ^^d 사람이 어쩜이렇게 깔끔하고 철저할수가...... 가방 보는 재미가있다....,False,
@haerimone,박성진 + 수트 + 향수 = 필승조합.....❤,False,
@yunandaputri1263,"Oppa, why are you promoting Dior? Dior is one of the brands that supports the crime of Genocide in Palestine 😭 I hope you have a lot of time to find out more about Palestine. Thank you 🇵🇸🇵🇸🇵🇸",False,
@moonchild6703,"he has separate bags for shoes, for meds, for chargers, for shower items. even considers the workings of gravity, the wrinkling of clothes.......sungjin pls marry me PLEASE PLEASE PLEASE MARRY ME 제발 저요 제발 저요 제발 저요!!!!!!!!",False,
@uuonderful,"<a href=""https://www.youtube.com/watch?v=ZEqm55mvNE4&amp;t=855"">14:15</a> 사람 사는 거 다 똑같네ㅋㅋㅋㅋ",False,
@hii_pfhb9846,"Btw Lu dari mana bang, bajunya rapihh banget wkwk",False,
@oo00oo14,아니 박성진 겁나 잘생김,False,
@spaceuu,"@<a href=""https://www.youtube.com/watch?v=ZEqm55mvNE4&amp;t=522"">8:42</a> 인생동반자라..너냐? 내 경쟁자가?",False,
@w1w1w1w75,성진이 미모는 오늘도 빛이 나 ㅎㅎ,False,
@ddd-o3j,파워제이 인간은 이 영상이 참 마음이 편함ㅋㅋㅋㅋㅋㅋ,False,
@kimjk0627,디올 박성진선생~~~ 까리한뒈~~~~~~~,False,
@SyarifahBahamisah,Kebayang bapak sungjin ini sewangi apa yaa,False,
@peeppeep.,인간 디올 아니냐구🥹<br>3관왕 추카해잉🫶🏻,False,
@jjae0410,아니 이걸 어케 보라고 이렇게 잘생기게 나왔...🤦🏻‍♀️🤦🏻‍♀️🤦🏻‍♀️ 숨이 멎을것 같아서 못보겠어요 (다봄),False,
@데젤좋,1가정 1박성진 아직 어려운 부분인가요? 세상이 이렇게나 빠르게 발전하는데 왜!!!!!!! ヽ( ຶ▮ ຶ)ﾉ!!!,False,
@xorud0826,오늘 헤메코도 심장 녹이네 토치세요?,False,
@이끼-i6k,"<a href=""https://www.youtube.com/watch?v=ZEqm55mvNE4&amp;t=827"">13:47</a> 그래서 더 관심 있습니다",False,
@sj_day,"<a href=""https://www.youtube.com/watch?v=ZEqm55mvNE4&amp;t=410"">6:50</a> 이이이 나도 성진이가",False,
@Wonpilow,데장이랑 소바쥬 오 포드 진짜 잘어울리고 소바쥬깔이랑 맞추느라 올블랙 수트 입은 것까지 에티튜드 완벽하다 。。。🖤<br>향덕 아니랄까봐 향 설명 섬세하고 활용방법까지 알려주는 것 좀 봐 。。。✨<br>우리데장 디올이랑 윽수 잘 어울린다 골치 아프다 지짜🐻🖤,False,
@Bangbang_ee-r2e,욕나오는 월요일애 단비같은 나의 떵진…🥹✨💗💗💗💗💗,False,
@Oh-ho116,소리안내고 단단하게 빈공간을 채워드리겠습니다 저를 캐리어에 담아가세요,False,
@todayjane,이제 겨울이라 우디의 시즌인데 데장이 묘사해주는 디올 소바쥬 오포트 궁금해✨,False,
@BJKPD5_luv,대장가수 캐리어 보러 왔습니다🐻🍀,False,
@giftluv3067,Congratulations on the 3 awards!!🎉,False,
@mlue9095,조교 폼 미쳤다,False,
@MOON-lf8hz,이 구역의 프로 봇짐러이자 바리바리스타로써 넘나 공감하면서 봄ㅋㅋㅋ 우리 데장 짐도 이래 깔끔하이 잘싼다 이말이야 🥹 이 섬세한 남자 사랑하지 않는법 나는 모른다 진짜로 🤦‍♀️<br><br>아니 근데 디올 오포트 데장이랑 완전 찰떡콩떡이쟈나 미쳤다;;; <br>올백에 올블랙수트라니 도라방스아니냐고 진짜....🙊 이런 섹시미 넘치는 으른남자의 모습은 내 맴을 정말이지 너무 힘들게 해.... 몰라... 앓다못해 맴이 힘들어 그냥ㅠㅠㅠㅠ <br><br>우리 데장 디올이 이마이 찰떡콩떡인데 이참에 영진국밥 앰버서더에 이어 디올뷰티 앰버서더 가보자고!!! 😎,False,
@dew2092,파자마를.. 6장...? (충격),False,
@donbook2,왓츠인마이백도 함 해주세요 😏....ㅎㅎ,False,
@Day-yk,대상가수 캐리어 구경왔습니다,False,
@otofku,데장 말벌아저씨 속도로는 못왔지만 대상 및 3관왕 수상 우주최고밴드맨의 캐리어 구경하러 왔습니다~,False,
@lusybang,기특 곰돌이야🐻🫳🏻🫳🏻🫳🏻복복복<br>데식이들 3관왕 너무축하해🍀💗💗💗💗,False,
@k_bang,진짜 야물딱짐😂,False,
@나최마루5살-k9e,"<a href=""https://www.youtube.com/watch?v=ZEqm55mvNE4&amp;t=410"">6:50</a> 진짜 좋아보임ㅋㅋㅋㅋㅋㅋ큐ㅜㅜㅜㅜ",False,
@Spread_Your_Wings__,"아니 향수 광고가 집을 잘 찾아왔네.. 향잘알에다가 잔향에 어떤 사람이 쓰면 좋을지까지 말해주잖아,, 그리고 샤워 다하고 자기 전에 뿌리는 건 생각도 못했자나..😲",False,
@내오빠가영k면좋겠다,엥??진심왜케잘생겼지 진짜 또봐도잘생겼고 다시봐도잘생기셨고 계속봐도잘생기심 성진사마 고척에서 봐요 락스타창법으로부르는 럽미올립미를 꼭 듣고야말겠어,False,
@user-ot7sh2ip5s,잘 때도 향수를 뿌린다고...............? 박성.. 찐이야.........,False,
@tangerine-g3z,나 정말 더럽게 살아왔구나... 반성,False,
@diuney1835,🖤🖤🖤🖤,False,
@jek7735,어쩐지 데장 오늘 화면에서 남자 향수 냄새가 찐~~~~~~~하게 난다 했더니 디올 소바쥬 오 포트 냄새였잖아.....!!!!!!!!!!!! 당장 사러 가야겠는걸?????!,False,
@이거재미따,영상도 올려조서 고마오..박성찐유튜브 있어서 살맛난다....,False,
@МаринаЦой-э1у,Proud of you Day6💗Congratulations 🏆🏆🏆,False,
@6tyday,pasti kamu wangi bgt ya,False,
@따시-r4o,바쁜와중에 영상이라니! <br>올블랙 와우🖤🖤🖤<br>저도 잘때 크리드 실버마운틴 뿌리는데 궁금해서 디올 시향해보러 가야게쒀용!,False,
@xhpshang3707,와따 3관왕 내 가수 박성진이다!!! 🎉,False,
@annes9643,보부상 탈출한 성진 보부상 길에 들어선 강브라 ㅋㅋㅋㅋㅋㅋㅋㅋㅋ,False,
@mnmn-cw1ex,영상에서 향수 냄새 나요...,False,
@soosookkekki,와 캐리어안파우치..심신의안정극강이다 소바쥬 향 시향하러 가야지,False,
@Fullofsunshine-t8c,깐깐하고 깔끔떠는 거 딱 좋은디? 역시 내 스타일ㅋ 디올 소바쥬는 너무 남!자!!하는 향이었는데 오포트는 포근함이 가미됐다니 함 시향해보고 싶어지는~~향덕후 데장 잘하노^^ 정통 니치 향수 브랜드 디올!!!울 성진이랑 느무 잘 어울리는데요?😊,False,
@bintangra-l9e,Dan terbongkarlah isi koper ituh,False,
@수월초-z5h,떵디니 잠옷 매일 갈아입는구나 ….?,False,
@올인-h2l,영상이 향기롭네요...,False,
@youye2947,이남자 너무 멋있어서 어지러워요...,False,
@noonesunflowers,in park sungjin we trusssssttttt for more many cf to comeeeeeeeeeeeeee,False,
@ceajay_,🤍🤍🤍,False,
@daebini5659,앞으로 저도 넣어 다니십시오 성진님,False,
@Spread_Your_Wings__,와 파우치 봐… 진짜 깔끔 꼼꼼 곰도리야..,False,
@서-g1e,진짜 잘생겼다는 말 하기 입아플정도로 잘생겨따 🐻,False,
@raisadityaa,what a provider man he is hEOL,False,
@yukiko4524,Sungjin looking dapper! Congratulations on your wins boys! ♥♥♥,False,
@찐_성찐,채널주인 로서 대상 주인님 넘넘넘 축하해용 ^^ 다음에 해외갈때 더 뿌뜨하게 다녀오십시오,False,
@user-yc2et2lt2e,소바쥬향을 머금은 초핸섬깔끔 정리의신 블랙수트의 종결자 대상가수 3관왕 슈퍼밴드 박리다❤,False,
@henng2,대상 받은 사람의 왓츠 인 마이 백 너무 좋아요 헤헤,False,
@hxxxS2,"ㅋㅋㅋㅋㅋㅋㅋㅋ같은 바리바리스타로서 매우 흥미롭게 봤음ㅋㅋㅋㅋ근데 짐 많아도 정리를 잘해서 리스펙.. <a href=""https://www.youtube.com/watch?v=ZEqm55mvNE4&amp;t=804"">13:24</a> 그리구 당신은 누가봐도 깔끔한 성격입니다",False,
@몽이-l2g,고추 참치에서 터졌네ㅋㅋㅋㅋㅋㅋ,False,
@ryoungbin,데장 왓츠인마이백편한지 꽤 오래됐는데 캐리어까지..❤ 데장 가방이나 캐리어 구경하는 거 되게 재밌다 ㅋㅋㅋㅋㅋㅋㅋㅋ꼼꼼한 설명까지 나이수💚🍀🐻,False,
@from_shooming,"<a href=""https://www.youtube.com/watch?v=ZEqm55mvNE4&amp;t=850"">14:10</a> 영현이가 보부상이라니 믿을 수 없어ㅋㅋㅋㅋ",False,
@5d354,밥친구 감사함미다,False,
@캉캉-k4q,수능끝나고 보는 박성찐은 짜릿하네....수트핏 뭐야ㅠㅠㅠ<br>3관왕🎉🎉,False,
@hee-_-zz,"<a href=""https://www.youtube.com/watch?v=ZEqm55mvNE4&amp;t=559"">9:19</a> 열흘 나가는데 파자마를 6벌 챙겨..? 정말? 😮",False,
@mansik2024,"<a href=""https://www.youtube.com/watch?v=ZEqm55mvNE4&amp;t=907"">15:07</a> 의류 애착템 소개 제발",False,
@숲-d8h,샤워기 필터에서 끝났읍니다... 깔끔데장 😂,False,
@김효미-c9i,❤,False,
@mansik2024,"<a href=""https://www.youtube.com/watch?v=ZEqm55mvNE4&amp;t=786"">13:06</a> ㅋㅋㅋㅋㅋㅋㅋㅋㅋㅋㅋㅋㅋㅋㅋㅋㅋㅋㅋㅋㅋ휀티한장ㅜ",False,
@ohy0_0n,아웃트로 바뀐거 너무 좋다...💕,False,
@우웁스,데장 3관왕 넘 축하하고 고생 많았어 나 ... 이번엔 진짜 콘서트 가야대.... 내자리 있겠지 ...? 응원해줘 ...🥲🥲,False,
@강아지지77,엔딩송이 바꼇다 😊😊❤❤,False,
@아-왜,의류는 옷방소개로 부탁해요❤,False,
@amypd5658,English subs up straight away 🥹🥹 thank you 🥹🥹,False,
@yepoooanc,Ibaratnya kalau piknik sama sungjin gak usah pusing karena beliau sangat amat well prepared,False,
@happy19-u1j,성진옵 덕분에 요즘 일상이 설렘🩷,False,
@은나라공주김,멋지다😊😊😊,False,
@tsoyalbina,Congratulations to my Kings 🏆🏆🏆,False,
@COCOCHANELWallet,"<a href=""https://www.youtube.com/watch?v=ZEqm55mvNE4&amp;t=850"">14:10</a> 형아따르는 강브라 이~뻐🐻🦊",False,
@ejrecipe,향덕의 향수 광고라니 진짜 진정성있다 마치 데이식스 음악처럼,False,
@GuinevereFlowerLike,ㄱ글 에서 벳프리 보고 나면 다낵질 보충제 한사발 빨아야 한다는데 사실인가요?,True,@ejrecipe
@안경소녀,데장 진짜 깔끔하다…. 본받아야겠네… 그리고 3관왕 축하해요!!,False,
@tsoyalbina,Wow 😍miss you,False,
@mansik2024,"<a href=""https://www.youtube.com/watch?v=ZEqm55mvNE4&amp;t=409"">6:49</a> 요추지지대,,요추마사지볼,, 요추건강지킴이 박성진,,",False,
@stantalentstanmybias3146,"캐리어에 물건을 정리하는 모습이 정말 마음에 들어요. 정말 깔끔해 보여요! <a href=""https://www.youtube.com/watch?v=ZEqm55mvNE4&amp;t=145"">2:25</a> 향수에 대해 이야기하는 것도 정말 마음에 들어요. 눈이 정말 반짝반짝해 보여요!❤",False,
@리코맘유투브,와 진짜 깔끔하다 성진이 나 드러워서 상종도 안하겟다,False,
@editedhan,ㅋㄱㅋ결론이 갑자기 왜 그렇게 되죸ㅋㅋㅋㅌㄱㅋ,True,@리코맘유투브
@jhjh-oi1od,성진 정말 깔끔하구나아 보면서 난 얼마나 더티한가... ㅋㅋㅋㅋㅋㅋ 깔끔한 게 좋지!!!,False,
@콩알-l9e,퇴근하고오니까 선물이 와있네♥️,False,
@1yu1,왓츠인마이캐리어 다른 멤버들도 해서 시리즈로 가면 재밌을 거 같아오! 마지막엔 최고의 보부상 정하는 것도 함께..🫶,False,
@pil_ravvit,박성진 수트 박제!!!!!!!!!!!!!!!!!!!!!,False,
@aesime,룩북….. 부탁드립니다 찐이야 ….,False,
@숩-v7d,소바쥬랑 데장이라 잘 어울린다…🖤,False,
@sujung_llbaek,오빠가 내 여자아이돌,False,
@noonesunflowers,I was already screaming while watching it from the ninth second until the video ended.. waaah.. Park Sungjinnnnnnnnnnnnnnnnnnnnnnnnnnnnnnnnnnnnnnnnnnnnnnnnn,False,
@재판하는존경장님-g5l,데장 .. 나는 짐승이 아닌데  침흘리면서 달려왔어.,False,
@anserdix,❤❤❤❤❤❤❤❤❤❤❤❤,False,
@하하-u4y5t,와 데장 짐싸는거 보니까 마음이 편-안해지는 파워J마데🤍,False,
@신희애,기내 건조하니까 가습촉촉 마스크 써봐 데장!,False,
@galaxyshine336,데장 지금 머리길이가 진짜 찰떡인듯. 요즘 영상마다 너무 멋져요... 진짜 느좋 ㄷㄷㄷㄷ,False,
@mansik2024,"오호...이라믄 여행갈 때 박성진이 한명만 슬 챙기가믄 될거같은데요,,,",False,
@mybestpart,데장 더블버튼 블랙수트 ! 심장이 지지지지진정이 안되는데요!,False,
@우웁스,꼼꼼한 남자 개ㅐㅐ좋타 ...,False,
@rnfl_Doo,"의류 소개 얼른 와주세요,,,",False,
@으아아아아앙악,뭐야 프로폴리스.. 나랑 똑같은거 먹잖아?! 데장이랑 공통점 발견했다..☺️,False,
@도콩이,야무지다 야무져..역시 박성찐❤,False,
@bbang_yah,오빠 제가 빠졌잖아요…,False,
@user-om1yi2zg1g,블랙수트 데장 간지작살에 디올이라니..👏👏,False,
@인갱이-y9b,데장 진짜 깔끔하다,False,
@mansik2024,"<a href=""https://www.youtube.com/watch?v=ZEqm55mvNE4&amp;t=214"">3:34</a> -<a href=""https://www.youtube.com/watch?v=ZEqm55mvNE4&amp;t=228"">3:48</a> 기분 진짜 좋아보임 ㅋㅋㅋㅋㅋㅋㅋㅋㅋㅋㅋㅋㅋㅋㅋㅋㅋㅋㅋㅋㅋㅋㅋㅋㅋㅋㅋㅋㅋㅋㅋㅋㅋ",False,
@달뭉-l8t,"파자마를 매일 갈아입다니,,,,",False,
@ydaw351fkiq42,하 이남자 너무 멋있어.....,False,
@joahae3644,꼼꼼하고 섬세하시다 깔끔떠는 남자 호감,False,
@hamisme,수트입고 완전 멋쟁이 곰돌인데 오늘 와이리 귀여워요??,False,
@urmyday,백화점에서 잘생긴 남자들이 향수 알바하는 이유를 알겠어요 향이 너무 좋아요 모니터를 뚫고 들어 왔어요...,False,
@김혜인-z3l,아 이런 주접댓글 너무 좋다<br>웃기고 공감되는ㅋㅋ쿠ㅜ,True,@urmyday
@철든기철,갑자기 확 납득돼요ㅋㅋㅋㅋㅋㅋ,True,@urmyday
@oj4520,개큰납득 제 방에 지금 디올 향이 진동하네요❤,True,@urmyday
@DavidaJarvis,ㄱ글 에서 벳프리 보고 나면 다낵질 보충제 한사발 빨아야 한다는데 사실인가요?ㅋ,True,@urmyday
@summermi7080,ㅋㅋㅋㅋㅋㅋㅋㅋㅋ,True,@urmyday
@kate91A,데장 안목이 좋아서 에디터해도 될거같아😮 믿픽이다,False,
@jek7735,"와 오빠 정장 미쳤어요 왜 설레게 해..............,,, 유죄",False,
@뽀에버하루,"<a href=""https://www.youtube.com/watch?v=ZEqm55mvNE4&amp;t=439"">7:19</a> 내 종합비타민은 데장이야,,,앍!😳🍀",False,
@rnfl_Doo,"<a href=""https://www.youtube.com/watch?v=ZEqm55mvNE4&amp;t=840"">14:00</a> 윷놀이 미치겟네ㅜㅜㅋㅋㅋㅋㅋㅋㅋㅋㅋㅋ",False,
@Pilover324,올블랙성진이 왔다.. 풀메로..kijul.,False,
@mnmn-cw1ex,썸네일 개잘생겻어요,False,
@foreveryoung_day6,파워J 박성찐이야💚,False,
@jek7735,대상 밴드 데이식스 대장 오셨슴까~~~~~~~~~~~~~~,False,
@mansik2024,여행 갈때마다 이거보고 챙길 거 체크하면 되겠다,False,
@지원-z9s7h,이 섬세한남자….✨ 진짜 생각없이 여행짐싸는편이라 신기하고 대단하고😮,False,
@kimwplease,이야~ 디올 찰떡 데장🖤,False,
@Ju-kz6cw,오빠 앞으로는 캐리어 들고 올 필요없어. 옷방으로 우릴 초대해,False,
@rnfl_Doo,진짜너무많은걸알아서당황스러워요...,False,
@day__1229,옷장소개...어떠신지요.....,False,
@싱싱한검정이,3관왕축하합니다😊,False,
@범고래-0259,데이식스 3관왕 축하해‼️‼️ 해외투어도 응원해‼️‼️ 사랑해🐻❤️❤️🐻❤️,False,
@jinijinijinijini-q9o,소바쥬 성진이랑 진짜진짜 잘어울려요! 디올뷰티와 성진이 좋아요 광고 많이 주세요😊,False,
@day6myhealer,아따 썸네일 쥑이네예❤,False,
@wdtangtang,크 깔끔한 캐리어 만큼이나 깔끔한 왓츠인마이 캐리어 소개 영상💚💚<br>데장보면 미니백도 잘 들고 다니시는거 같은데 그 쪼끄마한 가방에는 뭐넣고 다니는지!<br>다음에 기회되면 쿠키영상으로 소개해주세요! 😋😍,False,
@tonyang1206,"개,잘,생,겼,다",False,
@kerokeroppiiL,박성진 너무 잘생긴 거 아닙니까❤,False,
@ggomkki,이야 찐이야 광고들어왔네~~~~~~~~~~!~!~!!!,False,
@jamiesartwork,❤ParkSungJin❤,False,
@hjk2463,"<a href=""https://www.youtube.com/watch?v=ZEqm55mvNE4&amp;t=414"">6:54</a> 요추ㅋㅋㅋㅋㅋㅋ 못살아ㅋㅋㅋ😂",False,
@piri-miri,데장!!! 유료 광고 뭐야~~~😆,False,
@bbabba114,대박 덩딘 제일 중요한거 안챙김;;<br>.<br>.<br>나.,False,
@harumisawae124,Lindo ❤❤❤,False,
@Hongssi__00,수트 무슨일이야!!!! ㅜㅜㅜ,False,
@SHee7991,"아닠ㅋㅋㅋㅋㅋㅋㅋ 샤워기랑 샤워기필터도 갖고 다닌다고요?ㅋㅋㅋㅋㅋㅋㅋㅋㅋ 진짜 대박이다,,,",False,
@oj4520,와 오늘 헤메코 미쳤다 심장 박동박동하네 와...💚,False,
@yeinggg,아따 대상 가수 아닙니까??,False,
@user_meokgojawithglasses,영진국밥 앰버서더에 이어 디올 앰버서더도 가보자고🫡,False,
@jinijinijinijini-q9o,디올 앰버서더 소식 기다릴게여❤,True,@user_meokgojawithglasses
@모래두더징,분명 어느 영상에서는 요추 지지대 말하더니 ㅋㅋㅋㅋㅋㅋ 이젠 요추 마사지볼 입니까? ㅋㅋㅋㅋㅋㅋㅋ,False,
@이름_d6,"얌전히 꾸겨져 있을게 나 챙겨가,,",False,
@말랑토끼-t2k,저도 같이 꼬깃ㅎ,True,@이름_d6
@user-zu6rh6wi8i,퍼컬 겨쿨딥다크의 남자라 그런가 블랙수트랑 디올이 성진이한테 너무 잘 어울림 🖤,False,
@헬로성진,파자마 6개? ㅋㅋㅋㅋㅋㅋ,False,
@naengle,와따 깔롱지긴다<br>그나저나 유료광고?… 내 마음이 다 두둑하고 뜨끈해짐,False,
@金允冏,BTS 정국이 닮았다고!!!!!,False,
@감자-c8z3x,미안한데 .... 얼굴 보느라 아무것도 안 들리네요 ........ 정말 이상합니다 ..........,False,
@sadanghangS2,넘 불편해요.. 저렇게 야물딱지게 꼼꼼하고 잘생긴남성과 호적을 함께할수없다는점에서 마음이 불편하네요^_ㅜ,False,
@지발제발-l8y,이야 디ㅣㅣ올뷰티ㅣㅣ광고오오오오,False,
@율아쓰,오호 .. 이래 남자면 내는 우째하지요,False,
@uj1_26,귀여워..그냥..,False,
@Happy---everyday-h,아 진짜 향수 이야기 진지하고 딥하게 할 때마다 너무 좋다.. 빨려들어가 🫠<br>박성진 마데들 미치게하는 포인트 너무 잘 알고있음 🙂‍↕️🥺<br>“디올 + 박성진 = 환상”,False,
@cindyk5239,너무 당연하게 파파레서피라고 예상했더니 디올뷰티 기절🤦🏻‍♀️<br>담당자님 보는 눈 있으시네요.. 🍀💚,False,
@mara6sa,이렇게 꼼꼼한 남자가 어딨냐규,False,
@jiheelee755,"<a href=""https://www.youtube.com/watch?v=ZEqm55mvNE4&amp;t=558"">9:18</a> ㅋㅋㅋㅋㅋㅋㅋ 역시.. 깔끔 데장... 나였으면 파자마 2개정도만 가져가서 돌려입었을듯ㅋㅋ",False,
@jelly702,엄.. 파자마 한벌당 3일은 입고 빨래를..ㅋㅋㅋㅋㅋㅋ,True,@jiheelee755
@뽀에버하루,"데장 얼굴이 너무,,,잘생겼어,,, 하루이틀 아닌거 나도 아는데 와,,걍 뭐 작정했어,,,이거 뭐 우짜지요~?예? 뭐 설레서 꼬꾸라질뻔 한거 간신히 붙잡고 본다 내가 ㅋㅋㅋㅋㅋ🤦‍♀️😳",False,
@qq-l9i,썸네일부터가 내 신랑,False,
@헬로성진,빨래바구니까지 들고 다닌다고? ㅋㅋㅋ<br>아놔 여행갈때 여자인 나보다 짐 많아ㅋㅋㅋ,False,
@hahyun7379,진짜 미모 무슨일이야...??? 무인도갈때 참고해볼게요❤️‍🔥,False,
@성진아마이무,얼굴도 대상감인데?,False,
@구욤-m2w,"<a href=""https://www.youtube.com/watch?v=ZEqm55mvNE4&amp;t=213"">3:33</a> 잘때도 향수 뿌리는 남자 어떤데",False,
@유니-c9e,성진오빠 사랑해요 앞으로 전달!!🐻3관왕 넘넘 축하드려용!진짜 평생 마이데이 할게용!!🍀💚,False,
@myday12345,손민수 하려고 봤더니 같은게 진짜 많다ㅋㅋㅋㅋㅋㅋㅋㅋ,False,
@gomgomhi,향수 광고 좋은거네…… 정장 입은 성진이도 볼 수 있고….,False,
@nightsea-p1u,그니까요.... 올블랙에 깐머라니 진차 향수 광고 사랑합니다,True,@gomgomhi
@agnesc1219,프란시스 커정을 듣다니❤ 성진 향수사랑 인정😊<br>다음에 패션템도 기대할께요👍,True,@gomgomhi
@luceat_myday,"데이식스 대상타는 속도로 못따라왔네요. 3관왕, 대상축하❤❤❤❤🎉 콘서트에서 보자~  마이데이 낼 모두 티켓팅 성공합시다🍀💚",False,
@김크롱-q5d,머머머머머머고 썸네일 채널주 미모 미쳤다,False,
@bbaaammx,썸네일 보고 어떻게 안 들어오는데,False,
@woodyhoody21,"Congratulations on winning Best Band, Best Song and Daesang, Sungjin🥹🤍🍀",False,
@shupin111,영어 자막을 주세요🙇🏻‍♀️ English sub pleaseeee 감사합니다😂,False,
@coolermini7455,뭐야 왜케 잘생겼어,False,
@만두-y4r,디올 찰떡이야 데장 💚🍀,False,
@MyDay6_Stay,데장 3관왕 축하^^💚🍀알라뷰,False,
@헬로성진,소바쥬 향수 저도 최애긴한데ㅋㅋㅋ<br>파파레서피 제품 설명해야하는거 아닐까?,False,
@don_zip,세상 좋아졌다! 대상가수 캐리어도 볼 수 있고🐻🤟🏻,False,
@yummy028e,내 산소호흡기 왔다...!,False,
@frommmyk,솔로 데뷔랑 3관왕 축하합니다~~~🍀🤍<br>솔콘 후기도 기다립니다……….못가서 너무 ………….슬픈 저를 위해…………🥹,False,
@mansik2024,하 그 백에 나도 넣어줘..,False,
@황밀키-b1s,미친 와츠인마이백 보고싶다 생각했는데 올려주는 센스,False,
@yomi0825,우리 곰돌이는 유명한 J임,False,
@mnmn-cw1ex,디올 소바쥬 오 포트 ✏ 기억할게,False,
@하정-t6w,오늘 뭔가 영진국밥을 고급레스토랑에서 먹을꺼같이 꾸미고오셨네요👍,False,
@hee-_-zz,오늘 데장님 미모가 왜이러죠,False,
@실험파연구원,마이데이의 요추도 챙기더니 자기의 요추도 챙기는 성진이가 좋다~💚🐻,False,
@jhjh-oi1od,하이하이~~~~ 3관왕의 주인공 아니신가~~~~~!,False,
@Edffxx,엄청 깔끔하네....,False,
@뀨꺅뀬,왤케 잘생김?,False,
@hi_skyler,우와 디올뷰티 유료광고라니...!! 박성찐이야 많이 컸다!!,False,
@가나다-x3n,다가오는 티켓팅 다들 꼭 성공하세요….물론 제가 젤 시급합니다..데이식스❤❤,False,
@yeyoung,"와 짐 진짜 깔끔하게 잘챙긴다… 아이템들도 다 유용해보이는데!! 이런거까지 잘하는 대왕 곰돌이라니🐻❤️<br>J다운 완벽하고 체계적인 짐싸기👍🏻<br><a href=""https://www.youtube.com/watch?v=ZEqm55mvNE4&amp;t=551"">9:11</a> 진짜 계획적이고 깔끔해 와<br><a href=""https://www.youtube.com/watch?v=ZEqm55mvNE4&amp;t=598"">9:58</a> 이렇게 열심히 싼거 무인도 갈 때 다 버림ㅋㅋㅋㅋㅋ<br><a href=""https://www.youtube.com/watch?v=ZEqm55mvNE4&amp;t=635"">10:35</a> 캐리어 짐 테트리스 시작<br><a href=""https://www.youtube.com/watch?v=ZEqm55mvNE4&amp;t=825"">13:45</a> 그런 성격 좋아합니다<br><a href=""https://www.youtube.com/watch?v=ZEqm55mvNE4&amp;t=842"">14:02</a> 윷놀이요…?ㅋㅋㅋㅋㅋㅋㅋㅋㅋ<br><a href=""https://www.youtube.com/watch?v=ZEqm55mvNE4&amp;t=850"">14:10</a> 거의 대부분이요ㅋㅋㅋㅋㅋ",False,
@Getting_Clover,오늘 얼굴 쥑이네예,False,
@운동이-n2o,디올 잘어울린다,False,
@운동이-n2o,아니 왜이렇게 잘생겼어,False,
@jnuolvy,"이게 누구야 !!!!!! 3관왕, 대상 가수 데이식스 데장 아니야 ❤️",False,
@puffwoon,Papa recipe ㅋㅋㅋㅋㅋ,False,
@dlwlgp1220,"<a href=""https://www.youtube.com/watch?v=ZEqm55mvNE4&amp;t=237"">3:57</a> 와 진짜 잘생겼어",False,
@dayraaff,🤍🤍,False,
@gamza2825,영상에서 향수 냄새 나요…😍,False,
@nl2886,오호 …. 이래 잘생기면 보면서  집중 우째 하지요 ….,False,
@lee5989_,아따 여기 채널주 얼굴 맛집이네,False,
@구욤-m2w,오호 데장과의 커플템이라.. 오케이 파산핑 가보자고💸,False,
@putriintansari24,Great warms from 🇮🇩❤,False,
@아디강,우아 박성진 진짜 너무 좋다 (아직안봄),False,
@nayien7,진심으로 축하드립니다 for everything you achieved in life!! ❤️🤍🫶🏻🥰💕☁️🍋🍀,False,
@Happy---everyday-h,대상 가수 캐리어 구경하러 왔습니다 ^^ 🏆🍀<br>그나저나 박성진 수트 박제. 앞으로 전달.,False,
@서윤장-z3i,잘생긴 박성진 수트 박제. 앞으로 전달,True,@Happy---everyday-h
@곰돌강쥐춍춍춍춍,잘생긴 박성진 수트 박제. 앞으로 전달,True,@Happy---everyday-h
@bangzhik,잘생긴 박성진 수트 박제. 앞으로 전달,True,@Happy---everyday-h
@youngone_46,잘생긴 박성진 수트 박제. 앞으로 전달,True,@Happy---everyday-h
@실험파연구원,잘생긴 박성진 수트 박제. 앞으로 전달,True,@Happy---everyday-h
@happyee0,박성진 너의 모든 걸 알고 싶어.더더더더더 줘 이런거,False,
@yk_1219_6,박성진과 디올? 이거 못참지,False,
@SoojinLee-c1p,빨리왔다!!,False,
@doydoy615,"올블랙 수트에 메탈 시계.. 으른 미 장난 없게 깔끔한 캐리어까지,, 이러면 일등 남편감밖에 못해..❤",False,
@URmyfinale,진짜 취향너무겹쳐서 골치아푸다❤,False,
@Pilmyuniverse,퇴근하자마자 차에서 데장 영상부터 보기❤,False,
@user-fv9dw6pk3s,3관왕 축하하는 맘으로 달려왔습니다❤️❤️,False,
@헬로성진,오늘 수트 먼데먼데 웅성웅성,False,
@SM21711,대상가수 데이식스 대장님 수트빨에 뒤집어집니다아아아❤,False,
@ohy0_0n,얼굴 미쳤다,False,
@ratikimkim,오늘 미모 무슨일이에요???!오늘 얼굴도 얼굴인데 얼굴도 얼굴인 박성진씨 오늘도 잘생긴거 축하드립니다!!!,False,
@헬로성진,데이식스 3관왕에 대상타는 속도로 달려왔셔욮🐻🐶🦊🐰💨,False,
@yih02-myday,3관왕했는데 여행 함 가야지이,False,
@miee9214,"<a href=""https://www.youtube.com/watch?v=ZEqm55mvNE4&amp;t=69"">1:09</a> 데장 손 .. 😳💕",False,
@circlle_z41,"해외배송보다 더 기다려지는 데장🐻 3관왕 축하해요오오🏆🏆🏆❤ 앞으로도 우리의 청춘이 후회 없게 , 후회 없게에에에에ㅔ에엥~~~ ✋🏻🎶 건강하게 잘살아봅시다! 화이팅 데이식스🍀6️⃣🍀",False,
@수현김-i4v,데장 축하해❤,False,
@user-ti5ft4vvq3x,올블랙 미쳤다 미쳤어,False,
@고앵-l8z,"와 캐리어에 저런거 넣어다니구나,,,(아직 안 봄ㅎ)",False,
@SHee7991,너무 잘생겨서 그냥 모든 현생 뒤로 하고 달려왔습니다ㅏ아아ㅏ 존잘박성진,False,
@푸름-k6w,수트박성진 ❤❤❤ 와따마 잘생겼다마,False,
@무말랭-z7m,오빠 오늘 너무 깔롱지다~;;(좋다는 뜻),False,
@리쏘룡,말벌아저씨처럼 달려와습니다❤,False,
@mmyowalle,성지니 연애하니...(마이데이랑) 왤케 나날이 잘생겨지니,False,
@jh1231,영현이 갈까마귀 맞췄을때 말벌아저씨 뛰어오는 속도로 왔습니댜..❤,False,
@스리-n3t,3관왕 가수 팬 마이데이 힘차게 등장🍋,False,
@웅냥냥냥냠,아니 썸네일 미모가 ...!!!!!!!!!!!!!!!,False,
@fangirlnyasungjinday6,anjay dior,False,
@세굴-c1t,너거가 해냈다 데이식스<br>3관왕 축하해 🏆🏆🏆<br>너거들 덕분에 내 어깨 아직도 치솟는중이야<br>(나 대상가수 팬이래 .....)<br>고마워 !!!!!!!!!🍀🤍🤍,False,
@이나서-v7j,내가 사랑하는 거 알지?,False,
@miee9214,아우 잘생겼어<br>성찐 3관왕 축하해 💕,False,
@bangzhik,박. 성. 진. 귀. 여. 워,False,
@아-왜,ㅁㅊ ㅈㄴ 잘생걌네,False,
@jihuyn0207,내돈내산 성진이 템은 못참지.... 인마이통장 오픈식,False,
@a_nanas,3관왕 축하 속도로 두둥🍀,False,
@desire_for_me,"아따 데장 미모 뭐이고,,캐리어는 안보이는데요,,",False,
@kaioke7,busettttt! ganteng amat pakkk,False,
@밥성진-S2,3관왕 가수의 캐리어를 보다니 영광이다,False,
@momonica07,Finally Park Sungjjin is back ❤,False,
@jaehees.2498,미모 무엇….?❤,False,
@myday_is,와 박성진 미모 살벌하다🔥,False,
@Myday-s8i,이게누구야 3관왕 데세 데이식스 데장 박성찐이난가,False,
@장현지-x4r,3관왕 축하합니다🎉,False,
@mari_s4902,세상에 미모 무슨 일이야,False,
@nl2886,"난 월요일이 좋아하게 될 줄이야 ,,,, 🐻💚",False,
@ddungnamoroll,박성진과 디올이라고요???,False,
@from_day6,썸네일 섹시함 미쳤음,False,
@쪼꼬만_토끼,박성진 장발에 수트? 이건 그냥 끝.,False,
@ozyS2w.d1210,고척돔 자리하나만 남겨주세요 부탁드려요 진짜 제발 내 자리 하나만 ..,False,
@yoonyangyoonyang,와따메 오지게 뛰어들어왔습니다 퇴근길에 뛰긴 처음,False,
@헬로성진,박성진 사랑해!!!<br>앞으로 전달!!!!!!,False,
@YeonhaKim-s5e,우와재밌겠다!!! (아직안봄),False,
@안녕-q3o4v,아니 3관왕 받은 데장아니야?!?!😆😆😆,False,
@rnfl_Doo,3관왕 정말정말 축하해!! 솔콘도 너무 좋았어 앞으로 평데평마하자 데장 !!,False,
@selena2300,밥민수하라는거지?오히려좋아,False,
@진-q9w9p,올블랙미쳤다,False,
@holdloves,왔습니다 왔어요 3관왕 데이식스의 리더 성진님이 왔어요!!🟥🟥🟥🟥🟥🟥🟥🟥🟥레드카펫 밟고 지나가십쇼,False,
@삐롱-sjyk,사랑해 성진아❤❤,False,
@soyony225,캬 디올성진❤,False,
@삐이롱,느그들 왔습니다,False,
@wSeungyy,❤❤,False,
@Happy---everyday-h,대상 받은 가수라고 들었습니다만? 🤭🤭🍀🩷,False,
@마씟는카뤠,3관왕 한 데이식스 덕분에 어깨 뽕 한껏 솟은 채로 달려왓다,False,
@김다솜-o1o,엄마 나 대상가수 팬댓어,False,
@youremyday,오ㅏ!!!!!!!!!!,False,
@쪼꼬만_토끼,데장 잘생긴만큼 빨랑 달려오기 ❤ 3관왕 축하해 🏆,False,
@Ny2o-f6e,내 월요일이 행복해졌어..고마워 데장,False,
@hello_k1219,낼모레 유럽 가는데 캐리어 싸면서 봐야겠다 밥민수 해야지,False,
@parksungjin0116,박성진🩵,False,
@Ddungdenly,오늘 무물일줄 알았는데 ㅋㅋㅋ오예 캐리어도 구경시켜주네,False,
@c7t8b,이게 누구신가 대상가수 데이식스 박성진 아니신가,False,
@myday_hwi,3관왕하신 데이식스 성진이군ㅋㅋ,False,
@수정-g3d,와 겁나 빨리왔다닫,False,
@ryunhan5201,3관왕 하는 짱데식 리더 보러왔어요❤,False,
@wanttoloveyou,와따마 너무 잘생김,False,
@mnmn-cw1ex,꺄아아아 떵딘이당❤❤❤,False,
@from_lucky,4관왕하는속도로달려옴,False,
@doydoy615,대상식스 축하해!!,False,
@쥡깔래요,바로 달려왔숩당,False,
@gubbongpeace,말벌아저씨처럼달려왔습니다,False,
@윤지-s4s,디올 박성진이요???😍😍😍😍,False,
@김동글-p1w,사랑해 성진아❤,False,
@eyehatestomato,3관왕의 기개로 6시만을 기다리며 당당히 마이데이 등장.,False,
@user-day6kilogram,데이식스 3관왕하는 속도로 달려왔습니다🎉🎉<br>+크흠... 그냥 10년 전부터 기다렸던거로 합시다ㅎ,False,
@Pew_erori,그건 좀 느리지 않음...?<br><br>데식이들 3관왕 축축🎉,True,@user-day6kilogram
@Eunjinnie은진,데이식스 3관왕 축하드려요🎉,True,@user-day6kilogram
@yeyoung,ㅋㅋㅋㅋㅋ그럼 10년 걸려 왔다는 말인가ㅋㅋㅋㅋㅋㅋ,True,@user-day6kilogram
@계란초밥-v2x,느린데요....!😂,True,@user-day6kilogram
@한경옥-m3q,빠르지는 않음...ㅠ,True,@user-day6kilogram
