author,comment,is_reply,reply_to,reply_count,is_spam
@전주보안관,당구인으로써 유익한 채널인듯ㅋㅋㅋㅋ,False,,0.0,0
@이준영-u6b,"<a href=""https://www.youtube.com/watch?v=0E1VIbBuAtI&amp;t=547"">9:07</a> 낳을것같아요..?",False,,0.0,0
@시시서,누구한데 연락을 해야 연결이 되는지ㅠ,False,,0.0,0
@시시서,신장이식으로 연락 드립니다~소속사에 연락했더니 모르쇠 하셔서ㅠ,False,,0.0,0
@시시서,제가 컴맹이라 잘 못해서 이리 연락 드립니다,True,@시시서,3.0,0
@시시서,혈액형 a입니다,True,@시시서,3.0,0
@시시서,미리 검사를 어떻게 하는지 얘기해주심 검사 받겠습니다,True,@시시서,3.0,0
@fogt98,머꼬?   김보미 이뿌노?,False,,0.0,0
@chaostar88,정준하는 여전히 부담스럽네..... 나이 먹고 왜 저러는거야?<br>정수빈 프로 때문에 참고 봄.....,False,,0.0,0
@신호기-c9f,보미가 이쁘다,False,,0.0,0
@PhyllisShamus,진짜 ㄱ글 에서 벳프리 에서 방송 하시던분 진짜 잼있어 ... 다시보고 싶어서 가보자 ?,False,,0.0,0
@RowenaZelda-z8i,ㄱ글 에서 벳프리 이 ㅓㅇ도로 유명했음?  내 듣보잡인줄 알았는데 ㄷㄷㅋ,False,,0.0,0
@오웅근-h5d,시합이 아닌 즐기는 당구여서 정수빈과 보미선수 참 즐거워 보입니다.,False,,0.0,0
@이재생-p1e,수빈 보미선수 순수하고 이뻐요.<br>정준하씨 이수근씨도 넘 잘치네요.<br>좋은성적 기대할께여~~,False,,0.0,0
@56ghjMcwdfgr,"My name is Bao Xuezhen. I was born in Shanghai on January 18, 1950. I have a college degree. I worked as an engineer at a state-own enterprise, but I was fired from my job after the persecution of Falun Gong started in 1999. I now reside in Denmark.<br><br>I used to have many ailments and almost became incapacitated, but I recovered after I began practicing Falun Gong in May 1995. Because I refused to renounce my faith, I was sentenced to 3.5 years on June 1, 2001. I served time at the Shanghai Women’s Prison and was released at the end of 2004.<br><br>In early 2003, the prison conducted comprehensive physical examinations of all Falun Gong practitioners detained there. Years later, when I learned of the forced organ harvesting from living practitioners, I realized the checkups we had in 2003 were to see if any of us would be a good match for organ harvesting.<br><br>There were over 100 practitioners detained in the prison. I saw four buses parked outside of the entrance. All of them were equipped with advanced medical devices.<br><br>The Shanghai Women’s Prison had five wards and we lined up by the wards. Guards watched us while we waited and after we got on the buses one by one, to be examined. They examined us from head to toe, including our eyes, heart, liver, lungs, and kidneys. Samples of our blood and urine were collected. The blood draw tubes were really large. The doctors also did ultrasounds and gynecological exams on us.<br><br>While doing an ultrasound on me, the doctor appeared to be surprised. He called in several other doctors and guards to discuss my case. I heard one of them say, “It [referring to one of my organs] is useless. It’s full of stones, useless.” Then they asked me, “How do you feel in this area?” I didn’t respond. They looked at each other and didn’t say anything else.<br><br>It took them a few days to finish examining all the practitioners in the prison. Guard Shi Lei told us, “See how well the government treats you [Falun Gong practitioners] and offers such comprehensive examinations. Only you [Falun Gong practitioners] have such a ‘privilege.’ No one else has it, not even us prison guards.”<br><br>Back then, the horrific organ harvesting hadn’t been reported. But I noticed that shortly after the physical examinations, some practitioners who came from out of town but were arrested in Shanghai disappeared. These out-of-towners refused to reveal their names and were referred to by numbers. I thought they were transferred to other places, but now I realize that they may have been murdered for their organs.<br><br>A few days after the examination, the guards informed me that they needed to check my eyes again. I was puzzled as I didn’t have any problem with my eyes. They lied to my face, “Didn’t you ask to check your eyes?” I said, “When did I say that? My eyes are fine. Why do I want to have them checked?” The guards remained silent and dragged me to the prison entrance, waiting for a car to pick me up.<br><br>The car didn’t come. I kept asking why my eyes had to be re-examined but they didn’t answer. After waiting for about 20 minutes, the car still hadn’t arrived, so they took me back to the cell.<br><br>After I was released, I managed to flee to Denmark. In 2015, I did some investigation myself by calling Chinese hospitals. I said I was the family member of a patient who needed a transplant and I asked where the organs came from.<br><br>During a call I made to the Taizhou Hospital in Zhejiang Province in the first half of 2015, I was referred to doctor Wu Songjiang, a transplant expert. The person who answered the phone also suggested that I could go to Shanghai or contact the Zhejiang University School of Medicine for transplant, as both places had plenty of organs. They admitted that the organs were from Falun Gong practitioners and they could quickly match my blood type and schedule the transplant surgery.",False,,0.0,0
@shounin4078,준하형은 안색이 어디가 아파 보이냐<br>형~몸관리 좀 해!<br>오래 보고 싶단 말야~,False,,0.0,0
@하기수-f4w,정수빈 주영훈 마누라 닮았네,False,,0.0,0
@user-Sh.,정준하 귀척 적당히 하자,False,,0.0,0
@초록하늘-p4i,밉상은 변함없이  밉상이네 정씨,False,,0.0,0
@블랙스타킹,어후 둘다 어찌 저리 이쁘누,False,,0.0,0
@황금빛바다-h3b,정준하가  노력해야될거 같은데?<br>날로 먹는데??,False,,0.0,0
@一見匠,롤카롤카에서 드디어 양성반응을 보이고 있어요 궁긍하면 검색해봐,False,,0.0,0
@KobyBarron,롤카롤카 놀이공원 보다 더 짜릿짜릿 19금 보다,False,,0.0,0
@谷戸豊,만약에 이스포츠가 질렸다면 카쥐노로 전향해도 무방합니다 롤카롤카,False,,0.0,0
@BraydenWienholt,아무리 내가 여러번 떠들어도 한번 들어와서 눈으로 보면 또 다른 느낌으로 다가온다 롤카롤카,False,,0.0,0
@舩木雪子,LCK LPL 멸망존 스케줄표 다 나와있습니다. 롤카롤카,False,,0.0,0
@曾達維,롤카롤카 들어와서 안해도 되니까 확인이라도 한번만 해바유 롤카롤카,False,,0.0,0
@宇野沢七海,이스포츠에 관해서는 우리나라가 최고의 실력 롤카롤카 ㅋㅋㅋㅋㅋ,False,,0.0,0
@段邕,롤카롤카 어쩔줄몰라하면 침착하게 들어가보자 그것부터배워라,False,,0.0,0
@施正棻,남녀노소 어렵지 않은 이스포츠 대명사 롤카롤카,False,,0.0,0
@ทนานาจสร้อยโพธิ์,하나부터 열까지 다 가르쳐주는 배튕학원 롤카롤카,False,,0.0,0
@สุศิริโชคไชยตะมาตย์,모든 게임의 정보는 어디서확인하라고? 롤카롤카,False,,0.0,0
@สุบุสอาดหนิยุหนุ๊,나는 롤카롤카에서 페이커를 처음 알게되었다,False,,0.0,0
@重石弘子,롤카롤카 엄청 도배되어 있네 뭐지.. 한번들어가봐야겠다,False,,0.0,0
@กิตติกรณ์นิสาภัย,롤카롤카 들어와봐요 ㅋㅋㅋ 이런곳도 있네 ㅋㅋㅋ,False,,0.0,0
@渡嘉敷大和,곧 시즌이 돌아오는데 가만히 계실건가요 ? 롤카롤카,False,,0.0,0
@저승사자-z5j,정준하는 볼수록 비호감이네...;;,False,,0.0,0
@only-bq7xo,우리는 투정이에여😂😂,False,,0.0,0
@오준이형,김보미 경기때랑 다른 반전매력.. 눈웃음 개이쁘네,False,,0.0,0
@푸우곰이,저러고 있으니 실력이 개판들이지!,False,,0.0,0
@Danggubanggu,안녕하세요. 빵꾸빵꾸 찾으셔서 왔어요. 당구빵꾸tv 입니다ㅋㅋㅋㅋ,False,,0.0,0
@OH-do4hk,김보미 선수 팬입니다. 화이팅,False,,0.0,0
@업비트-s7l,정준하 생선냄새나맞아라.그만나오고,False,,0.0,0
@junghopark6958,LPBA선수들의 또다른 모습을 보니 너무 새롭네요~,False,,0.0,0
@gaiakang5877,ㅇ우리는 투정이에요~~,False,,0.0,0
@행운-r2o,재밋다,False,,0.0,0
@민석원-x8m,김보미 수빈 선수 이쁘고 착하고 반해써요. 응원할게요,False,,0.0,0
@parkwonsun,수빈이 보미 때문에 눈은 즐거운데.. 왤케 재미가 없지? 옛날에 산체스 조명우 불러다가 스카치 치고 그럴땐 겁나 재밌었는데.. 촬영 스탭들을 바꿨나?,False,,0.0,0
@whitecat2023,김보미 선수 대박 ㅋㅋㅋㅋㅋㅋㅋㅋㅋ,False,,0.0,0
@MyLeopark,아빠벌들하고 한겜하느라 고생들했네요. 둘다 넘 예뻐요~,False,,0.0,0
@pkb6706,어찌 하나같이 다 수술을 하지? 자연이 그립다,False,,0.0,0
@JousungKim-ji6hz,‘60·70 장성’ 빼고 ‘40·50’ 軍 내각 포진 시킨 트럼프 2기,False,,0.0,0
@초록파프리카-c1w,정수빈 웃는 모습 왜케 이뻐요 ㅎ,False,,0.0,0
@PhyllisShamus,헬창들도 ㄱ글 에서 벳프리 보면 근육 다빠진다며 ㅋㅋㅋㅋㅋㅋㅋㅋ 사실임?,True,@초록파프리카-c1w,1.0,0
@흑대-1,정수빈은 신이다,False,,0.0,0
@유민수-x7w,진짜 여신이 따로 없음 수빈님 최고,False,,0.0,0
@지니-g4k,아웃겨<br>숏다리<br>수근씨,False,,0.0,0
@엘스-m1k,보미 츄~❤ 존예,False,,0.0,0
@신광식-e5o,수빈아 미치겠다,False,,0.0,0
@햄복시안,Lpba 경기할때만 보다가.이렇게 자연스런 유툽에서 선수들이 즐겁고 말하면서 치는게 편해 보이네요~~~두선수 모두 즐거운거 같아서 시청자 입장에서도 편안해 보입니다!! 수근형 다음에는 sy바자르 여선수들도 초빙해 주세요🎉,False,,0.0,0
@삼촌왓다,준하횽아옆에잇으니 수구니횽아 진짜 짧다;;,False,,0.0,0
@과니-n4b,김보미 선수 매력덩어리네요 웃을 때 이쁘고 몸매도 이쁘고 슛다리 할 때 안 올라가는 다리 억지로 올리면서 다 받아주려는 마음씨도 이쁘고😂,False,,0.0,0
@dani-l5696,<i>수빈선수 미모가 옛날 (구)한은정 (현)한다감모습이보이네요 미모도 실력도 최고</i>,False,,0.0,0
@우왕따나베,"정준호는 비호감, 정수빈 보러 왔다가...",False,,0.0,0
@kamikaje,"<a href=""https://www.youtube.com/watch?v=0E1VIbBuAtI&amp;t=548"">9:08</a> 낳을 거에요는 뭐냐?",False,,0.0,0
@LeeJaeMyeongGuSok,아 저 포주나련 겁나 시끄럽네,False,,0.0,0
@Ccbhi,아 영상 막 켰는데 준하형 투정보고 싫어요 누를뻔...ㅋㅋㅋㅋㅋㅋㅋㅋㅋ,False,,0.0,0
@i-will-hug-you,"나 썸네일 만 보고 예측하는데 정&amp;정팀이 이길 것 같아요~ <a href=""UCkszU2WH9gy1mb0dV-11UJg/JAJ1XpGpJYnW8wTupZu4Cw""></a>",False,,0.0,0
@VALYRIANMAX,와 정수빈 진짜 졸귀탱❤,False,,0.0,0
@칼망이,님 절친 병마니 클남,False,,0.0,0
@user-p1658,김보미선수 90도 인사박다가 올라오면서 슛~다리! 연결동작 아주 깔끔하네요.,False,,0.0,0
@ucj2714,자막 좀 신경 쓰셔야 될듯.. 오타가 있음..,False,,0.0,0
@삼이나라,피 부톤이 밝은거임,False,,0.0,0
@Ilues,농협 주거래 당사자로써 참한 수빈선수 항상 응원합니다 .. ❤,False,,0.0,0
@뀨-z4v,"정수빈 , 김보미 너무 예쁘네 정말.. ❤",False,,0.0,0
@brian9632,"<a href=""https://www.youtube.com/watch?v=0E1VIbBuAtI&amp;t=541"">9:01</a> 낳을거같다니요 자막보소 ㅋㅋㅋㅋ",False,,0.0,0
@khs-6120,농협 가슴이 따뜻해지네😊,False,,0.0,0
@bolbol4516,정수빈 선수 진짜 개이쁘네..,False,,0.0,0
@kwangookwon5775,"<a href=""https://www.youtube.com/watch?v=0E1VIbBuAtI&amp;t=33"">0:33</a> 세상에………………………",False,,0.0,0
@알수없슴-b7u,보미선수❤ 수빈선수 ❤,False,,0.0,0
@고동필-v3s,당구장의 짜장면.... 못 참지,False,,0.0,0
@소부자-o5g,정수빈 졸라 이쁘네,False,,0.0,0
@똥그랑천재,보미 수빈 너무 이뽀요...  준하 수근 너무 웃겨요..ㅋㅋ,False,,0.0,0
@life7864,김보미선수 갈수록 이뻐지고.. 정수빈은 참 곱구나.. 라는 말 밖에 안나옵니다.<br>멋진 경기 잘 봤습니다. 보미 아빠랑 내가 동갑이라니.. 뷁!!,False,,0.0,0
@E양-I9금-야노-k3x,정수빈. 웃는 모습 왜케~ 이뻐요? ㅎ,True,@life7864,1.0,0
@김재현-f5h,보미선수 화이팅❤❤❤,False,,0.0,0
@연땡,정수빈 진짜 이쁘네~,False,,0.0,0
@GI-xw2hm,그러게요 몸매도 돼고. 실력도 돼고.,True,@연땡,1.0,0
@good90n,보미선수 미모가 물올랐네요..^^<br>웃는게 예뻐요~~,False,,0.0,0
@l9금-딸감-야뎡x-w2s,↸🐕,True,@good90n,1.0,0
@traveler553,정준하씨 잘치네,False,,0.0,0
@minoa4618,보미 농협은행,False,,0.0,0
@xjc1988,"<a href=""https://www.youtube.com/watch?v=0E1VIbBuAtI&amp;t=541"">09:01</a> 편집자 맞춤법 검수안하냐",False,,0.0,0
@딸기포도,요즘 젊은 선수들은 어쩜이렇게 다들 미인들 이실까,False,,0.0,0
@클린스카이-r7u,잼나게 실컨 웃으며 잘 봤습니다.감사합니다.,False,,0.0,0
@PhyllisShamus,ㄹㅇ ㄱ글 에서 벳프리 보면 다른거 눈에도 안들어옴 그냥 다시보면 되니까 개이득임 ㅋㅋㅋㅋ ?,True,@클린스카이-r7u,1.0,0
@독사-w7l,김보미 정수빈선수 맛있게 먹는 모습이 좋아요<br>항상 응원합니다.,False,,0.0,0
@내일은대박-q6h,보미 수빈이 보러옴,False,,0.0,0
@vigongg,"<a href=""https://www.youtube.com/watch?v=0E1VIbBuAtI&amp;t=541"">9:01</a> 맞춤법 실화..?",False,,0.0,0
@나이란사람이야-o8v,정수빈 이쁘당,False,,0.0,0
@이유선-i7z,재미나게 봤어요 수근띠,False,,0.0,0
@큐미스큐미스,수빈 공주님 아름다워요 ❤❤❤,False,,0.0,0
@안예쁘면구독안함,정수빈 쥰내 예쁘네 조회수 치트키😅,False,,0.0,0
@전창수-n1y,정수빈....❤,False,,0.0,0
@호세호-i5n,LPBA는 다들 외모로 뽑나요? 다들 한 미모하심❤,False,,0.0,0
@신희서-r7v,Two정 이라길래 투정부리는줄알고ㅋㅋ 지지리궁상 인줄알았네ㅋ,False,,0.0,0
@nautes0523,수빈 ㅎㅎ 보미 ㅎㅎ 화이링^^,False,,0.0,0
@왕밤빵-w4d,정준하 임신했어요?,False,,0.0,0
@wowfridaysdk,정수빈 폼 미쳤다 ㅋㅋㅋ카매라 앵글 예술이구마이. 준하형 진심 하드케리 했다 이번편 역시 정탱그 대단하오 😂😂,False,,0.0,0
@minseol6941,솔직히 준하형 재미만 기대했었는데 스트로크나 두께 모두 섬세하시고 예전의 그 재미 위주의 실력이 아니시네. 콜라보 찬성입니다 자주 같이 게임 해주세요!,False,,0.0,0
@pure_andy,보미 수빈 선수 까르륵 하는 모습이 귀엽네요 곧 팀리그인데 좋은 성적 기대할게요,False,,0.0,0
@VALYRIANMAX,ㅅㅂ 드뎌 올라왔네.. 감솨함돠,False,,0.0,0
@fnc5706,즐겁게 치시는 모습을 보면서 참 재미있었습니다.<br>앞으로도 더욱 좋은 콘텐츠 부탁드립니다~,False,,0.0,0
@이괴록,젤 좋아하는 선수 두분이 나오셨근요,False,,0.0,0
@retroremember,역쉬 수근님 사랑합니다 레트로도 사랑해주세용❤❤❤❤,False,,0.0,0
@레트로리멤버,넘 잼나요 레트로 게임도 사랑해주세요 ❤❤❤,False,,0.0,0
@NEWMr-uc8xc,재미써요 즐거운당구 역시수근짱~~~,False,,0.0,0
@pham-purpleroad,"<a href=""https://www.youtube.com/watch?v=0E1VIbBuAtI&amp;t=540"">9:00</a> 낳긴 뭘 낳나요.. 나을 거 같다고 하셔야죠!",False,,0.0,0
@asc-v8u,나도 거슬려서 댓글 달려고 했는데 이미 있누 ㅋㅋㅋㅋ,True,@pham-purpleroad,2.0,0
@김푸름-i7o,일부러 그런거 같음..설마 낫다 낳다 구분을 못하겠나 ㅋㅋㅋㅋㅋㅋㅋㅋㅋㅋㅋ,True,@pham-purpleroad,2.0,0
@hyp-g1j,정수빈❤ ❤,False,,0.0,0
@QqqqQ-v4b,굿 잼나구만,False,,0.0,0
@jsungpark3264,실력도 몸매도 이쁘네요,False,,0.0,0
@솔아솔아-j1z,뽀미 프로 광팬입니다<br>언제 우승 한번 할련지 ㅠ<br>제주 월드챔피언에서 무조건 이기는줄. ㅜ<br>셋트 스코어 3대1에서 겜포인트 1점 남겨두고 그 쉬운 옆돌 실수때문에<br>대역전패 진짜 미친다요 ㅜ<br><br>그 뒤로 농협대회까지 완죤 내리막길<br>어찌 갈수록 실력이 퇴보되고 있을까요?<br>김민영 서한솔 귄발해 한지은 등등<br>뽀미 프로보다 두세수 아래인 선수들은<br>눈만뜨면 연습 또 연습하여<br>눈부시게 성장중인데<br>뽀미프로는 연습을 안하는지 갈수록 퇴보<br><br>이번 농협대회때 32강 그 중요한 겜 앞두고<br>샾이나 다녀오고 그 시간에 연습을 더 해도<br>이길까 말까 하는데. 안타깝네요 ㅠ<br><br>제발 이 악물고 피나는 노력하길 부탁드립니다<br>뽀미프로 최고의 약점은 멘탈인듯<br>그리고  득점이 어려운 배치는<br>제발 수비도 적절히 병행하길,False,,0.0,0
@에스테반-h2m,우와~ 정준하 엄청 잘 치네요,False,,0.0,0
@이동주-u6p,당구는 뭐니뭐니해도 이수근 채널이다..확실히 재밌어,False,,0.0,0
@TaedongKim-i5k,보미는  스트록과 자세가  정말  좋다😊,False,,0.0,0
@TaedongKim-i5k,농협 선수들  이쁘구나😊😊😊,False,,0.0,0
@경태이-j6e,기다렸어,False,,0.0,0
@건희-y7t,수빈선수 홧팅,False,,0.0,0
@sinabro0357,우연히 보게 되서 우리 쭈나 나온거 보고 게속 보게 되네 😅,False,,0.0,0
@핏빛구름,"역시 잼나네.<br>수근, 준하형 대박 나시고,<br>보미, 수빈님 개인전과 농협팀 화이팅입니다.",False,,0.0,0
@죄송합니다-y5t,일을하다..허리부상으로 수개월째 일을하지못해 방세도..밥값도 없어 이틀째 라면하나로지낸적이 많습니다.  누가 밥값이라도  ㅠㅠ도와주시면 평생 은혜잊지않겠습니다 <br>자꾸 거짓이라길래 부끄럽지만 지저분해서 죄송한 고시원방 올렸습니다ㅠ,True,@핏빛구름,3.0,0
@PhyllisShamus,ㅋㅋㅋㅋㅋㅋ ㄱ글 에서 벳프리 모솨서 잼민이 발정났누,True,@핏빛구름,3.0,0
@l9금r양-풀버전-야스-g3k,☜😾,True,@핏빛구름,3.0,0
@브루스-w2e,수빈씨 넘 이뻐요❤,False,,0.0,0
@jwk2919,"<a href=""https://www.youtube.com/watch?v=0E1VIbBuAtI&amp;t=542"">9:02</a>초에 낳을거x 나을것",False,,0.0,0
@Alex-cd5hn,김보미 정수빈 선수 좋은 선후배처럼 보기 좋네요 :) 잘봤습니다 😊,False,,0.0,0
@Alex-cd5hn,선수분들이 빵꾸라고 하니 더 친근해 지네요...😊😊😊,False,,0.0,0
@RowenaZelda-z8i,ㄱ글 에서 벳프리 진짜 보다보면 빠져든다 라이브에 수위도좋고 외모도 좋고 삼박자 지렀으?,True,@Alex-cd5hn,1.0,0
@papa-ow1vf,당구장은 짜장짬뽕이죠,False,,0.0,0
@res4792,보미가다받어줘,False,,0.0,0
@peace-to_everyone,"너무 밝은 에너지를 가진 정수빈,김보미 선수, 재밌는 당구 게임 재미있게 봤어요.  수근님 자주 선수대 일반인 경기 많이 보여주세요. 선수분들 긴장하는 모습이 너무 재밌어요. ^^",False,,0.0,0
@l9금-야뎡-보관소d-i7w,↟⛏,True,@peace-to_everyone,2.0,0
@RowenaZelda-z8i,그놈의 ㄱ글 에서 벳프리 때문에 내거기 닳고 닳아서 없어지겠네?,True,@peace-to_everyone,2.0,0
@땡글이-z5n,수근이형 준하형  캐미가 ㅋㅋㅋ  두분  같이 방송 하면  재미가 ㅋㅋㅋㅋ,False,,0.0,0
@제이-k5c8h,"<a href=""https://www.youtube.com/watch?v=0E1VIbBuAtI&amp;t=603"">10:03</a> 오늘의 샷",False,,0.0,0
@zizi1747,"놀랬다!  , 하얀 큰 것이 바로 나와서",True,@제이-k5c8h,3.0,0
@Metal人,😏~,True,@제이-k5c8h,3.0,0
@ddangyong,ㅁㅊ새키 모쏠 새키,True,@제이-k5c8h,3.0,0
@김학용-z8w,수근이형.   전지우선수 부탁해요.,False,,0.0,0
@뱅지니-b8e,굿입니다,False,,0.0,0
@박권준-j5h,수근이형 ~ 나 1빠,False,,0.0,0
