author,comment,is_reply,reply_to,reply_count,is_spam
@bonaer5425,&#39;스마일 베이비 &#39; 장인 어르신이 아주 스윗하시네요 ㅋㅋㅋㅋ <br>보다가 한참 웃었습니다 ^^,False,,0.0,0
@헹죠아,"4시 체크인이라니 헐,..<br>넘 양아치네ㅜ",False,,0.0,0
@여봉봉YeobongbongCouple,마닐라에 살고 있는 여자친구를 얼른 한국에 데려와서.. 단풍을 보여주고 싶어요 ㅠㅠ 올해는 이미 늦어버렸네요,False,,0.0,0
@Jowa,장기간 준비하시는게 마음 편할거에요 ㅎㅎ 저도 천천히 준비하다보니 어느새 다같이 왔네요 ㅋㅋ,True,@여봉봉YeobongbongCouple,1.0,0
@박종대-f2b,현다이 기아가 토요타 럭세스보다 더 좋은걸 모르시나바요?.,False,,0.0,0
@Jowa,렉서스 말씀하시는거 같네요. 필리핀엔 현대 기아 최신차량 보기 힘들어서 처음 봤을거에요,True,@박종대-f2b,1.0,0
@미모사-h8o,언제나 두분 보면  대단하신거 같아요 가족이나 가까운 사람들이  젤 가이드해주기 힘든법인데 부모님. 친척들까지^^ 편노님 진짜 결혼잘하셨어요!!!,False,,0.0,0
@Jowa,감사합니다 ㅋㅋ 일주일이 순삭됐네요. 못한게 많아서 아쉽습니다 ㅠㅠ,True,@미모사-h8o,1.0,0
@리강인-v9v,ㆍ,False,,0.0,0
@kimkey6466,요즘 조와티비 생각나서 찾아봐야지 했는데 이렇게 인급동에서 뵐줄이야!!! 너무반가워요<br>한국여행 준비하는 부분부터 찾아봐야겠어요<br>근데 이영상에서 도이님 처음나왔을때 살이 찌셔서 첨에 잘 못알아봤어요 우리 이모부닮았어요ㅋㅋ<br>첫 한국여행오셨으니 가족들이 어떤모습을 보여주실지 기대되요,False,,0.0,0
@Jowa,😊 감사합니다 도이 살크업 많이했네요 ㅋㅋ,True,@kimkey6466,1.0,0
@zenonlee521,차를 탔을 때 모든 가족들이 안전벨트를 매는 것을 꼭 이야기 해 주세요. 오늘 차안 보니까 구독자님 이외는 아무도 안 매셨더라구요.,False,,0.0,0
@이정하-e7h,쩌네 슈방,False,,0.0,0
@jejemon2505,한국은 야외에 에어컨을 필리핀은 야외에 히터를 가동시켜주는 마음과 몸이 뜨끈한 나라죠,False,,0.0,0
@Jowa,공짜 사우나의 장점이 있죠 ㅋㅋㅋ 출구가 없는,True,@jejemon2505,1.0,0
@뮤턴트-v5i,자막만 달고 편집하지말고 하루 5편씩 올리세요 😅😂,False,,0.0,0
@56ghjMcwdfgr,"My name is Bao Xuezhen. I was born in Shanghai on January 18, 1950. I have a college degree. I worked as an engineer at a state-own enterprise, but I was fired from my job after the persecution of Falun Gong started in 1999. I now reside in Denmark.<br><br>I used to have many ailments and almost became incapacitated, but I recovered after I began practicing Falun Gong in May 1995. Because I refused to renounce my faith, I was sentenced to 3.5 years on June 1, 2001. I served time at the Shanghai Women’s Prison and was released at the end of 2004.<br><br>In early 2003, the prison conducted comprehensive physical examinations of all Falun Gong practitioners detained there. Years later, when I learned of the forced organ harvesting from living practitioners, I realized the checkups we had in 2003 were to see if any of us would be a good match for organ harvesting.<br><br>There were over 100 practitioners detained in the prison. I saw four buses parked outside of the entrance. All of them were equipped with advanced medical devices.<br><br>The Shanghai Women’s Prison had five wards and we lined up by the wards. Guards watched us while we waited and after we got on the buses one by one, to be examined. They examined us from head to toe, including our eyes, heart, liver, lungs, and kidneys. Samples of our blood and urine were collected. The blood draw tubes were really large. The doctors also did ultrasounds and gynecological exams on us.<br><br>While doing an ultrasound on me, the doctor appeared to be surprised. He called in several other doctors and guards to discuss my case. I heard one of them say, “It [referring to one of my organs] is useless. It’s full of stones, useless.” Then they asked me, “How do you feel in this area?” I didn’t respond. They looked at each other and didn’t say anything else.<br><br>It took them a few days to finish examining all the practitioners in the prison. Guard Shi Lei told us, “See how well the government treats you [Falun Gong practitioners] and offers such comprehensive examinations. Only you [Falun Gong practitioners] have such a ‘privilege.’ No one else has it, not even us prison guards.”<br><br>Back then, the horrific organ harvesting hadn’t been reported. But I noticed that shortly after the physical examinations, some practitioners who came from out of town but were arrested in Shanghai disappeared. These out-of-towners refused to reveal their names and were referred to by numbers. I thought they were transferred to other places, but now I realize that they may have been murdered for their organs.<br><br>A few days after the examination, the guards informed me that they needed to check my eyes again. I was puzzled as I didn’t have any problem with my eyes. They lied to my face, “Didn’t you ask to check your eyes?” I said, “When did I say that? My eyes are fine. Why do I want to have them checked?” The guards remained silent and dragged me to the prison entrance, waiting for a car to pick me up.<br><br>The car didn’t come. I kept asking why my eyes had to be re-examined but they didn’t answer. After waiting for about 20 minutes, the car still hadn’t arrived, so they took me back to the cell.<br><br>After I was released, I managed to flee to Denmark. In 2015, I did some investigation myself by calling Chinese hospitals. I said I was the family member of a patient who needed a transplant and I asked where the organs came from.<br><br>During a call I made to the Taizhou Hospital in Zhejiang Province in the first half of 2015, I was referred to doctor Wu Songjiang, a transplant expert. The person who answered the phone also suggested that I could go to Shanghai or contact the Zhejiang University School of Medicine for transplant, as both places had plenty of organs. They admitted that the organs were from Falun Gong practitioners and they could quickly match my blood type and schedule the transplant surgery.",False,,0.0,0
@Oscar2003,인급동  축하드려요....   물 들어올 때 빨리 노 저으세요,False,,0.0,0
@Jowa,영차영차,True,@Oscar2003,1.0,0
@조용석-v3z,"앗, 우리 동네 오셨었네.<br>서울슾  뒷쪽으로 가시면 은행나무 숲이 있고, 매우 예뻐서 외국인들이 사진  찍으러 많이들 가시는데 그곳은 못가보셨군요.",False,,0.0,0
@Jowa,그런곳이 있었나보네요 ㅠㅠ 몰랐네요,True,@조용석-v3z,1.0,0
@대우-w5f,도이 뭔가 킬러 이미지,False,,0.0,0
@박성만-r2x,와 인급동 ㅊㅊㅊㅊㅊ,False,,0.0,0
@Jowa,오옹!!,True,@박성만-r2x,1.0,0
@메랑-m5u,도이있어서 너무 재밌어욬ㅋㅋ,False,,0.0,0
@점화남,와우 인급동 축하합니다~ 10만을 향해 고고!,False,,0.0,0
@Jowa,10만 가즈아아아아아!!!!,True,@점화남,1.0,0
@봉구야사랑해,다행이시네 가을에들오셔서 12월달오셨음 기절하셨을듯 ㅋ ㅋ 공항 나오시자마자 냉동고,False,,0.0,0
@Jowa,갑자기 추워졌네요 ㅋㅋ 지금도 덜덜,True,@봉구야사랑해,1.0,0
@mhkim1982,즐거운 한국투어 되시기 바랍니다~~<br>도이 굿!!!,False,,0.0,0
@SABRINALEEyo,즐거운 한국여행 되세요. <br>3편은 언제쯤…?,False,,0.0,0
@Jowa,오늘 올려버릴께요!,True,@SABRINALEEyo,1.0,0
@씨크처리,여지껏 봐온 해외 유투브 부부 중에 제일 성실하고 착한 처남 같아요!<br>망나니 들 천지 던데 영상 보면 직업도 정말 열심히 노력해서 이뤄내고<br>가족들 모두가 보고 있으면 정말 배울점이 많은 가족 같아요!!<br>잘 쉬다가 잘 돌아 가시길!!,False,,0.0,0
@Jowa,감사합니다 ㅎㅎ,True,@씨크처리,1.0,0
@이근호-e5l,경복궁안가십니까^^,False,,0.0,0
@Jowa,커밍쑨 ㅎㅎ,True,@이근호-e5l,1.0,0
@soecoww,다음 영상 언제 올리시는지 공지 좀 해주세요<br>계속 들락날락요<br>지금 산책갈까말까 고민중요,False,,0.0,0
@Jowa,오늘 저녁에 올릴게요! ㅎㅎ,True,@soecoww,2.0,0
@soecoww,​@@Jowa지금 바로요!,True,@soecoww,2.0,0
@김희탁김,행복하고 즐거운  나날  보내구  가세염,False,,0.0,0
@jaeyeongsfafa6861,음료수  3개?  구입 했는데.. 약 500peso...    ㅠㅠ,False,,0.0,0
@soecoww,9500원 400페소요 <br>편의점이라 비싸지요,True,@jaeyeongsfafa6861,1.0,0
@funnystory1004,제시 튀는 속도로 달려왔네요,False,,0.0,0
@고독한그늘,아파트가 필리핀까지 갔나보네요 도이입에서 아파트 노래가 나올줄은 몰랐네 ㅋ,False,,0.0,0
@Jowa,세계적으로 아파트죠 ㅋㅋ,True,@고독한그늘,1.0,0
@vergilius00,잘 즐기고 돌아가셨길 바래요 어제 부산발 마닐라행 비행기 결항 되서 도이 출근 못하면 어쩌나 걱정했어요,False,,0.0,0
@Jowa,오우.. 인천으로 하길 잘했군요,True,@vergilius00,1.0,0
@아라마루-s2r,"잘보고가요~<a href=""UCkszU2WH9gy1mb0dV-11UJg/jPgfY5j2IIud29sP3ZeA4Ag""></a>",False,,0.0,0
@정인준-i8c,오늘도 좋아요 꾹,False,,0.0,0
@김상근-q5g,강원도 원주의 800년 은행나무 추천드립니다.,False,,0.0,0
@Jowa,아 거기가 원주군요,True,@김상근-q5g,1.0,0
@AJ-SAVE-AJ,서울숲에서 한강 방향으로 조금만 더 가셨다면 한강의 서울타워와 롯데타워 전망을 파노라마로 보실수 있는데 왕복 다녀 오시면 체력적으로 꽤 힘드셨을거에요 ㅎㅎ<br>본격적인 한국 투어 시작이군요 ^^ 오늘 부쩍 날씨가 추워졌는데 가시는 날까지 아무쪼록 건강 잘 챙기시구요! 가족분들 모두 좋은 추억 많이 만들어 가시길 바랍니다!,False,,0.0,0
@Jowa,그런 스팟이 있었군요 ㅎㅎ 역시 사진전문가 에제이님 ㅋㅋ,True,@AJ-SAVE-AJ,1.0,0
@kslee928,"첫날부터 무리하면 안될것 같은데 3인실 보내드리고  2인실 4시간 쉬는곳을 가셨다구요? <br>얼마나 힘이 좋으신거야 <a href=""UCkszU2WH9gy1mb0dV-11UJg/m8MfY4jbFsWJhL0PyouA2Ak""></a>부끄",False,,0.0,0
@Jowa,저날 서있을 힘도 없었네요. ㅋㅋㅋㅋ,True,@kslee928,1.0,0
@gotube0,저도 서울숲 아이견학있어서 딱한번가봤네요 ㅋㅋ,False,,0.0,0
@고흐짱,어머니 친화력이 기분 좋게 합니다,False,,0.0,0
@DANIEL-qr5df,어서와도이 한국은 처음이지? ㅋㅋ,False,,0.0,0
@뿅-j6f,"기다렸습니다!!!어여 담편 올려주세요~<br>오늘부터 갑자기 추워졌는데, 날이 따뜻할때 다녀가셔서 다행이네요^^",False,,0.0,0
@가리지날손,"서울숲 안으로 좀 더 들어가면 사슴방사장 있는데, 첫날 피곤한데 거기까지는 좀 멀듯도 하네요. 서울숲 입구 사진찍을때 뒤에 보이는 체크무늬 빌딩이 SM타운 입니다. 이수만 군단. 이제는 별로 인기가 없을려나요 ^^;. BTS 소속사 하이브는 용산 아이파크몰 맞은편에 있습니다.",False,,0.0,0
@greenlantern9892,모두 악플을 달아요~~~ 9일날 도착해서 이제 첫날이라니 ㅎㅎㅎ 이미 대구로 내려갔겠네요? 100만 되려면 현장감...아~~~ 어디선가 마주칠것 같은 느낌이 있어야 ㅠ ㅠ 완벽주의자의 단점이 여실히 드러나는 ㅋㅋㅋ,False,,0.0,0
@Jowa,ㅋㅋ 매일 9시 투어 시작 저녁 9시 숙소도착. 편집할 시간 없죠잉,True,@greenlantern9892,1.0,0
@김종훈-b2e,가족분들 환영 합니다~즐거운 여행 되세요,False,,0.0,0
@봄비-h2l,조와부부채널은 영상시작부터<br> &quot;좋아요 누르고&quot; 시청합니다요^^<br>앞으로 더 재미있는 영상 부탇해요<br>처가집식구들  한국나들이 추카추카해요,False,,0.0,0
@Jowa,감사합니다 ㅎㅎ,True,@봄비-h2l,1.0,0
@공작고사리,필리핀으로 컴백하셨겠네요<br>다들 건강히 잘 거셨겠지요?!<br><br>서울숲 예쁘네요~~^^,False,,0.0,0
@BACKSOO_J,서울 숲이 원래 하수정류장이었고 지금은 있는지 모르지만 말타는데와 사슴을 볼 수 있어요. 저기서 좀 더 가면 한강과 성수대교쪽으로 나올 수 있어요.<br>실내 운동장 있는 건물 원래 축구장 있던 장소인데 그 건물 우측 뒤로 올라가면 작은 연못이 있고 그 길 따라 쭉 가면 서울숲으로 연결되요.<br>편노님 들어가신 반대 방향이죠.,False,,0.0,0
@Jowa,엄청나게 넓군요 ㅎㅎ 그런곳들이 있다니..,True,@BACKSOO_J,1.0,0
@우주돼지-y5e,도이는 딱봐도 막내네<br>도이씨 한국도 80 년대까지는 라면이랑 국수랑 섞어서 먹는 가정이 많았습니다. 많이 보고 배워서 필리핀도 살기 좋은 나라가 될수 있도록 해주세오,False,,0.0,0
@dkxc324e,웰컴 코리아,False,,0.0,0
@bbibbigood,1등,False,,0.0,0
@박일-p6b,오늘부터 구독과 좋아요 눌렀어요,False,,0.0,0
@Jowa,감사합니다 ㅎㅎ,True,@박일-p6b,1.0,0
@독나방-x4s,운이 좋으신게<br>오시기 몇일전까지만해도 날씨가 초겨울날씨였거든요 딱 날풀리고 나서 잘 오신듯<br>거기다가 가시고 나서 바로 일요일부터 날씨가 급격하게 추워지고있거든요 <br>딱 날이 풀려서 따뜻하셨을때 잘 구경하다 가신듯싶네요,False,,0.0,0
@soecoww,오늘은 딱 겨울요,True,@독나방-x4s,2.0,0
@Jowa,정말 젤 따뜻할때 투어했네요 ㅎㅎ,True,@독나방-x4s,2.0,0
@alabang3038,"너무 감칠맛 나는데,  좀 팍팍 올려주이소",False,,0.0,0
@03kjh,조와티비 최종 퀘스트 중 하나  깨져가는 느낌입니다...  조심스럽게 마지막 퀘스트(2세 출산)를 빨리 진행해주세요~,False,,0.0,0
@Jowa,ㅋㅋㅋ 하나씩 해가는 재미가 있네요,True,@03kjh,1.0,0
@dkj6530,"스팀팩 미쳤네요,,, ,잘보고가요",False,,0.0,0
@성재패밀리,"엄청 기다렸는데,, 이제서 보게되네여.  도이님. 기아차 너무 멋지죠?ㅎㅎㅎ  저도 기아차 좋아해요^^    다음꺼 빨리빨리 올려주세요~~~   이제 필리핀으로 돌아가셨겠네여.ㅜㅜ",False,,0.0,0
@미니꽁-1977,한국 왓으니 처남 안경 몇개 맞춰가면 좋을거같아요 필리핀대비는 좀 쌀테니...,False,,0.0,0
@mins1114,"<a href=""https://www.youtube.com/watch?v=1US8DSkxLTU&amp;t=843"">14:03</a> 스마일 베이비~~ㅋㅋㅋㅋㅋㅋㅋㅋㅋㅋㅋㅋ<br>가족들 모두 얼굴에 웃음이 한가득~ㅎㅎㅎㅎㅎㅎㅎㅎㅎ <br>너무 잼나서 2번 보는중....3편 빨리 줘요..현기증 나요.....",False,,0.0,0
@Jowa,라면 끓여드시고 기다리세요 커밍쑨,True,@mins1114,2.0,0
@mins1114,@@Jowa 😭😭,True,@mins1114,2.0,0
@자오선,즐겁고 안전한 여행 하세요. 대구도 오시겠네요.  옥연지도 가보시고요.,False,,0.0,0
@loveoftg,도이 겁나 귀엽네요~~,False,,0.0,0
@구궁-k3e,한국편 1일1영상 30분길이 시행하라…! <br>너무 재밌어 ㅠㅠ,False,,0.0,0
@최경남TV,welcome to korea..😊,False,,0.0,0
@땅이-o6h,눈 구경 못하는게 아쉽네요 더운나라에서 살아서 눈 구경하면 좋았을껀데,False,,0.0,0
@bakbak000,먹방이 없다니,False,,0.0,0
@yunho123321,ㅋㅋ 거리에 에어컨을 틀어놓았다는 말이 왜이리 웃기지 ㅋㅋ,False,,0.0,0
@jasonkim7396,어흑..집근처 네요 아깝다 ㅜ,False,,0.0,0
@ecologym2368,숙소 잡으신 거 잘 하신 거 같아요👍 우리에겐 익숙한 평범한 것들에 흥미를 갖고 재밌어 하시는 친정식구 가족들 보니 덩달아 신나네요. 가시기 직전에 급 추워져서 겨울 날씨 체험은 하고 가시겠어요ㅎㅎ😊,False,,0.0,0
@joonhosohn3620,오 이제 올라오기 시작하네요 넘 오래 기다렸어요🎉,False,,0.0,0
@김오니-t5b,더더더 올려주세요ㅜㅜㅜ너무 기다렸습니다 영상🐙❤️🇰🇷,False,,0.0,0
@Jowa,ㅎㅎㅎㅎ 열심히 편집 중입니다! 곧 올릴게요 😉,True,@김오니-t5b,1.0,0
@멋진인생-d9d,편노와 제싸 그리고 도이와 그가족 길가다 만나길 고대합니다,False,,0.0,0
@stockwitch.,굿잡 어르신들은 잠 안재우면 큰일나요 ㅋㅋ,False,,0.0,0
@구리토박이,한국에 오신걸 환영합니다 !<br>드디어 업로드가 ㅠㅠ<br>얼른 또 올려주세요 밥 먹다가<br>영상 끝나니 입맛 사라짐..,False,,0.0,0
@Jowa,간헐적 단식을 하시게 되겠군요 ㅋㅋㅋ,True,@구리토박이,1.0,0
@llllffff,어머니의 친화력과 그 상황을 예상한 도이 ㅋㅋㅋㅋ,False,,0.0,0
@DanielKim8,와우 오늘 일요일 한강에 강풍 초속 10ms경험 ㅋㅋㅋ 로드자전거가 옆으로밀리네요 ㅋㅋㅋㅋㅋ😊,False,,0.0,0
@jaehyeonbak4581,영상은 나중에 몰아보려고 댓글 먼저 답니다.. 이참에 장인어른 심장 검진 한번 받아보시는게 어떨까 싶네요. 가족들 모두 K-의료 한번 경험해보시는게 어떨런지요?,False,,0.0,0
@h_h5858,"잘하셨네요~!!^^<br>더운 곳에서 있으시다가 쌀쌀한 날씨를 접하시고 색다른 단풍과 환경에 많이들 신기하셨겠네요~!! ^^<br>건강하게 좋은 시간 보내시고 좋은 추억 많이 만드셨기를 바랍니다~!!<br>다음 영상도 기대하며 기다리겠습니다~!!<br>컨디션 챙기시면서 화이팅입니다~!!! ^^ <a href=""UCkszU2WH9gy1mb0dV-11UJg/hf90Xv-jHeOR8gSxxrToBA""></a><a href=""UCkszU2WH9gy1mb0dV-11UJg/hf90Xv-jHeOR8gSxxrToBA""></a><a href=""UCkszU2WH9gy1mb0dV-11UJg/hf90Xv-jHeOR8gSxxrToBA""></a><a href=""UCkszU2WH9gy1mb0dV-11UJg/hf90Xv-jHeOR8gSxxrToBA""></a><a href=""UCkszU2WH9gy1mb0dV-11UJg/hf90Xv-jHeOR8gSxxrToBA""></a>",False,,0.0,0
@뉴우-v1o,다시 필리핀으로 돌아가셨나요? 다행이네요 ㅋㅋ 여기는 몇일 따뜻하다 오늘부터 급 겨울이 온거 같습니다 ㅋㅋㅋ,False,,0.0,0
@Jowa,정말 따뜻할때 맞춰서 투어했네요 ㅋㅋ,True,@뉴우-v1o,1.0,0
@yjj9000,도이님 분량 많아서 좋네요!!! ㅎㅎ,False,,0.0,0
@진동송이,업로드가 너무 느려요. ㅠ.ㅠ,False,,0.0,0
@소영이-i6s,작년 단풍은 별로 였는데 올해는 단풍이 이뻐서 우와 이랬는데 ~~~~ 다행이예요 단풍이쁠때 오셔서 .. 빨간 단풍도 이쁜데 서울숲은 은행나무가 많네요 ..,False,,0.0,0
@__geun.0__,한국 안경만드는 속도랑 퀄리티 좋은데 아버님 안경하나 맞춰드리죠!!?? ㅎㅎ 도이도 ㅎㅎ,False,,0.0,0
@getsix10,"비행기 내려서 많이 피곤하죠. 거기다 환경도 많이 다르고. 적절히 잘 쉬시는 겁니다.  며칠전 필리핀(늘 가는 보라카이) 다녀 왔는데 모든게 낮설고 자연환경 이쁘고 생활 문화 특이해 보이고 그렇죠 한국 첨오신 가족들은 얼마나 신기하고 이쁘고 그렇겠어요.  요즘 은행잎 떨어지는거 보면서 참 이쁘다 생각했는데, 그런거 첨 보는 외국분들은 아주 신기하고 특별한 느낌일겁니다.  한국 머무시는 동안 즐겁고 행복한 시간들 많이 가지시길... 이제 곧 10만 이군요.! 그럼 10만!!!",False,,0.0,0
@Jowa,네 ㅎㅎ 한국 가을은 정말 아름다운 것 같아요! 😊,True,@getsix10,1.0,0
@closed-h2s,편노님이랑 도이가 커플인 것 같;;,False,,0.0,0
@Jowa,브로맨스~,True,@closed-h2s,1.0,0
@imscion,오늘 17일 내일 18일인데 내일부터 서울은 영하권에 전국이 최저기온 5도 안팎으로 확 내려간다니 큰 기온차에 감기 조심 하세요 ㅋㅋㅋ 이제부터 슬슬 추워지네요.,False,,0.0,0
@GHO784,😊😊😊😊❤❤❤❤❤❤👍🙏,False,,0.0,0
@momentary67,중간에 쉬시고 하는건 너무 잘하고 계시고요 절대 무리하지마세요<br>구독자가 1순위 아닙니다 한국에 관광오신 가족이 제일 1순위 우선순위입니다<br>그래야 질좋은 영상에 재미난 편집에 밝은영상도 담길거라 생각됩니다 <br>구독자 개개인 한분 한분의 말씀도 중요하지만 지금은 가족모두가 조금이라도 더 편해야<br>퀄리티 좋은 영상담을수있지 않을가합니다 <br>컨디션 좋게 가장 편안하고 건강한 여행을 바라요 <br>조와티비 화이팅~~~,False,,0.0,0
@Jowa,저도 너무 졸려서 머리가 멍했네요 ㅋㅋ,True,@momentary67,1.0,0
@nikonia1,한국 오신김에 처남 머리 멋있게 다듬어 주시면 좋겠습니다. 늘 자다가 일어난 듯 보여서 웃음이 나요.,False,,0.0,0
@Jowa,저게 하고 온거라면 믿으실런지.. ㅋㅋㅋㅋ 근데 진짜 자다 일어난거 맞아요 ㅎㅎㅎㅎ,True,@nikonia1,1.0,0
@김두순-y4t,필리핀과 한국은 혈맹관계로 소중한 우방국인걸 모르는 사람들이 많다 안타깝다,False,,0.0,0
@LINA-vn1me,우왓 기다렸어요ㅋㅋㅋ 은행나무 바닥에<br>노랗게 깔린것도 보여드리고 싶네요ㅎㅎ좋아하실것 같아요ㅎ,False,,0.0,0
@선우-x8x,다음 한국 여행 땐 도이 여친도 데리고 와서 프로포즈 이벤트도 하면 좋겠네요ㅎㅎ 스윗가이 도이도이,False,,0.0,0
@y.jfly.7678,ㅋㅋㅋ꼬순내 왜케 웃기지ㅋㅋㅋ😅😂🤣,False,,0.0,0
@고덕맨-t6b,안전벨트를 안하셨네요.,False,,0.0,0
@심황용-b6f,필리핀 돌아가셨나요?,False,,0.0,0
@Jowa,네 저흰 한국이에요,True,@심황용-b6f,1.0,0
@선미-q8i,"크...날 진짜 좋으실때 오셔서 다행입니다!!!!! 진짜진짜 늦여름과 가을,초겨울 그사이...이젠 진심 추워요ㅋㅋㅋㅋㅋ!!!!!!",False,,0.0,0
@쁘잉쁘잉-j1s,웰컴투 코리아~~^^ 도이가족분들 환영 합니다^^ 한국에서 행복하고 즐거운 여행 하시길 바래요♡,False,,0.0,0
@bayonjung9886,가족들 좋아하시니 저도 너무 좋네요<br>미소를 머금고 아주 재미있게 잘보았습니다 ^^,False,,0.0,0
@JamesBond-nk9zc,감기조심하세요🥲😷🙏🏻👋👏🇰🇷🇵🇭,False,,0.0,0
@wangtico,우리동네 공원에 오셨네요.^^*,False,,0.0,0
@김영훈-n6u,즐거운 여행되세요^^,False,,0.0,0
@PSY-h3k,도이의 한국 여행😂😂😂❤,False,,0.0,0
@나름..짱-m3f,1일1영상 아니면 영상시간을 늘려주세요..😢😢😢,False,,0.0,0
@차편한세상조인환,와우~~ 날씨좋을때 잘 오셨네요 ^^ 푹쉬면서 여행하시는거 너무 좋습니다. ^^ 즐거운 여행되세요,False,,0.0,0
@LeeDaWoo,"뭐야 형 <a href=""https://www.youtube.com/watch?v=1US8DSkxLTU&amp;t=1063"">17:43</a> ? 1분 지난거같은데 17분이나 지났다니 ! 근데 형님 한국 나들이 30분 짜리로 만들어줘요! ㅋㅋㅋ ㅠㅠ",False,,0.0,0
@김호정-m5c,겨울눈을. 본다면. 더. 좋았을것. 같네요,False,,0.0,0
@슈가맘,도이가 날씨 요정이였나? 오늘부터 추운데  날씨 좋을때 왔다가셔서 다행이네요,False,,0.0,0
@hwannyworld,갓도이 한국 리액션 맛도리네요ㅋㅋㅋㅋㅋㅋ,False,,0.0,0
@Jowa,갓도리 맛도이!,True,@hwannyworld,1.0,0
@user-ro6tq8yb5q,나도 지난주 롯데타워 모시고 갔는데 <br>날씨가 너무좋아 다들 와우~ㅋ <br>요즘날씨면 외국인들도..ㅎㅎ,False,,0.0,0
@arviestory,"Ako lang ba nakangiti habang pinapanood toh, finally nasa Korea na sila 🤧❤️",False,,0.0,0
@leonardorevilla2242,❤❤❤ Maraming samalat sa panonood may God bless you,True,@arviestory,1.0,0
@davidyoon4099,"반갑습니다~~ 어서오세요. 가깝든 멀든 해외에 나가는데 준비하는 시간, 이동, 수속 시간, 비행 포함 기본 10시간은 걸리니 얼마나 피곤할까요.<br>긴 시간은 아니지만 한국 방문 기간 동안 즐겁게 지내시길 바랍니다.",False,,0.0,0
@danh2709,빠랑.. 도이...음..ㅋㅋㅋㅋㅋㅋ,False,,0.0,0
@김희탁김,즐거운 여행되셔요,False,,0.0,0
@미소지어요,<i>청계천. 롯데월드/타워. 홍대.성수동.경북궁.부산해운대 등등 ※한국 처음오신분들은 필수 코스인듯해요.안가면 서운&quot; (한정식 꼭 드시고 가세요)</i>,False,,0.0,0
@Kenny_Nam,❤ Smile. Baby 🎉🎉🎉🎉🎉🎉❤❤❤❤❤,False,,0.0,0
@GARAMJIIN,밤비행기 여행이 원래 힘들어요 😊 저도 돌아가서 바로 잤어요 ㅋㅋㅋ,False,,0.0,0
@Jowa,기절하듯이 잤네요 ㅋㅋㅋ 아침에 기억이 없어질 정도,True,@GARAMJIIN,1.0,0
@jowkju,감기 안 걸리시게 보온 잘 하셔야 겠네요<br>제싸 가족을 한국에서 보게 되서 참 좋습니다,False,,0.0,0
@simon-bx4py,역시     국뽕을  잘 표현하는 도이  ㅎㅎㅎ.<br>예전부터  느낀거지만    제사어머님이   어렸을때  엄청난   미인인것    같다는.     천천히    많은것을      둘러보시길.,False,,0.0,0
@임병현-t6i,안전밸트를  안매시네요  위험해요,False,,0.0,0
@ksm25809,일해라 편노!!!!,False,,0.0,0
@따뜻한아메리카노-l5z,날씨가 중간에 딱 따뜻할때 다녀가셔서 정말 다행이에요.,False,,0.0,0
@헬로송도,저번주에 오셨으니 날씨 최고일때 오셨네요 ㅋㅋㅋㅋㅋ,False,,0.0,0
@SwannieC,바나나우유마셔 도이,False,,0.0,0
@GRSon-kg4fx,벌써 영상 다봤어요 ㅜㅜ 빨리 다음편,False,,0.0,0
@kb-on2zu,담편은요??? ㅋㅋ 그만큼 기다리고 있어요 노예는 자는거 아닙니다 자지말고 편집해요 어서,False,,0.0,0
@GRSon-kg4fx,추천 먼저하고 영상 보기 <br>기다렸습니다!!!,False,,0.0,0
@balinism-g2x,날씨 너무 춥지않을때 오셔서 너무 다행입니다 도이씨가 날씨요정인가보네요 ㅋ 오늘오후부터 날씨가 급추워 졌어요 엊그제 오신것같은데 벌써 돌아가신다니  좋은추억 많이 쌓고 가셨길바랍니다 ㅎ,False,,0.0,0
@dizainah,에헤이~편집하지 마시라니깐~~어쨌든 올려주시니 감사히 보겠습니당^^,False,,0.0,0
@해피랜드-m8e,도이 장인 장모님 다들 너무 즐거운 표정이시네요!! 처갓집 식구들 다들 성격이 밝고 유머있고 좋으시네요!! 😊😊😊<br>한국가을 많이 즐기시고 건강하고 즐거운여행 되시기를 기원합니다~~!!😊😊😊,False,,0.0,0
@jacksonmichael9902,앞으로 여행 기대됩니다...,False,,0.0,0
@박상석-t2r,60넘으면  바기오 1년살이  하고싶은 1인,False,,0.0,0
@Jowa,바기오가 좀 시원해서 살기 좋죠. ㅎㅎ 마닐라는 너무 더워요,True,@박상석-t2r,1.0,0
@user-vk8gv1pc1h박미선,부모님과 도이님이 멋있는곳을많이 보고같으면 좋겠습니다  한국인 사위나라가 이렇게 좋구나하고 😊<br>봄에도 다녀갔으면 좋겠네요 꽃들이 만발할때 그때는 어머님이 더 좋아하시겠죠 행복한 여행였으면 좋겠습니다  도와주신 구독자님 감사합니다 편노님이 잘하셔야겠습니다 이렇게 좋은 구독자님들이 많으니 😊,False,,0.0,0
@영길조-f3r,정말 좋은 추억 많이많이  만들고 가세요 두고두고 가족이 모있때 그때의 추억을 얘기하면 좋을거예요<br>절대 마음 상하는 일 없이 구경 잘하고 가세요,False,,0.0,0
@NAZIRITE,잘하셨어요. 새벽에 도착해서 강행군 한다길래 우려했는데 국내 기차만타도 여독이 생겨서 도착하면 좀  쉬어야합니다.,False,,0.0,0
@이승한-r4o,오래기다렸다!<br>1일 3영상 기대합니다!<br>몽둥이가 어디있나~~~ ㅋㅋㅋ,False,,0.0,0
@혜석-h1z,이젠 한국여행 끝내고 필리핀으로 가셨겠네요.. 즐거운 한국여행 하셨나요? 다행히?한국은 오늘부터 추워졌네요ㅎㅎ주말에 점심먹고 영상보니 좋네요 편집빨리 해서 길~~게 더 많이 올려줘요ㅎㅎ첫날 영상이라서 앞으로도 많이 남았다는건 비밀ㅎㅎㅎ😅,False,,0.0,0
@Jowa,이제부터 편집모드로 들어갑니다 ㅎㅎ,True,@혜석-h1z,1.0,0
@허허그놈참,유후~♬ 한국에서의 첫 영상이군요~ㅎ 도이 덕분에 영상 보는 내내 텐션이 잘 유지됩니다~ㅎ 역시 도이~ㅎ<br>가족들한테는 쪼큼 쌀쌀한 날씨일텐데...암튼 즐거운 여행이 되길 바라면서 다음 영상 기다립니다~,False,,0.0,0
@최만조-n8k,보이는 겨울에 다시 댈 고와서 설악산의 얼음 물에. 풍덩해야겟다,False,,0.0,0
@최치경-n3x,오늘도 잘보고갑니다 😊❤🎉,False,,0.0,0
@이형환-p6c,꼬순내 묵직할꺼같네 ㅋㅋ,False,,0.0,0
@김주은-y3p,앗~~~! <br>선데이 오후에 떴네요~~~~ 🏃 <br>먼저 좋아요👍 누르고 편안하게 간식먹으면서 볼게요~~~😁,False,,0.0,0
@insomnia1202,storm ??<br><br>안전하게 그리고 좋은 추억 많이많이 만들길  ..... <br>간만에 흔적 만 남기고 영상 잘 즐기고는 있어요  <br>화이팅,False,,0.0,0
@Jowa,감사합니다 ㅎㅎ,True,@insomnia1202,1.0,0
@kuru_kuya_J,영상은 여행의 첫 날 <br>현실은 복귀해서 짐정리하고 영상올리고 한 숨 잘 시간일거 같네요 ㅎㅎㅎㅎ<br><br>페북에서 보이는 도이 스토리로 서울숲 갔네 했는데 첫날이었네요 <br>이제 저는 화요일에 출격을 헤헤헤,False,,0.0,0
@초리-e2w,장담하는데 한국영상 업로드 다올리기전 10만 구독자 찍는다  홧팅,False,,0.0,0
@Jowa,감사합니다! 그렇게 되면 좋겠네요 ㅎㅎ,True,@초리-e2w,1.0,0
@갈채,"잘하면 눈내리는것 을 하루 ,이틀 사이에 보실수도 ....",False,,0.0,0
@expert2619,아니 빨리 편집좀 해주시면 안될까요? 하하하하하하 ㅋㅋㅋㅋ 17분 너무 짧은데요?,False,,0.0,0
@김쉰이,펀노형이 할인은 가이드가<br>아니고 영상편집이라는걸<br>잊지마시기 바랍니다.<br>도이 완전 인싸네여,False,,0.0,0
@시간아천천히좀가,어휴 도이가 결재 하니까 꼬마가 하지 말라구 하네요 ㅋㅋㅋ 하지말라구~~ 하지말리구우~~,False,,0.0,0
@Jowa,타이밍 ㅋㅋㅋ,True,@시간아천천히좀가,1.0,0
@hanak1308,추위를 피해서 지내다가셔서 다행입니다~😊<br>그러고 보니 벌써 필리핀에 돌아가셨겠네요ㅠㅠ,False,,0.0,0
@말광랼이삐삐,필리핀에 오늘돌아가요,True,@hanak1308,2.0,0
@Jowa,마지막 날까지 엄청 더웠네요 ㅋㅋㅋ <br>그리고 나서 갑자기 추워진 ㅎㅎㅎ,True,@hanak1308,2.0,0
@kloudgim3322,동남아 사람들 겨울에만 오면 밖에 에어컨 틀었냐구 하는 멘트 똑같네요,False,,0.0,0
@양승귀-x1n,1.3 천 줄에 좋아요 꾸~욱 누르고 편안히 잘 쉬어갑니다~^^,False,,0.0,0
@user-LSM72,도이가 씬스틸러네요.....유튜브에 특화된 처남이 있어서 채널이 다행입니다 ^^,False,,0.0,0
@Jowa,ㅎㅎㅎ 도이가 없었으면 재미없었을거에요 ㅋㅋㅋ,True,@user-LSM72,1.0,0
@박철우-k9g,모든 가족들 즐거운 한국여행되시길... 좋은 추억 많이 만드세요~~^^,False,,0.0,0
@MCJang29,Doi Korea water shower helps my acne . 😊,False,,0.0,0
@七堂,오늘도 방가워요 ^^<br>날씨가 추운데도 즐거워 하시는 장인장모님이 보기가 좋아요 ^^<br>건강 관리 잘 하시면서 여행 하시길 바래요,False,,0.0,0
@전태진-z3v,방금 동묘시장에서 조와티비의 산적같은  쥔장을 보았는디  덩치에 쫄려서 아는체를 못했네 ㅋㅋㅋ,False,,0.0,0
@Jowa,산적이라 하니 저 맞네요 ㅋㅋㅋㅋㅋㅋ,True,@전태진-z3v,1.0,0
@JINEUN_JO,이제 돌아가서 편집공장 가동해야겠네요.ㅎㅎㅎ여행하는동안 날씨가<br> 좋아서 다행이네요.ㅎ,False,,0.0,0
@나는나-j8m,안전벨트요..,False,,0.0,0
@GoN-vs1hi,도이는 여전히 유쾌하네 ㅎ,False,,0.0,0
@kdh5183,엄청 기다렸네요~^^,False,,0.0,0
@zenganddaeng5532,가족들과 한국여행을 즐기고있네요,False,,0.0,0
@moonfull5613,"가을 날씨에 푹 빠진 부모님과 도이! <br>피곤한거 해결하면, 텐션이 쫙~  수직상승각이다. ㅎㅎ",False,,0.0,0
@랄라룰루0070,잘돌아가셨나..왜 아쉽지?ㅋㅋㅋㅋ,False,,0.0,0
@jangwonmoon9869,음. 저번회 볼때 9.00이었던거 같아서  이번 여행으로 10만가자 썼는데.<br>700늘었네요.<br> 좀만 더하면 충분히 가능할듯.<br>좋네요.,False,,0.0,0
@Uncle_Marineboy,"우와,,,,, 가을에 와서 이정도 어메이징이면  겨울에 눈오고 고드름 어는거 보심  난리날듯 ㅎㅎㅎㅎ 행복한 한국여행 되시고 모두모두 건강하세요 ㅎㅎ",False,,0.0,0
@sfmi22,구독자님이 가을 잘 느낄수 있는 곳에 잘 대려가 주셨네요~~~ +_+,False,,0.0,0
@Jowa,단풍이 너무 이쁘더라구요 ㅎㅎ,True,@sfmi22,1.0,0
@happy_emily,새로운 곳에서는 모든 것들이 마냥 새롭고 신기하죠..ㅎㅎ<br>처음 만난 한국의 가을이 어떤 모습으로 기억될런지 궁금하네요..<br>사진 찍어주시며 &quot;스마일 베이비~&quot;하시는 장인어른...꿀이 뚝뚝!! 이십니다..<br>다음 이야기도 조신하게 기다리고 있겠습니다.,False,,0.0,0
@justinkwon9325,늘 그렇듯 선 좋아요 후 감상입니다.  모처럼 처가 가족들과 한국에서 좋은 가을날 보내시길,False,,0.0,0
@미란이-t1r,😊,False,,0.0,0
@제니-k3w,하루에  동영상 새로 올라왔는지 몇번씩 확인했는지 몰라요 😚,False,,0.0,0
@fatboy2147,추워집니다 건강 조심하세요,False,,0.0,0
@chulschuls8282,편노형 댓글부터 쓰고 감상할께요 &quot; 편노형!!! 편집부터 해주세욧! 댓글 보고계신거 딱 걸리셨거덩욧! &quot;,False,,0.0,0
@Jowa,슈슈슉 편집중,True,@chulschuls8282,1.0,0
@이재승-b3r,숲만 보여주니깡 영상이 조금 지루해요 ㅋ,False,,0.0,0
@soecoww,외국인의 시선으로 한국의 이런저런 생소한 반응보는 재미아닐까요,True,@이재승-b3r,1.0,0
@msk1273,맘껏 한국을 즐기고 가시길 ^^,False,,0.0,0
@boomyitv,여름엔 한국도 빨리 지치지 않나요?,False,,0.0,0
@silly-guy,이번에 10만 넘어야 할텐데....,False,,0.0,0
@윤-j8n6t,서울숲이 <br>옛날에 경마장있던 자리인걸로 알고있는데~,False,,0.0,0
@양승귀-t7m,274 좋아요~^^,False,,0.0,0
@salsalra,추워진다는데 감기조심.,False,,0.0,0
@무야호-rubi,와아아아 역시 👍 😎 무야호 😊,False,,0.0,0
@mi1004,오우..드뎌....마니마니 기다렸어요 ^^<br>일일 드라마로 보다가 주말드라마로 기다리다보니<br>하루하루가 안가네요 ㅋㅋ,False,,0.0,0
@Jowa,감사합니다! ㅎㅎ 곧 재밌는 영상으로 찾아뵙겠습니다 😊,True,@mi1004,1.0,0
@nhk1170,날씨가 좋아서 다행이네..❤ 필리핀에 돌아갔겠군요.. 이제 편집 노예여 싸게싸게 올리라잉..❤,False,,0.0,0
@아름다운인생128,1등 ㅎㅎ좋은 여행보내셨겠죠~,False,,0.0,0
@李葉-j6n,ㅎㅎ,False,,0.0,0
@아지라엘-f3t,모가지가 빠지도록 기다렸습니다~~,False,,0.0,0
@흑냥이,미투요,True,@아지라엘-f3t,5.0,0
@Onekorean_com,미쓰리~~,True,@아지라엘-f3t,5.0,0
@nolsaepark1,미십만,True,@아지라엘-f3t,5.0,0
@단단한삼삼이,미파이브?,True,@아지라엘-f3t,5.0,0
@gotube0,미투요,True,@아지라엘-f3t,5.0,0
@40기-i6m,1빠,False,,0.0,0
