author,comment,is_reply,reply_to,reply_count,is_spam
@enjoycouple,"&lt;하쿠나맛탕탕 &gt; 마지막 3화!시청해주시고 좋아요와  댓글 달아주시는것만으로도 아이들에게는 큰 힘이 됩니다!🙏<br>엔조잉의 사랑에 보답하고자 한국 아동 후원을 시작으로 <br>더불어 이번엔 케냐 해외 봉사를 통해 <br>유니스를 만나게 되었습니다💌<br>낯가리던 아이가 마음의 문을 열어준 기적같은 순간을<br>저희에게 선물해준 것처럼 앞으로도 여러분들께 <br>웃음과 감동 전하기 위해 노력할게요!!!<br>그리고 케냐 시리즈는 남아있으니<br>끝까지 함께해 주세요 여러분!😘<br><br>Just by watching, liking, and leaving a comment, <br>you bring immense support to these children! 💖 <br>To give back the love we’ve received from Enjoying, <br>we started by supporting children in Korea. <br>Now, we’ve had the opportunity to meet Eunice <br>through our volunteer work in Kenya 💌. <br>Just as this once-shy child gifted us <br>with the miracle of opening her heart, <br>we promise to keep sharing smiles <br>and heartfelt moments with all of you! <br>And remember, our Kenya series isn’t over yet, <br>so stay with us till the end! 😘😘",False,,0.0,0
@suyounlee2121,영상 너무 잘 봤습니다~,True,@enjoycouple,4.0,0
@NaDaniel_04,저도 나중에 저런 일들 하고 싶네요..ㅠ 저렇게 일만 하고 공부도 겨우 하는데.. 저는 해야 하는 공부도 할 수 있으면서도 끈기와 의지가 부족해서 안하고 있는데.. 저 아이를 통해서 다시 공부를 해야겠구나를 깨닫는 시간이었습니다..!! 엔조이커플 덕분이에요❤ 수고해주셔서 감사합니다:),True,@enjoycouple,4.0,0
@엄지혜-r1t,아프리카 아이들을 후원하고 관심갖을 수 있는 이런 좋은 컨텐츠들이 많이 나왔으면 좋겠습니다! 응원합니다!,False,,0.0,0
@user-silvia0,"항상 웃음을 주시는 채널이라 챙겨보고 있는데, 이번 영상은 감동과 눈물까지 나는 영상이에요ㅎㅎ<br>엔조이커플 채널은 사랑과 감동, 웃음 그리고 눈물 희노애락이 다 담겨있는 따뜻한 채널이에요ㅎㅎ오랫동안 영상 올려주셨으면 합니다ㅎㅎ",False,,0.0,0
@user-nv8mj7sg9ncarenzo,Omg I can&#39;t believe you were in my country,False,,0.0,0
@오윤채-c6f,한 아이에게 좋은 추억을 선물해주고 가족들에게 진심으로 도움을 주는 모습에 정말 사랑을 나눌 수 있는 사람들이구나하고 생각했어요 관심을 가져주는 것만으로 큰 선물이었을텐데 매순간을 진심으로 대하는 모습에 감동받았습니다😭,False,,0.0,0
@LarinaHolly,그놈의 ㄱ글 에서 벳프리 때문에 내거기 닳고 닳아서 없어지겠네ㄱ글 에서 벳,False,,0.0,0
@nvliaen,그리고 민수님 진짜 마음이 곱네요. 힘든거 티 안내고 긍정마인드로 하시는거 멋집니다. 사랑을 주면 몸살이 안난다니.. 말을 어떻게 저렇게 곱게하는거야.. 여자인 나도 저렇게 못해요..ㅋㅋ 라라님이 그만큼 버팀목이 되어준다는거겠죠. 이 커플 정말 유니크해서 좋아요.,False,,0.0,0
@nvliaen,"라라님이랑 민수님 커플 보는거 진짜 힐링이네요. 라라님은 똑부러지게 아이 챙겨주시는게 든든해서 힐링되고, 민수님은 감수성이 풍부하셔서 어떤것에든 바로 감정을 공감하는게 또 힐링돼요. 두분 보면서 가슴이 정말 따듯해집니다. 유튜브 오래오래 해주세요 ㅎㅎ 봉사 컨텐츠 해주셔서 감사합니다. 좋은 귀감을 얻었어요.",False,,0.0,0
@AmandaIrene-q5q,ㄱ글 에서 벳프리 이 ㅓㅇ도로 유명했음?  내 듣보잡인줄 알았는데 ㄷㄷ?,False,,0.0,0
@kwongongamyi,늘 성인이 되면 꼭 봉사하러 다니겠다고 마음 먹고 있던 고등학생이에요. 그래도 아프리카는 조금 무섭다고 생각했는데 엔조이 커플 영상 보고 그 두려움이 사라졌어요. 지금도 유엔난민기구에 매달 3만원씩 용돈을 털어 후원하고 있는데 어른이 되면 반드시 그 도움이 필요한 곳에 내 발로 가서 직접적인 지원을 해주고 싶어요!! 좋은 영상 만들어주셔서 감사합니다 사랑해요 엔조이❤,False,,0.0,0
@rosekim6524,아니 20키로 두개는 40키론데 저 엄마 너무하다고ㅠㅠ,False,,0.0,0
@다이아몬드-g6x,ㅇㄱㄹ만 터는 시청자가 아닌 행동으로 하는 시청자가 되었으면 ㅠ,False,,0.0,0
@lovingroma5450,감동…………,False,,0.0,0
@옹달이-c4q,너무 잘 봤습니다.. 선한 영향력 정말 감사합니다!! 저도 성인이 되어서 제 돈을 벌게 된다면 꼭 후원을 하고싶다고 영상 보면서 생각했습니다 엔조이 커플 항상 응원할게요!,False,,0.0,0
@rampausuihunglejudithhau3183,I’m literally crying 😭,False,,0.0,0
@rampausuihunglejudithhau3183,This is so lovely <br>Thank you for sharing this beautiful video I just discovered the channel 😢so emotional,False,,0.0,0
@EloiseStrong,ㄱ글 에서 벳프리 보느라 눈밑에까지 다크써클 들어옴 ... 진짜 근데이뻐서 눈을못떼겟다...?,False,,0.0,0
@또르륵-g9p,나도 지금 처음 본 영상이지만 이런 영상이 더 떠야되는데..영상 보고 운 적 없는 대문자 T인데 계속 울었네요😭,False,,0.0,0
@mischa6688,You have a new sub because of this. I hope you keep in touch with Eunice. The world views a lot of South Koreans as racist especially towards your Southeast Asian neighbors but you proved others that not everyone is like that. Thank you for giving Eunice the best few days of her life.,False,,0.0,0
@JaejunYoon1,감동입니다..🥹,False,,0.0,0
@brendasmith2774,Who cut the onions in the comments  lol this had me in tears,False,,0.0,0
@임수현-p2o,좋은 일 해주셔서 너무 감사함니다.,False,,0.0,0
@leji1024,마지막에 집에서 나올때 같이 터져버렸다...😢,False,,0.0,0
@yj_.0421,마음이 따뜻해지는 영상 감사합니다 🥲🤍<br>같이 울고있는 저입니다ㅠㅠㅠㅠ 유니스가 더 더 행복하길 ☺️❤️,False,,0.0,0
@Ohya0219,유니스 내가 후원 했던 친구인데❤,False,,0.0,0
@soso-tz4qo,엔조이커플은 영상으로 늘 저에게 화면 너머로 많은 깨달음을 주시는 거 같아요 진심으로 유니스를 아끼고 사랑하는 마음이 보여서 마지막에 저도 굉장히 아쉬웠네요😢<br>이번 기획으로 만들어진 영상들은 영화보다 더 여운이 남고 배운 게 많은 거 같아요 후원의 가치에 대해서도 다시 되새길 수 있었어요 언제나 감사합니다 엔조이커플😊❤️,False,,0.0,0
@선플쓰기운동,세상 이렇게 따뜻한 부부를 보았나,False,,0.0,0
@jsp1669,보석같은 영상 고마워요~~ 나 왜 우럭ㅜㅜㅜㅜ 😢😢😢😢😢😢😢,False,,0.0,0
@ddddd2070,ㅜㅜㅜㅜ,False,,0.0,0
@encityaejonsa,너무 멋있습니다 정말 존경하고 저도 더 도움이 되는 사람이 되야겠습니다 더 성공하세요 항상 건강하시고요🥹🫶,False,,0.0,0
@효떡-p7k,"<a href=""https://www.youtube.com/watch?v=4ZWuslXMhqY&amp;t=1468"">24:28</a> 라라님 너  진짜 이쁜거 알아 했을때 진짜 2차로 오열했습니다😢",False,,0.0,0
@x2y1,눈물 났습니다🥺,False,,0.0,0
@팬더이긴한데렛서팬더,타포린 재질의 제리백이랑 물통 있으면 더 좋을텐데 아쉽네요 ㅠㅠ,False,,0.0,0
@콜드-j4b,유니스가 라라님과 민수님의 진심을 알아주고 같이 눈물을 흘리는 모습에서 저도 눈물이 많이 나고 감명받았습니다<br>앞으로 유니스가 꿈 잃지않고 건강하며 모든일이 잘되길 바래봅니다,False,,0.0,0
@kimjinkidistmickey3695,Oh my gosh I swear I&#39;m crying 😢 thanku guys for everything and love you 😍,False,,0.0,0
@seunghaseo6377,한편의 영화를 본 것 같아요. 영화가 아니라 현실이라 더 슬프네요...<br>저도 케냐에 한 어린이를 후원하고 있어서 감정이입해서 봤습니다.. 유니스같은 아이들이 꿈을 포기하지 않게 작은 도움이라도 계속 보태고 싶어요. <br><br>그나저나 민뚜님.. 마사이족 만나서 노래한거 진짜 너무 웃겨요ㅜㅜ 기린보고 변신하는데 기린 클로즈업한거랑 염소한테 이쪽으로 가세요하는데 귀신같이 반대방향으로 간것돜ㅋㅋㅋㅋ 마지막화에 웃음포텐 터졌어욬ㅋㅋㅋㅋ,False,,0.0,0
@전지영-g5l,다큐멘터리 같네 ㅋㅋ,False,,0.0,0
@김아무개-v1f,정말 멋진 어른들.. 감동이에요,False,,0.0,0
@duckbae_0328,"우리나라에 이렇게 선한 영향력을 주는 커플이 있어 너무 뿌듯하고 기뻐요 너무 좋은 활동, 만남인 것같아요😢",False,,0.0,0
@kyungkyulee8479,글로벌 EC(Enjoy Couple)기구하나 만드세요. 가입하겠습니다. 선한 영향력에 마음이 따뜻해 졌습니다.,False,,0.0,0
@도라방스-i1m,"으아ㅜㅜㅜ,,,스카에서 보는데 눈물나요ㅠㅠㅠ",False,,0.0,0
@히어니-f4k,"민수 오빠, 라라언니 정말 정말 감사해요 너무나도 귀하고 사랑스러운 우리 언니오빠",False,,0.0,0
@시온왕자-w3q,잘 참았는데 마지막에 한국어로 감사하고하는 장면에서 광광 울어버렸네..ㅎㅎ,False,,0.0,0
@어머미안해요,만남이 있으면 헤어짐도 있는법이라 나는 그 헤어짐이 너무나도 슬퍼서 그런가 영상 보는 내내 이별이 다가올것만 같은 기운이 가득해서 보는 내내 눈물이 ㅠㅠ 유니스 눈에서 눈물 떨어지는거보고 진짜 오열함 ㅠㅠ 유니스에겐 라라님과 함께한 시간들이 얼마나 꿈같고 좋았을까..ㅠㅠ,False,,0.0,0
@alexiacrvlh,O tanto que eu chorei 😢,False,,0.0,0
@정다운-w7c,눈물나 어떡해ㅠ,False,,0.0,0
@secret_jeju,"<a href=""https://www.youtube.com/watch?v=4ZWuslXMhqY&amp;t=285"">4:45</a> 아니ㅋㅋㅋㅋㅋㅋㅋ 알아듣겠냐구요",False,,0.0,0
@재즈-m5w,"<a href=""https://www.youtube.com/watch?v=4ZWuslXMhqY&amp;t=1250"">20:50</a> 유니스머리위에 왕관이 자꾸 떨어져서 좀 당황하면서 계속 올려주는 민수오빠 왤케 귀엽냐구요ㅋㅋㅋㅋㅋ쿠ㅜㅜ",False,,0.0,0
@wow-mh2xi,손님에게 갑자기 큰물통 두개는 너무해,False,,0.0,0
@winter2024-k6f,"<a href=""https://www.youtube.com/watch?v=4ZWuslXMhqY&amp;t=438"">7:18</a> 옆에 아주머니 이싱히기 쳦이보는겈ㅋㅌㅋㄱ😒",False,,0.0,0
@a77a85,요즘 사람들은 이런거 관심이 점점 없어지고 돈에 혈안이 되어있어 인간의 본질과 내면의 성장에 관심이 많이 사라진 삭막한 세상이 되었는데.. 이런 컨텐츠를 보려주셔서 감사합니다 덕분에 잊고있었던걸 다시 떠올린 기분이예요,False,,0.0,0
@a77a85,너무 눈물나….. 감사해요,False,,0.0,0
@yhju.6486,울나라 어머니들 시장보고 담아서가는 수레 같은거 있음 좀 낫지않을까<br>진짜 너무 힘들것같아요,False,,0.0,0
@vjfrcivj_54,"멀리까지 왔는데 넘 짧은만남이야,...",False,,0.0,0
@Lunalim86,아 ㅠㅜ보는내내 웃다울다 ..감동과 여운이 잔잔해서 먹먹하기도하고 ㅠㅠ 라라님과 민수님 도 얼마나 뿌듯하셨을까요 ㅠㅠ,False,,0.0,0
@summersoi,나도 울었다,False,,0.0,0
@Ejejejej-t8g,뭐지?… 마음이 이상하네요… 사랑하고싶어요… 감사합니다 라라님♥️,False,,0.0,0
@우정-x5r,두분 먼곳에서 아이들을 위해 힘써주셔서 넘 감사하네요 ㅠㅠ,False,,0.0,0
@조혜윤-m7r,라라님 우셔서 저도 같이 울엇네요 유니스가  꿈을 이뤘으면 좋겟네요  😊,False,,0.0,0
@눈빛-n3x,아이가 아프지 않고<br>공부 잘해서  꿈을 이루었으면<br>참 좋겠네요❤<br>두 분께 감사합니다 ~~😊,False,,0.0,0
@스피오스피오-n5m,"와중 <a href=""https://www.youtube.com/watch?v=4ZWuslXMhqY&amp;t=460"">07:40</a> 넘 귀여운 당나귘ㅋㅋㅋ<br><a href=""https://www.youtube.com/watch?v=4ZWuslXMhqY&amp;t=952"">15:52</a> 멋져…ㅜㅠ",False,,0.0,0
@하리의노래하리,너무 착하시다 거기까지가서 도우심이 복이 가득한 부부가되길 기원합니다,False,,0.0,0
@Wonnndd,아 밖에서 눈물 흘릴뻔한거 꾹참음😢,False,,0.0,0
@찰꿀맘,영상을 보는내내 감동이네요❤,False,,0.0,0
@nolie434,여자임?,False,,0.0,0
@BBangsubin,유니스가 멋지게 컸으면 좋겠어요💖<br>라라 민수님 아무나 쉽게 할수없는 일을 잘 해내고 오셨네요 대단해요!! 👍🏻👍🏻,False,,0.0,0
@anushkadas296,The best korean content creator couple ❤,False,,0.0,0
@서정윤-k8n,진짜 대단한 분들 감사합니다.,False,,0.0,0
@vn_soojin,마음이 정말 아름다운분들..,False,,0.0,0
@ahhh-ah,아우 눈물콧물 ㅠㅠㅠㅠ 그와중에 당나귀는 귀여운데 무거운거 옮긴다고하니 안쓰럽고 ㅠㅠㅠㅠ,False,,0.0,0
@달-r7v,아..눈물이안멈춰 ..ㅠ,False,,0.0,0
@김재은-d3l,유니스..꼭 꿈 이뤘으면 좋겠네요❤ 유니스도 엔조이커플도 화이팅❤,False,,0.0,0
@billieres13,멋있어요!! 감사합니다,False,,0.0,0
@날아라-z7g,리어카나 실차가 더 실용성있고 도움이 될 것 같아요,False,,0.0,0
@xjdnddd11,하..😢😢❤ 감동이야 정말 ..,False,,0.0,0
@fkwldkei,세상 멋있다... ㅜ,False,,0.0,0
@cindyfranrabelo4468,❤❤❤👏👏👏👏belo trabalho!!,False,,0.0,0
@마라탕중독자-c5z,나중에 시간이 흐르고 유니스와 엔조이커플이 꼭 다시 만났으면 좋겠어요. 너무 사랑스러운 인연인것 같아요…,False,,0.0,0
@Hyewoni00,정말 좋은일 하신거같아요..ㅠㅠㅠㅠ 감사합니다 존경스럽습니다ㅜㅜ,False,,0.0,0
@재민-x3o,라라 민슈 유니스 모두가 잘 되길 윈윈🥰,False,,0.0,0
@메롱소다-f8v,방구석에 앉아 이런 좋은 컨텐츠를 볼 수 있다니.. 정말 감사합니다...😭,False,,0.0,0
@가연-f9k,😂❤😊😊,False,,0.0,0
@r3de1eted,사람은 29분 28초 동안 쭉 울 수 있구나,False,,0.0,0
@남새부린이,"20대때 캄보디아에서 신발없이 마구 뛰어다니고 강을 건너야만 학교가 있고 학교시설도 아프리카처럼 😢그랫엇는데, 봉사갔던게 생각낫어요 <br>저도 잊고있엇는데, 그들의 따뜻한 미소 , 고마워하는 마음등이 전해져 어느새 눈물을 흘리고 있네요~ ㅠㅠ <br>엔조잉커플을 통해 많은 사람들이 제3세계지역의 많은 난민 소외된계층에게 관심을 가지길 소망합니다❤",False,,0.0,0
@뚜부튜브,구루마 같은거 있음 좋겠다ㅠ 매일 너무 무거울 거 같아요😢,False,,0.0,0
@EmilyOh-v7d,같이 울었어요ㅠ,False,,0.0,0
@capabillity01,엔조이부부님 영상을 보면서 제가 여태 하고 있던 작은 행동이 저런 친구들에게 좋은 기회를 제공할 수도 있다는걸 알게 되어서 뿌듯하네요ㅎㅎ,False,,0.0,0
@달달구리-c7w,너무 선한커플이예요 영상보는내내 행복했고 눈물 범벅ㅠㅠㅠ<br>귀한 영상 감사합니다.,False,,0.0,0
@해피덕-l1w,저도 우즈베키스탄이랑 미얀마 봉서 다녀왔었는데 그때 생각나서 펑펑 울면서 봤어요.. 2박3일동안 짧게 봐도 말이 통하지 않아도 정이 빨리 들고 정말로 그 사람의 진심만 있다면 아이들도 알아주는 게 느껴지더라고요 유니스도 라라언니랑 민수오빠의 진심이 통했다고 생각이 들어요🥹 저도 영상 보면서 봉사 갔을 때 아이들 생각도 나고 미얀마는 전쟁도 해서 더 많이 걱정이 되더라고요.. 영상 보면서 저의 특별했던 순간을 다시 한번 떠 올리게 해주셔서 감사합니다❣️ 앞으로도 엔조이부부한테 행복한 일만 가득하길 바랄게요❤,False,,0.0,0
@smfvnfms29,엔죠이커플 영상보고 꿈이 있지만 어려운 환경에 있는 아이들에게 조금이나마 도움이 되고 싶다는 마음에 후원 시작 했어요!<br>비록 작은 금액이지만 같이 동참 할 수 있는 기회를 주셔서 감사합니다! 두분의 선한 영향력 앞으로 계속 응원 할께요!,False,,0.0,0
@박지인-m2w,"포기하지말라고 하셨을때 진짜 울컥함,,",False,,0.0,0
@정지운-c4t,마음이 따뜻해지는 영상 감사합니다 좋은사람이 많아 정말 기쁘네요,False,,0.0,0
@School_is_poop,아닠ㅋㅋㅋㅋㅋㅋ 이번편 보면서 민수님이 진짜 개그맨은 개그맨이구나 싶었어욬ㅋㅋㅋㅋㅋㅋㅋㅋㅋㅋㅋㄱㅋㄱㄱㅋㄱㅋㄱㅋㄱㄱㅋ 중간중간 킬포 개그들이 너무 많아서 눈물이 쏙 들어감ㅠㅠ😂,False,,0.0,0
@wxwwxiou,라라님랑 유니스 나올땐 촉촉하게보다가 민수님 나올때마다 겁나웃음ㅠㅠㅠㅠㅠㅠㅠ 물받으면서 고맙쟈냐할때 현지인분 표정ㅋㅋㅋㅋㅋㅋㅋㅋㅋ큐ㅠㅠㅠㅠㅠㅠㅠㅠㅠ,False,,0.0,0
@나애개관심을줘,뭔가 인생을 살면서 나보다 어려운 사람이나 도움이 필요한 사람을 도와주기! 라는 생각이 버킷이었어요 다른 나라로 가서 봉사를 하는 이런 것들을 꿈꿨는데 다른 사람들이 이 얘기를 들으면 이미지 챙긴다~ 착한 척이다 라는 생각을 하는 사람들도 있어서 쭈뼛쭈뼛 고민만 하다 시간이 계속 흐르고 있는데...ㅜㅜ 이렇게 옛날부터 본 엔조이커플 채널에서 이런 영상을 볼 수 있어서 너무너무너무 좋아요... 이거 보고 용기를 내봅니다🥺🫳🏻 이런 영상 더 많이 봤으면 좋겠어요 👋🏻👋🏻 응원해여 두분다!!,False,,0.0,0
@Mean_C,2달 뒤면 성인이 되는 고3인데 이렇게 본받을 수 있는 멋진 어른의 모습을 보여주셔서 정말 감사합니다.. 아침마다 뉴스를 보면 온갖 범죄부터 부정행위들이 많이 일어나는 것을 보면서 앞으로 사회생활을 해야하는 입장에서 걱정도 많고 착잡한 마음이 많이 들었어요 그런데 이렇게 따뜻한 영상을 보게 되어 엔조이커플에 많은 것을 느끼고 배웠습니다. 특히 하고싶은 게 있으면 절대 포기하지 말라고 하시는 말씀이 많이 와닿았어요..저도 이 영상을 계기로 앞으로 더 다른 사람에게 베풀 수 있는 멋진 어른이 되겠습니다 :) 제가 이런 마음을 갖게 해주셔서.. 너무 멋지신 어른의 모습을 보여주셔서 감사합니다❤,False,,0.0,0
@Sooo-gk7vf,"<a href=""https://www.youtube.com/watch?v=4ZWuslXMhqY&amp;t=288"">4:48</a> 민수님 너무 웃겨욬ㅋㅋㅋ 대단한 다른 방법 있을줄 알았는뎈ㅋㅋ",False,,0.0,0
@맹구와사랑에빠진그여,같이 오열해따.....😢,False,,0.0,0
@이얏호응-w2i,감동이다가 민수님 덕븐에 웃다가 ㅋㅋ,False,,0.0,0
@subinhong3927,아 눈물 폭탄 ㅠㅠ 힝<br>감동이에여,False,,0.0,0
@에피크,인급동  🎉🎉<br>두분의 진심이 묻어나<br>울며 웃으며 보았네요<br>항상멋진모습   감동입니다 ❤❤,False,,0.0,0
@shintori1004,눈물나요 ㅠㅠ 너무 멋진 커플이에요!! 마음도 너무 예쁘고 항상 응원해요. 대단한 커플 고맙습니다❤,False,,0.0,0
@Aaaaaaa-d9w,정말 멋진 영상이네요❤,False,,0.0,0
@nasongclass,아름다운 커플 😂😂 감동적인 영상 감사드려요. 저도 이영상보고 후원하던 아이에게 크리스마스 선물을 보냈어요! 모두 따뜻한 연말되세요❤,False,,0.0,0
@kimjs0219,영상보면 눈물이 납니다! 유니스 꿈을 이루시길 기도합니다!,False,,0.0,0
@minsun_09,라라님이 유니스 눈높이로 계속 다정하게 유니스불편하지않도록 조심하면서 계속 말걸어주신거보고 보면서 눈물날뻔했어요 저에게는 이 평범하고 매일오는 이 일상이 유니스에게는 꿈만 같은 시간이고 가장 원하는시간인것을 이번 영상을 통해 알게되고 저 자신을 돌아보는 계기가되었어요  저도 나중에 어렵고 힘드신 분들 도우면서 살고싶다는생각이 드네요!!저희나라를 대표해서 유니스를 도와주신거 정말 감사하고 존경합니다 민수님도 정말 수고많으셨습니다!!!엔조이커플이 항상하는일이 잘 되시길 바래요❤❤,False,,0.0,0
@kenyanbee753,"<a href=""https://www.youtube.com/watch?v=4ZWuslXMhqY&amp;t=209"">3:29</a> heeeh, wacha niende hivi nakam",False,,0.0,0
@Gcgibiin,아 눈물난다….. 마음이 너무 예뻐 다들..,False,,0.0,0
@yein_05,나중에 가면 유니스 큰 모습 보고 엄청 울 듯 그것도.. 기억해주고 안아주면 눈물 왈칵!ㅠㅠ 극TT인데ㅠㅜ 마지막에 눈물 ㅠ😢😢,False,,0.0,0
@yein_05,"<a href=""https://www.youtube.com/watch?v=4ZWuslXMhqY&amp;t=289"">4:49</a> ㅋㅋㅋㅋ뭐야 ㅋㅋㅋ",False,,0.0,0
@yein_05,진짜 좋은일이네요ㅠ 재밌게 찍어주셔서 좋은 영상이네요! 원래 이런건.. 슬픈데.. 너무 좋아요!! 좋은 추억이셨겠어요!,False,,0.0,0
@Wang_chon,"<a href=""https://www.youtube.com/watch?v=4ZWuslXMhqY&amp;t=310"">5:10</a> Minsu really fits in everywhere so easily",False,,0.0,0
@옹잉-h9j,보는 내내 뭉클했네요...<br>저도 나중에 돈을 벌면 누군가를 도와주고 싶다는 막연한 생각을 했는데 이 영상을 보고 더욱 더 하고싶다는 생각이 들었습니다!!<br>엔조이커플 너무 고생하셨고 따듯한 영상 감사해요❤<br>구독 했습니다~~~~!!,False,,0.0,0
@mengss,일주일 기다리기 넘나 힘든것.. 업뎃되자 봤는데 다음 내용이 기다려져요!!!!!ㅠㅠ빨리 보고시푸ㅎㅎ,False,,0.0,0
@mengss,헉 다시 보니..이게 마지막화..? ㅠㅠㅠ넘 아쉽땅,True,@mengss,1.0,0
@inezamy9523,A Kenyan here l just heard you say that we have no books in my country or even my continent let me educate you for a minute. We do have books and schools are provided books by our ministry of education. And yes we do speak English and very many other languages. So the next time that you promote your charity groups remember to think and research for yourselves,False,,0.0,0
@Danirani1130,진짜 한편의영화본것같고 헤어질때나도모르게눈물나고 후원하고싶은마음이 가득..😢,False,,0.0,0
@dododok-t9d,소통의 어려움도 잠시 잊게 해주는 두 분의 진심어린 마음이 아이한테도 전해진 것 같아요! 계속해서 발전하고 좋은 모습 보여주셔서 너무 감사드려요 엔조이커플!,False,,0.0,0
@planate,유니스도 엔조이부부도 행복하세요🥹❤️,False,,0.0,0
@nxxn68,라라님 떠날때 유니스가 슬퍼할까봐 앞에서는 참고<br>뒤돌아서 갈때 눈물 흘리시는거 보고 어른스럽다는 생각 들고 영화같은 장면이네요🥲 <br>그리고 유니스한테 진심을 담아서 좋은 말 많이 해주시는것도 너무 따뜻..<br><br>이번 시리즈 너무 잘 봤습니다,False,,0.0,0
@텐바이텐-r2d,언니오빠유니스 같이 우니까 너무 슬프자냐.....ㅜㅜ,False,,0.0,0
@현-l8w,유니스 너의 걸어가는길이 꽃길이길 응원할게💗,False,,0.0,0
@이화-k3m,최근에 본 유튜브 영상중에 젤 기분 좋아지는 영상이었어요❤❤보는 내내 행복했습니다:) 정말 고생많으셨어요😊🥹,False,,0.0,0
@YoY_2_,너무 사랑스러운 또 하나의 가족 같아요.. 마음으로 늘 응원해주는 든든한 가족이 생긴 유니스 !! ❤,False,,0.0,0
@meanooo3883,흐어어어어엉 뿌엥..ㅠㅠ아자아자 유니스화이팅 엔조이커플화이팅 저도 화이팅  눈치보지 말고 비교하지 말고 즐기면서 사랑해요♡,False,,0.0,0
@수진-k2r9o,감동적이네요😢,False,,0.0,0
@H_G_122,흐엉 3회가 마지막이라뇨 ㅠㅠ <br>출근길에 보다가 버스에서 혼자 왈칵...<br>언니랑 민뚜님한테도 아이한테도 정말 귀한 추억이될거에요 ㅠㅠ <br>수고많으셨어요!!!!❤,False,,0.0,0
@Joojoobeans,Its so amazing to see you guys giving back to the world :&#39;) I still remember watching your videos years ago. And to see you succeed and helping others in need is really inspiring. I wish to be that kind of person someday in the future.,False,,0.0,0
@user-co5nw4jt3h,와 민수님 진짜 대단해..,False,,0.0,0
@Dlll33,유니스가 앞으로 힘든 일에도 절대 포기하지 않고 끝까지 꿈을 이루길 간절히 응원합니다 <br>두분에게도 낯선 아프리카 땅까지 가서 수고많으셨고 감사하다고 진심을 다해 전하고싶습니다 ♥️,False,,0.0,0
@우이-m1s,"<a href=""https://www.youtube.com/watch?v=4ZWuslXMhqY&amp;t=310"">5:10</a> ㅋㅋㅋㅋㅋㅋㅌㅋㅋㅋㅋㅋㅋㅋㅋㅋㅋㅋㅋㅋㅋㅋㅋㅋㅋㅋㅋㅋㅋㅋㅋㅋㅋㅋㅋㅋㅋㅋㅋㅋㅋㅋㅋㅋㅋㅋㅋㅋㅋㅋㅋㅋㅋㅋㅋㅋㅋㅋㅋㅋㅋㅋㅋㅋㅋㅋㅋㅋㅋㅋㅋㅋ 진짜 이질감없닼ㅋㅋㅋㅋㅋㅋㅋㅋㅋㅋㅋㅋㅋㅋㅋㅋ미치겠넼ㅋㅋㅋ울다웃다 아주 눈물빠지네ㅠ 좋은 영상 감사해요 진짜 많은 생각을 하게됩니다🥲🤍",False,,0.0,0
@IfrahIfrah-kp4ub,While watching this video I cry so much you guys are such a nice people I just want to say thank you so much for your kindness 💝,False,,0.0,0
@shamaasaa,Me too 😢😭😭😔😔,True,@IfrahIfrah-kp4ub,1.0,0
@문숩,"이렇게 따뜻한 사람들이 또 있을까 ,, 정말 많이 배워요 ♥",False,,0.0,0
@Dalhyeni,진짜 보면서 계속 오열... 민뚜님 라라님 너무 고생많으셨어요ㅠㅠ 저도 전에 후원하다가 사정이 어려워서 그만두고 있었는데 적은 금액일 지라도 다시 후원 시작해야겠어요ㅎㅎ 마지막에 유니스가 한국어로 고맙다 해주는거 너무 감동...,False,,0.0,0
@hadong_ee_,너무너무 존경합니다 .. 나 그냥 영원히 엔조이커플을 사랑할래,False,,0.0,0
@YesG124,라라님 울 때 함께 울었어요. 유니스의 꿈이 절대 멈추지 않고 계속 앞으로 나아가 자신이 받은 것을 타인에게 베풀 수 있음 좋겠어요. 기부를 생각할 수 있도록 도와주어서 고마워요 엔조이커플❤,False,,0.0,0
@김영현-p4y,"<a href=""https://www.youtube.com/watch?v=4ZWuslXMhqY&amp;t=282"">4:42</a>  … 진짜 100번 봐도 100번 웃기다.",False,,0.0,0
@HAN-pw7dn,야밤에 폭풍 울고있는 나…😭😭 라라언니와 민수님 덕분에 정말 우리가 누리고 있는게 얼마나 귀하고 소중한건지 느끼게 되었어요 🥹 그리고 짧다면 짧은 2박3일간 유니스와 교감하며 마음을 나눴던 시간이 너무 따스했어요! 덕분에 유니스의 세상이 정말 넓어질 것 같아요! 그리고 엔조이커플 너무 응원하고 애정합니다…🩷,False,,0.0,0
@김영현-p4y,"아니 ㅡㅠㅠㅠㅠㅠㅠㅠㅠㅠ 2박 3일 가지고 저렇게 울어? 하시는 사람이 있다구요?<br>난 .. 26분 동영상으로 지금 눈물 콧물 범벅이에요 … 라라언니가 계속 말 거는 것 부터 너무나 예쁘고 예뻐요. 라라언니 진짜 …언니가 느끼는 감정들이 이 영상을 보는 우리들이 느끼는 감정과 같아서 .. 울면서 봤고,<br>라라언니가 유니스랑 계속 눈 마주침 하려는게 보여서 .. 이걸 어케 안울고 버티냐고요… <br><br>그리고 이건 진짜 웃긴게ㅋㅋ 여기 편집자 진짜 능력자같애요. 민수오빠 컷트가 진짜 환상적이에요. 입막으면서 봤어요 (진심임)<br>물 길러가는거 제가 힘들 정도로 너무 공감됐고, 마사이족 노래 ㅋㅋㅋㅋㅋ 진짜 10번은 돌려봤네요. 감사합니다 (?) <br><br>유니스, 진심으로 무슨 일이 있더라도 포기하지마 ! 네가 공부에 관심에 있다는거 자체가 왜이리 자랑스러운지 .. 참 멋지다 !!! <br>사랑해 !! 유니스!!<br><br>이런 감정을 이끌어준 초록우산 .. 땡큐 .. ♥<br>함께 살아가자 ♥",False,,0.0,0
@user-minzip_08,유니스가 점점 마음열고 웃는 모습이 많아지는거 보고 완전 몽글뭉클 그자체..☁️ 어딜가나 가족들 생각하고 어린나이에 꿈과 목표가 있다는게 존경스럽다🤍,False,,0.0,0
@호감형-j1p,대성통곡을 하였네.... 엔조이커플을 비롯해 마음이 따뜻한 선한 사람 모두가 행복했음 좋겠다❤,False,,0.0,0
@HHESPS,아 진심 눈물 나,False,,0.0,0
@La_Rune,유니스야 꼭 변호사 되어서 더 넓은 세상을 여행해보렴 그러다가 한국이란 나라도 한번 들려주길 바라<br>항상 행복하고 라라언니가 짓게해준 예쁜 미소가 늘 남아있길,False,,0.0,0
@딩가샤넬집사,진짜 한국이 헬조선이라고 하는사람들 다 이거봐야함... 우리는 진짜 천국같은 환경임<br>저런 환경에서도 희망이 생기도록 우리가 도와주고 북돋아줘야한다고 배운건 맞는데 실천이 없는 우리와 그걸 진짜 실천한 임라라님<br>너무 멋져 그리고 감명깊음,False,,0.0,0
@히헿-h8d,물통을 사주지 왜ㅋㅋ 그립감도 안좋은데ㅋㅋ,False,,0.0,0
@KoreaEarthscience,정말 이 컨텐츠는 저에게 큰 감정을 준것같아요 근데 단지 기부라는 행동이 저의 마음을 움직인게 아닌 진심으로 사랑하고 아끼시는 라라님과 민수님의 행동력과 마음이 저를 감동시킨것같네요 기부할때마다 내용이 비슷하고 정말도움이 될까 생각이 많이 둘었지만 저의 사소한 기부가 아이에게 긍정적인 영향을 줄수있음을 다시깨닫은 것 같네요 다른 국가라서 다른 민족이라서가 아닌 하나의 인간 공동체로써 살아가는 모습을 꿈꾸게 되며 기부뿐 아니라 저의 전공을 살려 제가할수있는 영향력을 이러한 국가들에게 전파하고자는 인생목표가 하나 생긴것같습니다. 인생의 지혜를 이렇게 영상으로 만들어주셔서 정말감사합니다,False,,0.0,0
@오늘을즐겨봐잠시라도,"2박 3일간의 만남이 유니스에게도, 그리고 두 분에게도 뜻깊은 시간이었나 보네요. 따스함에 저도 눈물 흘리고 갑니다.",False,,0.0,0
@0Godzilla0_1,이 영상을 통해 이 지구 어딘가에 도움을 받지 못하는 다른 사람들까지 도움이 될수 있기를 바랍니다. 엔조이 커플님은 선한 영향력을 주는 좋은 커플인거 같네요 항상 응원할게요,False,,0.0,0
@yhee2516,"추천에 떠서 영상 보게 되었는데, 보는 내내 눈물날 정도로 저까지 너무 행복했네요😭<br><br>세상은 아직 너무나도 따뜻하구나.. 라는 것을 가득 느낄 수 있었던 영상이에요. 수고 많이 하셨어요 <br>따뜻한 영상 공유 감사합니다 좋은 밤 되세요.. 🫶",False,,0.0,0
@amiodarone5127,이런 컨텐츠 덕분에 지금 현재 제가 누리고 있던 것들에대해 감사하다는걸 느끼게 되네요 ㅜ넘 이쁜 유니스 꼭 원하는 꿈이뤘으면 좋겠고 조만간 초록우산 후원도 시작할려구요 ㅎㅎ 라라언니랑 민수오빠울때 저도모르게 같이 울고 있었네요 ㅋㅋ 😂댓글잘 안남기는데 영상 너무너무 잘봤어요!❤ 유니스에게 못해준 아쉬운만큼 두분다 더 좋은부모가 되실것 같아용 넘넘 고생하셨어요ㅜ❤❤,False,,0.0,0
@luck-x7j,생각은 할수 있지만 실천은 정말 어려운 일인데 정말 멋진 커플이네요😮 유니스에게 큰 희망을 준것 같아요 저도 틈틈히 봉사와 기부를 실천하고 싶어요 선한 영향력 감사합니다❤,False,,0.0,0
@히구-w4q,"<a href=""https://www.youtube.com/watch?v=4ZWuslXMhqY&amp;t=497"">8:17</a> 당나귀가 내는 소리인가요 민수씨가 내는 소리인가요",False,,0.0,0
@enjoycouple,ㅋㅋㅋㅋㅋㅋㅋㅋㅋㅋㅋㅋㅋㅋㅋㅋㅋㅋㅋㅋㅋㅋㅋㅋㅋㅋ 접니다..ㅋㅋㅋㅋㅋㅋㅋ,True,@히구-w4q,1.0,0
@언선-h1z,정말 너무 따숩고 좋은 영상 올려주셔서 감사합니다🥹🫶🏻🫶🏻,False,,0.0,0
@주옥홍,우리는 매일 가기싫은 학교와 학원 학업스트레스에 치여박고 사는데 이렇게 간절하게 공부를 원하고 좋아하는 아이도 있는것을 보고 마음이 너무 않좋고 안타깝다고 생각했어요..ㅜㅜㅜㅠ 너무 좋은일 하셔서 진짜 감동먹었어요..ㅠ♥,False,,0.0,0
@yunjih7193,먼 훗날 유니스가 꿈을 이루고 이영상을 보게 되면 좋겠네요.,False,,0.0,0
@myj4004,마지막 음악소리가 따듯하게 장식하네요 음악 궁금해요~,False,,0.0,0
@yuzenduck,영상에서 너무 따듯함이 느껴지네요 <br>너무너무 감동받는 영상이에요 <br>늘 저도 봉사하고 도우며 살겠습니다,False,,0.0,0
@내가수영팬,폭풍눙물 ㅠㅠㅠ😢,False,,0.0,0
@user-hz4sc4dl7o,엔조이 짱이다요 ... 😭😭😭😭😭,False,,0.0,0
@나만의MAGIC,진짜 이런게 선한 영향력이지 너무 존경스럽습니다,False,,0.0,0
@cori8q,너무감사합니다...엔조이커플,False,,0.0,0
@ssbb2304,하 나 진짜 왜이렇게 눈물이나는거지… 요 근래들어 제일많이 운 영상.. 너무 고마워요:) 라라언니 그리고 민수오빠 전 그냥 이 채널을 응원하고 좋아했을 뿐인데 이런 귀한영상을 볼 수 있다니<br>그리고 너무 존경하고 멋있습니다.<br>저도 언젠간 꼭 저런 경험을 겪어보고싶어요:)<br>그리고 다음달부터 조금이라도 아껴서 후원 시작해보려구요.. 작은 값일지라도..🙏🏻,False,,0.0,0
@나나yyu321,라라언니 진짜 진짜 인간적이고 넘 마음예쁜 사람.. 리스펙해요 정말 진국같애..,False,,0.0,0
@dasom_is_love,ㅋㅋㅋㅋㅋㅋㅋㅋㅋㅋㅋㅋㅋㅋ냅다 기린이 되는 민수 넘웃김,False,,0.0,0
@uni2_,이번 영상 정말 유익한 영상이었던 것 같아요🥹 민수님 라라님이 진심으로 아이들을 응원하는게 느껴져서 보면서 울컥했어요😢 항상 유익한 영상 좋은 영상 찍어주셔서 감사할 따름입니다... 앞으로도 예쁜 영상 찍어주세요 엔조이커플 화이팅!! 💖,False,,0.0,0
@세은-m4r,정말 좋은 일 하신 라라님 민수님.. 이 영상을 보면서 저는 학생이지만 나중에 후원을 해야겠다는 생각이 들었어요.. ㅜㅜㅜ 정말 감사하고 고생하셨어요ㅜㅜ,False,,0.0,0
@녹은,이번 영상들로 실행력과 용기들을 얻어요😭<br><br>과중한 일들로 허덕이고 무기력감이 와서 힘들어했는데 라라님 민수님의 영상으로 다시 열심히 해보려합니다!<br><br>모두 행복한 하루하루이길🍀,False,,0.0,0
@kuhhtf,너무 많이 울었어요 ㅠㅠ<br>저도 꼭 엔조이커플처럼 선한 영향력을 미치는 사람이 되고싶네용🫶,False,,0.0,0
@gustn01,너무 좋은 영상이다 고생하셨어요! <br>마지막에 너무 슬퍼 ㅠㅠㅠㅠㅠㅠ<br>유니스 꼭 원하는 꿈 이루길 바라 나도 응원할게 파이팅!,False,,0.0,0
@blossom3571,"유니스의 미소가 정말 오래도록 기억에 남을 것 같아요🥲 엔조이커플과 함께 했던 모든 순간들이 유니스의 삶에 있어서 선하고 긍정적인 영향을 줄 수 있도록, 더 큰 희망과 꿈을 향해 나아갈 수 있는 자양분이 되었기를 간절히 바라게 됩니다🙏",False,,0.0,0
@잰니이쁜짓,라라님 민수님 영상 보면서 좋은 영향력을 받았어요 우리들에게는 당연한것들이 저 아이들에게는 하고싶고 간절한것들인데 보는 내내 너무 미안하다는 마음이 들었어요 …,False,,0.0,0
@빵-h1r,이런 영상 정말 좋아요 항상 잘 보고있어요 조회수는 좀 전보다 안나와도 응원하는 한명한명있다는거 잊지 말아주세용 제가 초등학생때봐서 지금 고등학생인데 라라언니 민수오빠 보면서 정말 우울할때도 버틸수 있었고 누군가를 진심으로 응원할수있구나도 느꼈어요. 죽기전에 언니 오빠 꼭 한번은 보고싶어요.정말 그러면 소원이 없을것같아요ㅠㅠ 오래오래 좋은것만 보고 좋은사람만 만나면서 행복하시면 좋겠네용<br>힘드실때도 있고 어쩔때는 번아웃도 오고 그러실수있지만 응원하는 팬들 행복을 바라는팬들이 항상 뒤에서 거름처럼 뿌리처럼 마음으로 응원하고 있다는거 잊지마세요 사랑해요 오빠 언니💚,False,,0.0,0
@수댕이-g9p,제 인생에 감사를 잃고 있었는데 영상 보고 감사를 다시 찾게 되었어요.. 지금 제 인생에서 가쟝 필요했던 영상이지않았나 싶었요,False,,0.0,0
@awzzhhh,"<a href=""https://www.youtube.com/watch?v=4ZWuslXMhqY&amp;t=396"">6:36</a> this is too heartwarming:(🙏🏻 fighting eunice🫶🏻",False,,0.0,0
@yellowyeon,집가는 버스에서 너무 울었잖아요!!! 유니스 사랑해❤❤❤ 엔조이 커플도 사랑해❤❤❤,False,,0.0,0
@유진-v4x8x,민수오빠...ㅠㅠ,False,,0.0,0
@로우니-d9m,너무너무 좋은일 하고오셨어요,False,,0.0,0
@i.m_jayoung2,전 유니스를 직접 만난 적도 없는데 왜이렇게 눈물이 나죠.. 2박 3일동안 너무 고생 많으셨고 이런 좋은 취지의 영상을 만들어주셔서 감사합니다😢,False,,0.0,0
@이멜-y1p,엔조이커플의 선한 영향력!! 정말 멋져요 본받아 저도 나중에 여유있어진다면 해외봉사가고 싶단 생각이 들었답니다😊 그리고 엄청 같이 펑펑 울었어요.. 😢 라라언니의 옛날을 생각하며 그 따수운 마음을 유니스에게도 알려주실려고 하셧던게 가장 기억에 남습니다. 유니스도 그대로 받아드렸을꺼에용 언제나 재밌게 보고 있는 엔조이커플!! 감동까지 주셔서 감사합니다~~😍,False,,0.0,0
@useb-yj0ni2sj,유니스 정말 눈이 이쁘네요...!<br><br>저도좀눈물나요🥹,False,,0.0,0
@jiyoo0644,라라님 민뚜님 이런 봉사 할동을 해줘서 정말 감사합니다 라라님 민뚜님 정말 멋있고 감동 이예요 이런 앤조이 커플 이란는 유튜브을 해주세서 정말 감사합니다 라라님민뚜님 응원 하겠습니다 다시 한번더 정말 감사합니다 제이 에게 웃운을 줘서 감사 합니다 게속 이런 행복한 모습을 계속 보여줘요 그리고 노래을 잘불러요 ㅋ,False,,0.0,0
@Iagj,"유튜브의 순기능,,자극적 소재로 구독자만 끌어들이는 유튜버들은 좀 보고 배워야함",False,,0.0,0
@호뚜사람,ㄹㅇ 진짜임ㅠ,True,@Iagj,1.0,0
@2ex_joo,저는 그동안 너무 편하고 행복하게 살고있구나를 다시 한 번 느꼈어요.. 맨날 먹던 물..나는 학교가기 싫고 공부하기 싫은데 유니스가 원하는게 그저 공부라는게..다시 한번 성찰하게 되었어요… <br>신발 하나에도 웃고 행복해 하는 모습이 너무 마음이 아프면서도 뭉클했네요<br>유니스가 꼭 변호사가 되어 엔조이 커플을 다시 만나는 그날까지 함께 응원할게요❤,False,,0.0,0
@김진서-n6q,"<a href=""https://www.youtube.com/watch?v=4ZWuslXMhqY&amp;t=1519"">25:19</a>에 울 뻔 했어요!ㅠㅠㅠㅠㅠㅠㅠㅠㅠ",False,,0.0,0
@lilac0123_,와 미쳤다 ㅠ 이런 컨텐츠 기획 너무 좋은데요 보는내내 힐링했어요 ㅠㅠ🥹,False,,0.0,0
@김진서-n6q,여자죠?,False,,0.0,0
@옴냥냥-g5g,그 어떤 영상보다 성공하고 싶다는 생각이 드는 영상이에요,False,,0.0,0
@user-nr7le2kz4l,제가 평소에 봉사하는것을 가장 좋아하는데 오늘 엔조이커플님의 영상을 보면서 나중에 기회가 된다면 아프리카뿐만 아니라 살기 어려운 나라에 가서 라라님과 민수님같은 봉사자가 되고 싶네요..😊,False,,0.0,0
@유다다쿵-e9v,하쿠나맛탕탕(?)이시리즈 취지도 좋고 재밌고 너무 좋은것 같아요!!❤,False,,0.0,0
@user-dv2rs4rz1j,와 이런 컨텐츠 너무.... 정말 너무 감동적이고 좋아요 이런 영상 만들어 주셔서 감사합니다 정말,False,,0.0,0
@onthewayto_it,"고등학생인데 이 영상보고 내 작은 도움도 큰 힘이 될 수 있겠다 생각이 드네요.. 성인이 되면 하고싶은것 버킷리스트 적어둔게 60가지 정도있는데, 기부가 1순위가 됐어요. 지금은 용돈없이 필요한거 부모님께서 대신 해주시는 입장이기도 하고 부모님께서 기부하고 계신 것도 있어 당장은 힘들지만, 조만간 꼭 제가 직접 기부 시작하려구요!",False,,0.0,0
@솜사탕-x3r,유니스 크게될 아이가 되길.. 응원합니다😢🎉,False,,0.0,0
@아홀뉴비,아...저 43살인데 엉엉울었네요 <br>유니스에게 마음을 전달하려고 노력해준 라라님땜에 울었고 묵묵히 도움주고싶어서 진짜 노력많이해주신 민수님...정말 체력이 안되시는데도  웃으면서 노력해주신 모습에 감동받았어요 그거 쉬운거 절대 아니거든요 <br>민수님..선하신거 알고있었는데 감동이였어요 대단하세요 많이 배우고 가요 <br>라라님 민수님<br>감사합니다♡,False,,0.0,0
@만두-y4r,"너무 슬프고 마음이 따뜻해지고 ......... 🥺 라라언니 민수오빠 너무 고생많으셨고 감사해요 🥺 유니스의 꿈이 이루어지고 가족들과 건강하고 행복하길 바라요 🕊️🍀,,",False,,0.0,0
@김민경-g3r6x,너무 좋은 영상 감사합니다❤,False,,0.0,0
@app422,"이 세상에 있는 많은 아이들과 사람들이 행복했으면 좋겠다,, 다시 한 번 생각하게 되고<br>유니스에게 행복한 추억과 용기를 주신 엔조이커플에게도 감사하고 존경하는 마음이 듭니다",False,,0.0,0
@신나유-x2n,이런 쪽으로 취업을 하려고 준비중인 대학생입니다... 항상 비슷한 영상들을 자주 찾아보게 되고 알고리즘에도 자주 뜨는데 정말 우리나라와는 정반대로 기본적인 욕구 충족이 부족한 상태에서 희망을 가지고 살아가는 아이들을 보면 마음이 아프기도 하면서 대견하다는 생각도 자주 드네요... 항상 주어진 것에 감사함을 느끼면서 살아야겠다는 했습니다. 저도 적은 돈이지만 후원을 해야겠어요 ㅜㅜ 라라님 민수님 그리고 영상에서 나오신 모든 분들 고생하셨고 좋은 일 해주셔서 정말 감사드립니다. ㅎㅎ,False,,0.0,0
@욱이-p1o,저두  눈물나네요ㅠㅠㅠ,False,,0.0,0
@김수빈-s3n1d,대학생때부터 하고 싶었지만 당장 큰 금액을 후원하지 못할바에 나중에 많이 벌게 되면 해야지라고 생각하고 있었습니다 헌데 물도 교과서도 필요한 아이를보니 제 생각이 짧았다 생각이 들어 두분덕에 저도 초록우산 정기후원을 방금 시작했습니다 좋은 영상 진심으로 감사합니다,False,,0.0,0
@enjoycouple,존경합니다❤❤ 사정에 따라 후원을 그만두게되더라도 시작한다는것 자체가 너무 대단한일이에요~!!🎉🎉🎉,True,@김수빈-s3n1d,1.0,0
@유보라-k1s,"엔조이커플 라라님, 민수님 정말 너무 감동적이고 저또한 영상을보며 많은 깨달음을 얻은거같아요 고생많으셨고 유니스가 꼭 훌륭한 변호사가 되길기도할게요👍❤️",False,,0.0,0
@명환-w4v,정말 감동받고 나중에 저도 엔조이커플처럼 행동하고 싶다고 생각했어요..ㅠ 유니스가 행복하고 잘 지내서 꿈을 이뤘으면 좋겠네요. 정말 엉엉 울었네요..😢,False,,0.0,0
@NaDaniel_04,민수님이 저렇게 힘들어하시면 나는.. 겨우겨우 끌면서 가겠는데..? 진짜 대박ㅠㅠ 라라님도 아이가 사고 싶은거 사주시고 아이랑 친해지려고 노력하시는거 보고 또 한수 배웠습니다ㅠㅠ,False,,0.0,0
@신대세,눈물주의영상<br>유니스도  두분 평생 잊지 못할듯<br>존경합니다❤️❤️,False,,0.0,0
@쏭-y8l,"임신 4주차, 병원에서 누워만 있으라는 처방 받고 누워서 엔조이커플 이번 편 보는데 왜 이렇게 눈물이 나는 거죠 ㅠㅠㅠㅠ 라라님 민수님 너무 감동적이에요! 짧지만 절대 짧지 않은 시간이었고 유니스는 두 분과의 추억을 평생 기억하며 살아갈 거예요. 마음 따뜻한 두 분께 나중에 태어날 아기천사는 정말 행운이에요 :) 저에게도 유니스에게도 따뜻한 감정 나눠 주셔서 진심으로 감사합니다. ❤️하쿠나 마타타",False,,0.0,0
@파프리카-m3t,댓글 먼저 달고 보러갑니다!!!,False,,0.0,0
@kyoong506,진짜 이게 왜 인급동에 안 올라가지,False,,0.0,0
@다정-e7d,댓글은 안 달고 몇년동안 열심히 영상 시청만 하던 구독자입니다..! 라라언니 울때 저도 같이 울었어요 민수오빠 라라언니 마음이 너무 따숩고 정많은 사람이라서 저도 오래 구독자 할 수 있었어요 늘 감사하고 앞으로도 잘 부탁드려요..💗,False,,0.0,0
@rtever,아 펑펑울었다 너무 착한사람들 ㅠㅠ,False,,0.0,0
@보광-q2q,"자극적인 내용으로 경쟁하듯 웃음 유발하는 컨텐츠가 넘쳐나는 유투브에 경종을 울려주셔서 감사드려요!<br><br>글재주가 없어서 원론적인 표현입니다만 두분덕에 세상은 아직은 살만하다는 이야기가  나오는듯 합니다. ^^<br><br>복잡한 이야기로 내내 마음이 무거웠는데, 감동적인 휴먼스토리로  휴일을 마감하며 대한민국에 살아감에 감사합니다! 😂",False,,0.0,0
@borm419,티비를 켜면 늘 보이는 기아 후원광고에 그냥 무심코 넘어가곤 했었는데 .. 이렇게 직접 체험해주시고 유니스를 진심으로 따뜻하게 대해주셔서 그 온기가 온전히 전해지는 것 같아 같이 펑펑 울었네요ㅠㅠ..<br>당연한 하루가 감사하게 느껴지게 되었어요💚초록우산에 대해 더 알아봐야겠어요ㅜㅜ 고생 많으셨습니다 엔조이 쀼🥹🩷,False,,0.0,0
@황지호-c9i,엔조이커플님 진짜 좋은 일 하신다,False,,0.0,0
@P00poo22,진짜 두분 다 고생하셨어요 라라님이 유니스에게 이쁜말 좋은말해주시는데 너무 눈물이 나네요 저도 가난하고 힘들때가 있었는데 그때의 제가 듣고 싶던 말들이였거든요 정말 유니스도 위안과 힘을 얻었을꺼에요  유니스 정말 포기하지 않고 힘든 시련이 있더라도 조금씩이라도 나아갈수 있음 좋겠어요 항상 광고영상에서만 보던 곳들인데 이렇게 열악한지 자세히 보니 마음이 너무 아프네요 고민만 하고 있었는데 저도 조금의 보탬이 될수있다면 후원을 시작해보려고 해요 엔조잉커플분들 덕에 용기를 얻어요,False,,0.0,0
@euph_ria.0,좋은사람들,False,,0.0,0
@yerlo-t9o,"<a href=""https://www.youtube.com/watch?v=4ZWuslXMhqY&amp;t=1417"">23:37</a> 유니스가 계속 토닥토닥 해주는 거 너무 마음이 이쁘네요ㅜㅠㅠㅠ  정말 인류애가 느껴지는 이번 영상이었어요❤❤",False,,0.0,0
@Thswlgh_.10,"<a href=""https://www.youtube.com/watch?v=4ZWuslXMhqY&amp;t=835"">13:55</a> 진짜… 와",False,,0.0,0
@user-jfie99r0qox,솔직히 나도 도파민에 쩔어서 내 추천에 몇 번 떴음에도 안 보다가 볼 게 없어서 보기 시작했는데 시리즈 세 편 다 보고 몇 번 눈물 흘렸음 나도 후원허고 싶어지는 영상이었고 엔조이 커플은 정말 멋있는 사람들이라는 걸 다시 알게 해 준 것 같음 영상 너무 감사합니다,False,,0.0,0
@hamzzziii,자신의 세상을 넓혀준 사람은 절대 잊을 수 없대요 유니스에게도 라라와 민수님은 평생 잊을 수 없는 사람일거에요<br>저희도 매달 후원중인데 그래서 더 감동적이네요,False,,0.0,0
@enjoycouple,너무 멋지세요!!! 댓글 고맙습니다!!!&gt;&lt;,True,@hamzzziii,1.0,0
@체리쥬빌레-w4f,"<a href=""https://www.youtube.com/watch?v=4ZWuslXMhqY&amp;t=1089"">18:09</a> 아 진짜 너무 웃겨욬ㅋㅋㅋㅋㅋㅋㅋㅋㅋㅋㅋㅋㅋㅋㅋ",False,,0.0,0
@채운이-y1y,진짜 1화때 부터봤는데 떠난다고하니까<br>저도 울었어요ㅠㅠ<br>유니스~라라님말한거처럼 세상은 크니까<br>꿈 꼭 이루길 바래,False,,0.0,0
@체리쥬빌레-w4f,"<a href=""https://www.youtube.com/watch?v=4ZWuslXMhqY&amp;t=1416"">23:36</a> 정말 눈물이 많이 나네요… 모두의 눈빛에서 진심이 담겨있기에 전달되는 마음이지 않을까 싶습니다,,, 지난 영상에 이어 이번 영상을 계속 기다려왔는데, 너무 의미 있는 시간이었습니다… 세상을 바라보는 시각을 넓게 해주시고, 긍정적인 변화를 위해 힘 써주셔서, 그리고 용기내주셔서 너무 감사합니다 라라언니 민수오빠! 🤍🤍🤍",False,,0.0,0
@music.ianchung,"아름다운 엔조이, 아름다운 아이들. 이들의 교류를 보고 있으니 우리에겐 사랑과 꿈이라는 것이 있고 세샹은 충분히 지금보다 더 따뜻하고 평화로워질 수 있다는 생각이 들었어요.",False,,0.0,0
@enjoycouple,언제나 따뜻한 인규❤❤고마워🎉🎉🎉,True,@music.ianchung,1.0,0
@미라클_ohmygirl,아니 감동적인데 중간중간 웃음 포인트들 뭐에욬ㅋㅋㅋ,False,,0.0,0
@lovetaei,"그냥 아무생각 없이 본 영상인데 잘 참다가 마지막에 유니스랑 포옹하는 장면보고 울었네요 ,, 정말 따뜻한 영상이고 봉사에 대해 관심를 기울이게 된 영상인거 같아요 ㅠㅠ 엔조이부부님 존경스럽네요 👏👏 좋은일 하셨습니다 정말 ㅠㅠ",False,,0.0,0
@부릉부릉-c7c,이번 영상 너무 눈물나요 ㅠㅠㅠ 이런 좋은 영상 너무 감사합니다!,False,,0.0,0
@이소윤-e7y,너무 보기 좋고 이런영상 올려주셔서 정말 감사드려요❤❤,False,,0.0,0
@chocobeeoneshot,식당에서 유니스랑 얘기하는 부분 나도 울컥해서 눈물 흐름ㅠㅋㅋㅋㅋㅋㅋㅌ ㅠㅠㅠㅠ 근데 당나귀한테 일산 가냐고 물어보는 민뚜덕에 쏙 들어감 ㅋㅋㅋㅋㅋㅋ,False,,0.0,0
@nakng17,ㅠㅠㅠ 너무 슬퍼요 ㅠㅠㅠ 좋은 인연으로 또 만날수 있기를,False,,0.0,0
@수수-y5e,쉽지 않았을 도전이셨을텐데 도전해주셔서 또 그 과정을 공유해주셔서 감사합니다. 민수님과 라라님의 예쁜마음이 너무 느껴지는 소중한 영상이었어요 <br>마지막에 유니스의 말에서 저도 눈물이 펑펑 났네요ㅠㅠ 라라님과 민수님이 주신 소중한 추억으로 앞으로의 유니스의 꿈이 멈추지 않길 저도 바라봅니다!!,False,,0.0,0
@패스워드-z5z,진짜 보면서 같이 울고 웃고... 정말 두분 수고 많으셨어요. 많은 생각이 드는 영상이었어요❤. 항상 정말 엔조이커플의 감동 가득 의미 가득한 영상들 감사합니다❤,False,,0.0,0
@ArmsarmsArms,너무 아름다운 사람들.. 정말 귀한 경험을 하셨군요 이렇게 공유해주셔서 값진시간 나눌수 있어서 너무 좋았습니다..,False,,0.0,0
@sejeongsong6848,캐냐에 더있으면 좋은대 해어저서 이야기더 듣고싶은대저보고 울었어요🥹😭😭😭😭😭😭😭😭😭😭😭😭😭😭😭😭😭😭😭😭😭😭😭,False,,0.0,0
@abcdef11223,빨간신발 땜에 웃고😂열기구 타서<br>세상은 넓다는걸 보여 주고 싶다는 말에<br>뭉클 감동 했음ㅠ,False,,0.0,0
@feyzanur3182,❤,False,,0.0,0
@청하-u6x,라라 민뚜 진짜 좋은사람..❤,False,,0.0,0
@소은김-e3s,라라언니 따뜻한마음과 말때문에 정말 많이 울었어요 유니스에게도 분명히 마음이 전해졌을거에요 두분에게 너무 감사합니다 존경해요💕,False,,0.0,0
@박서연-f7j,몇년전 부터 계속 봐왔지만 이번 영상은 라라랑 민뚜를 더 존경하게 되는거 같습니다 수고하셨어요 !!,False,,0.0,0
@jn2595,"<a href=""https://www.youtube.com/watch?v=4ZWuslXMhqY&amp;t=1606"">26:46</a> 😢😢😢",False,,0.0,0
@Hineul-d9d,따뜻하네용❤😊,False,,0.0,0
@hayou46,너무 좋았어요..,False,,0.0,0
@hanbinlover13,저도 항상 어려움에 처한 사람을 도와주고 싶다는 생각을 많이 했었어요! 항상 나도 나중에 내가 도와줄수 있는 여건이 된다면 꼭 도와줘야지 라는 생각을 했던 거 같아요😊 사실 지금이라도 달려가서 봉사하고 싶은 마음은 큰데 아직은 할 수 없어 지켜만 보고 응원하는 마음 밖에 없는 거 같아요. 엔조이커플 영상 보면서 이렇게 열심히 해주시는 거 보고 저도 맨마지막에 울면서 본 거 같아요ㅠㅠ 🥹 엔조이커플 화이팅!!,False,,0.0,0
@hayun_rh,"<a href=""https://www.youtube.com/watch?v=4ZWuslXMhqY&amp;t=1727"">28:47</a> 이 부분에서 결국 눈물 터져서 오열해버렸습니다 😢<br>잘 참고 있었는데 ㅠㅠ",False,,0.0,0
@yeskim7831,두분 다 너무 고생하셨겠어요 그만큼 보람있고 유니스에게 잊지못할 추억이자 앞으로의 고난을 이겨낼 힘을 주고 오신것 같아요❤❤,False,,0.0,0
@Dongneul,"진짜 오랜만에 눈물나는 감동적인 영상이었어요,,라라언니가 유니스에게 말하는 말들 하나하나가 너무 깊이 와닿았네요ㅠ민수오빠도 물 기르러 한시간…그냥 걷는것도 힘든데 너무 고생많으셨어요!!!",False,,0.0,0
@ryudays,고마워요 민수 라라님 유튜버란 세상에 따뜻함을 널리 알리는 직업었으면 좋겠다 생각했는데 민수 라라님의 따뜻함에 저도 녹았네요 ㅎㅎ,False,,0.0,0
@SHU-e8m,정말 멋있어요…………,False,,0.0,0
@TV-el7hk,저희도10년째후원중이예요❤❤😂🎉🎉😊,False,,0.0,0
@idisemily,아름다운커플❤ 두분은 유튜브를 통해 좋은 영향을 주시는 진정한 인플루언서세요! ㅎㅎ,False,,0.0,0
@운좋은치커리06,아씨 눈물날거같애,False,,0.0,0
@yustikaayu168,You&#39;re so kind❤,False,,0.0,0
@짱구는못말려-t7n,"눈물찔끔....이 아니라 펑펑...😭<br>많은 생각을 하게 됫고,유니스에게도 배웠고..두분께도 많은 영감 받아요<br>누군가를 도우며 살고싶다는 생각이 들고<br>또 나의 인생,하루하루 다 소중하고 감사한 것들이구나 더 크게 느꼈어요<br>횡설수설ㄹ...ㅠㅡㅠ유니스 응원할게요",False,,0.0,0
@kkakkoongs,유니스를 응원해주는 영상인데 저도 덩달아 응원 받은 기분이에요 엔조이커플 진짜 좋은 사람들이다 유니스 잘 커서 원하는 인생 살게 되길,False,,0.0,0
@저녁-m7i,아 진짜 고마워요 그냥 고마워요 나도 꼭 엔조이 커플같은 선한 영향력을 주는 사람이 될게요,False,,0.0,0
@박강현-t9k,"라라 언니랑 똑같은 표정으로 울어버렸어요ㅠㅠㅠㅠㅠㅠㅠ 라라 언니가 유니스한테 절대 포기하지말라고 얘기해줄때,, 너무너무 위로 받는 느낌이라 거기서부터 오열🥹🥹 영상 올려주셔서 정말 감사해요오..",False,,0.0,0
@서민정-z3l,라라님 너무 천사입니다ㅜㅠㅠ 너무 예빠고 그냥 너무예쁜데 마음꺼지 예뻐 ㅠㅠ 너무좋은 일을한다는게 우리에인생 물을주는것도 민수님 좋은행동입니다 멋진신니당,False,,0.0,0
@kkkkkkkkkkh1009,진짜 멋진 사람들❤,False,,0.0,0
@user-em4qr2pt6l,멋진분들 ㅠㅠ,False,,0.0,0
@dongheeyam,마음이 너무 이쁜 것 같아요 두분이 선한 행동을 하셨음에 오늘의 세상이 더 빛나네요 좋은 일 해주셔서 감사합니다.❤,False,,0.0,0
@sil.v0701,회사에서 보다가 팬더될뻔ㅠㅠㅠㅠ 지금 괜히봤어😣😣,False,,0.0,0
@yellowstar7983,저도 꼭 이런 사람이 되겠습니다!,False,,0.0,0
@온도니-i2m,어렸을 때 누가 나 되게 특별하고 이쁘다고 해주고 귀여워해주면 당연히 그 사람이 좋았을 것 같음,False,,0.0,0
@yeonnalrigi,엔조이커플이 응원하고 애정하는 만큼 유니스와 유니스 주변 사람들이 건강하고 행복하길 .. 무너지지 않기를 바랍니다😊,False,,0.0,0
@하응이-d8u,진짜 다들너무착하시다ㅠㅠ아이도너무예쁘고❤❤라라님 민수님 진짜 복받으셨으면 좋겠다💕🥹😍,False,,0.0,0
@엄민희-p3l,민수 너무 귀엽도 웃긴다 ㅋㅋㅋㅋ😂,False,,0.0,0
@형용돈죵-m6e,존경합니다 ❤,False,,0.0,0
@김나리-z3u,민수님~ 너무 고생했네요~😅 <br>온몸에 다.묻히는것도.상관하지 않고~ <br>넘 열심히.해서 안타깝기까지~ㅎ ㅎ<br>유니스~ 꼭.변호사되서.마을사람들을.지키는 훌륭한 어른이.되길바래~ 꼭.지원이 계속.되었으면 좋겠습니다~.😊<br><br>이런 . . 같이 울어버렸어 😂💕,False,,0.0,0
@하니-p9s,"이 영상을 보고 우리가 얼마나 편한한 세상에 살고 있는지, 정말 작은것 하나하나 감사하며 살아야 겠다는 생각이 듭니다. 귀하고 좋은 영상 감사합니다. 엔조이커플을 통해 세계가 조금더 따듯해질거같아요🤍",False,,0.0,0
@앤지-c7n,정말 좋은추억만들어주셨네요 너무 멋있어요🩷,False,,0.0,0
@mymygumi,나만 눈물 범벅인거냐고...,False,,0.0,0
@홍화선-i5e,"<a href=""https://www.youtube.com/watch?v=4ZWuslXMhqY&amp;t=458"">7:38</a> 엄청 웃기넼ㅋㅋ",False,,0.0,0
@끼여운펭수,엔조이커플 고마워요 라라님 말이 유니스의 인생에 두고두고 기억남을 의미가 되었을것 같아요. 벌룬에서의 경험도.. 살아가는데에도 꿋꿋하게 버티는 힘이 되지않을까 .. 저런 어른을 만난건 큰 복입니다. 눈물이 나네요ㅠ유니스 행복해,False,,0.0,0
@wish_rose,보면서 저도 모르게 울컥했네요오ㅠㅠ 항상 제게 웃음과 행복을 주는 엔조이 커플을 항상 좋아하고 있었는데 이러한 컨텐츠를 보고 더 응원하게된 것 같아요! 아직 이런 분들 덕분에 세상이 따숩구나 싶기도 하구요ㅎㅎ 정말 대단하시고 존경스러운 엔조이 커플❤ 앞으로도 늘 응원하겠습니다!!❤,False,,0.0,0
@enjoycouple,좋게 봐주셔서 감사해요!❤,True,@wish_rose,1.0,0
@뉴와이,이거 지하철에서 봤다가 눈물펑펑 사연있는 사람됨😅😅😅 ㅋㅋㅋㅋㅋㅋㅋ,False,,0.0,0
@김수빈-s3n1d,교과서가 제일 좋다고 하는게 반성하게 되고 울컥하내요,False,,0.0,0
@yeonnalrigi,"<a href=""https://www.youtube.com/watch?v=4ZWuslXMhqY&amp;t=310"">5:10</a> 자막 없었으면 뭔 말인가 했을 거 같아요 ㅋㅋㅋㅋㅋㅋㅋㅋㅋㅋㅋㅋ 저항없이 터짐 .. 간사한 민수오빠 노래..",False,,0.0,0
@지구-r6j,간사하다니욬ㅋㅋㅋ,True,@yeonnalrigi,3.0,0
@팬더이긴한데렛서팬더,ㅋㅋㅋㅋㅋㅋㅋㅋㅋㅋㅋ,True,@yeonnalrigi,3.0,0
@LarinaHolly,그놈의 ㄱ글 에서 벳프리 때문에 내거기 닳고 닳아서 없ㄱ어글지 겠에네서 벳프리 진짜 보다보면 빠,True,@yeonnalrigi,3.0,0
@Kangky8466,유니스 늘 건강하고 행복하길 기도할게!🤍,False,,0.0,0
@dptmf4477,와..진짜..너무 멋진 일...존경합니다 라라님이 해주신 말이 아이한테 큰 힘이 됐을거 같아요,False,,0.0,0
@쿠쿠-c3x,댓글을 잘남기지 않았던 오래된 엔조이 커플의 구독자입니다! 거의 처음 댓글을 남기는 것 같네요..항상 따뜻하고 멋있는 사람들이라고 생각하며 영상을 보면서 힘도 얻고 웃음도 많이 받아갔었어요!!<br>이번 영상은 근데 재미와 에너지 뿐만 아니라 뭔가 인생을 살아가면서 무엇이 중요한지를 생각해보게 되는 시간을 만들어주신 것 같습니다 <br>정말 멋진 경험을 하고 오신 엔조이 커플 덕분에 간접적으로 저도 많은 것을 느낄 수 있었어요!! 감사합니다!!<br> 엔조이 커플 덕분에 유니스와 아프리카 어린이들이 행복하게 해달라고 함께 기도할 수 있게 된 것 같아요<br>자기만 보기 바쁜 현대 사회 속에 너무 멋진 영상 볼 수 있게 해주셔서 감사합니다,False,,0.0,0
@codnjs__lvlll,라라님 민수님 이렇게 선물같은 영상을 선물해주셔서 너무너무 김사해요ㅠㅠ 다른 컨텐츠보다 조회수가 안나오는거는 조금 슬프긴하지만 전 영상도 5번이나 돌려보면서 존경스러웠어요ㅠㅠㅠ 감사해요😢,False,,0.0,0
@Nicoledaul,라라쓰 민뚜 두분 너무 멋져요❤,False,,0.0,0
@user-qb6ds7nm7fドリーム,눈물 날 뻔했다ㅜㅠㅜㅠㅠ,False,,0.0,0
@aurorapearl4701,"Dearest Lala &amp; Minsoo<br><br>May all ur kindness bounces back to you, along with healthiness &amp; happiness✨<br><br>I really love how ur relationship growing &amp; how u also takin care of everyone around u. May God bless you with a great life till the end🌼",False,,0.0,0
@마이쭈-i3w,너무 감동받고갑니다 라라언니 구독했어여 사랑해요❤,False,,0.0,0
@user-cy6ie2on6d,유니스 너무 착하구.. 귀엽고 꼭 지금처럼 좋은 사람으로 앞으로를 희망차게 살아갔으면 좋겠어요ㅜㅜ❤,False,,0.0,0
@ruthuitime5424,"Thank you for sharing, loved this episode. Eunice will cherish these memories for a lifetime, as you will. Thank you for bringing joy to everyone 💕  lots of blessings to you. Fan from NZ ❤😊",False,,0.0,0
@꼬댕,"아ㅠㅠㅠㅠㅠ라라언니랑 유니스때문에 슬프고 그러는데ㅠㅠㅠ민수님 노래때문에ㅠㅠㅠㅠㅜ눈물 쏙 들어감ㅜㅠㅠㅠㅠㅋㅋㅋㅋ <a href=""https://www.youtube.com/watch?v=4ZWuslXMhqY&amp;t=310"">5:10</a>",False,,0.0,0
@jjju0401,유니스를 향한 따뜻한 마음이 여기까지 느껴져요ㅠ<br>항상 응원해요!,False,,0.0,0
@jaykyky,마지막에 눈물 펑펑 남😢😢😢❤❤,False,,0.0,0
@Icherrysunflower,"<a href=""https://www.youtube.com/watch?v=4ZWuslXMhqY&amp;t=1041"">17:21</a> 어색한 사이일때는 못받아주고 당황하는 리액션이었는데 이제는 쟤 또 저러네 하는 리액션이 나오는게 웃겨요ㅋㅋㅋㅋㅋㅋㅋㅋㅋ",False,,0.0,0
@leticiaboramyun7542,이렇게 유니스 같은 아이를 도와줄 수 있는 사람들이 있다는걸 더 많은 아이들도 알았으면 좋겠네요 진짜 많이 울었네요 ㅜㅜ 마음이 따뜻해졌어요 <br>꿈을 펼쳐 유니스 응원해,False,,0.0,0
@반박시니말이다틀-p7f,유니스와 라라언니가 우는 모습을 보고 저도 눈물이 나네요 유니스도 엔조이커플도 항상 행복하길 바랍니다..!,False,,0.0,0
@jeonghan7125,좋은 영상 만들어주신 두분께 너무나도 감사드리며 유니스씨도 목표로 하는 전문직의 꿈 반드시 이루시기를 응원 하겠습니다.<br>저 또한 와이프와 딸에게 부끄럽지 않은 아버지가 되기 위해 계속 정진해 나가겠습니다.,False,,0.0,0
@user-hj4cq4tf7p,너무 재밌고 슬프고 의미있고 최고!!!,False,,0.0,0
@이현규-k3l,"벌룬에서 라라 누나가 유니스에게 세상은 넓다며 이런저런 얘기를 전해주는 장면, 절대 포기하지 말라며 유니스의 꿈을 격려해주는 장면 🥹🥹🥹 내내 영상 보면서 엔조이 부부는 정말 대단한 분들이라는 것을 다시금 느끼는 순간이었습니다. 고생 하셨어요 민수 형, 라라 누나 😭😭😭😭😭  <a href=""https://www.youtube.com/watch?v=4ZWuslXMhqY&amp;t=947"">15:47</a>~<a href=""https://www.youtube.com/watch?v=4ZWuslXMhqY&amp;t=965"">16:05</a> 진짜 명장면 👍👍👍👍👍",False,,0.0,0
@뀰-e7x,마지막에 너무 많이 울었어요 😢😢😢 유니스야 행복하렴...♡,False,,0.0,0
@Jinn1eeeeeeee,"<a href=""https://www.youtube.com/watch?v=4ZWuslXMhqY&amp;t=555"">9:15</a> 너무 멋있어서 눈이 찡함 ㅠ진짜로ㅠㅋㅋㅋㅋㅋㅋㅋㅋㅋ 왜 구독이 안 되어있는지 의문 . 구독하고 갈게요ㅠㅠ",False,,0.0,0
@huy_ogk,유니스 ㅠㅠ 나중에 꼭 성공했으면 🙏🙏 수레 같은거라도 선물해쥬고 십다 ㅜㅜㅜ,False,,0.0,0
@Nanan-c4p,"원래 영상에 댓글 잘 안다는데, 눈물이 너무 나서 한마디 적어봐요..라라님, 민수님 너무 수고하셨어요..라라님이 유니스 보실때 너무 따뜻하게 보셔서 제가 다 눈물이 나더라고요…중간중간  민수님이 개그하시는데 진짜 너무 웃겨욯ㅎㅎ",False,,0.0,0
@shortscoin,"<a href=""https://www.youtube.com/watch?v=4ZWuslXMhqY&amp;t=734"">12:14</a> 재미랑 감동 다 잡는거 미친것같음😂😂😂 ㅋㅋㅋㅋㅋ재능이다재능이야❤❤",False,,0.0,0
@보연김-s6y,"진짜 이렇게 꾸준히 선한 영향력을 주는 인플루언서가 있을까 진짜 마음으로 낳은 자식이 있을 수 있다는 걸 알게 해준 영상이었어요,,",False,,0.0,0
@윤-c8o,와 .. 진짜 영상 내내 눈물 질질 짜면서 봤습니다 정말… 라라님 민수님 지금 정반대인 아프리카에 가셔서 봉사 활동 하시는거 정말 쉽지 않은 일인거 너무 잘 알아요.. 진짜 너무 존경스럽고 대단하세요 정말 ㅜㅜㅜㅜ 이번 기회로 엔조이커플 더더 사랑해여ㅜㅜㅜㅜㅜㅜㅜㅜ 화이팅 !! ❤,False,,0.0,0
@하-s2x,라라님 우는거 너무 슬퍼서 저도 같이 울었어요.😢,False,,0.0,0
@shortscoin,솔직히 이런거 안해도 잘먹고 잘살텐데 진짜 힘든일 해내고도 팬들 덕분이라는 크리에이터 어디있는데!!! 한결같은 엔조이커플😭❤ 요즘같은 세상에 이런 컨텐츠 더 귀하다 귀해요😢😢 고마워요😊,False,,0.0,0
@enjoycouple,세상은 여전히 따수워❤❤❤고맙습니다😊😊,True,@shortscoin,1.0,0
@jiyoonseok7762,너무나도 큰 영향력을 준 엔조이커플 😢❤,False,,0.0,0
@Jinn1eeeeeeee,"<a href=""https://www.youtube.com/watch?v=4ZWuslXMhqY&amp;t=138"">2:18</a> 진짜 개터짐 ㅠㅋㅋㅋㅋㅋㅋㅋㅋㅋ",False,,0.0,0
@Jinn1eeeeeeee,"너무 멋지고 감동적이고 존경스러워요<br>그냥 이렇게 직접 현지에 가서 좋은 목적으로 현지인들을 만나시는게 그 자체로 너무 멋있는것 같아요 ,, ㅜ 항상 응원함미다 🫰🫰🫰🫰🫰",False,,0.0,0
@72270,보면서 저도 울었네요...😢,False,,0.0,0
@jiyoonseok7762,이렇게 착한 엔조이커플님들의 팬이라서 너무 영관이예요.,False,,0.0,0
@민지-k8o,"<a href=""https://www.youtube.com/watch?v=4ZWuslXMhqY&amp;t=1400"">23:20</a>  유니스 눈빛,,,너무 내 울음폭탄",False,,0.0,0
@EloiseStrong,ㄱ글 에서 벳프리 이 ㅓㅇ도로 유명했음?  내 듣보잡인줄 알았는데 ㄷㄷ,True,@민지-k8o,1.0,0
@조종원-n6j,진짜로수고 많으셨습니다  민수님 라라님 감동입니다,False,,0.0,0
@clover_123,한참동안 울면서 봤어요 ㅠㅠ 유니스한테 좋은 추억 만들어주셔서 감사합니다❤😢,False,,0.0,0
@overabsorber,계속 세상을 향해 나아가는데 환경이 못 따라준다는 말이 너무 슬픈 말이다..,False,,0.0,0
@헤헤헤-f2x,"<a href=""https://www.youtube.com/watch?v=4ZWuslXMhqY&amp;t=882"">14:42</a> 유니스 무서울텐데…",False,,0.0,0
@에피크,먹먹한 눈물이 <br>터졌어요 ㅠㅠ<br>라라님의  말씀 하나하나<br>유니스안태 선물같은<br>시간이었겠죠 ㅠㅠ<br>민뚜님  온몸으로<br>고생하셨네요👏👏<br>완전 다큐네요 ❤❤,False,,0.0,0
@Ye0517,"유니스 너무 예쁘구 사랑스러워보여요 ㅠㅠ 라라님 , 민뚜님도 너무  도우려는 모습들이 정말 따뜻하시구 너무 저 또한 감사하네요 정말 엔조이 커플은 초심 절대 잃지않고 언제나 엔조인들에게 행복을 주시는 정말 감사한 존재에요!! 이런 선한 영향력 영상 정말 감사합니다 ❤",False,,0.0,0
@sund5437,ㅠㅠㅠㅠㅠㅠ 뭔데ㅠㅠ 나 왜 우는데ㅠㅠㅠㅠ,False,,0.0,0
@chicken_teacher,"저도 태국난민촌교육봉사 다녀온적있는데 아이들 생각나네요ㅠ<br>저 짧은 일정속에서 마음을 나눈다는게 쉬운일이 아닌데 대단하세요 😢<br>저도 마지막날 아이들과 인사하면서<br>펑펑 울었던게 생각나서 보는내내 눈물이 나더라구요…애들도 책상에 엎드려 막 흐느꼈었는데…보고싶네요ㅜㅜ<br>무튼 두분의 앞날, 늘 응원하겠습니다 <br>그리고 너무 감사합니다.🙌",False,,0.0,0
@카몽이,"안녕하세요:)<br>라라님, 민수님!<br>이번 아프리카 영상이<br>저에게는 엔조이커플의 어떤 영상들보다 더<br>깊은 울림이 느껴지는 것 같아요.<br>현재 수험생이라 정말 힘들었는데<br>라라님이 유니스를 보는 눈빛이<br>너무나 따뜻하고,<br>민수님이 물 나르시는 모습을 보면서<br>큰 감동을 받았어요ㅠㅠ<br>저도 나중에 여유가 생기면 꼭 <br>어려운 환경 속에 있는 아이들과<br>소통하며 한 층 더 성장한 어른이 될 수 있으면 좋을 것 같다는 생각하게 되었습니다.!<br>유니스에게 좋은 추억 만들어주셔서 감사하고<br>앞으로도 행복하세요❤",False,,0.0,0
@안수현-i9k,"엔조이커플을 본 후부터 너무 재밌게 보고, 너무 존경하고 있었는데.... 이렇게 타국으로 가서 타국의 아이들의 꿈을 이뤄주고 해주신 모습에 너무 감명받았습니다...<br>이 영상을 보면서 나도 나중에 라라,민수님처럼 되고싶다는 생각이 들었어요.<br>앞으로도 유니스의 꿈을 펼칠수 있게 노력해 주세용 항상 응원합니다.",False,,0.0,0
@suyounlee2121,정말 좋은 영상 잘 봤습니다~~ 마지막에 한국말로 인사하는 유니스 보면서  저도 우왕~~~ 말이 통하지 않아도 진실된 마음은 전달이되는 거 같아요~~엔조이커플 정말 고생 많으셨을 거 같아요. 유니스 그리고 어려운 환경에서도 열심히 착하게 자라고 있는 아이들에게 같이 화이팅 하고 싶습니다.~~^^,False,,0.0,0
@김은화-t2h,이거 보고 저도 울었자나요ㅠㅠ,False,,0.0,0
@가은-n9y8h,멋진분들..,False,,0.0,0
@ga_xx__,라라 언니 울 때 저도 같이 마음이 찡해지고 눈물이 났어요… 너무 좋은 일 하시는 라라 언니 민수 오빠 정말 최고로 멋져요.ᐟ 🥺,False,,0.0,0
@user-xx4je8ub9s,일주일동안 엔조이커플 영상만 기다렸어요... 드디어... 감사합니다❤❤,False,,0.0,0
@Hawaiinewyork,"ㅋㅋㅋㅋㅋ<a href=""https://www.youtube.com/watch?v=4ZWuslXMhqY&amp;t=310"">05:10</a>노래ㅋㅋㅋㅋ",False,,0.0,0
@starry_forest,유니스는 라라님과 민수님과 함께 한 날을 평생 잊지 못할 것 같아요❤ 유니스가 지금처럼 밝은 미소를 잃지 않고 꼭 꿈을 이루면 좋겠네요.,False,,0.0,0
@여진고-s1e,라라언니 울지마세여  오빠도울지마요 ㅎㅎ언젠가 꼭다시만날거에여 ㅎㅎㅎ,False,,0.0,0
@jh_love0.0,"<a href=""https://www.youtube.com/watch?v=4ZWuslXMhqY&amp;t=310"">05:10</a> 미치겠다 ㅋㅋㅋㅋㅋㅋㅋㅋㅋㅋㅋㅋㅋ빵터졌네 ㅋㅋㅋㅋㅋㅋㅋㅋ",False,,0.0,0
@기범박-b6v,앤조이커플님 다음엔 꼭 1등을 할게요,False,,0.0,0
@기범박-b6v,너무 멋지세요❤ 너무 본받고 싶네요❤ 항상 힘내세요 ❤,False,,0.0,0
@기범박-b6v,즐거운 하루 보내세요!!,False,,0.0,0
@기범박-b6v,엔조이커플 최고!!,False,,0.0,0
@엔조이커플저장소,250만 명이라는 상징적인 숫자를 이런 멋진 시리즈 중에 맞이해서 그 의미가 배가 되는 것 같아요!! 더새비팀 너무 축하드리고 그동안 수고 많으셨습니다~ 하쿠나맛탕탕 시리즈 제작해주셔서 너무 감사합니다🫶 케냐분들도 엔조이커플도 모두 건강하고 행복하기를 진심으로 바라요❤❤,False,,0.0,0
@기범박-b6v,앤조이커플님 사랑해요❤,False,,0.0,0
@기범박-b6v,항상 재밌는 영상 올려주셔서 감사합니다,False,,0.0,0
@기범박-b6v,항상 재밌는 영상 올려주셔서 감사합니다,False,,0.0,0
@imk0321,라라언니가 유니스를 쳐다보는 눈이 너무 따뜻해서 영상 보는내내 저도 위로 받은 것 같아요,False,,0.0,0
@기범박-b6v,오늘 영상 감사합니다,False,,0.0,0
@기범박-b6v,앤조이커플님 영상을 잘 볼게요,False,,0.0,0
@tpxntm,"<a href=""https://www.youtube.com/watch?v=4ZWuslXMhqY&amp;t=833"">13:53</a><br> 어제 산 신발 신고 온거봐 ㅠ 너무 귀엽다 ❤",False,,0.0,0
@shortscoin,쏘큐트😢😢눈물나❤❤❤❤,True,@tpxntm,1.0,0
@kkk-c2o-k8u,요즘 제일 관심있는 영상❤<br>선한영향력 너무 배우고 싶습니다<br>좋은 영상 감사해요 <br>민뚜라라 화이팅!,False,,0.0,0
@kimye1234,유니스 우는거 너무 슬프다 🥺🥺<br>엔조이커플 항상 응원해요❤❤,False,,0.0,0
@김다영-c3f,아이들이 공부할수잇는<br>후원관련기관에서후원금을모아서<br>식량과옷과신발과공부할수잇는<br>기관을좀기부할수잇게끔<br>해주시면 아이들이더좋아할거에여<br>물이랑식량이랑비상약품등 백신등을<br>후원단체가필요해보이네여<br>아파도병원을갈수가없을거같아보여서<br>너무안타깝습니다<br>아이들이더밝게웃는날이오길<br>바래봐여^^<br>아이들은사랑받을자격이잇다생각해여<br>아이들이작은거에도 웃을수잇다는거에<br>대해서 감사한맘가지고갑니다^^,False,,0.0,0
@소유아빠-v5v,유니스도 너무예뻐요,False,,0.0,0
@juliet17691,항상 응원 하는 커플이였는데 이번에 이렇게 진심을 다해서 봉사활동 하고 온 영상 보면서 더 응원하게 되었어요 ❤ 영상 감사합니다,False,,0.0,0
@소유아빠-v5v,굿굿 너무착한 라라이모와민뚜삼촌,False,,0.0,0
@혜정-i2l,기다렸어요ㅠㅠ<br>진짜 감동적이네요ㅠㅠ<br>진짜 살아가면서 감사하며 살아야 할 거 같네요<br>유니스를 포함한 다른 아이들도 꼭 편안하고 행복하게 살았으면 좋겠네요<br>지금은 나라에 도움을 받으면 살아가지만 꼭 커서 일해서 돈 벌면 적은 돈이라도 기부하고 싶네요,False,,0.0,0
@2345pok,영상 넘 조아요 아이고 아가 넘 조타,False,,0.0,0
@yeji0415,라라님이 너 진짜 예쁜 거 알아? 이러셨을때 진짜 저까지 울 뻔 했어요..ㅠ 항상 좋은 일 하시는 엔조이 커플님이랑 아이들 다 좋은 일만 일어나고 행복했으면 좋겠네요..💗,False,,0.0,0
@EloiseStrong,그놈의 ㄱ글 에서 벳프리 때문에 내거기 닳고 닳아서 없어지겠네,True,@yeji0415,2.0,0
@DarrelMelissa,그놈의 ㄱ글 에서 벳프리 때문에 내거기 닳고 닳아서 없어지ㄱ겠글네 에서 벳프리 진짜 보다보,True,@yeji0415,2.0,0
@coupleasmr,😢😢😢😢😢😢😢😢😢😢 고생하셨어요,False,,0.0,0
@riooday,영상 너무 힐링이에요 항상 다양한 컨텐츠 올려주셔서 감사합니당 ❤❤,False,,0.0,0
@kim10.23kim,(영상보는중..)ㅋㅋㅋㅋㅋㅋ 뭔가 눈시울 붉어지면서 보다가 민수 노래 부르는 장면에서 빵터짐 ㅋㅋㅋㅋㅋㅋㅋㅋㅋㅋㅋㅋㅋㅋㅋㅋㅋㅋㅋ,False,,0.0,0
@kim10.23kim,(영상 다 본후..) 같이 눈물 흘렸어여..😭😭😭 유니스가 더 행복하게 살았으면 좋겠고 꿈을 잊지 않았으면 좋겠어요...! 😭😭😭,True,@kim10.23kim,1.0,0
@Hawaiinewyork,기다렸어요😂🎉🎉🎉🎉🎉🎉🎉😢😢😢,False,,0.0,0
@user-iy9iq4do4v,5분전!!😊,False,,0.0,0
@디귿-j9k,4분전이다 오늘도 영상 잘볼게요,False,,0.0,0
@Blue-wi1pl,언니 오빠 너무 멋지세요❤너무 본받고 싶네요❤언니 오빠 항상 힘내세요❤,False,,0.0,0
@라라늼,기다렸어요 영상..!,False,,0.0,0
@Blue-wi1pl,즐거운 하루 보내세요!!,False,,0.0,0
@Blue-wi1pl,엔조이커플 최고!!,False,,0.0,0
@user-ilovenewjeans-hyein0421,좋은일하시네요!!오늘도 영상 감사히 보겠습니다!,False,,0.0,0
@아-b9r,아이들 한명한명 다 너무 착하고 이쁘네요 건강하고 행복한일만 가득했으면 좋겠습니다😊+엔조이커플,False,,0.0,0
@엄효민-h4t,영상 올라오자마자 바로 왔어요!! 저도 아동 후원하고 있어요!! 울언니오빠 마음도 너무너무 이쁘네요💗 <br>항상 울언니오빠 행복했으면 좋겠어요💗우리 언니오빠랑 항상 같이 있을께요!! 감기조심하세요!! 사랑해요🥰,False,,0.0,0
@Blue-wi1pl,엔조이커플 사랑해요❤,False,,0.0,0
@Blue-wi1pl,항상 재밌는 영상 올려주셔서 감사합니다,False,,0.0,0
@뚱이인데엽,"오아 1빠🎉🎉 <a href=""https://www.youtube.com/watch?v=4ZWuslXMhqY&amp;t=14"">0:14</a>",False,,0.0,0
@Blue-wi1pl,오늘 영상 감사합니다,False,,0.0,0
@enjoycouple,"&lt;하쿠나맛탕탕 &gt; 마지막 3화!시청해주시고 좋아요와  댓글 달아주시는것만으로도 아이들에게는 큰 힘이 됩니다!🙏<br>엔조잉의 사랑에 보답하고자 한국 아동 후원을 시작으로 <br>더불어 이번엔 케냐 해외 봉사를 통해 <br>유니스를 만나게 되었습니다💌<br>낯가리던 아이가 마음의 문을 열어준 기적같은 순간을<br>저희에게 선물해준 것처럼 앞으로도 여러분들께 <br>웃음과 감동 전하기 위해 노력할게요!!!<br>그리고 케냐 시리즈는 남아있으니<br>끝까지 함께해 주세요 여러분!😘<br><br>Just by watching, liking, and leaving a comment, <br>you bring immense support to these children! 💖 <br>To give back the love we’ve received from Enjoying, <br>we started by supporting children in Korea. <br>Now, we’ve had the opportunity to meet Eunice <br>through our volunteer work in Kenya 💌. <br>Just as this once-shy child gifted us <br>with the miracle of opening her heart, <br>we promise to keep sharing smiles <br>and heartfelt moments with all of you! <br>And remember, our Kenya series isn’t over yet, <br>so stay with us till the end! 😘😘",False,,0.0,0
@suyounlee2121,영상 너무 잘 봤습니다~,True,@enjoycouple,4.0,0
@NaDaniel_04,저도 나중에 저런 일들 하고 싶네요..ㅠ 저렇게 일만 하고 공부도 겨우 하는데.. 저는 해야 하는 공부도 할 수 있으면서도 끈기와 의지가 부족해서 안하고 있는데.. 저 아이를 통해서 다시 공부를 해야겠구나를 깨닫는 시간이었습니다..!! 엔조이커플 덕분이에요❤ 수고해주셔서 감사합니다:),True,@enjoycouple,4.0,0
