author,comment,is_reply,reply_to,reply_count,is_spam
@양후남,김대석셰프말씀이더맛갈스럽네요,False,,0.0,0
@김성옥-w1i,좋으내시피감사합니다❤❤,False,,0.0,0
@강남희-t8z,여동생이 부럽네요~,False,,0.0,0
@미소네-o2d,저도 먹고  싶어요😅😅😅,False,,0.0,0
@미소네-o2d,김대석셰프님👍👍👍👍😀😀,False,,0.0,0
@TC-lj1gm,건고추.고추씨. 생새우가 없으면<br>고춧가루. 새우젓으로 대체가능한가요?,False,,0.0,0
@이호자-j7f,김대석셰프님<br>최고 저도해볼께요,False,,0.0,0
@박채연-s3y,세프님~~믹서기 정보좀 알수 있을까요~??석박지 따라서 담가봐야겠어요~~,False,,0.0,0
@KimChefTV,한일믹서기 입니다~,True,@박채연-s3y,1.0,0
@박채연-s3y,세프님~~믹서기 정보좀 알수 있을까요~??석박지 따라서 담가봐야겠어요~~,False,,0.0,0
@이가야,감사합니다 👍,False,,0.0,0
@고양이-t2v,주문은. 안되는지요,False,,0.0,0
@이순모-g1h,세프닝 팬 입니다  믹서기 어디꺼예요 좋는거 같아요<br>화이팅 하세요~^^,False,,0.0,0
@KimChefTV,한일믹서기 입니다~,True,@이순모-g1h,1.0,0
@송하나-y3g,석박지  넘 맛있겠네요<br>따라 해보겠습니다 <br>방송 감사합니다 🎉🎉,False,,0.0,0
@이성자-j7c,김대석  셰프님  석박지  맛나게 보여요  좋은 👍 영상 잘봤어요 ❤해봐야 겠네요 좋아요 최고 응원합니다 😅😅멋져요,False,,0.0,0
@LisaLee-t2g,"항상, 감사합니다. 꼭 똑같이 따라 만들어보겠읍니다. <br>항상 건강하시고 행복하세요",False,,0.0,0
@나영김-b8t,세프님석밖지김치<br>잘가르켜주셔서<br>감사합니다,False,,0.0,0
@추순자-g6g,좋아요,False,,0.0,0
@hazel0109,쉐프님<br>믹서기 같은것쓰고싶어요<br>어디제품인지요?,False,,0.0,0
@KimChefTV,한일믹서기 입니다~,True,@hazel0109,2.0,0
@hazel0109,@KimChefTV  감사합니다,True,@hazel0109,2.0,0
@gospel3658,"&quot;우리가 사방에서 고난을 당해도 괴로워하지 아니하고, 난처한 일을 당해도 절망하지 아니하며<br>핍박을 받아도 버림받지 아니하고, 거꾸러뜨림(cast down)을 당해도 망하지 아니하며<br>(우리가) 항상 [주] 예수님의 죽음을 몸에 짊어짐은, 예수님의 생명 또한 우리 몸에 나타나게 하려 함이라.<br>살아 있는 우리가 예수님으로 인해 항상 죽음에 넘겨짐은, 예수님의 생명 또한 우리의 죽을 육체 안에 나타나게 하려 함이라.<br>그런즉 이와 같이 사망은 우리 안에서 일하고, 생명은 너희 안에서 일하느니라.<br>내가 믿었으므로 말하였노라, 하고 기록된 바와 같이, 우리가 믿음의 동일한 영을 가졌으니, 우리도 믿으므로 말하노라.<br>[주] 예수님을 일으키신 분께서 예수님을 통해 우리도 일으키사, 우리를 너희와 함께 드러내(나타내) 보이실 것을 (우리가) 아노라.<br>모든 것이 너희를 위하여 있나니, 이는 많은 사람의 감사를 통해 풍성한 은혜가 넘쳐나서 [하나님]께 영광이 되게 하려 함이라.<br>이런 까닭으로 우리가 낙심하지 아니하노니, 우리의 겉 사람은 썩어 없어져도 속사람은 날마다 새로워지는도다.<br>이는 단지 잠시 존재하는 우리의 가벼운 고난이, 우리를 위해 훨씬 더 뛰어나고(지극히 크고) 영원한 영광의 무거운 것을 이루기 때문이라.<br>우리는 보이는 것들을 바라보지 아니하고 보이지 아니하는 것들을 바라보나니, 참으로(진실로) 보이는 것들은 잠깐 있을 뿐이나 보이지 아니하는 것들은 영원하니라.<br>(고린도후서 4:8-18)<br><br>&#39;&#39;시간을 되찾으라(redeem). 날들이 악하니라. 그러므로 너희는 지혜 없는 자가 되지 말고, 오히려 [주]의 뜻이 무엇인지 이해하라.   (에베소서 <a href=""https://www.youtube.com/watch?v=5CulDrUl5Sk&amp;t=316"">5:16</a>-17)",False,,0.0,0
@김훈희-q2l,복받은 여동생 이네요,False,,0.0,0
@루시아-c8k,석박지를 담아봐야겠어요.맛있을거같아요.<br>질문있어요=믹서기제품명좀 알려주세요...,False,,0.0,0
@KimChefTV,한일믹서기 입니다~,True,@루시아-c8k,1.0,0
@김학순-q3w,석박지 감사합니다~~,False,,0.0,0
@명의김-p9y,김대석 님?도대체  어떻게 남자분이 요런요리를 하시나요?전 라도에서  어머니영향 을  받으신것 같애요,False,,0.0,0
@명의김-p9y,어째  남자분이 요리를  저렇게 깊을까요?,False,,0.0,0
@윤성미-k2u,잘따라 해볼께요 감사합니다 ~~^^,False,,0.0,0
@장예슬-e5f,항상잘보 아요 참맛잇게하네요,False,,0.0,0
@심순자-k7d,따라해보겠어요. 감사합니다,False,,0.0,0
@이계영-h7j,늘~ 여동생을 생각하시는 모습 부럽스네다요.ㅎ,False,,0.0,0
@이계영-h7j,"고추씨와 생새우넣고 버무린 섞박지,참 맛나게 보이네요.저도 다음번엔 꼭 대석셰프님처럼 담가야겠네요.감사합니다.👍",False,,0.0,0
@sel0074,행복한 여동생~~,False,,0.0,0
@원인영-v7s,석박지 레시피 잘배웠습니다 감사합니다 👍,False,,0.0,0
@김고운님,선생님<br>양을 마니하면 양념은 두배인가요??^^^,False,,0.0,0
@mal-i6f,쉐프님요리따라하며 남편이맛나게먹을때 어깨어힘이들어간답니다~ 감사해요   시간되시면 대파김치도 만들어주셔요🥰,False,,0.0,0
@백창우-u2t,"김대석 쉐프님, 한국인의 입맛에 맛는 최고의 가을 석박지 최고입니다. 내일 만들어 보려고해요. 입에 침이 고여요. 다음 메뉴는 무엇일지 기대됩니다. 건강하세요.",False,,0.0,0
@박영-o2n,저도 담아서 먹고싶어요 <br>쎔 꿀팁 감사합니다,False,,0.0,0
@JS-dv9hv,와우 대박. 넘 훌륭해요 <br>여동생 겁나 부럽네요,False,,0.0,0
@SuminChoi-n1m,김대석 세프님 정겨운 사투리 참듣기좋아요 내고향 밀양 떠나온지 근60년  석박지 꼭 따라해보겠읍니다 🎉😂❤,False,,0.0,0
@정점덕-j9t,내가해서 오빠주면더좋겠지요~^^,False,,0.0,0
@56ghjMcwdfgr,"More People Need to Know This<br><br>Liu Chien-kuo, a member of the Legislative Yuan.<br><br>Legislative Yuan member Liu Chien-kuo said he felt sad after he watched the documentary. He said the crime of organ harvesting carried out by the CCP is a cruel act that violates humanity. It’s inhumane and unbelievable.<br><br>“I will work on legislation against forced organ harvesting. The world needs to know the truth about organ harvesting,” he said. Liu encouraged everyone to pass on the information so that more people could condemn the persecution, from Taiwanese politicians, members of all political parties, and the public. Organ harvesting from living people should not be allowed to continue.<br><br>Unbearable Pain<br><br>Ding Rongzhe, Chairman of Yunlin County Medical Doctors Association.<br><br>Ding Rongzhe is the chairman of the Yunlin County Medical Doctors Association and said he was deeply disturbed after watching the documentary. “In this documentary, each organ transplant case caused a series of tragedies for several families, and I felt very heavy after watching it,” he said. <br><br>“The CCP treats people like animals. What’s even more cruel is that they don’t use anesthetics, so it’s very painful,” he added. “During the process of organ harvesting, people do not die immediately, which is unimaginable pain.<br><br>“Should we still deal with such a regime? We are not anti-China, but we are against the Chinese Communist Party’s cruelty and inhumanity,” he said.",False,,0.0,0
@김태순-e5d,너무 잘 봤어요,False,,0.0,0
@흐르는강물-m6e,"아~하!<br>고추씨가 신의 한 수이군요,",False,,0.0,0
@써니-p4v5l,오늘 김장합니다 셰프님 따라 석박지 담글려고요 ㅎㅎ  수고^^^,False,,0.0,0
@최명숙-e4i,김대석 세프님 쵁고 최곱니다<br>시원시원한말씀과 석박지 어쩜이리 잘하실까요<br>잘배웠습니다<br>캄솨용,False,,0.0,0
@늘푸르름-w8c,볼때마다  자끄 잘하시고 정이가는 우리 김대석 쉐프님 음식도 잘하시고<br>사투리 섞인 정이가는 목소리 너무 좋아요 😊,False,,0.0,0
@김영숙-w8l4i,도마땀나네요,False,,0.0,0
@사람사는세상만들,김대석쉐프님 동생으로 태어나고싶어요<br>❤❤🎉🎉석박지 꼭 저도따라해볼게요,False,,0.0,0
@jyi-jms,아따 입에 침이 싹 고여 불구마 이~😂,False,,0.0,0
@yonidle,아후… 돈주고 구매할순 없나요 못따라하겠어요 ㅜㅜ,False,,0.0,0
@여디디야-p3v,올. 겨울. 김치는. 이. 방법으로. 하도록 하겠습니다 <br>정말. 맛나겠어요,False,,0.0,0
@이혜주-b6w,저번에 깍두기 따라감가서 친구들 조금씩 나눠줬다가 김치장인으로 온동네 소문 났습니다 총각무도 했는데 너무나 맛있었어요 무김치종류는 자신감 뿜뿜~--이 무를 달랑무라고 하는군요 ㅎ시장가서 보이면 사들고올거같습니다,False,,0.0,0
@라떼좋아-x7n,나도   저런 오빠  있으면 넘  좋겠다~~~~~^^,False,,0.0,0
@경숙양-h1g,쉐프님 비법대로 꼭 만들어 보겠습니다  목소리도 정감이가고 잼나게 진행하셔서   비법감사합니다 맛나겠어요,False,,0.0,0
@진파라,석박지 김치 잘보고 갑니다 감사,False,,0.0,0
@오늘-d7r,잘 보고 있습니다. 매번 정말 밋있어보여요. 근데 뉴수가를 저렇게 믾이 넣으면 너무 달지 않을까요? 따라하고  싶은데 그게 좀 의문입니다😅,False,,0.0,0
@KimChefTV,다발무 6kg이면 1스푼이 알맞습니다 절인 후 물기를 빼니까 걱정 안하셔도 됩니다~,True,@오늘-d7r,1.0,0
@장미꽃힐링,색도 예쁘고 맛있겠어요👍👍👍👍👍,False,,0.0,0
@경희위-l6g,마늘장아찌😊,False,,0.0,0
@장라연-j5b,김대석  셰프님 요리를<br>따라하면  실패가  없고  맛있어요.<br>셰프님   요리는   최고  최고 ! !,False,,0.0,0
@조명희-w9d,여동생은 너무 <br>좋으시겠어요 부럽습니다. 저도 내일 맛있게 담아 보겠습니다😂,False,,0.0,0
@김희망-b9p,저도 해볼게요,False,,0.0,0
@장은주-g2i,혹시  믹서기  제품명  알수가  있을까요?  바꿀때가  되어서요. 감사합니다,False,,0.0,0
@KimChefTV,한일믹서기 입니다~,True,@장은주-g2i,1.0,0
@정숙최-h5m,선생님~~<br>선생님 요리가 제일 맘에 들어요..<br>많이 홍보 합니다.,False,,0.0,0
@lydiafardouly4435,My favourite chef  ❤정겨운 고향 사투리에 맛있는요리들 최고 최고 world  class 👍 🎉 <br>호주에서,False,,0.0,0
@아침하늘-d2l,대공 ㅎ ㅎ,False,,0.0,0
@한정-h8c,오늘 천수무 사다가 담궜습니다. 알타리김치도 선생님레시피로 했습니다. 늘 고맙습니다.~^^,False,,0.0,0
@오승숙-q5j,구수한  남도사투리! ㅎ  ㅎ ~  ~^^,False,,0.0,0
@회복-f6x,셰프님 배보다 사과가 더 좋나요?,False,,0.0,0
@KimChefTV,"보편적으로 무는 사과, 배추는 배가 어울립니다~",True,@회복-f6x,2.0,0
@회복-f6x,감사드려요^^,True,@회복-f6x,2.0,0
@하주석경,여동생이고 싶어라!!!~~ㅎㅎ,False,,0.0,0
@수목화-f4t,고추씨 비법 <br>무우는 많은 양념이 들어가면 무우 본연의 시원한맛을 감하니 너무 이거저거 안 넣는게 비법<br>그쵸?,False,,0.0,0
@편재경-s5r,석박지🎉🎉🎉  세프님   감사합니당 ~**~😅😅😅   말씀도😅😅나두 해야죠  정말 맛있것네영 ^^♡♡♡,False,,0.0,0
@박경희-n9g,깎뚜기에서 석박지로<br>메뉴 변경 해야겠어요~<br>자상하신  설명으로 <br>귀에 쏙쏙 들어옵니다,False,,0.0,0
@3dooimom,와우~ 맛있겠어요~😋😋😋 셰프님같은 오빠라니.. 언니 오빠 없는 전 정말 여동생분이 너무 부럽네요~😆😆💕,False,,0.0,0
@전영자-q6d,확실하게하셨어요 저도담그려고요 감사합니다,False,,0.0,0
@똑똑녀-n2x,따봉입니다😋👍👍👍<br>따라쟁이 해보고 싶슴돠❤,False,,0.0,0
@Pometoto-Pomeranian,군침이 도네요~<br>맛있을 것 같아요~ ^^<br>영상 끝까지 잘 보고 갑니당~ ^^,False,,0.0,0
@_hago,워따..참말로 최곱니다!^^,False,,0.0,0
@TV-bn9zj,🎉🎉🎉🎉🎉🎉👍👍보기만해도 군침이 돔니다 아주맛있어보여요 요리잘하시는오빠 있으니 여동생이 넘 행복하겠어요 저도 넘넘  부러워요😁😁,False,,0.0,0
@tv-fi7ov,셰프님은 요리를 왜케 잘하세요<br>눈물나게 맛나게 잘 하세요<br>맛보구 싶네요 😊🤭🤭,False,,0.0,0
@Kim-d4o2l,와 맛있겠네  최고,False,,0.0,0
@y.s.h6343,우와 넘 맛있겠어요<br>작년에는 두번이나 크게 담궈서 언니랑 나눔했는데<br>올해도 이거 만들어서 또 맛있게 먹어봐야겠어요<br>고맙습니다,False,,0.0,0
@오랫동안,여동생이 부럽네요 😅,False,,0.0,0
@박도식-f9x,전라도 고유에 사투리 고향생각이 납니다 저도 영암 사람 애청자 입니다 맛있는 석박지 맛있게 담구겠습니다 정보감사합니다,False,,0.0,0
@강정이-d4o,다시 담가볼께요  너무 맛나 보여요^^,False,,0.0,0
@유중엽,아따 대석이형 겁나게  맛있게  담가브요  항상건강 해부씨요👍💜,False,,0.0,0
@박수정-f2r7h,셰프님여수말엄청쓰시네요여수말쓰시니더정겹습니다여수근교시골억양우리가쓰던말이네요,False,,0.0,0
@박미자-h2o,강의 잘 듣고 있어요,False,,0.0,0
@고옥순-y5x,셰프님  늘 감사드림니다<br>맛나게 담그워보아겠내요,False,,0.0,0
@jhy-h8p,깍뚜기 좀 남았는데 석박이 담아서 남동생한테 좀 보내야겠어요 ㅋㅋㅋ,False,,0.0,0
@이명숙-q8p,셰프님.요리는<br>완결판입니다.❤❤❤,False,,0.0,0
@김복순-y6m,석박지  맛나겠습니다<br>오늘도 잘배우고 갑니다<br>항상 건강하세요❤,False,,0.0,0
@허정임-p7m,허벌 나게맛있게 됐네요,False,,0.0,0
@예드림,내 오빠였으면 😂,False,,0.0,0
@최강박규리,전잎이 뭐에요? 자세히 설명 좀...<br><br>쑤세미정보 감사합니다.,False,,0.0,0
@-TM,무우청  누렿게된 걷잎을 말하는것 같습니다ㆍ😮,True,@최강박규리,2.0,0
@최강박규리,@@-TM 감사합니다.,True,@최강박규리,2.0,0
@김백합진의원님통깨합,항상 배우고. 갑니다.먹음직하고 군침돕니다.,False,,0.0,0
@광영김-d7w,야따 석박지 맛나게 생겨네 근디 .으째  깍뚜기 담는 방법하고 비슷헌디.양념도 그렀고😊,False,,0.0,0
@안정자-g4n,쉐프님말솜씨도 맛깔나내요👍<br>가을김장중에  석박지도 빠질수 없죠^^<br>레시피대로 꼭 맛나게  담아서 나눠먹어야 겠내요^^😋<br>덕분에 잘 배워갑니다^^👍👍,False,,0.0,0
@박복순-r9q,뉴슈가와신화당은 무엇이틀립니까<br>궁금해서요<br>찐팬입니다<br>작년에도30킬로절임배추 세프레시피로했는데 너무맛있었어요<br>다음주도 이레시피로 담으려고요<br>항상건강잘챙기세요.~~,False,,0.0,0
@KimChefTV,신화당은 단맛이 강합니다,True,@박복순-r9q,1.0,0
@룰루룰루-h9d,도마는 어디서 사셨나요?<br>도마 바꿔야하는데,False,,0.0,0
@KimChefTV,캄포도마 입니다~,True,@룰루룰루-h9d,1.0,0
@강정희-q9r,어머나~엄청 민나겠어요❤❤❤,False,,0.0,0
@종례유-w8f,김대석셰프님 석박지 담그는법 잘 배우겠습니다 뉴슈가넣어 절여서 담그시네요 아삭 아삭 맛나겠습니다 고추씨가 신의한수이네요 셰프님 여동생은 행복 하시겠습니다,False,,0.0,0
@명희나-l2p,셰프님<br>석박지 맛나겠어요 ^^,False,,0.0,0
@이순애-t6h,셰프님^--^ 다이소 사장님이 상 주것슈?,False,,0.0,0
@김애란-p5h,항상 감사합니다..바쁜일과속에서두 함께 요리에 진심을 담아 알려주셔서 ....,False,,0.0,0
@이정호-k7f1d,92년생 남<br>오늘만큼은 김대석쉐푸님의 여동생이되고싶습니다,False,,0.0,0
@sjlee3402,생새우 없을 땐 어덯게 하나요?,False,,0.0,0
@소나무-w9v,앗따 ! 겁나게 맛나브러 것소 이런 올아버니 있음<br>허블라게 좋아 블턴디요,False,,0.0,0
@sea0283,"수세미 안내까지,쌩유 섞박지 낼시작할께용😊",False,,0.0,0
@gmailfly4060,전잎이 머에요?,False,,0.0,0
@myungsookchae6628,셰프님   구수한 사투리와  입담이  더 맛깔나서 석박지는 이미 맛 이 엄청 좋을듯 합니다~^^,False,,0.0,0
@김맘-c5g,셰프님 여동생 하고 싶네요~^^❤❤❤,False,,0.0,0
@김미숙-y1x9k,추운겨울 사골국에 밥 말아서 잘익은 석박지  하나 있으면  기냥 끝입니다~<br>최고의 조합이겠죠~!!<br><br>세프님의 모든 김치에 중독될거 같아요~!!!😄<br>감사합니다,False,,0.0,0
@kwon7730,맛이 나긋나긋할 것 같습니다 <br>저도 쫌 주세요 😂😂😂<br>셰프님이 주시는 따끈한 밥 먹고싶어요<br>😊😊😊,False,,0.0,0
@가을하늘-n8m,석박지 도전해 봐야겠어요^^,False,,0.0,0
@박윤해-n8u,셰프님 항상~ 늘~감사합니다♡,False,,0.0,0
@최순자-x1u,좋아요 설명이😅,False,,0.0,0
@휴락-k7p,최고입니다,False,,0.0,0
@김희리-b2u,오늘도 완벽하고 소중한 선생님의<br>영상 잘볼게요 감사합니다 ❤<br>김대석 쉐프님 좋아요 ❤,False,,0.0,0
@이지원-u8w,여동생이 젤 부럽네요<br>동생바보👍🏻,False,,0.0,0
@진주-z4s,고추가루만 하면안되나요,False,,0.0,0
@jinnyhappy4671,석박지 맛나겠네요 꼭 해봐야겠어요 좋은 정보 감사요,False,,0.0,0
@jinnyhappy4671,도마가 넘 예쁘고 맘에 딱 듭니다 어디서 사셨나요 ?,False,,0.0,0
@KimChefTV,캄포도마 입니다~,True,@jinnyhappy4671,1.0,0
@안미카엘라-j3c,넘 넘 감사합니다.  지난번  알타리도 똑같이  담아서  거의 먹었는데  석박지  또   담가야겠습니다.❤❤❤,False,,0.0,0
@순복유-d8z,셰프님을 오라버니가 잇어 여동생이 부럽네요  석박지 정말 맛나거어요,False,,0.0,0
@정문순-p1l,끈나불 워메 웃겨러 돌산양반 왠만이 사투리로 웃기시요,False,,0.0,0
@정문순-p1l,전잎 전라도 사투리 넘정감이 넘처요,False,,0.0,0
@정문순-p1l,돌산말씨 푸랭기 푸하핰ㅎㅋㅎㅋㅎㅋㅎ😂😂😂😂😂😂😂😂❤❤❤❤❤,False,,0.0,0
@곽데레사-k3k,석박지 !<br>코로들어갈지?<br>입으로들어갈지?<br><br>한번 확인해봐야겠어요<br>끝내줍니다 😊,False,,0.0,0
@최학신-v7g,감신함니다🎉,False,,0.0,0
@별빛천사-p4m,여동생챙기는오라버니두신..복입니다..서로가잘하고챙겨주고해야지..일방적일수는없는거지요..❤❤❤❤❤❤❤❤❤응원합니다 !!!,False,,0.0,0
@동구밭과수원길-w2r,뉴슈가대신 스테비아넣어도될까요?,False,,0.0,0
@김선자-v3w,우리오빠는 뭐하는겨~~,False,,0.0,0
@하하호호-l1c,쉐프님 여동생 부럽습니다.,False,,0.0,0
@user-fox35200,와 맛있는 석박지.도 담가봐야 겠네요<br>저런 오빠 둔 여동생은 <br>전생에 나라를 구하신 듯 ㅎ,False,,0.0,0
@조규백-g6h,넘   맛있는 석박지. 잘. 배워습니다,False,,0.0,0
@곰돌이다예,여동생이 부럽습니당~🙏😊늘 응원합니다~😊👍👍👍,False,,0.0,0
@Evergreen-y2y,여동생분이 부럽~~,False,,0.0,0
@심순덕-r6s,귀찮아서 안 하려고했는데 셰프님  맛있게하시길래  담아보려합니다^^*,False,,0.0,0
@모야-g8n,와 맛나겠어요 하얀 쌀밥에 먹고 싶다😊,False,,0.0,0
@송이송이-w2t,❤❤❤❤❤,False,,0.0,0
@장장미-d2b,대석  오빠!<br>아~~  동생하고 파  ㅋ^^**,False,,0.0,0
@늘해랑-e9m,저 석박지 좋아해서 다음주에 석박지 담으려 들어왔는데....짜리몽당하게 저리 생긴 무가 맛있는거군요~~~<br>셰프님처럼 석박지 담을꺼예요~~맛있게 담가서 사골국에 밥말아 석박지랑 먹을 생각하니 벌써부터 기대되요^^,False,,0.0,0
@최은주-n4w,맛있겠다.,False,,0.0,0
@민정권-r9k,끄나풀 푸러뿔고ᆢㅎㅎ 애청자입니다,False,,0.0,0
@김핫세,ㅎ 복 많은 여동상  전생에   나라를 구했나  봐  대석오빠  의동생  부럽❤😂,False,,0.0,0
@에우제니아,"집에 큰 용기 없으신 분은 마트에서 김장봉투 사서 두겹으로 담아 절이세요.<br>그럼 힘들게 손으로 저어줄 필요 없이 고무줄로 묶어놓고 중간에 흔들어가며 봉투 째로 뒤집어주면 됩니다.<br>약간 밀폐가 되서 절이는 시간도 좀 줄어드는 효과가 나기 때문에, 물 생기는 거 보고  진행하시면 되는데 많이 나왔다 싶으면 물 쫌 따라내고 간 본 후(평소보다 짜거나 쓰면 사이다나 배음료수 섞어서 주문주물해주시면 좀 살아날 수 있음) 양념하면 됩니다.<br>손도 덜 더럽히고 김치나 절임반찬 만들 때 편합니다.",False,,0.0,0
@이프로-o3f,영상보니 저도 맛나게 담가서  먹고싶어 지네요,False,,0.0,0
@李靜愛,감사합니다 ❤❤❤❤😊,False,,0.0,0
@김애콩,이번일욜 담가보겠습니다,False,,0.0,0
@깨비-t5g,믹서기(제품) 궁금해요,False,,0.0,0
@KimChefTV,한일믹서기 입니다~,True,@깨비-t5g,2.0,0
@깨비-t5g,@@KimChefTV 답글 감사드립니다.몇년전부터 봐왔는데 일반적인 루트(전자마트)에서는 볼수없어서 테팔을 구매했습니다. 남자가 4명이라 대형을 구매했는데 안쪽면에 굴곡들이 세척시 넘 불편해서 결국 여쭙게 됐습니다,True,@깨비-t5g,2.0,0
@정성남-h6q,역시 김대석 세프님이십니다👍👍👍^^,False,,0.0,0
@user-be2oz3oo2p,셰프님 여동생하고싶당~~~대석오빠야 사랑합니다 꼭 담가볼께요,False,,0.0,0
@송지니-w7l,기똥차게 담그셨네요 진짜 맛나 보입니다ㅋㅋ,False,,0.0,0
@전금옥-m3l,매번 맛나게 봅니다 ㅋ<br>질문이 있는데 무청을 절이기전에 썰면 더 편할것 같은데 절이고 썰어야하는 이유가 있는지요?,False,,0.0,0
@KimChefTV,"무청을 썰면 빨리 절여지지만, 잎이 지저분하게 됩니다~",True,@전금옥-m3l,1.0,0
@율리안나-i1o,김대석 새프님!감사합니다!,False,,0.0,0
@김민정-y8l5s,여동생하고싶습니다^^<br>부럽네요ㅠㅠ<br>늘 쉐프님 영상보고 요리하고 잇어요<br>많은도움됩니다,False,,0.0,0
@배은자-b3s,맛잇는  석박지김치 !<br>요리는  즐겁게  맛은  최고로 참 부럽습니다 <br>대단한  쉐프 입니다😊,False,,0.0,0
@남쪽바다-g6h,ㅋㅋ 수세미 기가 막히게 좋다네요,False,,0.0,0
@kim_jung_hwa,맛있겠다<br>침이 흐르네요,False,,0.0,0
@제임스-d3f,때깔 죽입니다!!! 와 침고여.... 삼양라면에 먹고싶으다,False,,0.0,0
@LeeBen0616,생새우가 들어갔는데 새우젓이 들어가나요?,False,,0.0,0
@송지니-w7l,생새우는 간이 안되어있고 담백해서 같이 넣어주는거에요 생새우 넣으면 진짜 깊은 맛이납니다^^,True,@LeeBen0616,2.0,0
@LeeBen0616,아하..<br>감사합니다!,True,@LeeBen0616,2.0,0
@yunryoonseong9736,뉴수가랑<br>삼성당이<br>다른건가요<br>우리동네마트에는~삼성당박에없던대요,False,,0.0,0
@홍영숙-v4o,맛있게 생겼어요,False,,0.0,0
@월은-c2j,감사합니다,False,,0.0,0
@김기태-e6p,무우를 썰때 균일하게 썰지 않고 어슷어슷 모양이 다르게 쓸어도 되는지요.<br>생새우가 없으면 어떡하죠,False,,0.0,0
@길상행-n7e,"우리집 김치는 딱따구리 세프(칼도마 소리가 딱따구리 같아서)님 덕분에 무우청,동치미,석박지등 여러가지로 이번 겨울 맛나게 건강하게 보낼것같습니다 ㅎㅎ <br>항상 좋은 정보 감사합니다 😊 <br>건강 하십시요",False,,0.0,0
@NSLee-oi5hr,생새우가 들가네요<br>생새우 구입하는게<br>힘들어욤😢셰프님<br>석박지양념레시피<br>보고있음에도 정말<br>맛있을듯 합니다👍,False,,0.0,0
@문공순-s9u,전잎~ㅋㅋ <br>내고향 사투리는 언제들어도 정겹습니다~<br>김대석 셰프님 맛있는요리 항상 감사드려요~<br>열심히 따라하고 있답니다,False,,0.0,0
@Jenny-by6yb,와  최고이십니다..<br>맛있겠어요 ~~~^^<br><br>해봐야겠어요...,True,@문공순-s9u,1.0,0
@문향미-k7w,잘 보고 갑니다<br>늘. 구수한 입담과  쉽게. 쉽게. 맛있게 잘. 가르켜 주셔. 감사드립니다 <br>환절기 건강하십시요 ~,False,,0.0,0
@차칸이-e9i,우리오빠 삼고 싶네용,False,,0.0,0
@산세베리아-g3m,여동생 부럽습니다. . 여동생 ㅎ한명더 필요없나여?ㅋㅋㅋ,False,,0.0,0
@김영옥-t2p3w,사투리 구수합니다<br>끈을 끄나풀ㅋㅋ<br>요리도 잼나고 말씀도 잼나요^^<br>배우고 갑니다^^,False,,0.0,0
@벌초미,입으로 들어가는지  코로들어가는지  확인해볼께요❤❤❤,False,,0.0,0
@바람꽃-f6j,여동생 조것다<br>요리잘하시는 오빠계셔서<br>형제우애 쵝오 👍<br>보기만 하여도 군침 올겨울 나도 석박지 담구고싶당 🤣🤣🤣,False,,0.0,0
@나와함께-b6y,최곱니다^^♡,False,,0.0,0
@드리미-l2h,겨울 석박지도 쉽고 맛있게 담을 수 있네요. 보기에도 새콤매콤한 맛과 향이 마음을 사로잡아요. 레시피 잘 기억하며 만들게요!,False,,0.0,0
@숙희김-x7m,잘 봤으니 맛있게 담아  보려고해요 김쉐프님 따라 해보면서 요리가 재밌어졌슴다~😊,False,,0.0,0
@braveh7042,여동생에게 석박지 주시는 아저씨 최고😊,False,,0.0,0
@julianna040,믹서기브랜드 알수있을까요?,False,,0.0,0
@KimChefTV,한일믹서기 입니다~,True,@julianna040,1.0,0
@기혼샘,언제나최고 최고의셰푸님이세요<br>어떤음식이든. 최고의맛을내시는 우리셰프님 건강하시고요<br>더욱많은시청자가늘어나길바랍니다<br>다음편이기다려집니다😅😅😅😅,False,,0.0,0
@강정숙-h4b,"❤ <a href=""https://www.youtube.com/watch?v=5CulDrUl5Sk&amp;t=255"">4:15</a> <a href=""https://www.youtube.com/watch?v=5CulDrUl5Sk&amp;t=257"">4:17</a> <a href=""https://www.youtube.com/watch?v=5CulDrUl5Sk&amp;t=258"">4:18</a>",False,,0.0,0
@김순남-n5s,섞박지 쉐프님 따라해볼께요<br>건강하세요❤배는 안들어가네요?,False,,0.0,0
@KimChefTV,배는 배추김치에 어울립니다~,True,@김순남-n5s,1.0,0
@애앵두,벌써 담궜어요 지난번 연시감 넣고 담그는 거 보고 ᆢ,False,,0.0,0
@양윤옥-z1l,아따! 땡기는 맛  먹음직 스럽고  맛갈스럽내요~ 항상 감사합니다🎉😅❤,False,,0.0,0
@mrp8086,저장,False,,0.0,0
@장숙경-i6n,택배로 살려면얼마예요,False,,0.0,0
@insunispretty,김대석셰프 동생 분 좋으시겠습니다,False,,0.0,0
@김향숙-j8v,감사합니다,False,,0.0,0
@박현선-w3c,석박지 좋아하는데 김대석셰프님 알려주신대로 만들어 볼게요~ 설명도 쉽고 찬찬히 알려주셔서 감사해요,False,,0.0,0
@Jesuslove-t1p,쉐프님 여동생이 부럽습니다.,False,,0.0,0
@HyunhwaPark-m3c,대한민국에서 제일 생활밀착형 쉐프.. 우리네 어머니들이 매일 아니면.제철에.해주시던 음식.. 그대로 재현해주셔서 감사드립니다. 엄마가 안해줘도 해먹을수 있게 되었어요,False,,0.0,0
@핫핑-m1g,김치사업해주세요,False,,0.0,0
@김경미-o7u,아우 최고최고<br>군침돌아요<br>❤❤,False,,0.0,0
@김미경-z9h,아~~따 증~~말 맛깔 나게 보여요. 쵝~오,False,,0.0,0
@ra_ni66,나의 요리선생님 김대석 셰프님<br>최고예요,False,,0.0,0
@솔향기-o1n,좋은영상  감사합니다,False,,0.0,0
@솔향기-o1n,고추가 없는데  어디서 ㅈ사나 용   몰하서  죄송요,True,@솔향기-o1n,1.0,0
@김영숙-w6u9o,더덕장아찌  레시피  부탁드려요,False,,0.0,0
@영숙-u7s,"고추씨를 넣으시는군요,<br>잘 배웠습니다,<br>오늘도 감사합니다 !",False,,0.0,0
@voki5717,석박지 아삭아삭 정말 맛있게 보이네 요 .<br>쉐프님  레시피  잘 배워갑니다 <br>항상  응원하겠습니다 <br>고맙습니다,False,,0.0,0
@ivywish6138,여동생은 참 좋겠네요,False,,0.0,0
@물보라-r7f,셔프님~판매는 안하시는지요~!! 넘맛있으것같아서요😅,False,,0.0,0
@라호-q9v,오빠 !!!!<br>저도  여동생  ❤❤❤..<br>😅😅<br>오늘 2번째  석박지 담글거에요. 지난번에도 성공했어요.<br>양념준비 전에 들어왔더니  신버전이네요.  근데<br>고추씨가 없네요.. ㅎㅎ,False,,0.0,0
@행리치-e6z,요리는 즐겁게~~맛은 최고로 미는건간요?^^,False,,0.0,0
@김문자-j1e,👍🏾<br>아삭아삭 석박지 ㅡ<br>갓 넣어 만듬 맛도 색도  엎엎ㅡ😊,False,,0.0,0
@까칠여우-m5z,세프님 여동생 하고 싶네요<br>내가 만들지 않으면 먹을 수가 없습니다.<br>영상 감사 합니다.,False,,0.0,0
@이주민-x7f,김대석 셰프님은   좋은 레시피로 저의 상식을 깨시더니  여자가 남자한테 김치 주는 상식도 깨버리시네<br>멋지십니다  여동생님 부럽습니다,False,,0.0,0
@황평순-h5i,말씀도 재미있고 음식도 너무 또박또박 배우기쉬게 잘해주시어 항상보고 따라 합니다 감사합니다,False,,0.0,0
@ljydream5055,여동생분이 부럽네요~^^,False,,0.0,0
@이현숙-c5b5o,김대석 셰프님^^<br>여동생할래요. 오~빠 ㅎ오빠!<br>석박김치 잘 먹을게요. 쌩유❤,False,,0.0,0
@abcdefg-h4w,"부럽습니다. 오빠가 챙겨주시고..<br>울 오빠는 어릴때부터 13년 차이나는 저를 걸핏하면 밥상머리에서 숟가락으로 머리때리고, 주먹으로 쥐어박았는데.. 김치양념이 많이 뭍지않은 것 찾느라고 뒤적이면 손이 올라왔죠 어린 입이라 매워서 그런건데..",False,,0.0,0
@user-nm4uj4xn8,우리오빠도.ㅠ,True,@abcdefg-h4w,2.0,0
@김혜영-j2k7i,13년차이 나면 너무도 이쁜 여동생일텐데~ㅜㅜ<br>오빠가 참 정없고 욱하는 성격이였나보네요. <br>님의 어린시절 마음을 토닥토닥<br>위로해봅니다~,True,@abcdefg-h4w,2.0,0
@이영심-t8p,넘 맛나겠어요,False,,0.0,0
@이영심-t8p,언제나 세밀하게 잘따라 할 수있어서 감사합니다,False,,0.0,0
@제행무상,오늘 당장 무사다가 담아야겠어요,False,,0.0,0
@아델리아-b3t,믿고 보는 셰프님의 요리 레시피 감사합니다 깍두기 은근 맛내기 어렵더라구요 이 레시피로 섞 박지 담궈야겠어요,False,,0.0,0
@소망-t2r,담가봐야겠어요  맛있어보여요😅,False,,0.0,0
@김봉심-t4h,김대석 셰프님 늘정감 가는말씀 매번 잘시청하고있습다 구독좋아요드리고 있음다저도여수가 고향 항상정감있는말씀고맙습니다 건강하셔요,False,,0.0,0
@유재희-x9r,셰프님 쓰시는 믹서기 어디건 지요?,False,,0.0,0
@KimChefTV,한일믹서기 입니다~,True,@유재희-x9r,1.0,0
@retriever_bombom,주말에 무 뽑아서 석박지 담글건데 마침 딱맞게 올려주셨네요. 잘 배워뒀다가 둘이먹다 하나 죽어도 모를 석박지 한번 담가보겠습니다. 언제나 홧팅입니다! ㅎ,False,,0.0,0
@백임송,작년에도 따라해서 맛나게 먹었는데 또해야것네요<br>항상 좋은 레시피 얻어갑니다<br>김대석세프님 ~~👍,False,,0.0,0
@岩頭禮子,항상 잘보고있읍니다 정말맛있겠어요🎉🎉일본무우는 수분이많아서 무우가 무루고 맛이별로람니다<br>정말멋고싶네요 오늘도 감사합니다❤❤❤,False,,0.0,0
@한미역,셰프님 석박지 영상 감사합니다😊❤,False,,0.0,0
@거울공주-m3z,여동생 챙기시는 쉐프님 보면 하늘나라에 계신 작은오빠가 많이 생각나고 그립습니다  저를 엄청 예뻐하셨거든요 😭 수고하시는 손길위에 건강위에 축복합니다,False,,0.0,0
@김명자-o4j,석박지 김치<br>담고 싶었는데~<br>셰프님 언제나 고맙습니다 <br>석박지 만나게 담아 볼게요 <br>언제나 건행 하세요 ㄱ 🩵 🙏,False,,0.0,0
@진솔하개,역시 셰프님 최고시네요😊 여동생 부럽네요😅<br>저는 김장 하고도 몸살이 와서ㅋㅋ 체력이 약한데 <br>시엄니꺼 며느리꺼를<br>혼자 다 했거든요ㅡㅡ;;<br>정신차리고 또 도전해야지요ㅋㅋ 항상 건강하세요❤❤❤,False,,0.0,0
@yhjeong7493,셰프님 실례가 안된다면 쓰시는 칼이랑 믹서기 정보 알려주실수 있나요 ㅎㅎ,False,,0.0,0
@KimChefTV,한일믹서기 입니다~,True,@yhjeong7493,1.0,0
@Chaisook-55,오늘도 열심히 공부하고 갑니다<br>무청 다 버렸는데 올해는 조금 넣어 담가야겠네요<br>대파도 크게 많이넣고 ...,False,,0.0,0
@엠에스-f7c,셰프님. 찹할가루가없는뎅 찹쌀풀대신 감자가루로 풀해도 맛이다를까요?,False,,0.0,0
@안경순-q6o,나도나도 석박지 맛깔나게 담아보세요,False,,0.0,0
@nareshin2240,생새우 대신 새우젓 사용하면 양을 어느정도 넣으면 될까요??,False,,0.0,0
@KimChefTV,생새우는 짠맛이 없기때문에 양파를 좀더 갈아 넣어도 됩니다<br>새우젓은 그대로 넣으시고<br>마지막 소금으로 간을 잘 맞추세요~~,True,@nareshin2240,1.0,0
@정미애-c7n,아따  제고향은 경상도이지만  김대석세프님 김치는 정말 땡깁니다^^~,False,,0.0,0
@유윤지-i3r,셰프님석박지는 넘 맛나다고들 ^^^^,False,,0.0,0
@go0451,"<a href=""UCkszU2WH9gy1mb0dV-11UJg/G8AfY6yWGuKuhL0PlbiA2AE""></a><a href=""UCkszU2WH9gy1mb0dV-11UJg/G8AfY6yWGuKuhL0PlbiA2AE""></a><a href=""UCkszU2WH9gy1mb0dV-11UJg/G8AfY6yWGuKuhL0PlbiA2AE""></a>",False,,0.0,0
@go0451,리액션도굿    솜씨도굿   최고,False,,0.0,0
@go0451,역시쉐프님최고,False,,0.0,0
@투게더-x4c,아삭아삭한  석박지<br>참 맛있게 잘 봤어요<br>무엇보다 셰프님 말씀이 아주 맛깔납니다,False,,0.0,0
@강승주-q9p,맛있겠다.,False,,0.0,0
@알짜-d5z,무청대공ㅋㅋㅋ<br>셰프님 리얼 사투리로 추억소환 합니다.<br>섞박지도 추억이네요.<br>셰프님 홧팅요.😂,False,,0.0,0
@박효순-k1g,석박지 담아주는 오빠있는 동생분이 부럽습니다,False,,0.0,0
@ohjeongja2397,그러게,True,@박효순-k1g,1.0,0
@복돌이-c8c,믹서기는 어디 제품인가오?,False,,0.0,0
@KimChefTV,한일믹서기 입니다~,True,@복돌이-c8c,1.0,0
@동글너부리-o7u,셰프님 김치 따라하다가 온통 냉장고에 항아리에 김치가 가득 합니다. 너무 맛있습니다.,False,,0.0,0
@바람꽃-f6j,동글너부림님 맞아요<br>세프님 따라 김치당그다보니 냉장고<br>가득입니다 <br>행복하세요 😅,True,@동글너부리-o7u,1.0,0
@이송은-j1b,포인트를    배워 갑니다   정말  감사해요  김대석셰프님 최고스승이세요❤,False,,0.0,0
@라니-o9n,석박지 맛나보입니다<br>토요일 김장예정인데<br>올해는 석박지도 같이 담궈야겠네요 감사해요 셰프님 🎉🎉🎉,False,,0.0,0
@RngCh-f1j,석박지 레시피 제대로 배워갑니다<br>셰프님 가을 석박지 레시피 공유해 주셔서<br>감사드립니다👍👍❤❤❤,False,,0.0,0
@김성희-m3b1t,사용하고  계신 믹서기  어디 제품 인가요?,False,,0.0,0
@구슬옥-b4g,쉐프님 김치에<br>누룽지 같이 먹으면<br>정신이 쏙~~나가부러요🥰🥰🥰🥰킹쉪 🍁🍁🍁🍁🍁🍁🍁,False,,0.0,0
@여김진옥-l4v,.,True,@구슬옥-b4g,1.0,0
@mcir0116,해외라서 생새우를 구할수가 없는데 생새우 안넣어도 맛있을까요?,False,,0.0,0
@희선정-q3l,여동생이  부럽네요 항상 맛있는거  하실때마다  엄청 여동생것을챙겨 주시는  오빠가  있으셔서요😮,False,,0.0,0
@파란하늘-n6w,저도 석박지 좋아하는데요😢😢<br>나는 쉐프 오빠도 없고😂😂😢<br>🎉🎉🎉🎉🎉🎉🎉🎉🎉<br>무 사러 마트나 가야지😢ㅋㅋ,False,,0.0,0
@랄랄라-u1i,생새우  고추씨 없는데 안넣어도 될까요?<br>대신 어떤걸넣으면 좋을지 부탁드립니다,False,,0.0,0
@동용희,구지 안넣어도 괜찮아요. 가을무 자체만으로도 맛있습니다.,True,@랄랄라-u1i,1.0,0
@shinlee7292,아… 엊그제 3년전 레시피 보고 석박지 만들었는데… 좀만 더 기다릴것 그랬네요~,False,,0.0,0
@박오숙-d3p,ㅎㅎ  저또한  성급함으로  일주일전에  친구가  주어서<br>미리  담구었네요<br>무우청  넣고하면  진짜로  맛나버립니다  세프님~  추워지는  날씨에  항상  건강하시고 ~,True,@shinlee7292,2.0,0
@임형선-j1z,저두요 ㅎㅎㅎ,True,@shinlee7292,2.0,0
@J헤일리-d9d,쉐프님 여동생 부럽네요~<br>너무 좋아하는데<br>안담을 수가 없겠어요 ^^,False,,0.0,0
@지연강-k1d,아이고. 여긴 미국이라 고추씨랑 생새우가 없어영. ㅠㅠ,False,,0.0,0
@권을경-t6d,나긋 나긋 ~ 좋아요^^,False,,0.0,0
@봄비-m5m,나는 우리오빠 노예로 살았는데 부럽네요 셰프님같은 오빠가 있으면 좋겠네요,False,,0.0,0
@케이크고구마,여동생건 여동생이! 이젠 여동생이 오빠한테,True,@봄비-m5m,1.0,0
@Koreanlisa5,좋은 오빠예요 우리오빠 였음 좋겠어요<br>마음 씀씀이가 예뻐요♥️♥️♥️✨️♥️♥️♥️,False,,0.0,0
@미희김-y9k,"히컨<br>쌀밥이 생각나게 하는<br>석박지,  잘배워 갑니다😂",False,,0.0,0
@상록수-l6n,앗따 맛깔나네요~~!<br>최고!!.양념이 골고루 맛나겠다.💜,False,,0.0,0
@장미꽃-n2v,최고입니다   저도  꼭  참고할깨요  군침도네요😊,False,,0.0,0
@손혜경-y1j,김대석셰프님 반갑습니다 <br>저도 어제 다발무 세단 사서 두단은 석박지를 담았습니다 요즘 가을무가 맛있죠<br>냉장고에 들어갈곳이 있으면 많이 담아서 넣어두고 먹으면 맛있어요 <br>영상 잘보았습니다 <br>오늘도 좋은하루 되세요 ☕️☕️☕️,False,,0.0,0
@햇살반짝-h7h,와 진짜 맛있을것 같아요. 셰프님 여동생 하고 싶어요~😅,False,,0.0,0
@tv-cd7sc,크,False,,0.0,0
@ymy3829,세프님 <br>여동생은 너무 좋겠어요<br>김치 담글때  꼭 여동생 챙겨주는  오빠가 있어서요~~~~,False,,0.0,0
@Sung1989,대석이형은 이제 나의 스승님 형! 사랑해,False,,0.0,0
@남영우-o4g,어릴때 어머니가 해 주시던 석박지 생각납니다 ㅠ,False,,0.0,0
@똑순짱,석박지<br>맛있겠네요<br>선생님,False,,0.0,0
@이영희-r5p6e,믿음가는 쉐프님 오늘도 화이팅하세요♡,False,,0.0,0
@이정숙-j6d9f,셰프님 여동생 엄청 부럽습니다~😂😂😂,False,,0.0,0
@동그라미33,엄지척 맛집~<br>행복 가득한 레시피 항상 감사합니다<br>화이팅 입니당<br>좋은  하루 되세요❤,False,,0.0,0
@김현숙-z9i,"가을 석박지, 석박지 참 좋아해요 소금과 설탕말고 꼭 뉴슈가를 물에 같이 녹여 절여 줍니다 시원함을 더 해주는 대파에 우리 셰프님의 비법인 멸치액젓을 넣어 주고 두 번째 비법 고추씨와 생새우를 넣어주고 새우젓 반 컵, 매실청, 사과, 양파를 꼭 넣어 주고 갈아서 사용, 물기 뺀 무우에 우선 색을 입혀 주고 나중에 청을 섞어서 버무려 주면 완성👍여동생분이 부럽습니다 감사합니다🤤🤤💖💖❣️",False,,0.0,0
@박옥례-x8t,ㅣ11111111ㅣ111,True,@김현숙-z9i,4.0,0
@김미향-j7u,297​@@박옥례-x8t,True,@김현숙-z9i,4.0,0
@김서은-k1l,좋은 팁 감사합니다 ㅎㅎ 덕분에 몰랐던 정보 알아가네요~(윤하콘서트인천대구부산에서곧해요,True,@김현숙-z9i,4.0,0
@K-Traveling,김대석쉐프님 최고!,True,@김현숙-z9i,4.0,0
@sephardic8976,여동생은 복받으셨습니다. 이렇게 챙겨주시는 오라버니가 계시니.,False,,0.0,0
@y.s4340,감사합니다  <br>셰프님 쓰고있는 믹서기가 고장나서 새로 구입할려구 하는데 쑤고 계시는 제품이 어떤거에요~??,False,,0.0,0
@KimChefTV,한일믹서기 입니다~,True,@y.s4340,1.0,0
@푸른하늘-y5p,오늘은 무우절임에 소주는 안넣나요^^<br>혹 절일때 소주넣으면 반컵이 적당할까요<br>세프님 늧 감사합니다,False,,0.0,0
@라떼-e8c,스승님 아침에 천수무 사러 가는걸 어찌 아셨나이까,False,,0.0,0
@한진희-e8i,잘 봤습니다<br>셰프님도 옷 따시게 입으시고<br>건강하세용^^,False,,0.0,0
@joo0707,건고추 대신  홍고추 갈아넣으면 안됩니까요 쉐프님?❤,False,,0.0,0
@마음씨네,건고추를자꾸사용하셔서 없는경우 일반고추가루 얼마나넣나요,False,,0.0,0
@이사랑포항,김 대석세프님<br>반갑습니다 <br>석박지레시피 굿 👍 <br>잘 배우고 마당 무우 뽑아서 석박지 담가보께요<br>감사합니다. 세프님😅,False,,0.0,0
@잭더리펴-k4b3y,김대석 셰프  님     남편 할아버지 할머니   아들 딸  제일 좋아하는 음식 입니다   소중한석박지레시피감사합니다    김대석 셰프님  항상 몸 관리 잘하시고요    가족들이랑 같이꼭 행복 하세요      그리구  항상 가족들같이 몸 건강 하시고요  즐거운 목요일 보내세요  저는 다음 영상 기대하면서 저 이만  슝~~~~,False,,0.0,0
@잭더리펴-k4b3y,항상잘보고갑니다 1등출석행복한 목요일 보내세요`(*&gt;﹏&lt;*)′ `(*&gt;﹏&lt;*)′,False,,0.0,0
@joo0707,최고입니다❤,False,,0.0,0
