author,comment,is_reply,reply_to,reply_count,is_spam
@lure_mania,대희햄 개웃기네 ㅋㅋㅋ잘하네 유튜브,False,,0.0,0
@lure_mania,ㅋㅋㅋㅋㅋ케미가 잘 맞는데?,False,,0.0,0
@서만재-c7s,ㅋㅋㅋ,False,,0.0,0
@Offset-qj9np,찬성햄 사투리 정감있다,False,,0.0,0
@구남새,녹화 그만하께여,False,,0.0,0
@긴팔원숭이-z1d,야야야 이양반아 ㅋㅋㅋㅋㅋㅋㅋㅋㅋㅋ😂,False,,0.0,0
@HiềnNguyễn-q1k1x,한두번 해보니깐 감이 살아나네 도파민 중독자들 모여라 모여 롤지노,False,,0.0,0
@TrinhNgoc-m3i,"BJ라이브 롤,스타,배그 ㅂㅌ  롤️지️노️",False,,0.0,0
@đứcđào-d9m,"BJ라이브 롤,스타,배그 ㅂㅌ  롤️지️노️",False,,0.0,0
@TranNuong-g1p,한두번 해보니깐 감이 살아나네 도파민 중독자들 모여라 모여 롤지노,False,,0.0,0
@longinh9714,아아아~ 공습경보 공습경보 ~ !! 롤o지o노 주가상승 자세한것은 구글을통해 확인해용,False,,0.0,0
@haiCao-l5y,"BJ라이브 롤,스타,배그 ㅂㅌ  롤️지️노️",False,,0.0,0
@Namnguyenvan-x4j,아아아~ 공습경보 공습경보 ~ !! 롤o지o노 주가상승 자세한것은 구글을통해 확인해용,False,,0.0,0
@tringuyenminh1104,아아아~ 공습경보 공습경보 ~ !! 롤o지o노 주가상승 자세한것은 구글을통해 확인해용,False,,0.0,0
@ThuậnHà-c7r,아아아~ 공습경보 공습경보 ~ !! 롤o지o노 주가상승 자세한것은 구글을통해 확인해용,False,,0.0,0
@멋진인생-life,"<a href=""https://www.youtube.com/watch?v=7RNFuVEA-Mk&amp;t=333"">5:33</a> 로버트 다우니 주니어 닮음 ㅋㅋㅋㅋ",False,,0.0,0
@tenp2002,이상하게 진짜 난폭하게 생기게 나왔다 ㅋㅋㅋㅋㅋㅋㅋㅋㅋ,False,,0.0,0
@英雄本色周潤發,대희햄은 참 부산말이 잘어울려요 신기하게,False,,0.0,0
@붑-i9q,그미ㅡ마꿔예,False,,0.0,0
@한국의자랑-x6u,"전성기기준으로,<br>태권도 이동준님 발차기 vs 정찬성님 펀치 어느쪽이 더 쎌까요",False,,0.0,0
@김무옥-k1h,밥 들어갔다 나오는거 ㅈㄴ웃기늌ㅋㅋㅋㅋㅋㅋㅋㅋ,False,,0.0,0
@신동일-z9i,꼰대희 허세가 겁나 울아부지같네..,False,,0.0,0
@산골사람,ㅋㅋㅋㅋ<br>아무튼웃겨유...,False,,0.0,0
@yoon7627,코좀은 리스펙안할수가없지~~❤,False,,0.0,0
@jongpark7201,왜이렇게 꼴보기 싫을까,False,,0.0,0
@smp9867,38살에 애 셋이나 되는 아빠가 28살 같노...,False,,0.0,0
@sjini5974,언젠가 만진당 뺏지달긋지 ㅉㅉㅉ,False,,0.0,0
@탐크루즈-q6n,반타작이라니....한국이낳은 세계 최고의 격투가인데!!,False,,0.0,0
@범아-t1z,코리안무좀 ㅋㅋㅋㅋㅋ,False,,0.0,0
@airplane2464,그만하께여..,False,,0.0,0
@ReginaSherman-d9y,그놈의 ㄱ글 에서 벳프리 댓글 ㅈ 나많네 그렇게죠 좋은가보지 보러갈까??,False,,0.0,0
@배달민국,옥타곤에서 두들겨 처맞기만하고 나라 망신 다시킨 애가 쪽도 모르고 유투버 앵벌이하며 밥처먹고사내,False,,0.0,0
@성삼s,ㅋㅋㅋㅋㅋㅋㅋ,False,,0.0,0
@ahnfamily9521,ㅋㅋㅋㅋㅋㅋㅋㅋㅋㅋ,False,,0.0,0
@밀프헌터,그만하께여,False,,0.0,0
@이병철-e7t,무좀이라길래 웃겨서 들어왔다 ㅋㅋ,False,,0.0,0
@DeniseYvonne-t6f,그놈의 ㄱ글 에서 벳프리 댓글 ㅈ 나많네 그렇게죠 좋은가보지 보러갈까?ㅋ,False,,0.0,0
@dash4uson760,"조제알도와 대전, 어깨 탈골은 너무 운이 없었습니다. 그리고 에이징커브에 의한 기량저하, 그 사이 많은 슈퍼키즈의 탄생.<br>하지만,  성실하고 화끈한 그리고 감각적인 타격은 ufc의 전설로 남아있습니다.<br><br>프로 파이터는 승률보다는 경기내용으로 역사에 남슴니다.<br><br>다른거 다 떠나서,  조제알도 욱일기 그려진 도복 입고 나온거, 항의 하고 반성 이끌어 낸 건 정말 남자로써 존경 그이상 받아야 합니다.",False,,0.0,0
@징징이-q5j,행님 조준호형님도 불러줘요,False,,0.0,0
@강실장-m7j,ZFN - 어디서 시청할수 있나요 ???,False,,0.0,0
@ksk-fv9mf,정찬성 화면 보자마자 바로 좋아요 클릭~^^<br><br>항상 마음 졸이며 경기 본게 좋은 추억이 되어 버렸네..^^:;<br><br>항상 응원합니다~<br>코리안 좀비 화이팅~!!!  ^^,False,,0.0,0
@iwannajoo,고만하께여,False,,0.0,0
@핑-r1w,와 대박 좀비라니....,False,,0.0,0
@GeeHanShin,할말 하안ㄹ,False,,0.0,0
@user_48igjcmdub,"<a href=""https://www.youtube.com/watch?v=7RNFuVEA-Mk&amp;t=1311"">21:51</a> 이건 입에서 나는 소리가 아니야 ㅋㅋ",False,,0.0,0
@나나-m2u3g,&quot;시크릿이 뭐야&quot; 한번 해주지 ㅋㅋ,False,,0.0,0
@thehermit2094,아직은 한국 선수들중엔 ufc 챔프가 없는거지?,False,,0.0,0
@나라사랑-r9w,정찬성 멋지다,False,,0.0,0
@키개애애,밥무께여,False,,0.0,0
@JOJOHN-n1i,횡단보도앞에서 가족분들이랑 계신거봤는데 덩치 겁나 큼 사진찍고 싶었는데 아내분이 더 큼..,False,,0.0,0
@발광머리앤-j6z,정찬성 그냥 김동현 루트 타라ㅋㅋㅋ 예능 잘하네ㅋㅋㅋ,False,,0.0,0
@5468891,정찬성 저 특유의 &quot;내가&quot; 저 화법하고 혼잣말이랑 상대에게 하는 말이랑 구별 못하는 반말 화법들 격투기 팬들한테 10년 넘게 지적당한 부분인데 고집 뒤져서 죽어도 안 고치다가 여기 나와서 지적다하는 거 개웃기네ㅋㅋ,False,,0.0,0
@qorder889,말할때 ‘제가’ 하면서 본인 낮추기를 요구하는건그냥 너를 비롯한 유교 씹선비나라에서  ‘만’  해당되는 얘기고 <br>건방진것도 뭣도 아니고 그냥 상대를 무시하지도 않지만 나를 낮추지도 않겠다는 화법인데  <br>저사람이 왜 본인 화법을 니같은 좆병맛나는 씹선비 불편충들 기준에 맞춰야 하고 안맞으면 지적당해야 하는거임 ? <br><br>아니 진짜 이해가 잘 안되서 ㅋㅋ,True,@5468891,1.0,0
@lilil-o7o,밥 먹을께예~,False,,0.0,0
@wellli7764,꼰다희 만나니까 정찬성 개웃기네ㅋㅋㅋㅋㅋ,False,,0.0,0
@lider00ful,인상이 너무  좋으신 찬성님!! ㅋㅋㅋ,False,,0.0,0
@inconsistent2811,No english sub for this one 😭😭😭,False,,0.0,0
@goat-kn1jk,그마하께요,False,,0.0,0
@ck-ym9zs,반말이야,False,,0.0,0
@adonis1643,어?   꼰대희 시청한게 얼만데..  구독이 아니었네?...    이런..           좋아요 간만에 누르다 알았네.. 췟..,False,,0.0,0
@atelier1114,좀비 쟤는 인성이 역시나 별로,False,,0.0,0
@다솜-w5x,아부지 어디까지<br>섭외하실련지 넘 궁금해요~~,False,,0.0,0
@행복한일상-i1c,대체 강호님 님은 얼마나 아우라가 강하길래..좀비님까지 말씀하시는건지 ㅎㅎㅎ😂,False,,0.0,0
@parkjazz3048,ZZZZZZZZZZZZZZZ ㅋㅋㅋㅋㅋㅋㅋㅋㅋㅋㅋㅋㅋㅋㅋㅋㅋㅋㅋㅋㅋㅋㅋㅋㅋ 오늘 분량 재밌었어요!!,False,,0.0,0
@user-hm1mp1mx1w,뇌에 데미지 누적되서 기억이 왜곡 되셨는지 그냥 쳐맞고 은퇴하셨는데 다시 한번 버세여 하께여,False,,0.0,0
@dasdasfasfasfdasd,그마하께여,False,,0.0,0
@coolk6232,그만 하께요~,False,,0.0,0
@약속의날-b5l,ㅋㅋㅋㅋ    마지막에   손 바닥 통과하고    주먹에   코   맞은거    같은데¿???????,False,,0.0,0
@foreverlove9308,로킥 체험은 없네~~~ 아쉽다 ㅋㅋㅋㅋㅋㅋㅋㅋㅋㅋㅋㅋㅋㅋㅋㅋㅋㅋㅋㅋ,False,,0.0,0
@파란스토리,찬성이형이다,False,,0.0,0
@user-tu5sv4ic9g,곧 페레이라 한국 오는데 페레이라랑 밥묵자 해주세용,False,,0.0,0
@akebwodb,정찬성 선수 실력으로나 인기로 보나 정말 훌륭한 선수인데 방구석 찐따들이 <br>웃기지도 않은걸로 꾸역꾸역 놀리는거 보면 참 착찹하네..정찬성선수가 이런 댓글보고 마음쓰지 않았음 좋겠다,False,,0.0,0
@smithj6623,그마하께여,False,,0.0,0
@한솔-m7t,코좀 무좀 스파링함 가자~😅,False,,0.0,0
@필반나.차전,ㅋㅋㅋㅋㅋㅋㅋ둘의 조합 꿀맛이넼ㅋ 아 대희님 허벅지 한대 맞아봤으면 ㅋㅋㅋㅋㅋㅋㅋ,False,,0.0,0
@박진혁-v9s,"아는형님 박재범, 정찬성 나온 거 보고 있었는데 마침 여기 나오시네",False,,0.0,0
@Wang-Gun,밥만 먹으께여,False,,0.0,0
@조영규-n5b,손맛좋죠? ㅋㅋㅋ,False,,0.0,0
@너부리-p9g,수입쇠고기 없나보네,False,,0.0,0
@meyoukko,모르지 빵빵 터트린적이 없으니 ㅋㅋㅋㅋㅋㅋㅋㅋㅋㅋㅋㅋㅋㅋㅋㅋㅋ,False,,0.0,0
@퍼펙트Qim,우와  정잔성이다  😂😂😂🎉🎉🎉,False,,0.0,0
@서정수-w6i,실력 있고 유명한만큼 마음도 따뜻한 인물일세,False,,0.0,0
@Honeybadger425,단순하고 순수한 천생 파이터,False,,0.0,0
@송민석-r7x,다음에는 조정식안됨니깨?,False,,0.0,0
@추석-t7u,사투리 개어색한데?,False,,0.0,0
@일산폭격기-w5z,정찬성 행님 10.30일 강남 풍년집 근처에서 사진찍어달라고했는데 안찍어주셨는데.. 여기 댓글 고정이라도 시켜주세요❤,False,,0.0,0
@kunkim-x9w,말을 빨리 빨리 하지,False,,0.0,0
@homestay2217,한입좌님이랑해주세요,False,,0.0,0
@seungtaekim7042,"꼰대희님~ 대희 금마 자녀가 낼 수능 본다든디,  대박 기운 함 팍팍 불어 넣어 주이소~",False,,0.0,0
@SsinUJ,정찬성은 볼때마다 그냥 흐뭇함 한국격투계의 그야말로 색깔진한 레전드,False,,0.0,0
@user-tu5sv4ic9g,​@@marcokim3352은퇴 이후에 삶을 살려고 준비한게 뭐가 안 멋짐? 오히려 더 멋진 부분아닌가?😊,True,@SsinUJ,3.0,0
@marcokim3352,"@@user-tu5sv4ic9g 그게 은퇴 이후냐 ㅋㅋㅋㅋㅋㅋ 선수 생활 하면서 은퇴각 맞춰서 술집 인테리어랑 다 해놓고 쳐발리고 사업 홍보.. ㅉㅉ<br>넌 운동인이 뭐 할때 멋있는지 모르지<br>진정성인데, 은퇴경기 준비 하면서 사업 준비 다 해놓은게 진정성이냐 ㅋㅋㅋㅋㅋ",True,@SsinUJ,3.0,0
@marcokim3352,@@SsinUJ 그건 은퇴 후 이야기 이고 은퇴 전에 가게 준비<br>다 해놓은게 진정성있는 격투가냐 ㅋㅋㅋㅋㅋㅋㅋ<br>마지막 경기 지는거 맞춰서 ㅋㅋㅋ,True,@SsinUJ,3.0,0
@jjc8276,64년생이 뭐 저리 젊어,False,,0.0,0
@user-wn8vq5vt2v,그만할게요 나,False,,0.0,0
@TV-im1ip,넘 웃기네요 12월14일 표 어디서 구매해요,False,,0.0,0
@FEEL-n5y,Z가 좀비가 아니라니까.. 계속 우기네 꼰대,False,,0.0,0
@yuninchan,ㅎㅎ재미지다😂,False,,0.0,0
@lennyhan4039,저희형님 때리지마세요^^ 두분다 사랑합니다❤,False,,0.0,0
@이게뭐야-b4o,와~ 경기때는 모르겠던데  카메라 가까이서  치는거 보니 무섭네요,False,,0.0,0
@아재개그전도사,좀비들이 제일 좋아하는 해산물은???_____구울,False,,0.0,0
@땅강아지-b9v,정찬성 내가 젤 좋아하는 파이터ㅡ👍 김대희 그냥 좋아하는 유튜버ㅡㅋㅋㅋ,False,,0.0,0
@hopej7194,잘 머그께여.,False,,0.0,0
@Wehdjfydksbe,"<a href=""https://www.youtube.com/watch?v=7RNFuVEA-Mk&amp;t=787"">13:07</a> <br>악동 fc 코리안 마이콜 출전 기대할께요 ㅎㅎ",False,,0.0,0
@yangpa369,그만하께여,False,,0.0,0
@michaeljordan9578,코리안좀비랑 그냥 좀비의 만남,False,,0.0,0
@곰이랑곰순이,꼰대 대가리가 없나 남껀안보나,False,,0.0,0
@혀뉴-g3j,데이vs대희 zfn 이벤트매치 ㄱㄱ,False,,0.0,0
@ilandrabbit,살빠진 싸이같노ㅋㅋ😂😂,False,,0.0,0
@빙쿠이,그만하께여,False,,0.0,0
@kcrollerskate3404,😊👍,False,,0.0,0
@맥아리-w8p,꼰대희 처음 보는데 케릭터 몰입 대박이다. 본인 얘기하는데 미동이 전혀 없어...,False,,0.0,0
@활기찬하루-t9q,식사 그만할께여....,False,,0.0,0
@CSICSICSI,코피 터젔으면 대박인디 ㅋㅋㅋ,False,,0.0,0
@케연확,뭔 조합이고,False,,0.0,0
@준사마-y7s,대희널 사랑한 대희~~~,False,,0.0,0
@이주종-j1h,페더급에 최강들이 많아  정상정복은 못했지만 그래도 멋지고 부인도 너무 예쁜데다가  보통여자가 아님  찬성선수 건트롤 할정도면^^그리고 대희씨  너무 잘하고 너무 웃김^^,False,,0.0,0
@잰옹,ZFN이 좀비 파이트 나이트 줄임말 아니였어? ㄷㄷ,False,,0.0,0
@fantastic1701,그만하께여❤,False,,0.0,0
@편법사,정찬성 화이팅 입니다<br>멋지네요<br>킨텍스 기대하겠읍니다,False,,0.0,0
@5gi5gi5gi,근데 진짜 못배웠나보네 말하는데 기본이 안돼있누 ㅋㅋ,False,,0.0,0
@이상현-r1v,ㅋㅋㅋㅋ잼나게 봤어용,False,,0.0,0
@redsunset8714,찐으로 좋아하는데?ㅋㅋ ㅋㅋㅋ,False,,0.0,0
@jeleve,정찬성 선수님 펜입니다!,False,,0.0,0
@suby04,임자 만났네 ㅋㅋ,False,,0.0,0
@nogader,김동회 선수 반갑습니다,False,,0.0,0
@ehdtjd0224,왼쪽이 코리안무좀같이 생기긴했네요,False,,0.0,0
@전라도,밥무글께여,False,,0.0,0
@꿀잼갤러리,반말하께여,False,,0.0,0
@가나-b4n5e,정찬성 은퇴할때 나울뻔.<br>경기보다,False,,0.0,0
@가나-b4n5e,데이나화이트 복싱코치에서 조단위재산가..됐고 나이먹었지만 아직도 몸좋음 젊을때 존잘,False,,0.0,0
@시바견-o7k,코리안 좀비 멋져!,False,,0.0,0
@김로이-d6c,앞존법 존댓말<br>아빠..라는말에<br>못배웠다라기보단<br>나이가 있기에<br>경계선 아니면 모자란?<br>사람같네요.,False,,0.0,0
@성이름-l3s,??,True,@김로이-d6c,1.0,0
@이정훈-z2n,말을 자꾸 놓네요..<br>혼잣말인척..<br>자존감이 엄청센드요,False,,0.0,0
@andyk6418,🔥🔥🔥,False,,0.0,0
@Bellinghamsiu,그만할께여,False,,0.0,0
@youngok_park,꼰대희 한거 중에 제일 웃었다~^<br>건데 절마는 부산도 아이면서 진짜로 부산 아 같이로 한단 말이야~**,False,,0.0,0
@rot17392,아내분한테 지라니ㅠㅠ 너무 상남자십니더,False,,0.0,0
@맥구볼까,UFC챔피언이면 모를까,False,,0.0,0
@컹s맨-x8s,재밌네 ㅋㅋ,False,,0.0,0
@-li8nk,찬성형 최고!,False,,0.0,0
@성이름-u3f8z,그만할께여 😅,False,,0.0,0
@자이언츠앵그리맨,꼰대희가  대라.. 하는데 아무 말 없이 국 그릇 갖다 대는게. ㅋㅋ 남쪽 출신 맞네요 😂😂😅,False,,0.0,0
@히_토리,앜ㅋㅋㅋㅋㅋㅋㅋㅋㅋ 꼴 조타!!,False,,0.0,0
@mensa2030,국내는 적수가 없는 찬성이형...  전세계 탑티어급..,False,,0.0,0
@황성민-h2l,그만무께예,False,,0.0,0
@엄마아빠형형수조카,대한민국 최고 격투기 선수 축구에  해버지의 감동이 있다면 격투기에 대한민국 감동과 눈물을 안겼던분,False,,0.0,0
@이영규-b5p,그만하께여~,False,,0.0,0
@mangkong2,코리안 무좀ㅋㅋ,False,,0.0,0
@오징어버터구이-b3u,꼰대희 아저씨 마동석 형이랑도 해줬으면 좋겠어요 진짜 재미있을듯요,False,,0.0,0
@KUMI_information9,밥 그만묵으께여,False,,0.0,0
@김원기-m4y,가족사진 크게해서 걸어놓으라구요 피디님!!!!!,False,,0.0,0
@주주-u5r,헬스장에서 운동하다  빵터졌습니다ㅋㅋㅋ,False,,0.0,0
@Again_1992-V3.,찬성이형 귀여워,False,,0.0,0
@파데스,이렇게 된거 블랙컴뱃 검정대표도 소환하시오,False,,0.0,0
@shmshm1345,형님 할로웨이랑 볼카한테 그렇게 했었어야죠,False,,0.0,0
@sezzang,꼰대 하께예~,False,,0.0,0
@베어준-x2l,정찬성한테  로우킥  몇대만  맞으면 ~저는 김대희 입니다.~ <br>할텐데..   아쉽다,False,,0.0,0
@acotory,와 데이나화이트 ㄷㄷㄷ,False,,0.0,0
@kickfast2721,와이프가 연상이셨구나  연하인줄 ㅋㅋ,False,,0.0,0
@이사무국장,어색한 분위기도 재미있는데요? ㅎ,False,,0.0,0
@장현수-b5s,역시 탈동양 팔길이 ㄷㄷ,False,,0.0,0
@cosmos_universe_1,와 몸이 더 커지셨어ㅎㅎㅎ여전히 멋지심,False,,0.0,0
@ez.j,무좀이래서 바로 들어왔습니다,False,,0.0,0
@Kimhy14,정찬성 살 마이찟네,False,,0.0,0
@good-day98305,찬성형 오랜만!!!❤,False,,0.0,0
@정석진님,트럼프친구데이나화이트 화이트파트너 정찬성!!,False,,0.0,0
@정석진님,맥스와의 은퇴경기는 지금까지UFC포퍼먼즈 중에서 역대최고였습니다!!,False,,0.0,0
@gangsterykd,정찬성 그때도 최고들만 가던곳이 UFC 였음.  최고 🎉🎉🎉🎉🎉🎉🎉🎉,False,,0.0,0
@dosjeb2ua,졸라웃기넼ㅋ,False,,0.0,0
@억원-l7y,초반이 개웃기네 ㅋㅋㅋ 내보다 믄저묵나 함보자 ㅋㅋㅋㅋ 개빵터졋네,False,,0.0,0
@Dhuxidowhdisi77,레전드 코리안좀비 👉🔥🔥🔥🔥👊,False,,0.0,0
@축담첨,1타2피 대희형 진짜 아푸겠다 ㅋㅋㅋㅋㅋㅋㅋ,False,,0.0,0
@빈-d5k1k,그만하께여,False,,0.0,0
@Pip665,김대희가 김동현 고등학교 선배인데 ㅋㅋㅋㅋ,False,,0.0,0
@ggondaehee,김준호아인가...,True,@Pip665,1.0,0
@howdyhowdy06,다음엔 밥묵자 감스트랑 합방 해주세요 제발,False,,0.0,0
@족발집-c7s,@@howdyhowdy06 감스트 클라스에 꼰대희는 아니지  굳이 왜 여길,True,@howdyhowdy06,1.0,0
@이승현-o7t2c,그만하께여,False,,0.0,0
@Rose-id6ps,그만하께에,False,,0.0,0
@kkingkkang-u7k,Ufc 가기 어렵지 않냐는 말에 그당시는 지금보단 좀 쉬웠다 이러는거 보면 <br>사실이더라도 좀비가 참 겸손한거 같음,False,,0.0,0
@hellows0817,김대희 잡담 더럽게 기네...,False,,0.0,0
@plusyou6991,찬성이가 나오네 ㅎ,False,,0.0,0
@YellOw_Nada,그 부산대회 직관가서 KO승하고 퇴장할 때 찬성님 바로 앞에서 보면서 다 같이 좀비 외치던 기억이ㅎㅎ,False,,0.0,0
@보로와하타,"<a href=""https://www.youtube.com/watch?v=7RNFuVEA-Mk&amp;t=958"">15:58</a> 데이나화이트 모르는컨셉이다가 백사장으로 커밍아웃ㅋㅋㅋ",False,,0.0,0
@김중-o6h,"정말 믿기가 힘 들었던 게..프랭키 애드가를 너무 좋아 햇던 나 엿던게, 프랭키 애드가는 약점을 찾아 볼 수 없는 복싱과 레슬링 실력을 두루 갖춘 완벽한 파이터라고 생각함 과 동시에 어느 누구도 쉽게 이길 수 없었던 선수 였는데 세상에 그런 선수를 좀비가 이겻으니 도무지 믿기가 힘들었다. 그리고 거의 완벽형에 가까운 실력파 모이카노를 그리 쉽게 이기는가 하면, 거의 레젼드급 포이리에를  이기는가 하면 , 이 세사람을 멋지게 이긴 좀비는  우리나라 격투기 역사를  한 획을 그어간 정찬성은 데이나 화이트가 안좋아 한다는게 상식에 어긋난 일이다. 그리고 정찬성은 불운의 레젼드다. 정찬성의 체급은  절반이 레젼드급 완벽형 실력자 들의 무대였다. 그리고 상대들도 다 존경받을 만한 선수들의 치열한 싸움였었다.그래서 패한 파이터들도 멋진 파이터 들이다. 특히  할로웨이는 멋진 좀비의 친구다^^ 아름답다 할로웨이 그리고 더스틴 포이리에 . 그리고 정찬성....아무리 완벽한 선수도 세월엔 장사 없다.",False,,0.0,0
@junoiiiii,"<a href=""https://www.youtube.com/watch?v=7RNFuVEA-Mk&amp;t=1305"">21:45</a> 부터 개웃기네ㅜㅋㅋㅋㅋㅋㅋㅋ",False,,0.0,0
@강건-l7r,매운맛 손절썰좀 물어봐줬음 하네,False,,0.0,0
@지훈-j8h1s,찬성 너무 건방져 😢,False,,0.0,0
@프리마-o8o,우와.~<br>데이나 화이트 회장이 온다고..?<br><br>이건 정말 대단한 일이다.😊😊😊,False,,0.0,0
@프리마-o8o,좀비니까 가능한 일.😊,True,@프리마-o8o,1.0,0
@one2h224,"한국에서 데이나 화이트랑 독대하고 사업 따올 수 있는 사람  정찬성 밖에 없습니다. 정찬성은 스타파이터였으니까요. 데이나화이트가 대회사사장임에도 중립을 못지키고 호불호를 많이 가리는 스타일인데, 조금 과장해서 맥그리거 다음으로 정찬성을 좋아합니다. 정찬성의 스킬적인 부분보다 초창기에 보여준 끈질김이나 터프함, 이사람이 가지고 있는 지기싫어하는 경쟁심으로 감동을 줬었기 떄문이라고 생각합니다.",False,,0.0,0
@kopp-ym8ix,와사비 코...,False,,0.0,0
@김진영-l9e7g,정찬성과 김동현의 다른모습... 찬성 웃고 동현 걱정,False,,0.0,0
@인생은기세다,와 쉐도우 개지리네 한방 걸리면 바로 기절 이네,False,,0.0,0
@김수현-g8i5d,와 좀비 10년 알았는데 경상도 말투 첨들어봄,False,,0.0,0
@太祖王建-il,???: 그만하께여,False,,0.0,0
@빠니보틀니딱,댓글먼저달고 보는사람🖐️,False,,0.0,0
@이강희-z6p,좀비형 진짜 호감 ㅋㅋㅋ,False,,0.0,0
@이동현-x3u7h,좀비 vs 무좀비 ㄷㄷ,False,,0.0,0
@gimuz-k,174만 유튜버 꼰대희가 코리안무좀이 뭐고ㅋㅋ 그리 언어유희가 생각안나드나ㅋㅋㅋ,False,,0.0,0
@미국로또1장_무료,썸네일보고 바로 들어온 사람 손!,False,,0.0,0
@정_종욱,"<a href=""https://www.youtube.com/watch?v=7RNFuVEA-Mk&amp;t=40"">0:40</a> 이거는 씹ㅋㅋㅋㅋ 예의 있는 사람도 낚여서 당하겠네 ㅋㅋㅋㅋㅋㅋ",False,,0.0,0
@thomasbeats1550,제 최애 스타 두분이서 모이시니까<br>반갑네요 ㅋㅋ<br><br>항상 잘 보고 있습니다<br>대희삼촌^^<br><br>저도 삼촌보다 나이는 훨씬 어리지만<br>나중에 점차 나이를 먹어도<br>삼촌처럼 젊은 사람들하고도<br>서스럼없이 편하게 잘 지내는<br><br>그런 어른이 되고 싶습니다<br>크리스마스 시즌이라 일이 바빠져서<br>댓글은 종종 못남기지만<br>항상 잘 챙겨보고 있어요<br><br>항상 건강하세요<br>대희삼촌^^,False,,0.0,0
@김재성-b9u,진짜 누가 음식점 차리고 음식잘하는애 있다고 백종원불러서 뽑아가라 어케 말하냐...대단하다,False,,0.0,0
@lsi7321,백대희ㅋㅋㅋㅋㅋㅋㅋㅋㅋㅋㅋ,False,,0.0,0
@신창섭-k3u,식사하께여 ㅋㅋㅋㅋ,False,,0.0,0
@hyun-dop.1290,헐 데이나화이트가???,False,,0.0,0
@거부할수없는매력,그만하께여,False,,0.0,0
@LisanAlRegister,할로웨이때는 내구도 너무 많이 까였고 그만하께여 명언도 남겼지만 전성기 좀비는 진짜 전설이었다,False,,0.0,0
@광교원천역,<b>마동석은 입에도 안올리네 ㅋㅋ 거품이 심하긴하지 ㅋㅋ</b>,False,,0.0,0
@엘라이사,김대희 60살이라는게 더 놀랍네,False,,0.0,0
@정진우-k3m,정찬성 진짜 웃는거 겁나 해맑음 ㅋㅋㅋ,False,,0.0,0
@smartintelligent,"5분 보다가 채널 돌립니다. 최소 게스트 데리고 왔으면, 어떤 주제로 어떻게 진행할지.. 생각은 하고 진행을 하셔야지.. 참지 못하고 돌립니다. 그 이후에 얼마나 재미있는지는 모르겠습니다만.. 처음부터 너무 준비 안된 부분이 보이네요. 아님, 촬영분량을 편집을 제대로 하시던가요..",False,,0.0,0
@리철중동무,@@smartintelligent 이것또한 대본이여요ㅋ요래모르는척으로 대본대로 컨셉이죠 불편하면 안보는게맞죠,True,@smartintelligent,1.0,0
@HelenAn4008,와우~내고향 포항 인물났네~❤<br>멋지다 82년생 울 큰 아들 보다는 어리지만<br>팬 되뿟네~~^^<br>아 ~~ 웃긴다<br><br>할줌마,False,,0.0,0
@깡총깡총산토끼,정찬성은 실역보딘다운이좋은사람은<br>분명합니다,False,,0.0,0
@피구공-y9,말이나 똑바로 ㅎ,True,@깡총깡총산토끼,1.0,0
@SYJ-u8u,아들이 셋이죠~,False,,0.0,0
@Forthe-Queen,옛좀비..,False,,0.0,0
@잭팟-r3x,ㅋㅋㅋㅋㅋ정찬성 부산사투리 쓰는거 왜이리 오그라냐드냐ㅋㅋㅋㅋㅋㅋㅋㅋㅋㅋㅋㅋ전염됐나 보기오그라들어 ㅠㅠ,False,,0.0,0
@apka19,진짜 예능감은 없다. 그냥 자체가 깝깝하다...그냥 와이프 시키는대로살고  가서 동네애들 데뷔 유튜브나...,False,,0.0,0
@신채민-n8p,뽀대히망함,False,,0.0,0
@Andstill3,팬심으로 봤는데 ㅈ나 웃기네ㅋㅋ,False,,0.0,0
@parkgeunjong,정찬성 사투리 너무 좋다,False,,0.0,0
@DS-on2bb,살짝 처맞고 죽을라함 ㅋㅋㅋㅋㅋ,False,,0.0,0
@Fiww92929g,박재범 언제 나와..,False,,0.0,0
@레전드동조,꼰대희님 이미지로 냄비받침대 만들면 좋을꺼같아요,False,,0.0,0
@Bluerain798,그만하께여,False,,0.0,0
@Asdf5036-v5t,여기 이근 나와도 재밌겠는데 ㅋㅋㅋㅋㅋㅋㅋ,False,,0.0,0
@force-recon,@@Asdf5036-v5t 웃겨서 못봄,True,@Asdf5036-v5t,1.0,0
@나미-i9g,이새키 아직도 문재인찬양하냐?,False,,0.0,0
@aIwayswithme,코리안 무좀 ㅋㅋㅋㅋㅋ,False,,0.0,0
@DOGKINGDO,"16hrs, 200k plus views 🎉👍💪💪💪 <br>Let&#39;s go korean zombie. Much love from usa.",False,,0.0,0
@seminary0509,12월14일 명현만선수하고 그 석고주먹 이름 뭡니까 거시기 하고 다시 한판 하면 좋겠네여,False,,0.0,0
@우상향파티,독박자에 나오시는 모습이라 조금 어색하네요 ㅋㅋㅋㅋㅋ 독박자에서도 꼰대희 버젼 한번 질러주세요,False,,0.0,0
@sloppy5196,밥먹으께여,False,,0.0,0
@연우-i3j,천성이 살이 포동포동 올랐네,False,,0.0,0
@띵똥샤넬,오늘. 딱 살고싶지않았는데..  웃고 나니 대희. 찬성 위대함을 느껴요😂😂😂😂,False,,0.0,0
@donalisa7850,찬성이 행님. 내 부산 사람인데 행님 사투리 죤1나게 이상합니다.,False,,0.0,0
@띵똥샤넬,이걸. 보니. 살고싶어지네요. 찬성님. 대희님. 🎉🎉🎉😢😢😢😅😂❤❤❤,False,,0.0,0
@띵똥샤넬,감사합니다..고맙습니다~~,True,@띵똥샤넬,1.0,0
@나무한그루-v3s,슬랩스틱은 심행래지!,False,,0.0,0
@캐비어,아 그냥 찬성이행님 웃는거만 봐도 웃기네 ㅋㅋㅋㅋㅋ,False,,0.0,0
@dola3806,정찬성 여기서보니 뭔가 포스가더넘치는 외모가 갖고있구나..,False,,0.0,0
@journeykim1,좀비의 진정성을 믿습니다. 고마웠습니다~<br>정찬성의 성공을 기원합니다 🎉🎉🎉,False,,0.0,0
@byoongsin,와이프 지칭을 지라고 하는... 지도 알아요... 서로 편해서 그런거겠지만 남들 앞에서 아내 지칭은 높여서 표현 하시길,False,,0.0,0
@우유-b8y,그만하께영~~,False,,0.0,0
@잉태-y3c,그만하께여..,False,,0.0,0
@gentle580,그마히께여  ~,False,,0.0,0
@drPjw,찬성씨 경기보고 감동 많이받았었습니다...나약해질때 찬성씨 경기보고 힘내곤 했습니다. 앞으로도 건강하게 돈도 많이 버시고 살아가십쇼.,False,,0.0,0
@user-ho1gj4vy6y,정찬성 첨엔 예능 어색하더니 입담이 많이 늘었음 ㅋㅋㅋㅋ,False,,0.0,0
@l9금-급딸-야뎡O-f1p,↑🎮,True,@user-ho1gj4vy6y,1.0,0
@COZY-BUILD,z에 뜻이 없다면 ㅎ 도 괜찮았을텐데,False,,0.0,0
@wlsgur9019,둘다 부산사람이라 주장하지만 제대로된 사투리를 쓰는 사람은 없었다,False,,0.0,0
@user-iy7fu5ud7o,와 정찬성 경상도였다... 사투리. 완전몰랐네,False,,0.0,0
@jh753,그마하께여,False,,0.0,0
@돈머니-b2f,"꼰대희 두번째  당하는것 본다. 첫번째는 윈터 와 지젤 한테  당하고 ,이번에 쨉으로 면상코덩어리 맞는거하고두번째네.아이고 배잡고 웃는다.",False,,0.0,0
@frankcostello9731,ㅋㅋㅋㅋㅋㅋㅋㅋㅋㅋㅋㅋㅋㅋㅋㅋㅋㅋㅋㅋㅋㅋㅋㅋㅋㅋㅋㅋㅋㅋㅋㅋ,False,,0.0,0
@777tellme8,인생의 뜨거움을 보여주시는 멋진모습 감사합니다. (하야케 불태우지말고 길게 길게 멋진모습 보여주세요.),False,,0.0,0
@shanks3865,ㅋㅋㅋㅋㅋㅋㅋㅋㅋ😂,False,,0.0,0
@Appletree7942,좀비는 사랑입니다,False,,0.0,0
@쿠쿠-c4m,핫소스 초대기원,False,,0.0,0
@안락동스콜피온,그만하께여,False,,0.0,0
@박끼룩-s9j,정찬성이 우리나라 격투기 최고정점을 찍은 사람이지 ㅋ,False,,0.0,0
@mino_Choi,"<a href=""https://www.youtube.com/watch?v=7RNFuVEA-Mk&amp;t=1342"">22:22</a> 꼰대 참교육 😂😂😂",False,,0.0,0
@월드짜파게티-cw,칭성이❤,False,,0.0,0
@hight-tem-pre,그만 하께요,False,,0.0,0
@전주노동팔,ㅋㅋㅋ😂,False,,0.0,0
@윤바리-f3i,그먄하꿰여~,False,,0.0,0
@Boxerkim,챈성 형님 살 많이 찌셨다 ㄷㄷ,False,,0.0,0
@jusictazza,ㅋㅋㅋㅋㅋ,False,,0.0,0
@Mr-mv9jb,개웃기노 ㅋㅋ,False,,0.0,0
@입벌구악귀91박찬우,그만하께여~,False,,0.0,0
@jaedols,"<a href=""https://www.youtube.com/watch?v=7RNFuVEA-Mk&amp;t=959"">15:59</a> 화이트니까 백사장 ㅋㅋㅋ",False,,0.0,0
@맥아리-w8p,@@jaedols 이미 알고 있던 건줄 ㅎ,True,@jaedols,1.0,0
@길냥이마스터,데이나화이트 의리있네 그러니 대표지 ufc,False,,0.0,0
@appray6389,와 레전드정찬성!!,False,,0.0,0
@promise2080,그만하께여~말고 멋있게 은퇴 한 번 더 했었나요?! 영상보면서 긴가민가 해서요.,False,,0.0,0
@1life.love.me.not.normal,코리안 무좀ㅋㅋㅋㅋㅋㅋㄱㄱㄱㄱㅣㅣ ㅣㅣㅣㅣㅣ,False,,0.0,0
@하하-h1v9l,아 진짜 너무 웃기네 ㅋㅋㅋㅋㅋㅋㅋㅋㅋㅋㅋㅋㅋㅋㅋㅋㅋ,False,,0.0,0
@user-cg5sk2jg2i,대희형 모르는척 열심히 하시다가 갑자기 백사장 이래버리시네 ㅋㅋ,False,,0.0,0
@junehan3995,"<a href=""https://www.youtube.com/watch?v=7RNFuVEA-Mk&amp;t=860"">14:20</a> 대희 나 화이트 ㅋㅋㅋ",False,,0.0,0
@jinokang-vq2sb,정찬성!!!!!!!!!!!!!!!!!!!!!!!!!!!!!!!사랑합니다  조내많이 !!!!!!!!!,False,,0.0,0
@주민이의게임놀이터,ㅋㅋㅋㅋㅋㅋㅋ 역대급 웃기네 ㅋㅋㅋㅋㅋㅋㅋ,False,,0.0,0
@자연의만남흑사자,앙개꿀띵 판치 ㅋㅋㅋ,False,,0.0,0
@리키김-e8q,정찬성선수 나와서  잼있게 시청하고갑니다~앞으로 선수육성 많이해주세요~사진함찍고싶다ㅠ,False,,0.0,0
@taeseob,은퇴를 번복 하기엔 <br>데이나 화이트+돈킹이 두팔 걷어 붙이고<br>나서도 포장이 안 됨.<br>너무 제대로 은퇴를 했음.<br>사실 볼카전이 은퇴 였어도 <br>역대급이긴 했음.(여기서 이미 번복 찬스<br>반장 쓴 거임)<br><br>정찬성이 큰 돈 받을 수 있는 메치는<br>mma룰로 제이크 폴 하고 <br>맞짱 드는 거. . .,False,,0.0,0
@탑스원,나도 z가 좀비에 약자인줄 알았는데 아니었네?,False,,0.0,0
@냥냥펀치-e4d,"<a href=""https://www.youtube.com/watch?v=7RNFuVEA-Mk&amp;t=1212"">20:12</a> &#39;박수칠때 떠나라&#39;의 정확한 의미",False,,0.0,0
@희망은있다,박수칠 때 떠났고 정말 멋있게 떠났는데 인터넷 방구석 패배자들이 정찬성 너무 조롱을 함,True,@냥냥펀치-e4d,3.0,0
@냥냥펀치-e4d,@희망은있다  인생의 패배자 새끼들이라 그럼요 빈수레가 요란하다고 지들 인생에서 업적이라고는 하나도 이뤄본적 없는놈들이 더 그런것같아요,True,@냥냥펀치-e4d,3.0,0
@노머니맨오,@@희망은있다 ㅇㅈㅋㅋㅋㅋ,True,@냥냥펀치-e4d,3.0,0
@jinagnes1176,재미 드럽게 있네!!!ㅋㅋㅋㅋㅋㅋㅋ<br>(지상렬님 말투ㅋㅋㅋㅋㅋㅋㅋ),False,,0.0,0
@sinensis3585,코좀 사투리는 아닌 것 같아요 ㅎㅎㅎ,False,,0.0,0
@pkj4444_cherrygym,좀비트립!!!!,False,,0.0,0
@jinagnes1176,"<a href=""https://www.youtube.com/watch?v=7RNFuVEA-Mk&amp;t=1367"">22:47</a> 고마하께여!!!ㅋㅋㅋㅋㅋㅋㅋ<br><a href=""https://www.youtube.com/watch?v=7RNFuVEA-Mk&amp;t=1370"">22:50</a> 지배가께여!!!ㅋㅋㅋㅋㅋㅋㅋ",False,,0.0,0
@합격하고싶다-u1f,개꿀잼 ㅋㅋㅋㅋㅋ,False,,0.0,0
@jisungpark8910,"요즘들어 느낀건데 꼰대희 컨셉이 좀 과한거같음, 꼰대코스프레도 재밌다 싶을때까지만 해야하는데 그냥 짜증나게 연기함",False,,0.0,0
@송가네-k1u,찬성이 잘생겼다!!!!!!!!!!!!!,False,,0.0,0
@entertainer-u5l,"<a href=""https://www.youtube.com/watch?v=7RNFuVEA-Mk&amp;t=1343"">22:23</a> ㅋㅋㅋㅋㅋㅋㅋㅋㅋㅋㅋ 쌤ㅡㅡㅡ통 ㅋㅋㅋㅋㅋㅋ",False,,0.0,0
@추풍령-i2i,ㅋ ㅋ ㅋ재밉네.,False,,0.0,0
@광철kc,그마 하께요,False,,0.0,0
@hedeisgone,와 찬성이형 나왔네,False,,0.0,0
@jeffjung8000,군대 공백이 참 아쉬웠음 한참 전성기 였는데,False,,0.0,0
@목푸는황구다-l6e,껄끄러운 분위기네요.<br>어색함이 시종일관 ㅡ.,False,,0.0,0
@김수환-y2r,매미킴 vs 황인수 추진 가능합니까??,False,,0.0,0
@얼음식혜-p3w,"<a href=""https://www.youtube.com/watch?v=7RNFuVEA-Mk&amp;t=412"">6:52</a> ㅋㅋㅋㅋㅋㅋㅋ 맞는 말이네요 ㅋㅋㅋㅋㅋㅋ",False,,0.0,0
@얼음식혜-p3w,어차피 욕 먹을꺼 차라리 누나(?)한테 욕먹는게 덜 기분 나쁘죠ㅋㅋㅋ,True,@얼음식혜-p3w,1.0,0
@아싸라비요뽈래,좀비는 옆머리를 매번 거의 스님수준으로 밀어버리네 ㅋㅋㅋㅋㅋㅋㅋㅋ,False,,0.0,0
@user-use331,그마할께요~~!,False,,0.0,0
@골프닥터PXG,❤❤❤❤😂😂😂😂멋진두분캐미👍👍,False,,0.0,0
@taejungkim4508,압구정 도시맥주  사업  번창 하시길,False,,0.0,0
@시루산,우리 찬성이 많이 컷다야..여기도 다 나오고.셀럽 다 됐다야..멋지다야..찬성이!,False,,0.0,0
@신동준-x9b,대한민국에 자랑이지 우리에 정찬성,False,,0.0,0
@chongminao6702,그만하께여~,True,@신동준-x9b,1.0,0
@조녜서,김대희 진짜 정찬성을 몰랐던거임?,False,,0.0,0
@surewhynotbro,아이고 찬성이형 ... 비위맞추시느라 고생많으셧습니다 !,False,,0.0,0
@very0207,근데<br>꼰대희 진짜 잘생기지않음?<br>개그맨 안해도 배우될상인데,False,,0.0,0
@SGTGunnySGT,울 꼰대희 님... 괜찮으시거쥬?? ㅎㅎㅎ,False,,0.0,0
@여진용-l5b,와우..정찬성 선수님하고 식사 하신거 처음봤습니다.😮,False,,0.0,0
@박성환-u7l,배짼다 ㅋㅋㅋㅋㅋ,False,,0.0,0
@anthonysong5181,코좀행님 괌 갔다오시더니 스투시 괌 입으셨네 ㅋㅋ,False,,0.0,0
@very0207,좀비보단<br>코리안무좀이 더 독하지,False,,0.0,0
@user-wv1oj2lg3k,배불러서 그만묵으께여,False,,0.0,0
@박경훈-g6r,이형살마니찌셧넹ㅋㅋ,False,,0.0,0
@gonomcham522,격알못 좀비. 이제는 예능 많이 해야쥬ㅋ,False,,0.0,0
@안방텐,이거 풀버전 첨봐요...😊,False,,0.0,0
@진격하라아,마지막에 처 맞는거만 웃기네,False,,0.0,0
@용어정리-l5g,이번 영상 제목보면 무조건 볼 수 밖에 없다.,False,,0.0,0
@El_Matador16,그만하께여,False,,0.0,0
@HaDuhun,코좀형님 포항 사람인 건 알았는데 실제로 사투리 쓰는 거는 여기서 처음 보네 ㅋㅋㅋ,False,,0.0,0
@Jhonnasse,생각보다 덩치가 크시네,False,,0.0,0
@piterpan92,서양인들하고 같이있으니까  부곽되지 않았던거지  종합격투기 선수답게  체격이 커요.<br>근육량이 많아서일 수도  있어요.,True,@Jhonnasse,1.0,0
@박이기-t5k,밥 먹으께여,False,,0.0,0
@JuhanLee-or8fq,대희나 화이트ㅋㅋㅋㅋㅋㅋㅋㅋㅋㅋㅋㅋㅋㅋㅋㅋㅋㅋㅋㅋㅋㅋ,False,,0.0,0
@GloryofUnited,ㅋㅋㅋㅋㅋㅋㅋㅋㅋㅋㅋ 근데 여기는 머리가 풍성한데요,True,@JuhanLee-or8fq,5.0,0
@mckinseyand2022,Dana White ㅋㅋㅋㅋ,True,@JuhanLee-or8fq,5.0,0
@l9금-야뎡-보관소c-x9k,⇪⬅️,True,@JuhanLee-or8fq,5.0,0
@Bmfchamp,@@GloryofUnited 흰머리라서 화이트입니다,True,@JuhanLee-or8fq,5.0,0
@IanWallace-z6z,ㄱ글 에서 벳프리 보느라 눈밑에까지 다크써클 들어옴 ... 진짜 근데이뻐서 눈을못떼겟다...,True,@JuhanLee-or8fq,5.0,0
@FASHIONMDDESIGNER,격투기에 획을그은 좀비..스턴건🎉🎉🎉  멋져부려..나두 늙지만아니면..😢😢😢20대때죽어라했는데...😂😂😂..돈버느라 운동못함..50세되니 이제 뼈부러진때두아프,False,,0.0,0
@데헷-g4d,그만하께여,False,,0.0,0
@도르마무-j2p,반말.. 이제 그만할께염,False,,0.0,0
@김판호-b9d,찬성이형 양손 vs 토푸리아 왼손 잽<br>누가 이길거 같나요😊,False,,0.0,0
@El_Matador16,진지하게 닥후임. 걍 스피드부터 너무 차이나서 ㅋㅋㅋㅋㅋ,True,@김판호-b9d,2.0,0
@재연-e4c,@@김판호-b9d 전성기도 아니고 지금이면 닥후,True,@김판호-b9d,2.0,0
@성이름-v4h2u,벌크업 ㅈㄴ 잘되서 빠따 ㅈㄴ 쎈 게 느껴지네ㅋㅋ,False,,0.0,0
@김동현-c1p,김대희는 원래가 살이안찌는체질인가 잘먹는것같은데 살이안쪄보여,False,,0.0,0
@sänger-w9o,주먹 휘두르거 보니 진짜 무섭네요!!❤,False,,0.0,0
@chongminao6702,그만하께여~,True,@sänger-w9o,2.0,0
@l9금-딸감-야뎡U-x1s,☝🌾,True,@sänger-w9o,2.0,0
@팔도한뚜겅,탑텐문지기 운이좋았다,False,,0.0,0
@미니민-q2u,Ufc서울 가능한가,False,,0.0,0
@msm0797,그만하께여,False,,0.0,0
@김도현-x5d,찬승이 쪼매 살좀붙었네,False,,0.0,0
@소나티네,기라성은 일본말입니다 고치시지예,False,,0.0,0
@TV-jc9nw,괜히 은근 엄청 막...  웃기네요 ㅋ 😊,False,,0.0,0
@TeslaKing-f3u,나무 숟가락 젓가락 당연히 1회용 이겠죠? 나무는 아무리 칠을하고 코팅을해도 미세하게 나무사이에 음식물이스며들어가서 점차썪어들어감… 각종질병의 원인이됨. 😭,False,,0.0,0
@AWEHFOLIWKA21,귀찮아서.. 그냥 먹지뭐..;;,True,@TeslaKing-f3u,1.0,0
@민-u5g,데이나화이트 카니까 대희?이래뿌놐ㅋㅋㄱㅋㅋㅋㅋㄱㅋ,False,,0.0,0
@멸공의횃불-n6p,좌빨은 뭐 그냥 거름,False,,0.0,0
@radio19711,주여! 이 꼴통을 보살펴 주옵소서,True,@멸공의횃불-n6p,1.0,0
@ultrapuncher,진짜 이상한조합이라 재미없을줄 알았는데 처음부터 끝까지봄 ㅋㅋㅋ,False,,0.0,0
@fuckingleezaiming,"<a href=""https://www.youtube.com/watch?v=7RNFuVEA-Mk&amp;t=785"">13:05</a> ㅋㅋㅋㅋㅋㅋ 웃기고 있네<br>국내 최대 가장 잘하는선수들이 모인 단체는 &quot;블랙컴뱃&quot; 입니다",False,,0.0,0
@강군석-t3z,저런 사람을 강호동이 이길 수 있다고 한 아이라이크사커 회원 병신 애자 새끼들 뭐냐ㅋㅋㅋㅋㅋㅋㅋㅋufc가 장난이가,False,,0.0,0
@춘리春丽,저남자인데  제육 알러지있어서 30년넘게 제육두입밖에 안먹어봄요,False,,0.0,0
@brutalman5059,Subtitles pleaseeee,False,,0.0,0
@lmt_53,😂😂😂😂😂😂😂😂😂😂😂😂😂😂,False,,0.0,0
@사이다-i1p,"저는 이럴려고 예능 도전한게 아닌데 그만 할게요,,",False,,0.0,0
@chan3123,전찬성이가 경상도 출신인지 처음 알았네,False,,0.0,0
@robss1522,연기지 다,False,,0.0,0
@주니파파-j5w,내가 x 제가 o,False,,0.0,0
@Morakano55,"<a href=""https://www.youtube.com/watch?v=7RNFuVEA-Mk&amp;t=549"">9:09</a> 와 찬성이형한테서 경상도 말투 나오는거 처음봐 ㄷㄷㄷㄷㄷㄷㄷㄷㄷㄷㄷㄷㄷㄷㄷㄷㄷ",False,,0.0,0
@갓-g9o,찬성이형 좀비인 이유가 있다 아내에게 대담하게 돈때문에 우는거라고 말하는 대담함이 대단하네 원래 목숨 여러개인사람보다 안죽는사람이 무서운거임ㅋㅋㅋㅋㅋㅋ,False,,0.0,0
@l9야뎡-저장소bs,"재미 드럽게!!!! 있네 ㅋㅋㅋㅋㅋㅋㅋ.... 지상렬님 말투ㅋㅋㅋㅋㅋㅋㅋ,,",True,@갓-g9o,2.0,0
@ymca2357,아내분 본인 입으로 말했다는데 이게 왜?,True,@갓-g9o,2.0,0
@록이-s6q,와 찬성이형 이런 매력이 있었네요 은퇴해서 너무 아쉽지만 그래도 전설로 남아줘서 감사한 선수 반타작이라는 게 과연 괴몰들만 있는 곳에서 가능 할 사람이 몇명이나 있을까 싶네요! 술 마시다가 좀비 얼굴 보여서 바로 시청했습니다 ^-^,False,,0.0,0
@GuardianWashington,이 댓글 보고 ㄱ글 에서 벳프리 보고있는 내 인생이 레전드네 씨밬ㅋㅋㅋㅋ?,True,@록이-s6q,1.0,0
@mandcho4155,ㅋㅋㅋ 꼰대희아재 맞는거 통쾌하네요,False,,0.0,0
@김-q5t9s,썸네일 머리짧은 황제성인줄 알았는데 찐코좀이였노...,False,,0.0,0
@권혁철-v4p,좌좀이네 😂😂  운동선수는 본인의 운동만 집중해라 정치성향 들어내지말고 득되는거 하나도 없으니,False,,0.0,0
@radio19711,드러내지,True,@권혁철-v4p,1.0,0
@정승호-z5v,헐 좀비햄이 여기 왜나와 ㄷㄷㄷ<br>유엪씨 팬이라 겁나 반갑다 ㅋㅋㅋㅋㅋ<br>이제는 사장님되셨는데 모습은 여전히 친근하네요,False,,0.0,0
@chongminao6702,그만하께여~,True,@정승호-z5v,2.0,0
@GuardianWashington,ㄱ글 에서 벳프리 이 ㅓㅇ도로 유명했음?  내 듣보잡인줄 알았는데 ㄷㄷ?,True,@정승호-z5v,2.0,0
@user-bc1og8hb1b,찬성이가 여기에?,False,,0.0,0
@쿠쿠-n2s9b,찔찔이 아니여?,False,,0.0,0
@Lilie938,잘 보고 갑니다 꼰대희님♡♡<br>주말 잘 보내시기 바랍니다♡♡,False,,0.0,0
@ppoppkang3182,대희네 하이트 한잔해!,False,,0.0,0
@dnjstjr4846,찬성이형 사투리 왜케 어색하냐 ㅋㅋㅋㅋㅋㅋㅋㅋ,False,,0.0,0
@user-dhgs1b5fhvs,ㅋㅋㅋ 코좀 재밌음,False,,0.0,0
@Racheljung-s7j,격투기 멋있지.. 오디션 프로도 많이 만들고..그런데 그 일로 벌어 먹고 사는 사람이 얼마나 될까. 결국 예능인데..그마저도 그돈을 투기에 쓰고싶을까?,False,,0.0,0
@jude3618,그만먹으께요,False,,0.0,0
@coreanamentejujeno6325,Please keep your hand steady! 🤣,False,,0.0,0
@TY-rq2qv,아니 정찬성 사투리 제대로 쓰는거 첨보네,False,,0.0,0
@v3안찰스,직행 페티쉬,False,,0.0,0
@user-rz7mn4gx2c,아직 영상 재생안했는데 정찬성이 ㅈㄴ뚜드려 맞을거같네 ㅋㅋ,False,,0.0,0
@가야로빠-k3o,좀비 경기 볼때 만큼 손에 땀 나고 눈물이 흐를 선수가 다시 나올 한국선수가 있을려나..,False,,0.0,0
@elma_SKKU,@@가야로빠-k3o 너무 심하게 매맞길래 슬프긴 했음,True,@가야로빠-k3o,2.0,0
@Lima1trmph,@@elma_SKKU힘내라 ㅋㅋㅋㅋ,True,@가야로빠-k3o,2.0,0
@-azsdf6592,그만하께여,False,,0.0,0
@도뇨누네뇨,찬성이형 사투리 너무 귀엽다 아이가!,False,,0.0,0
@user-simsulman,ㅋㅋㅋㅋㅋㅋㅋㅋㅋㅋㅋㅋㅋㅋㅋㅋㅋㅋㅋㅋㅋㅋㅋㅋㅋㅋㅋㅋ,False,,0.0,0
@Aiil428,경상도에 대장대장 하는사람들 많더만 정찬성이 경상도 출신이였구나.. 정리되네,False,,0.0,0
@louseal014,ㅋㅋㅋㅋㅋㅋㅋㅋㅋㅋㅋㅋㅋㅋㅋㅋㅋㅋㅋㅋㅋㅋㅋㅋㅋㅋㅋㅋㅋㅋㅋㅋㅋㅋㅋㅋㅋㅋㅋㅋㅋㅋㅋㅋㅋㅋ,False,,0.0,0
@wychoi3353,정찬성선수 한국의 자랑이다..,False,,0.0,0
@장유정-t2i,하 내 야동 왔다. 바지 벗는다ㅡ.,False,,0.0,0
@gogoJjjjjj,ㅋㅋㄱㄱㅋㅋ사람들 싸우는 거 ㅋㅋㅋㅋㅋㅋㅋㅋㅋㅋㅋㄱㄱㅋㅋㅋㅋㅋㅋㅋㅋㅋㅋㅋㅋㅋㅋㅋㅋㅋ,False,,0.0,0
@JohnSattoCH,Love it!!!!,False,,0.0,0
@춘득이의일상,순간 강형욱씨 인줄,False,,0.0,0
@Kazma_drum,끝에만 봤더니 잼있네 ㅋㅋ,False,,0.0,0
@무야호-b4k,문재앙 좋아하는 좌파 정찬성,False,,0.0,0
@radio19711,주여! 이 꼴통을 보살펴 주옵소서,True,@무야호-b4k,1.0,0
@BBD-MK-e7f,형이 여기서 왜 나와 ㅋㅋㅋㅋ,False,,0.0,0
@gentilejung9489,정찬성 진짜 예능감 너무 좋아졌다,False,,0.0,0
@튜브다-y9p,대히가 잘해~,False,,0.0,0
@마녀-p7v,정찬성 ㅋㅋㅋㅇ😂,False,,0.0,0
@gggguuuunnnn,"<a href=""https://www.youtube.com/watch?v=7RNFuVEA-Mk&amp;t=471"">7:51</a> ㅋㅋㅋㅋㅋㄹㅅㅋㄹㅋㄹㅋㅎㅋㄹㅋ",False,,0.0,0
@carclick.,화이트가 온다는건 진짜 대박이다,False,,0.0,0
@이승준-g9b,와 선수님 사투리 진짜 매력있으시네요 !,False,,0.0,0
@1777.1,그만하께여,False,,0.0,0
@gloss6976,행님 저도 꼰대지만 채널이름 개씹꼰대희로 비꾸십시요,False,,0.0,0
@이거조졌네,"<a href=""https://www.youtube.com/watch?v=7RNFuVEA-Mk&amp;t=472"">7:52</a> 개웃기넼ㅋㅋㅋㅋ",False,,0.0,0
@zk4dx,찬성아 방송하지마라 니미지만 깎는다,False,,0.0,0
@nathan373,코좀 보면서 행복했다,False,,0.0,0
@Snskdkxkkww,아니 ㅇㅐ는 왜까이냐 ㅋㅋㅋ<br>진짜 구역질 나는게 검정이 붙네마네 ㅋㅋㅋㅋㅋ,False,,0.0,0
@user-zi3tg6nq4g,좀참지 후회할건데 😂ㅎㅎㅎ,False,,0.0,0
@OMDYOON,코리안좀비 화이팅!!,False,,0.0,0
@Naruhodo000,형 쵸단 주먹도 무서워하면서  무슨 -_ -,False,,0.0,0
@사랑이h,찬성😊❤,False,,0.0,0
@janian5028,썸보고 왔음 ~~찬성이형 입술좀<br>치네~~!!ㅎㅎ,False,,0.0,0
@seewoopark,왜 11월 15일 크림 얘기가읍노 내가 노친거가,False,,0.0,0
@sparklenm9831,케미 미쳤네 ㅋㅋㅋㅋ 찬성이형 잘 받아준다 ㅋㅋ,False,,0.0,0
@hahahoho2840,은퇴가 30년 동안 안나올정도로 그 정..도..였나?,False,,0.0,0
@산유-c4i,ㅇㅇ,True,@hahahoho2840,2.0,0
@hahahoho2840,@@산유-c4i 그...으..래요..,True,@hahahoho2840,2.0,0
@MyNameIsSeongMinLim,꼰대할께여,False,,0.0,0
@jasonkim8580,진지좀 빨자면 <br>정찬성은 항상 &quot;내가&quot; 라고 하더라<br>지가 최고인줄아는가봐....,False,,0.0,0
@Funnywoodly-u8y1,넌 과대망상이 심하네<br>&#39;내가&#39; &lt;- 그냥 친근함 그 이상 그 이하도 아닌데 어떻게 자뻑으로 볼 수가 있음?,True,@jasonkim8580,2.0,0
@점점-h6h,ㅇㅉㄹㄱ,True,@jasonkim8580,2.0,0
@하이프리아,"예능 그만 할게요,,",False,,0.0,0
@ThePsygram,예능감각도 없는 좌익새끼가 여기 쳐기이나와가지고 어휴 역겨워,False,,0.0,0
@김민찬-h8f,아니 됬고 장수원도 명분이 생겼는데 100만 유튜바 U.M.A랑은 언제 찍을거임???,False,,0.0,0
@rokmcopi,찬성이는 까는거 아님!<br>자기분야에서 최고인 사람이다.,False,,0.0,0
@삶자유,쨉이 아니라 로우킥 맞았어야 했는데,False,,0.0,0
@뭐-r6i,꼰머희가 백사장 카는거 보니 ufc보는듯?,False,,0.0,0
@PersonalUseChannel,난 찬성 저ㅅㄲ 좌빨인게 맘에 안들어,False,,0.0,0
@radio19711,주여! 이 꼴통을 보살펴 주옵소서,True,@PersonalUseChannel,1.0,0
@drunken586,밥먹을깨예~,False,,0.0,0
@999_구,그마나끼예,False,,0.0,0
@kkd-ls8sc,띠동갑 형님 얼굴맞게 하고 웃는거ㅋㅋㅋㅋㅋ 정찬성은 이미지랑 다르게 은근 무례한게 ㅈㄴ웃김,False,,0.0,0
@seoul-farm,ㅋㅋㅋㅋ 재밌게 봤네요. 손맛이 끝내주네요.,False,,0.0,0
@미오치치홍만초이만만,첨엔 안웃기다가 마지막에웃기네 ㅋㅋㅋㅋㅋㅋㅋㅋㅋ,False,,0.0,0
@지연-m6h3d,그마하께여,False,,0.0,0
@전철우-o9u,🤩🤩🤩🤩🤩,False,,0.0,0
@fiasbd,아닠 코좀이 나오다니 ㅎㅎㅎㅎㅎㅎㅎ,False,,0.0,0
@park_sunup,어이 대희 가오빼,False,,0.0,0
@김영-s1p,이 채널 한번도 본적없는데 바로 들어왔다,False,,0.0,0
@martin.k.conank7172,이번엔 김대희 의문의 1승이네. 대희나 화이트...,False,,0.0,0
@bluewave1307,ufc 관계자들과 선수들 그리고 팬들이 레전드라 칭하고 좀비라는 닉네임이 정말 어울리게 파이트스타일이 정말 특별한 선수죠<br>10회 연속 메인이벤트 기록은 정말...👍,False,,0.0,0
@Volkanovski1987,하지만 고마하께요,True,@bluewave1307,2.0,0
@Kjho741,@@bluewave1307 닉네임이 좋아서 흥한 선수,True,@bluewave1307,2.0,0
@김남철-m6v,겸손이 몸에 베어있음,False,,0.0,0
@newnew_9898,대희나 화이트,False,,0.0,0
@2345pok,역시 넘 잼나네여,False,,0.0,0
@무야홍-f5z,그나마께예,False,,0.0,0
@jobaksa70,듣보잡 정찬성 누고...챔피언 도아닌걸 와데려왔노 가치 떨어진다😮😮😂,False,,0.0,0
@KIMJH0117,그만하께요,False,,0.0,0
@Silverhan_d,이야 찬성형 썸네일 보고 바로 눌러서 들어왔는데 확실히 우리 형 토크는 좀 약해 😂😂,False,,0.0,0
@머스태그,어 정찬성님 경상도 네이티브 말투 쓰는거 귀한데 꼰대희님이랑 대화하니까 억양이 제대로 나오시네요<br>오 꼰대희 채널에서 보니까 더 반갑습니다 <br>아이돌이나 그런 분들보다 솔직히 이런분들이 자주 나오시면 좋겠습니다,False,,0.0,0
@yoons3766,유엡에서 알도 볼카 같은 괴물들하고 싸울땐 몰랐는데 이렇게 일반인 사이에서 보니 정찬성도 확실히 싸움 잘하게 생겼네,False,,0.0,0
@chelsea-slave,아니 꼰대희 바로 백사장이라고 부르네 ㅋㅋㅋ 이건 격투기팬들만 아는건디 ㅋㅋㅋ,False,,0.0,0
@현만-i7f,Mma 레전드 코리안 좀비 췐성정~~!!!,False,,0.0,0
@rlakyu5555,정찬성은 더 떡상 가야됨 <br><br>2010년대 k열풍의 시작이자<br><br> k좀비로 미국에서 이슈 엄청 있었었음 다음경기 떡실신 당해서 좀비 이미지가 사라져서 박살 났지만 그럼에도 꾸역 꾸역 살아남아서 ufc 타이틀전을 2번 치룬 대단한 사람 <br><br>트럼프 최측근이 정찬성 선수 광팬임 아마 트럼프도 정선수 팬일수도...<br><br> 트럼프가 혹시라도 한국에 호의적인 사람이 있으면 그건 문전 대통령과 정찬성 밖에 없을듯<br><br>윤가네가 그걸 모르는게 안타까울 따름,False,,0.0,0
@ertupiso-ur17,밥머글께여,False,,0.0,0
@wisesayingbomber,포이리에를 이긴 코좀을 할로웨이한테  떡실신한 정찬성을 이긴 포이리에는 못참지~~,False,,0.0,0
@멀보니-m7g,그만할게여,False,,0.0,0
@별난다짐,"정찬성 선수는 공과사가 있어서 볼카노프스키 선수와 경기가 끝난후에 두 선수는 승패를 떠나서 실력과 매너가 있어서 포옹하는 장면을 잊을수가 없었습니다. 코리안좀비 에너지 드링크(검은색(박카스맛),파란색(와우풍선껌맛),노란색(망고맛),멜론색(멜론맛))4종을 몇번 사마셔봤는데요. 기분이 불끈 솟아오르고 기운이 팔팔해서 최고의 에너지 드링크입니다.",False,,0.0,0
@fff55500,갠적으론 멜론맛이 제일 맛있었음,True,@별난다짐,1.0,0
@juwonoh2500,정찬성 예능 은근 잘하네ㅋㅋㅋㅋ,False,,0.0,0
@1life.love.me.not.normal,인정 !,True,@juwonoh2500,1.0,0
@국멍-b4c,좀비 나오면 개추,False,,0.0,0
@scientist-GOAT,대한민국 역사상 최고의 격투기 선수.,False,,0.0,0
@Gyod8,대희형 좋아요 눌러줘 ❤,False,,0.0,0
@llillillliiillliil,정찬성 사투리 하는거 첨본닼ㅋㅋㅋㅋㅋ,False,,0.0,0
@sangsangtv11,"<a href=""https://www.youtube.com/watch?v=7RNFuVEA-Mk&amp;t=232"">3:52</a><br>좀비트립ㅋㅋㅋㅋ<br>좀비가 여행가는거녜ㅋㅋㅋㅋㅋㅋ<br>진짜 아무것도 몰라서 묻는거라<br>더웃겨ㅋㅋㅋ미친건가",False,,0.0,0
@cvgdxh,그만하께여,True,@sangsangtv11,5.0,0
@퍼펙트-w7h,녜가 아니라 냬입니다❤,True,@sangsangtv11,5.0,0
@아사하아자아자자마자,애초에 몰라서 그러는게 아니고 웃기려고 하는거임 ㅋㅋ 유명인들이고 <br>김대희도 공부해두고 알아두겠지요,True,@sangsangtv11,5.0,0
@ymca2357,? 다 컨셉인데 꼰대희 처음봄?,True,@sangsangtv11,5.0,0
@l9금-풀버젼-야뎡s-r7v,"20 12 박수칠때 떠나라~~~ 의..... 정확한,, 의미",True,@sangsangtv11,5.0,0
@khw502,꼰대희형 ㅈㄴ 맞고싶나보다 ㅎㅎ,False,,0.0,0
@J.JJ-h2q,정찬성한테 지랄하고 자빠졌네라니ㅋ,False,,0.0,0
@hihihi5213,??????아까까지 코좀 유튜브보고있었는디,False,,0.0,0
@sskim892,밥뭅자에 밥먹고와서 도저히 못먹겠다 하는거 진짜 웃기네 ㅋㅋㅋㅋㅋ,False,,0.0,0
@thisisme633,그래서 검정이는 언제 손꾸락 잘라요?ㅎㅎㅎ,False,,0.0,0
@elvis8468,꼰 좀비될뻔 ㄷㄷㄷ😂,False,,0.0,0
@민지-o5n,코리안 좀비 오빠는 래전드 ❤,False,,0.0,0
@통영낚시꾼,마지막에 대희성 눈 먼교 진짜 웃기네 ㅋ 아이고 배야,False,,0.0,0
@diekzu,"<a href=""https://www.youtube.com/watch?v=7RNFuVEA-Mk&amp;t=1342"">22:22</a> 미쳤나 진짜 ㅋㅋㅋㅋㅋㅋㅋㅋㅋㅋㅋㅋㅋㅋㅋㅋㅋㅋㅋㅋㅋㅋ아",False,,0.0,0
@jian8468,@@diekzu ㅋㅋㅋㅋ ㅋㅋㅋㅋ 너무웃김,True,@diekzu,1.0,0
@kor-o4o,찬생이행임 ㅈㄴ 귀엽네예,False,,0.0,0
@charles_oliveira_,정찬성 최두호 검색하고왔는데 갑자기 이거떠서 놀랬네 1시간전 개이덕~~,False,,0.0,0
@kor-o4o,뜨겁세로 코좀이네,False,,0.0,0
@뒤달,에드가는 페더급 없던시절 라이트급 챔피언임 나중에는 밴텀까지 내리가가 개발림,False,,0.0,0
@Guillotine_choke,정찬성 선수 은퇴할때 해외에서는 다 멋있고 감동이라고 했는데 한국에서만 욕먹는게 역겹긴함 ㅋㅋㅋ,False,,0.0,0
@sing5146,"정찬성뿐만이 아니라 손흥민, 김민재, 김하성 등 모조리 욕 먹음. 열등감이 많은 민족이라 압도적인 1등 아니면 다 욕함.",True,@Guillotine_choke,5.0,0
@joeyfullousss3409,@@Guillotine_choke 아마 그만할께여 라는 말의 어감을 한국인들만 이해해서 헤이터들도 많았던거 같아요. 물론 저는 모든 선수들 리스펙합니다^^,True,@Guillotine_choke,5.0,0
@kkd-ls8sc,솔직히 한국에서 저정도 선수 나온게 기적임,True,@Guillotine_choke,5.0,0
@joeyfullousss3409,@@kkd-ls8sc 진짜 좀비는 레전드죠. 노력도 많이 했겠지만 천재적 재능이라 생각합니다.,True,@Guillotine_choke,5.0,0
@cjk7461,해외에선 은퇴식 역대 탑5안에도 든다고 할 정도로 멋있게 은퇴했는데 한국에서만 유독 은퇴식으로 욕함 ㅋㅋㅋㅋ,True,@Guillotine_choke,5.0,0
@갑동이-w8p,코좜,False,,0.0,0
@라스트맨-l3e,정찬성 한체급 올렸으면 진짜 챔피언  했을거 같은데ㅠ  포에리에 보면  체급올러서  잘싸우던데  체중감량 힘들게 안하고. 그만큼 좋은 컨디션으로 싸우니까 ㅋ,False,,0.0,0
@검은색바탕화면,"​@@라스트맨-l3e나도 정찬성 좋아하지만 한체급 올렸어도 챔피언은 빡셌을듯 그체급 챔피언들이 맥그리거,하빕,찰올,마카체프라 너무 빡셈",True,@라스트맨-l3e,3.0,0
@라스트맨-l3e,@@검은색바탕화면 . 모르죠 체중감량에 모든에너지를 빼겼는데  <br>포에리에도. 맥그리너 이겼고  하빕과도 싸웠는데. 정찬성이 더 싸웠겠죠,True,@라스트맨-l3e,3.0,0
@검은색바탕화면,@@라스트맨-l3e 확실히 경쟁력은 더 있었을 수도 있겠지만 정찬성 본인이 체급을 안 올린 데는 이유가 있었지 않을까 싶네요.,True,@라스트맨-l3e,3.0,0
@낙찰-t6j,정말 입에서 나는 소리가 아니네,False,,0.0,0
@jeamin112,😂재미따,False,,0.0,0
@unstopableLee,신선한 조합이다 ㅋㅋㄱㅋㄱㅋㅋ 펀치가 아니라 로우킥도 한대 맞았어야 했는데,False,,0.0,0
@shink4244,"<a href=""https://www.youtube.com/watch?v=7RNFuVEA-Mk&amp;t=1250"">20:50</a> ㅋㅋㅋㅋㅋㅋㅋ개웃기네ㅋㅋㅋㅋ",False,,0.0,0
@thierryhenry9970,당시 은퇴한다고 발표하고 케이지를 떠나는 와중에 좀비 음악틀어줌...그것도 패배한 선수인데도... 이런 은퇴가 없었음 ㄷㄷ,False,,0.0,0
@chongminao6702,그만하께여~,True,@thierryhenry9970,3.0,0
@태백산맥-b3n,그런 은퇴가 없지..손한반 못 뻗고 처참하게 KO  당하고ㅜ은퇴한 선수는 없지 ㅋㅋ 무슨 근자감으로 연습도 안하고  유튜브만 신경쓰고<br>대회 나간건지  이해가 안되긴함,True,@thierryhenry9970,3.0,0
@sangminkim9684,@@태백산맥-b3n 열등감보소,True,@thierryhenry9970,3.0,0
@dT_Tb,이 형은 진짜 존경스럽다 ㅋㅋㅋㅋㅋㅋㅋㅋㅋㅋㅋㅋㅋㅋㅋㅋㅋㅋㅋㅋㅋ,False,,0.0,0
@Djjsjsjzizw,밥묵으께여,False,,0.0,0
@Maria-rn1it,"정찬성 선수는 그냥 사람 자체가 호감임 겉멋,허세가 없음 진국~",False,,0.0,0
@아하그렇구나-s8r,코리안무좀이래ㅋㅋㅋㅋㅋㅋㅋ,False,,0.0,0
@kueco,그마하께여,False,,0.0,0
@사신짱마스터-p1h,ㅋㅋㅋ,False,,0.0,0
@healpop8059,정찬성 딴말 필요없다<br>그대로 그냥 인정<br>화이팅,False,,0.0,0
@Shine_kk,한끼 할게여~,False,,0.0,0
@먹뽀로-q5j,아 댓글중에 밥 무께여 존나웃기네 ㅋㅋㅋㅋㅋㅋㅋㅋㅋㅋㅋㅋㅋㅋㅋㅋㅋㅋㅋㅋㅋㅋㅋㅋㅋㅋㅋㅋㅋㅋ,False,,0.0,0
@honghyeon2u,부산 UFC 너무 좋았는데..!,False,,0.0,0
@무기명-y4z,들리게 하면  반말 맞지 ㅋ ㅋ ㅋ,False,,0.0,0
@shink4244,코좀 사랑해~~영원한 레전드,False,,0.0,0
@JOGANGKING,아니 코좀이라닛!,False,,0.0,0
@azismath1606,이건 무슨 조합이야 ㅋㅋㅋㅋㅋ 안 들어올 수가 없네 ㅋㅋㅋ,False,,0.0,0
@히히-n4g7i,"<a href=""https://www.youtube.com/watch?v=7RNFuVEA-Mk&amp;t=1362"">22:42</a> 몰래숨어서 울지마라~",False,,0.0,0
@tkzmax9835,은퇴가 너무 멋있어서 복귀 안된다는거 ㅇㅈㅋㅋ UFC를 10년 봤는데 팬심 빼고 최고엿음. 현장에서 봤는데 눈물나서 마지막에는 노래도 못부름.,False,,0.0,0
@jude3618,그건 팬들이 만들어준거지 정작 본인은 ㅈㄴ 멋없음 그만하꼐여  ㅅ1ㅂ,True,@tkzmax9835,2.0,0
@최수현-t4q,@@tkzmax9835 그마나께여~,True,@tkzmax9835,2.0,0
@Elmetadorr,"<a href=""https://www.youtube.com/watch?v=7RNFuVEA-Mk&amp;t=471"">7:51</a> ㅋㅋㅋㅋㅋㅋㅋ 정찬성 개그 왜 재밌냐",False,,0.0,0
@Znxhsuau,그만먹으께여,False,,0.0,0
@piterpan92,뭘요?,True,@Znxhsuau,1.0,0
@roof102,미스터 그만하께여 오랜만에보는군요,False,,0.0,0
@wjwbdu2u599,MZ할께예,False,,0.0,0
@채널-q7f,와 이조합은 ㄹㅇ 신기하네,False,,0.0,0
@SuperChris4545,서울말 쓰는 정찬성보다 사투리 쓰는 정찬정이 훨씬 매력적이네!!!!!,False,,0.0,0
@개추배추피카추,ㅋㅋㅋㅋㅋㅋㅋㅋㅋㅋㅋㅋㅋㅋㅋㅋㅋㅋㅋㅋㅋㅋㅋㅋㅋㅋㅋㅋㅋㅋ꿓잼,False,,0.0,0
@yj1684,식샤하께여,False,,0.0,0
@BRAINID원,정찬성 나온 건 왜 챙겨 보고 싶지ㅋㅋ,False,,0.0,0
@Elmetadorr,은근 재밌음 ㅋㅋ,True,@BRAINID원,3.0,0
@HaDuhun,나도 유튜브에 정찬성 이름 검색해서 나오는 영상은 이미 다 찾아봤음 ㅋㅋ,True,@BRAINID원,3.0,0
@민수-s8c,@@BRAINID원 정찬성감성의 개그코드가 개꿀잼임ㅋㅋ,True,@BRAINID원,3.0,0
@이츠-h8q,데이나 한테 계속 쫄라바 ㅠㅠ 찐막으로 서울에서 하겠다구<br>더 레전드 은퇴식이 될텐데,False,,0.0,0
@Elmetadorr,ㅋㅋㅋㅋㅋㅋ 1절만 해야 레전드로 남는거야,True,@이츠-h8q,3.0,0
@아놀드-u4d,되겠냐?에휴,True,@이츠-h8q,3.0,0
@박준섭-z4d,@@이츠-h8q 뭘 해 시발아 그만해야지 멋잇게 은퇴했는데,True,@이츠-h8q,3.0,0
@이방인-y5c,"<a href=""https://www.youtube.com/watch?v=7RNFuVEA-Mk&amp;t=472"">7:52</a> ㅋㅋㅋㅋㅋㅋㅋㅋㅋㅋㅋㅋㅋㅋ",False,,0.0,0
@djk567,찐텐으로 욕박아버리네ㅋㅋㅋㅋㅋㅋ,True,@이방인-y5c,3.0,0
@I9딸감용-자료K-p7v,←🍠🍯,True,@이방인-y5c,3.0,0
@ReginaSherman-d9y,ㄱ글 에서 벳프리 진짜 보다보면 빠져든다 라이브에 수위도좋고 외모도 좋고 삼박자 지렀으,True,@이방인-y5c,3.0,0
@동문서답-v3h,킹찬성,False,,0.0,0
@GOD-we4km,정찬성 진짜 예능나오면 잘할듯...,False,,0.0,0
@천둥의신츄르,섭외면이 아니라 섭외면입니다,True,@GOD-we4km,5.0,0
@shink4244,"정찬성은 자기 케이지 안에서만 잘함ㅋㅋㅋ편한 연예인이 있어야지만 찐바이브나올듯 <a href=""https://www.youtube.com/watch?v=7RNFuVEA-Mk&amp;t=1204"">20:04</a>",True,@GOD-we4km,5.0,0
@남천동준이,그건 아닌듯,True,@GOD-we4km,5.0,0
@qeuopouaduasdrdsad,찬성씨 부인은 왜 맨날 따라다니는걸까..,True,@GOD-we4km,5.0,0
@테스-c3o,인성에 문제있어보이는데....예능감도 전혀 없는듯함....나혼자산다? 거기 나오지 않았나?....,True,@GOD-we4km,5.0,0
@니네가뭘할수있는뒝,"<a href=""https://www.youtube.com/watch?v=7RNFuVEA-Mk&amp;t=1200"">20:00</a> 근대 이게 진짜 공감가는게 ufc은퇴무대를많이 봤지만 정찬성은퇴때만큼 온 관중들이 정찬성테마 떼창하고 심지어 따지고보면 패자였음에도 그렇게 멋있게 퇴장하는장면을 본적이없음<br>그러니 전&amp;현 ufc챔피언들 랭커들이 샤라웃을해주지..",False,,0.0,0
@천둥의신츄르,봤지만이 아니라 봤지만입니다,True,@니네가뭘할수있는뒝,5.0,0
@joeyfullousss3409,​@@천둥의신츄르chma,True,@니네가뭘할수있는뒝,5.0,0
@metaversemoon8738,아시아에서 하니까 그렇겠죠,True,@니네가뭘할수있는뒝,5.0,0
@솜솜2-f5d,???: 저 이제 그만할게여~,True,@니네가뭘할수있는뒝,5.0,0
@flyassbj,처맞고 벽느껴서 은퇴한 역대급 짜치는 은퇴였는데 넌 뭘 본거임?,True,@니네가뭘할수있는뒝,5.0,0
@태원이,오 코리안 좀비 정찬성이다 밥묵자 ㅋㅋㅋㅋㅋ 😮,False,,0.0,0
@doch8141,아 포항 이구나,False,,0.0,0
@jamesjames-oq1dn,데이나화이트는 미국 현대통령 트럼프의 왼팔입니다,False,,0.0,0
@tv-lo6pp,함 맞아보끼예,False,,0.0,0
@K시라니게흐암,오잉?  정찬성이?ㅎㄷㄷ,False,,0.0,0
@cUru4Kb5WQ-JDfAcmf056w-r,찬성아<br>무도가의 삶 잊지말어<br>등신 병신으로 나와서 돈 벌고 있고 체육관 운영하는 니 아는 형있잖아<br>좋아 보이드나<br>무도가 견해에서,False,,0.0,0
@2156-w8빌리리너스,"코리안좀비 ,ㄷ<br><br>정찬성",False,,0.0,0
@jamesj8230,"정찬성 찐 팬입니다. 딱 말해 드릴게요 UFC 10연속 5라운드 메인 이벤터 타이틀전 2회 이건 대한민국 격투기 역사상 절대 깨지지 않은 기록 입니다.  늘 응원 합니다, 정찬성 화이팅!!",False,,0.0,0
@ssr8789,최고 랭킹 3위인거도 말이 안됨 ㄹㅇ ㅋㅋㅋㅋ 아시아 레전드 그 자체..,True,@jamesj8230,5.0,0
@천둥의신츄르,늘 응원이 아니라 늘 응원입니다,True,@jamesj8230,5.0,0
@jagerfilm1672,그 정도는 아님,True,@jamesj8230,5.0,0
@진지하게-n1h,@@jagerfilm1672 그정도 됨 ㅋㅋ 대한민국 한정,True,@jamesj8230,5.0,0
@jagerfilm1672,@@진지하게-n1h 깨지지 않을 정도는 아니야,True,@jamesj8230,5.0,0
@WH_J,정찬성 진짜 옷때문이 아니라 오른손에서 부르릉 소리남 ㅋㅋ <br>살다살다 주먹 휘두르는데 시동걸리는 소리나서 응? 했던게 유일하게 정찬성임,False,,0.0,0
@안종현-s6c,찬성이형 강도 느끼는거면 주짓수로 당하시지 😂,False,,0.0,0
@곽준빈지노,내가 볼 때 김대희 금마 그것도 정찬성 은퇴경기보고 울었을끼라~,False,,0.0,0
@Bruce_Park,맘먹고 사투리 쓰니 확실히 경상도 출신 맞네 ㅋㅋ,False,,0.0,0
@MDASH0,정찬성은 레전드 어나더 레벨,False,,0.0,0
@junse6767,새삼 너무 늙어버린걸 보니 슬프네요,False,,0.0,0
@xomylovexo5680,썸네일보고 바로 들어온 사람 🤚,False,,0.0,0
@jeongwoohong0507,손,True,@xomylovexo5680,5.0,0
@찬바람-l5c,✋️,True,@xomylovexo5680,5.0,0
@천둥의신츄르,"썸네일이 아니라 썸네일입니다<br><br><br><br>(내 채, 널에 주, 소)",True,@xomylovexo5680,5.0,0
@Elmetadorr,@@천둥의신츄르여기서도 이러네 아유,True,@xomylovexo5680,5.0,0
@shink4244,"Spotv, Tvn 하이라이트 썸네일에 나왔을때가 그립긴하네ㅠ",True,@xomylovexo5680,5.0,0
@20111261,"<a href=""https://www.youtube.com/watch?v=7RNFuVEA-Mk&amp;t=47"">0:47</a> ㅋㅋㅋㅋㅋㅋㅋㅋㅋㅋㅋㅋㅋ",False,,0.0,0
@GHP999,수저 노빠구로 들어버리네 ㅋㅋㅋㅋㅋㅋㅋㅋㅋㅋㅋㅋ,False,,0.0,0
@인생한번-x1m,그만하께여..,False,,0.0,0
@시카고-z3e,너무너무 재미있어요❤,False,,0.0,0
@Dududtggg,밥 먼저 머글께여,False,,0.0,0
@Sidkdhsjis16,"이 양반아 <a href=""https://www.youtube.com/watch?v=7RNFuVEA-Mk&amp;t=296"">4:56</a>",False,,0.0,0
@UtaNngkrngDpanKompi,god I hope this gets eng sub. I love korean zombie,False,,0.0,0
@이야아-b1h,ㅋㅋㅋㅋㅋㅋㅋ이조합은 신박하네요!,False,,0.0,0
@천둥의신츄르,신박이 아니라 신박입니다,True,@이야아-b1h,5.0,0
@Djjsjsjzizw,@@천둥의신츄르여까지 기아들왔노 츄르새기,True,@이야아-b1h,5.0,0
@김므마,와 여기도 있네,True,@이야아-b1h,5.0,0
@프랭클린-o2w,@@천둥의신츄르 해외채널에도 이지랄하냐 혹시,True,@이야아-b1h,5.0,0
@chongminao6702,그만하께여~,True,@이야아-b1h,5.0,0
@Makharoni,둘다 서로에 대해서 진짜 아무것도 모르는게 개웃기네 ㅋㅋㅋㅋㅋㅋㅋㅋㅋ,False,,0.0,0
@whatthepig4942,모르는척하는거지 얘야 ;;,True,@Makharoni,5.0,0
@천둥의신츄르,@@Makharoni 대해서가 아니라 대해서입니다,True,@Makharoni,5.0,0
@hahahoho2840,@@천둥의신츄르 니에미가 아니라 쓰레기입니다,True,@Makharoni,5.0,0
@hahahoho2840,@@천둥의신츄르 쓰레기가 아니라 니에미입니다,True,@Makharoni,5.0,0
@민지국-p6u,@@천둥의신츄르 이새기는 진짜 격투팬인가보네. 격투관련글마다 나오는데 정찬성 이라고 하니까 허겁지겁 들어와서 또 저짓하는거 보니 ㅋㅋㅋㅋ,True,@Makharoni,5.0,0
@에이머스-z1k,...정반대...?...ㅋㅋㅋ...,False,,0.0,0
@donggwang1007,오~ 좀비다~ ㅋㅋㅋㅋㅋㅋ,False,,0.0,0
@Parkkh2239,ㅋㅋㅋㅋㅋㅋㅋㅋㅋㅋㅋㅋㅋㅋㅋㅋㅋㅋㅋㅋㅋㅋㅋㅋㅋㅋㅋㅋㅋㅋㅋㅋㅋㅋㅋㅋㅋㅋㅋㅋㅋㅋㅋㅋㅋㅋㅋㅋㅋㅋㅋㅋㅋㅋㅋㅋㅋㅋㅋㅋㅋㅋㅋㅋㅋㅋㅋㅋㅋㅋㅋㅋㅋㅋㅋㅋㅋㅋㅋ,False,,0.0,0
@버내너맛우유-j8z,"<a href=""https://www.youtube.com/watch?v=7RNFuVEA-Mk&amp;t=238"">3:58</a> 싸움꾼이라니깐 바로 존댓말 모드 ㅋㅋㅋ",False,,0.0,0
@jinwookim5326,ZFN 화이팅-!!!,False,,0.0,0
@마음도부자-f1b,정찬성 때문에 내인생을 재밌게 살았다 화이팅 우리아들 그쪼 체육관 보낼게요,False,,0.0,0
@돈굳,"ㅋㅋㅋㅋㅋㅋㅋㅋㅋㅋㅋㅋㅋㅋㅋㅋㅋㅋㅋㅋㅋㅋㅋㅋㅋㅋㅋㅋㅋㅋㅋㅋㅋㅋㅋㅋㅋㅋㅋㅋㅋㅋㅋㅋ존잼 ㅎㅎ<a href=""UCkszU2WH9gy1mb0dV-11UJg/KsIfY6LzFoLM6AKanYDQAg""></a><a href=""UCkszU2WH9gy1mb0dV-11UJg/KsIfY6LzFoLM6AKanYDQAg""></a>",False,,0.0,0
@gold_mark,아 넘 웃었네요 ㅋㅋㅋ,False,,0.0,0
@misunchoilee8748,코좀❤❤❤,False,,0.0,0
@제리-t5g,떳다 레전드,False,,0.0,0
@안녕-p3f,정찬성 주먹 테스트 할꺼 예상했으면 개추,False,,0.0,0
@한재옥-g3x,정찬성 선수밥묵자에 나오셔서 재밌게 잘 하시네요 😊꼰대희님 항상 응원 합니당 👍 ❤,False,,0.0,0
@이덕규-k5b,초반 먹뱉은 처음보네요😂,False,,0.0,0
@Jonny00011,매맞자 ㄷㄷ,False,,0.0,0
@김태영-n2i,저머리 스타일이 강해보이는 스타일 이군요,False,,0.0,0
@keeong2,꼰대희 화이팅<br>정찬성 화이팅<br>ZFN 화이팅!,False,,0.0,0
@SGBAEK93,밥 무께여,False,,0.0,0
@박기범-b2s,꼰대희님 재미있게 볼게요,False,,0.0,0
@citizen_14,55555555555555555,False,,0.0,0
@스포해안해,정찬성 선수 너무 멋있음 작년에 할로웨이랑 경기할 때 입장하면서 좀비 노래 나올 때 소름 돋았음!,False,,0.0,0
@천둥의신츄르,경기할이 아니라 경기할입니다,True,@스포해안해,5.0,0
@박민재-t3u,@@천둥의신츄르또 있네 ㅋㅋㅋ,True,@스포해안해,5.0,0
@songkiwon_,​@@천둥의신츄르 이 정도면 진짜 격투팬이다 ㅋㅋㅋ,True,@스포해안해,5.0,0
@kinorrebeats6321,그만하께여,True,@스포해안해,5.0,0
@Lima1trmph,좀비 입장씬은 진짜 전율임,True,@스포해안해,5.0,0
@구공이-n5e,코리아 좀비 위대한사람,False,,0.0,0
@chongminao6702,그만하께여~,True,@구공이-n5e,2.0,0
@빵빵-s2w,밥머그께여,True,@구공이-n5e,2.0,0
@아이스라떼가좋아,안보고 일빠로 ㅋㅋㅋㅋㅋㅋ앜 ㅋㅋㅋㅋㅋ이빠다,False,,0.0,0
@앰티2,정찬성 선수 인트로보면 덩치가 제가 생각한거보다 훨씬 크네요;;,False,,0.0,0
@user-rq7fq9ew4l2,평체라 그렇습니다. 생활 몸매죠 선수 몸매가 아니라 그래서. 커 보입니다 화면 대비해,True,@앰티2,5.0,0
@user-vt6oi8ss8,좀비짐 관원이라 정찬성 관장님께 자주 수업 받는데 키가 큰 느낌보다 등이랑 어깨 탄탄한 말로 표현 안되는 느낌이 엄청 큽니다,True,@앰티2,5.0,0
@도건우-i9i,은퇴하고 살쪄서 그애요,True,@앰티2,5.0,0
@Elmetadorr,"@im신사임당 ㅋㅋㅋㅋㅋ 좀비짐 관장인데 맨날 하시겠지,,,뭔 훈수를 두고 있냐",True,@앰티2,5.0,0
@ooo-pe2gc,키도 인치 cm 변환에서 되게 작게 나왔고 실제로는 더 큼 평체도 80 중반이 넘고,True,@앰티2,5.0,0
@hani15412,잘볼께요~,False,,0.0,0
