author,comment,is_reply,reply_to,reply_count,is_spam
@YOOXICMAN,"삶자마자 한조각 집어 들어서 흰쌀밥 위에 올려먹으면 개꿀맛<br><br>🔽재료 목록과 조리도구 정리🔽<br>✅ 냄비 : 테팔 매직핸즈 티타늄<br><a href=""https://link.coupang.com/a/bVbrck"">https://link.coupang.com/a/bVbrck</a><br><br>✅ 프라이팬 : 락앤락 쿡플러스 궁중팬 32cm<br><a href=""https://link.coupang.com/a/bnFc01"">https://link.coupang.com/a/bnFc01</a><br><br>✅ 계량스푼 : 쿠진아트 계량 스푼<br><a href=""https://link.coupang.com/a/bOHtCm"">https://link.coupang.com/a/bOHtCm</a><br><br>✅ 기본 조리 용품 : 트라이앵글<br><a href=""https://link.coupang.com/a/b0X98x"">https://link.coupang.com/a/b0X98x</a><br><br>✅ 도마 : 도블레 TPU 도마<br><a href=""https://link.coupang.com/a/bnkO2p"">https://link.coupang.com/a/bnkO2p</a><br><br>✅ 검정 장갑 : 브릭글로 니트릴 장갑 <br><a href=""https://link.coupang.com/a/bPMWTZ"">https://link.coupang.com/a/bPMWTZ</a><br><br>✅ 주방 저울  : 0.1g 단위 측정 주방 저울<br><a href=""https://link.coupang.com/a/bxInKL"">https://link.coupang.com/a/bxInKL</a><br><br>✅ 집게 : 테팔 집게<br><a href=""https://link.coupang.com/a/bPMttu"">https://link.coupang.com/a/bPMttu</a><br><br>✅ 조리 주걱 : 테팔 인지니오 실리콘 조리주걱<br><a href=""https://link.coupang.com/a/bz2GMu"">https://link.coupang.com/a/bz2GMu</a><br><br>✅ 정수기 물통 : 브리타 마렐라 XL <br><a href=""https://link.coupang.com/a/bnDd6W"">https://link.coupang.com/a/bnDd6W</a><br><br>✅ 전기포트 : WMF 르노 무선 전기 주전자 포트<br><a href=""https://link.coupang.com/a/bnfIt8"">https://link.coupang.com/a/bnfIt8</a><br><br>✅ 1구 인덕션 : 삼성 더 플레이트 인덕션 1구<br><a href=""https://link.coupang.com/a/bVbn8a"">https://link.coupang.com/a/bVbn8a</a><br><br>[홍소육 재료]<br>오겹살 2kg<br>쪽파 뿌리 10개 <a href=""https://link.coupang.com/a/b0X6Wp"">https://link.coupang.com/a/b0X6Wp</a><br>생강 엄지만한 슬라이스 10장 <a href=""https://link.coupang.com/a/b03BWp"">https://link.coupang.com/a/b03BWp</a><br>황주 4테이블스푼 <br>진간장 3테이블스푼 <a href=""https://link.coupang.com/a/b0X4is"">https://link.coupang.com/a/b0X4is</a><br>노추 3테이블스푼 <a href=""https://link.coupang.com/a/b03Ckh"">https://link.coupang.com/a/b03Ckh</a><br>빙탕 80그램 <a href=""https://link.coupang.com/a/b0X5mk"">https://link.coupang.com/a/b0X5mk</a><br>황설탕 혹은 흑설탕 1테이블스푼 <a href=""https://link.coupang.com/a/b03CLO"">https://link.coupang.com/a/b03CLO</a><br>[파기름 국수 재료]<br>중면 <a href=""https://link.coupang.com/a/b0X5Q7"">https://link.coupang.com/a/b0X5Q7</a><br>쪽파 5대 <a href=""https://link.coupang.com/a/b0X6Wp"">https://link.coupang.com/a/b0X6Wp</a><br>마늘 5개 h<a href=""https://link.coupang.com/a/b03FvN"">https://link.coupang.com/a/b03FvN</a><br>생강 손가락 하나 크기 <a href=""https://link.coupang.com/a/b03FEL"">https://link.coupang.com/a/b03FEL</a><br>기름 100ml <a href=""https://link.coupang.com/a/b03F44"">https://link.coupang.com/a/b03F44</a><br>설탕 2테이블스푼 <a href=""https://link.coupang.com/a/b03Gg7"">https://link.coupang.com/a/b03Gg7</a><br>노추 1테이블스푼 <a href=""https://link.coupang.com/a/b03Gpn"">https://link.coupang.com/a/b03Gpn</a><br>진간장 4테이블스푼 <a href=""https://link.coupang.com/a/b0X4is"">https://link.coupang.com/a/b0X4is</a><br><br>(이상 제휴 링크로 구매 시 수수료를 받아 채널 운영에 도움이 됩니다.)",False,,0.0,0
@Sulgy-n4w,빙탕을 황설탕으로 대체하려면 황설탕 1테이블 스푼+2 정도 하면 될까요?,True,@YOOXICMAN,10.0,0
@변호사,"<a href=""https://www.youtube.com/watch?v=7syMYZC0uFo&amp;t=210"">3:30</a> 마이야르를 내기보다 조금 덜 열심히 굽고 굴소스 넣어도 된다고 했는데 그러면 얼마나 넣어야 할까요? 굴소스에는 간이 되어 있어서 잘 모르겠네여",True,@YOOXICMAN,10.0,0
@mit_x4,진짜 너무 맛있게 먹었습니다ㅎㅎ만든거 세상에 자랑하고싶을정도👍👍,True,@YOOXICMAN,10.0,0
@aidenkim7946,형 잔 정보도 부탁드리겟습니다ㅠㅠ,True,@YOOXICMAN,10.0,0
@하미니튜브,재료들은 육식왕의홍소육 해서 쓰신 재료 만큼 밀키트만들어서 팔아도 좋겠어요 한정으로 100개 200개 이런식으로요 사업도 되시고 우리들은 한곳에서 편하게 사서 해 먹을 수 있다고 생각 들어서요 저 재료 하나하나 사다보면....우와... 그냥 한번에 할 방법이 없을까? 하다가 아~ 육식맨님이 밀키트로 100개 한정 이렇게 팔아주면 좋겠구나 생각들었습니다,True,@YOOXICMAN,10.0,0
@TechPoint-2024,"전반적인 영상 구성이 인상깊었습니다!<br><br>정보 제공, 요리 과정, 그리고 맛에 대한 설명까지 흐름이 너무 자연스러워서 끝까지 몰입할 수 밖에 없었네요 ㅎㅎ<br>중간중간마다 타이트 샷 비주얼도 정말 생생하게 느껴졌습니다!<br><br>그동안 잘 몰랐던 홍소육의 매력을 다채롭게 소개해 주셔서 감사합니다~<br>다음 요리도 기대할께요! 😄😄",False,,0.0,0
@용-d6r,중국에서 홍소육은 산동에서 먹는게 최고이고 오리지널입니다,False,,0.0,0
@Handlewish,으응 예술인데 흰쌀밥에 홍샤로우 입가심으로 바이주 한잔이면  극락인데,False,,0.0,0
@최원석-z7e3r,와이프가 임신성 당뇨라 식단 하는 김에 같이 하고 있는데....아 대리만족이라도 하고 갑니다ㅠ...,False,,0.0,0
@TELE-VISION23,황주 대신 빨간 소주 사용하면 되나요?,False,,0.0,0
@youngso3326,남은 기름 설거지 문제로.. 중식은 사먹는걸로 ㅋ,False,,0.0,0
@kingpotato2030,오랜만에 들어보는 &quot;오늘 준비한 고기부터 보시죠&quot;,False,,0.0,0
@underh1gh,해먹었는데 다들 너무 맛있다고~ 국수는 안 했는데 홍소육이 간단한데 되게 맛있어요 ㅋㅋ,False,,0.0,0
@미스터엔더슨-y6i,조금 더 젊었을때 ... 당뇨가 오지 않았을때 이영상을 봤었더라면....바로 만들어 먹을텐데 ㅜㅜ,False,,0.0,0
@kcx96,오늘 이것저것 요리 영상보다가 우즈베키스탄 국민 필라프라는 영상을 봤는데 이거 육식맨님이 육식력 강한 레시피화시키면 엄청날거 같더라구요!! 한번 연구해보심 어떠실지 ㅎㅎ,False,,0.0,0
@patriot8653,한두번먹으면 뭐라도걸려서단명할거밭은데,False,,0.0,0
@동파예방,잘못시켜서 삼겹살로 햇는데 확실히 퍽퍽하군요 ㅋㅋㅋㅋ 다음엔 오겹살로~!,False,,0.0,0
@yb9281,광명사는 문신충 김준혁 이거 보고있는거 다 안다 돈 갚아라,False,,0.0,0
@리진환,숯불 같은데 고기 맞나여..?!,False,,0.0,0
@gksmdnf123,빙설탕 동네 무인아이스크림에서 파는건 안돼나요?,False,,0.0,0
@oreng1448,아 진짜 맛있겠다,False,,0.0,0
@bunmal2651,적당히 베어물지 않고<br>ㅋㅎㅋㅎㅋㅎㅋㅋㅎ,False,,0.0,0
@Haret._.,"듀록품종은 독특한 육향과 적당한 비계 비율, 단단한 탄력을 가진 식감으로 맛이 좋아 신품종을 육종할 때 많이 쓰이는 돼지로 이베리코만큼 유명하진 않지만 맛 하나로는 돼지중 1티어인 돼지입니다 우리나라에선 이 품종과 비슷한 맛과 식감을 가진 제주듀록을 따로 개발했을 정도라 하죠 ㅇㄱㄹㅇ",False,,0.0,0
@마츠모토히로야,"<a href=""https://www.youtube.com/watch?v=7syMYZC0uFo&amp;t=523"">8:43</a> 이 분은 눈썹을 찡그린다 그러면 맛있다는 겁니다",False,,0.0,0
@민엽석-m9n,조리 했을때 벨기에 고기랑 스페인고기 차이점은 없나요,False,,0.0,0
@앙고-m2y,"재료가 너무 간단해서 맘먹고 간만에 어머니 집가서 , 두 개 똑같이해서 만들어서 먹었습니다. 진짜 간단하면서 맛있네요. 어머니가 소식가에다가 음식에는관심이없셔서 평소 드시는 양 생각하고 접시에 덜어드렸는데, 배부른데도 더 먹고싶네 라고 하시고 더 드셔서 만든사람입장에서 너무 기분좋은순간이었네요.  특히 파기름국수는 종종 해먹어야겟다하시면서  레시피도 물어보셨습니다. 좋은 추억만들어주셔서 감사합니다.",False,,0.0,0
@보르그랜드-Bolgland,중국현지식당에서 만드는 요리를 집에서 만들다니 대단하십니다 ㄷㄷㄷ,False,,0.0,0
@56ghjMcwdfgr,"State Representative: Feeling the Pain<br>State Representative Paul Baumbach, who also co-sponsored HR143, said the tragedies illustrated in the documentary were terrible. “It’s a very sad movie, and it talks about an extremely painful practice. It’s going on, and it tells the human story of the families and the friends that are affected, and the numbers are staggering,” he said. <br><br><br>State Representative Paul Baumbach<br><br>Representative Baumbach said this documentary helps people understand an ongoing and painful crime. “I feel very connected to the pain. And the scale of the pain is just, it’s very hard to fathom. So every time you learn more about it, it’s just more and more shocking,” he said. <br><br>U.S. Senate Candidates: We Need Action<br>Two U.S. Senate candidates and two state representative candidates shared similar views. “It’s actually astounding and infuriating that these types of egregious human rights problems are going on in China, and that we are aware of it in our country, and that we are not addressing the issues,” said independent Senate nominee and former State Senator Dr. Mike Katz. “But we fail because of the influence of money. It’s very concerning, and we need strong leadership in this country to step forward and to deal with it immediately.”<br><br><br>Independent Senate nominee and former State Senator Dr. Mike Katz<br><br>Senator Katz emphasized how the film revealed the true nature of communism and its harm on humanity. “It’s been a slow infiltration of communism mindset in this country. It’s occurring in our academic institutions. It’s the influence of money coming in from overseas that is teaching our students not how to critically think, but what to think. And that is very concerning about the future of our country, but it’s been going on for several years,” he said.<br><br>Senator Katz said he has always been aware that there were human rights problems in China, and he called on people to become aware of the issues and not just stand by.<br><br>U.S. Senate candidate Eric Hansen said he was shocked when he heard about the forced organ harvesting in China which is supported by the CCP. “It’s just such a tragedy, and the fact that the world doesn’t know about this, the fact that you’re drawing attention to it, is very important,” he said.<br><br><br>U.S. Senate candidate Eric Hansen (right), with Falun Gong practitioner Cheng Peiming<br><br>Mr. Hansen said the abhorrent crime of organ harvesting must be ended. “Get the word out, please, because it’s such a huge issue that’s being unaddressed,” he stated.",False,,0.0,0
@ashutalos,"우리집의 전통 레시피를 가미한다면 1시간 조릴 때, 청양 고추 3개 정도 썰어서 넣으면 더 맛있을 것 같습니다.",False,,0.0,0
@uzigang90,이게 섹스지 미쳤다......<br>이 형이 우리 앞집 사는데 내가 생명의 은인이라 컨텐츠 하고 남은 고기 매일 먹으라고 주는 상상해봄,False,,0.0,0
@해맑은해신당,저궁금한게있어요~기름국수는 온면인가요?홍소육 해서. 먹었는데 완전굿이였어용~^^항상좋은 레쉬피 감사합니다~,False,,0.0,0
@redmoon93,쪽파좀 총총썰어 뿌리면 더 이쁘게 나올거같은데 싶더라니ㅋ,False,,0.0,0
@a_no2mass178,너무재밋당,False,,0.0,0
@Luk12719,수입 고기를 구매하는 이유는 비계층 때문일까요? 궁금해요!!,False,,0.0,0
@smclalsk,오겹살 요리 아닌가요?,False,,0.0,0
@ckzksdbstn,빙당 말구 빙탕을 써도 되나용?<br>빙당 대체품이 있을까요?ㅜㅜ,False,,0.0,0
@우만상,건강상태와통장을 감안해야<br>하는 요리세상 ㅋ,False,,0.0,0
@Twister-z7n,중국 快餐식당 가면 아저씨들 홍소육에 싸구려 白酒를 점심때부터 까고 있죠,False,,0.0,0
@chsoon5,흐음...  혹시 만든 홍소육은 만들어서 냉장 보관-재가열(렌지or 다시 구이or 다시 삶기)로 괜찮게 먹을수 있나요? 많은양을 만들어서 저장후 다시 먹을 수 있는 레시피도 독신이나 소가족에게는 중요해서.... 기본은 간장조림이니 어느정도 보관은 가능할거 같은데....,False,,0.0,0
@honey12-v7d,그래서 고기 가격 차이 나는데 무슨 고기가 더 맛있는지 말을 안해줘요?,False,,0.0,0
@노숙자-e5z,혹시 빙탕 없으면 설탕 얼마나 넣어야될까요?,False,,0.0,0
@okerj6675,성님 술잔 정보가 궁금합네다,False,,0.0,0
@건빵12,나도줘,False,,0.0,0
@delete-w7g,황주를 청주나 미림으로 대체해도 되나요?,False,,0.0,0
@noraw2463,오랫동안 한국 콘텐츠를 보고 진짜 중국 음식을 소개하게 되었습니다 감사합니다^^  덧붙이자면：1. 보통 고기는 데친 후 홍소니다(혹은 튀김-데친-홍소)；2. 포인트는 국물! 중국음식은 보통 국물을 먹지 않는데 이것만은 밥과 비벼 먹으면 기가 막힙니다👍3. 면은 파기름으로 직접 만든 소스로 따로 끓이지 않아도 됩니다,False,,0.0,0
@noraw2463,그리고 뼈 있는 돼지고기를 사용해도 별미😋,True,@noraw2463,1.0,0
@기수박-e4c,"맛 난음식에 임영웅이 왜 나와,보나마나",False,,0.0,0
@NewTypeHH_MMD,저도 동파육보다 홍소육을 좋아합니다만 많이 알려지지 않아서 아쉬웠거든요. 육식맨님 덕분에 더 많이 알려져서 사람들이 알아주었으면 합니다. 진짜 고급진 돼지고기 장조림 맛인데 말이죠,False,,0.0,0
@carlyzhang2167,노추는 끝부분에 넣어요  락슈가 넣으면 윤기가 나요,False,,0.0,0
@ratel1965,역시 믿고보는 육식맨. 선추천 후감상합니다 ㅎㅎ,False,,0.0,0
@유키유키-w6d,너무 커서 입에 잘 않들어가네요..하악,False,,0.0,0
@Sjkkshmo,아 맛있겠다.. 주말에 코스트코가서 통삼겹 사와서 만들어야겠다,False,,0.0,0
@fdeath74,진짜 맛나보입니다 전 그냥 저거 다먹을수 있어여 ㅎㅎ 느끼한거 너무 좋아요 ^^,False,,0.0,0
@Mild-o1w,우와 이거는 진짜 생각보다 따라하기 쉬울 거 같아요. 꼭 해보고 싶어요,False,,0.0,0
@이태권-o2h,오늘 해봤는데<br>국물이 안졸아들어서<br>밍밍하고 고기도 퍽퍽한데<br>뭐가 문제일까요..,False,,0.0,0
@GivenGWayn,한국 일부 중화요리점에서 예전에 동파육이라고 양두구육당했던 역사가 있는 홍소육... 홍소육도 맛있는 요리인데 좀 더 알려졌으면 좋겠네요,False,,0.0,0
@many2533,중국식품점에가면 제료 다 팔아요~^^  <br>설탕 노추 황주,False,,0.0,0
@goooal-QPR,텍스처가 없잖아요,False,,0.0,0
@joshua1114-nu5tj,"&quot;예수 그리스도의 종 바울은, 사도로 부르심을 받아 [하나님]의 복음을 위해 구별되었는데<br>(이 복음은 그분께서 자신의 대언자들을 통해 거룩한 성경기록들에 미리 약속하신 것으로)<br>자신의 [아들] 예수 그리스도 우리 [주]에 관한 것이라. 그분께서는 육체로는 다윗의 씨에서 나셨고<br>거룩함의 영으로는 죽은 자들로부터 부활하심으로써, 권능 있게 [하나님]의 [아들]로 밝히 드러나셨느니라. <br>그분에 의해 우리가 은혜와 사도직을 받았으니, 이는 그분의 이름을 위하여 모든 민족들 가운데서 믿음에 순종하게 하려 하심이니라.<br>너희도 그들 가운데서 예수 그리스도의 부르심을 받은 자들이니라.<br>(로마서 1:1-6)<br><br>&#39;&#39;[하나님]께서 [주]를 일으키셨고, 자신의 권능으로 또한 우리를 일으키시리라.   (고린도전서 <a href=""https://www.youtube.com/watch?v=7syMYZC0uFo&amp;t=374"">6:14</a>)",False,,0.0,0
@user-dc7mc8nq9q,지금 이 레시피대로 따라 만드는 중 한시간만 기다리면 요리 끝인데 그 전에 소스 찍먹해보고 벌써 맛있어서 이마 빡빡 침 😢,False,,0.0,0
@32f32f,육식맨인데 풀떼기를 밥상에 올리면 어떡하노 통풍걸려도 육식이다 ㅇㅋ?,False,,0.0,0
@smalandmusicstorage1564,고기탕후루는 못참지 ㅋㅋ,False,,0.0,0
@farhodkim6811,이거 맛있어서 15일 출장가서 이거 계속 먹다보니 15키로 쪄서 귀국했습니다..ㅋㅋㅋ,False,,0.0,0
@한울-r5q,설탕을 80g이나 넣으면 너무 달지 않으려나....다음주에 도전해봐야겠다,False,,0.0,0
@silvermountaincreed9738,혹시 남은건 어떻게 보관하고 재조리해야 부드럽게 유지하면서 먹을 수 있을까요??,False,,0.0,0
@peony_xyz,진짜 간장조림이네 ㅎ,False,,0.0,0
@bh2558,울학교 앞 중식당 홍소육 진짜 레전드였는데.. 가고싶지만 너무 멀다..,False,,0.0,0
@Jongwon1232,제 여자친구도 중국인인데 홍소육이 동파육보다 맛있대요❤,False,,0.0,0
@Jongwon1232,그리고 만들어보니 향은 팔각이 중요하고 색은 노추간장이 핵심,True,@Jongwon1232,1.0,0
@hahahahahari,듀록 맛있죠.. 돈가츠로 해도 엄청난…,False,,0.0,0
@chysjjang,간장 홍소육을 보니 잘게 썰은 돼지고기를 간장에 볶아 전병에 싸먹는 정통 경장육사가 땡기네요,False,,0.0,0
@hiendanh3086,아무리 내가 여러번 떠들어도 한번 들어와서 눈으로 보면 또 다른 느낌으로 다가온다.-롤카롤카-,False,,0.0,0
@tule-b9y,하나부터 열까지 다 가르쳐주는 배튕학원 롤카롤카,False,,0.0,0
@NhậthàoLâm-z4v,아무리 내가 여러번 떠들어도 한번 들어와서 눈으로 보면 또 다른 느낌으로 다가온다.-롤카롤카-,False,,0.0,0
@기모링-p7p,이거 두반장버전으로 만들어도 맛있을거같은데,False,,0.0,0
@HiềnĐinhthị-z5i,모든 게임의 정보는 어디서확인하라고? 롤카롤카,False,,0.0,0
@HiepNguyenhong-h7l,롤카롤카 나오기까지 3년을 기다렸다 드디어 두두등장,False,,0.0,0
@tramnguyentram7713,미리 사전에 정보수집을 안해도 실전에서 배우면 된다 롤카롤카,False,,0.0,0
@LuânNguyễn-k8g,각기다른 스트리머들이 올라온다고 ?  멸망존 스케줄표 다 나와있습니다. =롤카롤카=,False,,0.0,0
@vansacly524,롤카롤카 엄청 도배되어 있네 뭐지.. 한번들어가봐야겠다,False,,0.0,0
@이준호-r8h,빙탕 대신 백설탕을 넣으려고하는데 같은양으로 넣으면 되는걸까요 ?ㅎㅎㅎ,False,,0.0,0
@Immoral9988,야매네이거! 이렇게하는거 아닌데…..야매 극혐,False,,0.0,0
@home-protector,와..진짜 맛있겠다..,False,,0.0,0
@freeman_24,설탕 대신에 콜라를 넣어도 괜찮을 것 같다는 생각이 듭니다<br>어떻게 생각하시나요?,False,,0.0,0
@MinhThúyLê-q7d,미리 사전에 정보수집을 안해도 실전에서 배우면 된다 롤카롤카,False,,0.0,0
@BíchHợpNguyễnThị-o3u,롤카롤카 나오기까지 3년을 기다렸다 드디어 두두등장,False,,0.0,0
@beensu202,부드러운게 좋은것만은 아닌게 식감때문에 토나옴,False,,0.0,0
@IllIIIlIll,"비계쪽부터 굽되 지방층으로부터 고소한맛이 나오고, 약간 바삭해질수있도록 구워야죠..<br>명색이 육식맨인데 실망입니다",False,,0.0,0
@JKUNENT,맛있겠다..,False,,0.0,0
@소피스트-m6w,대만음식이 맛있는게 많긴 합니다.,False,,0.0,0
@블레소드,죄다 짱깨영상 이네,False,,0.0,0
@Fris_com,이웃이면 기다려지는 유투버,False,,0.0,0
@mp3955,이형 옆집에 살면 매일 남는요리 가져다주겠지??,False,,0.0,0
@magddegi,이건 꼭 먹는다,False,,0.0,0
@jindiyou,팔각이 안들어갔네요,False,,0.0,0
@orora1111,삶의 활력소가 됩니다 ㅎ,False,,0.0,0
@vothidiem5685,나는 롤카롤카에서 페이커를 처음 알게되었다,False,,0.0,0
@linhbuihoang277,롤카롤카 나오기까지 3년을 기다렸다 드디어 두두등장,False,,0.0,0
@김갈이,이분은 일관적이라 좋음...구독박고 가요,False,,0.0,0
@ÁnhHoang-z3f,만약에 이스포츠가 질렸다면 카쥐노로 전향해도 무방합니다 롤카롤카,False,,0.0,0
@heartafire82,썸네일 정말...<br>맛이 눈으로 보이네요 +_+,False,,0.0,0
@영니-l5k,육식맨님이 세계요리 하실 때 현지 영상 보면서 공부하는 브이로그도 올려주시면 너무 재밌을 것 같아요!!,False,,0.0,0
@민석-e4r,고기구울때 소금 안넣어도 되나요??,False,,0.0,0
@sjsc9199,이거 도저언~,False,,0.0,0
@usikgeudrijvx,진짜 맛있을까 의구심이 드네  단짠 단짠 비계덩어리 그이상 그이하도 아닐텐데   나는  느끼해서 한조각 먹으면 더이상은 어렵던데요  더군다나 팔각 계피는 빼버리고 해서 깊은맛도 없겠어요  영양학적으론 아주 좋은 음식이라고 하더군요  중국의 장수노인들이 즐겨먹는 음식이라고 들었습니다,False,,0.0,0
@박철호-l2t,파김치랑 같이 먹으면  끝도 없이 들어갈듯   이번주말은 홍소육 갑니다.,False,,0.0,0
@geewoo20800631,중국요리좀 자주 해주세요!+!!!!,False,,0.0,0
@longinh9714,"케리아 2년 재계약 확정, 티원 전원재계약 와우 롤카롤카",False,,0.0,0
@히카와쿄우카,인급동 축하드립니다! 하씨 파기름 국수 너무 맛있어보이네 ㅋㅋㅋㅋㅋㅋㅋ,False,,0.0,0
@HienNguyen-nt4sk,미리 사전에 정보수집을 안해도 실전에서 배우면 된다 롤카롤카,False,,0.0,0
@Hyeong-Min_Kim,아 홍소육이라는 단어가 왤케 낯익나 했더니 신경 롱스톤이 말했던 단어구나,False,,0.0,0
@CôngDũngBùi-z1l,남녀노소 어렵지 않은 이스포츠 대명사 롤카롤카,False,,0.0,0
@거꾸로가는대한민국,미치것네 진짜뤀ㅋㅋㅋㅋㅋㅋㅋㅋㅋㅋㅋㅋㅋㅋㅋㅋㅋㅋㅋㅋ,False,,0.0,0
@user-ej8bx2cf7y,1 테이블 스푼이 대략 몇 그램인가요?,False,,0.0,0
@ThuNguyễnMinh-q9s,하나부터 열까지 다 가르쳐주는 배튕학원 롤카롤카,False,,0.0,0
@HuyĐinh-i2g,미리 사전에 정보수집을 안해도 실전에서 배우면 된다 롤카롤카,False,,0.0,0
@TrangThuy-w4p,하나부터 열까지 다 가르쳐주는 배튕학원 롤카롤카,False,,0.0,0
@HưởngNgọc-n6i,곧 시즌이 돌아오는데 가만히 계실건가요 ? 롤카롤카,False,,0.0,0
@까재미,오겹살 1Kg만 하면 모든재료 반만 넣으면 되나요?,False,,0.0,0
@thachphamngoc872,이스포츠에 관해서는 우리나라가 최고의 실력 롤카롤카 ㅋㅋㅋㅋㅋ,False,,0.0,0
@singsingguitar,와....... 와이프랑 같이 해 먹어야겠어요 국수랑 조합도 아주 좋아보이네요 츄릅,False,,0.0,0
@숏봉봉,마이야르 내는 이유가 푹 삶아도 형태유지하기 위해선데 마이야르 너무 많이주면 겉에 뻣뻣한 층이 생겨서 살짝만 주는게 더 식감이 좋습니다,False,,0.0,0
@HieuNguyen-w5b5b,/롤/카/롤/카/ 놀이공원 보다 더 짜릿짜릿 19금 보다,False,,0.0,0
@Capobvious1,자 이제 유저육도 하셔야죠..?,False,,0.0,0
@히카와쿄우카,예전 영상에 유저육 하신거 있어요!,True,@Capobvious1,1.0,0
@라이츄-d4m,부타노가쿠니랑 비교해서 조금 금방 질리는감이 있을수도있나요?,False,,0.0,0
@Iwannahappy77,일반 설탕보다 중국 삥탕(얼음설탕이라고 하나?) 그거 사용하시면 윤기가 훨씬 대단합니다,False,,0.0,0
@knkd764,"어릴때 중국에서 유학하던 시절 이름도 모르고 먹었던 개쩌는 음식들, 나이들어 하나둘씩 인생에 귀인 찾아오듯 어쩌다 먹고 그떄 기억 떠올리던 음식들이 있는데 제게 있어서 홍소육이 그중 하나입니다. 좋은 영상 잘 봤습니다.",False,,0.0,0
@docdre0909,중국스러운 향신료는 아예 안 넣는건가요? 그래도 팔각 몇개 넣으면 맛날거 같은데 말입니다 ㅠㅠ,False,,0.0,0
@jjua1122,한국: 간장 된장 고추장에 조림<br>일본: 간장 술에 조림<br>중국: 간장 노추에 조림,False,,0.0,0
@치맥은진리,살이 좀 빠지신거 같습니다!,False,,0.0,0
@굵굵굵굵,얘 왜케 좌파같냐,False,,0.0,0
@박성준-c8o4c,니가 짝사랑하는 여자도 좌파 1찍임 ㅅㄱ,True,@굵굵굵굵,2.0,0
@뭐아싸라비아콜롬비아,님 정치병자임?,True,@굵굵굵굵,2.0,0
@yjjy57,"육식맨님 닭 내장볶음 먹어보셨나요? <br>우리집 아부지 술안주 입니다. 엄마가 가끔 해주시는데, 매콤한 양념에 난황과 곱창 등이 들어갑니다. <br>내장 특유의 고린내가 있긴하지만, 심하지는 않습니다. 달갈피막 같은 질감이 느껴지면서 동태찌개 안에 들어간 알과 비슷한 맛이 납니다. (우리아빠 술안주, 나의 밥도둑 이라는 말)<br>집집마다 레시피가 다른데, 엄마는 소주와 소량의 생강으로 내장냄새를 잡아내고 무와 양파, 고춧가루와 청양고추를 넣어서 시원하고 칼칼하게 만들어주세요.<br>시장에서 닭내장 한 봉지에 5천원에 살 수 있는데, 무척이나 저렴하고 (저한테는)맛난 음식입니다! 나중에 만들어주신다면 재밌게 보겠습니다!!",False,,0.0,0
@yjjy57,참고로 순대국밥 옆 매콤다대기...그거 치트키입니다.,True,@yjjy57,1.0,0
@lsk8098,중국사람이 하는거 보니까 맨처음 설탕을 갈색이 날때까지 녹인다음에 고기를 볶고 물을 넣던데.. 차이가 읍나요?,False,,0.0,0
@ddukrouge,어제 보자마자 해봤는데 너무 맛있었어요.<br>조리시간대비로 하면  홍소육보단 국수가 충격적으로 맛있던...<br><br>홍소육은 레시피보다 노추 좀 더 넣어도 될 것 같습니다.,False,,0.0,0
@냥냥발바닥,빙탕후루가 저 빙탕이구나 ~,False,,0.0,0
@cassmazui,껍질없는 삼겹살도 가능할까요...?,False,,0.0,0
@FreddyKim00,중국 이제 비자면제라던데 다양한 중국 육식들 기대됩니다😊,False,,0.0,0
@jnh678,이건 정말 맛있는 전통 한국 요리 입니다.  정확한 레시피 감사합니다.,False,,0.0,0
@jnh678,이러면 중국 뉴스에 나오나요?,True,@jnh678,1.0,0
@point4548,"<a href=""https://www.youtube.com/watch?v=7syMYZC0uFo&amp;t=708"">11:48</a> 저 중국 충칭 3년살때도 홍소육 가니쉬로 청경채가 종종 있었어요. 중국에서도 식당마다 다 다릅니다",False,,0.0,0
@yujjing2221,4년전에 한국엔 홍소육 레시피가 없어서 중국어 번역해가며 해먹었는데ㅜㅜㅜ <br>오리지널 홍소육은 향신료가 너무 많이 들어가요ㅠㅜ <br>요리시간만 제외하면 진짜 매일 먹고싶을정도로 맛있는데ㅜㅜㅜ <br>고기 한번 굽고 빙탕넣어 다시 볶는게 오리지널 느낌이더라구요ㅎㅎㅎㅎ<br>저는 홍소육에 오이탕탕이랑 같이 먹는걸 좋아합니더ㅋㅋㅋ,False,,0.0,0
@봄봄-i6l,재료 다 오프라인으로 살 수 있는데 삼겹살이 삽겹살이 비싸네요 자취생우러요 어흐으으으으윽,False,,0.0,0
@user-eu4ip2wx7o,노추는 가지고 있으면 간간히 쓸곳이 생깁니다  한병쯤 사놓을만해요   동네에 중국식료품점 있으면 하나사세요,False,,0.0,0
@user-dc2io1tl8k,웍에 껍질 부위를 지진다고 털이 태워질까요?...ㅎㅎㅎ<br>머리카락 하나 뽑아서 웍에 올려보세요<br>스토리텔링은 좋은데  조금 앞뒤가 안맞습니다...^^,False,,0.0,0
@송준하-b2f,안녕하세요 중국출장 자주가는 직장인인데 홍소육 뒤지게 놀라울정도는 아니고 <br>동파육이랑 굉장히 비슷합니다,False,,0.0,0
@김기윤-k1j,인덕션으로 도전해보려고 하는데 혹시 약불 중불 기준이 몇 정도인지 알 수 있을까요...??,False,,0.0,0
@glockfourfive-l4w,준비 잘해놓고 왜 고기를 태워요......,False,,0.0,0
@soyparrillero5354,기름에 빙땅을 녹여야 해요.. 맛이 달라요ㅠ,False,,0.0,0
@ghostg124,진짜 간단하네요 ㅎㅎ 동파육보다 간닪ㅎㅎ,False,,0.0,0
@Aura-b2s,어제 상해 그랜드마더에서 먹었는데 영상 올라오다니 타이밍 굳이네요!!!,False,,0.0,0
@hy4973,홍소육은 팔각이 메인인데 안넣었네요.,False,,0.0,0
@이현진-b1r,올 2월에 상하이와 쑤저우를 가는데 많이 기대됩니다! 부타노가쿠니는 한번 해서 너무 잘먹었는데 홍소육도 한번 해야겠어요.,False,,0.0,0
@Yaid1024,난 왜 이시간에 배를 붙잡고 이걸 보고 있는가,False,,0.0,0
@slptckamin9948,중간에 &quot;재료가 별로 안들어가니 대신 시간을 많이 잡아먹겠구나.. &quot;했는데 생각보다 짧고 그저 냄비 하나로 되는 메뉴여서 의외였습니다. 도전의욕이 생깁니다.,False,,0.0,0
@totoy33,와우 만나겟당 나이런요리가 조은댕 저렇게 두껍게해서 쪄서먹는게 존나맛잇음 먹을줄아는갑냉 ~,False,,0.0,0
@kimttop,"<a href=""https://www.youtube.com/watch?v=7syMYZC0uFo&amp;t=323"">05:23</a> 파사삭 asmr인가 ㄷㄷ",False,,0.0,0
@레퐁-p5g,한달전에 상하이 출장서 하필 이걸 안먹었네ㅜㅠ 다음엔 반드시 먹는다,False,,0.0,0
@절봉이-w2q,이번 영상은 맛표현이 진부하지 않아서 좋네요 ㅋㅋㅋㅋㅋ,False,,0.0,0
@redford6523,서봉주가 아깝다...,False,,0.0,0
@한상조-w1w,글세 중국 음식은 들은 만큼 맛있지 않더만요,False,,0.0,0
@아이리리라,한시간만 삶아도 저렇게 부드러워지나요?,False,,0.0,0
@MinC-KIM,"노추(노두유)는 요리할때 꽤나 유용합니다. <br>족발 뿐만 아니라 수육, 장조림, 찜닭 할때도 색이 진하게 나와서 좋고, <br>중국집스타일 계란 볶음밥 할때 한 숫가락 넣으면 더 맛있어 지네요.",False,,0.0,0
@koomr4200,이븐하게 익힌 청경채랑 같이 먹어야 … ㅎ,False,,0.0,0
@dohun686,도마 만족하십니까 좀 어때요 그 도마 살까 고민 중입니다,False,,0.0,0
@GOODNEWS-lm1cx,천국 지옥은 있으며 예수님께선 그리스도이시며 길이요 진리요 생명이십니다 예수님께선 부활이요 생명이십니다 회개하십시요..  예수님께선 구세주이심을 선포합니다 현금없는 사회와 CBDC 디지털화폐는 인간을 노예삼고 사유재산을 없애고 사탄이원하는 바이므로 해선  안됩니다. 디지털아이디 거부하시며 베리칩과 666표  받지 마십시요.,False,,0.0,0
@바이-e2z,사이비,True,@GOODNEWS-lm1cx,1.0,0
@user-gw3or2ds9n,정말 먹어봤던 중궈요리중 제일 맛있었음,False,,0.0,0
@행인1인,"<a href=""https://www.youtube.com/watch?v=7syMYZC0uFo&amp;t=387"">6:27</a> 완전 중국인 같아요",False,,0.0,0
@맘모킹,"육식맨님…제가 진짜 좋아합니다.<br>하지만 전 중국인으로써 그리고 제가 정말 잘하는 요리로써,, 떠나간 전여친도 먹고 돌아오게 만들었던 저로써 해당 요리 방식, 소스에 오해야 오류가 있습니다, 훙소육은 중국에서 시라지 혹은 감자 혹은 고구마 혹은 마늘 혹은 아무튼 같이 해서 먹을수도 있고 그냥 고기로만 요리 했을때도 이렇게 만들면 제대로 만들지 못한 겁니다. 훙소육의 버전이 여러가지지만, 빙탕은 무조건 라드유, 저 돼지로 기름낸 기름으로 불을 조절하면서 녹인다음 고기에 착색을 입혀야 합니다. 이건 기본 이에요😅",False,,0.0,0
@Ruminnn12,중국 납육 존버 1년째,False,,0.0,0
@양희준-b2s,고기양이 적으면 향신료도 적게 넣어야는거죠?,False,,0.0,0
@니멘트시멘트,팔각 넣어도 되나요? 넣으면 언제 넣는게 좋을까요 글고 빙탕대신 백설탕 써도 될까요,False,,0.0,0
@change_bing,흠... 일단 술 없고... 음... 중국 간장 없고... 흠.... 빙탕 없고... 오겹살은... 후지고기가 좀 있는데... 그럼 후지를 굽고 거기에 간장이랑 설탕 넣어서 조려 먹으면 비슷하려나?,False,,0.0,0
@kirinpeak5676,형 젖가락 나무로 바꾸심안될까요. 갬성이 없어보입니다.,False,,0.0,0
@sniper9405,사실 중국에서는 상하이 요리는 안 쳐줍니다. 4대요리 8대요리 이야기하는데 상해는 안 들어가요. 그래도 맛있으면 됐죠ㅋㅋㅋ,False,,0.0,0
@순한맛충,梅菜扣肉부탁드려요~~,False,,0.0,0
@유투브-r8c,자르고 핏물빼야할듯 겉에만 핏물빠짐,False,,0.0,0
@엄마요자리났다,애들이 잘먹네요!<br>팔각 안좋은 버전이라 더 좋아하는것 같아요,False,,0.0,0
@qls7750,드디어 해볼만한게 떴다,False,,0.0,0
@삼들,와... 걍 미쳤다..,False,,0.0,0
@불가리스-z9p,부타노가쿠니와 비교하면 어느게 더 맛있으신가요!?,False,,0.0,0
@박성준-c8o4c,흉소육이 더 맛있음 애초에 부타노가쿠니는 홍소육 배낀거라,True,@불가리스-z9p,1.0,0
@코코아-v5g,1시간 졸이는게 가정식이라니 ㄷㄷ,False,,0.0,0
@yooner80,맛있겠다...,False,,0.0,0
@MultiTae09,이번 주말은 이거다,False,,0.0,0
@Cmoon7777,오 서봉주 블루 좋은 술이랑 드셨네요 홍소육도 맛나보이고 페어링된 술도 딱 좋은 조합입니다,False,,0.0,0
@김경원-l7b,동파육보다 간단해보이네요..<br>육식맨님 레시피로 함 해먹어보겠슴다! 항상 롱런하셔용🎉,False,,0.0,0
@용도-p6i,햐.. 서봉주 진짜 좋은 술이지요,False,,0.0,0
@게랄디,맛있어 보인다...! 비계 싫어하긴 하는데 비계만 따로 때서 먹어도 괜찮을듯...,False,,0.0,0
@청아한청아,"재료도 간단하고 조리 과정도 간단한데 맛도 있을 거 같고요, 특히 저 국수는 꼭 해먹어 보고 싶네요 ㅎㅎㅎ 오늘도 잘 보고 갑니다!",False,,0.0,0
@hyeonji306,"💥육식맨 님, 알려주시면 3대가 돈 길 걷습니다💥<br>육식맨 님, 안녕하세요. 혹시 쓰시던 투명 안경 브랜드 알려주실 수 있나요? 투명 안경을 너무 쓰고 싶은데 육식맨 님 안경보다 더 완벽한 투명 안경을 찾기가 어렵습니다... 제발 알려주세요...",False,,0.0,0
@JA-YONI,청경채는 그냥 소금에 데치면 될까요?,False,,0.0,0
@soyparrillero5354,"물 2리터 당 식용유 1숟갈, 소금 1숟갈 넣어서 데치세요~ <br>데친 후에 팬에 물 소량 넣고, 맛소금 간에 전분물 풀면 더 좋구요.",True,@JA-YONI,1.0,0
@Junkstory7,같이 이딸리아 다녀와서 해주는 요리같아서 좋네용 🎉🎉❤❤,False,,0.0,0
@김재준-n8o,밥이랑 김치마렵네..,False,,0.0,0
@shatiro5588,와 이건해먹어야겠다,False,,0.0,0
@JH-bb8in,혹시 육식맨도 중국 외교부에서 돈받고 최근에 중국 컨텐츠 올리는 겁니까?,False,,0.0,0
@KikiTur,형님 당덩어린데요...?,False,,0.0,0
@하이에나킹,이거 맛있음 중국 출장갔을때 자주먹음,False,,0.0,0
@박메롱-k9z,설탕을 저렇게 많이 쓰면 당분 폭발이겠네요,False,,0.0,0
@Onelion1,고기소녀 사이트에. 스페인산은. 없네요,False,,0.0,0
@DNH-hh9qx,레서피 메모,False,,0.0,0
@악마를보앗다-u2x,노추가 쌍노두유네요ㅎㅎ좋은요리 알려주셔서 감사 합니다ㅎ😊,False,,0.0,0
@everglowstar8359,진짜 음식 맛설명 탑티어,False,,0.0,0
@나카에유메노,준비물: 육식맨,False,,0.0,0
@짹파민,돌아왔군요 육식맨 사랑해요 따라 해볼께요,False,,0.0,0
@너다나는,고기소녀 여기도 또 가격 스물스물 올리겠다 ㅠㅠ,False,,0.0,0
@min_rightwing,红烧肉는 중국동북 대표요리입니다.,False,,0.0,0
@amomomond,부타노가쿠니랑 비교한다면?!,False,,0.0,0
@취미생활-j5o,옛날에 작은아버지 부인이 중국인이라 요리한거 먹어본적있는데 향이 엄청쌔고 짜고 느끼하고 저두 짠맛에 엄청강한데 와...중국사람들 클라스는..한국인을 넘는것 같아요..확실히 마늘도 한국보다 더 좋아하는것 같은?..,False,,0.0,0
@Orkaan0420,이거 그냥 압력솥에 하면 개 야들야들하게 됨,False,,0.0,0
@NOTOS93,하트 주세요 쌩큐!!!!!!😊,False,,0.0,0
@싸울-b6e,도전~~~~~~~~~~~!!!!!!,False,,0.0,0
@katelisa9255,혹시 육식맨님 돼지껍대기로 하는 다른나라 음식들도 가능할가요?,False,,0.0,0
@doh6288,간만의 요리영상!,False,,0.0,0
@anwpdnnr,그래서 고기차이는 확실하게 있나요?? ㅋㅋㅋㅋㅋ,False,,0.0,0
@사자왕-v9n,우리나라 비슷한 동파육을 왜이리 비싸게 받는거야,False,,0.0,0
@argellen.tricia8867,와 내가 유튜브끈이 짧구나 임영웅을 천마라 하는 건 처음 알았네,False,,0.0,0
@MathXS,풍천도 ㄷㄷ,False,,0.0,0
@FFF9A5_Milan,"생각보다 중국요리 재현하는데 <br>향신료가 많이 필요하지 않습니다, 특히 가정식에는요. <br>오히려 중요한건 생강과 고추입니다",False,,0.0,0
@NangmanSidae,맛있게 보여요❤❤<br>항상 잘보고 있어요😊😊,False,,0.0,0
@klaatuTV,내 취향과는 다르게 비계를 다 떼어내는 딸 때문에 한 번 해보고 더는 못 해본 음식,False,,0.0,0
@방랑자-z8t,우와 진짜 맛있겠어요 크흐... 보는것만으로도 침이 고이네요 날이 갈수록 요리실력이 느는것 같은 육식 아죠씨 보면서 오늘도 대리만족합니다,False,,0.0,0
@차곡차곡-f3i,아 삼위일체다 탄단알,False,,0.0,0
@_geonppang,돼지기름걸러서국수만들어도맛있을것같음..소스도홍소육만들고남은소스로해도맛있을것같아요~,False,,0.0,0
@모구-l5s,주말에 해야지 ㅋㅋㅋ,False,,0.0,0
@minchulkim3955,당뇨 한테는 쥐약 인네요...쩝..,False,,0.0,0
@ksj597,노추맛이 궁금하네요,False,,0.0,0
@샤샤샤-o7h,큰 특징이 없습니다 음식 색내기용으로 써요,True,@ksj597,1.0,0
@user-ny3gr2tf3m,"<a href=""https://www.youtube.com/watch?v=7syMYZC0uFo&amp;t=567"">9:27</a> 그래 이표정이야!",False,,0.0,0
@이규령-j4p,탕후루 혹은 빙탕후루의 빙탕이네요. ㅎㅎ 중국요리와 동남아요리에 마법의 가루는 필수인데 레시피에 안나오는 모양입니다. 60년대부터 보급된 마법의 가루가 그들의 식문화를 점령했다고 하네요. 아마 노추 같은 소스류에 이미 포함되었을 것 같네요. ㅎㅎ,False,,0.0,0
@elsieE880,"<a href=""https://www.youtube.com/watch?v=7syMYZC0uFo&amp;t=676"">11:16</a> 식맨이형 저도 인스타 디엠 보내려고했는데 식맨형이 팔로 한 사람만 디엠 보낼수있다고 나오거든요? 요기서 말씀하신 분들은 다 팔로 하고계시는 분들인가요?",False,,0.0,0
@JeeYondu,아니면 스토리언급?,True,@elsieE880,1.0,0
@Gelpeng,육식맨은 댓글 관라도 안하나...,False,,0.0,0
@zetgeneration,필리핀요리 &quot;아도보&quot; 도 한 번 검토해 보심...,False,,0.0,0
@김도현-s4p9o,바이두 검색했는데 노두유가 아닌 빙탕을 카라멜화 시켜서 쓰네요… 검색이나 통역이 필요하시면 도움을 요청하세요…,False,,0.0,0
@rndrmagksid,해 먹어야지 해 놓고 미뤄 왔는데 이걸 기다렸나봐요. 더 이상 미룰 수 없습니다. 주말에 바로 갑니다!,False,,0.0,0
@고구마-s8h4f,텍스쳐가 없잖아요…텍스쳐가…,False,,0.0,0
@j_ho,"감자도 이미 매쉬해서 부드럽죠, 고기 부드럽죠, 소스 부드럽죠, 텍스쳐가 없잖나여",False,,0.0,0
@specops481,ㅋㅋㅋㅋㅋㅋㅋㅋㅋ,True,@j_ho,1.0,0
@김티벳-j1l,오늘 홍소육을 보니 바쿠테가 너무 생각이 납니다. 바쿠테 꼭 해주세요 ㅠㅠ 말레이시아 버전으로...!,False,,0.0,0
@WWOOMM,진짜 개맛있겠다,False,,0.0,0
@최유리-t9u,꼭 만들어 보고 싶네요. <br>혹시 황주가 꼭필요할까요? 아니면 대체제가 따로 있을까요? :),False,,0.0,0
@CR7_Archive,중국에서는 꼭 황주를 넣어야한다고 하네요,True,@최유리-t9u,1.0,0
@노바코스모스,의주로 런 친 선조만큼 달려왔습니다,False,,0.0,0
@Seok.Chong.I,파채나 생강채 올려먹으면 좋을듯,False,,0.0,0
@Iron_A_Owl,"그냥 노추와 설탕을 넣으면 홍소육<br>저기에 설탕 없이 쯔유가 들어가면 가쿠니..<br>저는 그렇게 구분합니다.<br>다만, 가쿠니 쪽이 좀더 소스가 입에 맞다 정도. ㅎ",False,,0.0,0
@스무살의가물치,개인적인 생각인데 홍소육에다가 닭발소스나 불족발 소스 넣으면 인기 많을거 같음,False,,0.0,0
@티벳여우-p9z,.안녕하세요,False,,0.0,0
@user-ei5ih3km3e,밀키트는 안만드시나<br>슬슬 하나 나올때 아닌가 싶기두 헌데,False,,0.0,0
@gs_hosoin,요리영상 나올때마다 육식맨님  친한 옆집 이웃하고싶음ㅋㅋㅋㅋㅋㅋ고기얻어먹고싶음 진짜 개맛잇겠다 ㅠㅠㅠㅠ,False,,0.0,0
@KangMin72,내 잠들기전 마약,False,,0.0,0
@RabbitCritical,오늘 시식할때 음악도 참 좋네요 잘보고 있습니다,False,,0.0,0
@Iceduck-peng,이거는 진짜 요리해서 먹고싶다...,False,,0.0,0
@권민기-r5e,이제 곧 그들이와서 한국이 중국의 홍소육을 도둑질해갔다고 외치겠구만<br>중식은 좀 안다루면 안되나?,False,,0.0,0
@현민-r3c,고명이 낙엽 소리가.. ㅋㅋㅋㅋㅋㅋ,False,,0.0,0
@JINLEE-re2mn,"노추는 달짝지근한 간장조림에 다 진짜 잘어울리져,,,",False,,0.0,0
@Bananphu,동파육보다 가심비 있는 요리네요,False,,0.0,0
@songdoj1653,두번달인진간장 은근 저렴하면서 퀄 좋음<br>업장에서 쓰기에는 대용량을 안 팔고 (최대 5L) 가정용으로는 같은 가격에 퀄 높은 골드 버전을 파니까 종종 그거 사면 501이냐 701보다 가성비 훨 좋음,False,,0.0,0
@soolhouse,저 요리에 서봉주라니 진짜 미쳤다...... 와 무한루프 조합,False,,0.0,0
@아바-h9m,육식이형이 한번 초대하실듯요~,True,@soolhouse,2.0,0
@김민수-x4d9i,술선물 해주셨는데 당연히 음식대접 하겠지요,True,@soolhouse,2.0,0
@KANGTAECHOE,난 저 껍데기 지지다가 포기하고 구워 먹을 것 같다….🤣,False,,0.0,0
@usersuspectionated,육식 맨 혀가 길어..,False,,0.0,0
@함태영-b5r,설탕이나 빙탕 대신 대체당도 맛이 괜찮을지 궁금 하네요<br>아버지가 당뇨셔서..,False,,0.0,0
@rikard197,황주대신 소주를 넣으려고하는데 1대1 비율로 넣으면 될까요?,False,,0.0,0
@하이-d1u,고기는 코스트코? 쿠팡? 어디서 샀나요?,False,,0.0,0
@syan106,감사히 잘봤습니다. 다음에 날잡아서 꼭 따라해볼게요!,False,,0.0,0
@chamii4318,섬네일이 진짜 미쳤네요 역대급인듯,False,,0.0,0
@셀리-f8v,잘해따. 따라서 12월. 상하이. 갑니다.,False,,0.0,0
@machang009,보관할수 있는기간은 어떻게 될까요,False,,0.0,0
@김자반-f9u,늘 좋은 영상 감사합니다♡♡ 세계의 다양한 요리 영상들 보면서 그 나라의 식문화에 대해 배워가는 것 같아 너무 유익하네요!,False,,0.0,0
@honTo-k6p,캬 캬라멜 절어서 색감 잘 나온거봐라 ㅋㅋㅋㅋ,False,,0.0,0
@Limstar.,"오늘 회사 퇴사 충동이 왔지만 자정에 육식맨 영상을 보면서 마음을 가다듬고 있습니다.😂내일 잘 견뎌내어 이직하는 그날까지,,, ㅠ",False,,0.0,0
@uouoz,화이팅!!!,True,@Limstar.,1.0,0
@satan9297,홍소육식맨의 홍소육 레시피 잘봤습니다,False,,0.0,0
@zerosum519,노추대신 콜라넣으면 설탕도 필요없음,False,,0.0,0
@grandesize,오늘 조합 너뮤 사랑스럽다..해봐야징,False,,0.0,0
@최건-x3n,육식맨님! 물닭갈비도 리뷰 부탁드립니다! 신대방삼거리 기절초풍 물닭갈비 꼭 드셔 보셨으면 좋겠어요!,False,,0.0,0
@Mr-kj1kg,"쪽파 튀긴거 색만 보면 탄것처럼 생겼는데, 탄맛 같은건 없으신거죠..?😊",False,,0.0,0
@앙김억지,황주 대신 소홍주로 대체해도 될까요! 동파육하고 남은게 있어서ㅠ,False,,0.0,0
@김영민남,소흥주가 황주에 속하는 것입니다,True,@앙김억지,1.0,0
@kim_wheedong,어려워 보이진 않아서 재료만 대체되는걸로 찾아봐야 겠네요. ^^,False,,0.0,0
@Hoon-p6e,찢구속되는 속도로 왓습니다,False,,0.0,0
@seeyou449,사실은 상하이 가정에서 만드는 홍소육은 삼겹살만 들어가 있지 않습니다. 부재료로 삶은 계란을 노른자 보일 정도로 칼집을 몇 번 내서 마지막 20분정도 같이 졸입니다. 소스가 노른자까지 슬며들어서 계란도 엄청 맛있습니다.또 건두부피를 매듭지어서(百叶结) 같이 졸이기도 합니다. 빙당을 넣은 이유는 윤기때문입니다. 없어도 되지만 덜 맛있어 보일 거예요.,False,,0.0,0
@swp4723,비계는 소화가 거의 안되는 나로선 딱 한입밖에 못먹을 음식인데  맛있어보인다 ㅠㅠ,False,,0.0,0
@VermilionRey,동파육보다 훨씬 간단하네요. 마침 어머니가 노추를 사셨는데 추천해봐야겠네요.,False,,0.0,0
@임진아-e4o,뭐지?오늘 동파육 검색하다 홍소육이란거 첨보고 시켰는데 대박 ㅋㅋㅋ신기해,False,,0.0,0
@Eomnaoi,홍소육도 홍소육이지만 파기름국수는 진짜 맛있겠다,False,,0.0,0
@deeppiz,이건 코스트코에서 네덜란드 냉동 사와서 해먹으면 맛있겠다,False,,0.0,0
@군단을위하여,강원도 닭갈비투어 기원 3일차,False,,0.0,0
@yo-pk1uw,집에서 동파육한번해봣는데 맛있긴한데 자주해먹긴 너무 귀찮음,False,,0.0,0
@jihwanmoon9864,에브리씽 에브리웨어 올 앳 원스 영화에 나오는 scallion oil noodle이 바로 육식맨님이 해주신 국수입니다ㅎㅎ,False,,0.0,0
@여콩-q7l,육식맨님  서울뼈구이 해주세용 본점은 청량리에 있어용  집에서 뼈구이같은거 해먹어볼려해도 하는법을 모르겠어용 ㅠㅠ,False,,0.0,0
@조유근-t7k,아직 수능 끝나고 특식 안 먹었는데 이거다,False,,0.0,0
@랄무새,홍소육이랑 부타노가쿠니중에 하나만 추천 해주세요,False,,0.0,0
@전광우-y2h,노추랑 간장을 얼마나 넣어줘야하는지 궁금하네요,False,,0.0,0
@choiprog,서봉주 메모,False,,0.0,0
@ashfordstainer1924,황주 필수가 아니라고 하시는데 속지마세요 ㅋㅋ<br>구하실 수 있으면 샤오싱주(소흥주)가 최고고 (과하긴 합니다) 없으시면 중화식재료상에 파는 조리용 황주를 쓰세요 이게 있고 없고 따라서 향이 아주 달라집니다<br>정 없으시면 소주 대신 청주를 쓰세요 백화수복이나 청하....이게 쪼끔 더 비슷합니다 소주 보다는<br>근본이 없이 맥주를 쓰시는 것도 돼지고기엔 어울립니다(독일식입니다 ㅋㅋ),False,,0.0,0
@ddsdedkdsosososo3724,"<a href=""https://www.youtube.com/watch?v=7syMYZC0uFo&amp;t=337"">5:37</a> asmr",False,,0.0,0
@ashfordstainer1924,서봉주라니!! 장안의 명물 게다가 30년 산,False,,0.0,0
@heewon7856,"부타노가쿠니 진짜 맛있게 따라해먹었었는데, 이번엔 홍소육이다..",False,,0.0,0
@jjinsang23,곧 도전하러갑니다❤,False,,0.0,0
@구리코-j8l,서봉주…. 우와… 한잔만 마셔보고 싶네요. 아 물론 홍소육에요,False,,0.0,0
@이승준-c4q,Clay pot chicken rice 도 해주세요,False,,0.0,0
@yacha18_,이거 난이도 진짜 쉽네요. 이번 주말에 도전 한 번 해보겠읍니다.ㅎ,False,,0.0,0
@행복하고싶어-k7w,"돼지고기는 나라마다 선호 부위가 다릅니다.<br><br>일본: 안심, 등심(돈까스)<br>독일: 족발",False,,0.0,0
@무명-d6m,상하이 가서 먹어보고싶게 만드는 영상이네,False,,0.0,0
@jooxi3228,왔구나 내 근본영상!,False,,0.0,0
@yupharm2807,파기름 국수는 기업에서 제품으로 만들어서 팔아도 괜찮을듯,False,,0.0,0
@YOOXICMAN,"삶자마자 한조각 집어 들어서 흰쌀밥 위에 올려먹으면 개꿀맛<br><br>🔽재료 목록과 조리도구 정리🔽<br>✅ 냄비 : 테팔 매직핸즈 티타늄<br><a href=""https://link.coupang.com/a/bVbrck"">https://link.coupang.com/a/bVbrck</a><br><br>✅ 프라이팬 : 락앤락 쿡플러스 궁중팬 32cm<br><a href=""https://link.coupang.com/a/bnFc01"">https://link.coupang.com/a/bnFc01</a><br><br>✅ 계량스푼 : 쿠진아트 계량 스푼<br><a href=""https://link.coupang.com/a/bOHtCm"">https://link.coupang.com/a/bOHtCm</a><br><br>✅ 기본 조리 용품 : 트라이앵글<br><a href=""https://link.coupang.com/a/b0X98x"">https://link.coupang.com/a/b0X98x</a><br><br>✅ 도마 : 도블레 TPU 도마<br><a href=""https://link.coupang.com/a/bnkO2p"">https://link.coupang.com/a/bnkO2p</a><br><br>✅ 검정 장갑 : 브릭글로 니트릴 장갑 <br><a href=""https://link.coupang.com/a/bPMWTZ"">https://link.coupang.com/a/bPMWTZ</a><br><br>✅ 주방 저울  : 0.1g 단위 측정 주방 저울<br><a href=""https://link.coupang.com/a/bxInKL"">https://link.coupang.com/a/bxInKL</a><br><br>✅ 집게 : 테팔 집게<br><a href=""https://link.coupang.com/a/bPMttu"">https://link.coupang.com/a/bPMttu</a><br><br>✅ 조리 주걱 : 테팔 인지니오 실리콘 조리주걱<br><a href=""https://link.coupang.com/a/bz2GMu"">https://link.coupang.com/a/bz2GMu</a><br><br>✅ 정수기 물통 : 브리타 마렐라 XL <br><a href=""https://link.coupang.com/a/bnDd6W"">https://link.coupang.com/a/bnDd6W</a><br><br>✅ 전기포트 : WMF 르노 무선 전기 주전자 포트<br><a href=""https://link.coupang.com/a/bnfIt8"">https://link.coupang.com/a/bnfIt8</a><br><br>✅ 1구 인덕션 : 삼성 더 플레이트 인덕션 1구<br><a href=""https://link.coupang.com/a/bVbn8a"">https://link.coupang.com/a/bVbn8a</a><br><br>[홍소육 재료]<br>오겹살 2kg<br>쪽파 뿌리 10개 <a href=""https://link.coupang.com/a/b0X6Wp"">https://link.coupang.com/a/b0X6Wp</a><br>생강 엄지만한 슬라이스 10장 <a href=""https://link.coupang.com/a/b03BWp"">https://link.coupang.com/a/b03BWp</a><br>황주 4테이블스푼 <br>진간장 3테이블스푼 <a href=""https://link.coupang.com/a/b0X4is"">https://link.coupang.com/a/b0X4is</a><br>노추 3테이블스푼 <a href=""https://link.coupang.com/a/b03Ckh"">https://link.coupang.com/a/b03Ckh</a><br>빙탕 80그램 <a href=""https://link.coupang.com/a/b0X5mk"">https://link.coupang.com/a/b0X5mk</a><br>황설탕 혹은 흑설탕 1테이블스푼 <a href=""https://link.coupang.com/a/b03CLO"">https://link.coupang.com/a/b03CLO</a><br>[파기름 국수 재료]<br>중면 <a href=""https://link.coupang.com/a/b0X5Q7"">https://link.coupang.com/a/b0X5Q7</a><br>쪽파 5대 <a href=""https://link.coupang.com/a/b0X6Wp"">https://link.coupang.com/a/b0X6Wp</a><br>마늘 5개 h<a href=""https://link.coupang.com/a/b03FvN"">https://link.coupang.com/a/b03FvN</a><br>생강 손가락 하나 크기 <a href=""https://link.coupang.com/a/b03FEL"">https://link.coupang.com/a/b03FEL</a><br>기름 100ml <a href=""https://link.coupang.com/a/b03F44"">https://link.coupang.com/a/b03F44</a><br>설탕 2테이블스푼 <a href=""https://link.coupang.com/a/b03Gg7"">https://link.coupang.com/a/b03Gg7</a><br>노추 1테이블스푼 <a href=""https://link.coupang.com/a/b03Gpn"">https://link.coupang.com/a/b03Gpn</a><br>진간장 4테이블스푼 <a href=""https://link.coupang.com/a/b0X4is"">https://link.coupang.com/a/b0X4is</a><br><br>(이상 제휴 링크로 구매 시 수수료를 받아 채널 운영에 도움이 됩니다.)",False,,0.0,0
@Sulgy-n4w,빙탕을 황설탕으로 대체하려면 황설탕 1테이블 스푼+2 정도 하면 될까요?,True,@YOOXICMAN,10.0,0
@변호사,"<a href=""https://www.youtube.com/watch?v=7syMYZC0uFo&amp;t=210"">3:30</a> 마이야르를 내기보다 조금 덜 열심히 굽고 굴소스 넣어도 된다고 했는데 그러면 얼마나 넣어야 할까요? 굴소스에는 간이 되어 있어서 잘 모르겠네여",True,@YOOXICMAN,10.0,0
@mit_x4,진짜 너무 맛있게 먹었습니다ㅎㅎ만든거 세상에 자랑하고싶을정도👍👍,True,@YOOXICMAN,10.0,0
@aidenkim7946,형 잔 정보도 부탁드리겟습니다ㅠㅠ,True,@YOOXICMAN,10.0,0
@하미니튜브,재료들은 육식왕의홍소육 해서 쓰신 재료 만큼 밀키트만들어서 팔아도 좋겠어요 한정으로 100개 200개 이런식으로요 사업도 되시고 우리들은 한곳에서 편하게 사서 해 먹을 수 있다고 생각 들어서요 저 재료 하나하나 사다보면....우와... 그냥 한번에 할 방법이 없을까? 하다가 아~ 육식맨님이 밀키트로 100개 한정 이렇게 팔아주면 좋겠구나 생각들었습니다,True,@YOOXICMAN,10.0,0
@삥뿌-kr,중국음식먹방치면 죄다 저거먹던뎅 이걸 육식맨에서 보다니 ㄷㄷ,False,,0.0,0
@user-ps7ef3yq4b,모수를 다녀오셔서 그런지 영상의 퀄리티가 더 섬세해지신거 같네요 ㅋㅋㅋㅋ<br>들어간 음악 사용하는 언어 모든게 더 현지스럽게 더 다채롭게 느껴지네요!,False,,0.0,0
@재원좋아,와 이거 진짜 감사드립니다 ㅜㅜ 진찌 보고싶던 요린데 ㅜㅜ,False,,0.0,0
@Me-mx2ev,형님 오향분 한 스푼 넣으면 어떨까요,False,,0.0,0
@boracityboy2636,찌는대신 오븐에돌려서 번트엔즈느낌으로 해도 맛있겠네요...,False,,0.0,0
@황동현-h7e,음식 해주세요 ㅠㅠ 탐방 말고,False,,0.0,0
@SWOh-xx4me,"중국 볶음요리 맛 내려면 노추(노두유)는 필수더군요.<br>색도 색이지만 간장만 넣어서는 그 맛이 안납니다. 다른건 몰라도 노두유는 꼭 들어가야함.<br>(황주=소주/맛술, 빙탕=설탕이지만, 노두유는 대체제가 없다고 생각함)<br>전 요즘 굴소스보다 노두유를 많이 씁니다. 어묵이나 버섯 볶을때도 간장대신 넣음.",False,,0.0,0
@신의수-j4d,뭔가 마이크가 바뀐건지 음성 셋팅이 바뀐것 같은데?요????,False,,0.0,0
@ramido1403,동파육보다도 더 간단하고 금방 만들수 있네요! 재료가 적은게 무척 마음에 들어 다음에 손님초대시 무조건 이 두조합 가봐야겠습니다! 너무 감사합니더,False,,0.0,0
@2-dmwosjaa,형님 형처럼 사는게 꿈입니다<br>열심히 살게요,False,,0.0,0
@사장니무,저기에 버번 한잔 조지면 죽음일것같다 와 ...,False,,0.0,0
@헬턴트-f5w,먼저 삶거나 찐 다음 굽는건 맛이 덜 할까요?,False,,0.0,0
@bi_bi_bic,파 튀김은 거의 낙엽소리가 나네요 ㅋㅋㅋㅋㅋㅋㅋㅋㅋ 얼마나 바싹 튀겨진건지 소리로 느껴짐,False,,0.0,0
@유베리-j2d,집에서 한 번 해 본 이후로는 와이프 무서워서 더는 못 하는 홍소육^^ 다큐에서는 돼지고기를 작게 썰더라구요 그런데 육식맨님처럼 큼직한게더 맛있을 듯,False,,0.0,0
@kingdog7583,그래도 기름져서.. 많이 못먹겠당..,False,,0.0,0
@카모띠-l7z,얼마전에 야매(?)동파육도 해봤는데 도전해볼만하겠군요.. 감사합니다,False,,0.0,0
@김당면-d6g,와 최근에 홍소육 먹고싶었는데 🥹,False,,0.0,0
@부각부각조청좋졍,생강 혹시 건조 다진생강 써도 괜찮을까요??,False,,0.0,0
@lyingb5687,"서봉주는 무협에 나오는 화산파, 그 화산의 자락에서 만들어요.",False,,0.0,0
@goooner,영상에서 만든 홍소육은 못만들겠고 계란후라이나 만들어서 간계밥이나 먹어야겠다,False,,0.0,0
@허지웅-c9i,느끼해서 많이 못먹을꺼같은데 뭔가 시거나 상큼한 사이드디쉬가 있으면 더 많이먹을수있겠네요.,False,,0.0,0
@csgrfutbol2103,파기름 국수ㄷㄷ,False,,0.0,0
@user-mikuia,홍소육 만들때 넓직한 풋콩같은걸 넣어도 좋습니다<br>한국명칭은 모르겠는데 중국에서 온 사람들은 작물엿콩이라고 부릅니다<br>볶음이나 조림요리에 넣어도 맛있습니다,False,,0.0,0
@맘속작은아이,"집에서 만들어 먹어도 괜찮게 나름? 요리법이 쉬운 거 같네요, 하지만 노추, 노두유라고 불리는 중국 간장처럼 다른 요리에 대입해서 쓰기 힘들 거 같은 재료들로 다른 요리에도 사용을 해보는 영상은 어떤가요?? 일반인들에겐 생소한 것들을 저 요리만을 위해 사기에는 아까운 생각이 듭니다. (항상 좋은 영상 감사합니다, 잘 보고 있습니다.)",False,,0.0,0
@홍도경-n8c,계란 노른자만 위에 하나 올려서 터쳐먹어도 엄청 맛있습니다,False,,0.0,0
@idjdjdalal,평소보다 약간 사운드가 뜨는거같은데 아닌가...? 뭔가 평소랑 다른 느낌😅,False,,0.0,0
@NORANZADA,이형은 돈벌기 힘들겠다 링크가 엉망이라,False,,0.0,0
@JJS-j5f,라면에 계란풀어서 밥먹는중인데 이런것이 자린고비라고 하는건가..?,False,,0.0,0
@이승주-i7c4e,서양에서는 무거운 물건으로 삼겹살 지방을 극한까지 짜내서 요리하거나 최대한 얇게 베이컨으로 먹고<br>중국에서는 오히려 두껍게 썰어먹고<br>한국에서는 비싸서 못먹고(?)<br>각문화마다 삼겹살을 대하는 태도가 재밌는것같아요 😂,False,,0.0,0
@iiliillililillil,빙탕 없이 황설탕으로만 한다치면 테이블스푼 몇번 써야하나요,False,,0.0,0
@원섭이-u1h,나라별로 다드셔보실듯,False,,0.0,0
@김수호-h2x,마지막 말 영상에 진심이 담겨있는 것 같아 뭔가 짠하네요 구독하길 잘했다 생각 듭니다 잘 보고 가요,False,,0.0,0
@rhapsodyofice8184,상해 고파지는 영상이네요<br>아... 진짜 가고싶다 본토요리 먹으러,False,,0.0,0
@유아이-c6f,홍-쓰아우-러우,False,,0.0,0
@studiohoot,노추를 사보려고 링크를 누르니 쪽파가 나오네요..?,False,,0.0,0
@YOOXICMAN,수정했습니다 피드백감사합니다,True,@studiohoot,1.0,0
@bhk6239,내 제사상에 저거 올려주세요,False,,0.0,0
@조건우-z1t,저녁식사 건강히 드셨습니까? <br>월요일은 좀 힘들게 느껴져서요.,False,,0.0,0
@YOOXICMAN,힘든 월요일 고생하셨습니다 조건우님도 건강하고 맛있는 저녁식사 하셨으면 좋겠습니다,True,@조건우-z1t,2.0,0
@조건우-z1t,@@YOOXICMAN 저녁식사는 회사(잔업했어요.)에서 제공해주셔서 먹었습니다.,True,@조건우-z1t,2.0,0
@이상현-u6q5x,대학생시절 잘 나가는 마라탕집이 있었는데 그 집에서 식사류로 홍소육덮밥을 팔았어요 <br><br>양파 넣고 나온 물에다 간하고 전분 풀고 푸주 홍소육 넣어서 달달 볶아서 밥 위에 올려줬는데 그때 생각납니다,False,,0.0,0
@돈죠바니,"이거,, 은근 간단하네 진짜",False,,0.0,0
@angpang84,고기가 저렇게 쌓여있는것만으로 행복해보이고 너무 부럽......,False,,0.0,0
@tipards,스페인 삼겹은 듀록 이베리코만 지방이 많고 일반 삼겹은 별루에요,False,,0.0,0
@liebkneyuhwa,외국사람들이 육식맨님 채널 봐줬으면 좋겠다 자기 나라의 요리를 하면서 그 문화와 근본을 존중하고 그거를 지킬려고 노력하는지 보면 감동받을거같은데,False,,0.0,0
@anz1004,조경규 작가님 웹툰 오잼에서 준영이가 유독 좋아했고 아예 작가님 직접 요리를 하신 고기 요리여서 무지 궁금했는데 보니까 준영이가 괜히 찾은게 아니었군요 ㅎㅎ,False,,0.0,0
@안녕하세요-n6q,다른건 힘들어보였는데 이건 메뉴도 적고 해서 따라해볼만 하겠네요,False,,0.0,0
@JM-yk9qq,항상 레시피의 사소한 것 하나하나 존중하는 느낌이 너무 멋지신거같아요. 푸른 눈 외국인이 김치찌개 근본 따지면서 재료 골라서 끓인다고 생각하면 나라도 기분 좋을듯 하네요,False,,0.0,0
@parksh6911,정봉주가 아니고 서봉주?! 죄송함다. 정봉주 전의원.,False,,0.0,0
@그런거없다-b3j,삼겹살은 지방층이 적어도 살코기 사이에 지방이 많아서  지방층이 적은게 더 맛있을듯,False,,0.0,0
@Sam_Maru,"제가 중국이라는 국가를 다양한 이유로 좋아하지 않지만,<br>단 하나. 요리는 절대 싫을 수가 없더라구요.<br>같은 동북아시아국가라 입맛이 서양에 비해 비슷한 것도 있지만<br>동북아시아 국가인 것을 제외하더라도 모두가 인정할 만한 맛을 가지고 있다는 것이...<br><br><br>&quot;내 몸의 전부는 중혐이어도 혀 하나만큼은 친중이다.&quot;",False,,0.0,0
@lILIILIILI1,동파육 홍소육 차이가 뭔가요?,False,,0.0,0
@taejoonkim9952,탕추파이구도 요리해주세요,False,,0.0,0
@kwangjejo481,리액션의 신 육식맨님 표정만 봐도 허벌나게 맛있어 보이는...ㅋㅋㅋ^^,False,,0.0,0
@zitnbit,전통음식이라면서 설탕이 들어가네요. 설탕 없던 시대는 어떻게 먹었을지 궁금하네요.,False,,0.0,0
@이현수-k3l,육식맨님 홍소육 영상을 보니 레시피 자체는 어렵지 않아서 이거는 따라서 해보고 싶다는 생각이 드네요,False,,0.0,0
@denoir3583,동양풍 육식 낭만 끝판왕 요리라고 생각함..,False,,0.0,0
@o3o492,파기름국수에 노추 꼭 필요할까여? 대체할수잇는 재료 없나용,False,,0.0,0
@asshamster,대체절대안됩니다. 저는중국인사촌동생이있는 조선족인데 노추안넣으면 욕먹읍니다.,True,@o3o492,1.0,0
@Agifcatus,젓가락으로 개잘찢어지는 야들하고 달고 짠 중국 가정식 삼겹살이라니… 면이고 뭐고 걍 밥비벼먹고싶은데요 큐브 하나 밥 한공기에 넣고 계란 노른자랑 파도 담은 다음에 숟가락으로 누르면 뭉개지는 쾌감 쩔듯,False,,0.0,0
@rreinhardt2393,"자산먹보, 이충근 합방 기원 153일차",False,,0.0,0
@juno3022,오늘의 킥은 오히려 파기름국수 같음 ㅋ 꼭 해먹어봐야지,False,,0.0,0
@YounNa_,고기 굽고 다 넣고 끓이면 되는 요리니 진짜 쉬운데요....???,False,,0.0,0
@정우-f1o,비주얼 미쳤네요ㅠㅠ,False,,0.0,0
@사하퀴엘-w7c,상해에서 7년 반 유학해서 코로나 이후로 상해로 못 갔는데 넘 맛있겠네요 내 최애 음식 중 하나였는데 또 먹고싶다 ㅠㅠ,False,,0.0,0
@jaejiba,요리를 육식맨님이하는게아닌가,False,,0.0,0
@honsulnam91,캬.... 저 밥도둑.... 옆에 대파라도 뜯어먹으면서 먹으며 더 맛있겠네요....,False,,0.0,0
@말찹말찹,와우 완전 맛있어 보인다,False,,0.0,0
@ADMINWCAA,"제가 육식맨님 레시피를 다 똑같이 따라해본바로는, 부타노가쿠니가 이 비슷한 요리 시리즈중에는 1등인것 같습니다.",False,,0.0,0
@이모씨-v4n,외관상으론 완전 삼겹살 간장 탕후루 ㅋㅋ,False,,0.0,0
@tgyoon4real,"<a href=""https://www.youtube.com/watch?v=7syMYZC0uFo&amp;t=451"">7:31</a> 너무 커❤",False,,0.0,0
@따룬파,위안을 얼마나 받으셨길래 ㄷㄷ,False,,0.0,0
@서봉조,"<a href=""https://www.youtube.com/watch?v=7syMYZC0uFo&amp;t=555"">9:15</a>  깜짝이야;",False,,0.0,0
@maesil-,ㅋㅋㅋㅋ 서봉주 처음아셨을거같은 느낌,True,@서봉조,1.0,0
@재경정,"<a href=""https://www.youtube.com/watch?v=7syMYZC0uFo&amp;t=437"">7:17</a> 운동하고 닭가슴살에 밥먹으면서 보다가 여기서 책상 내리쳣네요,,,<br>이번 반찬,,, 무쟈게 맛있읍니다^^^^^^^^^^^^^^^^^^^^^^^^^^^^<br><br>+ <a href=""https://www.youtube.com/watch?v=7syMYZC0uFo&amp;t=504"">8:24</a> ^^^^^^^^^^^^^^^^^^^^^^^^^^^^^^^^^^^^^^^^^^^^^^^^^^^^^^^^^^^^^^^^^^^^^^^^^^^^^^",False,,0.0,0
@호호호우-l6w,"<a href=""https://www.youtube.com/watch?v=7syMYZC0uFo&amp;t=102"">1:42</a> 이건 물에 담고 태우면 수분이 있어 털이 잘 안타기 때문에 태우고 물에 담는게 합리적인 순서 아닐까요!",False,,0.0,0
@yscho-h4k,예전에 동파육은 엄두가안나서 소홍주사다가 홍소육은 해먹어봤엇는데 은근히 쉽고 오래졸이면 생각보다 부드러워서 젓가락으로도 갈라지더라구요,False,,0.0,0
@user-La_vie_est_belle,"제가 해먹은게 동파육이 아니라 홍소육이었다는 사실을 깨닫고 갑니다...<br>레시피 보고 껍질 한번 굽고 칼로 밀어서 불순물 제거하고 한번 데쳐서 흐르는 물에 씻어서 핏물 제거하고 <br>파 향 올라오게 태우듯 기름에 튀겨서 뺴고 고기 토막쳐서 6면 다 마이야르 바짝 나올정도로 파기름에 튀기고 여기까지는 같은데 <br><br>으깬 통마늘(8ea), 튀긴 파(초록부분만 한대), 팔각(4개), 간장(3), 굴소스(1), 설탕(2), 물(3), 통후추(한 줌), 청양고추(길게 반 잘라서 1ea), 페퍼론치노(5ea)를 <br>고기 튀긴 기름에 확 부워서 끓인다음 고기에 붓고 80도에 4시간 수비드 했습니다(껍질 너무 바짝 구웠나 싶어 수비드하면 좀 더 부드러워지지 않을까 해서요)<br><br>같은 소스가지고 감자 표고버섯 4등분 해서 1시간 졸여주고 고기 건져서 곰솥에 깔고 졸이던 감자랑 표고버섯 위에 붓고 40분정도 더 졸여서<br>5명이서 먹었습니다 2kg 좀 모자랄거같아서 냉동실에 구이용 삼겹살 꺼내서 졸였는데 그걸로 덮밥처럼 먹으니까 맛있더라구요<br><br>+홍소육 고기그자체 보다 표고버섯이 인기가 많았고 밥이랑 감자를 소스에 비벼서 삼겹살덮밥 먹는게 더 맛있다고들 했어요.... <br>열심히 불순물 제거하고 껍질 튀기듯 굽고 기름 튀어서 주방 난리난 고기는 왜...안좋아해주냐고...)",False,,0.0,0
@6niquedesign,육식맨님 만약 가능하시다면 플레이팅하는 그릇들도 더보기란에 같이 올려주시면 좋을꺼 같습니다.<br>영상 보다 보면 이쁜 그릇들이 많은데 어떤건지 알 수 없어 아쉽더라고요.,False,,0.0,0
@andylim4773,"걍 구워 먹어도 맛있는데,  오래 요리할 필요가 있을까요?  ㅋㅋㅋ, 색다른 맛을 찾아서~~ 일까요?",False,,0.0,0
@remaild1009,한달만에 요리영상이라니 잘먹겠습니다,False,,0.0,0
@독고다이-c2h,중국유튜버 그 덩치크신분 어쩌다 영상보니 홍소육 만들어 먹어 먹길레 한동안 만드는법이랑 알아봤었어요..<br>그런데 몇 달 동안 잊고 살다가 오늘 알고리즘 뜨더니 육식맨님 2시간전에 이 영상이 올라왔네요?? <br>좋은 레시피 알아갑니다 너무 감사합니다 ㅎㅎㅎㅎㅎㅎㅎ,False,,0.0,0
@조건희-u8i,빙탕을 설탕으로 대체할 때 양은 어느정도면 될까요?,False,,0.0,0
@YOOXICMAN,조금 덜 넣는것을 추천드립니다,True,@조건희-u8i,1.0,0
@다이소거품기,"<a href=""https://www.youtube.com/watch?v=7syMYZC0uFo&amp;t=382"">6:22</a> 파기름 국수 생긴 건 완전 미고랭 라면이네요 ㅋㅋ",False,,0.0,0
@jaydenhwang9551,아...저거 삥탕을 식용유에 튀기면 색이 씨꺼매지는데 그걸 쭝국식요리법으로 糖色라고 하는데 그걸로 색을 내고 노추를 조금 넣는게 찐탱입니다,False,,0.0,0
@jaydenhwang9551,그리고 홍소육에 황주 안 들어가면 중국인들이 분노해하던데ㅋㅋㅋ소주로 대체불가능,True,@jaydenhwang9551,1.0,0
@ungz123,ㅋㅋㅋ 홍소육 먹고싶은사람 노추,False,,0.0,0
@KeepGoingon-k1y,"<a href=""https://www.youtube.com/watch?v=7syMYZC0uFo&amp;t=568"">9:28</a> 극대노 ㅎㅎㅎ",False,,0.0,0
@부아토,난 왜 중국에서 홍소육을 못 먹어본 것인가.,False,,0.0,0
@user-La_vie_est_belle,뭐야 고기소녀 지난주에사서 동파육 해먹었는데 육식맨님도 똑같은걸 사셨을줄이야,False,,0.0,0
@Upper_Trapezeus,주말 요리각이다,False,,0.0,0
@박부성-q3b,찌는거에요?...<br>조/려,False,,0.0,0
@이종현-k7b,고기 먹고 술마신 후에 그 표정이 참.... 내가 그 표정을 짓고 싶네요 ㅎㅎㅎ,False,,0.0,0
@elephantiron9639,얼마나 설명을 잘 해주시는지 먹지 않아도 입안에 돼지고기 장조림 맛이 느껴지는 듯 한 느낌적인 느낌,False,,0.0,0
@KF-16C,형 앞으로는 영상 빨리올려줘ㅠ,False,,0.0,0
@The_most_dangerous_bug,맛피아가 리조또 100인분 만드는 속도로 달려왔습니다,False,,0.0,0
@하얀계정,역시 뒷정리가 제일 힘들겠당,False,,0.0,0
@날개사냥꾼,중국 출장가면 맨밥에 저거하고 콩줄기 볶음하고 브로콜리 볶음하고만먹음 물론한국 돌아와선 김치 많이넣은 부대찌게먹음,False,,0.0,0
@Asepsys,부대찌개 그만 드세요,True,@날개사냥꾼,1.0,0
@gancer2,오늘은 조미료 안들어갑니다.<br>진간장 노추 빙탕을 넣으며..ㅋㅋ,False,,0.0,0
@whysoseriousgey,우리나라 제육 포지션인가?,False,,0.0,0
@넌누구니-h3j,팔각은 안들어갔나보네요,False,,0.0,0
@dd-xp3sj,육식맨의 창코나베 기원 241일차!,False,,0.0,0
@정청-h6d,청경채의 익힘 정도 자체가 없어서 탈락입니다😮,False,,0.0,0
@소소언,김장철인데 혹시 김치와 어울릴까요???,False,,0.0,0
@YOOXICMAN,짭짤한 간장의 맛이라 김치보다는 간이 없거나 아주 미약한 채소 요리가 어울릴 것 같습니다,True,@소소언,2.0,0
@소소언,@@YOOXICMAN 감사합니다! 수육은 실험해주신 레시피로 해야겠어요!!!!,True,@소소언,2.0,0
@마산아귀찜,육식맨..💗 너무 좋아,False,,0.0,0
@허현강-j9t,항상 재밌습니다. 생긴거 보면 번트엔즈랑도 꽤 흡사하네요,False,,0.0,0
@omuji_now,안되겠다 중국 가야겠다 칭다오행 비행기 끊었다,False,,0.0,0
@user-gv4sc9ni2q,아내가 중국인이라 홍소육 자주먹습니다 홍소육은 개인적으로 감자넣는것도 맛있는것같아요 감자를 푹익혀서 퓨레처럼 해서 먹으면 맛이 더 부드러워지죠 ㅎㅎ 육식맨님 매번 다양한요리해주셔서 감사합니다❤,False,,0.0,0
@youngwoo311,고기 부드럽죠 감자 부드럽죠 텍스쳐가 없잖아요,True,@user-gv4sc9ni2q,5.0,0
@gaon1405,@@youngwoo311 애초에 부드럽게 먹으려는 음식들인데 텍스쳐 타령이네 ㅋㅋㅋ <br>그렇게 텍스쳐 좋아하면 그냥 삽겹살 드시면 되겠네요.,True,@user-gv4sc9ni2q,5.0,0
@holla84,​@@gaon1405흑백요리사 밈이자나요😅,True,@user-gv4sc9ni2q,5.0,0
@뮤-c4q,@@youngwoo311ㅋㄱㅋㄱㅋㄱㅋㄱㅋㄱㅋㄱㅋㄱㅋㄱㅋㄱㅋㄱ 개웃기네 ㅋㅋㅋㅋㅋㅅㅋㄱㄱㅋㅋ ㅠㅠㅠㅠㅠ,True,@user-gv4sc9ni2q,5.0,0
@배놀신,???: 나는 결사 반대네,True,@user-gv4sc9ni2q,5.0,0
@patio774,혼자사는 사람은 한번 해먹으면 너무많은데 보관해서 두고두고먹는방법도 소개해주시면 좋겠어요,False,,0.0,0
@grayboxx,간만에 보네요 진실의 미간과 찌뿌려지는 오만상 ㅋㅋㅋㅋ 너무 맛있어 보입니다. ^^,False,,0.0,0
@NewJeans.0722,빙탕을 흑설탕으로 바꿔서 넣어도 괜찮을 거 같네요,False,,0.0,0
@mg_s,진짜 따라해보고 싶네..,False,,0.0,0
@Kim-You-pi,이거 중국사람들이 틱톡에서 생마늘이랑 그렇게 맛있게 먹던데 배속걸고 ㅋㅋ,False,,0.0,0
@박미달,그나저나 홍샤우로우 더블링에서 지려버림,False,,0.0,0
@박미달,저도 얼마전에 흑백요리사 방식으로 해봤는데 맛있습니다... 근데꼭 오겹살로 하시길,False,,0.0,0
@우유아리,드디어 내가 해볼 수 있을만한 특식 레시피가 나왔구만!!!!!! 이번주 주말은 홍소육 딱대~,False,,0.0,0
@hachiware123,부타노가쿠니랑 어떻게 다르나요???,False,,0.0,0
@YOOXICMAN,간략하게는 부타노가쿠니보다 부드러움 + 진한맛,True,@hachiware123,1.0,0
@user-lm8ep2gz7s,드디어 떴다... 내.. 야,False,,0.0,0
@mishayim7492,중국 요리 영상을 보면 빙탕을 가지고 캬라멜을 만들어서 고기를 볶거나 할 때 많이 쓰던데 어떨지 모르겠네요.<br>재료도 많이 들어가지 않아서 기회가 되면 한번 만들어봐야겠네요.,False,,0.0,0
@pilssuk,파기름면 부추로 하면 어떨까요 향은 달라도 모양은 비슷해질까요,False,,0.0,0
@YOOXICMAN,파기름향이 매력적인 국수라 파로 하시는것을 추천드립니다,True,@pilssuk,1.0,0
@ajekdjfnc,"저번에 올려준 동파육 영상 보고 집들이 음식으로 따라했는데,이번엔 사이드까지.. 이사 가려고 집 보는데 이번엔 홍소육으로 집들이할게요 감사합니다",False,,0.0,0
@Bombardeo_,삼겹살 간장조림?<br>무조건 맛있을거같은데 해볼까,False,,0.0,0
@sangin2405,어제 동파육 만들었는데<br>홍소육 영상이 😂,False,,0.0,0
@KODUMULO,개맛있겠다,False,,0.0,0
@hukkkkkk,홍소육에는 정봉주죠,False,,0.0,0
@Spring1999,내장 버거 존버합니다!!,False,,0.0,0
@laforbie5544,동북아는 다 돌고 돌아 비슷한 음식이 있네요. 신기해라😊,False,,0.0,0
@balshiba,홍샤로우~ 전 개인적으루 동파육보다 씹는맛이 더 좋고 요리시간도 짧아서 얘를 더 선호해요 ㅎㅎ,False,,0.0,0
@이여름SummerLee,다음엔 난자완쓰도...,False,,0.0,0
@greencheek7453,지방간과 당뇨가 동시에 오겠는데... 시커먼게 시각적으로는 비호감인데 맛이 어떨지 궁금하네요 헉 서봉주,False,,0.0,0
@Na_raola,"<a href=""https://www.youtube.com/watch?v=7syMYZC0uFo&amp;t=155"">2:35</a> ㅋㅋㅋㅋㅋㅋㅋㅋㅋㅋㅋㅋㅋㅋㅋ",False,,0.0,0
@parkduck0126,크악 방금 뭐가 있었나요,True,@Na_raola,1.0,0
@leesage2876,자..이제 궁극의 제육볶음 할때가 됐다,False,,0.0,0
@레지늘레이프,"황주와 빙탕은 주변에 중국슈퍼, 세계매장 같은게 있는 곳이라면 무조건 있습니다. 그 외에도 여러 향신료나 식품들을 찾아볼 수 있으니 주변에 있다면 한번 들러보세요.<br>이번에 자취하면서 육식맨st 동파육을 만들어 고량주와 먹었는데, 정말 이빨이 없어도 먹을 수 있겠다 싶었습니다.<br>늘 좋은 영상 감사합니다. 자취생활이 배는 즐거워지네요.",False,,0.0,0
@하이파웡,중국 음식 식당에서 먹었을때는 엄청 향신료가 많이 들어가겠구나 싶었는데 향신료가 많이 안들어가네요.<br>신비한 요리네요,False,,0.0,0
@Itd423,오.. 칼은 풍천도 삭풍 쓰시는군요,False,,0.0,0
@blackhound02,파기름 국수는 예전에 Babish 채널에 올라온 레시피로 한번 해먹어본 적이 있는데 저렇게 파튀김 토핑이 추가되면 식감 추가되고 훨씬 맛있겠네요. 끝내줄듯,False,,0.0,0
@동-q7d,홍소육조리법에 어떤분들은 삶아서 진행하던데 바로 구워서 진행해도 되나봐요?!,False,,0.0,0
@qrw-xx8ph,이것만 기다렸다.,False,,0.0,0
@오지훈-u8i,"time <a href=""https://www.youtube.com/watch?v=7syMYZC0uFo&amp;t=385"">6:25</a> 어차피 얼굴 보여줄꺼면서 얼굴 왜 모자이크 하는거지",False,,0.0,0
@카르페디엠-y8h,왜 중국인이 차를 많이 마시는 지  알것 같음~~,False,,0.0,0
@김도연-u5b1e,말레이시아 전통요리 바꾸떼 기원 1일차,False,,0.0,0
@이종민-h3s,이번 요리 꼭 해봐야겠네요. 좋은 레시피 늘 감사합니다!!!,False,,0.0,0
@cpueasy8868,와 빛깔 무쳤네,False,,0.0,0
@nanokim6766,맛있겠다❤,False,,0.0,0
@dotdotdotdotdot.,김치가 땡기는 요리과정😮,False,,0.0,0
@유재민-z1s,영상 고기큐브 마이야르 할 때 보니까 그냥 굴소스 넣으면 된다고도 하셨는데 정말 마이야르 대신 굴소스 넣으면 비슷하게 나오는건가요?,False,,0.0,0
@DDunDDun-E,이게 그 동파육의 원류인가 그건가요?,False,,0.0,0
@GILNAK_09,청경채 있었으면 청경채의 익힘이 even하니 이브이 하니 하는 댓글들 잔뜩 달렸을텐데 ㅋㅋㅋ,False,,0.0,0
@한대웅-h6q,"빙당, 노추, 황주는 아시안 마트에서 팝니다. 노추는 짠맛이 적고 된장같은 맛이 납니다",False,,0.0,0
@totibaby1117,야미😊,False,,0.0,0
@대충살자-l7j,과잠 동덕여대에 던져놓고 달려왔습니다,False,,0.0,0
@badbearchoi2537,중국살때 가장 좋아하는 소스중에 하나가 홍소 소스 였습니다. 돼지갈비로해도 맛이 아주 일품입니다. 좋은 레시피 알려주셔서 감사합니다. 오랜만에 주말에 가족들 해줘야 겠네요.,False,,0.0,0
@karin01024,오... 생각 못 했던건데 저 방식으로 돼지갈비나 등갈비로 요리해도 꽤 괜찮을거 같네요. 일단 홍소육 해보고 괜찮으면 다르것도 도전해봐야겠어요.<br>감사합니다,True,@badbearchoi2537,2.0,0
@신동열-n8e,홍소파이구~~맛있어요,True,@badbearchoi2537,2.0,0
@tekyos8386,와!! 여행에서 음식 드시는 영상 보고 저거 육식맨님이 맛 기억해서 레시피 알려주시면 좋겠다 생각 많이 했었는데<br>진짜로 제가 상상했던 영상이 뙇!! <br>감사합니다 따라해서 맛있게 먹겠습니다,False,,0.0,0
@pknoa1,저는 동파육보다 홍소육이 더 좋더라구요,False,,0.0,0
@TriplePizzaChance,간만에 식맨이형님 영상중에서 따라해보고싶은게 생겼다...!,False,,0.0,0
@choikyungdo,드. 디. 어.,False,,0.0,0
@crashjej,오랜만에 요리영상 너무 좋네요~~~~^^<br>여행 영상도 좋지만~<br>역시 요리하시는 영상이 정말 좋네요😊😊😊,False,,0.0,0
@kandalewa,"tip- 색을 좀더 이쁘게 낼려면 삼겹살과 소스를 넣기전에 빙탕과 적당량의 물을 넣어 빙탕을 녺인다음 살짝 졸여서 노란색이 나도록 해준다음에 삼겹살을 넣어서 코팅을 해주시면 색이랑 윤기가 더 좋아요 <br>빙탕은 일반 설탕보다 단맛이 좀 덜합니다. <br>취향껏 향신료 추가하면 좋아요 팔각,월계수,정향,통후추,대파, 생강 <br>간은 처음에 끓일때 짜거나 간간하다면 완성되었을때 엄청 짜게 느낄수 있으니 처음에 간을 볼때는 어? 싱거운데 정도로 하시면 좋습니다.",False,,0.0,0
@quuu213,"그래, 맨날 방송으로 유명해진 동파육 이러던데<br>중국 다닐때 정작 가장 메이저하게 먹던건 홍소육임ㅋㅋㅋㅋㅋㅋ",False,,0.0,0
@호이요이-u3v,느끼하다고 채소를 먹다니 육식맨 반납!! ㅋㅋ,False,,0.0,0
@justinjjeon5030,맛있겠다 특히 국수가 탐나는군요 ㅋㅋㅋㅋ 부추 바사사삭 소리가 캬,False,,0.0,0
@한국사당나귀,이야 중국 유학시절 많이 먹었던 음식이네요 맛있게 잘봤습니다 ㅎㅎ,False,,0.0,0
@Koarzt,독일 사는데 아시아마트에서 노추만 구하면 이건 진짜 해볼만 해보이네요. 감사합니다:),False,,0.0,0
@kselifhlai,전에 동파육에선 진간장100 노추 50이 들어갔었는데 홍소육은 거의 조리다시피 해서 그런가 작게 들어가네융,False,,0.0,0
@junghunseo,비교적 재료가 간단해서 좋군요. 삼겹살에 맛있는 양념을 더하니 말 그대로 ’놀랄 요리‘가 되는군요.,False,,0.0,0
@sword100,놀래미가놀라회떠먹는소리하네,True,@junghunseo,1.0,0
@얍얍님미안합니다,X추 먹어보고 싶네요 ㅠㅠ,False,,0.0,0
@somblanket,이건 언젠가 한 번 해봐야겠다...,False,,0.0,0
@토독-e7q,중국요리 은근 쉽고 맛있는게 많더라구요 😊,False,,0.0,0
@user-pk9cw7wb4r,비주얼 너무 좋다...,False,,0.0,0
@어슬렁곰아재,동파육은 저장성 항주 요리라면<br>홍소육은 상해가 아니고<br>모택동의 나와바리 모가채 홍소육이 제일 유명하고<br>후난 요리쥬..<br>올린 사진에 절반은 모가채 스타일 이쥬.,False,,0.0,0
@derezzed3682,임영웅씨 잘나가는건 알겠는데 천마라는 이름은 팝의황제님께만 허락된 이름입니다,False,,0.0,0
@fimpm112,맹주 정도로 합의 할까요?,True,@derezzed3682,1.0,0
@ddd5973,제육은 언제 해주나요,False,,0.0,0
@이잉기-n8f,고증을 중요시 하는 육식맨이면 면에 타협은 없을 거라고 생각했는데 좀 아쉽네요,False,,0.0,0
@tresbien1379,이건 따라해봐야겠다,False,,0.0,0
@noenemy1219,오... 간만에 캠핑때 도전해볼만한 요리가 나왔군요. 감사합니다~,False,,0.0,0
@호랑좌,"<a href=""https://www.youtube.com/watch?v=7syMYZC0uFo"">00:00</a> Opening<br><a href=""https://www.youtube.com/watch?v=7syMYZC0uFo&amp;t=809"">13:29</a> Endcard",False,,0.0,0
@englishmutton,언제 나오나 목 빠지게 기다리고 있었는데 드디어 나왔군요 홍소육!! 중국 전역에서 즐겨먹는 요리라서 동파육보다 더 메이져하다고 알고있는데 한국에서는 동파육에 비해서 인지도는 떨어지지요. 하지만 육식맨님의 이 영상덕분에 홍소육의 인지도가 많이 올라갈 듯 하네요😄,False,,0.0,0
@rennylee1315,천마님이라뇨 아직 천마님 등선 안하셨습니다 아직 소교주 레베루죠,False,,0.0,0
@김예긍,바쓰 해주세요,False,,0.0,0
@용산경찰서,좋아 잘볼게염,False,,0.0,0
@TGKIM,뭐 쪽파가지고 그래요. 누군 파스타에 마늘도 빼먹었는데 ㅋ,False,,0.0,0
@블루샤크-o9e,이번주 도전~~~^^<br>좋은 영상 감사 드려요❤❤❤❤❤❤,False,,0.0,0
@만루-i8g,"형님, 영상이 그냥 아주 야스 그 자체입니다..",False,,0.0,0
@Kdubbi,번트앤즈 2트..<br>육식맨님 영상 스타일로 보는 번트앤즈가 간절합니다..,False,,0.0,0
@냥이월드-l9x,이야 저정도면 먹고 바로 건강검진은 필수 인데 @@,False,,0.0,0
@음파-o3i,다음주 상해랑 항저우 갑니다. 출장차라서 먹을수 있을진 모르겟네요,False,,0.0,0
@yong-kwonkim7557,오랜만에 육식맨 클래식 좋네요,False,,0.0,0
@애북자문재인,이거보고 노추삿다,False,,0.0,0
@Delamain_AI,"요리 영상이 근본이라고 좋다고 하시는 분들도 많지만<br>저는 육식맨님 영상의 핵심은 스타일이라고 생각합니다<br>자료 조사와 촬영, 편집 어느 하나도 대충 넘기는 법이 없으셔서 정말 대단해요<br>오늘 영상도 잘 봤습니다",False,,0.0,0
@user-gl4on6px3r,ㄹㅇㅋㅋ 이래야 126만명 유튜버 하는거지,True,@Delamain_AI,3.0,0
@l9금-야뎡-보관소o-p5c,"늘 좋은 영상 감사합니다,, 세계의 다양한 요리 영상들 보면서 그 나라의 식문화에 대해???? 배워가는 것 같아.... 너무 유익하네요",True,@Delamain_AI,3.0,0
@김서은-k1l,맞아요 ㅎㅎㅎ 진짜 영상 하나 제작하는데 드는 정상이 어마어마한 것 같음(윤하콘서트인천대구부산에서곧해요,True,@Delamain_AI,3.0,0
@basi4517,집에 다 있는데 할 수 있겠다,False,,0.0,0
@ParkGyuHo,와 풍천도도 이쁘네요😊,False,,0.0,0
@애북자문재인,진짜 중식은... 찾으면 찾을수록 레전드가 많다 <br>짜짱 짬뽕 탕수육말고 듣도보도못한 중식 많이 좀 팔았으면...,False,,0.0,0
@Asepsys,문재인 대통령 그립네요,True,@애북자문재인,1.0,0
@mit_x4,우연히도 모든 재료가 집에 있습니다...가즈아!!!,False,,0.0,0
@호우경보-j5f,썸네일 어케 참냐고 ㅋㅋㅋ,False,,0.0,0
@비니비니-z8d,"얇은 삼겹살로 해봐도 될까요? (시중마트에 있는) <br><a href=""https://www.youtube.com/watch?v=7syMYZC0uFo&amp;t=755"">12:35</a> 에서 된다고 하시네요",False,,0.0,0
@pawolsee,파기름면에는 흑초 넣어먹는게 찐...,False,,0.0,0
@바렌-g8w,으악 입에 침이 너무 고인다,False,,0.0,0
@shfrhtlvek1,수능끝나고의 육식맨은 최고네요. 😂,False,,0.0,0
@YOOXICMAN,고생하셨습니다👍,True,@shfrhtlvek1,2.0,0
@shfrhtlvek1,@@YOOXICMAN 감사합니다. 육식맨님이 제게 많은 힘이 됐어요 ㅎㅎ,True,@shfrhtlvek1,2.0,0
@forhealthandeconomicfreedom,한국 흑돼지를 많이 이용해 주세요. 한국 흑돼지 특유의 맛은 최고 입니다.,False,,0.0,0
@kingbatne8377,돌아왔구나 육식맨이 ~,False,,0.0,0
@Kantakuzenii,1557도로 돌면서 왔습니다,False,,0.0,0
@1시간전-u6s,제안 많이 먹는 이유는 특정 나라 인구가 많기 때문인가요?,False,,0.0,0
@흰색-u4e,쉽고 맛있어 보이네요 따라해봐야지 ㅋㅋ,False,,0.0,0
@다크주빵,"<a href=""https://www.youtube.com/watch?v=7syMYZC0uFo&amp;t=270"">4:30</a> 와 파기름 국수 나중에 다시 봐야지..",False,,0.0,0
@세균박테리아,?동파육이나.. 홍소육이나 <br><br><br><br><br><br><br><br><br><br><br><br><br><br><br>둘다 맛있지,False,,0.0,0
@misoon_bro,에그누들은 어떨까요,False,,0.0,0
@redcat0309,네??? 삼겹살을 쌈싸먹는다구요?? 저는 남들 쌈싸먹는 시간에 고기를 더 먹습니다 ㅎㅎ,False,,0.0,0
@OoooO03,표정을 보니 맛있겠네요,False,,0.0,0
@야내가니친구냐,그냥 왔습니다,False,,0.0,0
@사도-m2m,저번 차슈때는 이금지 차슈소스 써서 이번엔 이금기 동파육 소스? 그거 써도 되는지 궁금했는데 없네 ㅠ,False,,0.0,0
@twinstr,"오리지널로 한번 드셔보시고 느끼하다 싶으면 건고추, 페페론치노 있는거 추가하시고 조금 더 킥을 주고 싶으시면 두반장 반스푼 넣으면 끝장납니다",False,,0.0,0
@아이어광전사,육식 여행도 좋지만 역시 근본은 주방이지,False,,0.0,0
@Jayden_zdz,"육식맨님, 중국 베이징에 유학했던 경험에서 얘기드린다면, 홍소육 몇개 만들어서 우육면, 덮밥으로 먹으면 진짜 강추드립니다!👍👍👍👍",False,,0.0,0
@bbosogeum,인스타 스토리가 홍소육이었군요! 그러면 다음 요리영상은 내장버거 기대해도 되나요?,False,,0.0,0
@akmakun365,건강검진 결과와.... ㅠㅠ,False,,0.0,0
@freebie8746,오랜만에 화내는거 보러왔습니다,False,,0.0,0
@tyleroh5111,오키나와 전통 요리인 라후테와 비슷한듯 좀 다르네요,False,,0.0,0
@하이닌겐스,방금 급식먹었는데,False,,0.0,0
@sawsee3003,저 큰 덩어리의 고기와 누가봐도 밥을 부르는 적당한 검은색이 진짜 볼떄마다 침 나오는 비주얼 ㅋㅋㅋ,False,,0.0,0
@앵그리베어-d1m,돌아왔구나 여행유튜버로 전향한줄ㅋㅋ,False,,0.0,0
@제로콜랏,삼겹살 간장조림..,False,,0.0,0
@ebichu-ms4bl6pf4n,오늘 준비한 고기부터 보시죠,False,,0.0,0
@fullofconfidance3337,육식맨형 사랑합니다!,False,,0.0,0
@Sitacucz1,아 저 탱글한 홍소육 맛있겠다..,False,,0.0,0
@서정우-r9d,캬,False,,0.0,0
@noizel1990,크르르르 7분전... 크르르르르...,False,,0.0,0
@기몽-y9w,해식맨 화이팅,False,,0.0,0
@user1889-i5z,이건 진짜 해먹어봐야겠다,False,,0.0,0
@조준모-y9o,중국은 맛의 원천 퐁드가 없네요,False,,0.0,0
@dding925,페이커 갈리오처럼 날아왔습니다.,False,,0.0,0
@jaeng-goo,"<a href=""https://www.youtube.com/watch?v=7syMYZC0uFo&amp;t=227"">3:47</a> 이것이 바로 맛의 원천인 퐁ㄷ... 어.....?",False,,0.0,0
@벌레-i3v,오늘부터 니 이름은 설거지여~,True,@jaeng-goo,3.0,0
@금눈쇠올빼미,눌러붙지 않고 기름이 흥건하니 버린 건가?,True,@jaeng-goo,3.0,0
@eeeeeeeawfc,​@@금눈쇠올빼미원래 동양쪽은 퐁드 사용 안함,True,@jaeng-goo,3.0,0
@김대현-p5d2t,호주산 소고기 장바구니에서 삭제하고 뛰어왔습니다,False,,0.0,0
@인생역전을꿈꾸는자,32등 출석,False,,0.0,0
@Collaintp,중화식 삼겹살 요리 비쥬얼 좋아 ㅋㅋ,False,,0.0,0
@garage2803,3분전 못참지🎉,False,,0.0,0
@una9785,북경오리해주세요,False,,0.0,0
@프헤헤-u8i,개같이 달려옴,False,,0.0,0
@Ratel6,소신발언 개인적으로 지방층 두꺼운게 더 맛나긴 함,False,,0.0,0
@castrokim-h6o,드디어 왔다 홍소육,False,,0.0,0
@Hangover_Soup,홍소윤씨 보고 있습니까? 제 고백을 들어주세요.!,False,,0.0,0
@bok4679,서봉주씨가 고백한답니다,True,@Hangover_Soup,5.0,0
@dean3888,뭐하냐,True,@Hangover_Soup,5.0,0
@김지민-i7y,방극봉님이 웃고갑니다,True,@Hangover_Soup,5.0,0
@58774tguuyf,이제 홍소육 누가해주냐,True,@Hangover_Soup,5.0,0
@눈없는선인장,지난번에 지갑에서 500원 훔친거 고백하셨댑니다..,True,@Hangover_Soup,5.0,0
@nogul-1,고기는 어느 사이트에서 사는것이 좋나요?,False,,0.0,0
@forest_6166,라후테도 신청해봐요 ㅎㅎ,False,,0.0,0
@서현아제발,마시께따,False,,0.0,0
@뭘봐-u3r,지금 동파육 끓이고있는데ㅋㅋㅋㅋㅋ,False,,0.0,0
@James123K,바로 사서 따라해봐야겠네요,False,,0.0,0
@신명환-j4u,36초전!!!!!,False,,0.0,0
@user-skdkfktnenwh,46초전은 못참지ㅋㅋㅋㅋㅋㅋㅋ,False,,0.0,0
@ariam7630,여행영상도 좋긴한데 간만에 요리 영상 올라와서 기분 째지는 구독자면 개추.<br><br>일단 나부터,False,,0.0,0
@chm646600,개추,True,@ariam7630,5.0,0
@Jayden_zdz,개추요222,True,@ariam7630,5.0,0
@kouuuu0khouu,눈물흘리며 개추333,True,@ariam7630,5.0,0
@군밤-i1z,ㄱㅊ,True,@ariam7630,5.0,0
@아비가일-w2v,젠장 이 개추는 뭐냐!!,True,@ariam7630,5.0,0
@레온하트모코콩,영국 영상은요...??!?,False,,0.0,0
@hwang6293,내가 왔다~~)😂,False,,0.0,0
@jojeahyuk1338,오 새 영상이다,False,,0.0,0
@Taegyeol,오,False,,0.0,0
@아장제이,올라오자마자 보러왔습니다!!^^,False,,0.0,0
@마요-b8p,저녁시간 ㄷㄷ 지렸다,False,,0.0,0
@Eom-Jun-Sik,앙고 발목 돌리면서 뛰어왔습니다,False,,0.0,0
@아응애에요-d6p,또 돌리면 안되는데😢,True,@Eom-Jun-Sik,5.0,0
@smtm8389,대흥민,True,@Eom-Jun-Sik,5.0,0
@Cold_Poor,하... 돌려,True,@Eom-Jun-Sik,5.0,0
@호호-r6s1x,대 흥 민,True,@Eom-Jun-Sik,5.0,0
@xcvsiri,엄,True,@Eom-Jun-Sik,5.0,0
@Senika0912,선댓,False,,0.0,0
@Reason0819,상하이에서 먹은 홍샤로우.. 짱맛,False,,0.0,0
@보리-v8d,밥먹으면서 맛있게 맛있는거 보겠습니다!!!,False,,0.0,0
@뚱이-o1u,재밌게 보겠습니다!,False,,0.0,0
@오리맨-e4m,1등이다! 고정부탁드려요,False,,0.0,0
@begopang3426,1빠,False,,0.0,0
@ariam7630,고 기 조 아,False,,0.0,0
@Emart_of_legend,와! 홍소육..!!,False,,0.0,0
