author,comment,is_reply,reply_to,reply_count,is_spam
@Дина-у2ь,"안녕하세요! Как много приятных комментариев! Спасибо всем за внимание и добрые слова! Наше путешествие в Корею было очень коротким, но таким запоминающимся и интересным. Мы рады были познакомиться с вашей прекрасной страной и надеемся на новую встречу. Спасибо Камилле, Джихёну и Данилю за эту возможность! Мир огромный и интересный.감사합니다!❤❤️❤️🥰💜💜💜",False,,0.0,0
@saryanglee3752,러시아에서도 붕어빵을 파는 사람이 있다니 그게 더 놀랍네요.,False,,0.0,0
@sean2348,저도 아미입니다<br>반갑습니다 ❤,False,,0.0,0
@서윤이아빠-j7n,이영상을 정국이 보고 고모님  정국만날때 모습 보았으면.....꼭&gt;&gt;&gt;&gt;,False,,0.0,0
@Soo-y9u,한국남자와 결혼해서 사셨으면 좋겠어요,False,,0.0,0
@하고싶은일찾기,외국인이 한국말 하니 이상해서 보네요,False,,0.0,0
@wizard4you,20시간을 날아온 나라에서의 그 귀한 시간을.. 공항 대기실에서 낭비하게하시다니!! 사과하는 의미에서 대접 잘해드렸겠죠?..^^,False,,0.0,0
@toy_station,좋은것만 눈에 담아가시길..~^^❤,False,,0.0,0
@myoungbin,"고모님이 , 완전히 빠지셨네요 ㅎㅎ .😊",False,,0.0,0
@송-애-교,bts 열심히 응원하시되 무지성 하이브와 방시혁을 지지하지는 않으셨으면 합니다 요새 그런 아미들이 하도 많아서요,False,,0.0,0
@ysk3622,위대한 러시아,False,,0.0,0
@56ghjMcwdfgr,"People Support the Falun Gong Protection Act<br><br>People signed petitions to support the Falun Gong Protection Act.<br><br>Many people signed petitions after the panel discussion to support the Falun Gong Protection Act. Among them was Ms. Fan from Chiayi. After watching the State Organs on an online platform, she and her friends made a special trip to Beigang to watch it in person. “Everyone knows how cruel the CCP is, and it does all kinds of things that are harmful to nature and justice. It really does all kinds of evil,” she said.<br><br>She talked about how when she was a child, she saw Falun Gong practitioners holding banners in parks and many places, practicing the exercises and clarifying the truth about the persecution. But some older relatives did not know the facts and stopped her from learning about forced organ harvesting. “I watched the documentary today and found out that Falun Gong are kindhearted people who have been severely persecuted. This is not acceptable.” <br><br>Ms. Fan wanted to help. “I also call on more people not to follow what others say, but to find out the truth for themselves. This way people will know the truth, condemn the CCP, and stop the persecution. It is the justice and conscience that everyone should stand up against regarding the viciousness of the CCP,” she said. <br><br>Ms. Huang who came with Ms. Fan said she watched this documentary today and learned a lot. “I feel that I have an obligation to stand up and clarify the truth so that more people can understand the truth about the persecution of Falun Gong. They need to know what has happened,” she added. <br><br>No More Killing<br>Mr. Tsai who watched the documentary for the first time said it was wrong for the CCP to slander Falun Gong and harvest practitioners’ organs. He said this is against humanity and he called on the Taiwanese people not to go to China for organ transplants. He said doing so is an act of indirect killing and will encourage the CCP to kill one more person.<br><br>Ms. Wei said that after she watched the film she felt heavy, but didn’t know how to express her feelings. “What moved me most was seeing Falun Gong practitioners who were still able to practice steadfastly despite being subjected to such cruel persecution. That kind of firm strength is so touching.<br><br>“This was my first time watching this documentary, and I could deeply feel the power of faith, which cannot be destroyed by anything,” she said. “I think each of us should exert our influence to let more people know about this matter so that something so vicious will never happen again.”",False,,0.0,0
@젠지-u7j,저도 지나가는 아미인데<br>BTS를 좋아하시는 고모님이 오신다고 써 있어서 보게됐네요^^ 영상 잘 봤어요 다음 영상도 궁금하네요 고모님 컴포즈에서 맛있는 유자허니티 꼭 드셔보세요😊💜💜💜💜💜💜💜 넘 귀여우시다,False,,0.0,0
@mahatmamauribak4358,"고모와 조카, 이모와 조카  어느 쪽이 더 끈끈 할 지...",False,,0.0,0
@슈슈-r4l,"넘 재미있게 봤는데, 보다가 깜짝 놀란게, 빨깐 가디건에 속옷 없는게 너무 잘 보이네요. 날씨도 춥다보니..<br>러시아 여성이 꽤나 보수적이라 들었는데 놀라기도 했....",False,,0.0,0
@vicom7946,사촌동생과 고모님이 스타일이 예쁘시네요~,False,,0.0,0
@이민우-f1k,재밌어서 구독 좋아요 누르고 갑니다 ❤,False,,0.0,0
@TNT5TNT,"위례신도시 같네,",False,,0.0,0
@silverleee,💜,False,,0.0,0
@소인배-c5d,"까밀라는 완전 외국인처럼 생겼는데,  고모와 사촌동생은 동양인 피가 많이 섞였네요.",False,,0.0,0
@MrLeon3787,전쟁 끝나면 한국총각들 러시아로 돌진한다<br>얼마 안남았음,False,,0.0,0
@조영훈-o1t,유튜브 인기급상승동영상에 까밀라댁 영상이 드디어ㅜㅜ,False,,0.0,0
@조영훈-o1t,와 인기급상승동영상 되셨네요!!!!!! ♡♡♡♡♡<br>까밀라댁10만 바로 가자!!!!!!!,False,,0.0,0
@채일현-s9u,고모때문에구독완료...즈거운한국여행되세요❤,False,,0.0,0
@채일현-s9u,고모가BTS를???깜놀❤❤❤,False,,0.0,0
@user-black-knight,앞으로의 여정 기대되네요.<br>그래서 구독합니다.,False,,0.0,0
@이동율-x2q,고모님의 BTS 사랑이 대단합니다... 😂<br>Welcome to Korea... 🎉,False,,0.0,0
@sewankim892,한국인은 참 착한것 같네. 정치적인 중국 북한 러시아 연합에서도 한국은 러시아 사람들을 좋아 하는것 같아요. 물론 저도 러시아 사람들에게 친밀감을 느낌니다..<br>역시나 2차세계대전때의 소비에이트를 잊지 못하는 것 같아요.. 뭔 말이가 하면. 한국인들은 과거를 항상 기억합니다. 한국과 러시아가 제일 친밀해진 <br> 팔도 도시락을 좋아하고 어..마요네즈도 한번 도전.?   여하튼 lg 현대 등 굴지의 대기업들은 제일 끝까지 러시아와 함께했어요<br> <br>무거운 말일지 모르겠지만. 국제 정세에서 어떻게 보면 적국이 될 수도 있는데. 이렇게 밝고 재미있는 사람들 감사하게 생각 합니다. 한국을 좋아하는 사람들은 언제나 환영입니다.,False,,0.0,0
@user-me1ll4xc8g,말씀 이해가 가네요 저도 마찬가지지만...현대차나 한국가전 식품등이 러시아에서 효자노릇했습니다<br>지금 러우전쟁이잖아요?뭐든 상대성이지만 우크라는 주는것 없이 밉상짓을 한다고 봅니다 <br>그러나 러시아는 절대 사기는 치지않아요 능력없으면 다른거라도 주지요 한예가 우리 로켓기술 사실 많이 전수해준 나라입니다,True,@sewankim892,1.0,0
@egpark7777friends,아미를 여기서 만나네요 💜 💜 💜,False,,0.0,0
@조운춘제,박카스🎉🎉🎉😂😂😂,False,,0.0,0
@부케렐라.국제커플,이렇게 계속 가족들 불러와주세요!!!~~~ 영상들 너무 재밌게 시청중!!!,False,,0.0,0
@murfkim2043,이사할때 모든짐을 사다리차로 옮겨요. 엘베사용하면 주민들에게 불편을 주기 때문에 엘베 안써요. 심지어 냉장고나 세탁기등 큰 가전제품도 사다리차 써요. 그건 불문율이에요.,False,,0.0,0
@user-iq9ue7abc7v,즐거운 여행되시길🎉🎉🎉,False,,0.0,0
@Jokyunnhwan,"역시 피는 어쩔 수 없네요,,,같은 피가 섞였으니 사랑스러울 수밖에,,,즐거운 여행 되시길 바랍니다~~",False,,0.0,0
@참치-e4r,고모,False,,0.0,0
@jungbinkim3969,이뻐죽겠음. 🥰❤🥰,False,,0.0,0
@thsi-y9w,즐거운 한국여행 되시기를 바랩니다😄😄😄,False,,0.0,0
@young-zx2xt,"맞아 외국패들은 한국인들 전부 kpop팬인줄 알더군요 왜 모르냐고,막 화도내고 ㅋㅋㅋ 특히 동남아에선 자국출신 멤버 알려주려고 열심이더군요",False,,0.0,0
@이젠그만하자,러시아에 자작나무가 많다니...자작나무 수액 빼먹는 법과 공구 사주길... 1리터에 10000원인데... 부럽.,False,,0.0,0
@KimSH-wl1pz,국껼만이 답이다,False,,0.0,0
@경북경주인월,K아파트 소개의 표본 정석 교과서<br>까밀라님을 응원합니다.,False,,0.0,0
@jeomdoley11,와우❤  고모님.사촌동생 엄청 미인이세요 🎉❤🎉❤,False,,0.0,0
@BTSkorea777,예쁜 고모님 동생님❤<br> 한국에서 좋은추억 많이 만들고 가세요 😊BTS 사랑하시는<br> 고모님  평생기억 할거예요~😊  <br>다음편 빨리올려주세요 😂,False,,0.0,0
@청정k,비티에스가 젊은층 위주 팬이 아님을 보여주네요,False,,0.0,0
@하이웨이익스프레션,정말 멀리서 오셨네요 서유럽 국가들과 인접 해있는 상트 페트르 부르크 에서 상트 페테르 부르크를 3번을 가봤어요 세계를 안가본 대륙이 없지만 빈말이 아니고 그중 에서도 상트 페테르 부르크는 제 최애로 꼽는 도시 입니다 정말 아름답죠 좋은여행 하시길 가셨길 바랍니다,False,,0.0,0
@심경용-h1s,안녕하세요 반갑습니다 한국은 다른국가로 마찬가지겠지만 조경을 전문적으로하는 기업이 있습니다 🎉🎉🎉🎉❤❤❤,False,,0.0,0
@박만쉐이,아파트 준공검사에는 조경이 일정부문이 있어야 하는게  한국에서는 필수입니다.<br>혹시 새벽이나 밤늦게 유심히 보신다면 최소 5톤트럭 이상에 큰나무들 하나씩 뿌리채 싣고 이동하는걸 볼수있습니다.,False,,0.0,0
@복장터지네,Welcome to Korea~~,False,,0.0,0
@kwanghyoun,까밀라님~ 만이만이 좋은시간 보네셔요♡♡♡,False,,0.0,0
@송영섭-u2t,"러시아 분들이 이렇게 좋은데,정치가 문제네요.",False,,0.0,0
@승훈이-i6i,"고려인,,,이구나,,🎉🎉🎉💙💙💙💙💙💙💙",False,,0.0,0
@기파랑-y1x,새 아파트  조경수가  큰  이유는  조경업자들이  이미  자란  나무를  심어서  그래요.<br>조경수만 공급하는  업자들이  있어요.<br><br>한국에도 자작나무  자생지가  있는데  태백산맥  줄기에 있죠.<br>어릴적  자작나무  수액 꽤나 먹어봤습니다.<br>고로쇠 말고 자작나무도 수액  받아 먹습니다.,False,,0.0,0
@정신나간냥이,영상 잘 봤어요 응원할게요 ㅎㅇㅌ!!!,False,,0.0,0
@СветланаМиниахметова-ч1э,Камиллочка умница!,False,,0.0,0
@shoring326,새 아파트인가요? 20년 된 아파트도 똑같은데요.,False,,0.0,0
@nnd00112,환영합니다 ~ 즐거운 추억들 남기시길 바래요 ~,False,,0.0,0
@thdud8116,고모님이 BTS 얘기하실 때마다 정말 행복해보이세요 :-)!ㅎㅎ,False,,0.0,0
@길다옹,"<a href=""UCkszU2WH9gy1mb0dV-11UJg/hf90Xv-jHeOR8gSxxrToBA""></a><a href=""UCkszU2WH9gy1mb0dV-11UJg/hf90Xv-jHeOR8gSxxrToBA""></a><a href=""UCkszU2WH9gy1mb0dV-11UJg/hf90Xv-jHeOR8gSxxrToBA""></a>",False,,0.0,0
@user-cl6wp4yx1f,"이집 서방님 성격 좋다. 고모네 식구까지 집에 손님으로 받다니, 까밀라 시집 잘간듯. ㅋ",False,,0.0,0
@yso3570,사촌 동생이 말했던 음료는 바카스 같아요,False,,0.0,0
@jayhojay4363,러시아분들이 한국에 오면 공통적으로 하는 말이 나무 가로수가 예쁘고 관리를 잘 한다고 하네요,False,,0.0,0
@ambiguous-moon,"모르면 모른다고 말해야지 아무렇게나 답하네요, 답답하네요",False,,0.0,0
@타락할천사,어서 오세요,False,,0.0,0
@어살EDHD,영상 다 보니까 까밀라님이 여기저기서 터져나오는 호기심에 정신이 없네요. 다닐이 챙기랴 호기심 많은 친척 챙기랴 바빠요. 바빠.,False,,0.0,0
@어살EDHD,한국의 이사짐센터가 아마 해외에서 굉장히 특이하게 생각한다고 알고 있어요. 고층에 옮기는 짐도 전문업자들이 거의 문제없이 이사시켜줍니다. 돈만 많으면 개인적으로 한국에서 살기 참 좋은 나라라고 생각해요. 돈이 원수겠지만요... ㅎㅎ,False,,0.0,0
@신종명-b3n,하이브 투어가시지 ㅋㅋ,False,,0.0,0
@게겐프레싱-e3i,외국에서 오시는데 그 시간 하나를 못 지키나?,False,,0.0,0
@user-pv7op8j,고모님과 까밀라 사촌동생분 모두 반갑습니다!! <br>정말 멋진 분들이시네요~<br>좋은 곳 구경 많이 하시길 바래요. <br>덕분에 저희도 영상보면서 함께 즐길 수 있겠어요.,False,,0.0,0
@user-me1ll4xc8g,어서들 오세요 한국입성을 환영합니다 그리고 까밀라님은 기쁘고 즐거우시면서도 손님대접을 <br>하시려면 바쁘시겠어요 ㅋㅋ암튼 대단합니다 역시 가족친지들이 제일 그립고 보고싶은거지요<br>😍😄😄,False,,0.0,0
@김종수-b4t,가족은 언제나 환영 입니다!😊<br>겨울에 러시아 방문도 기대할께요,False,,0.0,0
@prcjhk,BTS 는 노력과 실력은 물론 인품이 아주 존경스러운 젊은이들이죠 ^^,False,,0.0,0
@teoruck,고모랑 사촌동생이 놀러오셨군요. <br>여행기 많이 올려주세요 까밀라님! 😆,False,,0.0,0
@제이-n3p3d,방탄소년단 아미 반갑습니다  환영합니다.  저도 아미 인증하고 갑니다.😊 행복한 여행되시길 바랍니다,False,,0.0,0
@코코볼-s9h,다음 영상도 기대되네요😊,False,,0.0,0
@antonius3496,석유만드는김에 플라스틱을 만들었는데 만들어진걸 재활옹한다는건 추가 에너지가 필요한거죠. 그런데 그에너지를 지구가 시간이 많으니 파묻느냐 인간이 돈을 만들수 있느냐 개념..쿨럭,False,,0.0,0
@권권씨,러시아와 한국이 통일 되면 좋겟다..ㅎㅎ,False,,0.0,0
@저먼곳에,까밀라 <br>엄마 동생들 가시니까 <br>바로 고모 가족이 오셨네요 😀<br>Russia 에서 여행 오신거 환영 합니다 <br>즐거운 여행 되세요 <br>🇷🇺🇰🇷👍💙🥰,False,,0.0,0
@yongyong8713,고모와 사촌동생이 예쁜 동양적 외모여서 친근감이 있네요.. 아름다운 러시아분들 환영합니다..<br>날이 쌀쌀해 졌네요.. 옷을 두껍게 입으시고 즐거운 여행 하세요... ㅎㅎ,False,,0.0,0
@lovelove-bc8ri,아마...비타500 아니면 박카스 찾는거 같은데요..ㅎ,False,,0.0,0
@뿌비찌꿍,고모님은 한국사람 같이 생기셧어요 ㅎㅎ,False,,0.0,0
@JuniChoice,가끔 러시아에서 &quot;초코파이&quot;와 &quot;팔도 도시락&quot; 라면이 자국 브랜드로 인식하고 있다는데 사실인 면도 있을까요?<br>예전 러시아 기차 여행하는 유튜버영상에서 러시아인들이 자국 브랜드로 알고있었는데...한국 브랜드란 사실에 놀라는 인터뷰 영상을 종종 봤거든요?!,False,,0.0,0
@장고흐-s9g,반갑아요!!!! 휴대폰은 겔럭시 쓰면 좋겠습니다.,False,,0.0,0
@JuniChoice,옥수수 아이스크림을 기억하시는거 보니 BTS 찐팬 인증입니다!<br>꾸준한 관심과 사랑이 아니라면 절대 알수없는 팬심이죠~ARMY 💜FOREVER <br>(영상 기준일 &quot;JIN&quot;진 미국 토그쇼 지미팰런쇼 출연&amp; 라이브 공연함),False,,0.0,0
@JuniChoice,유튜브 영상 업로드 됨!,True,@JuniChoice,1.0,0
@juabu7175,"샹트 에서 오신건가요?<br>재작년 겨울에 샹트에 1달 정도 있었는데~ ㅎㅎ<br>제니트 축구구장에 갔었는데,<br>근처에 제주도 돌하루방이 있어서 놀랬던 기억이 있네요 ㅎㅎ<br>겨울광장.. 카잔성당..<br>거의 매일 눈이 왔지만,<br>백야도 좋았네요 ㅎㅎ<br>여름에 샹트가 정말 이쁘다던데~ ㅎㅎ",False,,0.0,0
@승훈이-g6t,"일본인결혼보다,,,,러시앙인을💙💙💙💙💙💙💙",False,,0.0,0
@요자미,고모님은 머리만 검은색이면 한국에서 이질감 못느낄듯 🙃,False,,0.0,0
@웅이-q1l,내가 가장 좋아하는 까밀라댁  오늘 영상도 재밌게 보고 갑니다.. <br>BTS팬 고모의 관심사도 많이 기대되는데요.,False,,0.0,0
@mongdolk5449,고모님이 찐 BTS 팬 맞네요...다음 영상 기대됩니다. 이 기회에 10만 구독자 갑시다.,False,,0.0,0
@파라다이스-g1u,가족들이 다 너무 예쁘고 귀여워요 ㅎㅎㅎ 고모와 동생의 한국여행 영상도 기달릴게요 가족들 모두 행복하세요,False,,0.0,0
@hj-938h,마지막 1분이 비어있네요. 약간 편집오류가 있는거같아요,False,,0.0,0
@이서-w1r,영상은 끝난게 맞는데 검은화면이 있고 맨끝에 아까 나온 그 대화가 잠깐 나와요. 얼른 보세요 까밀라댁,True,@hj-938h,1.0,0
@金昌潤,음 ❤,False,,0.0,0
@rogerfederer6422,BTS will be back 2025,False,,0.0,0
@ssl558,St. Petersburg  낭만적인 도시 ❤,False,,0.0,0
@최경남TV,welcome to korea😊😊😊,False,,0.0,0
@Loon66666,다닐이는 점점 잘생겨지네😄😄😄고모분과 사촌 동생분 즐거운 여행 되시기를💃🏼💃🏼💃🏼,False,,0.0,0
@mirkim74,^^,False,,0.0,0
@이서-w1r,사다리차가 필요가 없나요? 땅이 넓으니 높게 지을 필요가 없어서??,False,,0.0,0
@Maojinping-wg3gw,땅이 넓어도 사람이 살만한 땅은 적지않나....? 물론 러시아는 엄청 크긴하지만,True,@이서-w1r,1.0,0
@스페셜리스트-z2o,정국이가 옥수수아스크림 좋아하는것도 아시는거보니 아미 맞으시네요 ㅋㅋㅋㅋ 지금도 한국계시면 BTS  진이 팝업행사하는 더현대 방문해보세요~,False,,0.0,0
@김서은-k1l,오호 몰랏던 정보인데 덕분에 알아갑니당 ㅎㅎㅎ 한번 가봐야겟네요(윤하콘서트인천대구부산에서곧해요,True,@스페셜리스트-z2o,1.0,0
@명순엄-k2g,고모님 저도 army 입니다 오늘 지미 팰런스 투나잇 쇼 에 진 이 나왔어요 꼭 보세요.,False,,0.0,0
@갈채,방탄 팬이라니 반갑습니다. 환영합니다. 하이브에도 가보시고 하셨음 합니다.,False,,0.0,0
@이서-w1r,한국이 k poo 덕을 많이 보네요,True,@갈채,1.0,0
@한순경-j1y,러시아에 있는 가족들을 많이 초빙하는 것은 좋은 일입니다<br>유대관계를 지속시킬 수 있으니까...,False,,0.0,0
@Maojinping-wg3gw,고모님은 신기하게 약간 아시아인 느낌이 나시네요...... 약간 카자흐스탄인같이 근데 또 머리색은 금발이시고.....,False,,0.0,0
@매직스틱-j6u,대한민국의 뷔닮은 청춘들이여! 미래의 장모님과 와이프가 한국에 왔습니다!,False,,0.0,0
@sckim1,고모랑 사촌동생의 한국여행이 시작되는군요<br> 외국분들은 이사를 직접 하나하나 옮기는경우가많아서인지 고가사다리차를보면 신기해하더라구요<br>다닐이는 할머니와 이모들 가고나자마자 또 고모할머니와 당이모가왔으니 기분좋아할거같네요 다들 이뻐해주시는분들이니^^<br>고모분이 BTS찐팬이시군요(멤버들에대해 자세한내용들도 완벽히 알고계신거같네요^^)😁😄<br>착한 다닐이 어른들께 인사 무지 잘하네요 ㅎㅎ<br>고모님과 사촌동생이 즐겁고 행복하게 즐기시길바래요^^,False,,0.0,0
@user-bf2nw2lf2g,이쁜동생이랑 고모님이랑 좋은데 많이 다니세용~!~!,False,,0.0,0
@7even-bts,BTS백과사전 고모님.<br>행복한 여행하고 가시길. <br>여행 영상 기대할게요. -From army 😊💜💜💜,False,,0.0,0
@까밀라댁,아미 여러분 감사합니다!❤️<br>고모때문에 저도 갑자기 BTS영상들을 보기 시작했어요!!:) 댓글 달아주셔서 너무 감사합니다😘,True,@7even-bts,1.0,0
@박종대-f2b,지하찰 버스 반대로 타는건 한국인도 자주 있는 일 이랍니다 ㅎㅎ,False,,0.0,0
@까밀라댁,남편도 여러번 그랬다고 해요🤣🤣🤣,True,@박종대-f2b,1.0,0
@CocaCooluck,고모님이 bts 아미 인가 봐요 ㅎㅎ 같이 온 사촌 동생분은 이미지가 동양적이면서 완전 이뻐요. 두분다 즐거운 한국 여행을 하시길 바래요~~,False,,0.0,0
@까밀라댁,네 맞아요! 아미에요ㅎㅎ 제 고모는 BTS를 정말 좋아해요🥰 댓글 달아주셔서 감사해요! 즐거운 주말을 보내세요👍❤️,True,@CocaCooluck,1.0,0
@팔마그마,한국을 찾아 주셔서 감사합니다. 고모님은 한국인이라해도 믿을것 같습니다.😅😅😅😅,False,,0.0,0
@이서-w1r,진짜 아시아계 백인 같음..미모도..,True,@팔마그마,3.0,0
@까밀라댁,맞아요 ㅎㅎ 고모가 한국 분위기에 너무 잘 어울리시죠?! 가끔 한국 사람 같다는 얘기도 들어요 ㅎㅎ 아무래도 저희 가족이 타타르인이라서 그럴거에요!!,True,@팔마그마,3.0,0
@까밀라댁,아이 감사합니다 :),True,@팔마그마,3.0,0
@ethenlee3875,박카스를 말하시는듯,False,,0.0,0
@까밀라댁,맞아요! 그게 분명해요 ㅎㅎㅎ 그걸 저 당시에는 몰랐네요 ㅠㅠ 남편은 박카스같은 것 좋아해서 아마 알았을텐데 아쉽네요 ㅎㅎㅎ,True,@ethenlee3875,1.0,0
@민병권-j4r,우리동네에 오셨네 어서오십쇼😄😄😄😄😄,False,,0.0,0
@까밀라댁,혹시 그런데 저번에 이마트에서 저 알아봐주신 분인가요? 너무 궁금해서요 ㅎㅎㅎㅎ,True,@민병권-j4r,3.0,0
@민병권-j4r,@@까밀라댁 아님니다 저는 80인 일단지 사는<br>할아버지 입니다,True,@민병권-j4r,3.0,0
@민병권-j4r,또 수고하셔야겠네요 건강하고 행복만하세요<br> 근데 전쟁 하는나라에서 마음대로올수있나봐요 <br>동생도 미인이네 러시아분들 다 미인이네 건강하게<br> 좋은 추억 만들어드려요 부탁드림니다,False,,0.0,0
@까밀라댁,감사합니다! 걱정해주셔서 너무 감사해요! 행복하게 잘 지내고 있어요 😊 경유를 해서 와야해요. 올 수는 있어요! 빨리 끝나서 우크라이나에 평화가 와야할텐데요 ㅠㅠ 좋은 추억 영상으로 잘 만들어 볼게요!,True,@민병권-j4r,3.0,0
@느림보라이더,까밀라님<br>어머니와 동생들이 러시아로 돌아가고 많이 보고싶고 서운했을텐데<br>고모님과 사촌 동생이 와서 한결 외로움을 덜게됬네요<br>반가워요 한국에서 좋은시간 많이 갖고 추억가득  담고가시길 바랍니다,False,,0.0,0
@까밀라댁,자주 와주시는 분 맞죠?! 감사해요:) 엄마랑 동생들이 가서 허전했는데 너무 좋죠 ㅎㅎㅎ 항상 댓글 달아주셔서 너무 감사합니다😘😘😘,True,@느림보라이더,1.0,0
@생각-e1m,박카스 찾는 것 같네요 ㅎㅎ,False,,0.0,0
@까밀라댁,아 이럴수가... 그런 것 같아요!!!!!!!!! 왜 몰랐을까요? 편의점에 없었나? 그럴리가 없겠죠? ㅜ남편은 알았을텐데..,True,@생각-e1m,1.0,0
@퀘이사-s4o,분리수거는 지구인이면 무조건 해야죠. 재활용 여부와 관계없이. 이 사람은 분리수거의 참 의미를 모르네.,False,,0.0,0
@까밀라댁,맞아요. 지구가 아프니까요! 열심히 하고 있어요:) 영상 봐주시고 댓글도 달아주셔서 감사합니다❤️,True,@퀘이사-s4o,3.0,0
@bdjfitjjehh,너같은사람도 분리수거좀 해야되는데,True,@퀘이사-s4o,3.0,0
@bdjfitjjehh,그리고 분리수거가 생각보다 효율성이떨어져서 힘들게 분리수거하는만큼 재활용률이  거의안나온다 한국의 분리수거 정책 자체가 잘못됐거든! 같은 지구인인 호주나 미국같은경우는 땅떵이가넓어서 아예 분리수거 자체를 안하고 뭘좀 알고 댓을달어 무식티내지말고,True,@퀘이사-s4o,3.0,0
@jinsung9068,분리수거 불필요 ㅠㅠ,False,,0.0,0
@까밀라댁,ㅜㅜ 하지만 전 열심히 하고 있어요! 하다보면 재밌어요ㅎㅎㅎ 그런데 또 가끔 귀찮아요ㅜㅜ,True,@jinsung9068,1.0,0
@김주영-x1c,행복하게 지내다 가길~ ... 막네가 눈에 밟히네,False,,0.0,0
@까밀라댁,감사합니다❤️❤️ 막내 앜ㅋㅋ 아미라는 곧 저희 결혼식 영상이 올라갈텐데 그 때 보실 수 있어요!!:),True,@김주영-x1c,1.0,0
@이도-i6y,고모님이 넘 귀여우시네요  한국에서 즐겁고 행복한 여행되시길<br>그리고 정국 비티에스 봣음 좋겟네요 ㅎㅎㅎㅎ 빠가빠가~~~,False,,0.0,0
@까밀라댁,또 와주셔서 감사합니다!!:) 언젠가는 고모가 직접 볼 날이 있겠죠? 저는 예전에 러시아에서 엑소를 만나서 사진도 찍었었는데🤣🤣 빠까❤️,True,@이도-i6y,1.0,0
@milkissU,고모님 헤어스타일이 너무 잘 어울리시네요 멋지셔요,False,,0.0,0
@까밀라댁,헤어스타일 칭찬 감사해요 ㅎㅎ 저도 고모 머리 너무 예쁘다고 생각했어요!😍😍😍,True,@milkissU,1.0,0
,고모 와사촌동생   얼굴생김이  ................서양사람과   아시아  사람사이에   태어난  혼혈 같다,False,,0.0,0
@까밀라댁,다들 그런 이야기를 많이 들어요!:) 슬라브족 러시아인이 아니라서 그래요🤗,True,,0.0,0
@lennox6003,"초원에 살던 유목민들 어디 안갔어요 러시아, 몽골, 중앙아시아에 넓게 퍼져서 다 살고 있지",True,,0.0,0
@5mark460,17분부터 화면 이상해요,False,,0.0,0
@kimhodong-m5n,거기서 영상이 끝나는데요? 아 <br>뒤에 무슨 아까 나온 영상 일부가 잠깐 나오는데 실수인듯하네요,True,@5mark460,2.0,0
@까밀라댁,그 때가 끝나는 때가 맞아요😭 실수로 전에 나오는 영상의 일부분이 다시 나왔어요😭 아직 남편이 퇴근하고 집에 도착하지 못해서 나중에 고칠 수 있네요😭 그래도 끝까지 봐주셔서 감사합니다😅,True,@5mark460,2.0,0
@kimhodong-m5n,와 진짜 bts 찐팬이신가보네ㅋㅋ 맙소사 이건 또 모냐고 했을때 진짜 웃었네요ㅋㅋ 우리에겐 당연한데 외국인 눈엔 아니겠죠ㅋㅋㅋ,False,,0.0,0
@까밀라댁,맞아요 ㅎㅎㅎㅎ 진짜 팬이에요 ㅋㅋㅋㅋㅋ 한국 문화 신기해하는 모습 보니까 저도 재밌더라구요 ㅎㅎㅎ,True,@kimhodong-m5n,1.0,0
@정선여-g5j,반전이네요. 엄마가 BTS<br>팬이고  딸내미는 그닥 😊😊😊 <br>아무튼 또다른 한국 경험들도 기대됩니다<br>환절기 건강 잘 챙기시고<br>좋은시간들 보내길❤,False,,0.0,0
@까밀라댁,맞아요ㅎㅎㅎ 사촌동생은 책이랑 영화를 좋아하고 고모는 정말 대단한 팬이세요ㅎㅎ 한국어까지 공부하고 계세요ㅎㅎㅎ 구독자님도 감기 조심하세요! 😍제 남편은 한달째 기침을...,True,@정선여-g5j,1.0,0
@smilecatzzi,"<a href=""UCkszU2WH9gy1mb0dV-11UJg/m8MfY4jbFsWJhL0PyouA2Ak""></a><a href=""UCkszU2WH9gy1mb0dV-11UJg/m8MfY4jbFsWJhL0PyouA2Ak""></a><a href=""UCkszU2WH9gy1mb0dV-11UJg/m8MfY4jbFsWJhL0PyouA2Ak""></a><a href=""UCkszU2WH9gy1mb0dV-11UJg/m8MfY4jbFsWJhL0PyouA2Ak""></a><a href=""UCkszU2WH9gy1mb0dV-11UJg/m8MfY4jbFsWJhL0PyouA2Ak""></a><a href=""UCkszU2WH9gy1mb0dV-11UJg/m8MfY4jbFsWJhL0PyouA2Ak""></a><a href=""UCkszU2WH9gy1mb0dV-11UJg/m8MfY4jbFsWJhL0PyouA2Ak""></a>",False,,0.0,0
@까밀라댁,이 이모티콘이 있어야죠🤣🤣🤣❤️,True,@smilecatzzi,2.0,0
@smilecatzzi,"<a href=""UCkszU2WH9gy1mb0dV-11UJg/G8AfY6yWGuKuhL0PlbiA2AE""></a><a href=""UCkszU2WH9gy1mb0dV-11UJg/G8AfY6yWGuKuhL0PlbiA2AE""></a><a href=""UCkszU2WH9gy1mb0dV-11UJg/G8AfY6yWGuKuhL0PlbiA2AE""></a><a href=""UCkszU2WH9gy1mb0dV-11UJg/G8AfY6yWGuKuhL0PlbiA2AE""></a><a href=""UCkszU2WH9gy1mb0dV-11UJg/G8AfY6yWGuKuhL0PlbiA2AE""></a><a href=""UCkszU2WH9gy1mb0dV-11UJg/G8AfY6yWGuKuhL0PlbiA2AE""></a><a href=""UCkszU2WH9gy1mb0dV-11UJg/G8AfY6yWGuKuhL0PlbiA2AE""></a>",False,,0.0,0
@까밀라댁,앗 오셨다ㅎㅎㅎ 이제는 이모티콘만 봐도 알아요:)👍👍👍,True,@smilecatzzi,2.0,0
@bsh7614,같이 저녁식사 하는 모습을 보고 싶었는데 그 장면은 안 나오는군요   남편분은 안 보이는데  어디 갔나요?,False,,0.0,0
@울강쥐돼지,돈 벌어야죠 ㅋ,True,@bsh7614,5.0,0
@kimhodong-m5n,아마도 열심히 생업에...?ㅋㅋ,True,@bsh7614,5.0,0
@까밀라댁,남편은 저 날은 회사에서 늦게 왔어요ㅜㅜ 주말엔 같이 다니기도 했어요🤗👍,True,@bsh7614,5.0,0
@까밀라댁,😭 맞아요!! 그래서 아껴 써야해요!!,True,@bsh7614,5.0,0
@까밀라댁,네ㅜㅜ,True,@bsh7614,5.0,0
@준식김-r1r,우와아아   정국이 먹은 아이스크림을 알고 계시다니 고모가 광팬  맞네요 😊,False,,0.0,0
@까밀라댁,고모는 정말 팬이에요! ㅎㅎㅎ bts 때문에 한국어도 배우고 계세요ㅎㅎㅎ,True,@준식김-r1r,1.0,0
@kor-y7c,BTS 전문가분이 러시아에 있었네요! 옥수수 아이스크림을 정국이가 좋아하는구나 고모님한테 배우네요. ㅎㅎㅎ🥰😍🤩💜💜💜💜💜💜💜💜💜,False,,0.0,0
@까밀라댁,아ㅋㅋㅋ 저는 고모랑 bts 뮤직비디오를 여러번보게 됐어요🤣🤣🤣 저도 노래는 많이 알고 있어서 익숙했네요👍,True,@kor-y7c,1.0,0
@donghunlee3449,여동생들과 어머님 영상을 너무 즐겁게 봐서 아쉬움이 좀 있었는데 이렇게 또 러시아 친척분들이 오시니 제가 너무 반갑네요.<br>기대 됩니다^^,False,,0.0,0
@까밀라댁,맞아요! 오랜만에 가족들이 와서 저도 정말 신났어요! 🥰 오늘도 와주셔서 감사해요❤️❤️❤️,True,@donghunlee3449,1.0,0
@달마-u9w,즐거운 여행 되세요~,False,,0.0,0
@까밀라댁,감사합니다! 한국에서의 좋은 추억을 영상으로 재미있게 만들어 볼게요🤗,True,@달마-u9w,1.0,0
@Awesome-sq9in,10분전은 못참쥐🎉,False,,0.0,0
@까밀라댁,앜ㅋㅋㅋㅋㅋ🤣🤣🤣,True,@Awesome-sq9in,1.0,0
@newtype2129,즐거운 여행들 되세요.,False,,0.0,0
@까밀라댁,영상 봐주시고 댓글까지 감사합니다:) 즐거운 한국여행영상 기대해주세요❤️,True,@newtype2129,1.0,0
@djerba7052,드라스위첸.. 다다다.. 마뜨리..,False,,0.0,0
@까밀라댁,아ㅋㅋㅋ혹시 러시아어 전공자이신가요?:),True,@djerba7052,1.0,0
@Headbanger,1빠입니다<br>우와 한국에서 친척들 만나뵈서 너무 반가웠겠네요 😁😍,False,,0.0,0
@까밀라댁,네! 저희도 너무 반가웠어요🥰 역시 헤드뱅어님 와주셨네요:),True,@Headbanger,1.0,0
