author,comment,is_reply,reply_to,reply_count,is_spam
@진성챈덕,반대의 경우에 와이프가 쿨하게 용서해줘도 같은반응나올지 ㅋㅋㅋㅋ 혼외자용서하는 드라마 역겹다고 게시판에 악플로 도배될듯,False,,0.0,0
@달달한빵떡,딩크도 아니구만 딩크=더블인컴인데 그냥 집에서 놀고 먹는구만ㅋㅋㅋ,False,,0.0,0
@박정민-u4n3v,원해형 대상주라 씨제이..,False,,0.0,0
@마리나-q4b,에효~저 찐사랑 눈물 나요~김성령 연기 아니라 진짜 울었을듯~,False,,0.0,0
@달의신-k2c,아기 낳은건 괜찮은데  <br><br>남편이랑 진짜로 살생각이면  아기는 낳아야한다   다 이해하는 남편이라도  남편이 얼마나 서운하겠냐,False,,0.0,0
@john-yd4go,솔직히 설거지 아니냐? 퐁퐁이형 정신차려.,False,,0.0,0
@하늘-z5y,거짓말 두둔 드라마 칭송하는 분위기ㅋㅋ 다들 진짜 약 빠네ㅋㅋㅋ 모두 똑같은 일 당해도 저렇게 대답하라는 세뇌 드라마다 바보들아ㅋㅋㅋ,False,,0.0,0
@관심없음,왜 드라마를 여성용 po르노라고 하는지 알겠네.<br>이런 불공정 거래를 사랑이라는 말로 포장하다니...,False,,0.0,0
@hawkeye4496,무슨 여성 포르노 판타지 드라마도 아니고 ㅋㅋㅋㅋ<br>혼외자 여성을 신여성이라고 포장하는게 웃기네 ㅋㅋㅋ<br>반대로 남자가 혼외자 자식 있어봐라 벌때 같이 들고 일어 났을꺼면서 <br>여기 댓글 보면 이런 남자가 찐사랑이라고 하는거 보니까 제정신인 여자들이 없네 ㅋㅋㅋ,False,,0.0,0
@tnstlsdl2651,근데 애는 세상을 위해 한명 낳아 키워주지…,False,,0.0,0
@연구소-s9k,드라마가 가스라이팅이 심하네....,False,,0.0,0
@becauseican1512,댓글 보고 영상 5분 봤는데 김원효가 어디가 좋은 남편이라는 거지?,False,,0.0,0
@답십리고장난시계,짝대기 폼 지렸다 ㄷㄷ..,False,,0.0,0
@미나토자키사나짱,만약 남자가 혼외자녀 있다고 했으면 댓글상태 어땠을까?,False,,0.0,0
@정원-l9h,남의 집 대를 끊어놓고 지는 자식도 있으면서,False,,0.0,0
@grid62,"ㅋㅋㅋ이거 완전 사기결혼 개같은 경우네, 와 ㅋㅋ무슨 이딴 드라마를",False,,0.0,0
@tplee8773,이게 무슨 ㅋㅋㅋㅋㅋㅋ이게 말로만 듣던 여성용 포르노인가??,False,,0.0,0
@parkh2278,여성 분들에게 팩폭....  김원해씨 같은 남편은 대륙별로 한명씩 정도 있써요~~~ 드라마로만 즐기세요~~,False,,0.0,0
@Great_Sgt_Kang,드라마니까 가능한 전개지. 현실에선? 어림도 없다.,False,,0.0,0
@user-myaong,고독성 짱!!!,False,,0.0,0
@최진희-o8b,멋지다,False,,0.0,0
@민정-n3i,평소  코믹연기만 거의 하셔서 이번에 의외의 진지한 모습을  보고 역시 찐연기자라는 생각이 들었어요~부족함이  없었어~~~그 대사~~ 배우자한테도  못들어본  그말이 얼마나 감동적이었는지 눈물이 왈칵 쏟아지드라구요~~의외의 감동요소가  곳곳에 숨어있는  이 드라마! 강추합니다 ~^^,False,,0.0,0
@레조네어_이나,양이 침묵해버렸네 ㅋㅋㅋ,False,,0.0,0
@kairos-l4m,"<a href=""https://www.youtube.com/watch?v=8h-tLI-d-00&amp;t=888"">14:48</a>  여기부터 보면 됩니다<br>약사아저씨 연기",False,,0.0,0
@개바보-y6n,김성령씨 평범한 나이대. 저런연기 도전~~ 보기좋아요<br>인생연기도 많이연기해주세요,False,,0.0,0
@지평선-i9o,드라마다. 현실로 착각하는 뇨자 없기를,False,,0.0,0
@굳-c9b,저런 남편은 없죠 진심 판타지 인물 만약 남여가 바뀌었다면??? 재미있다가 여기서 재미가 무너짐 엔딩도 참...,False,,0.0,0
@hyojeongpark7492,아오 아들가진 입장에서 진짜 저 모지리 지지리 으휴,False,,0.0,0
@고구마-g3w,아니 현실에서 저런남자 찾기 힘들다가 아니라 저런여자가 존재를 하면 안되는거 아녀? ㅋㅋㅋ,False,,0.0,0
@on-sesang,양들의 침묵 ~ 안소니 홉킨즈 .조디포스터...와...진짜 재밌게 봤는데,False,,0.0,0
@user-cq3mg6lp7f,썸네일스포극혐이네진짜 ㅡㅡ,False,,0.0,0
@user-pj9gr2dp1j,진정한 사랑이네요<br>말하기전ᆢ묻지않고ᆢ사연이 있을꺼란 생각에 묻지않고ᆢ,False,,0.0,0
@선애윤-y9n,당신 하나로 부족함이 없었어.. <br>얼마나 울었던지요..,False,,0.0,0
@류현중-e2l,빨간슬립 <br>장면을<br>위해<br>연습을몇번이나 했는지<br><br>올해 연기대상<br>연말시상식때 꼭 말 해주세요,False,,0.0,0
@75umberto20,분명 대단한 캐릭터이긴 한데 한편으론 그냥 여성작가 시청자들의 판타지잖아. <br>남편애는 낳지도 않으면서 혼전임신은 숨겼고 이혼사유 아닌가?<br>현실에 저런 사람이 있다면 지독한 이기주의자이지. 성별 바꿔서 남자가 자기 아내와는 아이를 안 만들면서 밖에 난 아이는 숨겼다?<br>드라마 소재로 다룰 수 있을까? 김원해가 인격자라고 할 수도 있지만 비현실적인 호구 캐릭터라고도 할 수 있지.<br>작가가 설정을 잘못했다. 여자들이야 좋다고 하겠지만 남자들이 좋게 평가할까? 두사람 사이에 만약 자식이 있는 설정이라면 김원해 배우 캐릭터를 좋아하는 남자 시청자도 많았겠지만 저 드라마 설정은 너무 이기적이고 비현실적이다.,False,,0.0,0
@더좋은내일-q3m,김원해 배우 정말 연기 잘 합니다. 올해 대상 하나 줘요~,False,,0.0,0
@gisik1592,딩크 뜻이 뭐더라 ㅋㅋ,False,,0.0,0
@민트-r2t,김원해 나오는 드라마마다 너무 좋은 연기 너무 재미있는 연기 최고의 배우예요,False,,0.0,0
@전혜진-n4s,드라마라도 개연성 너~~무 부족. 한국드라마 고질병. 초반 넘 재밌고 후반 급종으로 뭔가 뒷끝이 안 좋음요. 이런 것 고치면 한국드라마 잘 나갈텐데. 김원혜?는 부처님 한토막? 김성령은 전생에 나라를 구했남? 1980~90년대늨 딩크족은 한 군에 5쌍 될까? 말도 안되는 전개.,False,,0.0,0
@09musuri71,원해 형 참 연기 잘하셔...,False,,0.0,0
@이재명과결혼한윤석열,스윗 영포티,False,,0.0,0
@afw7495,설거지. 퐁퐁남. 도축<br> 작가가 여자면 알만하지,False,,0.0,0
@김태현-h7v,영상만보면 여자가 죽일년인데 안나온내용이 더잇는거임?,False,,0.0,0
@달봉이와지명공주,잘 어울릴까? 했던 커플 .. 멋찐 캐미..넘 멋찐 배우..,False,,0.0,0
@ggara19,볼때마다 옥쮜 아버님 닮았어요,False,,0.0,0
@단아란,아름다운 사람😢,False,,0.0,0
@focus-on4023,이 행복한 배역을 하고 상까지 바란다고???,False,,0.0,0
@keysersoze9861,"🐶🍞♀️‼<br>결국 도축이네..<br>,.<br>당사자 모르게 사망보험 24개 가입했냐~<br>..<br>🤬🤬🤬🤬🤬🤬🤬",False,,0.0,0
@Takingchances99,촬영할땐 실제로 빨간슬립입고 춤추었을텐데 ㅋ,False,,0.0,0
@Takingchances99,알고보니 찐사랑❤❤❤❤,False,,0.0,0
@로이-c7b,당신 하나로 부족함이 없었다....,False,,0.0,0
@sjh4444,현실: 사기결혼 -&gt; 소송 및 이혼,False,,0.0,0
@병팔스,당신이 뭔가 마음먹는데 걸리는게 나라면 안그래도된다고 ㅜㅜ,False,,0.0,0
@Muchaspicapica,두분의 연기에 너무 몰입...지금 오전중 마쳐야 할 일을 못하고 있는중....,False,,0.0,0
@성태황-r4i,김원해 배우님의 재해석......<br>당신 하나로 부족함이 없었어....<br>이건 참 말 이여..........,False,,0.0,0
@giRbiaz763hmt,여자가 바람 펴서 애 낳고 그거 숨기고 살아온 거 고백한 거는 미화 되고 남자가 그런 캐릭터 설정이면 빌런으로 묘사하는 대한민국 대중문화. 주변에서 이거 보고 훈훈하다고 하는 애들 거르면 됨.,False,,0.0,0
@kswieg,😂🎉  김원해..  너무 잘 함 !! ~  여기 에서도..  다른 드라마 에서도..  최고 !!! ..,False,,0.0,0
@부자가되고싶니-n1v,ㅋㅋㅋㅋㅋㅋ 이러니 출산율이 떨어지고 이혼율 폭증하지 ㅋㅋㅋㅋ,False,,0.0,0
@요반페,드라마가 역겹다 뻐구기양산미화인가  남자가 밖에서 아이만들어 오고 여자가 이를 감싸주는 드라마는 여자들이 무지하게 욕하겠지?,False,,0.0,0
@koreanum1913,김성령 아무리 나이 먹었어도 저 정도면 주절먹이다.,False,,0.0,0
@Kikky-t8k,그런데 저런 미모로 남편한테 평생 맛있는거 살뜰하게 해주고 집안 빤닥빤닥 살림하고 내조해주니 어떤 과거든 다 덮어줄수 있을거같긴하다 ㅎ,False,,0.0,0
@문영이-j3i,김성령도 연기가 진짜가 되벼렸네..,False,,0.0,0
@wylee1933,현실 에서는 가정 파턴,False,,0.0,0
@differ_today,선재아부지 😮,False,,0.0,0
@surplusthe2833,퐁퐁,False,,0.0,0
@샘그레이,진짜 무슨 소설을 이런 소설을 써놨네 아무리 드라마라지만<br>남자가 혼외자 데려오면 불륜이라고 난리폈을텐데<br>여자가 혼외자 데려오니까 눈물로써 해결임?,False,,0.0,0
@sa-rp5ee,현실에선 이혼감 아닌ㄱㅏ요? ㅠㅠ 멋쪄,False,,0.0,0
@victoriajo8467,"<a href=""https://www.youtube.com/watch?v=8h-tLI-d-00&amp;t=406"">6:46</a> 형! 잘되길 늘 바랬지만 이 정도는 아니였어~ㅋㅋㅋㅋㅋㅋ 성령이 누나도 안은 김에 대상도 안아보자 ❤",False,,0.0,0
@금동이-o8k,아줌마들착각하는거<br>김.성.령씨라 가능한거😂<br>님들은바로소박맞지😮,False,,0.0,0
@이진이훈이혁이콩포견,나능 말이여~원해 하나로 부족함이 없었어엉,False,,0.0,0
@gomdolzzim,와 이분 찐이다 너무 찰떡연기❤,False,,0.0,0
@DavidLee-e2q,동덕여대 출신들 많네,False,,0.0,0
@jasperkoromoan1197,이런 내용을 드라마라고 만드냐? 입장바꿔서 남자가 혼외자가 있었고 결혼한 여자와는 자식갖지 않겠다고 정관수술까지 했는데 혼외자가 있다는 사실이 드러나자 여자가 쿨하게 인정하고 남편 사랑한다고 말하는 드라마 있냐? ㅋㅋㅋ 하여튼... 드라마 작가가 여자 맞지? ㅋㅋㅋ 혼인무효 사유인데... 멀쩡한 가족 대를 끊어놓고... 뻔뻔한 꽃뱀을 사랑한다는 남편... ㅋㅋㅋ 어휴... 연기 좋다는 댓글들은 도대체 뭐냐.,False,,0.0,0
@jasperkoromoan1197,ㅋㅋ 뱀같은 여자네. 사기 결혼해놓고 결혼한 남자 대를 끊어 놓고. ㅋㅋㅋ 저러다가 남편 죽으면 어떻게 되는 줄 아냐? 남편 재산 다 물려받고 그 재산은 다시 혼외자한테 물려줄 수 있게되고... 이런 경우 최악은 저 여자가 남편 재산 다 자기 명의로 해달라고 울고불고 해서 남편이 질려서 그냥 전 재산 명의 다 넘겨줬는데 갑자기 여자가 사고로 죽는거야. 그런데 장례식에 갑자기 몇명 나타나서 우리 어머니 돌아가셨다고  울고불고... 명의넘긴 재산을 여자 자식들하고 다 나눠야 되고... ㅋㅋㅋ 이런 경우가 없을 것 같냐? ㅋㅋㅋ 어휴 무서운 여자네.,False,,0.0,0
@Iivenotrace,현실에선 지독시리 이기적인 년.. 이건 참말이여..,False,,0.0,0
@redsj8362,아무리 미화한다 해도<br>결혼전에 즐기다가 아이 낳아서 버려놓고.<br>결혼할때는 아이 안낳겠다는 여자인데.<br>뭘 그리 미화해대는지.<br>남자도 여자미모에 반해서 아이 안낳아도 좋다고 결혼한거고.<br>결혼후에는 아이 있었으면 좋겠다는 말로 상처주고.<br>이런 미화 그만했으면 한다.,False,,0.0,0
@미제드론,아줌마들 시청률 어그로 끌려고 만든 드라마인데 뭘 바라쇼,True,@redsj8362,1.0,0
@덕이-l3p,이 드라마의 남자주연배우는 김원해....,False,,0.0,0
@mallonmiiming,김원해 너무 좋아!!!!!!!!!!!!!!!!!!!!!!!!!!!!!!!!!!!!!!!!!!!!!!이번에 정숙한 세일즈에서 다시 봤다!!! 연기 너무 잘함.!!!! 상타자!!!!!!!!!!!!!!!!!!!!!!!!!!!!!!!!!!,False,,0.0,0
@jasonjung328,두분 다 연기 넘 잘하신다,False,,0.0,0
@Godspeed2603,ㅋㅋㅋ드라마 작가라는것들이 전부 여자에 노처녀니까 이런 뇌내망상 각본도 드라마라고 제작되는구나 ㅋㅋㅋ 어이가없다 댓글에 감동먹은 아줌마들도 개웃기고 ㅋㅋㅋㅋㅋ😊,False,,0.0,0
@Sdq357,현실에서 이런여자만나면 피하셔야됩니다.,False,,0.0,0
@홉-e3b,찐사,False,,0.0,0
@dakdito4663,여자의 사기행각을 아름다운걸로 포장하고 있네. 여자가 혼외자가 있고 애낳는거도 거부했는데 남자가 좋다고 최고여자 저쩌구 저처구? 여자들의 포르노냐? 쳐죽여야한 여자를 미화하고 있네. <br>남편이 혼외자속이고 자기번돈 혼외자에게 다보내고 있었는데 여자가 그거 알고서 당신은 최고의 남자 나는 널 그래도 사랑해 그 니들은 최고의 사랑이라고 칭송하냐? 어이가 없네.,False,,0.0,0
@신장개업-g1c,이 드라마에서 제일 좋은사람,False,,0.0,0
@쿠키-c7u,화장실 들어갈때와 나올때 마음이 다른법<br><br>결혼할때 신여성으로 만들어주겠단 말은 결혼후엔 귀신씨나락소리라 타박하는게 백퍼 한국남이다,False,,0.0,0
@최흥복-t2z,저건 여자의 인성이 문제 아닌가? 재혼도 아니고..,False,,0.0,0
@가자가자-m8s,어떤 사연팔이로 포장하려해도 그냥 퐁퐁남임,False,,0.0,0
@user-gl9wv3gr7p,원봉❤금희 ㅠㅠ 그리울거야..,False,,0.0,0
@이은미-p4n8e,저 분 실재 성격일듯,False,,0.0,0
@팡팡-z5y,진짜 아내 정말 하나만 사랑한 남자,False,,0.0,0
@ral6244,평생 당신 하나로 부족함이 없었어,False,,0.0,0
@honeykris5113,드라마가 여자들을 판타지 이세계로 이끄네. <br>정관수술한 남편이 알고 보니 혼외자가 있었다. 그때 아내 반응 “괜찮아. 당신 하나로 부족함이 없었어“ --ㅋ,False,,0.0,0
@짱미소-o7d,진국인 남편이네^^,False,,0.0,0
@peterpankkh8729,이 장면 보고 울컥 안하면 반성 해야죠..,False,,0.0,0
@떠든사람-m5l,이런 드라마 내용에 남자들이 분노한다.,False,,0.0,0
@BulletTaxi001,"김원해 배우가 연기한 배역은 가부장제의 거의 마지막 세대이다.<br>가부장제가 문제 있는 제도지만, 가장으로서의 책임을 다하고 가정을 지키기 위해, 아무 말 없이 홀로 쓰디 쓴 소주 한 잔 들이키며 쓰디 쓴 속을 달래야했던, 저시절 아버지들께 그저 감사할 뿐이다.",False,,0.0,0
@anne-yb1dl,정말 이 장면보구 많이 울었네요 ㅠㅠ,False,,0.0,0
@zeryy7767,캬 나도 하나로 부족함 없는 아내 만나고 싶다!,False,,0.0,0
@정의-v2k,진정으로<br>아내를 사랑하는 남자구나요.👍🥰,False,,0.0,0
@khaikin7294,드라마는 드라마일뿐 입장바꿔생각해뵤ㅏ요<br>이게 사기지 무슨~~ 어마어마한 썅뇬일뿐,True,@정의-v2k,1.0,0
@정의-v2k,🤣🤣🤣🤣🤣,False,,0.0,0
@user-dk2jrjfq5je,퐁퐁남의 정점이네 ㅁㅊㅋㅋㅋㅋㅋㅋ,False,,0.0,0
@정이윤-c3f,헐. 너무하는거아니냐. 애까지 낳은거도 이해해야하는. ㅎㄷㄷ,False,,0.0,0
@doldiddims,가스라이팅 개오지네;;저건 멋있는게 아니라 상등신인거임;;보자말자 애낳을꺼란  쌉소리에 누가 정상이라고 생각하냐ㅋㅋ,False,,0.0,0
@크리스탈-c9n,김원해 대상줘도 아깝지않다,False,,0.0,0
@lanina.,섬네일 맛집이네요 🎉 구독합니다,False,,0.0,0
@ililiiiiilllllliiii,그 말 한마디에 같이 눈물나더라 ㅠㅠ,False,,0.0,0
@HyungjooLee-mk.1,외벌이지 딩크는 아니지..,False,,0.0,0
@빡치게하지마라,드라마는 드라만걸 알지만 이런걸 보여줘야됨. 드라마에서 현실보기 싫음,False,,0.0,0
@k76106,드라마 작가들이 전부 여자들이라 가능하구나 ㅎㅎ 국결이 답이네 ㅎㅎ 한남은 진짜 뭔죄냐 ㅋㅋ,False,,0.0,0
@돌체라떼-h4l,세상모든 아내들이 <br>당신 하나로 부족함이 없었다 <br>대사듣고 감동 했을듯,False,,0.0,0
@흠흠-k6v,아지매들 정병댓글 보니 어질어질하네 주제파악좀 하세요 김성령님 미모니까 가능한거에요 이런남자있냐는 묻는댓보면 얼마나 현실감각이 처참한지 아 거울좀보세요 아지매 주름살은 양심은 어디감 노처녀로 살꺼 구제해준 남편한테나 감사하셈 당신옆에있는 그 남자가 최고의 남자이고 아지매들 수준에서 인생최고의 선택이었으니까,False,,0.0,0
@kamgminah,펑펑울었네,False,,0.0,0
@황금잠수부,이게 뒤통수지? 고생했네...미화시키는 K드라마,False,,0.0,0
@봉구이-p9c,김원해님 너무 <br>멋있습니다<br>빨간 슬립 멋있는 춤은 너무 웃어 행복했습니다<br>김성령 사모님도<br>연기 짱 입니다<br>많이 공감하며 울었습니다,False,,0.0,0
@poscono1,솔직히 김성령 정도면 부족함이 없지. ㅎㅎㅎ,False,,0.0,0
@swcmin,마지막 장면 정말...한참 울었네요. 아이가 있다는 걸 감추었으면서도 원망하기 보다는....평생 맘 고생 했을 아내를 위로해 주네...,False,,0.0,0
@lovebbyy9191,이장면 보면서 엉엉 울었다,False,,0.0,0
@sweetdallim,진짜 판타지네…,False,,0.0,0
@늑대-n7z,여자가 너무 이기적이네요 어떻게 보면 사기결혼아닌가? 남자가 보살,False,,0.0,0
@Nupa-f6e,백상에서 뵙길 바랍니다,False,,0.0,0
@변은주-i9i,ㅠㅠㅠㅠㅠㅠㅠㅠ,False,,0.0,0
@billgimm2393,쟨  울어도 이쁘냐? 세상  참....,False,,0.0,0
@김재영-y5g,난 저상황에서 저리 생각하며 기다려 줄수 있을까...<br>반백에 다시 뒤돌아보게 하는 내용이네...,False,,0.0,0
@user-tp2je1tg2q,저런 남자는 당연히 별로 없지 솔직히 있기를 바라는게 욕심이다 혼외자식 있는거 알고도 이해해주길 바라는건 욕심이여,False,,0.0,0
@위숙김-u1p,김원해씨 최고입니다.,False,,0.0,0
@장미숙-j3n,세상 최고의 남편^^~~,False,,0.0,0
@푸른느티나무,김원해 그입 다물라~~ㅋㅋ,False,,0.0,0
@조백-b1g,"이걸보고 자기합리화 하는 현실 여성들이 없기를..,",False,,0.0,0
@널리인간을이롭게하자,진짜 소중한 배우다.,False,,0.0,0
@lizgarden6644,김원해 연기는 좋지만 실제라면 사기이지. 진짜 어이없네. 신여성이 아니라 완전 신사기,False,,0.0,0
@lch6732,원해형 나이도 형보다 2살 많아 ㅋ,False,,0.0,0
@jy-j2i,김원해씨 연기력이 점점 무르익어가심. <br>열혈사제2 이분땜에 본다해도 과언아님 ㅎㅎ,False,,0.0,0
@김해헤,ㅋㅋ 커피마실때 로봉순 생각남 ㅋㅋㅋㅋㅋ,False,,0.0,0
@한서교-p2q,마음이 따뜻해지는 방송 입니다  감사했었습니다,False,,0.0,0
@daheecho6844,여자가 저러면 불쌍한 여자<br>남자가 저러면 죽일 놈...,False,,0.0,0
@최진호-b8k,ㅋ 호구네,False,,0.0,0
@zkxfjejwiddosos,어쩌면 흔한 캐릭터라 진부해졌을법 한데 다른 배우 생각 안날정도로 김원해씨가 잘 소화하심 ㅠ,False,,0.0,0
@versil3693,김원해님 다시 출연료 받으세요,False,,0.0,0
@coffee4974,에효 또 여자들 망상 드라마. 딴놈 애도 이해해 주는 남편까지. 현실에선 제발 찾지마라.,False,,0.0,0
@하이브처돌이-x6f,실제였으면 아예 말이안되는 내용임 ㅋㅋㅋㅋㅋㅋㅋ 진짜 김원효가 보살중에 보살,False,,0.0,0
@xj8501,김원해씨 연기상 안주면 누구 줄까??? 연기 진짜 잘하신다,False,,0.0,0
@user-schd,ㅋㅋ 남자 찐ATM기였내,False,,0.0,0
@Im-us6xg,꾹이는요😂,False,,0.0,0
@love_jo6407,과연 저런남자...<br>있을까요????,False,,0.0,0
@귀요미-k1r,저분 정말 연기력이~  표정에 눈물이 절로 나네요,False,,0.0,0
@윤영자-r9j,정말 이런 멋진 남편이 현실에도 존재할까요??사랑이 철철 넘치는 멋진 남편,False,,0.0,0
@ksh763,없어요 ^^,True,@윤영자-r9j,1.0,0
@꽃이유-l7g,이런 남자가 어딨냐고 ㅋㅋ,False,,0.0,0
@kenzy6561,남주가 딩크선언후 <br>전에 싸지른 혼외자 있었으면 <br>개쌍욕 박을것들이 <br>ㅈㄹ 똥싸고 있네 ㅋㅋㅋㅋㅋ,False,,0.0,0
@Jenny-bx1ky,어머….. 진정한 로맨티스트야………..,False,,0.0,0
@몽찌깐이,김원해님 짱!!!!,False,,0.0,0
@JK-xj7tw,어휴 십,False,,0.0,0
@권성영-u7h,집구석은 더럽게 빤닥빤닥하네 청소 못하고 죽은 귀신이 붙었나 ㅋ ㅋ<br>빵 터짐요,False,,0.0,0
@똑딱-j9s,작가가 여자냐 ㅋㅋ 남자를 퐁퐁이로 만들어놓네 ㅋㅋ,False,,0.0,0
@KimMi-k7z,넘 멋진 약국 아자씨 ~ 사랑해요❤,False,,0.0,0
@pya6317,여자들 눈만 높아지겠네  이런남자있은까 최고의남편이다     감동적인대사 😂😂😂,False,,0.0,0
@바나나80개,드라마니까 감동이지.. 현실이면 사기결혼임,False,,0.0,0
@김명숙-j2z,김원해씨  나오는거  코믹  믿고  봅니다~~,False,,0.0,0
@김명숙-j2z,빨리  입어봐   씻고 올게  ㅎㅎㅎ,False,,0.0,0
@piesunny,김원해의 김성령 찐사랑,False,,0.0,0
@마리용-z7q,김원해씨 팬이예요 성난황소 월간 집 열혈사제등 너무 기여움 여기서도 좋은역할이라 흐뭇,False,,0.0,0
@이정원-r3i,약사님 연기 정말 최고입니다<br>뭐든 연기 너무 잘하세요,False,,0.0,0
@숙자레옹이라오,목이 가늘어서 닭모가지같네,False,,0.0,0
@홍길동-t5n6e,^퐁^,False,,0.0,0
@꽃피그-n7h,이세상에 저런 남편이 있을까? 다들 이기주의적이라서 글쎄 아내의 과거를 포용해주는 남자가 있을런지 처음부터 다시 봐야할 드라마다,False,,0.0,0
@이승주-z1q,김원해 배우님 최고입니다 <br>모든 배역에 최고 연기력,False,,0.0,0
@쌤채운,김원해..김성령부부..쵝옵니다..연기력까지,False,,0.0,0
@seeso32,작가가 미쳣나<br>쇠뇌를 시켜도 좀 작작해라,False,,0.0,0
@jiwonkim8664,김원해님 너무좋아<br>나오는것마다 다 찾아본다능<br>감기 조심하세용~~^^,False,,0.0,0
@user-de4gn7zg9z,미친 보르노구나 ㅋㅋㅋㅋ,False,,0.0,0
@세리로즈,대상감..,False,,0.0,0
@흠흠-k6v,이러니 드라마가 여자들 정병의 주범소릴듣지 아지매들 정신차려요 반대로 남자가 딩크선언후 혼외자있으면 까무러칠꺼면서 뭔 판타지에 이런남자 ㅋㅋ없어요 아주지랄납셨어요 제발 사람대사람 기본예의나 가지세요 이해를 바라지말고 아지매들 남편이 불쌍하다,False,,0.0,0
@진소영-o4s,"혼외자 뜻은 그게 아니잖아요?<br>혼인중 딴사람 애 낳는게 혼외자.<br>결혼전 출산이면<br>그냥 배우자의 자녀이죠.<br>고백을 안했으면<br>숨겨둔 자녀? 쯤으로<br>해야지, 제목보고<br>오해 하겠네요.",False,,0.0,0
@cho-coso5229,올해 남우주연상 기대 합니다 🎉🎉,False,,0.0,0
@김수정-b3w5x,더럽게 빠딱빠딱,False,,0.0,0
@김수정-b3w5x,너무 웃기는 배우 너무좋아,False,,0.0,0
@soi-s6i,어디있나요? 저런 어른다운 분,False,,0.0,0
@mooyook2,완전 코믹이구만.. 에구. 그런데 약국을 하면서 뭔 집이 저렇게 크다냐. 현실감이 너무 없네.<br>김원해의 연기력이야 알아주지만..,False,,0.0,0
@나비효과-n2j,남자 입장에서는 거의 사기 결혼이지만<br>드라마여서 로맨틱하지만<br>뭐 드라마니까 멋진 남편이라고 해 줍시다,False,,0.0,0
@carott535,최고의 배우 김원해,False,,0.0,0
@한정화-f9t,베스트커플상 꼭 받으실거에요<br>너무 멋진 김원해 김성령커플,False,,0.0,0
@05멍뭉이,사기결혼 아녀,False,,0.0,0
@skwoo104,남자들의 진짜모습 ㅋㅋㅋ속지마세요,False,,0.0,0
@구름-w9l,드라마닌까  가능 현실엔 저런 남자 없다,False,,0.0,0
@user-ez5ps2zp3u,와이프가 평소에 저렇게 하는데 당연 한거아님?,False,,0.0,0
@남자가정부,가스라이팅이니?,False,,0.0,0
@husky5986,"드라마는 진짜 여자를 위한 판타지가 맞다... 딩크 선언해놓고 혼외자라니..ㅋㅋ 남자 인생은 생각 안하냐? 반대였으면 남자쪽에서 욕 엄청 먹었을텐데 말이지.. 자기 인생은 마음대로 살고싶고, 자기를 위해 헌신하는 남자는 있으면 좋겠고.. 이기적이야 역시",False,,0.0,0
@user-myaong,ㅋㅋㅋㅋ 드라마가 원래 그런거 아닌가? ㅋㅋ 직립보행 이후? 아니면 조금 더 지나서부터 원래 사람이 살던 이야기 속 스토리가 드라마가 되면 그랬음.여자들이 이쁘면 다른 단점은 다 사랑으로 커버시키는 것이 드라마임.,True,@husky5986,1.0,0
@nolee2007,김원해씨<br>연기는<br>감동 최고입니다,False,,0.0,0
@대박이야-r9e,"아내랑 보다가, 김원해 배우 연기에 펑펑 울었습니다.",False,,0.0,0
@라마탱,퐁퐁이형 ㅜㅜ,False,,0.0,0
@냥이언니-q6g,김원해 배우님  캐릭터 잘 살리는  재주가 있으신걸 알기는 했는데  정말 카멜레온 같은 분이네요. 도봉순에서도 캐릭터 정말 잘 살린다고 생각했는데 이런 자상한 남편도 잘 어우려요. 정말 응원합니다.,False,,0.0,0
@youngwookwak487,극중에서 저런 남편이 실생활에선 반대인 경우가 더 많지 ㅎㅎ,False,,0.0,0
@user-yk7hk6ez5h,그릇이 큰 진짜  상남자,False,,0.0,0
@5aa3,김원해 란제리춤..  오래간만에 길게 웃었음. 항상 주연같은 조연.❤,False,,0.0,0
@ryve5085,신여성을 포장한<br>본인애를 위해<br>애를 못가지고 집에서 있는여성입니다,False,,0.0,0
@ryve5085,이기적이다<br>본인애 있다고  애 안가진다는건,False,,0.0,0
@Haewonjjong,이둘이 찐주인공이다ᆢ,False,,0.0,0
@보라보라-b8d,따분하지 애도 없지  직장도 없지,False,,0.0,0
@보라보라-b8d,신여성인데  집에서 밥만 하고 있네?<br>직장도 안다니고 애만 안나면 신여성인가?,False,,0.0,0
@tomuranokatze6598,사기결혼 미화시키네 미친,False,,0.0,0
@menachemyang3353,써거망하게 하는 드라마~!  극본작가들 마음속에는 악마가 들어있다.  음란이 가득하고~!,False,,0.0,0
@섭이-y7s,다행 이네 긍정적이라.,False,,0.0,0
@JINI몽실몽실,ㅋㅋㅋㅋㅋ김원해 아즈씨 다시봤어ㅋㅋ,False,,0.0,0
@검도현우,맘 아프다,False,,0.0,0
@반짝단짠,이 드라마는 모든 캐릭터로 다 눈물을 나게 해주네 ㅠㅠㅠㅠㅠㅠㅠㅠㅠㅠㅠ,False,,0.0,0
@Coffebean-q1w,늙어가는 시대 여자 작가들의 희망이 많이 들어간듯. 한번 봤더니 죄다 애딸린 미혼모더만. 정상 가정은 한명있는데 그나마 남자가 범죄자.ㅋㅋ 90년대 전라도 김제가 저렇게 PC에 절여져 있었겠나. 하여튼 한국 사람들 죄다 정병 환자로 만드는데 티비가 압도적인 역할을 하고 있다.,False,,0.0,0
@끝의시작,현실에서 이렇게 속깊은 남자는 없어요 여러분 ㅜ ㅜ,False,,0.0,0
@오뚜기-n1h,귀여운 김해원 ❤,False,,0.0,0
@오뚜기-n1h,양들이 말을 못하면  약국에서  액을 사다가 맥여야지 ㅎㅎㅎ,False,,0.0,0
@krl3155,진짜 울었다 ㅠ<br>김원해씨 너무 좋아유<br>연기짱,False,,0.0,0
@주근깨빨강머리,멋지다 남편,False,,0.0,0
@혜란송-t5g,김 원해씨 같은 분 있음 결혼하겠네요😍🥰 우주같고 드 넓은 사랑입니다❤최고👍,False,,0.0,0
@비온후엔맑음,아저씨~~울리다 웃기면 오떻게요~~ㅠㅠ힝~~~,False,,0.0,0
@바람처럼구름처럼-j1k,"저거 하나 빼고 99%는 전부 욕했을거면서...<br>9번 못하다가 한번 잘하면 칭찬 듣고, 9번 잘하다가 한번 못하면 욕 듣는다더니...<br>댓글보니... 딱 그꼴인듯~<br>모두 칭찬 일색인거 보니... 알았을때 내쳐야 맞는데 내치지 않아서 칭찬하는건가?<br>남자가 멋지다니? 의사소통해주고, 다정다감하고,... 그런거 찾는 여자들이 99%인데...<br>99% 생활은 속에 있는 말 안하고, 까탈스럽운데... 큰 잘못했을때 좋게 넘어가줘서?<br>그런 큰일이 생길때 까지, 까탈스럽고 다정다감하지 않은 남자의 행동에 버틸수나 있으니신지?<br>뭐가 멋지다는건지?ㅋㅋㅋ 말은 멋지긴하네~",False,,0.0,0
@user-c9gsv73ls,아저씨가 너무 좋은 사람이라 더불쌍 ㅠㅠ 저런 좋은 남자를 불쌍하게 만드냐. 드라마라 그렇지 현실이었으면 혼인무효소송 걸릴만한 거짓말,False,,0.0,0
@김딸기-q9p,길동씨~~진짜 멋찐 남자네요.<br>연기 잘하십니다.,False,,0.0,0
@ee-yx4ok,연기 너무 잘해..ㅠ,False,,0.0,0
@jolyn-bn8es,진짜... 대장금의 민정호 다음으로 가슴을 울리는 남자 캐릭터다.....절절하네,False,,0.0,0
@박하영-x2j,찐따ㅡ남편인줄 알았더니<br>심성도 멋진남편 이었구만ᆢ극중 이지만 서도  찐❤심,False,,0.0,0
@오트밀-q6o,드라마라 가능한 남편ㅎ,False,,0.0,0
@medikim4473,"제가 김배우님을 완전 좋아하게 된 작품이 아주 예전에 히말라야를 오르던가, 아니면 산에 오르는 주인공의 산악인 선배로 출연하신 드라마에서 너무 연기가 가슴에 박혀서 완전 팬이 되었어요. 내공이 장난 아니셨음.. 열혈사제도 잘 보고 있습니다. 예전 인터뷰에서 황정민 배우와 가까워보여 황배우도 호감형으로 보였다는..",False,,0.0,0
@동석이네,"현실은 김병만, 이건 드라마일뿐",False,,0.0,0
@kkomasarang,원해님의 춤사위에 반했습니다 ㅎㅎㅎ,False,,0.0,0
@cheongmyongs,김성령 너무 이뻐,False,,0.0,0
@봄꽃-h5m,"김원해씨.<br>원래도 팬이었지만<br>완전 왕팬됐어요.<br>평생 당신하나로<br>부족함이 없었어~~~~<br>그동안 얼매나 맘 고생을 한겨.<br>하며 부인을 안아주는데...,<br>최고의 장면입니다.<br>대인배이십니다",False,,0.0,0
@공리-y1x,낼모레 환갑인데 소녀처럼 운다고 해서 울다가 <br>빵 터짐 ㅋㅋㅋㅋㅋ,False,,0.0,0
@니냐니뇨니냐니냐니뇨,"<a href=""https://www.youtube.com/watch?v=8h-tLI-d-00&amp;t=639"">10:39</a> ㅋㅋㅋㅋㅋㅋㅋㅋㅋㅋ",False,,0.0,0
@rich-z3k9w,김성령 어깨선도 너무이쁘다,False,,0.0,0
@아이캔두-c4l,약사님 짱,False,,0.0,0
@djckekdndjsek,저런남자 진짜 세상에 있나?,False,,0.0,0
@목화-h1o,이분 정말 큰상받으셨음<br>좋겠네요~^^<br>진짜 연기잘해요<br>김원해씨에게 축복이~^^,False,,0.0,0
@토토-y6v,이 드라마의 찐 좋은사람은 약사.,False,,0.0,0
@푸른나무-x6t,너무 감동입니다<br>김원해배우님 연기 미쳤습니다<br>엄청 울었네요😢,False,,0.0,0
@SUN-e5m,이런 남자와 <br>평생을 종이에 물스미듯  존경하며 사랑하며 살고싶으다,False,,0.0,0
@고은비-f3t,김원해 헤어스타일ㅋ<br>70년대 딱 그스타일.ㅋㅋㅋ,False,,0.0,0
@뿌리깊은나무-2002,낼모레 환갑인디 뭘 그리 소녀처럼 울어~~ 에서 빵 터졌음 ㅎㅎㅎ,False,,0.0,0
@ralee5952,내 애는 못낳아주면서 혼외자? 뭐지싶긴 할듯  날 사랑하지 않나 싶고 능력있으면 돈만 보고 왔나 싶음,False,,0.0,0
@StormBackHit,퐁퐁남 ㅠㅠ 그래도 와이프 와꾸가 김성령 아줌마 정도 되니까 뭐 퉁치겠는데<br>일반 동네 살 찌고 관린 안한 아줌마가 딩크족이라 해놓고는 혼외자인 거 숨겨 놓으면 와 보살들도 ssibal 소리 안나올 수가 없지<br>여기 이거 멋있다는 아줌마들<br>반대로 지 아들이 김원해 입장이라고 생각하면 아들 뚜드려팰 듯 정신머리 없냐고 ㄹㅇㅋㅋ,False,,0.0,0
@kazumiken4278,최고의 깊이 있는 사랑표현 이네요<br>요좀 이런사랑이있을까요,False,,0.0,0
@kazumiken4278,성령이누나 짱,False,,0.0,0
@비비-t9e,뭐냐.. 떡볶이 순대먹다 눈물 콧물 질질~~어흑,False,,0.0,0
@24j7_,눈물 미쳐ㅜㅜㅜㅜㅜ,False,,0.0,0
@spigip5467,암만 대본에 있어도 저 연기하기 시럿겠따 ㅋㅋㅋㅋㅋㅋ,False,,0.0,0
@sobegang9336,연기자는 연기자다. 춤 너무 잘춘다. 대상감 입니다,False,,0.0,0
@초이가으니,진짜  엉엉 울었어요<br>속깊은 남편 ᆢ만났어야 되는데ᆢ<br>진짜  담생에는  배려심있고 다정한 사람 만 나고 싶네요,False,,0.0,0
@달토끼김,빨간슬립입고 춤추는 장면<br>어찌 음막도 찰떡인지<br>저 장면 볼때마다 웃겨죽어요 ㅋㅋㅋㅋㅋㅋㅋㅋ,False,,0.0,0
@user-sz5gc2teusn,남자고 여자고 저런사람이 어디있나요? 신여성 어쩌고하더니 애낳고 입양보낸걸알았는데 그게 용서가 된다니...,False,,0.0,0
@일비-z7c,남주다 ㅠㅠ,False,,0.0,0
@김지윤-n4k,남편멋지다  정말 남자다<br>존경하고푼 남편이다,False,,0.0,0
@박경애-o5j,찐사랑~~김원해 배우님 여태 본 중에서 젤 멋진 모습,False,,0.0,0
@강민자-l4x,나도 다음에는 이런남자 만나서 이런 사랑 해야지.,False,,0.0,0
@가을하늘-r6f,약사선생님이 김원해씨구나!<br>연기를 너무 잘하셔서 팬 이예요<br>코믹연기는 익숙한데 이런 멜로는 낯설지만 연기는 정말 짱이네요,False,,0.0,0
@윤진-g5l,ㅋㅋㅋ 넘  ㅜㅅ겨 쵝오다,False,,0.0,0
@이나니-h2x,뭔가 맴 먹는데 걸리는게 나라면 그럴필요 없어.....,False,,0.0,0
@윤승기-l5p,김성령 시덥잖게 보는 표정하고 캐미가 진짜 좋아요 ㅎㅎ 정말 의외의 베스트 커플임,False,,0.0,0
@조경희-o6r,김원해 짱ᆢ멋져여.  어제 마지막 장면 넘 좋았어요.<br>상처있는 아내를 품어 주고 ^^♡♡,False,,0.0,0
@여자수메르,세상에 저리 맘이 큰남편이 또 있을까~~~<br>저런 커플 볼때면..<br>찐 사랑은 있는거구나..!!!♡,False,,0.0,0
@hyejeong4441,여자는 예뻐야 한다는것을 참으로 현실감 있게 표현한 작품. 애 안낳을거라 말하고 결혼 안할 생각까지 한 것 같은데 왜 애는 버림? 에휴.. 외국까지 입양가서 맘고생하면 산 자식은 무슨 죄인가. 드라마는 감동이지만 저런 현실은 있으면 안되지싶다.,False,,0.0,0
@managen12345,이쁘면 남자가 알아서 호구되더라. 난 이게 우스갯소린줄로만 알앗는데 내가 아는 사람이 마누라예뻐서 호구로 삼. 주변은 속터져죽고 남자부모는 술로 살고계심,True,@hyejeong4441,1.0,0
@lirryyoiu,대체 어떤 남편들이랑 살길래 판타지라 하는거임?? 다들 찐따랑 사나?! 와이프  배려해주는 남자들이 얼마나 많은데 다들 찐따남들이랑 연애하고 결혼하고 애도 낳아준거임?? ㅋㅋㅋㅋ,False,,0.0,0
@꽃님이-u7u,따뜻한 이런 드라마가 많이 나오길,False,,0.0,0
@유재민-j3k,사랑이란게 다른거라지만... 처음부터 사기친건디... 뭐 둘이 좋아한다면 상관 없는 거긴 하지만... 에휴 난 쉴드 못치겠음... 드라마니깐 감동적이겠지만 이게 현실이라면 하 제정신 못차릴거 같음...,False,,0.0,0
@AlbionHosi,이장면 정말 슬프던데.. 나도모르게 눈물을 훔쳤다능 ㅠㅠ... 진짜 남편 멋지다!!,False,,0.0,0
@박은정-s7y7i,이 드라마에서 반전으로 제일 멋있는 사람이었음 ㅎㅎㅎㅎㅎ,False,,0.0,0
@Empire56yuds,정말 저런남자가 남편이 있을까? 지금도 아니고 저때에??,False,,0.0,0
@최상은-s4z,너무 좋아하는 드라마! 사랑하는 멋진 두 배우😊<br>어제 많이 울었으ㅠㅠ,False,,0.0,0
@kongdol123,김성령 상대역으로 김원해 안 어울린다 생각했는데 이런 장면이 기다리고 있었구나. 김원해의 재발견. 이 역할을 더 잘 소화할 사람은 없을 듯. 어젯밤 엉엉 울면서 시청,False,,0.0,0
@MariaDominicaMazzarello-fo7fc,양들이 말이없으면 약국서 약을사먹이야지 그걸그렇게보고있어? ㅎㅎㅎㅎ,True,@kongdol123,2.0,0
@kongdol123,@MariaDominicaMazzarello-fo7fc  이게 무슨 말인가 하다가 뒤늦게 생각남 ㅋㅋ,True,@kongdol123,2.0,0
@서영민-c6i,대글이 무지성이라 작가고 피디고 아주 쌍으로 미친거지 ㅎㅎ그래서 TV이제 안봐 그러고 평생 살아 다들 ㅋ 팝콘먹으면서 너희 인생 들어줄게,False,,0.0,0
@skim5964,❤❤❤❤❤,False,,0.0,0
@서영민-c6i,미친것들이 은근슬쩍 또또 하는거봐  <br>이러니 파탄나는거다 왜 다들 찔려서 그러는거야?,False,,0.0,0
@naomikim7520,저 ‘당신 하나로 부족함없었다’ 장면 시청하다가 완전 눈믈 쏟았자나여,False,,0.0,0
@viewer1816,잘 생기진 않으셨지만 진심의 연기가<br>매력있어서 반할만 하다 연기지만,False,,0.0,0
@juhee7135,사랑은 이런것 같아요…한 여자를 사랑해서 그 여자의 모든걸 감싸주고 사랑하고 이해 하려는것..ㅠㅠㅠㅠㅠ정말 따뜻해요….😢❤,False,,0.0,0
@우종숙-g8g,아니 세상에 이런 남편이<br>있었군요~♡♡♡,False,,0.0,0
@wow3372,이런 남자가 있을까 남자가 진국이네,False,,0.0,0
@금전손재.성불,넘~멋지다. 남배우 님,False,,0.0,0
@안선남-e4u,늦등이 생겼으면...,False,,0.0,0
@최현미-m3m,"서로가 서로에게 부족한함이 없는 남편,아내이기를..",False,,0.0,0
@yurachoi8342,최고 남캐임,False,,0.0,0
@금뽕,죽은생선이래 ㅎㅎㅎ 😂😂😂😂😂😂,False,,0.0,0
@yun6146,사기 결혼을 미화 시켜놨네 ㄷㄷㄷㄷㄷㄷㄷㄷ 무섭다.. 진짜..,False,,0.0,0
@국악사랑,눈물 펑펑 ㅠㅠ 올해 명언..이 분 연기대상 주세요 ㅠㅠ,False,,0.0,0
@스마일감자-h4c,눈물나도록 감동받아습니다 ❤❤❤❤❤,False,,0.0,0
@희망-j3y,저런 남편을 만나는것두 복이다,False,,0.0,0
@김윤숙-n6i,김원해씨 연기 정말  잘 하신다!,False,,0.0,0
@완전잡동사니,ㅡ.ㅡ혼외자 속이고 결혼한것도 미화되는세상이야? ㅋ ㄱ ㄲ 깨웃기네,False,,0.0,0
@김미카-m6l,얼굴은 알았지만 <br>이름도 몰랐었는데 <br>이제 알았어요 <br>대기만성 연기자 시네요 <br>너무 멋져요 <br>김원해님 👍👏,False,,0.0,0
@얼리이슈,끝이 좋으면 다 좋은건가. 저 여자 이기심 하나에 평생을 피해본 남자가 둘 ㅋㅋㅋㅋㅋ,False,,0.0,0
@똑바로살아라-c7s,선재가 아부지 닮았구나❤,False,,0.0,0
@백서린-r2d,멋찐남자~,False,,0.0,0
@김정은-e3z3p,얼마나  울었던지~~~😂,False,,0.0,0
@plessta3834,김원해씨가  정말  이  케미  살렸네요 ~~,False,,0.0,0
@Kimmioeo,원봉아재가 남주다 멋지심 금희 원봉커플땜에 본다👍👍,False,,0.0,0
@JihyunYoo-uu3nj,뻔뻔하기가 하늘을 찌르네 혼외자 낳아놓고 정작 결혼한 남편자식은 낳기 싫다 댓글들 보니 우리나라여자들 진짜 이기주의들 많네,False,,0.0,0
@U-JIN-p3s,부럽다,False,,0.0,0
@이실시리,펑펑 울었다,False,,0.0,0
@감사와인내,연기일뿐인데.. 왜이렇게 감동받죠? 난 평생 당신 하나로 부족함이 없었어.. ㅠㅠ,False,,0.0,0
@user-lee1427,으앙 뭔말이여 감동스럽게<br>당신하나로 부족함이 없었다니,False,,0.0,0
@mixdogsky3512,정말 최고다❤,False,,0.0,0
@로또-w8y,잔잔한듯 잔잔하지 않은 소재의 재미있는  드라마...,False,,0.0,0
@진요준,대자  대비  은혜로운  지아비로다~!   시대의  흐름이  공감이  중요시 되는구나~!,False,,0.0,0
@miyao-pq7fj,현실이면 꼬실 때 애 안 낳아도 된다 하고 결혼하고는 태도 바꾸고 애 낳자고 들들 볶았을 듯ㅋ,False,,0.0,0
@마음-i3w,요즘보기드문 따뜻한드라마봐서 좋아요,False,,0.0,0
@송은주-c9z,여자가 이기적 장남한테 시집가면서 애는 싫다ㅋㅋ 애까지 있으면서 저건 사기지ㅋㅋ,False,,0.0,0
@대박난이여사,연기가 찰떡이네요~~<br>감동입니다,False,,0.0,0
@Smk-u1z,정말 감동이었어요<br>연기이기는 하지만 사랑이 뭔지 아는 남자~,False,,0.0,0
@김미설-n2m,와~~~~눈물나고 부럽당~^^,False,,0.0,0
@Ella-el,여잔 그냥 남자가 좀 받아주길 바라는 것 뿐이다. 그럼 여자는 자기 남자밖에 몰라요. 그렇게 마음으로 의지가 되면 좋겠는 것 뿐이예요.<br>큰 것 바라는 것 없음 사실,False,,0.0,0
@동석이네,현실은 제대로 설거지당한 남자.   지금 한국 여자들이 가장 원하는 어리숙하고 멍청한남자.,False,,0.0,0
@햇살나무-o7f,김성령 미모면 입 꾹하고 살듯<br>매일밤 코끼리는 기본,False,,0.0,0
@김명주-z8x,너무 이기적인여자<br>오직저만생각,False,,0.0,0
@동그라미-k9g,약사님...내가 지금까지 본 한드 남캐중에서 손에 뽑는 핵 벤츠인듯 진짜..최고의 남자다..,False,,0.0,0
@kim-gz5uf,혼인무효사유에 나중에 재산분쟁 생긴다고. 자기가족에게 저런일 생기면? 와이프에게 증여상속된 재산은 남편입장에서 관련없는 제3자가 꿀꺽.,False,,0.0,0
@juwoncha,난 말이여~평생 당신 하나로 부족함이 없었어ㅠㅠㅠ진짜  아내를 향한 최고의 사랑표현이고 찬사다ㅠㅠ,False,,0.0,0
@앵두야놀자-y3p,이분팬됐어요❤,False,,0.0,0
@Ralala7,김원해 배우님이 이렇게 로맨스가 어울리는 배우였다니ㅠㅠ 같이 울었네요!!!,False,,0.0,0
@qwert그,왠 드라마 보고 울컥 ~~저런 남편이 어디 있은꼬  ~~~♡♡♡♡♡,False,,0.0,0
@흑빠따,진짜 멋있다,False,,0.0,0
@mskim6896,이 장면 진짜 뻔하지 않아서 너무 좋았어요!,False,,0.0,0
@saesounkim9412,원해형 불상해,False,,0.0,0
@최지윤-x3y,가슴을 울리는 연기였습니다.❤😊,False,,0.0,0
@행복나무-q4p,난당신하나만으로부족한거하나없었어<br>밀려오는감동이사랑최고입니다❤❤❤❤❤,False,,0.0,0
@mayo0210,양들이 말을 못하면 약국서 약을....ㅋㅋㅋㅋㅋㅋㅋ😂😂😂😂😂😂,False,,0.0,0
@윤미숙-w9e,제딸아이가 딱 저런 남자. 만났으면 좋겠어요 완전 진국인 사람 얼굴이. 다가 아니예요^~^,False,,0.0,0
@윤정이-r1z,며느리가 저런 사연이 있다면 아들이?,True,@윤미숙-w9e,1.0,0
@user-skenruwowkwjwueoek,작가가 아가씨인가. ㅋ 저거 실제로는 사기결혼이고 이혼각임,False,,0.0,0
@별냥-m5r,과묵했다 진지했다 빵터지게 했다가<br>다정다감하고 진짜 한드라마에서 보여주는 다양한 얼굴!  정말 연기 대상감임!!!,False,,0.0,0
@hot-tweety,실제 였음 남자는 자기 자식도 못 가져보고 다 이해해 준 건데 알고 보니 혼외자도 있다 바로 소송해야지<br>그래서 당신 하나로 부족함이 없었다가 더 극적이게 감동인것 같음,False,,0.0,0
@늪에빠졌지,김원해님 최고 캐릭터 만났네요. 사랑 그 자체.,False,,0.0,0
@키마스터,딩크? 외벌인데 무슨 딩크~ 애만 안낳으면 딩크냐~~ 더블 인컴 노 키즈 딩크,False,,0.0,0
@알리오-z1u,호구니 뭐니 하는 댓글들 결혼은 해봤나 싶다ㅋㅋㅋㅋ부부사이 일은 부부만 알 수 있음.,False,,0.0,0
@earthdesign,사기꾼들만울고있네ㅋㅋㅋㅋㅋ속인게사랑이라,False,,0.0,0
@sonakbi9509,❤❤❤❤❤,False,,0.0,0
@쪽쪽맘-p7n,너무 로맨틱하자냥 세상에 저런남자가 있을까 ㅋㅋㅋ,False,,0.0,0
@밍이-l1m,정말 멋있는 남자다 <br>저런남자가 최고다,False,,0.0,0
@꽃길-z2i,부럽다 .. 금희 씨 ~~,False,,0.0,0
@빗자루-u1l,눈물남,False,,0.0,0
@vitkyung,저런 남자가 어딨어 없어 없어,False,,0.0,0
@이성희-b5s,진짜 연기력 찐인 배우이시네요 김원해님😊,False,,0.0,0
@야호-z2h3j,저렇게 애원해놓고.. 개무시 하고 살았다고? 😂,False,,0.0,0
@kyungheemin8460,애새끼도 싫고 양도 싫데 ㅋㅋㅋㅋㅋ,False,,0.0,0
@궁금해-g8y,범죄자들 빼곤 우리나라 남자들이 속정 깊은 진국들이 많아요~,False,,0.0,0
@써니-w4r,이게 사랑이지,False,,0.0,0
@북치는나르샤,김원해 찐사랑♡♡멋지다👏👏👏👏,False,,0.0,0
@keepitsimple9457,연기대상감이네...  멋진 연기 감사합니다.,False,,0.0,0
@가을에만나-d8i,이 와중에 박자도 맞아,False,,0.0,0
@오나나오나유,크으~~~~당신하나로 부족함이 없었대 ㅠ 이것이 투루러브가 아니고 뭣이여ㅠㅠ 원해형 연기대상주세요😢,False,,0.0,0
@naheekwon5929,믿고보는 김원해배우님 최고연기요👍,False,,0.0,0
@nyyotim1355,드라마라 그렇지 여자가 속이고 결혼한건데 남자 호구소리듣는다 이럴거면 김원해 아기도 하나낳지...,False,,0.0,0
@스토리하우스-l7r,요즘 열혈사재2에서도 넘 재미있어요.  😂😂 진짜 연기자,False,,0.0,0
@dowonjeon6104,방송가가 여자들에게 장악당했다더니.....정상적인 남자면 저상황에서 눈 돌아가지....남자들아 여자들 밖에서 남의 씨 싸질러도 받아주고 사랑해줘라 이거냐????,False,,0.0,0
@서정-h5u,그동안 주어진 배역이 없었을뿐 정말 대상감 준비된 연기자였군요😊😊,False,,0.0,0
@썬케이-m5x,드라마에만 존재하는 남자,False,,0.0,0
@정오아시스,저래놓고 나중에 성질나면 딴 말하는 남자도 있다,False,,0.0,0
@정오아시스,찐사랑이다 감동,False,,0.0,0
@poqopqo,진짜 명연기다…,False,,0.0,0
@Choo_D.S,왜밥먹는데 울려요 ㅠ,False,,0.0,0
@홍식조-z4u,처음부터 ㅡ<br>이상한거는 <br>첫단추를 두번째부터 <br>채우는거라 ㅡ<br>뒷끝이 안촣은 일이 <br>생길거라<br>각오하는게,False,,0.0,0
@까미-z2t,다수 여자들이 저런 남편처럼 해 준다면 원하는거 다해준다고 함..<br>근데 나는 이렇게 고한다..<br>나도 저렇게 해 줄 수 있다..<br>나에게 누가 올텐가??.?ㅜㅜㅜㅜ,False,,0.0,0
@양마루-b8v,70년대 가족의 장남.  모든것을 포기하고 몇십년을 살아온 남자의 인생은... 너무 슬프다. 진짜  울고 싶다.,False,,0.0,0
@Lang09,희생은 희생일뿐... 저 역할이 멋진 건 맞지만 그뿐이다. 저런 희생을 당연시여기거나 이해못하는 사람을 손가락질하면 안됨. 댓글에 현실에 저런 남자 없다 하는데 없는게 이상한게 아니고 있으면 멋진거다. 내 남편이 일도 안해 애도 안낳아 근데 혼외자까지 있음? 이혼이 아니라 초상난다 그날,False,,0.0,0
@wonderer262,저런 남편은 없다고 봐야합니다. 드라마는 드라마...너무 짠하다.,False,,0.0,0
@나나다k,그만큼 와이프도 잘했으니까!<br>서로서로 지켜주는거임!,True,@wonderer262,5.0,0
@wiscrutgersaustin,저런 남편이 왜 없어요... 세상에 좋은 부부관계를 유지하면서 몇십년씩 사는 사람들 아주 많아요.,True,@wonderer262,5.0,0
@나나다k,"@@wiscrutgersaustin 좋은 남편, 좋은 부인 많죠! 단, 같이 세트죠! 자기 아이를 낳지않겠다는데, 왜 결혼함,,, 정상적 가정에서 정상적 교육을 받은 남자가,,, 여자에 미쳤거나, 비정상적 사회루트를 밟고 있는 남자가 그럴 수는 없죠! 더군다나 저 시대에,,,",True,@wonderer262,5.0,0
@음-x7t,아내가 저러는데 남편이 저거보다 더하면 더했지 안그러면 이상하지,True,@wonderer262,5.0,0
@철이-s2v,저런 와이프도 없지요,True,@wonderer262,5.0,0
@whgdmsdl9821,"만약 현실이었다면 이미 이혼도장 찍고 쫓겨 났다. 남자가 혼외자 이러면 분노로 부들부들 거리면서 무슨 찐사랑이네 뭐네 웃시지도 않네. 드라마(여자들 판타지)라도 이건 한심하기 그지없다. 결국 남자한테 사기치고(난 처녀 입니다)입다물고 결혼한거잖아. 현실은 남자만 억울하게 이혼남 되고, 재산 분할 당해서 피 토했겠지. 저런 여자를 감싸 줄 호구남은 이 세상에 없다.",False,,0.0,0
@밀랍-q8f,남편이야 모든걸품어주는 멋진남편이라지만<br>여자는 미친건가,False,,0.0,0
@B612-z2t,ㅋ ㅋ청소 못하고 죽은 귀신…,False,,0.0,0
@까미-z2t,오늘밤에 코끼리 소리 밤새도록 울리겠구먼~~~~~ㅎㅎㅎ,False,,0.0,0
@이금희-u2r,드라마는 드라마일뿐 현실에서는 큰 일나는 범죄입니다.  사람을 속이고 거짓말 해도 정도가 있지!혼인 무효 사유로 충분합니다. 미리 말을 하고 양해를 구하는 정직과 솔직이 사랑의 시작입니다.,False,,0.0,0
@봉순-n9d,당사자가 괜찮다잖요,True,@이금희-u2r,1.0,0
@채송화-c1b,이게 사랑이다 싶다.,False,,0.0,0
@박영미-f9q,올해는 김원해씨 해인가요....<br>열혈사제에서도<br>아주 그냥....,False,,0.0,0
@이형주-w1o,이런 남자가 있을까? ㅠㅠ<br>유니콘 이네요...❤,False,,0.0,0
@rapha-p2e,김원해 배우님 여기서 넘나 넘나 호감인거 아시쥬? 빨강 란제리 입어도 멋쩌유,False,,0.0,0
@이현순-u6s,어제 너무 감동받았어요~~<br>저런 반응할 남편이  몇명이나 있겠어요?,False,,0.0,0
@carpe-diem1,ㅜㅜ 너무 감동이네요,False,,0.0,0
@김현주-f4r3c,김성령 남편이 왜 김원해인가 이해가 됨.,False,,0.0,0
@yunjeongpark8707,세상에 이런 남자 없어요ㅠㅠㅠㅠ,False,,0.0,0
@율쯔-g4j,김원효 아저씨 쥐롤라 하시면 잘어울리실듯..,False,,0.0,0
@josephj204,으아 당신 하나로 부족함이 없었어 으아~,False,,0.0,0
@izu-ht7ew,남녀 반대였으면  남캐 쓰레기 ㅇ라고 난리엿을듯,False,,0.0,0
@대장님-t6h,요즘 다문화 여자들 한국남자 돈만 다 뜻어먹고 도망가는거 보다 이런 남녀 보니 정말 눈물난다,False,,0.0,0
@세쇼마루-s5x,근 비중이 없을줄 알았는데 김원해씨의 연기가 더 감동입니다,False,,0.0,0
@이순옥-f1i,최고 의 남편입니다   이런사람 있을까,False,,0.0,0
@tjdwn85,최고의 남편,False,,0.0,0
@Lee-ok2qp,근데 딩크랑 결혼전 출산이랑 무슨관계죠? 첫출산때 잘못돼서 임신을하지 못하게된건가...,False,,0.0,0
@peachreal,사랑에 배신 당해서 사랑도 믿지 않고 결혼도 하지 않으려고 애 안낳겠다고 선보러 나가서 꼬장부린 거죠<br><br>그런데 약사님이 진심이시니 마음이 변해서 다시 애 낳으려고 혼자 몰래 불임클리닉 다녔던 걸로 보이네요,True,@Lee-ok2qp,2.0,0
@peachreal,첫 출산이 잘못되어서 불임이 된 것도 맞는 듯해요,True,@Lee-ok2qp,2.0,0
@attractive7777,와... 아주머니들 진짜 너무들하신다... 좋은남편이라니...<br>님들 아들이라고 생각좀 해봐라...<br>죽이고 싶을껄? ? ? <br>왜 이리 다들 생각들이 ....,False,,0.0,0
@hyejinkim6908,아닌데?,True,@attractive7777,3.0,0
@peachreal,뭐래 아들이 행복하면 된다<br>모든 기준은 행복임<br>트랜스젠더도 이해해 주는 세상인데,True,@attractive7777,3.0,0
@attractive7777,@@peachreal 네 님 아들 계곡갈래 은해 같은 녀자 만나서 전재산 다 퍼주고 라며노살돈도 없이 은해한테 돈만 대 주다 죽어도 아들만 행복하면 되는군요...<br>파이팅입니다~~~,True,@attractive7777,3.0,0
@hellohyel,최고의 남주다ㅠㅠ❤,False,,0.0,0
@진주타임,연기 지인짜   잘혀  ㅋ,False,,0.0,0
@이현오-j9r,그놈의 코끼리 울음소리 ...... ㅋㅋㅋㅋㅋ,False,,0.0,0
@바겨사-i8z,"<a href=""https://www.youtube.com/watch?v=8h-tLI-d-00&amp;t=1060"">17:40</a> 난 평생 당신 하나로 부족함이 없었어❤",False,,0.0,0
@주사랑-d8d,남편 멋지다<br>김원해배우 연기너무잘함❤❤❤<br>열혈사제서도 너무 재밌음,False,,0.0,0
@이선영-f4q9t,진짜 사랑의바보야 멋진사람,False,,0.0,0
@옵션之王,김원해 붕대 감고 병상에 있으니까..도봉순이 떠오른다..ㅋ,False,,0.0,0
@이경미-o9u,진짜 찐사랑<br>이런게 진짜  사랑 이죠,False,,0.0,0
@getyeah1350,딩크가 double income no kid 인데 심지어 딩크도 아님… 혼자 벌기 때무네…진짜 찐사…아내바보.. 아내바라기…,False,,0.0,0
@managen12345,맞지..딩크는 더블인컴인디..,True,@getyeah1350,1.0,0
@moonloverpark1068,세싱에 이런남자가 존재할까! ㅜㅜ 진국이다,False,,0.0,0
@player.king.,드라마가 한녀들 베리는 아주 좋은 예시구만ㅋㅋㅋㅋ<br>저게 사기결혼이지 뭐냐?ㅋㅋㅋ,False,,0.0,0
@대한민국사랑해-z2n,눈물이😂😂😂,False,,0.0,0
@오지영-l4y,진정한 사람남자 !!<br>올만에 완전한 인격체의 남성상을 보는거 같아요.<br>흐뭇합니다.😊,False,,0.0,0
@murpyyun4413,1967년생중에서 가장 예쁜사람이네요......,False,,0.0,0
@A.mazing.sharonni,ㅠㅡㅠ,False,,0.0,0
@김지훈-j5l6i,현실판 고길동 아저씨~😂,False,,0.0,0
@카드값줘체리-t8h,"지금 시대에도 최고의 남편인데, 드라마 시대상 생각하면 정말 최고의 남편임.",False,,0.0,0
@최점순-d5z,진정한 남편이네,False,,0.0,0
@내보물타니,저런남편이 몇명이나있을까요?<br>아내를이해하고. 아껴주는남편ㅜㅜ부럽네요<br>.&quot;당신하나로부족함이없었다&quot;<br>올해의 최고의 명언같네요.,False,,0.0,0
@wow3372,없을듯요,True,@내보물타니,5.0,0
@홍-o4t,​@@wow3372내주위엔 많지 않아도 종종 보이던데 그쪽 주변은 없나봐요..,True,@내보물타니,5.0,0
@볕뉘-i9d,@@wow3372 딩크족 여성들이 만들어낸 이상향 ㅋㅋㅋㅋ,True,@내보물타니,5.0,0
@IIIIIIlIIlIIlIIIIIIl,아줌마 정신차려,True,@내보물타니,5.0,0
@내보물타니,@@IIIIIIlIIlIIlIIIIIIl 네~~ 이미정신차렸어요. 아저씨~~^^,True,@내보물타니,5.0,0
@lovely07i,아저씨 너무 멋지다,False,,0.0,0
@해바라기-s2v,최고의 남편이네. 찐사랑이여,False,,0.0,0
@논현동식충이,너무 멋있다,False,,0.0,0
@ravelysk7608,뭐 이런 찐사랑이 있어 😢,False,,0.0,0
@야짜-p2n,김원해   짱    연기력   짱,False,,0.0,0
@김우정-l1g,이런 남자가 세상에 어디있을까?,False,,0.0,0
@김란희-h9x,좋은사람..감동!,False,,0.0,0
@아자-w2q,엄청 울었네요.그냥 눈물이 줄줄. ..  올해 연기대상감입니다,False,,0.0,0
@라떼-c6x,드라마니까 가능함ㅋㅋㅋ,False,,0.0,0
@신정희-d4r,이런 남편 갖고싶다~<br>마음이 바다같네❤❤❤,False,,0.0,0
@늪에빠졌지,없어요 ㅜㅜ,True,@신정희-d4r,2.0,0
@다현-m4k,@@신정희-d4r <br>만날 거에요~,True,@신정희-d4r,2.0,0
@누렁이-i6p,코끼리소리 나올때마다 웃껴증말~~😂,False,,0.0,0
@거기에있다,이 정도면 김원해님이 남주?   너무 멋있다 ㅠ,False,,0.0,0
@EHK-id6gl,"동감입니다, <br>그 옛날인데",True,@거기에있다,1.0,0
@gumiho79kr,저런 남편와 결혼한 사람은 전부을 가진거지... 세상을 얻었네...지금부터라도 자식한테 못해준거 해주면 되지...,False,,0.0,0
@IlllllIlllll11,약국아재가 진정한 상남자임 넘멋지다,False,,0.0,0
@김금옥-g9g,김원해 천의 얼굴을 가진 연기자! 어떤 역할을 맡아도 찰떡같이 소화합니다.정말 그 시대를 살았던 시골 약사처럼 연기가 너무 자연스러워요. 올해 연기대상은 무조건 김원해!❤,False,,0.0,0
@헌재파이크,드라마에나 있나요?<br>이런남편은 ㅠ<br>거지같은 인간과 사는 아지매가,False,,0.0,0
@커피조아앙,웃음만 줄줄 알았는데 감동까지 줄줄아는 김원해 배우님 ㅠㅠ 앞으로도 많은 작품에서 보고 싶어요❤,False,,0.0,0
@운수대통-z4t,신여성  어제 실망<br> 안볼래 애낳고 남편 기만하고이런남자없음<br>드라마는 드라마일뿐이네<br>멋지다는 댓글은 전부 여성분댓글,False,,0.0,0
@Lang09,같은 여잔데도 이해가 안되네요 ㅋㅋ... 옛날에 시집가셔서 서러운일 많으신 분들이 감동받으시나봐요...,True,@운수대통-z4t,1.0,0
@monlight1127,이드라마<br>최고다,False,,0.0,0
@user-20038,"붉은 슬립 입고 댄스하는 장면, 볼 때마다정말 빵빵 터집니다. ㅋ",False,,0.0,0
@dulreekang7841,ㅎㅎㅎㅎㅎ 😆,True,@user-20038,2.0,0
@최마리-h9l,힘 쎈 여자 도봉순 보세요. 배꼽 잡아요~😂,True,@user-20038,2.0,0
@baldae4774,얼른 점심 차려 배고파 😅<br>예전 어르신들 모습,False,,0.0,0
@나무-t7s,"ㅋ 양이 말을 못하면 약국에서 약을 사다먹여야지. 사람들이 그걸 구경하고 있어. 이거 애드립 아닐지. 그런데, 무식한 답이긴해도 약사의 따뜻함을 표현한 대사같기도.",False,,0.0,0
@영인이-q6n,아~ㅋㅋㅋ,False,,0.0,0
@채은사랑-w2c,김성령씨 울신랑이 엄청난 팬이라 살짝  얄미웠는데 왜 팬인지 알겠네요ㅋ여자가 봐도 나이도있으신데 어쩜 저리 아름답고 예쁘신데 연기도 잘하시는지 보면서 저도 팬됐어요😊,False,,0.0,0
@peachreal,왜 얄미워요 보는 눈이 높으신건데😊,True,@채은사랑-w2c,1.0,0
@lucky덕호,멋진남편 ᆢ역활 연기 너무잘해요,False,,0.0,0
@StomachTerrorist,"<a href=""https://www.youtube.com/watch?v=8h-tLI-d-00&amp;t=661"">11:01</a> 약사님은 안입었지만 김원해는 입었다.",False,,0.0,0
@오현정-x2s,ㅋㅋ ㅋ~그러니까,True,@StomachTerrorist,1.0,0
@야뀨99야뀨99,김원해 배우님 연기 ㅠㅠ 진짜 멋져요 ❤,False,,0.0,0
@채은사랑-w2c,김원해씨 나오는 드라마는 항상 원픽~~꼭 연기대상받으시길 기원합니다,False,,0.0,0
@여유-t3e,어제 이거 보고 눈에서 홍수 낫다 ㅠㅠ뿌엥~~~<br>김원해~원해요❤,False,,0.0,0
@김정수-k6l,내공있는 연기력으로<br>드라마를 이끌어 나가네<br>멋진남편 우아한 신여성<br>휼륭한 커플❤❤❤❤❤,False,,0.0,0
@김정수-k6l,이분 정말 괜찮은 남편이네요,False,,0.0,0
@daehyeoklee4473,이런 공상과학같은 드라마가 나오니까 나라가 개판나는거다.,False,,0.0,0
@mylove.717,정년이 보고 안울었는데 이드라마 보면서 울었네요 지난주에는 영복씨때문에 엄청 울었는데 이번주는 약사님이 저를 울리네요,False,,0.0,0
@everth829,감동 받아서 많이 울었어요<br>두 배우님 참 멋지세요<br>어쩌면 그렇게 절절이 연기를 잘 하시는지요  ㅠㅠ,False,,0.0,0
@jaturi_youtube,대정말 멋지고 훌륭한 배우자네요,False,,0.0,0
@쏘리-k1z,이 드라마 판타지 장르였어?,False,,0.0,0
@전으뜸-m3h,김원해. 도봉순에서 연기가 진짜 짱이었다. 게그맨보다 훨씬 웃겼다. 최고의 배우~~,False,,0.0,0
@무명인-o8y,🐑이 말을 못하면 약국에서 약을 사다 맥여야지~~^^~~맞는 말~~^^~~,False,,0.0,0
@루벤-k6h,한국 퐁퐁남 케릭이네,False,,0.0,0
@NaRi_2023,"으레 짐작했으면서, 내색도 안했던 약사님😊❤❤❤ 찐사랑😊❤ 맴찢 감동",False,,0.0,0
@골드골드-k3e,김원해 자기애도 못낳고 불쌍타,False,,0.0,0
@NaRi_2023,약사님😊❤  있을때 잘해유~~,False,,0.0,0
@웃깁니다,눈물난다,False,,0.0,0
@cice3495,저런 남자가 어디 있을까 싶네요. 연기가 물오른다는 게 어떤 건지 절로 알게 되네요. 애 안 갖겠다는 여자 첫눈에 반해 숨긴 애 있는 것까지 맘으로 이해해주다니,False,,0.0,0
@유주나-i2c,아니 배우자를 속였는데 저게 이해해줄 일인가?드라마 수준이 한심하네요..,False,,0.0,0
@NaRi_2023,진짜 약사에 진짜 그런 거시기 남편 같아요~😂😂😂😂😊❤,False,,0.0,0
@언젠가는꼭-z4o,나의 최애배우❤,False,,0.0,0
@Carol12257,"김성령 배우님,너무 예쁘시다❤❤🎉",False,,0.0,0
@NaRi_2023,양들의 침묵 ㅋㅋㅋㅋㅋㅋㅋㅋㅋㅋㅋ 😊❤😂😂😂😂,False,,0.0,0
@NaRi_2023,신여성 산다는거 힘들쥬😊❤,False,,0.0,0
@NaRi_2023,신여성~  좋아유~~😊❤,False,,0.0,0
@coolh-9423,오랜만에 드라마보다 울었네. 이 아저씨가 날 울릴 줄 몰랐다ㅠ,False,,0.0,0
@온달-f8d,남자가 너무 슬프다.. 장남이 모든것을 포기하고 사랑했는데 .....,False,,0.0,0
@myy2464,ㅅ룐 미화 ㄷㄷ  남여 바뀌었다면 온갖비난이 ㄷㄷ,False,,0.0,0
@luciea69,퐁퐁남으로 결국..<br>나쁘다<br>한 남자의 진심을 유린했으면서,False,,0.0,0
@chanjuicy9292,김원해 배우가 대배우로 가는 계기가 되는 드라마다!!!!!!!!!!!!!!,False,,0.0,0
@TT-o3j,찐이다 ....,False,,0.0,0
@Leeberry221,올해 커플상,False,,0.0,0
@도도밍키이야기,사랑이다..진짜,False,,0.0,0
@ooooo-p1f,인류의 기원 이후로 이제까지 딱 한 사람. 가상의 인물.,False,,0.0,0
@하미숙-t1b,속터지게 만드는 남자지만 깊은 사랑이 있네요. 사모님이  주관이 뚜렷...ㅎㅎㅎ,False,,0.0,0
@형열김-l5i,능력있는데 뭐가 아쉬워서 현실엔 이런남자없심더  ㅋ,False,,0.0,0
@jh-nb2st,많이 다르지만<br>제 남편을 보는것 같아요<br>맘에 안드는데 저래요,False,,0.0,0
@sseulegi,이 사람이 남주다!!,False,,0.0,0
@mars4684,맞아요!,True,@sseulegi,3.0,0
@Kikky-t8k,ㅋㅋㅋ 인정,True,@sseulegi,3.0,0
@IIIIIIlIIlIIlIIIIIIl,아줌마 정신차려😂,True,@sseulegi,3.0,0
@모래요정바람돌이-p3q,머시따,False,,0.0,0
@user-lightsoul,이른아침부터 울었네요,False,,0.0,0
@nilee8819,성형안한게이쁜데,False,,0.0,0
@heavenland421,올해 연기대상 김원해 ~~~🎉🎉🎉🎉,False,,0.0,0
@영순이-d8o,눈물이~나도<br>모르게. 흐르네~요~~,False,,0.0,0
@Lee빛나는,신여성은 자기자신의 커리어 없이 약사 남편의 경제력에 기대어서 유한마담으로 살진 않죠.,False,,0.0,0
@44ier-554ffvd,극중 나이로 따지면 저 커플 1940년생일텐데 그시절에 애 안낳기로 합의하고 결혼한거 자체가 신여성 맞습니다 ㅋㅋㅋㅋㅋ 2024년의 시각에서 해석하는거 자체가 모순인거예요,True,@Lee빛나는,2.0,0
@olycho7656,결혼 안하려고 신여성 어쩌고 한거죠,True,@Lee빛나는,2.0,0
@돈안건,남의 씨는 받아도 나의 씨는 버리것다.....???,False,,0.0,0
@물방울-h8d,드라마 주 시청자가 여자라서 이렇게   만들었겠지만 반대로 남편이 애 숨기고 총각인척하고 애는 안낳겠다고 몇십년 속였으면 사기 결혼이라고 세상 죽일 인간됐겠지  와이프가 남편 힘들었겠다고 이해하고  안아주는 상황으로 묘사할수있었을까,False,,0.0,0
@user-wldkdTRgwdlTsp,현실은 저 시대에 혼외자 만든 한국 남자들 수두룩했다 집에 첩데리고오고 그랬다,True,@물방울-h8d,5.0,0
@hyejinkim6908,시대가 남자여자 처지가 달랐는데 그렇게 똑같이 적용해서그게 말이 되는지 아냐 ㅋ,True,@물방울-h8d,5.0,0
@peachreal,애초에 여성은 애를 가진 걸 숨길 수 조차 없고 회피할 수도 없음<br>게다가 출산 자체가 신체적 정신적으로 큰 데미지이자 트라우마임<br><br>반면 남성은 티도 안나니까 애낳고 모르쇠가 별 타격도 아닌거고<br><br>그 차이가 있는거지<br>아무렇게나 비유한다고 다 되는 줄 아나,True,@물방울-h8d,5.0,0
@peachreal,그리고 님이 언급한 드라마도 수두룩한 걸로 아는데 ㅋㅋ<br>남편이 본인 자식인 줄도 모르는 혼외자 어느 날 갑자기 등장해도 잘 키워주는 드라마<br><br>참좋은 시절 옥택연도 그랬고<br>보석비빔밥같은 임성한 드라마들에 많이 나옴,True,@물방울-h8d,5.0,0
@mmmcck1225,실제로 혼외자 많았어요<br>결국  밝혀지더라고요<br>그렇다고  다들 이혼하진 않았죠,True,@물방울-h8d,5.0,0
@Goorigoori123,신여성으로 산다는 것이 너무 이해불가 캐릭터였는데….,False,,0.0,0
@케이드나이트,옆집에선 신부님돕는 착한남자,False,,0.0,0
@주희한-q1c,이~남자머 야  진짜연기대상감이네~아~명대사  나한태부족한없는사람이여~👍,False,,0.0,0
@bonumami,🐑들의 침묵😂😂😂,False,,0.0,0
@sukink5093,감동 감동  김원해  원해요❤❤❤❤❤❤,False,,0.0,0
@user-nq2zs8cm7i,싱글맘도 부잣집 도령이 죽고 못 살고<br>애 있는 이혼녀도 능력남이 좋아하고..<br>아무리 드라마라지만<br>주조연 모두 이런 설정은..<br>너무 하다 싶었는데..<br>이번에 김성령 숨긴 자식 스토리까지..<br>잘 포장했지만 그 시대 퐁퐁남들 얘기라고 밖에는.,False,,0.0,0
@mago8522,여자는 걍 이쁘면 된다를 표현한듯,True,@user-nq2zs8cm7i,6.0,0
@hajinpyeon5469,남자는 여자 외모가 관심사고<br>내면은 관심 없다 - 후원  00성형외과-<br>성매매 아니고 배우자를? 돈 떨어지면 자다가 죽을 것 같은데? ㅎㄷㄷ,True,@user-nq2zs8cm7i,6.0,0
@wonderer262,이 시대엔 퐁퐁남이란 말조차 없었는데 무신,True,@user-nq2zs8cm7i,6.0,0
@user-nq2zs8cm7i,며느리가 이랬어도 아들 찐사랑이라고 찬양할라나??,False,,0.0,0
@hyejinkim6908,그럼,True,@user-nq2zs8cm7i,6.0,0
@suheekim313,저 두사람 상황만 보고 감동받은거지<br>뭘또 시엄니 까지 끼워넣나요<br>걍 드라마는 드라마로 즐기시길,True,@user-nq2zs8cm7i,6.0,0
@hyejeong4441,저런 며느리는 안얻고 싶겠죠 당연히.,True,@user-nq2zs8cm7i,6.0,0
@칭낫흔비낫흔,"<a href=""https://www.youtube.com/watch?v=8h-tLI-d-00&amp;t=697"">11:37</a> 여자들 모가지에 두르는거  ㅋㅋㅋ 스카프 ㅋㅋㅋ<br><a href=""https://www.youtube.com/watch?v=8h-tLI-d-00&amp;t=957"">15:57</a> 속 깊은 사람이다.",False,,0.0,0
@김옥주-i1c,오늘 보면서 눈물이 주루룩~<br>김성령씨 어찌그리 연기를 잘하나요<br>김원해씨도요~<br>연말에 상 타시길요^^~😂😂,False,,0.0,0
@seongirum,사기 결혼 인데,False,,0.0,0
@존넨쉬름-l9w,난 말여 평생 당신하나로 부족함이 없었어<br>나 ... 오열 했다,False,,0.0,0
@ajb287,김원해씨 멋있어 보입니다;;,False,,0.0,0
@Jyoung-j5f,김원해를 좋아하게되었다.,False,,0.0,0
@june8183,남자의 희생은 멋진거라고 가스라이팅하고 여자의 희생은 안타까운거라고....,False,,0.0,0
@user-cz8xm2hx7s,"진국이다,,,❤",False,,0.0,0
@포리맘,죽은 생선 같대요 ㅋㅋ,False,,0.0,0
@op-pp4le,난 말이야 여보~ 평생 당신 하나로 부족함이 없었어~~~,False,,0.0,0
@산지기-p6f,저토록 행복한 또 여자가 있을까?,True,@op-pp4le,1.0,0
@withcello7950,저런 남자 있으면 시집가고 싶다,False,,0.0,0
@Jeong-eun,나두,True,@withcello7950,2.0,0
@mmmcck1225,문제는  판타지 속 남자라는거,True,@withcello7950,2.0,0
@박혜정-p9v,저렇게 눈이 부어도 이쁘시네요<br>이커플 늦둥이 생겼으면 좋겠어요,False,,0.0,0
@산티아고박,어제 늦둥이 없이 끝났어요~ ㅋㅋㅋㅋ<br>어떻게 늦둥이 가져요?<br>시즌2하면 몰라도~,True,@박혜정-p9v,3.0,0
@Oliviaoo622,드라마 설정상 곧 환갑이에요,True,@박혜정-p9v,3.0,0
@victoriajo8467,낼 모레 환갑이래요 ㅋㅋㅋㅋㅋ,True,@박혜정-p9v,3.0,0
@Fanjiefpougqwdzguhn,남자 입장에서 이혼해도 될 정도의 비밀인데 엄청난 큰그릇의 사람인듯,False,,0.0,0
@하이브처돌이-x6f,지금시대상 기준으로 실제라고 해도 거의 없음 저런남자,True,@Fanjiefpougqwdzguhn,5.0,0
@doldiddims,드라마니 가능한거임,True,@Fanjiefpougqwdzguhn,5.0,0
@황재민-c3f,새로운 남성성.,True,@Fanjiefpougqwdzguhn,5.0,0
@현이-n4h,저게 남성이지😂,True,@Fanjiefpougqwdzguhn,5.0,0
@guojvfghjfthbhgv,​@@현이-n4h....? 이건 무슨 소리,True,@Fanjiefpougqwdzguhn,5.0,0
@담께Kathy,우와 펑펑 눈물 쏟음요,False,,0.0,0
@김대희-g6w,잘 포장된 퐁퐁이 양산형 드라마 ㅋㅋㅋ 찐사랑 ? 그런 뜨뜨미지건한게 이세상에 있기나 있나?,False,,0.0,0
@윤리즈-j7t,대희야  너 사랑해보고 사랑 받아본 적 없지,True,@김대희-g6w,1.0,0
@봄뜰-f7c,이런 남편이 있을까요.. 오늘따라 많이 웁니다..,False,,0.0,0
@Tanghuru888,"야...., 진짜 남편도 부인도 그동안 참 서로에게 엄청나게 잘해줬던 모양이네요.... <br>시작은 남자쪽에서 사랑해서 시작해도, 극중에서는 어떤식으로 묘사가 되는지 모르지만, 같이 살아온 시간이 30년이 넘어가면 여자쪽에서도 남편한테 잘했어야 저런 결말이 나올 수 있죠....<br>정말 현실에서 저런 부부가 계신다면, 정말 인생참 품위있게, 아름답게 살아오신거 같다는 생각을 해봅니다.",False,,0.0,0
@김숙희-c1f,여자는  이기적이다,False,,0.0,0
@경-k2x,이런 좋은 남편이라면 닮은 아이 하나 낳아 줬어야죠~~<br>안 생기는거면 몰라도 <br>딩크는 넘 이기적 이잖아요~<br>원봉아저씨 불쌍,False,,0.0,0
@peachreal,낳으려고 시도한 것도 드라마에 나와요<br>형사가 불임클리닉 다닌 기록 때문에 본인 친모라고 생각안했다고 함,True,@경-k2x,1.0,0
@Yang_eui_ji,당신 하나로 부족함이 없었다........<br><br>진짜 내가 평생 들어 온 말 중에 최고인듯,False,,0.0,0
@신의한수-w3r,와 진짜 멋진 남편이다,True,@Yang_eui_ji,5.0,0
@lovesong3411,울컥...너무 감동적인 남편의 한마디...,True,@Yang_eui_ji,5.0,0
@attractive7777,@@Yang_eui_ji아주머니... <br>꼭 최고 멋진 아들로 키워서 저런 여자 만나서 저런말 하라고 하세요~~~,True,@Yang_eui_ji,5.0,0
@재옥-p2m,왜요?  내아이 잘 키우는건 부모된 도리이고 이아이가 잘 커서 정말 사랑하는 사람 만나 사랑하는이에게 그런얘기 ​하며 행복하게 살면 더없이 좋을것 같은데@@attractive7777,True,@Yang_eui_ji,5.0,0
@attractive7777,@@재옥-p2m 애가 있었는데요???<br>남의 새끼 낳아놓고 종손집에서 애도 안낳고 ???  놀고 먹고??<br>행복??? 그게 행복???<br>아주머니도 과거가 더티하신가보네...???<br>그러니 감정이입이 되는가보다...,True,@Yang_eui_ji,5.0,0
@diyuanpiao4770,눈물 나게 귀한 사람이다.,False,,0.0,0
@쩨니-s4v,진짜 너무 괜찮은 신랑이다..,False,,0.0,0
@bryanj3521,바깥에 다른 자식 낳아놓고 키우고 있었어도 진정한 사랑 이럴까 싶네. ㅋㅋ,False,,0.0,0
@하루-y3x,연기상 꼭 줘라 김원해씨,False,,0.0,0
@an-lg7lz,진짜 대상 줘야대요,True,@하루-y3x,5.0,0
@kkakka-s9b,이름도 金원해,True,@하루-y3x,5.0,0
@토리맘-d2o,대상 꼭 주셔야합니다 김윈해님<br>진짜 어쩜 저런 연기자가~~!!bb,True,@하루-y3x,5.0,0
@별냥-m5r,진짜 연기 대상감임!!!!!,True,@하루-y3x,5.0,0
@wonderer262,김원해님은 매 순간 매 드라마마다 진심으로 진정성 있게 연기하시는 분이에요,True,@하루-y3x,5.0,0
@river-e3y,출연료 내고 출연하라고 했던 것을 사과합니다. 모든 것이 최고였고 아름다우시네요.,False,,0.0,0
@coolh-9423,헉! 어떻게 그런 말을,True,@river-e3y,4.0,0
@까미-z2t,저 약사 남푠이 그렇게 아름답나요??,True,@river-e3y,4.0,0
@레비아탄-z8c,​@@까미-z2t ㅋㅋㅋㅋㅋ,True,@river-e3y,4.0,0
@오뚜기-n1h,​@@까미-z2tㅎㅎㅎ,True,@river-e3y,4.0,0
@유로-q8n,눈물난다,False,,0.0,0
@itube1986,당신 하나로 부족함이<br>없었다는 말 참 멋진것 같아요…  내가 남편이였음 진즉에 아기옷 보고 부들부들했음.,False,,0.0,0
@하루10분영어-q8f,나는 사시사시,True,@itube1986,4.0,0
@블베-z5i,엄마는 그리고 30년만에 만난 아들이 데려온 여자가 미혼모인걸 알고 결혼을 반대하는데...,True,@itube1986,4.0,0
@송이민-b7c,​@@블베-z5iㅋㅋㅋ,True,@itube1986,4.0,0
@ekma80,​@@블베-z5i미혼모가 아니고 이혼녀,True,@itube1986,4.0,0
@vincero-n9z,죽은 생선😅,False,,0.0,0
@선녀장경희,우리남편같다<br>속 넓고 깊은게~❤,False,,0.0,0
@stella7-t9y,부럽네요,True,@선녀장경희,4.0,0
@20in22,너무 보기좋네요❤,True,@선녀장경희,4.0,0
@저아줌마,저러시다고요? 남편분이?,True,@선녀장경희,4.0,0
@김우정-q5u,공감! 낵 않하는 남편 많음!,True,@선녀장경희,4.0,0
@이-q6x-p9f,아니.......................남주가 여기 계셨어요.........................................ㅜㅜㅜ,False,,0.0,0
@임쓰-m5w,현실에선 이런 남자 찾기 힘들듯요...,False,,0.0,0
@은숙정-x9v,없겠지요.,True,@임쓰-m5w,5.0,0
@감자엄마-x5n,드라마에만 있는 남자,True,@임쓰-m5w,5.0,0
@jamongk9723,그렇죠.만약에  있더라도 저런 인성의 남자는 결혼하기 힘들지 않을까요?,True,@임쓰-m5w,5.0,0
@raa6250,그래. 맨날 점심 집밥 해줄 수 있겠다 남자분 최고 ~ 드라마 남주 네요 💓,True,@임쓰-m5w,5.0,0
@Thfdkiiygbgh,현실에선 여자도없지요,True,@임쓰-m5w,5.0,0
@seolinji,양들이 말을 못하면 약을 사다 먹이래 ㅋㅋㅋㅋㅋㅋㅋ,False,,0.0,0
@dedysokgni7735,너무 웃김~ㅍㅎㅎㅎ,True,@seolinji,1.0,0
@엘리-u4t,이 남자 정말 멋지다,False,,0.0,0
@user-jx6ym3tg4b,저런남자 없음 ㅠㅠ,False,,0.0,0
@서주우유-q5f,저게 무슨 찐사랑임 ? 일방적인 사랑이지 김성령이 언제 남편을 위해 남편 만큼은  아니더라도 자신의 고집을 꺽은적 있음 ?  전부  김원해만 양보하고 김원해만 이해 했지 ㅋ,False,,0.0,0
@katejooahlee8628,금희랑 원봉이지 / 진짜 배우 이름이 왜 나와 ㅋㅋ,True,@서주우유-q5f,1.0,0
@lovely-fs9sx,너무 멋찐남자다  세상어디에도 없는 남자,False,,0.0,0
@katkk43,풉 내 전남친도 저랬지<br>돈 많이 든다고,True,@lovely-fs9sx,1.0,0
@Mqe67xx4j,ㄴㅐ남편이면 이쁘지만 내자식이면…,False,,0.0,0
@김태욱-u7h,책임감 가지라<br>기혼 남녀들아,False,,0.0,0
@갑목-x3s,너무 웃겨요,False,,0.0,0
@아하맘-g2m,두분 연기 멋지세요~~~ㅠㅠ<br>감동 이에요~~~,False,,0.0,0
@Merci-qn3dw,이쁜 여자는 과거가 있지,False,,0.0,0
@StarryPasture,진국이잖아. 이런 남편. 가장 소중한 사람.,False,,0.0,0
@나나다k,처음부터 사랑할 수 있는 여자를 선택한거지!,True,@StarryPasture,1.0,0
@KoreaLiveTrends,"어쩌다 내용이,,,,,,,,저 시대에 결혼전 임신출산이라니 미쳤네,,,,,,,현실성 zero",False,,0.0,0
@katejooahlee8628,개개인 사연이지 현실성 제로가 더 현실성 없지 . 조선시대에도 미혼모는 있겠닼ㅋㅋ,True,@KoreaLiveTrends,4.0,0
@yuank2794,어떤 시대든 미혼모는 있었어요 지금처럼 인터넷이 활성화되지 않아 드러나지 않았을 뿐이죠,True,@KoreaLiveTrends,4.0,0
@mystory-m4q,따스해지는 장면....😊,True,@KoreaLiveTrends,4.0,0
@wonderer262,​@@minilee3552피임기구도 있엇고 나라정책상 둘만낳자 하나만 낳자 시대에요. 그래서 낙태도 불법도 아니였음,True,@KoreaLiveTrends,4.0,0
@후니맘1017,아이공  눈물이 그냥 줄줄줄~~,False,,0.0,0
@킴현딘,진짜 빛원해 빛원봉😍 로얄클럽가는 것도 사회생활하는거같아 맘아픔ㅋㅋㅋ,False,,0.0,0
@oooooo-td9zj,입장 바꿔서 남자가  어디서 애 하나 낳아놓고  초혼인 거처럼 자기는 딩크주의자라고 했는데 30년 후에  아들 나타나면  마누라가  김원해처럼  하겠니? 이혼하지! 재산 반 내꺼야  이러면서!!!,False,,0.0,0
@레몬-e7i,또또 갈라치기 들어간다. 남녀 모두 몹쓸것들이지 무슨 ㅉㅉ 혼자 억울해죽네 아주,True,@oooooo-td9zj,4.0,0
@fjmjyumi,재산 반 내꺼 ㅋㅋㅋㅋ 요즘 여자들 날로 먹는다,True,@oooooo-td9zj,4.0,0
@user-wldkdTRgwdlTsp,저게 요즘 시대 얘기냐 ㅋㅋㅋㅋ 저능한 한국 남자 수준,True,@oooooo-td9zj,4.0,0
@demir264,그시절 남성들 첩이랑 낳은 애 데리고 집오는게 다반사였는데요 실제 주변에서도봤고 여자들 끽소리도 못하고 살았는데 이제와서 여자들 한마디도 못해요?? 그러니까 이런남자 케이스가 없으니까 드라마소재가 되죠,True,@oooooo-td9zj,4.0,0
@정가을-g3y,남자들이 좀 저렇게 변하긴 하지,False,,0.0,0
@204ho-n4y,두 연기자분 연기에 눈물콧물 범벅❤ 연말에 꼭 베스트커플상 받으시길.,False,,0.0,0
@가주정보기술,이런남자없지요  넘 멋찌다~~~,False,,0.0,0
@is6337,짐작을 하고도 묵묵하게 아내마음을 지켜주는 참사랑❤ 사랑의 바보ㆍㆍㆍㅜㅜ,False,,0.0,0
@dkdn07minl,짐작을 하고도 묵묵하게 남편마음을 지켜주는 참사랑❤ 사랑의 바보  =&gt; 이 말에도 동의하시죠? ㅎㅎㅎ,True,@is6337,5.0,0
@yireumseong,​@@dkdn07minl 가벼운 킬링타임용 드라마에 이런댓글 여러개 다는 애들은 어떤 지옥같은 마음속에 살고있는걸까.. ㅜㅜ,True,@is6337,5.0,0
@성이름-i3t,@@dkdn07minl댓마다 이러고 다니네ㅋㅋ 으휴,True,@is6337,5.0,0
@iliilillillili3004,@@성이름-i3t 두분다 반박은 못하는거보니 점마 한말이 맞는거같다,True,@is6337,5.0,0
@thisstreetssuck,​@@dkdn07minl 저 시대에 밖에서 낳아온 애들 꾹 참고 키우던 어머님들 많으니 님 말도 맞겠네요^.^,True,@is6337,5.0,0
@엘리사벳-q9j,신여성으로 살고싶다고 결혼해서 갑자기 집안에만 있고,False,,0.0,0
@werdxsdc,시대상으로 봐야죠,True,@엘리사벳-q9j,1.0,0
@용용이-i6n,참 좋은 남자다,False,,0.0,0
@코코망고맘,세상에 이런 남자가 있다니 멋집니다!😊🎉😊❤,False,,0.0,0
@빅보스맨-d8u,반대상황이면 무지 욕먹는역활로 대부분 나오던데 😅,False,,0.0,0
@NFlying_Nfia,역할,True,@빅보스맨-d8u,2.0,0
@user-wldkdTRgwdlTsp,역할 역활 부분도 못하는 한국 남자 ㅜ,True,@빅보스맨-d8u,2.0,0
@쏘쏘-n4t,눈물 한바가지 쏟았어요ㅠㅠ,False,,0.0,0
@너뭐-p6q,내가 올해 본 한드 중 가장 균형좋은 남캐다,False,,0.0,0
@버블티조아-t4l,호구 중의 상호구지ㅋㅋ,True,@너뭐-p6q,5.0,0
@dkdn07minl,남녀가 바뀌었어도 &quot;가장 균형 좋은 여캐다 라고 했을까&quot; 싶은데요 ㅎㅎ,True,@너뭐-p6q,5.0,0
@뾰뺩-n2v,​@@dkdn07minl 저 시대에 그런 여자는 많았어서....,True,@너뭐-p6q,5.0,0
@MrSinusu,가장 균형 좋은?<br>본인이라면 이런 일 당할 때 균형 있게 대하겠냐?,True,@너뭐-p6q,5.0,0
@hajinpyeon5469,​​​​@@뾰뺩-n2v남자는 많은 것 알았는데 <br>여자가요? 내가 시대에 뒤쳐진 건가. 전 배우자면 용서 못할 것 같은데? 너무 사랑하는 사람이라도 결혼사기라 생각하면<br>더는 사람으로 안 보일 것 같은데.<br>배우 고운데 서사 때문에 갑자기 얄미워 보여요<br>자식 가질 기회도 포기 시키더니 <br>혼외자?  ㅋㅋㅋ현실에선 전 남자랑 재결합이나 불륜해도 이해할 사람이나<br>용서 가능할 듯. 우리 아이 친 아빠니<br>당신이 이해해요 하면서 ㅋ<br><br>일진들한테 강간범죄로 임신해서 입양보낸 거면 안타까웠겠죠<br>말 못한 것 이해했을 거고<br><br>90년대 실화괴담  있었으니까<br>선생님 학교 전교1등 여학생이 엄청 예뻐서 질투했는데<br><br>어느날 피투성이로 기어가고 있어서 <br>친구들이 식겁해서 집에 데려다줬는데<br><br>임신해서 자퇴했다고<br>예뻐서 노리던 양아치들 많았는데<br><br>병원도 안 가고 집에서 출산하고<br>아기 입양 보낸 뒤 <br>먼 곳으로 이사갔다죠,True,@너뭐-p6q,5.0,0
@jayy8574,김원해 너무 믓찌다 감동,False,,0.0,0
@sunabellyline,진짜 찐사랑이다ㅜㅜㅜㅜㅜ,False,,0.0,0
@wonseokchoi131,"처음에는 가부장적인 사람으로만 알았는데, 가부장적인 게 아니라 진짜 &#39;가장&#39;이 되려던 것이어서 최고의 반전. 가장의 지위를 누리는 게 아니라 책임을 지려던 약국 아저씨, 감동 😢",True,@sunabellyline,2.0,0
@IIIIIIlIIlIIlIIIIIIl,아줌마 정신차려😂,True,@sunabellyline,2.0,0
