author,comment,is_reply,reply_to,reply_count,is_spam
@귀재씨,엄마랑 붕어빵 행복하길!!,False,,0.0,0
@그냥-u2f,벤이라면 이혼녀라도 결혼할 수 있음.,False,,0.0,0
@김봉일이,29살에 결혼한게 일찍한거라고 놀라는 나라,False,,0.0,0
@Jimmykim-c5q,첫째딸이라 아빠 닮았나보네.. 더 안타깝다,False,,0.0,0
@808_mahalo,시집간지도 몰랐네 갑자기 없어져서 열애중 이랑 180도 진짜 명곡인데,False,,0.0,0
@carrotcarrot819,벤 꽃길만 걷자,False,,0.0,0
@빛과소금-n5m,벤씨의용기에 저두 다시살아갑니다<br>힘내세요 진짜 멋진삶을응원합니다^^,False,,0.0,0
@Coom-Chuck,ㅋㅋㅋㅋㅋㅋ무친련,False,,0.0,0
@김다은-v3f,분명 행복할거고 이렇게 힘든일 다음 진짜  이럴려구 힘들었구나 하는 행복한 일이 올거야 정말 누구보다 잘하고 있으니까,False,,0.0,0
@박소연-w6k1i,또 행복하고 기쁜 일들이 많이 일어날거에요. 그동안 너무 고생 많으셨어요. 가지고 계신 재능 살려서 노래도 다시 하시고 아이랑 가족분들이랑 행복하게 건강하게 지내셨으면 좋겠어요.,False,,0.0,0
@orange_lolol5873,"남편 유책이라는데, 아이에게 좋은 환경은 아니죠. 잘 선택하셨어요. 응원합니다❤",False,,0.0,0
@쌩목코노신_CONOSIN,"&quot; 꿈처~럼 &quot; 할때 옆을 보는 눈망울이😮<br>너무 예뻐요❤ 저는 벤 팬입니다!<br><a href=""https://www.youtube.com/watch?v=8T_BFKMrulQ&amp;t=26"">0:26</a>",False,,0.0,0
@돌체라떼-h4l,이별. 상처 발라드가 잘어울렸던 벤 <br>가수는 자기노래 처럼 산다던데<br>앞으론 밝은 노래 많이 부르세요,False,,0.0,0
@pmi23,잘하셨어요,False,,0.0,0
@llllllllllll-o3r,나를 관상가 예언가로 <br>만들어준 벤....ㅠㅠ<br>와 근데 이욱 그놈은 임지연도 만나고 벤이랑 결혼까지 대단한 놈이네,False,,0.0,0
@pepe38494,나는.....육아중.......,False,,0.0,0
@charlottechoi2150,하 진짜 오혜영 노래는!! 들으면 마음아픔,False,,0.0,0
@킴다읔,돌싱글즈고고,False,,0.0,0
@mrkg779,벤 결혼했었음? 전혀몰랐네ㅎ 근데 사업가랑 결혼하고 잘되는사람들 많이못봤다...,False,,0.0,0
@처음처럼-j9c,응원합니다,False,,0.0,0
@1365RARA,피해자 코스프레 오지네...사기꾼인거 알면서 한거면서 돈에 환장한ㄴ,False,,0.0,0
@TRUMPNOW-cm3py,29살이 이르다니.<br>가스라이팅 그만 해라.<br>노산 직전이구만.,False,,0.0,0
@마타타하쿠나-g3d,얼마나 인생이 바닥이면 말에 냄새가 날까.,True,@TRUMPNOW-cm3py,3.0,0
@TRUMPNOW-cm3py,@마타타하쿠나-g3d  보쥬렁내는 30부터. 꺼져.,True,@TRUMPNOW-cm3py,3.0,0
@저는열등자집입니다,@@TRUMPNOW-cm3py상폐아저씨 기형정자자릉내 ㅈㄴ 나노 역시 악플은 자집평 ㅋㅋ,True,@TRUMPNOW-cm3py,3.0,0
@talkerfree9611,남편 직업도 무슨 환경보호재단이사? 이도저도 아닌거같고 인맥만 넓다 그러고 뭔가 싶은 느낌이 있었음,False,,0.0,0
@달빛이머무는꽃-x4p,돈미새의 최후...,False,,0.0,0
@가끔-p3b,내가 ㅈㄴ 빨리 결혼한다 싶더라 ㅋㅋㅋㅋㅋㅋㅋㅋㅋㅋㅋㅋㅋㅋㅋㅋ,False,,0.0,0
@이야기들려줄개,어이 김씨! 이제 벽돌 그만 나르고 장가 좀 가요!!,True,@가끔-p3b,1.0,0
@sirasoni.,저렇게 예쁜여자를떠나게하는 남자는도대체..,False,,0.0,0
@Ohvely__5421,아구 딸 너무 이쁘다 귀여워 ㅠㅠㅠㅜㅜ <br>벤 닮아서 너무 귀여워 ㅠㅠㅠㅜㅜ,False,,0.0,0
@sshseunghyun,아기 너무 이뻐요!! 응원할게요 😊,False,,0.0,0
@tkdrh26,남자들도 비슷한 사례가 많은데<br>같은 프로에서 구성 다르게해서 방송 해주세요~,False,,0.0,0
@doradora6436,돈보고 결혼했으니ㅋㅋ,False,,0.0,0
@KathyRenee-d5x,여기댓글 왜이럼 ㄷㄷ ㄱ글 에서 벳프리 도대체 머길래--?,False,,0.0,0
@min-k2689,"전 남편 LA에서 난봉꾼으로 유명했는데, 미국에서 사업하고 돈많다고 하니까 속아서 결혼했었네 ㅉㅉㅈ",False,,0.0,0
@2m226,걍 정자가필요하면 떡함치고 애낳으면되지 뭔결혼까지혀가꼬 개고생을허냐,False,,0.0,0
@Kkaarr-s4n,답이 없다 생각될때는 빨리 포기하는게 정답! 어떻게든 잡고 가려했다가는 몸도 마음도 지치게됨 굉장히 현명한분이시네~~,False,,0.0,0
@핑크마스크-n5r,잘했어요❤,False,,0.0,0
@elmoemoya,앞으로 좋은일들이 가득하길 바래요 벤씨 응원합니다🩵,False,,0.0,0
@이하윤-d6p,벤 완전 옛날부터 1호팬이에요!<br>이런사정이 있는지 몰랐어요<br>지금은 행복하다니 너무다행이고 감사해요~~넘멋진사람이네요 사랑해요~~~~~~,False,,0.0,0
@HiHello-mm3to,결혼 할 때 부터 몇살 안 되는 남자가 무슨 재단 이사장이니 ㅋㅋㄱ 하는 직함으로 불리는 것도 쎄한데 찾아보니 그런 직함에 비해 말도 안 되게 초라한 경력이라 대체 왜 ㅜㅜ 했던 기억이 있는데.. 당시 벤의 팬들도 좀 말렸던 결혼으로 기억 함<br>지금이라도 딸이랑 더 행복하길,False,,0.0,0
@JS-wm1iq,벤 가수님 팬이고 인생 2막  응원합니다 강한분이시고 현명한판단하셨다 생각됩니다 화이팅!!,False,,0.0,0
@장쿠터,안타깝네  . 그냥 돈이랑 얼굴.겉만보는 번지르르한 남자를 택하니... <br>사람보는눈 남자보는눈은 없엇나보네<br><br>그래도 무기는 있으니 잘 승승장구하길,False,,0.0,0
@flying_squirrel_,난 아기는 낳고싶음. 근데 결혼은 무서움. 그래서 좀 꺼려짐. 나쁜사례가 너무 많기도 하고 티비에서 너무 결혼하면 안좋다고 광고를 함ㅠ 그런거 보면 어떤 여자가 결혼을 하고 싶어하겠음?;; 점점 비혼하겠다는 여자만 늘겠지.. 결혼해서 행복하다 연애해서 즐겁다 육아는 사랑스러움이다. 이런식의 프로를 만들어도 모자라는데 왜 자꾸 나쁜것만 보여주려고 하는지 모르겠음. 괜히 쫄게해..,False,,0.0,0
@kimseokyoung,화이팅,False,,0.0,0
@yujin03029,전노민♡,False,,0.0,0
@마랑탕웨이,"<a href=""https://www.youtube.com/watch?v=8T_BFKMrulQ&amp;t=462"">7:42</a> 전남편분이 의심살만한 일을 했던게 아니었을까",False,,0.0,0
@펭귄너구리-n7o,벤누나 언제나 응원하겟습니다!!!!!❤,False,,0.0,0
@heasuk12,벤씨    안보이더니   많은일이   있었군요   이제   좋은일만  있을거예요  울지말고   리아랑   행복하세요,False,,0.0,0
@OoJy-fl1xp,딱부러지다 힘든순간을 현명하게 대처했네요 딸을 위해서 용감하고 멋있습니다 앞으로 더 잘되기를 바랄게요,False,,0.0,0
@kyoungheepark1932,또! 오해영!<br>ost도 주인공들도 모두 최고의 드라마였어요!<br>벤이 부른 노래였군요😻,False,,0.0,0
@yerimkim98,힘드신 와중에도 아이 탓을 절대 안하시고 <br>오히려 아기가 날 살렸다고 말씀하시는게 대단하신 것 같아요<br>그런 엄마에게서 태어나서 리아는 행복할 것 같아요 🥹,False,,0.0,0
@러블리-v7g,잘했어요~ 고생하셨어요.<br>지금도 힘들겠지만 시간 조금 지나고나면 내가 참 잘한선택이였구나 할겁니다.<br>울고싶을때는 숨어서라도 소리내서 울어요 .삼키지말고요 .<br>힘내요...토닥토닥,False,,0.0,0
@miheehan5097,물 한모금 못 먹으면 우울증와요.<br>뇌로 영양이 가야 하는데<br>밥 굶고 물 안마시면<br>혈류량이 줄고 몸에 영양부족으로<br>뇌 기능이 제대로 돌아가지 않아서 우울증이 와요.<br>아이 밥 먹을 때 <br>꼭 같이 드세요~~,False,,0.0,0
@lyslee55,벤.......결혼해서 아이나았구나....,False,,0.0,0
@KiDHaNiiiiii,ㅋㅋㅋㅋㅋㅋㅋ,False,,0.0,0
@나무-v8j1r,"벤님 영상보면서 엄마는 정말 위대하다는 생각이 들었어요.. 리아를 보며 행복을 떠올리고, 용기를 얻고, 힘을 얻어서 삶을 더욱 찬란하게 만드시려는 벤님의 모습에서 많은 감동을 받았어요.. 앞으로는 더욱 좋은 일들이 벤님의 미래에 펼쳐지기를 진심으로 바랍니다 🙏🏻🌱🕊️ <br>벤님의 음색과 가창력은 독특해서 잊을 수가 없어요. 앞으로도 더욱 따스하고 아련한 노래들려 주시길 바라요 ☘️",False,,0.0,0
@래미-g1u,이 와중에 큰 사람들 옆에 많은데 작을수록 단단하단 말이 좀 웃기긴 하네 ㅎㅎ,False,,0.0,0
@BlueberryDarlene,ㄹㅇ ㄱ글 에서 벳프리 보면 다른거 눈에도 안들어옴 그냥 다시보면 되니까 개이득임 ㅋㅋㅋㅋ,False,,0.0,0
@dahyelee2591,일로 힘든것보다 가정이 힘들면 진짜 멘탈잡기 힘들어요.....ㅜㅜ 고생하셨어요. 아이한테 해가될바엔 없는게 낫죠,False,,0.0,0
@yujin2938,와노래 미쳣넼ㅋ,False,,0.0,0
@한나-n1n3n,화장지우니 너무 예쁜 얼굴이에요,False,,0.0,0
@한나-n1n3n,사람보는눈은 따로 있나봐요<br>똑똑한 사람들은 왜 남자를 잘 못 고르나요,False,,0.0,0
@SW.iioo-M,결혼 전부터 남자가 문제 많아보여서 이런 결과 예상한 사람 많아요.ㅜ 아쉬울 뿐이죠,False,,0.0,0
@볼보는중국자동차,벤 너무 이쁘다,False,,0.0,0
@김가루-m8v,남편 고르는눈이 없으니까 그렇지... 누가 봐도 아니었는데 그렇게 말많은사람이랑 결혼한게 잘못이지,False,,0.0,0
@희야-h1h,너가 선택한 상황이다 이기야 ㅎㅎ,False,,0.0,0
@어렌지-e1i,벤 괜찮아 !<br>그냥 이 말을 제일 해주고 싶었어요,False,,0.0,0
@bingoandtoto,"결혼하고 나서도 한참 살아보고, 정말로 이 사람을 내 아이의 부모로서 제격이다는 확신 생겼을 때에 아이 갖는 게 현명한 것 같다. 사람은 절대로 다 알 수가 없기에. 내가 아는 그 사람은 절대로 결코 그 사람이 아니라&quot;내가 보고 싶어하는 그 사람&quot;임.",False,,0.0,0
@음-q8i,크다,False,,0.0,0
@lovedallbong,"스치는 인연에 아파하지 말고, 아이와의 행복에 집중하시면 어떨까요. 힘내세요.",False,,0.0,0
@GaleLouisa,ㄱ글 에서 벳프리 이 ㅓㅇ도로 유명했음?  내 듣보잡인줄 알았는데 ㄷㄷ?,False,,0.0,0
@지우지원티비,옆에언니들이 예뻐해주니 더보기좋아요~~,False,,0.0,0
@KINDHUMANJ,응원합니다. 힘내세요. 삶의 가치는 각자 다르나 그 귀함은 모두 같습니다.,False,,0.0,0
@라보끼토산토끼,이름에 욱자 들어가는 사람 만나면 안돼요.. 진짜,False,,0.0,0
@him2059,애기 확신의 연예인상이다,False,,0.0,0
@힐링사랑해,"저도요… 내가 쉬운 사람이었구나,,,, 라고 느꼈던 그 무너짐 후…. 결심했죠 <br>다행히 전 애는 없지만 ㅎㅎㅎ<br>돈은 엄청 벌어놨겠다…. 다만 감정적으로나 정신적으로 힘들어보여서 꼭꼭 회복하고 팬들의 사랑으로 극복하시길❤",False,,0.0,0
@BorichaFF,"꿈처럼은 ,,,<br>8년째 플레이리스트에서 삭제 되고 있지 않고 있는 곡",False,,0.0,0
@zard1004,나도 동거를 3년했지만 여자의도박때매 돈다잃고 다시 시작중인데 무조건 둘의 이야기를 들어봐야함 한쪽으로는 절대 기울어져선안됨<br>나도 그여자친구의 거짓말과 도박으로인해 사람이미쳐버렸고 지금은 그냥 통화정도만 하는 사이가된 혼자가편한이유,False,,0.0,0
@아놔그런데,예전보다 더좋아짐. 이렇게 반듯하고 단단한 사람인줄 몰랐어요. 참 멋지세요❤❤,False,,0.0,0
@꽃지-p8b,벤 목소리 베베미뇽 때부터 좋아했어요~~,False,,0.0,0
@puupuu5457,"돈 보고 결혼했냐 왜속냐 말이 많은데 돈없고 눙력 없는 남자, 생활력도 미래도 없는 남자랑 결혼하는게 바보인거임. 그리고 남자든 여자든 결혼 전에는 멀쩡한척 속이다가 결혼하고 문제 드러나거나 책임감 없이 빚이나 문제들 전가시키는 경우 꽤있음. 남 얘기라고 막하거나 왜속았냐 피해자 탓 하는거는 진짜 사이코패스인거임.",False,,0.0,0
@hwy4706,김새롬 빼라 진짜 리액션 거슬리네 ;;;;<br>오버하는거 역겨움,False,,0.0,0
@user-rl1mw2fp2f,넌 공기아까우니 죽어주라~,True,@hwy4706,1.0,0
@김민철-u1l,높은게아니라 누가 칼을 저렇게잡어 ㅡㅡ,False,,0.0,0
@이하늘-j4y,사실저도 진짜마음은  제자리에 못돌아오는중이지만..<br>참고또참고 ..힘든시기 이지만  아이보며  잘 견디고  있는노력중 입니다,False,,0.0,0
@user-ghjkbn,멋져요. 응원해요,False,,0.0,0
@3Sjefjeqqq,결혼이 장난인가,False,,0.0,0
@super-mariong,결혼한지 얼마 안됐는데 벌써 이홍했다니..모르고 있었네. 잘살고 있을줄 알았는데.,False,,0.0,0
@치킨너겟-r2l,주x민: 비혼주의자는 결혼으로 완성된다. 결혼을 함으로써 자신의 생각이 틀리지않았다는 것을 깨닫기때문이다.,False,,0.0,0
@djmcgonfunfun,아이가 넘 이뻐요!😊😊,False,,0.0,0
@rose45232,눈동자에 초점이 흐려진것 같아서<br>너무 안타깝네요...<br>우리 딸들이 벤의 광팬이라<br>저도 많이 좋아하는 가수거든요.<br>인생 짧아요.뭐든 할수 있다는 생각으로<br>좀더 힘내세요.😊<br>엄마로써의 더 빛나는 삶을 응원합니다.,False,,0.0,0
@낚시-i3x,박미선 추임새 그만요,False,,0.0,0
@threesis0303,응원해요. 싱글맘 응원합니다 ❤,False,,0.0,0
@김씨-s4i,이제 사업가 말고요 좀 제대로 된~ <br>인성가진분 만났으면 합니다 요새<br>전부 돈많다하고 이상한 사람들과<br>결혼해 전부 고생하는 여자연예인<br>천지인듯..,False,,0.0,0
@5mm22,여자 성격문제인지 어찌아나요 😂😂😂,True,@김씨-s4i,3.0,0
@user-rl1mw2fp2f,돈이라도 많으면 다행이죠 못생기고 성격도 안좋고 성매매하고 이런 남자들 데리고 살면서 감싸주는 여자들 한트럭이잖아요,True,@김씨-s4i,3.0,0
@최재범-t5j,​@@user-rl1mw2fp2f 반대로 성매매하고 다니는 여자들도 있고 외도하거나 도박하거나 마약하고 다니는 여자들도 많지요~~,True,@김씨-s4i,3.0,0
@박지연-x1i,아이가 바르게 행복하게 잘 자랄 것 같당 힘내시고 행복하세요!!,False,,0.0,0
@유재영-t6q,끼리끼리 잘만났는대 평생가지 아쉽네요,False,,0.0,0
@노댓글-u2o,"만약 재혼했을때, 남편이 여자의 아이가 내 아이가 아니라고 사랑할 수 없을까? 유전자가 안섞였다고? 아늬지~<br>유전자가 안섞인 여자, 남자가 만나서 서로 목숨도 버릴 수 있을 정도로 사랑하게 되는게 인간임. 오히려 친자식보다 더 사랑할 수도 있음.",False,,0.0,0
@노댓글-u2o,"하지만 사기꾼들, 소시오패스들, 이기적인 인간들은 언제나 타인의 욕심을 알아채고 연기를 합니다. <br>이상하게도 여자 연예인들이 못된 남자를 만나게되더군요.<br>그런 인간은 연예인이라면 당연히 &quot;~이정도&quot;의 남자를 원할 것임을 알기 때문에 결혼전까지 자기 본성을 숨기고, 업적을 과대포장해서 접근하는게 아닌가 싶습니다.<br>그리고 본인조차도 스스로가 그런사람이라고 착각하고 연기하다 결국 본성이 드러날 수 밖에 없는 상황에서 진면목을 드러내는거 같습니다.<br><br>일반적인 감수성과, 성향을 가진 남자는 연예인을 만나서 자극적인 인생을 사는것보다 안정적인 삶을 살기 원합니다.<br>연예인을 만나기 위해 애쓰는 남자들은 자극을 좇는 사람들이고 자극을 얻기위해 비도덕적인 행동도 잘 하는 것 같습니다. 아니 그런 남자들은 대부분은 정상적인 성격이 아닙니다.<br><br>다음 사람을 좋은 남자로 만나시기 위해서는 믿을 수 있는 지인의 선소개 제안이 아니라, 벤님이 부탁해서 정말 괜찮은 남자를 만나보세요.<br>연예인 벤을 만나려는게 아닌, 한 사람의 아내를 만나려는 남자를 소개받기 바랍니다. <br>이쁜 여자를 만나서 만족하려는 남자가 아니라, 가정을 꾸려서 자신의 아내를 사랑해주고 싶고 자신의 아이를 지켜주고 싶다는 생각으로 가득찬 그런 남자 만나시기 바랍니다.",True,@노댓글-u2o,1.0,0
@XD-ni9cc,목소리가 무슨...오토튠이야...,False,,0.0,0
@yu-gx2jo,"폭력,거짓말,도박,술,외도.. 결혼 힘듦",False,,0.0,0
@이현우-n6j9z,리아 너무 귀엽워용ㅎ <br>누나 힘내요 처음부터 지금까지도 누나 입덕중이에요❤❤❤,False,,0.0,0
@송무영-n5j,돈보고 혹하면 이리됩니다,False,,0.0,0
@vfsyu,벤님 결혼 언제했뉴..? 첨 알았네,False,,0.0,0
@Kiki-seop,29살에 결혼이 일찍인지 지금알았네....,False,,0.0,0
@5mm22,ㄹㅇㅋㅋ,True,@Kiki-seop,1.0,0
@keerei15,엄마는 위대합니다.<br>앞길에 늘 현명한선택과 후회없는삶 행복하시길ᆢ,False,,0.0,0
@shiloh3202,29살이 일찍 결혼한 건 아니잖아...,False,,0.0,0
@user-rl1mw2fp2f,요즘으로는 일찍 한 편이죠 한참 사회생활 할땐데,True,@shiloh3202,3.0,0
@shiloh3202,@user-rl1mw2fp2f  사회생활 끝나고 아이낳는 것도 아니고 원래 사회생활하면서 가정 꾸리죠. 아무리 그래도 절대 이른 건 아니죠. 무슨 방송사가 사람들 평생 일하고 대한민국 대 끊기길 바라는 것도 아니고.. 다들 티비 보지 말고 현실 정치에나 관심가지고 스스로 권리 찾읍시다,True,@shiloh3202,3.0,0
@user-rl1mw2fp2f,@@shiloh3202 뭔 이상한 권리 타령인지 나이 먹었으면 젊은 사람들한테 헛소리 안하는게 도움되는 거예요 정신 좀 차리시길,True,@shiloh3202,3.0,0
@쵸파짱-r6j,결혼소식 들릴때 사람들이 그랬지 . 왜 하필 그남자랑 결혼하냐고.,False,,0.0,0
@jp-dc1il,"훌륭하다..<br>&quot; 애때문에 내가 참고 살자&quot; 가 아니라,<br>아이를 키우려면 내가 강해져야하니까 부당한 결혼을 참지말자는 용기가 생겼다는 거네...",False,,0.0,0
@윤윤윤-g9u,나는아빠가되고나니 딸들에게한마디해줄수있다.<br>외모 재력 물론중요할수있다 어릴때는 근데 나이가들수록 그사람의 인성 또는 부모의인성 그리고넓은마음을가진사람을만나라. 그리고모든지 먼저서로배려할수있는사람을만나는게 진짜더중요하더라.  행복이라는거별거없다. 내편과같이 좋은시간보내고 건강하면그걸로되는거야.,False,,0.0,0
@user-rl1mw2fp2f,모든 여자들이 그런걸 원해요 정서적인 교류와 수준높은 토론이 가능한 사람이요. 근데 가치관 바른 사람이 없다시피하니 지금 결혼하는 여자들은 비즈니스적으로 돈이라도 보는거예요,True,@윤윤윤-g9u,1.0,0
@정제왕-f3e,저런 천사 두분을 두고....안타깝네요^^;;;  긋&quot;,False,,0.0,0
@JK-iv2ok,결혼할때부터 찝찝하더만... 그냥 본인만생각하고 앞길 가길,False,,0.0,0
@junyeop-dk7sy,악플이면 악플인데 이게 사실.. <br>현명하게 살았더라면. 보이지않는 것도 볼 수 있는 작은 섬세함만 있었더라면.. 애초에 그런 남자 쳐다도 안봤을 거임.<br>어쨌든 돈이든 외모든 최우선순위로 봤던 것들이 거짓과 모순(그사람의 실체)이였겠지...안타까움 ...티스러운 답변이지만..이제라도 딸이랑 행복하세요..,False,,0.0,0
@Error-rk3lg,돈외모도 없는데 성격도 더러운사람들 널렸음 속이려면 작정하고 속이는 거 가능하지,True,@junyeop-dk7sy,1.0,0
@흠니냐뇨,애기랑 엄마 둘다 요정이네,False,,0.0,0
@솜솜-w4j,쌩얼이 저렇게 예쁘다니,False,,0.0,0
@jmo8527,"<a href=""https://www.youtube.com/watch?v=8T_BFKMrulQ&amp;t=536"">8:56</a> <a href=""https://www.youtube.com/watch?v=8T_BFKMrulQ&amp;t=843"">14:03</a>  근데 박미선님 표정과 말투는 mc로서는 너무 따뜻한 느낌이 없고 차갑기만해요.",False,,0.0,0
@sophia_Love_,소~~~름<br>진짜듣기좋다~~~,False,,0.0,0
@없-c4r,벤은 저렇게 잔잔하게 부르는게 좋음.. 열애중처럼 너무 고음 높게 뚫는건 좀 짜내는 느낌이라 너무 안높은 음색을 돋보이게 하는 곡이 좋음,False,,0.0,0
@sdhcc60,누구도 사업가랑 결혼한다는데 에효 그래도 잘살았음좋겠음,False,,0.0,0
@김도독-f1k,네이버 검색만해도 전남편이 어떤사람인줄나어느데 에휴 성급하긴…;,False,,0.0,0
@sushina4869,"한참 벤의 노래에 빠쳤는데 이렇게 일찍 결혼한 줄 몰랐구나.. 벤은 응원합니다, 인생은 아직 길고 이런 긴 일정에서 항상 행복하길 바랍니다😊",False,,0.0,0
@준영-o6m,자기가 선택한 길`,False,,0.0,0
@호랭이-v4v,지금은 힘들게ㅉ지만 시간이 지나면 웃으며 딸과 잘 살고 있다고 생각할날이 올거에요<br>귀한 사람입니다<br>웃어요,False,,0.0,0
@IIIIllIIllIl,노래개잘부르네 ㄹㅇ,False,,0.0,0
@지나가는나그네-d6t,근데 벤님 성격 있어보임,False,,0.0,0
@김석민-l4p,요즘은 성격없는 여자는 없다고 보면됨,True,@지나가는나그네-d6t,1.0,0
@참깨맘-u3o,많은일들이 있었다는말이 마음이 아프네요. 벤님 몸도마음도 건강하고 행복하길 진심하길 바랄게요 응원할게요,False,,0.0,0
@오망둥-f3f,애초에 남자가 말이 많이 나오던 사람 같던데... 활동 잘 하다가 갑자기 결혼하는거 뜬금 없긴하던데... 자기하테는 다를거라고 생각했나 ㅋㅋㅋ한번 쓰레기는 그냥 영원히 쓰레기야,False,,0.0,0
@귀요미-g3q,그사람이 잘못인거지 벤이잘못이뭐가 잇나요,True,@오망둥-f3f,1.0,0
@iporeews,그냥 어려울수록 단순해지는게 답일수도 있습니다. 이번 생은 리아를 행복하게 성장할수 있도록 보살피는 삶이다. 생각하고 살아보세요...행복하시길 바랍니다. 엄마는 강한게 아니라 강해져야 하는겁니다...,False,,0.0,0
@lenemarlin1,시간은 흐르게 되어 있고 이 세상에 이해못 할 일은 없어요.,False,,0.0,0
@닉네임귀차나,이런거보면 결혼은 절대 좋아만한다고 하면 안되는거같다,False,,0.0,0
@OvOk,아기가 암마 닮아서 예쁘고 얼굴도 조막만하네😊,False,,0.0,0
@만두-r4s,이시간도 금방 지나가요. 앞만보고 사세요. 과거는 두고...리아만보고 웃으며 행복하게 지내면 진짜로~♡  행복한 시간이 될거예요. <br>누구나 한번쯤 인생에서 긴~~터널을 지나올때가 있더라고요. 그때는 지치지말고 조금씩 나아지고 있다 라고 생각하면서 본인도 챙겨가면서 열심히 살다보면 딸 리아가 엄마를 이해하는 딸로 커 있을겁니다. 응원할게요.,False,,0.0,0
@Butterflyiri,그러게 결혼은 신중하게해야지,False,,0.0,0
@happyet5968,진짜 노래 잘 한다~~~,False,,0.0,0
@넘나웃겨-d9p,계속된 무명에서 이제 많은사람들이 벤 이라는가수를 알게 되고 그래도 자기가 하고싶은 노래를 하면서 얼마지난시기도 아닐때 결혼은 아니였다,False,,0.0,0
@지현이-v3e,제가 힘들때 정말 울며 많이 들었어요..벤님도 좋은날이 많을테니 힘내세요❤,False,,0.0,0
@럽쮸-g1g,지나간다~~~ 생각하고 지내면 좋은 날 와요,False,,0.0,0
@이장원-m3f,❤,False,,0.0,0
@DJ-qh1ds,사람이야 종이야 종소리가 나네 에밀레,False,,0.0,0
@폴짝이능소화,오나의 귀신님에서 듣고 반해버렸음,False,,0.0,0
@안정환-h7r,행복한 활동 기대 합니다!,False,,0.0,0
@237-o9t,지팔지꼰이지 뭐,False,,0.0,0
@천재일우-z5u,리아는 좋겠다~~엄마가벤이라서❤,False,,0.0,0
@꽃피는계절,똑부러지고 얼굴도 너무 이쁘고 앞으로더 행복하실꺼예요,False,,0.0,0
@KimNari-s2g,여자들은 사업가들 조심 해라 사업상 핑계로 여자들 잘만나고 다닌다,False,,0.0,0
@뽀샤시뽕뽕,와 라이브 원래 이렇게 잘하나 ㅋㅋㅋㅋㅋ 보정 하나도 안넣었는데 미쳤네,False,,0.0,0
@rachelleb935,현명한 엄마이자 여성이네요!! 항상 응원하겠습니다‼️,False,,0.0,0
@제니-e9k,벤씨~!! 축 처져 있지 마요~!!!!!! 잘 살면 돼요!!!!! 딸이랑 행복하게 살길😊😊😊,False,,0.0,0
@민이다-l6n,얼굴이 아무리 잘생겻 예쁘거나 돈이 많아도 결혼을 꾸준히 이어나가는건 쉬운일이 아님 결혼해 책임감 가지고 노력하는 사람이 리스펙,False,,0.0,0
@오로라-o4k,현명한 결정이라생각합니다<br>행복하고 즐거운 인생사세요<br>본인을위해살아야죠,False,,0.0,0
@촬스-h4j,결혼해서 애들낳고 산지 11년됐는데 여자들도 마찬가자겠지만 한가정의 가장으로서 가정건사하는게 정말 쉽지않더라 지금도 애쓰고있는데 <br>유부남들 다들 애써보자고!,False,,0.0,0
@유키-o5o,들은얘기들이 있었는데 그게맞는가보군요.. 벤씨~아기와 예쁘게 사세요~개버릇 남못줍니다.<br>화이팅!,False,,0.0,0
@Handlefuking12,벤 언제 결혼했었어? 유부녀였어?,False,,0.0,0
@KimSarang-g3q,돈보고 결혼했다가 사기꾼 만나 ㅠㅠ 벤 행쇼!!,False,,0.0,0
@ssuni97,벤님 얼마나 힘들었을까.. 행복해졌으면 좋겠네요,False,,0.0,0
@배상우-r8y,한쪽만 들으면 안되고 다들어봐야됨,False,,0.0,0
@B정아,맘이 아프네요.. ㅠㅠ애낳고 얼마나 힘들었을까.. 애 낳아본 사람은 알죠. 내 남편 포함 이기적인 남자들 많아요.,False,,0.0,0
@pcscoolguy,결혼은쉽다. 유지하기가힘들어서그렇치.,False,,0.0,0
@DASOM0444,아기에 대한 사랑이 진심 느껴진다... 리아랑 더 행복하에요❤,False,,0.0,0
@bonggoo_,벤이야 방송하면 모든 게스트들이 우쭈쭈~ 해주지 돈도벌어가지 일반인은 오죽 힘들까,False,,0.0,0
@해피정-m5i,의자 좁아서 불편해 보인다고 댓글 남겼는데...지금은 좀 편해보이네요,False,,0.0,0
@DS0702,이렇게 아이에게도 독립적으로 사랑주고 양육하는 한국에서 보기 드문 여자한테 왜...남자 상병신맞네~,False,,0.0,0
@user-md8yg4wqpo,돈 거짓말 알고보니 빈털털이,False,,0.0,0
@Bllotable,응원합니다🩵,False,,0.0,0
@qwertt-l6j,돈보고 결혼했다가 가랭이 찢어진거지,False,,0.0,0
@파트라슈-s6d,주가도 오르고 내리고 합니다.. 내려가면 다시 오르는날이옵니다.. 내가좋아하는 벤이 행복하길바래요..우리 아들이 23년1월생인데 친구네요..아이가 태어나보니 최고의가수가 엄마네요..23년아가들 파이팅ㅋ,False,,0.0,0
@김성희-i2c,벤 ᆢ힘내요<br>충분히 잘 할수 있어요,False,,0.0,0
@j_h._.3572,딸이 아빠 닮앗나..얼굴이...,False,,0.0,0
@suuhewhshu,되게유명한사기꾼인거다아는데제주변사람들이벤한테말렸는데도벤이한다고했음ㅋㅋ,False,,0.0,0
@seungaeyoo9673,여자들의 착각... 아기생기면 달라지겠지....,False,,0.0,0
@2-youyou,벤❤힘내요!!<br>진짜 응원합니다!!!^^,False,,0.0,0
@배라소니-f9q,세상에 모지리들 많다 왜 여자인생을 망치냐,False,,0.0,0
@카프리썬-z9u,니 댓글도 모지리 같긴해,True,@배라소니-f9q,1.0,0
@horangii,노래는 잘하는데 남자보는 눈은 ㅠ,False,,0.0,0
@빠끄,왠만하면 사업가랑은 결혼은 하지마세요😂,False,,0.0,0
@hspirit88,나이가들면 들수록 아빠가 븐명히 필요합니다. 모든게 다 남편 문제라고 생각하면 똑같은 일이 반복될때 더 충격을 받게 됩니다.,False,,0.0,0
@hspirit88,전남편 얘기도 들어봐야 함.,False,,0.0,0
@골드핑거-e8y,tv조선은 대한민국 망하게 하는게 목적인가? 출산율 세계 최저인거 몰라? 알면서도 저런 프로그램 계속 만들어서<br>뿌리는 이유가 뭐임??? 친일파 언론이라 그런가???,False,,0.0,0
@newbebe101,Jtbc한테 뭐라해라,True,@골드핑거-e8y,3.0,0
@유소영-y3p,그래도 현실을 알아야지…,True,@골드핑거-e8y,3.0,0
@user-rl1mw2fp2f,널린게 저런 현실인걸 우쨤,True,@골드핑거-e8y,3.0,0
@팡야-d6d,힘내세요 벤~ 가정에 좋은 일 가득하시길 기도하께요!!,False,,0.0,0
@Jsuendjdiendnnxidems,입.표정은 괜찮아보이시는데<br>눈이.....많은걸말해주네요 눈빛과눈동자가 감추질못하시네요ㅜㅜ<br>힘내세요,False,,0.0,0
@여수지부장,아이를 가지려고 ㄸ을 수없이 쳤구나..,False,,0.0,0
@user-in3ko8eu9u,여기도 목소리가 악기네..,False,,0.0,0
@바보-p2y,애기 낳아도 피부도 좋고 크긴 크네요,False,,0.0,0
@박혜원-j3k,이분도 약간...결혼할때 이미 다들 이혼할꺼라고 생각하지 않았었나?,False,,0.0,0
@user-md8yg4wqpo,돈때문이야 너때문이야,True,@박혜원-j3k,2.0,0
@BUJAYOUCHIN,아니 난 아니엇는데,True,@박혜원-j3k,2.0,0
@Relax_grape12,와 ㅠㅠ 제가 들었던 우리나라 가수중에 제일 좋아요!! 음원보다 너무 좋으시다 ㅠㅜ 캐롤좀 불러주세요 캐롤하고 잘 어울릴것 같아요~,False,,0.0,0
@ZZZ-jp8lb,한 마디 한 마디 눌러 말하는 신중함이 저 사람의 힘들었던 시간을 대변해 주는 듯 하다..,False,,0.0,0
@sy-pl2kb,애기가 아빠랑 똑같이 생겼네ㅠ,False,,0.0,0
@니대가리쿠쿠밥솥뜸들,결혼 하기전부터 말들이 많았었는데 <br>본인의 선택이지만 안타깝네요<br>이제라도 아가와 행복하게 사세요,False,,0.0,0
@경미김-v8e,남편 돈보고 결혼했으니<br>이렇게 되는건가ᆢ에고,True,@니대가리쿠쿠밥솥뜸들,1.0,0
@chung6693,자업자득임...다 끼리끼리 만나는거임. 일반 회사원은 눈에 안들어 오고 재력 있는 사람 만나려고 하다보니 사업가랑 엮기게 되는거고......인성을 천천히 살펴볼 시간이 없었던거지..결국 결혼이란 도박에 베팅을 한거고  실패한거임....이렇게 망한 케이스가 얼마나 많음....쯧쯧...돈은 잘벌면서 션같은 사람이 세상에 어딪음.....0.0001% 확률은 바라다니....욕심이 많네...,False,,0.0,0
@piepiepii,병원좀 가보세요,True,@chung6693,3.0,0
@착한아이-u8e,@@piepiepii왜 맞는말인데,True,@chung6693,3.0,0
@Scotty_the_REX,"자산 10억만되도<br>얼마든지 많은 여자들이랑 놀 수 있는데 왜 한 여자한테 얽매여야하나 이런 생각들고 손해보는거 같은 그런 생각든다.<br><br>뭐 연예인같은 여자들이랑 맨날 놀지 못하겠지만 대충 집, 차있고 자산 몇억 있으면 일반여자애들 쉬지않고 바꿔가며 만날 수 있음<br><br>10억 자산으로도 이러는데 연예인들이 시집가려는 사업가들은 어떻겠음.<br><br>상향혼도 적당히 상향해야지<br>ㅈㄴ 상향할거면 자신이길 포기할 각오를 해야할듯",True,@chung6693,3.0,0
@e-solee7710,재산이 2조라는게 말이 안돼지….,False,,0.0,0
@ghye388,벤-소개받기로 했어 노래 진짜 좋음<br>뭔가 좀 묻힌 느낌이라 ㅠ,False,,0.0,0
@김황도-s7t,나한테 부족한 남편인건 참고 넘어가고 살 수 있는데 아이한테 좋지 않은 남편이라 생각 되면 헤어지는게 맞다 생각됨 나도 딱 그런 생각으로 헤어졌는데 거짓말 하는게 문제인것도 너무 비슷하네,False,,0.0,0
@DoDo-v7q2p,결혼하기 전에 그 생각을 가지고 결혼을 해야 되는데…,True,@김황도-s7t,2.0,0
@BUJAYOUCHIN,일단 한쪽 말만 듣고 판단하면 선동에 쉽게 휩슬리기 쉽상 이런 방송류가 쫌 일방적인 관점에서 보여주는것이라 ...,True,@김황도-s7t,2.0,0
@임예진-m9s,부모님의 불화 속에서 살면 자녀도 정말 견디기 힘들 정도로 힘들고 그 사이에서 벅차요,False,,0.0,0
@ShowMINI,힘낼수잇음 벤형... 나도 홀로서기햇음  남자임.....하하하하 화이팅ㅋㅋㅋ,False,,0.0,0
@두루미구구,곁에있는 사람에게 상처주지말자.,False,,0.0,0
@TV-fn2wk,본인선택인데 감당해야지 뭘 안타깝니 어쩌니 하고들있어 돌싱이 자랑인가ㅋ,False,,0.0,0
@BOSEOK89,공주님같은분… 앞으로 행복한일만 있으시기를❤,False,,0.0,0
@honeyn.c2440,와 목소리가 너무 아름다워요 ❤,False,,0.0,0
@오트밀-o5c,ㅎㅎ<br>돈 벌어야겠어서 나왔죠유? ㅎㅎ<br>개눈감추듯 조용히있다 그지? ㅎ,False,,0.0,0
@youringgaeshung,님은 돈 벌러 안 나감?? 자기 일 하는 건데 뭐가 그리 꼬우심?? 일 안 하면 뭐 먹고 살라고,True,@오트밀-o5c,1.0,0
@흐-f1l,나한테 시집오삼! 청소 빨래 다할게,False,,0.0,0
@설체리-k3f,사과하세용😊,True,@흐-f1l,2.0,0
@user-md8yg4wqpo,돈없지 꼬죠,True,@흐-f1l,2.0,0
@NaRi_2023,지금 행복하시면 됐습니다.😊❤,False,,0.0,0
@NaRi_2023,"힘내세요<br>😊❤ 행복해 질 자격 충분히 있으십니다.<br>누구나 결혼 365일동안 매일 행복 타임만 있는건 아닙니다.<br>결정 선택은 어려웠지만, 행복하기 위한 선택이었기를 바랍니다.<br>그 과정 너무 많으셨겠습니다.😢<br>리아, 리아 마미 화이팅!!!!!",False,,0.0,0
@NaRi_2023,"인생은 절대~ 라는건 없는것 같습니다.<br><br>아니라고 하면, 출산후, 빠른 선택, 결정도 수고하셨겠습니다. 앞으로 좋은 일 가득하시길 바랍니다.😊❤",False,,0.0,0
@NaRi_2023,노래와 감정이 어디에서 나오는건지요.😊❤  대단요.😊❤,False,,0.0,0
@NaRi_2023,"아니라면,<br>빠른 선택도 좋을것 같습니다.😊❤<br>암튼, 벤님 노래는 짱요😊❤",False,,0.0,0
@tama2234.,저 예쁜 여자랑 헤어지다니,False,,0.0,0
@은혜박-r8d,응원해요~~~~음악도잘듣고잇어요~~오늘 벤노래로 죄다 바꿈 벨소리 컬러링~~~최고 이뻐영,False,,0.0,0
@아름다운바다-e9f,돈보고결혼한 최후 ㅋㅋㅋㅋㅋㅋㅋㅋㅋ,False,,0.0,0
@NamGiChu,29살에 결혼 했는데<br>일찍 결혼 했다고? ㅋㅋ,False,,0.0,0
@정지윤-y2s,요즘 기준으론 일찍한거죠<br>다들 안해서,True,@NamGiChu,3.0,0
@김나연-t3n,요샌 대부분 30대 초중반에 하니까요,True,@NamGiChu,3.0,0
@user-rl1mw2fp2f,넌 고독사 할거니까 남 인생 훈수 ㄴ,True,@NamGiChu,3.0,0
@김태규-o5y,청명하고 맑은 영혼이 진심으로 이별노래 해주는 느낌..유희열 스케치북 데뷔부터 빅팬입니다 행복하세요~!,False,,0.0,0
@user-cckhdsik538_rdg,와… 립싱크하는거 같아.. <br>음원이랑 라이브 차이가 없어 ㅠㅠ,False,,0.0,0
@iamtrader4967,노래 진짜 타고났다.. 목소리 자체가 상위1프로,False,,0.0,0
@Fjdixjdnsksoka,나거한이네...<br>역시 결혼은 희생이다..<br>희생할 생각 없으면 결혼생각안했으면....<br>남자의 희생은 당연하단 생각좀 하지말자...이기적인 사람들아~~~,False,,0.0,0
@IvarKerri,그놈의 ㄱ글 에서 벳프리 댓글 ㅈ 나많네 그렇게죠 좋은가보지 보러갈까?ㅋ,False,,0.0,0
@QuentinBobbie,그놈의 ㄱㄱ글글  에에서서  벳벳프프리리  진때짜문에 보 다내거보기면  닳빠고져 든닳다아 서라 이없브어에지 겠수네위도좋고 외모도 좋고 삼박,False,,0.0,0
@gutkim802,가정사는 힌사람만 얘기만 듣고 떠들만한상황은 아님...양쪽얘기를 다 들어보는게 맞을듯 ...,False,,0.0,0
@달래-t5s,벤이행복하면 된거야❤😊,False,,0.0,0
@Sam-nn9wh,상대방 이야기도 들어봐야할듯 뭔 말인지 모르겠네,False,,0.0,0
@진주개코,살아봐야안다... <br>안살아보면 모른다,False,,0.0,0
@yl6862,근데 본인도 남자 그지같은거 알고 한거아닌가? 결혼전에 말많았던거같은데,False,,0.0,0
@URi861,근데 너무 의미부여하지마세요ㅜ다 그래요 그 본인만 그럴거 같다라는 착각이 싱글맘을 더 힘들게 해요 굉장히 힘들고 큰 결심이지만 굉장히 흔해요 그냥 잘 사시고 행복하게 지내고 누군가를 미워하지마시고 엄마가 즐겁게 자기 삶에 집중하며 잘 살면 아이도 알아서 잘 삽니다 전남편도 본인의 행복을 위한 존재가 아니듯 아이도 그렇습니다 스스로 행복하지 않으면 자기욕심에 혼자 불행해놓고 주변탓하는 변명입니다 즐겁고 행복하게 잘 사세요 그러면 되는겁니다 우울증도 스스로 만드는 마음의 병인것이고 스스로 행동해서 극복하는 겁니다,False,,0.0,0
@귀염뽀짝-t8b,결혼한지도몰랏엇네ㄷㄷㄷ,False,,0.0,0
@안드로-p6b,에고 좀만 버티시지..  그. 힘든시기를 보내면<br>나아져요..에구,False,,0.0,0
@차차차-e3o,"<a href=""https://www.youtube.com/watch?v=8T_BFKMrulQ&amp;t=357"">05:57</a> 누나같지 않냐뇨ㅠㅠㅠㅠㅡ딸인디요",False,,0.0,0
@youngsuson7856,자업자득 ㅎㅎ,False,,0.0,0
@강건마-m3p,자업자득임,False,,0.0,0
@ZaneMarie,ㄱ글 에서 벳프리 보느라 눈밑에까지 다크써클 들어옴 ... 진짜 근데이뻐서 눈을못떼겟다...,False,,0.0,0
@오오미-ohohme,딸이 아빠를 너무 닮았어... 복붙수준이네...,False,,0.0,0
@에즈라76587,벤씨 리아랑 함께 노래 불러보세요 대박 날 것이예요🩷🩷🩷,False,,0.0,0
@뭉리리,목소리 진짜 명품,False,,0.0,0
@에코맨-s3r,힘내세요!!!! 응원합니다!!!!!!,False,,0.0,0
@김아잉아,벤~ 행복하려고 결정한거 잖아요. 당신은 충분히 행복할 자격이 있어요. 결혼 소식 듣고 벤 왜 그랬어...했는데 이런 소식 들으니 맘 아프지만 그래도 참고 살며 죽어가면 더 슬픈일이예요. 잘 했어요. 이제 행복한 맘 될 거예요. 다 괜찮아요. 사랑해요~ 벤~~❤,False,,0.0,0
@Qqqqqaaaafgggg,남편이. 원래부터 문제많던 인간이라는 말 들은것같은데 왜그러고 남 인생망치고사나 모르겠네요,False,,0.0,0
@DoDo-v7q2p,왜 결혼했을까 그게 문제지…대부분 않좋게 끝내는 여자연예인들 보면 그 상대들 원래 다 사기꾼에 난봉꾼에 드런애들인데 바보들도 아니고 결혼한 이유가 있겠지…공통점은 돈 많고 사업하는 애들이라는거…,True,@Qqqqqaaaafgggg,2.0,0
@경미김-v8e,​@@DoDo-v7q2p<br>남자들한테 돈있으려니하<br>고 얼른 결혼한거죠ᆢ<br><br>남편이 원래 임지연이랑<br>도 사귀어잖아요ᆢㅋ<br>임지연은  빨리 끝냈으니<br>다행인거고ᆢ,True,@Qqqqqaaaafgggg,2.0,0
@피카츗,돈보고 사업가 만난거아닌가. 그 영향이큰거아닌가,False,,0.0,0
@박민재-x9r,뭐만 하면 사업가..<br>연예인들 중 진짜 사랑해서 결혼한 부부들은 얼마나 될까?..,False,,0.0,0
@blackdragon6247,아이는 금방 큽니다. 10 년 후딱 지나갈 정도로 정신없이 육아하다보면 인생 잘 살게 됨... 그냥 하루하루 즐겁게 살다보면 그것이 다 소중한 추억이 됨 ...지금 순간의 행복이 중요함....,False,,0.0,0
@shsmoving,좋아하고 잘나가던 가수가<br>이렇게 아픔이 찾아오면 너무 슬프다..,False,,0.0,0
@장어-b3j,이래서 여자가 경제력을 가지면 안됨..,False,,0.0,0
@착한아이-u8e,왜 시대가어느때인데,True,@장어-b3j,1.0,0
@glow4366,남들이 다 말리는 결혼한 최후네<br>지금이라도 정신차렸으니 아기랑 잘 사시길,False,,0.0,0
@tqqq5005,결국 돈이구만 이런방송좀 그만해라<br>맨날 여자가 피해보고 힘들었다,False,,0.0,0
@user-md8yg4wqpo,돈이없어서?,True,@tqqq5005,1.0,0
@김콜라-h7c,"나도 파혼한 경험이 있어서<br>너무  공감되네...<br>같은 상황, 패턴이  계속 반복&amp;반복<br>사람  절.대  안바뀌더라",False,,0.0,0
@dimKel,29살이면 적당한 나이에 한거지 뭐가 결혼을 늦게 한거냐,False,,0.0,0
@정지윤-y2s,"<a href=""https://www.youtube.com/watch?v=8T_BFKMrulQ&amp;t=218"">3:38</a> 이른 나이에 일찍 했다고 나옵니다",True,@dimKel,2.0,0
@빵빵이-u6m,ㅋㅋㅋㅋ 게다가 만 나이임 2021년이면 31살인데,True,@dimKel,2.0,0
@Z.zozozzz,표정에서 지치고 힘든 모습이 보여요ㅠㅠ 좋은 일 들만 가득할거에요!  완전 응원합니다 ❤ 팬들이 있기에 화이팅,False,,0.0,0
@GaleLouisa,여기댓글 왜이럼 ㄷㄷ ㄱ글 에서 벳프리 도대체 머길래--?,True,@Z.zozozzz,3.0,0
@BlueberryDarlene,ㄱ글 에서 벳프리 보고 나면 다낵질 보충제 한사발 빨아야 한다는데 사실인가요?ㅋ,True,@Z.zozozzz,3.0,0
@KathyRenee-d5x,ㄱ글 에서 벳프리 보느라 눈밑에까지 다크써클 들어옴 ... 진짜 근데이뻐서 눈을못떼겟다...,True,@Z.zozozzz,3.0,0
@benefit-,잘한 결정이에요. 리아랑 항상 행복하고 좋은 추억만 많이 많이 쌓으세요😊,False,,0.0,0
@DouglasPercival,ㄱ글 에서 벳프리 보느라 눈밑에까지 다크써클 들어옴 ... 진짜 근데이뻐서 눈을못떼겟다...,False,,0.0,0
@ArianaLola-m9d,ㄱ글 에서 벳프리 이 ㅓㅇ도로 유명했음?  내 듣보잡인줄 알았는데 ㄷㄷㅋ,False,,0.0,0
@h2euuu,요정같은 비주얼에 노래 너무 잘 불러서 참 좋아했었는데 어쩌다ㅜㅜ 너무 안타까워요,False,,0.0,0
@DKYOLO,아빠가 되니 우리 부모님과 비교가 되더라구요..<br>엄마가 되는것도 아빠가되는것도 본인이 겪으며 커가는거 같더라구요<br>리아만 보며 이쁘게 키우시고 <br>아이가 엄마라고 했을때 기쁨<br>아이가 엄마에게 삐뚤한 글씨로 편지 받았을 때 기쁨<br>아이가 그간 받은 용돈을 내 생일이라고 준 용돈의 기쁨도 차츰 느끼시고 <br>노래 꼭 다시 들려주세요~ 기다립니다~,False,,0.0,0
@user-fsultrashwixskz,남자들이 복에겨운줄도  모르네..,False,,0.0,0
@tqqq5005,주접떨지마라,True,@user-fsultrashwixskz,1.0,0
@야생베리맹수콩이,진짜 똑똑하다 .. 이렇게 빨리 지혜로운 결정을 하다니. <br>앞으로 딸 리아와 행복하게 또다시 좋은 음악 시작할 수 있어요~ 화이팅!!,False,,0.0,0
@오렌지-c4o,똑똑한사람이 남자보는 눈은 없나보네,True,@야생베리맹수콩이,5.0,0
@abcdefgg586,남자가 돈보고 결혼했나본대,True,@야생베리맹수콩이,5.0,0
@다음생엔,​@@오렌지-c4o그럴수있습니다. 인생을 조금더 살아보세요...위로의 글에 굳이 이런 댓글을 다는건 당신의 시간을 낭비할뿐입니다,True,@야생베리맹수콩이,5.0,0
@puupuu5457,결혼 전에는 본모습을 속이는 남자 또는 여자가 많습니다.,True,@야생베리맹수콩이,5.0,0
@희중김-f7p,남편만 잘못이있다~~~?,True,@야생베리맹수콩이,5.0,0
@진다엘-v3f,벤이 결혼 했었구나,False,,0.0,0
@Hingnanana,생얼이 저렇게 이쁘네.. 와중에😮,False,,0.0,0
@gujung5265,벤.. 진심으로 응원합니다!!,False,,0.0,0
@rotima-v6c,여자들은 아이들을 책임져야한다...는 생각을 마니 하는것 같다..나도....<br>남편보다는 아이들이 먼저인거 보면...엄마이기때문에 포기했던부분이...아마 아기덕분에 다시 돌아갈수 있을것 같애요.<br>분명히 마니 도와줄꺼에요..하늘은..<br>보고있어요....나쁜짓을..하는 인간은..반드시..벌을 받아요...<br>세상...살아보니...정말...벌을 받더라구요.내가 나쁘게 굳이 하지않아도..하늘에서 벌을 줍니다.......그러니깐  잊고 잘 지내길 바래요..행복하면 된겁니다..<br>응원합니다~~~❤❤❤❤,False,,0.0,0
@seokseong6875,남편보다 아이가 먼저라고 대놓고 말하시는걸 보니 갈라서신 이유가 있네요,True,@rotima-v6c,1.0,0
@김씨들엄마,콘서트 가서 실제로 들어봤었는데요 정말 충격이엿어요. 스피커가 성량 못담음,False,,0.0,0
@sj-br8ck,응원해요...,False,,0.0,0
@gaeyn,베베미뇽때부터 왕팬입니당,False,,0.0,0
@banji-nn3oq,벤❤❤ 우리는 당신의 노래하는 모습 그 목소리 자체를 사랑해요❤,False,,0.0,0
@꾸이깡,내 기억에 벤이 노래 막 뜨고 릴스 이런데도 엄청 나오고 대학축제도 많이 뛰고 할때 딱 결혼했던걸로 기억남 ㅜ,False,,0.0,0
@foop491st79,손바닥도 마주쳐야 소리가 나지.,False,,0.0,0
@yahoho366,대체 저런 여자를 어떻게 사랑하지 않을수가 있을지.....,False,,0.0,0
@김댜미-p5v,땅콩이라그런듯..,True,@yahoho366,2.0,0
@최진경-n8r,​@@김댜미-p5v ㄹㅇ,True,@yahoho366,2.0,0
@dbsgusals9,결혼전부터 사기꾼이라고 소문자자했는데 지가선택한거임,False,,0.0,0
@블리슈-h2b,굳이 이런말을 악마야,True,@dbsgusals9,1.0,0
@GlynnisPrecious,그놈의 ㄱ글 에서 벳프리 때문에 내거기 닳고 닳아서 없어지겠네,False,,0.0,0
@LeahJanice-e7n,진짜 ㄱ글 에서 벳프리 에서 방송 하시던분 진짜 잼있어 ... 다시보고 싶어서 가보자 ㅋ,False,,0.0,0
@EthenSelena,ㄱ글 에서 벳프리 진짜 보다보면 빠져든다 라이브에 수위도좋고 외모도 좋고 삼박자 지렀으,False,,0.0,0
@PhilipRobert,진짜 ㄱ글 에서 벳프리 에서 방송 하시던분 진짜 잼있어 ... 다시보고 싶어서 가보자 ㅋ,False,,0.0,0
@FeliciaHalden-v7g,ㄹㅇ ㄱ글 에서 벳프리 보면 다른거 눈에도 안들어옴 그냥 다시보면 되니까 개이득임 ㅋㅋㅋㅋㅋ,False,,0.0,0
@SCscv31,역시 돈이넼ㅋㅋㅋㅋ,False,,0.0,0
@monoyou4500,목소리가 악기같다...,False,,0.0,0
@kor_피터팬,그래도 결단력있게 일찍 헤어지고 빨리 재기하는게 더 잘한겁니다. 회피하지말고 당당히 맞서서 행복을 쟁취하세요. 응원합니다.,False,,0.0,0
@이바니-j5u,벤 남편이 나쁜놈  이었는가,False,,0.0,0
@user-xs7wi4no2p,돈보고가더니 결국 돌아오네,False,,0.0,0
@허기범-z6y,육아도 화이팅! 가수로도 화이팅!!,False,,0.0,0
@주도산-x9t,근데 남편입장도 들어봐야 되는거 아닌가?,False,,0.0,0
@레전드오린이,남자건 여자건 사람을 잘 만나자,False,,0.0,0
@꽈자묵자,오로지 돈만보고 결혼한자의 최후....이제와서 남자탓???,False,,0.0,0
@AngryOneMonkey,눈물나네,False,,0.0,0
@jhr5162,아가도 이쁘고 언니도 이쁘고 저 응원 할께요❤,False,,0.0,0
@user-dd9is1jh4k,사촌언니도 첫아이임신 하고 1-2년동안 우울증에 완전 제정신아니던데.. 남편문젠가요,False,,0.0,0
@DoDo-v7q2p,왜 그렇게 생각하나요?,True,@user-dd9is1jh4k,3.0,0
@모닝-t4p,아뇨 본인탓,True,@user-dd9is1jh4k,3.0,0
@유은혜-l8r,산후우울증이면 남편문제에요.남편된사람이 공동육아안하고 아내분한테 독박육아맡겻나봐요.,True,@user-dd9is1jh4k,3.0,0
@아아아-r9m6s,뭔일이잇든 굳이 뉴스도아니고 토스쇼나와서 이걸주제로 한다는게 좀 이해가 안감 <br>감정호소방송같음,False,,0.0,0
@baptol4174,여자문제네.😢,False,,0.0,0
@BIuewhaIe,난쟁이 아줌마 버림받았누ㅋㅋ,False,,0.0,0
@착한아이-u8e,너처럼?,True,@BIuewhaIe,4.0,0
@user-md8yg4wqpo,ㅋㅋㅋㅋㅋ,True,@BIuewhaIe,4.0,0
@BIuewhaIe,@@착한아이-u8e 아줌마도 남자한테 진짜 사랑 받아본적없죠ㅋㅋㅋ,True,@BIuewhaIe,4.0,0
@착한아이-u8e,@@BIuewhaIe 남잔데요 이 아줌마야ㅠ<br>넌 평생 혼자살팔자같다 ㅠ 평생 푸들이나 난초나 키우면서 잘 살아 ㅠ,True,@BIuewhaIe,4.0,0
@김동그라미-j2m,목소리는 너무 좋은데 가사가 너무 슬프네요…,False,,0.0,0
@장민성-c3s,"결혼이 당당하고 뻔뻔한 세상, 미쳐 돌아가는 세상, 본인 선택에 대한 책임 대신 남 탓으로 미화시키는... 애만 상처 받지 ㅎㅎㅎ",False,,0.0,0
@먐먀미-n7i,딸이 아빠네..,False,,0.0,0
@Julidoli_house,근데 정말 화장 안하시는게 백배는 더 예뿌시네요…😮❤,False,,0.0,0
@함잡다,소문인지 몰라도 주변에서 결혼 말렸다는데 뭔가 아쉽네 ㅠ 루비루 노래 주인공이 되다니..😢,False,,0.0,0
@고독한여행가,결혼하고 돌지나고 고비라고 하더니.. 진짜 그말이 맞는것같다. 힘내요,False,,0.0,0
@jaehyoun,고음으로만 승부하는 노래는 수명이 길지 않다,False,,0.0,0
@woony1111,근데 음색도 좋아서.. 롱런할듯,True,@jaehyoun,1.0,0
@유삼열-v2p,정신력 대단하네요<br>강한엄마가 돼주세요,False,,0.0,0
@junee1019,위피 기념 데이트 쿠폰: 위피 OWK7YE,False,,0.0,0
@qwertyuiopzzz,벤 힘내요!!❤,False,,0.0,0
@dgghjjjlh6276,결혼할때 댓글들이 하지말라고해서 이상했는데 ..,False,,0.0,0
@김뭄낸,엥 호텔델루나 오스트 브금깔고 내일 표지는 뭐야 ㅋㅋㅋㅋ,False,,0.0,0
@peace2874,공감이 잘안되네,False,,0.0,0
@forevercb100,잘 이겨내고 잘 참았어요. 아이를 위해 정말 잘한 선택이에요! 아이한테 아빠란 자리는 중요하지만 엄마가 우울한 얼굴과 표정 아이들은 다 알고 있거든요. 그걸 더 크게 느끼기 전에 끊어내신건 잘 한거에요. <br>아빠자리는 엄마의 행복한 얼굴과 함께하는 시간이 느껴지지 않고 익숙해지게 해줄거에요!!! 힘내세요~~~ 💕💕💕,False,,0.0,0
@바다가좋다123,벤 최고,False,,0.0,0
@getlucky77777,그냥 예상된 결과아님?,False,,0.0,0
@user-ih6dj2uf3p,윤민수가 왜 결혼식때 오열했는지<br>이제 알것같은....,False,,0.0,0
@현우-f7v,예? 윤민수ㅋㅋㅋㅋ룸돌,True,@user-ih6dj2uf3p,2.0,0
@llol837,@@현우-f7v 윤민수 룸 좋아하나요?? 아가씨들 다니는??,True,@user-ih6dj2uf3p,2.0,0
@wnekwnek3574,무반주에 어떻게 떨림 울림 이벤트를 보여주지 목소리에 반했다...,False,,0.0,0
@tv-bn1gq,"벤님,지금은 많이 힘들겠지만 이겨내시고 축복같은 목소리로 꿈 잃지 마시고 힘내세요<br>응원할게요  by팬중1인❤",False,,0.0,0
@_parkhee,목소리만큼이나 정신도 얼굴도 예쁜 사람을 놓친 그남자가 불쌍하다,False,,0.0,0
@누렁이-d5o,매일 엄마아빠 싸우고 혹은 투명인간 취급하고 불안에 떨고 그런 환경에서 아이가 크는것보단  혼자 키우더라도 아이도 나자신도 마음만은 행복하게 사는게 나을거라 생각해요ᆢ 각자 부모의로써 할도리는 하고 ᆢ항상 건강챙기시고 이쁜딸과 행복하게 지내세요^^♡,False,,0.0,0
@EthenSelena,헬창들도 ㄱ글 에서 벳프리 보면 근육 다빠진다며 ㅋㅋㅋㅋㅋㅋㅋㅋ 사실임??,True,@누렁이-d5o,5.0,0
@LeahJanice-e7n,이 댓글 보고 ㄱ글 에서 벳프리 보고있는 내 인생이 레전드네 씨밬ㅋㅋㅋㅋㅋ,True,@누렁이-d5o,5.0,0
@DouglasPercival,그놈의 ㄱ글 에서 벳프리 댓글 ㅈ 나많네 그렇게죠 좋은가보지 보러갈까??,True,@누렁이-d5o,5.0,0
@QuentinBobbie,ㄱ글 ㄱ에글서  에벳서프 리벳 프진리짜  보보느라다 보눈면밑 에빠까져지든 다다 크라이써브클에  들수어옴위 도.좋.고.  외진모짜도  근좋데이고뻐 삼서 박눈자을 지못렀떼으겟다...,True,@누렁이-d5o,5.0,0
@QuentinBobbie,ㄱ글 ㄱ에글서  에벳서프 리벳 프진리짜  보보느라다 보눈면밑 에빠까져지든 다다 크라이써브클에  들수어옴위 도.좋.고.  외진모짜도  근좋데이고뻐 삼서 박눈자을 지못렀떼으겟다...,True,@누렁이-d5o,5.0,0
@고봉밥브,자신이 똑똑하다고 항상 맞다고 생각하는게 지옥을 불러옵니다.. 특히 여성분들,False,,0.0,0
@skhynix4346,벤 트로트X 에서. 첨 보구 그때 부터 팬이었습니다.   응원합니다. ❤,False,,0.0,0
@zerooo8,아이를 품었던 엄마들은 다 아이를 양육하고 싶어한다. 보다 나은 미래를 위해 <br>멋진 결정 응원합니다.,False,,0.0,0
@양정순-h2i,힘내요~  앞으로  매일 매일   웃으날이  될거에요.   응원합니다 😊,False,,0.0,0
@ps9440,도축 ㄷㄷ 국결갑니다,False,,0.0,0
@김정수-n3e,결말이 예상되던데 ㅋㅋㅋ 이제와서     <br>탓하는것도 코미디네,False,,0.0,0
@이나-b7u,목소리 넘 좋아요 콘서트하면 꼭 한번 보러가고싶네요 응원합니다😍,False,,0.0,0
@crachel5421,목소리 너무 예쁘다 ❤,False,,0.0,0
@gtroap,눈에 슬픔이 있어요...<br>저도 1년전부터 두아이 키우는 싱글맘을로써 같이 울면서 봤어요... 벤씨 말하는거 듣는데 제 마음속 얘기를 듣는거 같아서 공감되고 슬펐어요 앞으로 행복하시길 바래요ㅎㅎ,False,,0.0,0
@a_a__a___aaall,님도 화이팅입니다 !! 응원할게요 !! 멋진엄마,True,@gtroap,4.0,0
@형님-y1h,남자잘만나라,True,@gtroap,4.0,0
@newnewgg,@@형님-y1h 뭘 다시 남자를 만나요ㅋㅋ 안만나라고하는게 축복임,True,@gtroap,4.0,0
@WonderGrow,힘내요 다 지나가고 잘될거에요 꼭,True,@gtroap,4.0,0
@saemjung5094,다시 가수로서 만나요.,False,,0.0,0
@kangsoo2949,에혀 😢😢😢😢안쓰러버 힘내요 잘 이겨낼꺼예요 😢😢엄마,False,,0.0,0
@dsffn,"좋은사람 만났으면 좋았을텐데,, 안타깝네요 ㅠㅠ 지금이라도 예쁜 딸이랑 행복하게 사시길,,!!",False,,0.0,0
@5752ksm,벤은 사랑이다❤,False,,0.0,0
@ffttiejfej-q8b,"사업하는 사람들 겉으론 성공한 사람처럼 보여도 아닌사람이 90프로이상이라 봐도 무방함. 백종원급 아닌이상 절반이상이 허세고 일시적이고 잘되어도 덜떨어지고 인성안갖춰지면 금방 나락가서 번돈도 금방 말아먹음. 공통 특징은 밥먹듯 거짓말하고 술,여자문제, 도박 짝꿍으로 붙어다니고 말마다 허세와 과장, 높은 위치에 있는 지인자랑(보통 안친함) 엄청심함. 명품을 전신에 달고다니고 바르고 다녀도 정작 자기돈은 없다는거. 까보면 진심 쥐뿔도 가진게 없음",False,,0.0,0
@jnetlounge,"헐 결혼을했었군요, 안타깝다 ㅠ",False,,0.0,0
@Louislove-i5,응원해요 ❤❤❤,False,,0.0,0
@HyungsubChung,말하는거보니 여자문젠가보고,False,,0.0,0
@모든것-m9y,세상에 엄마와 딸만 남는듯,False,,0.0,0
@모든것-m9y,"결혼만하면 왜케 후폭풍이야!진짜,이거 의도적인건지 역지사지시켜 죠지는거면 잡아야함",False,,0.0,0
@모든것-m9y,목소리 진짜 또랑또랑하네,False,,0.0,0
@jooyoungpark7039,벤 내스타일이야,False,,0.0,0
@IceCoffeeee,다시 노래를 들을수 있다는것에 팬들은 감동,False,,0.0,0
@Kangjj-i3c,이제혼자다 보고 할머니펜 되었네요<br>벤씨 아주야물딱져 보여요 리아와 잘살아가리라 생각합니다<br>힘내세요 ~~,False,,0.0,0
@김서연-x2e3w,아기도 넘 귀엽구 행복하세요 ❤,False,,0.0,0
@비올렛-l8r,벤 안타까웠음.<br>한참 잘나갈때 결혼발표 해버려서 <br>그게 참 아쉽고 안타까웠음 ㅠ<br>결혼안했다면 지금쯤 바쁘게 잘나가는 가수가 되지않았을까싶다<br>그래도 아이낳고 행복을찾아서 잘살아가고있으니까 이것도 보기좋네요❤<br>지금도 벤이라면 모르는사람이없을정도로 유명하니까 다시 새로운마음으로<br>이겨내서 멋찐사람 그리고 멋찐엄마로<br>행복하게 잘살았으면 좋겠다..<br>이제 그만울고ㅠ울지말아요~<br>벤 사랑하는팬들이 많고 응원하니까 힘내요❤❤❤,False,,0.0,0
@professionalappreciator,그게 결혼이랑 뭔 상관임? 그냥 자기가 결혼하고 가수생활을 접는 걸 선택한 건데. 결혼이 아쉬운 게 아니라 그 가수를 접은 게 아쉬운 거면 모를까.,True,@비올렛-l8r,4.0,0
@비올렛-l8r,@ <br>그니까 한참 잘나가고 활동했을때<br>결혼발표하고 결혼한후 갑자기 가수활동<br>뜸해서 그게 아쉽다고,True,@비올렛-l8r,4.0,0
@alohomora4520,​@@professionalappreciator육아하면 대부분이 본업 활동 뜸하게하니까,True,@비올렛-l8r,4.0,0
@람-h2p,​@@professionalappreciator 결혼하면 가족한테 집중해야하니까 당연히 잊혀지죠 ㅡㅡ 말을 못알아들어,True,@비올렛-l8r,4.0,0
@혼돈신,응원합니다  벤 ㅋㅋㅋㅋㅋ,False,,0.0,0
@sca6dkl28fl39,마이크도 안댄 생목에서 저런 목소리가 나오네. 진짜 가수다❤❤,False,,0.0,0
@울엄마-p7y,내가 좋아하는  벤이다.<br>우왕 반가워요.<br>항상 응원할께요. 화이팅!!,False,,0.0,0
@Seco-n7h,이런프로좀 사라져라 도대체 시청자들이 얻는게있어야지 폭로가 주목적이며 자극적인것만 보여지게하려는 참 쓰레기방송,False,,0.0,0
@이둥둥-g1o,대부분 엄마들이 전부 자기 자신의 모습을 버리고 사는것 같은데 더 많이 사랑해주세요!!!,False,,0.0,0
@시한폭탄-r4u,벤이 행복했음 좋겠다....😊,False,,0.0,0
@dsking1301,결혼한지 20년 됐는데요. 결혼2~3년은 너무 힘들었습니다. 모든것이 하지만 서로 이해할려고 노력하다보니 지금은 행복하게 잘살고있네요.,False,,0.0,0
@살찐고양이_ko,베베미뇽 때부터 좋아라해서 응원했는데. 너무 후다닥 결혼하길래 불안하다했는데 ㅜㅜ 꽃길만 걸으시길 여전히 응원합니다,False,,0.0,0
@monkey92k,아기낳고 산후우울증에 온몸 관절이 아프고 힘들었을텐데... 거기다가 가슴 아픈일까지... 다시 용기내서 방송 나와줘서 고마워요❤ 아기 낳는게 얼마나 힘든건지 알아요... 얼마나 힘들었을까....,False,,0.0,0
@shk7484,갈등이 많았으면 피임을 했어야지 ..<br>아무리 애를 좋아해도..<br>안타깝다,False,,0.0,0
@댕댕이-n3o,"전혀,,? 이렇게 될줄 누가 알았겠어,, 그때는 좋았다가 나중에 갈등이 생기게 된거겠지",True,@shk7484,3.0,0
@suinkim9885,무슨 말을 저렇게 함...ㅡㅡ,True,@shk7484,3.0,0
@user-te5hp9jh5m,ㅋㅋㅋㅋㅋㅋㅋㅋㅋ얘 뭐라는거임.?,True,@shk7484,3.0,0
@건강이최고-k1x,딸얼굴이 아빠 판박인데 <br>보기만하면 열받고 생각나서 힘들듯,False,,0.0,0
@user-xc6oz6gy4f,머래 닥쳐,True,@건강이최고-k1x,1.0,0
@jennykkk,벤씨 힘내세요 ❤ 지금 그 어느때보다 아름다워 보여요. 우리 엄마들은 강하잖아요. 지금 당장 킬링보이스 보러갑니다 ❤.,False,,0.0,0
@bri-vp4jt,"육아가재밌는것다,.아이를사랑하는마음으로",False,,0.0,0
@bri-vp4jt,전 거의비슷한상황을 공감해서 새벽내내잠못이루고 방송보며울었네요 ..공감때문에더더슬펐으니까요,False,,0.0,0
@김미연-x1x,벤 오랜만  화장안한 얼굴 더 이쁜거 같네요 ~,False,,0.0,0
@yuline121,벤님 소식 너무 궁금했는데 이렇게 더 단단해진 모습으로 돌아와줘서 고마워요! 사랑하는 음악과 리아와 함께 행복하게 살아가는 모습 응원할게요❤,False,,0.0,0
@hj5829,힘들때 벤노래 들으며 버텼는데 너무 안타깝네요.<br><br>행복하시길 바래요.. <br>응원합니다,False,,0.0,0
@염서정-k8q,벤씨 힘내요  이쁜 아가랑 행복하세요 언제나 응원합니다^^♡,False,,0.0,0
@신발장-k3h,소녀,False,,0.0,0
@zionew0911,지금의 아픔으로 깊은 노래를 부르게되길...<br>지금의 아픔을 추억하게 되는날이 오길 바래요~!!,False,,0.0,0
@해바라기-d8r,벤~~ 행복하세요~~ 너무 좋아요,False,,0.0,0
@laf-pn3dg,벤 같은 여자 가수들이 나라는 가수나 비긴어게인같은데 나오ㅏ야됨. 실력을 썩히는게 말이안됨. 애들 몇년 잘 키워서 육아 잠시 맡기고 빠른 활동 하시기바랍니다.,False,,0.0,0
@TRUMKING.2025,비긴어게인 안나감? 나간걸로 아는데,True,@laf-pn3dg,8.0,0
@iporeews,지금 당장은 나가기힘듦...보통 해외로 가는데 지금 저 어린 애를 데리고가기도 힘들뿐더러 어머니께 맡기기도 힘듦..애도 엄마찾고 이래서...,True,@laf-pn3dg,8.0,0
@힐링사랑해,돈은 엄청 벌어놨겠다…. 다만 감정적으로나 정신적으로 힘들어보여서 꼭꼭 회복하고 팬들의 사랑으로 극복하시길❤,True,@laf-pn3dg,8.0,0
@laf-pn3dg,여자연예인들 사업가남들이랑 결혼좀 안했으면.  차라리 연예인이랑하삼.. ...<br>보증된연예인...여자들이 남자가 돈이 많아서 결혼했을거라는 소문이 말이 안되는게  딱히 재벌도 아님ㅋㅋㅋㅋ그냥 구멍가게 보다 어딨는지 모르겠는 곳의  걍 개인사업가임ㅋㅋ<br>재산 해봤자 일반인 사업가남이 연예인에 비빌정도 아님ㅋㅋㅋ,False,,0.0,0
@wow8322,사업 망하면 그냥 알거지,True,@laf-pn3dg,8.0,0
@uuuumyyy,사기꾼들.. 박민영 박한별 성유리 황정음 이런애들보면 그냥 안타까움,True,@laf-pn3dg,8.0,0
@kim.serenaemery7569,사업가라서 결혼한게 아니겠죠.. 사업가이게도 해서 했겠죠.. 딱 자신의 생각 만큼만 ..,True,@laf-pn3dg,8.0,0
@Kim-pj9ln,"​​@@uuuumyyy 박민영은 안타까울 거 없어요. 결혼도 안했고, 자기 친언니를 그 남친 회사에 이사자리로 올려서 ㅎㄹ으로 돈 꿀꺽함. 남친한테 람보르기니 우라칸 노란색도 선물받음. 그러다가 취재 시작되고 기사화 되니까 갑자기 기사 나온지 하루도 안 돼서 이제는 헤어졌다고 입장 냄.ㅋㅋㅋㄱㅋ 그리고 그 빗ㅆ 횡ㄹ 의혹 기사 터지자마자 드라마로 복귀함.",True,@laf-pn3dg,8.0,0
@나는무너지지않아,사업한다고 깝치는 애들 폰팔이 마냥 믿거 해야 함 이건 과학임,True,@laf-pn3dg,8.0,0
@임현정-r5s,목소리가 탁월하긴하다,False,,0.0,0
@낭낭-e1n,벤.. 진짜 아름답다 목소리,False,,0.0,0
@dlzpgo,나의이상형,False,,0.0,0
@달콤해-d1b,애기도 이쁘고 엄마도 이쁘고 힘내서 재미있게 살아요❤❤,False,,0.0,0
@Nyanglove12,결혼은 바라면 안돼요!<br>그냥 내가 줄수있는 사랑을 하는겁니다!<br>상대가 그만큼 안준다고 하면 안되여,False,,0.0,0
@이마리-k4d,결혼초에는 이론대로 안되는게 결혼 생활,True,@Nyanglove12,2.0,0
@오오미-ohohme,기대를 하지않으면 상처도 없겠지만 세상 그 누구도 주기만하는 사랑을 평생할순없죠 ㅜ 자식도아니고,True,@Nyanglove12,2.0,0
@김연희-i5g9z,입은 웃고 있는데 눈은 공허한 느낌,False,,0.0,0
@FromJ_TV,애기 얼굴은 안나오는게 좋을거같은데 ㅜㅜ,True,@김연희-i5g9z,3.0,0
@BlueberryDarlene,그놈의 ㄱ글 에서 벳프리 댓글 ㅈ 나많네 그렇게죠 좋은가보지 보러갈까?ㅋ,True,@김연희-i5g9z,3.0,0
@Coom-Chuck,ㅋㅋㅋ지랄하노,True,@김연희-i5g9z,3.0,0
@som-xx8qh,아이유와 더불어 음원과 라이브가 똑같은 내 최애가수~,False,,0.0,0
@이채린-j6l,벤이 뭘잘못 했냐!! 왜그랬어 벤이 얼마나 사랑받고 행복하고 웃음도 많은사람 이였는데 ㅜ 이제 다시 행복해지자 ❤😊,False,,0.0,0
@최문숙-m2v,벤님 <br>제가 정말 좋아했었던 가수분이셔요.<br>이렇게 힘든 일이있었군요.<br>그치만 다 지나가요.<br>행복하게 살기 저도 응원할께요.<br>저희가 있으니까 힘내셔요!!!,False,,0.0,0
@ArianaLola-m9d,ㄱ글 에서 벳프리 진짜 보다보면 빠져든다 라이브에 수위도좋고 외모도 좋고 삼박자 지렀으,True,@최문숙-m2v,1.0,0
@초코쿠키-x4d,맞아요 윤희씨의말이 정말와닿네요 엄마가행복하고건강해야 아이도 예쁘게자랄수있어요 부모는아이의거울이라지요 힘내서 용기내서 열심히잘사세요 음악도 다시하시고 이쁜딸램한테 엄마는전부랍니다 응원해요😅,False,,0.0,0
@벨루티-n6c,난 슬프고 울고싶을땐 벤 노래만 생각나더라  자주들어요,False,,0.0,0
@옥수이-b3w,힘내고 화이팅요😂😂😂😂😂,False,,0.0,0
@은하-k2s,그럴  수  있어요  파이팅 ㅠ,False,,0.0,0
@송혜진-d2k,괜찮아요!!!  고생했어요  토닥토닥,False,,0.0,0
@jie397,관상이 좀 그랬어요 재단도 수상했어,False,,0.0,0
@Gomdori0070,"무슨  이상한 종교관련이었던 기억이 나는데.,  관련 기사가 다 사라져서 놀랐음",True,@jie397,2.0,0
@newchanny,사기꾼 관상이죠 ㅎㅎ,True,@jie397,2.0,0
@dear.se_ra,뭔 거짓말을 했길래 궁금하네요 ㅠ ㅠ 같이 아기<br>키우는 입장으로 안타까워요.. 응원합니다,False,,0.0,0
@shk7484,사기꾼임,True,@dear.se_ra,1.0,0
@이이-q2g8d,본인 평소 모습도 좀 돌아보길,False,,0.0,0
@Drwjdo,?? 어떻길래,True,@이이-q2g8d,2.0,0
@춤법맞-z6n,세상 힘든데 굳이 이런 댓글 달아야 하나요?,True,@이이-q2g8d,2.0,0
@Love84907,지금제나이에 결혼하셨네요 저는이제두딸을키우는ㅜ,False,,0.0,0
@Gracepark981,같이 있을때 지옥보다<br>혼자라서 외롭고 두려운게<br>더 견딜만하다라고 생각하면 선택의이유가 분명해지니 뒤돌아볼 필요가 없어요. 얼굴도예쁘고 얼굴보다 목소리가 더예쁜 벤  <br>수호천사 아기님과 행복할일만 남았네요. 만약 산후우울증이시라면 빨리 치료하세요~~~♡,False,,0.0,0
@장민성-c3s,그럼 결혼 선택의 이유는...,True,@Gracepark981,5.0,0
@FeliciaHalden-v7g,헬창들도 ㄱ글 에서 벳프리 보면 근육 다빠진다며 ㅋㅋㅋㅋㅋㅋㅋㅋ 사실임? ㅋ,True,@Gracepark981,5.0,0
@EthenSelena,ㄹㅇ ㄱ글 에서 벳프리 보면 다른거 눈에도 안들어옴 그냥 다시보면 되니까 개이득임 ㅋㅋㅋㅋㅋ,True,@Gracepark981,5.0,0
@LeahJanice-e7n,여기댓글 왜이럼 ㄷㄷ ㄱ글 에서 벳프리 도대체 머길래--ㅋ,True,@Gracepark981,5.0,0
@GlynnisPrecious,여기댓글 왜이럼 ㄷㄷ ㄱ글 에서 벳프리 도대체 머길래--,True,@Gracepark981,5.0,0
@peopleselbow2674,"딸이 하나도 안닮앗네,",False,,0.0,0
@함잡다,남편쪽이랑 똑같이 생김,True,@peopleselbow2674,2.0,0
@지훈-f5y,친자확인해보자,True,@peopleselbow2674,2.0,0
@한승희-m6l,벤의 엄마모습 예뻐요  딸만 바라보면  모든게 사라지고 사랑넘치는데  그무엇보다도 바끌수 없는게 자식인데 머가중헌디   헤어졌는지 같이울어네요 ~  아이만보면  다이해가되고 용서가되는데    다시 사랑 애아빠랑 사랑하세요~,False,,0.0,0
@들국화-e8z,두사람이 만나 결혼을해서 한걸음한걸음 나아가는것도 사실 힘든여정인데<br>시댁에서좀 훼방좀 놓지말길!!,False,,0.0,0
@dghbhc,벤 언니 사랑해요!!!!!!❤❤❤,False,,0.0,0
@seungahkim2529,벤님 말한마디 한마디가 단단함이 느껴져요 응원합니다!,False,,0.0,0
@만슉-d3p,"벤을 사랑하고, 벤의 노래를 사랑해요❤<br>벤이 더 더 더 행복해지길 바래요 😊",False,,0.0,0
@gyujasosu,벤 노래는 진짜.. 심장이 쪼그라들게 만드는 뭔가가 있음,False,,0.0,0
@괴벨스-e2o,그정돈가? 그건 좀 오버같은디,True,@gyujasosu,5.0,0
@개구리마늘무침,@@괴벨스-e2o취향은 다양하니까요 🤭,True,@gyujasosu,5.0,0
@FeliciaHalden-v7g,ㄹㅇ ㄱ글 에서 벳프리 보면 다른거 눈에도 안들어옴 그냥 다시보면 되니까 개이득임 ㅋㅋㅋㅋ,True,@gyujasosu,5.0,0
@PhilipRobert,ㅋㅋㅋㅋㅋㅋ ㄱ글 에서 벳프리 모솨서 잼민이 발정났누?,True,@gyujasosu,5.0,0
@EthenSelena,진짜 ㄱ글 에서 벳프리 에서 방송 하시던분 진짜 잼있어 ... 다시보고 싶어서 가보자 ㅋ,True,@gyujasosu,5.0,0
@지댕-j4g,결혼이라는건 자고로 겪어봐야 정신차리는게 결혼 그래서 결혼은 현실이라는걸 늦게 깨닫는걸지도요😢,False,,0.0,0
@ice1-g6w,결혼말고 모든 인생사가 겪어봐야  깨닫죠ㅠㅋㅎ,True,@지댕-j4g,2.0,0
@ivohellory,일찍 아무 생각 없이 결혼하면 그래요.,True,@지댕-j4g,2.0,0
@금융교육,임지연이 똑똑했지,False,,0.0,0
@김이쁘니-e4v,몇년 연애좀 해보고 결혼햇어야지,True,@금융교육,4.0,0
@kim-mh8gn,임지연은 보통은 아니지,True,@금융교육,4.0,0
@Iliillil,ㅇㅈ 임지연은 재미다보고 결국 완전 정반대인 잘생기고 키크고 착한 연하만나잖아,True,@금융교육,4.0,0
@오리달-k3z,@mint민t어떻게알아요? 진짜몰라서여쭤본거임,True,@금융교육,4.0,0
@불혹짤,벤 노래 좋은데....이와중에 로아엄마 조윤희님 오늘 특별히 넘넘 예쁘네요❤ 알음다워요 브라운톤 원피스 넘 예쁘다,False,,0.0,0
@헬레나-k6u,아름다워요 라고 합시다~,True,@불혹짤,2.0,0
@gracehan4385,알음다워요가 뭐니..,True,@불혹짤,2.0,0
@khrieketounuozumvu5744,❤❤❤,False,,0.0,0
@아야어여오요우유-z2c,팬이에요 ㅎㅎㅎ 항상 응원해요,False,,0.0,0
