author,comment,is_reply,reply_to,reply_count,is_spam
@KoreanCryingGuy,📋드리미 X40 Ultra<br>✔세계 최초 2개의 로봇팔 로봇청소기<br>✔최대 70도 고온수 세척<br>✔12000Pa 흡입력<br>✔ 물걸레 청소 능력자<br><br>더 자세한 내용은 더보기란을 확인해주세요!,False,,0.0,0
@sbxcrs,BAGAY NA BAGAY SI PARK SEO JOON AT YEN SANTOS!🥰🥰🥰🥰🥰🥰🥰🥰🥰🥰🥰🥰🥰🥰🥰🥰🥰🥰🥰🥰,True,@KoreanCryingGuy,10.0,0
@sbxcrs,YEN SANTOS!💖💖💖💖💖💖💖💖💖💖💖💖💖💖💖💖💖💖💖💖💖💖💖💖💖💖💖💖💖💖💖,True,@KoreanCryingGuy,10.0,0
@JanetFairfax,ㄹㅇ ㄱ글 에서 벳프리 보면 다른거 눈에도 안들어옴 그냥 다시보면 되니까 개이득임 ㅋㅋㅋㅋㅋ,True,@KoreanCryingGuy,10.0,0
@MarlonAnnabelle,ㄱ글 에서 벳프리 보고 나면 다낵질 보충제 한사발 빨아야 한다는데 사실인가요??,True,@KoreanCryingGuy,10.0,0
@ZacharySteadfast,ㅋㅋㅋㅋㅋㅋ ㄱ글 에서 벳프리 모솨서 잼민이 발정났누?ㄱ글,True,@KoreanCryingGuy,10.0,0
@ricecake917,그냥 팜하니 부터 1위로 보면 돼는거죠?,False,,0.0,0
@mikko7717,저정도면 병재님 보살 아님....? 진짜 너무 착하다.....나같으면 진작 손절 쳤거나 적당히하라고 욕박을것같은데 끝까지 미안해하네 사정이 있는데도 불구하고 ㅠ 주변에 좋은 사람들만 가득하길,False,,0.0,0
@허료-m2r,"<a href=""https://www.youtube.com/watch?v=AjeNSEueiX4&amp;t=980"">16:20</a> 안친해요 ㅋㅋㅋㅋㅋ",False,,0.0,0
@yuans4126,나단이 그래도 유규선 유병재 있는 회사로 온거 보면 의리는 있는 것 같은데,False,,0.0,0
@love-_-97,아 회사썰 ㅈㄴ웃기넼ㅋㅋㅋㅋㅋㅋㅋㅋ,False,,0.0,0
@love-_-97,조나단님 저거는 예의가 아니다 평상시의 연락은 못 할 수 있어 근데 선물 도착하면 말 해줘야죠 그건 기본 예의지,False,,0.0,0
@love-_-97,직은 누나는 왜 말 안하는뎈ㅋㅋㅋ,False,,0.0,0
@BEE-hs8tj,유병재의 4/4분기 살생부아닌가요,False,,0.0,0
@주-b9n,하니 변우석 한번 만났는데 친구인거 개웃김ㅋㅋㅋㅋㅋㅋ,False,,0.0,0
@Moonlights2024,정반대표네 ㅋㅋㅋㅋㅋ,False,,0.0,0
@예빈-f4p,나단이랑 회사직원글 정떨어진다 토쏠리네,False,,0.0,0
@cmyglorize,아니 ‘친구’ 순위에 50분 본 팜하니 ㅌㅋㅋㅋㅋㅋㅋ 개처웃기네,False,,0.0,0
@Carlin.Y,조나단 조성민 작은삼촌...직원들까지 쉽지 않다..,False,,0.0,0
@MabelJoe-q9n,ㄱ글 에서 벳프리 이 ㅓㅇ도로 유명했음?  그내놈 의듣 보ㄱ잡글인 줄에 서알 았벳는프데리  ㄷ때ㄷ문에? 내거기 닳고 닳아서 없어,False,,0.0,0
@DarrelMelissa,ㄱ글 에서 벳프리 진짜 보다보면 빠져든다 라이브에 수위도좋고 외모도 좋고 삼박자 지렀으ㄱ?글 에서 벳프리 보느라 눈,False,,0.0,0
@ZacharySteadfast,그놈의 ㄱ글 에서 벳프리 댓글 ㅈ 나많네 그렇게죠 좋은가보지 여보기러댓갈글까? 왜ㅋ이럼 ㄷㄷ ㄱ글 에서 벳프,False,,0.0,0
@MarlonAnnabelle,헬창들도 ㄱ글 에서 벳프리 보면 근육 다빠진다며 ㅋㅋㅋㅋㅋㅋㅋㅋ 사실임? ㅋ,False,,0.0,0
@JanetFairfax,ㄱ글 에서 벳프리 보고 나면 다낵질 보충제 한사발 빨아야 한다는데 사실인가요?ㅋ,False,,0.0,0
@cycango,나단이 진짜 나빠따...,False,,0.0,0
@윤꿍-p8y,웃으면 안되는 생피 버고 와서 계속 웃참하게 됨 ㅋㅋ,False,,0.0,0
@ingsaengmusang,돌잔치랑 생일선물은 참.....^7^,False,,0.0,0
@bwsbwsbws,변우석이 왜나옴ㅋㅋㅋㅋㅋㅋ,False,,0.0,0
@없없-g4y,미모의 연하 인플루언서 여자친구 축하드립니다!! 🎉,False,,0.0,0
@쪼이이,변우석 생파 언제쯤 올라올까요? 눈빠지게 기다리고있어요 😂😂😂😂,False,,0.0,0
@Ooooiooio,그냥 뒷담까기 컨텐츠 아니냐곸ㅋㅋㅋㅋㅋ,False,,0.0,0
@hamin__,쓰읍 1등 바뀌어야될거같은데,False,,0.0,0
@로떼타이거,해명하세요 ‼️‼️‼️,False,,0.0,0
@니들의밥친구,변우석 언제 나오는지 공지해주세요…,False,,0.0,0
@풉키-b7z,병재님 사랑 잡으셨네요 🎉,False,,0.0,0
@르봉주,열애설 해명하시죠,False,,0.0,0
@hws600,저기여! 잠깐만 나 이거 보고 엄청 웃었잖아😂 <br><br><br><br>하지만 유병재의 소속사 블랙페이퍼 측 관계자는 유병재의 열애설과 관련 &quot;회사에서는 사생활에 대해 아는 바가 없다&quot;는 입장을 밝혔다.,False,,0.0,0
@즨의다락방,이새끼야 너 연애함?,False,,0.0,0
@min_gijuk,조씨친구들 아슬아슬하다..ㅎㅎ,False,,0.0,0
@니들의밥친구,변우석 언제 나오나요ㅠ,False,,0.0,0
@붕어-x8k,으악 돌잔치카톡진짜싫다,False,,0.0,0
@user-cy3hw8xp5g,Ph1 댓글 진짜 웃긴데 안 친하다니ㅋㅋㅋㅋ,False,,0.0,0
@초코찡구,"부정적인 댓글이 조금 달리는 것 같아 노파심에 괜히 적어봅니다...!<br><br>물론 답을 제대로 안 한다거나 감사인사를 하지 않는다거나 하는 건 잘못된 행동이긴 하지만 병재님이 그걸로 정말 크게 실망했거나 그전부터 이런 행동이 지나치게 반복되어 왔거나 했다면 이런 식으로 영상으로 만들지 않고 조용히 친분을 끊었을 거라고 생각합니다...! 정말 심각한 문제라 크게 욕 먹을 것 같다 싶으면 오히려 편집 과정에서는 들어냈겠죠 이러니저러니 해도 친한 사이니까요(실제로 다른 분의 채무 관련 이야기는 완전히 편집되었습니다)<br><br>병재님과 조나단님 두 분 현재에도 친하게 지내고 있고 활동도 함께 하고 회사에도 들어오고 이것저것 하고 있는 게 있으니 그런 건 전혀 아니라고 생각하니 지나친 비방은 줄이는 게 병재님께도 좋을 것 같습니다...!<br><br>제가 뭔데 이런 말을 하냐고요<br>그러게요<br>나따위가감히내가뭐라고죄송합니다<br>으이구그러니까나단님고맙다구한마디만하지<br>아닙니다죄송합니다감히저따위가말을얹다니,,,",False,,0.0,0
@혜-y5u,유병재님 무도 수능 치르는 영상 올려주세요 ㅋㅋㅋㅋ,False,,0.0,0
@무계6535이주완,유병재님 전지적  참견  시점에 나왔는데요!,False,,0.0,0
@성이름-m8b5e,조나단이랑 돌잔치 친구는 진짜…. 주변에 없어야함,False,,0.0,0
@보성10,안녕하세요 유병재님 전주만성중학교 도덕 선플달기 수행평가를 하고 있습니다^~^ 제일 좋아하는 콘텐츠인데 또 해주셔서 감사해여!!! 저도 심심할 때 친구 순위 매겨볼게요~,False,,0.0,0
@잴이,돌잔치는.. 못간다는데 왜 저러는 거임 개싫다,False,,0.0,0
@공주님-x9u,PH-1 그래도 댓글 계속달아줘요 너무웃김,False,,0.0,0
@NJW722,직원분들한테 서운했던거 기분 안상하게 말하고 선물주면서 좋게좋게 화해까지..현명핑,False,,0.0,0
@배고프다-q9o,유병재 친구순위 1위 박지원 제발....,False,,0.0,0
@tyodu7591,병재씨.. 변우석 생파 영상 업로드만 목 빠지게 기다립니다 이영상만 몇번째 봐요..달달하시죠?? 달달 하셔야 돼요~ 변우석 생파는 뜬겁! 뜬겁새로..변우석 생파 영상 보러 준비 갈 완료!,False,,0.0,0
@마인-g4q,조나단 내 친구였으면 진짜 손절했음 대놓고 너 왜그래 라고 말은 안하겠지만 그냥 서서히 멀어지게 할거 같음 진짜….. 심지어 유병재가 조나단보다 한참 연장자고… 이건 진짜 상도덕에 어긋난다,False,,0.0,0
@아-b9r,변우석 생일파티 언제 올라오나여....,False,,0.0,0
@_onion5568,병재 지인들은 병재의 소중함을 알자,False,,0.0,0
@삼생이-d4b,병잼민이님 너무 귀여워여🥹,False,,0.0,0
@yullk.1783,"우린없네,,,",False,,0.0,0
@seul.214,유병재 유규선 두분은 그냥 사실혼 관계 아닌가요?ㅋㅋㅋㅋㅋㅋㅋㅋㅋ 5년 뒤면 20주년,False,,0.0,0
@Tanggoo,왕따핑…. 쪼잔핑……. 누런니 ……,False,,0.0,0
@달거이,콧수염 누렁니 요즘 꼴뵈기 싫네,False,,0.0,0
@lalr9791,요즘 시대 돌잔치는...못간다고 미안할게 아니라 안하는게 디폴트지 뭔ㅠㅠ,False,,0.0,0
@yeeeejin1031,즐거운 변우석님 생일파티 영상 기다려봅니다!!! 부디 가급적 무편집본으로 부탁드립니다. 🎉❤,False,,0.0,0
@solshopbeauty,나도 들어가고 싶다..,False,,0.0,0
@bws1031,변우석님 본적없지만 5위 ㅎㅎㅎ생일 영상 업된줄 알고 왔다 빵 터졌네요ㅎㅎ가장 친한 친구 돈ㅎㅎㅎ마지막 에피도 넘 웃겨요 병재있는 없는🤣🤣😂😂,False,,0.0,0
@uyununa,조나단이랑 회사 사람들은 내가 다 서운….ㅠㅠㅠㅠㅠㅠㅠㅠㅠㅠㅠㅠㅠㅠㅠㅠㅠㅠㅠㅠㅠㅠㅠㅠㅠㅠㅠㅠㅠ,False,,0.0,0
@뀌니아망,"<a href=""https://www.youtube.com/watch?v=AjeNSEueiX4&amp;t=1566"">26:06</a> 잘 보고 있었는데 마지막에 모에요…",False,,0.0,0
@wowow1647,병재님 내가 다 챙겨주고싶네 왜저렇게 서운하게 하는 사람이 많아..걍봐도 받는것보다 많이 주는사람인데😢회사도 격없이 편하게 대하실거같은데 대놓고 저러면 안되지 편한걸 넘어서 예의가 없네 제정신이 아닌듯,False,,0.0,0
@커비면토끼,나단아 늦어서 민망하다고 생각하지말고 지금이라도 연락드려라.....어른한테 그러면 안된다,False,,0.0,0
@댕댕대니,아ㅋㅋㅋㅋㅋㄱㅋㅋㅋㅋㅋ본인환갑잔치에 나 밀랍인형 만드심이 몬소린가 했더닠ㅋㅋㅋㅋㅋㅋㅋㅋㅋㅋ사진보고 빵터졋넼ㅋㅋㅋㅋㅋㅋㄱㅋ아 합성해서 복붙해논거 아니냐곸ㅋㅋㅋㄱㅋㅋㅋㅋㅋㅜ,False,,0.0,0
@음음-n8d,이거근데 공개처형장 아님?<br>잘나가는 회사 아티스트<br>이미지 창나고<br>지인 이미지 창나고<br>서운한 부분이 있어서<br>몇위입니다 까지가<br>아름다운 그림이였을듯<br>이건 그냥 말만 티어표고<br>공개처형장같음,False,,0.0,0
@uk7713,ㅋㅋㅋㅋㅋㅋㅋ 아니 개웃곀ㅋㅋㅋㅋㅋㅋㅋㅋ,False,,0.0,0
@영현-y7m,나단님 .. 뭐라할게아니라 요즘 친구들 다 그렇더라구요 왜지 진짜 ..,False,,0.0,0
@심심하다-t5k,회사직원들 유병재 괴롭히지마라,False,,0.0,0
@ejabwlzjf,조나단 진짜 별로다...,False,,0.0,0
@심심하다-t5k,유병재 ㅈㄴ웃기네 성민이 카톡 내용이 개웃김 ㅋㅋ,False,,0.0,0
@심심하다-t5k,유병재 착한게 보인다,False,,0.0,0
@user-dz2ab9sn4e,"<a href=""https://www.youtube.com/watch?v=AjeNSEueiX4&amp;t=1080"">18:00</a> 팜하니 50분 친구 ㅋㅋㅋㅋㅋㅋㅋㅋㅋㅋㅋㅋㅋㅋㅋㅋㅋ",False,,0.0,0
@dkssudgktpdygkgk,직원들 노는거에 껴달라는 빌드업을 이렇게 쌓으셨군요,False,,0.0,0
@bucubucu-22,"<a href=""https://www.youtube.com/watch?v=AjeNSEueiX4&amp;t=1565"">26:05</a> 귀염ㅋㅋ",False,,0.0,0
@꼴뚜기행성,안궁금해서 안달려왔어요,False,,0.0,0
@user-zy4xx7tn6i,나단아 정신 차리자,False,,0.0,0
@민슐랭-i7z,유병재가 조나단 욕 먹으라고 말한 것도 아닌데 댓글이 왜그러냐ㅜㅜ 한두 개도 아니고..,False,,0.0,0
@아이-y1d,병재님 진짜 착하시다 … 그냥 지나가는 구독자1이지만… 평소에 댓글도 잘 안 다는데 ㅜㅠ 병재님 유튜브 댓글도 그렇고 친구들도 병재님 자주 놀리긴 하지만 그것도 화내고 다 받아 주고 마음씨가 너무 착한 거 같아요 ㅠㅠㅠ 직원들한테 진짜 서운했을 것 같아요ㅠㅠㅠㅠㅠ 조나단도 너무했어 진짜… 주변 사람들이 병재님을 너무 만만하게 보는건가 진짜 ㅜㅜ😅 병재님 지금보다 더 잘 됐으면 좋겠어요 ㅜㅠ 화이티잉 😭🥺💕,False,,0.0,0
@Sonyador,아 진짜 미치겠다 밀랍인형 ㅋㅋㅋㅋㅋㅋㅋㅋ,False,,0.0,0
@user-ll8bd4me51,로봇청소기도 병재씌 빼고 사다리탈듯,False,,0.0,0
@ddoyuni,그래서 웃으면 안되는 생파 변우석편 언제 업로드돼요?? 목빠지게 기다리는 중이라고요ㅠㅠ,False,,0.0,0
@땅콩-h4f,회사직원들 나까지 서운핑됨 ㅜㅠ,False,,0.0,0
@bonnie1960,와근데 유병재진짜착하다... 사연들으면서 와 나였으면 진작 손절쳤을거같은데ㅠ,False,,0.0,0
@minjoon_,직원분들한테 친구비 입금하는 병재님...,False,,0.0,0
@TaxGoSu,사실상 하니가 1등이구만ㅋㅋㅋ,False,,0.0,0
@Tbalareyousi,나단씨...,False,,0.0,0
@jade-ye3qb,ㅋㅋㅋㅋㅋㅋ50분뵌 팜하니 때문에 궤도부터 내리는거 넘 웃김😂,False,,0.0,0
@sammyysteel,나단아 지금이라도 연락드려라..!,False,,0.0,0
@유수-m4e,"<a href=""https://www.youtube.com/watch?v=AjeNSEueiX4&amp;t=407"">6:47</a> [긴급속보] 유병재 남자좋아함.",False,,0.0,0
@핑핑이-r2b,유병재님 팝업스토어 축하영상 언제 보내주세요?!!!결혼식때 유쾌하게 사용하고 싶엇는데 10월말에 보내주신다고 직원분들이 말씀 하셧는데 ㅠㅠㅠ 안보내주시네용,False,,0.0,0
@imzzang96,진~~~~~짜 말하는거 좋아하는 사람이 유튜브를 하는구나 싶은 영상 1윕,False,,0.0,0
@뚠딴-m6x,오늘 살아남은 사람 문상훈ㅋㅋㅋㅋㅋㅋㅋㅋ,False,,0.0,0
@낑깡-o2o,조나단 생일이 2월인데 아직도..??,False,,0.0,0
@강아지가조아,사소한거라도 작은거라도 받으면 고맙다는 한마디 정도 하는게 맞는거에요..... 친할수록 더 챙기고 더 배려해야지.....,False,,0.0,0
@glowglory750,근데 저 킹받는 클로징 언제 만든거에요 왕싫어;;,False,,0.0,0
@user-xr2pg2mu7g,불쌍해... 근데 병재님은 불쌍한게 웃겨요...미안해요,False,,0.0,0
@glowglory750,삭센다는 진짜 개에바긴하다 ㅋㅋㅋㅋㅋㅋㅋㅋ,False,,0.0,0
@liliiilllilillilii,유병재와  ph2의 관계 = 팜하니와 유병재의 관계,False,,0.0,0
@Mywonderful_jejulife,"<a href=""https://www.youtube.com/watch?v=AjeNSEueiX4&amp;t=893"">14:53</a> 생일자 골라서 쓰세요 영상 멘트랑 똑같네...",False,,0.0,0
@tikitaka1102,나단아...ㅜㅜ,False,,0.0,0
@user-eg3nb8kg1e,선물 받아놓고 연락 한 통 없는건 진짜 기본 예의가 없는 거 아닌가.. 나같음 바로 손절각. 그리고 돌잔치는 진짜 자기들끼리 해라 요즘 시대에. 자기 애 자기눈에나 이쁘지 무슨,False,,0.0,0
@이핑핑-z5v,친구가 순위를 정할정도로 많으신가요?,False,,0.0,0
@happiehappy,"카톡 안읽씹으로 안 보는 거? 그럴 수 있음<br>매일 답장 안 하는 거? 그럴 수 있음<br>개인적으로 대화 마무리하는 타이밍이 너무 어려워서.. 이모티콘만 보내는 것도 눈치 보일 때가 있음 진짜 중요한 내용이 아니라 농담 따먹기할 때는 안읽씹도 괜찮다고 생각함<br>&gt;근데 비싼 선물 받고 답장도 안 하고, 감사 인사도 안 한다? 바로 손절임 이건 그럴 수 없다.. 이거는 진짜 아니야",False,,0.0,0
@heejin1202,변우석씨 사진보구 클릭했는데요...😅,False,,0.0,0
@레인7클린,"<a href=""https://www.youtube.com/watch?v=AjeNSEueiX4&amp;t=1013"">16:53</a> pH-1 마음 이해하는게ㅋㅋ 유병재님 글이 참 매우 드립치고싶게 만듬...ㅋㅋㅋㅋㅋ 나같아도 두번 아니 한번이라도 스쳤으면 매일 댓글달겟다ㅋㅋㅋㅋ <br>소심해서 이영상본뒤로 댓글 안달까봐 걱정 ㅠㅠㅋㅋㅋㅋㅋㅋ",False,,0.0,0
@lenol-p1v,"<a href=""https://www.youtube.com/watch?v=AjeNSEueiX4&amp;t=984"">16:24</a> ㅋㅋㅋㅋㅋㅋ대반전",False,,0.0,0
@Chaeipa,우석님 생파 영상은 언제 업로드되나요?😅,False,,0.0,0
@dkdus8773,짠한뎅ㅠㅠㅠㅠㅠㅠㅠ,False,,0.0,0
@ppanghj,어후...축전 너무짜친닿ㅎㅎㅎ,False,,0.0,0
@ahhh-ah,조나단 정신차려 ^^;;.... 평소 카톡안읽씹에 그 비싼 선물받고 연락도없다니 ㅋㅋㅋㅋㅋㅋ,False,,0.0,0
@Soosoo_s,지금 보니까 변요한님 닮으셨어요.,False,,0.0,0
@_seven12356,울지말고 말해봐여 병재핑😢,False,,0.0,0
@ppp-o6x7e,조나단  진짜 유명해지더니,False,,0.0,0
@udonthavetodo,분기별 서운한거 말하기 대회아님?ㅋㅋㅋ,False,,0.0,0
@germinaii,왜인지 모르겠지만 저 순위에 들어가보고싶어요,False,,0.0,0
@시크릿쥬쥬총회,조나단 개실망이네,False,,0.0,0
@hunyy7764,나단아 그래선 아니된다... 상도덕이라는 게 있단다,False,,0.0,0
@ocean5371,그래서 . . .<br>우석오빠 언제 업로드되나요 ㅎ<br>기대만발,False,,0.0,0
@saeromhyun2034,하남자 그자체,False,,0.0,0
@lily-cz4mt,조나단 초심 잃었네?,False,,0.0,0
@이수연-y5v,수염핑어때요🥸,False,,0.0,0
@빵애에요,산성갑 안친한게 개웃기네 ㅋㅋㅋㅋㅋ,False,,0.0,0
@badguy4927,조나단 정신차려!!!,False,,0.0,0
@cary_h._,"<a href=""https://www.youtube.com/watch?v=AjeNSEueiX4&amp;t=217"">3:37</a> 시이......작",False,,0.0,0
@lisa6355,나단이 그렇게 안봤는데,False,,0.0,0
@mylifeisslow,사다리커기 자기도 껴달라고 하는 구 왜케 귀여움 ㅋㅋㅋㅋㅋㅋㅋㅋ,False,,0.0,0
@유기현의오마이,문상훈의 딱대로 나와주시면 안돼여?ㅜㅜㅜㅜ,False,,0.0,0
@hyeminii,잘나가면 올라간다. ㅋㅋㅋㅋㅋㅋ,False,,0.0,0
@pudding.030,저 병재님 책도 샀는데 우리 친구 아닌가요?,False,,0.0,0
@hongmyongbo,"글쓰기, 말하기, 벽보고 말하기, 앉았다 일어났다 2024번 하기, 로봇청소기와 대화하기",False,,0.0,0
@Dossi-w5d,영상 보니까 진상 진짜많다… 유명인으로 사는게 진짜 힘든거구나:. ㅠㅠㅠ 어떤 인생을 살아오신겁니까,False,,0.0,0
@이왕건-m6e,조나단 내 지인이었으면 손절했다;,False,,0.0,0
@Dossi-w5d,친구가 뭔지 모르세요..?,False,,0.0,0
@yhjo9091,친구 순위 매기면서 그냥 모두 까기 인형...,False,,0.0,0
@INTaevinP,톡 답장을 꼭 빠르게해줘야되요?<br>ㅠㅜ너무싫어잉<br>보내고 씹냐고 하는사람ㅠ,False,,0.0,0
@switchonmyheart,꼭 빠르게 보내줘야하는 건 아니죠 사람마다 성향은 다르니까요! 하지만 하루이상 연락을 안 보면 안읽씹한다고 느껴져서 기분이 나쁘긴 하더라구요 전 몇분 몇시간 텀은 상관없는데 며칠 안 보는 게 좀..ㅜㅜ,True,@INTaevinP,1.0,0
@rosy3527,"그러게 병재님 주변 사람을 너무 잘 챙겨서....😢 조나단님도 그렇고 사실은 준만큼 돌아오지 못하는 경우가 많은데.... 너무 베풀기만 하지 마시고 병재님을 가장 우선으로 챙기세요!! 호의를 고마워하기보단 당연하게 여기는 사람에겐 안돼요.... 진짜 팬으로서 속상합니다,,",False,,0.0,0
@kaka-b5u,진짜 개웃김ㅋㅋㅋㅋㅋㅋㅋㅋㅋㅋㅋㅋㅋㅋㅋㅋㅋㅋㅋ,False,,0.0,0
@greeda_yj,내가 삐진이유 순위인건가요 ㅋㅋ,False,,0.0,0
@purple_andme,진짜 말 너무 잘하셔서 부러워요 ㅋㅋㅋㅋ,False,,0.0,0
@wheixb,진짜 되게 어이없는 내용인데 왜인지 궁금하고 나도 끼고싶다,False,,0.0,0
@lovely_s2,인급동 16위 머얔ㅋㅋㅋㅋㅋㅋㅋ 서운함 리스트ㅋㅋㅋㅋㅋㅋ,False,,0.0,0
@cha3d99,하니가 있어서 끝까지봤습니다,False,,0.0,0
@SATELLITECASTIEL,"<a href=""https://www.youtube.com/watch?v=AjeNSEueiX4&amp;t=552"">9:12</a> 궤도님",False,,0.0,0
@sookyoungyee,조나단  안  되겠네,False,,0.0,0
@시현-u1d,와 pH-1 표기법도 틀렸어 ㅜㅜㅜㅜㅜㅜ<br>넌 탈락이야 병재,False,,0.0,0
@Cheese-t3v,"<a href=""https://www.youtube.com/watch?v=AjeNSEueiX4&amp;t=1522"">25:22</a> 진짜 좋아하누 ㅋㅋㅋㅋㅋㅋㅋㅋ 상상행복 ㅋㅋㅋㅋ",False,,0.0,0
@abcdefghijklmnopqrstuvwxyz_v,저 분들도 순위 맥이는 거 알아요?ㅋㅋㅋ,False,,0.0,0
@기-l2e,"<a href=""https://www.youtube.com/watch?v=AjeNSEueiX4&amp;t=600"">10:00</a>",False,,0.0,0
@강범수-o1x,전 친구가 없는데  15명이나 있다는게 부럽습니다. 응원합니다!,False,,0.0,0
@souvenir-lee,和炳宰做朋友一定超有意思！炳宰给人一种知性的感觉！,False,,0.0,0
@우석오빠사랑해요,그래서 ㅋㅋㅋㅋ ㅋㅋㅋㅋ 우석오빠 5위 ㅋㅋㅋㅋ 서로 초면인데 ㅋ,False,,0.0,0
@땀이나요땀,삭센다 얘기 1영상1회  부탁드려요 너무 욱낌ㅎㅎㅎㅎㅎㅎㅎㅎㅎ,False,,0.0,0
@가스파엘,직원분들과 원만한 합의핑이 이뤄지시길,False,,0.0,0
@일렁-t7q,개인적으로 블랙페이퍼 얘기해주는거 너무 재밌음 뭔가 신기해 ... 직원들이랑 친목 응원해,False,,0.0,0
@nakj12345,병재님😀 변우석 생일 영상 언제 올라와요?ㅎ,False,,0.0,0
@alinalee4214,"돌잔치 하.,,,,",False,,0.0,0
@먕냐-o3w,유치원 때 종합장에 친한친구 안 친한친구 리스트 적다가 선생님한테 걸려서 꾸중들었는데…갑자기 그때가 생각나네요,False,,0.0,0
@aronamin5475,안친합ㅋㅋㅋ 대폭소,False,,0.0,0
@azurqvsb516,서운핑,False,,0.0,0
@pulove0510,작은 삼촌 너무 웃김 ㅠㅠ ㄹㅇ 어디서나 다 똑같은 어르신 말투 ㅎㅎ,False,,0.0,0
@자동이름,ph-1 대문자로 적어서 긁어버리네,False,,0.0,0
@자동이름,나단이가 아직 사회생활 모를 나이긴 해~ 병재님한테 많이 배우길~,False,,0.0,0
@cro_man6183,저건 사회생활하고 관계가 없어요 인성문제인듯,True,@자동이름,1.0,0
@Captainisaacra,"<a href=""https://www.youtube.com/watch?v=AjeNSEueiX4&amp;t=790"">13:10</a> 이거 ㄹㅇ 선넘는데",False,,0.0,0
@HAppY-fm7ej,❤,False,,0.0,0
@user-wowowwhy,"<a href=""https://www.youtube.com/watch?v=AjeNSEueiX4&amp;t=1360"">22:40</a> 야 암기핑 우냐?",False,,0.0,0
@doniiverse,책 추천<br>손수호 변호사의 ‘사람이 싫다’,False,,0.0,0
@GilHwang-qq5uz,진짜 마지막을 위한 빌드업 미쳐땈ㅋㅋㅋㅋㅋㅋㅋㅋㅋㅋㅋㅋㅋㅋㅋㅋ,False,,0.0,0
@밤하늘의별빛-k5l,흠ㅋㅋㅋ 이 컨텐츠는 회사 직원들 때문에 한 것 같은 느낌적인 느낌ㅋㅋㅋㅋㅋ,False,,0.0,0
@창수-o1v,ㄱ,False,,0.0,0
@9093-c6e,팜하니 다시 만나면 대머리 밀기로 공약해주세요,False,,0.0,0
@빨간별빛-l5s,조나단 인성뭐임,False,,0.0,0
@유병갈비,나는 나는! 🫤,False,,0.0,0
@user-ju9xh,나단아....,False,,0.0,0
@nayadodong,아니 조나단 ㅋㅋㅋㅋㅋ 스타일러보다 비싼거 받아먹었으면서 배송 받고 감사인사도 안했다니 .... 와우,False,,0.0,0
@박유진-w1n,조나단 아..,False,,0.0,0
@Klaroline-b9r,병재 대탈출5 꼭 나와줘 나와줄거지..? 병재 없는 대탈출은 대탈출이 아니라고 젭알 🥹,False,,0.0,0
@도르르,왕따핑 화이팅...😢,False,,0.0,0
@김승윤-z5e,병재님 근데 왕따에요?<br>힘내세요 거기 회사는 위클래스 없나요?,False,,0.0,0
@김성연-g1m,나중에 있어 보이는 단어 모음집 해주면 좋겠다. 아니면 재수 없어질 수 있는 단어 모음집 같은 느낌으로ㅋㅌ,False,,0.0,0
@워니_m1z-z1j,귀여우ㅑ요 ㅋㅋㅋ ㅠㅠ,False,,0.0,0
@김수한무-d4p,다 서운할만한데???????,False,,0.0,0
@mooni1010,저도넣어주세요,False,,0.0,0
@윤서-x3y,나단이랑 회사직원분들 넘해용ㅜ반은 개그인거아는데도 서운함...,False,,0.0,0
@kimpitang_,나단씨ㅜㅜ 진짜 그러면 안되는디..ㅠㅠ,False,,0.0,0
@성이름-q9m5y,진짜 짜친다 ㅋㅋㅋㅋㅋㅋㅋㅋㅋ,False,,0.0,0
@훈훈-q5l,친구목록에 구독자는 없구나..,False,,0.0,0
@msg7438,이번생에 다시 보기만 해봐 !,False,,0.0,0
@yeammoyeammo,친구 순위표를 통한 살풀이 잘봤습니다 💕원만한 화해하시길🎉,False,,0.0,0
@hammjoo,이쯤되면 저 친구들 얘기도 들어봐야 한다 유병재에게 서운한 것 없었는지..!! ㅋㅋㅋㅋ,False,,0.0,0
@반수할거임,썸네일에 ㅂ변우석있어서 변우석이랑 진짜 친구인가? 하고 착각하면서 보기 시작한 사람 손,False,,0.0,0
@FERMATsLT,유병재 병재방 vs 무병재 병재방,False,,0.0,0
@이종섭-m6b,이 콘텐츠 1/4분기편 때 개 재밌었는데 왜 4/4분기가 되서야 돌아온거야ㅠ,False,,0.0,0
@luvhellokitt_yy,피치원 개웃기네 미친ㅋㅋㅋㅎㅋㅋㅎㅎㅋㅎㅋㅎㅋㅎㅋㅎㅋㅎㅎㅋㅋㅋㅋㅋ,False,,0.0,0
@천윤영-t2l,직원들 너무해… ㅠㅠ,False,,0.0,0
@네임드익명이,유병재의 맘에 안드는 주변인 묻어버리기 컨텐츠,False,,0.0,0
@뉴진면-f5y,또?,False,,0.0,0
@chocolatbonbon1,2024 다독다독 ㄱㄱ,False,,0.0,0
@clap4035,변우석 생일파티 언제함??? 모빠지겟쑴,False,,0.0,0
@제발대학원에서도망쳐,친구순위매기기가 아니라 주변인 파묘잖아 ㅡㅋㅋㅋㅋ큐ㅠㅠㅠ,False,,0.0,0
@RaplomskFaibysx,모곸ㅋ,False,,0.0,0
@hyewon0531,궤도님 궤도에 빨려들어가는 것처럼 왜 계속 순위 점점 내려가는건데요ㅋㅋㅋㅋㅋㅋㅋㅋㅋㅋㅋㅋㅋㅋㅋㅋㅋㅋㅋㅋㅋㅋㅋㅋㅋㅋㅋㅋ아짱웃겨,False,,0.0,0
@구팔E,돈이랑 친해지는 방법 구함,False,,0.0,0
@myyouthof,아 진짜 너무웃기닼ㅋㅋㅋㅋㅋㅋㅋㅋㅋㅋㅋㅋㅋㅋㅋㅋㅋㅋㅋㅋㅋㅋㅋㅋㅋㅋㅋㅋ,False,,0.0,0
@이름-i3n,병재쓰 왤케 착함,False,,0.0,0
@DEWDEWDEW,"<a href=""https://www.youtube.com/watch?v=AjeNSEueiX4&amp;t=406"">6:46</a> 효과치우라고ㅜㅋㅋㅋㅋㅋㅋㅋㅋㅋㅋ",False,,0.0,0
@qpqpqlp,이거 엄청기다림,False,,0.0,0
@태태-f6h,유병재의 데스노트인가요 ?,False,,0.0,0
@Iluvzandi,김수용 선배님은 안껴주시나요,False,,0.0,0
@daheec8569,엔딩 불쌍핑 ㅠㅠ,False,,0.0,0
@user-0ingwh,이때는 변우석 6위<br>지금은 순위 올라갔나요?<br>유병재 × 변우석 친분 이어지길 응원해😊,False,,0.0,0
@HINGUO,가족같다면서 12위된 유규선님과 50분 뵌 사이지만 4위된 하니님과 1초도 안봤지만 친하다는 기사 하나로 5위된 변우석님...ㅋㅋㅋㅋㅋㅋ 킬포가 몇개야,False,,0.0,0
@동동댕딩동동글댕,아 ph1이 개웃끼네ㅋㅋㄱㅋㄱㅋㄱㅋㄱㅋㄱㄱㅋㄱㅋㄱㅋㄱㅋㄱㅋㅋ,False,,0.0,0
@sj08x,사내왕따핑…,False,,0.0,0
@이윤지-n7m,내가 제일 좋아하는 컨텐츠… 하남자의 퀸 유병재 모먼트❤❤❤,False,,0.0,0
@swa-b4y,제가 왜 오빠 친구는 알아야하죠?!?!,False,,0.0,0
@artihyun,나 팜하닌데 병재 너 내 친구 준비 될 완료!!!,False,,0.0,0
@Soi-n2o,"<a href=""https://www.youtube.com/watch?v=AjeNSEueiX4&amp;t=1294"">21:34</a> 서운한 얘기 하는데 직원들이 미안해 안하고 앞에서 계속 깔깔거림ㅋㅋㅋㅋㅋㅋㅋㅋㅋㅋ",False,,0.0,0
@lovethisquitemoments,힘내세요,False,,0.0,0
@user-ju4sx3mt6c,회사사람들…너무하긴해😢,False,,0.0,0
@선택적자의식과잉,와 근데 병재핑 사내따돌림 ㄹㅇ로 서운하겠다ㅠㅠㅠㅠㅠㅠ보는 내가 다 안쓰럽네,False,,0.0,0
@uio-je5og,ㅋㅋㅋㅋㅋ저것도 회사분위기가 좋아서 가능한거,True,@선택적자의식과잉,3.0,0
@이왕건-m6e,@@uio-je5ogㄹㅇ,True,@선택적자의식과잉,3.0,0
@lily-cz4mt,분위기가 좋은것도 맞지만 병재핑 빼고 좋으니까.. 병재핑이 지혜롭게 풀어낸거지,True,@선택적자의식과잉,3.0,0
@도라지-c3c,나단아 그러면 오래못간다..!,False,,0.0,0
@user-eungyeonggg1-y2m,"<a href=""https://www.youtube.com/watch?v=AjeNSEueiX4&amp;t=1118"">18:38</a> 생일파티 몇 분이나 했어요.. 나도 보고 싶다구요 😭",False,,0.0,0
@thechojungsik,내가 가장 좋아하는 컨텐츠 병재님 완전 하남자의 정석,False,,0.0,0
@망구-h9u,친구순위 정하기 왜 유병재만 가능한 이유...캐릭터 자체가 소심하고 쪼그미 이미지라 뭔가 안 미움,False,,0.0,0
@yellowlemons47,문상훈 채널의 딱대에 나와주시지요 ㅈㅂ,False,,0.0,0
@o-eung9,팜하니🥹,False,,0.0,0
@누-k6t,"<a href=""https://www.youtube.com/watch?v=AjeNSEueiX4&amp;t=508"">8:28</a> 호이야~ ㅋㅋㅋㅋㅋㅋㅋㅋㅋㅋㅋㅋㅋㅋㅋㅋㅋㅋㅋㅋㅋㅋㅋㅋㅋㅋㅋㅋ 아니 개웃기네",False,,0.0,0
@Iuyena,"<a href=""https://www.youtube.com/watch?v=AjeNSEueiX4&amp;t=1489"">24:49</a> 병재 귀엽핑",False,,0.0,0
@yeeeejin1031,"<a href=""https://www.youtube.com/watch?v=AjeNSEueiX4&amp;t=1110"">18:30</a> 😂😂😂😂😂변우석이야기웃김",False,,0.0,0
@김따지,몇분몇초에 나오는지 알려주실수 있을까요?🙏,True,@yeeeejin1031,1.0,0
@strawberry-0-i9i,"<a href=""https://www.youtube.com/watch?v=AjeNSEueiX4&amp;t=1503"">25:03</a>  상처핑",False,,0.0,0
@Iiiiiillljillli,아오돌잔치,False,,0.0,0
@duldulna,병재쓰 나 슴둘인데 친구 가능?,False,,0.0,0
@entja945,"<a href=""https://www.youtube.com/watch?v=AjeNSEueiX4&amp;t=1163"">19:23</a> 저도요😂",False,,0.0,0
@도그멍,ㅋㅋㅋㅋㅋㅋㅋㅋㅋㅋㅋㅋㅋㅋㅋㅋㅋㅋㅋㅋㅋㅋ 친구...?를 가장한 유병재 지인 돌려까기 아닌가욬ㅋㅋㅋㅋ,False,,0.0,0
@TongTong_E,"<a href=""https://www.youtube.com/watch?v=AjeNSEueiX4&amp;t=1113"">18:33</a> 기사에 의존ㅋㅋㅋㅋㅋㅋㅋㅋ 아직 만나기 전인데 우석이 5위ㅋㅋㅋㅋ",False,,0.0,0
@너를들려줘,우리아빠가 조나단 매니저 역할로 차 태운적 있는데 보통 연예이면 휴게소에서 뭐 사주는데 안사주고 마지막에 나갈때 아빠한테 <br>차안에 있는 껌 한번 씹어도 되요?<br>해서 아빠가 넘 서운했데요,False,,0.0,0
@태연강-e1r,나도 끼워죠♡,False,,0.0,0
@유정-f3f2t,"<a href=""https://www.youtube.com/watch?v=AjeNSEueiX4&amp;t=1154"">19:14</a> 넘사벽 등장",False,,0.0,0
@밍-i3x,우리는!!!!!,False,,0.0,0
@mbzip,변우석 순위 무슨일 ㅋㅋㅋㅋㅋㅋㅋㅋㅋㅋㅋ,False,,0.0,0
@김민지-d9e4z,아 ph-1 안친함 너무 웃겨요 ㅋㅋㅋㅋㅋㅋㅋㅋㅋㅋㅋㅋㅋㅋㅋㅋㅋㅋㅋㅋ,False,,0.0,0
@eun607,변우석님 사진보고 클릭함❤❤❤❤❤❤❤,False,,0.0,0
@뚜왕뜨와앙,이것만 보고 공부한다,False,,0.0,0
@일찐맨,ㅋㅋㅋ.ㅋㅋㅋㅋㅋ 회사직원분들ㅋㅋㅋㅋㅋㅋ ㅠㅠㅠㅠ ㅋㅋㅋㅋ,False,,0.0,0
@So-ik6yp,나단이 진짜 나빴네 그렇게 안 봤는데………………….😮😮😮😮😮😮😮 병재야 내가 대신 고맙다 혹싀 낟..ㅗ오..😂😂😂😂😂😂😂,False,,0.0,0
@난나고넌너야-h7y,친구순위를 가장한 뒷담화의 합법화<br><br>유병재 스릉해요❤,False,,0.0,0
@swj87-e6c,변우석 변우석  그래서 언제 영상 업로드 되나요?,False,,0.0,0
@nonggugajoa,이정도면 한풀이 대잔치인데ㅋㅋㅋㅋㅋㅋㅋㅋㅋㅋㅋㅋㅋㅋㅋㅋㅋㅋㅋ,False,,0.0,0
@user-kc6y,나단아 그러면 안된다..,False,,0.0,0
@MarlonAnnabelle,여기댓글 왜이럼 ㄷㄷ ㄱ글 에서 벳프리 도대체 머길래--?,True,@user-kc6y,2.0,0
@DarrelMelissa,그놈의 ㄱ글 에서 벳프리 때문에 내거기 닳고 닳아서 없어지겠ㄱ네글 에서 벳프리 진짜 보다보,True,@user-kc6y,2.0,0
@911party6,천송이 아빠 불쌍해..,False,,0.0,0
@뿌랑뿌랑꿍,ㅋㅋㅋㅋ 개웃기다 ㅜㅠ 그냥,False,,0.0,0
@곽준빈지노,"팜하니가 5위인 이유<br>유병재 동영상조회수 인기순정렬기준,<br>5년을 쌓아올려서 800만찍은 영상이 1위인데<br>1개월만에 생일파티했던 영상이 587만을 찍음.<br>그게 바로 팜하니임 팜하니 대단하다",False,,0.0,0
@tariseventeen6995,Hanni? Haerin?,True,@곽준빈지노,3.0,0
@twingirl-or2eq,어휴 준빈아;;,True,@곽준빈지노,3.0,0
@곽준빈지노,@@twingirl-or2eq 죠크를 진지하게 받아 들이는 당신의 삶에 평안함이 깃들기를,True,@곽준빈지노,3.0,0
@냥-s2r,조나단 너무했네🤣🤣,False,,0.0,0
@Jiheepark-z6w,선재 언제나오나요,False,,0.0,0
@냥-s2r,변배우님 순위권🎉🎉🎉,False,,0.0,0
@eun607,변우석 ❤❤❤❤❤❤❤,False,,0.0,0
@Eeelena1031,"<a href=""https://www.youtube.com/watch?v=AjeNSEueiX4&amp;t=1114"">18:34</a> 우석❤병재 우정 뽀에버 (feat. 저도 껴줘요..)",False,,0.0,0
@척척척-u7m,변우석님  순위권🎉🎉🎉🎉,False,,0.0,0
@다솜-h2x,병재-있는-사다리방,False,,0.0,0
@후후후-w6z,2025에는 저도 넣어주셈,False,,0.0,0
@장곡빅스타,똥 쌀 시간도 없이 바쁘다더니 다음날 세호형 결혼식은 어떻게 갔어???,False,,0.0,0
@Unrealscience,아싸 드디어 이번엔 저도 순위에!!! (아직 안봄),False,,0.0,0
@전돼지원,너 누군데,True,@Unrealscience,3.0,0
@cynicalteenager6161,​@@전돼지원궤도,True,@Unrealscience,3.0,0
@할미덕-q2y,너 누군데가 개웃김ㅋㅋㅋㅋㅋㅋㅋㅋㅋㅋㅋㅋㅋㅋㅌ,True,@Unrealscience,3.0,0
@Leehayul1475,병재 귀여워 진심으로.,False,,0.0,0
@냥-s2r,로봇청소기 갖고싶네 😅😅,False,,0.0,0
@안기준-u7r,"<a href=""https://www.youtube.com/watch?v=AjeNSEueiX4&amp;t=1107"">18:27</a> 이건 하니의 의견도 들어봐야함",False,,0.0,0
@구팔E,암기왕이라 서운한것도 잊지 못하는.... 그,False,,0.0,0
@구팔E,쪼잔핑,False,,0.0,0
@다솜-h2x,"<a href=""https://www.youtube.com/watch?v=AjeNSEueiX4&amp;t=989"">16:29</a> 짱웃김😂😂😂😂 전 친한줄 알았어여…",False,,0.0,0
@yamyam3572,"<a href=""https://www.youtube.com/watch?v=AjeNSEueiX4&amp;t=1111"">18:31</a> 1초도 못 본 친한친구 ㅋㅋㅋㅋ",False,,0.0,0
@towncloud,병재야 나 07 이민호다.<br>내가 없다는 소식 듣고 왔다. 서운하네.,False,,0.0,0
@피글렛신혜,ㅋㅋㅋㅋ  규선씨한테 병재씨가 왕삐짐핑,False,,0.0,0
@kim-young-min,병재님 근데 왼쪽뒤에 세숫대야 낼면 그릇은 왜 올려놓으신거예요?,False,,0.0,0
@응스-s8r,병재님 진짜 사랑해요 영상 넘 잼있음ㅇ...,False,,0.0,0
@서용주-r8q,유병재님..청소기 사원분들 퇴직 선물인가요?<br>사무실에 자리 나면 알려주세요,False,,0.0,0
@ong537,성민씨 너무하시네 ㅠㅋㅋㅋㅋㅋㅋㅋㅋㅋㅋㅋ,False,,0.0,0
@Ash_liee,그냥 합법적 앞담이잖아요ㅋㅋㅋㅋㅋㅋㅋㅋㅋ,False,,0.0,0
@숨숨쓰,유병재의 서운토크쇼 누가누가 유병재를 가장 서운하게 했는가!,False,,0.0,0
@please9dok,"<a href=""https://www.youtube.com/watch?v=AjeNSEueiX4&amp;t=118"">1:58</a> ~ <a href=""https://www.youtube.com/watch?v=AjeNSEueiX4&amp;t=205"">3:25</a> 광고입니다. 바쁘신 분들은 <a href=""https://www.youtube.com/watch?v=AjeNSEueiX4&amp;t=205"">3:25</a>부터 보시면 됩니다^^",False,,0.0,0
@nicolelucy6506,ㅋㅋㅋㅋㅋㅋㅋㅋㅋ 어떻게해.. 유규선님.. 예상보다 한참뒤네요. <br>변우석님이 등장할줄이야 ㅋㅋㅋㅋ,False,,0.0,0
@seungsikchoi7791,와 나단이 그렇게 안봤는데 실망이네 ㅡㅡ,False,,0.0,0
@안알랴줌메렁,정보- 팜하니 아래로는 사실 의미가 없다,False,,0.0,0
@안알랴줌메렁,아니네 끝까지보니까 순위는 의미가 없다,True,@안알랴줌메렁,1.0,0
@NNJ0011,아 짐짜 슬프다,False,,0.0,0
@momo123-q2e,유병재가 잘생기긴했다,False,,0.0,0
@user-cb5cb1vg3j,"<a href=""https://www.youtube.com/watch?v=AjeNSEueiX4&amp;t=1114"">18:34</a> 변우석😆",False,,0.0,0
@콩딱지-d1j,왕따핑,False,,0.0,0
@user-zt1oq4bl7s,나단아…. 주변 사람 잘 챙겨야지,False,,0.0,0
@thethe6213,친구 정하기가 아니라 서운했던 사람 리스트 만들기 아니냐곸ㅋㅋㅋㅋㅋㅋ 근데 친구 돌잔치 에피랑 조나단은 나 같아도 서울할 듯,False,,0.0,0
@박작가-h6h,유병재 복수 리스트 2024,False,,0.0,0
@Userlee73828,사내왕따핑 ㅜ,False,,0.0,0
@tthoing,아니 유병재 연애함? ㄹㅇ 점점 잘생겨짐,False,,0.0,0
@민민-p9q,속상했겠다ㅠㅠ,False,,0.0,0
@ddeeriring,와 진짜 돌잔치 카톡 집요함 대박이다...ㅋㅋㅋㅋㅋ 아 진짜 저러지마요ㅋㅋㅋㅋ,False,,0.0,0
@yooja.c,썸넬 변우석 보구 달려왔능데.. 무슨얘기 나올까 ㅋ,False,,0.0,0
@st_y9,유병재 - 인친함.2천만원 안빌려줌,False,,0.0,0
@공채,"병재형 올해부터인가 면전에 대놓고 웃기는 쫌 그래서 웃참해야만 할 거 같은 말을 던져서 살짝 분위기 싸하게 만드는 뭐랄까 백색소음 오도시라고 해야하나? 너무 웃긴 거 같아 게다가 &#39;영화 평가 뇌 위탁&#39; &#39;지적허영심용 독서&#39; 등 발가 벗겨진 것 같은 공감성 수치 유발 콘텐츠에 억지 외우기, 무도밈 등 보편적인 공감과 개뻘짓 웃음까지 진짜 올해는 유병재의 코미디가 너무 맛있었던 한 해였다 해도 될 거 같아! 웃참 생일파티 주최자라는 새로운 직업까지!<br><br>이정도 썼으니까 나도 사다리 껴줘",False,,0.0,0
@나-djehw2h21,강훈이는 왜 없나여,False,,0.0,0
@니니-n1x,친구 순위표 넘 재밌아요 !! 꾸준히 해주세용,False,,0.0,0
@Paige-p8r,순위표를 가장한 서운한거 말하는 방송,False,,0.0,0
@Userlee73828,ㅋㅋㅋㅋ,False,,0.0,0
@way_reyo,외로운 크리스마스 하루종일 볼거 올려줘요,False,,0.0,0
@안뇽-s2m,이제 아빠는 순위표에도 없네요,False,,0.0,0
@hyeonyoung5685,구독자핑은요.... ㅠㅠ,False,,0.0,0
@유종선-b2i,작은누나 언급을 안해???,False,,0.0,0
@어게인-l3t,병재씨..수능날 우석이 생파올려주면 안돼요? 우리아들 셤보는데 하루죙일 기도만할수도 없고... 쫌 올려주면 크나큰 위로가 될거같아요,False,,0.0,0
@후루후-j4l,선재🫶병재,False,,0.0,0
@ruree5594,ㅋㅋㅋㅋㅋㅋㅋㅋㅋㅋㅋ불쌍한데 웃기지,False,,0.0,0
@ofzni004,저도 2018년에 유병재님 인스타그램에서 댓글 고정 당했었는데 왜 저는 없어요?,False,,0.0,0
@user-sk5ry3wn2v,병재님사내왕따힘내세요잇 ㅠㅠ!!…,False,,0.0,0
@엽떡경,나도 유병재님같은 친구있었음 정말겠다 ㅠㅠㅠ,False,,0.0,0
@명채널,ㅋㅋㅋㅋㅋㅋㅋㅋㅋ 유병재만 모르는 일이 많은 유병재 회사,False,,0.0,0
@리보리꼬,ㄱㅇㄱㅋㅋㅋㅋㅋㅋㅋㅋ,False,,0.0,0
@sergiovonzar,조나단<br>그랬구나,False,,0.0,0
@아보카도-x9i,유병재랑 연애하고 변우석이랑 결혼하고 싶다,False,,0.0,0
@Boriborinuna,궤도님 고맙다고 했는데 계속 내려감,False,,0.0,0
@RaRa-jh2xn,아닠ㅋㅋㅋㅋㅋ오늘 왤케 웃겨욬ㅋㅋㅋ 한 영상에 킬포가 몇개옄ㅋㅋㅋ 다들 1초도 쉬지말고 보세요들ㅋㅋㅋㅋㅋ,False,,0.0,0
@김성한-n7q,오늘 무슨 살풀이 굿 느낌입니다,False,,0.0,0
@poppy-y7d,ph-1이랑 친해지면 되겠네ㅋㅋㅋㅋㅋㅋㅋㅋㅋㅋㅋㅋㅋㅋㅋㅋㅋ,False,,0.0,0
@mrch24_,병재-있는-병재-사다리방,False,,0.0,0
@user-dudinie,근데.... 왜 파트리샤는 없나요....?,False,,0.0,0
@tjsltkddl,"<a href=""https://www.youtube.com/watch?v=AjeNSEueiX4&amp;t=1366"">22:46</a> 오늘의 친구 순위는 이 얘기를 하기 위한 빌드업이었구나",False,,0.0,0
@RaRa-jh2xn,조나단씨 너무 했네 ㅠㅠㅠ,False,,0.0,0
@Rose-vf5pi,"<a href=""https://www.youtube.com/watch?v=AjeNSEueiX4&amp;t=1291"">21:31</a> 본론",False,,0.0,0
@ddann0,이게존나웃기네,True,@Rose-vf5pi,2.0,0
@흐헿흫헿흐,ㅋㅋㅋㅋㅋㅋㅋㅋㅋㅋㅋㅋㅋ,True,@Rose-vf5pi,2.0,0
@poppy-y7d,다음에 왜 샀니 청문에 악동뮤지션 출연요…. 존버,False,,0.0,0
@예츄리추추,"마치 죄인목록,,ㅋㅋㅋㅋㅋㅋㅋㅋㅋㅋㅋㅋㅋㅋㅋㅋㅋㅋㅋㅋㅋㅋㅋㅋㅋㅋㅋ",False,,0.0,0
@박성호-m3q1g,친구순위표를 가장한 싯다운코미디잖슴 ㅋㅋㅋ,False,,0.0,0
@poppy-y7d,작은 삼촌분ㅋㅋㅋㅋㅋㅋㅋㅋㅋ너무 웃긴데 왜 웃긴지 모르겠는데 일상의 어르신 말투 그자체라서 웃기닼ㅋㅋㅋ,False,,0.0,0
@kangyoonji,"불쌍핑,,,",False,,0.0,0
@je9515,"<a href=""https://www.youtube.com/watch?v=AjeNSEueiX4&amp;t=1522"">25:22</a> 진짜 귀여워 미쳐버리겠네 ㅋㅋㅋ ㅠㅠㅠㅠㅠㅠㅠㅠㅠ",False,,0.0,0
@eonnuunuu,요즘 병재 귀여움,True,@je9515,1.0,0
@Hamzzi_rockpyorak,ㅋㅋㅋㅋㅋㅋㅋ서운한 일들이 왤케 많아요ㅠㅠ,False,,0.0,0
@yunyana427,사실 유병재 (희망) 친구 순위표였던것ㅋㅋㅋㅋㅋㅋㅋㅋㅋㅋㅋㅋㅋㅋㅋ근데 왜 저는 없죠?,False,,0.0,0
@이현-h4j,"<a href=""https://www.youtube.com/watch?v=AjeNSEueiX4&amp;t=981"">16:21</a> ㅋㅋㅋㅋㅋㅋㅋㅋㅋㅋㅋㅋㅋㅋㅋㅋㅋㅋㅋㅋ",False,,0.0,0
@고굼-o2c,"<a href=""https://www.youtube.com/watch?v=AjeNSEueiX4&amp;t=384"">6:24</a> 나도!! 내 마음 1위 땅후니",False,,0.0,0
@brightb4549,석센다사건 너무 웃겨 ㅋㅋㅋ,False,,0.0,0
@yeon-v8k,다음엔 저도 끼워주세요,False,,0.0,0
@user-zf2zu8bg4b,저 그냥 1등시켜주세요,False,,0.0,0
@햬위,나단이 너 ~~~!!,False,,0.0,0
@je9515,술 먹고 성토하는 자리인가요?,False,,0.0,0
@donalddck_president,"<a href=""https://www.youtube.com/watch?v=AjeNSEueiX4&amp;t=856"">14:16</a> 성민이 카톡내용이 진짜 지대웃기네 ㅋㅋㅋㅋㅋㅋ",False,,0.0,0
@jmellow312,진짜 끝까짘ㅋㅋㅋㅋㅋㅋㅋ그럴땐 뷔페가 좋은데 ㅋㅋㅋ,True,@donalddck_president,3.0,0
@케로피-d3p,미치겐네,True,@donalddck_president,3.0,0
@bonnie1960,ㅈㄴ유병재 착함 나같으면 손절함ㅋㅋㅋ,True,@donalddck_president,3.0,0
@nadaa110-k9j,저희가 1위 아니였나욥.. 순위에도 없다니 섭섭핑😢,False,,0.0,0
@사리곰탕면-r8t,"<a href=""https://www.youtube.com/watch?v=AjeNSEueiX4&amp;t=1290"">21:30</a> 직원고발핑",False,,0.0,0
@wkaRksaks,저랑도 친구해주세요,False,,0.0,0
@LucyB-h5s,썸넬에 변우석 보고 헐레벌떡 뛰어왔습니다,False,,0.0,0
@차돌돌-h8x,우석 생일파티 영상 언제 올라오나요…………..,False,,0.0,0
@EndangEndangsaputri,Waiting for the answer too,True,@차돌돌-h8x,1.0,0
@Wuooowoong,병재오빠 잘생겼어용,False,,0.0,0
@ten_nus_,팜하니도 1위 못한 역대급 치열한 순위표 ㄷㄷㄷㄷ,False,,0.0,0
@서영이-t1h,요즘 영상 많이 올려줘서 좋다😊,False,,0.0,0
@cutibboyyy,네남자 등장!,False,,0.0,0
@Moodune-r5u,유병재 너는 내 친구 1위야~~!,False,,0.0,0
@곡롤,"<a href=""https://www.youtube.com/watch?v=AjeNSEueiX4&amp;t=1161"">19:21</a> 가장 소중한 친구",False,,0.0,0
@bluemoonbluedoor,"<a href=""https://www.youtube.com/watch?v=AjeNSEueiX4&amp;t=777"">12:57</a> 짱웃김😂 나단씌 지금이라도..",False,,0.0,0
@dior123432,조나단님 저건 진짜;;; 할많하않,True,@bluemoonbluedoor,1.0,0
@oeelman,ph1 빤쓰까지 벳겨버리네 ㅋㅋㅋ,False,,0.0,0
@space-j0en,팜하니님이 이걸 보실까? 등수가 ㅋㅋㅋㅋㅋㅋㅋㅋㅋㅋ,False,,0.0,0
@llIliIllllIl,돌잔치 ㅈㄹ 웃기넼ㅋㅋㅋㅋㅋㅋㅋㅋㅋㅋㅋㅋㅋㅋ,False,,0.0,0
@KoreanCryingGuy,📋드리미 X40 Ultra<br>✔세계 최초 2개의 로봇팔 로봇청소기<br>✔최대 70도 고온수 세척<br>✔12000Pa 흡입력<br>✔ 물걸레 청소 능력자<br><br>더 자세한 내용은 더보기란을 확인해주세요!,False,,0.0,0
@sbxcrs,BAGAY NA BAGAY SI PARK SEO JOON AT YEN SANTOS!🥰🥰🥰🥰🥰🥰🥰🥰🥰🥰🥰🥰🥰🥰🥰🥰🥰🥰🥰🥰,True,@KoreanCryingGuy,10.0,0
@sbxcrs,YEN SANTOS!💖💖💖💖💖💖💖💖💖💖💖💖💖💖💖💖💖💖💖💖💖💖💖💖💖💖💖💖💖💖💖,True,@KoreanCryingGuy,10.0,0
@JanetFairfax,ㄹㅇ ㄱ글 에서 벳프리 보면 다른거 눈에도 안들어옴 그냥 다시보면 되니까 개이득임 ㅋㅋㅋㅋㅋ,True,@KoreanCryingGuy,10.0,0
@MarlonAnnabelle,ㄱ글 에서 벳프리 보고 나면 다낵질 보충제 한사발 빨아야 한다는데 사실인가요??,True,@KoreanCryingGuy,10.0,0
@ZacharySteadfast,ㅋㅋㅋㅋㅋㅋ ㄱ글 에서 벳프리 모솨서 잼민이 발정났누?ㄱ글,True,@KoreanCryingGuy,10.0,0
@ghk765,친구 많다 부럽다,False,,0.0,0
@Cheese-t3v,넌 내가 있잖아,True,@ghk765,1.0,0
@Mzunniss,친구 순위 정하기가 아니고 병재가 서운했던거 얘기하는 콘텐츠 아니냐고요 ㅋㅋㅋㅋㅋㅋㅋㅋㅋㅋㅋㅋㅋㅋㅋㅋㅋ,False,,0.0,0
@JanetFairfax,헬창들도 ㄱ글 에서 벳프리 보면 근육 다빠진다며 ㅋㅋㅋㅋㅋㅋㅋㅋ 사실임??,True,@Mzunniss,5.0,0
@MarlonAnnabelle,그놈의 ㄱ글 에서 벳프리 댓글 ㅈ 나많네 그렇게죠 좋은가보지 보러갈까??,True,@Mzunniss,5.0,0
@ZacharySteadfast,그놈의 ㄱ글 에서 벳프리 댓글 ㅈ 나많네 그렇게죠 좋은가보지 보러갈까??여기댓글 왜이럼 ㄷ,True,@Mzunniss,5.0,0
@DarrelMelissa,이 댓글 보고 ㄱ글 에서 벳프리 보고있는 내 인생이 레전드네 씨ㄱ밬글ㅋ ㅋ에ㅋ서ㅋ 벳프리 이 ㅓㅇ도로 유명했,True,@Mzunniss,5.0,0
@MabelJoe-q9n,ㄱ글 에서 벳프리 보고 나면 다낵질 보충제 한사발 그빨놈아의야  ㄱ한글다는 데에 서사 실벳인프가리요 ?댓ㅋ글 ㅈ 나많네 그렇게죠 좋은,True,@Mzunniss,5.0,0
@윤모모,작은삼촌 채무 편집됐네 ㅎㅎㅎ <br>그새 갚으셨나,False,,0.0,0
@bluemoonbluedoor,울먹핑 눈가촉촉핑💚💚💚,False,,0.0,0
@ij7gnim,시험기간에 보는게 ㄹㅇ 개재밌음,False,,0.0,0
@송동석-z9f1z,유병우석 우정 영원히❤,False,,0.0,0
@EndangEndangsaputri,When is aired with byeonwooseok?,False,,0.0,0
@jessiekaka.0.0,병재아...우석 생파 언제 나올거야??😊,False,,0.0,0
@OH7l1111,안봤는데 재밌네허허,False,,0.0,0
@자윤-v2k,나도,False,,0.0,0
@capo2,병재야 나만 네가 1순위였니? 진.짜 서운하다.,False,,0.0,0
@소보리,와 저녁먹으면서 볼려고 켰는데 방금 올라온 따껀따껀한 영상이라니 햅삐,False,,0.0,0
@space-j0en,친구 막 순위 메기는게 왤케 웃기냨ㅋㅋㅋㅋㅋㅋ,False,,0.0,0
@전또박,유병재 최고,False,,0.0,0
@한뚝배기-n9h,나도 끼워줘요 나도 친구로 넣어줘요,False,,0.0,0
@초코찡구,나도 포함시켜줘요. 왜 나는 안 됩니까! 나는 몹시 분노하다!,False,,0.0,0
@_MungNyang,ㄹㅇ 이 분은 넣었어야지 병재 뭐함,True,@초코찡구,5.0,0
@Tiger_Ho-Official,이것은 있을수 없는!<br>나는 매우 분노하다!,True,@초코찡구,5.0,0
@emilly8369,사과해요 나한테!,True,@초코찡구,5.0,0
@구팔E,내가 다 서운하다...,True,@초코찡구,5.0,0
@아하링,유병재는 사과하라!,True,@초코찡구,5.0,0
@user-nr3yn9ch2p,아직 안봣는데 재밋네,False,,0.0,0
@panjae55,😂😂😂😂❤,False,,0.0,0
@helloiamyuk,ㅋㅋㅋㅋㅋㅋ개웃겨 (아직안봄),False,,0.0,0
@박-j6k,별로 안웃김(봄),True,@helloiamyuk,2.0,0
@차돌돌-h8x,개뇌절,True,@helloiamyuk,2.0,0
@가문희영광,벌써 웃김,False,,0.0,0
@아보카도-x9i,저 변우석 생일파티에 초대해주세요 ㅜㅜㅜㅜㅜ,False,,0.0,0
@장은난,1,False,,0.0,0
