author,comment,is_reply,reply_to,reply_count,is_spam
@qwerty-iu8vu,"<a href=""https://www.youtube.com/watch?v=AkMpuT9S0YI&amp;t=80"">1:20</a> 발연점이 낮은 참기름만 발라서 구우면 빨리 타기 때문에 발연점이 높은 들기름을 섞음으로써 가열을 할 수 있는 것임 !!!",False,,0.0,0
@user-pc8ct3lx1g,ユッケ、日本では食べられないので本当に羨ましいです,False,,0.0,0
@HenriettaPaula-f2c,헬창들도 ㄱ글 에서 벳프리 보면 근육 다빠진다며 ㅋㅋㅋㅋㅋㅋㅋㅋ 사실임? ㅋ,False,,0.0,0
@DewH-s2w,어떻게 육회 1200g에 노른자를 비빌 생각을 하셨을까요 정말 존경스러워요 저도 죽기 전에 육회 1200g 먹어보고 싶네요 육회에 순무랑 배를 같이 비벼 드시는거 보고 정말 배우신 분이라는 것을 느꼈습니다 좋은 영상 항상 감사합니다,False,,0.0,0
@으히히-h2d,"저거 김, 엄마가 어제 해주셨어요&gt;&lt;",False,,0.0,0
@ElijahBrenda,진짜 ㄱ글 에서 벳프리 에서 방송 하시던분 진짜 잼있어 ... 다시보고 싶어서 가보자 ㅋ,False,,0.0,0
@ElleryLight,ㄱ글 에서 벳프리 보고 나면 다낵질 보충제 한사발 빨아야 한다는데 사실인가요?ㅋ,False,,0.0,0
@user-qt5dd2om8d,아뇨,False,,0.0,0
@김컵단,마싯겟당,False,,0.0,0
@고전겜돌이,이거 엄청 맛있겠는데요❤❤,False,,0.0,0
@뽷,한근으로도 만족스러운 육회 식사를 즐길 수 있는데 두 배면 얼마나 더 행복할지 상상이 안 가네 ㅋㅋㅋㅋㅋ,False,,0.0,0
@ujin1647,막내삼촌 친우분이 소도축하시는분이라 4인이서 3.2kg의 육회를 혼자서 1kg먹었는데 맛있고 배불렀습니다,False,,0.0,0
@일지망뽀로로,백지 좀더 자주 나와주세용,False,,0.0,0
@카페인-h8o,붕어밥 노른자발라서 오븐에구웟다면 색은 예뻣을지도…?,False,,0.0,0
@하넬-l4f,뒤진마늘 ㅋㅋㅋㅋㅋㅋㅋㅋㅋㅋㅋㅋㅋㅋㅋㅋㅋㅋㅋㅋㅋㅋㅋㅋㅋㅋㅋㅋ,False,,0.0,0
@吉水和也,롤카롤카에서 드디어 양성반응을 보이고 있어요 궁긍하면 검색해봐,False,,0.0,0
@สุนฤนาถเงสันเทียะ,롤카롤카 놀이공원 보다 더 짜릿짜릿 19금 보다,False,,0.0,0
@石神拓海,"케리아 2년 재계약 확정, 티원 전원재계약 와우 롤카롤카",False,,0.0,0
@ดรงค์เสนาจันทร์,롤카롤카는 롤 vs 카지노 ㅎㅎ 여러분들의 선택에 맡기겠습니다.,False,,0.0,0
@塩満久美子,만약에 이스포츠가 질렸다면 카쥐노로 전향해도 무방합니다 롤카롤카,False,,0.0,0
@HinaGotou,하루도 빠짐없이 들어와서 눈팅중인데 오늘은 달려볼거임 롤카롤카,False,,0.0,0
@JaxonSolly,아무리 내가 여러번 떠들어도 한번 들어와서 눈으로 보면 또 다른 느낌으로 다가온다 롤카롤카,False,,0.0,0
@KotokaSugita,미리 사전에 정보수집을 안해도 실전에서 배우면 된다 롤카롤카,False,,0.0,0
@日山太陽,LCK LPL 멸망존 스케줄표 다 나와있습니다. 롤카롤카,False,,0.0,0
@関島雨夜,이스포츠에 관해서는 우리나라가 최고의 실력 롤카롤카 ㅋㅋㅋㅋㅋ,False,,0.0,0
@คานเครือคํา,LOL 관한 모든 정보 및 분석 픽은? 롤카롤카 ㅎㅎㅎㅎ,False,,0.0,0
@CaitlinVogel,롤카롤카 찌라시가 돌던데.. 여윽시 금방 나올줄 알았다 ㅋㅋㅋㅋㅋ,False,,0.0,0
@IwaoNii,내가 장담하는데 롤카롤카 분명 흐름타서 페이모스해진다,False,,0.0,0
@ShinshouUchiyama,하나부터 열까지 다 가르쳐주는 배튕학원 롤카롤카,False,,0.0,0
@若山良子,롤카롤카 나오기까지 3년을 기다렸다 드디어 두두등장,False,,0.0,0
@NonomiOzaki,나는 롤카롤카에서 페이커를 처음 알게되었다,False,,0.0,0
@ตาดําพรมขันตี,롤카롤카 엄청 도배되어 있네 뭐지.. 한번들어가봐야겠다,False,,0.0,0
@LeahPackham,곧 시즌이 돌아오는데 가만히 계실건가요 ? 롤카롤카,False,,0.0,0
@EveBethune,롤카롤카 들어와봐요 ㅋㅋㅋ 이런곳도 있네 ㅋㅋㅋ,False,,0.0,0
@danielk433,개쩐다..,False,,0.0,0
@ilililililili,손두께봐라..ㄷㄷㄷ 돼지일듯,False,,0.0,0
@뿡-x2d,굴김치..에..보쌈…제..발루..아님..과메기…겨울준비해줘요……😢❤,False,,0.0,0
@쫀득한다일,"<a href=""https://www.youtube.com/watch?v=AkMpuT9S0YI&amp;t=292"">4:52</a> 구데타마…?",False,,0.0,0
@IvarKerri,ㄱ글 에서 벳프리 보고 나면 다낵질 보충제 한사발 빨아야 한다는데 사실인가요??,False,,0.0,0
@QuentinBobbie,그놈의 ㄱ글 에ㄱ서글  벳에프서리  벳때프문리에  진내짜거 기보 다닳보고면  닳빠아져서든 다없 라어지이브겠에네 ?수위도좋고 외모도 좋고 삼박,False,,0.0,0
@나비공주-g3h,아우 고기를 저렇게 주물럭대면....으으,False,,0.0,0
@배재현-l8c,와.. 이 집 진짜 맛있게 요리 잘하네...!! 나도 먹고 싶어요 ㅜ ㅜ,False,,0.0,0
@cjh5319,이걸 한 끼에 다 먹나요?,False,,0.0,0
@rachelbin8989,고기어디서사여..,False,,0.0,0
@ZaneMarie,ㄱ글 에서 벳프리 진짜 보다보면 빠져든다 라이브에 수위도좋고 외모도 좋고 삼박자 지렀으,False,,0.0,0
@냠냐-g8p,진심 전문점 어디 없나요? 이런 비주얼로 가게 운영을 하신다면………………….아 나도 먹어보고싶다아아아 ㅠㅠ,False,,0.0,0
@하늘333,퀄리티 뭐야 미1쳤다,False,,0.0,0
@achtnull,"<a href=""https://www.youtube.com/watch?v=AkMpuT9S0YI&amp;t=200"">3:20</a> 표정 나왔죠 이제 이 요리는 끝난 걸로 치겠습니다",False,,0.0,0
@김소중-k2l,맛있겠네,False,,0.0,0
@효모-z8i,아침부터 육회비빔밥 배달시켜놓고 내가 이걸 왜 먹고싶어진건지 이유를 몰랐는데 아침에 눈 뜨자마자 이 영상 봐서 그런거였음... 잠 덜 깬 상태로 영상 봐서 내용은 까먹고 육회 먹고 싶은 기분만 남아버림....최고의 육회바이럴 ㅇㅈ합니다 지금 육빔 먹으면서 영상 또봐요,False,,0.0,0
@ElleryLight,헬창들도 ㄱ글 에서 벳프리 보면 근육 다빠진다며 ㅋㅋㅋㅋㅋㅋㅋㅋ 사실임??,True,@효모-z8i,5.0,0
@ElijahBrenda,ㄱ글 에서 벳프리 보느라 눈밑에까지 다크써클 들어옴 ... 진짜 근데이뻐서 눈을못떼겟다...,True,@효모-z8i,5.0,0
@Smiler_스마일러,AI들아 나랑 SE스 할래?,True,@효모-z8i,5.0,0
@HenriettaPaula-f2c,ㄱ글 에서 벳프리 이 ㅓㅇ도로 유명했음?  내 듣보잡인줄 알았는데 ㄷㄷ?,True,@효모-z8i,5.0,0
@효모-z8i,어 오늘 육회 또 먹어 이 영상 맛집이네,True,@효모-z8i,5.0,0
@manyang2699,고양이 아우 더러워,False,,0.0,0
@yuminsun7984,육회에 도른자 비비기,False,,0.0,0
@DouglasPercival,ㄱ글 에서 벳프리 진짜 보다보면 빠져든다 라이브에 수위도좋고 외모도 좋고 삼박자 지렀으,False,,0.0,0
@ArianaLola-m9d,이 댓글 보고 ㄱ글 에서 벳프리 보고있는 내 인생이 레전드네 씨밬ㅋㅋㅋㅋ?,False,,0.0,0
@김태연-j3c5i,브금 되게 게임ost같넹,False,,0.0,0
@onyukim6702,육회 저렇게 먹는거 진심 권력있어보임,False,,0.0,0
@brucemoon104,조리대에 고양이 올라오는 순간 입맛 뚝 떨어짐,False,,0.0,0
@준양이-t8z,육회..... 정말  맨날 먹을 수 있어......😋😋😋😋😋😋😋😋😍😍😍😍😍😍😍❤❤❤❤❤❤❤❤❤,False,,0.0,0
@송이-o5u,빛이 난다,False,,0.0,0
@Yesblue1234,보는 내내 웃음을 멈출 수 없었습니다. 너무 맛있어 보여요,False,,0.0,0
@빤짝e,와 그거 암? 에서 드디어 ‘앎’ 으로 바뀌었어.... 드디어...,False,,0.0,0
@GlynnisPrecious,ㄱ글 에서 벳프리 이 ㅓㅇ도로 유명했음?  내 듣보잡인줄 알았는데 ㄷㄷ?,False,,0.0,0
@EthenSelena,그놈의 ㄱ글 에서 벳프리 때문에 내거기 닳고 닳아서 없어지겠네,False,,0.0,0
@PhilipRobert,ㄱ글 에서 벳프리 보느라 눈밑에까지 다크써클 들어옴 ... 진짜 근데이뻐서 눈을못떼겟다...?,False,,0.0,0
@FeliciaHalden-v7g,진짜 ㄱ글 에서 벳프리 에서 방송 하시던분 진짜 잼있어 ... 다시보고 싶어서 가보자 ?,False,,0.0,0
@그대-d3c,와진짜 진심 이제 개돼지됐네,False,,0.0,0
@yunbeeyun,아니 저 육회처돌이인데 하 이런 영상 옳지 않아요 ㅠ 하 개맛잇겟다 ㅎ하 ㅠㅠㅠㅠㅠㅠㅠㅠㅠㅠㅠㅠㅠㅠㅠㅠㅠㅠㅠㅠㅠㅠㅠㅠㅠㅠㅠㅠㅠㅠㅠㅠㅠㅠㅠㅠㅠㅠㅠㅠㅠㅠㅠㅠㅠㅠㅠㅠㅠㅠㅠㅠㅠㅠㅠㅠㅠㅠㅠㅠㅠㅠㅠㅠㅠㅠㅠㅠㅠㅠㅠㅠㅠㅠㅠㅠㅠㅠㅠㅠㅠㅠㅠㅠㅠㅠㅠ,False,,0.0,0
@우주롱-l4c,와 미쳐따 배고파요..,False,,0.0,0
@몰랑-d1r,밥을 왜넣지 망했네 싶었다가... 먹잘알인걸 다시 알게됬어요ㅋㅋㅋ 진짜 침 줄줄 ㅠㅠ,False,,0.0,0
@jonye_boss,육회그릇이 1200g이라하여 뭐지했는데 육회가 1200g이였던걸로,False,,0.0,0
@kongkongtop,히야야앙 미쳐따,False,,0.0,0
@briatrixkiddo8338,I don’t understand how these people are still alive.,False,,0.0,0
@정정-c8u,계란 노른자말고 타조알로..,False,,0.0,0
@Meister19,배가 고파 졌다.,False,,0.0,0
@최원준-s2x,밖에서 사먹으면 쪼금쪼금씩 나오는거 집에서 왕창해먹는 대리만족,False,,0.0,0
@00nijji,그들의 잔반처리기가 되고싶어,False,,0.0,0
@wondrousgrace4450,호랑이 생일상인가,False,,0.0,0
@은혜-i2e,천재임 천재,False,,0.0,0
@掛布大和,롤카롤카 놀이공원 보다 더 짜릿짜릿 19금 보다,False,,0.0,0
@嘉陽真,"케리아 2년 재계약 확정, 티원 전원재계약 와우 롤카롤카",False,,0.0,0
@滝澤香,롤카롤카는 롤 vs 카지노 ㅎㅎ 여러분들의 선택에 맡기겠습니다.,False,,0.0,0
@曽我翼,만약에 이스포츠가 질렸다면 카쥐노로 전향해도 무방합니다 롤카롤카,False,,0.0,0
@PhoebeAdcock,하루도 빠짐없이 들어와서 눈팅중인데 오늘은 달려볼거임 롤카롤카,False,,0.0,0
@小館桐子,아무리 내가 여러번 떠들어도 한번 들어와서 눈으로 보면 또 다른 느낌으로 다가온다 롤카롤카,False,,0.0,0
@OliverBarling,미리 사전에 정보수집을 안해도 실전에서 배우면 된다 롤카롤카,False,,0.0,0
@鎌苅進,LCK LPL 멸망존 스케줄표 다 나와있습니다. 롤카롤카,False,,0.0,0
@KazukiTou,이스포츠에 관해서는 우리나라가 최고의 실력 롤카롤카 ㅋㅋㅋㅋㅋ,False,,0.0,0
@YoukoHatsutori,LOL 관한 모든 정보 및 분석 픽은? 롤카롤카 ㅎㅎㅎㅎ,False,,0.0,0
@KoumeShinoda,롤카롤카 어쩔줄몰라하면 침착하게 들어가보자 그것부터배워라,False,,0.0,0
@長大翔,롤카롤카 찌라시가 돌던데.. 여윽시 금방 나올줄 알았다 ㅋㅋㅋㅋㅋ,False,,0.0,0
@จุบรรสาธุชาญกุล,내가 장담하는데 롤카롤카 분명 흐름타서 페이모스해진다,False,,0.0,0
@古園翔太,하나부터 열까지 다 가르쳐주는 배튕학원 롤카롤카,False,,0.0,0
@HatsuyoKoda,롤카롤카 나오기까지 3년을 기다렸다 드디어 두두등장,False,,0.0,0
@LauraJ.Pendergraft,모든 게임의 정보는 어디서확인하라고? 롤카롤카,False,,0.0,0
@SatokoMizuno,나는 롤카롤카에서 페이커를 처음 알게되었다,False,,0.0,0
@คานเครือคํา,롤카롤카 엄청 도배되어 있네 뭐지.. 한번들어가봐야겠다,False,,0.0,0
@SayaeIitsuka,곧 시즌이 돌아오는데 가만히 계실건가요 ? 롤카롤카,False,,0.0,0
@RickiD.Gentry,롤카롤카 들어와봐요 ㅋㅋㅋ 이런곳도 있네 ㅋㅋㅋ,False,,0.0,0
@AustinLazenby,롤카롤카 놀이공원 보다 더 짜릿짜릿 19금 보다,False,,0.0,0
@江守健三,"케리아 2년 재계약 확정, 티원 전원재계약 와우 롤카롤카",False,,0.0,0
@ShirouUenohara,롤카롤카는 롤 vs 카지노 ㅎㅎ 여러분들의 선택에 맡기겠습니다.,False,,0.0,0
@LucasDunckley,하루도 빠짐없이 들어와서 눈팅중인데 오늘은 달려볼거임 롤카롤카,False,,0.0,0
@BraydenWienholt,아무리 내가 여러번 떠들어도 한번 들어와서 눈으로 보면 또 다른 느낌으로 다가온다 롤카롤카,False,,0.0,0
@IsabelleGellert,미리 사전에 정보수집을 안해도 실전에서 배우면 된다 롤카롤카,False,,0.0,0
@MatildaGoloubev,LCK LPL 멸망존 스케줄표 다 나와있습니다. 롤카롤카,False,,0.0,0
@JeanneR.Grassi,이스포츠에 관해서는 우리나라가 최고의 실력 롤카롤카 ㅋㅋㅋㅋㅋ,False,,0.0,0
@ครรชิตทรัพย์สาย,LOL 관한 모든 정보 및 분석 픽은? 롤카롤카 ㅎㅎㅎㅎ,False,,0.0,0
@LachlanGale,롤카롤카 어쩔줄몰라하면 침착하게 들어가보자 그것부터배워라,False,,0.0,0
@国岡陽子,내가 장담하는데 롤카롤카 분명 흐름타서 페이모스해진다,False,,0.0,0
@RobertR.Dennis,하나부터 열까지 다 가르쳐주는 배튕학원 롤카롤카,False,,0.0,0
@SebastianJasprizza,롤카롤카 나오기까지 3년을 기다렸다 드디어 두두등장,False,,0.0,0
@EsperanzaR.Graham,모든 게임의 정보는 어디서확인하라고? 롤카롤카,False,,0.0,0
@FredC.Powers,나는 롤카롤카에서 페이커를 처음 알게되었다,False,,0.0,0
@築城涼,롤카롤카 엄청 도배되어 있네 뭐지.. 한번들어가봐야겠다,False,,0.0,0
@MaoOkano,곧 시즌이 돌아오는데 가만히 계실건가요 ? 롤카롤카,False,,0.0,0
@은혜-i2e,이분들 영상은 기분 엄청 좋음 완전 잘되길 바람,False,,0.0,0
@trainpyo,붕어밥에서 진짜 천재성 돋보임 개천재;,False,,0.0,0
@KINGPACA,일단 산더미 육회랑 육회비빔밥까진 알겠는데<br>붕어밥 진ㅉ ㅏ 한번 먹어보고싶네,False,,0.0,0
@익명-w6y6b,미친 붕어밥은 개천재걑댜,False,,0.0,0
@재원-u5x,남자분 목소리 핫소스 육은길,False,,0.0,0
@quasistellar8,육회 1.2kg 부신거 실화입니까…?,False,,0.0,0
@user-yv4si9ch5m,육회비빔밥 드실 때 남은 흰자 바삭하게 구워서 같이 드셨으면 더 맛있었겠다.....,False,,0.0,0
@hg-dl3pb,아 진짜 한입만 뺏어먹고 싶네,False,,0.0,0
@김경중-s7c,둘이 저걸 다 먹음…?,False,,0.0,0
@읅짌쥷웕욹윍웱,육회가 10900원이요?,False,,0.0,0
@금마리_17287,먹어볼래 오랜만이다,False,,0.0,0
@parte-one5240,아니 앵글은 왜이리 화려한건데 ㅋㅋㅋㅋㅋㅋㅋㅋㅋ,False,,0.0,0
@LunarOrbit_0610,들참기름은 들 찬가요? 우하하!,False,,0.0,0
@yun_k365,붕어는 진짜.. 상상도 못함,False,,0.0,0
@GOODNEWS-lm1cx,천국 지옥은 있으며 예수님께선 그리스도이시며 길이요 진리요 생명이십니다 예수님께선 부활이요 생명이십니다 회개하십시요..  예수님께선 구세주이심을 선포합니다 현금없는 사회와 CBDC 디지털화폐는 인간을 노예삼고 사유재산을 없애고 사탄이원하는 바이므로 해선  안됩니다. 베리칩과 666표  받지 마십시요.,False,,0.0,0
@NEOHAM,진짜 다이어트 중 가장 마음에 드는 채널,False,,0.0,0
@Tiniiohoho,english comment here lol,False,,0.0,0
@강아범,헐 살빠지심 ㄷㄷ,False,,0.0,0
@빛과어둠-n5f,수능끝난 날 최고의 선택!,False,,0.0,0
@Dayoon1864,당신들은 만 16세 딸이 필요하다.,False,,0.0,0
@_hanall,"<a href=""https://www.youtube.com/watch?v=AkMpuT9S0YI&amp;t=140"">2:20</a> 이거 어떻게 편집한거예요??? 너무 궁금한데",False,,0.0,0
@NF_ANDFF7,처음 배 둔장면하고 배깎고 껍질씌워둔채로 돌리는장면 합친거같은데여,True,@_hanall,2.0,0
@_hanall,@@NF_ANDFF7그렇게 생각하고 다시 보니 맞네요!!,True,@_hanall,2.0,0
@letmeinnnnnnn,ㅈㄴ 부럽다,False,,0.0,0
@NapolitanoDaniela,"케리아 2년 재계약 확정, 티원 전원재계약 와우 롤카롤카",False,,0.0,0
@ИсаакВа́гин,롤카롤카는 롤 vs 카지노 ㅎㅎ 여러분들의 선택에 맡기겠습니다.,False,,0.0,0
@TatsumaKanai,만약에 이스포츠가 질렸다면 카쥐노로 전향해도 무방합니다 롤카롤카,False,,0.0,0
@ЕфимияБородина,하루도 빠짐없이 들어와서 눈팅중인데 오늘은 달려볼거임 롤카롤카,False,,0.0,0
@神近直樹,미리 사전에 정보수집을 안해도 실전에서 배우면 된다 롤카롤카,False,,0.0,0
@LinaAnkudinova,LCK LPL 멸망존 스케줄표 다 나와있습니다. 롤카롤카,False,,0.0,0
@滝石翔太,LOL 관한 모든 정보 및 분석 픽은? 롤카롤카 ㅎㅎㅎㅎ,False,,0.0,0
@SandraDenisova,이스포츠에 관해서는 우리나라가 최고의 실력 롤카롤카 ㅋㅋㅋㅋㅋ,False,,0.0,0
@TetsujiMoriyama,롤카롤카 어쩔줄몰라하면 침착하게 들어가보자 그것부터배워라,False,,0.0,0
@JettMazure,하나부터 열까지 다 가르쳐주는 배튕학원 롤카롤카,False,,0.0,0
@TimurAndreeff,롤카롤카 나오기까지 3년을 기다렸다 드디어 두두등장,False,,0.0,0
@今福美咲,롤카롤카 찌라시가 돌던데.. 여윽시 금방 나올줄 알았다 ㅋㅋㅋㅋㅋ,False,,0.0,0
@雷嬿婷,내가 장담하는데 롤카롤카 분명 흐름타서 페이모스해진다,False,,0.0,0
@何虹均,모든 게임의 정보는 어디서확인하라고? 롤카롤카,False,,0.0,0
@НораВоронина,롤카롤카 엄청 도배되어 있네 뭐지.. 한번들어가봐야겠다,False,,0.0,0
@ЕфимияКозлова,나는 롤카롤카에서 페이커를 처음 알게되었다,False,,0.0,0
@NicanorSidorov,곧 시즌이 돌아오는데 가만히 계실건가요 ? 롤카롤카,False,,0.0,0
@竹迫千代,롤카롤카 들어와봐요 ㅋㅋㅋ 이런곳도 있네 ㅋㅋㅋ,False,,0.0,0
@손바노-p3y,"<a href=""https://www.youtube.com/watch?v=AkMpuT9S0YI&amp;t=139"">02:19</a> 스킬 공유 필요합니다.",False,,0.0,0
@머리대-w1e,와 지금 12신데 농담아니라미칠것같음 볶음밥까지예술이네 그냥 아...,False,,0.0,0
@침대위에일상,이분은 진심 왜 흑백요리사 안 나갔나 궁금함,False,,0.0,0
@user-hw5mn6sfj3i,이 사람들은 음식으로 하드코어 포르노를 찍네,False,,0.0,0
@user-soulmari,계란껍질만진손 노른자 적출 나쁨손!!!<br>큰일나요. 건강히 잡솨요.ㅋ<br>잘보고 갑니다.좋아요 꾸욱,False,,0.0,0
@ramiuniverse,흐아 너무 맛나겠다 ㅠㅠㅠㅠ,False,,0.0,0
@TV-im1nl,보고있는데 살찌는 느낌 ㅋㅋㅋ,False,,0.0,0
@바나나맛참치,진짜 아이디어 대단하다 ㅋㅋ,False,,0.0,0
@성이름-x4r7j,너무 과격하고 환상적인 비주얼이다...와 복분자주까지...<br>저기에 껴서 설거지랑 뒷정리 도와드리고 한 입 얻어먹고싶다......,False,,0.0,0
@doit3518,"<a href=""https://www.youtube.com/watch?v=AkMpuT9S0YI&amp;t=33"">0:33</a> 어린노무채소요..?",False,,0.0,0
@Ananke_Osmanthus,어린노무시키 몰라요?<br>오해할만 하긴 한데...,True,@doit3518,2.0,0
@GamingkimTSB,노무 ㄷㄷ,True,@doit3518,2.0,0
@클라크-m1w,브금넣으니 더 이상해 이전이더좋은데 약간투박한느낌,False,,0.0,0
@heewoo1216,아 개맛있겠다..,False,,0.0,0
@wlgus78910,백지~,False,,0.0,0
@김은우-n4z,"<a href=""https://www.youtube.com/watch?v=AkMpuT9S0YI&amp;t=32"">0:32</a> 노무요?",False,,0.0,0
@e-5so170,"<a href=""https://www.youtube.com/watch?v=AkMpuT9S0YI&amp;t=165"">2:45</a> 눈아 남은 흰자는 보통 뭐해먹어???",False,,0.0,0
@karajannn,가루로 만든 육회를 드셔보시겠습니까?,False,,0.0,0
@김수인-q5h,동파육 만들어주세요!!!!!,False,,0.0,0
@이혜빈-j7h,붕어밥은 육회를 얼려서 했으면 좀 들 익었으려나요,False,,0.0,0
@adorable_bucket,늘 언제나 항상 일관적으로 다진→뒤진이라고 해주시는 거 넘 좋아요,False,,0.0,0
@Breakfast_please_husband,(대충 손얘기 하는 ㅂㅅ들 욕하는 댓글),False,,0.0,0
@coast6275,하 맛잇겟다…,False,,0.0,0
@ak55ak,점점 건강식으로 바뀌는거 별론데 흠,False,,0.0,0
@jungjun_321,이 채널보다 이 채널 주인장 몸이 더 빨리 망할 것 같은느낌..,False,,0.0,0
@lunap7029,"I wish yall had english subtitles, but other than that, your videos are amazing as always!",False,,0.0,0
@Banksy_oner,"<a href=""https://www.youtube.com/watch?v=AkMpuT9S0YI&amp;t=86"">1:26</a>초 정정 들기름만 하면이아니라 참기름만하면 빨리탑니다",False,,0.0,0
@Jeulgemi,배 돌려까는건 처음이네 ㅋㅋㅋㅋㅋ 매일 양파 까는거는 봤는데,False,,0.0,0
@SwampMusical,육회맛있겠다,False,,0.0,0
@흐림비약간바람,이제 회덮밥 해주세요...<br>집에서 해먹어보고싶어요..,False,,0.0,0
@TL보여,예전보다 살이 찌신듯,False,,0.0,0
@wondhgwpi,"지금 586세대라면 공감하는 게<br>엄마가 전부칠때 옆에 앉아있으면 떨어진거 하나씩 주워먹여주던 추억있음<br><br>저출생 시대라서 냥이도 좋은 추억 생길듯  <a href=""UCkszU2WH9gy1mb0dV-11UJg/vQF1XpyaG_XG8gTs77bACQ""></a><a href=""UCkszU2WH9gy1mb0dV-11UJg/vQF1XpyaG_XG8gTs77bACQ""></a><a href=""UCkszU2WH9gy1mb0dV-11UJg/vQF1XpyaG_XG8gTs77bACQ""></a>",False,,0.0,0
@wondhgwpi,🌟맨날 느끼는 건데 <br>여기만 영상보고 나면 공병줍는 앵벌이 광고는 왜 맨날 나오는 거임?,False,,0.0,0
@HappyBirthDay21,"<a href=""https://www.youtube.com/watch?v=AkMpuT9S0YI&amp;t=108"">1:48</a> 닉값하네",False,,0.0,0
@minomino254,수능16분전 마지막선택,False,,0.0,0
@eagleLee09,‘수능날 최고의 선택’,False,,0.0,0
@우와우-x9e,스푸파 비스무리하게 한것같은 느낌인데 편집이 매번 좀 정신없음..,False,,0.0,0
@alanro9319,개배고파...,False,,0.0,0
@lux.mund1,"<a href=""https://www.youtube.com/watch?v=AkMpuT9S0YI&amp;t=268"">4:28</a> 적혈구",False,,0.0,0
@유미-s2o,김에서 미역 맛이 살아 있다니<br>이것이 진정한 창조,False,,0.0,0
@윤찬웅-u8e,뭔가 맛을 확신시켜 주는  손가락들 이로구만,False,,0.0,0
@Aewol-zb4qj,이거 보고 장바구니에 육회 1키로 담았습니다. 감사합니다.,False,,0.0,0
@d0i4f903fff,육회 진짜 가득 쌓아놓고 먹고싶은데 대리만족 제대로네,False,,0.0,0
@sanghyunhwang8434,같은 투쁠이 왜 저렇게 다를까요....?,False,,0.0,0
@asdf-ms5ke,미쳤다 진짜 😂,False,,0.0,0
@랄랄라-x3q,"<a href=""https://www.youtube.com/watch?v=AkMpuT9S0YI&amp;t=290"">4:50</a> 구데타마..???",False,,0.0,0
@oktopcooking,남자친구분은 살 절때 못뺄둣 ㅎㅎㅎ,False,,0.0,0
