author,comment,is_reply,reply_to,reply_count,is_spam
@VanceDrucilla,ㄹㅇ ㄱ글 에서 벳프리 보면 다른거 눈에도 안들어옴 그냥 다시보면 되니까 개이득임 ㅋㅋㅋㅋ,False,,0.0,0
@84년생39살마지막3대젝,전현무님 너무 재미있어요*^^*<br>언제나 화이팅해요~!!,False,,0.0,0
@VanceDrucilla,ㄱ글 에서 벳프리 보고 나면 다낵질 보충제 한사발 빨아야 한다는데 사실인가요?,True,@84년생39살마지막3대젝,1.0,0
@IngridThunder,그놈의 ㄱ글 에서 벳프리 때문에 내거기 닳고 닳아서 없어지겠네?,False,,0.0,0
@워렌버핏-y8j,정지선이 직접 차려주는 생일상이라니 돈주고도 못먹는건데,False,,0.0,0
@문주리-d4i,턱쭈가리 타노스짱깨요리사는 왜자꾸 티비나옴 성형이라도 하고나오지,False,,0.0,0
@AmandaStrong-c4e,이 댓글 보고 ㄱ글 에서 벳프리 보고있는 내 인생이 레전드네 씨밬ㅋㅋㅋㅋㅋ,False,,0.0,0
@AmandaStrong-c4e,여기댓글 왜이럼 ㄷㄷ ㄱ글 에서 벳프리 도대체 머길래--ㅋ,False,,0.0,0
@AmandaStrong-c4e,여기댓글 왜이럼 ㄷㄷ ㄱ글 에서 벳프리 도대체 머길래--ㅋ,True,@AmandaStrong-c4e,1.0,0
@DanielleJoseph-g8o,ㄱ글 에서 벳프리 보느라 눈밑에까지 다크써클 들어옴 ... 진짜 근데이뻐서 눈을못떼겟다...,False,,0.0,0
@아재생각,박나래 좀 빼라,False,,0.0,0
@오잉-s3f,저런사람없다특히또그것도음식하는사람이직접손으로~더맛있겠다~~부럽다😢,False,,0.0,0
@CaretakerJillian-k4r,헬창들도 ㄱ글 에서 벳프리 보면 근육 다빠진다며 ㅋㅋㅋㅋㅋㅋㅋㅋ 사실임? ㅋ,False,,0.0,0
@CaretakerJillian-k4r,ㄹㅇ ㄱ글 에서 벳프리 보면 다른거 눈에도 안들어옴 그냥 다시보면 되니까 개이득임 ㅋㅋㅋㅋ,False,,0.0,0
@CaretakerJillian-k4r,ㄱ글 에서 벳프리 보느라 눈밑에까지 다크써클 들어옴 ... 진짜 근데이뻐서 눈을못떼겟다...?,True,@CaretakerJillian-k4r,1.0,0
@jin9044,전현무는 참 무례하고 잘 해줄 필요없는 부류 흑백요리사 뜨니까 갑자기 동생이래 ㅋㅋㅋ,False,,0.0,0
@sunneepk.6841,전현무한테 잘 해줄 사이도 아니시면서 뭔 상관;;,True,@jin9044,1.0,0
@테레사노무스메,정지선셰프는진짜 열심히산다 여경래님이랑진짜잘됐으면,False,,0.0,0
@더블제이_JJ,와 진짜 감동이겠다,False,,0.0,0
@inlineskatesandhybridbikes1110,개부럽소~ 금방 지천명 옴~,False,,0.0,0
@Xinseo-038,대단하네요. 정지선 쉐프 더 잘되셨으면 좋겠습니다!,False,,0.0,0
@river-e3y,나이가 몇 인데 아직도 생일타령인거야. 성형으로 인상은 사나워졌는데 출연진 외모 비하하거나 자기가 잘생긴 것처럼 말하는 것도 완전 별로인데.,False,,0.0,0
@TimekeeperSupplanter,ㄹㅇ ㄱ글 에서 벳프리 보면 다른거 눈에도 안들어옴 그냥 다시보면 되니까 개이득임 ㅋㅋㅋㅋ,False,,0.0,0
@TimekeeperSupplanter,진짜 ㄱ글 에서 벳프리 에서 방송 하시던분 진짜 잼있어 ... 다시보고 싶어서 가보자,False,,0.0,0
@TimekeeperSupplanter,ㄱ글 에서 벳프리 보느라 눈밑에까지 다크써클 들어옴 ... 진짜 근데이뻐서 눈을못떼겟다...?,True,@TimekeeperSupplanter,1.0,0
@TaraElton,ㄱ글 에서 벳프리 진짜 보다보면 빠져든다 라이브에 수위도좋고 외모도 좋고 삼박자 지렀으,False,,0.0,0
@TaraElton,그놈의 ㄱ글 에서 벳프리 때문에 내거기 닳고 닳아서 없어지겠네,False,,0.0,0
@TaraElton,헬창들도 ㄱ글 에서 벳프리 보면 근육 다빠진다며 ㅋㅋㅋㅋㅋㅋㅋㅋ 사실임? ㅋ,True,@TaraElton,1.0,0
@초코초코칩-e9x,"어휴 전 아무리 미리 에피소드 회의해서 한거라해두 갑자기 전현무씨 머 가족아닌데 삼년 가족이라 그러고, 방송 생일상 차리게한거라 생각들어 불평하네요 뭘자꾸 이리 차렸녜 차리게 한거죠",False,,0.0,0
@sunearth1703,잘히ㅢ라  행님아,False,,0.0,0
@You14651,남잘되는 꼴 못보는 삐딱한 인간들 많네 ㅉㅉㅉ,False,,0.0,0
@meltingcauseofu,감동 ㅠㅠㅠㅠ,False,,0.0,0
@형남례-g6k,아름다운 우정 아름답고 사랑스럽습니다,False,,0.0,0
@나라구-g9z,정지선❤  열정 의리,False,,0.0,0
@리경-s8p,전현무씨 살 많이 빠지셨네요? 우아,False,,0.0,0
@lettreton7132,현무님 생일이라고 특별히 한식으로 우와아 너무 의외의 선물이라 깜짝 놀라고 고마웠겠어요✨,False,,0.0,0
@커피번,전현무가젤재밋다😊🎉,False,,0.0,0
@lily-cz4mt,부럽다 현무,False,,0.0,0
@고구마순병어조림,와 보는동안 감동입니다 친여동생두 이렇게 까지 못차리는데 .. 나의사랑 병어찜~♡,False,,0.0,0
@MountainJuno,여기댓글 왜이럼 ㄷㄷ ㄱ글 에서 벳프리 도대체 머길래--ㅋ,False,,0.0,0
@MountainJuno,그놈의 ㄱ글 에서 벳프리 댓글 ㅈ 나많네 그렇게죠 좋은가보지 보러갈까?ㅋ,False,,0.0,0
@MountainJuno,ㅋㅋㅋㅋㅋㅋ ㄱ글 에서 벳프리 모솨서 잼민이 발정났ㅋ,True,@MountainJuno,1.0,0
@AmandaLouis-y1j,ㄹㅇ ㄱ글 에서 벳프리 보면 다른거 눈에도 안들어옴 그냥 다시보면 되니까 개이득임 ㅋㅋㅋㅋㅋ,False,,0.0,0
@JaneAnnabelle-w8x,진짜 ㄱ글 에서 벳프리 에서 방송 하시던분 진짜 잼있어 ... 다시보고 싶어서 가보자,False,,0.0,0
@JaneAnnabelle-w8x,ㄱ글 에서 벳프리 보느라 눈밑에까지 다크써클 들어옴 ... 진짜 근데이뻐서 눈을못떼겟다...,False,,0.0,0
@JaneAnnabelle-w8x,여기댓글 왜이럼 ㄷㄷ ㄱ글 에서 벳프리 도대체 머길래--?,True,@JaneAnnabelle-w8x,1.0,0
@EbenezerSean,그놈의 ㄱ글 에서 벳프리 댓글 ㅈ 나많네 그렇게죠 좋은가보지 보러갈까??,False,,0.0,0
@EbenezerSean,ㄱ글 에서 벳프리 보고 나면 다낵질 보충제 한사발 빨아야 한다는데 사실인가요??,False,,0.0,0
@EbenezerSean,ㄱ글 에서 벳프리 보고 나면 다낵질 보충제 한사발 빨아야 한다는데 사실인가요??,True,@EbenezerSean,1.0,0
@kim-x7u9f,출연진이 타프로그램과 겹쳐서 조금 식상하네요,False,,0.0,0
@Elsiehong,김숙씨가 정지선 쉐프 잠을 정말 안 자고 부지런하다 하셨는데 그 말이 맞나봐요 수라상같은 생일상을 선물해주다니<br>진짜 마음이 착하네요❤<br>우리 무무 핸펀 번호 알았음 자정에 문자보냈을텐뎈ㅋㅋㅋㅋㅋㅋ 무무덕에 웃습니다 무무도 행복해서 앞으로도 오래오래 우리를 웃겨줘요😊❤,False,,0.0,0
@이지연-q3f,정지선씨 제지인이고싶네요😊,False,,0.0,0
@정미선-t5z,생일상 제대로 받았네,False,,0.0,0
@honeybaby6742,키 좋음,False,,0.0,0
@lovelee7777,누군가가  내생일상을 단한번만이라도  저렇게 챙겨준다면  평생 못잊을듯.. 찐감동이고 정성이다❤ 한식요리가 정말 손이 많이 가는데...대단대단!!!,False,,0.0,0
@도레-d8h,와 ㅁㅊ대박 감동이다..,False,,0.0,0
@홍매화-q9x,전현무씨 생일 축하해요🎉🎉 정지선쉐프 멋있어❤,False,,0.0,0
@user-vy1et7hl8b,뭘저정도까지;;,False,,0.0,0
@김모씨-w2k,하루종일 일하고  매장에 없는 메뉴는 진짜 찐 애정이다 멋있다!!!,False,,0.0,0
@AmandaLouis-y1j,ㄱ글 에서 벳프리 진짜 보다보면 빠져든다 라이브에 수위도좋고 외모도 좋고 삼박자 지렀으,True,@김모씨-w2k,1.0,0
@bs-cb8gv,현무님 생일추카해요. 무디 라됴때부터 팬이였어요❤무디 덕분에 많이 웃어요👍🏼,False,,0.0,0
@선영김-l7g,자전거탈때 꼭 쫄쫄이입어야하나요😮?😊<br>현무형 엄청 젊어지셨네요,False,,0.0,0
@라일락-r4n,개웃긴다 ㅋㅋㅋㅋ케미 누가미역국에 한식밥상을 해주나 ㄷㄷ대단해,False,,0.0,0
@익명1-u3k,저런것도 전현무가 잘 나가니 저런거지 전현무 나락가면 바로 손절임 ㅋㅋㅋㅋㅋ,False,,0.0,0
@자몽자몽,너무 좋은 사람 😮,False,,0.0,0
@핫투-k5y,와전현무 비싼 스피커 비싼 휴지통 부럽,False,,0.0,0
@soon-x3v,ㅋㅋ,False,,0.0,0
@sohyunhyun7010,전현무 팬이다만 씨-씨 하는 버릇은 너무 별로다….조금 힘들면 입에서 씨-가 습관처럼 나오는데 저번에 박나래랑 약초캐러 갔을때도 약초장인 앞에서도 씨-씨 연발… 누가 멱살잡고 시킨것도 아닌데,False,,0.0,0
@z악마-u9t,솔까 나혼자 산다 로고 가리면 사당귀 아니냐?,False,,0.0,0
@phyopyaepyaemaung3409,happy birthdayyyyyyy,False,,0.0,0
@happy._7,안씨는 스튜디오에 왜나와.<br>장우보려는데 안씨 거스<br>슬려서  겨우봤네<br>제작진 안씨 나혼산에 출연시키지마...<br>비호감을 왜...,False,,0.0,0
@happy._7,나는 생일을 제대로 받아본적없어서..<br>그냥 생일이면 생일인가보다 하고 그냥 별 의미부여 없이 내가 미역국 끓여먹는거나..<br>그러고살다고 앱으로 라디오를 듣는데 방송토크에 자기생일 축하해달라고  글을 올리는거보고 다들 자기생일을 챙기는구나...하고. .나도 이젠 내생일을 무시안하고 나라도 챙겨서 먹자하고 의미를  가지기로하고 하고있긴함.<br>나이가 많아도 다들 자기생일 다 축하해달고하고 그러더라고.<br>참 유별나다게 산다 그랬는데. <br>생각해보니...자기태어난날 특별하게 생각하고 자기사랑?하는마음 갖고 <br>사는것도 좋겠구나 .했음.<br>축하가 별거아니지만<br>기분이 좋아지긴함.<br><br>근데 자정되서 축하받는건 인기많은사람들이나..ㅎ<br><br>그냥 하루가 지나가기전에 축하인사 하나만이라도 받으면 ㅇㅋ .  <br><br>인생 별거냐...사람마다 다르지.<br>사는인생 환경 모든게 다른데<br>비교하고 살면 비참해짐.<br>그냥 자기만족 하고 살려고.,False,,0.0,0
@jybyun1107,아무리 방송이어도 지금 연일 예약 꽉찬 레스토랑 오너셰프가 매장서 파는 메뉴도 아니고 한식으로만 저렇게 십몇 첩을 해서 대접한다는 게 엄청난 정성인데 꼬인 사람들 많네.. 요리는 시간과 정성이에요. 나이 들수록 남을 위해 자신의 시간과 노력을 할애한다는 게 정말 큰 의미라는 게 다가오더라고요. 정말 쉽지 않은 일입니다.,False,,0.0,0
@인생별거없구만,남 못잡아먹어서 환장한 사람들 인터넷에 널렸네요 ~ 뭘 어쩌란건지 <br>그래봐야 지들이 악플러밖에 더되나,True,@jybyun1107,5.0,0
@kkki8934,맞아 방송용이었으면 오히려 더욱 식당 메뉴를 선보여야하는거임. 음식 할 줄 모르는 사람은 잡채 하나만 잡고 해도 1시간임;; 저 음식들 아무리 숙련자가해도 시간 겁나 걸리는 음식들임;; 꼭 뭣도 베풀어본적도 없는 인간들이 뭐라함;;,True,@jybyun1107,5.0,0
@이블라블라-d7u,맞아요!  <br>남을 위해 저렇게 정성스런 밥상 차리는게 쉽지않죠. 무무 행복하겠어❤ 맛있는 밥 +  똑부러지는 누나같은 동생 😊,True,@jybyun1107,5.0,0
@EbenezerSean,ㄹㅇ ㄱ글 에서 벳프리 보면 다른거 눈에도 안들어옴 그냥 다시보면 되니까 개이득임 ㅋㅋㅋㅋ ?,True,@jybyun1107,5.0,0
@JaneAnnabelle-w8x,ㄱ글 에서 벳프리 보고 나면 다낵질 보충제 한사발 빨아야 한다는데 사실인가요??,True,@jybyun1107,5.0,0
@시한폭탄-r4u,진짜 맛있겠다😋🤤,False,,0.0,0
@duhawn123,전현무 씨 그만 은퇴하세여. ㅠㅠㅠ,False,,0.0,0
@xomylovexo5680,정지선보면 진짜 열심히 사는것같음<br>실력도 있고 성격도 좋더라,False,,0.0,0
@JaneAnnabelle-w8x,ㅋㅋㅋㅋㅋㅋ ㄱ글 에서 벳프리 모솨서 잼민이 발정났누?,True,@xomylovexo5680,5.0,0
@EbenezerSean,그놈의 ㄱ글 에서 벳프리 댓글 ㅈ 나많네 그렇게죠 좋은가보지 보러갈까??,True,@xomylovexo5680,5.0,0
@JaneAnnabelle-w8x,이 댓글 보고 ㄱ글 에서 벳프리 보고있는 내 인생이 레전드네 씨밬ㅋㅋㅋㅋ?,True,@xomylovexo5680,5.0,0
@AmandaLouis-y1j,ㄱ글 에서 벳프리 이 ㅓㅇ도로 유명했음?  내 듣보잡인줄 알았는데 ㄷㄷㅋ,True,@xomylovexo5680,5.0,0
@MountainJuno,ㄹㅇ ㄱ글 에서 벳프리 보면 다른거 눈에도 안들어옴 그냥 다시보면 되니까 개이득임 ㅋㅋㅋㅋ,True,@xomylovexo5680,5.0,0
@미키-w2r,전현무님 때문에 나혼산 보는 1인 입니다.❤,False,,0.0,0
@coco2400,현무오빠 사랑해요❤,False,,0.0,0
@들꽃-c5j,전현무님 생일축하해요 정셰프님 마음 따뜻한 분이구나 감사합니다 무지개님들 현무님 조금 챙겨주세요 리츠라고만 하지 말고 마음까지 채워지게 전화좀 해주세요 오늘 뒤로쓴 모자  그리고 말할때 정말 멋져보이고 귀여워요 오늘 전현무님 보니 뭔가 잔잔한 물결을 보는듯해요 좋은분 만나서 데이트도 하시고 행복하시길 바랍니다 소처럼 일한다 할땐 짠함 하지만 부럽기도해요 🎉🎉🎉 🎉🎉🎉 전현무님 응원합니다 좋은분,False,,0.0,0
@루비-u8k,생축🎉🎉🎉🎉 할렐루야👍🤲📕,False,,0.0,0
@user-uh2dq7es9h,요즘 나혼산 너무 노잼이다 <br>김광규 데프콘 노홍철 육중완 나올때 초창기가 진짜 잼났었는데,False,,0.0,0
@고구마순병어조림,맞아요 ㅎ,True,@user-uh2dq7es9h,1.0,0
@believe-vv9tm,최근 삼성A 기사봄<br>집값<br>동네 오늘....^^,False,,0.0,0
@안뇽쟌,전현무 얼굴분명히 뭐했는데..눈에띄게 리프팅됨! 어디나와서 말한적있나요?  아시는분제발정보좀요ㅋㅋㄱ,False,,0.0,0
@Jk_wildflower,이마에 보톡스 맞는다고 얘기했어요.,True,@안뇽쟌,3.0,0
@도레-d8h,운동하고 살 빠져서 그런듯,True,@안뇽쟌,3.0,0
@tnwjddl0702618,살도 빠지고 리프팅<br>보톡스 한거 같아요.,True,@안뇽쟌,3.0,0
@believe-vv9tm,병어찜 진짜 끝까지 발라주시네요~<br>무넣고 졸이면 굿,False,,0.0,0
@believe-vv9tm,현무씨 최근 톡스~^^<br>입꼬리 습관입니다<br>노력 조금만 표정근은 본인이 만듬<br>지금 쇼파에서 핸펀볼때~~~,False,,0.0,0
@meeeerry_,전현무 모자 뒤로쓴거 잘어울리네,False,,0.0,0
@문도챠오,먹기 편하라고 그릇 다시 배열해주는 거 찐정인듯. 사랑많은 엄마나 할머니처럼.,False,,0.0,0
@JaneAnnabelle-w8x,그놈의 ㄱ글 에서 벳프리 댓글 ㅈ 나많네 그렇게죠 좋은가보지 보러갈까??,True,@문도챠오,3.0,0
@DanielleJoseph-g8o,헬창들도 ㄱ글 에서 벳프리 보면 근육 다빠진다며 ㅋㅋㅋㅋㅋㅋㅋㅋ 사실임??,True,@문도챠오,3.0,0
@AmandaStrong-c4e,그놈의 ㄱ글 에서 벳프리 댓글 ㅈ 나많네 그렇게죠 좋은가보지 보러갈까?ㅋ,True,@문도챠오,3.0,0
@아기돼지-j5n,프로그램.좀줄여라.쉽쉐키야,False,,0.0,0
@헤이든꾸리스,진짜 갬동이다 식당 메뉴도 아니라 음식이 홍보되는 것도 아닌데 정성 미쳤어,False,,0.0,0
@나현진-u4l,정지선 셰프 멎지고 최고에요 💛💛💛👩‍🍳,False,,0.0,0
@나현진-u4l,정지선 셰프 친엄마 생일 음식 하나하나 정성껏 준비한 모습 진짜 감동이네요.👩‍🍳🩷<br>무무공주님 친엄마 하나하나 자식처럼 챙겨주는 모습 따뜻하고 정 많아요.<br>정지선 셰프 천사같아요. 최고에요.💛💛💛👩‍🍳💛💛<br>무무공주님 생신 축하드려요. 100살 건강하세요.💛💛,False,,0.0,0
@바나나-r7y,살빠지더니 젊어졌네,False,,0.0,0
@rainbowciel4675,아 정지선 ! 정말 천사❤,False,,0.0,0
@POPDUNASH,이 무슨 세계관 통합이얔ㅋㅋㅋㅋ,False,,0.0,0
@박재현-j1f3b,너무 감동이다.,False,,0.0,0
@cho3582,홍보방송,False,,0.0,0
@Soundtracks7i,안지3년동안 생일도안챙겨줬으면서 흑백으로뜨니까 챙겨주는척 홍보방송 그게무슨감동이냐?,False,,0.0,0
@인생별거없구만,프로불편러인가 도배를하네<br>그렇게 불편하면 안보면될껄<br>여기가 북한도 아닌데 왜이러나몰라 <br>어디 돈떼먹혔나 병원가보세요,True,@Soundtracks7i,6.0,0
@nanakim888,생일상 챙겨주면 진짜 좋을꺼 같아요,False,,0.0,0
@Soundtracks7i,"홍보하려고 흑백에도 직접 나간요리사가, 대형프로가 와서 촬영한다는데 저렇게 안하겟니?",False,,0.0,0
@jungjin7358,코했다 했어,False,,0.0,0
@heyyeunkim3059,누구요,True,@jungjin7358,1.0,0
@Erudam,사장님 귀는 당나귀귀를 함께한지 꽤 지난만큼 친분생기고 지금은 너무 잘되어서 나혼산에서 보는게 신기신기,False,,0.0,0
@Soundtracks7i,나혼산 MC는 왜 있는거냐?  맨날 대박 감동 우와 에이... 늙어서 다들기운도 없어보여 활기참이 없어,False,,0.0,0
@Zzz-eq4og,ㅋㅋㅋㅋㅋㅋㅋ,True,@Soundtracks7i,6.0,0
@indi7088,전현무는 점점 잘생겨져 가네.... 옛날 얼굴보다 지금이 더 젊어보임 ... 역시 돈인가?,False,,0.0,0
@sohyunhyun7010,전현무씨.. 여기서 이러시면 안됩니다…,True,@indi7088,2.0,0
@Zzz-eq4og,ㅋㅋㅋㅋㅋ😂,True,@indi7088,2.0,0
@김종우-o2l,드디어 현무 형님 ㅎ ㅎ,False,,0.0,0
@arannang,이건 진짜 감동인디,False,,0.0,0
@sameoldlove55,Somehow i feel like no one in I Live Alone will get the biggest MBC award this year..?,False,,0.0,0
@김해죠,키는 왜 자꾸 나오는걸까…,False,,0.0,0
@다밍-e9f,이딴 댓글은 왜 다는걸까 나옴 안되냐?,True,@김해죠,3.0,0
@샤랄라-n5x,나는 키 좋은데,True,@김해죠,3.0,0
@tnwjddl0702618,나도 키 좋은데,True,@김해죠,3.0,0
@Soundtracks7i,전현무 언제 이렇게 얼굴을 다 고쳤데? 치아 코 리프팅 친근했던 전현무 그립다  눈은 왜이렇게 껌뻑거려 보는사람까지 불편하게 그리고 진짜많이 늙었네 느릿느릿 할배같애,False,,0.0,0
@Zzz-eq4og,헐그러게요 코언제햇대 😅😅😅 애많이쓰네 ㅠ,True,@Soundtracks7i,6.0,0
@민유하-b4c,아줌마ㅋㅋㅋㅋ,True,@Soundtracks7i,6.0,0
@sohyunhyun7010,바프 끝났을때 딱 괜찮았는데 몇달새 아줌마 인상됨…. 돈들여서 폭망길로 가는 이상한 선택을 함,True,@Soundtracks7i,6.0,0
@음흉한메타몽,@@Ahsjsneheydyhddndndheueu 본인임?..,True,@Soundtracks7i,6.0,0
@6v6tmk,요즘 정지선 셰프님 나오는 건 다 챙겨봄❤️,False,,0.0,0
@멍찌-l2n,시작하자마자 박나래 띠꺼운목소리<br>&quot;어디가는거야&quot; 죠올라 듣기싫네ㅋㅋ,False,,0.0,0
@김해죠,그만나왔으면 ㅠㅠ,True,@멍찌-l2n,2.0,0
@トマトの王子様-d6w,심보가 진짜 못됐다ㅉㅉ 직장에서 스트레스 받는일 있으면 느그 남편한테 풀어 연예인들한테 풀지말고,True,@멍찌-l2n,2.0,0
@user-zm2vm6hy75,아 진짜 또 전현무쳐먹는먹방이야<br>전현무계획 나혼산 전참시도먹방 세상에이런일이  특파원도전현무먹방~ 제발 티비좀보자. 제발,False,,0.0,0
@밥밥비바밥,"진짜 좋겠다 지금은 예약해도 아무나 못가는 식당인데, 오직 날 위해서만 저렇게 한상 차림 떡 하니 차려준다는게 정말 대단한거 같음",False,,0.0,0
@user-ft4cy5up6r,전현무가 정지선 담당일찐임ㅋㅋㅋ,True,@밥밥비바밥,5.0,0
@Woojjujju852,진심. 좋아보임???  할 말은 많은데 ㅉㅉ ... ㅈㅎㅁ 한테 정 떨어짐,True,@밥밥비바밥,5.0,0
@ai1369,사당귀에서 함께한 세월이 길잖아요 ㅋㅋㅋ 김숙 전현무 ㅋㅋ,True,@밥밥비바밥,5.0,0
@오렌제오렌지,@@Woojjujju852 할 말 많으시면 속으로 혼자하세욬ㅋㅋㅋㅋㅋㅋㅋㅋㅋㅋㅋㅋ,True,@밥밥비바밥,5.0,0
@TaraElton,ㄹㅇ ㄱ글 에서 벳프리 보면 다른거 눈에도 안들어옴 그냥 다시보면 되니까 개이득임 ㅋㅋㅋㅋ,True,@밥밥비바밥,5.0,0
@Chrryblossomlondon,와 가족도 저렇게는 잘못챙겨주는데 대단하네요. 친여동생같네요~,False,,0.0,0
@lovelee7777,맞습니다ㅠ,True,@Chrryblossomlondon,1.0,0
@user-mt9lt3rx1s,하의<br>머<br>야?<br><br>진짜<br>🤣🤣🤣🤣🤣🤣🤣🤣🤣😵‍💫😵‍💫😵‍💫😵😵😵😵😵😵😵😵😵☹️,False,,0.0,0
@user-vc2pv7mu6x,저정도면 프로포즈 아니냐요 ㅋㅋㅋㅋㅋㅋ 아무리 셰프시라도😮😮😮😮😮,False,,0.0,0
@이효영-k7r,딤섬의 여왕  정지선  셰프님이랑 많이 친하게 잘 지내. 시구나 현무 오빠 많이 좋아 하는. 모습이 👍👍👍👍👍👍👍👍🍚🍚🍚🍚🍚🍚🍚  잘. 드시구요 현무 오빠. 건강. 하구 생일 축하 드려요,False,,0.0,0
@현민-w1b,생일 축하해요 미역국 맛있게 먹어❤❤❤❤❤❤❤❤❤❤,False,,0.0,0
