author,comment,is_reply,reply_to,reply_count,is_spam
@Yyyyyyyyqoo1339,"<a href=""https://www.youtube.com/watch?v=BrUFzZ8J-rs&amp;t=1931"">32:11</a>  ㅋㅋㅋㅋㅋㅋㅋㅋㅋㅋㅋㅋㅋㅋㅋㅋㅋㅋㅋㅋㅋㅋㅋㅋㅋㅋㅋㅋㅋㅋㅋㅋㅋㅋㅋ",False,,0.0,0
@ouoonoouoono,채널 삭제만 안 하심 안 되나요… 제 밥친구 왜 빼앗으시는지😢😢😢😢😢😢😢😢,False,,0.0,0
@시골집사-x4o,안되요 제발 그러지말아줘요.🙏🙏 가끔 이라도 좋으니 셋이 같이 해주면 안되요?아닌가 너무 내 생각 만 하는건가?아 넘 슬프다 ㅜㅜ,False,,0.0,0
@rinadesu2598,ついに日本に来てくださるのですね！！楽しんでください！！！！,False,,0.0,0
@hermosa384,일본 자주가면서 또 일본ㅠ끝마무리가 아쉽구만,False,,0.0,0
@Chj_29,"햇님<br>혼자서 할줄 아는게 없다는 비아냥 댓글 많은데, 실은 돈을 가장 많이 물어오는게 햇님 본인인데요?<br>원래 사업의 본체 핵심이 되는 사람은 그거에만(햇님은 먹는거) 몰두하고 다른 손품 발품은 직원이 하는거에요~ <br>글구 햇님이 뭬님은 종처럼 부리는 것도 아니구 진짜 찐친이라 의지하는건데,, 다들 팬이라 하시면서 속으론 벼래별 생각들을 하고 계시군요 😭🥲",False,,0.0,0
@LaneMighty,ㄱ글 에서 벳프리 진짜 보다보면 빠져든다 라이ㄱ브글에  에수서위 도벳좋프고리  외보모느도라 좋 고눈 밑삼에박까자지  지다렀크으써클 들어옴 ... 진짜,False,,0.0,0
@shino-db4ne,3人で大阪来てくれるんですね<br><br>&quot;ゆかり&quot;というお好み焼きやさんに<br>&quot;大坂城(おおさかじょう)&quot;という<br>3～4人分の大きなお好み焼きがあるので<br>よかったら食べてほしいです☺<br><br>動画楽しみにしてます🙌,False,,0.0,0
@DependableRuth,진짜 ㄱ글 에서 벳프리 에서 방송 하시던분 진짜 잼있어ㄹ ㅇ.. .ㄱ글  다에시보서고  벳싶프어리서  보가면보 자다 른?거 눈에도 안들어옴 그냥,False,,0.0,0
@BloomingEmma,여기댓글 왜이럼 ㄷㄷ ㄱ글 에서 벳프리 도대체 머길래--?,False,,0.0,0
@DianeLarissa-s2n,ㄱ글 에서 벳프리 진짜 보다보면 빠져든다 라이브에ㄱ 글수 위에도서좋 고벳 프외리모 도보 느좋라고  눈삼밑박에자 까지지 렀으다크써클 들어옴 ... 진,False,,0.0,0
@user-yp2qt4xb1k,いつか日本来てくれないかなと思ってたから凄く嬉しいです〜！<br>3人が楽しめる旅行になりますように🥳🥳,False,,0.0,0
@minimi00,나도님이랑 시니님은 일본여행 자주가셔서 홍콩 기대했는데 아쉽네요 ㅠㅠ😢<br>햇님님 홍콩먹방 보고시퍼용,False,,0.0,0
@Happpy.happpy,비나이다 비나이다<br>여행영상 3편 이상 나오게 해주소서<br>비나이다 비나이다 🌕🙏,False,,0.0,0
@PhyllisShamus,ㄱ글 에서 벳프리 보느라 눈밑에까지 다크써클 들어옴 ... 진짜 근데이뻐서 눈을못떼겟다...?,False,,0.0,0
@RowenaZelda-z8i,이 댓글 보고 ㄱ글 에서 벳프리 보고있는 내 인생이 레전드네 씨밬ㅋㅋㅋㅋㅋ,False,,0.0,0
@優子-o1c,❤❤❤🎉👏🫶🇯🇵,False,,0.0,0
@kaorikanato09,最後のコンテンツに日本を選んでくれてありがとう❤,False,,0.0,0
@im4082,아마 절대 안될겁니다. 댓글남기는 사람들 다 언니라고하는데 전 그보다 더 언니 입장으로 보겠어요. 햇님은 저 나이먹도록 할줄아는것도없고 먹는거밖에안되고 시니랑 나도는 어째저째 마지막을 준비하려하고.. 에효.. 수입도 없고 서로 스케줄 피곤하고 이쯤에서 끝나는게 베스트인것같네요..시니도 너무 가벼워..ㅋㅋㅋㅋ이렇게 쉽게 기획했던 그분들의 팬이 됬다는게 씁쓸할 따름입니다 이상 끗-,False,,0.0,0
@이실리나-p9q,진짜...의존적인 삶 그 자체...어휴,True,@im4082,1.0,0
@YenDuong-n3h,내가 장담하는데 롤카롤카 분명 흐름타서 페이모스해진다,False,,0.0,0
@ThuLêThị-l6k,롤카롤카 어쩔줄몰라하면 침착하게 들어가보자 그것부터배워라,False,,0.0,0
@LượngTrinh-i5u,롤카롤카 나오기까지 3년을 기다렸다 드디어 두두등장,False,,0.0,0
@SanhNguyễn-k8l,곧 시즌이 돌아오는데 가만히 계실건가요 ? 롤카롤카,False,,0.0,0
@TrieuChaycham,롤카롤카는 롤 vs 카지노 ㅎㅎ 여러분들의 선택에 맡기겠습니다.,False,,0.0,0
@ThuýNguyễn-f9j9z,내가 장담하는데 롤카롤카 분명 흐름타서 페이모스해진다,False,,0.0,0
@huynuivlog3302,하나부터 열까지 다 가르쳐주는 배튕학원 롤카롤카,False,,0.0,0
@lamnguyen1999,"케리아 2년 재계약 확정, 티원 전원재계약 와우 롤카롤카",False,,0.0,0
@ThúcToànNguyễn-b5z,아무리 내가 여러번 떠들어도 한번 들어와서 눈으로 보면 또 다른 느낌으로 다가온다.-롤카롤카-,False,,0.0,0
@TrọngHiếu4A4,롤카롤카 어쩔줄몰라하면 침착하게 들어가보자 그것부터배워라,False,,0.0,0
@ĐenTrịnh-x9w,하나부터 열까지 다 가르쳐주는 배튕학원 롤카롤카,False,,0.0,0
@huanchu567,이스포츠에 관해서는 우리나라가 최고의 실력 롤카롤카 ㅋㅋㅋㅋㅋ,False,,0.0,0
@ThúyTrầnThị-s7l,롤카롤카 나오기까지 3년을 기다렸다 드디어 두두등장,False,,0.0,0
@PhuDoanNguyen-r9e,내가 장담하는데 롤카롤카 분명 흐름타서 페이모스해진다,False,,0.0,0
@ThuyNguyen-yv7sb,모든 게임의 정보는 어디서확인하라고? 롤카롤카,False,,0.0,0
@CươngLê-t6p,롤카롤카 어쩔줄몰라하면 침착하게 들어가보자 그것부터배워라,False,,0.0,0
@khiemplus2170,곧 시즌이 돌아오는데 가만히 계실건가요 ? 롤카롤카,False,,0.0,0
@HuyenTran-p6d,모든 게임의 정보는 어디서확인하라고? 롤카롤카,False,,0.0,0
@nghinguyen-n3s,하루도 빠짐없이 들어와서 눈팅중인데 오늘은 달려볼거임 롤카롤카,False,,0.0,0
@ducpham-j6k,나는 롤카롤카에서 페이커를 처음 알게되었다,False,,0.0,0
@PhuDaiPham-o7d,하루도 빠짐없이 들어와서 눈팅중인데 오늘은 달려볼거임 롤카롤카,False,,0.0,0
@DELEUZEish,아니... 5개월 동안 공지 및 영상 올리기 힘들어서 못올렸고 어쩌다 1번도 영상 올리기 힘들다는데... 자꾸 어쩌다 1번이라도 영상 올려달라고 하시네..ㅋㅋ 오죽 힘들면 이 지경까지 만들었겠어요~ 카메라 돌아가면 맘 편히 못놀고 부담스럽다는데... 자꾸 어쩌다 한 번이라도 좋으니 영상 올려달래 ㅋㅋ,False,,0.0,0
@user-cx9uh5ju9r,"어쩌다 한 번이라도 뜻밖의 선물처럼 볼 수 있게 계속 해주시면 안될까여 우런니(햇님), 시니님, 나도님ㅜㅜ 보는 내내 정말 행복한데 이걸 이제 못 보게 된다니....ㅜㅜㅜㅜ",False,,0.0,0
@Babybird0614,언니들 일본에 오시는구나!!🩷🩷 저는 오사카에 사니까 언니들 만날수있기를 💗<br>오사카에 오시면 우로코 라면 이라고하는  제가 재일 좋아하는 시오라면집이 있어요!! 난바역 근처에도 있으니까 시간되면 가봐요🍜,False,,0.0,0
@37.5-o4y,"그냥 일상 대화하면서 배달음식 잔뜩 시켜 먹고.. 영상 길이도 30분 정도로 짧지 않구.. 너무 조으네요 대단한 거 안 해줘도 되니 이런 영상 한달에 하나라도 ㅠㅠ,, 어떻게 안되나요오",False,,0.0,0
@MoonSun-r8h,이 세사람은 굉장히 친하고 서로를 잘 챙겨주는 좋은 관계다<br>그런데 이 채널에 대한 애착은 없는 듯<br>각자 개인 채널의 구독자나 팬에 대해서는 정말 끔찍하게 생각하는데 이 채널의 구독자들에 대해서는 별 생각 없다 <br>어차피 오랜 시간으로 유대가 쌓인 관계가 아니라 막 섞여 있으니까 <br>오랜 공백기를 두고 간만에 여는 영상인데도 거기에 대한 별 멘트도 없이 그냥 하던대로 하는 걸 보면서 이건 아니다 싶음...<br>아무리 비지니스채널이라도 매너가 참아쉽다 <br>개인 채널에서는 절대 있을 수 없는 일,False,,0.0,0
@DELEUZEish,공감이요~<br>뭐하자는 건지 원~,True,@MoonSun-r8h,1.0,0
@최연진-m5j,채널 없어지나요..?,False,,0.0,0
@wolha_sia,개인적으로 채널을 여는것도 영상을 올리는것도 쉬는것도 채널주인의 마음이라고 생각해요 나 힘들어! 그만할래! 하고선 괜찮아 지면 다시 할수도 있는거 아닌가  꼬김이들 영상 볼수있게 영상은 남겨줘요... 일단 해외여행을 안전하고 재밌게 다녀와봅시다!,False,,0.0,0
@한을-d1y,특별한 컨텐츠 안바랍니다.. 그냥 셋이 토크토크 근황얘기하는 이런맛에 보는걸요..<br><br>어쩌다 가끔이라도 생각나시면 편집 없어도 좋으니.. 셋의 만남을 보고싶어요❤,False,,0.0,0
@냠미-p6s,뭐든 응원해요 !! 😊 영상 감사히 보겠습니다 ㅎㅎ,False,,0.0,0
@五十嵐慶子,/롤/카/롤/카/ 놀이공원 보다 더 짜릿짜릿 19금 보다,False,,0.0,0
@ValentineTokareva,"케리아 2년 재계약 확정, 티원 전원재계약 와우 롤카롤카",False,,0.0,0
@ОлесьКрыло́в,롤카롤카는 롤 vs 카지노 ㅎㅎ 여러분들의 선택에 맡기겠습니다.,False,,0.0,0
@LawrenceGolovanov,만약에 이스포츠가 질렸다면 카쥐노로 전향해도 무방합니다 롤카롤카,False,,0.0,0
@豊里梅子,하루도 빠짐없이 들어와서 눈팅중인데 오늘은 달려볼거임 롤카롤카,False,,0.0,0
@MarianneYefremova,아무리 내가 여러번 떠들어도 한번 들어와서 눈으로 보면 또 다른 느낌으로 다가온다.-롤카롤카-,False,,0.0,0
@ЭмильГал,미리 사전에 정보수집을 안해도 실전에서 배우면 된다 롤카롤카,False,,0.0,0
@堂上美咲,각기다른 스트리머들이 올라온다고 ?  멸망존 스케줄표 다 나와있습니다. =롤카롤카=,False,,0.0,0
@小金七海,LOL 관한 모든 정보 및 분석 픽은? 롤카롤카 ㅎㅎㅎㅎ,False,,0.0,0
@CyrilAbramov,이스포츠에 관해서는 우리나라가 최고의 실력 롤카롤카 ㅋㅋㅋㅋㅋ,False,,0.0,0
@仲井健三,롤카롤카 어쩔줄몰라하면 침착하게 들어가보자 그것부터배워라,False,,0.0,0
@白雅玲,남녀노소 어렵지 않은 이스포츠 대명사 롤카롤카,False,,0.0,0
@EugeneBalabanov,롤카롤카 찌라시가 돌던데.. 여윽시 금방 나올줄 알았다 ㅋㅋㅋㅋㅋ,False,,0.0,0
@篠島一樹,내가 장담하는데 롤카롤카 분명 흐름타서 페이모스해진다,False,,0.0,0
@SusannaArtemova,하나부터 열까지 다 가르쳐주는 배튕학원 롤카롤카,False,,0.0,0
@ЛаврентийБочаро́в,롤카롤카 나오기까지 3년을 기다렸다 드디어 두두등장,False,,0.0,0
@TheodoreMaslow,모든 게임의 정보는 어디서확인하라고? 롤카롤카,False,,0.0,0
@CoraKalinina,나는 롤카롤카에서 페이커를 처음 알게되었다,False,,0.0,0
@NathanAlekseeva,롤카롤카 엄청 도배되어 있네 뭐지.. 한번들어가봐야겠다,False,,0.0,0
@世永剛,곧 시즌이 돌아오는데 가만히 계실건가요 ? 롤카롤카,False,,0.0,0
@ГульназБодро́ва,롤카롤카 들어와봐요 ㅋㅋㅋ 이런곳도 있네 ㅋㅋㅋ,False,,0.0,0
@ye0705,다른 나라 갔으면 좋겠당..ㅎㅎ,False,,0.0,0
@POPDUNASH,이거 시니님이 편집하셨구나 ㅋㅋㅋㅋㅋㅋㅋㅋㅋㅋ<br>아 홍콩 에 내심 한표 던졌는데 😭 흑백 요리사 끝나고 중식에 관심 많아졌는데...  홍콩이긴 하지만 일본이라 까비 ㅠ<br>이 카메라가 있지만 산 타고 가는 대화가 너무 좋다 일본 여행 기대하고 있을게요!,False,,0.0,0
@혜원sGoodDay,우와❤❤❤❤❤❤❤❤❤❤❤,False,,0.0,0
@카나-u7e,辞めないで欲しいです😭😭😭,False,,0.0,0
@함지수-s1g,순간 마지막을 잊고 있었습니다..,False,,0.0,0
@happynarr,"셋이 시너지도 좋고 인급동급 조회수도 잘나오고 재미도 있는데 끝이 다가오니 아쉽네요. 가끔이라도 가고 싶은 곳, 먹으며 힐링하면서 근황 묻는 토크하고.. 천천히 올려줘도 좋은데..ㅠㅠ",False,,0.0,0
@jinyu8731,영상 감사해요❤,False,,0.0,0
@김뚜-w8q,언니들의 매력은 뻔뻔함이란걸 잊지마,False,,0.0,0
@Jenny_0315,저 지금 수술대기중이라 떨려서 영상틀어놨다가 웃겨죽는줄 알았어요ㅋ 햇님이 아파트 왜케 웃겨요😂,False,,0.0,0
@新井ゆり-l6u,日本にきてくれるの嬉しいです！！！<br>楽しんでいってください❤,False,,0.0,0
@명희이-q7t,일본 그만…..ㅎㅎ;;; 그놈의 유니버셜….지…겨….다른 유튭에서 너무 많이 봤네요…치앙마이 재밌겠는데 홍콩 마카오도 넘 좋고,False,,0.0,0
@estheryip6141,"OMG we have english subs now! Very excited for this new series, I&#39;ve always loved this channel. It makes me feel like I am eating with three friends haha.",False,,0.0,0
@절대민원넣는다,"자살의 나라~<br><br>10만명 중 24명밖에 자살 안함 <br><br>하루에 36명밖에 안 죽는다고 함.<br><br><br><br>또 출산율은 0.65로 예상된다고 함. <br><br>이래도 국민의 힘, 민주당 지지하는 정신병자들이 여전히 존재함.<br><br><br>알빠 아니라면 개추 ㅋㅋㅋㅋㅋㅋㅋㅋㅋㅋㅋ",False,,0.0,0
@えもん-e1i,3人で海外が初めてとは意外です！大阪、良いと思います‼︎12月なら少し寒いくらいで雪は降らないし、街中クリスマスモードで綺麗です,False,,0.0,0
@Joojoobeans,This was one of my favorite channels T-T I&#39;m going to miss everyone so muchhhhhh. Thank you for making us laugh and smile through your videos! I know this isn&#39;t the end to your friendships but it makes me so sad that this channel is over. I hope everyone is happy and healthy&lt;3 Thank you for everything!!!,False,,0.0,0
@AAWolff,"<a href=""https://www.youtube.com/watch?v=BrUFzZ8J-rs&amp;t=1980"">33:00</a> 이렇게 잘 맞는데 ㅠㅠ",False,,0.0,0
@AAWolff,진짜 채널 없애지는 말아주세요 ㅠㅠ 일년에 몇번씩이라도 부담 없이 와주시면 그걸로도 만족. 더 바랄게 없다 ㅠㅠㅠㅠ,False,,0.0,0
@Looloolool06,너모조타요,False,,0.0,0
@쪼꼬푸들-z3e,지금 오사카 놀러왔는데 오사카행이라니 ...!!! 괜히 신기하네요 .... 🥹 맛잇는거 마니마니 드셧으면 !!,False,,0.0,0
@new_star96,인급동22인데~끝으로 매듭은지으지 말아요 우리<br>갑자기 뿅하고 나타나셔도 자연스럽게 볼꺼에요ㅎ,False,,0.0,0
@모모-o9j,햇님 몰이 왤케 웃기고 귀엽냐 ㅠㅠㅠㅠ❤❤❤❤❤❤❤❤하극상 ㅋㅋㅋㅋㅋㅋ최고,False,,0.0,0
@모모-o9j,아 너무 좋다 이거지 ㅠㅜㅠㅠ 우리가 사랑하는 이 분위기 이느낌 이즐거움 이 공기 사랑❤️,False,,0.0,0
@鱈場,やっぱりこの3人の感じが大好きだなぁ🥺🫶🏻日本に来てくれるの嬉しいです！12月だからイルミネーションも綺麗だろうし3人が楽しんでくれるといいな❤️動画楽しみにしてます❤️,False,,0.0,0
@IllllIIllIllIII,아아 ㅠㅠ 12월 중순에 오사카 가는데 아쉽다…,False,,0.0,0
@hyhyjjj855,댓글에.. 시어머니들이 너모많다😢,False,,0.0,0
@kangking4707,일본 되게 좋아하네 …,False,,0.0,0
@사오리-w3u,제가 사는 오사카로 온다니 ㅠㅠ 저 기다리고 있을게요 ㅠㅠ,False,,0.0,0
@박은선-g2b,가뭄에 콩나듯이 너~~~~~~무 오랜만이라 감개무량합니다.,False,,0.0,0
@Y__Ycouple1123,아..........몇 주만 늦게갈걸............. 유니버셜도 가고...한큐 리스파이어에서 자는데.............ㅠㅠ 여행잘다녀오세용!!,False,,0.0,0
@은지-o1g8i,언니들 인급동이에요 6개월에 영상 하나 올려도 괜찮으니 계속 올려주세요 ㅠㅠ,False,,0.0,0
@cya-0914,最後の旅行に大阪来てくれるのめっちゃうれしい！<br>大阪はJapanesekitchenと言われるほど美味しいものがたくさんあるのでお腹いっぱい食べてください❤,False,,0.0,0
@awaka6723,大阪に来てくれるの嬉しい🇯🇵❤<br>ありがとうございます！！！,False,,0.0,0
@박지영-s3x7q,영상 무조건 길게 주세요 무조건!!!!!!!!!!!!!!!,False,,0.0,0
@hirokazuakemikiaiyumio,日本に3人が来てくれるのめっちゃ嬉しいです😊<br>美味しいもの沢山食べて下さいね😋🍴💕,False,,0.0,0
@Kkkkkkkkzzzzzzk,뭐임?,False,,0.0,0
@leena3630,나도님 저 한달 전에 오사카 갔을 때 그 호텔에 묵었는데 벌레 나왔어요…저랑 제 친구들 다 물리고 난리도 아니었어요. 완전 비추천입니다…벌레 나왔는데 호텔측에소 사과도 안하고 방도 저희가 바꿔 달라고 할 때까지는 바꿔주지 않더라고요…,False,,0.0,0
@냠냠-x2c7v,제가 보면서 드는 생각이 원래 여행콘텐츠 하려고 이 채널을 기획했다고 하셨잖아요 근데 매달 여행을 갈 생각이 아니고 시간될때 맞춰서 가고 가는김에 영상을 찍자!! 라는 생각으로 만드셨겠죠?? 그렇다면!! 그냥 지금처럼 시간될때 여행가고! 그때만 올려주셔도 되는데...물론 저만의 생각입니다..언니들은 그마저도 부담이 될수도 있겠죠 처음부터 봤던 사람으로서 너무 아쉽네요...,False,,0.0,0
@haetbokyong,마지막에 스고이.카와이 너무 웃겨요ㅋㅋㅋㅋㅋㅋ,False,,0.0,0
@Siumom77,잉… 재밌는디… 아숩닥… 잉~~~ 가지마!!!😢,False,,0.0,0
@방붕방붕-j2r,"<a href=""https://www.youtube.com/watch?v=BrUFzZ8J-rs&amp;t=1448"">24:08</a> 무슨 뭬님을 시리 부르듯이 ㅋㅋㅋㅋㅋㅋㅋㅋㅋㅋㅋㅋㅋㅋㅋㅋㅋㅋ",False,,0.0,0
@Hayuladventure,"<a href=""https://www.youtube.com/watch?v=BrUFzZ8J-rs&amp;t=1938"">32:18</a> 아닠ㅋㅋㅋ햇님님 당황해하는거 너무웃겨요 ㅋㅋㅋㅋ",False,,0.0,0
@summmerrraA1n,저번 영상에서부터 달린 댓글들 모두 공감해요 그저 세 분이 부담 갖지만 않으셨으면 좋겠어요... 모든 사람을 만족시킬 순 없으니깐요,False,,0.0,0
@den._.2347,유투바의 여행은 영상의 위해 고르기가 쉽지 않쿤요;;,False,,0.0,0
@엔와이-n1l,하필일본,False,,0.0,0
@kimloveagain.,아직도 못올린영상이 진짜많을텐데 접는단게너무아쉽 좋아하는게일이되고 숙제처럼느껴지면 지속성도없구 재미가없어지고 기다리는꼬김이들도 실망시킴안되고 너무압박느끼지마요 팬들도알아요 즐기면서찍은건지 압박을느끼면서찍은건지 그래두아쉽다는,False,,0.0,0
@이현정-u4k1b,오프닝  그런거  안햐도  되여?  그냥  자연스럽고  좋은데요  인사 생략하세요~~~그냥  자연스러운일상으로 바로  투입~~   하시면  될듯 ㅎㅎㅎㅎ,False,,0.0,0
@som2635,이ㄹ년에 하나 올려주셔도 되니 그대로 보고싶오요😭😭😭,False,,0.0,0
@zz-qd1wb,"시작이 있으면 끝도 있겠지.<br>나도님을 시작으로 시니님,햇님님 까지 좋아져서 행복했고 앞으로도 행복할거예요! 보이지 않는 곳에서도 세분은 꼭 편안히 부담없이 즐겁게 지내주시길 바래요~",False,,0.0,0
@앵그리버드-i1z,마카오도 괜찮아유,False,,0.0,0
@Ddeng.a-ni,와중에 시니언니 빨간니트 넘 잘어울린다!!,False,,0.0,0
@권다벨,오산 시민 헐레벌떡 달려왔습니다😮😮😮😮,False,,0.0,0
@yunjeongoh5264,"<a href=""https://www.youtube.com/watch?v=BrUFzZ8J-rs&amp;t=2017"">33:37</a> 아 ㅋㅋㅋㅋㅋㅋㅋ진짜 오랜만에보는 대환장모먼틐ㅋㅋㅋㅋㅋㅋ너무 웃었네요 진짜 예전 텐션 그대로예옄ㅋㅋㅋㅋㅋ",False,,0.0,0
@user-bb1sc5mt2c,햇님언니 아파트 한번 부르니까 두분다 눈에불을켜고 달려드시는ㅋㅋㅋㅋㅋㅋㅋㅋㅋㅋㅋ😂😂😂😂,False,,0.0,0
@dmslm20,마지막여행 즐기셨으면 좋겠어용 (햇도시락) 가끔씩 만나시겠지만 영상을 못보는게 아쉽..ㅋㅋ 이번 해외여행 꼬옥 별일없이 좋은 여행 힐링여행 하세요 그동안 세분다 육아스트레스 일스트레스 있었을텐데 ^^,False,,0.0,0
@그레이힐즈,너무 아쉬우어요ㅠㅠㅠㅠ 마지막 영상이 안 오면 좋게써요..😢😢😢너무 슬퍼요ㅠㅠ,False,,0.0,0
@eunzyko,너무 아쉽지만 기대됩니다!!!,False,,0.0,0
@野田さち-o4g,大阪　オススメです😊　豚饅　串カツ　たこ焼き　色々食べてください,False,,0.0,0
@sulbean8662,가끔이라도 1년 뭐 2년이 결려도 이렇게 모이는 영상도 좋으니 제발 채널 삭제 하지 말아주세요!!,False,,0.0,0
@kom5628,헐ㅠㅠ 첫 해외 여행에 일본을 선택해 주셔서 영광이에요ㅠㅠ 멋진 추억을 만들어주세용!,False,,0.0,0
@갓생살고싶은여자,꺅 드디어 해외여행이당 약속지켜주셔서 감사해요 ❤❤❤,False,,0.0,0
@MOONchan_CHIJA,大阪に来てくれて嬉しいです😊12月11日にUSJにドンキーコングカントリーがオープンするので、オープンしてから来られるのがオススメです❣️,False,,0.0,0
@merrygoround8517,ㅎㅎㅎ너무 좋아요!!!!!!!!! 진짜 여행을 간다니ㅎㅎㅎㅎㅎㅎㅎ진짜 이런 결정해주셔서 넘 감사하구 재밌게 볼게요 영상들!!!!!!,False,,0.0,0
@헿뎋,오사카 비행 얼마안타고......얼마안가는데..역시 벌이들이 달라서그런가 무조건 비즈니스만 찾으시네,False,,0.0,0
@yjh5540,그것도 컨텐츠니까요...ㅎ 불만이신가요;,True,@헿뎋,1.0,0
@llll-jb1hi,진짜 친구들이랑 둘러앉아서 여행지 정하는 기분ㅋㅋㅋㅋㅋㅋㅋㅋ 저희도 싱가폴가려다 엎어져서 일본갔었는데 왜 사람 사는 거 이렇게 똑같은지 ㅋㅋㅋㅋㅋ 여전히 재밌네요,False,,0.0,0
@mocoLOVEJIMIN1013,あぁ〜やっぱりこのチャンネルなくなってしまうのは本当に本当に悲しです（ ;  ; ）<br>1年に1回でもいいから3人が楽しく遊んだり美味しいものを沢山食べたりする動画が見たいです。私の癒し動画がなくなってしまうの本当辛いですT_T<br><br>日本旅行楽しんで下さいね(^^)<br>動画楽しみにしてます♡,False,,0.0,0
@coco-yf4nw,악플은 신경쓰지말아요. 선물처럼 가끔씩 올라오면 신나서 보던 저같은 사람들도 많았는데. 😢 햇도시락님들. 가끔씩 이렇게 올려주세요. 항상 영상 고마웠어요.,False,,0.0,0
@오늘날-d8p,울언니 ㅜㅜ 왜 부어찌?? 햇님언니 ㅠㅠ괜찮은고지 ㅠㅠ?,False,,0.0,0
@Nazar-m1i,일본 편의점 음식 같이 드시는거 보고 싶다고 항상 댓글 남기던 1인으로 드디어 소원성취 합니다!! 편의점 말고 마트도 털어주세요!!!,False,,0.0,0
@Jue718,그저 이렇게 카메라켜놓고 언니들끼리 산으로 가는 대화가 넘ㅜ너무 좋은 거라 번복해도 좋으니 영상퀄리티 신경쓰지않고 선물처럼 한번씩 와주셨으면 좋겠어요..😭😭 영상보자마자 행복해지는 기분을 느끼며 햇도시락이 끝난다는게 너무 슬펐어요..,False,,0.0,0
@꼬마보름달진짜맛있어,언니들 그냥 올리고 싶으실 때 언제나 기다릴 테니까 그냥 맘대로 와주세요 ㅠ 진짜 그냥 편하게 기다릴게요 ㅋㅎㅋ 예전 영상 돌려보면 되니까요~🥹🫶🏻,False,,0.0,0
@GGomdesgarcons,멀 하려하면 부담이 되니까 그냥 전처럼? 가끔이라도 세명이서 편하게 수다떨면서 밥먹어주세요😢 꼬김이들은 그걸 아마 젤 좋아할듯요,False,,0.0,0
@DELEUZEish,"아니... 다들 순진한 건지 뭔지... 떼쓰는 건지 뭔지... 드문드문도 영상 올리기 힘들어서 그만 둔다는데.. 무슨 채널 종료를 하지 말라고 하는 건지 원... 그냥 편하게 앉아서 대화하는 것 같나요?! 카메라 앞에서 무슨 얘기를 편하게 할 수 있겄어요~? 다 필터링하는 거예요... 만나서 뭐 먹으려면 돈 들고, 영상 찍고 편집하려면 시간도 엄청 드는데 시간도 돈이에요.... 편집자한테도 돈 줘야하고... 본인들 돈 써가면서 남는 것도 없는데 욕까지 먹는다?! 누가 하겠요 그 짓을... 이 세 분도 참 스트레스 받고 피곤하긴 하겠네요...",False,,0.0,0
@둘리호잇,ㅇㄱㄹㅇ,True,@DELEUZEish,2.0,0
@이실리나-p9q,공감이요,True,@DELEUZEish,2.0,0
@lettreton7132,신중함 맥스 메뉴 선정이 제일 어렵다ㅋㅋㅋㅋ계속 배달 오는 반찬들 큰손이시다 우와 여행이다 여행 햇도시락 해외여행은 처음이지만 국내 여행은 해 봤기 때문에 나름 익숙한 느낌으로 재미있을 것 같아요!! 연말을 즐겁게 보내고 추억도 만들고 맛 있는 음식도 많이 먹고 좋군요☘️😆<br>아파트 청문횤ㅋㅋㅋㅋㅋㅋ,False,,0.0,0
@오레오마이떠,왜 내가 설레는것린가..😂,False,,0.0,0
@sohyunbae3264,아 진짜 너무 웃김ㅋㅋㅋㅋㅋㅋㅋㅋㅋㅋㅋㅋㅋㅋ❤,False,,0.0,0
@otomo2938,大阪でみなさんに会えるかな？<br>梅田から家が近いんだけどなぁ,False,,0.0,0
@myamyamya120,와! 오사카에 오시는군요! 그리고 유니버에도! 부디 제가 일하는날 올수있도록...벌써 12월 매일 시프트를 넣을까?ㅎㅎㅎ,False,,0.0,0
@바다산책-c7k,이렇게 재밌는데...눈물나고..이렇게 행복한데...슬프고 그러네요..😭😭 제일 애정하는 세분의 햇도시락 이별여행 같은 첫여행이자 마지막여행을 아쉬움 없이 행복하게 즐기길 바라요~🙏<br>항상 저의 막막한 일상에 잠시나마 큰행복이 되어주셔서 넘 감사하면서도 아쉬움에 이번 영상은 매분마다 울컥울컥하네요🥹💟<br>.<br>.<br>.<br>(지난영상 늘 정주행중인 찐꼬김이🥹),False,,0.0,0
@JjJj10762,저번 영상에서 애정인척 하는 비난 글이 너무 많아서 걱정을 엄청 했는데 영상 올려주셔서 감사해요:) 언제든 돌아오고 싶으면 다시 돌아와도 돼요 너무 부담 갖지 마세요ㅎㅎ,False,,0.0,0
@djaj05ify,ㅋㅋㅋ벌써부터 기대가됩니다 ㅎㅎ<br>싱가폴에서 오사카로 ㅎㅎ<br>맛있는음식많이드세요~@,False,,0.0,0
@xx129xx,大阪嬉しい〜！♥️<br><br>もし行きたいお店があれば、ネット予約がおすすめですー！クリスマスシーズン🎄なのでUSJも綺麗なので天候に恵まれますように🙏🏻✨動画も楽しみにしてます🥹,False,,0.0,0
@Andrew-b8n,옛날 대구여행 2편도 공개되었음 좋겠어요ㅠㅠ 그때도 비난하는 몇 댓글들로 2편을 공개안하기로 했던것 같아서요..!,False,,0.0,0
@goodnews1707,바로 이런 게 제가 사랑하는 햇도시락이에요! 거창한 기획 따위 필요 없다니까요. 이렇게 햇님네 식탁에 앉아 하나도 간질대지 않는 방식으로 서로를 배려하거나 아무런 의식 없이 주고 받는 대화 말이에요. 아주 뜸해도 좋으니까 이런 풍경을 보고 싶어요. 간절히요. 각자의 개성이 세 사람 안에서 빛나는 순간을 사랑해요💙💚💛,False,,0.0,0
@PhyllisShamus,진짜 ㄱ글 에서 벳프리 에서 방송 하시던분 진짜 잼있어 ... 다시보고 싶어서 가보자 ?,True,@goodnews1707,2.0,0
@BloomingEmma,이 댓글 보고 ㄱ글 에서 벳프리 보고있는 내 인생이 레전드네 씨밬ㅋㅋㅋㅋㅋ,True,@goodnews1707,2.0,0
@JH_HS_DK,"일본에 와 주었으면 좋겠다고 생각했기 때문에, 3명의 첫 해외여행이 일본이라는 것이 매우 기쁩니다😭😭오사카 여행 동영상의 분량이라든지 신경 쓰지 말고, 맛있는 것 많이 먹고 즐겨 주세요🫶💕",False,,0.0,0
@박병은-x7y,"정말 끝이라 하지 말고, &#39;콘텐츠&#39; 부담이나 시기 부담 갖지 말고, 아주 가끔이라도 이렇게 모이는 영상 담아 올려주면 고맙겠어요. 올해로 오십이 된 나 같은 사람은 많은 기대도 없으니까요.",False,,0.0,0
@Miiiimimi,계속 해달라고 하는 글 보면 너무 웃김<br>그렇게 죽일기세로 악플달리던거 못봤나요 그만둘생각 없다가도 그거보면 그만했을거임 그리고 지금도 보면 일본간다고 벌써 쿠사리 주는 댓글 ㅈㄴ많이보임 그냥 끝내고 본인들 할거 하는게 제일 낫다,False,,0.0,0
@boShin-g2u,저도 이 생각했어요 영상을 올려도 안올려도 부정적인 피드백이 나오니 의욕이 생기기 어려울것 같아요...,True,@Miiiimimi,1.0,0
@yunjia0125,언니들 개똥벌레엔 &quot;나는 개똥벌레 친구가 없네&quot;라는 가사가 없어요...(따로 따로는 있지만 두 개를 합쳐놓은 건 없어요!),False,,0.0,0
@yunb5364,항상 재밌게 보고 있던 꼬김이였습니다∼ 일본을 가신다니 저는 여기까지만 봐야겠네요ㅎㅎ<br>호불호가 없는 여행지였으면 좋았을텐데 아쉽네요<br>그동안 덕분에 행복한 밥친구였어요!,False,,0.0,0
@jinik6545,마카오호캉스.홍콩 묶어서 가심 더 재밌을것같은데😢,False,,0.0,0
@여보-d5o,"뭔가 애착 인형은 안은것 같은 느낌으로 오랜만에 세 분이 이야기하는 걸 들으니까 맘이 편해지고 너무너무 좋아요💗사랑합니다,,,",False,,0.0,0
@jdh7381,"햇도시락 세 분이서 재미나게 얘기 나누는 거 보니 너무 좋고 행복한데, 또 마지막(ㅠㅠ)이 다가오는 것 같아서 마냥 좋지만 않은,,, 약간 행복한데 슬픈 상태 흑흑 그치만 이순간을 즐기겠어",False,,0.0,0
@LEMON-fb8xh,3人で日本来てくれるなんてすごく嬉しい！！動画楽しみ♥,False,,0.0,0
@0long_twins,저번 영상으로 햇도시락 이별을 천천히 받아들이고 있어서 어느정도 무뎌졌겠거니 했는데 이렇게 영상 올라온걸 본 순간 눈시울이 붉어지는 이유는 뭘까요ㅠㅠㅠㅠ 함께 하는 듯한 따숩고 복작복작한 유튜브는 햇도시락이 저에겐 유일무이해서 대체품이 없다고요ㅠㅠㅠㅠㅠㅠㅠㅠㅠㅠ 채널 삭제는 하지 않을거라면...  일년에 한번씩이라도 생존신고 영상... 올려주면 안될까요? 갑자기 돌아와도 모르척 달려올게요 제발요... ㅠㅠㅠ,False,,0.0,0
@toto_k2,먹방 기대할게요~ㅎㅎ,False,,0.0,0
@링구하다,"그냥 선물 같은 채널이니까 <br>그냥 한번씩 올라올때마다 선물 받는 너낌으로다가 올려쥬면 안되여어😢<br>선물안준다고 뭐라하는 사람 없쟈나여 ㅠㅠ <br>언제 받을지 모르는게, 받으면 기분좋은게 선물이쟈녀요<br>ㅠㅠ 주기 길어도 괜튠한데 진짜아아 ㅠㅠ",False,,0.0,0
@Crystal-ssu,"@@링구하다 저도 정말 이의견에 대찬성이지만<br>생각이 다 같지는 않더라고요...<br>선물 안준다고 너무 기다림이 길어진다고 뭐라하고..줄거면 언제쯤줄건지 얘기하라하고...<br>언제줄건지 확답할수가없고 그때 그때 영상이 못올라오는 이유대기도 좀 그러하여(누구 탓하는것 같고 똑같은 핑계대는것 같고) 공지도 못한건데 왜 소통이 없냐고... 막 화도내고 이럴거면 채널을 없애라  너무 그런 댓글이 많았어서ㅠㅠㅠ<br><br>근데 꼭 그런댓글때문만이 아니어도 이렇게 선물처럼 와보려고 해보니 여러 이슈들로 처음 생각과 다르게 영상을 잘 올리지못하게 되었고, 이런식이라면 선물도 아닌것 같고, 꼬김이들 마냥 기다리게만 하는것 같고 이건 아니다 싶어서 한 결정인거죠..<br><br>그치만 존중하지만 그래도 저도 그냥 아무때고 올려줘도 상관없으니 계속 해주셨으면 하는 마음이긴합니다ㅠㅠㅠ 이번영상 보는 제얼굴에 어찌나 웃음이 떠나지 않던지요..",True,@링구하다,2.0,0
@lean_on_your_leaves,선물을 맡겨놓으신 분들이 많더라구요…😢,True,@링구하다,2.0,0
@막막한독서러한유리,오사카 식당깨기 기대할게요 ㅋㅋ,False,,0.0,0
@환장걸,2주에 한번 한달에 2번 한달에 한번도 괜찮은데 편집자 구하기 어려우려나요😢,False,,0.0,0
@user-wp6vu6tv5q,기다렸어요~~,False,,0.0,0
@김갱이-w6o,개똥벌레ㅋㅋㅋㅋㅋㅋㅋㅋㅋㅋㅋㅋㅋㅋㅋㅋㅋㅋㅋㅋㅋㅋㅋㅋㅋ아놔 뽱터졌네요🤣🤣,False,,0.0,0
@loveclara,홍콩이었으면 했는데... 아쉽지만 잘 다녀오세요ㅠ,False,,0.0,0
@ななこ-h9e,大阪に住んでいるので、是非お会いしたい（泣）,False,,0.0,0
@lean_on_your_leaves,이게 바로 선물이지,False,,0.0,0
@beanie042,아 넘 재밌겠다!!!!!,False,,0.0,0
@mmsumi668,三人の旅行楽しみです♪<br>でも、ヘンニムオンニは、ご飯が合わないかも？！<br>前も、ペヤング焼きそば味合わなかったですよね😅,False,,0.0,0
@川尻ハニ,日本に来てくれるの嬉しいです！！！旅行楽しんでくださいね❤❤,False,,0.0,0
@바보-g5b,저는 언니들 말 번복하셨으면 좋겠어요. 영상 주기 아주 길어도 되니까 이 채널에 대한 강박(?) 가지지 마시고 나중에 뻔뻔하게 돌아오셨으면 좋겠어요. 너무 아쉬워요ㅠㅠ,False,,0.0,0
@챠챠챠챠,맞아요 다른 유투버들 중에 잊을만하면 몇개월마다 나타나도 반가워하는 채널들도 있는걸요 😂😂 오래보고 싶은 아쉬움은 있네요,True,@바보-g5b,5.0,0
@zezzz9071,돈이 안대자나요….ㅠ,True,@바보-g5b,5.0,0
@lamn-e3l,​@@zezzz9071 돈 때문에 만든 채널이 아니잖아요....,True,@바보-g5b,5.0,0
@zezzz9071,@ 저번에 그만하신다고 영상 올라왔을 때 손해가 있다는 식으로 말씀 하시길래요ㅠ,True,@바보-g5b,5.0,0
@예니에,그만하세요 이제~^^..,True,@바보-g5b,5.0,0
@あかさた-i2n,근데 원래 무리에서 한 명이 애기 낳으면 모이기 ㅈㄴ 힘든데 그 이유가 젤 큰거 아님?<br>커뮤니티 댓글이랑 전 영상 댓글이 왜 전부 새날아가는 소리들을 하고있는거지........<br>나도님한테 머라하는게 아니라 ㄹㅇ 이게 자연스러운 현상임,False,,0.0,0
@Longtimenosee-l5p,맞음 아이낳고 여행가는거 자체가 진짜 어려운건데.. 그리고 세분 모두 대형유튜버라 시간도 잘 안맞아서 더이상 주기적으로 안된다는 결론이 난 것 같음 … 욕하는 애들은 팬이라는 이름으로 그냥 까고싶은 애들임 갑질하는거 보는 것 같음 ㅋㅋㅋ,True,@あかさた-i2n,5.0,0
@あかさた-i2n,@@Longtimenosee-l5p 정말요 이 시간 자체도 정말 힘들게 뺀건데.. 각자의 삶이 아니라고 다들 쉽게말하네요ㅠㅠ 서로 그냥 이해하면 좋을텐데,True,@あかさた-i2n,5.0,0
@toto_k2,햇님이 바빠서 그래요,True,@あかさた-i2n,5.0,0
@DELEUZEish,아니.. 햇님 때문인데 왜 자꾸 말 지어내세요....,True,@あかさた-i2n,5.0,0
@Crystal-ssu,나도님 육아는 무관합니다.. 배우자인 도님이 계시고 부모님도 근처에 사셔서 스케줄 빼는데 전혀 문제없으셔요~~ 얼마전에 혼자 중국도 다녀오셨고요.. 글케 말씀하심 나도님 너무 억울합니당... 나도님은 최선을 다하셨어요~~ <br><br>처음엔 햇님님 방송스케줄이 추가되면서 체력이슈로 먼저 제안하셨습니다..지금처럼 주1회 업로드를 위한 영상촬영은 너무 힘들다. 그리하여 논의 끝에 다들 본업에 좀더 충실하고 이 채널은 보고싶을때 만나서 촬영하고 선물처럼 찾아오겠다 했는데 편집자이슈로 처음 마음과 다르게 선물처럼 오지도 못하는 상황이 자꾸 생기고 너무 기다리느라 지치고 힘든 꼬김이들께 죄송하고 하여 이런식으로는 운영하는게 어려운거구나  싶어 종료하기로 하신겁니다.,True,@あかさた-i2n,5.0,0
@jam4743,헐 햇도시락이다,False,,0.0,0
@youngoh7280,세 분 다 본 채널이 잘 돼서 햇도시락 채널 자주 못하는 거니까 괜찮아요. 그래도 채널은 남겨 주세요~❤❤❤,False,,0.0,0
@귀요미-w8k7g,스카이스케너도좋아요,False,,0.0,0
@manggwanboo-hat,"<a href=""https://www.youtube.com/watch?v=BrUFzZ8J-rs&amp;t=2057"">34:17</a> 35분 순삭 ㅋㅋㅋㅋ 여행 기대할게요❤ 근데 햇님님은 모든 굿즈에 얼굴 박는거 좋아하시면서 왜 창피해하시는거에요 ㅋㅋㅋㅋㅋㅋ 😂😂😂😂",False,,0.0,0
@토마토-i9f,일본이라,False,,0.0,0
@ayoungss,헝ㅠㅠ 채널 안 없애면 안 돼요..? 너무너무너무 아쉬워요ㅠㅠㅠ 그냥 이렇게 간간히 영상 올려주시는 걸로 만족한단 말이에용...😢,False,,0.0,0
@chamdaco,정말요 ㅠㅠㅠㅠ 안없애구 그냥 아무때나 이렇게 와도 되는데요 ㅠㅠ,True,@ayoungss,1.0,0
@africiouskenya,大阪❤たくさん楽しめますように。どっかで遭遇したい❤,False,,0.0,0
@Kim-xk3km,혹！여행지에서 뵈면 인사해도 되나요?!😭💚💚맛집많아요〜😋！<br>좋은 여행되길...💕,False,,0.0,0
@보보-h8o,"언니들.. 부탁이있슴니다,, <br>여행영상 길이는 무조건 길!!!!!!!게!!! 편집? 안해도돼!!! 햇도시락의 마지막 여정인만큼 나 진짜 길게 보고싶어요 ㅠㅠㅠㅠㅠㅠㅜㅜㅜㅜㅜㅜㅜㅜㅜㅠㅠㅠㅠㅠㅠㅠㅠㅠㅠㅠ",False,,0.0,0
@RowenaZelda-z8i,ㄱ글 에서 벳프리 이 ㅓㅇ도로 유명했음?  내 듣보잡인줄 알았는데 ㄷㄷ?,True,@보보-h8o,5.0,0
@PhyllisShamus,ㄱ글 에서 벳프리 보느라 눈밑에까지 다크써클 들어옴 ... 진짜 근데이뻐서 눈을못떼겟다...?,True,@보보-h8o,5.0,0
@DianeLarissa-s2n,ㄱ글 에서 벳프리 진짜 보다보면 빠져든다 라이ㄱ브글에  에수서위 도벳좋프고리 외 보모느도 라좋 고눈 밑삼에박까자지  지다렀크으써클 들어옴 ... 진짜 근,True,@보보-h8o,5.0,0
@BloomingEmma,박자 지렀으,True,@보보-h8o,5.0,0
@BloomingEmma,못떼겟다...,True,@보보-h8o,5.0,0
@뽀야-y3n,소름  저도 1월달에 오사카  유니버셜스튜디오 여행가요^^  영상  참고할께요,False,,0.0,0
@Crystal-ssu,홍콩에 1표 던지면서 그곳이 선정되길 기원한 1인으로서 매우 아쉽지만... 햇도시락 첫 해외 여행이니까 기대하고있을게요~~,False,,0.0,0
@mel5737,저번 댓글에 다들 너무 뭐라고해서 가려고 짐쌌다가도 그냥 채널 접고싶겠던데 그래도 가주시네요😂😂마무리가 아름다워야 좋은 추억으로 남을테니까 재밌게 보고 기다리고있을게요!!,False,,0.0,0
@9소소,유종의 미를 여행으로 !!!세상에..ㅜㅜ,False,,0.0,0
@ohjjam87,아 진짜 아직도 밥먹으면 햇도시락 돌려보는데 ㅠㅠ 곧 마지막 영상이라니 너무 아쉽네요.. 그래도 해외여행 약속 지켜주신다고 하니 😢😢❤❤,False,,0.0,0
@Rohi-ballet,시니님 나도님 이뻐해주세요. 🙏🙌,False,,0.0,0
@민기홍-s3h,마지막 방송이면 안되는데 ㅠ.ㅠ,False,,0.0,0
@이든이맘,서열 1위만 말할수 있는<br>서열꼴찌라는말ㅋㅋㅋㅋ❤️❤️<br>귀여우신 세분😍,False,,0.0,0
@이현서-h6b,우리 언니들 유종의미 거두러 오셨다,False,,0.0,0
@hyong_o_o,헐 !!! 기다렸어요 🩷🩷🩷,False,,0.0,0
@byulykx71731,다행히 구독을 취소 않았🎉,False,,0.0,0
@hohorang2,영상이 올라와서 기쁘다가도 마냥 기뻐하기에도.....끝나간다는게ㅠ 넘 아쉬워욧,False,,0.0,0
@bin0156,헐헐헐헐,False,,0.0,0
@La_vita_e_bella.,아닛🧡🧡,False,,0.0,0
@yusieun1996,여행이라니 대박🎉,False,,0.0,0
@LiLiLiKoKo0831,大好きです！❤❤❤❤,False,,0.0,0
@냥냥-s1z,헐헐헐!!!,False,,0.0,0
@이이마마마,33초전은 못참지,False,,0.0,0
