author,comment,is_reply,reply_to,reply_count,is_spam
@Ekaterina_Luv,"🌸대한민국 관광기념품 공모전 국무총리상 수상🌸<br><br>한국형 캔들워머 &#39;호롱각&#39;은 아래 링크에서 구매하실 수 있습니다.👩‍❤‍👨<br><br>☞ <a href=""https://smartstore.naver.com/ko_our"">https://smartstore.naver.com/ko_our</a>",False,,0.0,0
@팔거리,정말 멋지네요<br>근데 캔들과 조화가 살짝 아쉽네요<br>캔들이 우물 디자인이면 금상첨화 일 듯 합니다,True,@Ekaterina_Luv,10.0,0
@vo3ov-,이쁘네여 이런 거 있는지도 몰랐는데<br>값이 싸진 않지만 하나 주문했심다 ㅋㅋ,True,@Ekaterina_Luv,10.0,0
@잠오시나봐요,홀리!!! 여기서 호롱각을 만나다닠ㅋㅋㅋㅋㅋㅋ저건 정마당이고 저는 옆으로 길게있는(?) 옆마당 가지고있어요!! 캔들향도 향이지만 녹아서 기포올라오는 모습이 예술입니다…😏,True,@Ekaterina_Luv,10.0,0
@슬기로운재활,오??? 저 이거 전에 와디즈에서 구매했었는데 인테리어템으로도 캔들워머로도 너무 좋은 상품이여서 왕추천합니다!!!!이거 실물깡패에요 ...디자인도 디자인인데 무궁화향 미쳤어요....그 뒤로 지인들 선물했었어요 ! 받는 분들 마다 다 좋아하셨었음...여기서 보니 좀 반갑네요 ㅋㅋ 국무총리상?까지 받았었구나,True,@Ekaterina_Luv,10.0,0
@하나둘셋-d8v,"광고제품이여도 선물이라니 너무 스윗해요ㅎㅎ<br>퀄리티가 좋아보이고 지인들에게 선물하기에도 좋아보이네요~",True,@Ekaterina_Luv,10.0,0
@dw-lo9fo,"제일 큰 은행나무가 있는데, 거기가 사진 맛집입니다.<br><br>찐은 이른 저녁 은행나무 잎이 많이 남아있는데도 그 잎이 바닥에 카페트처럼 무수히 깔려있고 하늘에 노울이 노랗게 뿜뿜할 때.. 정말 장관입니다😊",False,,0.0,0
@tvtv-호야아재tv,좋은영상 공유 즐감하며 인연맺고 응원 합니다 짝짝짝  즐거운 주말 보내세요  나의멋진 유친님 ❤❤❤🎉🎉🎉😅🥰🙏🏻🙏🏻🙏🏻⚘️,False,,0.0,0
@user-lx2lw1br3o,언니는 한국 남자들이 좋아하는 청순형임❤,False,,0.0,0
@sorkjoungchung2747,부인이 한국어를 잘하시네요. 부러워요 <br>울마누라 한국생활 6 년차 한국어 잘 못해요. 배우려고 노력도 안하고  제 잘못 ㅡ인 것 같아요 <br><br>답답하고 못 알아들어도. 한국어로 했어야 하는데 <br>언니도 착해 보임 한국인 좋은 분 찾아주세요. 러시아 여자는  한국에서 살기가 편안하지요. <br>재미는 부족하여도,False,,0.0,0
@박길현-x7h,처형 고기 드셔스면 며느감  좋은데🎉,False,,0.0,0
@블루-n2o,둘이 한복입고 나오는 장면 너무 이뻐서 심장쿵했다,False,,0.0,0
@시라노-l5x,3일 밖에 안됐는데 기다리기 넘 힘드네요. ㅠㅠ 그래도 망부석 처럼 기다릴테니 힘내서 편집하세요. ^^,False,,0.0,0
@제우스-q5v,역시 프리미엄 👍,False,,0.0,0
@enoenoification,한국집엔 방을 구분하는 이름이 있는데 안방. 사랑방 .다락방 등등 나눕니다. 사랑방은 손님이 오셨을때 사용하던 방,False,,0.0,0
@shinida-x8r,아이고 이쁜 자매~,False,,0.0,0
@김진웅-w8b,부부사기단 경복궁 악어는 처음들어 본다ㅋㅋ,False,,0.0,0
@용가리-m7i,워매 예뻐버리네 두분자매들 ~ ~ ~👍👍👍👍👍👍👍👍👍👍,False,,0.0,0
@긋긋긋-s6y,이런거말고 롯데타워를 보여주면서 대한민국의 위엄을 보여주셈,False,,0.0,0
@슈퍼우뢰매,외국의대 나온 사람들 의사 국가고시 응시할 수 있는 제도가 있을 겁니다. 물론 한글을 공부해야겠지요. 러시아 의대 졸업자가 응시가 가능한지 알아보시는 것두 도움이 될겁니다. 러시아에서 의사하는건 공산주의 식이라 별루 재미가 없지요. 물론 수입도 더 좋을 거구요. 한번 고민해보세요.,False,,0.0,0
@joshua1114-nu5tj,"&quot;보라, 네가 유대인이라 불리고 율법 안에 안주하며 [하나님]을 자랑하고<br>율법에서 가르침을 받아 그분의 뜻을 알며 훨씬 더 뛰어난 것들을 입증하고<br>또 너 스스로 눈먼 자들의 안내자요, 어둠 속에 있는 자들의 빛이며<br>율법에 있는 지식의 틀과 진리의 틀을 가진 자로서 어리석은 자들의 스승이요, 아기들의 교사라고 확신하는도다.<br>그러므로 다른 사람을 가르치는 네가 너 자신은 가르치지 아니하느냐? 사람이 도둑질해서는 안 된다고 선포하는 네가 도둑질하느냐?<br>사람이 간음해서는 안 된다고 말하는 네가 간음하느냐? 우상들을 혐오하는 네가 신전 물건을 몰래 취하느냐?<br>율법을 자랑하는 네가 율법을 어김으로 [하나님]을 욕되게 하느냐?<br>이것은 기록된 바, [하나님]의 이름이 너희로 인해 이방인들 가운데서 모독을 받는도다, 함과 같으니라.<br>(로마서 <a href=""https://www.youtube.com/watch?v=cDORC9-FyWQ&amp;t=137"">2:17</a>-24)<br><br>&#39;&#39;오 사망아, 너의 쏘는 것이 어디 있느냐? 오 무덤아, 너의 승리가 어디 있느냐? 사망의 쏘는 것은 죄요, 죄의 힘은 율법이니라. 그러나 우리 [주] 예수 그리스도를 통해 우리에게 승리를 주시는 [하나님]께 감사를 드리노라.   (고린도전서 <a href=""https://www.youtube.com/watch?v=cDORC9-FyWQ&amp;t=955"">15:55</a>-57)",False,,0.0,0
@初心-h3q,캔들 워머 좋네요...호롱각... 분위기도 있고 아주 굿입니다^^ <br>두 분 한복핏이 정말 아름답네요!!!!!!!!!,False,,0.0,0
@somustchange,조선시대라기 보다는 대한제국 시절에 커피를 가베라 하지 않았을까요?,False,,0.0,0
@LEK611,한복은 제 느낌이지만 사람을 띄워주는 효과가 있는 것 같습니다. 가볍게 위로 붕붕...금발에 너무 잘 어울립니다...ㅋㅋㅋ,False,,0.0,0
@종수한-z4h,언니분 멋진 공주니까 멋진 왕자   만나시길 바랍니다,False,,0.0,0
@jamesjung,예나부부의 행복을 응웜합니다❤,False,,0.0,0
@막대하드,언니한테 국제결혼 좋냐고 물어보고 좋다면 한국남자친구 소개해 주는것도 좋을것 같네요,False,,0.0,0
@BlackMetal-t9p,한복이 어울리고 색상도 잘 맞네요 <br>두 분다 아름다워요❤,False,,0.0,0
@김명한-e2d,참 맘이 예쁜   사람의좋은향기가   나는 율라씨네요 ^^ 자신만의 시선과 세상을보는관점이 달라요^^  찬찬히보면 너무 참한 분이네요^^  좋은음식 마니 드시고  좋은장소에 마니가시고,False,,0.0,0
@슴도취고,올라 진짜 너무이쁘고 착해 보이세요<br>똑똑하기 까지<br>항상 좋은 일만 있기 바래요<br>러시아 💕,False,,0.0,0
@user-rf56739,예나러브 채널은 요즘 영상 올리기만 하면 인급동에 선정됨😅  축하 축하함🎉🎉🎉,False,,0.0,0
@st8914,오호  순둥순둥이가 셋이 됬네요 ㅎㅎㅎㅎㅎㅎ,False,,0.0,0
@GRSon-kg4fx,남편분 잘생기셨네요,False,,0.0,0
@글쓰-e7u,😀😀😀😀😀😀😀,False,,0.0,0
@djerba7052,드라스위첸..,False,,0.0,0
@하하하하하-h3e,오늘부터 진지하게 러시아어 공부해야지..,False,,0.0,0
@강태직-v9d,언니는 정말 순수하고 감정이 풍부하네요 살아온 환경이나 가족관계가 자연스럽게 스며든게 아닌가 생각이 드네요 멋지고 좋은 신랑감이 나타나서 한국으로 시집와서살면 좋겠어요 탐나는 아가씨입니다,False,,0.0,0
@전국현-e5t,",",False,,0.0,0
@galinasawin598,"Смотрю ваши блоги,очень люблю Карею,желаю счястья вашей семье,а сестре найти хорошего мужа!!!",False,,0.0,0
@Noa.3,멋지네 😅,False,,0.0,0
@김홍명-c6e,You&#39;re lucky lady. <br>Here is paradise. <br>Your new experience is good events. <br>I&#39;m prying for your blessing,False,,0.0,0
@alankorea5241,자매께서 너무 예쁘시네요~ 좋은 추억 만드세요~!,False,,0.0,0
@허진영-v3d,참   다행이라고 생각해요  저기 광장에서 허구 헌날 집회하고 징징대는 애들 많다고 하던데<br>그 못난 모습 안보여드려서 참 다행이라고...,False,,0.0,0
@욕쟁이할배-w5l,악어때문에 과거영상도 찾아보고 왔어요 ㅋ천천히 정주행해볼게요,False,,0.0,0
@박종관-l9i,중국산 아니길,False,,0.0,0
@rentcarokinawa1539,"굴뚝은 건물 외부에 탑처럼 따로 있어요~  아궁이 안은 그냥 뻥 뚤려 있는게 아니라 그 안에 터널 처럼 방방마다 불 길이 나있어요... 그래서 건물이 골고루 따뜻해 집니다.<a href=""UCkszU2WH9gy1mb0dV-11UJg/hf90Xv-jHeOR8gSxxrToBA""></a>",False,,0.0,0
@user-ww7bq7kbai,근데 저기 광화문까지가서 청계천도 안가고 이순신도 안보고 갔어요? 아쉽네,False,,0.0,0
@김재민-s2b,넘 이쁘십니다❤❤❤,False,,0.0,0
@dduck895,요즘20~30대는 좋겠네 국제결혼할 만남 기회가 많으니<br> 세상이많이 변했다,False,,0.0,0
@cnyra2653,얼른 처형한테 좋은 한국남자분 소개해 줘서 대한민국에 정착시킵시다!😊,False,,0.0,0
@조감자-e1y,어여<br>10만 가게요❤,False,,0.0,0
@한태웅-r5j,한국말도 너~~무 이쁘게 말하시고 영상도 깔끔하고 이쁘네요 ㅎㅎ그리고 두분다 너무 미남 미녀세요~~ 잘봤어요~~,False,,0.0,0
@김철구-x6z,영상 잘 보고 갑니다 . 응원 합니다,False,,0.0,0
@청정k,언니가 십대소녀처럼 순진하고<br>귀엽다,False,,0.0,0
@정휘섭-f5m,예나<br>한국말 너무 잘 한다.,False,,0.0,0
@zezzr,"<a href=""https://www.youtube.com/watch?v=cDORC9-FyWQ&amp;t=613"">10:13</a> 아관파천이 성공했더라면 진짜로 가능했을지도..ㅎㅎㅎ",False,,0.0,0
@박선열-m3r,한복이 잘 어울여요 이쁘요~~~~^^,False,,0.0,0
@장재곤-m3w,굴뚝부터찾는거보니 똑똑한분이시네 이쁘고 머리도좋고 최고네요,False,,0.0,0
@BJ-rz6gt,Thanks!,False,,0.0,0
@Ekaterina_Luv,Thanks for your support!!!🥹🥹❤️❤️,True,@BJ-rz6gt,1.0,0
@Michael_Lee_6887,아궁이가 있는 왕과 가족들이 지내는 대부분 궁의 경우 뒷편 정원쪽으로 굴뚝이 연결되어 있습니다. 문화해설사와 함께하는 투어 같은게 처형에겐 더 좋을꺼 같네요.,False,,0.0,0
@AkAk-ui2ou,두분다 공주 같음❤,False,,0.0,0
@김득환-o4u,가배珈琲(コーヒー코히) 일본에선 아직도 한자로 코히(커피)라고 씀,False,,0.0,0
@안정환-w8z,언니분도 좋은분 만나서 한국으로ㅎㅎ,False,,0.0,0
@상식나라,예나가 넘 귀엽고 착하게 생겼어요!<br>신랑분!  많이 사랑해 주세요♡,False,,0.0,0
@E9ONE1,ALOHA &amp; MAHALO🤙,False,,0.0,0
@Eugene-x6r,언니도 너무 예쁘네요,False,,0.0,0
@goodboy.79,"광고상품 별론데.,,",False,,0.0,0
@honkyhonky1460,Pretty sisters ❤,False,,0.0,0
@이승민-j6z,제가 울산 촌놈이라 경복궁을 한번도 안가봤는데 촬영일이 주중입니까? 주말입니까? 주중에 사람이 저리 많으면 주말에는 못갈곳같은데.,False,,0.0,0
@Ekaterina_Luv,저희가 방문한 날은 주말이었습니다~!,True,@이승민-j6z,1.0,0
@hayu8775,좀 지난 이야기지만~<br>예나씨 손가락 지금도 아픈지요~<br>집안일 할 때 손가락에 힘주지 마세요<br>차라리 일을 대충하더라도 손가락에 힘들어가는 일을 하지 말아야 해요~<br>특히 한손으로 무거운 물건 들지 마시길~,False,,0.0,0
@Ekaterina_Luv,걱정해주셔서 감사합니다~🥲,True,@hayu8775,1.0,0
@블루인-n2x,언니분께서 저를 찾으시던데..전주이씨 왕족입니다만..,False,,0.0,0
@wanjukim7072,올랴도 한국남자 만나서 결혼해서 한국에서 살면되는데 어렵지않아요ㅎㅎㅎ,False,,0.0,0
@변성구-q1w,정말 둘이 한복 잘 어울리네요. 마음 씀씀이도 고와요.,False,,0.0,0
@토스트-d7y,언니도 한국 남자 만나 한국에서 살면 좋을듯...,False,,0.0,0
@junghlee9,비원 다녀오셔도 좋을것 같아요.<br>조선시대로 시간여행 ~~,False,,0.0,0
@ranina893,"한국의대 레지던트 전공의 과정 유학생모집 있는 것 같으니, 알아보시고 지원해 보시길🎉",False,,0.0,0
@오버로드-m5v,참 아름다운 영상 함께해서 따뜻한 시간이었어요.❤❤,False,,0.0,0
@최준식-r8b,전쟁반대하세요~~~,False,,0.0,0
@danielsung7241,나 조각가인데 지붕이 유치함...,False,,0.0,0
@Chosangphil,경주 한번 가봅시다 지금이 구경하기 좋음,False,,0.0,0
@hoyaa-s5o,평일은 모르겠지만 <br>주말에는 교통지옥입니다<br>불국사.설굴암. 첨성대등관광지쪽<br>주말에는 비추합니다,True,@Chosangphil,1.0,0
@serenityfree,한복 너무 잘 어울려요~^^,False,,0.0,0
@손5공sonokong,"언니가 외모도 아주 곱고요,<br>심성도 참 착하시네요<br>의사 선생님이신데도, 너무도 순수하시네요<br>친근하고도 너무 예쁜 두 자매분의 영상을 매우 감명깊게 보았네요<br>여의사님 언니, <br>한국에서 남은 여행 일정 더욱 더 뜻깊고 즐겁게 보내세요",False,,0.0,0
@Ekaterina_Luv,감사합니다^^,True,@손5공sonokong,1.0,0
@kwonclub0814,전 예나러브 영상보고 있으면<br>그냥 힐링이 됩니다 ㅎㅎ<br>예나커플.. 그리고 처형 항상 건강 하셨으면 좋겠습니다<br>그럼 다음 영상 또 기다릴께요 ......   But..<br>영상 너무 짧아요 ㅜㅠ최소 30분은 해주세요..,False,,0.0,0
@Ekaterina_Luv,시청해주셔서 감사합니다~😊😊,True,@kwonclub0814,1.0,0
@Freeaswind,LA 동포입니다. 나도 한국적인 호롱각 캔들워머 같고싶네요.,False,,0.0,0
@말없는oroi,아궁이 연기 같은 경우  온돌을 휘휘 돌아 온기를 전하고 조금 떨어진 곳 정문 아닌 옆쪽에 연기가 올라 오게 되어 있는 걸로 알아여;;; 정문으로 사람들 왕래 할때 불편 하지 않게 하기 위해서 인걸로 압니다.<br><br>민가의 한옥은 부엌 옆 근처에 연기 올라는 통을 설치 한걸로 압니다.<br><br>더 자세한 상황은 전문가들이 알려 주실껍니다 곧 댓글 달릴;;,False,,0.0,0
@피터펜진,언니가 결혼 하고 싶는거 같은데 한국 사람이라면 좋아하듯 해요..동생이 행복해 보이니까 약간은 부러움도 있는거 같아요 주변에 좋은 사람 소개 시켜줘요~~( 물론 사람소개가 쉽진 않죠),False,,0.0,0
@GetDdon,한국 지하철은 시스템이 좋은 것이고 러시아 지하철은 미학적으로 뛰어나죠. 예술 작품 그 자체라서 한국 지하철은 비빌 수준도 못되죠. 러시아 지하철은 그런면에서 충분히 가치가 있다고 봅니다.,False,,0.0,0
@tlatn77,정말로 순진한 러시아 처자들이네,False,,0.0,0
@천사충정,다들 맘이 착해ㅜ영상이 차분해,False,,0.0,0
@근동조-m6m,뻥치지 말고  진실 만예기해줘요,False,,0.0,0
@Jejudoboy,언니 한국 살고 싶대요? 나랑 살면 된다고 해주세요 ❤❤❤❤❤❤❤,False,,0.0,0
@bukhansan9483,사랑(舍廊)은 손님을 접대하는 장소를 사랑채. 사랑이라 하지요,False,,0.0,0
@yjekmsddn,악어랑 상어랑 같이 사이좋게 사는 개울,False,,0.0,0
@김영-c3v,줄리 냄새가 나네요,False,,0.0,0
@최유기-c8y,호롱각 저거 대통령실 안에있는 그거 아닌가?!,False,,0.0,0
@행복-x3j,맛난거 많이 드시고 좋은추억 많이 만드세요~! 한국 와서 살아요! 격하게 환영합니다😊,False,,0.0,0
@cartierlucky5306,아!너무너무 곱고예쁜두공주님🙋‍♀️반갑습니다 올랴도 한국에서 좋은왕자님과 결혼해서 동새이랑 재밌게 살았슴좋겟어요 BEAUTIFUL  SISTERS EVER🍁🍂🌹🥰🙋‍♀️,False,,0.0,0
@user-truebless,얼굴형태는 한국사람같이 생긴 자매분이시네요~~ <br>한국인 얼굴형에 금발과 백인피부! <br>반가워요~~♡,False,,0.0,0
@아레나-g2w,스크린도어없을때 자꾸사고나면 자살..그래서 생겼어요,False,,0.0,0
@정진혁-e4g,결혼을 너무 잘하셨네요...  이쁘고 지혜로운 마눌님을 만나신건 정말 행운이신듯~,False,,0.0,0
@Rh70-o7e,광고 축하드립니다<br><br>이 커플은 삼성이 광고줘야 함‼️,False,,0.0,0
@김명희-k7s,예뻐요~~~~공주님들 이신가?  한복 정말 잘 어울리네요.......,False,,0.0,0
@대환-d8k,한복으로 전세계가 하나된 기분~,False,,0.0,0
@MinAElvis-z8d,한국에 좋은 남자들 많아요.. 반면 거지같은 놈들도 많지만..그래도 좋은 한국 남자 만날수 있으니.. 대한민국을 사시면서 아이도 낳고 행복하게 사셨으면 좋겠네요~!!,False,,0.0,0
@minkwang3317,스크린도어 전세계 유일하게 우리나라만 있어요 뉴욕같은곳은 사람이 그렇게 많이죽고 사고가나도 전여개선이 안됩니다 요금은 비싸고 시설정비또한 엄망,False,,0.0,0
@슬기로운재활,와.....한복이 금발에도 어울리고 외국인들한테도 너무 찰떡인데요??? 날씨도 미쳤네요.....,False,,0.0,0
@堂狗風月-w3x,잇몸이...,False,,0.0,0
@수너-v1x,얀!!<br><br>무식한 새끼야!!<br><br>한국 사람이 굴뚝<br>몰라!!!????<br><br>거기서 연기가 나온다고<br><br>외국사람한테<br><br>아가리 질을 해!!!!,False,,0.0,0
@버퍼형님,착한 자매,False,,0.0,0
@김윤상실버스푼,악어 드립은 하멜 표류기에 있죠 ㅋ,False,,0.0,0
@Johannes_Brahms,농담이라도 잘못된 정보는 주지 맙시다.<br>외국분들은 그대로 믿는 경우가 많답니다.<br>제대로 된 정보를 알려서 국격을 유지합시다.<br>그리고 오래된 곳을 방문해서 소개할 경우에는 <br>조금이라도 미리 공부해서 알려주기 바랍니다.,False,,0.0,0
@난초-v6b,"육고기 트라우마를 극복하고 한우와 삼겹살 맛있게 <br>먹는영상 기대합니다... ㅎㅎ",False,,0.0,0
@코코냥-k6s,언니도 참 이쁘네요,False,,0.0,0
@김영주-h8m5o,언니도 한국에서 살아요..,False,,0.0,0
@headbreaker1761,요새 경복궁은 반이 외국인임 <br>물론 아직도 중국인 관광객이 가장 많긴 하지만 과거에는 대다수가 중국인 관광객이었다면 <br>최근에는 중국인 관광객이 줄고 동남아시아 관광객과 서양인들이 그 자리를 대신하고 있음. <br>개인적으로 러시아 관광객은 인천 함박 마을 처럼 고려인 마을 한번 데려가 보는 것도 나쁘지 않다고 생각함.,False,,0.0,0
@정재훈-h8n4l,언니도 한국말 배우라고 하세요!사람일이라는게 ㅎㅎ나중에는 어떻게 될지 모르니까!혹시 좋은 인연을 한국서 찾을수 있지 않을까요?그게 아니더라도 한국계회사에서 일을 할수도 있고!,False,,0.0,0
@범-o6z,"부산에도 오세요<a href=""UCkszU2WH9gy1mb0dV-11UJg/KsIfY6LzFoLM6AKanYDQAg""></a><a href=""UCkszU2WH9gy1mb0dV-11UJg/KsIfY6LzFoLM6AKanYDQAg""></a><a href=""UCkszU2WH9gy1mb0dV-11UJg/KsIfY6LzFoLM6AKanYDQAg""></a><a href=""UCkszU2WH9gy1mb0dV-11UJg/KsIfY6LzFoLM6AKanYDQAg""></a>",False,,0.0,0
@복마니마니,벌써 품절이네요,False,,0.0,0
@박박-m9t,다음엔 청와대^^,False,,0.0,0
@코카콜라-y9b,입에 재갈 물린거 같은데..,False,,0.0,0
@짜루-t4h,국무총리상  현 국무총리상이면 믿음이안간다,False,,0.0,0
@stevechoi4good,"Катя, я не могу признаваться про будущее но это круто когда твоя сестра, Оля, сможет жить около тебя!",False,,0.0,0
@icarus5694,"<a href=""https://www.youtube.com/watch?v=cDORC9-FyWQ&amp;t=1300"">21:40</a> 굴뚝은 집 뒷곁에 작은 탑처럼 있어요~<a href=""UCkszU2WH9gy1mb0dV-11UJg/8gF1Xp_zK8jk8gSDrI2wCw""></a>",False,,0.0,0
@문딛뜌,어머....알고리즘으로 타고왔는데 한복 너무 잘 어울리고 이뻐요!  날씨도 너무 좋아보이고 ~ 앞에 소개해 준 호롱각 처음 봤는데 퀄리티 너무 좋은데요...? 값이 싼 건 아니지만 그만한 가치가 있어보이네요.. 뭔가 집들이 선물로도 잘 어울릴 것 같고  ㅎㅎ덕분에 좋은제품도 알아갑니다!,False,,0.0,0
@두대발,경주에서 첨성대를 저런식으로 본거 같긴 한데 맞는지는 모르겠네요,False,,0.0,0
@두대발,와 저런거는 선물용으로 딱인데 사실 어디서 파는지도 모르겠어요,False,,0.0,0
@ewwhzre7536,아내분 선하게 생기셨네요. 한국말도 잘하고 말도 이쁘게 하고<br>행복한 가정 되시길 바랍니다 구독 꾹~,False,,0.0,0
@69MadnezZ,나도 신기해 ㅋㅋㅋㅋㅋㅋㅋㅋ,False,,0.0,0
@밥토니,푸틴<br>제발<br>전쟁<br>넘춰야<br>미래<br>한러를<br>위해서,False,,0.0,0
@teoruck,자매의 한복자태가 참으로 아름답소이다 😍,False,,0.0,0
@무상-b4k,자매가 심성도 예쁘고 우애도좋고 얼굴도 예뻐요!,False,,0.0,0
@안녕-k1b8v,자매가 너무 예쁘시네.😊😊,False,,0.0,0
@밥토니,아직어리니까<br>너무<br>멀리보지말고<br>나이에맏게<br>인생을<br>설게하며<br><br>잘<br>해피하게<br>살아갔으면<br>좋겠어요<br>자식보다<br>어리지만<br>서로바보라며<br>늙어서<br>흔들<br>의자에<br>앉자<br>석양을<br>보며<br>두런두런<br>요람<br>머찐<br>인생되길바래<br>애들아<br>화이팅!!!,False,,0.0,0
@younhajeong-lw3zb,한국 패치 들어가니까 언니도 엄청 귀엽네요,False,,0.0,0
@jongsunkim9975,러시아 아가씨들은 이쁘기도하지만 참 착하네요~~,False,,0.0,0
@eminem1946,언니가 와서 예나님이 얼마나 좋으실까 ㅎㅎ,False,,0.0,0
@lemikon-s5z,요즘은 서울뿐 아니라 광역시 도심권 가보면 외국인들 많더라,False,,0.0,0
@u2202496,정읍쪽으로 가면 아직도 단풍이<br>아름다울거 같아요~<br><br>맛집기행도 추천드려요~❤,False,,0.0,0
@regelbigstar,소아전공이면  한국에서 어셔옵셔임 소아과 의사 한국 개적음,False,,0.0,0
@reshf9796,올랴님..<br>드디어 한복을 입으셨군요..<br>너무 잘 어울리는 군요...<br>예뻐요..<br>한국에 오신 김에 신랑감도 찿아보심이 어떠신지요..?<br>좋은 추억되시길 ...<br>쌀쌀한 날씨에 감기 조심 하세요..<br>예나러브 화이팅..!<br>👍👍👍 ...!🥰...,False,,0.0,0
@Blackrose1219,"세분이 궁안에서 드라마를 찍어도 어울리듯,  란 생각을 했습니다, 언니도 예뻐요,",False,,0.0,0
@카이트-w5t,한국인인 남편보다 한국말을 더 정확하게 쓰시네 &quot;고급스럽다&quot;는 표현을 ^^,False,,0.0,0
@imgumnim4915,참 착하고 순수해 보이고 여자여자 하세요 .,False,,0.0,0
@MIDA-b5b,외국인 눈에 한국이 천국으로 보여지는게 신기하네요. 우리에겐 일상인데 누군가에겐 천국으로...,False,,0.0,0
@아낙수나문-i6o,선남선녀네요🎉,False,,0.0,0
@parkzzang21,호롱각 지인들한테 여러번 선물했는데 받는분들마다 너무 좋아하더라구요 인테리어 소품으로도 너무 좋은거 같아요. 전통문양 디자인이이고 캔들이라 집안 분위기를 한층 더 따뜻하고 아늑하게 해줍니다,False,,0.0,0
@moon-vw5lv,제가 동생보면서 깨달은게 있는데  국제결혼후  진심인지 거짓인지 알수있는방법이 한가지있는데 진짜로 한국에서 살사람은 한국말을 적극적으로배우려고하고  아주 잘하죠. 그런데 겉과 속이 다른애들은 딱 자기가 필요한 말만 배우드라구요. 더 배울 필요가 없는거겠죠. (어차피 한국에서 안살고 갈거니까).  국제결혼 계획있으신분들 참고하시고 꼭 테스트 해보시길바랍니다.,False,,0.0,0
@강태성-u4y,이 정도의 국뽕은 약합니다 주모 부를 만큼의 국뽕 조회수 빨려면 더 노력하세요,False,,0.0,0
@이문용문용,앞으로  러시아의 국제 정세가 안정될때를 대비해 유튜브에서 공기주입식 비닐하우스. 온돌 보일러시공. H빕 철골 건축. 용접기술. 한식 음식을 만드는 것을 검색 해서 자신의 것으로 만들기 위해 농촌진흥청에서 배우고 학원에서 배우길 권고 합니다.,False,,0.0,0
@저먼곳에,즐거운 여행 되세요😀🇷🇺🇰🇷👍💘,False,,0.0,0
@정휘김-f6g,총리?이시국에 대통령.총리란 이름이 있으면 다 버려 버리는대,False,,0.0,0
@멋쟁이-l6t,언니?.<br>미혼이신가?.<br>미혼이라면 몇살인지 모르지만 며느리 삼고싶다!.,False,,0.0,0
@moon-vw5lv,내동생도 국제결혼 두번이나 했는데~~ 처음엔 베트남여자였고 4년 사는동안 제대로 밥한번 안해주고 돈만챙기다가 동생이 직접 돈관리하니까 이혼하자함. 돈 몇천뜯기고 이혼해줌. 자식도 절대안낳고 몰래 중절수술하고 하다못해 엄마보고싶다고 베트남가서 몰래 중절수술하고옴.진짜 개 씨발년이었음(욕해서 죄송 오죽하면~).   두번째는 무슬림은 착하려나해서 우즈벡 여자였는데 결혼식하고 한국입국  두달전에 동생이라던 두살짜리아이가 ( 우리는 장모 늦둥인줄알았음) 자기 아이였고 애비가 누군지도 모를뿐더러 장모도 몇번만나서 밥도먹고했는데 감쪽같이 다 속였음.결국 동생이 파혼을 날려버림. 나중에 동생이그러는데 장모랑 와이프 둘다 담배골초에 술도 어마어마하게 처먹는다함.  동생은 돈도 잘벌고 대학도 좋은데나왔고 말행동 전혀 폭력성따위없고 조금만잘해줘도 작은것에도 무지 감동하는앤데 순진해서그런지 다 사기결혼이었어요.  국제결혼 좋은사람 만나기 정말 힘든거같아요.  그래서 이런분보면 너무너무 부럽고 너무너무 이뻐요.,False,,0.0,0
@pjh1104p,"내가 욕 적으면 게시전에 이미 자동삭제되던데 어떻게 욕 적을 수 있나요? <br>동남아,무슬림 비추요",True,@moon-vw5lv,1.0,0
@을목-d2x,정체불명의 대여용 한복이 아니라...<br>제대로 만든 치마 저고리를 입었다면 한층 더 기품있고 아름다우셨을텐데...<br>한국인으로서 죄송합니다.,False,,0.0,0
@백경복-x3j,언니가 미인 한복 너무잘어울려 한국에서 영원희 사시길,False,,0.0,0
@진휴먼-n4c,올랴님 실물 대박이실것겉아요 두분다 이쁘시네요,False,,0.0,0
@atrry4604,외국인들 한국오면 도시미관구리다고말함,False,,0.0,0
@user-me1ll4xc8g,니가 외국놈 특히 중국놈 같은데 한국처럼 이쁘게 꾸민나라 없다 이놈아!!!!!!!<br>요즘 한국관련 채널에 중국놈들이 한국인으로 위장해서 한국 깎아내리려고 한다는데 이놈도 그놈들일세...,True,@atrry4604,1.0,0
@JAN_BEER,"쌍화차<br>굴(석화,굴보쌈)<br>수원화성<br>과천서울랜드<br>강남역<br>안양중앙시장 순대국,시장구경<br>호계시장(호계 착한 왕손만두,원조왕족발)<br>오이도 해물칼국수<br>어부네코다리조림 군포본점<br>군포식당(양지곰탕)<br>복아구찜해물탕원조집(금정역)<br>황재짬뽕(의왕 내손주공 앞,롯데마트 인근)<br>꼬막 삶아먹기<br>평촌학원가 마늘떡볶이<br>한정식(봉가진_너무 비싸졌네요ㅠㅠ)",False,,0.0,0
@JAN_BEER,"제가 제일 좋아하는 곳은<br>대야미 천봉프라자1층<br>갈티식당 입니다.<br>그냥 백반집인데 백반은 물론<br>삼겹살,닭도리탕,동태탕,제육볶음 등등 다 맛있어요.<br>백반 이외에는 미리 전화해서 물어보고 예약해야 합니다. 14시 넘으면 저녁전까지 브레이크타임 있습니다.",True,@JAN_BEER,1.0,0
@NAZIRITE,언니한테 수시로 장난하는 예나씨😂😂,False,,0.0,0
@수목원-u5x,언니에게 좋은 분이 나타나길 바래요,False,,0.0,0
@지방씨,한복이 정말 너무 레알 초 잘 어울리십니다!!!!!!!,False,,0.0,0
@sangmoon1931,정말 쌍둥이처럼 닮았어요.,False,,0.0,0
@주청수,언니는 참 차분하고 감정적인 사람 같네요.. 머리는 물론 똑똑하고요.<br>좋은 왕 꼭 만나셔서 다시 한국오세요..,False,,0.0,0
@리하스6842,올랴님.. 케이뷰티 해주그싶네용 머리랑 .. 쿄쿄,False,,0.0,0
@windydustkang651,궁궐 건물들 특히 침소같이 잠자는곳에는 고래를 특수하게 해서 굴뚝이 없이 고래 안에서 흡수 되게 했다고 예전에 다큐멘트리에서 본듯..,False,,0.0,0
@K동키호텔,언니가 려샤 가기전에      전기매트하나 선물하슈😂,False,,0.0,0
@ijayson4992,자매가 너~무 예쁘셔요..!! 올랴 귀화추진합시다..!!,False,,0.0,0
@jiok1693,굴뚝은 반대편에 좀 떨어진곳에 설치합니다..연기가 최대한 천천히 빠져 나가면서 바닥의 온기를 유지하쥬..😂,False,,0.0,0
@호주니-y1f,일주일이 길어요~ 자주 업로드 해주세요 ❤,False,,0.0,0
@리하스6842,어떤이는 사진 박으라고도 함 쿄쿄쿄,False,,0.0,0
@리하스6842,ㅋㅋㅋ 사진은 찍능거 어케 알았옹?!   ㅋㅋㅋㅋㅋㅋㅋ,False,,0.0,0
@lkm2458,언니가 한국의 좋은점만 봐서 그렇지 한국도 살기 어려워요.. 어떤 사람은 지옥같다고도 합니다,False,,0.0,0
@bigbrother1059,"짝짝짝, 한국의 전통적인 아름다운 문화를 많이 소개해주세요.",False,,0.0,0
@Gyosin-s6t,언니 분 한국어 배워서 한국에서 의사 해보시는 건 어떠실지?<br>챗gpt에 보니까 러시아 소아과 전문의 연봉이 겨우 1000~2000만 원 정도라고 하는데<br>이정도면 한국은 한 달이면 벌 수 있습니다 <br>무엇보다 동생 분이 한국에 사니까 많은 의지도 될 거구요<br>진지하게 한 번 생각해 보세요,False,,0.0,0
@킄크-h2n,너도 영어배워서 스위스가서 일해 한국살지말고,True,@Gyosin-s6t,2.0,0
@NAZIRITE,러시아 의대중에 한국 국시가능한 의과 대학교가 정해져있습니다.,True,@Gyosin-s6t,2.0,0
@느림보라이더,언니도 넘 착하고 아름다워요<br>그러나 언니는 러시아에서 의학공부를 하셨기에 그 전공을 살려 러시아에서 좋은 남편 만나 행복하게 잘 살리라 생각합니다<br>아마도 이 영상을 시청하는 총각들 많이들 관심과 좋아하리라 생각하지만 현실은 현실이니까 안타깝네요 <br>한국에 있는동안 동생부부와 좋은 추억 많이 만드시길 바랍니다,False,,0.0,0
@windydustkang651,의료 수료증을 가져 오면 인정 해줄텐데요?,False,,0.0,0
@남몰라요-y6e,평화 영원하라,False,,0.0,0
@김사갓-i9x,할을 조근조근 하니까<br>보다보면 맥박이 60으로 떨어지니까<br>건강에 좋구먼,False,,0.0,0
@철-p9z,한국(조선)의 왕들이 얼마나 극한직업인지 외국인들은 모르지요<br>권력은 모든 사람의 생사여탈권을 가질 정도로 막강하지만 <br>만약 지금 한국에서 왕이란 직업이 있다면 별로 인기가 없을 듯<br>사관들에게 24시간 감시 받고 나라의 나쁜일은 모두 왕의 책임이 되어야 하는 <br>심지어 잠자리까지 감시 받았었지요<br>왕이란 가장 스트레스를 많이 받는 직업이 아닐까요?<br>지금 한국에 왕이란 직업이 있다면 가장 극혐하는 직업이었을 듯<br>그런대도 용포를 입는 외국인들이 많지요<br><br>애나님 원래 한복은 고쟁이라는 바지를 입고 입었어요<br>그래서 바지를 입은 상태에서 입은 언니가 바르게 입은 겁니다,False,,0.0,0
@MenuMcBlue,이번 편은 판타지 영화 같네요. 한복입은 엘프 둘.,False,,0.0,0
@jowkju,자매가 똑닮았는데 한복도 잘 어울리고 아주 예쁘네요!!,False,,0.0,0
@김대니-f4t,와! 한복이 너무 잘 어울리네요,False,,0.0,0
@서지-m1t,두분도 예뻐요 무척이나,False,,0.0,0
@아니-x9l,그냥 무궁화 향이라 하시면 안되죠<br>한국의 국화가 무궁화라 해야죠 ㅋㅋㅋ<br>좀 아쉽다,False,,0.0,0
@leedo6856,굴뚝은 반대편에...,False,,0.0,0
@고인돌-l6o,둘이 엄청 닮았네^^,False,,0.0,0
@세모-d9m,"여기서도 의사할수있어요<br>서울대대학원전공이수하시고 시험볼수있어요<br>단, 동생처럼 제부처럼 좋은남자만나 귀화하셔야겠지요<br>네팔의사도 의사됐는데<br>러샤에서 의학배웠다면<br>어렵지않을것<br>더군다나 젊잖아요<br>다시시작해보세요<br>북한의사도 의사로 개업한분들도 있는데",False,,0.0,0
@user-me1ll4xc8g,의사가 부족하니 외국의사도 개방한다니 충분히 한국에서 가능할겁니다,True,@세모-d9m,2.0,0
@세모-d9m,@@user-me1ll4xc8g <br>부족하다는놈들이 의대정원수 늘린다하니까 데모해요? ㅋㅋㅋ,True,@세모-d9m,2.0,0
@sangrokkim6182,굴뚝은 항상 건물의 아궁이 반대편에 위치함.<br>예전 궁의 굴뚝들도 참으로 보기 좋은데.<br>게다가 굴뚝이라고 생각하지 못할 정도로.,False,,0.0,0
@랑새-o6r,언니가 상당히 긍정적이고 똑똑하군요...,False,,0.0,0
@돌쇠-c6p,예쁜영상 잘보고감니데이<br>~~~,False,,0.0,0
@user-me1ll4xc8g,선물 협찬해주신 기업도 고맙네요 언니한테서 다른나라에서는 볼수도 없고 구입도 못하는 의미있는 선물인듯...,False,,0.0,0
@moon-vw5lv,영상 볼때마다 러시아가 자꾸 좋아지네요❤. 착하고좋은분 정말 잘만나신것 같아요.,False,,0.0,0
@idaddy512,언니보고 인터넷에서 ondol heation system 을 한번 검색해보라고 하면 쉽게 이해할 것 같은데요.,False,,0.0,0
@정원주-x5z,한국에서 즐거운여행 되길바랍니다 맛있는것도 많이드시고,False,,0.0,0
@정원주-x5z,건강하세요,True,@정원주-x5z,2.0,0
@정원주-x5z,😊,True,@정원주-x5z,2.0,0
@sangrokkim6182,"<a href=""https://www.youtube.com/watch?v=cDORC9-FyWQ&amp;t=1195"">19:55</a> 에 영상에서 보이는 문 창호지들.<br>구멍 뻥뻥 둟어 놓은 작자들은 누구야?<br>왜 문화재를 파손하고 있는 거야?<br>그 나라 사람들인가?",False,,0.0,0
@0672su,넘치고 넘쳐서 패스,False,,0.0,0
@민현박-y1x,참 좋네요.<br>영상 고맙습니다.,False,,0.0,0
@피비-n4q,정말 한복의 아름다움을 살려준 미모의 공주님들이네요~~,False,,0.0,0
@이미숙-l1p,어디서   사야  하나요?  너무  에뻐요,False,,0.0,0
@Ekaterina_Luv,"<a href=""https://smartstore.naver.com/ko_our"">https://smartstore.naver.com/ko_our</a> 구매처 링크입니다~^^",True,@이미숙-l1p,1.0,0
@남김홍재-t1d,지하철 스크린도아는 세계에서 한국만 있다고 들엇어요😅😅😅,False,,0.0,0
@pjh1104p,대만도 있고 동남아도 있고 여러나라 있습니다,True,@남김홍재-t1d,2.0,0
@regelbigstar,노노,True,@남김홍재-t1d,2.0,0
@aVoGamming,동생도 언니도 참 참하네… 표정 하나 하나에 나는 착해요….,False,,0.0,0
@최항기-n5u,조선시대 는 1392년부터 1897년  대한제국은 1910년까지 입니다. 가베는 고종때부터  즐김    처형에게 다시알려주세요.,False,,0.0,0
@조민찬-g9o,걸어 다니는 인형  같에요?,False,,0.0,0
@hkr3489,처형 머릿결 너무 아름다워요😊,False,,0.0,0
@서정호-u3y,이쁜이가 둘이니까 왕크다~~~,False,,0.0,0
@김여시-u3c,취업박람회장 때려부시려는 동덕여대생처럼 달려왔습니다,False,,0.0,0
@대고구려와함께,"엘프 자매들이  한복을 입을 줄이야   와우      너무 너무 이쁩니다,",False,,0.0,0
@kimth0919,욜라님 살이 많이 빠져보이네요. <br>약간 통통하신 욜라님이 보기 좋았는데… 물론 지금도 예쁘시지만,False,,0.0,0
@0주인0,언니분도 한국에서 결혼해서 살면되실듯,False,,0.0,0
@sckim1,예나도 올랴도 언제나 차분하니 순수한모습이라서 더 이뻐요^^<br>부모님도 다음에 오셔서 왕과 왕비의상을 입어보셔야죠^^,False,,0.0,0
@dinos534,근데 외국인들 보면 감사합니다 할때 꼭 일본식으로 합장하네요... 그리고 그걸 지적하는 사람도 없구,False,,0.0,0
@flyfishers,두 자매분 너무 이쁘네요 올가씨 한국에서 부디 좋은 추억만 많이 가지고 가시길 바랍니다😊,False,,0.0,0
@kky8661,순진한러시아신부맞이하셨네요<br>언제봐도 변함없는순수한모습아름답습니다,False,,0.0,0
@서지-m1t,진짜 자매이네요. 얼굴이 똑같네요,True,@kky8661,1.0,0
@hjjang5106,언니가 넘 순수하게 한국의 모든걸 좋아해주는 모습이 보기에 사랑스러워요! 추억을 예쁘게 저장하게 언니 사진 많이 찍어주세영❤,False,,0.0,0
@hsj1319,러시아 콘센트도 220V 이니 사용하기도 부담없고 너무 좋네요~<br>몇일 안남은 한국생활도 좋은 것 맛난 것 즐거운 것 느끼고 돌아가길 바래요~~,False,,0.0,0
@조선나이키-v1j,아직 러시아에 안갔으면 전기장판 선물해 줬으면 엄청좋아 할텐데요😊,False,,0.0,0
@MenuMcBlue,진짜 귀염 귀염의 극치. 이 커플은 광고도 귀엽네.,False,,0.0,0
@이경식-c8y,"역시, 예냐니은 장난꾸러기",False,,0.0,0
@mdk7595,두분이 한국에 함께 살면 외로지 않고 좋을 것입니다. 러시아와 직항편만 열리면 친정도 멀지 않고 <br>좋을 듯 하네요.,False,,0.0,0
@yuhanlee9938,언니는 안양 가지 마시고 천호동으로 오시면 바로 한국생활 하실 수 있어요...,False,,0.0,0
@유리나무공방,찜질방도가 보시면 좋아할 것 같네요.,False,,0.0,0
@혜니갓생,Желаем вам счастливого и незабываемого путешествия в Корею!,False,,0.0,0
@regelbigstar,러시아 키릴문자 봐도 아찔하네,True,@혜니갓생,1.0,0
@여로旅路,😊😊😊,False,,0.0,0
@sanghoonlee3496,인천공항에서 본듯한? <br>캔들워머,False,,0.0,0
@Choigo3,귀염귀염 ^_____^,False,,0.0,0
@이경식-c8y,예냐님은 이젠 완전한 한국인 다 되었네요.,False,,0.0,0
@vo3ov-,"<a href=""https://www.youtube.com/watch?v=cDORC9-FyWQ&amp;t=898"">14:58</a> 이제 찐 한국인이신데;<br>옆집에서 자꾸 한복이 지네들꺼라고 개소리하는데 이런 영상들 많이 올라오면 좋겠네요",False,,0.0,0
@1garam,빨리 10만 되라,False,,0.0,0
@Feelgood-s3r,경복궁의 마지막 끝판왕 후원이죠...고즈넉한 향원정을 안보신거 같은데요.....,False,,0.0,0
@lsb71433,안녕하세요 반갑습니다,False,,0.0,0
@Ekaterina_Luv,반갑습니다~~^^,True,@lsb71433,1.0,0
@mdk7595,예나 자매님은 얼굴만 봐서 잘 구분이 않됩니다. 누가 언니인지?<br>좋은 한국남자 만나서 멋진 생활 하시기 기원합니다.,False,,0.0,0
@김-s2c3t,악어? 진짠가?,False,,0.0,0
@ssl558,가베 = 珈琲 카베이 = Cafe☕️,False,,0.0,0
@pjh1104p,가베 = coffee = 커피,True,@ssl558,1.0,0
@허근범-e6s,허허~붕어빵이네~,False,,0.0,0
@조욱제-j9m,언니가 매우 지적충만!! 놀랄 정도로~,False,,0.0,0
@SouJungH,"<a href=""https://www.youtube.com/watch?v=cDORC9-FyWQ&amp;t=1420"">23:40</a> 경복궁은 태조 때 처음 지어졌지만, 임진왜란 때 불타 없어집니다.<br>1860년대 대원군이 집권하면서 다시 중건했습니다.<br>현재 있는 건물은 그때 지어진 것이고, 뒤에 많은 건물들은 해방 이후 점차 지은 겁니다.",False,,0.0,0
@regelbigstar,다 복원임 전쟁 임란등,True,@SouJungH,1.0,0
@옥슈슈-r4u,언니 돌아갈때 온수매트(전기장판 말고) 사서 보내시면 따뜻하게 지낼 수 있겠네요.,False,,0.0,0
@박성범-z5x,앙부일구(仰釜日晷) : 1434년(세종16년)에 제작한 해시계의 이름... ^^,False,,0.0,0
@이사자-w1m,시간이 갈수록<br>한국에 잘 적응해서<br>행복해 보입니다<br>언니도 한국으로 시집오세요,False,,0.0,0
@smilecatzzi,"<a href=""UCkszU2WH9gy1mb0dV-11UJg/m8MfY4jbFsWJhL0PyouA2Ak""></a><a href=""UCkszU2WH9gy1mb0dV-11UJg/m8MfY4jbFsWJhL0PyouA2Ak""></a><a href=""UCkszU2WH9gy1mb0dV-11UJg/m8MfY4jbFsWJhL0PyouA2Ak""></a><a href=""UCkszU2WH9gy1mb0dV-11UJg/m8MfY4jbFsWJhL0PyouA2Ak""></a><a href=""UCkszU2WH9gy1mb0dV-11UJg/m8MfY4jbFsWJhL0PyouA2Ak""></a><a href=""UCkszU2WH9gy1mb0dV-11UJg/m8MfY4jbFsWJhL0PyouA2Ak""></a><a href=""UCkszU2WH9gy1mb0dV-11UJg/m8MfY4jbFsWJhL0PyouA2Ak""></a>",False,,0.0,0
@smilecatzzi,"<a href=""UCkszU2WH9gy1mb0dV-11UJg/G8AfY6yWGuKuhL0PlbiA2AE""></a><a href=""UCkszU2WH9gy1mb0dV-11UJg/G8AfY6yWGuKuhL0PlbiA2AE""></a><a href=""UCkszU2WH9gy1mb0dV-11UJg/G8AfY6yWGuKuhL0PlbiA2AE""></a><a href=""UCkszU2WH9gy1mb0dV-11UJg/G8AfY6yWGuKuhL0PlbiA2AE""></a><a href=""UCkszU2WH9gy1mb0dV-11UJg/G8AfY6yWGuKuhL0PlbiA2AE""></a><a href=""UCkszU2WH9gy1mb0dV-11UJg/G8AfY6yWGuKuhL0PlbiA2AE""></a><a href=""UCkszU2WH9gy1mb0dV-11UJg/G8AfY6yWGuKuhL0PlbiA2AE""></a>",False,,0.0,0
@나누렁,올랴가 한국 사람 변신...🤔<br>올랴가 한국에 있을때 남자 소개팅 하나요?,False,,0.0,0
@whojang2000,지금이야 추워졌지만 영상 찍으신 그때가 한복입으면 춥지도 덥지도 않고 가장 딱 좋을 시기인데 잘 고르셨네요   ^^<br>사실 한복은 더운 여름에 입으면 고문이지만 차라리 추울땐 겹겹이 입을수 있어서 여름보단 겨울이 훨~~~씬 낫습니다 (근데..예나님 그저 순하고 착한줄만 알았는데 표정하나 안바뀌고 언니한테 온갖 장난치는거 보면 장꾸력 살벌함...ㅋㅋㅋㅋ),False,,0.0,0
@Ekaterina_Luv,🤣🤣🤣본모습이 나와버렸네요,True,@whojang2000,1.0,0
@어신-j2b,경주 월지 밤에 가보세요.  정말로 멋진걸 볼수 있을겁니다.,False,,0.0,0
@kicho2309,욜라씨! 러시아에서 의대를 졸업해서 의사이면 한국에서 한국의사 시험을 보고 의사 면허를 취득할 수 있을거에요. 그럴려면 한글을 깨우치고 한국어를 할 수 있어야 할겁니다. 가끔씩 한국에서 의대에 갈 수가 없는 학생들이 동구권 나라의 의대를 졸업하고 한국에서 의사국가고시를 치르고 의사 면허를 취득하는 사람들이 있으요.그러니 욜라씨도 한국에서 의사 국가고시를 보고 한국에서 살기를 바랍니다.🎉🎉 ❤🎉,False,,0.0,0
@결꿈-h5i,그거 안되는 걸로 알고 있어요. 그런 제도는 있었는데 한국인들조차 의료협회에서 입에 게거품 물고 반대 해서 잘 안된걸로 알고 있어요. 그게 됐었다면 그동안 의사들 숫자 부족하다는 소리 안나왔을거에요.,True,@kicho2309,1.0,0
@정영수-r6t,Привет какдела <br>Ена Сейстра<br>Очень Красивая <br>Мой Казахстан <br>Алмата есть<br>두분다 한국에서 <br>행복하세요 감사합니다 😂🎉,False,,0.0,0
@이후영-q3i,개인적인 생각이지만 한복은 흰피부에 검은머리색을 가진사람이 입었을때  가장 잘 어울리는것 같습니다.,False,,0.0,0
@SouJungH,두 분 다 한복이 너무 잘 어울려요. 얼굴이 복스럽고 맏며느리상이네요.,False,,0.0,0
@daebak1,"경복궁은 뭔가 현대에 와 있는 느낌이지만 창덕궁은 진짜 조선시대로 간 느낌인데 ,창덕궁 한번 가보세요.진짜로 한국인도 깜짝 놀람😂",False,,0.0,0
@이온구-l1k,선남선녀 정말 잘 어울리는 부부네요 늘 행복하세요,False,,0.0,0
@새벽이온다-o1s,한복치마 뒤에 리본매는것  우리한복에는 없습니다 왜 옷을 그렇게 만들까요?   듣기로는 중국에서 만들어온다는데요?,False,,0.0,0
@강중철-n5m,외국 도심에 오래된 성당있는거나 한국 도심에 절있는거랑 같은 이치임..외국인들에게 기와형상에 건물이 유독 특이하게  느끼는 거라 생각됨..,False,,0.0,0
@이승규-e7f7v,"악어, 상어라니 약을파네요~ ㅋㅋ",False,,0.0,0
@행복한공방,와우 즐거운 나드리였네요 언니의 왕자님이 빨리 나타나길 기대합니다<br>한국에서 구할수도,False,,0.0,0
@종수한-z4h,두 자매가 공주처럼 보이네요,False,,0.0,0
@진윤-i3y,한복은 우리나라 사람보다 외국인 분들이 <br>입으면 더 아름다우실까요 ?<br>자매 분들이 이뻐서 그런가 ~~~~! ㅎㅎㅎㅎ<br>정말 요정 같네요 ~~~!,False,,0.0,0
@auainno,언니 마음씨가 이뻐요.<br>한국서 우리랑 살아요😅,False,,0.0,0
@ssl558,올랴❤<br>서울에 봉은사 / 길상사 있으니까 가봐요😊,False,,0.0,0
@제임스딘-x6k,거울보고 립스틱 안봐라도 이뻐용 ㅎㅎㅎㅎ<br>영상 잘보고 갑니다,False,,0.0,0
@user-bf2nw2lf2g,한국이 천국이면... 두분은 천사? ㅋ,False,,0.0,0
@전생에지구를구한이,Olya looks very beautiful in Hanbok.,False,,0.0,0
@大宣居士,"Хорошая и красивая сестра, я надеюсь, что у нее будет много хороших воспоминаний в Корее.",False,,0.0,0
@게겐프레싱-e3i,이런 조합도 힘들다.<br>관상이 셋 다 선해 보인다.,False,,0.0,0
@apine333,기와가 싸구려 플라스틱느낌이라 별로구만요,False,,0.0,0
@디자이너장,잼있게 보고 있어요~ 준야 씨! 처형 모시고 제약회관이나 서울의 유명한 병원(삼성병원 등)도 한 번쯤 가보는 거 어떠세요?,False,,0.0,0
@이민호-c4g,세상에나...고구마가 1kg에 500루블이라 비싸서 못 먹어봤다굽쇼?<br>러시아가 그정도?<br>제가 밤 고구마 보내드리고 싶을정도....<br>이번기회에 원없이 한국고구마 많이 먹어보세요....,False,,0.0,0
@압-d2b,러시아가 추운 나라다 보니깐 고구마가 귀했군요.. 전쟁 끝나면 고구마 수출 좀 해볼까? ㅋㅋ,False,,0.0,0
@woqjf,동야인들이 서양의 전통 복장을 하면 안 어울리는 것 같은데<br>서양인이 한복 입으면 너무 잘 어울리는 것 같음<br>담엔 음식 엄청 많이 나오는 한정식과 롯데 타워는 어떨까요?ㅎ,False,,0.0,0
@이진호-h9h,"형 한번에 다섯 마디 이상 말씀하시는 거 처음봐요. <a href=""UCkszU2WH9gy1mb0dV-11UJg/KsIfY6LzFoLM6AKanYDQAg""></a> 이게 자본의 힘일까요?",False,,0.0,0
@ejj7468,정부에서 인정했으면 믿고 걸러야지<br>또 윤건희 관련 업체인가,False,,0.0,0
@live-td8vr,두분 자매님  한복입은 모습이 너무 아름답네요.,False,,0.0,0
@yongyong8713,한복을 입으니 두 분이 인형처럼 예쁘네요.. 한복이 너무 잘 어울려요.. <br>언니가 한국대학으로 유학해서 한국 의사가 되었으면 좋겠어요.. 자매가 한국에서 살면 얼마나 좋을 까요... ㅎㅎ,False,,0.0,0
@p.h.p-z1o,러시아  의사들도 한국 의사 자격증 취득가능한 학교가 상당히 많아요<br>한번 알아보시고<br>자매가 같이 한국에서 사셨으면 합니다,False,,0.0,0
@regelbigstar,러시아 의료관광 그쪽 닥터하면 대박 일것같네  연대의대도 러시아 의료관광 진료하던데,True,@p.h.p-z1o,1.0,0
@한잔해-g77,머리색이어울려서 엘프같아 이뻐요,False,,0.0,0
@haegonshin4521,❤❤❤❤❤❤❤❤❤❤,False,,0.0,0
@독신귀족-l5m,요기 1번으로 여왕모실 한국왕 줄서있어요😅😅😅,False,,0.0,0
@rogerfederer6422,공주님같아요.  예쁘네요 ❤,False,,0.0,0
@허라우렌,정확하게 집어 내네  !    !악어가 추운 계절을 어떻게 생존하냐구 ?<br>굴뚝은 필수적으로 설치되지요  불 때는 곳 반대편쪽으로 설치하는 것이 일반적임.,False,,0.0,0
@시라노-l5x,올랴님 한복이 너무 잘 어울리네요. ^^,False,,0.0,0
@원영-z2r,쌍둥이 맞구만 동생이 누나 미워하네 ㅋ,False,,0.0,0
@돌고돌고-o1t,한국에는 원래 요정이 없었는데 얼마전에 러시아에서 시집 왔다는거 같은데요<br>애나 라고... 다른 요정분이 또 그럴수 있는 가능성이 보이네요.,False,,0.0,0
@Ekaterina_Luv,😂😂😂,True,@돌고돌고-o1t,1.0,0
@user-ww7bq7kbai,부산도가세요,False,,0.0,0
@TonyKim-f2u,"한복이 소매도 단촐해지고 많이 바뀌었는데, 지나진 금박 사용은 우아한 한복 특성 대신 화려하기만 한 기생복을 연상시켜 자제 필요. 😂😂",False,,0.0,0
@JayYu-rv3yz,한가지 걱정되는게 러시아에서 전압 때문에 선물이 작동할지 궁금하네여,False,,0.0,0
@Ekaterina_Luv,고향도 똑같이 220V입니다.,True,@JayYu-rv3yz,1.0,0
@sm-gc8og,아니 그래도 처형인디 <br>처형이면 본인보다 위인데 이름 올랴 말하는게 맞아~~??,False,,0.0,0
@부산갈지마오,"남편 당신은 우파야 좌파야  내가본긴  우파대 물어봅니다,??",False,,0.0,0
@찔레꽃-i3e,굿,False,,0.0,0
@한선천-c4g,아니 이거 너무 기다렸네요 ㅎㅎ 이제  광고도 받으시고 10만 가즈아!!  안될거 있나요  처형분도  한국에서 정착하실날을 기원함니다,False,,0.0,0
@user-letsgotojail,지금 우리나라 국무총리는 사람이 아니옵니다.,False,,0.0,0
@SungSam-vf4oz,연기가 엄청 늘었네요.<br>다음 작품도 기대해 보겠습니다.,False,,0.0,0
@younilkim6169,러시아 여선 들이 가장 맘에 들어 하는게 보일러 라고 하더군요^^ <br>온돌에 온수에^^,False,,0.0,0
@go864,예나님  자매  두분  모두<br>넘 넘  순박하고  순수하고  어여쁩니다<br>행복하고  즐거운 추억  많이  남는   한국 여행 되세요 ^^<br>ps  글구  한복  아주 잘  어울리고  예쁩니다,False,,0.0,0
@___-et8dr,여러분들 행복해 보이네요. <br>그런데 나는 사람 죽어 나가는 <br>우크라이나가 눈앞에 어른 거리네요 <br>당신은 어떻게 생각 하세요?~,False,,0.0,0
@__________2026,저기요 약 드실 시간입니다,True,@___-et8dr,2.0,0
@___-et8dr,@@__________2026 니나 쳐 무그라~^^,True,@___-et8dr,2.0,0
@5539sky,갇다버려.. 상열이종놈 물덕쇠선물  ㅋㅋ,False,,0.0,0
@재규조-q9f,국무총리면~??????<br>덕수~??ㅋㅋㅋㅋ 개 ㅋㅋㅋㅋ 다 ㅋㅋㅋㅋ 개 <br>국민의똥 덕수 ㅋㅋㅋ,False,,0.0,0
@수꿔높스끼,건물 뒤에 굴뚝 따로 있습니다.<br>온돌은 연기와 열기가 같이 방바닥 아래 구들을 따라 돌다가 굴뚝으로 빠져 나가는 구조입니다.,False,,0.0,0
@윤정일-c3c,굴뚝을 않보다니..<br>경북궁에 대해 넘 모르😢😢😢시네,True,@수꿔높스끼,1.0,0
@perseus3362,"한국 알리기 <br>이렇게 진심인 외국인은 없을겁니다. <br>정말 감사드리고 그만큼 <br>한국에서 오랫동안 행복하게 사시길 기원드립니다",False,,0.0,0
@Ekaterina_Luv,말씀 감사합니다~^^,True,@perseus3362,1.0,0
@user-ww7bq7kbai,송도도 오세요,False,,0.0,0
@Ekaterina_Luv,주말에 송도 g타워 전망대 찍고 왔습니다ㅎㅎ,True,@user-ww7bq7kbai,1.0,0
@younilkim6169,"한복이 어째 서양인들이 더 잘 어울린다는 ㅠ,.ㅠ",False,,0.0,0
@김승수-g5w,혹 김건희랑 관련이 있는 건 아니겠지요 ~?  (김건희가 여기저기 안 낀데가 없어서)정부 얘기만 나오면 자꾸 그런 생각이 ~ (캔들워머) 제발! 아니기를 ~,False,,0.0,0
@송원일-x7g,좀 자주 봐요 목 빠지게 기다리는 구독자 많아요,False,,0.0,0
@__________2026,엔젤이네,False,,0.0,0
@nica5973,진짜 쌍둥이 같아요. 아름다운 미녀 쌍둥이~~~,False,,0.0,0
@머여.까불이요,와우 😂 안녕하세요.<br>한국와서니 뼈해장국도 먹고 가요.😅,False,,0.0,0
@청빛편지,"러시아 두 자매의 가을 경복궁 나들이, 보는 내내 즐겁네요. 언니 분은 매우 총명하신 듯, 말하는 것도, 웃는 것도, 먹는 것도 다 보기 좋네요. 가을 궁궐 앞에서 내 남자를 그리워하는 의미있는 한마디, 사랑스럽네요. 올랴님 팬이 되었습니다.",False,,0.0,0
@shk75,한국남자 만나요,False,,0.0,0
@Fred-sw9xg,두분 모두 한복이 너무 잘 어울리네요.,False,,0.0,0
@hi_whelk,와~  이쁘셔요🎉,False,,0.0,0
@davidhkmoon8223,"Wow......!!! Beautiful two angels have come down to the palace...!!! You look much more beautiful &amp; elegant in Hanbok!!! Oh..., your sister wants to live in Korea.... Then, she needs a Korean handsome gentleman as her husband!!! I wish she would achieve her dream through marriage...!!! Furthermore, she can attend a medical school in Korea for a shorter period in order to complement the Russian License, in order to practise in Korea.... Korea may need a medical professional who studied in Russia!  Best luck to you all! 🤩😍👍👍👍",False,,0.0,0
@강프로-x6n,언니 ᆢ 미용실에서 머리도 한번 해주면 좋을것같아요,False,,0.0,0
@백경복-x3j,엄마.아빠 오시면 한국이 최고의 선물,False,,0.0,0
@singkoya,아궁이는 열이 바닥을 골고루 다 덥혀서 뒷편으로 나가는데 건물 돌아가면 뒷쪽에 궁궐이라 이쁜게 만든 굴뚝이 있을거예요,False,,0.0,0
@halfdome1075,외국친구들이 한복 입으면 호빗 영화가 생각난다 뭔가 요정같은 느낌.,False,,0.0,0
@pjh1104p,호빗하니까 호빗족이 더 생각나네 <br>반지의제왕 엘프!!,True,@halfdome1075,1.0,0
@꽃장수改良司家,고운님들 이심니다🎉,False,,0.0,0
@폭탄투척,요즘 한복집만 호황이네~!!<br>다른곳은 죽을맛인데ᆢ<br>암튼!! 선녀두분 나가신다 길비켜~😊,False,,0.0,0
@백경복-x3j,매일 매일 영상 보고싶다. 멋진 언니,False,,0.0,0
@파다닭-b4k,엥 얼굴이 똑 같네 혹시 일란성 쌍둥이? 자세히 조금 다르네 ㅋㅋ,False,,0.0,0
@Ekaterina_Luv,쌍둥이는 아니고 연년생입니다 ㅎㅎ,True,@파다닭-b4k,1.0,0
@박승권-c3k,한국 첫 여행지가 경복궁이네요.. 두분다 한복이 너무 잘 어울리네요^^  좋은 추억 많이 만드세요^^,False,,0.0,0
@Ekaterina_Luv,감사합니다^^,True,@박승권-c3k,1.0,0
@info-k77,굴뚝있잖아요... 오두막이든 기와집이든 굴뚝은 있습니다. 오마이갓! 초중 선생님 우지끈! 고 까지 안갑니다.,False,,0.0,0
@백경복-x3j,언니가 더 멋있다.한국에서 좋은 배필맞났으면,False,,0.0,0
@ucs2836,❤❤❤,False,,0.0,0
@배카고우시다,유튜브각을 마구 뽑아내는구만,False,,0.0,0
@지유나,외국인이 한복입으면 유난히 더이쁨 그냥 천사들 같애,False,,0.0,0
@fjqm92,"한국여성보다 예쁘지는 않아도 한국여성보다 착하고 순수한 러시아 여성이네요. 착할수록 고생이 많은데 걱정이네요. 행복은 잠깐, 불행은 지속인게 인생인데...",True,@지유나,2.0,0
@김서은-k1l,한복이 참 이쁜 옷 같아요 ㅎㅎㅎㅎ 공감합니당(윤하콘서트인천대구부산에서곧해요,True,@지유나,2.0,0
@순둥이-d1l,올랴의 매력은...<br>뽈따구.,False,,0.0,0
@Ekaterina_Luv,🤣🤣🤣,True,@순둥이-d1l,1.0,0
@리이병태,굴뚝은뒤에있지요,False,,0.0,0
@taeseongkim8295,최근 우리나라는 소아과 개원하려는 의사들이 줄어들고 있어서 지방에는 소아과 병원이 많이 부족한데 언니가 우리나라로 와서 소아과병원(의원)을 개원할 수 있었으면 좋겠네요.,False,,0.0,0
@결꿈-h5i,면허 안줘요. 원칙은 외국 의사 면허를 한국 면허로 받으려면 한국으로 귀화 해야만 가능 한데 그것도 한국인들조차 외국 의과 대학 나와서 받은 면허로 한국 면허 받으려고 하니까 한국 의료 협회에서 입에 게거품 물고 방해 해서 잘 안된 걸로 알고 있어요.,True,@taeseongkim8295,1.0,0
@mogirang1,"한복 입으신 모습.. 정말 아름답습니다. 올랴님, 예나님 ♡",False,,0.0,0
@김상우-k6w,어쩌다 이렇게 됐지..서울에서 태어나 35년 가까이 살다가 지방으로 온지 이제 15년 가까이 되어가는데 요즘 유투버 볼때마다 놀람..<br>90말이나 20초때도 우리가 얘기하길..<br>외국인들 진짜 많이 보이지 않냐고 그랬었는데 ㅋ<br>이건 뭐...<br>요즘은 관광지에는 외국인들이 더 많다고 서울 친구눔들이 그러던데 ㅋ<br>.....<br>경복궁 경치 중에 제일 이뻤던 기억은 눈이 조금 많이 내린 날 갔었을때 였음..그리고 야간에 갔었을때..진짜 너무 이쁨,False,,0.0,0
@Ekaterina_Luv,경복궁은 요즘 외국인이 더 많은 것 같습니다.ㅎㅎ,True,@김상우-k6w,2.0,0
@임남주-i2k,엄청순수하시네 ㅎㅎ잘보고가요,False,,0.0,0
@ksh7011,여행하면 남는 것은 추억이고 사진인데 사진 찍는 것은 당연지사.,False,,0.0,0
@asanbravolife1703,이왕이면 기와지붕이 좀더 세련됐으면 합니다만<br>경복궁 기와지붕처럼 ~~ㅎㅎ,False,,0.0,0
@시간여행-b7m,경복궁 청기와 엄청 비싼거에요<br>단가 안맞음<br>자금성보다 비싼 청기와 궁궐을 화려하게 못 짓게해서 저 정도죠<br>화려함과 초라함의 중간이라<br>자금성보다 5년 빠르고 기품있죠  청와대까지 다 경복궁이었다니 지금보다 건물도 많고  훨씬 컷겠죠,True,@asanbravolife1703,1.0,0
@mdk7595,예나러브님은 보기만해도 기분이 좋습니다. <br>멋진 미래를 기대합니다. 사랑합니다.,False,,0.0,0
@Ekaterina_Luv,감사합니다 ㅎㅎ,True,@mdk7595,1.0,0
@adward9,자매분 모두 참 아름답습니다.<br>건강하고 행복한 여행 되세요 ~^^,False,,0.0,0
@Ekaterina_Luv,감사합니다^^ 행복하세요~,True,@adward9,1.0,0
@전재일-i5v,예나. 그거  어디서  살수있나요,False,,0.0,0
@OK-rn5qf,예나님과 언니 한복. 너무 너무 잘어울립니다 두분다 마음이 너무 착하고 순수하시네요 즐겁고 행복한 시간 되시길 바랍니다,False,,0.0,0
@Ekaterina_Luv,감사합니다~^^,True,@OK-rn5qf,1.0,0
@김경남-k2t,천사가~~~경복궁을? ㅎㅎ,False,,0.0,0
@Ekaterina_Luv,🤣🤣🤣,True,@김경남-k2t,1.0,0
@치평-b1h,항상행복하세요,False,,0.0,0
@zenganddaeng5532,대한민국이 전 세계에서 알려졌고 선진국가라고 생각을 합니다,False,,0.0,0
@robertseo7264,분위기 화사하당,False,,0.0,0
@jongseok1624,가베? 왠지 일본스런 느낌인데?? 양탕국이죠 ㅋㅋ,False,,0.0,0
@likeyou7825,한국에서 예쁜 추억 많이 가져가세요~❤😊❤,False,,0.0,0
@괴도루팡3세,항상 응원하고 잘보고갑니다 <br>오늘은 좋은 선물을 하셨군요<br>즐겁고좋은 하루되세요,False,,0.0,0
@Ekaterina_Luv,오늘도 시청해주셔서 감사합니다~😊,True,@괴도루팡3세,1.0,0
@근육돌이밥이,언니가 미인이세요,False,,0.0,0
@구독자-l5r,아궁이 뒤쪽에 굴뚝 있읍니다....굴뚝이 없으면 연기가 어떻케 되겠어요? ㅎㅎㅎㅎㅎ 입구로 연기 나오면 참사죠.....다시 지어야 함...ㅎㅎㅎㅎ,False,,0.0,0
@유성진-d1s,자매가 천사들같네요...넘 이쁘네요,False,,0.0,0
@Ekaterina_Luv,감사합니다^^,True,@유성진-d1s,1.0,0
@abcdefg-m5h5f,언니 하고 좋은 추억 하기 바레요 ^^,False,,0.0,0
@김상우-k6w,놀랍당..내가 놀란건<br>외국 여행중인데도 공부를 한다는거..ㅋ<br>나에겐 있을 수 없는 일😂,False,,0.0,0
@regelbigstar,조내 또똑한 것같음,True,@김상우-k6w,2.0,0
@혜영-f8q,예나님!🍀반갑고 반가워요. 언니분께서 오랫동안 한국에 계시는 동안 골고루 한국의 정취도 느끼시고 소아과 병원도 구경 하심 좋을거 같아 톡 남겼는데~~ 아쉽게 되었네요 제 가족이 운영하는 병원에 한국과 러시아🇷🇺소아과 같은 업종이니 구경도 하시고 가셨으면 좋았을텐데~~ 좀 아쉽네요.😂😂😂,False,,0.0,0
@Ekaterina_Luv,"다음에 여유가 되면 꼭 들러보도록 하겠습니다, 감사합니다~~😊😊",True,@혜영-f8q,2.0,0
@혜영-f8q,@Ekaterina_Luv  👌👍🍋,True,@혜영-f8q,2.0,0
@kings-io5oq,캔들 조명등 방 불을꺼야 제대로 진가가 발휘되는데 홍보 이따구로 할래?? ㅋㅋ,False,,0.0,0
@블루블루-u6q,대한민국을 세계적으로 홍보하는 올랴가족에게 힘을 보탬니다.. 행복하시고 건강하세요...,False,,0.0,0
@Ekaterina_Luv,힘! 감사합니다!^^,True,@블루블루-u6q,1.0,0
@존버스탁,1등 ~~~,False,,0.0,0
@Ekaterina_Luv,"<a href=""UCkszU2WH9gy1mb0dV-11UJg/medal-yellow-first-red""></a><a href=""UCkszU2WH9gy1mb0dV-11UJg/medal-yellow-first-red""></a><a href=""UCkszU2WH9gy1mb0dV-11UJg/medal-yellow-first-red""></a><a href=""UCkszU2WH9gy1mb0dV-11UJg/dv90XtfhAurw8gTgzar4DA""></a><a href=""UCkszU2WH9gy1mb0dV-11UJg/dv90XtfhAurw8gTgzar4DA""></a><a href=""UCkszU2WH9gy1mb0dV-11UJg/dv90XtfhAurw8gTgzar4DA""></a>",True,@존버스탁,1.0,0
@Ekaterina_Luv,"🌸대한민국 관광기념품 공모전 국무총리상 수상🌸<br><br>한국형 캔들워머 &#39;호롱각&#39;은 아래 링크에서 구매하실 수 있습니다.👩‍❤‍👨<br><br>☞ <a href=""https://smartstore.naver.com/ko_our"">https://smartstore.naver.com/ko_our</a>",False,,0.0,0
@팔거리,정말 멋지네요<br>근데 캔들과 조화가 살짝 아쉽네요<br>캔들이 우물 디자인이면 금상첨화 일 듯 합니다,True,@Ekaterina_Luv,10.0,0
@vo3ov-,이쁘네여 이런 거 있는지도 몰랐는데<br>값이 싸진 않지만 하나 주문했심다 ㅋㅋ,True,@Ekaterina_Luv,10.0,0
@잠오시나봐요,홀리!!! 여기서 호롱각을 만나다닠ㅋㅋㅋㅋㅋㅋ저건 정마당이고 저는 옆으로 길게있는(?) 옆마당 가지고있어요!! 캔들향도 향이지만 녹아서 기포올라오는 모습이 예술입니다…😏,True,@Ekaterina_Luv,10.0,0
@슬기로운재활,오??? 저 이거 전에 와디즈에서 구매했었는데 인테리어템으로도 캔들워머로도 너무 좋은 상품이여서 왕추천합니다!!!!이거 실물깡패에요 ...디자인도 디자인인데 무궁화향 미쳤어요....그 뒤로 지인들 선물했었어요 ! 받는 분들 마다 다 좋아하셨었음...여기서 보니 좀 반갑네요 ㅋㅋ 국무총리상?까지 받았었구나,True,@Ekaterina_Luv,10.0,0
@하나둘셋-d8v,"광고제품이여도 선물이라니 너무 스윗해요ㅎㅎ<br>퀄리티가 좋아보이고 지인들에게 선물하기에도 좋아보이네요~",True,@Ekaterina_Luv,10.0,0
