author,comment,is_reply,reply_to,reply_count,is_spam
@Tteokbokqueen,"여러분~ 즐주 보내고 계신가용?🫶<br>내일부터 엽떡 할인한다길래 오랜만에 주말 업로드 했지요🩷<br>엽떡 풀토핑 주문 하자마자 바로 엽떡 사장님한테 확인 차 전화 왔구요..ㅋㅋㅋㅋ다행히도 사장님 목소리는 밝고 기분 좋게(?) 느껴졌습니당🤭<br><br>영상에 엽떡 후회없이 먹는 꿀조합 많이 담아놨으니, 여러분들도 할인 할 때 한번 시켜드세요오❣️<br><br>그럼 남은 주말도 행복하게 마무리하세요🥰🤍",False,,0.0,0
@yumyumtv4362,퀸님 저 기억나요? 유튜브 같이 시작했는데 어느새 56만이 넘으셨네요! 축하드립니다!@ 저도 끈기 있게 했어야 했는데 … 건강하세요😇,True,@Tteokbokqueen,2.0,0
@디디디디디-m2n,광고인가..,False,,0.0,0
@leeyuna3982,"아….. 시켰어요 ㅠㅠㅠㅠㅠㅠㅠㅠㅠㅠㅠ❤❤ 다이어트,,,,,,,,😂😂😂😂",False,,0.0,0
@김태연-j3c5i,난 떡종원이라는 말이 너무웃김 ㅋㅋㅋㅋㅋ,False,,0.0,0
@그냥아무나-r2w,어머 비주얼 너무 곱다 ... 예뻐라 ㅠ,False,,0.0,0
@sonsy84in,엽떡 튀김 안튀겨서 와서 그이후로 안시켜요...너무 열받음,False,,0.0,0
@돌집에가반나,11월11일날 엽떡 사이트 계속 막혀있었고 배달업소는 전부 마감하고 한군데 정도만 장사함 그지같은 할인 행사 왜하냐 어우,False,,0.0,0
@시간의숲-t5v,난 왜 몰랏지 ㅜㅜ,False,,0.0,0
@아니주-p4m,뭔..하루만에 끝나버린 이벤트ㅡㅡ,False,,0.0,0
@짱민수-q1d,나도주문할때 소세지빼고 하는데 ㅋㅋ 맛없음 비앤나를 줘야되는데 좀....,False,,0.0,0
@chana3746,앗 지금봤넹..,False,,0.0,0
@연정이,와 대박 ㅋㅋㅋㅋㅋㅋㅋㅋㅋㅋㅋㅋㅋ,False,,0.0,0
@병형신이유,엽떡 풀도핑 ㄷㄷ;;,False,,0.0,0
@Pichipihi,엽떡 옛날엔 맛있었는데 요즘은 질리더라구요. 익숙해졌나봐요,False,,0.0,0
@나의창업일지-u4t,도지,False,,0.0,0
@so-sweet,이걸 이제야 봤어 ㅠㅠㅠㅠ 그래도 오늘이 지나기 전에 봐서 다행이다.... 엽떡 설치해야지 ㅎㅎ,False,,0.0,0
@moongsoon,항상 영상 잘보고 있습니다❤<br>지하철 떡볶이 리뷰 조심스레 부탁드립니다~,False,,0.0,0
@장성복-k2s,근데 솔직히 엽떡 소세지 개싼마이한 맛은 맞음 걍 있으니 먹는거지 맛있는 소세지는 절대 아님 ㅋㅋ,False,,0.0,0
@s.chikwan,고척동에 백백분식 떡볶이 먹어주실 수 있나요?<br>거의 15년 단골인데 사과x떡볶퀸님 떡볶이랑 맛이 비슷하며 더 단 맛 입니다!<br>떡볶퀸님이 드시는 모습 보고 싶어요!!,False,,0.0,0
@mxnuwn2,꺼져,False,,0.0,0
@쿠쿠루삥뽕-s1t,아니 이정도로 진심인분한테 엽떡 협찬안하고뭐하냐,False,,0.0,0
@귀여니-h3x,퀸님 옥이떡볶이 바로옆가게 영달아저씨 빵집도 다시 한번 옥이 가시면서 빵과 떡볶이조합으로 리뷰가능하실까요 사장님이 장사를 옮기려하고계세요 요근래 악성고객이 있었나봐요. 찹쌀꽈배기등8개만원에 빵들도알차고떡볶이랑잘어울려요..한번 도와주시면 큰힘이되실것같아요 😢😢😢,False,,0.0,0
@sue4628,분모자가 없다니....(털썩),False,,0.0,0
@민영-p5o,와 살 존나 찌겠다..,False,,0.0,0
@dinosnc7644,아 이렇게 해보고 싶은데.. 와이프가 등짝 때릴 거 같은데.. 어떻게 하지.. 저지를까 말까 -0-;,False,,0.0,0
@Cat-Human,길티플레져ㅋㅋ죄짓는기분든데ㅣㅂㄱㅋㅋ,False,,0.0,0
@leeinhee12,아니사장님ㅋㅋㅋㅋㅋ 서비스 안주셧나..ㅋㅋㅋㅋ 저정도 시키면 서비스 겁나 나가야할거같은데😂😂😂,False,,0.0,0
@hasasona,이틀동안 정말 죽는 줄 알았다<br>(1998~2024),False,,0.0,0
@MrParkjaejung,로또 되면 이렇게 한번 먹어보고 싶네요 ㅋㅋㅋ,False,,0.0,0
@panther9238,풀토핑이 아니라 풀도핑인것같은데 ㅋㅋㅋ,False,,0.0,0
@euns970,이게 바로 ㄹㅇ 찐...,False,,0.0,0
@JJ-hs8xd,그래서 사장 전화온 부분은 왜 안나오는데,False,,0.0,0
@감자-chip,배민은 할인 안하나요??,False,,0.0,0
@myam.y.a,하남에 나도미라고.... 되게 오래된 즉석떡볶이 동네맛집이 있어요 국물이 진짜 깊은 정말정말 맛있는 집인데 기회되면 한번 가주세용😊,False,,0.0,0
@혁푸드Hfood,선플달기 챌린지)<br>안녕하세요 🤍<br>보는내내 눈과 귀가 행복한 영상 만들어주셔서 잘 보고 갑니다 오늘 하루도 행복하고 웃음만 가득한 하루 보내세용 긴글읽어주셔서 감사합니다 &gt;&lt;☺️,False,,0.0,0
@lowslow2948,이분은 어떻게 살이 안 찌시죠 ㅠㅠㅠㅠ,False,,0.0,0
@myjoo8954,베이컨이 없다니요🥓😭,False,,0.0,0
@성공-b8x,떡볶이를 이렇게나 먹는데 왜 살이 안 찌죠??,False,,0.0,0
@nosananolife2047,양양에는 엽떡이 없어요..😂 근데 얼마 전 응급실떡볶이 생겨서 일주일에 2번은 먹어요!,False,,0.0,0
@얼걸,원주 자유시장 떡볶이 한번 방문해주세요! 사장님들이 장사하기엔 지하라서 환경이 안좋은데 더 발전해서 개선되었으면 좋겠어요!,False,,0.0,0
@Baro_K,4일전 다음영상이 이건데......<br>랜덤박스 다음영상 마렵네;,False,,0.0,0
@noahhowardmarshall,이분 왜이렇게 귀여울까,False,,0.0,0
@twjf7sh8hd,와 죽이네ㅋㅋㅋㅋㅋㅋ,False,,0.0,0
@joshuakimmich32,이야 대단하네요<br>엽떡 아직 한번도 않먹어봤는데 ㅋㅋ<br>저같은사람또있나요?,False,,0.0,0
@y_e_o_n_o,와우 보는 내가 배불러졌당,False,,0.0,0
@HANCHO-j4w,요아정보다보니 이게 혜자로느껴지네요,False,,0.0,0
@므라노-p4u,님들 요즘 엽떡양 줄엇음?,False,,0.0,0
@꽃선비-c3s,"<a href=""https://www.youtube.com/watch?v=cHYRigMqY9U&amp;t=88"">1:28</a> 알러지나 소분때문에 따로 주문한 거면 어쩌려고 저렇게 담아줌? 차라리 연락을 해서 물어보든가 했어야 하는 거 아님? ㅋㅋㅋ; 음식 팔면서 너무 마인드가 대충인 것 같은데... 이번에는 컨텐츠였으니까 그냥 넘어가진 거지 다른 사정이 있었던 거면 100% 컴플레인 들어갔음;",False,,0.0,0
@이제는덕질없다,그럼 주문요청에 알러지있다고 말을하던가 ㅋㅋ 평소에 저따구로 주문하는 손님이 누가있다고<br><br>컴플레인같은소리한다 ㅋㅋ 저토핑 배달용기에 다들어가지도않는데 그럼 비조리상태로 포장해주리??,True,@꽃선비-c3s,3.0,0
@yubbbbi.,피곤하게 사네,True,@꽃선비-c3s,3.0,0
@user-chggggg,영상에서도 넘칠까봐 배려해주신거 같다고 나왔는데 오히려 사장님 입장에선 같은 번호인거 체크하고 신경써준걸수 있잖음 만약에 진짜 알러지 같은게 있는 경우라면 따로 요청사항에 적어야죠,True,@꽃선비-c3s,3.0,0
@seok.e_48,저도 엽떡 소세지는 친구한테 양보해요... 저렴이 맛 ㅠ 엽떡 안에 파가 진짜 맛있는데,False,,0.0,0
@ililllliiil,셋팅하느라 다 식었겠다,False,,0.0,0
@콩뷰토벨라표르트,근데 이분 머지않아 당뇨 걸리실거같은데..,False,,0.0,0
@코코-e6b,엽떡은 미원이 넘 많이 들어가서<br>먹다가 물리던데,False,,0.0,0
@eigjfjsnxhso,기본엽뗙 <br>중당+치즈 <br>참치마요주먹밥 <br>유부토핑<br>엽봉<br>바샥치즈만두,False,,0.0,0
@shengai4615,잘보고 있습니다 대리먹방 감사합니다ㅠㅠ<br>엽떡 먹고 온 몸에 알레르기 일주일이상 고생하니 못 먹겠더라고요 <br>엽떡에 너무 많은 조미료와 첨가물이 있어서 뭐가 원인인지도 모르겠더군요<br> 건강 조심하세오!,False,,0.0,0
@별이-l2x4v,저게 7만원..?,False,,0.0,0
@망컁컁,토핑 진짜 잘 쌓았다,False,,0.0,0
@bibimbam_553,"9900원 할인이래서 시켜먹었는데 마지막으로 먹은게 거의 7년 전이라 그런가 맛이.., 달라진 거 같고 이상해요ㅠㅜㅠㅠ 괜히 시켰다 싶은...",False,,0.0,0
@NMH_523,눈나 제발 저랑 사겨요 제발,False,,0.0,0
@Matnyangnyang,가디건 어디꺼에요?,False,,0.0,0
@김재훈-n6h2q,저 학교에서 학교 교내행사?같은거로 엽떡 로제 먹기로함 ㅋㅋ,False,,0.0,0
@user-ou8cn3pg5w,엽떡 소시지 어느 순간 맛 변하지 않았어요? 원래 좋아했는데 언제부터인지는 모르겠지만 급 싸구려 맛 나던데..,False,,0.0,0
@user-yi7yo7tf1e,떡볶이 식는거 나만 안타깝나;;;;,False,,0.0,0
@lily-lh6qk5lf6r,떡볶퀸님. 혹시 호랑이떡볶이도 드실수 있으신가요? 튀김에 기대가 없으시다하여서 추천드립니다. 떡볶이는 신전과 크게 다를거 없는데 거기는 튀김에 진심입니다,False,,0.0,0
@eagle0775,앱이안되요ㅜㅜ,False,,0.0,0
@시은-v7k,퀸님 가디건 어디껀가요? 딱 제가 찾던 컬러랑 핏이에요ㅠㅠ,False,,0.0,0
@gag0301,오늘부터 할인한다고 해서 시켜먹었는데 이렇게 영상이 올라왔네요 나중에 바삭치즈만두랑 유부+참치마요도 시켜먹어봐야겠어요,False,,0.0,0
@한나뿌,개인적으로 이번 엽떡데이 9900원 이벤트는... 그냥 4100원 사이드 추가 무료 이벤트라고 봐야 ㅠㅠ<br>4100원 이상 시켜야된다고 작은 글씨로 써놓은 것도 별로라 걍 포장할인만 받는게 더 나은거같아요 🥲,False,,0.0,0
@twobyeonggeon25,ㄹㅇ,True,@한나뿌,1.0,0
@제크-b8h,"와 사람의 입맛이 이렇게 달라요ㅎㅎ<br>저는 별로라고 하신것들이 다 좋아요 &gt;_&lt;<br>여러분! 마라못드시는분 계시죠??<br>전 마라향을 너무 싫어해요ㅠ마라 고수 못먹음ㅠ<br>근데 마라엽떡시키면 들어있는 토핑들은 또 너무 좋아요ㅠㅠ<br>저같은 사람의 꿀조합 : 엽떡로제 오리지널맛(일반엽떡도 괜찮음)+<br>중당+우삼겹+유부+콘마요 / with 순대(엽떡순대 늠 맛있어여ㅠ)<br>+오징어튀김 +바삭치즈만두 진짜 개핵꿀조합 입니다.<br>로제국물에 콘마요살짝 떡 유부 우삼겹 한방에 때려 먹으면 극락가세요ㅠ",False,,0.0,0
@whblithe,이벤트 혹시 엽떡 앱에서만 가능한건가요?!?!,False,,0.0,0
@쭈리-w6c,이야~~ 예술이네요!!,False,,0.0,0
@user-a-v-hamchi-ball,떡볶이가 낳은 최고의 유튜버,False,,0.0,0
@펭우-t9f,"하아 어제 이 영상 보면서 엽떡 먹을 생각에 오늘 하루를 버텨왔는데 못먹게 됐어요ㅠㅠㅠ<br>앱은 계속 튕겨서 주문도 안 되지, 그래서 배민 들어가봤는데 다 막혀있지, 지점에 직접 전화 걸었는데 받지도 않으시지… 정말 너무 속상해서 여기에라도 적어봅니다ㅠㅠㅠㅠㅠㅠ 앱 계속 튕기고 이러면서 뭘 이벤트를 한다고…ㅠㅠ",False,,0.0,0
@oneul-2day,떡볶퀸님 메가커피에 떡볶이 나온거 아십니까…,False,,0.0,0
@hiaron6407,보고만 있는데 배부르다...,False,,0.0,0
@bgobgo1996,오늘 엽떡데이 네요,False,,0.0,0
@BroccoliKim,니트로도 마름이 숨겨지지 않을 정도는 진짜 엄청나게 깡마른 거 아니고서는 불가능한데… 떡볶퀸님은 떡볶이를 저렇게 많이 먹고도 엄청 저렇게 슬랜더시지. 그런 날씬하고 보통 사람들 마른 정도가 아니라 연예인처럼 깡마름;;,False,,0.0,0
@Dreamer-z8n,소시지 안챙겨줘서 서운행,False,,0.0,0
@yoojjin,떡볶퀸님 영상은 한결 같아서 너무 좋아요...,False,,0.0,0
@쁘띠-y4j,엽떡 어플 안열려요ㅜ,False,,0.0,0
@Si_yun0093,제발.. 영상을 내려쥬세요..<br>오늘 주문이 너무 많이들어와서 힘들어 죽겠어요…(엽떡알바올림),False,,0.0,0
@nick_name1234,엽떡 소세지 ㄹㅇ 노맛임,False,,0.0,0
@brownyshark,어플사용해야 저가격이라 굳이 안먹을듯..,False,,0.0,0
@이윤서-w7t5d,아 주말알바라 다행이다..,False,,0.0,0
@Amigo_Traveler,알바생 생각하니 내각 눈물이 다 난다ㅎㅎ,False,,0.0,0
@8B1026,"<a href=""https://www.youtube.com/watch?v=cHYRigMqY9U&amp;t=568"">9:28</a> 여기서부터 찐텐나옴ㅋㅋㅋㅋ 가볍고 길게 보는 구독잔데요 이정도면 인정해줘야함 이언니 왜 초반에 욕먹엇는지 아직도 모를일임 고집있게 가십시오 ...",False,,0.0,0
@먹마꾼,진짜 엽떡 끊는 방법 좀.. ㅜ 넘 맛있쥬 😮❤,False,,0.0,0
@이정민-t2j,떡복퀸님 제발 2인엽떡에 콘마요 한번만 넣어서 드셔주세요 ㅜㅜㅜㅜ 이거 저만 알기 아까워서 알려드려요 ..,False,,0.0,0
@때랙,얼굴안보이는데 광끼가 느껴진닼ㅋㅋㅋㅋㅋㅋㅋㅋㅋㅋ,False,,0.0,0
@yoon4247,엽떡앱 서버 관리 개판이네..,False,,0.0,0
@날보면똥이마려워,저만 그런 게 아니었군요...,True,@yoon4247,1.0,0
@개구린개구리-n8n,엽떡 주방 알바생인데 보기만 해도 끔찍합니다ㅠㅠ,False,,0.0,0
@김김김-b6u,엽떡소시지는 약간 분홍쏘시지와 뽀득소시지의 중간같은 느낌인데 나름대로 매력이 있긴 함 ㅋㅋㅋㅋ 물론 난 뽀득소시지가 더 좋음...,False,,0.0,0
@드리미-l2h,늘 떡볶이에 진심이면서 좋은 정보를 알리는 떡볶퀸님 응원할게요. 이번 정보도 유익한 것 같아 잘 기억할게요!,False,,0.0,0
@ryujeje89,이게 노광고 라구요????,False,,0.0,0
@Dmension-r1h,엽떡케이크 진짜 최고입니다❤ 케이크안좋아해서 풀토핑엽떡대신받으면 기뻐서눈물날거같아요ㅋㅋㅋ 소시지가 맛있진않은데 추가해서 시키면 엽떡맛이 더 풍부해지는거같더라고요?,False,,0.0,0
@ilovebiodiversity,떡볶이 일케 많이 드시면서 날씬한게 신기❤,False,,0.0,0
@-khai8887,"<a href=""https://www.youtube.com/watch?v=cHYRigMqY9U&amp;t=143"">2:23</a> 아니요! 이렇게까지 하는 사람은..유튜버중에 가 아니라..그냥 퀸님이 최초일껍니다..<br>제가 치킨집에다 떡볶이만 시키는 사람(응?)은 봤어도..<br>디저트카페에서 떡볶이만 주문하는 사람은 봤어도.. 이건 처음봅니다..ㄷㄷ<br><a href=""https://www.youtube.com/watch?v=cHYRigMqY9U&amp;t=222"">3:42</a> PD님!! 들으셨죠?! 이 채널의 오너 생일선물은 고민이 필요없습니다!! <br>(뭐..물론...최고의 선물은 안먹어본 떡볶이..일테지만..)<br><a href=""https://www.youtube.com/watch?v=cHYRigMqY9U&amp;t=647"">10:47</a> 저기..퀸님!! 퀸님 채널에 PD님들이 3달만에 7Kg가 쪘다는 썰이 있던데..사실인가요?!",False,,0.0,0
@GreenMonsterBite,해외살아서 엽떡 한번도 안먹어본 사람 이걸 왜이리 열심히 보고 있는건지,False,,0.0,0
@만냐냐,아침에 보고 호다닥 쿠폰받음,False,,0.0,0
@Imaginekor,아 플렉스 하고 싶다,False,,0.0,0
@흑둥이,9900원 할인 조건이 추가로 4100원 더 시켜야 하는데 뒤에 100원 킹받네..,False,,0.0,0
@kiwijo8434,내 최애튀김 바삭이랑 오징어❤,False,,0.0,0
@LXXX_U,"<a href=""https://www.youtube.com/watch?v=cHYRigMqY9U&amp;t=142"">2:22</a> 부산여행가서 이런 기념품 사오는사람 첨봐",False,,0.0,0
@jdechung8011,엽떡은 야채튀김이 맛있음...오뎅튀김도 은근 맛있음...ㅠㅠ요즘 먹는거 물가가 너무 올라서 엽떡세트가 오히려 싸게 느껴짐❤,False,,0.0,0
@YJ-rb8tk,보자마자 어플받아 가입하고 쿠폰 받았어요 감사해요! 😊,False,,0.0,0
@eocns,부탁 하나 드려도 될까요?<br>7살 아이와 함께 영상을 봤는데 존맛탱이란 말이 무슨말이냐고 물어서 좀 당황했어요~<br>그래서 그냥 &quot;예쁜말은 아니니까 모르는게 좋아&quot;라고 대답은 해줬는데....아이들이 많이 볼수있는 채널에 비속어의 준말인 존맛탱은 좀 지양하셨으면 하는 바람이 있네요~,False,,0.0,0
@touchid6977,YouTube는 어린이용이 아니랍니다.. 아이한테는 YouTube Kids가 맞겠지요..,True,@eocns,5.0,0
@mingsiro,어휴..,True,@eocns,5.0,0
@yoon4247,"학교생활 하던 삶을 살아가면서 비속어든 친구나 사회생활 하면서 줄임말이든 자연스럽게 다 접하게 되어있습니다. 그 단어 하나 모르게 한다고, 아이 인성교육에 영향이 미칠까요? <br><br>그 단어가 명확하게 무슨 단어인지 어떤 상황에 쓰이는 단어인지 알려주고, 대체할 단어를 알려주시면 됩니다.  <br>윗 댓 말씀대로 유튜브는 어린이용이 아닙니다.",True,@eocns,5.0,0
@Rurullea,이런 사람이 진상 부모 되는 거구나....,True,@eocns,5.0,0
@dk1434,진짜 이런 사람이 있긴 있구나…나는 이런 부모가 되지 말아야지📝,True,@eocns,5.0,0
@macaroni_43,원하는 조합이 있을텐데 왜..자기맘대루....조합을 나눠서주는거야...ㅠㅠㅠ,False,,0.0,0
@ttls123l8,알바생 울고싶겠다아 ㅜㅜ,False,,0.0,0
@eunujung7322,우아 꼭 먹어야겠네요,False,,0.0,0
@키티-r4v,엽떡 오징어튀김 맛있는데 ㅠ 오징어 꿔바로우 느낌임 존맛탱 추천,False,,0.0,0
@zn0101-j9n,떡볶이는 먹어도 먹어도 질리지 않아!!🫠🫠,False,,0.0,0
@유미살앙,목소리 너무 이뻐욧,False,,0.0,0
@수잔-k6s,광기가 느껴져요 ㅋㅋㅋㅋㅋㅋㅋ,False,,0.0,0
@user-yg5ok9yz3h,방금 엽떡앱 들어가서 쿠폰은 다운받았는데 쿠폰함은 안들어가지고 로그인은 로그아웃되고 에러뜨고 서버 난리남..,False,,0.0,0
@안한다고안해색갸,나눠담으면 그걱이야기를해야지 사장개졎대로네,False,,0.0,0
@하늘이시여-n5q,엽떡 소세지....<br> 퍼석퍼석한 하급 소세지 맛이란건 사실 아닌가?,False,,0.0,0
@동동이야,저는 맨날 중당에 베이컨 추가해서 꼭 주먹밥도 같이시켜 먹어요. 숟가락에 떡오뎅올리고 양배추에 베이컨 딱 포개서 한입하면 진짜 그곳이 극락.. 주먹밥 국물에 적셔서 중당이랑오뎅감싸서 베이컨포개가꼬 한입 딱 하면 아 침나와... 내일은 무조건 엽떡엽떡🎉,False,,0.0,0
@iijhsdfehhvvnksl23,엽떡에 튀김 개좆노맛됨 ㅜㅜ… 넘 아쉽..,False,,0.0,0
@himdeuninsang,"제가 하고 싶은걸 하셨네요 대박,, 나도 저런 어른이 되어야지",False,,0.0,0
@대댣가어,으아  하필이면 11시에  이걸보는나,False,,0.0,0
@ElliewithMom,낼 월요일이다...영상보고 힘낼게요...,False,,0.0,0
@az_the_love,아니진짜 이거 반칙이에요.... 떡볶이 안먹은지 1년 아.. 떡볶이 마려워지네요,False,,0.0,0
@제이서니,떡볶퀸님 메가커피에 떡볶이 나온 거 궁금해요!,False,,0.0,0
@hellohyel,김밥대장이랑 떡볶퀸이랑 한번 만나보면 좋겠닼ㅋㅋㅋㅋㅋㅋㅋㅋㅋ,False,,0.0,0
@zenj-g2z,보기만 해도 짜다,False,,0.0,0
@째잘째잘-e6c,떡볶퀸님 영상은 목소리+떡볶이 때문에 대리만족하러 보러 오는 거 같아요☺️,False,,0.0,0
@kse3c,ㅎㅎㅎ 내일이구먼,False,,0.0,0
@DDol_Pan555,떡볶이는 안먹지만 파격적인 제목과 썸네일에 홀려 들어왔습니다,False,,0.0,0
@최돈철청주소문난부부,🎉🎉🎉🎉🎉,False,,0.0,0
@zeeguegg,금별맥주 떡볶이 존맛탱이에요ㅠㅠㅠㅠㅠㅠㅠㅠㅠㅠㅠ꼭 드셔주세요,False,,0.0,0
@olivialee6857,진정한 플렉스 👍🏻👍🏻,False,,0.0,0
@philos7kos47,"떡볶이! 특히 저도 엽떡을 너무 좋아하는데요.<br>엽떡 뿐만아니라 떡볶이 시켜먹을 때마다 쓰레기가 너무 많이 생겨서 불편함이 있어요.<br>쓰레기 없이 떡복이 포장 또는 배달 해 먹기.<br>다회용기 배달 이용법도 알려주실 수 있나요?<br><br>많이 사용할 수록, 많이 알려질수록<br>더욱 용기내서 사람들이 쉽게 사용 할 수 있을 것 같아서요!<br><br>떡복이 종류따라 사이드 따라 적당한 용기도 추천해주시면 너무 도움 될 것 같아요!",False,,0.0,0
@홍기마누라,뿔어서 당면부터 조져야죠!😮,False,,0.0,0
@GomGom-E,"와,, 진짜 작품이다",False,,0.0,0
@mandheling1,결론: 할인 받은금액을 토핑으로 채운다 🐷😘,False,,0.0,0
@subuticho5014,해보면 암. 아 이 분이 진짜 즐기면서 컨텐츠 만들고 시청자가 자신이 느끼는 음식의 기쁨 같이 느끼길 원하는지. 잘 봤습니다. 그대로 시켜서 먹는데 아내가 너무너무 좋아하네요. 감사합니다.,False,,0.0,0
@해솔-d4p,내일 시키시지.. ㅜㅜ,True,@subuticho5014,1.0,0
@이그니젬,10인분이 넘는듯한데.. <br>풀토핑 생각만해봣는데 <br>실제로 이렇게 보니 대단하긴하네요<br>촬영끝나고 스탭분들 배터지게 먹엇을듯...<br>(어디선가 살 찌는소리...),False,,0.0,0
@capmtr,사심 채우기 ㅋㅋ,False,,0.0,0
@핵토리-q9e,ㅋㅋ제대로 플렉스 하셨네요ㅋㅋㅋㅋ,False,,0.0,0
@뮤즈-l9k,뚜껑에 치즈찍힌게아니라 치즈에 뚜껑찍힌게 보고싶으셨다니,False,,0.0,0
@sigel1981,와 부럽다...<br>저렇게 먹고 싶은대 저렇게 주문하려면 일본에선 만5천엔 들어가겠네...,False,,0.0,0
@sanmoru5863,비쥬얼 미치네요,False,,0.0,0
@김두한1972,대식가님의 플렉스 ㅋ,False,,0.0,0
@frack1,진짜 볼때마다 느끼는건데 누님 도대체 이런 고칼로리 드시면서 어케 체중조절을... 운동을 얼마나 빡세게하시길래.. ㄷㄷ,False,,0.0,0
@푸히푸,매 끼마다 저런거로 푸파하는거 아닌이상은 안찌고 몸무개 유지 가능해여,True,@frack1,5.0,0
@kang910526,"에이징커브 오기전 까지 말랐으면 무난하게 가능하고요, 그게 아니묜  당연히 윗분들 말 처럼 먹을 때만 먹고 평소엔 절제하겠죠 그것도 아니면 깡마른 체질이거나요",True,@frack1,5.0,0
@user-bv4gt1vk2k,칼로리만 문제가 아니라 나트륨 섭취량도 엄청나서... 여러모로 건강관리 빡세게 하셔야 하는데,True,@frack1,5.0,0
@선가용,@@성이름-p9n9f진짜 부러워요..😂,True,@frack1,5.0,0
@Guest-f2z,많은 양을 먹지 않으면 그렇게 많이 찌지 않아요,True,@frack1,5.0,0
@정신이-p3k,오늘엽떡시켰는데 아쉽다,False,,0.0,0
@sjfmeifdjcis,보는 것만으로도 매워요 ㅋㅋ 매운걸 잘 못 먹어서 잘 드시는 게 부럽네용,False,,0.0,0
@레몬유자차맛있엉,엽떡 할인 4일간 11만명이에요 아니면 1일단 11만명 4일간이에요?,False,,0.0,0
@포트리스,역기떡기 사먹어야겠다 내일,False,,0.0,0
@sexmaster,"과연, 엽떡마스터",False,,0.0,0
@어쩌나-w3s,배달음식  먹고난후에  저  용기쓰레기들...  마음이 불편 해져서  배달 단절 했습니다..,False,,0.0,0
@곽철이,저는 그래서 요즘 용기 들고가서 포장해여🥹,True,@어쩌나-w3s,1.0,0
@카페인-h8o,모둠튀김 바삭치즈만두 계란찜 시켜야지🎶,False,,0.0,0
@화이즈-y8e,저두...! 엽떡 소시지 좀 불호에욤 친구들한테 다 양보한다쥬ㅎ 언니랑 이런 소소한거라도 비슷하니까 괜히 좋네요,False,,0.0,0
@카운터료-u8d,떡볶이계의 bbq 교촌이라 생각하는 엽떡 한번도 먹어본적 없네요,False,,0.0,0
@리치부자-i7x,ㅋ 엽떡 모둠튀김은  만두2김말1야채1로 예시로 든 다른 곳보다 적으니 가격이 그렇게 나오는건데...😅😅 가성비 있다고는 잘...?<br>다른 토핑 리뷰는 잘봤어요~🎉,False,,0.0,0
@gazelle5984,와 진짜 플렉스다 먹을 수 만 있으면 저렇게 시켜보고 싶다 ㄷㄷ,False,,0.0,0
@레콘맨,떡볶이란 뭘까 ㅋㅋㅋ,False,,0.0,0
@도토리치킨,엽떡 한번도 안 먹어본 1인... 첫경험을 이렇게 도전해볼까요??ㅋㅋㅋ,False,,0.0,0
@dusiwjhd,보면서 혹시나 했었는데 역시 베이컨치즈 올리시기 전에 살짝 녹이셨군요 ㅋㅋㅋㅋㅋㅋ,False,,0.0,0
@honghong-y7p,"누가 떡볶이에 미친 사람을 물어보거든, 고개를 들어 떡볶퀸을 보게 하라",False,,0.0,0
@hnhh-e7sh,떡-멘🙏,True,@honghong-y7p,1.0,0
@insunghan7120,엽떡 먹어보고 싶다,False,,0.0,0
@또라또링,하 요즘 엽떡 너무 땡기는데..... <br>혼자 못먹가도하고 살찔까봐 핫도그랑 커피먹고(그거나 그거나긴한데..)<br>영상 보고있는데 진짜 핵땡겨요,False,,0.0,0
@dvncewitme,아니 7만원이 나오네요… ㅋㅋㅋㅋㅋㅋㅋㅋ,False,,0.0,0
@malang4510,이정도면 슬슬 떡볶이가 질릴만도 한데 떡볶이를 대하는 낮아지지 않는 저 텐션이라니😂,False,,0.0,0
@2345pok,엽떡 브이아이피 같은데,False,,0.0,0
@홍주연-r5w,ㅎㅎ저녁메뉴는엽떡이였는데ㅋ<br>이좋은정보를놓칠수는없지요 껄껄ㅎ<br>감사합니다♡♡♡♡,False,,0.0,0
@_matchacha,아이고 사장님 전화라도해서 나눠담아도될지 물어보시지 아쉽네용,False,,0.0,0
@dskim8075,ㅋㅋㅋㅋ 정말 케이크 이상이군요,False,,0.0,0
@김수현-g8i5d,가게해서 엽떡풀토핑이란 메뉴자체로 내세요 .. 이름 최곱니다.. 대박낳거임,False,,0.0,0
@샤크-g9l,풀토핑 와우 ㄷㄷㄷ,False,,0.0,0
@가을-r9g,이게 어른의 플렉슨가,False,,0.0,0
@가면맨-h9d,엽떡 떡이고 오뎅이고 진짜 싼마이중에 개씹싼마이,False,,0.0,0
@서프리카,누님 저도 한입만🤤🤤,False,,0.0,0
@마뫄바보,이게 진짜 광기입니다.,False,,0.0,0
@yongha0107,이정도면 엽떡에서 광고 영상으로 제작해도 되겠어요 😂😂,False,,0.0,0
@goddom1,세숫대야 미쳤다,False,,0.0,0
@Darkbee11,마라 맛있대서 먹어봣는데 평생먹을 마라 다먹은느낌 너무질림 ㅋ,False,,0.0,0
@sanyo7942,저두요 ㅠㅠ,True,@Darkbee11,2.0,0
@하하하-b8s4r,맛은 있는데 심하게 짜더라고요..,True,@Darkbee11,2.0,0
@두둥-f3l,아니 우삼겹을 패스하다니!!!!!!!,False,,0.0,0
@Kimkitae755,사장님이  빠트리는거  생길꺼같아요,False,,0.0,0
@qlgod12,떡볶이였는데 토핑하니 떡볶이가 없어졌네ㅋㅋㅋ,False,,0.0,0
@AAS1204,한 10인분 되려나 ㅋㅋ,False,,0.0,0
@yongkoon9096,유튜브중에... 떡볶이에이렇세나 진심인분이 떡볶퀸님밖에없어요 ㅋㅋㅋㅋㅋㅋㅋㅋㅋㅋㅋㅋㅋㅋㅋㅋㅋㅋㅋㅋ,False,,0.0,0
@김유주-f2j,맞아욬ㅋㅋㅋ 진짜 떡볶이에 진심이신게 느껴져욬ㅋㅋㅋ ㅎㅎ 너무 재밌어요.ㅎㅎ(오늘윤하신곡3곡나왔어요,True,@yongkoon9096,1.0,0
@브즈그,칼로리 대폭팔,False,,0.0,0
@gondooseouda,안그래도 엽떡에 모둠전 조합 생각하고 있었는데 감사합니다,False,,0.0,0
@wooseung,오오 이번에는 모든 토핑들의 추천도를 다 알려주셨네요!! 내일 바로 할인가에 맞춰 시키러갑니다!!,False,,0.0,0
@뀨잉뀨-x9u,히익 덕분에 엽떡 이벤트 알게되엇어요!!! 감사합니당😊😊,False,,0.0,0
@수연-u1r,앞으로 수능까지 4일 남은 현역 고3이… 꼭 수능 끝나면 엽떡을 먹겠다는 마음으로 버티고 있습니다 …ㅠ<br><br>+ 수능날 무난히 괜찮게 보고 저녁에 엽떡에 치킨 먹었답니다 :),False,,0.0,0
@dajin8952,3년 전에 수능 보고 당일날 엽떡 사먹었었는데 수능 끝나고 나서 일주일 정도인가 수험표 할인 하더라구요 이번에도 핳 지 모르겠는데 수험표 잘 챙겨두시고 할인 받아서 드세요 수능 파이팅이에요🍀🍀🍀,True,@수연-u1r,5.0,0
@러스티로즈,​@@dajin8952굿굿,True,@수연-u1r,5.0,0
@dvncewitme,@@epswl너 업보빔 맞아 그러다 ㅉ,True,@수연-u1r,5.0,0
@택이-u6f,사주고싶다..,True,@수연-u1r,5.0,0
@rimo9889,화이팅해라,True,@수연-u1r,5.0,0
@이겜망,진짜 부자만 먹을 수 있겠다 조합 가격이,False,,0.0,0
@볼빵빵햄스터-t4w,마침 엽떡 땡겼는데!! 좋은 정보 감사합니다 ❤,False,,0.0,0
@이지은-v4p1p,어떻게 살이 안찌세요?,False,,0.0,0
@user-j019,심지어 떡인데 신기..,True,@이지은-v4p1p,4.0,0
@yangsub5804,영상을 매일찍는건아니니 평소엔 식단관리하면서 운동하고 영상찍을때만 저렇게먹으면 안찜 ㅇㅇ,True,@이지은-v4p1p,4.0,0
@123-k6h2o,영상이 매일업로드되는것도 아니고 매일퍼먹으면 살찌죠 당연히 ;;,True,@이지은-v4p1p,4.0,0
@태그,그래도 비유튜버보다는 많이 드시는 편인데 그냥 놀라워할 수도 있지 되게 눈치주네,True,@이지은-v4p1p,4.0,0
@정현영-u1j,큭😂😂😂메뉴봐 역시 떡볶이퀸씨 ❤❤🎉🎉🎉👍👍👍👍👍,False,,0.0,0
@Tteokbokqueen,"여러분~ 즐주 보내고 계신가용?🫶<br>내일부터 엽떡 할인한다길래 오랜만에 주말 업로드 했지요🩷<br>엽떡 풀토핑 주문 하자마자 바로 엽떡 사장님한테 확인 차 전화 왔구요..ㅋㅋㅋㅋ다행히도 사장님 목소리는 밝고 기분 좋게(?) 느껴졌습니당🤭<br><br>영상에 엽떡 후회없이 먹는 꿀조합 많이 담아놨으니, 여러분들도 할인 할 때 한번 시켜드세요오❣️<br><br>그럼 남은 주말도 행복하게 마무리하세요🥰🤍",False,,0.0,0
@yumyumtv4362,퀸님 저 기억나요? 유튜브 같이 시작했는데 어느새 56만이 넘으셨네요! 축하드립니다!@ 저도 끈기 있게 했어야 했는데 … 건강하세요😇,True,@Tteokbokqueen,2.0,0
@강민-c1g,재밌네 ㅋㅋㅋㅋ(아직안봄),False,,0.0,0
@user-pt6uf1kx2g,1,False,,0.0,0
