author,comment,is_reply,reply_to,reply_count,is_spam
@LiliesSleepingintheNightSea,동덕떡대,False,,0.0,0
@user-dl8di1ce8r,아나 필수로 다뤄야하는 이유,False,,0.0,0
@Kim_kyung_ho,에당 아자르가 아니라 해저드인거보니까 존나 구리겠네,False,,0.0,0
@Um_999isd,요즘 호감작 잘하네 복귀각인가,False,,0.0,0
@jong_20,약간 그거 닮았다 사이버펑크,False,,0.0,0
@user-ci2ru5ty7c,카직스 아닌교ㅋㅋㅋㅋ,False,,0.0,0
@qooper53,얘도 트랜스젠더 어택헬리콥터 게이 인가요 ?,False,,0.0,0
@Man10238,왜 아동용 게임이 돼가냐,False,,0.0,0
@고딩비늘이,&quot;둠피스트 상위호완 등장&quot;,False,,0.0,0
@다난-y1c,저런 탱커면 뒤 안보고 돌진하다 아군 뒤치기로 적군한테 다털리고 탱혼자 남아서 아군한테  이 만큼 해주는데  님들 뭐해 시전할듯 ㅋㅋ😂😂,False,,0.0,0
@chang5315,솔직히 아트보고 망했다 싶었는데<br>캬 스킬셋 예술이네 개재밌겠다,False,,0.0,0
@잉크0911,등에 싼데 비슷한것도 달려있고 인트로도 사펑같고... ㅈㄴ마렵다,False,,0.0,0
@DhxjdjsSjsisi,"블리자드 감살았다 진짜로  저 신캐로 딱 퀸,주노메타 슬슬 사그라들듯",False,,0.0,0
@whyjs6738,한번 해봤는데 트레일러 편견이랑 다르게 생각외로 재밌고 적응되면 훌륭한 탱커가 될 것 같다,False,,0.0,0
@enlxmfflsdiS_,와우....,False,,0.0,0
@오이-d2w,라인의 고통에가득찬 비명이 들린다<br>라인원챔유저로써 슬프네,False,,0.0,0
@fdsdfd-wu2cb,애가 방벽캐한테 아무것도 못해서 라인이 지진 않을수도,True,@오이-d2w,1.0,0
@user-sb2sw9be7c,이제 핵만 잡으면되냐? 잡을꺼지? 물들어올때 노저어야지 왜 바다에 던지니...,False,,0.0,0
@아멘.Buddha,기초적인 임플란트다,False,,0.0,0
@재훈이-u7f,잘뽑았다 ㅇㅈ,False,,0.0,0
@snape77,황철순...?,False,,0.0,0
@티엠-y7j,저 점프해서 하는거 은근 타이밍 힘들던데,False,,0.0,0
@euchxudsjxjxjcjx,진짜 기대이상으로 잘뽑힌듯,False,,0.0,0
@monkey_cola4268,개ㅈ쓰레기 캐릭...당연히 지금은 OP캐릭이지만 결국 라마트라꼴 날 거임,False,,0.0,0
@DhxjdjsSjsisi,와씨 댓글목록봐라ㅋㅋ옵치분탕러 어서오고,True,@monkey_cola4268,2.0,0
@cajot5840,둠피가 나은듯,True,@monkey_cola4268,2.0,0
@gospel3658,"&quot;보라, 내가 너희에게 한 신비를 보이노니, 우리가 다 잠자지 아니하고 마지막 나팔 소리가 날 때에 눈 깜짝할 사이에 순식간에 다 변화되리라.<br>나팔 소리가 나매, 죽은 자들이 썩지 아니할 것으로 일으켜지고, 우리가 변화되리니<br>이는 이 썩을 것이 반드시 썩지 아니함을 입어야 하고, 이 죽을 것이 반드시 죽지 아니함을 입어야 하기 때문이라.<br>그리하여 이 썩을 것이 썩지 아니함을 입고 이 죽을 것이 죽지 아니함을 입을 때에는, 사망이 승리 가운데서 삼켜졌도다, 하고 기록된 말씀이 성취되리라.<br>오 사망아, 너의 쏘는 것이 어디 있느냐? 오 무덤아, 너의 승리가 어디 있느냐?<br>사망의 쏘는 것은 죄요, 죄의 힘은 율법이니라.<br>그러나 우리 [주] 예수 그리스도를 통해 우리에게 승리를 주시는 [하나님]께 감사를 드리노라.<br>그러므로 내 사랑하는 형제들아, 너희는 굳게 서서 흔들리지 말고 항상 [주]의 일을 넘치게 하라. 너희 수고가 [주] 안에서 헛되지 않은 줄 너희가 아느니라.<br>(고린도전서 <a href=""https://www.youtube.com/watch?v=dbmBJL7Se9o&amp;t=951"">15:51</a>-58)<br><br>&#39;&#39;너희가 이것을 아노니, 즉 음행을 일삼는 자나 부정한 자나 탐욕을 부리는 자 곧 우상 숭배자는 결코 그리스도와 [하나님]의 왕국에서 아무 상속 유업도 갖지 못하느니라.   (에베소서 5:5)",False,,0.0,0
@TIRROR15,"와... 영상보면 볼수록 컨셉이나 퀄리티 진짜 잘 잡은 듯, 트레일러 OST도 신캐중에선 애가 goat임 ㄹㅇ <br><a href=""https://www.youtube.com/watch?v=dbmBJL7Se9o&amp;t=70"">1:10</a> 지린다 진짜",False,,0.0,0
@furry_66,브리가론 닮았노 ㅋㅋ,False,,0.0,0
@MuscleKimEvangelist,"<a href=""https://www.youtube.com/watch?v=dbmBJL7Se9o&amp;t=17"">0:17</a> 지나간다 -&gt; 지랄한다로 들리는 건 나뿐인가",False,,0.0,0
@으4양반,왜 토데부기가 여기에..,False,,0.0,0
@인연-u9w,인크레더블 콜라보 무조건 가야함,False,,0.0,0
@as433510,탱커워치 또 시작이네..,False,,0.0,0
@핸들러-b4j,해저드 어느 소속이지?<br>오버워치인가? 블랙워치? 등 인가?,False,,0.0,0
@sexxyboyy,도타 가시멧돼지 같이 생겨갖고서는 플레이스타일은 완전 둠피네,False,,0.0,0
@iuiuiuiu1234,해발롬이 될것인가?,False,,0.0,0
@DdDd-s3g,이분이 레알행 비행기에서 아자르와 봐뀐분 인가요?,False,,0.0,0
@너구리-t6q,6대6 부활시킬때까지 안함,False,,0.0,0
@테넷-x1u,걍 니가 못해서 안하는걸 6대6 ㅋㅋ   잘하면 재밋는데 ㅋㅋ 지가맨날죽기만하니 ㅋㅋ,True,@너구리-t6q,1.0,0
@andrewjeon7505,지로같이 생겼네,False,,0.0,0
@Awesome-im1sf,보라보석 타릭,False,,0.0,0
@rkatkgody,요새 오버워치 일 잘하네 벤처 레킹볼 해저드 3개 느낌 좋다,False,,0.0,0
@영뚝이-i9v,이게임 아직도 있구나,False,,0.0,0
@캬레게임방,오 요즘 탱 좀 질렸는데 재밌어 보인다 이거 ㅋㅋㅋㅋㅋㅋㅋㅋ,False,,0.0,0
@반전-revesal,멋지네 ㅋㅋㅋㅋ 탱커치고는 좋은데?,False,,0.0,0
@레마,둠 때도 지랄 났는데 쟤는 어떻하냐 진짜 못해도 날파리가 아니라 말벌될것 같은 성능인데<br><br><br><br><br><br>메이 얼리기 시급하다,False,,0.0,0
@bohemianrap,카이사 누가 키웠냐,False,,0.0,0
@Rainbow_factory728,유저는없는데 신캐가 나오는 겜이있다?,False,,0.0,0
@DhxjdjsSjsisi,근데 유저확실히 늘었음ㅋㅋ당연히 옛날 전성기때보단 줄었지만 계속 늘고있음 일도 잘하고 이번신캐도 잘뽑힌듯 개호감임 그냥,True,@Rainbow_factory728,2.0,0
@euchxudsjxjxjcjx,일잘만하는데 유저가 없다니요..,True,@Rainbow_factory728,2.0,0
@hoonihoon9405,뭐야 왜 내생일에 나오는건데?ㅋㅋㅋ 🥳,False,,0.0,0
@san_1126,블리자드 이렇게 할 수 있었으면서...,False,,0.0,0
@Perk_you,드디너 여기도 &#39;그긴거&#39; 나왔네,False,,0.0,0
@cowboy152,둠피도 벽타게 해줘 ㅋㅋ,False,,0.0,0
@1E90FF_,나 떨고 있냐...,False,,0.0,0
@art-tr3vv,이게 김신우 성우님이 연기하셨댑니다,False,,0.0,0
@deroyal9296,이게 카즈하 목소리?..,False,,0.0,0
@sei8322,흐웨이 너 몸이 어떻게 된거야!???,False,,0.0,0
@Gamja1170,이든 해저드?,False,,0.0,0
@dududu6428,카이사임?,False,,0.0,0
@채_정,으어 이게 뭐여,False,,0.0,0
@성호연-q8t,옵치 2되고 나서 나온 탱커들은 왜 셋다 러쉬지,False,,0.0,0
@Pqowieuruty,CC기를 너무 많이 만들었는데 ㅋㅋㅋㅋ 옵2넘어오면서 많은 CC기를 삭제했으면서 갑자기 이래나오면.... 오히려좋아,False,,0.0,0
@Xerhyon,"또 ㅈ사가챔 쳐 만들어놨네, 안그래도 탱커 체급 ㅈ되는데, 스킬셋 보니깐 둠발롬 ptsd 나만 옴?",False,,0.0,0
@차트섹서,이러니깐안하지 ㅋㅋㅋㅋㅋㅋ 탱커워치,True,@Xerhyon,2.0,0
@DhxjdjsSjsisi,옵안분들 왔노ㅋㅋ뭔 탱커워치드립이야ㅋㅋ,True,@Xerhyon,2.0,0
@user-wv1ki4kx6n,이든 해저드,False,,0.0,0
@chiti_the_chiti,"맨티스 블레이드; <a href=""https://www.youtube.com/watch?v=dbmBJL7Se9o&amp;t=27"">0:27</a>",False,,0.0,0
@현-s5i4q,옵치 물요즘 오르네,False,,0.0,0
@GongRyonG-78-2,먼가 생긴게 롤에 나올거 번지수 잘못찾아온거같은느낌임,False,,0.0,0
@쭌-w3q,점점 LGBT 강화되네...,False,,0.0,0
@룰루랄라-d4q4l,옵치에 아자르 입갤 ㅋㅋ,False,,0.0,0
@wild-pigeon999,"<a href=""https://www.youtube.com/watch?v=dbmBJL7Se9o&amp;t=85"">1:25</a> 겁나웃기네",False,,0.0,0
@voxoongee,스킬 구성이나 플레이 스타일은 잘 뽑은 것 같은데 디자인이 너무 아쉽다.<br>플레이 스타일이 전형적인 야수 느낌의 브루저 스타일인데 디자인이 좀..마치 윈스턴 외형이 고릴라가 아니라 평범한 백인 남자였다면 이런 기분이 들었을 것 같은 밍밍한 느낌이랄까 ㅋㅋㅋ<br>벽 만들고 벽 타는 컨셉 매력적인데  손에 갈고리 손톱 같은 거라도 하나 달아 주는게 훨씬 그럴 싸 했을 것 같고.<br>또 하나 아쉬운 점은 우클릭 스킬은 리워크 했으면 좋겠다. 모션도 너무 멋이 없고 효과 자체도 기존 스킬과 너무 비슷하다. 캐릭터랑 어울리는지도 모르겠고.<br>차라리 고슴도치처럼 생겼으니 웅크린 후 등에 가시가 팍하고 돋아나서 주위 적들 밀어내면서 피해 주고 추가 체력이나 피흡 같은거 주는 스킬로 바뀌면 어떨까 싶다.,False,,0.0,0
@죡고수,둠피급 몸뚱아리로 벽타는거 소름끼치네ㅋㅋㅋ,False,,0.0,0
@김태수-c8i,그냥 딜러로 보내라 탱커 혼종을 만들어놨어,False,,0.0,0
@일기쓰는유댕,저번에 주노때는 잰야타에 캐서디에  아나 에코 혼합시켜 놓더니 이번엔 겐지에 윈스턴에 메이에 둠피까지 다음엔 모이라 토르비욘 자리야 합친거 나오나?,False,,0.0,0
@매지니-b8k,메이+둠+마우가야?,False,,0.0,0
@Jingjinback,"운영, 내로남불 사상질은 까도 개발실력은 못깐다 진짜",False,,0.0,0
@라인은낭만이다,딜둠의 귀환이냐....,False,,0.0,0
@꿣랋뚫,둠피보다 더한 스킬셋같긴 한데 좀 덜 탱키할거같 긴한데 그래도 무섭다,False,,0.0,0
@Viewjitol,"<a href=""https://www.youtube.com/watch?v=dbmBJL7Se9o&amp;t=72"">1:12</a> 동덕 on",False,,0.0,0
@허댕-m5v,헤으응...좋아요!,False,,0.0,0
@tndusgk,니가 벽을왜.... 니가 벽을...?,False,,0.0,0
@silver__toad,오~ 탱커 치고는 공격이 꽤나 강하네요~!!,False,,0.0,0
@무난-s8t,멘티스 블레이드 ㄷㄷ,False,,0.0,0
@KaInt02,어제 신캐해봤는데 진짜 옛날 딜둠같더라,False,,0.0,0
@젼훈-y6i,개또라이 신캐네 ㅋㅋㅋ,False,,0.0,0
@shade256,기능성 예측하게 쉽지 않을듯,False,,0.0,0
@번개미-q2k,여전히 핵만 가득한 ㅈㅁ겜,False,,0.0,0
@asdzxcz5m,발로란트랑 사이버펑크 생각나는 디자인이네 ㅋ,False,,0.0,0
@andrew212,이게..오버워치...?<br>다른게임 같음..ㅋㅋㅋ,False,,0.0,0
@sinceever5086,다 좋은데 디자인이 오버워치스럽지 않다. 심지어 로스무애로인가 프릭스인가 걔네 갱단들 처럼 생기지도 않음. 옵치랑은 다른 세계관 작품에서 많이 본 디자인인데,False,,0.0,0
@황고속,겐지+정커퀸+메이,False,,0.0,0
@만두-e2u,뭔 쿠파 같이 생긴,False,,0.0,0
@rookmal,이럴꺼면 예전에 나온챔 리워크를 하던가... 스킬에 보조발사에 이동기까지 있을꺼 다 주네,False,,0.0,0
@헤헤-p1t3o,여캐인가요?,False,,0.0,0
@서지현-t6m,람머스같이 생긴 카이사탱커가 나왔노,False,,0.0,0
@user-lotto,오버워치에 항상 힘써주셔서 감사합니다 ㅠㅠ 케릭터 ㅈㄴ 잼나보이는데요 ㅋㅋㅋ 완전 기대됨 ㅋㅋㅋㅋㅋㅋㅋ,False,,0.0,0
@신용재-i9b,스킬만 보면 노답인데...,False,,0.0,0
@GamingkimTSB,이번케 개사기인데;;;; 메이랑 둠피 섞어놨노 ;;;;,False,,0.0,0
@거꾸로말해요,얘도 게이거나 트랜스젠더겠지 ㅋ,False,,0.0,0
@hyeongjunchoi1447,또 정신없겠네 게임이 ㅠ 힐러 어떻게 살라고 ㅠ,False,,0.0,0
@보라보라-l4u,배경음악 신나네,False,,0.0,0
@털보맘바,와씨......벽타는 탱커!! 재밌겠다ㅋㅋㅋㅋ 탱커들은 항상 둔하고 느려 재미없었는데 이건 좀 신박하다!,False,,0.0,0
@lollollolllollol,둠피 + 메이 + 정커퀸 + 라마트라 합쳤노 ㅋㅋㅋㅋㅋㅋㅋㅋㅋㅋㅋㅋㅋㅋㅋㅋㅋㅋㅋㅋㅋㅋㅋㅋㅋㅋㅋ,False,,0.0,0
@user-jz6gc7sj2s,둠피 벤처 정커퀸 스킬 섞은 느낌. <br><br>고인 게임이라 그런지 신규영웅 나와도 기존 스킬 재조합이고 신박한 스킬은 없는듯 ㅠ,False,,0.0,0
@jayd4332,?? 메이궁 메이벽 겐지벽타기 돌진 유도탄 뎀감기요? <br>이건 못먹을 쓰레기 아니면 전성기 둠의 재림 둘 중 하난데,False,,0.0,0
@testarossaharlaown536,근데 왤케 게이처럼생겻냐,False,,0.0,0
@charlesLee_,6인이나 돌려줬으면 좋겠는데<br>5인되니 탱커 부담이 더 심해져서 탱이 노잼이 된거란걸 클래식 하면서 빡세게 느꼈음,False,,0.0,0
@dcj4570,그래서 얘도 게이임?,False,,0.0,0
@TheOnlyBeing,아니 둠치에다가 메이를 썩었어,False,,0.0,0
@kdh539431,좋긴한데 원탱이라 모르겠다 로드호그보단 좋긴하겠지,False,,0.0,0
@bogustv8421,미친놈이 하나 나왔네..,False,,0.0,0
@1시간전-u6s,이건 또 무슨 게이냐,False,,0.0,0
@플스를즐기는솔로,해저드 레알 가서 똥싸더니 결국 오버워치로 전직했구나ㅠㅠ,False,,0.0,0
@과몰입담비,그래 이상한컨셉질말고 이렇게 평범하게 만들자,False,,0.0,0
@감자똥띠,카이사네 ㅋㅋ,False,,0.0,0
@Inmoon-haek0871,걍 헤일로에 나오는 그 가시 발사하는 뭐시기 처럼 생겼누,False,,0.0,0
@white2999-r5o,잠만 진짜 간지작살,False,,0.0,0
@gggggarden,카이사 뭐냐,False,,0.0,0
@최시원-k2x,헤일로 시리즈 니들러 같이 생겼네,False,,0.0,0
@하핳-i6i,시네마틱 안나오나..,False,,0.0,0
@stronglight5887,영상만 보면 사기 소리 나와도 어차피 신챔 버프 끝나면 마우가 꼴 날 거임,False,,0.0,0
@WUS-VAL,사펑이랑 콜라보하면 재밌겠다ㅋㅋㅋ 둠피가 아담 스메셔하고 헤저드가 데이비드라면 재밌겠네ㅋㅋㅋ,False,,0.0,0
@user-zj5sb8it7p,둠피는 오늘도 무덤 속에서 나오지 못했습니다,False,,0.0,0
@common3021,스코틀랜드인이 자유를 되찾는 과정.avi,False,,0.0,0
@vanillarootbeer,강호동 같다,False,,0.0,0
@2127-fe8fw,너프먹겠네,False,,0.0,0
@평화-j2q,프리스타일 신캐네,False,,0.0,0
@왕관이,"<a href=""https://www.youtube.com/watch?v=dbmBJL7Se9o&amp;t=17"">0:17</a> 맨 처음으로 최신 신캐였던 주노를 죽인다는 건...<br>주노를 꺾고 최고 귀요미가 되겠다는 건가?",False,,0.0,0
@firestorm1709,이것저것 다 섞어놨네,False,,0.0,0
@이영석-l4c,얜또 무슨 게이임?,False,,0.0,0
@ralee7711,성능 개 좋아보이네,False,,0.0,0
@그래웅-m6n,벌써부터 아찔하다,False,,0.0,0
@jjam66ong,얘랑 루시우랑 하는 만화 보고싶다 진짜 꼴릿하게생김,False,,0.0,0
@lottieAves,보라색 메이벽 먼데,False,,0.0,0
@정현직-g8v,왐마 앤또 뭐여,False,,0.0,0
@sj-pd9jr,존나흑화한 집게사장같다,False,,0.0,0
@다시생각해보렴,이든 해저드,False,,0.0,0
@choiminhyeok1219,ㄹㅇ 옵치는 신캐마다 신박하냐,False,,0.0,0
@ikchocolate3172,둠피는 약과였네,False,,0.0,0
@nofight2idiot,얘 생긴게 쎄한데 혹시 얘도 논바이너리라던가 트렌스잰더라던가 그런거임?,False,,0.0,0
@plainvanila,근데 패션이고 헤어스타일이고 진짜 변태같이 생겼다,False,,0.0,0
@noohij,겐지 튕겨내기의 탱커 버전? 메이랑 겐지를 섞어놓고 탱커로 내논 것 같은 느낌.,False,,0.0,0
@미니쫑mp3,캬ㅋㅋ,False,,0.0,0
@euchxudsjxjxjcjx,졸러재밌겠네ㅋㅋㅋ,False,,0.0,0
@goguma0803,진짜 개사기네ㅋㅋㅋ,False,,0.0,0
@CR7_Archive,이든 해저드,False,,0.0,0
@나_우디르_아니다,이 영상을 물몸들이 싫어합니다,False,,0.0,0
@Goopyeeee,둠피 롤백좀,False,,0.0,0
@kookivenom5217,둠피 어쌔신 버전이네,False,,0.0,0
@pakong3,둠피 메이 겐지 섞어놨네,False,,0.0,0
@spurskorea,레알에서 그대로 날아왔네,False,,0.0,0
@길가다-발작하는아이,스킨빨은 잘받겠네 간지날뜻,False,,0.0,0
@후후-g4z,살려주세요,False,,0.0,0
@CleanHARU,잼있더라 이거 ㅋㅋㅋ,False,,0.0,0
@gredsoul2496,혼자 벽만들고 벽넘고가서 죽는 해저드 유저들 볼수있는건가,False,,0.0,0
@choemin6012,뭐이런 ㅈ사기캐가,False,,0.0,0
@Wolftuoso,뭐냐 이 네르기간테는,False,,0.0,0
@송시우0125,김신우 성우님인가?<br>목소리 마우가마냥 두꺼울줄 알았는데 어디선가 들리는 미남의 목소리가....,False,,0.0,0
@yeeee6255,너프 하고 나와라 제발,False,,0.0,0
@user-gi2gy6rw4m,아니 탱커가 벽타기에 유사 라마궁에 도약에 벽소환에 속박 까지 된다고?<br>운영자!!!!,False,,0.0,0
@아테-e6p,그래도 역고에선 재 하나만 있자나... 힐러들 아나 내려... 주노 키리코들어,False,,0.0,0
,햐... 이걸 좋아해야하나 말아야하나 ㅋㅋㅋㅋㅋㅋㅋ,False,,0.0,0
@에프에이치FH,벽타는 돌격이 생겼네,False,,0.0,0
@RAMVI_BBOBBO,스킬셋은 무슨 둠가이 같네,False,,0.0,0
@3303ck,겐지겔에 예전에 올린 캐릭터 디자인이랑 비슷한게 뭔가 통하는게 있나봄 ㅋ<br><br><br>다음 영웅은 석궁이나 쇠뇌쓰고 숨는 능력좋을듯,False,,0.0,0
@커피와초콜릿은애증,물몸들 다 뒤졌다,False,,0.0,0
@mizoedits_4q,마우가 동생 왜 여깄냐,False,,0.0,0
@Zzikzzik0821,이제 저거 들고 적진 한가운데로 꼴박해서 뒤져놓고 &quot;힐러 왜 힐 안줌?&quot; 하면서 로드호그로 바뀔 것 같아,False,,0.0,0
@서기1200년전..이아니라,얘  약간 딜러로 치면 한조 위도우 늬앙스던데<br>센스없고 정커퀸이나 레킹볼처럼 활용 잘못하는애들이 쓰면 걍 걸어다니는 큰 과녁이더라,False,,0.0,0
@루나-x2p,이게 그니까 옵치2의 신형 둠피스트라는거잖아?,False,,0.0,0
@야이니아,탱커 맞냐 ㅋㅋㅋㅋ,False,,0.0,0
@석방,딜둠 비슷한거 나왔에 드디어 복귀할까?,False,,0.0,0
@wlqrkrhtlvek08,굿굿,False,,0.0,0
@믿읍니다,이든 해저드씨가 생각나네....,False,,0.0,0
@user-hl2zc3nh4,우와 멋지다,False,,0.0,0
@천람여리,영어판  성우는 약간  중성적인  느낌인데  한국판  성우는  장난  꾸러기  느낌이네요. 더  잘 뽑힌거  같음,False,,0.0,0
@lyc9650,"<a href=""https://www.youtube.com/watch?v=dbmBJL7Se9o&amp;t=74"">1:14</a> 만천화우 ㄷㄷ",False,,0.0,0
@gake1442,신캐고 나발이고 오버워치1 클래식만 주구장창하고있음ㅋㅋㅋㅋ<br><br>영웅은 적었어도 재미는 있었던 시절...,False,,0.0,0
@공덩,엥?..이거완전,False,,0.0,0
@시바이누-d6l,오리사도 처음 나왔을 땐 사기 소리 들었지ㅋㅋㅋㅋ,False,,0.0,0
@지나가던가면라이-h2d,해저드 온!,False,,0.0,0
@이름없음-z6w,근데 눈에 광기가 하나도 없고 왤케 착해보이냐 ㅋㅋㅋㅋㅋㅋㅋ ...,False,,0.0,0
@반기문Official,시마다 벽타기 <br>메이 빙벽<br>윈스턴 점프팩<br>탱커 몇몇 신체강화<br>메이 얼리기<br>뭐 다 갖다 넣었네,False,,0.0,0
@polaris9181,이정도면 딜둠 돌려줘도 된다고 생각해요..,False,,0.0,0
@송그라미-q4t,이게뭐야 ㅋㅋ,False,,0.0,0
@taeng-ib4ee,기존에 있던 특성들 너무 짬뽕이다..,False,,0.0,0
@lIIIllIIIllIIIllIIllIIllIIllII,BGM 자체제작인가 진짜 개좋은데,False,,0.0,0
@comeda9540,대체 스킬이 몇 개여...,False,,0.0,0
@slit-888,재밋겟다,False,,0.0,0
@dudtkddjqrpdmltls,에이펙스? 그 세계관에서 넘어온 캐릭터 같음 ㅋㅋㅋㅋㅋㅋ,False,,0.0,0
@엄청나고멋진사람,나는 공포요 제 3의 딜둠이 되었다,False,,0.0,0
@치킨은꿀맛-q6t,성우랑 찰떡인데?,False,,0.0,0
@gedwed6715,와 이전 영상에서 저퀼이랑 요상한 디자인으로 비호감 씨게 박혔는데 인게임 플레이랑 성우 열연 듣고나니까 갑자기 급호감..,False,,0.0,0
@mkhsueowi8449,사기챔인데 ㄷㄷ,False,,0.0,0
@뮐러,햄버거를 좋아할꺼같은 이름이네,False,,0.0,0
@덥즈큐사랑해,왜 캐디가 갑자기 빅보가 됨?,False,,0.0,0
@RoseOfNoMansLand-nk3ov,윈스턴 오열 ㅋㅋㅋㅋㅋㅋㅋ,False,,0.0,0
@mirine4287,컨셉이 어째 다 비슷비슷하냐.... 이거저거 다 짬뽕해논거같네,False,,0.0,0
@MK12264,하...,False,,0.0,0
@허윤도-e7u,네 롤하러 갈게요,False,,0.0,0
@siyann9960,메이와 둠피가 결혼하면 생기는 일,False,,0.0,0
@오리지널불고기버거,벽타는 탱커 에반데...,False,,0.0,0
@strawberryhong8302,돌진 탱커 너무 좋코요,False,,0.0,0
@-law9000,ㅋㅋㅋ 기존 탱들 기동성 패치좀 해야 될듯 요즘 2층 점프는 기본이네,False,,0.0,0
@yko32373,"영상만 보면 x,y축 기동에 있어 제약을 받지 않는 사기 탱커를 만들었나 싶다. 메이, 둠피, 정커퀸의 장점 요소들을 조금씩 빼온 느낌",False,,0.0,0
@또졌어-w8c,뒤틀린 황천의 데이비드 마르티네즈.,False,,0.0,0
@samkim4816,제발 이런것 좀 그만 만들어라…,False,,0.0,0
@yoodu3490,뭔 이게 혼종이지...무섭다,False,,0.0,0
@graeae2908,이 영웅 좀 세보이는데?ㅋㅋㅋㅋ,False,,0.0,0
@KING-A,유저 다 떠나고 진빠들만 남으니깐 욕이 없네,False,,0.0,0
@euchxudsjxjxjcjx,생각보다 잘나왔으니까 욕안하지ㅋㅋ,True,@KING-A,1.0,0
@가나다라마라탕,저 큰덩치로 벽타기하는게 너무 웃기던데 ㅋㅋㅋ,False,,0.0,0
@SSG-fo2hd,ㅋㅋ 진짜 라인하르트 방벽 왜있냐,False,,0.0,0
@레인님,벌써부터 66국도 벽타기 할생각에 신이나네,False,,0.0,0
@Guilty_Gear_Strive,이 ㅅㄲ 슈퍼럭키 메이 아님?,False,,0.0,0
@labii222,어떻게 사람이름이 이든해저드 ㅋㅋㅋㅋ,False,,0.0,0
@구름비-i9q,시마다 둠피스트,False,,0.0,0
@minmin-tk6bk,아니 마우가 맡으신 최현수 성우님도 그렇고 김신우 성우님 원래 존잘 훈남 목소리 많이 하셨는데... 이런건 또 귀하네요,False,,0.0,0
@엣지-m2d,게이 같네,False,,0.0,0
@박건률-l5b,왜케 징그럽니,False,,0.0,0
@oneupgirl,너프쳐먹어라,False,,0.0,0
@사전예약중,보니까 딜러같은데 개사기 스킬만줬노,False,,0.0,0
@mung_2,미쳤다.. 개재밌을듯,False,,0.0,0
@Bearmax_,젋은 근육남캐..헤으으응 타이커스 삼각수영복 같은 스킨 내줘라!!,False,,0.0,0
@llllllllll-i2v,메이 빙벽은 왜 없어진거지,False,,0.0,0
@쇼킹,"<a href=""https://www.youtube.com/watch?v=dbmBJL7Se9o&amp;t=17"">0:17</a> 지@랄한다!",False,,0.0,0
@user-chechee,뚜벅이들 오열소리가 들린다,False,,0.0,0
@HY-ci4kc,오버워치이기에 가능한 캐릭터설계,False,,0.0,0
@유하람-y4u,"그냥 원래 있던 스킬형태(벽타기, 벽만들기, 대충 둠피 shift같은거) 짬뽕한거긴 한데 그래도 이런식으로 있는거 잘 스까하면서 신캐 자주 내는게 좋음",False,,0.0,0
@Zero0Rei,쿠파 닌텐도에서 블리자드로 갈아탔나 보네,False,,0.0,0
@Soup_curry108,아자르 뭐고,False,,0.0,0
@gwakwonhyo,원어에선 스코틀랜드 방언을 쓰고<br>다른 국가 더빙들도 사투리등으로<br>잘 로컬라이징 됬는데<br><br>국내판만 그 고증을 지켜주지 않은게<br>좀 아쉽네요.<br><br>트레이서도 그렇고<br>블코가 사투리나 방언쪽엔<br>유독 박한듯,False,,0.0,0
@Official_CH7,이든해저드,False,,0.0,0
@김건우-f5h1e,이번 챔은 뭔가 오버워치에 크산테 같은 느낌이다...,False,,0.0,0
@Dalamge305,딱 내스타일인데 벌써 너프걱정 된다...,False,,0.0,0
@이게임플레임완수,여럿 영웅들 스킬 짬뽕했네... 와....,False,,0.0,0
@---hi7eq,이븐 해저드 ㄷㄷ,False,,0.0,0
@권민혁-w3w,한 까시 하네여,False,,0.0,0
@미역이,오픈빨하고 너프 시키겠지? 스킬들이 넘...,False,,0.0,0
@superkang,메이빙벽 + 벽타기 + 라마막기 + 주노어뢰 + 윈스턴점프 + 정커도륙 잘쓰면 개사기인거 같은데?,False,,0.0,0
@김재혁-i7j,옵버맘이네,False,,0.0,0
@siasiaCong,요즘은 시마다일족도 아닌데 벽타네,False,,0.0,0
@김재혁-i7j,위저드생각할게요,False,,0.0,0
@김은석-k1l,이친구는 어떤 성별인가요?,False,,0.0,0
@Azr026,"등뿔 다 분홍색인게 덜 사이버펑크 키치스럽다 생각했는데, 무릎 쪽 라임색 원보고 전체적으로 보니까 색도 안 난잡하고 디자인 되게 잘 뽑혔네",False,,0.0,0
@김재혁-i7j,50만원만주세요좋은마크하고싶어요,False,,0.0,0
@rtbort99,메이 장인들이 잘하겠네,False,,0.0,0
@플로키-x6t,드디어 겐트위한애를 잡을거리가 생겼군,False,,0.0,0
@팡덕-o6d,요즘 기동성 좋은 영웅만 뽑네,False,,0.0,0
@쒸익쒸익,😄👍👍,False,,0.0,0
@김재혁-i7j,해저드생각안하고싶은뎌우찬이생각시켜주시면안될까요성우하고시퍼요,False,,0.0,0
@하루찐-r4r,이젠 지들도 탱커가 수비만 하면 답 없다는 거 알고 있다는걸 보여주는구만,False,,0.0,0
@간달프-h2d,그리웠던 둠의 향기가 난다~~,False,,0.0,0
@변종-u7x,경쟁전 억까매칭 떄문에 쳐망한 비운의 게임... 애도........,False,,0.0,0
@권오훈-m3h,메이도 빙벽 생성이 끝인데 얘는 전장에 장애물을 설치하여 도약할 수 있는 발판을 만드네 진짜 개신박한 메커니즘이다,False,,0.0,0
@세종대왕-p2c,크산테가 왜 여기에…,False,,0.0,0
@xzxy12,아 역겹다,False,,0.0,0
@OrdinaryYoutube,가시소나기 부분 노래가 neon beats 였나 그 게임 스테이지 노래랑 비슷함 ㅋㅋㅋ,False,,0.0,0
@ES-hg4wh,이야... 벽 만들고 날아가고 벽타고넘고 궁은 속박인가? 근데 속박이 즉발은 아닌 것 같네<br>날카로운 저항 스킬은 반사딜이 달려있는건가 아니면 단순히 가까이 있으면 딜 들어가는건가?<br>반사딜이라면 겐지의 튕겨내기처럼 잠깐 안쏘고 있으면 그만인데....,False,,0.0,0
@zz-qy8lv,데이비드 ㅠ,False,,0.0,0
@SPACE_dog03,"<a href=""https://www.youtube.com/watch?v=dbmBJL7Se9o&amp;t=17"">0:17</a> 지X한다!!<br><br>하씨 늘 실망만 시키는데<br>왜 난 기대가 될까...<br>미치겠네 진짜;;",False,,0.0,0
@왕관이,&quot;ㅈㄹ한다!!&quot; ㅋㅋㅋㅋ,True,@SPACE_dog03,1.0,0
@Edelstatt,이든 해저드 ㄷㄷ,False,,0.0,0
@쨔아-g2u,주노랑 진짜 잘맞겠다 14시즌도 주노브리 나올거같은느낌적인느낌,False,,0.0,0
@qfy5,이걸 보니 라인과 호그는 더더욱 개 쓰레기 탱으로 밖에 안 보인다 ㅋㅋㅋㅋㅋ,False,,0.0,0
@chorockisrock,빠대에서 맞아봤는데 너무 아파서 눈물이 나옴 심지어 단단함,False,,0.0,0
@하이네스-p4t,나 갑자기 궁금해졌는데 쟤 밥은 어케먹음?,False,,0.0,0
@ILIIILLII,성우부터 영상 배경음악까지 완벽하다....,False,,0.0,0
@李村純一郎,다시하고 싶은데 너무귀찮다.,False,,0.0,0
@user-id1sj5lo8u40,개재밌겠다ㅋㅋㅋㅋㅋ,False,,0.0,0
@파일-n8i,궁은 왜케 디자인이 먼가 허술해보이냐<br>기한 맞춰서 출시하느라 급조한 것 같은 느낌이네 ㅋㅋㅋㅋ,False,,0.0,0
@유튜브용-n6q,미친양학탱커의 등장,False,,0.0,0
@wnteosu23,자폭에 안 죽어? 둠인 줄,False,,0.0,0
@birdfoot8845,설렌다!,False,,0.0,0
@JiehyunSong-e7v,데스티니 가디언즈 시공 느낌남,False,,0.0,0
@I-hate-monday1972,...둠피스트 3.0이냐,False,,0.0,0
@PangPunch,막으면 투사체반사있네 ㅋㅋㅋㅋㅋㅋㅋㅋㅋㅋㅋㅋㅋㅋㅋㅋㅋㅋ돌았다...,False,,0.0,0
@판슥나천,아까 비공개 영상 실화임?🤔🤔🤔🤔,False,,0.0,0
@주닝효,와 러시조합만 살길이네,False,,0.0,0
@이시하-y2h,방벽을 달라니까 벽을 주고있네 이것들 어카지,False,,0.0,0
@Fiatlux-m3x,망한 게임의 최후의 발악이구나,False,,0.0,0
@billy7rocks341,둠피는 어렵기라도 했지 얘는..,False,,0.0,0
@iam8216,탱커한테 벽타기 있다니 개존잼일듯 ㅋㅋㅋㅋㅋㅋㅋㅋㅋㅋㅋㅋㅋㅋㅋㅋ,False,,0.0,0
@anakedskywalker,"해저드 연구해보니까 궁도 바닥, 벽 다뚫던데 핫픽스로 최소 탄퍼짐, 많게는 궁극기 벽, 바닥 관통판정 무조건 너프먹음",False,,0.0,0
@lucia46,그냥 온갖꺼 다 갖다 넣었네 ㅋㅋ <br>시마다 벽타기 메이 빙벽 정커퀸 도륙 메이 궁 <br>둠피랑 퀸이랑 메이 섞어놓은 탱커같은 느낌?,False,,0.0,0
@kimwjddus7575,여러 캐릭 섞어놓은 거 같은데? 둠 극혐하는데 비슷한 놈이 나오다니….. 큰일이네 메이 벽에다가 키리코 한조 겐지 벽타기에 마우가 궁 처럼 묶어놓고.. 돌진도 비슷하고 둠피스트 막는거.. 아님 겐지 막는거,False,,0.0,0
@이미르입니다,오버워치 개망했네,False,,0.0,0
@euchxudsjxjxjcjx,힙찔이쉨 화났노,True,@이미르입니다,1.0,0
@pureus8983,그냥 온갖곳에 칠해버리는 해저동덕ㅋㅋㅋ,False,,0.0,0
@전선-v6g,나오지 말아야할게 나와버렸다,False,,0.0,0
@Yullri712,ㅋㅋㅋㅋ개 재밌어보이네,False,,0.0,0
@JH-mq9zo,오우 옵치2 탱커는 이제 이런식으로 나오나보네,False,,0.0,0
@yiroulkr2556,궁극기가 적을 고정하는 특성상 다른 영웅들과의 연계도 엄청나겠죠.(리퍼나 디바 같은 범위 넓은 궁극기 같은거),False,,0.0,0
@YSH-eh3hs,마우가랑 둠피 합치고 적당히 샷건 쥐어줬네,False,,0.0,0
@담향-kr,둠 볼 퀸 다 유기했는데 이건 진짜 연습해야겠네 걍 스킬셋부터 사기냄새 풀풀 난다,False,,0.0,0
@위즈-n7k,둠피+메이+겐지,False,,0.0,0
@curian3178,재밋겟다,False,,0.0,0
@고구마라떼-b7w,개재밌겠다 ㅋㅋ 드디어 탱커챔이나오노,False,,0.0,0
@MANDAE8298,지금 막 피시방에서 해보고 왔는데 궁은 너프 먹어야 할 듯. 범위 엄청 넓은 자탄임;;,False,,0.0,0
@Hmmmmm603,바로 너프 먹을거 같은대,False,,0.0,0
@소라고둥-l2c,개사기의 냄새가 난다,False,,0.0,0
@쉿_조용,윈스턴 + 메이 + 둠피스트 + 겐지 = 해저드,False,,0.0,0
@화로-e1b,너무 사긴데? ㄷㄷ,False,,0.0,0
@GiveMeToegeun,캐디 너무 취전데,False,,0.0,0
@Jun-t5s,얘 뭐 피 300으로 낼거임? 뚜벅이들은 그냥 재앙이네,False,,0.0,0
@fwjwoo1w380,걍 둠피잖아 ㅋㅋㅋ,False,,0.0,0
@flowermy2041,대체 캐릭터를 몇개를 합친거야 메이 주노 퀸 벽타기 앞으로 대쉬 한조.....가면갈수록 뭔가 파워레인저 처럼 합체하는거 기분탓이겠지.....ㅋㅋㅋㅋㅋㅋㅋㅋㅋㅋㅋㅋㅋㅋㅋㅋ,False,,0.0,0
@박정욱-o7q,"<a href=""https://www.youtube.com/watch?v=dbmBJL7Se9o&amp;t=73"">1:13</a> 루시우 패작임? ㅋㅋㅋ 웅크려서 가네",False,,0.0,0
@burgundy0102,브론즈 양학하노,False,,0.0,0
@choji2242,또 개사기를 만들어놨네 ㅋㅋㅋㅋㅋㅋ,False,,0.0,0
@랄라니-y9z,둠 상위버전.. 누가 총이랑 가시 달아줫나..,False,,0.0,0
@유유-w7m1p,방어하면서 공격..? 사기네,False,,0.0,0
@나물-p2h,무쌩겨써,False,,0.0,0
@GIBOONI,오 잼겠당 ㅋ,False,,0.0,0
@jaws-bx7yb,멋있다,False,,0.0,0
@moyaho99,그냥 좆사기로 보이는데;,False,,0.0,0
@w3g6n,모르겠고 존나 재밌겠다 ㅋㅋㅋㅋ,False,,0.0,0
@그곳에서기다릴게,진짜 존나 혐오스럽게 생겼다<br>어떻게 머리부터 발끝까지 비호감으로 느껴지게 디자인 할수가 있지,False,,0.0,0
@우유두부집사,이든 해저드가 복귀한다,False,,0.0,0
@chanmin6,영상하나로 캐릭터가 독창성이 없니 아이디어기 떨어졌니 하던사람들 바로 입닫게 만드네 캬~~,False,,0.0,0
@hyorya98,걍 둠피 메이 겐지 등등 다 섞어놨냐,False,,0.0,0
@파도-u9h,숨겨진 시마다 가문,False,,0.0,0
@bassak6046,무기외형은 오리사랑 비슷하고 플레이스타일은 메이둠피퀸 섞어 놓은듯한 느낌,False,,0.0,0
@kkongani,"둠피, 해저드... 웅장한 조합이네 ㅜㅜ",False,,0.0,0
@이지영-t8l,재밌을 것 같긴 한데 어려울 듯,False,,0.0,0
@하남자3470,오우야 기대중 ㅋㅋ,False,,0.0,0
@불면증걸림,산데비스탄과 멘티스 블레이드를 사용하는<br>재키웰즈와 데이비드를 섞은 사이버사이코,False,,0.0,0
@동탄역상습무임승차범,이든 해저드 궁극기는 햄버거 먹기인가요,False,,0.0,0
@Doodd980,벽 닿으면 넉백인가보네,False,,0.0,0
@Shin_JJong,이 영상만 봤을 땐 토나오네 그냥... ㅋㅋㅋ 하아,False,,0.0,0
@hantang-3000,트레일러만 봐도 진짜 개재밌겠네,False,,0.0,0
@Q-master,5판 정도 해본 결과 <br>생각 만큼 어렵고 <br>기동성이 윈스턴 만큼 좋은건 아니라서<br>포킹에 좀 많이 취약한거 같다<br>그래도 정신 사나워서 재미는 있음,False,,0.0,0
@SBS-KBS-MBC,스토리 진행 좀,False,,0.0,0
@에지오,멋있당,False,,0.0,0
@탱크보이-o9b,라인 ㅈㄴ잘찢을것같은 스킬셋이노,False,,0.0,0
@bichoncoco,미쳤네...,False,,0.0,0
@Q-master,너무 정신 없더라,False,,0.0,0
@adronetray,한국 몇시부터야,False,,0.0,0
@과레-j9w,마우가 근육빠짐?,False,,0.0,0
@euooue,탱커의 반란이다!!!!!!!!,False,,0.0,0
@나이트-Night,요즘 옵치 캐릭터 소개 영상 특징:무조건 지난번에 나온 캐릭터 죽이고 소개함,False,,0.0,0
@sloveu661,어디서 많이 본 느낌인데... 뭔가 크산테느낌이,False,,0.0,0
@wade4706,얼굴도 좀 날카로운 인상이면 좋겠는데... 마우가도 그렇고 벤처도 그렇고 왜 다 비슷하게 둥글지?,False,,0.0,0
@스스마마스스마마,한 두시즌 반짝하다가 또 개같이 너프때리겠지. 신케 나오면 할맛이 안남,False,,0.0,0
@대파0309,왜이렇게 쓰레기같냐,False,,0.0,0
@knock_33,기괴하노... 씹op캐,False,,0.0,0
@OnehourMillion,오직 일본캐릭터만이 벽타기를 할수있다...넌 대체 누구냐!!!,False,,0.0,0
@드루피드리피,저중력에서도 지옥으로 몰아놓는 신캐잖아?! 공중전이나 원거리들도 긴장풀면 바로 즉사당할지도?,False,,0.0,0
@아리스토텔레비전스,??? : 다 찣 (잡음) 어 버려 (잡음),False,,0.0,0
@무료에요도비는,"<a href=""https://www.youtube.com/watch?v=dbmBJL7Se9o&amp;t=10"">0:10</a> ???: 니엄마다",False,,0.0,0
@kkwanh,그 성우임? ㅋㅋㅋㅋㅆ,True,@무료에요도비는,3.0,0
@user-tomatoheisgod,ㅅㅂㅋㅋㅋ 우와~니엄마다!,True,@무료에요도비는,3.0,0
@Parkduckgae_naeggua,"​@@kkwanh이번 신캐 흐웨이,게코 성우임ㄷㄷ",True,@무료에요도비는,3.0,0
@lzn4612,우우~ 6대6패치나 해라~ 우우~~,False,,0.0,0
@평범한사람-l6g,"“소멸할지언정, 개방하지않는다!”<br><br><br>- 최고 교육기관의 학생, 해저드는 형형색색의 락카을 사용하여 자신의 대학를 침범하는 문제를 해결합니다. 해저드는 언젠가 동지들을 구원하려는 결의에 차 있습니다.",False,,0.0,0
@ragdo5186,메이 방벽이여?,False,,0.0,0
@Jyoutube1207,이동기 너무 좋아보이는데 점프에 벽타기에,False,,0.0,0
@honeyblacktea,"<a href=""https://www.youtube.com/watch?v=dbmBJL7Se9o&amp;t=53"">0:53</a> 부산맵 여기면 던지는거 아님? ㅋㅋ",False,,0.0,0
@아이돌A양보기-b7p,와 가시벽 타고 이동하는게 진짜 신박하네 ㅋㅋㅋ 벤처 부터 느꼈는데 하이퍼fps라는 요소를 요즘 잘살리는듯!!,False,,0.0,0
@dellakorea,웬 둠피보다 더한놈이..,False,,0.0,0
@디비드-k1i,해저드 파일럿에 따라서 완전 달라질듯,False,,0.0,0
@수깡수-v2e,메이 둠피 겐지 거기다 궁 광범위 cc기... <br>ㅇ...아니... 이게 무슨...,False,,0.0,0
@Ssat-kor,나중에 아론이 해저드1위 영상 올리겠구만,False,,0.0,0
@가가가-j9r,걍 영웅들 짬뽕시켰네 ㅋㅋㅋㅋ 활용도는 좋을듯,False,,0.0,0
@isdelicious1848,그럼 이제 벽타는 힐러 한명만 더 나오면 한 팀 5병 모두가 벽타는 바퀴벌레무리짓 할수있는거임?,False,,0.0,0
@악마는푸라닭을입는다,"<a href=""https://www.youtube.com/watch?v=dbmBJL7Se9o&amp;t=55"">0:55</a> 라마트라도 가드하면 어깨에서 나노미사일 발사 되어야 하는거아님?😢😢😢",False,,0.0,0
@강아지귀여운강아지,인성질하기 최적화된 영웅ㅋㅋㅋ,False,,0.0,0
@Yuishiru,훈련장가서 해보고 왔는데 이게 탱커여 딜러여 ㅋㅋ,False,,0.0,0
@koreaq-piuqrf,해저드 원콤 기술 벌써 배웠다,False,,0.0,0
@김민재-r4c3l,둠 슬레이어랑 콜라보하면 맛도리겠는데?,False,,0.0,0
@OneTabbyYeiX,탱커유저가 개박살 나서 복귀시키려고 만든 유인책 같네.. 이러고 좀있다 너프하고 다른 똥맛탱커들 리메이크 시키면 개같이 옵치 부활각 선다,False,,0.0,0
@rererererereerererererereerre,일루전닮음,False,,0.0,0
@Houbin22,뭔가 젊은라인스킨하고 닮은것같기도...,False,,0.0,0
@jssseh,간지나고 아이디어도 좋고 잘만든듯?,False,,0.0,0
@oww3685,적팀을 묶어 놓고 패는 방식 진짜 ㅈㄴ 맘에 든다 일한다 블자 ㅋㅋㅋㅋ,False,,0.0,0
@임성우-k4n,패션은 쓰레기촌 같은데 옷 상태가 깔끔한 걸 보면 탈론 쪽인가?,False,,0.0,0
@H나에요,이것만 보면 성능 개미쳤는데,False,,0.0,0
@user-lm8ep2gz7s,그냥 마우가 같이 무식한 놈일줄 알았는데 미친놈 나왔다ㅋㅋㅋㅋㅋ,False,,0.0,0
@davidyoon2401,탱매이햄 ㄷㄷㄷ,False,,0.0,0
@쇼토-l8g,올마이트?,False,,0.0,0
@158INE,얏됨 다짬뽕했네,False,,0.0,0
@머요-n7s,벌써 화나 ㅜㅜ,False,,0.0,0
@Projectmoon_gameplayer,저거 가시벽... 잘 쓰면 팀원 낙사 시키기 쌉가능이겠는걸..?,False,,0.0,0
@sprinter-l5f,아자르 은퇴하고 옵치로왔노,False,,0.0,0
@김태중-p6z,ㄹㅇ,True,@sprinter-l5f,1.0,0
@TWOTWO-u9w,개재밌어보이네,False,,0.0,0
@자기전에게임몇판,적팀 해저드 : 딜러 둠피 떠오르게 만드는 혼종 탱커<br>아군 해저드 : 얘 어디감? 왜 죽음?,False,,0.0,0
@백도히,지금 탱커 대기 10분임ㅋㅋㅋㅋㅋㅋ,False,,0.0,0
@김성호입니다,응 롤정지당하시전까지는안할꺼야,False,,0.0,0
@시라소니-o2p,메이 + 겐지 + 둠피스트가 섞인 느낌이네,False,,0.0,0
@김지혁-e5s,새로운 바퀴벌레 ㅋㅋㅋ,False,,0.0,0
@자기전에게임몇판,&quot;브라우니 초코&quot;,False,,0.0,0
@sepa6934,미친 탱커한테 벽타기를 쥐어주네ㅋㅋㅋㅋㅋㅋㅋㅋㅋㅋㅋㅋㅋ쥰내 참신해 당장 하자,False,,0.0,0
@박주용-h5q,늘 소개 영상은 개쩌는데 실전은 아시죠?<br>우리 해저드 느그 해저드에따라 다른 영웅이라는거,False,,0.0,0
@onionst1,진작에 이렇게 좀 신캐 빨리빨리 뽑아내지는 좀 pve도 안하더만 옵치2는 그럼 존재의의가 뭐야,False,,0.0,0
@세찬SECHAN,해저드 원챔 마렵다,False,,0.0,0
@자기전에게임몇판,이젠 둠말고 다른 것도...?,True,@세찬SECHAN,1.0,0
@라익힘,프로토스 테란 저그 혼종아닙니까;,False,,0.0,0
@강남미인-g9o,이케 핀판넬~~~,False,,0.0,0
@자기전에게임몇판,"<a href=""https://www.youtube.com/watch?v=dbmBJL7Se9o&amp;t=23"">0:23</a> 시그마 방벽<br><a href=""https://www.youtube.com/watch?v=dbmBJL7Se9o&amp;t=36"">0:36</a> 오리사 캐논<br><a href=""https://www.youtube.com/watch?v=dbmBJL7Se9o&amp;t=45"">0:45</a> 둠피스트 지진강타 + 정커퀸 도륙<br><a href=""https://www.youtube.com/watch?v=dbmBJL7Se9o&amp;t=56"">0:56</a> 정커퀸 도륙<br><a href=""https://www.youtube.com/watch?v=dbmBJL7Se9o&amp;t=58"">0:58</a> 둠피스트 파워블락<br><a href=""https://www.youtube.com/watch?v=dbmBJL7Se9o&amp;t=64"">1:04</a> 둠피스트 지진강타<br><a href=""https://www.youtube.com/watch?v=dbmBJL7Se9o&amp;t=75"">1:15</a> 정크렛 덫<br><a href=""https://www.youtube.com/watch?v=dbmBJL7Se9o&amp;t=79"">1:19</a> 정커퀸 도륙<br><br>완전 짬뽕인데...?? <br>근데 재밌어 보임",False,,0.0,0
@이름성-g7h,벽생성이나 그런건 쫌 다른거같은데,True,@자기전에게임몇판,1.0,0
@HingPangE,아니 캐릭터 디자인은 뭐 게이같다 변태 같다 뭐다 말은 많았는데 스킬셋 구성이 존나 재밌어보이는게 미쳤네? ㅋㅋㅋㅋㅋㅋㅋㅋㅋㅋㅋㅋㅋㅋㅋ,False,,0.0,0
@crown_alpha,일단 난이도가 폭력적이네 ㅋㅋㅋㅋ,False,,0.0,0
@공백-q4c,얘 나오면 한타 ㅈㄴ 재밌겠네 ㅋㅋ,False,,0.0,0
@Saaaaaanssssss,잘뽑았네,False,,0.0,0
@SeaHyeon_er,그래서 얘는 블자식 lgbt점수중에 몇점임? 아나가 점수 엄청 낮던데,False,,0.0,0
@20030923,겐지+메이+마우가+둠...? ㅈ사긴데?,False,,0.0,0
@박정욱-o7q,와 ㅈㄴ 재밌겎다 ㅠㅠㅠㅠ,False,,0.0,0
@Peaceful_WildLife,그냥 성격이 화이트 마우가같은데,False,,0.0,0
@PAGRlO,Goated,False,,0.0,0
@SFT199,아오 뭔 코어싱이야 극혐이네,False,,0.0,0
@wonwon1219,코에 피어씽만 없으면 꽤 잘생긴 편인데,False,,0.0,0
@lauther58285,저게 딜러가 아니라고?,False,,0.0,0
@소룩-r1b,캬 개재밌겠다,False,,0.0,0
@이정식-j5i9j,이게 탱커야 딜러야;; 또 산으로 가는 역할 분배에 망해가는 팀전...;;,False,,0.0,0
@vanquish19,저거 징그러ㅠ,False,,0.0,0
@Genari10,근데 기존 캐릭터들 CC기 다 약화하고 신캐한테 개사기급 CC기 주는 건 무슨 생각이지?,False,,0.0,0
@cristia盧,이 게임 섭종 아직 안했구나,False,,0.0,0
@smy7836,오히려 인기가 점점 상승중임ㅋㅋㅋ,True,@cristia盧,1.0,0
@Userredpigking,옛날 겐지였나? 어떤 캐릭터 초기 설정 중에 한조 겐지 합쳐놓은 거 있던데 이런 영웅 만들꺼면 걔도 만들어주면 안되나?,False,,0.0,0
@킴할렘,이거완전 둠카운터아니냐ㅜㅜ,False,,0.0,0
@her0327,기대 이상으로 스타일리쉬 해서 좋다!,False,,0.0,0
@HoS-99,태....탱커 맞죠?,False,,0.0,0
@B_stone,힐러들은 오늘도 운다,False,,0.0,0
@dkdnwnnnx,이거 그냥 둠피 상위호환 아니냐<br>우울해지네,False,,0.0,0
@tlqkstorldi,잘만들었냐 챔 ㅋㅋ,False,,0.0,0
@tggg8138,능력이 몇개야..?,False,,0.0,0
@사과-o7t,생각보다 잘나왔네?,False,,0.0,0
@MilesMorales0,역대급 탱커일 것인가,False,,0.0,0
@얼마나더해,혹시 너도 게이니?,False,,0.0,0
@선우-y7k9h,다 좋은데 기본공격 개짜침..,False,,0.0,0
@zin8585,메이 아이덴티티는 다죽여놓고ㅋㄱ별,False,,0.0,0
@긴사-u2f,메이랑 따따블로 벽 인성질도 가능할 듯,False,,0.0,0
@아니나도잡혔어,와 씹 본적 없는데 존나 친숙하다 ㅋㅋㅋㅋㅋㅋㅋㅋㅋㅋㅋㅋㅋㅋㅋㅋㅋ,False,,0.0,0
@Goon-d8q,뭔가 게임이나 만화에서 나오던 악당 남성미 간지케릭들 모티브로한거 같음ㅋㅋ 익숙한맛 굿,True,@아니나도잡혔어,2.0,0
@아니나도잡혔어,@Goon-d8q  😂😂😂😂,True,@아니나도잡혔어,2.0,0
@user-xf5pz5ld2e,"<a href=""https://www.youtube.com/watch?v=dbmBJL7Se9o&amp;t=88"">1:28</a> 이건.. 진짜.. 아니지...<br>카리스마있는 악역도 자유로운 무법자도 아니고 아니고 그냥 쌩 날라리 새기를 만들어놨네",False,,0.0,0
@Nannannannannannanannannanna,섹시해 당장 내 침대로 오도록,False,,0.0,0
@madkya1335,너무 좋아 이런 캐릭터 막 미치게 만드네 ㅋㅋ,False,,0.0,0
@Taewong78,기말 끝나자마자 나오네😂,False,,0.0,0
@k_jint.2705,왼쪽 - 총 오르쪽 -칼 쉬프트 -점프 E-벽생성 이겠네 Q가 속박이고 ㄱㅊ은듯,False,,0.0,0
@ahandsomeboy,와 ㅈㄴ 재밌겠다,False,,0.0,0
@i_lo_ni,"<a href=""https://www.youtube.com/watch?v=dbmBJL7Se9o&amp;t=58"">0:58</a> 니가 카이사냐;",False,,0.0,0
@wow9719,와 ㅈㄴ 재밌어보인다,False,,0.0,0
@Hwan1219,일단 잘 만들긴 했는데 밸런스 터질까봐 ㅈㄴ무서움 ㅋㅋㅋㅋㅋㅋㅋㅋ,False,,0.0,0
@SC-Blitz,궁극기랑 벽 만드는거 메이 생각난다,False,,0.0,0
@이도현-t7n,이럴꺼면 둠피는 왜 탱커러 바꾼거야.. 둠피보다 더한놈을 내버리네,False,,0.0,0
@Mirakeul10101,플다구간에서 해저드 만나면 저인거로 알아주세요,False,,0.0,0
@Embarrassment97,스킬구성 진짜 맛있다,False,,0.0,0
@troubadour6516,디자인 이게 최선이라고 보시나요 다들,False,,0.0,0
@Stuhhhhhh,진짜 탱커워치로 가나연,False,,0.0,0
@바안디,메이 진짜 어카냐 ㅅㅂㅋㅋㅋㅋㅋ,False,,0.0,0
@후헤헹-s2j,요즘 오버워치 왜이렇게 일잘함??,False,,0.0,0
@겜하는-r7f,생긴건 마음에 안드는데 스킬셋이 되게 매력적이네,False,,0.0,0
@oeoeqor234,개사기다ㅋㅋㅌ,False,,0.0,0
@sdihoho,뭔 탱커한테 질풍참이있어?,False,,0.0,0
@10_sin,하씨 왜캐 설래냨ㅋㅋㅋ😊,False,,0.0,0
@배낭-g4i,뭔가 색감이 발로란트스럽당,False,,0.0,0
@IIlIlIIlIIl,햄버거 좋아할거같은 이름이네,False,,0.0,0
@lure_mania,시마다 해저드 ㄷㄷ,False,,0.0,0
@이선우-e3n,드치마론,False,,0.0,0
@7rac0r,블리자드 : 딜둠 그립다며 다해줬잖아 ㅋㅋㅋㅋㅋ,False,,0.0,0
@Im_need_Back,와 오늘 탱커 디지게안잡히겠네...,False,,0.0,0
@r-2345,해저드 목소리를 맡으신 분이 누군지 궁금해서 찾아봤는데 해저드에 대해 알기 위해서는 우리 가문에 대해 알아야 한다는 다른 동네 캐릭터와 같으신 분이었군요,False,,0.0,0
@athene9148,사이버사이코다 맥스택 불러...,False,,0.0,0
@이희성-o6v,이러다 사이버펑크랑 콜라보 한 다음에 호떡장인 스킨 받겠네,False,,0.0,0
@Aing-ze1dp7er4k,쟤 때문에 또 새로운 메타 나오겠네,False,,0.0,0
@100tong,"벽타기 되고 작은 빙벽있고 방어기술도 하나 있고, 궁극기는 범위 이동불가군...개사기 느낌이 나는뎅 ㅎㅎ",False,,0.0,0
@citizen_14,스타2 서버좀 고쳐줘,False,,0.0,0
@Basirakkalkuksu,성우도 그렇고 발로란트 같냐,False,,0.0,0
@썩은토마토-h7e,..둠이잖아 이거,False,,0.0,0
@she-hh9or,신박하다 ㅇㅈ,False,,0.0,0
@alpano_Ban,"둠피,메이벽,라마트라 궁까지 쳐 넣어놨노",False,,0.0,0
@ph6559,돌진기 있고 벽타기 있고 벽생성있고 카운터도있네,False,,0.0,0
@5678adxd,탱커 재밌게 만들기로 작정했네,False,,0.0,0
@그필,근데 아누비스랑 왕의길도 있는거 보니 없어졌던 맵들은 다 돌아오는게 확정인가보네,False,,0.0,0
@파린즈,벽에 닿이면 데미지 들어가나보네,False,,0.0,0
@OWLpoe,잠만요??? 질풍에 벽타기  빙벽이라고요???? 파워블락+절멸  궁극기는  구속기에    메이+겐지+둠피=해저드?,False,,0.0,0
@transparentdice,둠피 상위호환이면서 신박하게 잘나왔네 막기쓰는 동안 피해받으면 반사해서 유도형가시 날리고 벽타오르고<br>재미는 보장된듯,False,,0.0,0
@김현중-p3s,밸런스 파괴 살인범 나왔네 ㅋ,False,,0.0,0
@칠공이-i2e,와 어지러운데 움직임,False,,0.0,0
@gomchiim.643,사투리 없는 게 좀 아쉽구만,False,,0.0,0
@NAVI_NITRO,아니 신캐였음? 나는 왜 지금까지 시그마 신스킨인줄 알았냐,False,,0.0,0
@SeulwooJang,나만 헤일로 총 생각나냐?,False,,0.0,0
@24K_HAND.S,마우가 아나한테 다 털릴 것 같은데,False,,0.0,0
@돼지좌,이럴거면 딜둠 돌려줘요 ㅠㅠ,False,,0.0,0
@Dominic_E46,뭐야 스플래툰이야?,False,,0.0,0
@IlllIllllllIIlllllIIlIlIIII,옆동네 크산테가 부러웠나 하이퍼캐리형 탱커를 만들었네,False,,0.0,0
@wch.1223,생전 처음보는 벽 생성 스킬에 다인속박 궁까지?? 개재밌겠당,False,,0.0,0
@송준호1,재밌겠다,False,,0.0,0
@환승-z7x,메이+겐지+둠피인가요?,False,,0.0,0
@cajot5840,얘 날라다니는구나.... 어우..... 공포스럽네 둠피도 짜증나는디,False,,0.0,0
@d_owner,산데비스탄 어디감,False,,0.0,0
@s0070,아 벌써 무서움,False,,0.0,0
@택커-w7j,벽타기는 닌자들의 전유물 아니었어? 시마다의 전유물 아니었냐고!!,False,,0.0,0
@홍성준-h9n,마지막 트레 점멸쓰는거 끌어당긴거임??,False,,0.0,0
@요요-k2r,둠피스트보다 더 미친게 나왔네...,False,,0.0,0
@flight4478,개재밌어보이는데?,False,,0.0,0
@user-fr4bd2op5m,저 스킬구성이면 저거 탱이 아니라 딜러수준아니냐,False,,0.0,0
@오버워치-o2k,벽 만드는거는 공격 스킬이 아니지. 메이 같이,True,@user-fr4bd2op5m,1.0,0
@우재영-c9v,둠의 공포 시즌 2 아니냐 이거?,False,,0.0,0
@user-ok1up8ws4j,"다용도 벽 q <br>점프형 진입기 shift<br>반사 탱킹기 e<br>광역 속박cc기 r<br>벽타기 패시브",False,,0.0,0
@Cold_Poor,"벽생성, 벽넘기, 피해 반사, 도약, 속박이 다 있네",False,,0.0,0
@I_want_to_Jong-Gang,그래서 얘는 성소수자야 아니야?,False,,0.0,0
@sower37,그... 얘네는 이 캐릭터가 진짜 매력적이라고 생각하니까 출시하는 거지?,False,,0.0,0
@사무알,이거슨 퍼플 초콘가,False,,0.0,0
@mikres99ify,메이정커퀸이노,False,,0.0,0
@hybird3286,"둠, 메이 , 겐지 , 정크 덫(이동불가) 이건 탱이여 딜이여?",False,,0.0,0
@Kielh_DUB,이럴거면 메이 빙결 돌려달라고..,False,,0.0,0
@rmstjdrj2,저 벽에 충격량 증폭이라도 있는건가? 트레가 맞고 날아가서 부딛히는게 아니라 점멸타고 가다가 부딛힌거같은데,False,,0.0,0
@Skdjfnghvhfhdbeufhabdsiweurfh,매력적이누 ㅋㅋ,False,,0.0,0
@user-dy4gy8mm8m,벽에 닿으면 상대 튕겨져 나오는거같은데 좁은곳에서 상대 가르기 좋겠다,False,,0.0,0
@오버워치의유령,겉모습에서 시그마우가인가? 싶더니.. <br>스킬은 많은 영웅이 섞인 느낌이 들어요!,False,,0.0,0
@user-cloudboy,메이의 방벽 / 한조의 벽타기 / 지역범위내에서 가시 = 라마트라 궁   / 못가게 가두기 마우라  궁.. / 찌르기 둠피스트 펀치  이 무슨.. 끔찍한 혼종이...,False,,0.0,0
@morikun7317,재미는 있겠는데 OP일 거 같다;; 밸런스 망가지면 둠사태처럼 유저 또 떠나가는데... 걱정되네,False,,0.0,0
@LapuaLapua,옴닉과의 전쟁은 진작에 갈아엎은게 맞구만ㅉ,False,,0.0,0
@부대찌.개,마오가 동생<br>이냐,False,,0.0,0
@younghwiTR,"<a href=""https://www.youtube.com/watch?v=dbmBJL7Se9o&amp;t=81"">1:21</a> 위 가시벽은 날카롭고! 단단하고! 탄성력?! (트레가 지나가려다가 닿아서 데미지 입고 넉백되버림)",False,,0.0,0
@TEGO4860,김용명닮음,False,,0.0,0
@REXJO-fx2ei,억까 오지겠게,False,,0.0,0
@김씨-s2p,나만 발로란트 바이스 생각남?,False,,0.0,0
@MacGyner,딱 히오스에 나오기 좋은 스킬셋이구먼!,False,,0.0,0
@ggg_gggg_ggg,오버워치 느낌이 점점....,False,,0.0,0
@나퀘도,얼굴만 바꿔졌으면 좋겠다,False,,0.0,0
@김도영-s8o,와 미쳤다..,False,,0.0,0
@둠상필-k7m,이런 간지나는 탱커 너무좋고,False,,0.0,0
@보글보글-s1e,와 재밌겠는데 ㄹㅇ,False,,0.0,0
@TIRROR15,"<a href=""https://www.youtube.com/watch?v=dbmBJL7Se9o&amp;t=57"">0:57</a> 우리 둠피도 파워 블락하면 떨어진 머리카락이 유도탄으로 나갔으면...",False,,0.0,0
@브롤TOP,"<a href=""https://www.youtube.com/watch?v=dbmBJL7Se9o&amp;t=17"">0:17</a>지랄한다",False,,0.0,0
@mrcollerq,니들러ㅋㅋㅋㅋ,False,,0.0,0
@jeomyo4661,일단 ㅈㄴ 재밌어 보임ㅋㅋㅋ,False,,0.0,0
@여엄익선,"<a href=""https://www.youtube.com/watch?v=dbmBJL7Se9o&amp;t=17"">0:17</a> 우리 긔염둥이 한테 왜 ㅠㅠ",False,,0.0,0
@taeng-ib4ee,ㅠㅠ,True,@여엄익선,1.0,0
@Dinepcidncqpin,”그 영웅 시즌 2“,False,,0.0,0
@세렌디피티,"<a href=""https://www.youtube.com/watch?v=dbmBJL7Se9o&amp;t=52"">0:52</a> 님 거기 낙사구역이에요...",False,,0.0,0
@양태원-b3p,왜 또 브루저야...,False,,0.0,0
@잠자고있는곰,둠과 메이의 합작품 ㄷㄷ,False,,0.0,0
@rcw7858,존나 익숙한 공포인 힐러 유저면 개추ㅋㅋㅋㅋㅋㅋㅋㅋ,False,,0.0,0
@imgoingcrazyright_,어떻게 이름이 햄버거좌 ㅋㅋ,False,,0.0,0
@AngKimoring,기동성 탱커...두렵다,False,,0.0,0
@지바누보,&quot;납작해졌군&quot;,False,,0.0,0
@Green_Drone,"능력들은 나름 매력적인데, 캐릭터성이 아쉽네...",False,,0.0,0
@SignaturalHY,궁은 정말 좋아보이네 스킬 구성도 준수하고 <br>그런데 둠피스트 같은 근접 암살 탱커 치고 평타가 너무 느린 것 같은데<br>그리고 이동기가 저 돌진 베기 하나라서 기동성도 둠피보다 모자라고,False,,0.0,0
@튜스데이-q9x,어휴 똑같은 영웅 할때 난리 나겠네,False,,0.0,0
@ハッピースタート,난이도높아보이네,False,,0.0,0
@쎄이싸이아쎄이,와 멘티스 블레이드 와 강화 힘줄 이거 완전 사펑,False,,0.0,0
@ravenjin8062,아 힐러유저로써 벌써 PTSD오냐,False,,0.0,0
@totallyCute33,쁘아앙❤❤,False,,0.0,0
@kah6384,첫영상에선 이게 뭔가 싶었는데 이젠 기대가 되는구만,False,,0.0,0
@ckstmznf,왜 둠피가 보이지,False,,0.0,0
@Jude_Bellingham__5,궁이 가시를 하늘에 쏘고 비처럼 내려서<br>그걸 맞으면 뭐라 그러지 못 움직이는건가<br>둠과 연계가 꽤 좋은 챔프네,False,,0.0,0
@오이마요네즈,겐지...윈스...메이....둠....주노... 합친 느낌,False,,0.0,0
@beatmax2004,뭔가 ㅈㄴ 정신 없고 이것저것 짬통에 근본 없는거 같은데 ㅋㅋ 그래도 신캐는 환영이지 ㅋㅋ,False,,0.0,0
@Mill3rrrrr,기동성이 너무 좋네 벽타기까지 되고,False,,0.0,0
@영괭,이동기........ 딜............. 방어.............. 그냥 미쳤네,False,,0.0,0
@Oloid-l9p,지금 체험해볼수 있다 개재밌자 ㅋㅋ,False,,0.0,0
@차돌-b5y,찢고 죽여라. 모든 것이 끝날 때까지!,False,,0.0,0
@Ap-zn6qx,&quot;최선의 방어는...&quot;,False,,0.0,0
@타오르는자,이쁜 장수풍뎅이,False,,0.0,0
@지호준-m7n,우왕~~,False,,0.0,0
@KimChi_ld,둠피스트에 겐지에 메이에... 세상에,False,,0.0,0
@오이마요네즈,하드cc기 없애다면서요...!!!!,False,,0.0,0
@980번째비사회인,뛰고 벽오르고 속박 벽생성<br>평타는 샷건 느낌이네,False,,0.0,0
@munyumin,개재밌겠다ㅋㅋㅋㅋ 옵치2 개발팀은 진짜 딴건몰라도 캐릭터 스킬셋 디자인 하난 잘만들어 재미와 개성 성능까지 다챙김,False,,0.0,0
@웅냠,벽 만들고 벽 타고 멀리 날아가고<br>아주 지저분한 케릭터를 만들었네,False,,0.0,0
@khu62071,둠피랑 메이랑 결혼해서 자식낳았냐,False,,0.0,0
@웅덩이-n9b,"정크 버프나 해주세요,,",False,,0.0,0
@파란발얼가니새,마우가냐,False,,0.0,0
@lielie3803,"<a href=""https://www.youtube.com/watch?v=dbmBJL7Se9o&amp;t=83"">1:23</a> 벽에 부딪치면 뭐 있나? <br><a href=""https://www.youtube.com/watch?v=dbmBJL7Se9o&amp;t=23"">0:23</a> 이 부분 토르랑, 위에 <a href=""https://www.youtube.com/watch?v=dbmBJL7Se9o&amp;t=83"">1:23</a> 트레이서 둘 다 벽에 부딪칠때 이펙트 있는데",False,,0.0,0
@bluebear9629,넉백 되는듯,True,@lielie3803,3.0,0
@Summer24011,"<a href=""https://www.youtube.com/watch?v=dbmBJL7Se9o&amp;t=83"">1:23</a> 연타하니까 호우~ 이러네 ㅋㅋㅋ",True,@lielie3803,3.0,0
@ONCE-u5b,데미지도 입음,True,@lielie3803,3.0,0
@ws6874,이거 제 2의 둠피가 될 것같은 기분이..,False,,0.0,0
@Oloid-l9p,해저드 왜 지금 할수있냐,False,,0.0,0
@user-ve3wh5ex9z,역시 옵치는 옆 동네 게임이랑 다르게 캐릭터는 기깔나게 잘만듦 ㅋㅋ,False,,0.0,0
@고등어이쿠,이러면 리퍼쓸만하겠는데?,False,,0.0,0
@kws4704,메이 악독한 버전 폼 미쳤다,False,,0.0,0
@poster976,방벽으로 하도 데이고 부정적여론 많다보니 어지간하면 탱커들은 방벽을 안주네 근데 안줄만도해 ㅋㅋㅋ,False,,0.0,0
@돌리-j3p,생긴건 무슨 모바일 게임 캐릭터 같이 생겼네,False,,0.0,0
@gkvl6759,진짜 개어렵겠다,False,,0.0,0
@nayutainjapan,두근두근,False,,0.0,0
@KIM_SOLA-POWER,이것들은 영웅 숫자도 적으면서 밸런스가 산으로가네,False,,0.0,0
@stayinmy_mind,진짜 간지하나는 역대급이네 미친 ㅋㅋㅋㅋ,False,,0.0,0
@oesnimk,ㅇㄴ 카즈하 성우라고..?,False,,0.0,0
@으익-z2b,딱 보니까 어쩔힐벤에 터지게 생겼네,False,,0.0,0
@김준하-q2g,스킬들 전부 보면 미친 캐리력 있는 탱커다,False,,0.0,0
@jhaha57914,기동성에서 나만 둠피가 보이노?,False,,0.0,0
@쏘쥬-p3b,벽타기에 점프에 벽이라니 오피다 못생겼다고 해서 미안하다  너프는 천천히받아라,False,,0.0,0
@Twilight-lm2sd,기동성이 높은 브루져라고..? 완전 둠피잖아,False,,0.0,0
@OneTabbyYeiX,심지어 궁은 군중제어기 ㄷㄷ,True,@Twilight-lm2sd,1.0,0
@끄덕끄덕,얘땜에 주노 개떡상할거같다,False,,0.0,0
@진순-r3d,사파탱 느낌이네 정파탱 유저들은<br>쓰기힘들듯,False,,0.0,0
@Grey-kitty,ㅋㅋㅋㅋ 그래 이런 인파이터 캐릭좀 내주라고,False,,0.0,0
@시로떡,"벽타기, 속박, 벽생성, 이동기, 파워블락+유도탄 발사 이거 엄청나겠는데?",False,,0.0,0
@지니게임즈,가시처럼 깊게 박힌 기억은.....,False,,0.0,0
@DarkChocoHolic33,오 벽만들고 벽타는거 쓰기 재밋어보인다,False,,0.0,0
@색종이접기-j4f,동덕여대 ㅋㅋ,False,,0.0,0
@초콜릿-p2s,13시즌 시작한지 얼마 안된것같은데 벌써 14시즌이네 ㄷㄷ,False,,0.0,0
@crescently,이미 설치된 벽에도 공격판정있나보네요 트레이서 점멸쓰는데 튕겨나옴 ㅋㅋㅋ,False,,0.0,0
@윤준영-g3g,줫됐네....,False,,0.0,0
@HYG1228,방금 훈련장에서 해봤는데 미쳤네,False,,0.0,0
@키리코를사랑하는남자,"<a href=""https://www.youtube.com/watch?v=dbmBJL7Se9o&amp;t=16"">0:16</a> 탱커중 최초 벽타는탱커닷~",False,,0.0,0
@Oloid-l9p,이동기도 있고 벽타기도 있고 ㅋㅋㅋ 걍 딜둠이다...,True,@키리코를사랑하는남자,1.0,0
@물-n7y,아자르가 입에 잘붙는데,False,,0.0,0
@힝-s2z,둠피 처럼 파워블락 비스무리한데 반사까지 있고 돌진 기능 있고 메이처럼 벽설치하고 벾타기 도있는데 퀸처럼 상대 끌어당길 수도 있는데 궁에는 속박 까지 있네;;,False,,0.0,0
@hweidrion,뭔 프로토스-저그 혼종이여,False,,0.0,0
@jcook5561,확실히 오버워치는 기동성이 있어야돼,False,,0.0,0
@다잉몬,얘 혹시 그건가 맨날 유튜버들이 신캐 떡밥이러면서 올리던 영상에 탱커쪽에 있던 초록색 가시있는 이상한애? 걔를 바꾼건가? 아님 말고...,False,,0.0,0
@표기판,그냥 벽 만들고 벽타고 날라가서 찍어버린다는거 자체가 아이디어가 너무좋음,False,,0.0,0
@K골프,아니 잠깐만 이게 김신우 성우 님 목소리라고??,False,,0.0,0
@김교도-g1l,락카칠?,False,,0.0,0
@kellogg0323,물몸탱이어야 밸런스 맞을 것 같은...,False,,0.0,0
@minkim7076,레알로 마우가 시그마 섞은거 같네 ㅋ,False,,0.0,0
@Berakoth,일리아리는 이 영상에서 두 번이나 당하네... ㅠㅠ,False,,0.0,0
@HaezilNeok,이놈의 오버워치 캐릭터들은 정상적인 무기를 쓰는 법이 없음ㅋㅋㅋㅋㅋㅋㅋ,False,,0.0,0
@H0T_pink,하아 남성향 신캐만 줄줄히 내주는거 개맛있노ㅋㅋㅋㅋ 차은운지 뭔지 미소년캐 하고싶으면 원신으로 가십쇼 예,False,,0.0,0
@Dong_chime,아니 ㅈ사기같은데..?,False,,0.0,0
@H20x0.9,근데 좀 무기설정이<br>미래 sf같이 나오면 좋겟음<br>이상한 보라색 마법같은거는 좀 깨는데,False,,0.0,0
@taldarim_highlord,마우가한테서 느꼈던 그 짜릿함이 다시 살아난다 아니 오히려 내 품 안에서 요동친다 마우가는 못하는 &quot;벽타기&quot;가 가능하니까!!!!!!!!!!!,False,,0.0,0
@Ddddddddd-n3v,뭐지 개사기챔 아닌가??,False,,0.0,0
@표기판,요즘 오버워치 폼 미쳤으면 개추,False,,0.0,0
@여니-x9b,와 어려워보인다,False,,0.0,0
@gamo72,재밌어보이긴하네,False,,0.0,0
@mommummei,탱이 시불 벽타기요?,False,,0.0,0
@박천후-z1w,"<a href=""https://www.youtube.com/watch?v=dbmBJL7Se9o&amp;t=61"">1:01</a> 왜 이렇게 웃기냐 ㅋㅋㅋ",False,,0.0,0
@YYYDdadff,아니 벽타기에 이동기 벽세우기 막기 속박...? +넉백,False,,0.0,0
@호-k6w,속박 혹시 sm?,False,,0.0,0
@pinksolejelly1128,힐러들 오열,False,,0.0,0
@user-yj1qk9iy1f,개어려워보이네..,False,,0.0,0
@북악산신령박원순-y3y,왜 그 왕주먹 코코볼련이 보이냐,False,,0.0,0
@문어-s7d,벽타는탱커다 ㅋㅋㅋㅋㅋㅋㅋ,False,,0.0,0
@YaBam369,"그래 신체가 반이 기계의족인데, 그깟 벽하나 못넘는게 이상하지<br>근데 궁극기 범위 속박은 좀 선 넘는디;;; 그것도 거의즉발 ㄷㄷㄷ",False,,0.0,0
@bluestar-n5v,스킬셋 개성있네 재밌겠다,False,,0.0,0
@리얼닭백숙,"스킬 예측 <br><br>패시브 - 벽넘기<br>한조,키리코,겐지처럼 벽타기 가능 <br><br>평타 - 본스퍼<br>둠피 평타와 유사한듯 <br><br>우클릭 - 날카로운 저항<br>막으면서 뎀지반사 <br><br>E - 가시벽<br>지형 상관 없이 벽설치 <br><br>좌쉬프트 - 찌르기<br>점프 후 왼손으로 칼질 <br><br>궁극기 - 가시 소나기<br>적을 n초동안 속박<br>(이동스킬 사용불가)",False,,0.0,0
@super-darling,내 생각엔 우클릭이 가시벽일 듯,True,@리얼닭백숙,2.0,0
@리얼닭백숙,@super-darling  지금 훈련장에 풀려서 제가 예측한거 대부분 맞은듯,True,@리얼닭백숙,2.0,0
@토르비욘-r1y,메이의 빙벽 + 윈스턴 점프팩 + 겐지 벽타기 + 둠피스트 파워블락,False,,0.0,0
@user-s3NF12wC,"미친. 뭘 만드신 겁니까, 블리자드? 뚜벅이들은 다 죽게 생겼구만",False,,0.0,0
@intothe-night17,쿠파 진짜 너야?...,False,,0.0,0
@user-eb8gm6qn4,역시 이번에도 실망시키지 않고 잘나왔군 ㅋ,False,,0.0,0
@siege033,이런 애도 나왔는데 둠피롤백좀,False,,0.0,0
@jacksss624,가시지옥 (럴커)네ㅋㅋㅋㅋㅋ,False,,0.0,0
@user-pb8do1zu5z,"벽이 튀어나와서 밀치는게 아니라 그냥 벽에 닿으면 무조건 루시우 밀치기 처럼 튕겨 나가네ㅋㅋㅋ <a href=""https://www.youtube.com/watch?v=dbmBJL7Se9o&amp;t=82"">1:22</a>  <a href=""https://www.youtube.com/watch?v=dbmBJL7Se9o&amp;t=22"">0:22</a>",False,,0.0,0
@엠피empy,"<a href=""https://www.youtube.com/watch?v=dbmBJL7Se9o&amp;t=52"">0:52</a> 최선의 방어는..?<br>이거 둠피 패시브...",False,,0.0,0
@사자맛호랑이,ㅋㅋㅋㅋㅋ 영상 기대할게요,True,@엠피empy,3.0,0
@고구마호박-y4q,둠피 처치대사로 나올듯,True,@엠피empy,3.0,0
@최진성-i5c,심지어 요격 기능까지 추가로?!,True,@엠피empy,3.0,0
@김유주-m9i,재밌어보이는데?,False,,0.0,0
@노가사리,가시벽은 생성시 타격뿐만이 아니라<br>닿는것도 피해를 주는건가? ㄷㄷ,False,,0.0,0
@yesvember18,와..이건..좀 쩌는데?😊,False,,0.0,0
@aaa-aa7,왜 내렸다가 다시 올리노,False,,0.0,0
@dms0106,와씨 나만 딜둠 생각난거 아니었네ㅋㅋㅋㅋㅋ,False,,0.0,0
@윤겔라-j4j,적이 벽에 맞으면 튕기는데???? 컨셉뭐어쩌고 보다 그냥 캐릭터가 재밌어보임,False,,0.0,0
@lielie3803,"벽 생성, 벽 타기, 이동기, 안아프게 맞으면서 투사체쏘기, 상대 속박 ?????????<br><br>스킬셋 머임 ?????",False,,0.0,0
@Black_NEMOo,얘 너무 말이 많은데?ㅋㅋㅋㅋㅋ,False,,0.0,0
@푸킨,스킨인줄 알았던 사람 손,False,,0.0,0
@hensylee6571,괜찮은데?,False,,0.0,0
@MohamNim,둠+ 메이?,False,,0.0,0
@순살조아,벽을 타?,False,,0.0,0
@wearethefuturein,해당 영상은 인게임과 다를 수 있습니다,False,,0.0,0
@나제왕,윈스턴은 이제 은퇴해라 그냥,False,,0.0,0
@wpelwpel,그냥 둠피+마우가+라마트라 아님?,False,,0.0,0
@lIIIllIIIllIIIllIIllIIllIIllII,캐릭터도 캐릭턴데 브금이 진짜 ㅈ되네ㅋㅋㅋㅋㅋ,False,,0.0,0
@lee9207,캐릭터 재밌게 만드렁ㅆ넹,False,,0.0,0
@lielie3803,"<a href=""https://www.youtube.com/watch?v=dbmBJL7Se9o&amp;t=57"">0:57</a> 얘도 안아프게 맞기임?",False,,0.0,0
@user-fx7wm7lc4f,캬 남자의마음을 잘아네,False,,0.0,0
@골뱅이무침-i7t,이게 얼마만에 다이브형 탱커냐,False,,0.0,0
@Mingun-j4r,둠.,False,,0.0,0
@Bg2Bm,와 가시벽 타고 이동하는게 진짜 신박하네 ㅋㅋㅋ 벤처부터 느꼈는데 하이퍼fps라는 요소를 요즘 잘살리는듯,False,,0.0,0
@Linkman-j9g,벽타는 탱커 신선하네<br>메이 방벽매커니즘도 좋고,True,@Bg2Bm,5.0,0
@sang_sa,근데 fps는 날라간… 총이 주먹보다 약해 샹,True,@Bg2Bm,5.0,0
@sdds3819,@@sang_sa 하이퍼니까;,True,@Bg2Bm,5.0,0
@나무-x2m,뭐가 좋다는거지? 남에 스킬 다가져와서 붙여놨구만,True,@Bg2Bm,5.0,0
@FATELIFE-운명의삶,정크랫 궁?,True,@Bg2Bm,5.0,0
@hyxxncxx8281,또 닌자탱커야?ㅋㅋ,False,,0.0,0
@산꽁꽁,스킨무조건껴야겠다,False,,0.0,0
@자두-n9h,다른건 다모르겠고 재미하나는 보장할듯,False,,0.0,0
@sooniiipark1935,"메이,위버,해저드 너무 셀레는 조합이네요~ ㅎㅎㅎ",False,,0.0,0
@OneTabbyYeiX,소름이네 이중벽 ㅋㅋ,True,@sooniiipark1935,1.0,0
@Bum._.0205,메이 궁 십상위호완아님?? 개좋아 보이네,False,,0.0,0
@오닉-w9p,말그대로 캐릭터에서 벽이 느껴진다..,False,,0.0,0
@chanik4419,벽타는 탱커+자동에임 미사일이라니ㄷㄷㄷ,False,,0.0,0
@isdelicious1848,자동에임보단 전방의 일부 범위에만 난사하는 방식인 듯 보라색으로 범위표시가 나고 그부분만 사격하는거 보니,True,@chanik4419,1.0,0
@milton1a,ㅋㅋㅋㅋㅋㅋㅋ한번 비공돌렸다 다시풀었네,False,,0.0,0
@태극당수권,패시브 : 벽타기<br>본스퍼 기본공격 : 샷건<br>가시벽 우클 (예상) : 빙벽느낌의 구조물 발사하고 영웅을 밀쳐냄 그리고 벽에도 설치 가능<br>E스킬 (예상) : 정커퀸도륙느낌의칼긋기<br>덤벼들기 쉬프트 (예상) : 윈스턴 점프팩 같은 느낌으로 날아감 직선도 가능<br>가시 소나기 궁 : 가시를 날려 메이궁 마냥 움직임 제한검 자신이 움직일수있는 범위궁으로 보임<br>날카로운 저항 궁스킬 : 둠피 파워블락 라마 막기 마냥 막아냄,False,,0.0,0
@palsun779,벽을타네 이거;;,False,,0.0,0
@아댕,와ㅆ 근접무기 레전드<br>사펑 맨티스 블레이드같아서 너무 멋지자너,False,,0.0,0
@nadamustafa2239,Siiiiick,False,,0.0,0
@취미용-i7r,회춘한 시그마,False,,0.0,0
@디지털육군,캐릭터 넘못뽑았다..이것저것잡탕캐릭인거같은대 디자인까지 구리네,False,,0.0,0
@sukisukisuki424,캐릭 스킬 참 거지같이 만들었네...,False,,0.0,0
@이름-m3q2f,얼마 뒤<br>??? : 해저드씨 인자 바보로 삽시다. 여 썰고. 여기도 썰고.,False,,0.0,0
@제리-j7m,"<a href=""https://www.youtube.com/watch?v=dbmBJL7Se9o&amp;t=83"">1:23</a> 둠피 처럼 벽 뎀 들어가네 완전 사기캐아닌가",False,,0.0,0
@OneTabbyYeiX,올린 벽이 독벽이라 닿으면 넉백+ 데미지 입는듯,True,@제리-j7m,1.0,0
@hhhh0725,이렇게만 봤을땐 너무 개사기인데?ㅋㅋㅋ,False,,0.0,0
@RYAN-gs8df,너프예정 잘봣구요😂,False,,0.0,0
@cchhoo1004,"<a href=""https://www.youtube.com/watch?v=dbmBJL7Se9o&amp;t=73"">1:13</a>   마우가 돌파도 캔슬하고 묶어  버리네",False,,0.0,0
@인생을즐겨라-n8t,cc기 무적아닌가?? 보여주기식인지 진짜인지는 나와봐야알듯 만약 캔슬이면 벨붕임,True,@cchhoo1004,5.0,0
@crown_alpha,방금 해봤는데 돌파중에는 안 묶임 본격적인 돌파에 들어가기 직전에 묶인듯,True,@cchhoo1004,5.0,0
@인생을즐겨라-n8t,@@crown_alpha 이거 본섭체험인가요?,True,@cchhoo1004,5.0,0
@고구마호박-y4q,음성때문에 헷갈렸지만 영상보면 돌파 안씀,True,@cchhoo1004,5.0,0
@_HF-fx9hz,돌파쓰는순간은 저지불가아님 쉬프트누르고 0.5초정도 있어야 저지불가됨,True,@cchhoo1004,5.0,0
@청춘방부,해저드조합 미쳦네,False,,0.0,0
@eemsuhae,기본 스펙은 어떻게 나오련지,False,,0.0,0
@데스소스한모금,벽을타요?,False,,0.0,0
@keigen-v1w,헤저드가 만든 벽 위에 메이가 벽을 세웠을 때 헤저드 벽이 먼저 무너지면 메이 벽도 무너질까 아니면 땅으로 내려올까.,False,,0.0,0
@도레베,총모양이 사슴벌레 뿔처럼 생김 ㄱㅇㅇ,False,,0.0,0
@올드트래포트,아자르 은퇴하고 옵치 생활하노,False,,0.0,0
@이름-q5o,탱커가 산데비스탄에 맨티스블레이드 까지 쓴다고..?<br>이거 완전,False,,0.0,0
@user-nc3vr6yr7y,맥스택 불러,True,@이름-q5o,4.0,0
@Waytoice,끼야아악 사이버 사이코다,True,@이름-q5o,4.0,0
@sa31k_a,기초적인 임플란트다,True,@이름-q5o,4.0,0
@DfPZV5cz1CPM,투사체 발사 시스템 &lt;&lt; 이거 달았으니 곧 사이버사이코될듯 ㅋㅋ,True,@이름-q5o,4.0,0
@gh17-e6s,와.......이게 탱커지 그래!!!!!!!!,False,,0.0,0
@enganche226,벽생성+벽타기는 신박하네,False,,0.0,0
@NEOPCHI,간만에 기동성 탱커 나와서 좋습니다,False,,0.0,0
@303.Feel3,"<a href=""https://www.youtube.com/watch?v=dbmBJL7Se9o&amp;t=81"">1:21</a> 콤보 개미쳤네ㅋㅋㅋㅋ  성능과 별개로 스킬 구성은 야무지게 만든듯",False,,0.0,0
@성이름-h4u7l,주노 나온지 얼마나 지났다고 또 신캐냐 시간 진짜빠르네,True,@303.Feel3,5.0,0
@user-jjjlihuh,@@성이름-h4u7l 사실 원래 이게 맞는건데 옵치1때 개십카플란이 질질 끌은거지,True,@303.Feel3,5.0,0
@InvisibleDragon,시즌1때 이랬어봐 롤 근처까진 유지됐지...,True,@303.Feel3,5.0,0
@geonwoojeon8808,씹프카플란:없데이트지만 인력충원 회사에서 해준다지만 &#39;불쾌감 유발&#39;되니 필요없다,True,@303.Feel3,5.0,0
@sj-pd9jr,트레이서 야발년 척추박살내는건 좀 통쾌하네,True,@303.Feel3,5.0,0
@malch08,흠,False,,0.0,0
@randombox_sejin,미친 스킬이 몇개여 ㅋㅋㅋㅋㅋ,False,,0.0,0
@fforte-love,날아다니는 메이네 ㅋㅋ,False,,0.0,0
@자기전에게임몇판,해저드 = 둠피스트 + 오리사 + 시그마 + 정크렛  ???????,False,,0.0,0
@ILOVEBAJI0609,걍 재밌는 캐릭터 스킬들은 다 짬뽕시켜놨네 맛있는 거+맛있는거.. 개재밌겠다,False,,0.0,0
@hunterabyss7965,날카로운 저항 몬가 둠발롬 방어자세 비슷하네,False,,0.0,0
@하늘기린,주노메타는 죽지않는다..,False,,0.0,0
@secoed475,와 죨래색시해,False,,0.0,0
@풍선-l2d,뭔가 둠피랑 메이랑 합친느낌이네,False,,0.0,0
@bsj9927,겐지+둠피+메이,True,@풍선-l2d,1.0,0
@LL-v7t,미쳤다,False,,0.0,0
@박똥인데요,제 2의 둠이다...근데 개재밌겠다 ㅋㅋㅋㅋ,False,,0.0,0
@블로스터,"<a href=""https://www.youtube.com/watch?v=dbmBJL7Se9o&amp;t=23"">0:23</a> 토르 날아가욧~",False,,0.0,0
@Megalia0523,탱커유저로서 행복합니다~,False,,0.0,0
@고얌미-k1y,할로윈 때문에 오아시스가 그런 줄 알았는데 해저드 소개였구나,False,,0.0,0
@BeeNeng,자세도 엉성하고 뭔 병걸린 고슴도치 같은데 좀 과감하게 디자인해도 됐을듯,False,,0.0,0
@브레스쓰는이블조,와 라마트라는 막기만 하는데 얜 막으면 딜까지 넣네,False,,0.0,0
@tt-qr4yf,어어 점마 갑자기 벽은 왜타노;;,False,,0.0,0
@isdelicious1848,겐지 : ???<br>한조 : ???<br>키리코 : ???,True,@tt-qr4yf,1.0,0
@제리-j7m,스킬이 뭔 3개나 있어 둠 상위호환인가<br>패시브로 벽타기도있네,False,,0.0,0
@김준-u5p,오브젝트 만드는 탱커는 처음인데 기대된다,False,,0.0,0
@dodo22e0dod2,일단 관짝은 안 가겠네 가시벽 빙벽 상위호환이려나 저거로 상대 진영 가르고 덤벼들기로 날아가서 뒷라인 맛있게 먹을 각 쉽게 나오겠는데,False,,0.0,0
@rhygamers,딱봐도 운용 난이도 주옥되네 ㅠ,False,,0.0,0
@sakimasa9296,오랜만에 좀 흥미가 생기네 ㅋㅋㅋㅋㅋㅋ,False,,0.0,0
@ddong1,이거 단단한 겐지 아녀,False,,0.0,0
@junn-k1e,이것이 fps 게임인것인가.. ㄷㄷ,False,,0.0,0
@김이정-v2z,위버 남친인가요?,False,,0.0,0
@어어-x6d,스킬셋이 둠피보다 더 한게 나오네 ㅋㅋㅋㅋㅋㅋㅋㅋㅋㅋㅋㅋㅋ,False,,0.0,0
@Fucku12y,ㅋㅋㅋㅋㅋㅋㅋㅋㅋㅋㅋㅋㅋㅋㅋㅋㅋㅋㅋㅋㅋㅋㅋㅋㅋㅋㅋㅋㅋㅋㅋ,True,@어어-x6d,5.0,0
@mowmow1216,기동력 좋은 탱커는 역겹긴하지...,True,@어어-x6d,5.0,0
@furry_66,​@@mowmow1216레킹볼: ..?,True,@어어-x6d,5.0,0
@yongin9303,ㅈㄴ 약해서 무쓸이더라,True,@어어-x6d,5.0,0
@Erun10c,@@furry_66 햄찌 역겨움,True,@어어-x6d,5.0,0
@오이-q5h9m,이거 아론님 엄청 하시겠네 나오면,False,,0.0,0
@레잔도블라꾸,"<a href=""https://www.youtube.com/watch?v=dbmBJL7Se9o&amp;t=87"">1:27</a> 오 혀 안에 노란색",False,,0.0,0
@더블제이-y7n,메이 탱커버전인가?,False,,0.0,0
@human051,그냥 봐도 존나 꿀잼 탱커네 ㅋㅋ,False,,0.0,0
@solly4023,근데 얘 왜 은근 까임? 잘 뽑혔는데,False,,0.0,0
@철갑상어탄,키리코 한조 해저드 겐지 4인벽타기메타 기대합니다,False,,0.0,0
@wdq-r5n,찐이다!,True,@철갑상어탄,5.0,0
@월천-l8y,나머지 하나는 루시우인가요,True,@철갑상어탄,5.0,0
@averline6606,​@@월천-l8y조건부로 주노? 해저드랑 진짜 잘맞을거 같은데,True,@철갑상어탄,5.0,0
@Retr0_man,아나는 진짜 힐주기 개같을듯 ~,True,@철갑상어탄,5.0,0
@king_SFP,잠만... 진짜로 루슈까지 끼면 탱1 딜2 힐2 역고특공대 완성이잖아??,True,@철갑상어탄,5.0,0
@ddd9794,존잘 남캐나 만들것이지,False,,0.0,0
@mini-jeansfighting,벽은 진짜 재밌겠네<br>딱 <br><b>메이 벽 + 에코 평타 + 정커퀸 E + 라마 궁&amp;막기 + 파라 궁</b><br>이렇게 짬뽕해서 나온듯,False,,0.0,0
@갱스터네,오버워치 왜 점점 추구미가 러쉬로 되어가는 것 같지 또 러쉬메타네 그만....... 😢,False,,0.0,0
@2214-h8s,제2의 둠피 나오냐..?,False,,0.0,0
@부공-w1u,시마다 가문 한명만 더내줘,False,,0.0,0
@tearsofryze,이건 말이 안되는 기술조합인데.<br>너무 사긴데요?,False,,0.0,0
@jooh_lee,일단 광물은 플레이하기 개빡셀거같은 스킬셋이군,False,,0.0,0
@user-unxuqsc,아무리봐도 쟤 곧 게이라고 발표할듯,False,,0.0,0
@waffle_0614,아 제발 에반데,True,@user-unxuqsc,1.0,0
@Jax-b9j7i,시마다 해저드...,False,,0.0,0
@두뢉더빝,"라인도 제트팩으로 점프라도 할 수 있게 해줘,,,",False,,0.0,0
@chinkoyaki,덤벼들기 쉬프트<br>가시벽 e<br>패시브 벽넘기<br>궁극기 가시소나기<br>본스퍼? 기본공격 아님 우클,False,,0.0,0
@jagdishsama4085,친칠라는 다 찢어?,True,@chinkoyaki,1.0,0
@Arthur1887-gaming,포도맛 마이쮸로 바닥 깔고 묶어두는 게 궁이네 ㄷㄷ,False,,0.0,0
@Greed_104,하이파이 러쉬보는 느낌이야.. 뭐야 이거,False,,0.0,0
@MungTangE,"<a href=""https://www.youtube.com/watch?v=dbmBJL7Se9o&amp;t=70"">1:10</a> 뭐..? 찢?? ㅎㄷㄷ",False,,0.0,0
@올드트래포트,어어 밀지마라,True,@MungTangE,1.0,0
@hyune7517,"<a href=""https://www.youtube.com/watch?v=dbmBJL7Se9o&amp;t=23"">0:23</a> 우클릭<br><a href=""https://www.youtube.com/watch?v=dbmBJL7Se9o&amp;t=30"">0:30</a> 좌클릭<br><a href=""https://www.youtube.com/watch?v=dbmBJL7Se9o&amp;t=46"">0:46</a> E스킬<br><a href=""https://www.youtube.com/watch?v=dbmBJL7Se9o&amp;t=59"">0:59</a>  쉬프트<br>요런 느낌인데",False,,0.0,0
@qquajua,벽 넘기는 패시브고 날카로운 저항이 쉬프트일 것 같은데,True,@hyune7517,4.0,0
@hyune7517,@@qquajua 타임라인 수정했슴다 저도 저 웅크리는게 쉬프트일것 같아요,True,@hyune7517,4.0,0
@syc5393,보통 이동기가 쉬프트가 많으니 날카로운 저항이 e스킬 같음 둠피처럼,True,@hyune7517,4.0,0
@이이리-d3h,근데 예전부터 이동기는 쉬프트가 국룰이긴 했음,True,@hyune7517,4.0,0
@user-arisalove3,제 2의 둠이자나?,False,,0.0,0
@으냉이,좀 사기 아님?,False,,0.0,0
@soeeyzb,둠피처럼 조작난이도 어려워보이네...,False,,0.0,0
@sindorim0417,오 기대 별로 안 했는디 스킬들이 생각보다 재밌어보이네,False,,0.0,0
@Venomousvenom8,멈춰있던 내 혈액이 다시 돌기시작한다....,False,,0.0,0
@어깨충돌증후군,언제 출시되나요 ㄷㄷ둠피만하기지겨웠는데자로댔다,False,,0.0,0
@Venomousvenom8,우리 오버워치 절대 월클입니다 ㅜㅜㅜㅜㅜㅜㅜㅜㅜㅜㅜㅜㅜㅜㅜㅜㅜㅜㅜㅜㅜㅜㅜㅜㅜㅜㅜㅜㅜㅜㅜㅜㅜㅜㅜㅜㅜㅜㅜㅜㅜㅜㅜ,False,,0.0,0
@타는불꽃,이제 비행탱커도 나온다면 재밌겠네,False,,0.0,0
@Cowboybibopp,기동성이 윈스턴 급이네ㄷㄷ,False,,0.0,0
@극과극,오버워치 신캐는 진짜 가슴을 울린다.. 스킬도 재밌겠노 바로 내일 사전 플레이 두개재~~~~,False,,0.0,0
@우왕-x4u,캐릭터 짬뽕 혼돈카오스가 컨셉인듯 짬뽕된게 많네,False,,0.0,0
@yeb92041,와 개재밌어보인다,False,,0.0,0
@앙도현-u6u,마우가 쉬프트인 상태였는데 궁에 걸리네 ㄷㄷ😮<br>시전 중일 때 걸린건가?,False,,0.0,0
@하와이안돌고래,"벽생성하고 그걸 타 넘고, 궁극기가 범위형 개별 바인드......? 미친?",False,,0.0,0
@전아연-zn,"<a href=""https://www.youtube.com/watch?v=dbmBJL7Se9o&amp;t=68"">1:08</a> 다 찢어...?",False,,0.0,0
@Cowboybibopp,(구속),True,@전아연-zn,5.0,0
@오이-q5h9m,헤이헤이!,True,@전아연-zn,5.0,0
@mandu0114,어어 안된다,True,@전아연-zn,5.0,0
@C4khr0g,재매이햄?,True,@전아연-zn,5.0,0
@시포월궁전,어어 안된다!,True,@전아연-zn,5.0,0
@dfhg8879,오리사처럼 총알 무한인가?,False,,0.0,0
@know2ledger,ㄹㅇ 고점 개 높을거 같은데,False,,0.0,0
@hoseokyang4207,개재밌겠네 ㅋㅋㅋㅋㅋㅋㅋㅋㅋㅋ,False,,0.0,0
@kealize,시그마 동생,False,,0.0,0
@hyune7517,이야…..메이+ 메이한테 없는거 다가지고있네,False,,0.0,0
@sKepTiCal404,존나 재밌겠다 ㅅㅂㅋㅋㅋㅋㅋㅋㅋㅋㅋㅋ,False,,0.0,0
@duckzebro,"보기엔 이거 너무 좋은데 마우가, 라마트라 상위호환 같은 ...",False,,0.0,0
@ckdrb303,재미 GOAT 탱커등장 ㅋㅋㅋㅋㅋㅋ,False,,0.0,0
@dmmml4478,디자인이고 나발이고 재밌어보이긴 하네 ㅋㅋㅋㅋㅋㅋㅋㅋㅋㅋㅋㅋ,False,,0.0,0
@Limerose7573,둠피 오리사 정커퀸 등등 몇가지가 합쳐진거같은 느낌이네여,False,,0.0,0
@크르르,성우도 줜나 잘뽑았네..<br>개사기 스킬을 다받았네 ..,False,,0.0,0
@qwertyuiopasdfghjklzxcvbnm1604,성덕충 또 흥분하네<br>전생 미노타군임?,True,@크르르,5.0,0
@lyrics4886,​@@qwertyuiopasdfghjklzxcvbnm1604 왤케 꼬였노 ㅋㅋㅋㅋ,True,@크르르,5.0,0
@람쥐썬더-c4u,​@@qwertyuiopasdfghjklzxcvbnm1604현실은 디시가 아니에요 성우 이름언급한것도 아닌데 너무 과민반응같아요,True,@크르르,5.0,0
@gom7893,​@@qwertyuiopasdfghjklzxcvbnm1604 미노타군은 뭔데 씹덕아,True,@크르르,5.0,0
@user-nm1dq3yz5s,다 받긴 했는데... 게임이 망했네,True,@크르르,5.0,0
@HYUNKYUNG-06,다음 신캐는 여캐겠네요 예쁜 여캐이길 바랍니다 근데 설마 옴닉이나 중성이면... ㅎ,False,,0.0,0
@KBeanOW,점프팩 달고 추가로 벽타는 탱커는 또 신기하네;,False,,0.0,0
@chocobeeda,이동기 좋네 해보고싶다,False,,0.0,0
@소설빌런,지렸다,False,,0.0,0
@Reinhardt98,흐음~ 사기캐 냄새 폴폴나고,False,,0.0,0
@김태형-q8x9q,카이사 절망편 ㅋㅋㅋㅋㅋㅋㅋㅋㅋㅋㅋㅋㅋㅋㅋㅋㅋㅋㅋㅋㅋㅋ,False,,0.0,0
@scrub5307,캬 이거지 영상이 살아있구만,False,,0.0,0
@scrub5307,"<a href=""https://www.youtube.com/watch?v=dbmBJL7Se9o&amp;t=17"">0:17</a> 근데 여기 나만 지ㄹ한다라고 들리나",True,@scrub5307,4.0,0
@user-up9nr9ed8m,​@@scrub5307ㅋㅋㅋㅋㅋㅋㅋㅋㅋ개웃기네,True,@scrub5307,4.0,0
@리프먼,​@@scrub5307 원래는 지나간다인가??ㅋㅋ,True,@scrub5307,4.0,0
@YouTuBug,맹꽁이방 네이놈..! 또 무엇을 만드려는 것이냐...!,True,@scrub5307,4.0,0
@eyxiofficial,개재밌겠다 이거 못참는다,False,,0.0,0
@콰블루,ㄹㅇㅋㅋ,True,@eyxiofficial,2.0,0
@아거스-p9n,나이스 저벽으로트롤해야겠다,True,@eyxiofficial,2.0,0
@INE158.99,메인탱이다,False,,0.0,0
@솔개그늘-u3s,기동력에 광역cc를? 탱인데? 왠일이지?,False,,0.0,0
@Whatareyoutalkingbidet,안돼 둠피 제어하기도 힘들었는데 이젠 더 미친놈이 나왔네,False,,0.0,0
@MrHamapop,대빵근육곰도치호저가 벽타서 눈 앞까지 온다고??? 미쳤네 그냥,False,,0.0,0
@wood_chip,잊고있던 둠의 공포가 다시 돌아온다,False,,0.0,0
@jagdishsama4085,나만 떨고 있는게 아니네 ㅋㅋㅋㅋㅋㅋ,True,@wood_chip,5.0,0
@laladoru,뚜벅이 딜힐러들은 울고있다...,True,@wood_chip,5.0,0
@inc1351,막기...멀리뛰기...탱커...?<br>크아아아아아악,True,@wood_chip,5.0,0
@JAKE-ty4ct,딜러 둠피 시절 옵치때는<br>둠피의 주먹을 맞으면 키보드 마우스에서 손을 떼도 된다는 이야기가있다<br>나는 이 이야기를 무서워한다,True,@wood_chip,5.0,0
@Napalm47,"심지어 스킬도<br>에코, 둠피 평타 / 메이 벽 상위호환 / 질풍참느낌 돌격<br>뭔데 다 짬뽕이여",True,@wood_chip,5.0,0
@해캄,꿀잼 탱커일 것 같은 느낌이...!!!!,False,,0.0,0
@hertz4773,ㅈㄴ 재밌어 보이는데?,False,,0.0,0
@overwatch_rktrpa,이게 탱커냐 딜러냐 ㅋㅋㅋ,False,,0.0,0
@_remon_,기동성 좋은 정커퀸인가? 뭔가 사기캐 느낌이,False,,0.0,0
@cdcd2000,궁극기가 딜이 아닌 자리아랑 비슷한 서폿인거보니 기본기가 썌겠다 정커퀸보다 상위호환일지도,False,,0.0,0
@titanbane3,해저드 보면 볼수록 매력적이네요,False,,0.0,0
@LiberasX,메이 + 겐지 + 윈스턴 + 라마트라 + 정커퀸 짬뽕시킨 느낌...? ㅎㄷㄷ,False,,0.0,0
@Unr4nk3d,겐지도 ㅋㅋ,True,@LiberasX,3.0,0
@이창화-h5b,ㄹㅇ,True,@LiberasX,3.0,0
@농담곰-f3s,그렇게 많이 짬뽕시킨거면 걍 새로운  음식임 ㄷㄷ,True,@LiberasX,3.0,0
@hyunjunryu5229,또 게임 어지러워 지겠네…,False,,0.0,0
@user-jk9xm8bd6w,언제 나오나 했다 ㅋㅋㅋㅋㅋ<br>내일이 사전체험인데,False,,0.0,0
@-1Cm,"디자인이 어떻다, 캐릭터 개연성이 없다 뭐라뭐라 까긴 했지만 심장이 뛰는건 어쩔수가 없네 ㅋㅋㅋㅋ",False,,0.0,0
@user-jk9xm8bd6w,성우는 진짜 잘 뽑힌듯,True,@-1Cm,5.0,0
@꼬막꼬막말대꾸야,긍까 미쳤어,True,@-1Cm,5.0,0
@검빡,원래는 안뛰었나요,True,@-1Cm,5.0,0
@munyumin,디자인은 적응되고 개연성은 억지인게 바라늄인가 저거 예전부터 있던 떡밥인거 생각하면 이미 계획에 있던 캐릭터인듯,True,@-1Cm,5.0,0
@jkim8318,심장은 원래 뛰어요,True,@-1Cm,5.0,0
@fivedge,ㄷㄷㄷ,False,,0.0,0
@INE158.99,신캐 잼있겠다,False,,0.0,0
@mino3258,둠유저들 다 여기로 가려나,False,,0.0,0
@칠피아,라때는 키리코 까지만 해도 시네마 잇었는데 요새는 없노 ㅋㅋㅋㅋㅋ,False,,0.0,0
@레몬-u7x9k,이야 ㅈㄴ 재밌겠다,False,,0.0,0
@FUKSUMN-h6w,뚜벅이 챔프아닌거에 일단 개호감 ㅋㅋㅋ,False,,0.0,0
@suraa3923,그 노빠꾸 마우가가 후퇴라고 외칠정도인 옵치계의 벌꿀오소리&amp;호저 해저드...,False,,0.0,0
@producerk6498,이든 해저드 여기서라도 부활하자 ㅋㅋㅋ,False,,0.0,0
@koo3724,혼자 벽타면 팀원들은?,False,,0.0,0
@나윤미-k8z,29빠,False,,0.0,0
@Tooopaz,와잠만이동기ㅈ되는대,False,,0.0,0
@supersex1,모든걸 짬뽕시킨 이느낌...,False,,0.0,0
@Shallow._.,와 미친 벽넘기??,False,,0.0,0
@shiro1991,데이비드...,False,,0.0,0
@minchoyuji3556,상대를 도망가게 하는 탱컨가,False,,0.0,0
@빵데,메이랑 쌍으로 벽치고 인성질할거 생각하니 웅장이 가슴해진다,False,,0.0,0
@도경인데,왐마,False,,0.0,0
@장동현-u8d,평타 약해 보이는데 다 풀썩풀썩 쓰러지네,False,,0.0,0
@butter986,전포지 통틀어 제일 재밌어보이네ㅋㅋ,False,,0.0,0
@jjhoon0707,매시즌마다 신캐내라고 ㅋㅋㅋㅋ,False,,0.0,0
@nyk8942,회춘한 라인하르트 같은데,False,,0.0,0
@intellectualman180,재밌겠다~,False,,0.0,0
@tmdgks3,재밌겠는데??????,False,,0.0,0
@hamma4266,오오,False,,0.0,0
@hyunjunryu5229,벽타기 뭐냐,False,,0.0,0
@소프트라이트,탱커 벽타기는 진짜 무서울거 같은데,False,,0.0,0
@ハッピースタート,겐지 도망가야해,True,@소프트라이트,3.0,0
@rhkrgmlals5142,아 자유빠대에서 탱커 직무 유기하고 개패고 다닐 생각하니까 신난다,True,@소프트라이트,3.0,0
@ghghujbakd9173,​@@ハッピースタート??:앙겔라! 트레이서! 윈스턴!,True,@소프트라이트,3.0,0
@SIM_CHUNG,"벽타기, 벽 생성, 속박? 미쳤네",False,,0.0,0
@조유근-t7k,유도기도 있는듯,True,@SIM_CHUNG,5.0,0
@길천사,자유...속박....,True,@SIM_CHUNG,5.0,0
@user-xf3so1gt8e,속박??,True,@SIM_CHUNG,5.0,0
@SIM_CHUNG,@@user-xf3so1gt8e 궁에 속박 달려있는 거 같은데,True,@SIM_CHUNG,5.0,0
@BBang_gu,이제 시간지나면 하나씩없어짐,True,@SIM_CHUNG,5.0,0
@해더신,스킬셋이 윈붕이 상위호환이네...ㅠ,False,,0.0,0
@rimworld-Luciferium,🤨,False,,0.0,0
@SM도토리뭐요,와 벽 만들고 벽 넘는 탱커 미쳤네 진짜ㅋㅋㅋㅋㅋㅋㅋㅋㅋ,False,,0.0,0
@요란한거북이,와 찌니다,True,@SM도토리뭐요,5.0,0
@고양이-q9b,"2층가는 탱커가 너무 없긴 했음<br>디바,원스,둠피",True,@SM도토리뭐요,5.0,0
@rky2007-v7i,​@@고양이-q9b 뭐야 볼은 왜 빼요,True,@SM도토리뭐요,5.0,0
@user-xf3so1gt8e,@@rky2007-v7i그게 뭐죠?,True,@SM도토리뭐요,5.0,0
@leechangsu,@@user-xf3so1gt8e ㅈㄴ ㅇ ㅂㅇ ㅎㅇㄲ?,True,@SM도토리뭐요,5.0,0
@맹글-s3g,"와 궁극기 뭐야 ,, 대박 <a href=""https://www.youtube.com/watch?v=dbmBJL7Se9o&amp;t=70"">1:10</a>",False,,0.0,0
@AproDt,약간 마오카이 궁 느낌,True,@맹글-s3g,5.0,0
@길천사,​@@AproDtcc가 없는데,True,@맹글-s3g,5.0,0
@박수민-r7c8i,​@@길천사 눈알씻고 다시 봐도 속박같아보이는데,True,@맹글-s3g,5.0,0
@k_jint.2705,메이스킬 디박앗네,True,@맹글-s3g,5.0,0
@qwer65gdee,@@길천사 누가봐도  cc 있는데,True,@맹글-s3g,5.0,0
@장동현-u8d,와 십 ㅋㅋㅋ 벽타는 탱커,False,,0.0,0
@로프,저 덩치에 벽타기가 된다고?,False,,0.0,0
@cit122137,쁘아앙 등장바람,False,,0.0,0
@팽도리-r5g,캇,False,,0.0,0
@strawberrykorepe,GAY,False,,0.0,0
@lim5978,게이야?,False,,0.0,0
@Eyegun-guns,1,False,,0.0,0
@Pinkguitarking,신캐는언제나환영이야,False,,0.0,0
@무민-y2s,캐리형 탱커가 나왔다!,False,,0.0,0
@hammmss,18초전!!,False,,0.0,0
@Tustols,오우,False,,0.0,0
