author,comment,is_reply,reply_to,reply_count,is_spam
@ladolcevitakiller,지석진 개노잼 하차해라,False,,0.0,0
@dabuz_fan,the thumbnail made me think this was scott the woz for a split second,False,,0.0,0
@nzeverhjnu,형제님들 상상 더하기 쫌 해봐요 ㅋㅋ <br>집 교회 모델하우스 짓기만 하네요 14년 함께한게 카테고리에서 보여,False,,0.0,0
@mayh6233,"This part was so funny, please play again 😂",False,,0.0,0
@SK_Wyverns_Kingdom,지효는 아직도안나갔네 여전히 분량 꼴지고만,False,,0.0,0
@xkminh_610,양세형은 모델하우스 분양사무실 팀장이냐고 ㅋㅋㅋㅋㅋㅋㅋㅋㅋㅋㅋㅋㅋ,False,,0.0,0
@diversusreact1627,????,True,@xkminh_610,1.0,0
@세웅-o9w,퍼펙트,False,,0.0,0
@godpeach,이게임 진짜 다음에도 또하셧으면 좋겟어요 간만에 재밌어보이는 게임이었네요ㅎㅎ,False,,0.0,0
@you509,점점 가면서 맛집탐방 아니면 기존겜 억까밖에 없네 ㅎ,False,,0.0,0
@min-zp1le,그림퀴즈가 제일 재밌어,False,,0.0,0
@승철이-z9m,대가리 든거 없는 석삼 개싫어,False,,0.0,0
@hhhmr,집 그린 3명만 엠비티아이 S 인건가..,False,,0.0,0
@diversusreact1627,???,True,@hhhmr,1.0,0
@DavidaJarvis,그놈의 ㄱ글 에서 벳프리 댓글 ㅈ 나많네 그렇게죠 좋은가보지 보러갈까?ㅋ,False,,0.0,0
@Kyle-k9n,레몬 입에서 냅다꺼내는게 개웃기네ㅋㅋㅋ,False,,0.0,0
@diversusreact1627,???,True,@Kyle-k9n,1.0,0
@cmm612,그림도 똑같이 그림 ㅋㅋㅋㅋ,False,,0.0,0
@swoop200,집 개웃기네 ㅋㅋㅋㅋ,False,,0.0,0
@정비니-o5q,제목은 런닝맨인데 퀴즈오락프로그램으로 바뀐건 아쉽지만 그래도 이번화는 재밌었자너~ 한잔해~,False,,0.0,0
@가을-e3y,재밌게봤어요 😊😊,False,,0.0,0
@칠린합시다,요리를 줄이고 게임시간을 늘려야 재밋는디,False,,0.0,0
@쟈몽-z8e,너무 웃겼어요ㅋㅋㅋㅋㅋㅋㅋㅋㅋㅋㅋ 다른멤버들 진짜 잘 생각한다 김종국 그림 잘 그리는건 알았는데 삼각형이 트리 되는 거 보고 놀랐음 아 3명 넘 웃겨ㅠㅠ,False,,0.0,0
@sueyoungpark9075,이 게임 넘넘 재밌었음 ..다시 해주세요❤,False,,0.0,0
@Danielbird-g9p,존잼이야 ㅋㅋ,False,,0.0,0
@Ku산,요즘 런닝맨 예전 전성기시절때 만큼 재밌음 ㅎㅎ,False,,0.0,0
@user-sf6dr2nl5t,개웃기네진짜ㅋㅋㅋㅋㅋㅋㅋㅋㅋㅋㅋㅋㅋㅋㅋㅋ,False,,0.0,0
@나른한하루-j8k,지예은 완전 피글렛 ㅋㅋㅋㅋㅋㅋㅋ 양세찬 동족은 식초냄새 ㅋㅋㅋㅋㅋㅋㅋㅋㅋㅋ 쑥쑥에서 계속 놀려야지 ㅋㅋㅋㅋㅋ,False,,0.0,0
@diversusreact1627,????,True,@나른한하루-j8k,1.0,0
@포에버연져니,다시보는건줄알고 시간봄ㅋㅋㅋㅋㅋㅋㅋ집개터지넼ㅋㅋㅋㅋㅋㅋㅋㅋ,False,,0.0,0
@쑤쑤-f7d,요즘 런닝맨 진짜 존잼인0,False,,0.0,0
@mckeijin,이제 아이디어가 없어서 가족 오락관으로 바뀐건가요??,False,,0.0,0
@게임하는욱이-j7x,이거 첨에 양세찬이랑 지석진님 집 그림 구도마저 똑같은게 ㅋㅋㅋ,False,,0.0,0
@sofancy915,예은이누나 레몬 한번에 넣는거보고 와 잘먹나보다 했는데 역시는 역시..,False,,0.0,0
@킹덤-y5l,더보기 누르면 왜 주현영이 아닌 현영이 언급된 인물로 나와요? ㅎ,False,,0.0,0
@yongyong3226,요즘 퀴즈 넘 재미있음 미쳐버려,False,,0.0,0
@pyoji02,모델하우스 🐕웃겼음ㅋㅋㅋㅋㅋㅋㅋㅋㅋㅋㅋㅋㅋㅋㅋㅋㅋㅋㅋㅋㅋㅋㅋㅋㅋㅋㅋㅋㅋㅋㅋㅋㅋㅋㅋㅋㅋㅋㅋㅋㅋㅋㅋㅋㅋㅋㅋㅋㅋㅋㅋㅋㅋㅋ,False,,0.0,0
@prasithoudomvilay8454,"Thats a fun game! One thing come into mind, a triangle (christmas tree, normal tree, mountisns, balance) and square (home, table, mirror, box, the Korean game when u slap the square shape down the ground)",False,,0.0,0
@Cloud-leehy,이 게임 또해주세요!!!,False,,0.0,0
@shinaekang851,ㅋㅋㅋ진짜너무 재밌었어요 이번편ㅋㅋ,False,,0.0,0
@스톤-d6t,갠적으로 요새 런닝맨 몸으로 하는 게임은 진짜 노잼이고 이런 그림 그리는 게임은 거의 다 재밋음,False,,0.0,0
@stellar-ku8ki,송지효~ 대박~ 무게추는 생각지 못함~~👍,False,,0.0,0
@inthetrax,형인PD 최근에 그래도 작년처럼 폼 찾은거같네<br>여름까지는 진짜 위태위태 했는데 다행이네,False,,0.0,0
@진구-p6k,개그맨 3인방 집 연타 노린건가 황당하면서도 웃겼음ㅋㅋㅋ,False,,0.0,0
@cominghometoolate,꾸준히 집 짓는 세 명 진짜 웃음지뢰임,False,,0.0,0
@김정훈-j6c8q,이거 게임 넘 재밌어요 ㅠㅠㅠㅠ 담엔 길게 해주세여!!!,False,,0.0,0
@딕엠,송지효 무게추 감탄함 전혀 생각지 못했다,False,,0.0,0
@user-cl8zw8gx8p,유재석지석진 브라더스 패턴 너무 알겠더라. 집 두번 그리는거랑 먹기쉬운 음식 선택하는것도,False,,0.0,0
@imyoosu,이거 너무 재밌었어요!!! 이거랑 그림퀴즈많이 해주세요 ㅋㅋㅋㅋㅋㅋㅋ,False,,0.0,0
@채현-q9o,"진짜 신기한게 김종국, 송지효, 하하가 mbti N(직관형)이고<br>유재석 지석진 양세찬이 S(감각형)으로 알고 있는데 딱 이렇게 나뉨<br>상상력 풍부하고 망상 많은 N, 있는 그대로만 생각하고 단순한 S.. 신기하다",False,,0.0,0
@buddybuddy410,역시 MBTI는 사이언스!,True,@채현-q9o,1.0,0
@hidekyle4335,남6여2가 맞다생각햇엇는데 5 3도 괜찮은듯?<br>몸쓸때 어캐할지만 하면,False,,0.0,0
@im_wonwoo,나만 달고나만 계속 그리면 되겠네 ㅋㅋ 라고 생각했나,False,,0.0,0
@iretext,멋지댜ㅋ,True,@im_wonwoo,1.0,0
@warm-x2p,언급돤 인물에 다른 현영 분이 계시는데요? ㅋㅋㅋㅋㅋ,False,,0.0,0
@태연-n7t,이집저집 퀴즈,False,,0.0,0
@우앙-o1f,아기돼지 삼형제 ㅋㅋㅋ,False,,0.0,0
@아이돌A양보기-y5f,"신박하고 웃기다ㅋㄱㅋㅋ근데 너무 짧아서 아쉬움... 담 방송분엔 길게 넣어주세여ㅋㅋㅋㅋ😥😥 <a href=""https://www.youtube.com/watch?v=DDjCM9pBAXQ&amp;t=2"">0:02</a>",False,,0.0,0
@Chitreshop7,들어가서  한번 치고 휴지가지러가다가 엄마한테 걸림,True,@아이돌A양보기-y5f,5.0,0
@purnachandrarout907,팬카페 탈퇴하고 한발 뽑고 자러간다,True,@아이돌A양보기-y5f,5.0,0
@mdsazedurrahaman-ux2hm,들어가서  한번 치고 휴지가지러가다가 엄마한테 걸림,True,@아이돌A양보기-y5f,5.0,0
@nikhildas800,이거 구라면 손목자른다 이게 진짜노,True,@아이돌A양보기-y5f,5.0,0
@RAJpaikro,들어가서  한번 치고 휴지가지러가다가 엄마한테 걸림,True,@아이돌A양보기-y5f,5.0,0
@POPDUNASH,희극인 라인 빼고는 다 하나도 안 겹치는게 킬포야 ㅋㅋㅋㅋㅋㅋ,False,,0.0,0
@0용구리,현영 예은 짱기여움,False,,0.0,0
@tyso4492,또 집ㅋ,False,,0.0,0
@skhwydudi,이거 게임 너무 신박했음 또 할땐 길게 해주세요 진짜 잘하는 사람들 번외로 예를들어 우산 이런것도 던져주면 창의력 볼만할듯 일단 하우스 희극인 3인방 제욐ㅋㅋㅋ,False,,0.0,0
@히히-s9z,아 이거 존나 웃기네 또 해줘룥ㄹㅋㄹㅋㄹㅋㄹㅋㄹㅋㅋㅋㅋㅋㅋ 집 ㅋㅎㅋㄹㅋㄹㄹㅋㄹㅋㄹㅋㄹㅋㄹㅋㄹㅋㄹㅋ,False,,0.0,0
@밍-n3v,이심전심 미션 또 해주세요😻😻,False,,0.0,0
@ajdyqauxy-8asq,"<a href=""https://www.youtube.com/watch?v=DDjCM9pBAXQ&amp;t=71"">1:11</a> 송지효 개이뿌네",False,,0.0,0
@diversusreact1627,"<a href=""https://www.youtube.com/watch?v=DDjCM9pBAXQ&amp;t=193"">3:13</a> 양세찬 너무 웃기고 귀엽네요 ㅋㅋㅋㅋㅋㅋㅋㅋ ❤❤❤",False,,0.0,0
@handsome_guy0,ㅈㄹ웃기네 ㅋㅋㅋㅋㅋㅋㅋㅋ,False,,0.0,0
@강민구-u1g,오랫동안 하니 친하니 얼마나 마음이 통하는가 ㅋㅋㅋ 푸하하하 😂,False,,0.0,0
@오민혁-g1q,아이디어 좋다,False,,0.0,0
@jhjh6729,영상 편집자님!!! 앞에 하이라이트부터 무방비 상태로 보여주고 시작하는 편집이 호불호가 있는 방식이예요. MBC 라디오스타같은 건 미리보기가 있어도 시작할 때 취향 따라 건너뛸 수가 있는 게 영상중 하이라이트 미리 보여주는 부분은 액자 표시로 프레임이 씌어져 프레임 그려진 부분만 건너뛰면 되고 두번정도 탭하면 그 부분만 스킵할 수 있어서 센스있어요. 이 영상은 원치 않게 누가 캔콜라를 바로 뚜껑부터 따고 들이미는 기분입니다.,False,,0.0,0
@권민수-m1v,ㅋㅋㅋㅋㅋㅋㅋㅋㅋㅋㅋㅋㅋㅋ,True,@jhjh6729,1.0,0
@luckyman333,뒤에 집 지붕 삼각형ㅋㅋㅋ,False,,0.0,0
@체크무늬-b7m,"<a href=""https://www.youtube.com/watch?v=DDjCM9pBAXQ&amp;t=193"">3:13</a> 개웃기네 ㅋㅋㅋㅋㅋ",False,,0.0,0
@sinigoestohell,"<a href=""https://www.youtube.com/watch?v=DDjCM9pBAXQ&amp;t=345"">5:45</a> 두번째에도 집으로 일치한 건 베테랑 예능인들이 웃긴 상황을 위해 일부러 반복한 거라 확신한다. <br>서로가 또 집을 그려서 웃긴 상황을 만들 수 있단 생각을 공유한 거.<br>이 셋만이 코미디언 선후배 조합인데 보통 게임할 땐 이 셋이 서로를 젤 불신함ㅋㅋ근데 웃음 만들고자 할 땐 맘이 젤 잘 맞을 수 밖에 없음",False,,0.0,0
@박성욱-q5k,어제방송도 재밌었어요 이번주도 기대할께요 본방사수예정 조금이르지만 올해 연예대상 런닝맨에서 대상 수상자 나왔으면 좋겠어요 지예은 연예대상에서 수상소식 있었으면 좋겠어요 <br>유느 대상가자,False,,0.0,0
@oss0430,"<a href=""https://www.youtube.com/watch?v=DDjCM9pBAXQ&amp;t=54"">0:54</a> 쌍석진 너무 귀여워요~",False,,0.0,0
@ladolcevitakiller,지석진 개노잼 하차 기원 ㅅㄱ,False,,0.0,0
@RMEOVVV,ㅡ틀ㅡ,True,@ladolcevitakiller,3.0,0
@handsome_guy0,댓삭하고 꺼지삼,True,@ladolcevitakiller,3.0,0
@트렌드야퉁이,틀,True,@ladolcevitakiller,3.0,0
@JaysonKim1,뇌 공유하는 똥손 3인방 ㅋㅋㅋㅋㅋㅋㅋㅋㅋㅋㅋㅋㅋㅋ,False,,0.0,0
@이지현-g5t6e,집 삼연타 개웃기네 ㅋㅋㅋㅋㅋ,False,,0.0,0
@Valerian-1000,ㄹㅇㅋㅋ,True,@이지현-g5t6e,5.0,0
@Valerian-1000,두번째때 개터짐,True,@이지현-g5t6e,5.0,0
@DavidaJarvis,ㄱ글 에서 벳프리 보고 나면 다낵질 보충제 한사발 빨아야 한다는데 사실인가요??,True,@이지현-g5t6e,5.0,0
@ucke-ws5dh3ty,"<a href=""https://www.youtube.com/watch?v=DDjCM9pBAXQ&amp;t=749"">12:29</a> 양세찬의 &quot;사이다 아저씨&quot; 라는 말이 웃긴다 ㅋㅋ ㅋㅋ",True,@이지현-g5t6e,5.0,0
@diversusreact1627,​@@ucke-ws5dh3ty양세찬 너무 웃기고 귀엽네요 ㅋㅋㅋㅋㅋㅋㅋㅋ ❤❤❤,True,@이지현-g5t6e,5.0,0
@안사요ansayo,와 근데 나도 삼각형 뭐 그릴지 생각이 잘 안나네. 멤버들이 그린거보고 전부 감탄함. 내가 이렇게 멍청했나,False,,0.0,0
@diversusreact1627,????,True,@안사요ansayo,5.0,0
@iretext,저는 물고기 떠올렷어요 아님 저울ㅎ,True,@안사요ansayo,5.0,0
@diversusreact1627,​@@iretext???,True,@안사요ansayo,5.0,0
@iretext,@@diversusreact1627 삼각형으로 물고기 그렸을거라구요 저라면,True,@안사요ansayo,5.0,0
@diversusreact1627,​@@iretext???,True,@안사요ansayo,5.0,0
@buddybuddy410,"<a href=""https://www.youtube.com/watch?v=DDjCM9pBAXQ&amp;t=163"">2:43</a> 집<br><a href=""https://www.youtube.com/watch?v=DDjCM9pBAXQ&amp;t=176"">2:56</a> (집 같은) 교회<br><a href=""https://www.youtube.com/watch?v=DDjCM9pBAXQ&amp;t=192"">3:12</a> 모델하우스 1호<br><a href=""https://www.youtube.com/watch?v=DDjCM9pBAXQ&amp;t=292"">4:52</a> 또 집 ㅋㅋㅋ<br><a href=""https://www.youtube.com/watch?v=DDjCM9pBAXQ&amp;t=312"">5:12</a> 혼자 빵 터진 석삼이형<br><a href=""https://www.youtube.com/watch?v=DDjCM9pBAXQ&amp;t=322"">5:22</a> 또또 집 ㅋㅋㅋㅋ<br><a href=""https://www.youtube.com/watch?v=DDjCM9pBAXQ&amp;t=338"">5:38</a> 모델하우스 2호 ㅋㅋㅋㅋㅋ<br>(석삼&amp;재석&amp;세찬, 집 좀 그만!! ㅋㅋㅋㅋ 😆😆😆😆)",False,,0.0,0
@blacksoulunderground,🏠🏠🏠🏠🏠🏠🏠🏠🏠🏠🏠,False,,0.0,0
@한유현-o6f,억지로 집 노잼,False,,0.0,0
@나-c6g4f,희극인 3인방 뇌공유ㅋㅋㅋㅋㅋㅋㅋㅋㅋㅋㅋㅋㅋㅋㅋㅋㅋ,False,,0.0,0
@어이덩어리,뇌 연결된 단세포3형제 케미 무엇ㅋㅋㅋㅋ,False,,0.0,0
@어이덩어리,신박하고 웃기다ㅋㄱㅋㅋ근데 너무 짧아서 아쉬움... 담 방송분엔 길게 넣어주세여ㅋㅋㅋㅋ,False,,0.0,0
@박성돈-x8b,요즘 제작진 폼 올라옴,True,@어이덩어리,3.0,0
@DavidaJarvis,ㅋㅋㅋㅋㅋㅋ ㄱ글 에서 벳프리 모솨서 잼민이 발정났누?,True,@어이덩어리,3.0,0
@l9야뎡-저장소zR-d7q,🔺💡,True,@어이덩어리,3.0,0
@HakhyeonKim-g5l,너무 웃기당 ㅋㅋㅋ,False,,0.0,0
