author,comment,is_reply,reply_to,reply_count,is_spam
@KOY22,“머플러를 둘러줘서 고마워”,False,,0.0,0
@hee,🕊,True,@KOY22,10.0,0
@KANATA_HALUKA_,“2천년… 혹은… 2만년 후에 너에게…“,True,@KOY22,10.0,0
@카드값줘체리-u1e,ㄹㅇ 1화가 복선일줄 몰랐다 진짜 하,True,@KOY22,10.0,0
@KIMSEUNGWOO_08,マフラーを巻いてくれてありがとう。,True,@KOY22,10.0,0
@나은-q7u,ㅠㅠ,True,@KOY22,10.0,0
@사랑아사랑아-aaaa,진격거 ❤❤❤❤❤❤,False,,0.0,0
@jik1320,진주인공 리바이,False,,0.0,0
@thirdzero,"와… 애니 덕후신건 알았지만, 진격의 거인 광팬이신줄은 전혀 몰랐네요..<br>하이큐, 짱구 좋아하시는줄은 알았슴.<br>저도 애니 엄청 좋아하지만, 저랑 취향이 많이 다른줄 알았는디.. 진격의 거인은 제게도 인생 작품이네요.<br>저도 케니처럼 인생을 실제로 풍요롭게 만드는건 취미다! 라는 지론을 가지고 있습니다,",False,,0.0,0
@thirdzero,유니클로 옷만 사는것도 저랑 같네요 ㅋㅋ<br>유우키 채널을 알게된지가 3년은 된것 같은데.. 어느때보다 유우키님이 친밀하게 느껴지네요 ㅋ,True,@thirdzero,1.0,0
@hjc127,킹장했다 유우키햄,False,,0.0,0
@엑-y1c,"<a href=""https://www.youtube.com/watch?v=F-AR90r43ws&amp;t=280"">4:40</a> 여기에 진격거 옆에 가면라이더..탐나네요",False,,0.0,0
@호싱이싱싱,한국 개봉 제발ㅠㅠㅠㅠㅠㅠㅠ,False,,0.0,0
@yhj8552,미카사는 내꺼야 영원히 .,False,,0.0,0
@Rengokuuuu0510,제 인생애니도 진격거에요ㅜㅜㅜㅜㅜ한국도 개봉해줘… 유우키님 행복하세용 근데 감정의 불안정을위해 맥주산다는게 너무 웃겨욬ㅋㅋㅋㅋㅋㅋㅋㅋㅋㅋ,False,,0.0,0
@56ghjMcwdfgr,") Falun Dafa practitioners from throughout Australia peacefully rallied in front of the Federal Parliament House in Canberra from November 4 to 7, 2024. They also visited government agencies, non-governmental organizations, and busy commercial districts to inform the public about the persecution in China including the Chinese Communist Party’s (CCP) forced organ harvesting from living Falun Dafa practitioners. They collected signatures urging the Australian government to pass legislation to end the CCP-sanctioned forced organ harvesting.<br><br>During the four-day event, practitioners visited and collected signatures from people in the judicial, medical, and business communities, as well as businesses in the capital’s industrial zone. They set up a booth to introduce Falun Dafa (also known as Falun Gong) and raise awareness of the CCP’s persecution on the pedestrian street in the center of Canberra. Many people accepted the truth-clarification materials and signed the petition.<br><br><br><br><br><br><br><br><br>Practitioners demonstrated the Falun Dafa exercises and held banners near the center of Canberra and major traffic corridors during rush hour from November 4 to 7.<br><br><br><br><br><br><br><br><br>Practitioners told people about the persecution on the pedestrian street and busy commercial streets of Canberra’s city center from November 4 to 7.<br><br>Engineer: Turning a Blind Eye to Evildoers Is Being Complicit<br>Engineer Peter Johnston said, “I hope these organ traffickers can realize what they are doing. This is a terrible thing. People should have a conscience, be kind and be sober.” He said he hopes the Australian government will stand up against this organ trafficking. He remarked that those in power will be accomplices if they turn a blind eye to the evildoers.<br><br>Will Dobbs, who works in the government, said, “Organ transplantation is a scientific advance for humanity and it should be voluntary. But I understand that in some countries, organs are taken from people who do not consent and these people may be killed for this. I think this is a terrible thing. As Australians we have freedom of speech and should do everything we can to support those who do not have the right in other countries to protest.”<br><br>Dobbs added that the Australian government must take a clear position on platforms such as the United Nations and in external dialogues that we oppose organ trafficking. Australians who go overseas for organ transplants must know the source of their organs and provide transparency.",False,,0.0,0
@__-ry3de,"부계정은 있는지 몰랐는데, 진격의 거인 찾다가 유튜브 센세의 알고리즘 통해서 오게 되었습니다. 😅 😊<br>🎉🎊🎉<br>10년이상으로 작품을 완결했는데, 성우들의 기분, 작가, 스태프는 어떨까요? 그 기분일 거 같아요 😊<br>부계정 영상도 재미있네요. 시간될 때, 영상 다 볼게요 😉",False,,0.0,0
@klast5411,진격의거인 보고 울정도면<br>감수성 풍부해서 많이 울텐데<br>뭘 처음울어..ㅋㅋ,False,,0.0,0
@바게트-f4p,"ㅋㅋ유우키님이랑 제일 좋아하는 애니가 겹치네요 ㅎㅎ 뿌듯 뿌듯 ㅋㅋ저는 이번주에 후쿠오카 진격의 거인 작가 고향인 히타를 다녀왔어요 ㅎㅎ!! 일본이었지만 영화는 못보구 왔네요ㅜㅜ 보고싶었지만,, 한국에 들어오면 가보겠습니다!담에 히타도 한번 가보세요 오야마댐, 박물관,히타 역,카페가 다 좋았어요 ㅎㅎ 신조오 사사게요 입니다!!!!💚ㅎ",False,,0.0,0
@jong9711,강연은 ㄹㅇ 킹작입니다,False,,0.0,0
@kys6879,최애는 엘빈입니다!!,False,,0.0,0
@김수현-k2k,리바이 특전 받으려고 오늘 보고왔어요 받아서 행복 사실 어제도 봤음 도쿄온김에 두번봤어요 진격거를 위한 여행이었어서,False,,0.0,0
@ByunJH321,전 말대가리 장을 좋아합니다 에렌 못지 않은 성장형 케릭터라 보는맛 있었어요<br>약간 찌질한면도 많지만 결국 큰 결단을 내리는건 언제나 장이었거든요 정말 입체적인 케릭터라 애정이 갔습니다,False,,0.0,0
@슨니-g4x,“다녀와 에렌”,False,,0.0,0
@s냐옹z,한국도 빨리개봉했음 좋겠다!,False,,0.0,0
@나니누나,모든 캐릭터를 아끼지만 최애를 고르자면 역시 인류를 지켜준 리바이 병장님.. 에게 신죠오 사사게요오!!!,False,,0.0,0
@Mollongmeng,리바이에게 신죠오 사사게오 ———,False,,0.0,0
@Mollongmeng,유우키님 제가 다다음주에 됴쿄 여행 계획이 있는데 혹시 특전은 영화 예매하면 다 받을 수 있는<br>걸까요? 따로 미리 신청해야되는게 있을까요?,True,@Mollongmeng,2.0,0
@김수현-k2k,⁠​⁠@@Mollongmeng 그거 매주 선착순이에요 오늘 3차특전이었는데… 첫날부터 거의 매진이었어요,True,@Mollongmeng,2.0,0
@luvmoon1004,오이다카키큐리랑 시사모구이 이자카야 안주들 먹어주세용!~!,False,,0.0,0
@이준화-y3w,영화관에서만 느낄 수 있는 감동이 있죠 ㅎㅎ,False,,0.0,0
@_NRingS2,전 진격그림체가 부담스러워서 아직 안봤지만 인생애니 했을때 떠오르는게 강철이에요! 강철을 보고계시다니 다 본 감상이 어떨지 기대되네요ㅎㅎ 원나블 헌터는 너무 많아서 중도하차했네요ㅋ 요즘 코난도 극장판만 보고있어요 ㅋㅋ 애니도.. 이제는 체력이 딸려서 못보겠어요........ㅜㅠ,False,,0.0,0
@maopanda8514,휴우가 나츠메. 제가 좋아하는 캐릭터에요.,False,,0.0,0
@Zbski341,따흐흑,False,,0.0,0
@얍살-n2k,러브호텔 컨텐츠 기다리겠습니다 후후,False,,0.0,0
@Megu1212_,진짜 진격거 하….. 파이널 시즌 처음이 쪼오금 아쉽긴 했지만 파이널 시즌 완결편은 보면서 울컥했죠… 소년만화 중 가장 스토리가 탄탄한거에 손 꼽을 수 있지 않나 싶네요… 스토리를 어디까지 구상한 걸까…,False,,0.0,0
@응애옹,고레와 지유다…!😭,False,,0.0,0
@yujjanim,라이너 좋아하시는 분들도 많네요! 제 최애는 아르민입니당 ㅎㅎ <br>일본 한번도 안가봤는데 영상으로 일본 상영관 보니까 좋네용 <br>한국에도 꼭 개봉했음 좋겠어요!ㅠㅠㅠ 영상 재밌게 잘 보고가용😆,False,,0.0,0
@ocean_wave,"제 최애캐는 쟝입니다. [그녀]의 남편이 쟝이라고 믿고 있습죠 후후 저는 쟝의 순애보를 응원하는 여덕이거든뇨,,❤ 미카사 이제 나쁜남자 에렌은 가슴에 묻고 쟝옆에서 행복해라🥹",False,,0.0,0
@이흐-m3t,헌터헌터 너무 재밌지,False,,0.0,0
@saida-ramoone,"유우키군, 광광 울었어?",False,,0.0,0
@수연장-x2q,"<a href=""https://www.youtube.com/watch?v=F-AR90r43ws&amp;t=693"">11:33</a> 헌터헌터 저도 개미편 다시 보고 있었는데 넘반가워용🥹🥹😊 진격의거인 인생애니인데 꼭 영화관에서 보고싶네요,,",False,,0.0,0
@loopyfromhell1248,저도 개봉일에 일본가서 봤어요 쿠키 기대했는데 오리지날 아니고 만화책에서 본 내용이라 다소 실망 하지만 극장 사운드로 듣는 에렌 목소리와 땅울림 크으..,False,,0.0,0
@gospel3658,"&quot;참으로 죄가 너희를 지배하지 못하리니, 이는 너희가 율법 아래 있지 아니하고 은혜 아래 있기 때문이라.<br>그러면 무엇을(무슨 말을) 하겠느냐? 우리가 율법 아래 있지 아니하고 은혜 아래 있으므로 죄를 짓겠느냐? 결코 그럴 수 없느니라.<br>너희가 어떤 사람에게 너희 자신을 종으로 내주어 순종하면 너희가 순종하는 그 사람의 종이 되는 줄을 너희가 알지 못하느냐? 혹은 죄의 종으로 사망에 이르고, 혹은 순종의 종으로 의에 이르느니라.<br>그러나 [하나님]께 감사할지어다. 이는 너희가 죄의 종이었으나, 너희에게 전달된 교리의 그 틀에 너희가 마음으로부터 순종하였음이니라.<br>이로써 죄에서 해방되어, 너희가 의의 종이 되었느니라.<br>(로마서 <a href=""https://www.youtube.com/watch?v=F-AR90r43ws&amp;t=374"">6:14</a>-18)<br><br>&#39;&#39;그러므로 누구든지 그리스도 안에 있으면 그는 새로운 창조물이라. 옛것들은 지나갔으니, 보라, 모든 것이 새롭게 되었도다.   (고린도후서 <a href=""https://www.youtube.com/watch?v=F-AR90r43ws&amp;t=317"">5:17</a>)",False,,0.0,0
@Full_of_sincerity,새드앤딩하자마자 사구라 생각났는데 유우키님 저랑 애니 취향이 상당히 비슷하네요 ㅋㅋㅋㅋㅋ,False,,0.0,0
@Full_of_sincerity,참고로 전 진격거에서 최애는 없습니다. 인물 하나하나가 전부 입체적이고 그들의 입장이 모두 이해가 가는 대단한 작품이죠.. 그러다보니 누구의 입장에 서서 몰입하기가 쉽지 않아 최애가 없었습니다ㅋㅋㅋ,True,@Full_of_sincerity,1.0,0
@데이도트,저는 캐니도 상당히 인상 깊었던 캐릭터였어도 죽기전까진 비호감 이였는데 과거 스토리 풀리면서 리바이와의 인연 그리고 헤어짐 상당히 인상적이였어요..,False,,0.0,0
@ovx3657,내가 대통령의 힘을 쓰면…,False,,0.0,0
@user-ev8xx4vm7k,하 진격거 진짜 명작..,False,,0.0,0
@오늘저녁-j4p,오 일본도 돌비관이 있네,False,,0.0,0
@위니어,한국에서 개봉안함??ㅠㅠ,False,,0.0,0
@snowflower00,뭐 듣기론 외전격으로 만화책이 하나더 나온다고는 하는데 언제인지는 몰루 ㅎㅎ,False,,0.0,0
@JHRosy,하 저도 진격거 젤 좋아해요ㅜㅜㅜㅜ 인생작!! 애니 완결 때도 울엇는데 이번 극장판은 얼마나 심금을 울릴지ㅜㅜ 한국 개봉 꼭 해주기를 기다리고만 있답니다 흑흑,False,,0.0,0
@뿔버섯단,아 작년 진격애니 완결편 막화 딱 방영일에 일본이어서 보고있다가 슬쩍 잠드니깐 중간과정 강제스킵당하고 엔딩씬봄 ㅋㅋㅋㅋ,False,,0.0,0
@user-angrysmile,격변한 외모에도 변치않으시다니 찐사랑이시네요,False,,0.0,0
@user-angrysmile,강연금 하도 넘사벽이다 최고다 얘기 들어서 저도 최근에 봤는데.. 애니로 봐서 그런가.. 영..<br>진격거는 저도 인생애니입니다 ㅋㅋ,False,,0.0,0
@evan에반,저도 진격의 거인이 인생작품인데 한국에서 개봉됐으면 하는 바램입니다.<br>그리고 최애는 &#39;에렌&#39;입니다. 너무 슬퍼요 ;ㅁ;,False,,0.0,0
@vsy56,h&amp;m은 스웨덴거 입니다 ㅎㅎ,False,,0.0,0
@후최고타,3일동안 정주행 했는데<br>영화리뷰 좋아좋아,False,,0.0,0
@potatokam,우리나라는 애니 산업이 그리 발달돼있진 않아서 보는 사람도 그리 많진 않은데 일본은 평범한 영화 보듯이 하네요 ㄷㄷ,False,,0.0,0
@richandy6875,으아아아 한국에서 빨리 개봉을!!!!!!!!!!!!!!!!!!!!<br>빨리 개봉해주어서 고마워하고싶다고 .<br>앗 몇세이상 관람가인가요?,False,,0.0,0
@chiczizi,강철의 연금술사 애니로 무족권 보시길…..,False,,0.0,0
@국보급깍두기,4월구라 내 최앤뎀 ㅎㅎ,False,,0.0,0
@Akrndjnc-w7f,유우키님 영화 관람등급이 15세인가요 19세인가요??,False,,0.0,0
@jisukim4074,"<a href=""https://www.youtube.com/watch?v=F-AR90r43ws&amp;t=231"">3:51</a> 이거 무조건!!!",False,,0.0,0
@bdgdbdgd,한국엔 개봉안함ㅜ?,False,,0.0,0
@행복-j8f,처음에 ost가 너무좋아서 우연히 보게되었는데 인생만화가 되었음 완결이끝난지금 모든장면하나하나가 추억이됨,False,,0.0,0
@정혜은-k5j,코난 극장판도 한번 해줬으면 ㅎ,False,,0.0,0
@정혜은-k5j,한국은 더이상 팜플렛이 없죠 ㅎ,False,,0.0,0
@sionkang8298,주변 친구들도 진격거가 그냥 넘사로 재밌다는 얘길 많이 했어서 봐봐야지..하고 생각은 했었는데 유우키님의 최애라고 하니.. 당장 봐봐야겠네요 ㅋㅋ 같은 감정을 공유할 수 있게..!!,False,,0.0,0
@gumagoguma,겨울이 오면 생각나는 유우키의 연말송년회? 망년회?! .이번에도 올라올까 궁금😊,False,,0.0,0
@아우라오,한국에도 나올까요?,False,,0.0,0
@minhakwon4193,최애는 당연 리바이 아닙니까.....,False,,0.0,0
@minhakwon4193,첫댓글입니다.... 유우키도 젤 조아하는 유투버고 진격거도 젤조아하는 애니에요 두조합?말해뭐해<br>다들 진격거 유우키 다보세요 떡상주임,False,,0.0,0
@sandolpark1050,참고로 H&amp;M 스웨덴이요 ㅋㅋㅋㅋㅋㅋ 깨알같이 알려드려요 ㅋㅋㅋㅋ,False,,0.0,0
@옒-l3l,예전영상 크리스마스 러브호텔 돌려보면서 이번년도도 기대중입니다 ㅋㅋㅋ 유우키 영상보는거 내 일상의 행복 ㅜ,False,,0.0,0
@dfasklfasfaskf,강철의연금술사 개명작이죠 베스트오브 베스트 명작,False,,0.0,0
@A-lf3xe,담에 일본여행가면 영화관 가봐야겠네요 매번 관광지만 다녔다보니😂,False,,0.0,0
@뾱뾱-c9n,H&amp;M은 스웨덴 꺼!,False,,0.0,0
@rrr4046,형 배가 ㅜㅜㅜ,False,,0.0,0
@ellen_WA,리바이병장 좋아요~,False,,0.0,0
@HYEON-rw5sx,이방은 ㅇㅅㅇ가 있어서 좋네요,False,,0.0,0
@dhlee6775,나이트런 웹툰 추천해요. 복선과 세드엔딩 둘다 강추입니다.,False,,0.0,0
@오렌지-l7s,심장을 바쳐라,False,,0.0,0
@GuinevereFlowerLike,ㄹㅇ ㄱ글 에서 벳프리 보면 다른거 눈에도 안들어옴 그냥 다시보면 되니까 개이득임 ㅋㅋㅋㅋㅋ,False,,0.0,0
@mwmwmw4185,저도 세드앤딩좋아하고 라이너 제일 애정하는 캐릭터인데 유우키님이랑 뭔가 통하네요 ㅋㅋ,False,,0.0,0
@수영-g8n,에렌엄마요 씹가능,False,,0.0,0
@noahkwon2602,"옛날만화긴 한데, 떡밥회수나,, 스토리나 괜찮은,,, 꼭두각시 서커스 추천드립니다!!",False,,0.0,0
@날아짱-p5x,11.9 나고야 여행중 진격거 혼자 봤습니다! 마침 일본여행 계획해둔 기간에 개봉해서 넘 좋았어요ㅜㅜ 가슴이 먹먹해지는 세계관이죠ㅜㅜㅜㅜ<br>최애는 역시 리바이 헤이쵸😊,False,,0.0,0
@도현냥이,"<a href=""https://www.youtube.com/watch?v=F-AR90r43ws&amp;t=481"">8:01</a> 요거 색지 라고 하네요 ㅎㅎ",False,,0.0,0
@무기명-s8j,진격의 거인은 안 봤지만 유우키님이 조곤조곤 얘기하는 영상을 보니 마음이 편해지네요~~,False,,0.0,0
@sprite7841,전 한지가 제일 좋아요,False,,0.0,0
@mul-gyeol,"<a href=""https://www.youtube.com/watch?v=F-AR90r43ws&amp;t=594"">9:54</a> 공감해요 1화 제목과 첫 컷의 미카사 자체가 커다란 복선이었으니ㅋㅋ",False,,0.0,0
@mul-gyeol,극장판 보고 오셨구나.. 인스타 프사 보고 좋아하시는가 했는데 뭔가 반갑네요! 인생작이라서 한국에도 개봉되길 바라고 있어요,False,,0.0,0
@켄터키듀오,엘빈스미스 최애입니다,False,,0.0,0
@MJRMEM,요즘 내 힐링 유우키쿤,False,,0.0,0
@sssonnya,"저는 유우키님덕에 하이큐접하게돼서 하이큐가 인생 애니중 하나가 됐어요ㅎㅎㅎ<br>진격의거인은 초입장벽이 있어서 못봤는데 이미 큰스포(새드엔딩이라니😢)를 받았지만, 나중에 저도 여유생기면 다시 도전해보고싶네요ㅎㅎ",False,,0.0,0
@반영구눈썹문신몬베베,"<a href=""https://www.youtube.com/watch?v=F-AR90r43ws&amp;t=231"">3:51</a> 정장도 잘 어울리지만, 이런 종류의 옷도 아주 잘 받는데요?! 😊😊",False,,0.0,0
@reason_oo_,"<a href=""https://www.youtube.com/watch?v=F-AR90r43ws&amp;t=63"">1:03</a> 애니 캐릭일 줄 알았는데 역시나..🤣 캐릭터 이름이 잘 생각은 안나는데..  알아서 예쁘긴 예쁘더라고요.. 저는 진격의 거인은 잘 안봐서 모르는데 유우키님의 오타쿠적인? 면모를 봐서 매우 공감하며 봤어요ㅋㅋㅋㅋㅋㅋ 예전에 잔인하다고 해서 애니? 영화 뛰엄뛰엄 본게 다인데 궁금해지네요😄 영화 보시고 특전 받으시고 밥드시고 넘 즐거웠겠어요..! 저도 이거보니 영화 보러가고 싶어지네요~",False,,0.0,0
@Charamel_banilla,"유우키님 안녕하세요! 몇 년째 조용히 구독하고 영상을 시청하던 구독자 입니다 ㅎㅎ<br>다름이 아니라 때때로 요리 영상을 올리시기도 하지만 언제나 &#39;이상적인&#39; 시리즈를 올리시잖아요!<br>근데 이상적인 시리즈가 아닌 그 반대인 엉망진창 요리 따라해보기(그치만 먹을 수는 잇는 정도의...마치 아따맘마 동동이 심야 요리처럼..) 같은 것도 콘텐츠 추천드리구 싶어서요...ㅋㅋ<br>안된대도 좋지만 최근에 짱구 오믈렛 쇼츠 영상을 보고 문득 떠올라서 재밌을거 같더라구요 ㅋㅋㅋ 요리를 잘하는 유우키 님이니까 실패 요리조차두 너무 싱크로율 높게 잘 따라하실거 같아서..ㅋㅋㅋ<br><br>그냥 가벼이 슬쩍 추천드리는거니..ㅎㅎ 보실지는 모르겠지만..<br>슬쩍 제가 봤던 짱구 오믈렛 영상 공유드려용 ❤<br><a href=""https://www.youtube.com/shorts/0uhc-0K_Y80"">https://youtube.com/shorts/0uhc-0K_Y80?si=7e6Ad6nfXlMiYlx6</a>",False,,0.0,0
@sdyeop,"<a href=""https://www.youtube.com/watch?v=F-AR90r43ws&amp;t=58"">0:58</a> ㅋㅋㅋㅋㅋㅋㅋㅋㅋ 언제부터 당신꺼였죠",False,,0.0,0
@uwu-nv6wf,유우키님 죄송하지만 이 영상은 스포를 방지하기위해 영화를 보고서 시청하겠습니다 ㅎㅎ,False,,0.0,0
@홍준호-l8j,저도 혼자 영화 자주 보는데 지금 한국에서 유행하는 영화는 청설 입니다 아주 좋은작품! 한국에도 진격의거인 개봉하게되면 한번 보겠습니다😊,False,,0.0,0
@spahskswja,한국개봉 제발 해주길 🥹,False,,0.0,0
@Green-vo1hs,진격의 거인은 제가 봤던 모든 창작물 중 최고인걸요. 완벽한 스토리에  엄청난 애니 연출... 한국에서  제발 개봉해줬으면 ㅠㅠ,False,,0.0,0
@안녕하새우-v2u,한국 개봉할때까지 숨 참음,False,,0.0,0
@porihan1212,"저는 최애가 디지몬 어드벤처.,, 그 시절에도 울면서 아구몬 외치고 커서 다시 봐도 울면서 아구몬 외칩니다ㅎ핳,,,😂",False,,0.0,0
@greenda77,진격의거인 첫편보고 너무 마음이아파서 못보겠던데ㅠ 한번봐바야겠네요. ㅎㅎ 오늘두 잘봤어요!,False,,0.0,0
@bxenrsasrtajxc,뜬금없지만 규짱언니랑 콜라보로 도쿄데이트하는거 보고싶다,False,,0.0,0
@bluesky-qd6ce,극장판 나왔구나 <br>최애진격거도 이제 완전히 끝인가😢,False,,0.0,0
@동사-s8z,tmi..ㅎㅎ 재밌다. 홧팅,False,,0.0,0
@buzzlemon474,진격거 저도 인생 애니,False,,0.0,0
@user-ssfgh321dgh54,유우키상 저는 요즘 바람의 검신 보고 잇어요. 요즘 애니들은 그림체 다들 비슷비슷하고 차원류 이거나 먼치킨만 나와서 질려버리죠,False,,0.0,0
@혜미-er87,(가슴이 웅장해진다..),False,,0.0,0
@Roy-xg4vp,저도 보고싶네요! 유우키님 일본여행 꿀팁 카페 가입이 대기중이라 확인 부탁드려도 될까요 ㅠㅠ!🥹,False,,0.0,0
@yaeeunkim254,유우키님 h&amp;m에서 세번째 가죽자켓 사세요! 잘어울려요 ㅎㅎ,False,,0.0,0
@솔까이말한다,"전 갠적으로 지크가 매력있는 캐릭터라고 생각합니다.<br>특히, 리바이랑 지크거인이랑 싸울때 명장면이였었죠.",False,,0.0,0
@mung_nyang_ong,"<a href=""https://www.youtube.com/watch?v=F-AR90r43ws&amp;t=232"">3:52</a> 일본에는 이 옷을 후리스라고 할 수 있지만 한국에서는 무스탕이라고 합니다!",False,,0.0,0
@chanwoolee7599,지금 센다이여행왔는데 좋네요! 영상 잘보고있습니다,False,,0.0,0
@Vldh0202,나의 최애는 리바이~~~,False,,0.0,0
@종이7,유우키 에렌 닮음,False,,0.0,0
@jee_silver365,조사병단 풉하고 말았네ㅎ<br>잇떼랏샤이 유우키!,False,,0.0,0
@eerejkejirtjasdf,한국에선 돈주고 못보나? 애니로는 다 봤는데,False,,0.0,0
@토토로-g8s,난 언제 퇴원하는거야...  와~. 창설도 상영중인데. 음악들으면서 걷고 싶다!,False,,0.0,0
@hyoma272,덕후 친구들하고 영상에 나온대로 놀면 진짜 즐거울듯요!,False,,0.0,0
@씨무명-t9n,조사병단이 머에요? 와우에 풋맨?같은건가?,False,,0.0,0
@킴실세,아니 나도 보고싶다아아아아아ㅠㅠㅠ,False,,0.0,0
@Lu_cy_Lu,진격거 보지도 않았고 앞으로도 볼 생각 없는데<br>이 영상을 보고있다 ㅋㅋㅋㅋㅋ,False,,0.0,0
@윤링-l4l,진격거 ㅠㅠㅠ....,False,,0.0,0
@김올라-s3t,재밌겠다 한국에도 개봉할라나,False,,0.0,0
@Zzanguluv,제가 혼술 자주하는데 최애 채널입니다^^,False,,0.0,0
@sksksks-u2w,진격거가 유우키님한테 최애 이듯이 저희한테는 유우키님이 최애입니다~^_^,False,,0.0,0
@펭민-y5l,제 최애 캐릭터는 귀멸의 칼날 렌고쿠용!!<br>같은 캐릭터 덕후라 너무 반가웠다는 ㅎㅎ,False,,0.0,0
@Ami1996K,리바이 병장 떄문에 어쩔수없이 끝까지 보게됨 언제 나올지 몰라도,False,,0.0,0
@2daLimit,"저역시 인생 애니에 진격이 들어갑니다.<br>개인적인 순위는<br>1. 강철의 연금술사(브라더후드) - 상업성, 작품성, 미친 떡밥회수에 완벽한 엔딩. 저에겐 단연 이 이상의 애니는 없습니다.<br>2. 귀멸의 칼날 - 워낙에 칼부림 애니를 좋아하기도 하지만 2위가 되는 데에는 무한열차의 공이 컸네요. 렌고쿠상 ㅠㅠㅠ<br>3. 진격의 거인 - 흥미로운 설정에 성우들의 연기도 좋았지만 세 작품 중 스토리가 가장 난해해서 3위에 머물렀습니다.<br><br>강철은 2가지가 있는데 오리지널 스토리의 강철이 있고 추후 코믹스가 완결이 되고 코믹스의 스토리 그대로 나온 브라더후드가 있습니다.<br>둘다 좋은 작품이지만 저는 브라더후드를 더 높이 평가합니다.<br>강철 애니는 꼭 보셨으면 좋겠어요!!",False,,0.0,0
@은정이-n8r,진격거인 보진않았지만 궁금해지는 한번봐야겠어요,False,,0.0,0
@888-d5k,제 최애 애니인 진격거를 유우키님이 리뷰해 주시니 뭔가 감격스럽네요ㅠㅠ<br>저는 한지상이랑 엘빈단장을 젤 좋아했습니다......... 에렌은 아픈 손가락st..<br>너무나도 명작인데 다시 정주행하기엔 쉽지 않은 애니.<br>복선을 다 알고 나니 마음이 아려서 첫 화를 못 보겠더라구요...ㅠ<br>부디 한국에서도 꼭 개봉해 줬으면 좋겠어요!,False,,0.0,0
@S2LK,ㅠㅠㅠ 국내개봉 얼마 걸리려나,False,,0.0,0
@nposcout,"<a href=""https://www.youtube.com/watch?v=F-AR90r43ws&amp;t=580"">9:40</a> 보통 그걸 메리배드엔딩이라고 합니다!! 전체적으로 봤을 땐 좋고 행복하나 주인공 혹은 캐릭터의 입장에서 보면 새드엔딩인걸 말해료!",False,,0.0,0
@ddanddu1972,전체적으로 봤을때도 인류가 80% 죽어서 새드임 ㅋㅋㅋㅋ,True,@nposcout,1.0,0
@라코스-y4m,리바이 병장님 사랑... 강철의 연금술사 제발 다 봐주세요... &#39;오빠&#39; 듣고 나면 멈출수 없어요,False,,0.0,0
@듀미-c1k,"제 인생 애니도 진격거인데 블리치는 꼭 봐주세요 제발,,🙏🏻 유우키님 푹 빠지실듯",False,,0.0,0
@오션-u9r,혹시 새드엔딩 좋아하시면 사이버펑크 엣지러너 한번 봐보시는것도 추천드려요 ! 10화뿐이지만 10화만으로도 주는 여운이 상당한 애니입니다,False,,0.0,0
@랜전무,진격거 한번도 안봤는데 유우키형이 재밌게 봤다니까 한번 찾아봐야겠다,False,,0.0,0
@박광철-jfn2,리바이...,False,,0.0,0
@김현영-v9f,베르토르트!  저랑너무닮앗어요 시키면시키는데로 너무약하고 겁많고 자기생각말도못하고  그래도 베르톨트 마지막독백은 제 나름대로는 멋졋습니다 혼자생각이지만!,False,,0.0,0
@Aaasdk1372,일본 백화점은 음식이 여전히 맛있나 보네요..한국은 근래들어 많이 다운그레이드 된 건지 가격은 비싼데 맛은 옛날에 비해 많이들 떨어진 거 같아요ㅠㅠㅠ,False,,0.0,0
@회윤김,저도 마레의 전사 라이너가 최애에요<br>핸드폰으로 봤을때도 라이너의 갑옷거인이 진짜 멋졌는데 극장에서 보면 지릴거 같아요<br>한국에서 개봉하면 보러가고 싶어요,False,,0.0,0
@rhakrla,"<a href=""https://www.youtube.com/watch?v=F-AR90r43ws&amp;t=790"">13:10</a> 아르민 알레르토!!!!!! 똑부러지고 바다를 갈구하던 총명한 눈을 잊을 수가 없습니다😢",False,,0.0,0
@검은개-k1z,진격거 최애는 개인적으로 샤샤를 좋아합니다.!<br>약간 개그캐+진지할때 카리스마가 약간 느껴지는 분위기도 좋지만 무엇보다 시골느낌의 감성과 음식을 좋아하는 먹보같은 느낌이 <br>캐릭터가 둥글지만 반전매력적이게 나타나죠!<br><br><br>.... 😢 그래서 왜 ㅠㅠㅠ...😢 주거쒀 ㅠㅠㅠㅠ...😢,False,,0.0,0
@유메-r9t,아이자와 유우키 채널엔 전부 해산물이 들어갘ㅋㅋㅋㅋ유우키 취향 확보,False,,0.0,0
@sil.v0701,진격의거인1기보고 하차했다가 요새 다시보고싶어서 테블릿샀다가 사기당하고왔는데 다시 구매해서 볼게요^^...💖,False,,0.0,0
@jinseungtae,H&amp;M➡스웨덴 브랜드,False,,0.0,0
@동동-j8p,뻔뻔함이 아니라 당당함이 아닐까요 ㅎㅎ 올해 크리스마스 러브호텔도 기대할게요 ㅎㅎ,False,,0.0,0
@Semin9,이자카야부분에선 후녹음이 좋았을꺼 같아요 너무 씨끄러워서 진격거 최애는 리바이 에렌이 배신만 안했어도 에렌인데,False,,0.0,0
@루루-z3s,하…. 진격거 최고죠 ㅠㅠㅠ,False,,0.0,0
@아닌데용-r8z,신쪼오오 사사게요!!,False,,0.0,0
@23th-tx6bf,솔직히 리바이가 마지막까지 살아남을줄 몰렀지만 리바이가 최애긴함 리바이 병장님 감사합니다!!,False,,0.0,0
@ABCD_630,진격의거인 ㅠㅠㅠㅠㅠㅠㅠㅠ,False,,0.0,0
@되니츠제독,특전은 못 참죠!,False,,0.0,0
@은동물원,제 최애 애니가 진격거인데 제 최애 유튜버인 유우키님 최애 애니가 진격거라니ㅠㅠ 영광이자 감동입니다 🥹🥹,False,,0.0,0
@rukmar-good,전 베르톨트여 마레 시점에서 본 베르톨트가 인상에 남았네요,False,,0.0,0
@은정-f5t-i4p,저의 진격거 최애는 리바이병장 입니다,False,,0.0,0
@marylinhj,"워홀로 일본 영화관 바이토 하고있습니다!<br>초반부에 플라이어 전단지를 찾으신 거라면 전단지는 개봉 전까지만 배치하고, 개봉하면 내리는 형태라고 해요..😂<br>있었는지는 모르겠지만 일단 개봉이 된 작품이라 없었던게 아닐까 싶네요ㅠㅠ",False,,0.0,0
@jskim818,"<a href=""https://www.youtube.com/watch?v=F-AR90r43ws&amp;t=305"">05:05</a> 드립 좋았다...",False,,0.0,0
@블랙키-s2i,한국은 환경문제로 팜플렛이 없어졌는데 일본은 아직 남아있는게 부럽네요,False,,0.0,0
@냐이옹즈,H&amp;M은 스웨덴,False,,0.0,0
@yaeseon,진격거 ㅠㅠㅠ원래 23일 나고야 비행기표까지 다 티켓팅했는데..빌어먹을 연차때문에 취소수수료 내고 못간다는 ㅜㅜㅜ한국에서 제발 기대하길.....리바이병장님 사랑합니다!!!!!!! ㅠㅠ,False,,0.0,0
@Bartender18284,특전받으셔서 다행이다 😂 오랜만에 즐거운 브이로그 감사해요 😊,False,,0.0,0
@냐이옹즈,한국 백화점은 비싸고 맛 없어요,False,,0.0,0
@이성현-s6g,한국 백화점은 비싼데 맛없습니다.. 그돈씨 소리가 절로나오는,False,,0.0,0
@아루-y2n,결말 망해서 안보려고 하는데😮😮😮😮😮😮,False,,0.0,0
@kelstory9089,H&amp;M은 스웨덴 브랜드에요~,False,,0.0,0
@JiYeon-b8n,한국에서도 진격의 거인이 개봉 될까요 ? 보고 싶은데  🥺,False,,0.0,0
@honsulnam91,크리스마스 러브호텔... 컨텐츠 좋습니다...,False,,0.0,0
@Youyouyou-q6o,놀랍게도 차력거인을 좋아합니다.. 물론 거인 말고 인간을요,False,,0.0,0
@sag3370,한국에서도 영화 개봉하면 특전 요즘 영화관별로 프로모션 많이 하는데 진격거 나오면 하루만에 다 소진될 듯 ㅠㅠㅠㅠ😢,False,,0.0,0
@HKC-no8yb,"<a href=""https://www.youtube.com/watch?v=F-AR90r43ws&amp;t=273"">4:33</a> 아뇨... 맥주를 마시면 방광이 요동쳐요",False,,0.0,0
@얍얍-d9s,ㅋㅋㅋㅋㅋㅋㅋㅋㅋㅋㅋ,True,@HKC-no8yb,1.0,0
@뚜루뚜루뚭-c7i,나도 목요일에 보고왔는데 진짜 다같이 훌쩍이면서 울었음ㅠㅠ 한국에도 빨리 들어왔으면 좋겠다😢,False,,0.0,0
@eunakim4335,최근에 히타 다녀왓는데 영화내용 넘 궁금하네요..!!!! 누가 뭐래도 리바이병장님 초 ㅣ고~!~!~!~!,False,,0.0,0
@ktn618,진격거가 그렇게나 재미있나요? 인생애니는 강연인데,False,,0.0,0
@전상현-g9r,리바이병장 간지 끝판왕,False,,0.0,0
@dongjaelee94,추가 장면 외에 작화 달라지거나 하는 부분 있나요?,False,,0.0,0
@Yeongsese,한국도 개봉했었으면 했는데 너무 부러워요ㅠㅠ,False,,0.0,0
@Tom_Holland0601,유우키 보고싶다!!!ㅋㅋㅋ,False,,0.0,0
@zerionez,올해도 러브호텔 리뷰 기대할게요,False,,0.0,0
@hanmu746,"<a href=""https://www.youtube.com/watch?v=F-AR90r43ws&amp;t=514"">8:34</a> 갠적으로 이해가 안가는 이유중 가장큰건 갑작스러운 세계관 확장보다는 전시즌과의 오랜 텀이라 생각함...",False,,0.0,0
@Bertholdt_hoover,지크덕분에 엄청 울었습니다. 😂😂,False,,0.0,0
@smipson,울보 유우키도 좋군요,False,,0.0,0
@Deaconkay,진격거 한번도 안봤는데 역시 인기가 장난 아닌가보네요 ㅎㅎ,False,,0.0,0
@얼음달-s5x,저는 쟝이요 ㅋㅋ 잘생겨서 첨부터 좋아했음..,False,,0.0,0
@솜이네-l9c,신조오 사사게요!!,False,,0.0,0
@우진문-n6e,제 최애 애니 진격의 거인.. 3일 전에 다시 정주행 했지만 n회차 볼수록 복선 찾는 재미와 숨겨진 떡밥들에 입이 다물어지질 않네요😮 유우키님도 진격거 팬이시라니.. 왠지 모를 동질감에 기분이 좋습니다 ㅎㅎ,False,,0.0,0
@Red-112a,저 1~막권 쌔삥잇엇는데 드릴걸 갠히팔아서 ㅠㅠ,False,,0.0,0
@메롱맨-w6n,다 너무너무 최애이지만 지금 생각나는 캐릭은 에르빈 스미스 좋아합니다!! 신조오 사사게요!!! 멋진 리더십이랑  강단있는 행동들이 멋있었어요~~🐎,False,,0.0,0
@fearless307,뭘좀 아시는 분,False,,0.0,0
@신서영-g1l,"생방으로 같이 카운트다운한게 엊그제인데 시간 참 빠르네요,,,",False,,0.0,0
@user-yr1cl9nq7g,애니메이션 역사상 최고 goat 진격의 거인,False,,0.0,0
@김설기-i3b,최애는 피크핑거요 ㅠㅠㅠ 넘 매력있는...,False,,0.0,0
@hee,피크도 귀엽죠 ~^^,True,@김설기-i3b,1.0,0
@TTT-nv7rj,리바이 너무 좋아요~~,False,,0.0,0
@userpark333,진격거 결말포함 리뷰로 다 봤는데 명작은 명작입니다,False,,0.0,0
@xooh1202,보고 있었나? 이게 결말이라네. 너희가 바친....심장의..,False,,0.0,0
@tonyh2113,코난과 짱구는 진짜 결말이 있을까요?ㅋㅋ,False,,0.0,0
@hee,짱구는 없을듯.......,True,@tonyh2113,1.0,0
@Ami1996K,저는 위에 따로 먹고 그다음 덜어서 밥이랑 같이 먹어요,False,,0.0,0
@byehi-j9g,1기만 봤는데 몰아보기 괜찮을까요?,False,,0.0,0
@hee,괜찮습니다~ 중후반부에 내용이 어려워지는데 이해안되면 유튜브로 해석하는거 보고 넘어가시길~!~!,True,@byehi-j9g,2.0,0
@byehi-j9g,@@hee 빠른 답변감사합니다 조만간 한번 몰아보겠습니다!!,True,@byehi-j9g,2.0,0
@가만안도-l3g,"<a href=""https://www.youtube.com/watch?v=F-AR90r43ws&amp;t=128"">2:08</a> 진격의 거인 팜플렛은 없지만 시선강탈 고독한 미식가 고로상ㅋㅋㅋㅋㅋㅋㅋㅋ",False,,0.0,0
@eventhorizon8753,하이큐도 리뷰해줘요😢😢,False,,0.0,0
@ReaIWakGood,Tv판이랑 다른점이 있나요??,False,,0.0,0
@hee,마지막에 쿠키영상 따로 있는거빼곤 같습니당,True,@ReaIWakGood,1.0,0
@EoNiYouTuBe,제 기준 모든 애니중 최고 명작 진경의거인 ㅠ,False,,0.0,0
@maopanda8514,저는 옷 고르는 곳이 정해져 있지 않아요. 내가 입었을 때 마음에 들고 잘 어울리면 사거든요. 유우키도 돌아다니다가 어울리는 옷 있으면 입고 나중에 보여줬으면 좋겠어요. 노래 듣다가 눈물 났어요.,False,,0.0,0
@예아-l7b,그 뭔가 착각하시는것같은데 미카사는 제 여친입니다.,False,,0.0,0
@hee,😤,True,@예아-l7b,1.0,0
@liiiiilllllll,저도 인생최애애니가 진격거는맞는데 남자가 이걸로 우는건 좀...추해보입니다,False,,0.0,0
@김태연-i2v9m,저도 진격의 거인 최애 애니라서 개봉하지마자 혼자 도쿄가서 보고왔어요!! 다 아는 내용이지만 다시 봐도 눈물이..😭😭말로 설명할 수 없는 여러 감정들을 다시 느낄 수 있어서 너무 감사한 시간이었어요ㅎㅎ 신조오 사사게오✊🏻,False,,0.0,0
@kimgoogle169,헌터헌터 좋아하시는군요..... ❤,False,,0.0,0
@blackjob,"<a href=""https://www.youtube.com/watch?v=F-AR90r43ws&amp;t=632"">10:32</a> 소심하게 박수치는거 뭔가좀 웃기고 귀엽네요ㅋㅋㅋㅋㅋ",False,,0.0,0
@infpsroom,나도 심장바치러 가고싶다……….,False,,0.0,0
@hikari_48,제 최애는 리바이 병장이요 까칠하고<br>츤데레지만 동료들에 대한 마음은<br>가장 따뜻하고 성우도 카미야상이라 <br>좋아해요 진짜 짐승 거인이랑 싸우기<br>전 앨빈과 나눈 마지막 대화는 아직도<br>기억에 남아요ㅠㅠㅠㅠ,False,,0.0,0
@Coong2nyang,ㅇㅅㅇ!,False,,0.0,0
@taesunkim1586,이제 3D 를 만납시다 ㅎㅎ,False,,0.0,0
@김은미-h4k,한국은극장안해주나😂,False,,0.0,0
@정지훈-e9j,역시 덕질 할려면 일본에서 살아야 한다..,False,,0.0,0
@soundmagic2407,진격거 너무 슬프고 마지막까지 참 좋은 애니였죠... 모든 캐릭터의 서사가 다 이해 되고 결말도 납득이 다 되는ㅠㅠ 10년 넘게 참 좋아한 애니입니다! 처음 봤을때 충격 아직도 잊지 못해요ㅎㅎ 한국도 올해초 전시회를 하고 카지 성우님도 다녀 가셨어요~ 한국도 얼른 극장판 개봉해서 보러가고 싶네요ㅎㅎ 마무리로 수이진이라니! 너무 좋아요💙 한국에도 파는 곳이 있어서 저도 마셔봤답니다💙 오늘도 재밌고 소소한 일상 공유 감사합니다👍👍,False,,0.0,0
@이스람-v5o,전 한지가 젤 좋아유.. <br>뭔가 처음엔 매드사이언티스트 느낌나고 거인한테 집착하는 수준이라 얘 뭐지 싶었는데 갈수록 진중해지고 힘듦을 겪어가는 한지를 보면서 이 캐릭터가 이런느낌이구나를 느꼈죠 진짜 그 마지막장면은 아직도 잊지못합니다 제가 펑펑 운 그 장면... ㅠㅠㅠㅠ <br>心臓を捧げよ！,False,,0.0,0
@soha026,와 진짜 눈물나게 부럽다 ㅜㅜㅜ 진격거 일어로 완벽히 이해하면서 본다니 진짜진짜 부러워요😢,False,,0.0,0
@hhhh.__,오늘은 포로쨩이 안나오는군요😢,False,,0.0,0
@HEAL_TUBE,"유우키, 이젠 추워지니까 추울 땐 발열내의같은 거 챙겨 입기 바래요.",False,,0.0,0
@라_파_엘,개인적으로 장이 제일 매력적이에요<br>처음엔 안전한 헌병단을 지원하고자했지만 점점 변해서 나중에는 조사병단중에서도 아커만족도 거인의 능력도 없지만 에이스의 실력을 가지게되고 마지막엔 에렌이 미우면서도 진짜친구로서 생각하는 제일 인간적이고 입체적인 케릭터가 아닌가싶음,False,,0.0,0
@칩칩이,결국엔 미카사를 얻는건 장임,True,@라_파_엘,1.0,0
@radiohead03,한국은 맛대가리가 없어요 비싸기만 드럽게 비쌈,False,,0.0,0
@이스람-v5o,한국에서 개봉해달라 제발..,False,,0.0,0
@go.gumayusi,항사 영상잘보구 있습니다 유우키님:) 이어폰끼구 전화하는 척하면 녹음하기  조금 쉽지않을까요 ? ㅎㅎㅠㅠ 하고 조심스럽게 생각해봅니다..,False,,0.0,0
@조웅-f8l,에렌이 죽고 미카사가 다른 남자와 ㅅㅅ하고 애 낳는 새드엔딩 인정합니다,False,,0.0,0
@민블리-f1o,한국에서도 개봉하면 좋겠습니다😢,False,,0.0,0
@라_파_엘,신조사사게오,False,,0.0,0
@poodleduckoo,유우키 혹시 관람한 관이 몇 석 정도 되는 규모의 관이었나용?? 좀 커보여서,False,,0.0,0
@hee,288!,True,@poodleduckoo,2.0,0
@poodleduckoo,@@hee 오! 답해주셔서 고마워요~,True,@poodleduckoo,2.0,0
@setup-yf9qp,일본 영화관 자주다니는데 개봉하면 찌라시 빼더라구요.. 원하시면 개봉 전에 가셔야합니다 ㅠ 대신 유료팜플렛(소책자)은 계산매대에서 파니까 그거 사시면 좋아요,False,,0.0,0
@hee,아하! 그냥 중고로 샀습니다 ㅎㅎㅎ,True,@setup-yf9qp,1.0,0
@lizzylee0830,신즈오 사사게요,False,,0.0,0
@지원김-s8z,애니 자막없이 보는거 진짜 부럽다 ㅠ,False,,0.0,0
@Kimmarii,와 일본 영화관 처음 봄,False,,0.0,0
@poodleduckoo,"<a href=""https://www.youtube.com/watch?v=F-AR90r43ws&amp;t=220"">3:40</a> 스웨덴 거라네용",False,,0.0,0
@건우최-c3p,신장을 사사게로,False,,0.0,0
@hee,여기서 더 작아지면 안된다...,True,@건우최-c3p,1.0,0
@user-ql4cw1hp3v,일본에서도 아직 진격의 거인이 인기가 많나요? 애니 결말은 최근이지만 만화 원작 결말은 꽤 오래 전에 나와서 세대 교체가 이뤄진 줄 알아서,False,,0.0,0
@sil.v0701,손꼽을정도로 떡밥회수나 전체적인 스토리가탄탄해서 아마 세대교체되려면 좀 더 있어야하지않을까요?,True,@user-ql4cw1hp3v,2.0,0
@user-ql4cw1hp3v,@sil.v0701  동감입니다 ㅎㅎ,True,@user-ql4cw1hp3v,2.0,0
@발씨-f4h,제발 한국 개봉~~~,False,,0.0,0
@YZAn-mh3ju,진격 애니2기 만화책으로 좀 더 보다 말았는대,False,,0.0,0
@성수현-l4z,뻔뻔해진 유우키가 좋아요~~,False,,0.0,0
@윤병준-c6d,아아...역시...거인은 아름다워,False,,0.0,0
@user-01000,내가 갑옷거인이고 얘가 초대형거인이야,False,,0.0,0
@블루멜론-b3l,에르빈이 돌진할때 진짜 멋있었어요.. 신조-사사게오!,False,,0.0,0
@mer_hagee,저는 리바이가 최애에요ㅠㅜㅠ 리바이가 두명이면 거인들이 벽안에서 살아야한다는 말도 있는데 진짜 쎈케 간지작살..ㄷㄷ,False,,0.0,0
@Jeong-l8r,애정과 애틋함이 느껴진다 행복하자 유우키 ! &lt;3,False,,0.0,0
@하쿠나마타타-r9z,미카사… ❤❤,False,,0.0,0
@아몬드봉봉-s2o,전 올해도 솔크 예정😂,False,,0.0,0
@Dragonkim51,유우키님 TV판을 봤는데도 영화관에서 다시 볼만한가요??,False,,0.0,0
@godope,"<a href=""https://www.youtube.com/watch?v=F-AR90r43ws&amp;t=567"">9:27</a> 4월은 너의 거짓말은 진짜 폭풍오열함,,,ㅠㅠㅠ",False,,0.0,0
@jeongpark3212,50대라 진격거는 무리데스…한국 갑자기 추워졌어요. 일본은 어떤가요?,False,,0.0,0
@hee,일본도 춥습니다~~,True,@jeongpark3212,1.0,0
@정우혁-z7m,한국에도 개봉하면 좋겠는데....,False,,0.0,0
@꽁치-n4g,그녀는...그녀는 극장판에서 행복해 졌나요..?,False,,0.0,0
@lllyyyyhhh,"강연은 꼭 보세요 제 인생 작품입니다,,,, 만화랑 애니 2버전 다 대박적입니다<br>진격거는 시즌1 초중반이 지루한 느낌이라 계속 하차했는데 2트 3트 하면서 그 부분 참고 지나가니 쭉쭉 봐지더라구요 <br>블리치는 원나블 중 제 최애라 추천드려요,,, 만화로,,, 원나블헌 까지라면 헌헌이 최애지만 완결이 안날테니까😂",False,,0.0,0
@_sura,오 진격의 거인... 극장판이 나오나 보네요,False,,0.0,0
@rainbowdouble3717,유우키가 아직도 강철을 안봤다는거에 놀란,False,,0.0,0
@MsSeo-zs7re,정말 순수하고<br>좋은 청년이라는 생각을 참 많이 해요~~ 😊😊😊,False,,0.0,0
@criminal_dongdong2,일본으로 떠나간 창혁tv라는 혀크예거 있던데 합방 한번 해보심 잼날거 같습니다,False,,0.0,0
@빠르-x6j,"<a href=""https://www.youtube.com/watch?v=F-AR90r43ws&amp;t=603"">10:03</a> 아직까지 하가렌을 안 봤단 말입니까!!!!",False,,0.0,0
@안다혜-i7m,진짜 여운이 오래가는 애니긴해요 ㅋㅋ.. 최근 애니를 안보는 저도 진격거는 좋아합니다..,False,,0.0,0
@lovemsh2,유우키의 영화리뷰도 참 좋다..,False,,0.0,0
@l-mas5830,"유우키님 영상 항상 잘 보고 있습니다~:)<br>저도 얼마전에 도쿄를 갔었는데, 가는 술집마다 스이진이 메뉴에 있더라고요 ㅋㅋ<br>유우키님 말씀대로 요즘 잘나가는 술 인가봐요 ㅋㅋ<br>벌써 2024년도 끝을 향해 달려가고 있는데, <br>올해도 유우키님의 크리스마스 컨텐츠를 기대하고 있겠습니다!",False,,0.0,0
@icysky051,뻔뻔?해져서 더 좋아요!!!😂😂,False,,0.0,0
@팥빵-i8l,"<a href=""https://www.youtube.com/watch?v=F-AR90r43ws&amp;t=260"">4:20</a> 와 일본은 영화관에서 산프몰을 파네요 이건 진짜 부럽네...",False,,0.0,0
@꾸꾸-g8i,저같은 경우에는 카이센동 반만 회를 덜어서 나머지쪽을 파먹습니다 ㅋㅋㅋㅋㅋㅋㅋ,False,,0.0,0
@Outset41,음? 영화판은 결말 다른가요?,False,,0.0,0
@hee,같습니다~~,True,@Outset41,1.0,0
@kian...,세카이와 잔고쿠다~<br>빨리 한국에도 나왔으면 좋겠다..<br>심장을 바쳐라!!!!!!!!!!!!!,False,,0.0,0
@늴리리야-x2f,일본 영화관 내부 궁금했는데 알려줘서 고마워요,False,,0.0,0
@ladian-sb6ox,요거 아직 한국은 개봉 안 한거죵?,False,,0.0,0
@hee,넹,True,@ladian-sb6ox,1.0,0
@const.h,와 일본에서는 아직 영화포스터를 배포하는군요. 한국은 환경 위한다는 핑계 대면서 다 없어졌는데..,False,,0.0,0
@user-pg3hf1bg9w,유우키상 씹덕이어써,False,,0.0,0
@hee,ㅜㅜ,True,@user-pg3hf1bg9w,1.0,0
@simonk906,&quot;너 처음 아니지 ?&quot; ㅋㅋ,False,,0.0,0
@2002가재,"<a href=""https://www.youtube.com/watch?v=F-AR90r43ws&amp;t=258"">4:18</a><br><a href=""https://www.youtube.com/watch?v=F-AR90r43ws&amp;t=300"">5:00</a>",False,,0.0,0
@김지원-x8v8z,새드앤딩을 좋아하신다면 나히아의 결말을 좋아하시나요?,False,,0.0,0
@nox3294,마지막 센다이 역 사람들 복장이 많이 두꺼워졌네요!<br>이틀 후에 가는데 따뜻하게 입고 가야겠슴다 유바,False,,0.0,0
@hee,어제오늘 4도예요 꽉 껴입고 오시길🥶,True,@nox3294,1.0,0
@집게리아매드,스스메,False,,0.0,0
@Sssj3307,와.. 헌터헌터 보신다니 ... ㅇㅅㅇ!  헌터덕후로써 기쁘네요 .. ㅎ 진격거 요약본으로만 봤는데 .. 완결난 김에 다시도전해야겠어요 .. 후훗 ..,False,,0.0,0
@jannaleona8707,"스이진 소다 개인적으로는 좀...<a href=""UCkszU2WH9gy1mb0dV-11UJg/7cIfY5niDOmSkNAP08CA6A4""></a><a href=""UCkszU2WH9gy1mb0dV-11UJg/7cIfY5niDOmSkNAP08CA6A4""></a>",False,,0.0,0
@kyoungheepark2054,첫화부터. 다시. 한국 극장 개봉 하면 달려 갑니다 ㅋㅋ,False,,0.0,0
@h1larious,"제 개인적으로 작화가 끝내줬던 성에서 보여줬던 유미르가 거인으로 변화던 장면과, 땅울림 진행 도중에 비행선에서 내려 거인화 하는 라이너. 그 두 장면이 정말 멋있더라고요",False,,0.0,0
@Thoughtcrime.,책상위에 루믹스 gh6가 보이는데 음식사진 스틸컷 용인가요? 들고다니는 캠도 따로 있는거같은데 촬영 세팅이 궁급합니다,False,,0.0,0
@hee,G99입니당 고정할땐 저카메라<br>이동할땐 dji pocket 씁니다,True,@Thoughtcrime.,2.0,0
@Thoughtcrime.,@@hee 아하 감사합니다. 요즘 사진기 취미가 생겨서요,True,@Thoughtcrime.,2.0,0
@땅콩-q7f8b,전 아르민요 ㅎㅎ 받으신거 부럽네요 ㅜ 진격거 최애애니인데 역시 팬들 많네용,False,,0.0,0
@초파네,진격거 때매 히타까지 다녀온 애니처음본 아저씨입니다!,False,,0.0,0
@hee,굿👏🏻👏🏻,True,@초파네,1.0,0
@일본좋아하는,일본는 진격의 거인 애니가 제일 재밌어요,False,,0.0,0
@hhhj6428,본토에서 개봉일에 바로보고 특전도 받는거 부럽다,False,,0.0,0
@Thoughtcrime.,초2때부터 봤는데 어느새 밑으로 두학번이나 들어오게 생긴...,False,,0.0,0
@zzz_451,새드앤딩의 최고봉은 에반게리온! 추천드립니다,False,,0.0,0
@hee,극장판 한개 봤었어용ㅋㅋ 오렌지로 물드는..,True,@zzz_451,1.0,0
@naomikang1339,뜬금없지만 첫번째 하얀 패딩이 제일 잘 어울려요~~~ㅎ,False,,0.0,0
@W_ds,진격거애니 엔딩봤는데 이번극장판이랑 아예 똑같은내용인가요??,False,,0.0,0
@hee,넵,True,@W_ds,1.0,0
@에렌형,"저는 리바이  입니다 강하고 개인적인거 같지만 정말 부하들을 아끼는 사람,,,, 맘에 들어요<br>요즘 유우키 다시 돌아와줘서 고마워요",False,,0.0,0
@frack1,이게 인스타에 올리셨던거구나 ㅋㅋㅋㅋ,False,,0.0,0
@Crepusculum_somnium,4월은 너의 거짓말 ㅠ 너무 좋았는데 보고 난 이후 후유증이 너무 심했어요 ㅠㅠ,False,,0.0,0
@wwoozi,리바이 헤이쵸 못 잊어🥹 기회되면 애니 추천 컨텐츠 어떠신지? 우선 4월은 너의 거짓말 함 시작해볼게요!,False,,0.0,0
@정영현-u4x,저는 극장 안 간지 꽤 됐네요.<br>어벤져스 엔드게임이 마지막 극장관람.<br>극장에 가면 상영 중간에 화장실 가기도 어렵고 여러가지로 불편해서 이제 안 갑니다.<br>그래도 큰 화면은 좀 그립네요.<br>멀티플랙스처럼 고층에 위치한 극장들 말고 예전의 극장처럼 1층에 위하면 좋을텐데 말이죠.,False,,0.0,0
@룰룰-b8t,오늘도 잘볼게요 ❤❤❤,False,,0.0,0
@Off-n1x,그녀는ㅋㅋㅋㅋㅋㅋㅋ캐릭터가 아니랰ㅋㅋㅋ 🤣  귀엽소 유우키 :),False,,0.0,0
@leeth9865,장발 간지 유우키..😎,False,,0.0,0
@lovemarzana,저는 엘빈 !,False,,0.0,0
@Off-n1x,코난 아직도 보고있는 으른 1 ㅋㅋㅋㅋㅋㅋㅋㅋㅋㅋㅋㅋㅋㅋ,False,,0.0,0
@hancojungboknanhyun,말투도 귀여우시고 감수성넘치는 유우키님! 저는 울지는 않는데 그냥 슬프다고 느끼기만 할뿐 울만큼 감수성있는분들보면 부럽단 생각이듭니다. 저도 슬픈장면보면 울고픈데 이상하게 안울어질때가ㅠㅠ 그리고 영화관에서의 맥주. 영화관 안가본지 된 저로선 새로운조합이군요! 혹시 거기서 진격거 코스프레한 분들도 있는지 궁금하기도 합니다.ㅎㅎㅎ,False,,0.0,0
@LoloHol-x9s,에렌 미카사한테 별 마음 없는 줄 알았는데 갑자기 슬램덩크 농구가 하고싶은 정대만마냥 울때 제 나이 소년같아서 웃기면서 짠했던...,False,,0.0,0
@hee,ㅜㅜ,True,@LoloHol-x9s,1.0,0
@LoloHol-x9s,많은 사람이 그러했든 리바이로 시작했다가 후반에 에렌 장발에 치이다 에렌이 아픈손가락으로 남아버린...,False,,0.0,0
@동글이와나나,"진격거 재밌죠!, 보고 우셨다니😢😢 유우키님 감성이 풍부하신것 같아요ㅎㅎ 갓파쿠의 여름방학도 개인적으로 추천드립니다❤",False,,0.0,0
@ramiuniverse,신조오사사게요!!,False,,0.0,0
@hee,사사게요~~,True,@ramiuniverse,1.0,0
@SChoi-k8z,지금 유우키님 동네 단골 스시집 먹으러 가는 도중에 영상이 올라왔네요. 학생때 부터 본 그 스시집 진짜 두근두근 거립니다.❤ 소개하신 우설도 맛있었어요 유우키님 영상을 보고 센다이로 달려왔네요 행복하세요,False,,0.0,0
@hee,앗 재밌게 놀다가세요!!,True,@SChoi-k8z,2.0,0
@SChoi-k8z,​@@hee와 너무 너무 맛있네요(감동❤)  가게 안에 기타가 있어서 치면서 점장님과 손님분이랑 이야기하면서 맛있게 먹었습니다😂 항상 응원합니다!,True,@SChoi-k8z,2.0,0
@sujin0507,저도 너무너무 영화보고프네요 ~❤,False,,0.0,0
@cuma_0913,"진격거 첫화보고 뭔가.. 무서운 느낌이 들어 안보게되었었는데,,,;;<br>유우키님이 보고 울으셨다니.. 이거 한번 저도 재 정주행해야겠는데요&#39;!?",False,,0.0,0
@mrq1245,진격의 거인 리바이 요!,False,,0.0,0
@svt-carat0326,안녕하세요❤,False,,0.0,0
@고척동또도가스,진격의 남방 유니클로 게이야,False,,0.0,0
@이승연-g1g,"최애와 최애의 조합이라니,,,❤",False,,0.0,0
@mrq1245,"4월은 너의 거짓말 명작 이죠!  <br>강철의 연금술사 인생작 이죠!<br>두 작품 다 원작 &amp; 애니 👍<br>블리치,헌터X헌터 재밌죠!<br>요즘 방영 하는 블리치 천년혈전 작화가 미쳤음 굿!굿!굿! 👍",False,,0.0,0
@체리향나무,귀여워,False,,0.0,0
@beherenow4530,"<a href=""https://www.youtube.com/watch?v=F-AR90r43ws&amp;t=300"">5:00</a> ㅋㅋㅋㅋㅋㅋ",False,,0.0,0
@qwes1000,설명 참조에 “조사병단 유우키가 간다” ㅋㅋ<br>저도 조사병단 입단하고 싶습니다⚔️⚔️,False,,0.0,0
@eternity17626,저도 진격거 인생 애니인데 와… 한국 개봉도 얼른 해라 제발..🥹,False,,0.0,0
@beherenow4530,"<a href=""https://www.youtube.com/watch?v=F-AR90r43ws&amp;t=60"">1:00</a> 쟝의 그녀 ㅋㅋㅋ",False,,0.0,0
@qwes1000,일본에서 라스트 극장판이 개봉되었다는 소식을 알고서 오랜만에 진격거 영상들을 다시 보고 있어요😊 유우키님의 생생한 후기가 올라와서 너무 기쁩니다! 한국 개봉을 애타게 기다리고 있어요🙏🙏 오늘도 귀여운 유우키님,False,,0.0,0
@Imzozo-c2y,토호 시네마즈 보고 거리조각 생각났으면 개추,False,,0.0,0
@Kanonoko89,애국보수 플록 폴스타!,False,,0.0,0
@이-y3d,"하진짜 미치겟다 진격거보면 현생 불가여서 도저히 엄두가 안남..,,,,",False,,0.0,0
@happyhamster5252,"<a href=""https://www.youtube.com/watch?v=F-AR90r43ws&amp;t=793"">13:13</a> 유우키님도 이번 해에 정말 수고 많으셨어요!👏",False,,0.0,0
@wanna_be_free,다녀와. 유우키.,False,,0.0,0
@이진영-p1q,가고싶은 곳 다 가는 갓생 부럽네요,False,,0.0,0
@Imzozo-c2y,갑자기 씹덕질하니까 왤케 웃기지ㅋㅋㅋㅋㅋㅋㅋ,False,,0.0,0
@sohyun_jeon,후기 올려줘서 고마워요❤,False,,0.0,0
@kwj3555,헌터헌터 어디까지 보셨어요?? 진짜 재밌더라구요..,False,,0.0,0
@박성준-y6o,"<a href=""https://www.youtube.com/watch?v=F-AR90r43ws&amp;t=218"">3:38</a> 스웨덴이요",False,,0.0,0
@딥깊을,세카이와~잔고쿠다~ 따흐흑,False,,0.0,0
@happyhamster5252,"유우키님이 우실 정도라니,,꼭 봐야겠네요!💕",False,,0.0,0
@푸른곰팡이-x3,저도 진격거 보자마자 최애 애니되고 지금도 열심히 덕질중인데 영화 너무 보고싶네요ㅠㅠ 일본 갈 상황은 안되고 그저 한국에서도 개봉해주길 기다립니다.. 영상 감사해요!!,False,,0.0,0
@현타-p7j,부럽습니다.. 국내 개봉 안하나..,False,,0.0,0
@oootannhi,올해 크리스마스도 러브호텔 기대하고 있겠습니다.,False,,0.0,0
@톤모모,무적권이죠,True,@oootannhi,5.0,0
@hee,에엣..!?,True,@oootannhi,5.0,0
@girlgura323,​@@hee작년꺼 쉬었으니 2박헤야한다고 생각합니다.,True,@oootannhi,5.0,0
@GuinevereFlowerLike,이 댓글 보고 ㄱ글 에서 벳프리 보고있는 내 인생이 레전드네 씨밬ㅋㅋㅋㅋ?,True,@oootannhi,5.0,0
@얍살-n2k,저도 살짝 기대를 얹어봅니다 😂😂,True,@oootannhi,5.0,0
@명태-h7j,쟝 키르슈타인..,False,,0.0,0
@Arnyang,형 언제나 재밌게 보고있는거 알지?,False,,0.0,0
@Mingkiki,최애 리바이 ㅎㅎㅎ블리치 조금씩 보는중인데 올해안에 다 볼수있을지 ㅎㅎ,False,,0.0,0
@PGD-m1q,"베르톨트, 그리샤가 최애까진 아니고 재밌는 캐릭터라 생각해영",False,,0.0,0
@이지선-o3z,저는 리바이~~^^,False,,0.0,0
@금덩어리-d4m,"<a href=""https://www.youtube.com/watch?v=F-AR90r43ws&amp;t=280"">4:40</a> 한 번 더 보러가요~",False,,0.0,0
@RoofTopFwan,역시 우유키님 영상은 재밋어^^,False,,0.0,0
@조수진-k9n,진격거 후기만 기다렸습니다!! 올려주셔서 감사해요 진격거 저도 인생애니됐는데 한국도 얼른 개봉해줬으면 좋겠네요😢😢,False,,0.0,0
@bin0510,복선 회수 좋아하시면 슈타게는 어떠신가요,False,,0.0,0
@kwj3555,최고..!!,True,@bin0510,1.0,0
@nohmonmomi,저는 개인적으로 리바이 병장을 좋아해서 피규어도 모으고 있어요 ㅎㅎ 최강전투력에 끝까지 자기 희생하는 모습이 멋있어서 좋아해요 ㅎㅎ,False,,0.0,0
@cornpotato2021,"빨리 한국에서 보고싶어요 😂😂😂 울컥 빨간머플러 준비해놔야겠어요,,",False,,0.0,0
@1278sk,"<a href=""https://www.youtube.com/watch?v=F-AR90r43ws&amp;t=186"">3:06</a> 한국백화점은 일본에비해 비싼만큼의 퀄리티와 맛이 없습니다!",False,,0.0,0
@W_ds,이거진짜 ㅋㅋ 비싸기만하고 맛 더럽게없음,True,@1278sk,1.0,0
@성포동포동,겐간아슈라 마지막회 보고 눈물이 흐르던데...,False,,0.0,0
@이진영-j1v,진격의 거인~꼭 한번 챙겨볼께요~^^,False,,0.0,0
@user-vr8dd6jh9upark,저는 에렌이요,False,,0.0,0
@김성렬-y5t,한국도 개봉해줘 😢,False,,0.0,0
@시마린-o9g,옛날애니는 잘 모르지만 진격거는 알아요.. 고딩때 들어봐서.. 5년전부터 애니입문했지만 요즘애니들 밖에 모름ㅎㅎ 옛날애니 잘 알아봐야 2010년대 중반이후,False,,0.0,0
@kscho0207,일본여행가서 종종 영화 보러가긴 하는데 신기한 경험이긴합니다. 저도 진격거 좋아하는데 한국에서도 개봉해줬으면 좋겠어요 ㅠ ps.제 최애캐는 리바이입니다.,False,,0.0,0
@skdjwnn-n3e4t,진격거 안봤는ㄷㅔ 보 ㅏ야하나요,False,,0.0,0
@jaaminiii,진격거 몰아서 보면 현생 불가능함 머릿속에 온통 진격거생각 뿐임,True,@skdjwnn-n3e4t,1.0,0
@김은성-f3s,오늘도 재밌는 영상 감사해요🤍<br>날씨가 추워졌어요..<br>따뜻하게 입으시고..<br>항상 홧팅!!😊,False,,0.0,0
@user-AMAN_I,re life 일본웹툰 원작으로 애니까지 있는데 추천해요,False,,0.0,0
@yuhwaniyyy,"영화관이 겹쳐서 뭔가 예전에 봤던 영상이랑 이어지는 느낌이라 좋았다 ,, 🥹",False,,0.0,0
@뽕식이-z2x,선다봉  후감상  꿀꿀한 요즘 유우키님 영상 감사합니다,False,,0.0,0
@주먹-y8z,저도 8일날 센다이였는데 아깝네요😂,False,,0.0,0
@마모루-j3u,최애는 미카사....미카사 같은 여자한테 보호 받고 싶은.....리바이 같은 형이 있으면 좋겠고....아르민 같은 친구....,False,,0.0,0
@I_hate_Tottenham,"<a href=""https://www.youtube.com/watch?v=F-AR90r43ws&amp;t=540"">9:00</a> 저랑 취향 완전 똑같으시네요 ㄷ",False,,0.0,0
@JHLEE-cy6tj,진격의 거인 명작이죠 ㅠㅠ,False,,0.0,0
@jhk4244,"세상은 잔혹해 그럼에도 너를 사랑해, 무엇을 희생한다고 해도 너를 지켜줄게. <br>ㅠㅠㅜㅜㅜ 그저 에렌의 사랑 아니냐고",False,,0.0,0
@김영길-f2j,저는 진격의 거인 안봤지만 제 인생만화는 베르세르크 입니다( 베르세르크는 애니보단 만화로 봐야 진국이지만)<br>슬램덩크 기생수 베르세르크가 제 인생 top3 만화입니다,False,,0.0,0
@니무쩡,유일하게 모든걸 챙겨본 진격인데 유우키님 좋아한다고하니 마음이 떠껀~~합니다~,False,,0.0,0
@Hetal_gom,진격거 아주 천천히 보고있는데 영화판도 보는게 좋나여? 스토리가 이어지나?,False,,0.0,0
@단이팍,우리나라도 개봉하나요? 알아봐야겠다 차오른다…,False,,0.0,0
@kwj3555,진격거까지... 유우키 당신 진짜 인정이야!!❤❤,False,,0.0,0
@Ddaon99,오 영화관 개봉했구나,False,,0.0,0
@규진규진,온천 시리즈 기다리겠습니다❤❤❤❤,False,,0.0,0
@kwj3555,진격거까지... 유우키 당신 진짜 인정이야!!❤❤,False,,0.0,0
@언옹-j5z,1화에 뿌린 떡밥을 마지막화에 회수하는 미친 명작,False,,0.0,0
@pumpkin8168,유하,False,,0.0,0
@I_hate_Tottenham,"진격거,...캬..ㅠ",False,,0.0,0
@금강견강소복괴산불,학살자가 되어줘서 고마워..!,False,,0.0,0
@바다달팽이-k9f,^^,False,,0.0,0
@Yang-od9vx,"에렌, 리바이❤️",False,,0.0,0
@ReArdor,진격거 결말 기억에 남네요 애니 분위기에 걸맞는 엔딩이었다고 생각해요 ㅇㅅㅇ,False,,0.0,0
@Only0820,”진격거는 실화입니다“,False,,0.0,0
@ttt-vp2xu,전 혼자서 모든 것을 짊어진 비운의 사나이<br>누구보다 자유를 원했지만 운명에 사로잡힌 에렌을 가장 좋아합니다,False,,0.0,0
@현대_AVANTE_N,저도 보러 가고싶어요.....ㅠㅠ,False,,0.0,0
@찌개댄장,저녁식사시간에 맞춰 업로드 감사합니다,False,,0.0,0
@minasemaria,유우키 우는거 처음봐요 ㅠㅅㅠ 그렇지만 꿀잼였습니다!😁😁,False,,0.0,0
@user-demohololive,마지막에 마음속에 소중히 간직하겠다는 말이 되게 찡하게 다가오네요... 오늘도 좋은 영상 감사합니다.,False,,0.0,0
@김정혁-n8p,영상이 재미있었어요,False,,0.0,0
@kbmiracle_mon,진격의 거인은 진짜 최고의 애니메이션이에요!!!,False,,0.0,0
@바다달팽이-k9f,영상만 보다가 처음으로 댓글 남깁니다..진격의 거인..저도 지금 다시 정주행 중이거든요. 반가워서요^^..애니로 보고있는데 뒤로갈수로 내용이 복잡하고 어려워지고있어서 당황중입니다. ㅋ ..일본에서는 완결편이 극장개봉하나보네요. 저도 보고 싶네요,False,,0.0,0
@hee,해석해주는 유튜브 영상들 보세요 ㅎㅎ 저도 해석없인 이해가 어려웠네요..,True,@바다달팽이-k9f,1.0,0
@김웅배-e6f,재미있어요😊,False,,0.0,0
@Hasegawa-Hanzo,진격거 -! 한번도 보지 않았지만 유우키님이 추천하시니 보겠습니다!<br>그리고 tmi 꿀잼ㅋㅋ,False,,0.0,0
@동원참치-z3e,신죠오 사사게오!!!!<br>저는 리바이 병장!!!,False,,0.0,0
@황순경-k1y,"<a href=""https://www.youtube.com/watch?v=F-AR90r43ws&amp;t=63"">1:03</a> 5252 너무 잘 어울리는거 아니냐구",False,,0.0,0
@hee,아리가또~^^,True,@황순경-k1y,2.0,0
@soha026,ㅋㅋㅋ아니 h&amp;m 옷입는 부분인줄 알았는데!!,True,@황순경-k1y,2.0,0
@이태희-f5v,유우키님의 그녀를 알게 되었네요😅진격거를 본적은 없지만 넘 유명하니까..오늘따라 목소리가 더 활기찬 듯 하네요😊,False,,0.0,0
@_Roun_,진격거는 최고죠 히타도 다녀왔어여!!! 진격거 팬이면 히타 다녀와 주세요,False,,0.0,0
@nanokim6766,"&quot;어이, 너희들, 보고 있었냐? 아무래도 이게 결말인가 봐. 너희가 바친... 심장의...&quot;",False,,0.0,0
@ililill-o9h,유우키님 옷걸이가 정말 좋으신듯,False,,0.0,0
@말하는감자-l3k,술 줄이신다면서요~~😂😢,False,,0.0,0
@hee,줄이고 있는데요..,True,@말하는감자-l3k,1.0,0
@린가드-w3t,신조오 사사게요!,False,,0.0,0
@user-qq7on6co3m,새로운  정보 고맙습니다 ❤,False,,0.0,0
@정윤-e8u,하 진짜 저건 눈물없인 못보죠😢,False,,0.0,0
@현매반영,저는 고릴라 아저씨 돌던질때가 가장 짜릿했음!!!,False,,0.0,0
@브라움질리언왁싱,"진격거 마레편만 잘 참고 보면 인생 애니,,,엄청난 철학을 담고있는 !!!!",False,,0.0,0
@ddanddu1972,마레편이 진짜인데...,True,@브라움질리언왁싱,1.0,0
@ezpzq,리바이!!! 극장판보러 일본 갈지 엄청 고민중이에요 이번주가 상영 마지막주일텐데ㅜㅜ,False,,0.0,0
@구구구구콘-k1w,좋은정보 고맙습니다 ❤,False,,0.0,0
@Marigold-A,리바이 병장......,False,,0.0,0
@송준혁-l5b,저도 라이너 배경 알고 나서 확 끌렸던것 같아요 특히 최종장 너무 멋있음..,False,,0.0,0
@라늬16,한국도 빨리 나왔으면..... 진격거 너무 재밌게 봐서 빨리 한국에도 나왔으면 좋겠네요,False,,0.0,0
@봉봉이-r5f,"허억 방금까지 저녁 먹으면서 유우키님 영상 보고 있었는데 바로 영상이 올라오다니 ,,, 너무 좋아요 !! 오늘도 좋은 저녁 되세요 !!",False,,0.0,0
@봉자-j2h,뭘해도 우리 유우키는 멋있군아❤,False,,0.0,0
@AHMAD-fx5su,일본 유니클로나 무인양품 한번 가주세요~,False,,0.0,0
@나만또못먹었지,세상은 잔혹하지만 아름다워.. ㅜㅠㅠ,False,,0.0,0
@GuinevereFlowerLike,ㄱ글 에서 벳프리 이 ㅓㅇ도로 유명했음?  내 듣보잡인줄 알았는데 ㄷㄷ?,True,@나만또못먹었지,1.0,0
@user-LLENN,오늘 영상도 잘 보고 갑니다~!!,False,,0.0,0
@Ari_Ari_Arisa,수업 중 잠깐 휴식시간에 본당☺️<br>진격거 영화 한국 개봉 기대된다..🥰,False,,0.0,0
@cwnam9342,복선과 떡밥의 전세계 최강은 덴마지. 회수를 안하고 튀어서 문제지만ㅋㅋㅋㅋㅋㅋㅋㅋㅋㅋㅋㅋㅋㅋㅋ,False,,0.0,0
@Yoo.r,"저도 저번주 주말에 보고왔어요ㅠㅠ,,영화 완결편까지 보니까 찐 마지막인 것 같아서 너무 아쉬웠던 내 최애작품🥹",False,,0.0,0
@tv-bt5jy,유우키형 영화관오랜만에 가네 ㅋㅋ 나도빨리 진격의거인 보고싶다 내년이라니,False,,0.0,0
@momoring11,제 최애는 엘빈..단장님 😭,False,,0.0,0
@juaurn.o,헉 진격거 ㅜㅜ,False,,0.0,0
@iliillliillii,저의 최애는 엘빈❤,False,,0.0,0
@현매반영,진격거는 못참지 ㅠㅠ 부러워요,False,,0.0,0
@JosephPark0217,❤,False,,0.0,0
@killerwhale4807,강철의 연금술사 이후로 명작 애니 하나 꼽으라면 진격의 거인입니다 <br>저도 재밌게 봤어요,False,,0.0,0
@KIMGOMPARK,우익논란만 없었더라도 한국에서 더 인기 많았을 팬덤인데 참 안타까움.....,False,,0.0,0
@mrq1245,진격의 유우키 ㅋㅋ 😂,False,,0.0,0
@mrq1245,진격의 거인 재밌죠! ㅎㅎ<br>원작 결말이 아쉬웠습니다. <br>요즘 인기작들은 결말이 ㅠㅠ<br>그렇다고요. ㅎㅎ,False,,0.0,0
@ddanddu1972,원작결말하고 애니결말하고 다르지 않은데?<br>대사 수정한것도 의미는 원작하고 같았고,True,@mrq1245,1.0,0
@seo_yun6764,유우키 ❤❤ 소중한 영상!,False,,0.0,0
@mogumogu321,맘아파서 못보겠어요 ··· ㅜㅜ,False,,0.0,0
@healing__moon,"<a href=""https://www.youtube.com/watch?v=F-AR90r43ws&amp;t=154"">2:34</a> 진격거 완결편 보는날이니까 거하게 먹겠다는게 왤케 웃기냐ㅋㅋㅋㅋㅋㅋㅋ",False,,0.0,0
@포토칩-h7l,오늘도 기다렸슴다 !!!,False,,0.0,0
@key-mex-358,심장을 바쳐라❤,False,,0.0,0
@jmieum_1172,와 ㅁㅊ 초롱이처럼 달려왔읍니다.,False,,0.0,0
@oj5767,유우키님의 애니리뷰 간만이라 소중하다..,False,,0.0,0
@hwarinem,저도 이번주 토요일에 보러갑니다. 굉장히 기대되네요.,False,,0.0,0
@halls5226,아니ㅣㅣㅣㅣㅣ 유우키님도 진격거 좋아하셨다니.!!<br>진격거 팬으로써 진격거 관련 굿즈? 피규어 같은게 인기 대비 너무 부족한게 슬프네요ㅋㅋㅋ<br>일본 여행 갔을때도 미카사 뱃지같은것만 겨우 구했던 기억이 나네요...,False,,0.0,0
@요한김-v9p,잘보고갑니다 ㅎㅎ,False,,0.0,0
@kokomokouo,한국개봉도 기다리고있습니다….넘 부러워요🥹🥹,False,,0.0,0
@hubewerohubewero,진격거는 그냥 진짜 작가가 천재임,False,,0.0,0
@jinakim7540,어머어머어머어머❤,False,,0.0,0
@KOY22,“머플러를 둘러줘서 고마워”,False,,0.0,0
@hee,🕊,True,@KOY22,10.0,0
@KANATA_HALUKA_,“2천년… 혹은… 2만년 후에 너에게…“,True,@KOY22,10.0,0
@카드값줘체리-u1e,ㄹㅇ 1화가 복선일줄 몰랐다 진짜 하,True,@KOY22,10.0,0
@KIMSEUNGWOO_08,マフラーを巻いてくれてありがとう。,True,@KOY22,10.0,0
@나은-q7u,ㅠㅠ,True,@KOY22,10.0,0
@꾸엥이-x1e,시험기간에 영상이❤,False,,0.0,0
@유우키1호팬,진격거 딱대... 조만간 정주행 하러 가보겠습니다😮,False,,0.0,0
@달빛체리user-sm4jw8zu5g,바로 달려왔어요❤😊,False,,0.0,0
@haharin_15,👍🏻👍🏻👍🏻,False,,0.0,0
@이서현-g1i,재밋게볼게영,False,,0.0,0
@dleotjd0606,오오오 진격거!!,False,,0.0,0
@BoxDeerMen,캬-,True,@dleotjd0606,1.0,0
@구나연-z5i,😂 오하요,False,,0.0,0
@ziodeka127,국내도입이 시급합니다!!,False,,0.0,0
@hanjina,오하요 유하,False,,0.0,0
@godnjswldus,1빠!!!!!!!!,False,,0.0,0
@프리미엄유튜브-z4m,오하요~,False,,0.0,0
@밤바,이것만 기다리며 살아요,False,,0.0,0
