author,comment,is_reply,reply_to,reply_count,is_spam
@bluegress7088,와이프가 수술해서 약3주간 너무 힘들고 바뻐서 잘 못챙겨 봤네요 혼자 아이2명 케어가 힘들네요 오랜만에 영상보고 힐링좀 할께요 항상 밝은 미소가 이쁜 다니엘,False,,0.0,0
@KOMERICAN.,와이프분이 빨리 쾌차하시길 바랄게요! 영상 보고 힐링이 되셨으면 좋겠습니다. 감사합니다 ~,True,@bluegress7088,4.0,0
@bluegress7088,@KOMERICAN.  위로해 주셔서 감사해요,True,@bluegress7088,4.0,0
@KOREA-MAGIC,좋겠다 .....<br>부러워요 ^^,False,,0.0,0
@whereh4138,다니엘 친구 먹방해야할듯요 너무 맛있게 잘먹어요😊❤,False,,0.0,0
@KOMERICAN.,♡,True,@whereh4138,1.0,0
@ysr1916,다ㄴ일 민족의 이점이죠 같은 문화와 사상으로 길러지니까,False,,0.0,0
@말하는뽄새보소,술을 안마시는 안좋아하는 부부 한편으론 부럽다,False,,0.0,0
@김정민-b6y,치킨엔 맥주지<br>소주는 삼겹살<br>파전은 막걸리<br>술을 모르는구만<br>소주와 치킨은 고문인데...,False,,0.0,0
@김학열-t3k,"친구분   이쁘시다 ...,.,",False,,0.0,0
@pjw8033,한국 올때마다 찾으시겠는데요 ㅋ,False,,0.0,0
@도카카로트,한국이 닭은 잘해~ ㅋㅋ 근데 소주보단 보드카가 좋던데 소주는 넘 아무맛도 없지 않나요,False,,0.0,0
@chang1203,아 아~~  착한 다니엘.🎉,False,,0.0,0
@mct33d47,해장을 ..,False,,0.0,0
@rebeccamin2845,친구분 정말 성격 좋아보이시네.다니엘이랑 성격은 완전 반대인거 같은데 친구인게 신기할 정도.,False,,0.0,0
@황근준-i1f,길바닥에 궁디까고 똥싸는 나라 중국놈들 오지마라,False,,0.0,0
@박신-g8h,홍어도 드셔보세요,False,,0.0,0
@오정재-b3t,치킨에 소주 드실때...<br>장갑은 왼손에 끼워 주세요<br>단순히 집고 먹는거를 하는 손이니..<br>그럼 오른 손으로 짠~!! 도 하실 수 있으시고 젓가락질등 섬세한 것을 하실 수 있습니다 ㅎㅎ,False,,0.0,0
@과수원-u7w,미국 여자인데 너무도 순수하고 착하게 생긴 미녀다. 남편분 복이 보통 복이 아니네!,False,,0.0,0
@난네가좋다,놀러왔다가 살찌겠다. 밤에먹고.,False,,0.0,0
@chpark-vk4gd,소맥은 7:3 이나 8:2 이어야 맛있어요,False,,0.0,0
@dshur,한국에서는 물건 안훔친다는 소문 또는 컨텐츠는 항상 불안불안합니다. <br>몰욕이란 것이 상황이나 사람에 따라 다르니...<br>하지만 확실하게 다른건 한국인은 최소한 옆에 지인이 있으면 훔치는 것을 수치스러워 하는것이 정상인데<br>미국 관광지에서는 여러명이 같이 횡재한 것 처럼 남의 것을 가져 간다는 것이 다르더군요...,False,,0.0,0
@chunkilkim9678,감사합니다요😅,False,,0.0,0
@user-wi1ss5kh4w,여행오면 달달한게 더 땡기지 ㅋ,False,,0.0,0
@박사려니,다니엘은 편식이 너무 심하네요 ㅎㅎ,False,,0.0,0
@이송수,익선동? 인사동이 아닌가유,False,,0.0,0
@jason1527-v8b,생얼도 너무 이쁘군요  성격도 좋고    좋은추억 많이 만들어 가세요,False,,0.0,0
@한승열-c7f,죽는다니요.ㄷㄷ:: 😂😂,False,,0.0,0
@어살EDHD,아내분의 저 청원피스가 진짜 퍼스널컬러에 어울리는 색 같네요. 피부가 더 하얘보이고 현재 피부색과 더 어울려요❤,False,,0.0,0
@ajang00,정말 모두가 알아야할 중대한 진실을 말한다<br>유튜브를 선봉으로 하는 국내외 미디어매체들이 언젠가부터 외국인의 여론으로 한국을 극찬하고 호감을 보이며 띄우는 이유는 그 이면에 국제자본권력 세력들이 있기 때문이다<br>이 세력들이 의도적으로 한국의 이미지를 어떻게든 최대한 미화시키려하고 있다<br>왜냐? 한국이 좋아서? 당연 아니다<br>진짜 이유와 목적은 한국사회를 자신들이 지배하기 쉬운 환경으로 만들어 완전 식민화하기위해서다 미디어와 정부의 정책을 앞세워 &#39;다문화&#39;로 대략 이십년정도 오랜세월 대중들을 상대로 가스라이팅을 해왔고 이제는  저출산 인구절벽을 해결하겠다는 논리로 천민자본주의적인 거짓명분을 앞세워 이민청설립을 하려하고 있다 이것은 곧 국가정체성과 국민주권파괴를 의미한다 그러기위해 외세인구 유입을 더욱 끌어들여하고 그 목적으로 한국에 대한 외국인들의 관심도를 높이고 한국인들 입장에선 최대한 거부감을 없애고 수용하기쉬운 심리상태로 조종하기위해 소위 말하는 한국인들의 &#39;국뽕&#39;심리를 자극하는거다<br>한국문화들 한국영화 k팝 한식...기타등등...<br>유튜브에 올라오는 국제커플영상이나 한류관련 영상들은 그런 목적으로 만들어지는거다<br>또한 정부와 미디어가 새삼스레 만 나이 사용을 강조하고 일상대화에서 평어쓰기등을 실험하는것도 기존 한국사회의 문화관습들을 영미권기준으로 개조하는것이며 외국인이 정당에 가입하는것도 사전작업중에 하나다 <br>문화 경제 이제 정치분야까지<br>총칼을 들어야만 침략이 아니다 그보다 무서운것이 총칼없이 점령하는 전략이다<br>제발 깨어나라 식민을 자처하는 개돼지대중들아<br>먼저 사회의 하위계층에 후진국 또는 가난한나라의 외국인들을 유입시키는데 오랜시간을 걸쳐 성공시켰고<br>이제 영미권(유럽주요문화권포함)본진들이 사회의 상위계층으로 들어와 잠식해들어가는 단계에 있다<br>세력들의 최종목적은 다인종사회를 넘어서 결국 모든 민족정체성 국가정체성이 사라지는 세계단일정부다<br>세계정부가 지배하는 사회란 특정 집단외엔 철저하게 개개인이 통제되고 노예로 전락하는 극단적인 봉건식민사회를 의미한다<br><br>&#39;지옥으로 가는 길은 선의로 포장되어 있다&#39;<br><del>유럽의 속담</del>,False,,0.0,0
@브로쇼츠,ㅋㅋㅋㅋㅋㅋㅋㅋㅋㅋㅋㅋㅋㅋㅋㅋ두통약 드시는 거 so cute!! 좋은 시간 보내세요 american bro&#39;s ~,False,,0.0,0
@윤성진-o1s,소주를 안좋아하는 사람들은 막걸리는 조금씩 마시더라고요.,False,,0.0,0
@sdtsrtrgwrgwt4t,와~  다른말  필요없고 진짜  결혼  잘하셨네요 부럽부럽....  글고  친구분도 어찌저리<br>성격이 좋으실까? 와~~~  일단  50만구독자를 위해서  ㄱ ㅓㄱ ㅓㄱ ㅓ~~~<br>먹방  많이  해주세요  ^^,False,,0.0,0
@y.gjeoung9173,다끝날때 오징어겜이나 보러가야 햇을때  나도 질렷다 아~~! 나도 바야지...,False,,0.0,0
@김주형-y1g,맥콜 좋아하면 한국인찐인데 ㅎㅎ,False,,0.0,0
@집나간꼬꼬,소주와 피자 같이먹어보세요. 생각과 달리 찰떡궁합이에요.. 치맥보단 치소가  더 궁합잘맞아요.!,False,,0.0,0
@렘렘-v6y,리즈 시절 르네 르소가 양념닭 뜯는 걸 보다니...<br>실화냐,False,,0.0,0
@최재준-j5p,친구분이 재밌게 보내시는거 같아 저도 기분 좋네용~! 재밌게 놀고 한국에서 행복한 기억만 갖고 가셨음 좋겠어용!,False,,0.0,0
@KOMERICAN.,감사합니다^^,True,@최재준-j5p,1.0,0
@diabetesrider,근데 저 갑자기 궁굼한게  유튜브에서 서양분들은 한국이 쓰래기도 없고 깨긋하다고 말씀하시는데 어느 나라랑 비교 하시는거죠? 인도? 필리핀? 아프리카?,False,,0.0,0
@김재규-i3n,왜 이렇게 영상기술이 발전한거죠?  불과 한 달 안보던 사이에.,False,,0.0,0
@권영창-e6t,이번엔 제대로  드시네요  양념치킨엔  쏘주죠  쏘주드시고     크~~하는거  가르처 주셔야죠 😊,False,,0.0,0
@byoungwookmoon8851,나능 이 채널을 보고 인생이 불공평하다는걸 느꼈다. 꺼흑흑,False,,0.0,0
@darktemple6387,친구분 공부 잘하게 생기셨어요. 안경은 한국에서 하나 맞추시는거 추천 ㅋ,False,,0.0,0
@MonicaJohansson-o2c,"I really like your friend, so full of energy 😊",False,,0.0,0
@잭프로스트-f8g,허걱 술드시고 진통제 드시면 간손상 일어나요 진통제 경고 문구에도 있습니다 절대 하시면 안됩니다,False,,0.0,0
@콩마님-i4f,미국에선 자리에 가방을 놓으면 가방이 없어지지만.. 한국에선 자리에 가방을 놓지 않으면 자리가 없어져요..,False,,0.0,0
@kangminhee0911,그쵸ㅋㅋㅋ 자리가 사라지는 마법ㅋㅋㅋ,True,@콩마님-i4f,1.0,0
@Free-World007,"God is spirit, It always bless all of you...",False,,0.0,0
@슴도취고,쏘맥은 크러쉬랑 절대 안맞아요<br>일반 맥주 암거나 타도 되지만<br>크러쉬는 물맛나서 오바이트 나올수도😢,False,,0.0,0
@최강전설쿠로사와,치킨만큼은 국뽕해도됨 한국치킨은 진짜 세계 최고임. 김치따위가 소울푸드가 아니라 치킨이 소울푸드임,False,,0.0,0
@oneleeu,다니엘하고  친구분 성격이 많이 다른것 같은데  어딘가 모르게 잘 어울리는듯 하네요,False,,0.0,0
@bs.bs.,개인적으로 화학약품에 가까운 소주는 소중한 사람들에게 권하지 않는게 좋을듯요. 차라리 맥주를 드시는게..,False,,0.0,0
@해와달-c1e,쓸데없는 소리는 안 하시는게..,True,@bs.bs.,1.0,0
@이하린-j5v,두 친구의 모습 아름답네요,False,,0.0,0
@imjjin91,"영상 잘 봤어요^^<br>우리나라 사람도 도둑이 있고 요즘 외국인 소매치기도 있으니 다른 나라보다 안전하지만 소지품은 항상 잘 챙기는게 낫다고 생각해요. 그리고 이전 영상에서 어묵 맛 표현할 때 something nasty 해석이 오역 같아요. 더럽다 보다는 괴상하다 아니면 징그러운으로 수정하시면 좋지 않을까요? 다른 나라의 음식에 대한 두려움, 호기심 혹은 농담으로 한 말씀이 다니엘 님의 친구분이 무례하다는 인상을 줄 수 있으니까요^^<br>항상 건강하고 행복하시길~~",False,,0.0,0
@이응재-j6u,❤❤❤,False,,0.0,0
@whojang2000,다니엘님의 베프가 완전 반대 성향인 저분인 이유중 하나는 틀림없이 학교 다닐때 부터 친구분이 다니엘님의 보디가드겸 흑기사 까지 다 해줬을것 같음.....ㅋㅋㅋㅋㅋㅋ<br>구독한지 벌써 몇년째인데 친구분들 중에 술 제일 좋아하는분...ㅋㅋㅋㅋㅋㅋㅋ,False,,0.0,0
@KOMERICAN.,맞아요 ㅋㅋㅋ,True,@whojang2000,1.0,0
@박해완-i4v,양념이랑소스는같은뜻아닌가요,False,,0.0,0
@김자원-w1b,숙 취 해 소 제,False,,0.0,0
@MoreZmin,아직도 맥콜이 있군요,False,,0.0,0
@Happy_umami,Gs25에서 파는 KAbrew 맥주 한번 드셔보세요. 4개 9천원입니다. <br>추천합니다. <br>광화문과 경복궁 맥주도 추천합니다.,False,,0.0,0
@KOMERICAN.,경복궁 맥주 먹었는데 맛있대요~,True,@Happy_umami,1.0,0
@zlddhkdWkd-r2h,"오~우 타이타닉에 리즈 시절 케이트 윈슬렛(Kate Winslet) 인 줄 알았네요! <br>남편은 레오나르도 디카프리오처럼 멋진분이시겠네요💥💥",False,,0.0,0
@KOMERICAN.,감사합니다 !,True,@zlddhkdWkd-r2h,1.0,0
@Hyuntae-Kim,화이팅!,False,,0.0,0
@wani1686,헐~ 소주 뚜껑 게임을 모르셨다니.... 나이가 어리셔서 그럴수도 있겠네요.,False,,0.0,0
@김정수-b1d3r,혼자 술마시는거보다 더 적적한게 잇을까,False,,0.0,0
@용희신-l5j,편식심하대요 남편분이 ㅋㅋ,False,,0.0,0
@kevin.6396,Thanks!,False,,0.0,0
@KOMERICAN.,thank you so much !!,True,@kevin.6396,1.0,0
@ehdgkrdldu4764,난 체질적으로 닭고기 좋아하지는 않는 데 치킨과 소맥은 맛난다. 소맥은 동서양 어울림이고 닭고기는 온누리 음식이이고 거기다 튀김이니 게임 끝,False,,0.0,0
@jungjoey7930,밴쿠버 살때 지하철 선로가 뻥하니 뚫려있어서 이거 너무 불안하지 않나 라는 생각이 들었었거든요. 비단 술 뿐이 아니라 대마초가 합법인 나라라 더욱 위험하게 느껴졌었음. 학교에서 현지 학생들 혹은 선생님들이랑 이것에 대해 얘기를 해본 적이 있는데 .. 실제로 본인들이 느끼지 못하는건지 .. 이슈가 된 적이 단 한 번도 없고 스크린도어 필요성을 전혀 못 느낀다네요.,False,,0.0,0
@KOMERICAN.,"네, 한국에 온 외국인들이 지하철보고 많이 놀라더라고요^^",True,@jungjoey7930,1.0,0
@심심하다-y8y,저도 소주2병정도는 먹지만 술맛이 싫어서 평소에 입에도 안대는데,False,,0.0,0
@jimmykimu,친구분이 프랑스 이다도시 누님 젊었을 때 느낌이 나네요 ㅎㅎ 개인적인 생각입니다!,False,,0.0,0
@오이오-g9c,친구분도 예쁘네요,False,,0.0,0
@younhochoi4143,카페에서 폰 놓고 가도 안전 하다는 걸 알리는 건 좋은데 너무 안전하다는 이유로 놓고 가도 된다고 해서는 안된다고 생각 이 들어요 어느 정도 안전하다고 말해 주는 게 낫지 않을까 싶어요 다른 유튜버 영상들에서도 그런 말들을 많이 하는데 만약에 다른 외국인이 영상들을 보고 카페에서 놓고 갔는데 잊어버리면 이미지가 안 좋을 꺼 같아요 긴 글 읽어주셔서 감사합니다,False,,0.0,0
@KOMERICAN.,감사합니다!,True,@younhochoi4143,1.0,0
@응민이,맥주랑 소주도  시원하게 마셔야 맛있는데 아쉽다.,False,,0.0,0
@순정파백우-k7f,이제 해장하러 가야지~ ㅋ <br>뭐가 좋을까~ ㅋㅋㅋ,False,,0.0,0
@푸코-y3g,미국분들이 앉아서 식사 하는게 쉽지 않을텐데요 ㅎㅎ 항상 응원합니다 ^^,False,,0.0,0
@KOMERICAN.,응원 감사합니다~~,True,@푸코-y3g,1.0,0
@yongchangha1135,"한국 카페들이 예쁜곳이 많이 있나봐요 여긴 카페들이 그저 그런데... 오징어 게임에 다니엘, 친구분 모두 다 죽었네요 ㅋㅋ 소맥에 치킨 아주 좋은 배합이네요<br>다니엘씨,친구분 홧이팅!!!",False,,0.0,0
@KOMERICAN.,감사합니다 ^^,True,@yongchangha1135,1.0,0
@명황성,"한국에서 계시는동안,<br>많은것, 보고, 먹고,<br>즐기고, 재미있게<br>돌아보시길 빕니다.<br>행복하게 지내세요.<br>세분 응원 합니다.<br>😊😊😊😊😊",False,,0.0,0
@KOMERICAN.,응원 감사합니다 ~~,True,@명황성,1.0,0
@이철-s2i,다니엘은 진짜 미국인 같지가 않다 참한 옛날 한국여자같은데?,False,,0.0,0
@KOMERICAN.,맞아요~^^,True,@이철-s2i,1.0,0
@이철-s2i,다니엘 술 안마시면 친구들 위해 대리운전해주엇겟네 ㅋ,False,,0.0,0
@pemberton-AU,맥콜은 최고에요 👍  역시 다니엘😊<br>천연사이다와 맥콜 너무좋아ㅎㅎ,False,,0.0,0
@KOMERICAN.,^^,True,@pemberton-AU,1.0,0
@slump3482,두통약 NO<br>해장국 YES,False,,0.0,0
@lepers10,다니엘이 친구 이것 저것 알려주는 모습이 이젠 한국사람 다 된 거 같아요 ㅋㅋㅋㅋ,False,,0.0,0
@KOMERICAN.,감사합니다^^,True,@lepers10,1.0,0
@meme-jv3hn,"여동생 스페셜 한번 찍어주시면 안될까요? 크레이지 한 그녀가 보고 싶습니다 <a href=""UCkszU2WH9gy1mb0dV-11UJg/Iv90XouTLuOR8gSxxrToBA""></a>",False,,0.0,0
@KOMERICAN.,네 네 ^^,True,@meme-jv3hn,1.0,0
@피터쓰레기,한국도 도둑많고 밤길 치안들 많아요 카페에서 가방 소지품 잘챙기시고 밤거리 조심하세요,False,,0.0,0
@dduck895,친구보다 더젊어보이네,False,,0.0,0
@martin.k.conank7172,달고나는 파진 홈에 침을 발라야 설공할 확률이 높음,False,,0.0,0
@오도아케르-z2c,머리크기 실화냐 우와,False,,0.0,0
@이준길-g9s,"기회가 된다면 참이슬·처음처럼 같은 희석식 소주(diluted soju, soju made by dilution of spirit)가 아니라 안동소주·화요 같은 증류식 소주(distilled soju)도 소개해보세요. ㅎ 한국에도 맛있는 술이 참 많습니다.",False,,0.0,0
@KOMERICAN.,감사합니다 !,True,@이준길-g9s,1.0,0
@edgewatergolden8904,소주나 소맥은 좋은 술도 아니고 그리 권할만한 것은 아니에요. 좋은 문화를 권해보세요.,False,,0.0,0
@코리안드루이드,개소리 마셔요,True,@edgewatergolden8904,1.0,0
@hongyeon0618,동생분하고 만나면 잘 어울릴 것 같네요.<br>기대하겠습니다.,False,,0.0,0
@KOMERICAN.,네 ^ 감사합니다 ^,True,@hongyeon0618,1.0,0
@MoneyMan-ub9qd,치킨은 맥주지. 소주는 삼겹살이나 국물이 있는 음식이랑 먹어야지,False,,0.0,0
@나홍준-q3s,"분위기는 즐기고, 술은 취하기 위해서 마시는거져..<br><br>친구분, 소맥 말고 잔 돌릴때<br>술 즐기는 사람의 모습이 ㅋ<br><br>소맥은 카스 + 소주가 맛잇다는 소문이..",False,,0.0,0
@KOMERICAN.,카스 소주가 조합이 좋군요^,True,@나홍준-q3s,1.0,0
@준이-n3c,남자 목소리가 짜증나네 영어말과 한국말이 왜캐 다르개들리지 영어가 좀 재.수없음 ㅡ .ㅡ,False,,0.0,0
@Terraformingofgovernment,취향차이라 단정 지울순 없는 부분이지만<br>미국인들은 전반적으로 깔끔한 라거맥주를 더 선호하고<br>유럽은 풍미가 더 있는 맥주를 선호 하는듯..유럽인들은 테라를 더 선호 함,False,,0.0,0
@KOMERICAN.,의견 감사합니다 ~,True,@Terraformingofgovernment,1.0,0
@윤성혁-q5m,MJ~<br>우리 이쁜 안사람을 조금 더 많이 좋은 곳에 데리고 가주세요😂<br>말차케이크의 케이스도 못알아보게 하시다니...ㅠㅠ<br>이번 시리즈 영상들 모두 재미나요❤😊,False,,0.0,0
@KOMERICAN.,재밌게 봐주셔서 감사합니다 !,True,@윤성혁-q5m,1.0,0
@GT-bq3me,좋은 친구라는게 그냥 딱 느껴짐,False,,0.0,0
@KOMERICAN.,감사합니다 !,True,@GT-bq3me,1.0,0
@minsookang6936,노래방에서 노래하는거 함 찍어주세요,False,,0.0,0
@KOMERICAN.,노래를 못해서 ...하하하,True,@minsookang6936,1.0,0
@기선이-d6f,친구 하고 싶어요.ㅎㅎ,False,,0.0,0
@이상백-y1j,그만 마셔ㅡㅡㅡ취할라.,False,,0.0,0
@visvim708,한국은 자전거만 조심하면됩니다😂,False,,0.0,0
@KOMERICAN.,맞아요 ㅎㅎ,True,@visvim708,1.0,0
@아즈나블-k8n,"한국사람들의 도덕정신은 다른 어느나라보다 뛰어나죠. 그러나 그것이 한국민들의 인격이 특별하다고 오해하는 분들이 많더라구요. 절대 아니구요. 반세기동안 이어져온 국가의 강제적 도덕,윤리,준법정신을 통해서 이뤄진거랍니다. 한국도 일본 해방직후 자유민주주의 였지만. 군사 독재정권의 기간을 수십년동안 유지 했었죠. 다른나라의 독재라면 부정부패 ,그리고 국민들은 자유억압을 통한 노예화 되는과정이 겠지만 한국은 전혀 달랐죠.  독재자의 목표는 첫째로 꼽은것이 부국강병한 나라체재와 온 국민이 가난하지 않고 삼시세끼 잘먹는 풍요로운 국가재건을 제 1순위로 삼았죠. 그리고 물론 그과정에서 부정부패도 있었지만.. 독재의 목표가 다른나라와 달랐다는 점이구요. 이시절때 준법정신과 윤리도덕정신을 강제적으로 교육하고 주입했습니다. 이런과정에서 중국보다 더 심한 한국인들의 비도덕적 윤리적 인격이 엄청나게 순화 되었다고 보면 됩니다. 불과 7080년대는 길거리 아리랑치기,퍽치기, 강도, 소매치기, 인신매매가 판을 치던 최악의 범죄국가 였답니다.",False,,0.0,0
@인생이레이스화이팅동,😁😁😁😁😁😁😁😁😁😁😁😁😁😁😁😁😁😁😁😁👍👍👍👍👍👍👍👍👍👍👍👍👍👍👍👍👍👍👍👍👍👍👍👍👍👍👍👍👍👍👍👍👍👍👍👍👍👍,False,,0.0,0
@namisum,하하! 다니엘 님의 친구분이 술을 잘 드시는군요! 아치에 일어나서 두통약을 챙겨야 하지만...😅 덕분에  방안에 앉아서 여기 저기 많이 구경하게 되는군요!  익선동의 한옥 카페도 멋스럽고 좋네요! 아무튼 늘 긍정의 에너지가 있는 영상 잘 보고 갑니다.🫡🚵‍♂️,False,,0.0,0
@KOMERICAN.,감사합니다 ! 익선동에 멋진 카페가 참 많죠 !,True,@namisum,1.0,0
@이노-e6e,친구 넘마음에 든다 잘드시네 막 사주고 싶게 만드노,False,,0.0,0
@Joshis,"If you like Korean fried chicken, Minneapolis Uptown has BBQ Korean fried chicken! The same BBQ brand that&#39;s in Korea opened one up there😀",False,,0.0,0
@KOMERICAN.,"Oooo that’s good to know! I don’t think I saw that before I moved to Korea, I love that more Korean restaurants are popping up!",True,@Joshis,1.0,0
@김미령-z1e,구수한 한국치킨소주❤ 다니엘친구분<br>명랑밝아요ㅋ미국은 인형같은미모가 참많아요<br>다니엘도❤친구도 넘이뻐요,False,,0.0,0
@KOMERICAN.,정말 감사합니다 ^^,True,@김미령-z1e,1.0,0
@선충이,친구분은 외향적인 분이네요!다니엘은 그냥 천사이구요,False,,0.0,0
@KOMERICAN.,"맞아요, 달라요 ^",True,@선충이,1.0,0
@달상승가,미국에 여러군데 사는 사촌들 이나 큰 집 어른들 오래전에 픽업을 제가 가는데 항상 제 차에 타면 문 부터 잠금..,False,,0.0,0
@KOMERICAN.,문부터 잠금 ㅋㅋ 진짜네요,True,@달상승가,1.0,0
@닐세다카,여기도 가끔 싸이코들 있어요~  보통은 안전하지만 그래도 조심해야 되요,False,,0.0,0
@KOMERICAN.,감사합니다 !,True,@닐세다카,1.0,0
@papasmurf5,"친구분 영상 3편째  보는데, 정말 다니엘님 하고는 성격이 많이 다르다는 느낌이 드네요. 좀 더 외향적이고 표현도 직설적이고. 아닐수도 있지만 느낌이  다릅니다 ㅎㅎ",False,,0.0,0
@KOMERICAN.,"네, 맞아요, 많이 다르죠 ㅋ",True,@papasmurf5,1.0,0
@inunine1115,한국이 미국 보다 비만인 사람이 적은 이유는 유전적인 것도 좀 있겠지만 인구밀집으로 대중교통이 발달하고 치안이 좋다보니 미국인 보다  많이 걷는 환경이 크다고 봅니다. 제가 중서부에서 학부할땐 매일 차타고 이동하니 별도로 짬내서 GYM에서 땀빼지 않는 이상 활동량이 부족으로 살이 좀 붙었는데 뉴욕에서 마스터할땐 대중교통과 도보 이용을 하니 별로도 짐에 안다녀도 오히려 살이 빠졌던 기억이....;;;;,False,,0.0,0
@KOMERICAN.,"맞아요, 한국인들은 출퇴근만해도 꽤 많이 걷잖아요^",True,@inunine1115,1.0,0
@philpark1021,친구분이랑 명륜진사갈비나 새마을식당에서 돼지갈비와 간장과 고추장돼지불고기와 여러가지 샐러드와 분식들도 같이 많이 드셔보시기를~😊,False,,0.0,0
@KOMERICAN.,명륜진사 맛있죠 ^,True,@philpark1021,1.0,0
@풍진사기,좋은 추억  많이 만드세요....,False,,0.0,0
@KOMERICAN.,감사합니다 ~,True,@풍진사기,1.0,0
@저먼곳에,술은 같이 한잔 해줘야지요 .<br>어떻게 여자 혼자 술을 마시게 합니까 <br>혼자 술 마시게 하면  안돼~~~~,False,,0.0,0
@annyung7979,하이트진로 롯데주류 화이팅....😂,False,,0.0,0
@박왕균-g8e,ㅋㅋㅋㅋㅋ,False,,0.0,0
@홍박사-c4b,이쁜애 옆에 이쁜애 ㅎㅎ,False,,0.0,0
@KOMERICAN.,^^,True,@홍박사-c4b,1.0,0
@metallica570,"사랑해요 밀키스,맥콜 ㅋ<br>친구 크리스타는 MJ 보다는 술 잘 먹고 마시는거 같던데 맥주 얼마나 마시는지 한번 물어봐요ㅋ",False,,0.0,0
@KOMERICAN.,밀키스 맥콜 맛있죠 ^^,True,@metallica570,1.0,0
@stevepark303,"Minnesota Nice! Nice people find each other. Bet Chrystal is as nice as Danielle. Maybe this couple is happier in Korea. No need to worry about gun violence, high tax, sales tax, tip, high healthcare cost, filth, drugs, racism, homeless, etc. Living in USA isn&#39;t as good as what ppl in other countries think. Lots of problems in US",False,,0.0,0
@KOMERICAN.,Not having to pay tip is kind of amazing haha,True,@stevepark303,1.0,0
@sfk1031,외국인들은 어설픈 영어 쓰지말라고 하는데 차라리 한국말로 해도 알아듣는다고 소스와 양념은 개념자체가 미묘하게 달라서 오히려 소스라고 하면 더 이해가 힘들지.<br>영어단어를 어설프게 합성하면 외국인들은 더 싫어하는데 이해도 전혀 안되고 차라리 양념이라고 하는게 이해가 되지.<br>삼계탕을 치킨 스프라고 하면 뭐가 스프냐고 초딩도 그런 영어 안쓴다고 비웃는거지.<br>트럼프때문에 관세 높이면 개거품 물겠지.,False,,0.0,0
@김치윤-y8y,소주와 후라이드 치킨 소금은 환상의 조합입니다~~,False,,0.0,0
@KOMERICAN.,최고죠 후라이드 소금 ^^,True,@김치윤-y8y,1.0,0
@피셔맨-f8i,서울 시내 심야 버스 외국인들로 가득 참.,False,,0.0,0
@BBang_E2,주말저녁❤감사합니다😊😊😊🎉🎉❤❤❤❤❤❤,False,,0.0,0
@KOMERICAN.,행복한 주말 저녁 되세요~,True,@BBang_E2,1.0,0
@진천혁신도시,<b>*</b> 와이프 친구분인가요 **  옛날 영화에  소머지 인가요  미국영화*<b>배우같이 생김 *</b> 영화배우느낌이남** 한국에서 맛나는것 많이 먹고 가시길<br><b>*</b> 한정식 사주세요  반찬 많이 나오는것~ 그걸로 끝나죠,False,,0.0,0
@KOMERICAN.,감사합니다!,True,@진천혁신도시,1.0,0
@양태민-l7d,"맛있게 먹었으면 됐다는거 보니..친구분이 진짜 술 맛을 아시네.ㅎㅎ 맛있으면 제로 칼로리.<a href=""UCkszU2WH9gy1mb0dV-11UJg/KsIfY6LzFoLM6AKanYDQAg""></a>",False,,0.0,0
@KOMERICAN.,친구가 술을 잘 마시더라고요^^ㅎ,True,@양태민-l7d,1.0,0
@FamaFama-n5c,소스=양념. 무슨 양념이냐고 묻는데 양념이다라니? 스위시 양념(스위트+스파이시 양념) 정도의 답변이 적당하다.,False,,0.0,0
@wsl-99,👍,False,,0.0,0
@마지막환상7,다니엘하고 친구분 두분이 성격이 반대네요~ 다니엘님은 내향적이고 친구분은 외향적 재밌네요~😊,False,,0.0,0
@KOMERICAN.,"네, 맞아요 외향과 내향의 전형적인!",True,@마지막환상7,2.0,0
@마지막환상7,@KOMERICAN.  감사합니다 댓글 달아주셔서^^ 안녕히 주무세요~,True,@마지막환상7,2.0,0
@July-m-u3w,Lucky chap,False,,0.0,0
@sejongking8994,"다니엘 씨는 천상 한국 이조 여인 같음. 손 만 봐도 알 수 있는 것이, 손 톱에 아무 장식도 안 하고 있는 거 보면, 치장하는 거 자체를 별로 좋아 하지 않는 것 같음. 천상 조선 시대  여인 임. 조용하고 속 깊고. 남편 분이 진짜 나라를 구한 사람 맞네요. ㅋ",False,,0.0,0
@KOMERICAN.,"네, 아시아 ㅎ사람 같아요",True,@sejongking8994,1.0,0
@sangryu6511,갑자기 치킨이 먹고 싶네요. ㅜㅜ,False,,0.0,0
@KOMERICAN.,치킨 진짜 맛있죠!!,True,@sangryu6511,1.0,0
@Unknown-wt1ev,왜 중요한 소지품 아무곳이나 놓으라고 말 하나요?<br>운 나쁘면 눈트고 코베일수 있읍니다 어느곳이나 좋지 않은 사람은<br>존재합니다,False,,0.0,0
@Canjoba777,다니엘  누나  왜<br>청 원피스  계속 입어요<br>그만좀  입어요,False,,0.0,0
@younilkim6169,소맥^^ 맛있으면 되는거죠^^,False,,0.0,0
@KOMERICAN.,맛있으면 된거죠 ㅎㅎ,True,@younilkim6169,1.0,0
@pisceskr,정말 여러곳 다니셨네요! 성격좋은 친구분과 다니니 하루가 신나셨겠습니다. 재미있게 잘봤습니다.,False,,0.0,0
@KOMERICAN.,재밌게 봐주셔서 감사합니다 ~,True,@pisceskr,2.0,0
@막내꼬나,"​@@KOMERICAN. 술을 못마신다고요? 마시지 마시고 떠먹어 보세요. 그런 술이 있습니다. 😅 그리고, 막걸리, 동동주에 도전해 보셨나요? 🤔 술을 먹게 만들고 싶어서가 아니고 영상의 소재로 재미 있을 것 같고 한국의 술이 정말 다양합니다. 🤗",True,@pisceskr,2.0,0
@MMike35,"if she doesn&#39;t like the taste of alcohol, why wouldn&#39;t she try something like Cinnamon whiskey or cocktail? Jack Daniels Honey is great also. When it comes to cocktail, screw driver, long island iced tea, sex on the beach, mimosa, sangria, Pina colada, appletini, etc are some  sweet alcohol woman can try. FYI, I am not recommending alcohol because I think it&#39;s good for people to be intoxicated but because sometimes it&#39;s good to loosen up and enjoy life a little bit.",False,,0.0,0
@KOMERICAN.,I’ve tried those but it’s just not that delicious to me!,True,@MMike35,2.0,0
@MMike35,@@KOMERICAN. Can&#39;t believe you&#39;d say no to Pina Colada or Sex on the beach. They are some of my favorites. Mimosa and Sangria are like party drinks. Almost like juice!,True,@MMike35,2.0,0
@gaeiskidosdoye6058,KFC다 ! 입(문)열어!,False,,0.0,0
@sckim1,"여러가지가 미국과달라서 신기한가봐요^^<br>달고나 하나로 웃음작렬이네요 하하하<br>치안,지하철,많이먹는것같은데도 비만없는것 이건 외국분들이 거의 공통적으로 칭찬하는거죠 ㅎㅎ<br>오늘은 집에서 편하게 먹는군요  친구분 성격 시원시원하니 좋네요😁😄🥰<br>마실땐모라도 은근히 소맥이 담날 띵하죠 ㅎㅎㅎ  나도 어제 소맥 세컵마시고잤는데 종일 머리가 ㅎㅎㅎ",False,,0.0,0
@KOMERICAN.,치안은 진짜 한국이 최고 맞습ㄴ다 !!^^,True,@sckim1,1.0,0
@태종대-l4o,안녕하세요 다니엘 방가워 ㅎㅎ 귀여워 ❤❤,False,,0.0,0
@KOMERICAN.,감사합니다 ^^,True,@태종대-l4o,1.0,0
@김유미-w5n,다니엘천사님 이다,False,,0.0,0
@KOMERICAN.,^^최고감사합니다!,True,@김유미-w5n,1.0,0
@철수전-h7o,코리아치킨 맛은 좋은데 치맥하고 4~5조각 먹으면 배불러요,False,,0.0,0
@선테이,지금도 그럴진 모르겠는데<br>시카고 살때 Blue Line 타다가 뭔가 축축하길래 알고보니 어떤 놈이 거기에 오줌 싸고 도망간.... 후.. 미국 지하철의 안좋은 기억중 하나네요.,False,,0.0,0
@KOMERICAN.,"감사합니다, 맞아요 한국 지하철은 진짜 잘 되있다고 들었어요 ~",True,@선테이,1.0,0
@아바타대통령,술마시고(숙취두통) 두통약 먹으면 위가 헐어요 심하면 구멍 날 수도...<br>심하면 약국에서 조제해서 먹어야돼요 (조제시 숙취 예기하고),False,,0.0,0
@KOMERICAN.,감사합니다,True,@아바타대통령,1.0,0
@jkk2813,SUPER MUKBANG!,False,,0.0,0
@KOMERICAN.,^^,True,@jkk2813,2.0,0
@의철이-y6y,이집은 싸움이 안돼겟네요 큰소리 나면 아내분 울거같음,False,,0.0,0
@KOMERICAN.,"네, 그렇죠",True,@의철이-y6y,1.0,0
@jkk2813,🎉🎉🎉🎉🎉 웰컴투 코리아!!,False,,0.0,0
@KOMERICAN.,웰컴투 코리아^^,True,@jkk2813,2.0,0
@YNWA6456,다니엘 갈수록 젊어지는듯...ㄷㄷ,False,,0.0,0
@KOMERICAN.,"우와, 감사합니다 !",True,@YNWA6456,1.0,0
@산바람-f4e,"다니엘은  굉장히 순수하면서도 귀족 같은 이미지 이네요. 그래서 더욱 보는 이의 눈길이 갑니다. 더욱 사랑하며 사시기 바랍니다. 아마 당신과 다니엘은 마음이 맑은 사람끼리 만나서 그런 거 같습니다. 사람은 끼리끼리, 초록은 동색, 유유상종 등으로 어울린다 합니다. 즉 행복한 사람은 행복한 사람끼리 불행한 사람은 불행한 사람끼리 어울리는 겁니다. 행복한 사람이 불행한 사람과 어울리려 하지 않는 이유는 간단 합니다. 불행한 사람과 어울리면 나도 불행해지기 때문 입니다. 행복은 별거 아닙니다. 내가 좋아하는 사람이 곁에 그냥 있어주는 것 만도 행복입니다. 거기에 상대에 대한 존중과 배려가 있다면 그건 천생의 연분인 것입니다.",False,,0.0,0
@KOMERICAN.,응원의 말씀 감사합니다 !,True,@산바람-f4e,1.0,0
@잘될꺼야-o4x,"<a href=""UCkszU2WH9gy1mb0dV-11UJg/xsIfY4OqCd2T29sP54iAsAw""></a><a href=""UCkszU2WH9gy1mb0dV-11UJg/ePgfY-K2Kp6Mr8oP1oqAwAc""></a><a href=""UCkszU2WH9gy1mb0dV-11UJg/jPgfY5j2IIud29sP3ZeA4Ag""></a>",False,,0.0,0
@JasonScottLee-w2o,"<a href=""https://www.youtube.com/watch?v=F6Jdqsa0bnE&amp;t=446"">7:26</a> 크로거에서 사 먹는 치킨보단 맛있을 겁니다.",False,,0.0,0
@KOMERICAN.,감사합니다 !,True,@JasonScottLee-w2o,1.0,0
@박기범-n6o,치킨이 맛있겠어요 <br>잘 볼게요,False,,0.0,0
@쌈쏘,치맥 캬~ㅋㅋㅋ,False,,0.0,0
@KOMERICAN.,치맥최고^^,True,@쌈쏘,1.0,0
@WINGS-OF-FREEDOM,👏👏👏👏👏❤,False,,0.0,0
@이희-q6d,남편 나오실때 재밌어요,False,,0.0,0
@moonjeong5687,다니엘은 저와 같은 맥콜파군요.ㅎ,False,,0.0,0
@KOMERICAN.,맥콜 좋아해요~!,True,@moonjeong5687,1.0,0
@한선천-c4g,저도 가슴살 좋아하는데 퍽퍽살 ㅋㅋ 그게제일맛남  날개는 젤별루 ㅋㅋ  치킨이 종류가 너무많아서 한국사람들도  잘모름 ㅎㅎ  오늘도 잘밨어요,False,,0.0,0
@KOMERICAN.,퍽퍽살 좋아하시는군요 ^^,True,@한선천-c4g,1.0,0
@choivictor4879,외국인 친구들 오면 단골로 나오는 청수당.<br>인테리어가 예쁘긴 함.치킨하고 어울리지는 않지만 외국 친구들은 음료 중에 밀키스나 바나나 우유를 많이 좋아하는 것 같음.,False,,0.0,0
@KOMERICAN.,인테리어가 참 예쁘네요,True,@choivictor4879,1.0,0
@mercury209,아니 숙취가 있으면 바로 해장국을 먹으러 가야죠.<br>해장의 나라인데.<br>그리고 친구분 미국 안돌아 가셨으면 동생분 불러서 술게임 가르쳐 주고 같이 어울렸으면 좋았을 뻔 했네요.<br>로제 아파트 틀어놓고 아파트 아파트 하면서 ㅎㅎ<br>다니엘이 걸리면 mj가 마시고 mj가 걸려도 mj가 마시고 ㅋㅋ,False,,0.0,0
@KOMERICAN.,해장국 아쉽네요 ㅠ,True,@mercury209,1.0,0
@OK-rn5qf,천사처럼 예쁘고 착한 다니엘님 모처럼 고향친구 만나서 즐겁고 행복한 시간 되셨네요 그동안 많이 보고싶었을텐데 만나서 행복한 모습에 너무 너무 보기 좋았습니다,False,,0.0,0
@KOMERICAN.,행복한 하루하루 되세요 ~,True,@OK-rn5qf,2.0,0
@DarrelMelissa,ㅋㅋㅋㅋㅋㅋ ㄱ글 에서 벳프리 모솨서 잼민이 발정났누ㄱ글 에서 벳,True,@OK-rn5qf,2.0,0
@bender1111,"Love your channel, but if possible, could u plz make the opening song just a little bit quieter? The volume for the opening song is so loud and then the audio for the actual video is way quieter.",False,,0.0,0
@KOMERICAN.,"Good to know, I’ll try to update it next time!",True,@bender1111,1.0,0
@qwer2610,솔직히 공주님 말이맞아 술이 맛이없어 맛있다는건 거짓말이야 나도 술을 엄청나게 먹었지만 중독이되어서 맛있게 느껴지지만 술은 담금주가 맛있었다 맥주 처음 먹을때 오줌맛같이 아무맛이 없더라 소주는 알콜맛이고 막걸리는 사이다 를 섞으면 맛이있다 양주는 향은 좋은데 맛은없고 빨리취하고 도수가 있으니,False,,0.0,0
@쒸크릿,카스에서 광고 나와야될듯,False,,0.0,0
@KOMERICAN.,카쓰 광고^^ㅎㅎ,True,@쒸크릿,1.0,0
@그려유-g6n,"예쁜 다니엘,우리나라 치맥은 최고인듯,친구는 소맥 폭탄주 경험을,,,,,, 아이쿠야,,,,,,이제 속풀이 해장국을 먹어야 할시간. 다니엘 공주는 술 못먹어서 간접 경험을,,,,,,<a href=""UCkszU2WH9gy1mb0dV-11UJg/rW5IY_26FryOq7IPlL2A6Ao""></a><a href=""UCkszU2WH9gy1mb0dV-11UJg/hm5IY4W-H9SO5QS6n4CwCA""></a>🤩",False,,0.0,0
@KOMERICAN.,술을 못먹어서 ㅠㅠ,True,@그려유-g6n,1.0,0
@동네바보형-e3b,다니엘도 친구도 즐거워보여서 보기좋네요. 여기저기 다니면서 한국 많이 구경시켜주세요. 한번정도는 괜챦겠지만 술마시고 다음날 머리 아프다고 두통약 먹으면 간에 많이 안좋아요. 시원하게 해장국 한그릇하면 딱 이겠네요. 다음 영상도 궁금합니다.오늘 영상도 감사해요~,False,,0.0,0
@KOMERICAN.,항상 감사합니다 ~,True,@동네바보형-e3b,1.0,0
@쭈니-x9j2p,"정말 오랫만에 절친과 여기저기 놀러 다니면서 맛있는 것도 먹고, 집에서 같이 잘 수 있어서 옛날 추억도 떠오르고 정말 즐거웟을 것 같네요. 친구가 떠나는 날까지 즐겁고 재밌는 추억 많이 만들었으면 좋겠네요",False,,0.0,0
@chssj9967,다니엘 공주님 멕콜도 많이 드시면 취합니다.!!!!!!!!!!!!!!  ㅋㅋㅋㅋㅋㅋㅋㅋㅋㅋㅋㅋㅋ,False,,0.0,0
@KOMERICAN.,ㅋㅋㅋㅋ,True,@chssj9967,1.0,0
@ssh3102,친구분 좋아요... 매력 있는분,False,,0.0,0
@KOMERICAN.,칭찬 감사합니다 !,True,@ssh3102,1.0,0
@신명선-v5w,소맥도 좋치요,False,,0.0,0
@KOMERICAN.,쏘맥 최고^^,True,@신명선-v5w,1.0,0
@종선이-g9v,사실 재밌는게 아니라 행복한 것임....   ❤  ㅎㅎ,False,,0.0,0
@KOMERICAN.,행복한거죠^^,True,@종선이-g9v,1.0,0
@bbh6962,"와...카스에 양념치킨 마렵네요.,.ㅋㅋㅋ",False,,0.0,0
@KOMERICAN.,카스에 양념치킨 최고 ^^,True,@bbh6962,1.0,0
@tony8640,치킨에 소주&amp;맥주는 못참지요 😊,False,,0.0,0
@KOMERICAN.,치맥은 못참죠 ^^,True,@tony8640,1.0,0
@이재영-y7f5e,어릴 때 저렇게 생긴 식당 많이 가봤는데 그립다.,False,,0.0,0
@KOMERICAN.,고맙습니다!,True,@이재영-y7f5e,1.0,0
@bluegress7088,와이프가 수술해서 약3주간 너무 힘들고 바뻐서 잘 못챙겨 봤네요 혼자 아이2명 케어가 힘들네요 오랜만에 영상보고 힐링좀 할께요 항상 밝은 미소가 이쁜 다니엘,False,,0.0,0
@KOMERICAN.,와이프분이 빨리 쾌차하시길 바랄게요! 영상 보고 힐링이 되셨으면 좋겠습니다. 감사합니다 ~,True,@bluegress7088,4.0,0
@bluegress7088,@KOMERICAN.  위로해 주셔서 감사해요,True,@bluegress7088,4.0,0
@기파랑-y1x,반갑습니다  2등  ^^,False,,0.0,0
@KOMERICAN.,2등 ^^,True,@기파랑-y1x,1.0,0
@항암신약,2빠,False,,0.0,0
@KOMERICAN.,2,True,@항암신약,1.0,0
@호돌이-i9j,헐레벌떡 1빠,False,,0.0,0
@KOMERICAN.,1빠 감사합니다,True,@호돌이-i9j,1.0,0
