author,comment,is_reply,reply_to,reply_count,is_spam
@LeoJMakeup,오레오들 안녕!!<br>지난번 나홀로 일본여행에서 다들 힐링됐다고 하니까 덩달아 나도 너무 기분 좋더라!<br>근데 내가 생각해도 혼자 쉬러가서 정말 촘촘하게 일정을 소화했더라고^^? ㅋㅋㅋ<br>일본 다녀와서 꼭 한번 다시 놀러오라던 전일이(=영원이)의 포항!!<br>극P의 행복한 무계획 여행의 진수를 보여주겠다면서 초대햇는데<br><br>결론....<br>진짜 너.무.행.복.했.다 진짜...<br>특히 포항 저세상 맛집이 일단 너무 많고...<br>전일이(=영원이)의 슈퍼긍정파워E 에너지로 하루종일 잘 가이드했줬어ㅠㅠ<br>우리 오레오들도 이번영상에서 무계획 극P의 포항여행 나랑 같이 재밌게 가보자!<br><br>이번영상도 재밌게 봐!!<br>러뷰~!!,False,,0.0,0
@forever_1125,레오제이 또 놀 러 와 또🩷,True,@LeoJMakeup,2.0,0
@LeoJMakeup,@@forever_1125 서울로 초대할게...레오J여행,True,@LeoJMakeup,2.0,0
@으아웅앙,엔딩크레딧 노래 궁그매여 ㅠㅠ,False,,0.0,0
@Orora439,"너무 낭만적,,🤍",False,,0.0,0
@user-umd-fg8hq3p,포항은 여름에 가야 제맛인데,False,,0.0,0
@박해원-o4d,우와 콘토 스토리에서 보던 곳들 브이로그로 보니까 씨원하이 좋아요,False,,0.0,0
@태백-j7n,뭔가 따뜻 뭉클한 느낌의 친구들을 만난 느낌이에요 항상 건강하고 잘 지내기를.. 다음에 서울편 꼭 만나요!,False,,0.0,0
@하츠-p1l,어포튀김 어디서 파나욬ㅋㅋㅋㅋ,False,,0.0,0
@I_am_Moni,안정감있고 행복한 사람들 틈바구니에서 아무 걱정없이 내려놓고 재밌게 놀고 즐기는 레제 모습이 진짜 힐링 그잡채,False,,0.0,0
@s_kyung-q6w,너무 힐링된다ㅜㅜㅜ,False,,0.0,0
@김소연-j1w2y,"<a href=""https://www.youtube.com/watch?v=F78rkfVQYos&amp;t=870"">14:30</a> 이번에 여기 갔었는데 너무 기대해서 그런지 생각보다 별로였어요...ㅠㅠ",False,,0.0,0
@user-ev5kg4fc1t,"<a href=""https://www.youtube.com/watch?v=F78rkfVQYos&amp;t=245"">4:05</a> 뒤에서 이상하게 보잖아…(positive)",False,,0.0,0
@깡과총만있으면두렵지,여지껏 레오제이 여행브이로그 생각해보면 이번 편 때깔 정말 다른데 독보적으로 웃기다,False,,0.0,0
@김유미-d6h,레오제이님 어디가세요 ㅋㅋ,False,,0.0,0
@ssopyne,너ㅜ 재맷었더,False,,0.0,0
@줄줄2-n5c,"<a href=""https://www.youtube.com/watch?v=F78rkfVQYos&amp;t=254"">4:14</a> ㅋㅋㅋㅋㅋ 학생이 운전하는걸로 말하는게 너무 웃겨욬ㅋㅋㅋㅋㅋㅋㅋㅋㅋㅋ",False,,0.0,0
@HAPPY-cb5gj,와ㅠㅠㅠ진짜 넘 재밌고 제가 다 행복했어요 레제 행복해하는거 보니까 저까지 맘 따뜻해져여ㅠㅠㅠㅠ,False,,0.0,0
@itiswhatitiscat,레오 잘 먹어서 혈색 좋은거ㅋㅋㅋㅋㅋㅋ,False,,0.0,0
@syjuknow,👍👍👍,False,,0.0,0
@itiswhatitiscat,고깃집 사장님 가위바위보 진짜ㅋㅋㅋㅋㅋㅋㅋㅋㅋㅋ 이번엔 그동안 레제 영상이랑 전혀 다른 결인데 포항패밀리랑 같이 우루루 몰려다니면서 만나는 사람들이랑 웃고 떠드는거 너무너무 보기 좋아요!! 두고두고 돌려볼 영상 등극..❤️,False,,0.0,0
@biny-jq5zq,포항에서 좋은 추억 쌓고 가셔서 넘 다행임돵 담에 또 오세여,False,,0.0,0
@혜성정-p9s,"<a href=""https://www.youtube.com/watch?v=F78rkfVQYos&amp;t=542"">9:02</a> 명신고가 아니라 영신고입니다...!!",False,,0.0,0
@하이-r1x,와 보기만해도 기빨려요 ㄷㄷㄷ,False,,0.0,0
@규잼,다 너무 귀여우시다…. ㄹㅇ,False,,0.0,0
@urgenie_,😂전일님 팬이에용&gt;_&lt; <del>n년차 오레오가</del>,False,,0.0,0
@forever_1125,감사합니다아아악🩷,True,@urgenie_,1.0,0
@이정인-v7q,p의 세상...그중에난 J!!!!!,False,,0.0,0
@김나-n7c,내가 다 힐링이네,False,,0.0,0
@블리-n5j,이번편 진짜 힐링이에요🩷 영원님 진짜 밝은 에너지로 J가 걱정없게 해주는 여행 코스 최고에요 정말 안넘기고 보게 되는 유튭 오랜만 ~~~~~🩷 레오제이님 정말 너무 재밌어요 좋아요 !!!!!,False,,0.0,0
@forever_1125,꺄~!!!! 감사합니당🩷🩷,True,@블리-n5j,1.0,0
@sjsssultang,우와ㅠ몸이 아파서 아무것도 못했는데 오빠의 영상을 보니까 진짜 대리 힐링하면서 아픈게 싹나았자나❣️❣️❣️오빠도 건강 챙기구 나도  놀러가고 싶쟈나🙏🙏,False,,0.0,0
@최세림-b9o,굿..,False,,0.0,0
@바이윤-p5d,볼때마다 몰입감 최고~앤딩까지😊,False,,0.0,0
@ssossio,ㅠㅠ 익숙한 포항이 배경이라 너무 좋아요😉❤️ 영원님이랑 조합 너모 좋은걸요,False,,0.0,0
@내이름-m3h,오뽜…..영신고……….랄까요..?,False,,0.0,0
@내이름-m3h,무튼 잘 쉬고 포항에서 즐거워하는거보니까 기분 너무 좋아요❤️❤️❤️❤️ 이렇게 잘먹는거도 처음봐..,True,@내이름-m3h,1.0,0
@flying.squirrel.,항상 잘 드셔서 넘 보기좋아요 ㅋㅋㅋㅋㅋㅋㅋ !!!,False,,0.0,0
@혜니-d2x,"진짜ㅠㅠ영원님 매번 손님들 대접하는거보묜 새삼대단하다,,",False,,0.0,0
@forever_1125,손님들 가시면 침구 싹다 세탁하고 집안 소독도 해서 다음 손님맞이! 오성급 호텔~,True,@혜니-d2x,1.0,0
@하현tv-v8y,문득 보이는 모습에서 레호재희 외로움과 공허함이 뭍어나와 마음이 안쓰럽...❤ 힘내자 레호재희❤,False,,0.0,0
@LeoJMakeup,고마워!!!!!! 하지만 아직 공허하고 외로운 짬은 아니라 지금은 괜찮다구 ㅋㅋㅋㅋㅋㅋ❤❤❤,True,@하현tv-v8y,2.0,0
@하현tv-v8y,@LeoJMakeup  다행이라귯♡,True,@하현tv-v8y,2.0,0
@JIEUNKIM-vq7ut,찐 행복해보여서 좋당 ❤❤ 은근 영원팸에 끼고 싶은걸?ㅋㅋ,False,,0.0,0
@forever_1125,각설즈❤,True,@JIEUNKIM-vq7ut,1.0,0
@nanhuikim4307,포항오셨다니 넘 반갑네용❤,False,,0.0,0
@whyrano6546,아 존나 재밌다,False,,0.0,0
@liiix0101,너무 행복해보인다 ㅋㅋ,False,,0.0,0
@MyuMyu0w0,순돌님 공교롭게도 선바 닮으심...😯,False,,0.0,0
@guamguam285,순돌님 왜케 익숙한가했더니ㅋㅋㅋ파도위의순도리라니ㅎㄷㄷ 내고향포항티보고 앎,False,,0.0,0
@성이름-r8p9u,"<a href=""https://www.youtube.com/watch?v=F78rkfVQYos&amp;t=1328"">22:08</a> 100만 유투바 레오 말 먹금 당한 저 분위기가 너무 좋음 ㅋㅋㅋㅋㅋㅋ",False,,0.0,0
@성이름-r8p9u,나 진짜 이 영상 엄청 아껴가면서 봄 오랜만에.. 상규 잘쉬고 온거 느껴져서 나도 행복해 ❤,False,,0.0,0
@mean-a7165,레제 잘생겼고 편안하고 꺄,False,,0.0,0
@튜튤-f3z,힐링이햐…,False,,0.0,0
@my_________day,뭐야 정신 하나도 없는데 너무 재밌어보여....,False,,0.0,0
@jy.3162,역시 새친구는 윷놀이지,False,,0.0,0
@하나르미-u1r,"<a href=""https://www.youtube.com/watch?v=F78rkfVQYos&amp;t=580"">9:40</a> 보다가 혼자 냅다 폰보고 빗취 하는 여자가되,,,..<br>같이할 줄 알았잖아요 ㅋㅋㅋㅋㅋㅋㅋᱍᱍᱍᱍᱍᱍᱍᱍᱍᱍᱍᱍᱍᱍᱍ",False,,0.0,0
@mi_nae,아 너무 재밌다 다들 무해해…🫶 <br>저도 힐링하고 갑니다 히히💓,False,,0.0,0
@OGart_,진짜 재밌다 ㅋㅋㅋㅋ,False,,0.0,0
@LeoJMakeup,😉❤️,True,@OGart_,1.0,0
@camper_C,전일이 교복입고 운전도하네 선생님한테 다 일러 ~,False,,0.0,0
@LeoJMakeup,일르면 일름보,True,@camper_C,2.0,0
@forever_1125,아안돼~~~~~~ 🤫,True,@camper_C,2.0,0
@binlee8893,포항 전용코스 풀버전으로 보니까 ㅋㅋㅋㅋ 요약젙리 끗!ㅋㅋㅋ,False,,0.0,0
@LeoJMakeup,ㅋㅋㅋㅋㅋㅋㅋ 근데 안가본데 아직 너무 많음...,True,@binlee8893,1.0,0
@attedz275yb-vk5yb,와 진짜 기빨린다 p고 j고간에 다들 극  트리플  e들 아니냐고 ㅋㅋㅋ,False,,0.0,0
@LeoJMakeup,나도 완전기절..,True,@attedz275yb-vk5yb,1.0,0
@JEONJI_,최근 본 여행브이로그중에 제일 재밌어보임 진심🤩,False,,0.0,0
@LeoJMakeup,오예!!!,True,@JEONJI_,1.0,0
@huluuluoo4431,존잼 힐링,False,,0.0,0
@scarlenat,"아 너무 아수워,,,,, 레오 여행 편중에 이렇게 시간가는게 아쉬운 영상이 있었나,,,ㅎ 너무너무 아쉬워서 재탕 삼탕 할 예정..^^<br>레제가 이렇게 많이 먹고 편해보이는것도 손꼽고 그냥 나도 넘 힐링됨 ㅎㅎ 전일이 효과 굳",False,,0.0,0
@LeoJMakeup,❤❤❤❤❤❤,True,@scarlenat,3.0,0
@kokomazim,잘생긴 사람 보니까 행복하네용,False,,0.0,0
@melodyk4960,잘 먹고 잘 놀아서 보기 좋네요😂👏,False,,0.0,0
@LeoJMakeup,이렇게 많이 먹을 수 있다는거에 스스로도 놀람,True,@melodyk4960,1.0,0
@pppppingsu,꺄 조아요 999였는데 제가 1000으로 만들어떠요 💖 레제짱!,False,,0.0,0
@LeoJMakeup,❤❤❤❤,True,@pppppingsu,1.0,0
@scarlenat,"아 너무 재밌다,,, 남편이랑 싸우고 기분 진짜 안좋았는데 레제랑 영원씨 조합 으로 막 웃으면서 보는 중,,,, 행복해,,<br>레제 여름에 가서 서핑해줘~ 영원씨도 겨울 지나기 전에 레제 집 가여~",False,,0.0,0
@LeoJMakeup,몸 만드는중이니까 서핑 계획 추가해본다...📝😊,True,@scarlenat,3.0,0
@forever_1125,네에🌸🌸🌸,True,@scarlenat,3.0,0
@서노기-k9b,아 좋다~<br>보는내내 미소 짓고 보는 나,False,,0.0,0
@구우미-i7p,존잼,False,,0.0,0
@희망-e7f,마지막엔딩 노래제목먼가요오옹❤,False,,0.0,0
@colorful_iho,레오님!! 내년에는!!! 여행 많이 다니시고 쉬면서 일하셔요✨,False,,0.0,0
@LeoJMakeup,네❤❤,True,@colorful_iho,1.0,0
@hh장,내 고향 포항에서 힐링 제대로 한 레제보니까 너무 흐뭇하고 영원씨랑 케미가 진짜 너무 좋다ㅠㅠ 다들 힐링 제대로 한 느낌 보니까 나도 타지에서 영상보면서 힐링 제대로 합니다 다들 행복만 해 진쨔루❤,False,,0.0,0
@LeoJMakeup,오옙,True,@hh장,1.0,0
@ming2113,"<a href=""https://www.youtube.com/watch?v=F78rkfVQYos&amp;t=440"">7:20</a> 브금들이 너무 신비로워옄ㅋㅋㅋㅋㅋ",False,,0.0,0
@Hispace-k3b,맨날 호스트로써 머리채잡고 끌고가는 레제만 보다가 편하게 쉬고온거 같아서 나까지 편함…,False,,0.0,0
@LeoJMakeup,오모모 그게 느껴졌나며..,True,@Hispace-k3b,1.0,0
@황하연-o8t,둘이 노는 구 진짜 너무 행복해보임 ㅠㅠㅠ,False,,0.0,0
@얼음산책-v7n,❤❤❤,False,,0.0,0
@user-wonton,명신이 아니라 영신고임다…,False,,0.0,0
@LeoJMakeup,영신고 화이팅❤,True,@user-wonton,1.0,0
@jppark5363,너무잘먹고 잘쉬고 최고다 ㅋㅋㅋㅋ,False,,0.0,0
@LeoJMakeup,❤❤❤❤❤,True,@jppark5363,1.0,0
@파도위의순도리,아 너무 행복했다!!!!!!❤,False,,0.0,0
@LeoJMakeup,그니까❤,True,@파도위의순도리,1.0,0
@납작-t8y,Omg so happy 🩵🩵🩵,False,,0.0,0
@gj0930,우왓 지츄님이닷,False,,0.0,0
@user-vc2pv7mu6x,저런바이브로 놀아본게 언제지😂,False,,0.0,0
@LeoJMakeup,나도 너무 오랜만... 찐친들 함 모여!!!,True,@user-vc2pv7mu6x,1.0,0
@또니-k4r,친구 나와바리(?)에서 함께하는 그 편안함이란... 운전도 친구가해... 계산도 친구가해... 일정도 친구가 해줘... 크... 편안함에 취한다🥲🫶❤️❤,False,,0.0,0
@아무말도옶음,칼국수거리를 가다니…맛집을 잘아시는군..,False,,0.0,0
@고민-b8y,진 짜 최 고 다 <br>제가 다 힐링 했어염 ㅠㅠ,False,,0.0,0
@Lee-pd4vr,"<a href=""https://www.youtube.com/watch?v=F78rkfVQYos&amp;t=544"">09:04</a> 영신고!입니다",False,,0.0,0
@김수민-n4x5n,ㅋㄹㅋㄹㅋㅎㅋㅎㅋㅎㅋㅎㅋㅎ사장님 괴로피지마아~~~~ㅋㅎㅋㅎㅋㅎㅎㅋㅋㅋㅋㅋㅋㅋㅋㅋ<br>전일이 귀!여!워!,False,,0.0,0
@장장장-h7h,"뭔가 고등학교로 돌아간느낌,,,❤❤",False,,0.0,0
@dksgotlqkf,아 꿀잼이당 간만에 누군가의 브이로그에 스킵 안하고 다 보는듯.. 다 재밌당,False,,0.0,0
@Zzzmin2,레제영상 숏츠말구...첨부터 끝까지 건너뛰기없이 다 본거 첨이예요 😂😂😂 미안🫰 전일이사랑해❤❤❤,False,,0.0,0
@smilecookie9745,"<a href=""https://www.youtube.com/watch?v=F78rkfVQYos&amp;t=779"">12:59</a> 죽인다는 손짓 ㅋㅋㅋㅋ먹방 왜케 잘해요!!!! 😂❤",False,,0.0,0
@jeonghae7914,이번 여행 제대로 힐링이였겠어여!! 찐 행복해보이는 얼굴😊,False,,0.0,0
@smilecookie9745,"<a href=""https://www.youtube.com/watch?v=F78rkfVQYos&amp;t=750"">12:30</a> ㅋㅋㅋㅋ 안좋아한다는 말 5초만에 취소 ㅋㅋㅋ",False,,0.0,0
@smilecookie9745,"<a href=""https://www.youtube.com/watch?v=F78rkfVQYos&amp;t=714"">11:54</a> 고기도 먹겠다는 비장한 얼굴 ㅋㅋㅋ ㅋㅋㅋㅋㅋㅋㅋㅋㅋㅋㅋㅋㅋㅋㅋㅋ",False,,0.0,0
@smilecookie9745,"ㅋㅋㅋㅋㅋㅋㅋㅋㅋㅋㅋㅋㅋㅋㅋㅋ<a href=""https://www.youtube.com/watch?v=F78rkfVQYos&amp;t=450"">07:30</a> 가격표 ㅋㅋㅋㅋㅋㅋㅋㅋㅋㅋㅋ",False,,0.0,0
@smilecookie9745,"<a href=""https://www.youtube.com/watch?v=F78rkfVQYos&amp;t=570"">09:30</a> 왜케 재밌게 놀지 ㅠㅠㅠ 😂핵인싸들 모임 ㅋㅋㅋㅋㅋ",False,,0.0,0
@bombom_d,"이런 타이밍도 레제가 일하는 중간중간 있으면 참 좋겠다는 마음이 드는 건 내가 이만큼 레제를 사랑하는 게 아닐까,,,🥹 이토록 맘 편한 영상은 진짜 손에 꼽는다이,,,",False,,0.0,0
@just_orange,레오제이 이렇게까지 잘 먹는 거 처음 봄,False,,0.0,0
@forever_1125,진짜 저도요,True,@just_orange,2.0,0
@Jdifidbs,수제비골목 진분식 진짜 맛있더라구요 강추 ~!!,True,@just_orange,2.0,0
@먹는걸멈추는방법을모,근데 뭔가 말은 쉰게 아니라고 하지만 이번에 레오제이님 편하게 놀고 간게 느껴져서 나도 보는 내내 친구들이랑 노는 느낌나서 좋았오요 영원님 고마워요요요용❤❤,False,,0.0,0
@송유찬-k3t,ㅈㄴ 잘생김,False,,0.0,0
@jeeh29-3,영원투어 너무 좋다…진심,False,,0.0,0
@jeeh29-3,이번 여행때 레제 많이먹고 쉬니깐 얼굴 폼이 더 미텼다………..,False,,0.0,0
@godqhrr,레오 잘 먹구 마음 편해 보여서 나까지 힐링됨..🤍🤍🤍,False,,0.0,0
@오늘레브정은,레오..청주와 재미나게 놀아재껴보자!,False,,0.0,0
@장선미-r3u,내가 힐링된다,False,,0.0,0
@NiNi-ji5zq,전일이 마인드 배우고싶다 정말 ෆ˙ᵕ˙ෆ,False,,0.0,0
@Tangjas2,영원언니같은 친구 있으면 어딜가도 넘 재밌겠다아아아아아,False,,0.0,0
@forever_1125,꺄아아아🩷,True,@Tangjas2,1.0,0
@곽두팔-c2u,와 영원언니 스토리에서 다들 본 사람들이고 .. 사장님도 다 아는 분이고… 진심 오랜만에 한번도 스킵없이 봄… 둘 케미 너무 느좋🩷🥹🥹,False,,0.0,0
@qkrtldus,"<a href=""https://www.youtube.com/watch?v=F78rkfVQYos&amp;t=292"">4:52</a> 거짓말",False,,0.0,0
@유니-n2w3f,썸네일 너무신낰ㅋㅋㅋㅋㅋㅋㅋㅋ&gt;&lt; (나P),False,,0.0,0
@amy-sn8ud,"<a href=""https://www.youtube.com/watch?v=F78rkfVQYos&amp;t=119"">1:59</a>  <a href=""https://www.youtube.com/watch?v=F78rkfVQYos&amp;t=258"">4:18</a> 미치겠닼ㅋㅋㅋ 영원님이랑 레제님을 담기에는 포항이 넘 작았다",False,,0.0,0
@168.8o8,나 지금 포항 26분만에 다 즐겼다 ;,False,,0.0,0
@daekkae,행복해보여 레오제이형,False,,0.0,0
@seungyeonAh_TV,포항 참 따셔 아주 좋아~_~,False,,0.0,0
@청곽,아니 진짜 너무 행복해보이시는뎈ㅋㅋㅋㅋㅋㅋㅋ,False,,0.0,0
@Exzzza-s4n,ㅠㅠ 맨날 계획 세우고 그걸 지켜야한다는 마음에 급급했던 레제가 이렇게 계획없이 맘가는대루~ 여행하는 게 왜이리 행복한지 모르겟음 ㅠ🥺 이번 편 최애다 진ㅉㅏ......... 서울에서 제대루 대접해조요~,False,,0.0,0
@Matilda0710,넘 따숩고 뭔가 몽글몽글해용...<br>그리고 시장에서 전보고 ㄹㅇ 눈물 흘렸어요 와 진짜 시장가서 있는거 다 흡입하고 싶따..,False,,0.0,0
@mansechoigo,웅웅 포항에서 쉬고 힐링한 담에 서울기서 링겔 맞는거잔아,False,,0.0,0
@dayeah.,오빠 P의 세계 나쁘지않아 환영해🙌,False,,0.0,0
@manecchane,아 너무 청춘 MT 븨로그같애..❤❤❤,False,,0.0,0
@barbiemoon8776,35분전이다!! 꺄아아아아악🎉,False,,0.0,0
@danhee2078,너무쟈밌다 짜릿해 정상규 사랑햐 ❤❤❤❤,False,,0.0,0
@forever_1125,안녕하세~yo! 전일이예요!!!<br>다음엔 제가 레오 J 집에 놀러가기로 했는데! 으아 신나~!~!~!<br>기대해주세요!!!🩷,False,,0.0,0
@manecchane,"<a href=""https://www.youtube.com/watch?v=F78rkfVQYos&amp;t=366"">06:06</a> ㅋㅋㅋㅋㅋㅋㅋㅋㅋㅋ이거 그 때 그 어포쟈나 ㅋㅋㄱㅋㄱㅋㄱㅋㅋㅋㅋㅋㅋㅋㅋㅋㅋㅋㅋ",False,,0.0,0
@helpmeoutmisskang4465,아뉘...쉬러갔다매....,False,,0.0,0
@니채널쩔더라,명신고아니라 영신고같아용 ㅠㅠ(지나가는 포항 영신고 출신),False,,0.0,0
@skfneofkko3jjmaa,보고있는데 옆에서 남자친구가 연예인이녜여,False,,0.0,0
@ElliewithMom,우와우...p..,False,,0.0,0
@daldong-c2y,6빠❤,False,,0.0,0
@yuahan-yf4sn,안 봣는데 벌써 재밌다,False,,0.0,0
@manecchane,레오피❤❤❤❤❤❤,False,,0.0,0
@한이브초롱맘,ㅋㅋㅋㅋㅋㅋㅋㅋ앜ㅋㅋㅋㅋㅋㅋㅋ 제목만 봐도 .. 알겠어요 제가 P라 ㅋㅋㅋㅋㅋㅋㅋㅋ,False,,0.0,0
@HYOOO0O,꺄,False,,0.0,0
@안눙gks78,1빠❤,False,,0.0,0
@룰루랄라-b3y,영원님이랑 케미 너무 좋아요 자주 찍어주세요🎉🎉🎉,False,,0.0,0
