author,comment,is_reply,reply_to,reply_count,is_spam
@쫑-l6j,김희철 노래 왤케 잘하냐,False,,0.0,0
@KasiO-g1i,다시한번 불러봅니다 그시절 우리는 모두 버즈였다 ㅠㅠ,False,,0.0,0
@Luvgalmongi,어제 생방 보면서 엄청 울었네요 ㅜㅜㅜ,False,,0.0,0
@김선태-z5t,정말 행복하게 살았으면 좋겠다.,False,,0.0,0
@별-x1c,극F는 처음부터 울어요😭 &quot;날마다 울어도 볼때마다 행복해&quot; 가사 오지고ㅠㅠㅠ,False,,0.0,0
@귀여운춘식이,뭉클하다.. 😢 결혼 축하해요🎉,False,,0.0,0
@_acts_,경훈이형 하루하루 더 행복해지세요ㅎㅎ,False,,0.0,0
@jinjinjin9855,눈물이.. ㅜㅜ 감동이네요~,False,,0.0,0
@Zzazans_lover,이때 제일 잘생겼다ㅠㅠ 마지막에 신부님 보고 하는 것도 감동이야….,False,,0.0,0
@임소연-f9j,경훈오빠 축하해요~🎉🎉🎉 축하장면 계속 돌려보는중😊😊 경훈오빠가 결혼을 하셨다니😂 제가 다 울컥하네요🥹🥹,False,,0.0,0
@ddoyadaddy,결혼축하드립니다.,False,,0.0,0
@papajun-td6lb,감동 ᆢ경훈님 정말행복하셨겠어요,False,,0.0,0
@죠르디-d9h,아 28분 밖에 안울었네 ㅋㅋㅋ,False,,0.0,0
@Ffre-m8g,그래!!!!! 이머리야 이 머리!!!!,False,,0.0,0
@수영-e7o,이진호 축의금 냈을까?<br>ㅈㄴ궁금해,False,,0.0,0
@jik3222,희철이가 잘부른다,False,,0.0,0
@바람요정-i8f,신랑입장시 박수 크게치시는 서장훈님의 진심이 묻어남에 가슴이 더 따뜻해지는 걸 ~~*<br>아는형님들 응원합니다,False,,0.0,0
@김진태-u1p,경훈이형 행복해야해,False,,0.0,0
@dkssudgktlsrkdy,김영철 불협화음;;,False,,0.0,0
@zerozero-lucky-bang,청춘의 한페이지...<br>정말 흐뭇하고 행복한 결혼식이였습니다.<br>두분 잘 살것 같아요 아기랑 행복하게<br>오래오래 사시길 ❤🎉,False,,0.0,0
@카라-n8t,🎉🎉멋있네  민경훈🎉🎉,False,,0.0,0
@lhs880,민경훈이 부르는게 예정된게 아니였나보네<br>대박이다…. 찐으로 갑작스러운 축가네…👍,False,,0.0,0
@밝은마음-w5c,민경훈 부를때 신부님 감동하심,False,,0.0,0
@킁킁-e7z,나의 버즈 행복하세요,False,,0.0,0
@개굴개굴유구리,제가 보는내내 눈물이 나네요.<br>슬픈 결혼식이란 존재하지 않지만 형님들의 서로를 아끼고 사랑하는 마음이 가슴속에서 벅차오릅니다. 언제까지나 끈끈한 우정이 영원하시길 바라요!,False,,0.0,0
@sssyyypjtpjt,그시절 우리는 버즈였다!!!,False,,0.0,0
@miaj1147,"처음부터 끝까지 정말이지 흐뭇하게 웃으며 봤습니다. 마지막엔 절로 박수가 나오는, 감동적인 28분 이었습니다. 결혼 축하드립니다. 행복하십셔!!!🎉🎉🎉🎉🎉",False,,0.0,0
@스마일-t1z,지금까지봐온 연예인결혼식중 젤 감동적 <br>경훈씨 축하드립니다<br>아형들 의리에 내가  눈물이 ❤,False,,0.0,0
@가을이네-u4p,김희철 사회 잘본다,False,,0.0,0
@김혜란김혜란-z2b,깔끔한결혼식 넝수과하지않고 참보기좋았네요,False,,0.0,0
@yeondalrae,눈물나ㅜㅜ,False,,0.0,0
@이철희-n2j,3년 봅니다.,False,,0.0,0
@미오치치홍만초이만만,와 버즈멤버랑 럼블피쉬 결혼햇구나 몰랏네.. 신동이랑 이상민씨 노래를 생각보다 ... 아무튼 감동적입니다 ㅋㅋ,False,,0.0,0
@이이룸-e2t,다음은 김희철 결혼 해라.,False,,0.0,0
@형이야-w2h,디진다 진짜 개감동이네,False,,0.0,0
@밝은마음-w5c,김희철 목소리 너무 감미롭다^^,False,,0.0,0
@Black-wi6pt,그냥 ... 행복하길바래요 ! 결혼축하드리고 부디 알콩달콩하게 평생 아름답고 사랑하며 결혼생활이 이어지길바래요,False,,0.0,0
@아하그렇구나-s8r,누구보다 민경훈어머니가 기뻐했을듯 아들이 일안하려고할때 아는형님에 매주나가서일하니 그렇게 기뻐했다고 언급하면서 민경훈이 아형에서 울었었음ㅋㅋ,False,,0.0,0
@라떼-t3c,신부 얼굴 계속 안보일까~^,False,,0.0,0
@이이룸-e2t,연예인이라도 결혼 많이해라,False,,0.0,0
@강성민-g4z,"<a href=""https://www.youtube.com/watch?v=FrzrNV20KbQ&amp;t=7"">0:07</a> 카슴이야~~할 때 들리는 소리<br>저거 삑사리 아니고 멤버들 마이크 소리가 들어간거에요!! 직캠 영상으로 보면 민경훈 마이크 소리가 압도적으로 커서 잘 불렀다는 걸 알 수 있음 ㅠ 방송이라 마이크 소리가 겹친듯해요 .. 다들 오해 안했으면",False,,0.0,0
@치코캬라멜,쌈자오빠 행복하세용 제 어린시절 버즈는 추억이 많았어요😊,False,,0.0,0
@채워니-f8m,행복하세요~~넘 아름답네요^^,False,,0.0,0
@류다니,아형 자주 챙겨봤었는데 ㅎㅎ 경훈님이 결혼하시는 군요 ㅎㅎ 아내 분과 행복한 순간순간으로 영원할 추억 많이 만드셨음 조켔습니다 ㅎㅎ 결혼 축하드려요 ㅎㅎ,False,,0.0,0
@야호-q3t,사진이랑 완전 다르네 뽀샵을 얼마나 한거냐,False,,0.0,0
@basecampus01,김영철형 이건 아니잖아 ㅋㅋㅋㅋ,False,,0.0,0
@daeun-s2,넘 감동적이에용❤,False,,0.0,0
@narr3109,김희철 노래 너무 달달하게 잘함,False,,0.0,0
@물소대장-j3y,민경훈 노래 듣는데 뭔가 울컥하네 그시절 버즈 노래 즐겨부르던 남자들은 다 공감하려나 .......,False,,0.0,0
@WENTID,내 학창시절을 버티게 해준 원동력 버즈 그리고 경훈이형 멀리서 지켜봐왔을 뿐이지만 그럼에도 덕분에 행복했습니다.. 다른 사람들에게 나눠준 행복들 두 배 세 배로 돌려받길 바랄게요 결혼 축하합니다🎉,False,,0.0,0
@karkaroil,"<a href=""https://www.youtube.com/watch?v=FrzrNV20KbQ&amp;t=434"">7:14</a>",False,,0.0,0
@100crow-t1r,대 빅마마가 음악선생님으로 나오네 ㅋ,False,,0.0,0
@서화자-j8s,우와 ♥️ 😍 축하 드립니다 최고입니다 응원합니다 😊❤❤,False,,0.0,0
@impact5971,형님 축하드립니다 행복하게 사세요!,False,,0.0,0
@yenlee5985,너무 부러운 결혼식이네요❤,False,,0.0,0
@DAECHOO-,10년 본 사감인데 눈물 나네요..,False,,0.0,0
@이숙성-n6c,아형들 축가 너무 좋았어요 축하해요,False,,0.0,0
@oneroomi,왜이리 눈물이 나죠ㅠㅠㅠ 역시 진심은 통하나봐요.. 축하드립니다,False,,0.0,0
@sykim4617,김희철이 역시 노래는 젤 잘하네,False,,0.0,0
@garylee206,서로에 대한 믿음과 애틋함이 있어서 10년간 유지한것같네요 앞으로도 아는형님 그리고 경훈이형 신부님 항상 행복하세요!! 그리고 경훈이형 저의 학창시절을 버즈로 물들여주셔서 감사해요,False,,0.0,0
@musemuse11,역시 연예인들이라 다들 잘 부른당❤❤❤,False,,0.0,0
@강모아나-f9s,최진이님 노래 겁나 잘하는데 넘 편집됐네<br>럼블피쉬 I go를 불렀어도 괜찮았을듯,False,,0.0,0
@eva3201,왜 내가 눈물나냐 ㅠㅠ 버즈 민경훈 행복해요~!,False,,0.0,0
@비타민-m5w,김영철 화음 넣는거 ㅈㄴ웃기네 ㅋㅋㅋㅋㅋ 감동파괴구간도 있고 아형멤버들 노래를 하나같이 다잘하냐. 오래가길❤,False,,0.0,0
@깨비-o8c,와.. 근데 처음 시작할 때 김희철 노래 진짜 잘부른다...,False,,0.0,0
@올리브23,뭔가 이렇게 남의 결혼식 하객느낌으로 본게 처음이네요  ^^ 모두 진심이 느껴졌어요  신랑신부 축하해요~~!!ㅋㅋ,False,,0.0,0
@hhj4167,나는 왜 눈물나노 ㅎㅎㅎ,False,,0.0,0
@leeseoul010,아름다운 세레나데! 민경훈님 결혼축하합니다💜👍🇰🇷,False,,0.0,0
@돌체라떼-e2d,유일한 남자연예인 팬인데 경훈이형 축하해요~학창시절 우상!!,False,,0.0,0
@chunsk71,신부얼굴은 끝내 공개를 안하네. 이럴거면 뭐하러 결혼식 특집을 한건가? 방송을 업으로 하는 pd가 얼굴공개 꺼리는 것도 이해 안된다. 간만에 본방 봤는데 실망이다.,False,,0.0,0
@태양-i7q,😊제가 다 행복합니다~<br>결혼식 내내 모든것이 감동입니다.<br>아 형님들의 찐 진심이 제마음에도 느껴지며<br>온 마음을 다해 불러주신 축가~ <br>우리 경훈님의 마지막 한소절에 눈물이.. 미소가 제마음을 행복하게 합니다.<br>우리 쌈자 경훈님 화이팅!!!<br>행복만 하세요~~~<br>결혼축하드립니당~~~<br>❤😊😊❤🎉🎉🎉🎉🎉,False,,0.0,0
@이지수-u5o,영상. 올려주신분께도<br>감사드립니다,False,,0.0,0
@jty0221,마지막에 은인 나올 때 너무 울컥하네.. 내 18번 ㅠㅠ,False,,0.0,0
@이지수-u5o,민경훈화이팅<br>결혼축하드립니다<br>행복하세요,False,,0.0,0
@paradise5504,쌈자형 귀 빨개진거봐 ㅋㅋㅋㅋㅋㅋㅋㅋㅋㅋ찐사랑이다,False,,0.0,0
@littlebubbly8909,"congratulations kyung hun on your wedding! Wishing you a lifetime of love, happiness, and unforgettable memories. Congratulations again!❤",False,,0.0,0
@gameplay_lover,오,False,,0.0,0
@Raea-p3l,진심으로 축하해주는 모습이 느껴져서 감동이었습니다. 축가 부르는 모습도 감동❤,False,,0.0,0
@Psj747,왜 네가 우는건지 ㅠㅠ❤❤❤,False,,0.0,0
@rossrub8022,"Que momentos más bonitos !! Felicidades a Min Kyung ,  se veia super emocionado y enamorado 🥰!!!!  Me encantó ver a sus compañeros apoyándolo y más a Heechul !!!",False,,0.0,0
@jjwhite2285,잘 살 것 같다,False,,0.0,0
@old4252,뭐야 결혼했어?,False,,0.0,0
@is510478,버즈노래와 함께 자랐는데  남자를 몰라란 노래에  울컥 ᆢ😂,False,,0.0,0
@리버풀-j7o,진짜 레전드 방송이었다. 아는 형님 맴버 형님들과 제작진분들이 이번 화는 무조건 예능으로만이 아닌 진심으로 대하는 태도들이 더 감동적이었고 울컥하게 만들었음 ㅠㅠ쌈자형 아는형님이란 프로를 만나고 형님들을 만난 건 진짜 은인인듯 신부분이랑 인연의 종착지도 아는형님이었고 내 은인은 너야~,False,,0.0,0
@5월의여왕,피디랑 결혼하니까 유난이지,False,,0.0,0
@만약당신이라면,"어렸을때의 우상인 버즈 민경훈님이 결혼을 하다니<br>노래들은 지금 들어도 여전히 명곡이네요<br><br>결혼 진심으로 축하드립니다, <br>늘 웃는일만 가득하시고 행복하시길 바랍니다!",False,,0.0,0
@배현수-y3c,경훈이가 마지막에 신부에게 불러주는 노래에 신부에 대한 마음에 모두 담긴거 같네..ㅎㅎ,False,,0.0,0
@yesyes-od9mf,남자인 내가 봐도 뭔가 눈물나려고 하네 쌈자형 잘살아요!!! 남자들의 노래방 아이콘❤,False,,0.0,0
@김세연-r5q,나  아형 재방보면서 울었다 ㅠ,False,,0.0,0
@Sbxbqm1234,민경훈 가수의 저 진실한 진심인 표정에 눈물이 나네요.,False,,0.0,0
@Kalen9709,🎊BEST WISHES &amp; CONGRATULATIONS ON YOUR MARRIAGE❕🎊🍾🥳❤💍❤,False,,0.0,0
@user-jr8gj2yw,너무 진심인 팀원들의 응원에 눈물이 안날수 없었네요~ 행복하게 사세요~^^,False,,0.0,0
@정군자-u7f,아형에 민경훈님 결혼 진심 추카추카드립니다,False,,0.0,0
@flossom_objet,아형님들 축가 완전 감동적이였어요. 모두의 마음이 고스란히 느껴집니다. <br>이수근님의 개그 진짜 넘 웃기고 신랑님께 마무리를 할수있게 해준 왕 센스 무엇 진짜 예능 천재들임 🎉🎉🎉,False,,0.0,0
@jackyi3472,민경훈 마이크받아서 축가하는데 완전 울컥하게하네 ㅠㅠ 와우 정말 축하드립니다 진심 행복하세요 두분 ^^,False,,0.0,0
@하늘의구름다리,"아형 이 멤버 그대로 결혼식 사회와 축가로 다녀도 인기 폭발하겠는데,,,  사회서 부터 축가까지 장중을 화기애애 하게 잘 이끌고 웃음과 감동까지 폭발시킨 멋진 결혼식이었음.",False,,0.0,0
@나무별-g5q,희철님 ㅎ  사회 넘 잘보시네요  ㅎ 살짝 긴장한듯 한데 ㅎ<br>이수근님   재치있는 개그맨 인정  ㅎ,False,,0.0,0
@Cyuuu04,아진짜 눈물이😭😭😭😭,False,,0.0,0
@nayeonkim6115,결혼식 너무 아름답네요<br>행복하세요 🎉,False,,0.0,0
@축구하면호날두,지금까지 본 연예인결혼식중 젤 눈물나ㅜㅜ<br>경후니가 가는구나 흑흑흑<br>신부님 우리경후니 꼭 꼭 꼭 잘챙겨주시고 이뻐해주세요😅<br>행복하세요❤ 내인생 최고의 가수ing,False,,0.0,0
@조재현-e6m,진짜 레전드 결혼식🎉,False,,0.0,0
@Jamini2341,"긴장했을 신랑 위해 중간중간 장난쳐주는 유머러스한 형님들🥹ㅋㅋ첫 소절은 신동이 부를 것처럼 하더니, 뒤에서 등장하는 희철이한테 토스~수근형님의 두성 마이크ㅋㅋ 트리오의 찰떡 코러스, 그리고 마지막은 우리 원곡자 쌈자!!!! 👍",False,,0.0,0
@lalainaramarivelo,형 진심으로 축하해요 Be blessed and be happy my Bro~~,False,,0.0,0
@Jhka-u2t,내중딩때우상 경훈이형 결혼추카해.<br>버즈노래만 얼마나불렀는지몰라,False,,0.0,0
@user-uuwls7fjsk5,버즈세대라서 아는오빠 장가가는것 같네,False,,0.0,0
@김링링-j3y,앞으로도 좋은노래 들려주시고 결혼축하드립니다 두분행복하세요😊,False,,0.0,0
@Ellyhi,아 눈물나 ㅋㅋㅋㅋ당사자도 아닌데 경훈님 결혼 축하드려용🎉🎉,False,,0.0,0
@쉐보레-o6o,내 우상 경훈이형 결혼 정말 축하해요!! 저도 2주뒤에 결혼하는데 어릴적 우상이었던 형이랑 비슷한시기에 결혼하게되서 너무 좋아요!! 어릴적 좋은 추억 만들어줘서 고맙고 항상 행복하세요,False,,0.0,0
@아멘-n2n,긴장을 마니 했어.....쌈자^^ 그렇지...누구나 결혼식땐 긴장을한단다...20년전에 이미겪어봐서.ㅎ 잘부르던 노래도 목에서 안나오더라.ㅎ 축하해~~쌈자,False,,0.0,0
@이은정-m7m,두분 축하드립니다 !!!<br>김희철 사회 잘보시네요,False,,0.0,0
@별-x1c,14시간 전에 나왔는데 71만회가 넘고 인급동 3위👍🏻 모두가 기다린 듯한 ㅋㅋㅋ,False,,0.0,0
@goon3198,신랑 민경훈 축가가!!최공~,False,,0.0,0
@rollypop07,행복하세요. 경훈이형,False,,0.0,0
@전켄지,진짜 든든하겠다. 아는형님들이 뒤에 있어서,False,,0.0,0
@히연님,"축가 부분만 여러번 돌려보는중,, 너무 좋다,,, 장면이나 준비한 게 너무 잘 보이고 파트분배 완벽",False,,0.0,0
@Midnight-tf3rc,눈물나ㅠㅠ,False,,0.0,0
@기주-2,아형 단체 축가는.... 왠지  회사 부장님.차장님.과장님.대리님.등 모여서 노래방 2차 간거 같은 느낌? ㅋㅋ,False,,0.0,0
@깜찍한고먐미,진짜.... 감동적이다... 어제 보면서  저까지도.. 울컥했어요 <br>다시한번 결혼 축하드려요,False,,0.0,0
@레드-n2y,경훈이형 축하해요 ~~ 오래오래 행복하시구 노래 많이 해주세요 사랑합니다,False,,0.0,0
@DS-on2bb,"<a href=""https://www.youtube.com/watch?v=FrzrNV20KbQ&amp;t=1489"">24:49</a> 민경훈이 찐프로인 이유가 아무 준비안된채 리얼하게 마이크를 받았는데 그대로 감정이입해서 멋지게 부름",False,,0.0,0
@Kim-lj3zd,나 남잔데... 신부님 부럽기도하고 엄청 울컥함,False,,0.0,0
@vamfirem7468,목이 갔네 갔어  왜케 노래 못하냐,False,,0.0,0
@hyo91,형 잘살아야돼,False,,0.0,0
@thekoreanhoon,경훈아 겜 좋아 하면서 그냥 혼자살지 왜 결혼을 했어? 지옥에 입장한걸 축하한다~,False,,0.0,0
@bluewiishclyn,Knowing brothers and Problem Child House family 😍😍,False,,0.0,0
@시골감자-r9u,호동형님 덕분에 집중이 안되겠네요ㅋㅋ,False,,0.0,0
@안태랑-l8r,경훈군  추카추카 🎉🎉🎉🎉🎉🎉🎉🎉🎉🎉,False,,0.0,0
@디스퍼,축하드립니다 ❤❤❤<br>쌈자 행복하장❤❤❤,False,,0.0,0
@마실가자-d9v,와... 경훈이형 장가가는데 내가다 눈물이글썽이네 ㅜ 결혼축하드리고 행복하게사세요 형님 !,False,,0.0,0
@l9금-보관전용-계정-94E,"아형 멤버들이 진심으로 축하해주고 기뻐하는 거 보니, 민경훈이 얼마나 멋진 사람인지 알 수 있어.. 진짜 축하하고, 앞으로도 계속 행복하길 바랄게! ^^",False,,0.0,0
@에어-s7q,아형땜에 결혼도 다하고,False,,0.0,0
@youringgaeshung,20년을 팬이었던 사람이 가는데.. 기사 나고 기분이 이상했음. 힘든 시간 잘 이겨내고 다시 빛을 봐서 넘 좋았는데 잘생기고 착하고 노래 잘 하는 민경훈 오빠 잘 살아요&gt;&lt;,False,,0.0,0
@깡페페,낭만 합격 ㄷㄷ 빅딜 경훈,False,,0.0,0
@이신영-d2b,깬다 결혼식에 자기노래를 본인이 부른다라...조용히 식 올리게하지 아는형님이 너무했네,False,,0.0,0
@김주현-e2p5m,아형 멤버들이 많이 노력해줬네요~<br>경훈형님 축하드립니다 !!!,False,,0.0,0
@obs4481,경훈이는 웨이브있는 머리가 어울리는데..결혼축하합니다,False,,0.0,0
@백숙먹자했자나,내 청춘 그 자체가 결혼을 가는구나~~ 정말 축하드립니다~~~,False,,0.0,0
@김민호-y1q,버즈 민경훈 멋지다 !!!! ❤❤❤<br>어린시절 버즈노래 많이 좋아했어요<br>결혼 축하드립니다,False,,0.0,0
@황비홍-b3e,와... 축하축하 😂😂😂😂😂😂😂😂😂😂❤,False,,0.0,0
@용용-w6l,이렇게 기쁜일 함께 축하 할 수 있어서 좋네요. 그런 프로그램좀 많이 만들어졌으면,False,,0.0,0
@영사-l4v,결혼식날 턱주가리 흔들리면서 신랑 노래부르는거 졸라 어색하다.,False,,0.0,0
@ramilil225,축가 미쳤다 ㅠㅠ 너무 축하해요❤,False,,0.0,0
@돈키호테-d8b,다른사람은 희미하게보이게 편집하는게 대단하네요,False,,0.0,0
@kangkang4962,왜이리 노래을 못하냐 가수 맞아,False,,0.0,0
@YeoJunHo,나도 나이가 들어서 그런가 울컥하네요.,False,,0.0,0
@냄비-t5n,"<a href=""https://www.youtube.com/watch?v=FrzrNV20KbQ&amp;t=1493"">24:53</a> 민경훈땜에 코노갔다오겠습니다",False,,0.0,0
@국짐당노답,이 와중에 이수근 애드립 역시 입담이 굿이네 ㅋㅋ아내는 나말고 다른남자를몰라 ㅋㅋ,False,,0.0,0
@희푸-v3o,와 경훈이형 아들은 얼마나 잘생겼을까.. 드디어 결혼하는구나 애도 바로바로 낳아줘! 슈돌가즈아,False,,0.0,0
@hennyim,은인 첫소절 나오자마자 눈물남 ㅠㅠㅠㅠ<br>민경훈 볼려고 아형보기 시작했는데 나도 모르는사이 정들어버림 ㅠㅠ,False,,0.0,0
@희푸-v3o,쌈자형 사랑해❤❤❤❤ 결혼추갛해❤❤❤🎉,False,,0.0,0
@희푸-v3o,너무,False,,0.0,0
@ghwq-w3w,"<a href=""https://www.youtube.com/watch?v=FrzrNV20KbQ&amp;t=264"">4:24</a> 최강록인줄 알았네 ㅋㅋㅋㅋㅋㅋㅋㅋ",False,,0.0,0
@체크안성탕면,25년전 민경훈이랑 누가결혼할까...하면서 온갖 싸이월드 gif짤 개씹이었느데.. 이렇게 가는구나..,False,,0.0,0
@Darby808,"<a href=""https://www.youtube.com/watch?v=FrzrNV20KbQ&amp;t=1250"">20:50</a> 이렇게 보여 줄꺼면서 여자 얼굴은 왜 가리는거임?",False,,0.0,0
@체크안성탕면,막판에 확실히 이수근이 짬밥개씹이라 그 MR을 딱 간결하게 맞춰서 루즈하지않게 딱 멘트하고 적절한타이밍에 마이크 민경훈한테 딱넘기네,False,,0.0,0
@송아지-x4i,울컥 울컥 했음 행복하길 바랄께요❤,False,,0.0,0
@hennyim,"쌈자오빠 내 가!슴이야아~ 할때  카메라 돌아가면서 신부님 목소리 잡힌거 같은데 너무 귀여우심 ㅠㅠ<br><br>멀리서 봐도 웃는모습 너무 예쁘고 사랑스러우신게 보임 ㅠㅠ 나중에 예능에 같이나와서 행복하게 사는 모습도 보고싶다,,,,",False,,0.0,0
@BTSARMY-fr2cd,남의 결혼식 영상을 몇번을 보는건지 모르겠다.. 울컥울컥 주책맞게... 정말정말 겉만 번지르르한 결혼식말고 짐심을 다해 축하해주는 이런 멋진 결혼식 오랜만이네... 하객만 많다고 멋진 결혼식이 아니라는걸 뼈져리게 느낀다.<br>이 부부는 정말정말 행복하게 잘 살것같다❤ 민경훈 눈에 꿀이 뚝뚝😊 연예인 결혼식에 처음으로 진심으로 축하합니다🎉,False,,0.0,0
@행쇼v,서장훈님 축의금 얼마냈을지 궁금해여,False,,0.0,0
@킴시엘,민경훈씨 긴장되고 진심어린 눈으로 노래부르는 모습과 아는형님들이 남자를 몰라 부를때 뭉클했네요 <br>연예인 결혼식 보고 눈물나긴 처음 ㄷㄷ,False,,0.0,0
@믿음소망사랑-b9k,축가 너무 소오름 멋잇어..ㅜㅜ,False,,0.0,0
@동그리니-x4e,너무 감동적인 결혼식ㅠㅠㅠㅠㅠㅠㅠㅠㅠ영상 보고 바로 풀버전 순삭ㅠㅠㅠㅠ❤,False,,0.0,0
@addio5886,내 20대 초반 그 시절은 그냥 버즈였다 최고의 밴드 가수가 같이 나이들어 결혼하는거 보니 괜히 울컥하고 눈물나네요<br>돌아오지 않을 그 시절이 그리운건지..갱년기인지...<br><br>결혼 너무 축하합니다,False,,0.0,0
@연-g2m,몇번을 보고 또 보는지 봐도 봐도 흐뭇 울컥 감동.. 이네요,False,,0.0,0
@김영옥-m7e,화려하지 않고 깔끔한결혹식 보기 좋아요 잘 사세요,False,,0.0,0
@토드-g5b,하 쌈자 ㅜㅜ 너무 축하해요,False,,0.0,0
@ovoo.oo_o,축가에서 눈물 ㅠㅠ 행복하게 오래오래 잘 사세요❤,False,,0.0,0
@JousungKim-ji6hz,나는 2번이들이 참 좋아요<br>2번들 지뤼네 ~,False,,0.0,0
@이명란-c2j,모냐 남 결혼식에서 내가 왜 눈물이 나는거야ㅠㅠㅠㅠ 감동이다 ㅠㅠ 두분 행복 하세요 !!,False,,0.0,0
@yoling-1004,민경훈 아는형들에겐 동생이지만 배울점 많은 동생같음. 바르고 깨끗하고 착하고 최고같음,False,,0.0,0
@YR-lx7jf,"<a href=""https://www.youtube.com/watch?v=FrzrNV20KbQ&amp;t=1494"">24:54</a> 민경훈은 이 날을 위해서 남자를 몰라를 20년 불렀나보다 너무 멋있고 결혼 축하해요",False,,0.0,0
@윤기성-v2b,"<a href=""https://www.youtube.com/watch?v=FrzrNV20KbQ&amp;t=852"">14:12</a> 호동형님 혀날름 ㄷㄷ... 김영철은 눈치 없는게 매력이긴할테지만 가끔은 답답함 진짜 한대 맞을거같은 느낌",False,,0.0,0
@리소울,갉슴이야?,False,,0.0,0
@이브이-c1c,며칠전 식장까지 다잡고 사랑했던 사람과 파혼했는데.. 행복해보이셔서 부럽습니다 라면먹으면서 티비보는 제가 처량하더라구요 그러나 저도 다시 민경훈씨처럼 행복해질겁니다 축하드려요!,False,,0.0,0
@하하히히-j6g,두분 진짜 너무너무너무 잘어울려요 잘사세요,False,,0.0,0
@younchoi3316,아형 축가 부르는 모습이 내가 다 눈물이 나는지 😭 울컥,False,,0.0,0
@seungjin85,축하드려요,False,,0.0,0
@최연희-u4n,두분행복하세요~~~^^♡♡♡,False,,0.0,0
@산다라수,행복행복 많이많이 하세요,False,,0.0,0
@잇프피다요,아형을 10년동안 버즈를 알게 된지 19년이 넘은거 같네요. 경훈이형 결혼 너무너무 축하드려요!!! 정말 정말루! 아형 이 결혼 장면을 보면서 저도 모르게 감동에 눈물이 나도라구요 ㅎㅎㅎ,False,,0.0,0
@rock8261,이영상 끝나기 직전에 나오는 버즈노래 제목 아시는분~~~,False,,0.0,0
@ep-gp,은인,True,@rock8261,1.0,0
@charlespark180,조세호는 왜 안옴?,False,,0.0,0
@domkim3562,ㅋㅋㅋ 중딩때 불르던 노래가 캬 시간 빠르다.,False,,0.0,0
@클로버-t8z,축하드립니다 🎉🎉🎉🎉🎉,False,,0.0,0
@귀여우면_다_좋아,"<a href=""https://www.youtube.com/watch?v=FrzrNV20KbQ&amp;t=1495"">24:55</a> 재밋게 보다가 경훈님 노래하는거 보고 순간 내가 눈물이 확남.",False,,0.0,0
@byeongukjeon967,같은 마이크 맞어?<br>민경훈이 부르니까 <br>그냥 노래가 되네ㅋ <br>울컥하네 ㅜㅜ,False,,0.0,0
@totorose6146,내가 본 민경훈 라이브중에 제일 못불렀는데 <br>멋지기누제일 멋지네<br>수많은 무대의 프로가수도<br>결혼식 떨림은 어쩔 수 없나보네 ㅋㅋ,False,,0.0,0
@psymusey791,축하드려요😂,False,,0.0,0
@Younghyun-0920,잘가 우리형,False,,0.0,0
@하블리-u7y,김희철 노래  왜이리 잘해요? 깜짝 놀랬네요🎉🎉🎉,False,,0.0,0
@sinsookpark6576,축하!! 아는형님팀 의리있고 최고네,False,,0.0,0
@지숙박-k7p,아 이수근 축가 마이크올리는거땜에 빵터짐요~ㅋㅋㅋ<br>경훈씨 행복하세요!^^<br>아는형님 최고❤,False,,0.0,0
@yaahoo502,이진호는 안 낸 축의금으로 베팅?,False,,0.0,0
@bhk7438,아형이 한거중에 젤 재밌고 젤 촬영을 잘한거같다..,False,,0.0,0
@winsq1460,신랑 민경훈과 신부 결혼 진심으로 축하드립니다. ^^,False,,0.0,0
@스포해안해,민경훈 님 결혼 축하합니다! 이거 본방으로 봤는데 아내 분 똑똑하시고 착한 듯 여자 잘 만났네요👍,False,,0.0,0
@권장원-b1n,제 학창시절 노래방을 가면 <br>남녀 가릴것없이 모두가 버즈였습니다..<br>초딩때 버즈1집 라디오로 듣던 때가 떠오르네요 ㅠㅠ 20년도 지났는데 아직도 노래만큼은 <br>그 시절을 떠오르게 하네요<br>오빠.. 잘살아야해요❤️❤️,False,,0.0,0
@younghoonkim9199,"보기 좋네요.<br>동료들의 축가로 분위기 올라가고, 두분<br>행복하세요~",False,,0.0,0
@김봄눈이,와 눈물 .. 나려고 하네여😢😢😂😂 감동이예요 축하드립니다,False,,0.0,0
@premiummango23,민경훈님 울컥 해서 ㅋ 목이 잠겼네요 ㅋ,False,,0.0,0
