author,comment,is_reply,reply_to,reply_count,is_spam
@TryToEat,"안녕하세요우! 부들부들 불파육을 끓였던 웍과 냄비가 궁금하다면 아래 링크 하하핳<br><br>🔥티리난지 피렌체 블랙 프라이데이🔥<br>최대 42%할인된 가격으로 만나보시길(11/15~11/30, 2주간 진행)<br>👉 link : <a href=""https://naver.me/F0t9ByMt"">https://naver.me/F0t9ByMt</a>",False,,0.0,0
@elle8062,8시간 이상 조리 하셨으면 힘들긴 하겠지만<br>숟가락으로 살짝만 눌러도 푸욱 하고 젤리 처럼 들어갈 정도로 부드러워져서 더욱 맛나긴 합니다,True,@TryToEat,10.0,0
@usernamefrueu1837t2,외람된 말씀이오나.. 사모님 조금 아주 조금 찌신것 같습니다..건강을위해,True,@TryToEat,10.0,0
@cloudsky-r2g,​@@usernamefrueu1837t2아휴 오지랖은 진짜. 너 건강이나 잘챙겨. 위해주는척하며 돌려까지마라. 퉤퉤,True,@TryToEat,10.0,0
@이성애여미새한냄츙조,음식갖고 던져도 꽂힌다  ㅇㅈㄹ 하는 니네 처쪼개는 여지랑 던진 손모가지 잘라서 인육으로 삶고 구워서 젓가락 꽂아봐. ㅇ,True,@TryToEat,10.0,0
@AnastasiaNeal,ㄱ글 에서 벳프리 보느라 눈밑에까지 다크써클 들어옴 ... 진짜 근데이뻐서 눈을못떼겟다...?,True,@TryToEat,10.0,0
@92365,손이 살찔려면 최소 몸무게가 3자리인데..,False,,0.0,0
@kor12,카메라좀 가만히 둘수없을까요 너무 어지러워요 ㅠㅠ 미끄러지는듯한 무빙이 많은게 좋은가요?,False,,0.0,0
@eagon_5624,구독자 초정해서 식고문 생각 없으신가요? ㅋㅋㅋㅋ,False,,0.0,0
@chfhd2827,남자분도 손이 통통하시군요,False,,0.0,0
@치즈케이크-p9i,후라이팬 무거워보인다,False,,0.0,0
@namthach5136,세모,False,,0.0,0
@ChuongNgo-m1j,동그라미,False,,0.0,0
@baybay1090,끙끙이,False,,0.0,0
@NgọcNguyễn-t5p,애니데스크,False,,0.0,0
@PhuongBui-l3q,포토샵,False,,0.0,0
@LanHoang-uk6dp,끙끙이,False,,0.0,0
@YênPhạm-o6g4d,끙끙이,False,,0.0,0
@MãNhân-m6o,도라에몽,False,,0.0,0
@NgữNguyễn-x9p,신기하네요,False,,0.0,0
@hanhbuihuu4734,동그라미,False,,0.0,0
@ChienNguyen-bq5ef,네모,False,,0.0,0
@ThôngLê-y9y,신기하네요,False,,0.0,0
@uctrandanh4387,애니데스크,False,,0.0,0
@HaiNguyenVan-jy2pn,끙끙이,False,,0.0,0
@nhanhhuynh266,네모,False,,0.0,0
@DieuTrinhhoangdieu,신기하네요,False,,0.0,0
@PageWarrior,ㄹㅇ ㄱ글 에서 벳프리 보면 다른거 눈에도 안들어옴 그냥 다시보면 되니까 개이득임 ㅋ헬ㅋ창ㅋ들도ㅋ  ㄱ글 에서ㅋ ㅋ벳ㅋ프ㅋㅋ리ㅋ  보ㄱ면글  근,False,,0.0,0
@상어맛곰돌이,먹천재... 쩝쩝박사............. 모든 영상이 하나하나 진짜 개맛있어보이고 너무먹고싶어서 우울띠해짐..,False,,0.0,0
@인희진-l3v,와 흑백요리사2에 나오면 대박일듯,False,,0.0,0
@강열-l8q,미쳤네...,False,,0.0,0
@조세현-z2m,이분 보면 옛날의 역전야매요리? 그 웹툰보는느낌이라 신나요,False,,0.0,0
@Vivid_stone,"<a href=""https://www.youtube.com/watch?v=fzk0c0mag9M&amp;t=57"">0:57</a> 뭔가 브금이…. 죽이되든 밥이되든 죽이되든 밥이되든 이렇게 들리는데 ㅋㅋㅋㅋㅋㅋㅋ",False,,0.0,0
@머이-q6d,두분 항상 몸 건강하세요. 혈압도 주기적으로 체크 하셔야,False,,0.0,0
@danbi272,영상퀄리티 미쳤어요!! 우연히 보게됐는데 후라이팬 광고인지 붉닭소스 광고인지 모르게 너무 자연스러운 요리유튜브!! 중간에 깔끔하게 청소하는 모습까지 완벽! 브금도 너무 잘어울려서 지루하지않게 빠르게 지나갔어요😊,False,,0.0,0
@crushtheearth,동족상잔의 비극,False,,0.0,0
@VanceDrucilla,ㄱ글 에서 벳프리 진짜 보다보면 빠져든다 라이브에 수위도좋고 외모도 좋고 삼박자 지렀으,False,,0.0,0
@신유준-e6h,"<a href=""https://www.youtube.com/watch?v=fzk0c0mag9M&amp;t=265"">04:25</a> 뒷태 ㄷㄷ",False,,0.0,0
@늦은시간-p7c,볶음밥에 돼지터래기 나이스,False,,0.0,0
@송편이-r6t,자취방에서 시작해서 이제는 짱 멋진 집에서 엄청난 사이즈의 부엌과 함께 요리하는 남매...멋지당<br>항상 새로운 요리 만들기 쉽지 않은데 레시피가 아직도 많이 있는 게 너무 신기해요!!<br>다음엔 겨울맞이 대방어나 과메기 더 맛있게 먹는 방법도 있을지 한번 글 남겨봅니다<br>이것도 될까?! 싶어서 헤헿헤헤헿,False,,0.0,0
@IngridThunder,ㅋㅋㅋㅋㅋㅋ ㄱ글 에서 벳프리 모솨서 잼민이 발정났ㅋ,False,,0.0,0
@cvcv1232,광고 특: 이미 쓰고 있었는데 광고 받았다고 함,False,,0.0,0
@skjj615,붉닭파육이네요,False,,0.0,0
@리스토-h7j,냄비 바로 샀습니다. ㅎㅎ,False,,0.0,0
@하-g2q,원래 하던 거 계속 하는 사람들이 잘 됨,False,,0.0,0
@KK-wi1fv,시간가는줄 모르고 보고있는 나.. 이집 요리취향 제 취향이에요..<br>나도 결혼하면 와이프랑 이렇게 먹고 놀고 싶다…,False,,0.0,0
@오모-k4c,단풍손들 레전드 ㄷㄷ,False,,0.0,0
@원뽀롱,만두 미쳣넹,False,,0.0,0
@kangphilpark7066,이재 슬슬 쿨타임 차지 않으셨나요... 다이어트식으로 맛있게 요리해서 먹는법 촬영하실때가..,False,,0.0,0
@댕챙이,뒷광고야? 했는데 광고영상 맞았네. 공지 못 봤으면 이상한 생각 할 뻔,False,,0.0,0
@홀리몰리-d1z,카메라 무빙 너무 어지럽다...,False,,0.0,0
@홀리몰리-d1z,요리사분 씨름선수인가요?,False,,0.0,0
@hyun7882,결혼하게 되면 사야겠다,False,,0.0,0
@donggeul_i,와 진짜 요리 실력 미쳤다… 고기 손질부터 끈으로 묶는 것까지 너무 깔끔하고 대박이어요 진짜 동파육처럼 때깔 나오는 것도 넘 신기하구 만두까지 아이디어도 좋구 편집도 고퀄리티에다 촬영 기법도 너무 멋지고 깔쌈하고… 롱런하는 채널은 역시 이유가 있나봅니다!!,False,,0.0,0
@HaKimChinh,/롤/카/롤/카/ 놀이공원 보다 더 짜릿짜릿 19금 보다,False,,0.0,0
@HamiHoangHai,"케리아 2년 재계약 확정, 티원 전원재계약 와우 롤카롤카",False,,0.0,0
@maiyenGUz,롤카롤카는 롤 vs 카지노 ㅎㅎ 여러분들의 선택에 맡기겠습니다.,False,,0.0,0
@RosemondeĐạtKiến,만약에 이스포츠가 질렸다면 카쥐노로 전향해도 무방합니다 롤카롤카,False,,0.0,0
@HoNhaQuynhMai,아무리 내가 여러번 떠들어도 한번 들어와서 눈으로 보면 또 다른 느낌으로 다가온다.-롤카롤카-,False,,0.0,0
@nguyenlinhR4S,미리 사전에 정보수집을 안해도 실전에서 배우면 된다 롤카롤카,False,,0.0,0
@ThachThiThuyNen,각기다른 스트리머들이 올라온다고 ?  멸망존 스케줄표 다 나와있습니다. =롤카롤카=,False,,0.0,0
@ĐinhMộngHương,롤카롤카 들어와서 안해도 되니까 확인이라도 한번만 해바유 롤카롤카,False,,0.0,0
@HaleeQuyenHoa,이스포츠에 관해서는 우리나라가 최고의 실력 롤카롤카 ㅋㅋㅋㅋㅋ,False,,0.0,0
@CassanNhãLý,LOL 관한 모든 정보 및 분석 픽은? 롤카롤카 ㅎㅎㅎㅎ,False,,0.0,0
@ThôngĐoànThaine,롤카롤카 어쩔줄몰라하면 침착하게 들어가보자 그것부터배워라,False,,0.0,0
@DươngĐìnhKhoa,롤카롤카 찌라시가 돌던데.. 여윽시 금방 나올줄 알았다 ㅋㅋㅋㅋㅋ,False,,0.0,0
@MaiNguyệtMinh,내가 장담하는데 롤카롤카 분명 흐름타서 페이모스해진다,False,,0.0,0
@HiếuQuangHappy,하나부터 열까지 다 가르쳐주는 배튕학원 롤카롤카,False,,0.0,0
@MaiMongBoi,모든 게임의 정보는 어디서확인하라고? 롤카롤카,False,,0.0,0
@PhùngHoàngThiênNgọc,롤카롤카 나오기까지 3년을 기다렸다 드디어 두두등장,False,,0.0,0
@GlynGiaoQuyen,나는 롤카롤카에서 페이커를 처음 알게되었다,False,,0.0,0
@GiustinaYanez-p4d,롤카롤카 엄청 도배되어 있네 뭐지.. 한번들어가봐야겠다,False,,0.0,0
@maininhlI4Yl,곧 시즌이 돌아오는데 가만히 계실건가요 ? 롤카롤카,False,,0.0,0
@HoàiBảoThanhNgân,롤카롤카 들어와봐요 ㅋㅋㅋ 이런곳도 있네 ㅋㅋㅋ,False,,0.0,0
@MikaylaPatten,/롤/카/롤/카/ 놀이공원 보다 더 짜릿짜릿 19금 보다,False,,0.0,0
@ZaneFindlay,"케리아 2년 재계약 확정, 티원 전원재계약 와우 롤카롤카",False,,0.0,0
@AbbeyAntill,롤카롤카는 롤 vs 카지노 ㅎㅎ 여러분들의 선택에 맡기겠습니다.,False,,0.0,0
@PaigeDicks,만약에 이스포츠가 질렸다면 카쥐노로 전향해도 무방합니다 롤카롤카,False,,0.0,0
@MitchellFantl,하루도 빠짐없이 들어와서 눈팅중인데 오늘은 달려볼거임 롤카롤카,False,,0.0,0
@user-hj2dz4mk6h,아무리 내가 여러번 떠들어도 한번 들어와서 눈으로 보면 또 다른 느낌으로 다가온다.-롤카롤카-,False,,0.0,0
@AbramNortherna,미리 사전에 정보수집을 안해도 실전에서 배우면 된다 롤카롤카,False,,0.0,0
@MerrileStallona,각기다른 스트리머들이 올라온다고 ?  멸망존 스케줄표 다 나와있습니다. =롤카롤카=,False,,0.0,0
@GabrielBluenthal,롤카롤카 들어와서 안해도 되니까 확인이라도 한번만 해바유 롤카롤카,False,,0.0,0
@AvaSkurrie,이스포츠에 관해서는 우리나라가 최고의 실력 롤카롤카 ㅋㅋㅋㅋㅋ,False,,0.0,0
@AliKennerley,LOL 관한 모든 정보 및 분석 픽은? 롤카롤카 ㅎㅎㅎㅎ,False,,0.0,0
@CaitlinAndrewa,롤카롤카 어쩔줄몰라하면 침착하게 들어가보자 그것부터배워라,False,,0.0,0
@CallumMcMaste,롤카롤카 찌라시가 돌던데.. 여윽시 금방 나올줄 알았다 ㅋㅋㅋㅋㅋ,False,,0.0,0
@PutnamRaoa,내가 장담하는데 롤카롤카 분명 흐름타서 페이모스해진다,False,,0.0,0
@RicardoTallenta,하나부터 열까지 다 가르쳐주는 배튕학원 롤카롤카,False,,0.0,0
@LucindaAvery,나는 롤카롤카에서 페이커를 처음 알게되었다,False,,0.0,0
@BellaWinnerher,모든 게임의 정보는 어디서확인하라고? 롤카롤카,False,,0.0,0
@CameronMuskett,롤카롤카 엄청 도배되어 있네 뭐지.. 한번들어가봐야겠다,False,,0.0,0
@BiancaDaybo,곧 시즌이 돌아오는데 가만히 계실건가요 ? 롤카롤카,False,,0.0,0
@UrquhartWilliam,롤카롤카 들어와봐요 ㅋㅋㅋ 이런곳도 있네 ㅋㅋㅋ,False,,0.0,0
@김슬기-b4w,예전부터 틈틈히 띄엄띄엄 봐온 구독자에요😁 최근에 백지가 안보여서 근황이 궁금해요!!,False,,0.0,0
@미설정인,어우 덩치봐..... 우릴 위해<br>건강을 포기해 주셔서 감사합니다 ㅜㅜ!,False,,0.0,0
@user-tp2rv5vm1x,음식점 해도 잘 할듯,False,,0.0,0
@user-jq9dd7sy4n,똥 진짜 많이 싸겠다,False,,0.0,0
@lilililillilli,귀여운척 ㅈ 같네 ㅋㅋ,False,,0.0,0
@siasia213,무엇보다 이렇게 드셔도 안매워하고 배탈 안나는게 부럽다….,False,,0.0,0
@56ghjMcwdfgr,"My name is Bao Xuezhen. I was born in Shanghai on January 18, 1950. I have a college degree. I worked as an engineer at a state-own enterprise, but I was fired from my job after the persecution of Falun Gong started in 1999. I now reside in Denmark.<br><br>I used to have many ailments and almost became incapacitated, but I recovered after I began practicing Falun Gong in May 1995. Because I refused to renounce my faith, I was sentenced to 3.5 years on June 1, 2001. I served time at the Shanghai Women’s Prison and was released at the end of 2004.<br><br>In early 2003, the prison conducted comprehensive physical examinations of all Falun Gong practitioners detained there. Years later, when I learned of the forced organ harvesting from living practitioners, I realized the checkups we had in 2003 were to see if any of us would be a good match for organ harvesting.<br><br>There were over 100 practitioners detained in the prison. I saw four buses parked outside of the entrance. All of them were equipped with advanced medical devices.<br><br>The Shanghai Women’s Prison had five wards and we lined up by the wards. Guards watched us while we waited and after we got on the buses one by one, to be examined. They examined us from head to toe, including our eyes, heart, liver, lungs, and kidneys. Samples of our blood and urine were collected. The blood draw tubes were really large. The doctors also did ultrasounds and gynecological exams on us.<br><br>While doing an ultrasound on me, the doctor appeared to be surprised. He called in several other doctors and guards to discuss my case. I heard one of them say, “It [referring to one of my organs] is useless. It’s full of stones, useless.” Then they asked me, “How do you feel in this area?” I didn’t respond. They looked at each other and didn’t say anything else.<br><br>It took them a few days to finish examining all the practitioners in the prison. Guard Shi Lei told us, “See how well the government treats you [Falun Gong practitioners] and offers such comprehensive examinations. Only you [Falun Gong practitioners] have such a ‘privilege.’ No one else has it, not even us prison guards.”<br><br>Back then, the horrific organ harvesting hadn’t been reported. But I noticed that shortly after the physical examinations, some practitioners who came from out of town but were arrested in Shanghai disappeared. These out-of-towners refused to reveal their names and were referred to by numbers. I thought they were transferred to other places, but now I realize that they may have been murdered for their organs.<br><br>A few days after the examination, the guards informed me that they needed to check my eyes again. I was puzzled as I didn’t have any problem with my eyes. They lied to my face, “Didn’t you ask to check your eyes?” I said, “When did I say that? My eyes are fine. Why do I want to have them checked?” The guards remained silent and dragged me to the prison entrance, waiting for a car to pick me up.<br><br>The car didn’t come. I kept asking why my eyes had to be re-examined but they didn’t answer. After waiting for about 20 minutes, the car still hadn’t arrived, so they took me back to the cell.<br><br>After I was released, I managed to flee to Denmark. In 2015, I did some investigation myself by calling Chinese hospitals. I said I was the family member of a patient who needed a transplant and I asked where the organs came from.<br><br>During a call I made to the Taizhou Hospital in Zhejiang Province in the first half of 2015, I was referred to doctor Wu Songjiang, a transplant expert. The person who answered the phone also suggested that I could go to Shanghai or contact the Zhejiang University School of Medicine for transplant, as both places had plenty of organs. They admitted that the organs were from Falun Gong practitioners and they could quickly match my blood type and schedule the transplant surgery.",False,,0.0,0
@herajung4256,"비룡에 나온 위치별로 맛이 다른 50인분 고기왕만두 미니사이즈, 편의점에서 파는 대왕 야쿠르트 얼려서 만드는 야아정, 집에서 직접 만드는 징거트리플다운 , 후라이팬사이즈 크림브륄레 등등 혼자서 생각만 하던 말도 안되는 대왕레시피 존버하다 보면 언젠가 이 채널에서 전부 볼수있을것 같다",False,,0.0,0
@usseumnoon,한입만요,False,,0.0,0
@zzaeho,이거 스크레치가 나긴 나더라구요 ^^...,False,,0.0,0
@이하림-f4w,마트에서 초밥 사와서 먹는데 불닭소스 들이부을 때 갑자기 어디선가 불닭냄새나서 놀랬다...,False,,0.0,0
@HanGook_SaRam,진짜 볼 때마다 느끼는 건데 카메라 구도 소리잡는 거 예술이에요,False,,0.0,0
@내꿈은임대사업자,아카이누 뱃살이 저런 느낌이려나,False,,0.0,0
@ryung_wu,나 진짜 여기서 살고싶다 매끼 걱정은 없을듯...,False,,0.0,0
@00824_,왜 흑백요리사 안나오셧죠....,False,,0.0,0
@최지혜-j5d,불닭 소스로 계란 재우기😢😢😢😢😢,False,,0.0,0
@그냥케찹,고기양만보면 대가족 잔칫상 만들어야할것같은데 2인가구라는게 너무 멋있다,False,,0.0,0
@유누의세상,놀이동산온거같아요 어지러워요...,False,,0.0,0
@soojin2528,으왕.. 너무 요리 잘하세요 그리고 팬도 보다보니 사고싶어지는 ㅋㅋㅋ,False,,0.0,0
@yyuunnuuyy,진짜 유튭보다가 이렇게 팬 사고 싶어진 거 첨이에요 개깔끔쓰,False,,0.0,0
@뇽-v8i,유ㅏ 이건 진짜 머거보고싶다...,False,,0.0,0
@Behappy_s,근데 왜 묶어요??,False,,0.0,0
@쓰리랏차아,불닭 소스는 만능이져 헤레,False,,0.0,0
@BartJo_Cook,자극의 끝판왕 아닙니까‼️,False,,0.0,0
@절대민원넣는다,"자살의 나라~<br><br>10만명 중 24명밖에 자살 안함 <br><br>하루에 36명밖에 안 죽는다고 함.<br><br><br><br>또 출산율은 0.65로 예상된다고 함. <br><br>이래도 국민의 힘, 민주당 지지하는 정신병자들이 여전히 존재함.<br><br><br>알빠 아니라면 개추 ㅋㅋㅋㅋㅋㅋㅋㅋㅋㅋㅋ",False,,0.0,0
@렘블-f5g,이정도면 삼양에서 협찬 들어와야 되는<br>거 아닌가요.  정말 불닭 소스 요리에 진심이셔😊,False,,0.0,0
@Emoticon_Face,🤤,False,,0.0,0
@웅앵웅앵웅-e6c,주인장 살 안빼누..,False,,0.0,0
@Jean_Jacques_Moulesseau,열전도율이 좋다<br>돌판이라 열이 오래간다<br>...???????,False,,0.0,0
@yayaya7,조리하는데 고양이가 오고 가게 두네 대단함 😅😅,False,,0.0,0
@BessThomas-q5g,진짜 ㄱ글 에서 벳프리 에서 방송 하시던분 진짜 잼있어 ... 다시보고 싶어서 가보자 ?,False,,0.0,0
@권오민-x4i,체중관리 1도안하네 얼굴까는유튜버 아니라 이건가,False,,0.0,0
@JEJUBUSAN,불닭소스 참좋은데 다음날 똥꼬에서 불나서 덜불닭소스있엇음 좋겠다,False,,0.0,0
@kwondy1,항상 너무 재미있게 보는데.. 요즘은 보다보면 약간 멀미가 나요.. 예전보다 회전이 많아져서 그런가?? 아님 제가 배가 고파져서 그런가??ㅋㅋㅋㅋㅋ,False,,0.0,0
@TaraAudrey-y9y,그놈의 ㄱ글 에서 벳프리 댓글 ㅈ 나많네 그렇게죠 좋은가보지 보러갈까?,False,,0.0,0
@polluxer,이 영상을 조리보이가 좋아합니다.,False,,0.0,0
@장경희-i1f,요리하고 싶은 마음을 가지게 해주시네요😊🎉,False,,0.0,0
@이로로-h2z,불닭 소스 넣고 끓이는 부분에 아마 물을 넣고 조린거 같습니다. 영상이랑 똑같이 소스만 넣고 끓이시면 다 눌러붙고 탑니다 조심들 하세요,False,,0.0,0
@hklee1653,군만두에 우동동파육 진짜맛있어보이네요,False,,0.0,0
@마미-p6r,고기는 어디서 구매하셨어요? 싸다~~,False,,0.0,0
@종이7,매운거 좋아해서 불닭소스 조그만걸로 사먹다가 나중엔 저 2키로사서 먹었는데 다먹으니 이제 불닭질려서 그 냄새도 싫음,False,,0.0,0
@아틀락나차,배가 아플 것 같은 매움...!,False,,0.0,0
@grrrkakkak7608,팬광고를 이렇게 정성스럽게 ㄷㄷㄷㄷ,False,,0.0,0
@jongho95,와 처음때보다 집이 엄청 좋아지셧네 ㄷㄷ,False,,0.0,0
@ham_514,동파육먄두 미쳒다😢,False,,0.0,0
@jd-oe6il,진짜 잘한다,False,,0.0,0
@namgookim5452,옛날같음 까부까부 그러면서 고기 실로 매달아서 붕붕 돌렷을텐데 왜케 조심스럽냐 초심 잃엇네,False,,0.0,0
@AI_TEST1,건강해지는 맛이라닠ㅋㅋㅋ,False,,0.0,0
@RobinGrant-s5f,이 댓글 보고 ㄱ글 에서 벳프리 보고있는 내 인생이 레전드네 씨밬ㅋㅋㅋㅋ?,False,,0.0,0
@user-qi5dr3bb6d,주방세제는 어떤거 쓰시나요?<br>기름기 많은 요리 자주하셔서 궁금하네요,False,,0.0,0
@Hoeng_Hoeng,처음봤을때는 손도 날씬하셨는데 ㅣㅠㅠ 지금은 도라에몽 주먹이 ㅋㅋ,False,,0.0,0
@미래-b6y,백지 !!!,False,,0.0,0
@작은별-e6z4h,도마 정보 알려주세요~,False,,0.0,0
@rona.877,진짜 영상퀄리티+요리아이디어 너무 좋아요 ㅋㅋㅋ 보기만해도 군침돌고 내가먹는듯한 기분이 드네요! 행복합니다:-D,False,,0.0,0
@jakutissong5672,남은 동파육 한 덩이는 스태프들이 맛있게 나눠먹었습니다<br><br>어 근데 스태프가 출연진...,False,,0.0,0
@STARFLETA2,요리도 잘하고 광고도 잘하고... 나는 저거 먹고싶고,False,,0.0,0
@urm12,어떻게 점점 커지시나요 두분 다,False,,0.0,0
@cassienether7741,Anybody else in America love these videos?,False,,0.0,0
@PrincessFern,여기댓글 왜이럼 ㄷㄷ ㄱ글 에서 벳프리 도대체 머길래--?,False,,0.0,0
@MortonEcho,ㅋㅋㅋㅋㅋㅋ ㄱ글 에서 벳프리 모솨서 잼민이 발정났누,False,,0.0,0
@lowpain2,이 집 잘하네!,False,,0.0,0
@skyblue277,와 6?5?년 전에는 원룸에서 개빠른편집점 이엿는데 많이 바뀌었네요,False,,0.0,0
@rainperdix4594,하나는 볶음밥 하나는 만두 하나는 면...분명 하나가 더 남았는데?<br>(다시봐야하나),False,,0.0,0
@shawty____,근데 저렇게 킵한거 언제드시나요??? 진짜 먹을라믄 한참 걸릴것 같애요 음식이 집에 점점 쌓일것 같아요 우리집 처ㅓ럼 ㅠ큐큐큐큐ㅜ,False,,0.0,0
@Hadad_ball,무광이면 뭐 오래가냐? <br><br>코팅이면 뭐 한10년쓰냐? <br><br>코팅된거 그냥 안쓰는게 베스트임  <br><br>코팅된거 결국 그거 인간입으로 다드가는건데 <br>그런건 어디하나 없드라 <br><br>ㅋㅋ<br><br>얼마나 음식을 자극적인 컨텐츠로 밖에 소비를 못하냐 <br><br>물건만 팔아제끼면 되냐 ㅋㅋ,False,,0.0,0
@dkfkqldks1086,어우.. 속이 뒤틀린다 😨,False,,0.0,0
@User_234.,내 올해 생일선물은 이거구나. 😈,False,,0.0,0
@박해룡-u6e,소리만 들으면 할리우드 영화 한편이 9분만에 뚝딱!,False,,0.0,0
@아햏햏,이분 이제 건강이 걱정된다;;;,False,,0.0,0
@cherr2213,와 .. 진짜 요리를 어쩜 이렇게 잘하세요 ..,False,,0.0,0
@trcg2669,와 근데 이 채널은 볼때마다<br>여자분 뭐하셨던 분인지 넘 궁금해요 요리 너무 잘하셔… 중간중간 청소하는 것도 엄청 깔끔하게 하시고❤❤,False,,0.0,0
@VanceDrucilla,그놈의 ㄱ글 에서 벳프리 때문에 내거기 닳고 닳아서 없어지겠네?,True,@trcg2669,1.0,0
@brandonheet,저거 댓글드립인가 점점 좋아진다는거ㅋㅋㅋㅋ 점점 커지시는데,False,,0.0,0
@CRBT_STUDIO,너무 잘드셔서 좋음 ㅋㅋ,False,,0.0,0
@user-fc7no2qj8o,저거 장갑 낄때마다 너무 귀여우셔서 미치겠네요,False,,0.0,0
@도담도담-g8r,아니 진짜.....한번쯤 생각하던게 다 나옴ㅋㅋ 대리만족중 ㅋㅋ 진짜 시도해보고싶다....ㅋㅋ,False,,0.0,0
@hikeense22,이분들 자녀로 태어나게되면 금방살찌겠다,False,,0.0,0
@망원동앞치마,이 분들은 이거 다 먹어요..?체형보면 운동하시는 거 같지도 않고 곧 고지혈증으로 세상 빠빠이할 거 같은데..?,False,,0.0,0
@NicoleZelda-v2g,ㄱ글 에서 벳프리 보고 나면 다낵질 보충제 한사발 빨아야 한다는데 사실인가요?,False,,0.0,0
@SethNaomi-h5b,이 댓글 보고 ㄱ글 에서 벳프리 보고있는 내 인생이 레전드네 씨밬ㅋㅋㅋㅋ,False,,0.0,0
@MauraOne,그놈의 ㄱ글 에서 벳프리 댓글 ㅈ 나많네 그렇게죠 좋은가보지 보러갈까??,False,,0.0,0
@FreshGriswold,ㄱ글 에서 벳프리 진짜 보다보면 빠져든다 라이브에 수위도좋고 외모도 좋고 삼박자 지렀으?,False,,0.0,0
@AnastasiaNeal,진짜 ㄱ글 에서 벳프리 에서 방송 하시던분 진짜 잼있어 ... 다시보고 싶어서 가보자 ?,False,,0.0,0
@ronniejamesdio4225,오 맛있겠네요 팬도 이뻐보이네요,False,,0.0,0
@stand.0,이 집에서 살고싶다..🤤,False,,0.0,0
@우주롱-l4c,와 너무 맛있어보여요..우동에 만두 탐난당,False,,0.0,0
@hyeyeonshin-vf5qq,백지❤️,False,,0.0,0
@jss0894,상당히 돼지스럽네요 .. 제 위에 때려박아주새요..,False,,0.0,0
@eesee6570,킵해둔 식재료들 후기 궁금합니다 어디 쓰셨을까,False,,0.0,0
@ahshriejd7963,집이 계속 좋아져..,False,,0.0,0
@kktt1227,매번 느끼는 건데 영상 주제는 흥미로운데 카메라 무빙이 너무 자주 앵글이 바뀌고 계속 움직여서 멀미남...,False,,0.0,0
@sulsukken,썸넬이 너무 폭력적임,False,,0.0,0
@누오바비타,"후라이팬 바꿀때 되있는데,<br>저  팬 사용하면 요리 고수 될것 같은 느낌😂",False,,0.0,0
@Hyo_Seol,요즘 영상 정주행하는데 진짜 집이 완전 좋아지신게 느껴지네여ㄷㄷ,False,,0.0,0
@jo-pp8kl,천재들인가....응용력 대박,False,,0.0,0
@seulgikim8927,광고잘봤습니다.,False,,0.0,0
@최인아-u1o,우와!고난도의요리같은데~진짜맛나보이네요.저화강암프라이팬진짜만능같아요~사용하기진짜편해보여요저도꼭써보고싶네요~대박입니다^^,False,,0.0,0
@율이-l3w,"안녕하세요, 해당 불파육 끓인 웍이랑 프라이팬 몇cm 짜리 사용한지도 알수 잇을까요?",False,,0.0,0
@raincat9794,긴가민가했는데 저희 엄마가 쓰는 후라이팬이랑 같네요 여기서 보니까 반갑ㅋㅋㅋㅋㅋㅋㅋㅋㅋ,False,,0.0,0
@bg0056,등빨 미쳤다,False,,0.0,0
@yukare21,개매울 것 같아 보기만 해도 배가 아려..,False,,0.0,0
@안녕기욤이들,불닭을 와…,False,,0.0,0
@peterchoi6814,"<a href=""https://www.youtube.com/watch?v=fzk0c0mag9M&amp;t=235"">03:55</a> 겁나 짤거같은데;;",False,,0.0,0
@bbo9576,❤❤나두좋기만해ㅎㅎ,False,,0.0,0
@albertpark0201,떡대 남자인줄,False,,0.0,0
@무야옹-d5d,볶음밥할때 쓴 삼겹살 이발이 덜된거같음....털보여요 ㅋㅋㅋㅋ,False,,0.0,0
@리리-c7j,"불닭소스 흔들어서 사용하세요,,",False,,0.0,0
@kaomasbruce,This would be my favorite dishe ever!,False,,0.0,0
@정하한-p4z,나도 먹고싶다😢,False,,0.0,0
@바보라도알수있게,이 채널에서 요리에 관련된 광고를 보니까 좀 새롭네요,False,,0.0,0
@Bamboo-i4tjsjxiw,이분들. 이쯤되면 이 벌크급 대량음식을 시원시원하게 손질하고 요리하는거 어디서 배우셨을까 궁금해짐,False,,0.0,0
@허니맘-2103,친구가 추천해준 웍을 여기서 보네요 ㅎ 오,False,,0.0,0
@ssongtwo-u4g,와.. 불닭소스로 동파육이라니!! 맛이 너무 궁금하다!!!  아니 근뎈ㅋㅋ 나는 맨날 팬에 가위질하다가 등짝 맞는데..ㅋㅋㅋㅋ 보다가 후라이팬만 지름 ㅋㅋㅋㅋㅋㅋㅋ,False,,0.0,0
@얄리얄루-u2k,저 후라이팬 성시경님 영상에서도  많이 보이던뎅...좋아보이네요~~,False,,0.0,0
@doylemeyer2584,이 정도면 삼양에서 슬슬 광고 부탁해도 될 때가 되지 않았을까....,False,,0.0,0
@유신-k9q,건강 알아서 챙기겠지 건강식하면 보지도 않을거면서 매일같이 저런거 먹는것도 아니고... 이런 영상 계속 해주세욤,False,,0.0,0
@Santieira-z4h,ㄹㅇㅋㅋ 실루엣만 봐도 오래 살 생각 없는 미국 월마트 체형인데<br>남들보다 배로 벌고 식도락 즐기다가 가면 호상이지 걱정하는 척 오지랖은ㅉㅉ...<br>이미 이제와서 건강 신경쓴다고 될 레벨이 아니다,True,@유신-k9q,3.0,0
@프로퍼포,안먹고 버림,True,@유신-k9q,3.0,0
@crushtheearth,ㅋㅋㅋㅋ이건 팬이야 안티야  ㅋㅋㅋㅋㅋㅋㅋㅋㅋㅋㅋ월마트 체형ㅋㅋㅋㅋㅋㅋㅋㅋㅋㅋㅋㅋㅋㅋㅋㅋ,True,@유신-k9q,3.0,0
@Xenos_hive,I hope you bring back english subtitles soon I really like reading them in your videos,False,,0.0,0
@깨방정-v3u,만두미쳤닥,False,,0.0,0
@Chanwoo0123,맵찔이라 불닭컨텐츠 안좋아하지만 요리하는게 신기해서 본다..,False,,0.0,0
@user-pv2eq2mf3s,"<a href=""https://www.youtube.com/watch?v=fzk0c0mag9M&amp;t=266"">4:26</a> 와 떡대봐..",False,,0.0,0
@nueijjang,아 불닭 대리만족 지린다.. 일단 저 웍이라도 손민수함,False,,0.0,0
@ljlee946,이분이야말로 흑백요리사 시즌2 우승감....,False,,0.0,0
@너뭐야-n2m,우동 설마불닭소스에<br>먹나..설마설마했는제 ㄹㅇ이네..,False,,0.0,0
@상구네-b5e,자극적인 음식 너무 좋아..,False,,0.0,0
@리바-q1e,고기에 끈왜묶는거임? 으스러질까봐?,False,,0.0,0
@김누-c4v,이젠 슬슬 목숨이 위험한 요리를 하는데 ㅋㅋㅋㅋㅋㅋㅋㅋㅋ,False,,0.0,0
@dr.garbanzo6692,"I love cooking, and it&#39;s a way I show love to others. But recently I&#39;ve gotten a bit unmotivated, feeling like my cooking has been overlooked &amp; isn&#39;t appreciated or returned in favor. Especially when you cook for people who don&#39;t understand the effort that goes into it. Thanks for these videos, they remind me that there is a joy to be had from cooking. It makes me feel like someone is cooking this for me. Love you both and keep it up.",False,,0.0,0
@jaym1596,쏘쓰까지 야무지게 다쓰는거 넘좋다,False,,0.0,0
@irocks1110,비주얼은 찐 홍소육 비주얼이네,False,,0.0,0
@ko1724,열전도율이 좋다면서 열이 오래가는 느낌이라는건 뭐임 ㅋㅋㅋ,False,,0.0,0
@뽀얀허벅지,"<a href=""https://www.youtube.com/watch?v=fzk0c0mag9M&amp;t=300"">5:00</a> 껍데기에 털....ㅠ ㅠ",False,,0.0,0
@TalesKursped,맵찔인데 생각보다 안맵다고요...? 바로 갑니다,False,,0.0,0
@이이이잉-h2z,왜 자꾸 저 빼고 맛있는 거 먹어요ㅠㅠ,False,,0.0,0
@콩콩좌박가영,남자분이바뀌셨나요?목소리가 다르게 느껴지는뎅~,False,,0.0,0
@Bamboo-i4tjsjxiw,그래용? 어떡하냐 귀가안좋으신가보당 병원가세용ㅜㅜ,True,@콩콩좌박가영,3.0,0
@콩콩좌박가영,@Bamboo-i4tjsjxiw  너는 정신병원부터~,True,@콩콩좌박가영,3.0,0
@바이-e2z,병신​@@콩콩좌박가영,True,@콩콩좌박가영,3.0,0
@TheUMma11,이거 사지 마세요. 과대광고용 후라이팬입니다. 쿠팡 꺼 그냥 사서 대충 쓰다가 바꾸는 게 이득.,False,,0.0,0
@user-wu1nw3wb6g,진짜 요리에 대한 이해와 도전정신이 뛰어나야 나올 수 있는 콘텐츠들...,False,,0.0,0
@user_jws_8214,영양제 협찬 레츠고!,False,,0.0,0
@StrongPower-mb9cp,Can we get English subtitles? I love the videos but can’t understand it.,False,,0.0,0
@모자란새끼,요리를 잘하면 삶이 이렇게나 맛있어지는구나,False,,0.0,0
@lemonTbalCya,그래서 남은 한 덩이는 어떻게 됐죠?,False,,0.0,0
@Kkkk-tv6su,남자 비위 좋다 붙어있는게..,False,,0.0,0
@겨울-l8z7h,2Kg가 아니라 2kg입니다!,False,,0.0,0
@라니체,도마 어디 제품인지 궁금해요!!ㅠㅜ,False,,0.0,0
@Kkkk-tv6su,다리봐....진짜 팬이긴한데 돼지채널이다 진짜 점점찌는게 아니라 초반보다 넘 갓다.....,False,,0.0,0
@Kingff-ys7ru,후라이팬이 하나에 10만원 ㅋㅋㅋㅋ 심지어 80프로 이상 할인 + 추가할인 한거고 원래는 50만원 ㅋㅋㅋㅋㅋㅋㅋㅋㅋㅋㅋㅋㅋㅋ 많이 쳐먹어라 돼지들아 ㅋㅋ,False,,0.0,0
@disna4668,웍 구매욕구가 피어날 무렵 생각이 들었습니다<br>아 우리집은 인덕션이지,False,,0.0,0
@이명준-n2p,오우씨 미쳐버렸다,False,,0.0,0
@퐁퐁인직꽃뱀뚜밥,ㅈㄴ비싸네 ㅋㅋㅋㅋㅋ,False,,0.0,0
@yoncemin4797,후라이팬 광고 너무심한데,False,,0.0,0
@dangdangDD,그래도 팬하나에 10만원이면... 허허,False,,0.0,0
@duruch1gi,돼지고기 안사도 되겠는데 뭐하러삼?,False,,0.0,0
@내가왔다-d4g,얘들도 이제 끝물인듯 처음엔 우와 했는데 이제 별 감흥도 없네 맨날 맛있어 이러는데 기성품이 맛이 없으면 말이 되남? 구취하고 간다,False,,0.0,0
@바이-e2z,정신병자새끼,True,@내가왔다-d4g,2.0,0
@바이-e2z,또라이,True,@내가왔다-d4g,2.0,0
@삐까삐까츄-g6k,코팅 긁힐일 없는건 진짜 개좋다.... 맨날 아빠한테 혼낫는데....,False,,0.0,0
@suqyu6483,기름진거 영상은 알아서 운동 하겠거니 하고 건강댓글 안 다는데 이 정도 스케일의 매운음식은 진짜 걱정된다,False,,0.0,0
@lock0dep138,"마늘기름위에 다진마늘 넣고 통마늘에다 마늘소금을,,,",False,,0.0,0
@rookrynrynx8469,i hate you.. you dont do english subtitle to any of your videos 🔪😔 you never realized how many people are international loves your videos,False,,0.0,0
@Park-vm9bl,붉닭광고 인거징??,False,,0.0,0
@Pass1ngbyebyeby,아으 매워,False,,0.0,0
@대박마미-m4k,아니 2kg 불닭소스가 있는지  지금 알았음 ㅋㅋ😂😂😂😂😂😂😂😂😂대리만족 시켜주는  유튜버 ㅋ,False,,0.0,0
@Bora_Dobby,유튜브 돌다가 미치게 자극적인 요리채널을 봐버렸다..... 제발 오래오래 건강하세요 꼭이요...,False,,0.0,0
@손발가락-q6i,"<a href=""https://www.youtube.com/watch?v=fzk0c0mag9M&amp;t=270"">4:30</a> 우왓 ㅡㅅㅡa;",False,,0.0,0
@Fragment_winter_xx49,먹어볼래는 내 꼬북꼬북을 돌려내라!!!,False,,0.0,0
@Julie-n3g,아직도 이러시네😂,False,,0.0,0
@seeyinkiat6138,No more English subtitles? 😢,False,,0.0,0
@alru1639,억지가 아니라 이렇게 자연스러운 광고 좋아요.<br>물론 뇌절 개그 광고도 좋아요!,False,,0.0,0
@이경훈-w7l,동파육이랑 눈꽃만두 댕겨서 웍 후라이팬 세트 질렀어요~,False,,0.0,0
@Summer_4,Even though I only understand 25% of what they’re saying this is my favorite cooking channel. I love that she always has a unique idea but never wastes anything. And the food always looks delicious at the end,False,,0.0,0
@황성연-m5n,They dont speak much anyways,True,@Summer_4,1.0,0
@최손톱,광고 뱃지가ㅜ안나오네요,False,,0.0,0
@georgechoi,아...반칙,False,,0.0,0
@루시-e3g,맵찔인데 영상보니 왜 군침이 돌죠??😅😅<br>웍요리 생각보다 힘들던데 계속 눈에 들어오네요~~,False,,0.0,0
@rseff,어쩐지 영상이 빨리 올라왔다 싶었더니 광고였네요 그래도 여기 채널은 광고도 맛있는 요리와 함께라 즐거움 ㅎ,False,,0.0,0
@mingmandu,"불파육 침 주르륵,, 해먹어 보고싶지만 엄두가 안나네여 ㄷㄷ 웍 되게 튼튼해 보이네용 장비만 따라하겟슴다 ㅎㅎ 구매완룡",False,,0.0,0
@0505JI,침나와요..,False,,0.0,0
@Kimhhh333,와 진따 맛있겠더 와 !!!!!,False,,0.0,0
@신둥이-l2b,매번 볼때마다 느끼지만 브금 선정도 죻음,False,,0.0,0
@jaegihae1815,이 채널의 가장 좋은 점: 맛있어보이는 음식도 고앵이도 아닌(백지 미안...ㅎ) 요리할 때 누구보다도 즐거워 보인다는 점,False,,0.0,0
@Ariaiaiaaaa,티리난지 예전에 사서 쓰고있는데 3개월째 대만족하고있어요 오오 여기서 보니 신기합니다..^^,False,,0.0,0
@jinsungkim1963,이 채널 광고는 항상 이건가 싶으면 생각치도 못한 게 광고용품이란 말이야... 코난 살인방법도 아니고,False,,0.0,0
@김민규-p3p,노추가 없는곳에서 저정도의 색을?!?,False,,0.0,0
@hoo-no,아 저 웍 성시경이 계속 쓰는거 보고 찾아내서 샀는데~ 넘 좋아요,False,,0.0,0
@도둘리-i7k,어디서삼? 이름좀 바로 사게,True,@hoo-no,2.0,0
@B4mtol,@@도둘리-i7k 설명에 있음,True,@hoo-no,2.0,0
@김희수-h1z,영상이랑 별개로 저 팬은 저 돈 주고 살 퀄리티가 아니니 다들 신중히 구매하시길...,False,,0.0,0
@오마카세룰루,점점 재료가싼마이,False,,0.0,0
@1423이현비,"안녕하세요, 중학교 1학년 학생입니다. 저는 저녁 밥을 먹을 때면 유튜브로 영상을 틀어 놓고 밥을 먹는 걸 좋아합니다. 그중 많이 틀고 좋아하는 채널 중에 먹어볼래를 빠뜨릴 수 없을 것 같습니다. 많고 많은 유튜버들 중에 눈에 띌 정도로 멋진 능력을 뽐내고 있으신 것 같아서 존경이 됩니다. 앞으로도 저희가 한 입이라도 먹어보고 싶은 음식을 만드는 콘텐츠가 계속되도록 응원하겠습니다.",False,,0.0,0
@monologue412,도덕숙제니,True,@1423이현비,5.0,0
@3572d,안녕하세요 저는 초6입니닷,True,@1423이현비,5.0,0
@posynechic,밥먹을땐 유투부 끄고 밥에 집중하렴<br>마인드풀 이팅을 하려무나,True,@1423이현비,5.0,0
@카라인제로,대댓글 왜이러니 .. 이런 댓글을 남겨 주면서 표현 할 줄 아는 것이 진짜 착한 학생이네요 !,True,@1423이현비,5.0,0
@유은영-c9l,ㅋㅋㅋ,True,@1423이현비,5.0,0
@min-n2w,만두랑 볶음우동 미치겠다,False,,0.0,0
@kenshiro_ace,남편분이 혹시 참피디~??? 😂😂😂,False,,0.0,0
@nadaka-ro2js,"<a href=""https://www.youtube.com/watch?v=fzk0c0mag9M&amp;t=10"">0:10</a> 동파육은 이미 본인인것을...",False,,0.0,0
@캘리피,글게 후라이빵 탐나더라,False,,0.0,0
@여와-o1c,오 화강암 코팅팬이라니 넘 좋아보이네요❤,False,,0.0,0
@리얼스토리-n4f,오늘도 돼지들의 식사 잘보았어요,False,,0.0,0
@백지민-l5q,@@리얼스토리-n4f 악플 ㅈㄴ꾸준히 다네 ㅋㅋㅋ 응원한다,True,@리얼스토리-n4f,1.0,0
@댕스어택,프라이팬 하나에 10만원ㅋㅋㅋㅋㅋㅋㅋㅋㅋㅋㅋㅋㅋㅋ,False,,0.0,0
@thjsjxxzn,원래 프라이팬 좋은 건 비쌈..,True,@댕스어택,1.0,0
@user-kv7np6cq4q,진짜 역대급으로 한입만 먹고 싶다..,False,,0.0,0
@dmeguno,동남아에 파는 족발밥을 해주세요! <br>동파육을 보니 갑자기 그게 생각남 ...,False,,0.0,0
@heeju4482,👏👏,False,,0.0,0
@달걀볶음,이분들 유튜브 시작 전후 몸무게가 너무 궁금하다... 이렇게 잘 먹는데ㅋㅋㅋㅋ,False,,0.0,0
@aikey892,오랜만에 백지다❤,False,,0.0,0
@lad_beat,티리난자 😢라니.... 살짝 걱정이 됩니다..... 😢,False,,0.0,0
@Hypnotic--,매운걸 얼마나 잘드시는거야,False,,0.0,0
@Cheese_wheal,저 2키로짜리 소스 가정집 중엔 나만 사는 줄 알았는데 여기 사는 사람이 또 있었넹…,False,,0.0,0
@사마귀-o8z,저 후라이팬… 개구려요.. 유튭에 테스트 영상 있음.. 꼭 사려거든 영상 보고 판단하고 사도록..,False,,0.0,0
@microguts,"<a href=""https://www.youtube.com/watch?v=fzk0c0mag9M&amp;t=350"">5:50</a> 마지막으로 찌기까지 했으면 쌉가능이었을듯",False,,0.0,0
@kangstar72,여지껏 본 것 중에 젤 맛있겠다 와,False,,0.0,0
@drunkenstudio2,와 진짜 흑백요리사 나가시면 좋겠다….,False,,0.0,0
@김보경-d6s,기름기 많은 요리하시는데 주방세제 뭐 쓰시는지 궁금해요^^ 살짝살짝 보이는 주방세제 어디꺼인지 궁금해요😊😊,False,,0.0,0
@영감왜불러-u7w,아니 어떻게 몇년 동안 이렇게 다양한 요리가 나와여...?,False,,0.0,0
@TaraAudrey-y9y,ㄱ글 에서 벳프리 이 ㅓㅇ도로 유명했음?  내 듣보잡인줄 알았는데 ㄷㄷ,True,@영감왜불러-u7w,2.0,0
@BessThomas-q5g,ㄱ글 에서 벳프리 보느라 눈밑에까지 다크써클 들어옴 ... 진짜 근데이뻐서 눈을못떼겟다...?,True,@영감왜불러-u7w,2.0,0
@Dsgdfgbgrdgh,너같은 것들은 평생 못나옴. 지들도 까분만큼은 당해야지. 그냥 안오니까 분을 못이겨서 돌아버려라. 20년 못나오게 할거임. 너도 무한으로 복수당해야함.,False,,0.0,0
@galaxysupernova1024,게맛잇겟다..,False,,0.0,0
@몰루-k7n,애플 가스레인지 쓸 때 보고 진짜 오랜만에 보는데 진짜 스케일이 엄청 달라졌네,False,,0.0,0
@guanyummm,오장육두 곡소리 컨텐츠...,False,,0.0,0
@White00Wizard,오늘은 백지 출연비중이 많이 늘었다...!,False,,0.0,0
@JKJKJKJKJKJKJKJKJKJkJKJKJKJKJ,불닭소스 광고가 아니야?,False,,0.0,0
@bbibbi5246,이분들 채널 명이 왜 먹어볼래인 줄 알 거 같다 볼 때마다 한 입만… 하고 있으니까…(?),False,,0.0,0
@신명환-j4u,아니 형 아니 누나 ㄱ니까 이게 그 cg 없이 간거라는거지?&gt;?&gt; 나는 전부다 컴푸타가 해준거같흔데 그게 아니라는거지???,False,,0.0,0
@miizang,정말 단순 궁금증으로 질문 드리는데 고양이 근처에 칼 놓아도 고양이가 알아서 안 건드리나요?? 고양이가 위험한 거 알고 피하는지 궁금쓰 🤷‍♀️,False,,0.0,0
@비스마르크-s5l,항문: 조땠다....,False,,0.0,0
@lschinke,If I was on capital sentence I think that udon with pork belly and dumplings would very well be my last meal,False,,0.0,0
@oz7358,보기만해도 위장이 아파요,False,,0.0,0
@suuuu39,꺄항 설레,False,,0.0,0
@elle8062,8시간 정도 조리 했으면 더욱 부드러웠을텐데<br>너무 힘든 작업이라 추천 드리지는 않습니다,False,,0.0,0
@bhxyhhg977,근데 요새 영상은 뭐던지고 짜르고<br>까부까부 하는 소리 나오는거 그른거<br>없네요 😢,False,,0.0,0
@신준하-i5i,중간중간 청소를 너무잘하셔서 좋음...,False,,0.0,0
@아니근데진짜-h4j,옛날엔 걍 쏟고 난리였는데 ㅋㅋ,True,@신준하-i5i,5.0,0
@FreshGriswold,그놈의 ㄱ글 에서 벳프리 때문에 내거기 닳고 닳아서 없어지겠네,True,@신준하-i5i,5.0,0
@MauraOne,ㄱ글 에서 벳프리 진짜 보다보면 빠져든다 라이브에 수위도좋고 외모도 좋고 삼박자 지렀으,True,@신준하-i5i,5.0,0
@SethNaomi-h5b,ㅋㅋㅋㅋㅋㅋ ㄱ글 에서 벳프리 모솨서 잼민이 발정났누,True,@신준하-i5i,5.0,0
@NicoleZelda-v2g,ㅋㅋㅋㅋㅋㅋ ㄱ글 에서 벳프리 모솨서 잼민이 발정났누?,True,@신준하-i5i,5.0,0
@Jeong-hyun,다음에는 통구이 도전 해주세요. 돼지통구이로~ 😊😊😊<br>가능 하실듯합니다.,False,,0.0,0
@뿌지직똥푸다닥,열전도율이 좋은데 팬이 식질않는게 가능한가?,False,,0.0,0
@jaadosldl,공학적 지식을 기반으로 한 팩트는 노노,True,@뿌지직똥푸다닥,1.0,0
@티키타카토코투코,불닭광고 인줄 알았다면 조용히 손을 들어주세요🙋🏻🙋🏻‍♀️,False,,0.0,0
@yeonghwankang8416,오호 박은영쉪의 동파육만두 ㅋ,False,,0.0,0
@rubber-ball,만능 소스 불닭 소스 ㅋㅋ,False,,0.0,0
@혁푸드Hfood,크억,False,,0.0,0
@20JINH,수능 조지고 혈관까지 조지게 해주는 주인장 ㄷㄷ,False,,0.0,0
@심심해서달음,돈스파이크 스테이크도 해주세요 <br>큰 스테이크를 보고싶어요 ❤,False,,0.0,0
@Zzraven-v,이성적으로 매력을 느끼실까요?😢,False,,0.0,0
@세얼간이-p4w,장사여 장사,False,,0.0,0
@bit5844,영상 잘봤습니다 건강보험 문의받읍니다,False,,0.0,0
@jikite1221,다 너무 마싯어보여요.. 한입만 먹고 싶다,False,,0.0,0
@불나방-t1q,난 저 도마가 너무 탐나는데...! 어떻게 저렇게 불닭소스를 마구 묻혔어도 멀쩡하지...,False,,0.0,0
@Olivia-lp1zt,이케아 아닌가용,True,@불나방-t1q,2.0,0
@nueijjang,@@Olivia-lp1zt티리난지인듯,True,@불나방-t1q,2.0,0
@user-Roopretelcham,삼양은 양념만 광고하지말고 핵붉닭볶음면 단계별로 한국에서 좀 팔아라 외국에서만 팔지말고 ~💢,False,,0.0,0
@bongbong3975,저번영상보고 이제 또 언제 올라올라나 슬펐는데 이렇게 금방 ㅠㅠㅠ 너무좋아요 짱.. 남은 한 조각은 어떠케 드셨을지 남은 고기는 어떻게 드셨을지 항상 기대합니다.. 중간엔 아이폰으로 찌그신건가??,False,,0.0,0
@곰국,맛있고 언제나 눈으로도 즐거운 요리 영상 언제나 감사합니다.하지만 평생 보고 싶은 저의 마음으로 건강하게 드시길 화이팅,False,,0.0,0
@dkanrjt,예전영상인줄 알았더니 1시간 전..!!,False,,0.0,0
@김사과맛,오 저두ㅋㅋ업로드언제되나햇음,True,@dkanrjt,1.0,0
@-XEROSS-,이분들이 진정한 요리연구가다....,False,,0.0,0
@SGTGunnySGT,동파육 아니라 불파육 ㅋㅋㅋㅋ 와... 땀 내기 좋것네요 ㅎㅎ,False,,0.0,0
@뚜따또치,도마정보알고싶어요,False,,0.0,0
@Game_cat-z2f,이분 영상만 보면 베가 고파진다,False,,0.0,0
@맹맛초코,"<a href=""https://www.youtube.com/watch?v=fzk0c0mag9M&amp;t=54"">0:54</a> 오늘도 자연스러운 치킨타올",False,,0.0,0
@민정민정-k5o,하루만에 오다니 세상에 너무조아,False,,0.0,0
@gespenstjager9741,브금부터 비장하다,False,,0.0,0
@꾸꾸까까-i6p,건강은 모르겠고 대대대대졸맛이라는건 알겠다,False,,0.0,0
@srtdiablack1697,이거제 이맛이라고 ㅋㅋㅋㅋㅋㅋㅋㅋ,False,,0.0,0
@GLiTCH_NYAN,아 나 방금 불닭 끓였는데 저거 나중에…<br>(정신차려 이인간 왜이래),False,,0.0,0
@nymphaeacea,i dont understand korean but very cool!!,False,,0.0,0
@현뷘,I study now,True,@nymphaeacea,2.0,0
@nymphaeacea,@@현뷘 cool!! korean&#39;s a very pretty language that I wanna learn. i&#39;m too busy with my chemistry degree unfortunately,True,@nymphaeacea,2.0,0
@p_lll725,또 불닭..?..사골나오겠슈..,False,,0.0,0
@오현민-l6p,운동 콘텐츠 기원,False,,0.0,0
@dxnxtlxve,화면에서 불닭소스 냄새 나는 거 같음,False,,0.0,0
@리베-f2i,이게 왜 불닭 광고가 아닌... ?,False,,0.0,0
@user-sfg36484,백지다! 반가워라🥰,False,,0.0,0
@Edwin-11,뭐고 영상 주기 뭐고,False,,0.0,0
@serinshin7985,장갑 낄 때 늘 귀여우시다ㅋㅋㅋㅋ,False,,0.0,0
@설충소,불닭광고인줄 알았는데 냄비 광고였군,False,,0.0,0
@berrysweet8723,삼겹살에 창던지기 하는 사람들은 당신들이 처음이야..❤,False,,0.0,0
@aidenburgess217,This is gross is the best possible way to,False,,0.0,0
@elpaisdeelpais7101,이런걸보면 건강한돼지가 더좋을지도..?,False,,0.0,0
@shineweare881,이쯤되면 쿡방 먹방이 아니라 과학실험 방송 아닐까..인간이 어디까지 해먹을수 있는가..,False,,0.0,0
@mooom2040,어째서 불닭소스로 저런 때깔이 나는거죠..?<br>불파육(?) 누가 팔아주면 사먹어 보고 싶다,False,,0.0,0
@illilIi1liiiillil,불닭아니면 뭘 못함..?,False,,0.0,0
@hg-dl3pb,와 진짜 맛있어보인다,False,,0.0,0
@matchstick529,삼겹살 업고 튀어,False,,0.0,0
@파르페르파,외형은 동파육과 비슷하나 그 맛이 화염과 같으니 동화(火)육이로다,False,,0.0,0
@지나갑니다-z6s,ㅋㅋㅋㅋㅋㅋㅋ동파육이 이렇게 야매로 만들수있는거였음?,False,,0.0,0
@소금빵맨둠신,한일전 전패로 우울증 MAX였는데 진정되네요.,False,,0.0,0
@최민기-y2x,저 하루에 1끼도 겨우 먹는데 이집가면 살 찔수 있을까요?,False,,0.0,0
@user-wi1tn0de9o,몸에 좋은 음식은 맛이 없다.<br>맛있는 음식은 몸에 안 좋다.<br>맛있게 먹으면 0칼로리다. <br>고로 저칼로리 음식은 몸에 안 좋으니 만칼로리에 근접한 식품을 먹어서 건강을 챙기자!,False,,0.0,0
@단소장인-i4h,오 새영상 좋다 잘보고감니다,False,,0.0,0
@harrybellingham98,when you boil or heat the fire sauce for a a long time it loses alot of its spiciness.,False,,0.0,0
@레몬나르고빚갚으리옾,썸넬만 보면 그냥 불닭소스를 베이스로 한 홍소육이 되..,False,,0.0,0
@제라한-q9f,불닭소스 바를땐 꼭 장갑 2겹으로 껴야겠다<br>안그랬다간 화끈거려서 죽을듯 ㅋㅋㅋㅋ,False,,0.0,0
@jollazilchuckdaem,침나와 .,False,,0.0,0
@Green_grape_414,수능 잘 치고 온 다음날 최고의 선택❤❤,False,,0.0,0
@sixcokes,고생햇어요,True,@Green_grape_414,5.0,0
@최성주-i7y,수고하셨습니다 :),True,@Green_grape_414,5.0,0
@티키타카토코투코,고생했어요,True,@Green_grape_414,5.0,0
@hiba_bone,그간 고생 많으셨어요 ☺️,True,@Green_grape_414,5.0,0
@user-jn8xl5wc4f,망쳐,True,@Green_grape_414,5.0,0
@098rwe,똥 쌀때 진짜 큰일 나겄는디,False,,0.0,0
@Tech-ii9ze,ㅘ 30년은 일찍죽을 맛이겠다... ㅈㄴ 맛있겠뉴,False,,0.0,0
@이지호-c3n,허얼....,False,,0.0,0
@kid-720,먹어볼래님 혹시 이런 어이디어는 어떻게 생각하시나요??,False,,0.0,0
@잭더리펴-k4b3y,항상잘보고갑니다 1등 출석불타는 금요일 보내세여(✿◡‿◡)(✿◡‿◡),False,,0.0,0
@TryToEat,"안녕하세요우! 부들부들 불파육을 끓였던 웍과 냄비가 궁금하다면 아래 링크 하하핳<br><br>🔥티리난지 피렌체 블랙 프라이데이🔥<br>최대 42%할인된 가격으로 만나보시길(11/15~11/30, 2주간 진행)<br>👉 link : <a href=""https://naver.me/F0t9ByMt"">https://naver.me/F0t9ByMt</a>",False,,0.0,0
@elle8062,8시간 이상 조리 하셨으면 힘들긴 하겠지만<br>숟가락으로 살짝만 눌러도 푸욱 하고 젤리 처럼 들어갈 정도로 부드러워져서 더욱 맛나긴 합니다,True,@TryToEat,10.0,0
@usernamefrueu1837t2,외람된 말씀이오나.. 사모님 조금 아주 조금 찌신것 같습니다..건강을위해,True,@TryToEat,10.0,0
@cloudsky-r2g,​@@usernamefrueu1837t2아휴 오지랖은 진짜. 너 건강이나 잘챙겨. 위해주는척하며 돌려까지마라. 퉤퉤,True,@TryToEat,10.0,0
@이성애여미새한냄츙조,음식갖고 던져도 꽂힌다  ㅇㅈㄹ 하는 니네 처쪼개는 여지랑 던진 손모가지 잘라서 인육으로 삶고 구워서 젓가락 꽂아봐. ㅇ,True,@TryToEat,10.0,0
@AnastasiaNeal,ㄱ글 에서 벳프리 보느라 눈밑에까지 다크써클 들어옴 ... 진짜 근데이뻐서 눈을못떼겟다...?,True,@TryToEat,10.0,0
@Sejong_Bus_No.1,"<a href=""https://www.youtube.com/watch?v=fzk0c0mag9M&amp;t=8"">0:08</a> 고기남자..?",False,,0.0,0
@윤창식-z4y,1빠,False,,0.0,0
@야호-w6p,와… 즥인다,False,,0.0,0
@zero_tn4263,1등이닷!!,False,,0.0,0
