author,comment,is_reply,reply_to,reply_count,is_spam
@sans-1,리딤 끝났어요? ㅠㅠ이거 보고 앱 깔아서 리딤 할려고 열심히 했는데 ㅠㅠㅠ,False,,0.0,0
@ITZ_COOL_PIZZZA,난 이번에도 살아있음을 느낀다.,False,,0.0,0
@하원-u9h,ㄹㅇ 정운이랑 사귀고 싶다. 진짜 으닝닝 다시들어서 다행이다. 이명호 성우님의 정운 목소리 너무 좋다. 캬...이제...성불...,False,,0.0,0
@Woop_tv,역시 남척자가 더 재밌엌ㅋㅋㅋㅋ 저 똘끼 어쩔겨,False,,0.0,0
@김기영-j8y,2.7버전은 언제 업데 하는건가요? 날짜를 알고싶어서요....ㅠ.ㅠ,False,,0.0,0
@태양-c8c,12월 4일이용,True,@김기영-j8y,2.0,0
@김기영-j8y,@태양-c8c  오! 알려주셔서 감사합니다 ㅠ.ㅠ,True,@김기영-j8y,2.0,0
@Your_name1668,크아아아악 내 지갑이!!!!,False,,0.0,0
@갠플-j6p,뭣…? 불씨…? 불을 쫓는다고…? 은발벽안에 초원에 서있는 핑크머리벽안 캐릭은!!! ㅇ..으으읔 머리가!!! 여..ㅇㅇ..ㅇ…여여 영웅!!! 으 으읔!!!,False,,0.0,0
@khd5031,정운목소리는 들으면 들을수록 도리와 같은성대라는게 놀랍다,False,,0.0,0
@오민재-t9d,잊으면 안되는게 정운은 열차팀을 만난적이 없다...,False,,0.0,0
@Alpha1.9.4.,"앰포리어스가 3개의 길이 얽혀있다하니 수렵, 공허, 기억이 얽혀있는 느낌이 듦",False,,0.0,0
@Alpha1.9.4.,"아니면 수렵, 파멸, 기억일수도 있고..?",True,@Alpha1.9.4.,1.0,0
@IIIIlllllIIIlIIIIIIllll,젠장 류웨이!!! 이 전개는 무엇이냐!!! 몸이..붕스에서 벗어날 수가 없잖아!!!,False,,0.0,0
@수찬-h3v,유물 부옵 지정 미쳤다...,False,,0.0,0
@Choi_Skel,"<a href=""https://www.youtube.com/watch?v=g7pMe5voWuI&amp;t=349"">5:49</a> 시작<br><a href=""https://www.youtube.com/watch?v=g7pMe5voWuI&amp;t=506"">8:26</a> 첫번째 리딤 스킵<br><a href=""https://www.youtube.com/watch?v=g7pMe5voWuI&amp;t=1848"">30:48</a> 두번째 리딤 스킵<br><a href=""https://www.youtube.com/watch?v=g7pMe5voWuI&amp;t=2650"">44:10</a> 세번째 리딤 스킵",False,,0.0,0
@dlsehlfrjamkdlTsh,붕틀딱들 척추펴지는 소리 들린다아아아,False,,0.0,0
@lastangelgirl,"<a href=""https://www.youtube.com/watch?v=g7pMe5voWuI&amp;t=672"">11:12</a> 선데이 🙏",False,,0.0,0
@erratie1762,신 경 원,False,,0.0,0
@bamma97,갓타레일,False,,0.0,0
@Lenppo8,제이드 이후부터 계속 스타피스컴퍼니와함깨합니다 생긴거 왜케욱김ㅋㅋㅋㅋㅋㅋㅋㅋㅋㅋㅋㅋㅋㅋ,False,,0.0,0
@Oak_Breadcrumbs,근데 애들이 진짜 돈에 미친건 잘 알거같음 ㅋㅋ 자꾸 엮어서 캐릭터 내는거 보면 ㅋㅋㅋㅋ,False,,0.0,0
@조랭이떡-e9p,와 이번 버전 뭐임? 5성 픽뚫캐 무료로 뿌리고 픽업라인도 쩔고 나중에 나올 픽업도 진심 미쳤음<br>대가리 또깨졌네,False,,0.0,0
@6N23rp-h7z,아 너무기대되잖아...,False,,0.0,0
@클릭전설의-헬스장녀,"이건 찐 레전드 영상이닭.. 얼,른ㄱㄱ!! ㅁㅁㅁ",False,,0.0,0
@Alpha1.9.4.,이젠 여기에도?,True,@클릭전설의-헬스장녀,2.0,0
@Ang-me6ms,이런곳에도 있노ㅋㅋ,True,@클릭전설의-헬스장녀,2.0,0
@houoswalt,"붕스의 정상화는 탈나부 ㅋㅋㅋ<br>스토리도, 컨텐츠도, 시스템 최적화도 나부를 버틴 자들의 보상으로 돌아온다!",False,,0.0,0
@람_lDstella,"<a href=""https://www.youtube.com/watch?v=g7pMe5voWuI&amp;t=440"">7:20</a> 저거 지식의 에이언즈 누스아님???",False,,0.0,0
@genshinimpactgood,경원을 꺼낼때가 온건가,False,,0.0,0
@베루-u5o,소환물 메타가 진짜로 오다니..,False,,0.0,0
@ajnxjd,스파클 가져갔다고 엘리시아를 뺏어가? 스파클 가져갔다고 엘리시아를 뺏어가? 스파클 가져갔다고 엘리시아를 뺏어가? 스파클 가져갔다고 엘리시아를 뺏어가? 스파클 가져갔다고 엘리시아를 뺏어가?,False,,0.0,0
@mint-chocokorone,상호교환이지,True,@ajnxjd,1.0,0
@---dt8kw,"아니 당연하지는 않은데, 절대도 아닌데. 모두 기다린것도 아닌데. 모두 기다린것도 아닌데.",False,,0.0,0
@daegeuk_lee,2.7 누스에게 말거는 헤르타와 3.0 함장 붕끼야악사건. 너무 기대된다...<br>그 와중에 기억이 소환수 매커니즘이라고 공식으로 못박아서 계획에 없던 주0일씨를 뽑아야 한다.<br>힘들고 기쁘고 무섭고 즐겁다.,False,,0.0,0
@inorin_pretty9092,엘리시아? 너니? 너야..?,False,,0.0,0
@우나까까,2.7 시작하면 방부터 만들어서 틀어박혀 버릴테다,False,,0.0,0
@mimmimg,신경원.. 도대체 어디까지 내다본 거냐 ㅋㅋ,False,,0.0,0
@우나까까,스탠드 떡상ㅋㅋㅋㅋ,True,@mimmimg,1.0,0
@mimmimg,남캐 여캐 둘다 잡은 갓겜 ㄷㄷ,False,,0.0,0
@HS_hsk,중국겜이지만 진짜 존경한다. 스토리에 콜라보에 캐릭터 디자인에 애니메이션에 맵에... 2년지나면 원신 뛰어넘을수도...?,False,,0.0,0
@mimmimg,갓겜.. 근데.. 그 아케론 한테 전멸당한 군단 두목 자식들 걔네는 진짜 안나와..? ㅋㅋㅋㅋ,False,,0.0,0
@최수현-o8f5f,(열차에) 뺑소니 당한건 맞지ㅋㅋ,False,,0.0,0
@gakdogy,롤드컵 이겨야겠지?,False,,0.0,0
@pig11653,기억 운명의 길 추가에 유물 정상화에 상시캐 선택권까지 이런 미친겜 ㅋㅋㅋㅋㅋㅋㅋㅋㅋㅋㅋㅋㅋ,False,,0.0,0
@유나인Yunain,"<a href=""https://www.youtube.com/watch?v=g7pMe5voWuI&amp;t=1592"">26:32</a> 불은 사그라들고 신들의 시대가 막을 내리면 결국 어둠만이 남게 된다는 건가?  이상하네...로드란이랑 로스릭이란 나라에서도 있었던일 같은ㄷ",False,,0.0,0
@방여울-x1o,으닝닝😊,False,,0.0,0
@베가게임채널,삼칠아 각성 해야겠지...?,False,,0.0,0
@유림양-tya,붕써드 낙원스토리 붕스버전으로보나,False,,0.0,0
@박찬혁-m5l,"나무위키에 이름 다 공개되었던데 파이논,마이데이,키레네,카스토리스 다 뽑아줘야겠다....",False,,0.0,0
@집가고싶다-u4z,척자야 드디어 방이 생겼구나..! 힘든 소파 생활은 청산이네...<br>밖에 소파가 저렇게 많은데 이번엔 소파에 앉을 수 있겠지...?,False,,0.0,0
@dorumeeeee,진짜 소환물메타가 오나보네 젠장 토파즈 영사 둘만 딱 걸럿는데..,False,,0.0,0
@jungyoonseo957,존버의 끝은 어디인가...,False,,0.0,0
@failed_traveler,픽업이 내 숨통을 조인다<br>영일님에 으닝닝도 간당간당한데 반디도 복각한다고?<br>날 죽일 셈이냐 호요버스,False,,0.0,0
@탄탄-g1b,이번에 개척후문이 아니라 개척임무인 것도 레전드으!!,False,,0.0,0
@SunHoyo,선데이 스킬이 브로냐+정운 인거 같내<br>망귀인은 격파 효율 50% 증가 라고 하니까 완매 다른 파티에 줄 수도 있겠다<br>기억 캐릭터로 페이트 나오면 마스터에 서번트 콤비로 나오는 건가?,False,,0.0,0
@쌈장김밥,반디랑 망귀인 같이 쓸 생각에 행복하니,False,,0.0,0
@mnmmnmnmmn,황금의 피라니.... 나만 파멸 생각이 나나봐,False,,0.0,0
@user-br2kl7rt9u,남캐가 세명....!!!!! 꼭뽑아줄게,False,,0.0,0
@지나가던사람-g7m,다보고 ㅂㄹ동서남북으로 찢으면서 울부짖었다,False,,0.0,0
@오오오-v5t,드디어 정운 살아있네 ^^,False,,0.0,0
@마현수-x8d,마치세븐스와 데이트 너무좋아,False,,0.0,0
@Mamama_5656,"<a href=""https://www.youtube.com/watch?v=g7pMe5voWuI&amp;t=420"">7:00</a> 이거 완전 방랑자 잖아 ㅋㅋㅋㅋ",False,,0.0,0
@canshirou,붕괴 스타레일,False,,0.0,0
@dh1004ok,전능하신 썬데이여 영원한 주0일제로 날 쉬게하소서 거룩한 질서로 날 이끄시고 내 가는 길 야근과 회식에 싸여 있어도 신성한 주0일제로 날 쉬게하소서전능하신 썬데이여 영원한 주0일제로 날 쉬게하소서 거룩한 질서로 날 이끄시고 내 가는 길 야근과 회식에 싸여 있어도 신성한 주0일제로 날 쉬게하소서전능하신 썬데이여 영원한 주0일제로 날 쉬게하소서 거룩한 질서로 날 이끄시고 내 가는 길 야근과 회식에 싸여 있어도 신성한 주0일제로 날 쉬게하소서전능하신 썬데이여 영원한 주0일제로 날 쉬게하소서 거룩한 질서로 날 이끄시고 내 가는 길 야근과 회식에 싸여 있어도 신성한 주0일제로 날 쉬게하소서전능하신 썬데이여 영원한 주0일제로 날 쉬게하소서 거룩한 질서로 날 이끄시고 내 가는 길 야근과 회식에 싸여 있어도 신성한 주0일제로 날 쉬게하소서전능하신 썬데이여 영원한 주0일제로 날 쉬게하소서 거룩한 질서로 날 이끄시고 내 가는 길 야근과 회식에 싸여 있어도 신성한 주0일제로 날 쉬게하소서전능하신 썬데이여 영원한 주0일제로 날 쉬게하소서 거룩한 질서로 날 이끄시고 내 가는 길 야근과 회식에 싸여 있어도 신성한 주0일제로 날 쉬게하소서전능하신 썬데이여 영원한 주0일제로 날 쉬게하소서 거룩한 질서로 날 이끄시고 내 가는 길 야근과 회식에 싸여 있어도 신성한 주0일제로 날 쉬게하소서전능하신 썬데이여 영원한 주0일제로 날 쉬게하소서 거룩한 질서로 날 이끄시고 내 가는 길 야근과 회식에 싸여 있어도 신성한 주0일제로 날 쉬게하소서전능하신 썬데이여 영원한 주0일제로 날 쉬게하소서 거룩한 질서로 날 이끄시고 내 가는 길 야근과 회식에 싸여 있어도 신성한 주0일제로 날 쉬게하소서전능하신 썬데이여 영원한 주0일제로 날 쉬게하소서 거룩한 질서로 날 이끄시고 내 가는 길 야근과 회식에 싸여 있어도 신성한 주0일제로 날 쉬게하소서전능하신 썬데이여 영원한 주0일제로 날 쉬게하소서 거룩한 질서로 날 이끄시고 내 가는 길 야근과 회식에 싸여 있어도 신성한 주0일제로 날 쉬게하소서전능하신 썬데이여 영원한 주0일제로 날 쉬게하소서 거룩한 질서로 날 이끄시고 내 가는 길 야근과 회식에 싸여 있어도 신성한 주0일제로 날 쉬게하소서전능하신 썬데이여 영원한 주0일제로 날 쉬게하소서 거룩한 질서로 날 이끄시고 내 가는 길 야근과 회식에 싸여 있어도 신성한 주0일제로 날 쉬게하소서전능하신 썬데이여 영원한 주0일제로 날 쉬게하소서 거룩한 질서로 날 이끄시고 내 가는 길 야근과 회식에 싸여 있어도 신성한 주0일제로 날 쉬게하소서전능하신 썬데이여 영원한 주0일제로 날 쉬게하소서 거룩한 질서로 날 이끄시고 내 가는 길 야근과 회식에 싸여 있어도 신성한 주0일제로 날 쉬게하소서전능하신 썬데이여 영원한 주0일제로 날 쉬게하소서 거룩한 질서로 날 이끄시고 내 가는 길 야근과 회식에 싸여 있어도 신성한 주0일제로 날 쉬게하소서전능하신 썬데이여 영원한 주0일제로 날 쉬게하소서 거룩한 질서로 날 이끄시고 내 가는 길 야근과 회식에 싸여 있어도 신성한 주0일제로 날 쉬게하소서전능하신 썬데이여 영원한 주0일제로 날 쉬게하소서 거룩한 질서로 날 이끄시고 내 가는 길 야근과 회식에 싸여 있어도 신성한 주0일제로 날 쉬게하소서전능하신 썬데이여 영원한 주0일제로 날 쉬게하소서 거룩한 질서로 날 이끄시고 내 가는 길 야근과 회식에 싸여 있어도 신성한 주0일제로 날 쉬게하소서전능하신 썬데이여 영원한 주0일제로 날 쉬게하소서 거룩한 질서로 날 이끄시고 내 가는 길 야근과 회식에 싸여 있어도 신성한 주0일제로 날 쉬게하소서전능하신 썬데이여 영원한 주0일제로 날 쉬게하소서 거룩한 질서로 날 이끄시고 내 가는 길 야근과 회식에 싸여 있어도 신성한 주0일제로 날 쉬게하소서전능하신 썬데이여 영원한 주0일제로 날 쉬게하소서 거룩한 질서로 날 이끄시고 내 가는 길 야근과 회식에 싸여 있어도 신성한 주0일제로 날 쉬게하소서전능하신 썬데이여 영원한 주0일제로 날 쉬게하소서 거룩한 질서로 날 이끄시고 내 가는 길 야근과 회식에 싸여 있어도 신성한 주0일제로 날 쉬게하소서전능하신 썬데이여 영원한 주0일제로 날 쉬게하소서 거룩한 질서로 날 이끄시고 내 가는 길 야근과 회식에 싸여 있어도 신성한 주0일제로 날 쉬게하소서전능하신 썬데이여 영원한 주0일제로 날 쉬게하소서 거룩한 질서로 날 이끄시고 내 가는 길 야근과 회식에 싸여 있어도 신성한 주0일제로 날 쉬게하소서전능하신 썬데이여 영원한 주0일제로 날 쉬게하소서 거룩한 질서로 날 이끄시고 내 가는 길 야근과 회식에 싸여 있어도 신성한 주0일제로 날 쉬게하소서전능하신 썬데이여 영원한 주0일제로 날 쉬게하소서 거룩한 질서로 날 이끄시고 내 가는 길 야근과 회식에 싸여 있어도 신성한 주0일제로 날 쉬게하소서전능하신 썬데이여 영원한 주0일제로 날 쉬게하소서 거룩한 질서로 날 이끄시고 내 가는 길 야근과 회식에 싸여 있어도 신성한 주0일제로 날 쉬게하소서전능하신 썬데이여 영원한 주0일제로 날 쉬게하소서 거룩한 질서로 날 이끄시고 내 가는 길 야근과 회식에 싸여 있어도 신성한 주0일제로 날 쉬게하소서전능하신 썬데이여 영원한 주0일제로 날 쉬게하소서 거룩한 질서로 날 이끄시고 내 가는 길 야근과 회식에 싸여 있어도 신성한 주0일제로 날 쉬게하소서전능하신 썬데이여 영원한 주0일제로 날 쉬게하소서 거룩한 질서로 날 이끄시고 내 가는 길 야근과 회식에 싸여 있어도 신성한 주0일제로 날 쉬게하소서전능하신 썬데이여 영원한 주0일제로 날 쉬게하소서 거룩한 질서로 날 이끄시고 내 가는 길 야근과 회식에 싸여 있어도 신성한 주0일제로 날 쉬게하소서전능하신 썬데이여 영원한 주0일제로 날 쉬게하소서 거룩한 질서로 날 이끄시고 내 가는 길 야근과 회식에 싸여 있어도 신성한 주0일제로 날 쉬게하소서전능하신 썬데이여 영원한 주0일제로 날 쉬게하소서 거룩한 질서로 날 이끄시고 내 가는 길 야근과 회식에 싸여 있어도 신성한 주0일제로 날 쉬게하소서전능하신 썬데이여 영원한 주0일제로 날 쉬게하소서 거룩한 질서로 날 이끄시고 내 가는 길 야근과 회식에 싸여 있어도 신성한 주0일제로 날 쉬게하소서전능하신 썬데이여 영원한 주0일제로 날 쉬게하소서 거룩한 질서로 날 이끄시고 내 가는 길 야근과 회식에 싸여 있어도 신성한 주0일제로 날 쉬게하소서전능하신 썬데이여 영원한 주0일제로 날 쉬게하소서 거룩한 질서로 날 이끄시고 내 가는 길 야근과 회식에 싸여 있어도 신성한 주0일제로 날 쉬게하소서전능하신 썬데이여 영원한 주0일제로 날 쉬게하소서 거룩한 질서로 날 이끄시고 내 가는 길 야근과 회식에 싸여 있어도 신성한 주0일제로 날 쉬게하소서전능하신 썬데이여 영원한 주0일제로 날 쉬게하소서 거룩한 질서로 날 이끄시고 내 가는 길 야근과 회식에 싸여 있어도 신성한 주0일제로 날 쉬게하소서전능하신 썬데이여 영원한 주0일제로 날 쉬게하소서 거룩한 질서로 날 이끄시고 내 가는 길 야근과 회식에 싸여 있어도 신성한 주0일제로 날 쉬게하소서전능하신 썬데이여 영원한 주0일제로 날 쉬게하소서 거룩한 질서로 날 이끄시고 내 가는 길 야근과 회식에 싸여 있어도 신성한 주0일제로 날 쉬게하소서전능하신 썬데이여 영원한 주0일제로 날 쉬게하소서 거룩한 질서로 날 이끄시고 내 가는 길 야근과 회식에 싸여 있어도 신성한 주0일제로 날 쉬게하소서전능하신 썬데이여 영원한 주0일제로 날 쉬게하소서 거룩한 질서로 날 이끄시고 내 가는 길 야근과 회식에 싸여 있어도 신성한 주0일제로 날 쉬게하소서전능하신 썬데이여 영원한 주0일제로 날 쉬게하소서 거룩한 질서로 날 이끄시고 내 가는 길 야근과 회식에 싸여 있어도 신성한 주0일제로 날 쉬게하소서,False,,0.0,0
@신나죽겠네,신캐가..쏟아져나온다!!!,False,,0.0,0
@_PiaPia_,아니 제레 언제 내줘요!!!,False,,0.0,0
@Camelialovely,미친 13인영웅 미친&gt;!!!!!!!!!!!,False,,0.0,0
@kudeo71,역대급 공식방송이다 미친 스타레일 계속 할게요ㅠㅠㅠㅠ,False,,0.0,0
@jess4261,가리비 골가리개 때문에 이 악물고 안 뽑는다,False,,0.0,0
@seojinjee1738,스토리에 에이언즈 나오나?,False,,0.0,0
@서다롱-w1c,선데이 닥뽑,False,,0.0,0
@gjrudwls,야!!!!!!선데이 뽑고 나면 쉬면서 돌 모으다가 나중에 (최애임)경원장군 오면 뽑으려고 했는데 왜 같이 나오는 건데요!!!!! 왜 같이 내보내는 거에요!!!! 같이 뽑으란 의도는 알겠는데 꼭 그렇게 해야 했나요!!!!! 쉴 틈을 줘야지!!!!!  하나 뽑는 것도 힘든데 왜 최애랑 선데이랑 같이 나오는 건데요!!! 이 사악한ㅠㅠㅠㅠㅠㅠㅠㅠㅠㅠㅠㅠㅠㅠㅠ내 지갑..ㅠㅠㅠㅠㅠㅠ,False,,0.0,0
@미리내-j4k,역대급 프리뷰 버전이다,False,,0.0,0
@지나가는행인-z4x,진짜 이거거둰,False,,0.0,0
@찬영안-n8c,오...상시권...근데 쓸일이 있을까나 과연?,False,,0.0,0
@전도사-j6x,이번엔 선데이만 주워간다,False,,0.0,0
@Rinux71,화들짝 놀란 붕3 할배는 개추 ㅋㅋㅋㅋ,False,,0.0,0
@hand-hand,MTJ2CG9XRK2F<br><br>UAJJDY9E8JJT<br><br>DSJKDYQF82J3,False,,0.0,0
@treadnoughd3747,열차내 안전당직을 돌아라... 이말인가?,False,,0.0,0
@카나데-l6g,하 엘리시아 치트키를 벌써 꺼내온다고? 무과금 포기 각이 선다.,False,,0.0,0
@비상식량-i2i,연경 4돌인데 시원하게 여기서 5돌하고 상시 300뽑 선택권으로 연경 가져가서 풀돌하고 연경 다신 안보겠습니다,False,,0.0,0
@Hundred_Day_Red,풀돌해요 연경 또 나오는건 알죠....?,True,@비상식량-i2i,2.0,0
@Hundred_Day_Red,상시는 섭종할때까지 계속 나와요....풀돌해도.아 부적같은 느낌인가,True,@비상식량-i2i,2.0,0
@hari.gu0607,엠포리어스 기대됩니다!!!!!❤❤,False,,0.0,0
@IlllllllIIIIIIllllIIII,"근데 앰포리어스는 아키비리가 안 왔던 곳이라 사실상 외세인들과 교류가 없던 곳이잖아? <br>오자마자 외부인이라며 박해받게 될 생각에 눈물이 앞을 가립니다ㅠㅠㅠ",False,,0.0,0
@Hundred_Day_Red,어 그런가?그럼 천외에서온 자들은 뭐지.,True,@IlllllllIIIIIIllllIIII,1.0,0
@shbj030196,엘리시아 / 파르도 필리스 비스무리한 친구들을 본거같은데..,False,,0.0,0
@핸들뭐하지잉,케빈이랑 엘리시아 만큼은 뽑는다,False,,0.0,0
@user-Lioth,나이스 드디어 브로냐를,False,,0.0,0
@허민-h9h,아니 엠포리어스 pv 도중에 삼칠이 머리 나오는데,False,,0.0,0
@Hundred_Day_Red,어ㅣㄷ요,True,@허민-h9h,2.0,0
@허민-h9h,@ 사람들 나열될때 검은색으로 삼칠이 닮은거 있습니다. 제 개인적인 생각이니까 깊게 생각하진 않아도 됩니당.,True,@허민-h9h,2.0,0
@reziry,"<a href=""https://www.youtube.com/watch?v=g7pMe5voWuI&amp;t=1650"">27:30</a> 어라?길가메쉬님?<br><a href=""https://www.youtube.com/watch?v=g7pMe5voWuI&amp;t=1724"">28:44</a> 아니저 왼쪽세번째 저녀석의 손등은 영주? <br>이번버전 테마가 페이트 콜라보 성배전쟁인가?",False,,0.0,0
@핸들뭐하지잉,붕3 과거의 낙원임,True,@reziry,1.0,0
@Remi-9158,"내 리액션-<br><a href=""https://www.youtube.com/watch?v=g7pMe5voWuI&amp;t=2701"">45:01</a> 어벤츄린 너무 귀엽잖아!!!!!!<br><a href=""https://www.youtube.com/watch?v=g7pMe5voWuI&amp;t=2877"">47:57</a> 역시 스타레일",False,,0.0,0
@딱븝-l9f,크악  .... 정실 반디 복각에 주영일형님 까지 .... 내 지갑이 불타버릴때까지!,False,,0.0,0
@skyblu_jay,망귀인이 척자한테 으닝닝하는거 설정 오류 아닌가??,False,,0.0,0
@SSAMZASIN,&quot;GOAT&quot;,False,,0.0,0
@앙큼윙크,하 사랑스럽다,False,,0.0,0
@king9879-c8z,"<a href=""https://www.youtube.com/watch?v=g7pMe5voWuI&amp;t=1781"">29:41</a> 크레이비 목소리가 들리는거 나만 그런가?",False,,0.0,0
@dillon4751,너는 최고의 게임이다,False,,0.0,0
@강병윤-c2r,"젠장 미호요,이 업데이트는 대체 뭐냐?",False,,0.0,0
@holypolarislee,아니 족발! 레이시오! 어디까지 픽업이 내려갈 생각이냐!!!!,False,,0.0,0
@jsy6726,와 김하루 성우님 팬입니다😊<br>이렇게 길게 볼 기회가 생겨서 반갑네요 ㅎㅎ,False,,0.0,0
@라임피,신 경 원!,False,,0.0,0
@선우-d4z4b,"<a href=""https://www.youtube.com/watch?v=g7pMe5voWuI&amp;t=1722"">28:42</a>  뽑을게 드럽게 많아서 고통스러움..",False,,0.0,0
@diana_rove,붕괴 캐릭터들ㅋㅋㅋㅋㅋㅋㅋ 진짜 미쳤다.. 엠포리어스는 전설이다….,False,,0.0,0
@다다다다다라라다,"<a href=""https://www.youtube.com/watch?v=g7pMe5voWuI&amp;t=1768"">29:28</a> 말투가 약간 바뀌었네?",False,,0.0,0
@Jay-Walker000,본체니께,True,@다다다다다라라다,1.0,0
@jshauagsksusghayeg1668,불을 쫓는 나방 오는건가ㅏㅏㅏㅏ!,False,,0.0,0
@냐로-7,이거 리딤임 😊<br>UAJJDY9E8JJT<br>MTJ2CG9XRK2F<br>DSJKDYQF82J3,False,,0.0,0
@dusk4055,혹시나 했는데 역시나 있구만 감사합니다,True,@냐로-7,1.0,0
@polisce4,마지막에 3.0 정보 약간씩 푸는거 보니까 3.0 방송때 큰거 있나보다😮😮<br>시간줄이려고 정보 여기에 넣네,False,,0.0,0
@4nevulillet_0,미치겠네진짜 내 지갑은 어디까지얇아지냐,False,,0.0,0
@지니얌-n6l,반디 리벤지 각인가 하지만 마비카 곧 오는데 으아아아,False,,0.0,0
@닉네임-c8i2j,에반디 늑비카 ㄱㄱ,True,@지니얌-n6l,1.0,0
@rinoyoon8855,"<a href=""https://www.youtube.com/watch?v=g7pMe5voWuI&amp;t=1475"">24:35</a> 크아악 이 스토리는 대체 무엇이냔 말이다",False,,0.0,0
@이상빈-f8y,류사장님  알차게 준비했네,False,,0.0,0
@concordfuck,반디가 벌써 복각? 반디맘 행복사해요,False,,0.0,0
@김기명-j2k,"<a href=""https://www.youtube.com/watch?v=g7pMe5voWuI&amp;t=439"">7:19</a> 누스???",False,,0.0,0
@Loviewer_B11,모든 걸 알고 있다고 말했으니까.. <br>맞는 것 같아요!,True,@김기명-j2k,4.0,0
@user-bb7ny5wq3n,카카몬드 일수도,True,@김기명-j2k,4.0,0
@누구세요-m4o,근데 누가봐도 누스 눈깔아님?,True,@김기명-j2k,4.0,0
@daegeuk_lee,@@누구세요-m4o 빛나는거 눈깔아님 오른쪽 헤드셋임,True,@김기명-j2k,4.0,0
@lcw7637,"<a href=""https://www.youtube.com/watch?v=g7pMe5voWuI&amp;t=1722"">28:42</a> 캐릭터들 다 갖고 싶습니다...",False,,0.0,0
@박찬혁-m5l,"나무위키에 이름 다 공개되었던데 파이논,마이데이,키레네,카스토리스 다 뽑아줘야겠다....",True,@lcw7637,1.0,0
@j_of_spade,진짜 과거의 낙원 오냐???????,False,,0.0,0
@2Muking,미쳤다 완전 알차다 진짜,False,,0.0,0
@김웅구-x2q,이번 공방을 보고 살아있음을 느꼈다...,False,,0.0,0
@안쌔신,붕악귀들 단체로 대가리 깨진 날ㅋㅋㅋㅋㅋㅋ,False,,0.0,0
@kaedetempest5815,Nice,False,,0.0,0
@startrip1281,"<a href=""https://www.youtube.com/watch?v=g7pMe5voWuI&amp;t=632"">10:32</a> <a href=""https://www.youtube.com/watch?v=g7pMe5voWuI&amp;t=1271"">21:11</a><br>으흐흐",False,,0.0,0
@onurfeet,으닝닝!<br>완매한테 개조 안될리가 없는데...,False,,0.0,0
@박혜진-y7t,선데이... 널 꼭 뽑고 말겠어...,False,,0.0,0
@OxO-y7v,아이패드로 하는데 코드는 어디서 교환 하나요??,False,,0.0,0
@장지원-g9i,인게임 내에서 핸드폰 열고 프로필 옆 부분에 점 3개 찍힌 버튼 있습니다<br>그거 누르면 리딤코드라고 맨 아랫부분에 뜹니다. 들어가서 코드 복붙하시면 되요.<br>인게임으로 들어가기 귀찮으시면 공식 사이트에서 리딤 쳐서 우편으로 받으셔야 합니당,True,@OxO-y7v,1.0,0
@Genshin_impact_kr,와캬퍄헉농쭉ㅋㅋ,False,,0.0,0
@GameJeulNam222,"선데이, 망귀인, 방꾸미기, 앰포리어스 이야기 등등<br>이번 방송 매우 알차다",False,,0.0,0
@숟가락무슈,"<a href=""https://www.youtube.com/watch?v=g7pMe5voWuI&amp;t=1514"">25:14</a> 엠포리어스 빨리 가고 싶다",False,,0.0,0
@익먀,"<a href=""https://www.youtube.com/watch?v=g7pMe5voWuI&amp;t=1279"">21:19</a> 픽업",False,,0.0,0
@우나까까,..ㅠㅠ부트힐은 언제 복각하지...ㅠ 설마 3.0에서 갤럭시 레인저 신캐 나올때 복각하려나..ㅠㅠㅠ,True,@익먀,1.0,0
@Ratioyena,이번꺼 너무 맛있다…,False,,0.0,0
@herta_nunna,"<a href=""https://www.youtube.com/watch?v=g7pMe5voWuI&amp;t=2946"">49:06</a> 눈나 기다리고 있어 바로 명전 해줄게",False,,0.0,0
@3451-h7n,명전밖에 안해줘?,True,@herta_nunna,5.0,0
@herta_nunna,​@@3451-h7n지갑 사정이....,True,@herta_nunna,5.0,0
@herta_nunna,​@@3451-h7n지갑 사정이....,True,@herta_nunna,5.0,0
@Tain2-kf3lr,명전보단 1돌이 더 좋다는 소문이...,True,@herta_nunna,5.0,0
@seungyoo-h5m,진짜 예의가 아님,True,@herta_nunna,5.0,0
@YouTuberYhstar1107,"리딤코드 받아가세요~<br>UAJJDY9E8JJT<br>MTJ2CG9XRK2F<br>DSJKDYQF82J3",False,,0.0,0
@에이스-g6x,이번 버전 ㄹㅇ 역대급 레전드!!,False,,0.0,0
@Redan_1111,리딤코드<br>DSJKDYQF82J3<br>MTJ2CG9XRK2F<br>UAJJDY9E8JJT,False,,0.0,0
@r-2345,젠장! 샤오지! 이 메인 스토리는 대체 뭐냐!,False,,0.0,0
@프로망겜러,역대 최고의 게임,False,,0.0,0
@데라포그,한줄평: 이번 방송 다 했다 ㅋㅋㅋㅋㅋㅋ,False,,0.0,0
@user-pk9cw7wb4r,망귀인 헤르타 이쁘다,False,,0.0,0
@안녕하세요-y2c1s,그저 다 해준 붕스 왜 그래 무섭게....,False,,0.0,0
@엘덴,너희 짱먹어<br>모바일 게임 역사상 GOAT<br>붕괴 : 스타레일 <br>그리고 붕괴3rd Let&#39;s go,False,,0.0,0
@Daehye_0,이번버전 너무 야무진듯 ㄹㅇ,False,,0.0,0
@우나까까,킹치만 부트힐 복각이 업쓰어...ㅠ,True,@Daehye_0,1.0,0
@user-Luciel,유물비틱이 사라진다!!!,False,,0.0,0
@crackmacaron,점점 갓겜되는거같네,False,,0.0,0
@fireroma,GOAT,False,,0.0,0
@이로시작하는사람,좋았다,False,,0.0,0
@W5z-y3y,알찼다,False,,0.0,0
@기묘한서기관,더헤르타😂😂😂 성우님들 횟팅홧팅가요🎉🎉🎉 즐거운개척 여행떠나요😂😂😂😂😂,False,,0.0,0
@김잼민-k2g,지렷다,False,,0.0,0
@iudlwlrmaiu,앰포리어스 PV를 보니 과거의 낙원과 13인의 영웅들이 떠오른다.. !! 과연 스토리도 명작일지..기대됩니다,False,,0.0,0
@기묘한서기관,13인의 영웅 기대된다 오랫기간동안 13인의 영웅 기다려왔다구 ㅋㅋㅋ 불나방의 영웅!!!,True,@iudlwlrmaiu,5.0,0
@redcometxx,에리씨아,True,@iudlwlrmaiu,5.0,0
@thdtripleheadsdragon4503,13인의 영웅 오랜만에 들어보네 추억,True,@iudlwlrmaiu,5.0,0
@kimdoyun9486,메이의 기습숭배 시작,True,@iudlwlrmaiu,5.0,0
@setha2527,아아...영웅...!,True,@iudlwlrmaiu,5.0,0
@레벤,"[붕괴스타레일] 2.7버전 맛있는 리딤코드<br><br>첫 번째 - UAJJDY9E8JJT / 성옥 100개 5만 신용포인트<br>두 번째 - MTJ2CG9XRK2F / 성옥 100개 큰 경험치 책 5개<br>세 번째 - DSJKDYQF82J3 / 성옥 100개 큰 광추 책 4개",False,,0.0,0
@user-hy7iwoqs3,빠르다ㄷㄷ,True,@레벤,5.0,0
@레벤,으닝닝에 선데이에 아글라이아와 기가막힌 pv 속 엘리시아에<br>기억 운명의 길 나오고 상시 5성 선택권까지<br>그저 대 붕 스,True,@레벤,5.0,0
@노진환-i5l,ㅇ,True,@레벤,5.0,0
@user-bokbunja,감사합니당❤,True,@레벤,5.0,0
@우산연합회-제5인격,항상 감사합니다,True,@레벤,5.0,0
