author,comment,is_reply,reply_to,reply_count,is_spam
@model_hanhyejin,"여러분 착즙주스 넣은 막걸리 맛 안 궁금해요? 여러분만을 위한 비밀링크 <br>휴롬 특별 기획전  <a href=""https://iff.do/1HF"">https://iff.do/1HF</a>",False,,0.0,0
@돈까스주먹-o7u,맛있겠당~!,True,@model_hanhyejin,10.0,0
@potatokim8866,안그래도 살까말까 고민중이였는데 타이밍굳 이건 사야지😮,True,@model_hanhyejin,10.0,0
@David-sb2uk,서의 같이살믄 시집은 언제갈라꼬~!?<br>시언이한테 한소리들어야겠구만~~ㅋㅋ,True,@model_hanhyejin,10.0,0
@닝닝-u2h,한가인님꺼에도 휴롬 나오던데..사야하나,True,@model_hanhyejin,10.0,0
@moon0182000,아오~~넘 재밌자네,True,@model_hanhyejin,10.0,0
@박애란-v6d,엔젤착즙기가최고저거는즙이많이남는다,False,,0.0,0
@감자소녀-h6w,쑥갓 아니구 청갓 아니예요?,False,,0.0,0
@ardoche,풍자 한혜진 조합 너무 꿀잼 ㅜㅜ,False,,0.0,0
@김말복-j2l,쑥갓 아니고 갓이요~,False,,0.0,0
@김세상-e4l,김치 맛나겠다요~~ 세분 캐릭터가 달라서 더 잘어울리나봐요.. 언제보아도 재미있고 즐거워요~ 보고 또 보고 한답니다.,False,,0.0,0
@BTS58690,너무 조아용~꾸~욱❤,False,,0.0,0
@산호수-b4k,사과를 통째넣어요? 사과씨는 독이있어 반드시 데거하고 갈아드세요~,False,,0.0,0
@AlwaysOutdoorsy,Is that a guy?,False,,0.0,0
@이상-u6v,다음년도에는 팬미팅때 김장담그기 어때요??//수육먹고싶드아...,False,,0.0,0
@Elvis0524,쑥갓이 아니고 그냥 갓입니다요 ㅎㅎㅎㅎㅎ 자막까지 ㅇㅇ,False,,0.0,0
@유수연-u7e,저는 어머님 레시피가 오히려 깔끔한 맛일것 같아서 맘에 드네요❤,False,,0.0,0
@pureumkim4157,게스트중에 세명 조합이 젤 웃김ㅋㅋㅋㅋㅋㅋ,False,,0.0,0
@윰-d8l,엄지윤 넘 귀엽다 착해~☺️,False,,0.0,0
@릴리니0909,"마지막 <a href=""https://www.youtube.com/watch?v=HRCQ9ZEWfYE&amp;t=1390"">23:10</a> 한혜진 엄지윤 서로 쳐다도 안보고 인사하고 정색으로 돌아서는겈ㅋㅋㅋㅋㅋ 컨셉이죠 ? 연기 너무 잘하고 자막도없어서 진짜인줄 ㅋㅋㅋㅋㅋㅋㅋㅋㅋㅋㅋㅋ",False,,0.0,0
@노사랑-j4z,쑥갓 아니고 청갓 ㅋㅋㅋㅋㅋㅋㅋㅋ,False,,0.0,0
@김가네샤,나로호 발사~~~ 왜케 웃기냥,False,,0.0,0
@김은영-z6u,쑥갓이 아니라 <br>그냥 &quot;갓&quot;이예요,False,,0.0,0
@kngyou7226,언니 조카도 보고싶어요..,False,,0.0,0
@계피가루,영상보고 휴롬 주문했어요 ㅎㅎ 김치 너무 맛있겠네요 &gt;_&lt;,False,,0.0,0
@강혜영-m7g,갓 인데 왜 다들 쑥갓이라고 해요ㅎㅎ,False,,0.0,0
@user-br8eo1rh4j,풍자씨는 볼때마다 지니어스 한것 같아요.,False,,0.0,0
@이가연-m3d,풍자님이랑 김치만두만들기 해서 김치만두찜 김치칼국수만두 하면 좋겠어용❤,False,,0.0,0
@깡수니-x4i,김치맛잇겍다,False,,0.0,0
@박미정-e4v,나만그런가....화질이 왜이래ㅜㅜㅜ,False,,0.0,0
@Whitouth,개꿀잼 ^^,False,,0.0,0
@헬로하이-n7e,청갓이요.......ㅋㅋㅋㅋㅋㅋㅋㅋㅋ 제작진분들도 김장 잘 몰라서 실수햇나바여 귀요ㅕ워,False,,0.0,0
@heesun113,나왜 썸네일 풍자랑 양세형인줄알았지?!ㅋㅋ,False,,0.0,0
@태블릿-t3g,작년에도하드니엄마가김장쉽겟네,False,,0.0,0
@sullivan432,엄지윤씨 썸넬 양궁 금메달리스트 포효좌 닮앗네...,False,,0.0,0
@user-xe3dy9zw4m,"<a href=""https://www.youtube.com/watch?v=HRCQ9ZEWfYE&amp;t=590"">9:50</a> ㅋㅋㅋ 인스타 짤 보고 왔습니다 갸웃",False,,0.0,0
@김윤희-p3v,김장 진짜 힘든데.. 특히 강판 채칼 엄청 잘 쓰시네요... 전 작년에 크게 다치고 이번 김장때 고민하다가 agk전동채칼 샀는데 ㅎㅎ전동이라서 손 다칠일 없으니까 마음이 편하네요ㅋㅋ,False,,0.0,0
@chu_3s,갖고싶은 착즙기😮 보고 배고파졌다능..,False,,0.0,0
@jj_0952,착즙기 아무 생각없다가 포도 막걸리에 확 사고싶네 ...,False,,0.0,0
@briankim7419,ㅋㅋㅋㅋㅋ 니가 모르면 누가 알아<br><br>속이 시원하네,False,,0.0,0
@鍾棋茗,롤카롤카 놀이공원 보다 더 짜릿짜릿 19금 보다,False,,0.0,0
@녹턴-y7x,깨를 듬북 넣어야하는데...😮,False,,0.0,0
@산바람-x5i,풍자님 두건쓴 모습  넘 어울려요,False,,0.0,0
@유포리아-t7h,김장 하고 싶게 만드는 세분!!👍<br>휴롬 갖고 싶게 하는😮,False,,0.0,0
@iloptkdjsnaa,ㅋㅋㅋㅋㅋ ㅋㅋㅋㅋㅋㅋㅋㅋㅋㅋ 개웃겨 ㅋㅋㅋㅋㅋㅋ 풍자가 살린다,False,,0.0,0
@YKHeo-tt2dw,김장 할때 사과 들어감 나중에 아삭한 맛이 사라지고 물러요 ㅠ묵은지로는 ㅈㅈ<br>겉절이나 오래 보관하지 않는 김치류에만 넣는게 좋답니다 언니~~♡,False,,0.0,0
@성이름-d4m6u,찐친만 할 수 있는 드립이넼ㅋㅋㅋㅋ,False,,0.0,0
@jijinoballs,풍자 믹서기 소리 너무 똑같네 ㅋㅋㅋ,False,,0.0,0
@wodus5011,배추 양은 어느정도일까용..?<br>이대로 김장하고 싶어여,False,,0.0,0
@이주연-o4p,25포기래요,True,@wodus5011,1.0,0
@user-seventeen3388,"혜진님, 26년에 결혼하실 듯요. 늦어도 27년에는 하실것같아요. 미리 축하드려요.",False,,0.0,0
@June-dn5ty,Still waiting for eng sub 👀,False,,0.0,0
@qwerta967,다이어트 좀 해줘....... 그냥 턱선이라도 생기게...보는사람도 불안불안한 걸음이다,False,,0.0,0
@yuzakim,ㅋㅋㅋ의외의 인연 ㅋㅋㅋ여러번 나오는 풍자님이랑 ㅋㅋㅋㅋㅋㅋ엄지윤님이랑 우어,False,,0.0,0
@오늘은-e7u,계속본다 꿀잼❤,False,,0.0,0
@TV-qe3lr,누난 왜 결혼 안하시는거죠? 엄청 자상할거같은데 누나랑 결혼 하시는 분은 진짜 나라를 구했을거에요!  화면에서 보는 누나는 엄청 진국이신분 같아요. 남자분들이 엄청 대시하실거같아요!,False,,0.0,0
@경숙이-v8t,과일 네이버에서 주문하면<br>또 로그인 후 주문이라서<br>좀 힘들어요,False,,0.0,0
@노래-c8i,이 조합 자주자주 좀 보여 주세요~! 왠만한 방송 보다 훨씬 재밌어요. 덕분에 재밌어 스트레스도 풀리고.. 풍자님 완전 귀여우심.,False,,0.0,0
@jungmi470,"김치 익으면 진짜 맛있을거 같아요. 그때 다시 이 김치로 김치전, 김치찜 같은거 해 먹으며 다시 한번 모여주세요~!!! ^^ 😊",False,,0.0,0
@MonikiteMala,엄지윤 넘 웃겨,False,,0.0,0
@josin3051,풍자님 좋아요. ❤,False,,0.0,0
@yuldesign8326,쑥갓이 아니라 갓입니다. 토종갓.ㅎ,False,,0.0,0
@jeungeunkim4564,😂😂😂😂😂 너무 재미져용,False,,0.0,0
@두리두리-g6i,믿고보는 풍자,False,,0.0,0
@건강하게-l8l,앗따 세명다 너무 잘한다아!!!!👏👏👏👏,False,,0.0,0
@sallyhom3266,No English sub 😢,False,,0.0,0
@노을-y5q,지윤님 입수 넘 잼있어요ㅋㅋ,False,,0.0,0
@KWANGSOOl,쑥갓 X 청갓0,False,,0.0,0
@감자네일,휴럼질렀다에어플라이랑😊,False,,0.0,0
@JJiney,의리 헤진누나 인상 갑! 응원해요!,False,,0.0,0
@ag1220ag,돈데크만 웬일. 라떼 시절 만화인데 😂,False,,0.0,0
@뽀리엄마-i6c,그것도 맞데 남자속을모르면 누가아냐고 ㅋㅋ,False,,0.0,0
@yingmeicui5518,나래식은 한혜진이랑 비교가안되지~한혜진은 연예인 아니게 일반인들처럼 똑같이 편한게 해주니까 ..음...사람냄새나~넘 구수하고 좋아 풍자랑 기안이랑 다들 비슷해서 너무좋아 방송처럼안해서 넘 좋고 그리고 재밋어요ㅋㅋㅋ,False,,0.0,0
@kitchenofrona,너무 재밌어요 ❤❤❤❤,False,,0.0,0
@연두-d4u,쑥갓 아님.  청갓  임.,False,,0.0,0
@명휘-o5b,혜지니조아😊😊😊,False,,0.0,0
@comdulz,쑥갓이 아니라 갓김치의 갓일텐데...,False,,0.0,0
@바라나시아,풍자 코 수술 하니까 훨씬 예뻐졌넹❤,False,,0.0,0
@amablemr,쑥갓이 아니라 그냥 갓 입니다,False,,0.0,0
@taeh5016,항상 응원합니다,False,,0.0,0
@냠냠-w3i3f,ㅋㅋㅋㅋ뒤에 개웃겨여 ㅋㅋㅋㅋ,False,,0.0,0
@주미-o7m,휴롬 쥬스키트 너무 좋아요 <br>홍천일기 매일이 평화롭고 즐거워요 😊😊😊,False,,0.0,0
@최경순-x5l,🥰🥰🥰🥰🥰🥰🥰🥰,False,,0.0,0
@꼬맹이-c1t,새우젓은 어디꺼쓰셧어요?,False,,0.0,0
@쁘녜-q1w,아닠ㅋㅋㅋ 돈테크만 너무 웃겨요😂,False,,0.0,0
@ioizioi,ㅋㅋㅋㅋ졸라웃기넹,False,,0.0,0
@황은주-b3i,쑥갓 아니라 갓김치 할때 갓 ㅋㅋㅋ 분위기 부러워요~~~~,False,,0.0,0
@난나야-r5v,남자 속 ㅋㅋㅋㅋ ㅋㅋㅋㅋ 빵터졌네 ㅋㅋㅋ,False,,0.0,0
@김건희특검반드시,홀란이 김장하네🤤,False,,0.0,0
@druids0325,"<a href=""https://www.youtube.com/watch?v=HRCQ9ZEWfYE&amp;t=533"">8:53</a> 쑥갓 아니고 청갓 ㅋㅋㅋㅋ",False,,0.0,0
@sohyunpark5772,"<a href=""https://www.youtube.com/watch?v=HRCQ9ZEWfYE&amp;t=841"">14:01</a> 우와ㅏ아아아아ㅏ와ㅏㅏㅏㅏ👀",False,,0.0,0
@까만콩달콩이,썸네일보고 양세찬인줄,False,,0.0,0
@moon0182000,너무재밌어요. 좀더 보고싶네,False,,0.0,0
@오션코랄-x1n,지윤씨 썸네일 김대호 아나운서인줄 ㅋ ㅋㅋㅋ ㅋ ㅋ,False,,0.0,0
@정선미-k3v,다진마늘이랑 생강은 넣었죠??  ㅎㅎ,False,,0.0,0
@olive761145,운근재밌는조합였어요<br>저도김잔하러~<br>즐건영상감사해요,False,,0.0,0
@요리맘,언니~~ 위에 옷 어디꺼예요? 넘 예뻐용,False,,0.0,0
@hye.Ji3,썸네일에 소개된분과 다른분이 있어요 !!,False,,0.0,0
@숲좋아,다같이 김장김치 담그니 너무 좋네요^^   마지막 혜진님 화끈한 입수  지윤님 던져지듯 입수 풍자님 런 완전 웃겼어요   웃겼어요😊😊😊,False,,0.0,0
@페퍼민트-y1u,쑷갓 아니고 청갓 같은데요?,False,,0.0,0
@HK-Park,풍자님 건강관리하시고 살이 빠지고 보기 좋아졌어요. 잘 먹는 것도 중요하지만 건강관리 꼬옥 하세요~,False,,0.0,0
@widdmsrud,휴롬 포도막걸리!!! 너무 탐나네요<br>섯이너무 너무 웃겨<br>ㅋㅋ 똥 나로호 ㅋㅋ<br>김장도 재미났어요,False,,0.0,0
@흎희흎희,"<a href=""https://www.youtube.com/watch?v=HRCQ9ZEWfYE&amp;t=395"">6:35</a> ㅋㅋㅋㅋ엄지윤님 MZ그자체 일부로 못하는 척 좌천각!!",False,,0.0,0
@crystalmoon4387,"풍자님 돈데크만이 아니라 돈데크만을 욕심내는 압둘라랑 더 닮았어요 &gt;,&lt;",False,,0.0,0
@muk_1102,풍자 풍채봐라...,False,,0.0,0
@V13-tigers,김장은 무조건 나래가있어야되는데ㅋㅋㅋㅋㅋㅋㅋㅋ이 셋 조합도 미치겠다ㅋㄱㅋ,False,,0.0,0
@흎희흎희,풍자님이랑 지윤님 너무 재밌닼ㅋㅋ,False,,0.0,0
@evayang1990,아..김치랑 포도막걸리 너무 맛있겠당,False,,0.0,0
@berry3056,와 엄지윤 풍자 한혜진 조합 너무 좋아요 너무 재밌음 ㅠㅜ,False,,0.0,0
@songihihi,지윤님 야무지게 다 잘하시네 요~~ㅋㅋ,False,,0.0,0
@누디-q1x,아 돈데크만ㅋㅋㅋㅋㅋㅋㅋㅋㅋㅋㅋㅋㅋㅋㅋㅋㅋㅋ아 빵터짐 ㅋㅋㅋㅋㅋㅋㅋㅋㅋㅋㅋ,False,,0.0,0
@dlqm2002,풍자님 넘 조아유~~~❤❤❤❤,False,,0.0,0
@pepsi_m,사랑합니다!^^,False,,0.0,0
@aajjmmomm4197,처음에 입으신 니트 제품정보 알수있을까요,False,,0.0,0
@김하진-w9t,저도 알고 싶어요🎉,True,@aajjmmomm4197,1.0,0
@AL-io9fv,오셨다!!!!!!! 오셨어!!!!!!!!!! 감사합니다🫡💝🫡,False,,0.0,0
@혀나-h,혜진언니 나래언니와 <br>우정 오래가세요❤<br>풍자씨 재미있어요😢,False,,0.0,0
@amipa077,다음주 시댁 김장하러 가는데...<br>갑자기 빨리 가고 싶어짐ㅋㅋㅋㅋㅋ<br>아놔 흰밥에 김치 어쩔!!!!!😍😍😍,False,,0.0,0
@갑순이-w1m,풍자 손 진짜 야무지다,False,,0.0,0
@DRselections,드립 넘 웃겼어요 ....남자속 ㅋㅋㅋㅋ,False,,0.0,0
@김김-l3m7m,아 마지막에 입수 뭔뎈ㅋㅋㅋㅋ 깔끔하니 재밌다 이번편 개 웃기다 ㅋㅋㅋㅋㅋㅋㅋㅋㅋ,False,,0.0,0
@박창민-l7p,저 착즉... 옆 라인에서 누구는 술과 함께 마시던데 ㅋㅋㅋㅋ,False,,0.0,0
@포레스트그린,탕에 넣어먹는 쑥갓과 김장에 들어가는 갓은 다른거 아시지요ㅋㅋㅋ,False,,0.0,0
@권이룩이,포도막걸리 보고 휴롬이 사고 싶어졌어요 ㅋㅋㅋㅋㅋㅋㅋㅋㅋㅋㅋㅋㅋ신박하게 구매의도함 ㅋㅋㅋㅋㅋ,False,,0.0,0
@권이룩이,세분 너무 잼있어요 ㅋㅋㅋㅋㅋ자주자주 세분영상 해주세요 풍자님이랑 케미 왜케 좋아요 ㅋㅋㅋㅋㅋ,False,,0.0,0
@헤이즐넛제이,풍자씨가 아주 똑띠네~<br>혜진언니가  넘.사랑하는게 느껴짐.<br>그나저나 기쎈동생들 사랑하는 찐기쎈 혜진님❤,False,,0.0,0
@깡맘-k1u,우와~~<br>휴롬이 달라졌네요 ㅎ<br>내것은 무긴데...ㅜ,False,,0.0,0
@chichipupu,와 ㅜㅜ맛있겠다,False,,0.0,0
@kcarolina2540,한혜진 다이어트김치~ㅋㅋㅋ<br>수육에김치 너무 맛있겠다~~🤤🤤🤤,False,,0.0,0
@jjunmom-g9j,풍자님은 어첨 김장에서도 <br>잘 아시는지...대단합니다<br>역시 👍  나래님하고 김장한것이<br>엊그제같은데...벌써 김장철이<br>왔네요.  어머님레시피 굿굿굿<br>맛 엄청날듯해요..ㅠ눈으로 먹고<br>갑니다.❤❤❤,False,,0.0,0
@장투-y5k,80만 가자구요~^^,False,,0.0,0
@효니A,나도 이조끼샀지 요즘유행인가 근데 원사이즈라 커ㅜ,False,,0.0,0
@박혜영-n3x,작년엔 김장없었던것같아요<br>작년에 아쉬웠는데 ㅋㅋ 김장좋아요:),False,,0.0,0
@liz8487,엄지윤씨 파타고니아 자켓입고 김치파티 사실…?,False,,0.0,0
@안명화-l8c,사과씨는빼야지요 씨는몸에안좋아요😊,False,,0.0,0
@배경훈-m3f,잘보고갑니다    ❤❤❤,False,,0.0,0
@dwhj1211,풍자님 몽골....,False,,0.0,0
@rosew4215,한혜진 성격이 넘 좋아요.,False,,0.0,0
@lmt_53,😂😂😂😂😂😂😂😂😂😂😂😂😂😂😂,False,,0.0,0
@보라보라-b8d,와 50만원 가까운걸 선물로 쏘는 혜진님 짱🎉,False,,0.0,0
@박옥경-r5e,혜진씨랑 함께 하는분들은 다 어울리네요 캐미들이 다 좋아..나르호 삽 돈데크만ㅋㅋㅋㅋ,False,,0.0,0
@박홍미-g4k,간마늘은 안넣나봐요..신기하네요,False,,0.0,0
@blessing77772,한혜진님 넘좋앙! 히잉~,False,,0.0,0
@지그미에오,"<a href=""https://www.youtube.com/watch?v=HRCQ9ZEWfYE&amp;t=591"">9:51</a> 미친 ㅋㅋㅋㅋㅋㅋㅋㅋㅋㅋㅋㅋ 니가 모르면 누가알아 ㅋㅋㅋㅋ",False,,0.0,0
@민경서-g8k,"내가 리스펙트 하는, 💚 모델언니💚<br>인간문화재... 이심.🙇🙇🙏🙏...",False,,0.0,0
@박태우-f2u,무편집 풀버전도 따로 올려주심 좋겠어요😢,False,,0.0,0
@hellohyel,ㅋㅋㅋㅋㅋㅋㅋㅋㅋㅋㅋㅋㅋㅋㅋㅋ조회수 보장이넼ㅋㅋㅋ개꿀잼,False,,0.0,0
@진돗개-i1e,누가 풍자먹방 불렀어 하..자기전인데,False,,0.0,0
@bottleminroad3676,풍자님 보온메리? ㅎ그렇다고 해주세용.. 더 귀엽겠씀..,False,,0.0,0
@bmicer3611,양세찬게임 재밌어요😊,False,,0.0,0
@hyunehyun,최애들만 모이다니❤❤❤,False,,0.0,0
@lisaworld2324,오늘 제일 재밌네😂,False,,0.0,0
@Nana8-1-8,돈데크만만 살아남았어 😂😂,False,,0.0,0
@김곤-n2c,풍자님은 진짜 모르는게없네 ....,False,,0.0,0
@찐-f7t,"<a href=""https://www.youtube.com/watch?v=HRCQ9ZEWfYE&amp;t=534"">8:54</a> 쑥갓 아니고 갓이요 ㅋㅋㅋㅋㅋㅋ",False,,0.0,0
@bong2sister,"갓이요, 갓! 청갓!",True,@찐-f7t,1.0,0
@hyewontae-u6c,내편하자 멤 계속 친하게 지내는거 넘 보기좋아요 ❤❤❤❤,False,,0.0,0
@lovettlo,혜진누나 넘 좋음 ㅠㅠ 따뜻한 사람,False,,0.0,0
@kh-xt8os,혜진 짱~,False,,0.0,0
@지서현-w3v,경상도 사람인데 강원도 시집가서 김장배웠는데 강원도 김치 깔끔하니 넘 맛났어요 ㅎ,False,,0.0,0
@지나-g3j,영상을 안볼수가없는 그냥지나칠수없는 그런조합이잖아요~~~🤣🤣🤣🤣🤣,False,,0.0,0
@juliass85,ㅋㅋㅋㅋㅋ피로가 싸악 풀리는 조합❤,False,,0.0,0
@nanakim888,아 망했다 이걸 왜 밤에 봤을까😅 너무 맛있게 드시네요,False,,0.0,0
@xldnjsvkdlxld24,안그래도 휴롬 구매 고민중이였는데 진짜 뽐뿌 쩌네요..<br>풍자님 너무 재밌어요!!,False,,0.0,0
@콩콩방콩,드시는것도 아물딱찌여~~~,False,,0.0,0
@콩콩방콩,풍자님 김장을 대단해요 ❤,False,,0.0,0
@seonyeon0929,포도 막걸리 맛이 궁금하네요~~ 휴롬 처음 나왔을때 샀었는데 많이 심플해졌네요~~,False,,0.0,0
@delaloo9043,풍자를 봐서 넘 재밌다~,False,,0.0,0
@leejjong88,90년대 예능 보는 줄 ㅋㅋㅋㅋㅋㅋㅋㅋ😅,False,,0.0,0
@business_sen,엄지윤 귀엽닼ㅋㅋㅋㅋㅋㅋ,False,,0.0,0
@lim_star,요셋은 왜 또 재밌고 좋은뎈ㅋㅋㅋ,False,,0.0,0
@owoesrt,풍자 핑크색 왜이렇게 잘 어울려,False,,0.0,0
@우리모두행복하자-d9w,ㅋㅋㅋㅋㅋ아놕,False,,0.0,0
@윤지영-c4q,고생했어요   재미  짱입니다,False,,0.0,0
@miokkim2603,썸네일🤣❤❤❤,False,,0.0,0
@정지영-n6q,혼자 빠지지 삽은 왜..,False,,0.0,0
@spicy_sonamu925,이 조합 안 봐도 무조건 좋아요야 ㅋㅋㅋㅋㅋ,False,,0.0,0
@쭉잘될사람-m1v,재밌네요~♡<br>빨리  김장해서 먹고 싶네요,False,,0.0,0
@jiyeonii1017,김장 미쳐부러~ 맛나게따아👍🏻<br>수육 크아앙😊,False,,0.0,0
@다솜-w5x,올해도 어김없는 김장~~흰밥에 김장한  배추김치 얹어먹고 싶으다❤,False,,0.0,0
@scurry_30,언니ㅜㅜ..사과씨에..독성있다는데ㅜㅜ,False,,0.0,0
@SyChoi_Happy,쑥갓이 아니고 청갓인것 같은데요 ㅋㅋㅋ 김장 배워가요.,False,,0.0,0
@mss3176,사과는 통째로는 안돼요.씨에 독성 있다네요,False,,0.0,0
@나무늘보-i7s,역시 ppl은 풍자가짱 ㅋㅋㅋ,False,,0.0,0
@Claire_shlee,아 미친 썸넬에 엄지윤 양세형인줄 알았음,False,,0.0,0
@꿀밤꿀-w2d,와 반팔입고 하는 김장이라니…,False,,0.0,0
@으니-i5e,"쑥갓 아니고 갓??<a href=""UCkszU2WH9gy1mb0dV-11UJg/8gF1Xp_zK8jk8gSDrI2wCw""></a>",False,,0.0,0
@양지원-m2k,"<a href=""https://www.youtube.com/watch?v=HRCQ9ZEWfYE&amp;t=1314"">21:54</a> ㅋㅋㅋㅋㅋㅋㅋㅋㅋㅋㅋ",False,,0.0,0
@성순홍,기안누나 정말멋있어요❤❤❤,False,,0.0,0
@okplm158,ㅋㅋㅋㅋㅋㅋㅋㅋ남자속 ㅋㅋㅋ 너무웃겨요,False,,0.0,0
@abcdcdef3188,와~~ 풍자 언니 ❤❤❤❤,False,,0.0,0
@up1274,❤귀요미 풍자❤,False,,0.0,0
@베니플랙,미쳤다.. 나래식에 이어 혜진언니까지.... <br>휴롬 착즙기 너무 뽐뿌온다 ... 나 두잔 마시고 신랑 한잔 주고싶다.,False,,0.0,0
@김정미-o3z4v,사과씨 먹어도 되나용?,False,,0.0,0
@김은정-u9n,언니 김치.보쌈너무맛있어보여서침나왔어요😅,False,,0.0,0
@jinakim6598,셋조합넘재밋어요오❤❤❤❤,False,,0.0,0
@DanzieLee,멤버 조합 최고 ㅋㅋㅋ,False,,0.0,0
@곰세마리-y8t,엄마김치레시피 너무 좋은데요 똑같이 해봐야겠어요.,False,,0.0,0
@K-ko7uh,이조합 너무 좋아요🥰,False,,0.0,0
@Mistress9Tomoe,다들 김장 몸빼 차림에 생각나는 게......<br>혜진 Han : 건강식을 고수하는 시어머님<br>미스 풍자 : 요리계의 통큰 옆집 아주머니<br>엄지윤 : 김장 막 배우는 새며느리,False,,0.0,0
@지금상한가,풍자이뽀요❤,False,,0.0,0
@asdf1234-k3y,ㅋㅋㅋㅋㅋㅋㅋㅋ퇴근하고 막걸리 마시면서 재미지게 봤어요~~,False,,0.0,0
@자우림-b8h,쑥갓 아니고 청갓인거 같아요..<br>김장에 쑥갓 넣는거는 처음 보는데..ㅋㅋㅋ<br>청갓일꺼에요~~울산 아지매가....^^,False,,0.0,0
@空はひまわり,쑥갓이 아니라 갓인데 자막도 쑥갓,False,,0.0,0
@taehyunhong,좋아좋아,False,,0.0,0
@shkong7672,사과씨는 드시면 안됩니다.,False,,0.0,0
@안경진-j9t,썸네일 지윤님ㅋㅋㅋㅋㅋ양세형인줄 알았어요ㅋㅋㅋㅋㅋㅋㅋㅋㅋㅋㅋㅋㅋㅋ,False,,0.0,0
@jihyun0821,로브를 하나 걸쳐도 저래 이쁠일이야!!!,False,,0.0,0
@zerowaterkr,"어젯밤 나는  꿈에서 나래식에서 휴롬쥬서기를 봤다,",False,,0.0,0
@지니-z1t6m,너무너무 재밌어서 계속웃었어요^^,False,,0.0,0
@PinknoseTV,우리 혜진님..요즘 번아웃 왔죠..내가 나혼산부터 한7년동안 꾸준히 보고있는데..요즘 좀 그래보여요..쉬어야할텐데...,False,,0.0,0
@정선영-c5w,세 분의 케미가 너무 좋아요~~좀 더 보고싶어여,False,,0.0,0
@FilmMovieAI,"김장을 해야 하는데 올해는 배추값, 재료값이 너무 비싸서 많이는 못할거 같네요.",False,,0.0,0
@youngmimimimi,계속 웃으면서 봤어요 ㅋㅋㅋㅋㅋ 왜 케 웃겨,False,,0.0,0
@바다바다-c1x,혜진언니 방가방가 👋풍자언니도 예뻐요.웃음 가득한 맛난김장 담기 재밌게 잘봤어요.👍👍👍,False,,0.0,0
@신원철-c6v,한혜진언니 성격 넘좋앙 내숭이없어서 넘죠앙❤,False,,0.0,0
@별이반짝-kse,시간순삭 너무 재밌었습니다😂😂😂,False,,0.0,0
@Limkimsfree,와... 귤소주는 안부럽던데<br>포도막걸리 너무 부럽네여 ❤❤,False,,0.0,0
@Jangkii8123,풍자가 수육먹는 속도로 왔습니다,False,,0.0,0
@써니샤인,우와 잼나겠다😅😅😅,False,,0.0,0
@Sugi-u2p,한통 업어오고 싶어요ㅠ,False,,0.0,0
@totolim2230,풍자보러 달려옴 ㅋ,False,,0.0,0
@terryy6819,"<a href=""https://www.youtube.com/watch?v=HRCQ9ZEWfYE&amp;t=597"">9:57</a> ㅋㅋㅋㅋㅋㅋㅋㅋㅋㅋㅋㅋ",False,,0.0,0
@user-qi7o0dr54h8rq,"<a href=""https://www.youtube.com/watch?v=HRCQ9ZEWfYE&amp;t=590"">9:50</a> 부터 ㅋ",True,@terryy6819,2.0,0
@정정이-w8q,존나웃김ㄱㅋㄱㄱㄱㄱㄱㄱㅋㄱ,True,@terryy6819,2.0,0
@카미-j3n,엄란드 귀여워 죽것네 ㅋㅋ,False,,0.0,0
@bora_486,잘가~~삽~~ ㅋㅋㅋㅋㅋㅋㅋㅋㅋ,False,,0.0,0
@solmio1469,한혜진 ❤ 내꺼!!,False,,0.0,0
@Limkimsfree,ㅋㅋㅋㅋ 네 박나래가 알려줬어여 ㅋㅋㅋ 역시 잘나가는 자매는  같이 들어오네여 ㅋㅋㅋㅋㅋ,False,,0.0,0
@블루金,너무 잼나게 봤어요 ~  짧게 느껴질정도,False,,0.0,0
@배주영-p2s,김치 맛있게 먹어요. 한혜진 ❤❤화이팅,False,,0.0,0
@응엥앜,ㅋㅋㅋㅋㅋㅋㅋㅋㅋㅋㅋㅋㅋ아 진짜 셋 다 왤케 귀엽게 놀아요 여고같네 ㅋㅋㅋㅋㅋ,False,,0.0,0
@유머공포라디오,한:혜진은. 항상<br>혜: 자고<br>진: 진국.,False,,0.0,0
@Sugi-u2p,맞아요😊,True,@유머공포라디오,1.0,0
@귤채-b8u,풍자언니 너무 귀엽고 지윤언니랑 혜진언니 조합 너무 좋아요🫶🫶🫶,False,,0.0,0
@유머공포라디오,한혜진 이쁘❤,False,,0.0,0
@양동민-b3f,한입만~♡♡♡♡♡=),False,,0.0,0
@June-dn5ty,Loveeee it when Pungja appears on your channel! 😍,False,,0.0,0
@meenyiim,풍자언니 나오면 못참지이이,False,,0.0,0
@susanghan_cho,한혜진x풍자x엄지윤 조합 넘흐 조아요💛<br>원래 김장은 혜진궁에서 니래언니랑 했는데 풍성해졌네요~🤭<br>담엔 나래팍까지 4인팟 함 보여줘용~~🔥🔥🔥,False,,0.0,0
@Gggikkkk,풍자님 부르는 거 미안해하더니 이제 자주 부르시네옴 ㅋㅋㅋ 좋음,False,,0.0,0
@새들송,김장은 나래다,False,,0.0,0
@송경옥-c3k,혜진언니는  못하는거 없네요 ㅋ,True,@새들송,1.0,0
@jinulee7,조회수 견인차를 둘이나 부르다니....,False,,0.0,0
@seukki_s,표현력ㅋㅋㅋㅋㅋㅋㅋㅋㅋ👍🏻👍🏻👍🏻,True,@jinulee7,5.0,0
@woo0293,이건사기지..,True,@jinulee7,5.0,0
@Hoon-p6e,풍자는 무거워서 견인불가,True,@jinulee7,5.0,0
@킹윤수-m7c,@@Hoon-p6e뭔소리야 풍자가 견인하는데.. 힘 좋아서 대형차나 특수차 견인용이구만,True,@jinulee7,5.0,0
@Yoooree,내마리~! 우리 풍자가 다 견인하지 ㅡㅡ,True,@jinulee7,5.0,0
@kclee-s1r,풍자형이 제발 자기채널만하면좋겠다,False,,0.0,0
@울프르츠,보지말고 ㄲ ㅈ,True,@kclee-s1r,1.0,0
@탁율링,삽😂😂😂😂😂😂😂😂😂😂😂😂😂😂😂😂,False,,0.0,0
@지안-f3m,부러워요❤<br>김치 맛있겠어용~~~,False,,0.0,0
@나는짱구-q6v,풍자형,False,,0.0,0
@차혜라-d1y,휴롬에 과일얼린거 넣으면 샤베트돼요! 그릭요거트에 얹어먹으면 짱맛!!!!,False,,0.0,0
@greego-b8j,우와 대박,False,,0.0,0
@Hgfdz9o,아니 엄지윤 진짜 오디오 잘채우네,False,,0.0,0
@라떼는말이야-p5s,잘 채우긴 해 근데 저 툭툭 뱉는듯한 말투 개듣기싫음ㅋㅋ,True,@Hgfdz9o,1.0,0
@유령-f6q,내편하자팀 너무좋아 ㅠ,False,,0.0,0
@돈까스주먹-o7u,저거 엄마 사드리고 해달라하면 해줌ㅋ,False,,0.0,0
@alfsod84,😊😊❤❤,False,,0.0,0
@kkmma6269,캭  재밌겠다!!!!!!  이 조합이 너무너무 좋다고요!!!! 완전체인 넷도 유닛으로도 좋다고요!!!!!,False,,0.0,0
@탁율링,나래식이랑 PPL대결인가😂😂😂😂,False,,0.0,0
@user-rk9xn9bv7n,아 남자드립 너무웃기네 ㅋㅋㅋ 풍자 성격 너무 좋은듯 ㅋㅋㅋㅋ풍자는 방송 어딜가든 평타이상이네 개그우먼도 아닌데 ㅋㅋㅋㅋㅋㅋㅋㅋㅋ,False,,0.0,0
@yunhee0815,나래님쪽에서 먼저해서 샀는딩 ㅠㅠ  정말 밀키트가 너무 좋네요,False,,0.0,0
@므흣-i2i,"<a href=""https://www.youtube.com/watch?v=HRCQ9ZEWfYE&amp;t=87"">01:27</a> 사과씨앗은 청산가리 성분과 유사해서 먹으면 안 좋습니다. 반드시 씨를 제거한 후에 드시는 것을 권합니다.",False,,0.0,0
@gnizama,Nowadays these channels are more enjoyable for me than tv shows,False,,0.0,0
@June-dn5ty,Agreed!,True,@gnizama,1.0,0
@jeonhm-i6i,이쁜 혜진님❤,False,,0.0,0
@jeonhm-i6i,휴롬사야겠당,True,@jeonhm-i6i,1.0,0
@묵언수행-j5q,지금... 미우새  풍자양...홍천에 초대했을 때의 영상(재방송)보고 있는데...야외 수영장 청소 외...  오늘 영상이 풍자양 초대 영상이네? 이런 우연이... ㅋㄷㅋㄷ,False,,0.0,0
@qwerty-f4s,이언니 새삼 피부 개좋네,False,,0.0,0
@micaelsimon9155,유튜브 머신..,False,,0.0,0
@이미란-x6m,혜진씨♡  전 넷째를 낳고 지금 초췌한 모습으로 보고있네요♡ ㅋ김장 맛나겠다잉 오늘도 화이팅,False,,0.0,0
@user-uq3vj3sp1e,뭘입어도 이뿌노.. 아.. 혜진 최고❤❤,False,,0.0,0
@jmk2662,우와1등 ❤,False,,0.0,0
@model_hanhyejin,"여러분 착즙주스 넣은 막걸리 맛 안 궁금해요? 여러분만을 위한 비밀링크 <br>휴롬 특별 기획전  <a href=""https://iff.do/1HF"">https://iff.do/1HF</a>",False,,0.0,0
@돈까스주먹-o7u,맛있겠당~!,True,@model_hanhyejin,10.0,0
@potatokim8866,안그래도 살까말까 고민중이였는데 타이밍굳 이건 사야지😮,True,@model_hanhyejin,10.0,0
@David-sb2uk,서의 같이살믄 시집은 언제갈라꼬~!?<br>시언이한테 한소리들어야겠구만~~ㅋㅋ,True,@model_hanhyejin,10.0,0
@닝닝-u2h,한가인님꺼에도 휴롬 나오던데..사야하나,True,@model_hanhyejin,10.0,0
@moon0182000,아오~~넘 재밌자네,True,@model_hanhyejin,10.0,0
@최여진-g7d,1등!!!,False,,0.0,0
