author,comment,is_reply,reply_to,reply_count,is_spam
@xoun_.d,"좀 부끄럽기도 오글거리기도 하지만 와코한테 쓰는 진지한 편지가 없는 거 같아서 써봐요<br><br>음 12월이 지나간 것도 아닌데 왜 이렇게 큰 사건이 훅 지나가버린 느낌일까요 너무 길고 더웠던 여름이 지나고 찾아온 가을이 낯설어서 낯가리고 있는데 10월이 마무리되어서 더 그런 거 같아요 이번 시월은 유독 매끄럽게 흐르는 것 같지 않은 한 달이라 많이 놀라기도 했지만 그래도 시간은 흐르는 게 느껴져서 벌써 마무리를 표현하고 있어요<br><br>나는 유독 와코를 생각하면 미안하다는 생각이 많이 드는 것 같아요 이상하게 유독 와코에게 주어진 삶이 동화 같았으면 좋겠단 생각을 지우질 못 하는 거 같아요 항상 큰 포부를 담은 와코에게 드라마 같은 일들이 나열됐으면 좋겠는데 정작 와코가 우리에게 동화를 선사해 주고 너는 늘 치열한 현실을 사는 거 같아요<br><br>피부로 와닿는 현실에서 어떻게 늘 너의 선을 잃지 않고 우리에게 동화를 선사해 줄까 작은 노력이 아닐 것 같아서 그 노력만큼 고맙고 미안해요<br><br>10월 한 달은 어땠나 거기서 넘어가 고맙다는 말, 힘내라는 말, 위로의 말을 너무너무 하고 싶은데 직접 옆에서 해주기 어려워서🥹<br><br>난 늘 너에게 많이 고마워하고 있어<br>늘 내 삶을 동화로 만들어줘서 고마워요<br><br>늦었지만 10월 한달도 너무 많이 고생했어요<br><br>운명 한가운데에 서서 사랑할게 와코를 아끼는 사람으로서 줄 수 있는 모든 사랑을 줄게 그리고 영원이라는 단어가 결코 가벼운 말도 아니고 쉬운 일도 아니지만 와코랑은 꼭 영원하고 싶어요<br><br>앞으로도 좋은 추억들만 만들어 주고 좋은 것만 눈에 담겨주고 좋은 것들만 들려줄게요<br><br>11월의 와코는 지나간 것들에 연연하지 않고 흘려보낼 것은 흘려보내며 조금 더 자기를 위한 선택을 하기를, 11월은 10월보다 더 많이 웃을 수 있기를 그리고 행복한 일만 있기를.<br><br>항상 멀리서 응원하고 어느때는 가까이에서 응원할게요 🍀💚",False,,0.0,0
@한교동씨,감.         동.❤️‍🔥,True,@xoun_.d,4.0,0
@user-yd6qt9vt8x,"우리 모두, 남은 2024년 끝까지 치열하게 행복만 가득하길🍀💚",True,@xoun_.d,4.0,0
@아진-u9n,와코 언니 정말 수고했어. 이제 team07인 우리가 출격할게. 꽃길만 걸어.,False,,0.0,0
@Diddo-cy4wr,수능보느라 고생 많았어요 ㅎㅎ,False,,0.0,0
@intp0126,언니 고생했어❤,False,,0.0,0
@xhdahwk,수고했어요,False,,0.0,0
@FHG-qf8zf,와코언니 안녕하세요 저는 중학생 코.ᐟ 입니다 제가 와코언니 영상 많이많이 보고있어요 응원할게요 .ᐟ 🎉 곧 있으면 성인 이신데 축하드려요 .ᐟ 🎉 언니 항상 응원할게요 .ᐟ 언니사랑해요 💕,False,,0.0,0
@jeon._.123,와코!!! 수고했어 정말로❤❤,False,,0.0,0
@감자뽀이-m6x,"<a href=""https://www.youtube.com/watch?v=iN2GAFCwuik&amp;t=384"">6:24</a> 아 망할… 눈물젖은고구마호빵먹방중",False,,0.0,0
@숀쇼니이,와코님 처음으로 와코님 동영상에 댓글을 달아보네요! 저는 재수끝에 대학을 가서 입시에 대한 미련을 버리지 못하고 무휴학삼반수까지 한 사람이에요. 와코님이 올리신 영상 중에 제 학교가 나와서 굉장히 놀라고 신기했던 기억이 나네요ㅎㅎ 와코님 영상을 볼때마다 항상 잠이 너무 부족해보여서 안쓰럽기도하고 저는 고삼때 그렇게 살지못했었기 때문에 대단해보이기도 했어요. 와코님 일단 수능보느라 너무너무 고생하셨습니다🫶🏻 이제는 수능이 인생을 판가름하는 큰 시험이 아니라고들 하지만 19년 인생의 가장 큰 시험임을 부정할 수는 없으니까요. 이런 큰 시험을 앉은 자리에서 포기하지 않고 다 치르고 나온 것만으로도 정말 대단하고 잘한거에요. 결과에 상관없이 그래도 이 지치고 힘든 수험생활을 잘 버틴 와코님을 잘했다고 칭찬해주세요. 이제 캐롤도 들려오고 눈도 오고 춥지만 낭만이 가득한 겨울이 올텐데 이런 겨울을 내가 열심히 하지 않았나? 노력이 부족했나? 나의 19년이 이렇게 끝난건가? 하는 생각들로 과정을 부정하고 왜곡하며 보내지 않았으면 좋겠어요. 원래 열심히 한 기억은 많이 사라지고 부족한 기억만 생각나더라고요. 와코님이 열심히 했던 과정과 귀중한 경험은 꼭 반드시 돌아올거에요. 그리고 수능을 위해 노력했던 과정이 결과로 백프로 보상되지 않더라도 너무 슬퍼하지 않았으면 좋겠어요. 너무너무 고생했어요! 장해요 기특해요!!,False,,0.0,0
@pleasegodosomething,큰고왓다!!!!!!!,False,,0.0,0
@읭-s3v,와 근데 와코언니 멘탈 진짜 본받고싶다..,False,,0.0,0
@Why_so_sad._.,아이고 부모님이 뭐가 떨리겠어라고 생각했었는데 어머님 영상보고 우리 엄마아빠도 저랬을까 하면서 괜히 눈물이 나네여ㅋㅋㅋ 고생많았고 좋은 대학에 붙길 바랄게여🍀,False,,0.0,0
@theartteacherismygod,와코 고생했돠!!!!!,False,,0.0,0
@깅마냥,"와코님 제주도 브이로그 본게 엊그제 같은데<br>벌써 수능을 보신다니 ,, 시간 참 빠른 것 같아요 !!<br>너무 수고하셨고 고생한 만큼 푹 쉬세요 😻😻",False,,0.0,0
@minhstay,와코 수능 준비하면서 마음 고생도 많이 하고 그만큼 스트레스도 많이 받았을텐데 진짜 수고많이 했다!!! 아프지 말고 항상 좋은 일만 가득했음 좋겠네여~❤️❤️❤️,False,,0.0,0
@방방-g7b,수명고 에서 보셨네염 대박 ㅋㅋㅋㅋ 😂😂,False,,0.0,0
@user-wc5xs2cm9j,언니 너무 고생했어요 결과가 어떻든 우린 영원히 함께야 우리 자주 보자!! 💕💕,False,,0.0,0
@빋냥-zz,와코아기❤❤ 수고햇어요😍😍,False,,0.0,0
@0ilmliw,전 항상 멀리서도 와코님을 응원하고 있어요 😚,False,,0.0,0
@0ilmliw,와코님 그동안 고생 많았고 수고했어요 앞으로 와코님께 행복하고 즐거운 일들만 펼쳐지길 진심으로 바라요 🍀,False,,0.0,0
@0ilmliw,"<a href=""https://www.youtube.com/watch?v=iN2GAFCwuik&amp;t=384"">6:24</a> 눈물주르륵타임",False,,0.0,0
@0ilmliw,"<a href=""https://www.youtube.com/watch?v=iN2GAFCwuik&amp;t=280"">4:40</a> 렛잇고 ㅋㅋㅋㅋ",False,,0.0,0
@user-fo2kb4ql6p,"언니 수능 수고했고 너무 고생햇어!! 매년 수능시즌이 올때마다 수능 글이나 브이로그 찾아보고 점점 내 차례가 다가온다는 기분에 엄청 불안하고 우울햇는데 이상하게 언니가 올린 수능 브이로그는 그런 느낌이 안들어. 언니가 큰 긴장감없이 물흐르듯 스무스하게 일주일보내고, 시험치고, 뚜벅뚜벅 걸어나오는걸 봐서 그런지 내 긴장감도 쏙 들어갓어.",False,,0.0,0
@theblackskirtsoul,"와코소녀 정말 고생 많았어요!!!! 진짜 내 동생마냥 응원하게 돼,,,,🥲 편집하랴 공부하랴 너무 바빴을텐데 그럼에도 해내는 와코 소녀를 보며 정말 대단하다고 생각했답니다,,,🫳🏻🫳🏻 앞으로 꼭 합격길만 걸었으면 좋겠어요 그럴 거예요!!!!! 좋은 기운들만 팍팍팍 받길 🍀 언제나 응원해요 와코 소녀가 많은 사람들에게 행복을 주었듯 와코 소녀가 마주할 미래에 행복만이 가득했으면 좋겠서요~~~ 랜선언니도 너무너무 진심으로 응원하고 잇습니다,,, 🩷🕊️🩷🫰",False,,0.0,0
@yekikis2,와코쨩 고생많앗어요,False,,0.0,0
@Oojfdnh,언니!!! 언니가 자퇴영상 올릴때부터 수능 영상까지 왔네요 내년은 저인데 시간이 진짜 빠르게 간다는걸 실감했어요 언니 최고,False,,0.0,0
@Xksbdisjsksbdl,보고싶었어여여여여우ㅜㅜㅜㅜㅜㅜㅜ누ㅜㅜㅜㅜㅜㅜㅜ수능고생했어어어어어어어어와코사랑해,False,,0.0,0
@Hunjangnim,와코 너무 고생했어🥺🥺🥺 푹 쉬어!!!!,False,,0.0,0
@octopu.s,🐙,False,,0.0,0
@김경희-m5f5g,왜 눈물나지ㅠㅡㅠ 넘 고생했어요.. 좋은결과 나올꺼예요~~늘 가까이서 응원합니다~~~❤,False,,0.0,0
@므므-f9f,어무니진짜장어덮밥싸주신것도넘스윗😢😢❤❤,False,,0.0,0
@japduck_1,언니…. 언니 두달 뒤에 성인이야…,False,,0.0,0
@__________________________0101,와코님 수고햇어영!! 꼭 좋은 결과 있길 바래요 글고 내년 수능 칠 07 동기들 홧팅❤❤,False,,0.0,0
@므므-f9f,와코 아디다스져지랑 모자 점점느는거왜케웃기짘ㅋ,False,,0.0,0
@sol._ox2,와코소녀 너무 고생하셨어용 ㅜㅜ 앞으로 갓생사세용❤,False,,0.0,0
@buang_00,고생햇져요 와코애기,False,,0.0,0
@우아-r4t,고생했어요!! 그동한 열심히 해왔다는 거 너무 잘 알고 있어요 최선을 다 한 만큼 앞으로도 모든 일 한순간 한순간이 와코님에게 최고의 순간이 되었으면 좋겠고 와코의 구독자들은 와코님을 항상 응원하고 있다는 것을 기억해 주었으면 해요! 행복한 일만 가득한 하루가 계속되길 바라요 앞으로도 와코님의 구독자 중 한 명으로서 응원하며 지켜보겠습니당!,False,,0.0,0
@현-s7s,고생많으셧어여 앞으로 더 좋은일만 생길거에요! 와코 화이팅!!!,False,,0.0,0
@mycxew,수능 보러 갔는데 와코랑 같은 고사장이라서 을매나 놀랐는지 몰라요🥹🥺 외국어 포기 각서도 바로 뒤뒷자리에서 썼지만 수능 보러 간 우리에게 아는 척하면서 난리 피는 건 너무... 민폐인 거 같아서 맘 속에서 구독자라고 외쳤답니다ㅜㅜ 수고했어요 와코❤️❤️,False,,0.0,0
@namedgoi,"와코소녀!! 너무너무 늦었지만 수고 많았어요,,🤍 수능은 이제 잊어버리구 남은 연말 행복하게 보내요😘",False,,0.0,0
@HINGUO,와코쨩 수고 진짜 많았어요 ❤ 대학교 삐약새내기 브이로그도 기대할게요!,False,,0.0,0
@songsong567,고생했어요^^<br>나 수능 본 날 생각나네ㅠㅠ,False,,0.0,0
@히히-s9z,고생했어요!! 전 팀05인데 재수가 드뎌 끝난 😢😢,False,,0.0,0
@GO_멘네쨩,꽃길만 걸으세요 와코 요정님,False,,0.0,0
@hahaho0009,와코소녀 너무 고생 많았어요!!,False,,0.0,0
@1000firetv,언니 고생했어 🥳,False,,0.0,0
@무미-r7d,와코야 나도 오늘 임용시험 끝났어~~ <br>끝나고 볼려고 아껴놨다가 이제 막 씻고 봐 ㅎㅎ 너무 수고 많았고 결과를 다 떠나서 완주했다는 것만으로 대단한거야 !! <br>행복하자!! ⭐️,False,,0.0,0
@이런-h8c,언니 져지 이쁜거 왤케많아요 잘어울려어유,False,,0.0,0
@미남프로텍터,"<a href=""https://www.youtube.com/watch?v=iN2GAFCwuik&amp;t=382"">6:22</a> 편의점 알바하면서 눈물 광광 흘리는 중…뿌앵슨🥹🥹🥹",False,,0.0,0
@Wayamayamayamayamayama,우왕 같은 학교에서 수능 봤어영 ㅎㅎ,False,,0.0,0
@whooareyyoou,와코누나... 인급동 12등 미쳣ㅅ다..ㅎㄷㄷ,False,,0.0,0
@soonggirl2ya,썸네일 부터 걍 함박미소 띄우고 들어옴 언니 수고했어 난 언니 사랑해,False,,0.0,0
@soonggirl2ya,ㅅㅂ죄송해요 불합격이어서 그런건줄 몰랐어요,True,@soonggirl2ya,1.0,0
@세은-k4t,시험기간 최고의 브이로그다,False,,0.0,0
@캐치티니핑-u4o,나랑 노페 조끼 패딩 똑같은 와코!!,False,,0.0,0
@모카빵-s2f,너무 너무 고생했어요 언니 ~~ <br>시험 보지도 않는데 수능날 하루종일 와코 언니 생각이 나더라구요<br>항상 응원해요,False,,0.0,0
@Yecumentary,늘 응원하는 왕코님 고생 많았어요 사랑해여,False,,0.0,0
@뿌꾸빵-s4o,수고했어용 ❤❤,False,,0.0,0
@미소년믹서기,수고하셨어용!,False,,0.0,0
@김먼지-l3v,넘 수고했어요,False,,0.0,0
@dhljy,수고했다 우리,False,,0.0,0
@hyunghomoon2405,고생햇떠요💕,False,,0.0,0
@안녕-n5d6w,인급동 ㅋㅋ,False,,0.0,0
@삼천오백만원내놔,와코소녀카와이.,False,,0.0,0
@지이-s1c,자퇴할때부터 봤는데 벌써 수능끝낸 와코라니.. 좋은 결과 있길 기원합니다🎉,False,,0.0,0
@서연-u2i,와코소녀 고생많았어😢😢😢😢😢,False,,0.0,0
@hh.2a17,수고햇어요💗,False,,0.0,0
@tee4210,아이고 애기 고생했어요 ~~~~,False,,0.0,0
@수빈-s7s5u,와코 고생했어용🫳🫳🫳🫳,False,,0.0,0
@한가뷰,우아 인급동,False,,0.0,0
@가현-k4s,집에 모자 몇개잇어여?,False,,0.0,0
@1081meme,오ㅓㅏ 인급동 11위 미쳐따 역시 우리 언니,False,,0.0,0
@seongeun6666,"<a href=""https://www.youtube.com/watch?v=iN2GAFCwuik&amp;t=50"">0:50</a> 소두만들어준다는 모자 정보좀여…ㅠ",False,,0.0,0
@시은-l3l,와코 고생많았어!! 복복🫳🏻🫳🏻,False,,0.0,0
@user-lt2gp7xq2v,"와코님 혹시,,롯데월드가셨나요.???..줄서면서본거같은데 말은 못걸엇어오ㅠ",False,,0.0,0
@runing_pham,기쁘다 와코오셨네 ❤,False,,0.0,0
@Ms213_Wallet,존예와소 꽃길만 걸어랑,False,,0.0,0
@와코,아니 마라탕에키갈님 라방이 아닌곳에서 슈퍼챗 받는건 처음이라 얼떨떨하네유🫣<br>응원해주셔서 감사해용잉❤️<br>남은 2024년도 건강하고 행복하시길!!!,True,@Ms213_Wallet,1.0,0
@습한화장실,와코소녀 꼬옥 안아줘야돼...❤❤수고했어요😢,False,,0.0,0
@juja011,언니 정말 수고 많았어요 🫶🏻,False,,0.0,0
@Blacktea_214,와코 수고했어요 이제 푹 쉬자!!!!!!!!!!,False,,0.0,0
@gggggggggg22,정문 보니까 수명고 저도 수능봤던곳이네요 ㅋㅋㅋ 추억이다..와코의 앞으로를 응원할게요!_!,False,,0.0,0
@parkgeolsan,와코언니 수고했어여❤❤❤❤❤,False,,0.0,0
@냥냥펀찌-t6m,"어머님 영상 보자마자 눈물 왈칵한 27살 ,, <br>도연님 고생많았어요 지나보니 수능도 추억이 되는 날이 있더라고요,, 더 힘든 날들도 많겠만 잘 이겨낼거라고 믿어요 항상 멀리서나마 응원해요❤",False,,0.0,0
@coldbeew10,어머님 영상편지 보고 김치에 수육먹다 울엇음…,False,,0.0,0
@ricepuppy0301,🫳🫳🫳🫳머리 쓰담.. 고생ㅐ따 고생해따,False,,0.0,0
@히히-m4k5h,수고했어요 알럽유❤,False,,0.0,0
@sinewf._0.0,언니 인급동 뭐야뭐야 축하해,False,,0.0,0
@seojin__124,고생했어여ㅠㅠㅠ💗💗💗💗,False,,0.0,0
@EGG_1104,헉 와코님이 수능보신 고등학교(시험장) 근처에 저 사는데 신기하네요😅 그리고 수고하셨어요!!,False,,0.0,0
@Sol-n8u,수고하셨어요..!!,False,,0.0,0
@araaam-u9o,입시 생각난다..,False,,0.0,0
@min_se_ddong,언제나 응원하고 있어요💗,False,,0.0,0
@SoogGang414,와코도 나도 수고했어!!!!!,False,,0.0,0
@원빈이의128번째머리카,진짜 수고했어요 언니..ㅠㅠㅠㅠ 수능날에 언니는 지금 시험치고 있으려나 하며 언니생각 문득문득 나더라고요 ㅋㅋ 그동안 너무 수고했고 앞으로 웃을일만 있었으면 좋겠어 와코언늬🥹,False,,0.0,0
@유경-d3w,와코소녀❤ 결과가 어땠든 이 큰 시험을 치뤘다는 것만으로도 충분히 대견하고 잘한 거예요~ 인생은 지금부터 시작이니까 앞으로도 쭉쭉 나아가자!!,False,,0.0,0
@서눙-v6p,와코 영상에 내 댓이 나오다니ㅜㅜㅜㅜㅜㅠ 감동이에요 영상보고 눈물 광광..🥺,False,,0.0,0
@Zion_op,와코 언니 잘 봤어요! 어머님 너무 착하시다 와코소녀 잘 키우셨다 전해 주세요!!❤,False,,0.0,0
@김승민아내,수고했어요!,False,,0.0,0
@2다롱,저는 수능 본지 어연 10년은 다 돼가는 사람인데요<br>저희 어머니가 말씀하시길 내딸이 좋은 대학 가길 바라는 마음때문에 떨리는게 아니라<br>그동안 우리딸이 얼마나 고생한지 아니까 그거에 대한 보답과 결과를 받길 바라서 떨리는 거였대요<br>와코 어머니의 영상을 보니까 그때의 저와 어머니가 떠올라서 눈물이 엄청 났어요<br>우리 인생에서 수능은 진짜 뭘까요? ㅎㅎ<br>와코 소녀 넘무 수고했어요 응원합니다🍀☘️,False,,0.0,0
@dksdhsgka,와코 사랑해,False,,0.0,0
@동그리-v9s,고생했어요 와코야 😽,False,,0.0,0
@신혜주-y8o,"언니 수능 고생하셨어요!! 저는 이제 바톤터치를 받고 수능을 맞이하는 수험생이 되었습니당 수능날이 다가오고, 고사장을 준비하며 다음이 나라는 생각에 심장이 너무 떨렸어요 항상 시험에 긴장하는 스타일이라 일년이나 남았는데도 불안한 마음과 우울감이 제 머리와 가슴을 떠나지 않더라구요 그래도 좀 괜찮아졌나, 했는데 언니의 수능 브이로그가 뜬 걸 보고 다시 가슴이 불안해져와요. 와코언니가 수능에 집중한다며 자퇴를 할 때가 어제 같은데 벌써 수능.. 제 시간도 이렇듯 빠르게 흘러가겠죠? 일년 열심히 준비해서 이 불안하고 떨리는 마음을 조금이나마 덜고 싶어요 또 2026 수능을 치르고 1년 전 이라는 문구가 뜨는 언니의 수능 브이로그 영상을 찾아보며 나도 이랬지, 하고 웃어보고 싶기도 해요. 저 열심히 해볼게요 저에게 항상 행복 그 이상을 전해주어서 고마워요 언니도 저도 이루고 싶은 것 모두 다 잘되기를 바라요♡",False,,0.0,0
@박지은-f5i,내 친구랑 와코 수고햇더💕넌 최고의 아기야!!,False,,0.0,0
@냥냥-z9y,어머니 진짜 스윗하셔서 눈물괄괄 …. 🥹🥹 와코가 좋은 사람인 건 어쩌면 당연한거였네요 주변에 너무 좋은 사람들로 가득해서 너무 따숩다 … 🥹 수능 보느라 진짜진짜 고생 많았어요 !!! 결과도 중요하지만 그럼에도 무사히 완주했다는 사실이 더 중요한 거 알죠 ?! 복복 쓰다듬어주고파 .. 🫳🫳 와코 영상을 보면 타인에게까지 긍정적인 에너지를 전달해줘서 저보단 어린 소녀지만 그럼에도 불구하고 항상 존경하구 멋있다고 생각해요 와코를 좋아하고 응원하는 사람들이 무지무지 많다는 거 꼬옥 알아줬으면 해서 처음 댓글 써바요 .. 힛 항상 행복해야대요 !!!!! 사랑아와코해 ♥️,False,,0.0,0
@별똥별-f2p,공주야 진짜 너무 수고 많았어 늘 응원해❤,False,,0.0,0
@Vvvvvvveeeeeeie,"와코소녀 수고햇어,,,,,!!!",False,,0.0,0
@minax_10,"언니 수고했어요ㅠㅠㅠㅠ❤ <a href=""https://www.youtube.com/watch?v=iN2GAFCwuik&amp;t=299"">4:59</a> 누룽지밥 정보 알려준다면서,, 화면 바뀌는고 모야모야 ㅋㅋㅋㅋ 뭔가 귀여워 운니 혹시 알려줄 수 있어? 언니 누룽지밥 손민수 해야디~♡ 운전면허도 따고 싶다니 아주 멋있구만여 :) 옆자리 시승 기회 저 주세요🙌 ㅋㅋㅋㅋ 언니 이제 꽃길만 걷고 항상 힘내길 바랄께요",False,,0.0,0
@dleotoddlrhtlzlsmsrjekgody,어머님이 엄마 이제 데리러 갈게 라고 하시자마자 질질 짜게 되...,False,,0.0,0
@epiury,와코 너무 수고했어요..❤,False,,0.0,0
@토마토맛토맛,앜ㅋㅋㅋㅋㅋㅋㅋㅋㅋㅋ 어무니 너무 기여워요ㅠㅠㅠㅠㅠㅠㅠㅠㅠㅠㅠㅠ,False,,0.0,0
@rki21,와코 넘 고생많았어😭😭,False,,0.0,0
@kung_yeon,와코소녀 수능 끝난 거 너무너무 축하해요🎉 <br>결과를 떠나서 그동안 고생했으니까 스스로 칭찬 아낌없이 해줘요😘,False,,0.0,0
@웰시콩-g3g,와코님 저랑 같은 곳 에서 수능을 보셨군요 !저는 그 수능 종소리가 무슨 사이렌이 재난문자마냥 울려서 엄청 깜짝놀랐답니다 😢😢 그래도 와코님은 잘보셨는지요..? 진짜 같은 공간에서 있었다는게 놀라울 따름이네유..❤❤,False,,0.0,0
@user-yd6qt9vt8x,우리 애기 와코 고생 많았어❤❤❤❤❤❤❤,False,,0.0,0
@HJ-cb2tr,와코님 혹시 시험 몇반에서 보셨나용?,False,,0.0,0
@cxaxoun,"와코 고생많았어 ~.~ 원래도 꽃길이었지만 이젠 대꽃길만 걷자 !! 💐 그리고 이젠 2️⃣0️⃣살이되는 와코를 위해 더 성장하는 모습을 기대할게, 도연아 정말로 수고많았고 앞으로 자주 보자 ㅅㄹㅎ 🤍🤍",False,,0.0,0
@HJ-cb2tr,헐 저도 이번 수능 수명고에서 봤는뎈ㅋㅋㅋㅋㅋㅋ<br>영상 보다가 깜짝놀랐네요 ㅎㅎ<br>저희 둘다 이제 수능도 끝났으니 푹 쉬고 행복한 삶 즐겨요~~~&gt;&lt;😍❤️<br>원하는 학교도 꼭 붙길💯❤️‍🔥,False,,0.0,0
@eunseo6688,고생해써요🎉🎉🎉❤❤,False,,0.0,0
@뽀잉또잉,언니 넘 맘고생도 심했을거고 그 누구보다 힘들었을텐데 잘 하구 와줘서 고마워요ㅛ!!!🥺💖 나두 고3언니 있는데 실기와 대학 면접들 등등 넘 힘들어보였어..😵‍💫 화이팅 와코언니!!!!항상 사랑해~~~~❤❤,False,,0.0,0
@myrkuo,와코언니 너무 수고했어요!! 꼭 다정한 겨울 보내요🫰🏻,False,,0.0,0
@dsflld1048,화이팅!🎉,False,,0.0,0
@wan.jh0nny,어무이 나오자마자 나도 가티 움..😢 <br>와코소녀 진짜 고생많았어요!! 이제 행복할 일만 남았네용 정말 수고 많앗어용 🥹💖💖,False,,0.0,0
@꽁깡-m7g,너무너무 고생 많았어요잉 🩵🩵🩵,False,,0.0,0
@앙칼진표코버섯,와코 진짜 내가 댓 단다고 했잖아 진짜 아까 영상 안본거에 후회하고 진짜 감동받았도 또 와코 진짜 행복하게 살아야해 약속이야,False,,0.0,0
@user-kk12312,느좋 와코! 수고많아쪄잉 ♥,False,,0.0,0
@zdiqls,수고했습니다 집안에 항상 행복만이 가득하길 🍀,False,,0.0,0
@바람부는제육뽀끔,수능 준비하느라 짇짜 너무너무 고생많으셨습니다~!! 사랑스러운 우리와코님의 앞날을 응원합니다!,False,,0.0,0
@asahidesu,학교 감다뒤 와코를 안뽑다니ㅉㅉ 와코 항상 응원하고 있어욤🩷🩷,False,,0.0,0
@user-hy9fy3lq2i,"아기다리고기다리던와코영상ㅁㅊ다 수능 보느라 너무너무 고생햇어요 와코소녀의 앞길이 누구보다 밝앗으면,,,",False,,0.0,0
@호롤로러로,역시 와코 썸네일은 인정이야 ~~~,False,,0.0,0
@isfp8207,어머니 너무 귀여우시다😊,False,,0.0,0
@미라김-h4c,하 어머니 말씀 하실 때 눈물 세방울 흘렀다 감동의도가니탕….,False,,0.0,0
@인간복숭아-o4r,너무 수고 많았어요❤❤😊,False,,0.0,0
@yunsy0520,고생많았어용 와코언니💕💕,False,,0.0,0
@adorabless2628,고생햇어요 좋은 결과 있길 바라요,False,,0.0,0
@su.9050,진짜 많이 고생했어요❤ 보면서 울컥함무ㅜㅜㅇ,False,,0.0,0
@구오-k1j,아기와코 고생해또~❤️,False,,0.0,0
@user-cf4fg2vy1f,"<a href=""https://www.youtube.com/watch?v=iN2GAFCwuik&amp;t=32"">0:32</a> 고생했‘코’가 너무 귀엽닼ㅋㅋㅋ",False,,0.0,0
@설재나-l8o,이이이잉 수고 많앗어요 ㅜㅜ 푹 쉬고 놀 날만 남은 와코.. 영상 많이 올려줄거리 믿어여🤭,False,,0.0,0
@poohehey,와코아기 수고했어여엉 편히 수ㅣ자!!,False,,0.0,0
@끼토산야끼토-d79,우리 왘호 수능븨로그 기다렸다구우ㅠㅠㅠㅠ 고생했어 애기❤❤❤,False,,0.0,0
@jmay17,"07인데 대리 떨림이 느껴져요,,, 그동안 독서실 브이로그, 스윗미 라이브도 꾸준히 챙겨봣엇는데 새삼 묘하네효ㅜㅜㅜ 너무너무 수고많앗어요이~~❤",False,,0.0,0
@tlqkf_tlqkf18,와코님 저 적정이랑 하향만 넣었는데 6개 다 떨어지고 재수함 수시올인 미대입시생이였는데 죽고싶어요😂😂😂행복ㅗ해요😂😂😂,False,,0.0,0
@JiHyunPark-ts6ut,완전 수고했어🌸🍀🌸🍀,False,,0.0,0
@a_holdonx,와코의 더보기를 볼 때면 맘이 항상 따수워져 🫶 와코도 따뜻하게 입고 다녀 고생했어,False,,0.0,0
@user-utere12,너무너무 잘하셨어요 항상 응원해요 와코 ..  ♥,False,,0.0,0
@jonariza,와코...유튭 들어올 때마다 스윗미 라이브를 하고 있어서 <br>마음속으로 응원 많이 했었는데 진짜 너무너무 수고 많았어요!!!<br>진짜. 작년 수능날 여행 간 영상을 본 게 엊그제 같은디... <br>이제는 조금 마음 편히 푹 쉬어요!!!!,False,,0.0,0
@유설아-e1o,언니 진짜 수고했어요 ! 항상 응원합니다 ~~❤,False,,0.0,0
@새벽달이지난공원,처음에 와코님 봤을 때 너무 재밌는데 저랑 동갑인게 신기했었던 기억이 나요 ㅋㅋㅋ<br>영상 열심히 봤더니 내적 친밀감 생겨서 같이 수능 공부도 한 것 같구<br>그러네요 ㅋㅋㅌ<br>수능 너무 수고 많으셨고 꼭 원하는 대학에 붙으시기를 기원할게요!,False,,0.0,0
@yeseul622,고생햇씁니당😻,False,,0.0,0
@user-vn4zx1uv4o,흑흑 저 와코소녀랑 비슷한 데 사는데 제2외 한 애들 다 수명갓어요 ㅜ 수명너도대체어딘거야,False,,0.0,0
@핫아아메,어머니 ㅠㅠㅠㅠㅠㅠㅠㅠㅠㅠㅠㅠㅠㅠㅠㅠㅠㅠㅠㅠㅠㅠㅠㅠㅠ 아 슬퍼<br>2년 전에 봤던 수능이 생각나네요 무뚝뚝한 우리 엄마 글썽거리머 잘 다녀오라고 말해준 😢😢<br>와코님 너무 수고했어요 신나게 놀고 푹 쉬세요 ❤,False,,0.0,0
@jisoo-a2,결과가 마음대로 나오지 않더라도 와코님이라면 어떤 길이든지 다 개척해 나갈 것 같아요!너무너무 고생 많았고 수능이라는 무거운 짐이 내려갔으니 앞으로는 더 가볍고 즐거운 마음으로 웃는 일만 있으면 좋겠어요 ☺️,False,,0.0,0
@min-x5w3u,언니 멋ㅈㅣ다,False,,0.0,0
@S2___S2,와코소녀 수능 보느라 고생 많으셨어요!!!❤❤❤,False,,0.0,0
@김나경-j7o,진짜 수고했어요!!,False,,0.0,0
@hys11036,와코야 수능 끝나고가 제일 중요해…. 미친듯이 후회없이 매일매일 놀아야한다,False,,0.0,0
@2855bebe,와코 언니 진짜 수고했어요 ㅠㅠ<br>지금까지 열심히 달려온 언니에게 정말 큰 보상과 행복이 많이 따르길 바랄게요<br>언니 항상 행복해ㅐㅐ💗💗,False,,0.0,0
@ineverythingblue,와꼬 수고했어요!!!!!,False,,0.0,0
@아아아아-l9f,복복복복 언니 수고해떠 복복복,False,,0.0,0
@백설-l7z,고생많았어요❤,False,,0.0,0
@Bibidibabidiboo-v,"<a href=""https://www.youtube.com/watch?v=iN2GAFCwuik&amp;t=350"">5:50</a> 와… 저 분위기 온도 습도ㅠㅠ 막상 저때는 별생각 없었는데 이렇게 다시 보니까 ptsd 올것같아요…ㅋㅋㅋ",False,,0.0,0
@jounghyeuklee2217,와코님 고생했어요❤❤❤❤❤,False,,0.0,0
@잉-y7j,제가 작년부터 와코님을 보기시작했는데..벌써 수능을 보시고 성인이 되신다는게 믿기지가 않아요… 시험기간마다 유일하게 챙겨보던게 언니였는데..그정도로 언니는 제 1위 유튜버 였숩니다.. 언니 그동안 고생 너뮤 많았고 정말 수고했어요 이제 꽃길만 남았으니 마음 편하게 걷기만 해요!! 서랍합니다!!!❤❤❤,False,,0.0,0
@user-labonggyul,와코소녀 같은 고삼으로써 엄청 응원했어요!! 정말 수고 많았고 앞으로의 와코도 열심히 응원할게요!!🫶🫶,False,,0.0,0
@still366,와코씨 고생했어요,False,,0.0,0
@코딱지-h4g,누룽지밥 정보 알려주세여 !!!!!,False,,0.0,0
@A-wt6hh,와코 수고햇어용 12년동안 고생많앗어요🫶🫳🫳,False,,0.0,0
@Brownii_00,와코야 진짜 많이많이 수고했다!!! 진짜 수고했어 학업도챙기고유튜브도 챙기느라 힘들었들텐데 다 열심히하려는 모습보면서 진짜 항상많이 응원했다!!! 결과가 어떻든 노력한 모습이 정말 아름답고 멋졌으니까 괜찮아!! 앞으로의 인생도 화이팅!! 아직 오분의 일도 안지났다!!❤❤🎉🎉,False,,0.0,0
@Juha._.Fighting,너무 수고했어요 와코언니 그동안 정말 고생 많이 했고 마음도 많이 힘들었을 것 같아요 그래도 이겨내서 다행이고 존경스러워요 벌써 언니가 수능을 보고 으른이라니 믿기지가 않아요.. 이제 2025년엔 어른 와코로 만납시다!! 다시 한 번 너무 고생 많았고 수고했어요 사랑해요 ❤❤,False,,0.0,0
@Godnan279,와코 언니… 제가 언니를 알게된게 작년 9월? 10월?이니까 이맘때쯤인데… 벌써 시간이 이렇게 됐네요… 언니 수능 보느라 너무너무 고생하셨구… 늘 응원하고… 꽃길만 걸었음 좋겠구… 그냥 그렇다구요… 작년에 힘들때 언니 영상 보면서 힘냈거든요 ㅜㅜ 비록 수많은 댓글중에 하나지만 이 댓글도 언니에게 힘이 됐으면 조켄네요… 다시 말하는거지만 언니 늘 응원하고… 꼭 좋은결과 있길바랄게요😭❤️,False,,0.0,0
@조시현-z2w,내 미래..,False,,0.0,0
@moon0974,"와코 동생, 저는 21살 와코 팬인 대학 1학년 학생입니다. 수능 끝난 거 정말 축하해요! 🎉 오늘 올린 브이로그에서 와코 동생이 불합격 통보를 받고 우는 영상을 보니, 저도 입시를 치렀던 과거가 떠오르네요. 저는 대입을 두 차례 준비했지만, 원하는 대학에 가지 못했어요. 대입에 실패했던 경험도 나중에는 도움이 되더라고요. 와코 동생은 원하는 결과 얻기를 기도할게요. 🙏 아직 입시 결과가 다 나오지 않았겠지만, 그동안 열심히 한 와코 동생 정말 수고 많았어요. 와코 동생이 구독자들에게 준 행복만큼 올해 남은 기간과 내년에도 행복하길 바랄게요.🍀",False,,0.0,0
@미얌-n2t,와코 수고했어요 평생 우리랑 행복하고 건강하기만 해줘❤,False,,0.0,0
@onenzero_10,와코소녀 수능 본다고 수고 많았어요❤❤,False,,0.0,0
@청아-f2y,와코님 너무너무 수고 많았어요!!❤❤,False,,0.0,0
@doolian945,언니 비염있으면 다이소 비강확장밴드 써보세요 잘만 붙이면 개쩔어요 여튼 수능 너무 고생했아용,False,,0.0,0
@vivianaharang,와코 언니 너무 수고 하셨어요😃💝 저희 언니도 이번에 수능을 쳤어요!! 모두 좋은 결과가 있기를 바랄게요🩵💛 항상 응원해요 언니💌 <br>매일 좋은 영상 올려주셔서 감사합니다🙏💗,False,,0.0,0
@stolendance4573,고생 넘 많았어요~,False,,0.0,0
@PENGUINRESEARCH,아니 와코님ㅋㅋㅋ 수명고에서 수능 봤던 사람이에요… 저 사람 엄청 와코 닮았다고 생각했었는데 진짜 와코님이었네요…. 수고 많으셨습니다 ^_^,False,,0.0,0
@A._ezun,기다렸어요 와코언니 수고했어요ㅠ 잘하셨고 잘하시고있고 앞으로도 잘 해낼거에용 행복하세요❤,False,,0.0,0
@0S2S2S20,아니 수능 본 지 4년은 됐는데 어머니 영상 보자마자 눈물 맺히네요..ㅎ 아웅.. 유난이다 증말..^^,False,,0.0,0
@빵-o5u,와코야! 나이도 동갑이고 이름도 같아서 반가운 마음에 영상 항상 잘 챙겨보고잇어 수능 너무너무 수고했고 입시 아직 끝난 거 아니니까 힘내! 너에게 모든 행운이 다 따르기를…🍀,False,,0.0,0
@dlfjsrjf,다들 수시결과든 정시결과든 잘 나와서 혹은 추합되서 자신의 순위대학에 입학합시다 화이팅!! ㅠㅠ❤❤,False,,0.0,0
@권하윤-m1b,와코소녀 수고많았어!!,False,,0.0,0
@가을-f7c3t,와코소녀 고생햇어 사란해❤,False,,0.0,0
@jxe.1n,고생햇어요 ㅠㅠㅠ ❤❤❤,False,,0.0,0
@rani_archive,"<a href=""https://www.youtube.com/watch?v=iN2GAFCwuik&amp;t=377"">6:17</a> 진심 어머님 너무 스윗하셔서 내가 다 눈물남…",False,,0.0,0
@유튭-i5i,"와코아기 수고했어 복복벅벅벅ㄱ거 맨들 머리가 되,",False,,0.0,0
@_Jeffi,우리 아기 와코 너무 수고했어...❤❤ 앞으로도 오래 오래보자!!!!!! 사랑해!!!,False,,0.0,0
@이치-p5h,와코님 고생하셨어요!!,False,,0.0,0
@chocosaewoo,와코소녀 좋은일만 가득하길,False,,0.0,0
@Kimyumedd,고생했어요 와코님!,False,,0.0,0
@안이요구르트름,입시부이로그 ㄱ ㄱ 해주세요<br>와코님만 괜찮다면!! 조회수도 많이 나올 것 같아요!!!,False,,0.0,0
@왱왱,"<a href=""https://www.youtube.com/watch?v=iN2GAFCwuik&amp;t=403"">6:43</a> 어모니 영상 나오자마자 즙짬,,, 눈물 개나..",False,,0.0,0
@SY_338,와코야 너무너무 고생했어 앞만 보고 살자❤,False,,0.0,0
@user-cq7ey5vo1k,어머니영상찍으실때 약간 눈물?날뻔햇어요…… 와코님너무너무너무수고하셧어요ㅜㅜ 결과가 어케됏드누너무너무너무 수고햇습니다🎉🎉❤❤❤ 항상 밝은 와코님 앞으로두 응원할게요🥰🥰🥰🥰,False,,0.0,0
@user-ik1el,북북북🫳🫳🫳🫴🫴🫴,False,,0.0,0
@s.゚o,아이고!!!!!!!!!!!!!!!! 썸네일 무슨 일이에요..ㅜ  행복한 일만 생기길..!!,False,,0.0,0
@mmung1116,"우리 와코 너무 수고 많았어!!! <br>어떻게 보면 초,중,고를 거쳐서 12년동안이나 수능을 위해 공부해왔는데 결과 만족스럽지 못하더라도 너무 자책하지 말고 가족들이랑 즐거운 시간 보냈으면 해!! 고등학교를 자퇴하고 어찌 보면 혼자 공부하는 시간이 많아서 외로웠을 수도 있을 텐데 길고 힘들었을 그 시간들을 모두 버틴 와코가 너무 기특해!!! 와코는 진짜 커서 훌륭한  사람이 될거야, 생각도 깊고 말도 예쁘게 하는 와코 덕분에 힘든 날에 웃을 수 있었어. 유튜브 시작해줘서 너무너무 고맙고 다시 한 번 수고 많았어!! 아프지 말고! 건강하게 하고 싶은 일들 모두 이루면서 행복한 일들 가득하길 바랄게! 사랑해~~~~🩷🩷🩷🩷🩷🩷🩷🩷🩷🩷🩷",False,,0.0,0
@은영-v8e,내년에 수능치는 자퇴생인데 보면서 공감도 되고 정말 재밌었슴다 ㅠㅠ,False,,0.0,0
@woo_hooo,수고햇어요♥,False,,0.0,0
@원승미-g4z,언니💓!언니가 수능을 보는지 이제 보내!<br>미안해ㅠㅠ 너무너무너무너무너무잘했어 <br>학교끝나고 나오는 모습이 너무귀여웠어!<br>언니 수는너무너무 고생했어~~~♡<br>사랑해💕💕,False,,0.0,0
@덩생-y3m,고생했어요🎉!!!🤗🍀,False,,0.0,0
@tooth_is_silver_06,"<a href=""http://www.youtube.com/results?search_query=%23%EB%8F%84%EC%97%B0%EC%95%84%EC%9E%AC%EC%88%98%ED%95%98%EC%A7%80%EB%A7%88%EB%A5%BC%EB%A1%AF%EB%8D%B0%EC%9B%94%EB%93%9C%ED%9A%8C%EC%A0%84%EA%B7%B8%EB%84%A4%EC%97%90%EC%84%9C%EC%99%B8%EC%B9%98%EB%8B%A4"">#도연아재수하지마를롯데월드회전그네에서외치다</a>",False,,0.0,0
@김장감자,너무너무 수고했어~~!!!!!!!,False,,0.0,0
@익명-o6k,와코 웰케 살빠졌어….턱선 머야…..🥹😍 수고했어요 앞으로 행복하기만 하기!!,False,,0.0,0
@참돌이-l9i,와코소녀~~ 고생 많아떠요 이젠 후련한 감정만 힘껏 만끽하길!!!!!!,False,,0.0,0
@tat_nyyxu,고생햇어요~~~🫳🏻🫳🏻,False,,0.0,0
@user-qwudhd,"와코님ㅜㅜ지금까지 진짜 고생햇어요,,,,그래도 어머니 수능날 결국 장어덮밥 싸주셧네오ㅋㅋ근데 어머니 진짜 스윗하시다,,,영상편지도 찍어주시고 어쨋든 와코님! 수고햇고 앞으로 더욱 좋은일만 생기길🥹🥹",False,,0.0,0
@지은-g8x1p,저 수능장에서 봤어여 ㅠㅠ,False,,0.0,0
@heejin_m,"어머니 영상 편지 너무 감동… 와코님 수능 공부 하느라, 보느라 고생 너무 많았어요❤",False,,0.0,0
@vvvvvvip-yc3bf,울희 고생햇어..와코쨩 앞으로 오래 봐요♡,False,,0.0,0
@user-ws5wh2wb3v,와코소녀 수고 많앗더요😭🫳🏻,False,,0.0,0
@IIOVEeEeEeEeE,평소같이 영상 잘 보다가 저희 학교에서 시험 치르신 거 보고 놀랐어요ㅎㅎ 괜히 기분도 이상해지구.. 저는 이제 고삼인데 이제 제가 수능을 봐야할 나이라니 믿기지가 않아요 🥹🥲<br>와코님 영상 보면서 남은 일 년을 버텨보게써요 <br>넘넘 수고 많으셨어요~~!!!!! ❤❤❤,False,,0.0,0
@지영-t2s,와코ㅠㅠ!! 보고싶었서요😢<br>대학생이 되어보니까 입시때 정말 치열하게 무언가를 한 경험 자체만으로도 정말 좋은 경험이구나 생각이 들더라구요. 무튼 결과가 어떻든 와코 너무 고생많았고 행복길만 걸었으면 좋겠습니다!! 와코 ㅅㄹㅎ..❤,False,,0.0,0
@nngmyn,수능 하루 남았는데 화장하고 독서실 가는 건 좀 대단하다,False,,0.0,0
@유카-q3v,와코 수능 고생햇어여!! 화이팅 항상 핸복해야대여~,False,,0.0,0
@나나-v6e,와코님은 내가 댓글을 쓰면 읽으실까ㅍ?<br><br>수능보느라 수고하셨어요오 🎉 <br>이젠 Team07의 차례…. 제 차례네요 이런 🙄,False,,0.0,0
@pudding171,와코소녀 기다렸어요 수능 보느라 고생 많았어요!<br>원래 댓글 잘 안 다는데 꼭 응원해주고 싶었어요 앞으로도 자주 볼 수 있길!!<br>와코소녀 파이팅…!!,False,,0.0,0
@누구쎄용-y5p,고생 하셨습니다 와코님,False,,0.0,0
@조민수-t3n,고생 많이 했습니다. 새로운 여행의 시작을 축하드립니다.🎉,False,,0.0,0
@아이스아머라카노,아어떡해ㅠㅠㅠㅠㅠㅠ너무귀여워ㅠㅠㅠㅠㅠㅠㅠ진짜와코언니사랑해!!!!!,False,,0.0,0
@윤하영-y7s,나보다 지인들이 더 환장하는 거 ㄹㅇ…😅😅,False,,0.0,0
@zzangu-w6n,와코 수고햇더여 ❤,False,,0.0,0
@rmflqek,진짜 와코님영상만을 기다렷어요ㅜㅜㅜㅜㅜㅜㅜㅜㅜ 수고하셨습니다🤍,False,,0.0,0
@yeloyelo2309,고생햇어요~~😂❤🎉,False,,0.0,0
@ji._.woo7,와코언니 수능 고생했어!! 언니 사랑하고 늘 응원하고 있엉! 오늘 영상도 짱짱!☺️,False,,0.0,0
@marchteddybear,와코소녀 진짜 	수고 많았오요.. 마음 조급하고 불안한 상황이었을텐데 이렇게 남기고 우리랑 공유해줘서 고마워요🥹🩷 곧 성인 되는 거 너무 축하해여 입시도 끝까지 힘내구 와코소녀에게 항상 행운만 따르길💗🍀🍀,False,,0.0,0
@Room_of_SUZU,와코 소녀 정말 고생 많았어요❤<br>앞으로도 항상 좋은 일들만 가득하길🍀,False,,0.0,0
@nnnyyy3333,"와코소녀 15년생 등장이요!,언니 고생했고 수능 망했다 생각 하지말고 불합격 날라가버려!!!",False,,0.0,0
@정윤-j5c,와코 사랑해!😻😻😻😻<br>너무 오랜만… 나도 재수 끗이당 ㅋㅋ,False,,0.0,0
@걍야구에미친년,와코도 고생햇고 나도 고생햇고 모든 수험생분들 다들 고생하셨습니다!!!!,False,,0.0,0
@미연-j4j,시간 너무 빨리가네요 ㅠㅠ 수고하셨어욤 어머니 너무 스윗하셔요ㅠㅠ,False,,0.0,0
@지니-l2s-s5z,와 우리집바로앞에서 보셧네요 미친!!!!오ㅓ코!!!!!!ㅜㅜㅜㅜㅜ,False,,0.0,0
@eeeeeeeiii0,수고햇더여,False,,0.0,0
@xoun_.d,와코님 인스타 스토리에 제 고정 댓글 자기라구 하는 사람 때문에 무물에 인증샷 남겨낫어요🥹🥹,False,,0.0,0
@Happyhee630,어머니 귀여우시다❤,False,,0.0,0
@Hyunzl-Serendipity,와코온니 고생했어용🤍🎉,False,,0.0,0
@Peach62,어머니의 사랑이 엄청 느껴지네요 수능 수고했어요 와코소녀❤,False,,0.0,0
@핑꾸-e4k,공쥬 너무 고생많았더요~🫶🏻,False,,0.0,0
@xoyul,행복했으면 좋겠어,False,,0.0,0
@치즈닭갈비삼각김-t4v,언니 사랑해요 수고했어요!( *・ω・)ノ,False,,0.0,0
@은지-q1z,수고햇듬니다!!🤩🤩,False,,0.0,0
@Kate-b1z,와코님 왼손잡이이신가?? 시계를 오른쪽에 차셨넹,False,,0.0,0
@SKY-m4e,노력이 배신 하더라 3모부터 10모까지 수학외엔 싹다 1등급 특히 영어 탐구는 만점이었지 ㅆㅂ 근데 의외의 구멍이 있었는지 모르겠지만 뭐에 홀린건지 모르겠네 ㅆㅂ 고대 고대생 꿈꿨는데 ㅆㅂㅠㅠㅠㅠㅠㅠㅠ. 6일에 나와봐야 겠지만 지금 예상등급컷 딱!!!!!!! 턱걸이로 수능최저 맞춘상태라서 존나게 떨리네ㅠ 노력도 배신한다 한다고ㅠ. 누구나 그럴싸한 계획이 있잖아 쳐맞기 전까지는ㅠ 수능날 개쳐맞은 06 후............. 제발 최저 맞추고 성대라도 보내주라ㅠ 가면 안까불고 존나게 공부하고 스펙쌓을꺼임ㅠ,False,,0.0,0
@댕댕0l,와코님 수능 잘 보셨기 바라고 영상 너무 기다렸어요ㅜㅜ<br>앞으로 좋은영상 올ㄹ려주시고 좋은 성적나오셨길 바래요!,False,,0.0,0
@snow_ing,와코 소녀 끝까지 응원하고 사랑해🤍,False,,0.0,0
@뎓-f4v,ㅋㅋㅋㅋㅋㅋㅋㅋㅋㅋ 휴지이슈… 수능날도 쉽게 넘어가지않는군요 와코양… 정말 수고많았어요 논술 ㅍㅇㅌ!!!! ❤,False,,0.0,0
@user-bl6bz5ct8x,박여사 편지 보고 난 고삼도 아닌데 눈물날 뻔 함..,False,,0.0,0
@dang_love,위플래시 왜이렇게 웃기지,False,,0.0,0
@최지혜-d4n,와코웅니 수고했고 앞으로도 홧팅❤❤💕💕,False,,0.0,0
@Hiems-y2,와코 언니 진짜 수고 했어요 원하는 대학 꼭 가길!! 언니사랑해❤️,False,,0.0,0
@몽-t1w,원래 댓글 잘 안다는데 와코 수능 넘 수고했어!!!,False,,0.0,0
@니가뭔데저리가,와코언냐수고햇아,False,,0.0,0
@antib2928,와코언니 여기까지 달려오느라 고생했어! 나도 빨리 기말고사 끝내고 언니 영상 몰아볼게! 항상 응원해ㅔ❤️❤️,False,,0.0,0
@user-cg6fz5zq8c,웅니 완전 고생 많았어요 언니가 항상 행복하길 바래요 결과가 어떻든 언니는 빛나는 사람이니 항상 빛나게 살아줘요😊,False,,0.0,0
@user-bl6bz5ct8x,와코 없던 한달은 지옥이었다.,False,,0.0,0
@알콩달콩모아,와코 화이팅!!,False,,0.0,0
@신예린-b1n,와코 언니 그동안 늦게까지 공부하고 힘들고 지친일도 많았을텐데 열심히 공부하고 지금까지 포기안한 언니가 너무 대견해요 결과가 뭐가 되든지 간에 항상 응원할게요❤ 고생많았어요!,False,,0.0,0
@Mahshiu9t,수능시험 끝났을 땐 수능을 보고 달려왔던 내 인생이 끝나버린 것 같아 허무하기도 하고 시험을 망친 것만 같아 걱정도 되고 했어요 그렇지만 열심히 해왔던 게 있는 만큼 후련함이 더 클거라 생각해요! 수능 성적나오기전까지 너무 낙담하지 말고 오랜시간 힘들었던 내 몸과 마음을 신경써주기로 해요~~!,False,,0.0,0
@ANYOJUNG-zl3mh,1년 전에 부모님몰래 제주도간사람 맞냐고ㅜ,False,,0.0,0
@KiKi_524,와코 수능도 끝나고 이제 꽃길만 걸어요~🥹🩷,False,,0.0,0
@뷁쀍,수고 많으셨어요 ❤,False,,0.0,0
@ANYOJUNG-zl3mh,와코홧팅👩‍💻,False,,0.0,0
@seoulbigbrother,와코 내는 수능 깔아주러 갔다가 콧물이 흘러서 숨도 들이마시지 못하고 마스크에 고이고이 모아서 옹달샘 만들었었다...<br>수고 많았으요❤,False,,0.0,0
@김범식-i6h,아왤케슬프지,False,,0.0,0
@밍밍이-h4f,나 왜 울어?,False,,0.0,0
@김나연-f6m,와코님.ㅜㅜㅜㅜ진짜 수고많으셧어요ㅜ 앞으로 꽃길만 걸읍시다!,False,,0.0,0
@monkey7-haha,언닝 항상 응원 할게요!! 🍀,False,,0.0,0
@해왕성-f2h,수능은 사회악.그자체. 수고 많으샸습니다❤,False,,0.0,0
@콩숙-q9n,와코소녀 그동안 고생많았어요 ❤❤️❤️,False,,0.0,0
@minyeoku1103,와코 수고해따!!,False,,0.0,0
@minyeoku1103,다음은 나다..,True,@minyeoku1103,1.0,0
@dol12354,헐뭐야수명에서보셧다니..,False,,0.0,0
@Rx.a0,언니ㅜㅜㅜㅜㅜ 와코 언니 너무 고생했어 언니는 충분히 잘했고 당연히 언니가 그동안 한 노력이 진짜 비상하길 바래 언니 무조건 성공할거야 행운 가득해🍀🍀 언니 화이팅 고생했어,False,,0.0,0
@junkyukim8962,와코짱안녕!!! 아침에수능장에서인사한언니예요…. 제가 나대는 성격을 못눌러서 아침에 보자마자 와코짱인거 알고 앞뒤도 안가리고 말을 걸었거든요.. 수능날이라 예민하고 불편했을 수도 있는건데 쫌만 더 생각하고 말을 걸걸… 싶었어요 혹시 불편했다면 너무 미안해요😭😭 <br>그리고 영상 재밌게 잘 보고 있어요…..💓 와코짱의 밝은 에너지 덕에 힘을 많이 받아요 짧은 인연이었지만  전 앞으로도 와코짱의 앞날을 정말정말 응원할거에여 !!!!!!!!! 수능 보느라 수고했어요🫳🏼🫳🏼,False,,0.0,0
@림-l9o,우리 와코아기 수능장 넘 씩씩하게 들어가다니 대단해요 어머니가 남겨주신 영상 보면서 제가 울컥햇네요.. <br>모든 사랑이 와코아기에게 가길 그리고 많은 행운이 와코아기 조은 입시결과를 가져다주길,False,,0.0,0
@garyang-u9b,와코야 진짜 고생많아쏘ㅜㅜㅜㅜㅜ 앞으로 쭉쭉 합격만 있을거야!!!,False,,0.0,0
@설악산-v2g,와코소녀 수고 많았어요 ❤️❤️,False,,0.0,0
@theblackskirts_0,와코님 고생 많았어요🤍🤍🤍,False,,0.0,0
@canubemylove,진짜진짜 고생많았어요ㅠㅠㅠ 정말 수고했고요!!💗,False,,0.0,0
@koigo88,와코 소녀 수고많았어요❤,False,,0.0,0
@unnnnnnnnnkkkk,아눈물나 ㅠㅠㅠㅠ수고햇어요 너무너무 <br>사랑해 와코 언니<br>이제 내가…………………….🥹,False,,0.0,0
@OHDDUNGHUNI,엄마 영상보고 눈물 고인 1인...,False,,0.0,0
@이알랑사랑해,"와코넴! 고생 많았아여! ( <a href=""https://www.youtube.com/watch?v=iN2GAFCwuik&amp;t=307"">5:07</a> 이부분 귀여워요,,)",False,,0.0,0
@은또로롱-n2b,언냐 오랜만이에요 수고했어욤🥹🥹,False,,0.0,0
@jiiiiini,와코 영상 진짜 재밌게 봤던 지나가던 사람이 정말 수고했다고 말해주고 싶어요ㅠ!!!,False,,0.0,0
@동글동글동글-j9p,언니를 향한 어무니에 사랑이 느껴지는 영상이야 사랑 많이 받아서 와코가 이렇게 사랑스러운거였군,False,,0.0,0
@Kddsvc,와코랑 같은 층 고사장이엿는데 혼자 복도 바닥에 앉아서 공부하시길래 인사하구 싶엇눈데ㅠ 방해하는 거 같아수 못햇어유ㅜㅠ멀리서 지켜보는 것만으로 만족하겟숩니다 수고햇어욤❤️❤️,False,,0.0,0
@Kddsvc,와코랑 같은 층 고사장이엿는데 혼자 복도 바닥에 앉아서 공부하시길래 인사하구 싶엇눈데ㅠ 방해하는 거 같아수 못햇어유ㅜㅠ멀리서 지켜보는 것만으로 만족하겟숩니다 수고햇어욤❤️❤️,False,,0.0,0
@Kissy_face77,언니 😻😻<br>수능 보느라 너무너무 수고하셨어요 🥺<br>앞으로도 좋은 일이 많이 생기길 바랄게요 대학도 꼬옥 합격해서 대학생 브이로그로도 만나면 조켓다... 사랑애요 🫶🏻🤍🩵,False,,0.0,0
@Co.m91,왼손잡이세요 ?!?!?!,False,,0.0,0
@김광식-t4k,와코야~~ 고생햇어 소녀…😽😽,False,,0.0,0
@코꾸멍-u7h,와코도 곧 성인이네요..남은 2024년동안도 행복하고 행복하쟈요😽💛,False,,0.0,0
@지현-s5i,와코 ♡ <br>수능이 끝나고 제일 크게 와닿았던점은 <br>노력은 날 배신한다였지만<br>(망했으니까..)<br>수능이 끝난 4년 뒤 제일 와닿는점은<br>노력은 뒤늦게라도 보상된다는 점이야<br>아마 와코는 유튜브까지 했으니<br>따블로 돌아올거야(수능결과로든 나중에라도) 늘 응원해요 ♡,False,,0.0,0
@user-px9gt5fp8h,영상 올려주셔서 감사해요 얼마나 걱정했는데요😢 수능 수고하셨어요!🎉,False,,0.0,0
@12942-w,ㅋㅋㅋㅋ 어머니 너모 귀여우시당,False,,0.0,0
@Haeun14,"수고 햇어요 ,,<br>전 비록 7년이나 기다려야 하지만 와코님만도 못 할 것 같은데..~",False,,0.0,0
@Lookatme330,나 수능칠때생각난다…..🥹🥹🥹🥹🥹🥹,False,,0.0,0
@coffeebarra,ㅋㅋㅋㅋㅋㅋㅋㅋㅋㅋ 썸네일 졸귀 와코아기 고생했어요!!! 결과에 상관없이 매일 스스로 고민 많았을거예요 그것만으로도 아주 장해,False,,0.0,0
@조은정-l5r,나는 너무 지옥같았고 우울했고 웃지 못했는데 저보단 밝게 수험생활을 보낸 와코님이 부러워요ㅎㅎ 죽을만큼 심각했고 일상을 일상적으로 보내지 못한 저와 대비되는 와코님을 보면 나는 왜 저러지 못했을까 싶어요<br>부럽고 고생했고 고맙다고 말해주고 싶네요 수고하셨어요~~,False,,0.0,0
@outreach1388,은정님 역시 너무나 애썼다고 말씀 드리고 싶어요.. 그 동안 많이 힘들었지요. 감당하기 버거운 공부량과 수능에 대한 부담감으로 하루하루가 힘겨웠을 거에요. 이렇게 괴로운 일상에서도 삶을 이끌고 여기까지 와준 스스로에게 고맙다고 다독여주세요. 이제는 무거운 짐을 잠시 내려놓고 일상에서 나를 즐겁게 하는 작은 행복을 찾으며 편안한 시간을 보내시길 응원드려요.,True,@조은정-l5r,2.0,0
@조은정-l5r,@outreach1388  감사합니다! 고마워요오,True,@조은정-l5r,2.0,0
@찰리브라운-t3u,결과가 어떻든간에 너무 수고 하셨어요,False,,0.0,0
@민토리-g7n,고생 많았어요 언니❤,False,,0.0,0
@이시현-v4r9p,와코😍수고햇어요,False,,0.0,0
@혜빈-e5w,언ㄴㅣ 고생했어요 ❤❤❤,False,,0.0,0
@눕눕_8,"안녕 와코 소녀,,, 저는 수능에 불합격이 없고 더 잘 될 수 있는 다른 길을 갈 수 있는 기회를 주는 거라고 생각해요 결과가 만족스러우면 너무 다행이지만!! 맘에 들지 않는다 해서 좌절하지 말고 그것을 기회라 생각하고 가고 싶은 길을 찾아 가면 좋겠어요 // 너무 고생많았어요🥰🥰",False,,0.0,0
@송채현-o8r,수고 했어 김도연 먼발치서 응원한다.,False,,0.0,0
@와코,고마워 👍,True,@송채현-o8r,1.0,0
@라임-r2h,오늘 자퇴한 고1인데 와코언니 보면서 힘 많이 얻고 가요ㅜㅜ 수능 수고 많으셨어요!! 앞으로의 여정도 응원하께요!❤,False,,0.0,0
@서희ss__hh,저도 이번에 수능 봤었는데 아직도 수능 끝난게 실감이 나지 않네여 ㅋㅋㅋㅋ큐ㅠ저는 내일 면접 보러 서울에 올라가요!! 너무 수고했어요❤❤🥺,False,,0.0,0
@mimikk-o3t,"<a href=""https://www.youtube.com/watch?v=iN2GAFCwuik&amp;t=378"">6:18</a> 이런 가족이 있는데 수능이 뭔상관이냐 수능만점이랑 비교도 안되는 자산임",False,,0.0,0
@happyrita06,와코님이랑 같은 학교에서 본 수험생인데요!! 정말 수험생으로써 존경합니다!! 입시 화이팅!😂,False,,0.0,0
@user-ht1uw1ws2l,와코소녀... 인생의 한 챕터를 끝내서 축하해요 저는 수능 감독관이였는데 수험생들을 보니 동시간대 같이 수능 칠 와코도 생각나더라구요<br>넘 멋있고 대단해요 앞으로의 나날을 정말 응원합니다,False,,0.0,0
@myongnee,보고 싶었어 수고 많았다,False,,0.0,0
@딴-o1k,영상 보면서 내가 떨렸네 수고했어 와코언니!!!,False,,0.0,0
@liaeehzw,그동안 고생 많았어요 수고했고 앞으로 행복한 길만 걷길 바라요 제가 계속 응원할게요 🍀🤍,False,,0.0,0
@삶은..계란이다-egg,와코소녀 너무너무 수고 많았어요🥹💖<br>그동안 노력한만큼 좋은결과 있을거예요!!<br>행복한 앞날을 응원합니당🍀🍀,False,,0.0,0
@farmer_dundun,아직 영상 보지 않았지만 와코소녀 너무 수고했고 정말로 자랑스러워요!!!!!!!!!!!!!!!!!!!!!!!!,False,,0.0,0
@liaeehzw,"<a href=""https://www.youtube.com/watch?v=iN2GAFCwuik&amp;t=280"">4:40</a> 렛잇고 ㅋㅋㅋㅋ 넘웄겨요",False,,0.0,0
@Hod_alek,와코언니 볼려고 매일 영상 보는중,False,,0.0,0
@young_ggom,"와코걸,,, 진심으로 고생 많았어요...💘✨",False,,0.0,0
@hxoaoon,와코언니 너무너무 수고많았어 고생했어ㅠㅠ 언니가 제일 멋있다 내가 늘 응원할게🍀,False,,0.0,0
@hihit_ouo,와코아기 수고많았어용,False,,0.0,0
@eunol,잘 보신 것 같아 다행이네요 앞으로는 힘든 일 없이 편했으면 좋겠어요 화이팅!,False,,0.0,0
@hyehyehyekong,"와코 사랑해 수고했어요!!!! 🍀💚<br>수능 치신 모든 분들 너무너무 고생하셨습니다!! <br><br>전 글을 잘 쓰는 편이 전혀 아니지만 꼭 해주고 싶은 말들이에요. <br><br>결과가 어떻든 모두가 허무함과 상실감에 빠져있기 보단, 앞으로 나아갈 미래에 대한 기대감, 그리고 도전이라는 벽에 무너지지 않는 멋진 사람들로 성장하길 응원합니다.<br>수능 하나로 감히 당신들의 가치를 판단할 수 없어요 사랑합니다 🫶",False,,0.0,0
@이정윤-x1l,고생 많았어요 ㅠㅠㅠ,False,,0.0,0
@ydsi0,수고햇어요ㅜㅜ,False,,0.0,0
@김원식-r7q,멋있다,False,,0.0,0
@3hxri,언니 고생 많았어 사랑해🫰🏻🫰🏻❤️❤️ 연말을 최고행복하게 보내요,False,,0.0,0
@ss-pc6pn,엄머니 영상보고..와ㅜㅜ 와코님 너무 고생하셨어요 ⭐️❤️,False,,0.0,0
@으앋너무에바임,진짜 고생햇어용 🥰🥰,False,,0.0,0
@aintnevergonnastop,"와코소녀 항상 행복해야해,,,❤❤",False,,0.0,0
@서현-r1y,복복복복 와코 소녀 고생 많앗어요 🫳🏻🫳🏻🫳🏻❤️,False,,0.0,0
@o2jia,넘 수고 만으셨움니다 💞💕!,False,,0.0,0
@집가고싶다-e5v,와코소녀!!❤ 너무 너무 수고했어요!!,False,,0.0,0
@first-snow1203,와코소녀 수고했어요~!,False,,0.0,0
@X.Xw..i_q,오ㅏ코언니 좋은결과 나오길!!!! 너무 수고했어!!!!❤❤,False,,0.0,0
@Hyerin-k8u,개같이 기다렷다,False,,0.0,0
@멜-s3h,온니 너무 수고했어❤❤❤<br>이제 언니의 세상을 누려❤❤ 남은 고삼 기간 재미있고 행복하게 보내❤❤ 언니의 꿈을 응원할께❤❤🎉🎉,False,,0.0,0
@leesy-n6b,언니 너무너무 존경스러워요... 그냥 멋지고 예쁘다는 밀 빼곤 해줄 말이... 많아요 고마워요❤️‍🔥🥺,False,,0.0,0
@에어버스-d5i,어니 58분전은 오케 첨어~,False,,0.0,0
@호호-b6m,"아직 수능도 안 쳐 보았구, 검고 준비 중인 고2 자퇴생 시청자 중 한 명입니다!! 앞으로 어떻게 준비를 할지 또 주변에 저와 비슷한 사람이 많지 않다보니 막막하고 힘들때도 많았는데, 언니의 유튜브를 보면서 힘도 많이 얻고, 저도 더 열심히 해야겠다는 동기부여가 되었어요! 😊 수능이라는 인생의 언덕들 중 하나를 넘으신 와코님 대단해요😆👏 넘 고생 많으셨어여ㅕ 끝이 아닌 이제가 진짜 시작이니까!! 열심히 해온 만큼 충분히 휴식도 하시구 충전하셔서 앞으로 더 힘차게 나갈 힘을 얻으셨으면 좋겠습니댜ㅑ🙃🥹 앞으로의 인생에서 좋은 일만 있을순 없겠죠, 하지만 좋은일이 훨씬 더 많이 일어나시길 바라구, 힘든 일이 생기시더라도 금방 일어날 수 있는 힘과 <br>그 일로 더 성장하실수 있으시면 좋겠어요🤩 항상 밝고 씩씩하시고 멋지셔서 항상 힘을 얻고 갑니다! 앞으로도 열심히 유튜브 챙겨볼게요🥸 화이팅ㅇ잉🎉🎉",False,,0.0,0
@김보민-v9l,167빠.. 대학 붙으세열,False,,0.0,0
@담비-r7r,와코 너뮤 고생햇고 앞으로 좋은일만 생기길!!!,False,,0.0,0
@1009cjsrn,그동안 노력한만큼 좋은결과가 있을 거예요!!!! 와코소녀 꼭 합격하긔🥹😻💝,False,,0.0,0
@김치찌개-o8r,와코 너무너무 수고 많았어요❤❤❤🎉🎉 결과랑 상관없이 일단 푹 쉬고 마음껏 놀기를!!!,False,,0.0,0
@헤-l1d,왔다 내 웃음벨❤,False,,0.0,0
@user-elikeiy11,와코소녀 넘 고생했더요❤,False,,0.0,0
@kyoo221,와코소녀~~ 그동안 고생 정말정말 많았어요<br>이영상보고왜케울컥하나몰러 <br>작년 수능 날 제주도 여행 갔던 영상본게 엊그제 같은데 벌써 수능까지 보구.. 진짜 시간이 왜이렇게 빠르나 몰러~~...  이제 푹쉬고 하고 싶었던 거 다 하구.. 즐거운 12월 보내긔 ~~~ 항상 응원합니댜아 .. 🩷🕊️,False,,0.0,0
@뭉게구름-k8e,진짜 너무 수고 많았어요~~ 행복한 날들만 앞으로 와코아깅을 기다리고 있길,False,,0.0,0
@xonnLL,같은 검정고시 수험생으로서 너무 고생해써요오...❗️<br>앞으로 행복할일만 남았다✨️✨️,False,,0.0,0
@zyongl7,와코소녀 사랑해 ♡ 복복복복🫳🏻🫳🏻🫳🏻 넌 다 잘 될거야앙~🫳🏻😍 고생햇오,False,,0.0,0
@냥양-c1o,와코냥 ㅠ 같은 반에서 수능봣는데...<br>진짜 누무 반가웟음 왜냐면 즌짜 팬이기때문임..😢❤ <br>아는척하려다가 도무지 그건 아닌 거 같아서 <br>참음..<br> 와코냥 만나는 상상해봣엇는데 왜 실제는 수능장에서 만난 거냐긔 ㅠㅠ....... <br>진짜 고개들엇는데 와코냥이 들어오길래 신기햇슴 ㅠ....... 인생 중 크다면 큰 이벤트중 하나인 수능.. 같은 공간에 잇엇던 것만으러도 넘 행복함...❤❤<br>와코냥... 망해두 재수는 하지마러잉.....<br>지금까지 넘넘 수고했구 앞으로 더더더더 행복하길 바라요🎉🎉<br>반 제일 늦게 들어간 개망나니 n수생이...🎉❤ <br>사랑해 와코,False,,0.0,0
@와우-m7j,와코 애기 수고했어 🍀,False,,0.0,0
@user-dahada,"<a href=""https://www.youtube.com/watch?v=iN2GAFCwuik&amp;t=450"">7:30</a>,웅니야 수고해써🍀🍀🍀<br>앞으로도 언니가 가는 모든 걸음이 꽃길이길 진심으로 응원해🩷🩷",False,,0.0,0
@김민성-d8j5f,🎉🎉,False,,0.0,0
@Yeerin77,저렇게 사랑스러운 어머니가 계셔서 와코님이 긴장안하시고 잘보신것 같아요! 수능 보시느라 고생 많으셨습니당🤍,False,,0.0,0
@jimnnixe_,와코소녀 고생 많았어여..:😢 같은 고3으로써 와코소녀가 얼마나 많은 노력을 했는지 알 것 같아여 꼭 좋은 결과 나오길 바라구 수능 만점!! 가봅시다!!!❤🍀,False,,0.0,0
@HKM-gm6df,이누나 재미따,False,,0.0,0
@namunulb,와코소녀는사랑😻수고하셨습니당😽,False,,0.0,0
@Clover-e9j,와코소녀 짱짱 수고했구 앞으로 항상 행복하길 바랄게🍀🫳🏻🫳🏻 사랑해 ❤‍🔥,False,,0.0,0
@정신차려-u3t,헐 어무니 너무 스윗하셔 ㅠㅠ,False,,0.0,0
@넌이제뒤쪄뜨,"꺅! 어제 라이브 보고, 영상 기다렸는데 ㅠㅠ 언ㄴ 고생했어ㅓㅓㅓ",False,,0.0,0
@bakbak-dirara,와코소녀..댓글은 처음 달지만...그동안 묵묵히 응원했우ㅜㅜ오늘 점심때까지도 영상 정주행했는데 밝은 모습으로 돌아와주어 고마와~~~고생 많았어요🎉🎉🎉,False,,0.0,0
@강태현-q9k,와코 수고했어어어❤❤,False,,0.0,0
@김쟌-p9z,와코넴 수고하셨어용!ㅠㅠ 마지막까지 좋은결과 있길 기도할게요🥺,False,,0.0,0
@Srdd6664,와코야 너무 수고했어여.. 푹쉬자!!🤍🤍,False,,0.0,0
@감정적으로나오는순간,진짜 큰거왔다 수능끝나고 고삐풀린 와코 기대돼서 주거ㅠㅠㅠㅠ❤수고했아요,False,,0.0,0
@호싱이싱싱,너무 너무 너무 고생했어요❤❤❤❤❤,False,,0.0,0
@안냥-i3k,수고해써요 와코 ㅠㅠㅠ 🩷,False,,0.0,0
@우헤헤헿-e4o,와코 ㅠㅠ 진짜 수고했어요오❤️ 그동안 노력했던 만큼 좋은 결과얻길 바라요! 앞으로도 오래보긔☺️☺️,False,,0.0,0
@이지원-s5z9t,와코소녀 너무너무 고생많앗어요~!! <br>근데 나 내가 수능볼때도 안울었고 떨지도 않았고 내동생 수능볼때도 아무렇지도 않았는데 우리와코아기소녀가 수능봤다니까 왤케 떨리고 울컥하는지 모르겟음 나 와코 사랑하나봄.❤ 앞으로의 와코의 길에 합격이랑 꽃만 잔뜩 있길!!!,False,,0.0,0
@해삐송,"와코아기소녀!!! 수능 너무너무 수고했어요 .. 🥺🥺 요즘 넘 추운데 따듯하게 입구, 감기 조심해요!",False,,0.0,0
@박다인-d1k,와코가 돌아왔드아!!!!!! 보고싶어죽는줄 ㅋ 수고했어요❤️❤️❤️,False,,0.0,0
@xoun_.d,"좀 부끄럽기도 오글거리기도 하지만 와코한테 쓰는 진지한 편지가 없는 거 같아서 써봐요<br><br>음 12월이 지나간 것도 아닌데 왜 이렇게 큰 사건이 훅 지나가버린 느낌일까요 너무 길고 더웠던 여름이 지나고 찾아온 가을이 낯설어서 낯가리고 있는데 10월이 마무리되어서 더 그런 거 같아요 이번 시월은 유독 매끄럽게 흐르는 것 같지 않은 한 달이라 많이 놀라기도 했지만 그래도 시간은 흐르는 게 느껴져서 벌써 마무리를 표현하고 있어요<br><br>나는 유독 와코를 생각하면 미안하다는 생각이 많이 드는 것 같아요 이상하게 유독 와코에게 주어진 삶이 동화 같았으면 좋겠단 생각을 지우질 못 하는 거 같아요 항상 큰 포부를 담은 와코에게 드라마 같은 일들이 나열됐으면 좋겠는데 정작 와코가 우리에게 동화를 선사해 주고 너는 늘 치열한 현실을 사는 거 같아요<br><br>피부로 와닿는 현실에서 어떻게 늘 너의 선을 잃지 않고 우리에게 동화를 선사해 줄까 작은 노력이 아닐 것 같아서 그 노력만큼 고맙고 미안해요<br><br>10월 한 달은 어땠나 거기서 넘어가 고맙다는 말, 힘내라는 말, 위로의 말을 너무너무 하고 싶은데 직접 옆에서 해주기 어려워서🥹<br><br>난 늘 너에게 많이 고마워하고 있어<br>늘 내 삶을 동화로 만들어줘서 고마워요<br><br>늦었지만 10월 한달도 너무 많이 고생했어요<br><br>운명 한가운데에 서서 사랑할게 와코를 아끼는 사람으로서 줄 수 있는 모든 사랑을 줄게 그리고 영원이라는 단어가 결코 가벼운 말도 아니고 쉬운 일도 아니지만 와코랑은 꼭 영원하고 싶어요<br><br>앞으로도 좋은 추억들만 만들어 주고 좋은 것만 눈에 담겨주고 좋은 것들만 들려줄게요<br><br>11월의 와코는 지나간 것들에 연연하지 않고 흘려보낼 것은 흘려보내며 조금 더 자기를 위한 선택을 하기를, 11월은 10월보다 더 많이 웃을 수 있기를 그리고 행복한 일만 있기를.<br><br>항상 멀리서 응원하고 어느때는 가까이에서 응원할게요 🍀💚",False,,0.0,0
@한교동씨,감.         동.❤️‍🔥,True,@xoun_.d,4.0,0
@user-yd6qt9vt8x,"우리 모두, 남은 2024년 끝까지 치열하게 행복만 가득하길🍀💚",True,@xoun_.d,4.0,0
@78ht-i3j,와코짱..같은 수험생으로서 지치는 시기에 와코 영상 보면서 많이 웃고 힘도 얻기도 했어용 너무 고맙구 고생 많았어요!!🩵🩵,False,,0.0,0
@mygoodlimetree,수능 진짜 수고하셨어요! 07은 이제 시작입니다..,False,,0.0,0
@Boomboomboombommm,29일에 올라온다면서 22일에 올라오다니 최고야 와코소녀!!,False,,0.0,0
@하이욤얌,옹니야 따랑해~,False,,0.0,0
@샌드미-k8d,수능날 브이로그 찍는 와코 짱이다 짱 좋은 결과 있기를 바래요!!,False,,0.0,0
@가-v6v,수고했어요!!!!❤❤❤❤,False,,0.0,0
@장-x1j,언니ㅠㅠㅠㅠ 완전 수고했어요!!<br>와코 이젠 꽃길만 걷자..🌸🌸🍀,False,,0.0,0
@yeloxs,와코언니 수고많았어요 푹쉬시길🙏🏻💗,False,,0.0,0
@배유라-m6n,와코님 행운만 가득하세용~🍀,False,,0.0,0
@user-ih4rr7st2p,"<a href=""https://www.youtube.com/watch?v=iN2GAFCwuik&amp;t=263"">4:23</a> 그래도 엄머니께서 진짜로 장어 써주셨네요 ㅎㅎㅋㅋ 수능 고생했더요 와코",False,,0.0,0
@박응-p6i,와코소녀 고생햌ㅅ어요 😢😢❤❤❤❤,False,,0.0,0
@alsowjqz,어머니 편지 너무 귀여우시고 감동적이에요 고생많았어요,False,,0.0,0
@소윤희-l2m,"눈물나네요,,,",False,,0.0,0
@Sio-q2v,드뎌 돌아와따!,False,,0.0,0
@ZHIYANZHANG,"와코소녀!수능 참 수고했어🎉🎉그동안 자퇴도 하고,참 많은 일들이 지나갔지만 난 와코소녀가 수능을 잘 봤다면 정말 기쁠것 같아 앞으로도,그리고 지금까지도 꽃길을 걷길 응원할게❤🎉🎉",False,,0.0,0
@mododorin,"<a href=""https://www.youtube.com/watch?v=iN2GAFCwuik&amp;t=377"">6:17</a> 나 왜 여기서 눙물이 나냐...ㅠㅠㅠ 와코 넘 수고햇어어ㅓ ❤",False,,0.0,0
@choyeon0703,언니 고생만ㄹ앗어,False,,0.0,0
@갱-p1g,결과가 어땠든 너무 고생했어요❤,False,,0.0,0
@밍밍-l1g4d,두달 뒤면 서른인데도 아직까지도 수능 끝나고부터 20살 때 놀았던 기억이 제일 좋았던 것 같아요 ㅎㅎ 대학교 들어가기 전이 제일 맘편하게 놀았달까…😂 지금 맘껏 놀아요 !!!! <br>그동안 공부하느라 고생해써요 ~~!,False,,0.0,0
@응서-t5b,"<a href=""https://www.youtube.com/watch?v=iN2GAFCwuik&amp;t=409"">6:49</a> 라이브애서 말했던 썰 ㅋㅋ",False,,0.0,0
@yx.r1wng,와코 고생많앗떠🤍🤍,False,,0.0,0
@My_l0g1n_,와코소녀….그간 스터디윗미도 같이 보면서 공부했던 06이에요….너무 고생했어요 진심으로🥺🙇‍♂️,False,,0.0,0
@Mintsheepbrown,언니~~!너무 수고했어!!,False,,0.0,0
@채빈-Hcb,와코님 완전 수고많으셨어요!💗💗,False,,0.0,0
@리나-f5f,언니만 기다렸어요 앞으로 고3 생활을 버티게 해 줄 와코언니 잘 부탁해요❤️🫶🫶,False,,0.0,0
@응서-t5b,학원 때문에 늦었잔아!!! 수능 브이로그 기다리고 있었는데 ❤ 수능 고생했어요,False,,0.0,0
@Kloudsunny,언니 진짜 축하해여!!!앞으론 대학브이로그를 볼수있으려나🤭<br>영상 마니마니 올려줘요!!!❤,False,,0.0,0
@소영-r6z,맘고생 많으셨어유.....<br>팬으로ㅅㅓ..... 와코님의 앞으로를 응원하겠습니다아...🍀,False,,0.0,0
@섬찟_투_soobin_love,언니 수고했어ㅠㅜ🦧🫳🫳와코언니 너무 사랑해..❤️‍🔥❤️‍🔥벌써 곧있으면 언니가 20살이라니..ㅜ다음엔 차쥐뿔 가자!(?),False,,0.0,0
@nimmin02,"<a href=""https://www.youtube.com/watch?v=iN2GAFCwuik&amp;t=379"">6:19</a> ㅠㅠ맘이 따뜻해요",False,,0.0,0
@nhdudhdb,와코 수고해떠,False,,0.0,0
@Hh_000o2r,고생많았어요😭💐💐💐,False,,0.0,0
@user-id8wm5te6j,고생했어요~~,False,,0.0,0
@내인생이거든,기쁘다 와코 오셨네🎉,False,,0.0,0
@정우야결혼해줘,아니 왜 와코머님 영상편지보고 내가 다 감동먹냐 민초먹다가 오열중임,False,,0.0,0
@호랑이의발톱,언니 고생 많았어!! 이제 편하게 놀자!!!💎💎🤍🤍🤍🤍🤍사랑해!!,False,,0.0,0
@하나기-z9b,"어머님 말씀하시는거 보고 갑자기 벅차올라서 티얼스 하나가 떨어졌어요.. 와코님 수능치시느라 고생많으셨고, 앞으로도 계속 고난이 있겠지만 와코님이라면 이겨내실 수 있으실거라 믿어요! 수능임에도 불구하고 브이로그 올려주셔서 감사해여ㅕ 다시한번 수능 고생하셨습니다!",False,,0.0,0
@시크릿쥬쥬10,와코 언니 수능 보느라 고생해써❤❤❤07이라 내년에 화이팅해볼게용❤,False,,0.0,0
@시끄러-k9k,언니 고생했어요❤,False,,0.0,0
@geej-gv4jy,고생해따 와코소녀 💝 합격길만 걷길,False,,0.0,0
@sawaissawa,7일차에 포니테일 넘 예쁜데 머야!! 언니 수능 보느라 너무너무 수고햇코 이제 구독자들이랑 꽃길만 걸어요~ 불합격해서 우는 장면 너무 슬퍼ㅜㅜ 그나저나 우리 와코웅니는 정말 져지가 많구나.. 손민수하다가 거덜나것어 우와 도시락 맛있어보이는데 한입만 줘요 ㅋㅋ 어머니 손 잡고 고사실 가는 거 왠지 뭉클하잔아 ㅜ(나뭐돼?) 들어갈때까지 와코 찍고 집에서 영상편지 찍는 어머니 사랑도 느껴지고 동생도 귀엽고 정말 와코언니는 사랑받는구나싶어서 보기 좋아요🫶 아놔 휴지를 왜 젓가락으로 빼요 내감동 돌려내 와코언니는 맨날 망했다고 하지만 우리 구독자들은 영상으로나마 와코소녀가 노력하는 모습을 지켜봐왔으니까 와코소녀가 얼마나 멋진 사람인지 알아요☺️ 다시 한번 수능 너무너무 고생햇어요! 🫶🫶 (와코언니 성인되면 음주로그 막 기대해봐도 되나? ㅎㅎ) 여행 어디가는지도 넘넘 궁그매요 빨리 알려줘어! ++와코언니 정말정말 사랑해요🩷 올해 너무너무 힘든 해였는데 언니덕분에 그나마 버틸 수 있었어요 구독자들이 언니한테 힘이 되어주는 만큼 언니도 구독자들한테 엄청난 힘이 된다는거 알고있었으면 좋겠어요🥰,False,,0.0,0
@sxxxeon,와코소녀 고생하고 수고했어요~,False,,0.0,0
@dabxn_0q,와코님 수고했어여💗💗🍀,False,,0.0,0
@단-x2w,와코아가!!!! 너무 고생했어요 사랑혀 🫶🏻🫶🏻,False,,0.0,0
@라희-p7z,"와코소녀..😢😢 너무 힘들 었겠어,,<br>12년동안 공부한 거 진짜 대단해👏🏻<br>열심히 공부했으니까 결과가 아닌 과정에 충실했으면 좋겠어 !! 언니는 언제나 체강이니까💗 항상 어디서나 잘 할 거라고 믿어,, 수능날까지 많이 떨지 않고 당당한 언니야..😱 진짜 고생 너무 많았어😭 내 한마디가 와코에게 도움이 되길 원해 : ) 해줄 수 있는 말이 고생 했다, 힘들었겠다 같은 말 밖에 없어서 너무 미안하고ㅠㅠ 언제나<br>화이팅!!🥳 사랑해❤️‍🔥",False,,0.0,0
@랄라랄라-l9o,와코소녀 고생 많았어요~~~ 결과가 어떻게 되든 와코가 노력하고 선택해온 모든 것들은 성장의 밑바탕이 될겁니다 앞으로도 계속 응원할게요 ☘️🍀,False,,0.0,0
@아가라구요-p8j,와코!!! 나 와떠!!!! 수고했어~~~~~~~~~~~~~,False,,0.0,0
@히하호-j5l,저도 국어시험 보기전에 비염이 갑자기 심해져서ㅠ 급하게 약먹고 시험봤어요😂,False,,0.0,0
@djdhd1871,온니ㅠㅠ 맨 처음에 입은 아디다스 초록색 저지 사이즈 알 수 있을까요? ㅠㅠㅠㅠ,False,,0.0,0
@로드-129,이제 계속 올려!!!,False,,0.0,0
@nwish.10,결국 장어덮밥울 먹은 와코… 너무너무 수고했구 이제 즐겁게 놀아요오💓,False,,0.0,0
@dxwxd_s,헐 제가 단 댓글이 들어가다뇨ㅠㅠㅠㅠ 진짜 사랑해 와코❤❤,False,,0.0,0
@아라똥,악귀여웡🥰 수고햇다여🫰🏻🦶🤍,False,,0.0,0
@이소담-p2c,13분전 ㄷㄷ ❤잘보구 가용 아까까지 와코님 영상 계속다시 보구 잇엇지용 ㅎ,False,,0.0,0
@이세정-o7j,"<a href=""https://www.youtube.com/watch?v=iN2GAFCwuik&amp;t=378"">6:18</a> 여기서 눈물 났다…ㅜㅜ",False,,0.0,0
@ohthatsmine,저도 수능 봤는데 와코 소녀도 너무 수고 많앗서요💗 모두 원하는 대학 합격합쉬당!!!,False,,0.0,0
@사랑해난별로,앞으로 와코소녀가 가는 모든 길에 행운과 행복만이 펼쳐지길 바래봅니다,False,,0.0,0
@라빌-u6j,와코 너무 고생많았아요 🎉🎉,False,,0.0,0
@ganyuyuyuo,언니 그동안 보고싶었어요…🥹🥹<br>언제나 응원한다긔❤️‍🔥,False,,0.0,0
@연-p8t,수고했어요🤩복복복🫳🏻🫳🏻🫳🏻,False,,0.0,0
@user_mc1234,수능 너무 수고했어요 !!,False,,0.0,0
@지현-v2x,마지막까지 봤는데 저 지금 눈물 나요 와코언니 행복만 하자🥹,False,,0.0,0
@mixii471,넘 수고했다 와코소녀... 🫰🏻 고생끝에 낙이온다!!,False,,0.0,0
@1일3똥,와코님 언제나 응원해욥~!!,False,,0.0,0
@가제로-y3z,어머님.. 진짜 스윗하시다...,False,,0.0,0
@x4radise,수고 많으셨고 푹 쉬세요!!,False,,0.0,0
@김치부침개-j7y,❤❤,False,,0.0,0
@몰봐-z6p,언니 올리는 스터디 윗미 계속 보면서 와코언니 수능 응원 했어용. 언니 고생 많았어옹🥹🥹❤❤❤,False,,0.0,0
@응-m5m,진짜 보고싶었어😢 고생했어용😊❤️‍🔥❤️‍🔥,False,,0.0,0
@이지민-jmleee,와코소녀 고생 많았오요.. 💞💞🍀🍀 넘나 사랑함,False,,0.0,0
@Bigbo-g8u,와코소녀 고생했어요😊😊,False,,0.0,0
@Smmfnd,와코언니 수고했어요 ❤❤ 수능이 끝났으니 이제는 마음 편히 쉬고 놀 수 있길!! 그리고 언니의 노력에 걸맞는 결과가 꼭 찾아오길 바랄게요 와코 따랑해 💓💓,False,,0.0,0
@서연-q8m8c,와코언니!! 너무 고생했어요 ㅜㅜ 진짜 제 알고리즘에서 궁금증으로 와코언니 발견해서 누른 게 증말 행운인 것 같아요..ㅠ🥺 언니 뭐가 됐는 항상 응원하고 사랑해요 수고햇습미당!!!❤❤❤,False,,0.0,0
@imsuu-v1j,어머니 너무 귀엽다 ㅋㅋ,False,,0.0,0
@Ribbon_kitty,영상 안 올라와서 현기증나 죽을 뻔 언니ᩚ 이제 하고 싶은거 다 해!!!!!!!!!!!!!!!!!!!!!!,False,,0.0,0
@집갈래-l6h,와코 사룽해요❤️,False,,0.0,0
@은경-y4p,꺄~~~~~~~~~ 제 밥친구가 언니 영상이라 올 한해 너무 재밌었습니다...... 진짜 고생하셨어요!!!!💕💕,False,,0.0,0
@호두-w7n,와코님! 드뎌 영상 올리셨군녀!! 매일 챙겨보고 있어여!! 사랑해여!!❤❤제가 어려서 수능의 존제를 잘 모르지만 일단 화이팅하세여!!❤❤,False,,0.0,0
@채민-x4h,웅니싸랴해….🥺🥺🫴🏻🫴🏻💕💕 이제 맘껏놀자,False,,0.0,0
@이해준-z6e,고생하셨어ㅛ,False,,0.0,0
@리치-m4v,"<a href=""https://www.youtube.com/watch?v=iN2GAFCwuik&amp;t=129"">2:09</a> 완전 예쁜거 아니냐며,, 언니에게 또 반해버림🫣🥰",False,,0.0,0
@김하은-e7s,와코소녀 사랑행❤❤,False,,0.0,0
@cjfdhs,고생했어요!,False,,0.0,0
@내맘이이리다채로운지,진짜 보고싶었어요🥹,False,,0.0,0
@쿠켄_1202,으어ㅓ어ㅓ엉 수능 고생하셨어요!🎉 좋은 대학교 가길 기원 할게요!❤,False,,0.0,0
@집갈래-l6h,웅니 고생햇구 원하는거 마니마니 하새룝,False,,0.0,0
@rlyvzsawq,수고하셨어요!! 원하는 대학교 갔기를..☘️🍀,False,,0.0,0
@이수현-q5q9p,와코 너무 고생했어요 ㅜㅜ 🫳🏻🫳🏻,False,,0.0,0
@블루-v6k,개같이 굴러왔습니다,False,,0.0,0
@Kekegugururu,나의 원동력 와코!!!!!<br>진짜 진짜 수고많았어요..❤❤<br>사랑둥이 와코의 구독자로서 앞으로 행복가득가득한 길 걷게 해줄게요!!!!!!!☘️🍀🫶🫶😻,False,,0.0,0
@mt.svt.reality,억덕게. 썸네일부터. 넘 설레자나.! 수능보느라 힘든데 브이로그도 올려줬어 이게 사랑이지 뭐가 사랑이야.. 수고했구 이제 맛난거 마니 먹고 잠 잘자구 더 자주 보아요 🫶🏻🤍,False,,0.0,0
@캐럿_럿,고생하셨습니당🍁🧡,False,,0.0,0
@ji._.uu19773,언니 너무 고생많았어요!!!<br>언니만 평생 응원할게욥!!!,False,,0.0,0
@스테이땨,항상 잘 챙겨보고있어요!! 대학교 화이팅🎉,False,,0.0,0
@sy-gy8hu,"영상 보기 전에 꼭 이 말 해주고싶어서!!<br>자퇴하고 소속된 단체 없이 혼자 공부하며 살아간다는게 얼마나 힘든 일인지,, 저도 자퇴해봤어서 잘 알아요<br>그걸 이겨내고 끝까지 완주했다는 것만으로도 너무너무 잘했다고 칭찬해주고 싶어요 결과를 떠나서요!<br>꾸준히 와코를 봐왔던 구독자로서, 와코에 대해 모든 것을 알지는 못하지만 와코가 끈기있고 성실한 대단한 사람인것만은 잘 알아요<br>그동안 너무너무 수고했고, 당분간은 입시 싹 잊고 재미있게 놀고 잘 쉬기를! 언제나응원해와코양🍀🤍",False,,0.0,0
@최유나-e2z,와코소녀🥺 넘넘 고생 많았다요😍😍 우리가 와코소녀의 힘듦을 다 알 수는 없겠지만 너무너무 고생많았써요🩷🩷,False,,0.0,0
@호호홓-x5x,와코 원하는 대학 꼬옥 합격했으면 좋겟어용 화이팅!!!😻,False,,0.0,0
@Lex.o12,2분 전ㄴㄴㄴㄴㄴㄴㄴㄴㄴ,False,,0.0,0
@두둑이-s3e,웅니 수능 수고 했어<br>나 계속 옛날 거 보고 있었어!!😅❤❤❤,False,,0.0,0
@김치찌개먹고싶다-p4l,언니 너무 고생했어요 항상 행복하고 웃는 날들만 계속 되면 좋겠습니다 항상 너무 응원해요!!! 럽유💕,False,,0.0,0
@두둑이-s3e,웅니 수능 수고 했어<br>나 계속 옛날 거 보고 있었어!!😅❤❤❤,False,,0.0,0
@예워니와지미니,ㅈㄴ 개처럼 달려오ㅑㅛ어요언니,False,,0.0,0
@yeO_.x7d,수고하셨어요!,False,,0.0,0
@user-25910-h,역사 시험 공부하면서 봐야겟당 ㅎㅎ....,False,,0.0,0
@Mingddeouo,떳다내야동,False,,0.0,0
@kmk7955,와코 언니 수고했어요!!,False,,0.0,0
@ggyudn,나 너무 기다렸잖아....수고 많으셨어유🫳🫳!!!!!!,False,,0.0,0
@아럭-o8g,언니 수고했어요!,False,,0.0,0
@유얼-p4m,ㅜㅜ 기다렷어요..🎊,False,,0.0,0
@wwroutiii,언니 너무 보고싶었어요ㅜ 수능치느라 진짜 수고하셧고 편히 푹쉬시며 하고 싶은 거 다 해요😢😢,False,,0.0,0
@두둑이-s3e,와 개 재밌겠다(아직 안 봄)<br>수능 수고 하셨어용!!❤❤,False,,0.0,0
@chch-f8h,와코 고생했다긔 ㅜㅜㅜㅜ,False,,0.0,0
@winter101,와코언니 언니가 노력한만큼의 성적이 나왔을거에요 ! 자퇴하고 집에서 검고준비랑 수능 준비 같이 한다고 고생 많았어요 내년에는 25학번 신입생 브이로그인가요🙂,False,,0.0,0
@user-hv700dscher,와코 고생했어❤ 이제 하고픈거 다하면서 푹 쉬자❤❤,False,,0.0,0
@ramen0103,와코소녀 기다렸다오..,False,,0.0,0
@shushu-z1,왁왁왁!!! 언니 수능 수고하셧더여♡,False,,0.0,0
@공부하자우,아 진짜 미친듯이 기다렸다,False,,0.0,0
@카지코,그래 난 이 영상을 원했어,False,,0.0,0
@TV-fw7oe,와,False,,0.0,0
@user-ii1lk7uc6v,웅니 수능 너무머누머ㅜ넘무ㅜ너무 수고했어여 ㅜㅜㅜㅜㅜ,False,,0.0,0
@sxngj1uu,오ㅗ오 수고하셧습니당,False,,0.0,0
@dohaeyoung,수고하셨어요!!! 와코님❤️‍🔥❤️‍🔥,False,,0.0,0
@혜원-t3i,고생했더여🫳🏻💗,False,,0.0,0
@dxwxd_s,바로 달려왔슴당❤,False,,0.0,0
@예지-t7y,언니 수능보느라 고생했어요🎉,False,,0.0,0
@user-ii1lk7uc6v,내가 2번째 댓글이다예,False,,0.0,0
@Jjjiiii_12128,까낙,False,,0.0,0
@호갱님-i4f,❤,False,,0.0,0
@Eileen-s1j,헐 대박,False,,0.0,0
@앙금오앙,와우,False,,0.0,0
@xx.hllj9,헐언니,False,,0.0,0
@당당-l3r,와코소녀🎉🎉🎉돌아온거 너무 조아❤❤ 앞으로 영상 더 재밌게 찍어줘요 ❤❤ 수능 수고했어요❤️🩷,False,,0.0,0
@user-py3qx8rv6u,무ㅕ야!! 잋바,False,,0.0,0
@y__n07874,언니 수능 수고많으셨어요!!,False,,0.0,0
@user-rk4nu9zn9r,헉,False,,0.0,0
