author,comment,is_reply,reply_to,reply_count,is_spam
@sonmat,"<a href=""https://www.youtube.com/watch?v=JWBy5H4aLlg"">00:00</a> 배추 뽑기<br><a href=""https://www.youtube.com/watch?v=JWBy5H4aLlg&amp;t=131"">02:11</a> 무, 갓 뽑기<br><a href=""https://www.youtube.com/watch?v=JWBy5H4aLlg&amp;t=344"">05:44</a> 배추 절이기<br><a href=""https://www.youtube.com/watch?v=JWBy5H4aLlg&amp;t=609"">10:09</a> 배추 속 준비하기<br><a href=""https://www.youtube.com/watch?v=JWBy5H4aLlg&amp;t=697"">11:37</a> 절인 배추 뒤집기<br><a href=""https://www.youtube.com/watch?v=JWBy5H4aLlg&amp;t=817"">13:37</a> 절인 배추 씻기<br><a href=""https://www.youtube.com/watch?v=JWBy5H4aLlg&amp;t=918"">15:18</a> 배추 속 만들기<br><a href=""https://www.youtube.com/watch?v=JWBy5H4aLlg&amp;t=1000"">16:40</a> 배추 속 넣기<br><a href=""https://www.youtube.com/watch?v=JWBy5H4aLlg&amp;t=1396"">23:16</a> 요리 하기<br><a href=""https://www.youtube.com/watch?v=JWBy5H4aLlg&amp;t=1548"">25:48</a> 먹방<br><br>[김장 하기 - 절임 배추 20kg(대략 8~10포기)]<br>1. 절임 배추는 바구니에 2시간 이상 물기를 빼 놓고<br>2. 찹쌀 1컵도 1시간 전에 미리 불려 놓고<br>3. 육수 만들기 (물 4L, 멸치 2주먹, 디포리 2주먹, 표고버섯 5~6개, 다시마 큰거 3장, 황태 1마리, 대파 3대, 양파 2개 넣고 뚜껑 닫고 끓으면 뚜껑 열고 거품은 거둬주고 약 30분 정도 끓여 체에 밭쳐 식혀 놓고)<br>4. 냄비에 끓여 놓은 육수 2L에 미리 불려 놓은 찹쌀 넣고 죽을 쑤어 놓고<br>5. 쪽파 1/2단, 갓 1/2단은 깨끗이 씻어 3~4cm 길이로 썰어 놓고<br>6. 청각 100g 정도 깨끗이 씻어 다져 놓고<br>7. 믹서기에 무 1개, 배 1개, 사과 2개, 양파 2개, 육수를 부어가며 갈아 놓고<br>8. 양념 만들기 (갈아 놓은 즙, 액젓 2컵, 진젓 1컵, 새우젓 1컵, 찹쌀죽, 매실청 1컵, 생새우 2컵, 마늘 3컵, 생강 1컵, 고춧가루 5컵)<br>9. 무칠 그릇에 무 3~5개 채썰어 넣고 고춧가루 5컵 부어 고춧물을 들여준 다음<br>10. 여기에 양념(조금 남기고) 넣고 청각 넣고 버무려 준 다음<br>11. 마지막에 쪽파, 갓 넣고 버무리고 액젓으로 간 맞추고<br>12. 2~3시간 후에 배추 속을 넣으면 완성<br><br>[압력솥 수육 - 물 없이 하는 수육]<br>1. 삼겹살 2팩을 3등분 해서 소금, 후추로 밑간해 놓고<br>2. 양파 2개를 채썰어 압력솥 밑에 깔고<br>3. 잘라 놓은 고기를 양파 위에 올리고<br>4. 대파 3대를 5cm 길이로 잘라 고기 사이에 끼워 놓고 위에 올리고 뚜껑 닫고<br>5. 불은 중불로 약 10분 정도 지나서 압력 추가 울리면 중약불로 줄여 약 20분 정도 더 삶아주면 완성<br><br>-------------------------------------------------------------------------<br>By Country recipe is in the title description<br>Turn on the subtitles to know the ingredients<br><br>国別レシピはタイトルの説明にあります。<br>字幕をオンにすると、料理の材料がわかります<br><br>Рецепт по странам указан в заголовке описания.<br>Включите субтитры, чтобы узнать ингредиенты<br><br>देश द्वारा नुस्खा विवरण के शीर्षक में सूचीबद्ध है।<br>खाना पकाने के लिए सामग्री देखने के लिए उपशीर्षक चालू करें<br><br>الوصفات الخاصة بكل بلد موجودة في وصف العنوان.<br>قم بتشغيل الترجمة لمعرفة المكونات<br><br>Resep khusus negara ada di deskripsi judul.<br>Nyalakan subtitle untuk mengetahui bahan-bahannya<br><br>La receta por país está en la descripción del título.<br>Activa los subtítulos para conocer los ingredientes<br><br>特定國家的食譜在標題描述中。<br>打開字幕了解烹飪食材<br><br>As receitas específicas do país estão na descrição do título.<br>Ative as legendas para conhecer os ingredientes do cozimento<br><br>สูตรอาหารเฉพาะประเทศอยู่ในคำอธิบายชื่อ<br>เปิดคำบรรยายเพื่อดูส่วนผสมในการทำอาหาร<br><br>Công thức theo quốc gia được liệt kê trong tiêu đề của mô tả.<br>Bật phụ đề để tìm hiểu các thành phần",False,,0.0,0
@GulFalak-b5x,Maşallah bir birbirinize saygılı mutlu ailesiniz 🙏🙏,True,@sonmat,2.0,0
@토끼사랑-p9s,두분 내내 건강 하세요 큰아님도건강하세요,False,,0.0,0
@주사랑-b4j,얼마전부터 알게 되어서 너무 재미있게 보고 있어요~<br>어쩜 가족분들이 서로 서로 위해주고 아껴주는 모습이<br>얼마나 보기 좋은지요? <br>닮고 싶은 이상적인 가족입니다~~ <br>어머님 사용하시는 도마의 정보를 알려주실 수 있나요?<br>제가 찾고있던 도마예요~~,False,,0.0,0
@lka4391,아드님들이 열딸 안부럽네요~,False,,0.0,0
@영숙권-v3l,아들이 말없이 이렇게<br>잘 할까요,False,,0.0,0
@영숙권-v3l,진짜 잘하시네요,True,@영숙권-v3l,1.0,0
@레티웃더-n1f,오빠가 잘생겼다 베트남여자는 결혼   하고 싶어요?😊,False,,0.0,0
@mckim958,1년 농사의 마무리가 &#39;김장 담그기&#39; 같네요.....^^<br>가족들 건강 잘 챙기세요.....<br>&#39;대박이&#39;가 빠져서는 안 될 가족 구성원 같아요.....!!,False,,0.0,0
@laonongtrendinhdk,"kim chi rất đẹp lạ, cám ơn bạn, chúc bạn luôn vui vẻ",False,,0.0,0
@원숭이-k8x,아버님의 따뜻함이 가족분위기를 살리십니다.,False,,0.0,0
@캥거루-x5p,이아들은 ㅇ부모님을왜캐잘도와주는지,False,,0.0,0
@イマタミー,毎年キムチ漬けの動画楽しみにしています。一年に一回大変な思いはしますが家族総出でホントに親孝行な息子さんたちですね👏生牡蠣が入った出来たばかりのキムチ美味しそうです😋,False,,0.0,0
@svetlanalee6668,Доброе утро ! Как приятно  вас видеть здесь в корее. ❤❤❤❤ Раньше смотрела в дрогой стране. Редько удалось у вас. Как многа работаете и вкусно готовите. У дедушки  сила многа все тоскал капусту🎉,False,,0.0,0
@이정현-i5r,농사가넘잘됬네요🎉,False,,0.0,0
@youngheekim4814,오랜만에 뵈었어요...어렸을때 생각도 나고..너무 맛있게 드시는 모습 뵈면서 제가 그 속에 함께 하고 싶네요.  할아버지 할머니 아드님들..참 좋네요.뵐수 있어서 감사 합니다...😊😅😂😅😅😅😅😅😂❤,False,,0.0,0
@김현철-g2d,어머니님 아버님 형제분들  고생 하셨습니다 보쌈 맛나겠어서요 영사 끝까지 잘 보고 감니다....❤😂😊,False,,0.0,0
@윤서네집,어머님 아버님  두분이 천성이 선하신분이시네요,False,,0.0,0
@안순이-s2b,행복한가족최고,False,,0.0,0
@vitranthiha6548,2 bác hạnh phúc quá.2 bạn con trai của bác rất đáng yêu các anh ấy tuyệt vời.,False,,0.0,0
@gnokkim662,김장하는모습만 보아도 마음이흐믓하네요 우리올해아직못했습니다  너무부럽네요 겨울은김장을해야 던던하죠❤,False,,0.0,0
@tinachick1281,I sure do enjoy watching your family. And to watch you guys do all that hard work on kimchi and radish kimchi. I can&#39;t get over how much you have to do. I mean just to make all that so you&#39;ll have your kimchi with every meal It&#39;s amazing. And I love that you do it as a family. God bless and take care and love to you all ❤❤❤❤,False,,0.0,0
@mimihannigan5466,"WOW! That is a lot of kimchi, looks delicious.😋 Everyone is working hard but, puppy is resting peacefully, too cute! 🥰",False,,0.0,0
@김은희-z2h,김장 하는날 이렇게 큰일 하는날 손맛할머니 두 며느리는 보이지 않습니까,False,,0.0,0
@sonmat,어서오세요 만나서 반갑습니다<br>아들들은 미혼입니다<br>아들들은 혼자사는게 좋다네요<br>늘 행운이 함께하셔서 좋은 일들이 가득하시길 바래요,True,@김은희-z2h,1.0,0
@sadakatnarinc1410,Kimchi yapımı  Muhteşem 👏👏👏👏🧿💞🥰,False,,0.0,0
@sadakatnarinc1410,Konsanmida❤❤❤❤,False,,0.0,0
@김하나-t2z,김장을 가족 모두 함께 담그는모습이 참 보기 좋아요.^^ 언제봐도 즐겁고 행복한 가정 부럽습니다 항상 건강하세요.^^😊,False,,0.0,0
@영임김-k8t,김장  너무 맛나게 드시네요.  좋아보이네요,False,,0.0,0
@isabellepelletier7189,vous m&#39;inviter a souper 😋,False,,0.0,0
@nievesgutierrez6203,Preciosa familia ❤,False,,0.0,0
@걸바비,무채 가 3개맞나여?<br>무 되게많이 채치시던데<br>배추도 20키로 8-9개 맞나여 더 많이 절이시는거 같은데용<br>김장 참고하느라 보고있는데<br>어렵네여 😅😅😅❤❤❤,False,,0.0,0
@sonmat,저희는 배추를 많이 해서 김장을 하기 때문에<br>절임배추 20kg 기준으로 레시피를 따로 적었어요<br>영상의 재료양과 레시피는 달라요<br>보통 절임배추 20kg에 무 큰거 3개(작은 무 5~6개)정도 하시면 됩니다<br>맛있게 담가보세요~!,True,@걸바비,2.0,0
@걸바비,@sonmat  네 답글 넘  감사합니다♡,True,@걸바비,2.0,0
@ああ-h7o1b,タイトルが日本語だから分かりやすいです。<br>👉韓国のキムチを美味しく漬ける方法🎉,False,,0.0,0
@마마-h2k,감사합니다,False,,0.0,0
@솔로몬-v2y,김장의 추억이 생각나네요ㅎㅎㅎ 고생하셨어요❤,False,,0.0,0
@lianyuhan7224,할머니 할아버지 너무다정하셔서보기참좋으시네요. 우리엄마아버지는 이 삼년어간에다돌아가셧는데  가실때까지싸우다가셧어요 그래서. 두분이너무부럽네요  ~😂,False,,0.0,0
@정순홍-c7k,저도 할머니가족 분들<br>처럼 살고 싶어요<br>넘 부러워요,False,,0.0,0
@kji513,큰아드님이 어쩜 이리도 깔끔하고 완벽하게 잘하시는지요...<br>손맛할머니네 큰아들과 결혼하는 며느리는 축복입니다... 어머니를 닮아서 아드님의 손맛도 좋을듯 하네요...🥰🥰🥰🥰,False,,0.0,0
@이명숙-i2t3b,작은 아드님 반가워요ㆍ자주좀 보여주세요~^ ㆍ<br>김장 하시느라 가족분 모두 애쓰셨어요..<br>저도 해야는데  배우고 갑니다.고맙습니다,False,,0.0,0
@나비-u6j,배추가. 맛있게 생겼어요,False,,0.0,0
@하명하-h8g,아  고  수고 많습니다     진짜 맛밌는 영상   잘보고  있어요   이영상 김치 담그는  모습   전세계  알여주세요  우리 나라 전통  김치 담그는 모습~~~ㅎㅎ 🎉🎉🎉,False,,0.0,0
@gshagali797,"Молодцы,все вместе трудитесь !",False,,0.0,0
@gshagali797,Хороший урожай капусты собрали!,False,,0.0,0
@XusanAbdukarimov-lt8be,Xammaga Salom  Xayrli Kun. Yaxshimisila Yum.Yum Oʻylasi  Xosil Zoʻr Bulibdi Mazza Uzilani Qorgʻonilada  malades,False,,0.0,0
@Pjy-g2w,할아버지 저 연세에 너무가정적이세요. 건강하세요.,False,,0.0,0
@이계순-w8j,모든  집안행사에  가족  구성원이 정말  자발적으로 참여하시는것  같아요 <br>부럽습니다,False,,0.0,0
@쥬쥬-h2c,근데.... 배추에  양념속을 넣고   엎어 놓는건  살다살다 첨봄 !!,False,,0.0,0
@user-ck3ow3rg7m,우리 어머님~<br>너무 소녀처럼 예쁘세요.<br>목소리도 다정하시고^^,False,,0.0,0
@박경희-z5d,일 하시는 손들!!! 아름다운 손!!!,False,,0.0,0
@최정순-y5l,배추30포기는<br>양녕3배하나요?<br>넘 맛있을듯해요<br>전원생활도 가족애도. 넘. 보고있음. 힐링되어요,False,,0.0,0
@sonmat,"네, 그렇게 하시면 될거 같아요<br>맛있게 해보세요~!",True,@최정순-y5l,1.0,0
@YTB4-uz1ts,손맛 할머니네 김장하는모습은 아저씨&amp;큰아들&amp;작은아들 김장하는 모습이 처음이 아닌가 보네요 넘나 능숙하시고  여러해동안 김장을 해오셨던가보네요 완전 좋아보이네요 *****😊😊😊😊😊,False,,0.0,0
@李福順,안녕하세요 나는일본오사카에<br>살고있습니다. 일본에 가족이<br>없기때문에 매일 손맛할머니 가족들과. 함께식사를하고있습니다<br>나도 나이가65세가되니까 외로울때가있네요.그래서<br>손맛할머니방송을 가족같고<br>식사할때도. 외롭지가않아요<br>어머니께서. 음식을 너무잘하세요. 지금김장하는거<br>보고있습니다. 가족모두 너무행복해 보여서. 보는나도<br>행복합니다,False,,0.0,0
@Ppppb1w,풍년입니당😊 가정도 행복 하시고요❤❤❤,False,,0.0,0
@염은숙-r2q,손발이 맛네요.<br>가족이 열심히~<br>김치 맛보고 십네요.,False,,0.0,0
@염은숙-r2q,잘 절여젖네요.<br>뱨추크기가 딱이네요<br>김치가 맛있겠네요.<br>부려워요~,False,,0.0,0
@나의태태,어제 한번시청하고 지금 또 시청하는데요<br>다른영상들도 마찬가지지만 보면볼수록<br>가족이 아름답다는 생각이 자꾸들어요<br>아버님 어머님 인품을 닮고 그 환경안에서 자란 두 아드님도 뭐하나 빠지지않고 아쉽지않고...돈많은 부자들도 부러울거같은 가족이네요...<br>아무리 영상이라지만 김장이라는 힘든일을 어쩜 저리 오손도손 배려하고 이해하고...영상보면서 자신을 돌아보고 반성하고 본받고있습니다<br>어머님 아버님 너무 존경합니다,False,,0.0,0
@김진주-c8n,❤🎉,False,,0.0,0
@김진주-c8n,모두들 수고하셨습니다,False,,0.0,0
@염은숙-r2q,정말장하십니다.<br>대단하세요.<br>김치 맛나겠네요.,False,,0.0,0
@김진주-c8n,너무 행복한   가정이네요 어머님 수고하셨습니다,False,,0.0,0
@민이맘-g5o,가족끼리 김장하는거 보니<br>넘 행복해보여요 농사지은 배추도 맛있어 보입니다<br>항상 건강하세요❤❤😊,False,,0.0,0
@여박연주-o5p,아드님농사 정말 잘 지어셨습니다.<br>부부님두분. 금술도. 엄청좋아보여요<br>구독.좋아요. 남기고 갑니다,False,,0.0,0
@BJ-er7de,손맛할머니 체력이 대단하세요 할아버지도요 배추김치의 힘인것 같으셔요 대단하세요😊,False,,0.0,0
@Hskim-h8w,대단하십니다.,False,,0.0,0
@divnapetrova3932,Big like for whole family..👌🙏,False,,0.0,0
@정화순-p1t,보기가참좋습니다😊,False,,0.0,0
@신인숙-v5j,아드님이     정말   착해  보입니다~~~   우리   아들   두명은        전혀    도움이   되지  않아요~~~       할아부지  가     착해   보여요~~   그래서      아드님이    착한가요~~~   할머니도     착하고    ~~     이쁜    가정   입니다~~~    농사   지으시고     유튭까지     하시니까         겁나게       힘드시겠어요~~~~        무리하시지는    마셔요~~~~     쓰러지시겠어요~~~   건강  하세요~~,False,,0.0,0
@강동화-k7b,"참,대단하이 네사람먹는데 김장을 근 100포기는 하는것같네 좌우간  할멈 건강 대단하이 몸살은 않났는지 걱정이구만 😢 난  20여포기 하는데도  뻑적 지근하더만😂 좌우간 만수 무강하슈❤",False,,0.0,0
@sonmat2,어머나 세상에 누구야?<br>할아범 그동안 잘 지냈수?<br>깜짝놀랐네 <br>너무반갑습니다<br>감사하게두 염려덕분에<br>아직은건강해서 일할수있으니<br>너무 고맙게생각하고있우<br>할아범 부디 건강하시고<br>행복하기를 기도합니다<br>고마워 할아범,True,@강동화-k7b,1.0,0
@kks4782,서로 배려하고 아끼는 가족 분위기 너무 좋아요<br>옛날얘기 소박하고 정을 느낄 수 있어서 좋아요~ 자주 말씀해 주세요~~~,False,,0.0,0
@허브-v7u,정겨운모습입니다<br>볼때마다 키미kimi  유투버영상과 오버랩이 되네요~~  시간되시면 챙겨바주세요~❤,False,,0.0,0
@박희숙-r7y,추운데  가족끼리  김장하시니  보기좋습니다 고생하셨어요  항상건강하세요  작은   아드님도  반가워요  ❤😂,False,,0.0,0
@ayshaerkesarieva448,Приятно смотреть на эту дружную семью! Здоровья вам и благоденствия!,False,,0.0,0
@박초롱-w4j,"힘좋은 남자 3명이 도와주니 하나도 안힘들고 행복한 김장이고 맛있을거같고, 행복해보여요",False,,0.0,0
@kanchanadovalina3837,I love watching you guys make kimchi. Looks like your having so much fun! I wish was there making kimchi too!😃😘👍🙏,False,,0.0,0
@yuga-v9z,가족들 합심해서  하는거보니 참 보기좋고  저런행사하는  일이    쭈욱이어지면 좋은데 세월이가면 또 어찌될지ㆍ<br>아들들이  딸들보다 낫네요 어찌그리 야물딱지게  잘하는지ㆍ김치속 버무리는것도  잘하고 배추에 속넣는거봐요  야물딱져ㆍ딸있었으면  사위삼았으면  좋겠구만ㆍ애 쓰셨어요 내년에는 우째 짝을  지을수 있는한해가 되면  하는 바램도 가져봅니다 ㆍ,False,,0.0,0
@parkpark4747,"어머니,솜씨가얌전하시너요",False,,0.0,0
@미키-c3u,와~엊그제  뒤뜰 시냇물에서 물장구치면서 먹방 잼 있게 봤는 데~어느새 김장이라니~~~<br>화기애애하네요~^^먹고 싶당~저는 해외 살아서 엄마가 해 준 김장김치 가져오기도 했었어요<br>벌써 2년 어머니 하늘나라 가셔서 지금은 사 먹어요 부럽다~~요^^,False,,0.0,0
@김재점-x6y,휼륭이쁜여사님   듬직잘생김남편분  두아드님  엄마도와 김장하시느라 고생하셨습니다  손도빠르시고   명품김장김치 음식등  너무잘하십니다 최고,False,,0.0,0
@한은영-g6v,❤,False,,0.0,0
@DancingMouse_1,"방근딴 무,배추 이건 무조건 맛있겠다 ㄷㄷㄷㄷ",False,,0.0,0
@권영애-j8e,이런 아드님을두신 이가족<br>부럽습니다 😊🙏,False,,0.0,0
@Giaseis,Wooow complete family todays vedio happy eating ❤❤❤,False,,0.0,0
@최신자-w1j,다시봐도 흐뭇히네요..&#39;&#39;수고 많이 하셨습니다.,False,,0.0,0
@kanchanadovalina3837,"Hie everyone, it&#39;s so nice to see you guys working in the garden and eating together. The vegetable looks so nice and green and healthy awesome job you guys! 👍🙏💓",False,,0.0,0
@welcometosusansmukbang9215,Stay warm. Happy Holidays from New York🍎🗽💕,False,,0.0,0
@ssslottekang1718,난 두아드님이 참 부럽습니다 투정없이 부모님 도와 주는 모습이 아름답습니다 김장김치 담근뒤 수육이랑 소주나 맥주 막걸리가 땁입니다,False,,0.0,0
@dudgusrla6609,깔끄하고 정갈한 가족. 행뵥해보입니다,False,,0.0,0
@ИринаДедова-ш2е,"Никогда я не делала и , вряд ли когда буду делать кимчи из пекинской капусты. Но как удивительно приятно смотреть это видео. Оно меня странным образом успокаивает. Счастья вам, уважаемая бабушка Сонмат, и вашей семье всего хорошего.",False,,0.0,0
@ШоираСултанова-л4о,"Приятного аппетита, у вас самый вкусный кимчи ❤",False,,0.0,0
@김혜연-f9c,"아이구 그 많은  배추랑 무 농사부터 운반,손질,김치 담그는 것까지 가족모두 너무 수고 많으셨어요!! 할아버지, 할머니 몸살 나신 것 아닌지 걱정도 되고요... 아무래도 연세가 있으시니 무리하시지 마시고 건강하시길 바랍니다. 영상을 보니 무척이나 김치가 맛나 보여요. 항상 영상 잘 보고 있습니다. 감사드려요!!",False,,0.0,0
@elainejeong1119,올해도 어김없이 김장을 하시네요~<br>김장 맛있게 담그시며 가족분들과 화기애애한 모습 넘 보기 좋아요. 영상 감사히 잘 봤습니다.<br>항상 건강하시고 행복하세요~^^😊😊😊,False,,0.0,0
@김승주-h6j,넘 행복한가족  행복해 보여요  영상 감사합니다~구독 누루고가욤~^^,False,,0.0,0
@박명순-t4w,할아버지께서 참 인자하시고 할머니 존경스럽습니다.😊,False,,0.0,0
@깡다-k2h,어머님 계량할때 컵기준이 종이컵이에요? 자세히 보니깐 컵 기준이 달라서요😅,False,,0.0,0
@sonmat,"네, 맞아요. 종이컵 기준이예요 (180~200ml)<br>응원해 주셔서 고마워요",True,@깡다-k2h,1.0,0
@서영선-h5g,아버님이.참잘웃으시네요.남편이저리도와주면.하나도안힘들듯,False,,0.0,0
@서영선-h5g,엄마생각난다.나어린때.김장하던생각,False,,0.0,0
@서영선-h5g,아들이딸같이잘하네요.,False,,0.0,0
@경숙박-v4i,김장하시냐고 수고많으셨어요 ~김장 김치 먹고 싶네요.😂,False,,0.0,0
@sunoklee8687,큰아드님이 묵묵히  참 잘도와주시네요<br>부럽습니다,False,,0.0,0
@김인숙-m3c3e,"김장하느라 온가족이 수고하셨습니다.<br>훌륭한 가족!<br>수육보쌈 정말 맛있겠습니다.<br>저희는 일요일에 절임배추사서 할려구요.<br>수육도 하구요~~~ㅎㅎ <br>손맛할머니께서는 이제 겨울준비 끝이네요.<br>행복하고,건강한 겨울 보내세요~~~❤",False,,0.0,0
@새야새야-x5n,와우 ~~~<br>수고많으십니다<br>무우 배추 농사가  잘됐네요 ~~~👍👍👍👍👍,False,,0.0,0
@진혜연-n4k,손맛할머니행복하세요,False,,0.0,0
@TES-bp9bn,좋은 수확. 고맙습니다.,False,,0.0,0
@monicanicosia2418,"Es hermoso verlos trabajar juntos!!!<br>Son una maravilla los repollos,cebolletas, jengibre.... muy lindos las distintas clases de nabos ... <br>El video es como si estuviéramos, preparando el kimchi entre todos.  <br>Increíble almuerzo, que sabroso,quiero probar todo 🤤🤤🤤<br>&quot; LA FAMILIA QUE TRABAJAN Y COMEN JUNTOS ,PERMANECE UNIDA&quot; <br>Bellos son la Abuela ,Abuelo y sus hijos ❤❤❤❤<br>Daebak 🐕 siempre me haces sonreír 🐶<br>Gracias flia por el video, hoy Abuela feliz por sus dos niños",False,,0.0,0
@드뷔시피아노학원,너무 보기 좋아요~^^<br>온 가족이 모여서 김장하는데 힘이 드실터인데도 웃음과 사랑이 넘쳐나는 곳이네요. 부럽습니다. 모두 건강하세요 ~,False,,0.0,0
@권순영-b3x,노부부 금슬이 참좋으시다,False,,0.0,0
@미애-m1y,어쩜 저렇게 정겨울까요♡♡♡<br>옛 생각이 나는 영상 감사드려요 ❤,False,,0.0,0
@주성숙-k3o,절일때는 물은 소금울인가요,False,,0.0,0
@sonmat,"네, 소금 풀어서 소금물로 절였어요<br>응원해 주셔서 고마워요",True,@주성숙-k3o,1.0,0
@светланадубинина-щ9ь,"Спасибо за прекрасное видео  !!! Сезон кимчи , каждый год жду ваше приготовление ❤❤❤",False,,0.0,0
@BD-sv5cx,보는것  만으로도   뿌듯하네요.<br>맛있게  드시고  건강하게  지내세요 😊,False,,0.0,0
@윤지윤-d5i,손맛 어머니 잘보고 있습니다 <br>아들님들이 정말 딸보다 좋습니다 보기 좋습니다 영상 잘보고갑니다 <br>건강조심하시고 행복 하세요,False,,0.0,0
@허브-v7u,영상 아주 잘보았습니다😊😊 추워지는날씨에 가족모두 건강하시길요,False,,0.0,0
@user-ok7xh8df6o,물 좋고 공기 좋은데 사셔 그런지 다들 너무 건강하시네요 특히 할머니 할아버지 체력이 진짜 부럽네요,False,,0.0,0
@이명선-o5b,"저는 양배추로 물김치로 담가 먹고 있는데 앞으로는 양배추와 계란으로 전을 부쳐 먹어야겠군요~<br>예)깻잎 + 계란 + 양배추( 채썰어 ) = 전을 부쳐 먹어야겠네요<br>냉동실에 양배추를 채썰어 놓은것을 넣어도 영양손실 없다고..<br>양배추 + 사과 = 쥬스<br>양배추 효능 : 고혈압, 만성염증, 위건강, 뼈건강 (골다공증)에도 도움된다고...<br>세계3대 건강식품으로 선정된 양배추를 많이 먹어야겠습니다~🙏🏼",False,,0.0,0
@อิเกิ่ง-ญ9ท,😊😊😊😊,False,,0.0,0
@안미숙-z2f,할아버지 정말 존경합니다<br>센스도있으시고 부드러우시면서<br>강하신할아버지 최고입니다,False,,0.0,0
@katarojames5122,어머님 솜씨가 너무 좋으시네요. 수육도 잘하시네요,False,,0.0,0
@beataosinska7671,Suuuper❤❤❤❤❤❤❤❤❤❤❤❤❤❤❤❤❤❤❤❤❤❤❤❤❤❤❤❤❤❤❤❤❤❤❤❤❤❤ i love kimchi ❤❤❤😊😊😊😊😊😊,False,,0.0,0
@박미순-f1l,참  화목한가정^^ 넘 보기조아요^^,False,,0.0,0
@Yues-f6i,최고의  먹방이에요<br>작은아드님 늘궁금했는데<br>오늘오셨네여 반가워요 😅,False,,0.0,0
@타버린달고나-d5y,너무 너무 고생하셨어요 😊,False,,0.0,0
@足立恵美-e1s,お母さん😊そんな時期に入りましたね😊キムチ家族で作るキムチ😊,False,,0.0,0
@momofthreek748,Love your beautiful family!<br>Your sons are so sweet! They will make great husbands one day,False,,0.0,0
@황수현-c3k,일상속. 행복한.  것들<br>부럽네요<br>너른.  마당에서<br>호호하하. 김장담그기   누군가의.  로망입니다<br>쭉.   행복하세요~~,False,,0.0,0
@__-rl8mz,Как аппетитно вы кушаете. Будьте здоровы и счастливы.,False,,0.0,0
@skatebug6115,It&#39;s good to see younger son join the family👍👍👍👍👍🤗,False,,0.0,0
@최신자-w1j,온가족이 오순도순 김장담그는 모습을 보니 수고넘 많이 하셨고 맘이 흐뭇하고 즐거워지네요.. 배추농사가 참 잘되서 넘 다행입니다. 어머님. 아버님은 여러가지로 복이 참 많으신것 갇습니다. 잘봤습니다. 감사합니다.,False,,0.0,0
@순-k9c,김장하시느라 가족모두 고생하셨지요 <br>사랑합니다 ❤❤,False,,0.0,0
@Hayattan_Esintiler,Ellerinize sağlık bana da gönderseniz çok canım istedi kimçide Türkiyeden selamlar👍🥰❤️,False,,0.0,0
@박은경-j8p,두 분이 건강하게 열심히 사시는 모습이 아들들한테 그대로 전해져서 넘 보기 좋습니다<br>늘 건강하고 화목한 모습 영상에 담아 주세요<br>감사합니다,False,,0.0,0
@ailee242,"Today, I see the whole family reunite together to make the kimchi. ✌🥰<br><br>Those napa cabbages looked so prettily grown, and so are the radishes. <br>Already, I can imagine them turning into delicious and yummy kimchi. 👌🤩<br><br>Now that younger son is here, isn&#39;t it wonderful to see them gather together for a hot, delicious meal again? 👍🤓<br><br>Blows at 🤳🐕 Daebak&#39;s v ears...🤗<br>I miss 🐾🐶 Maru too...🤗<br><br>Thank you for the wonderful video again, Grandma and family. <br>🧤🧣💖👴👵👨👨💖🧤🧣<br>Please take care in this approaching cold weather. 👩🤲💋💖",False,,0.0,0
@머루-g8r,어쩜 가족이 이렇게 화목하고 서로 돕는 분위기인지 ~ 너무 부럽네요,False,,0.0,0
@이혜경-q6h,할매 힘든데 인제부터 김치 사먹으세요,False,,0.0,0
@한미라-r6z,어머님도 맛걸리 한잔 하시지.<br>수고하셨는데,False,,0.0,0
@박인숙-h7j,정말 행복한<br>가정입니다<br>할아버지도 좋으시고 두아들이 효자십니다<br>내내 행복 하셔요 웃음이<br>넘치는가정<br>복이 넝쿨째<br>들어옵니다<br>내내 건강하셔요,False,,0.0,0
@momofthreek748,"I love the way family all helps out with kimchee making. <br>How precious it these kimchees are, specially because you grew &amp; harvested them.",False,,0.0,0
@정자김-m6l,아 김장 하셨네요 최고 맛있겠어요  수고많으셨어요,False,,0.0,0
@mcshellhines3618,You all worked hard...I anticipate Thursdays and Sundays for your delicious videos ❤❤❤❤from USA,False,,0.0,0
@mcshellhines3618,Good to see both sons working together ❤,False,,0.0,0
@sosoy6519,옛날이야기 해주시는거 넘좋아요^^ 앞으로도 많이<br>해주세요 ♡,False,,0.0,0
@mcshellhines3618,Thanks for your hard work ❤❤❤,False,,0.0,0
@미니니-k4m,참 본받을 부모님상 입니다 정말 행복하십니다 아버님 어머님 성품이 어쩜저리 고우실까요 일이 힘드실텐데 너무즐기면서  하시는게 부럽고 감사합니다 건강하세요❤❤❤,False,,0.0,0
@길정희-y5x,손맛할머님가족 고생하셨어요🙏 항상 좋은영상 잘 보고응원함니다❤👍😊,False,,0.0,0
@여숙희-u2p,아이구~드디어 1년중에 제일 큰공사가 시작돼시네요 쉬엄쉬엄 하세요~할머니댁엔 손발이 너무 잘맞아 부러워요 화목한가정도 부러운건 매한가지네요 할머니ㆍ할아버지가족분들 내내 건강하세요~^^,False,,0.0,0
@아로미-v9v,양이 엄청 나요 😊,False,,0.0,0
@미혜강-f8e,배추종자가 어디거예요. 너무 맛있어 보여요,False,,0.0,0
@sonmat,불암3호 배추입니다<br>농협에서 사다 심었어요<br>응원해 주셔서 고마워요,True,@미혜강-f8e,1.0,0
@권경은-c8y,남자분들이다잘도와주시고<br>어머님도요리잘하시고ᆢㅋ<br>넘보기좋고ᆢ저도가족들과<br>이렇게살고싶네용❤,False,,0.0,0
@KongpeiChug,❤❤❤❤🎉😊,False,,0.0,0
@이성미-v4j,김장김치 수육에다 먹으면 감칠맛나지요 ^^ 손맛할머님네 가족분들 김장하시느라고 고생 정말 많으셨습니다🙇‍♀🙏💕 감기조심하시길 바랍니다,False,,0.0,0
@MEME-nm8mh,So happy so watch it .... Hard work pays off ... Homemade is the best .... Thank you,False,,0.0,0
@강옥선-q2e,저 빨강 고무통 건강에 않좋아요 내년부터는 쓰지말요 재활용 플라스틱 이라 건강이 최고입니다 👍 <br>김장 온 가족분들이 함께해 훨 덜 힘들겠어요 1년 식량 맛있기를 응원합니다 ❤👍🔥,False,,0.0,0
@최순임-d3h,손맛할머니 가족분들 김장한다고 수고하셨어요.늘 건강하세요.,False,,0.0,0
@성미이-n6q,손맛할머님 김장영상 감사히 보겠습니다 감사합니다🙏🏻🙇🏻‍♀️,False,,0.0,0
@지혜롭게jhk,아드님들이 넘부럽습니다  건강한  부모님 모시고 귀한 추억의 시간을 보내시네요  덕분에 옛추억을 떠을려 보네요~^^항상 건강 하시고 오랫동안 뵛길 바래봅니다~♡,False,,0.0,0
@YONGCINE_LOG,우리나라엔 명절처럼 가족이 모이는 날이 또 하나 있다. 김장!,False,,0.0,0
@miyounglim9168,절구에 마늘 찧어주시고 절인배추 날라다주시던 우리아버지 생각납니다😢,False,,0.0,0
@최영자-h7h,함께 해요.......<br>신전 세워 🏰나라🇰🇷사랑💙<br>👋👋👋👋👋👋👋<br>계좌 후원10.000원 부터.........<br>1002-633-269825<br>우리 은행<br>인천 순복음 교회 주인<br>최 영자 원장 목사<br>후원 부탁 해요💙😇,False,,0.0,0
@이성미-v4j,"손맛할머님 김장하시느라고 많은 고생 정말 많으셨습니다 큰아드님 작은아드님이 옆에서 야무지게 부지런히 도와주시네요 김장김치통도 들어주시고요  아무쪼록 손맛할머님 할아버님 큰아들분 작은아들분 항상 건강하시고 감기조심하시길 바랍니다💝<a href=""UCkszU2WH9gy1mb0dV-11UJg/KsIfY6LzFoLM6AKanYDQAg""></a>🙏💕",False,,0.0,0
@miyounglim9168,수고하셨어요<br>따뜻한 커피 한 잔 타드리고싶네요❤,False,,0.0,0
@TV-ws3qn,안녕하세요 반갑습니다 늘 건강하세요 응원합니다,False,,0.0,0
@윤다경-j4z,아들분들이 착하시고 효자세요 ᆢ<br>요즘 다른집   사람들은  저리안하는데ᆢ<br>역시  부모님이 좋으시니까  아들분들도<br>부모님을 닳아서 효자시가봐요ᆢ<br>보기좋아요 ᆢ<br>행복하시겠다  할머님 할아버지♡,False,,0.0,0
@무상심-q3q,우리집에 꿀필요 엢어요 ㅎ<br>여기 오면 꿀이 뚝뚝떨어집니다<br>힐 링하고  갑니다,False,,0.0,0
@선희차-j5t,가족의단란한모습감동입니다❤❤❤❤❤❤❤❤❤❤❤❤❤❤❤❤❤❤❤❤❤❤❤❤❤❤❤❤❤❤❤❤❤❤❤,False,,0.0,0
@isacliabsanna4778,Ben tornato fratello minore 😊😊.Bravi tutti complimenti 🦪🥓🥬👌👌😋😋❤❤,False,,0.0,0
@윤숙희-p2s,그 시절은 고무 장갑이 없어서~<br>제 어머님께서 김장하신 날은 밤새 손이 타가우시다며 잠을 못 주우시던 것이 생각납니다!~ ㅎ,False,,0.0,0
@10taehan,absolutely wonderful,False,,0.0,0
@윤숙희-p2s,작은 아드님 함께 하니 참 보기 좋네요~👍어지간하면~둘째 아드님도 함께 해 주세요~^^,False,,0.0,0
@kyongcha6416,행복 한날매일 식구들 😊 1년전김장후. 작은엉아왔네요. 큰엉아는선수네요.  농사도풍년. 맛있겠네요  건강하시고 요. 💯💕,False,,0.0,0
@milee4324,👍,False,,0.0,0
@자영이-e6b,행복한가정 <br>대리만족하면서<br>늘 봅니다<br>요리도 마니배우고요<br>손맛할머니 할아버지<br>너무 행복하게사시는 모습 존경스럽습니다<br>건강하시구요<br>앞으로도 맛잇는요리<br>마니 보내주세요,False,,0.0,0
@SD-ul2tp,힘든 김장을 웃으면서 수월하게 해내시는 모습이 존경스럽네요 ^^,False,,0.0,0
@나들이-o5v,이집 며느리들은 종겠어요 가족이 너무 화목 하네요,False,,0.0,0
@힐링스마일,안녕하세요?<br>힐링스마일에 가수강지선 입니다 정말 사랑이 넘치는 가족 입니다 보고<br>있으니 행복 합니다 보고 배우고 갑니다 존경합니다 <br>❤❤❤❤❤,False,,0.0,0
@gyeongjudaek3443,너무 훈훈해요~가족들이 모두 긍정적이고 서로를 세워주는 말을 해주고 마음이 따땃해집니다❤,False,,0.0,0
@noel.thurner,"Oh, what joy! I have been watching those beautiful cabbages and radishes growing for months and I am so happy it was time to finally harvest and make kimchi! Your family has such pleasure in growing and making food. That is what  life should be about. Blessings, peace and good health to you all.",False,,0.0,0
@식경-l5s,존경합니다♡♡♡,False,,0.0,0
@mariacilene7431,Saúde para toda família!❤❤❤❤❤❤❤❤❤❤❤❤❤,False,,0.0,0
@kesiokeldil,gajogdeul-i jeulgeobge gimchileul damgeuneun moseub-i bogi johseubnida.  jeoneun gimchileul joh-ahaneunde nampyeongwa du aineun gimchiwa geu naemsaeleul silh-eohajiman keunttal-eun gimchileul joh-ahabnida. yejeonbuteo jigjeob mandeul-eobogo sip-eossneunde son-i manh-i gaseo julo asia sijang-e gaseo sagon haeyo.  hajiman naneun saeng-gimchiwa ig-eun gimchiui chaileul anda. dul da meoggo sip-eunde keun aiwa jeoneun saeng-gimchileul deo joh-ahaeyo.  amuteun jag-eun-adeul-eul yeongsang-eulo boni bangabneyo.,False,,0.0,0
@무상심-q3q,세상에서  제일행복이 가득한집<br>부럽네요~^^,False,,0.0,0
@서영애-f5z,제가 구독한 지가 1년이 되었네요!!! 두 번째 김장 잘 보고 맛나게 잘 먹었습니다 ^^,False,,0.0,0
@yongpowell6542,Such a lovely family 😊😊😊,False,,0.0,0
@hangsookkim3365,어머님 아버님 식구모두수고하셨어요  배추 바로뽑아김치담그니 얼마나맛이좋을까요  농사를손수지으셔서더건강하신것같아요  모든일 과정과정마다 그림입니다 식구 모두가즐겁게도와가면서 일을 하시는것   두분의미소 보고또보곤합니다천생연분  입니다 감사합니다사랑합니다,False,,0.0,0
@로즈-e1w,올해도 할머님 김장 다 끝냈네요 가족이 이렇게 서로. 힘합해서 참 보기 좋아요. 잘보고갑니다 감사합니다 😅😅😅,False,,0.0,0
@작약-s9j,힘든 김장 하시느라 고생 많으셨네요<br>네가족이 함께하시니 그많은 배추를 순삭 하셨네요<br>항상 잘 보고 있읍니다  가정의 행복은 어머니도 중요하지만 아버님이 참좋으시네요<br>아버님 말씀 한마디 한마디 가 감동입니다 그러니 어머니한테도 사랑받으시네요 <br>건강하시고 행복하세요,False,,0.0,0
@여울골난초,배추가 적당히 크고 맛있게 생겼어요..<br><br>오늘따라 유독 부모님이 그립네요.,False,,0.0,0
@퍼플-j2u7f,고생하셧습니다 부모님 아드님 부지런하시고 인품 교양 훌륭하신분들 ❤,False,,0.0,0
@user-pr3ht6jr5vmk,가족이 화목하고 건강한 모습 보기 좋습니다.  저도 이번주말 6~70포기  김장을 하려하는데 <br>많은 도움 되었습니다.<br>아드님들이 함께 도와 김장하는 모습 참 착해 보입니다.<br>늘 건강하십시오.,False,,0.0,0
@서현a,김장구경 잘했습니다<br>끝까지<br>두아드님이 같이하니 보기좋아요<br>건강하세요,False,,0.0,0
@이산야,말씀들을  다 예쁘게하시네요~,False,,0.0,0
@김세자-t5k,감히 팁드릴께요<br>허리아프실텐데싶어서요~절인위에다 물다라이로 올려놓으임 뒤집을 필요없던데요~,False,,0.0,0
@김복순-r9e,손씨가 좋으시네요  맛있겠어요  ❤,False,,0.0,0
@드루킹-한-s9l,넘 정갈하고 맛있게 보이네요.^^,False,,0.0,0
@장미숙-n4j,아름다운<br>복된가정입니다^^~,False,,0.0,0
@김윤옥-f3z,아버님 아드님과 김장하는모습 완전보기조아요❤❤<br>아버님 참 자상하신말씀 <br>어쩜그리 뚝딱해내실까?<br>저희두 담주에 김장할건데 걱적입니다😂😂😂,False,,0.0,0
@l20o5l20o5,긴 영상인데도 다 보게 되네요. 어머님 아버님 아드님들 김장 하신다고 고생 많으셨어요. ❤,False,,0.0,0
@박신영-z7s,세상에 이제 구독 하고 좋아요 클릭하고 밥하면서 왔다리 갔다리 하다 가스에 뚝배기에 달걀국 수준 이 찜인데 바깥냥반이 국물을 좋아 해서 국처럼 하는데 넘쳐버려서 큰일낫내요 닦으려면 그래도 ㅙ행복한 호호 할머니 호호 할아버지 덕분에 웃으면서 컴퓨터 앞에서 되돌려 보면 시청 하고 있어요 어쩜 가정이 온기가  화목이 그러니 복받고 사시나 봐여 저도 여학교 시절  엄마 도와 김장 도와주는데 4남맨데 제가 젤 효녀 거든요 저 혼자 엄마 배추 절열서 밤에 뒤집기 할때도 2층 사는데 1층에 배추 절열서 한밤중에 엄마 도와 뒤집에 주던 일이 생각나네요 1층에서 주방까지 절여진 배추 날라다 주고 허리 뽀개지는줄  엄마가 그립내요 아버지도 하늘나라 가신지 11년 10년 됩니다  그립습니다 부모님이 ㅠㅠ,False,,0.0,0
@문희-b8w,"여사님..애많이쓰셨습니다,<br>화목한가정 보기  참 좋습니다,<br>여사님 레시피따라해야겠어요<br>감기조심하시고.늘 건강하세요~",False,,0.0,0
@새솔이-q8n,오늘도 힐링 하고 가요 감사합니다 건강하세요 ^^,False,,0.0,0
@사랑합니다-l4j,잘보고갑니다  ᆢ<br>항상 건강하세요ᆢ<br>날씨가춥습니다ᆢ<br>감기조심하세요 ᆢ😊😊😊😊😊😊😊😊😊😊😊😊😊😊😊😊😊,False,,0.0,0
@아리따움-t7n,wow!!풍년이네요!!!<br>할머니 할아버지 존경스럽습니다<br>그나저나 올해는 김장을 많이 <br>하시는거 같은데요 양이 많아 보인다 했더니 100포기 조금 안되는 양이라니..정말 정말 수고하셨어요 대단하셔요❤❤<br>진짜 한번쯤은 먹어보고 싶은<br>손맛할머니 김치 김치 우앙❤,False,,0.0,0
@박계숙-v9n,김장김치 하는 날<br>보기좋은 가족 사랑<br>모두 수고하셨어요.<br>늘 건강하세요~~♡,False,,0.0,0
@서연-z3l1e,저도 가족에 일원이 되고 싶네요!  모두 건강 하세요!,False,,0.0,0
@浩美-s7b,ご家族でキムチ作りお疲れ様でした☺️本当に家族仲良くて羨ましい～♪<br>久しぶりに小さなお子様💕登場<br>最高です💗❤<br>日本から何時も応援してます🍀,False,,0.0,0
@서연-z3l1e,항상 건강하고 행복한 가족모습이 늘 흐믓하고 저도 행복해져서 오늘도 기운 받고 출근 합니다.,False,,0.0,0
@연두-d4u,어르신 두분께서 어쩜 저렇게 힘든 김장준비에도 환하게 웃음을 보이시는지 진심 존경스럽고 훌륭하신 어르신들...아드님은 조곤조곤 너무 잘 도와주시니 완벽하게 안정된  가족임에 틀림없습니다~,False,,0.0,0
@Su78ak,농사지은거라 완전 맛있겠어요~<br>대박이 말고 이쁜강아지 있었는데<br>안보이네요?,False,,0.0,0
@sonmat,어서오세요 만나서 반갑습니다<br>마루도 잘 있습니다<br>걱정해 주셔서 고마워요<br>늘 건강하시고 행복하세요,True,@Su78ak,1.0,0
@장영미-k1g,어쩜 다복하고 행복해 보이네요 보는 내내 가슴이따뜻합니다 힐링됩답니다~~^^,False,,0.0,0
@서빈윤-n8u,아버지께서  넘. 긍정적인 분이셔요 늘 좋은말 후한 칭찬 넉넉하고 소탕한 두분웃음소리 개울이 쩌렁쩌렁  화복자체,False,,0.0,0
@선화-p3x,감장 하시느라 고생하셨네요<br>온가족다함께 보기좋아요~^^♡<br>감기조심 하시고<br>건강유의하세요,False,,0.0,0
@가을향기님,역시최고십니다!손맛할머님최고!짱!할아버지왕짱!두아드님들고생하셨어요~효자아드님들~~~🎉🎉🎉❤❤❤❤❤❤❤❤,False,,0.0,0
@조선이-b1j,보기가 참조아요 바램이 있다면  두분 장가 가야지요~^^ㅎㅎ,False,,0.0,0
@scammisue2650,"I am so happy!! I love watching the Kimchi videos!! ❤ I made some once, everyone loved it, but it&#39;s hard to get the ingredients where I live, I may try grow some this spring summer. Also, that belly button remedy is something my culture did as well, so cool!! 😂😂❤",False,,0.0,0
@윤수정-y6k,할머니 가족분들은 맛있는것 해서 잘 잡수시는 데도 살찌신 분들이 없어요 그것도 복이 십니다,False,,0.0,0
@misooklee5109,남편이 잘하시네요<br>그러니 아드님들도,False,,0.0,0
@shs8149,어느 가정이든 이정도의 행복을 누리며<br>살아되는데 그렇지 않은 가정도 참 많지요~정말 모범적이고 표본이 되는<br>한국형 아주 전형적인 가정입니다,False,,0.0,0
@myongmahanna237,먹고 싶네요...,False,,0.0,0
@youngsukhan1668,참으로 오랫만에 손할머니네를 방문했네요 두분어르신도 건강하시네요 늘농촌의하루는 시간이 어디로갔는지 세월만큼 바뿐일상이지만 도시의하루도 분주하게 빠르게 달랑 달력한장만 남았네요 오늘도 침넘어가는 김장 보쌈이최고죠 요번도 김치는 사먹는것으로 김장을안하지만 예전 친정집에서 엄마랑 김장함께 해서 친정엄마표 김장을 함께먹었는데 오늘손할머니댁 김장풍습은 옛날 앞마당 김장생각납니다 오늘도 소리만들어도 화면속으로들어가서 먹고싶은 꿀꺽소리가 들리는 소리에 오늘도 눈과귀가 김장김치정겨운모습이 그때그시절 요으즘은 김장들을 많이들안해서 정겨운가족들의 모습이 추억으로만 가족모두 건강하시고 맛있는김장과풍경 가족분들 정겨운모습잘보고갑니다😊😊😊,False,,0.0,0
@mjlee2891,김장하시느라 애 쓰셨어요 시구들이 다 모여서 김장하는 모습 다들 속도 잘 넣으시고 너무 보기 좋으네요 늘 잘 보고갑니다,False,,0.0,0
@aliciaosornioenrriquez3925,Hola buenas tardes mi bella familia buen provecho 😋 bendecida cosecha 🙏🙏🙏🙏❤️👍,False,,0.0,0
@임경연-l2s,며느님들은 없나요 너어무 훌륭합니다,False,,0.0,0
@sonmat,어서오세요 만나서 반갑습니다<br>아들들은 미혼입니다<br>아들들은 혼자사는게 좋다네요<br>늘 행운이 함께하셔서 좋은 일들이 가득하시길 바래요,True,@임경연-l2s,1.0,0
@신현미-r7d,"가족모두 고생하셨어요~<br>시래기가 달린수돗가,  커다란 빨간 통2개, 자상한 할부지의 날랜배추가르기, 딸같은 아드님들의  김장속준비<br>손맛할모니의 진두지휘.....<br>d😊b<br>근데 제눈엔 작년보다 양이 왜 적어보이는지.<br>ㅎㅎ❤<br>하긴 김치의 장인인 할모니께서 별의별김치를 다 담그실꺼라는 든든한마음과 무리하셔서 부석해지실까봐 염려되는 마음이 있어요.<br>가족모두 감기조심하세요~\😊/<br><del>군침을 꼴깍 삼키며..ㅎ</del>",False,,0.0,0
@小西薫-z2n,お疲れ様でした。新鮮で立派なお野菜でキムチ作り凄いですねきっと美味しいキムチが出来上がりますね🙂,False,,0.0,0
@khristinankon8885,Такая приятная семья ❤️💐! Трудолюбивые и заботятся друг о друге ❤️! Счастья и здоровья вам и вашим близким 🤗!!!,False,,0.0,0
@에뜨랑제-l8k,할머니   김장김치   기다렸어요    참  행복한 가족  입니다  작은아드님  올만에  오셨군요   늘 건강들  하시고   멋진영상    자주 올려주세요,False,,0.0,0
@flowerjohwahae,정겹고 오래간만에 ㅂ는 어릴적풍경이네요<br><br>추억이 새록새록<br>😊❤❤❤<br><br><br>정겨운 영상 감사합니다,False,,0.0,0
@kjumin7707,행복이 가득한 가족입니다 <br>모범이 되는 가정입니다 <br>대리 만족을 하게 해주셔서 감사드립니다,False,,0.0,0
@sura-j1z,"nice video , glad to see both sons on video.",False,,0.0,0
@강순이-u1w,❤  영상   재미있어서   또 보고요   ㅡ  야채 소리가 경쾌하고요  ㅡ 산 좋고 물 좋고  공기 좋고   땅 좋고   무공해고 맛있고   그렇지요  ?     ㅡ  무뚝뚝한 큰 아드님은   무뚝뚝하고   멋진 할아버지에   편한바지 보니  ㅡ  노래 나팔바지라는 노래가 생각 나고요   ㅡ  알뜰한  손맛할머니에  알뜰함 보니  ㅡ 알뜰한 당신 이라는 노래가 생각 나네요   ㅡ  손맛할머님은   정말 알뜰 하셔요   ㅡ   귀염둥이  두째아들   ㅡ  행복한 가족♥,False,,0.0,0
@오향석,어머님 온가족 김장하시는 모습 넘 행복합니다 눈으로 잘 먹었습니다 오래 오래 건강하세요,False,,0.0,0
@강순이-u1w,❤   추운날씨   힘든 김장 하신가요   ㅡ 수고 많으셔요  ㅡ<br>힘든김장   얼마나 힘들고  고생들  하시까요  ㅡ무우 영상 보고 놀랬어요   무우가   너무 잘 컷네요   ㅡ 날씨도 추운데   수확 하시는 모습 보니   ㅡ기쁘고 즐겁네요  ㅡ 낙엽이  비처럼 휘날리며 떨어지네요   ㅡ    대추가   비처럼  우수수 떨어지는   멋진가을   ~~~~  두터운 옷을  가방에 넣어 들고   멋진가을과  이별을 하고   떠나야겠네요  ㅡ<br>추운겨울을  맞이 해야지요  ㅡ<br>꽃피고  따뜻하고 화려하고 찬란한 봄은  또  오겠지요 ?<br>건강들 하시고요 ㅡ 오래오래  사세요   ㅡ  좋은일들  많기를  늘  ~ 기도햐요   ㅡ 언녕히  ~ 사랑해요  영원히  ~     어린 천재 손자가 할머니가 영원히 사랑한다고 말했더니  ?   깜짝 놀래요  ㅡ  ♥,False,,0.0,0
@sonmat,순이씨 어서오세요~~<br>늘 응원해 주셔서 정말 고마워요<br>항상 행복한 일들이 가득하시길 바래요~~,True,@강순이-u1w,1.0,0
@katemaecki9984,Cudowna Rodzina!Dużo zdrówka!!❤️❤️❤️❤️❤️❤️❤️❤️❤️❤️❤️❤️❤️❤️❤️❤️❤️,False,,0.0,0
@리니-v7g,"두 아드님 어쩜 그렇게 차분하게 일을 잘하실까요.<br>대박이까지 온가독 함께하는 김장영상 마음이 따뜻해지네요.<br>새벽에 깨서 영상보는데,  어려서 엄마랑 오빠들이랑 마당에서 백포기씩 김장했던 생각도 나고요.<br>그립네요. 보고싶고요. 부모님도 오빠도.",False,,0.0,0
@Meeminator603,so much love to all of you. I love your videos and recipes!!! Take good care. xoxoxo to the puppy too!!!,False,,0.0,0
@김해경-i8r,김장 잘 보았습니다 <br>저희도 이번주말에 김장 해요~<br>작은아드님도 있네요<br>4식구 완전체 모습이 보기 좋습니다,False,,0.0,0
@nilgunkars4753,Bahçenizde damlatma sistemi ile mi sulama yapıyorsunuz .Sağlıklı günler.Emek olmadan yemek olmaz denir bizde😊,False,,0.0,0
@sonmat,"Su, musluğa bir hortum bağlanarak doğrudan elle verilmektedir.<br>Desteğiniz için teşekkür ederiz<br>Her zaman mutlu ol",True,@nilgunkars4753,1.0,0
@미경정-j3x,정말   아드님들 대단하세요,False,,0.0,0
@김미야-t4r,너무 보기 좋으신데<br>아쉬운건 아드님 장가를 가시믄 더 보기 좋을듯 합니다^^ㅎ ㅎ,False,,0.0,0
@까미-x5i,행복한 가족~^^김장하시는냐고 고생하셨습니당~~<br>수육에 김장김치 맛있겠어요🤙🏻🤙🏻🤙🏻,False,,0.0,0
@Edelweiss_04,Harvesting kimchi is a great reason to gather the whole family. Thanks for the recipe. Take care of your health .,False,,0.0,0
@madinakurbanniyazova1854,"Какая дружная семья, все делают вместе и помогают друг другу. Спасибо, за такие душевные и умиротворяющие видео.",False,,0.0,0
@fodorpiroskafodorpiroska5955,"❤❤❤❤<a href=""UCkszU2WH9gy1mb0dV-11UJg/G8AfY6yWGuKuhL0PlbiA2AE""></a>",False,,0.0,0
@방가방가-x1y,가족이 함께 맛있게 식사하시는 모습이 넘 보기 좋습니다 건강하시고 행복하세요,False,,0.0,0
@moonvisitor2658,말띠.호랑이띠.개띠.가족인듯,False,,0.0,0
@푸름이-k5u,항상 어머님댁 귀한 영상볼때마다<br>고마움과 감사요<br>행복한 웃음가득한가정<br>요리도잘하시고요<br>제가 영상을보고 많이배워요<br>가족님들 김장  고생많이하셨어요    😂,False,,0.0,0
@fodorpiroskafodorpiroska5955,"<a href=""UCkszU2WH9gy1mb0dV-11UJg/G8AfY6yWGuKuhL0PlbiA2AE""></a>❤❤❤💐💐💐",False,,0.0,0
@azamyahmad,Beautiful shooting filming footage compilation documentary countryside adventure and you guys bonded so well and doing such an amazing job and another beautiful sharing adventure mukbang blog post ! .. TQ and best regards from Montreal QC Canada ! ..,False,,0.0,0
@НадеждаАнаньина-е1л,"Так приятно наблюдать за Вами,за сбором урожая, приготовлением,за вашей семьёй. Здоровья Вам и хорошего настроения!)",False,,0.0,0
@raimundabatista7441,"Que família linda,  os filhos unidos com os pais no trabalho e a tranquilidade nas refeições.voces são um exemplo de união.❤",False,,0.0,0
@grazyna5893,Pracowita rodzinka ❤🎉❤,False,,0.0,0
@정미남-s2p,올 한해  마지막   농사   끝내셨네요<br>축하드려요      할아버지 께서  똑부러지게 도와 주십니다<br>아주  끝내주는  가정   부럽습니다,False,,0.0,0
@dhkdlwpdl,할머니는 왜 돼지고기 못드세요 ㅜㅜ??,False,,0.0,0
@sonmat,"어서오세요 만나서 반갑습니다<br>제가 소고기, 돼지고기 알러지가 있어서 잘 못 먹어요<br>그래도 닭고기, 오리고기는 잘 먹어요<br>걱정해 주셔서 고마워요<br>늘 건강하시고 행복하세요",True,@dhkdlwpdl,1.0,0
@이승일-t9p,할아버지  웃음소리 넘넘  좋으시네요  행복한  가족 건강하세요~^^,False,,0.0,0
@김보경-h8q6c,수육드실대김장김치말고 노란배추는<br>절일배추인가요,False,,0.0,0
@sonmat,"네, 절인 배추 잘라 놓은 거예요<br>응원해 주셔서 고마워요",True,@김보경-h8q6c,1.0,0
@cyj-t2s,"할아버지 팬클럽 회장 입니다<br>할아버지 너무 고생하셨어요<br>어깨라도 안마해드리고 싶네요<br>손맛할머니,할아버지<br>건강하세요❤<br>할부지 최고!",False,,0.0,0
@이옥미-v8z,회장님 궁금한게있어요<br>1.김치위에덮은우거지는나중에먹나요?<br>2. 아드님은두분다 미혼 이신가요?<br>3. 두분연세가?궁금이였습니당 ㅎ,True,@cyj-t2s,2.0,0
@이옥미-v8z,😊,True,@cyj-t2s,2.0,0
@JwinJ,김장이 보통 힘든 일이 아닐텐데..귀한 영상 잘보고 갑니다~!김장레시피랑 영상 참조해서 직접 해봐야겠어요~감기조심하세요!고생하셨어요 ㅎ 고무장갑 없었어에 빵~터졌어요 저희 시부모님 레파토리랑 넘 똑같아서요 ㅎㅎ 👍,False,,0.0,0
@마로다-l7v,딸없어두 부럽지 않은 가족❤,False,,0.0,0
@diamondheartrajugoudar2718,👌👌,False,,0.0,0
@잔치life,수확의 기쁨~~🎉<br>좋은 결실 맺으셨네요~~<br>수고 많으셨어요^^,False,,0.0,0
@normairis6083,Hi!  Good job! 👍👍👍👍👍👍👍👍❤️❤️🙏🙏🇵🇷,False,,0.0,0
@hyeong911,"할머니는 정말 타고나신 분 인듯요<br>요리, 그림 ,문학....<br>부럽습니다.<br>전 그중 하나도 못하니.",False,,0.0,0
@scylaa.,That grandma &quot;Thank you&quot; was so cute 🥺🥰🥰❤ what a sweetest family ❣️😊,False,,0.0,0
@marilyncoish9117,I love listening to your old stories of your past…,False,,0.0,0
@선아정-w1v,너무좋으세요. 아버님 어머님 건강하게 이겨울 보내세요. 항상 따뜻한 느낌 주셔서 좋은 기운 받습니다.,False,,0.0,0
@햇님달님-x8d,고생많으셨어요^^♡,False,,0.0,0
@kimtattoonana5636,"Good afternoon Omma, I wait all year for this video. I love to see what the garden produces and watch you all work together. I also love to see you all make kimchi. You are so very blessed to have such a beautiful family and a wonderful garden. I to grow a garden but have a hard time with the Napa cabbage. I can and preserve all of our food also. I watch all of your videos every week and enjoy them very much. Our daughters help when they can. They also work jobs. Our grandchildren of course want nothing to do with gardening. The younger have moved away from old ways. Thank you so much for sharing. I wish you good health in the New Year❤️",False,,0.0,0
@미희오-w9m,올 한해도  김장을 가족끼리 오붓하게 하셨네요ᆢ부모님이 건강하시니까  건강하고맛난밥 드시고 정말보기좋네요ᆢ 무탈하시고 항상 건강하시고 행복하세요ᆢ,False,,0.0,0
@user-ic6kn8le9f,맛있겠어요 😂,False,,0.0,0
@good_joy,"<a href=""https://www.youtube.com/watch?v=JWBy5H4aLlg&amp;t=1290"">21:30</a> 와 대단합니다",False,,0.0,0
@good_joy,와우 가족들 너무 존경합니다❤😊,False,,0.0,0
@똥방구-b2b,"예전 저희집 김장할때 엄마아빠모습을 보는거 같아서 보는내내 울면서 웃으면서 봤네요~이젠 두분 다 돌아가셔서 김장을 못해서 김장담그던 옛날이 그립고 김장김치도 먹고싶어지는 밤이네요~^^ 저도 저기 껴서 겉절이에 밥 한입 먹고싶네요~손맛할머니,할아버지 아드님 두분 김장하시느냐고 고생하셨어요~^^",False,,0.0,0
@mariag9970,Nice seeing you guys working-and eating delicious kimchi together!,False,,0.0,0
@ΣέβηΜακρή-σ3ι,Σας ευχαριστούμε που μας δίνετε τα υλικα για ότι φτιάξετε.. σήμερα δουλεψατε σκληρά,False,,0.0,0
@panpornchita3686,ผักสาวมากค่ะ❤️❤️❤️❤️,False,,0.0,0
@nilayozfrat6998,🧿💜🧿,False,,0.0,0
@김태경-f1x,며느리들은 안보이네요.,False,,0.0,0
@Only-rc7rd,결혼 안했어요,True,@김태경-f1x,2.0,0
@sonmat,어서오세요 만나서 반갑습니다<br>아들들은 미혼입니다<br>아들들은 혼자사는게 좋다네요<br>늘 행운이 함께하셔서 좋은 일들이 가득하시길 바래요,True,@김태경-f1x,2.0,0
@고흥녹동입니다,맛난 배추네요 <br>파는배추는 보통<br>비료 물로만 크게키워서<br>심지만 겁나게 두꺼워 <br>절임하고 나면  <br>볼품 없는데  <br>내가 먹는배추여서  <br>맛난 배추네요  😊,False,,0.0,0
@ОляИстомина-н8е,Аджума все как всегда суперрррр ❤❤❤❤❤,False,,0.0,0
@미경정-j3x,정말 수고하셨습니다 <br>두분 아드님들 대단하세요,False,,0.0,0
@kgdskb,"매우 감사합니다!  <br>할아버지, 할머니, 가족분들 건강 잘 챙기세요~<br>행복하시고 건강하세요~!! ❤️",False,,0.0,0
@쩡아-n5g,날씨추운데  김장하신다고  수고하셨습니다 ❤❤대박이도추운데   고생했어 😊😊,False,,0.0,0
@kgdskb,👍🏼❤️,False,,0.0,0
@베짱이-d2n,김장하시느라 고생하셨어요,False,,0.0,0
@꽃사랑-w4k,진짜 대단하십니다 <br>손맛할머니는 반찬을 너무잘하세요 <br>아버님이 인자하니니까 가족이 화목하게 보이고 부럽네요 <br>맛나게 드시고 오래오래 행복하게 사세요 <br>응원할께요 🎉🎉🎉🎉,False,,0.0,0
@이은경-e4c,김치를 엎어서 통에 넣어도 괜찮은가요~~양념 쏟아진다 하는데도 있던데요~궁금해서요~^^,False,,0.0,0
@sonmat,어서오세요 만나서 반가워요<br>양념 안 쏟아지고 괜찮아요<br>저희는 예전부터 이렇게 하고 있답니다<br>응원해 주셔서 고마워요<br>늘 행복하세요,True,@이은경-e4c,1.0,0
@토파즈-r9q,맛잇는 김장 담그시는 모습에 행복이 넘치시네요~저두 어릴적 추운밤에 어머니가 담그신 동치미꺼내 먹던 생각이 납니다. 춥지만 따뜻한 그밤이 그립네요~❤❤❤,False,,0.0,0
@moon96880,인자하신 아버님 귀여우신 어머님과 착하신 두 아드님 보기 너무 좋으네요.날씨가 새초롬 하니 춥네요.항상 건강하세요^♡^김장김치 너무 맛있겠어요,False,,0.0,0
@박주윤-s7y,대박이는 뭐하니?<br>할머니 도와서 김장 혀야지^^,False,,0.0,0
@모모-p2e,전 왜 영상이 이제 뜨지요?  일등 하긴  걸렀네 ㅎㅎ<br>정말 보기도 좋읍니다  수확의 기쁨도 맛보고 겨울내내 드실  김치 하셔서 맛있는 김치맛도 보시고  저의들이 보기에도 너무 좋읍니다  아드님들도 보기좋고 다들 고생 하셨어요  수육과 맛있게 드시고 올겨울 추위 이기셔요  ❤❤❤❤❤,False,,0.0,0
@myonghui2844,❤❤❤❤🎉🎉🎉🎉💯👍,False,,0.0,0
@비타민플러스-c8p,옛날얘기  넘 재미있어요~ㅋㅋ,False,,0.0,0
@여니엄마코코맘,배추농사  무우도  큼직하니   싱싱해보여여<br>저도시골에자라서  무우뽑으면서    슥슥닦아서  먹었던생각이나네여,False,,0.0,0
@eirinigalatianou3144,👌👌👌👌👍👍👍👍🩷🧡💛💚💙🩵💜🤎❤️,False,,0.0,0
@여니엄마코코맘,큰아드님  어쩜그렇게  손이야물딱지셔여  손발이착착맞고   너무나  행복해보여요,False,,0.0,0
@비타민플러스-c8p,수고하셨습니다 ~~~ 내가 속이다 시원합니다 ㅎㅎ 김치 넘맛있겠네요😊,False,,0.0,0
@ql1441,할머님 오늘 오리고기 같이드셨으면 .. 오늘  너무 고생하셨습니다^^  대단하세요^^,False,,0.0,0
@정미-o9u,가족이 대행사네요~하루가 보람되고 화목한 날이네요~건강하세요~~😊,False,,0.0,0
@김기숙-p5n,겨울 양식 김장하시느라 고생하셨어요 두아드님도 너무잘도와주시고 참 보기좋은 가족이예요 늘건강하시고 행복하세요,False,,0.0,0
@emiliacochat556,"Boa tarde de Portugal!<br>Gostei imenso da vossa receita do kimchi, mas mais do ambiente com essa harmonia e colaboração familiar. <br>Fazer os jovens atualmente aprendertem e vocês fazê-los recordar que a vossa vida de antigamente não foi fácil.<br>Parabéns aos pais e aos filhos!",False,,0.0,0
@엔젤-i9i,힘든농사도 어쩜 아름답게 보일까요?<br>손할머님ㆍ할부지님 감사하고 건강하세요~♡♡♡,False,,0.0,0
@안혜진-d4y,손맛 할머니 김장 하시는 군요 가족분들과 함께 김장 하시는 모습이 넘보기 좋습니다 손맛 할머니게서는. 김장도 넘잘하시고 어쩜 이렇게도 요리도 넘잘하시고 넘대단합니다 김장 넘맛나겠어요 먹고 싶어요 김장 하시느라 수고 많으셨습니다 추운날씨 항상 건강잘 챙기시고 감기조심하세요  가족분들 모두 건강하고 행복하세요 언제나 힘내시고 홧팅입니다 ❤,False,,0.0,0
@t.j.1518,옴마야 김장 하시는야 온가족 수고하십니다 <br>배추도 무우도 넘 탐스럽게 잘 되여네요😍<br>보기가 흐뭇합니다 가족모두 건강하시고 행복하세요😍🙏💞,False,,0.0,0
@t.j.1518,대단하시고 존경스럽습니다 가족모두 👍🤗💞,True,@t.j.1518,1.0,0
@ふぁみ-o2k,ハルモニ家族のキムチ漬けを見ていると「あ~ぁ😁もう冬が来たんだな😃年末が近づいてきたんだな~ぁ 」って気持ちになります❤ハルモニ家族が今年も元気で良かったです❤来年もますます元気で笑顔いっぱいで過ごして下さいね❤🎉🎉❗,False,,0.0,0
@김지현-i9n1q,손맛할머님댁은  할아버지 자제분  모두가  손발이  척척잘맞아서  영상보는사람  모두다  부러워하실거같아요    모범가정  보기좋와요  가족모두  고생하셨어요,False,,0.0,0
@재영박-t5i,착한두아들이 엄마일도 잘도와주네요<br>남편분도 묵묵히 힘든일 마니도와주시네요<br>요즘 보기드문집안이네요<br>너무 화목해보여 보는내내 미소가 지어지네요<br>두분건강하시고 늘 화목하세요<br>작은아들은 애교가 많으네요^^,False,,0.0,0
@정향자-f7i,가족들 먹방도 참 보기 좋아요 군침돕니다,False,,0.0,0
@kayatanaka6420,정갈하게 김장김치 잘담그셨습니다 가족모두  많이 수고하셨습니다  😊😊,False,,0.0,0
@림리-e8m,손맛할머니 보면서 많이 배웁니다 저희부부도 저렇게 늙어가고 싶네요^^존경합니다,False,,0.0,0
@ebony1473,"Good morning family. Your garden is beautiful, how many months does it take for the cabbage and radish to grow that big? Great you can grow your own and not have to shop in the grocery. Have a blessed day and thank you for sharing I will try to make kimchi one day and purchase what I need from our local Korean store.❤",False,,0.0,0
@sonmat,Hello. Nice to meet you.<br>It takes about 5~6 months for cabbage and radish to grow.<br>Thank you for your support.<br>Make delicious kimchi.<br>Fighting~!,True,@ebony1473,1.0,0
@성혁유-m9q,행복한  가족이네요.농사도 참 잘 지워시네요🎉🎉,False,,0.0,0
@정향자-f7i,아주 쉽게 하십니다  ㅎㅎ,False,,0.0,0
@youarespecial50,"<a href=""https://www.youtube.com/watch?v=JWBy5H4aLlg&amp;t=344"">5:44</a> ㅠㅠ 절이기가 늘 잘 안돼더라고요",False,,0.0,0
@わんわんわんなお,仲のいいファミリーですね❤<br>キムチ美味しそう<br>食べたいなぁー,False,,0.0,0
@ЛюдмилаЦой-я4э,❤❤❤,False,,0.0,0
@현성애-r9l,오늘도 잘봤어요 저도 아들둘이있는데  두아드님처럼 다정다감하고 부모생각해주는 아들로 키우고싶어요~~김장하시느라 고생하셨습니다 ❤,False,,0.0,0
@나위해-b8r,손맛엄마<br>요리 솜씨<br>대단합니다.<br>저두 배워야겠어요<br>좋은정보 감사합니다 <br>늘 건강 잘챙기세요,False,,0.0,0
@FarohaFaruq,Happy family beautiful house beautiful parents,False,,0.0,0
@Tina-uc6zm,Sehr viel Arbeit ❤😊,False,,0.0,0
@normallife6790,"오랜만에 왔습니다 김장철되니 할머니네 김장모습 보고싶어 왔어요(느무바쁨..)대박이 여전히 귀엽네요 ㅎ건강하시고요 행복하세요. 김치보며 침을 얼마나 삼켰는지..ㅎ시골풍경, 초겨울느낌 참 좋으네요.^^",False,,0.0,0
@경임강-b6v,오늘 김장은 모두 수고하셨지만 아버님께서 젤 수고하신 것 같아요.참! 훈훈하고 부러운 모습의 영상 감사하게  잘봤습니다.어머니 수고하셨어요.❤,False,,0.0,0
@ЛьянаПухова,Очень аппетитно будьте здоровы,False,,0.0,0
@박지언-k8q,어머니 옛날 김장 얘기 재미나요~ 눈쌓인날 꽁꽁 언 손으로 김장독에 묻으셨단 얘기에 손 호~~호 불어드리고 싶단 생각했어요~~ㅋ<br>그많은 김장 하시느라 고당하셨을텐데도 웃으면서 아버님이랑 대화하시는 모습도 멋지세요 정말 정말 대단하십니다..저는 감히 상상도 못해봐요..절임배추오면 김장할 생각에도 겁이 나는데요~~몸살 안니시게 푹~~~쉬세요~~❤❤,False,,0.0,0
@김영숙-b7p1d,손발이. 척척. 많네요. 수고햇읍니다.,False,,0.0,0
@최연화-q6w,아버지와 어머니수하세요❤❤❤😅😅😅,False,,0.0,0
@marianahlovska420,Kimci bude po celu zimu a na priprave sa zucastnila cela rodina. V zime bude dostatok vitaminov a probiotik. Pozdravujem.♥️🙋🇸🇰,False,,0.0,0
@ちゃいちゃん-e1j,こんばんは🤗お母さん<br>今日は韓国のイベント<br>キムチ作りですね〜<br>凄く楽しかった<br>&amp;勉強になりました<br>今ではいろんなキムチ作れる様になったので<br>今年は白菜キムチ必ず作ってみます<br>あんなにたくさんの白菜塩漬けするのも大変なのに🤔🤔🤗🤗🥬🥬🥬🥬<br>食べると買うよりずっと美味しいですね〜<br>日本のキムチは塩辛いと韓国の友達に言われた事があります😓😓<br>だからとても興味深いんです🤗🤗🥬🥬<br>今日は久しぶり家族皆揃って元気な顔が観れて嬉しかったです🤗<br>皆さんお疲れ様でした🥰<br>お母さんありがとう🥰🥰,False,,0.0,0
@sonmat,こんにちは。嬉しいです。<br>いつも日本で応援してくれてありがとう。<br>白菜キムチおいしく作ってみてください<br>ファイティング～！<br>寒い天候で健康管理をしましょう,True,@ちゃいちゃん-e1j,1.0,0
@LiliyaShokirova,Рада видеть вас всех Здоровья благополучия моя любимая семья ❤❤❤❤❤❤❤❤❤❤❤❤❤❤❤❤❤❤❤❤❤❤❤❤❤❤❤❤❤❤❤❤❤❤❤❤❤❤❤❤❤❤❤❤❤❤❤❤❤❤❤❤❤❤❤❤❤❤❤❤❤❤❤❤❤❤❤❤❤❤❤❤❤❤ Привет из Узбекистана,False,,0.0,0
@TV-df9ru,할아버님이 분위기 메이커세요<br>좋은 아버지 어머니의 단란한 가정에 흐뭇합니다❤❤❤건강하게 오래오래 좋은 모습 많이 보여주세요,False,,0.0,0
@lou9226,올해는 대학교에서 바빠서 본가도 못 오고 할모니댁 김장도 못 갔는데 영상 보고 나름 대리 만족 중! 이런 영상 너무 좋아요! 😍😍,False,,0.0,0
@딸기라떼fv,수고하셨습니다 김장,False,,0.0,0
@ГульмираХаймулдина,"Сәлеметсіз бе әдемі отбасы! Кимчи жасау оңай емес екен! Бәріне рахмет! Осылай отырып күліп, жаксы көңілді ! Рахмет 😊😊😊😊😊 і",False,,0.0,0
@꽁이-n7o,역쉬~~~~어머니 아버지 감사합니다 🎉,False,,0.0,0
@성희이-b8c,오래오래건강 건강  하세요 ㅡ해마다 볼수잇게ㅡㅡㅎ,False,,0.0,0
@올챙이-u2h,👍🏻👍👍🏾👍👍🏻👍🏾<br>🩵💙💜💚💛❤<br>☘️🍀☘️🍀☘️🍀<br>행복해보여서  너무 좋아요 <br>건강하시고  행복한 겨울나세요,False,,0.0,0
@힛곰이,우리집은 너무 좁아서 김장 사먹어요~저도 손수 김장 하고 싶네요~~!,False,,0.0,0
@정정순희망,첨 댓글 달아요.<br>모두 고생하셨네요.<br>할아버지 아드님 정말 일을 잘 하시네요.<br>직접 심어 김장하시니 정말 맛있겠어요. <br>할아버지 할머니 정말 인자하시고 넘 좋으신것 같아요. <br>항상 건강 하시고 행복하세요. <br>영상 잘 보고 있어요. <br>레시피 따라 많이 요리 해 먹고 있어요 <br>감사합니다. ❣️,False,,0.0,0
@푸른하늘-k5s,진짜 맛있겠어요 몸살나셨겠어요,False,,0.0,0
@김정희-g6x4i,어쩌면아드님들말한마디도없이잘돕는지요<br>보기가참좋네요,False,,0.0,0
@김석순-t6u,참.행복한가족이네요!할머니도그렇고아주할아버지가가장으로서최고네요!,False,,0.0,0
@oliveoil_27,Sonmat family Twin brother is the best!❤❤❤❤👍👍👍👍,False,,0.0,0
@풀잎이슬,김장 하시느라 고생하셨습니다 ~푹 쉬세요^^,False,,0.0,0
@김정희-g6x4i,가족들웃음소리가복이가득들어오겠네요~^,False,,0.0,0
@김정희-g6x4i,우리딸있는데요~~<br>사돈맷고싶어요,False,,0.0,0
@Only-rc7rd,따님이 나이가?<br>적극적으로 추진해보세요^^,True,@김정희-g6x4i,1.0,0
@kyungheeee4304,맛있겠어요.,False,,0.0,0
@오규민-y3n,김장을하시느라  고생하섰어요~<br>먹고싶어지네요~^^<br>너무 너무 화목한 가족입니다~~<br>농사도 너무잘지으시고   부럽습니다~~❤<br>항상 건강하시고 행복하세요~~^^♡,False,,0.0,0
@eunjiham8489,꽃피는 춘삼월에  넓은대지에  여러가지 모종재배하시던게  엇그제같은데    모든곡식수확  마지막  김장이네요    한해가가네요  손맛할머니   내외분  항상건강하시길요     아드님두분도요,False,,0.0,0
@gooday183,진짜 어머님집 옆으로 이사가고싶다요ㅎㅎ,False,,0.0,0
@СаулеАбдубаева-с8о,Какая приятная семья. Хозяйка супер. Сыновья красавчики и такие молодцы. Желаю здоровья родителям и долгих лет жизни. Какие они трудолюбивые и сплочённый. Желаю вам миллион подписчиков❤❤❤,False,,0.0,0
@ЛарисаКим-г1м,😋😋👍👍👍👍👍👍👍👍👍👍,False,,0.0,0
@haticedemirel142,Merhaba sevgili aile.Kimchleri hep beraber hazırladınız.Çok hoştu.Hep beraber neşe içinde lezzetli yemeklerin Tadı çıkartıldı.Harikaydı.Aile sevgisi hiçbir şeyle ölçülemez.Görüşmek üzere.Sevgiler.,False,,0.0,0
@김보경-m4i,어머님 ㅎㅎ... 김장 하시는 행복한 가정의 모습이세요!! 농사 지어서 하신 배추김치와 수육도 참 맛있겠네요 가족분들 모두 수고 많으셨어요 정성으로 맛있게 배추김치 담그는 법을 참 잘 배웠어요 감사합니다~♡♡♡,False,,0.0,0
@gooday183,언제나 정겨운 손맛 할머님댁 너무 보기좋고 할아버지 자상하시고 두아드님 효자시고 <br>김장김치에 수육보쌈  침이꼴깍  먹고싶어 혼났네요😂😂,False,,0.0,0
@Jung-ho4ls,"손맛엄마님네는 그냥 생활하시는 모습이 자연스럽고 여러분들의 모범이 되시는 가족입니다<br>가을겆이 하시느라 애쓰시고 김장까지 얼마나 수고가 많으셨을까요<br>늘 화목하시고 서로 칭찬의 독닥이시고  ,  어디남자들이 주방일이냐고 뒷전에서 계시지않고 서로서로의몫을 감당하시니 너~~~무 정겹고 보기좋습니다<br>아무쪼록 온가족분들 건강하셔요",False,,0.0,0
@성희이-b8c,손할머니  모자라도 쓰시지요.,False,,0.0,0
@김동희-x9t,너무 수고많이 하셨네요 너무 보기좋네요. 가족모두협력해서 도와주니  저희냠냠식구들이 뿌듯하네요. 이야기하는모습도 좋아요  .식구들도 너무수고하셨어요 항상 감사해요 직접농사짓어서하니까 좋네요. 저희도직접 농사을짓어서했어요. 다하시고 푹주무세요 언제나 응원할께요 너무 존경합니다 좋은꿈꾸세요 가족모두 건강하시고 힘내세요.다음에 뵙기로해요 너무 맛있는음식도감사해요.작은아들도 보니반갑네요.항상 행복하세요.❤️👨‍👩‍👦‍👦🐶😄👍,False,,0.0,0
@김은아-q6n,할머니께서 힘든내색 하나없이 읏으시면서 척척하시네요😊젊은주부로써 반성합니다😅,False,,0.0,0
@ywjhlove7810,"김장 영상 기다렷어요~~할머니 고기 못드시는데,훈제 오리라도 구어 드시지 김치만 드시네요..잘드시고 힘내셔야죠.손맛할머니네 앞으로 1년동안 부자되신 기분이시겟어요.❤",False,,0.0,0
@이민숙-m6h,❤❤❤❤❤❤,False,,0.0,0
@박수빈-d2g,와~~김장 하셨네요<br>굴무침에 보쌈 겉저리가 너무 맛나 보입니다<br>지으신 배추가 넘 조아보여요👍👍👍,False,,0.0,0
@임명자-n4d,손맛할머니는  막걸리를 좋아하시던데   한잔 택배로 보내드릴걸,False,,0.0,0
@tproject9845,작은 아드님도 보이네요,False,,0.0,0
@파도타기-k7l,정말대단하셔여~~우와 하는과정넘힘들어두 맛나게먹을생각하면ㅎㅎ또한 수육에겉절이맛~침이꼴깍넘어가네여~♡,False,,0.0,0
@kmkm7678,가족 모두  밭에서 배추ㆍ무 뽑고 수확<br>하는 모습 요즘 너무 귀한 모습입니다 ㆍ 항상 느끼지만 화목하고 정이 넘치는<br>가족ᆢ건강하고 행복하세요 김장 하시느라 고생 많으셨어요 👍☺️🍀🍀,False,,0.0,0
@숙월-e6v,가족이 어쩜 저리 손발이 착착 잘맞을까요 남편분도 두아드님도 성격들이 차분하시고 남편분도 너무잘하세요 정말 행복한가정이세요 부럽습니다,False,,0.0,0
@okboonc3816,아드님들결혼은 하셨나요?,False,,0.0,0
@sonmat,어서오세요 만나서 반갑습니다<br>아들들은 미혼입니다<br>아들들은 혼자사는게 좋다네요<br>늘 행운이 함께하셔서 좋은 일들이 가득하시길 바래요,True,@okboonc3816,1.0,0
@임명자-n4d,제가 지금 생각해보면  흑백 TV 중고로 한대 샀을때가 제일 기분이 좋았던것같아요  여로할때,False,,0.0,0
@bernadethmaglalang6229,I am  from the Philippines i love kimchi so much.yummy and delicious,False,,0.0,0
@임명자-n4d,우리집 아들들을 보는것같아요  나이가 들으니  딸이 하나있으면 하는생각이 가끔들어요 아들들은 든든한반면에  말수가 적어서  때론 적적해요,False,,0.0,0
@oliveoil_27,❤❤❤❤hi youngest brother!👏👏👏👏,False,,0.0,0
@김옥-e5e,참 다정한 행복한 가정이네요~지혜롭고 음식잘하시는 엄마가 계시고 아버지는 사랑이 넘치시고 일도 척척 잘 도와주시는 두분으로 행복한 가정입니다~아드님 두분은 왜 결혼 안하셨나요~?결혼해서 두며느님과 함께 하시면 더행복하실거로 생각되네요~모두 김장 하시느라 수고많으셨어요 ~^❤^,False,,0.0,0
@sonmat,어서오세요 만나서 반갑습니다<br>아들들은 미혼입니다<br>응원해 주셔서 고마워요<br>늘 행운이 함께하셔서 좋은 일들이 가득하시길 바래요,True,@김옥-e5e,1.0,0
@홍윤자-i6w,정말 아름다운 가족 보기 좋은 오손도손 김장모습 참 좋습니다❤❤❤건강하게 즐겁게 행복하게 고맙습니다 감사합니다,False,,0.0,0
@수아-w5i,가족이 다 같이 모여서 김장하니까 일도 아닌것 같고 너무 보기 좋아요 화목해보입니다 ~~,False,,0.0,0
@shshlove4966,행복한가정,False,,0.0,0
@조신장,으아아~~~  배추식감 씹히는 소리 너무 먹구싶어요!  힘든지도 모르고 온가족 만세!!!!  맞아요 어릴적 아스라한 기억이 온동네  어른들이 또랑가에 줄줄이 앉아 흘러내려오는 물에 배추 무우씻고 뭍농이 머리에 이고 집으로 가던 모습이 아련히 떠오릅니다 막내이들 대박이 올 겨울도 건강하게 엄마 아빠랑 잘 지내렴  살림명가  손맛가문♡♡♡♡♡♡ 보면서 증말 행복했어요~~~~,False,,0.0,0
@인생무상-o6q,할아버님 일을 진짜 많이 잘하십니다😊😊😊,False,,0.0,0
@mavzunamavzuna-l8u,Пр ятное аппетитно таджикистан душанбе❤😊😊😊,False,,0.0,0
@yhnachiefaithcruz1580,I love watching your videos<br>❤❤❤,False,,0.0,0
@한순이-m8g,아버님이랑 아드님들이  너무잘도와주셔서 김장이 빨리끝나셨네요.대단하세요.멋지십니다.옆에 살면 도와드리고 속얻어먹고싶네요.고생많으셨어요.🎉❤😊😊😊😊,False,,0.0,0
@망구-t7b,"두분 치아도 좋은신가봐요.김치 씹는 소리 너무좋네요,맛있게 많이 드시니 건강해 보이세요.",False,,0.0,0
@황영란-z6s,참 맛있게도  드십니다<br>고생하셨고요~<br>저도 김장하고싶어요😊,False,,0.0,0
@jadekim2106,우리집 김장도 아닌데 김장하시는 모습만 봐도 뭔가 맘이 풍성해 지네요.<br>한해의 마무리를 잘 한거<br>같이 뿌듯 하시겠어요.<br>몸살 앓지 않도록  건강관리 잘 하세요.,False,,0.0,0
@순희이-l9p,손맛할머니 가족분들 김장하시느라<br>수고가 많으세요😊<br>배추 무 농사도 잘 지으시고 다듬고<br>양념하는 과정이 힘드시지만 맛있게<br>드시는 모습또한 행복해 보이고 보기 좋습니다😊❤❤❤,False,,0.0,0
@이정옥-i8s,온가족이 서로 도와가며 김장 하시는 모습이 감동이며 넘 보기가 좋네요 김장철이면 특히 돌아가신 울엄마 생각에 울컥하기도 하네요ㅠ 손맛어머님 레시피 따라 저도 몇포기 김장 맛나게 해서 잘먹을게요  감사합니다~♡♡♡,False,,0.0,0
@franciliapinheiro282,Bom dia  gostaria de  comer fico encantada de ver a perfeição de vocês trabalhando em família saúde pra voces,False,,0.0,0
@송주언-i6r,손맛할머니 할아버지 두 아드님 화목한 모습이 너무 좋네요<br>늘 건강하세요🎉,False,,0.0,0
@rosylopez7067,"Hola buenos días querida familia, qué bonito despertar y mirar un gran video, qué bueno y satisfactorio es ver trabajar a la familia unida y preparar estas delicias queda con mucho cariño los preparan. Abuela Abuelo qué orgullo al tener sus hijos tan unidos y hacendosos, hijos disfruten a sus padres, así cómodo yo disfruto de la compañía de mís seres queridos, saludos y bendiciones desde Ecuador un país chiquito pero con un gran ❤ 🎉🎉🎉😊",False,,0.0,0
@ЕленаДонцова-ы8ь,"С шутками, разговорами, смехом, и справились приготовлением Кимчи, я посмотрела, столько много, а значит нелегкий труд, отличная работа всей семьей, а значит будет вкусно спасибо за видео, посмотрела с удовольствием, и даже познавательно❤😊👍🎉🤗🙏🌹👋🥰",False,,0.0,0
@이젠-b6m,진짜 요즘 보기드문 아드님들이세요😊흐믓하네요 아드님들 아버님 어머님 모두 건강하세요❤,False,,0.0,0
@주원-e2l,김장하시느라 애 많으셨어요,False,,0.0,0
@임명자-n4d,대박이 팔자가 상팔자네,False,,0.0,0
@원복자-m2p,손맘ㅈ할머니김장하느라고생하셨습니다저도다음주에김장합니다,False,,0.0,0
@임명자-n4d,우리집도  아들 둘인데  각각 살아서  이번에는  안부르고 남편하고 둘이하려고 하니  엄두카 안나네요,False,,0.0,0
@user-ly7js2qb7b,고생하셨어요~,False,,0.0,0
@둥이네-d4d,고생 너무너무 많으셨습니다 몸살나지 않으셨는지요 두아드님과 아버님이 정말 많이도와주시네요 자상하신 아버님 부럽습니다😂 수육 굴쌈 한잎먹고싶네요 ㅎㅎ,False,,0.0,0
@지정숙-m2s,손맛 할머니.. 솜씨 좋으시고 맛있겠어요♡ 할머님  씹는 소리 우렁차시네요~^^,False,,0.0,0
@이정열-j8k,행복이 가득한집.   사랑이. 넘치네요.     🎉🎉,False,,0.0,0
@Pjy-g2w,할아버지께서김장절반은하시네요.,False,,0.0,0
@조영애-b4b,"김장하는날  <br>정말 귀한 영상입니다.<br>가족이 모두 모여 김장하고, 수육해서 맛있게 드시고, 아버지께서 항상 자상하셔서 보기 좋아요. 즐겁게 가족분들 잘 뵙고 갑니다^_^",False,,0.0,0
@soyoungkim4701,진짜부럽습니다딸잇는집보다남자애들만잇는데도손발이너무잘맞아서진짜로부럽습니다다,False,,0.0,0
@soyoungkim4701,😂,True,@soyoungkim4701,2.0,0
@soyoungkim4701,🙏🙏🙏🙏🙏🙏🙏🙏🙏🙏🙏🙏🙏🙏🙏🙏🙏🙏🙏🙏🙏🙏🙏🙏🙏🙏🙏🙏🙏🙏🙏🙏🙏🙏🙏,True,@soyoungkim4701,2.0,0
@Leejeeyoung34,저희집은김장하고 이제익어서 먹네요ㅋ 김장메트진짜좋음ㅋ,False,,0.0,0
@朱莉珠-h7w,很溫馨得一家人。,False,,0.0,0
@박지영-z8y5x,김장 준비하시는 과정이 참 정겹습니다 🥰🤗온가족이🧓👵🙎‍♂️🙍 일손을 거두시고 오손도손 정답게 웃음꽃😃😄😊 피우시며 참 행복해 ❤보입니다 배추 무 뽑기부터 시작해서 김장준비하시는 과정이 너무나 손이<br>많이가는 일이라 <br>하루종일 힘드셨겠어요<br>그렇지만 이렇게 맛깔스럽고 먹음직스러운 김장김치가 넉넉하게 만들어지고 배추양념 치대면서 굴쌈 한잎씩 나눠드시는 모습도 너무 정겹고😉 즐거워😀 보입니다 정말 맛있겠어요🤣 갓지은 흰쌀밥에<br>김장김치 툭걸쳐 우왕~~~<br>생각만해도 군침이🤣😆🤣 막샘솟는걸요 눈이 너무 즐거워요  굴무침에 노란속배추쌈 그리고 수육까지 역시 김장하는날에는 수육이 빠질수없지요 오늘은 작은아드님도 함께하시니 더 반갑네요🙆‍♀️ 김장하는날은 집안에 큰행사와도 같아서 온가족이 다함께 힘을합쳐 손발이척척 거침없이 큰일을<br>헤쳐 이루어가는 모습이 정말 대단해보이시고👍 화합하는 마음이💕 돋보여 최고의👍 가족입니다🧓👵🙎‍♂️🙍 가족분들모두 정말 애쓰시고💕 고생많으셨어요🙏 <br>맛있게 드시고 다가오는 겨울을 따뜻하게 맞이하실수있도록 건강하시고🙆‍♀️ 행복한나날❤ 되시기를 두손모아 기원합니다🙏 따뜻한밤🌛⭐️ 편히 주무시기를 바라며 행복한꿈❤ 꾸십시요~😴🥰💤💤 굿나잇~💕입니다~🙆‍♀️,False,,0.0,0
@sonmat,지영씨~ 어서오세요 잘 지내시죠?<br>힘들어도 김장을 다 해서 마음이 뿌듯하네요<br>지영씨도 항상 건강하시고요 늘 행복한 일들이 가득하길 기도할게요<br>늘 아깜없이 응원해주셔서 정말 고마워요<br>요즘 날씨가 쌀쌀하니 감기조심하시고요<br>오늘밤도 포근하고 따뜻한 밤 보내세요<br>늘 고마워요 지영씨~~ 굿나잇~!,True,@박지영-z8y5x,1.0,0
@soyoungkim4701,손맛가족분들고생이만이하시네요저녁식사도맛잇게하세요수고하셧어요🎉🎉🎉🎉🎉🎉🎉🎉🎉🎉🎉🎉,False,,0.0,0
@あじゅ-n1t,ご家族全員でキムチ作りご苦労さまです　寒い所で作るキムチはとても美味しくなりますね。<br>キムチ作りをしながら味見で盛り上がるみなさん幸せそう　私もおば様のキムチ作りしっかり参考にして作りたいと思います　都会は暖かいのですぐ酸っぱくなってしまいます。　　これからもお体に気をつけて頑張って下さい,False,,0.0,0
@임명자-n4d,우리집은  이번 일요일날 하는데   걱정이에요   남편하고  둘이해야돼서    온식구가 다같이 농사지으신걸로  힘드시겠어요,False,,0.0,0
@robinrickett2691,I always love your annual kimchi video!  A true work of culinary art !❤️,False,,0.0,0
@정귀화-w8y,손맛할매 아주오래간만에 뵙네요 김장하시고 식구들캉 수육 김치랑 맛있게들드셔요 아부럽습니다 ~^^,False,,0.0,0
@hgfrglel2ls672,수박무 예뻐요 맛이 궁금 하네요,False,,0.0,0
@남식이-u5v,김장하시느라  고생 많으셨습니다 ㅎㅎ,False,,0.0,0
@selmakum7553,"Muhteşem bir aile, muhteşem bir işbirliği ve aile bağı, muhteşem  sağlıklı yiyecekler ve tabiki de kimchi :) sonmat anne yorgun ama mutlu ve gururlu :) sağlıkla yiyin güzel aile :) bizde şöyle derler nazar değmesin.",False,,0.0,0
@박금여-h6k,매년마다김장하신다고고생하십니다 감기조심하시고요건강하세요,False,,0.0,0
@hatanhaan2671,Хөөрхөн эмээ өвөө танай гэр бүл гайхалтай найрсаг эвтэй би та бүхэнд сайн сайхныг хүсэн ерөөж байна. Монгол улсаас үздэг бас дэмжидэг шүү 🙏🌺🍀🌸,False,,0.0,0
@김민영-i9x,올해도 김장 하시느라고 고생 많으셨습니다 김치가 넘맛잇겟어요 맛있게 드시고 올겨울도 건강하게 지내세요,False,,0.0,0
@부자아짐,온가족이 긍정의힘으로 저 많은것 준비하시느라 수고 하셨습니다 <br>저렇게 많은 김치를 다 드시는지 헐~~<br>어디다 파시는지요?,False,,0.0,0
@sonmat,어서오세요 만나서 반가워요<br>판매는 안하고 있고요 친척들 나눠주고 나머지는<br>저희가 먹고 있습니다<br>제가 김치를 좋아해요<br>응원해 주셔서 고마워요,True,@부자아짐,3.0,0
@부자아짐,@sonmat  몸살은 안 나셨는지요  ?<br>정말 수고많으셨어요,True,@부자아짐,3.0,0
@sonmat,@@부자아짐 다행히 괜찮아요<br>걱정해 주셔서 고마워요,True,@부자아짐,3.0,0
@МананаХутиева,👩‍🏫♥♥♥♥♥♥♥♥♥♥,False,,0.0,0
@fxf-n8k,큰아드님이 말없이 너무 잘 도와드리네요 웬만한  딸보다 훨 낫습니다,False,,0.0,0
@약초-c1d,김장하시냐고 애쓰셨습니다.<br>온가족이 김장하시는 모습 보기 좋습니다.,False,,0.0,0
@홍영예-c7k,부러우면 진다는데 넘좋다,False,,0.0,0
@ชเลเลย์,It’s combination of love and art.❤super nature  thx for sharing❤,False,,0.0,0
@검은콩-e9w,김장이 진짜 힘들던데 몸살 안나셨어요?<br>농사부터 김장까지 진짜 존경스러워요 날씨도 추워졌는데 건강관리 더 잘하시고 아프지마셔요 할무니~~,False,,0.0,0
@김용분-f2o,정말부럽읍니다 행복 하시죠 가꾸기는 힘드셔도  수확에기뿜이 넘치시죠😂,False,,0.0,0
@辻浅子,ヨンスクお母さん、皆様、白菜のキムチ漬けお疲れ様でした。🤗<br>家族皆で浸けるキムチは、美味しいですね<br>☺️☝️<br>畑の野菜達も少なく成りましたね、☺️☝️<br>一年に一回の行事ですね、🤗<br>和気相合として楽しそうですね、☺️,False,,0.0,0
@霜越雪江,"안녕하세요🤗👋대자연은 대단하네요✨🥰푸른 하늘, 낙엽의 노란색, 배추의 녹색, 대풍년 배추, 무, 훌륭한 이미지, 멋진 그림이 되겠네요😉👍️ ✨어머니, 가족분들, 한 해 동안의 큰 행사 김장을 가족 협력하고 무사히 마쳐서 정말 고생 많으셨습니다🙏🥰👋맛있는 것을 만들려면 정성스럽게 준비하고 가족이 협력하는 것이 중요하다고 느꼈어요🥰👋💯김장은 정말로 훌륭합니다. 한국의 문화군요🥰👋조용히 지켜보는 대박군이 너무 귀엽다🥰어머니 가족분들 보쌈김치 먹고 막걸리로 건배하고 푹 쉬세요 ✨🥰🍁🥂💐🍀🐈",False,,0.0,0
@sonmat,어서오세요 잘 지내시죠? 霜越雪江씨~~<br>늘 한결같이 응원해 주시고 칭찬해 주셔서 정말 고맙습니다<br>일본에서 항상 걱정해 주셔서 힘이 납니다<br>霜越雪江씨도 추운 날씨에 항상 건강 조심하세요<br>오늘밤도 포근한 밤 보내세요<br>항상 고마워요 霜越雪江씨~~,True,@霜越雪江,1.0,0
@김용분-f2o,드디어 김장을하시는군요 기다려왓읍니다 수고많이 하시겟어요,False,,0.0,0
@선애한-n7s,와..!!드뎌 김장하시네요??! 어머님<br>김장배추가 제가 생각하는 배추 예요~조그만한것이 맛있게 생겼어요🎉🎉<br>가족이 모두 아드님들이 잘 도와주시고 다복해서 분위기가 좋습니다...!!<br>맛있게 담으시고 건강하게 잘 하세요 😊😊,False,,0.0,0
@김민채-o7j,작은아들 오랜만이다🎉🎉😮😊,False,,0.0,0
@ЮлияГупалова-й5в,Мням мням мням👍😋😋😋,False,,0.0,0
@오명희-p1j,할머니정말요리솜씨짱이세요,False,,0.0,0
@박덕임-r9l,손 맛 할 머 니 안녕 하세요 <br>가 족 과 함께 즐거운 김장 하시 네요 고생 하세요 ❤❤❤❤❤,False,,0.0,0
@이명선-o5b,어쩜 가족간의 팀웍이 이리도 훈훈한지 매번 놀랍고 감동 그자체입니다<br>풍광과 내용이 꽉찬 방송으로 늘 너무 보기 좋아요~🙏🏻💙,False,,0.0,0
@드보라-x2c,"역쉬!!  손맛어머니 이십니다. 직접 기른 배추와 무를 가지고 온 가족 둘러 앉아 맛난 김장을 하시는 모습, 너무 정겹고 아름답습니다.<br>농사도 잘 지으시고 요리도 잘 하시고...<br>손맛어머니 너무 부럽습니다. <br>가족 모두 늘 건강 하십시요.♡♡",False,,0.0,0
@스위미,"최고의 힐링영상,,🤍",False,,0.0,0
@Yosihi-y2v,こんばんは😊大変貴重な動画です😊寒い中皆様お疲れ様です、風邪ひかずになさって下さいね。時間がある日白菜キムチ漬けてみます、本当にレシピありがとうございます😊😊,False,,0.0,0
@kentaro789,"가족분들과 김장하는 모습 넘 좋은데요. 너무 고생하셨어요. 오늘 영상은 보물같은 영상이네요, 수시로 재생할께요. 영리한 대박이는 너무 귀엽고 예뻐요.😊",False,,0.0,0
@경영정-k5u,온가족이 함께 김장 담는 모습 참 보기 좋네요 특히 할아버지 너무 자상하시고 가족들 먼저 생각하시는 모습 부럽습니다^^,False,,0.0,0
@오명희-p1j,이집가족은아드님들이어머니를잘도와드리니참보기좋습니다,False,,0.0,0
@emiliacochat556,E o pai.,True,@오명희-p1j,5.0,0
@soonsoo290,아버지가 잘 하시는 모습을 보고 자라서 그래요 부전자전😊😊😊,True,@오명희-p1j,5.0,0
@골드베이지,고생하셨어요 <br>배추가 너무맛나보여요,True,@오명희-p1j,5.0,0
@약골맘,좋아보여요,True,@오명희-p1j,5.0,0
@에밀레-v5m,"나라의 정치인 자녀들 보니 실망이었는데, 아버님,어머님 자녀들 보니 넘 잘 키워 행복하게 보여요!~~ 가족 모두 늘 건강하시고 행복하세요!",True,@오명희-p1j,5.0,0
@홍영예-c7k,아이구 울어머니 김장하시네요❤,False,,0.0,0
@빨강머리앤-u2q,긴영상좋네요김장영상이라더좋은것같아요ㆍ😊인간극장한편본다생각합니다ㆍ김장하시느라ㆍ수고많으셨어요,False,,0.0,0
@강혜경-g8m,가족끼리 합심해서 열심히 웃으면서 하시네요. 존경합니다.,False,,0.0,0
@윤다경-j4z,김장하시냐고  가족분들  고생하네요<br>추우실덴데  몸살오는것  아니지  걱정 있네요 ᆢ<br>힘내세요ᆢ 화이팅  ^^,False,,0.0,0
@파란-i2p,김장김치 넘맛있어보여요 오늘도감사해요 굿밤되세요,False,,0.0,0
@dawtheingitintshein8667,Watching from Myanmar.<br>Look so delicious.<br>❤❤❤❤,False,,0.0,0
@동물보호법강화,대한민국의 국보급 무형문화재 손맛할머니❤ 김장하시느라 고생많으셨습니다 🎉,False,,0.0,0
@cwlol.5542,노😊부부가 서로 존중하고 아끼는 모습 보기만 해도 배가 부릅니다^^<br>영상 잘~~보고갑니다👍👍,True,@동물보호법강화,1.0,0
@이경애-e3v,온가족이 모여서   김장 을  하시네요  보기 좋아요    어머니 요새 병원 치로  하느냐고  이제야   오랜만에   영상 을 보네요,False,,0.0,0
@김하준-y2y,김장하시네요  고생하셨어요,False,,0.0,0
@백경숙-b1q,손맛 할머니 오늘 김장 하시네요 영상 보고 잘 배워야 겠네요 감사 합니다 ❤,False,,0.0,0
@daekeun3331,다음 주에 저희집도 김장하는데 여기서 김장 예습하고 가야겠네요! 보쌈까지 완벽하고 풍경도 너무 좋고 힐링하는 영상으로 보기 좋아요,False,,0.0,0
@wwijoyo7575,waaaaah nenek panen raya👍👍👍 semoga selalu sehat salam dari indonesia,False,,0.0,0
@mitoiok,貴重な動画です。  家族揃って凄いです.ᐟ‪.ᐟ‪.ᐟ‪masisseoboinda,False,,0.0,0
@mhkim1129,야유  맛나겄어요 <br>모두 애쓰셨어요❤,False,,0.0,0
@이상훈-m,손맛할머니 먹방 잘보고 있습니다 앞으로도 구독자 10000만명넘을시기를기윈할게요 ❤🎉❤🎉❤🎉❤🎉❤🎉❤🎉❤🎉❤🎉❤🎉❤🎉❤🎉❤🎉❤🎉,False,,0.0,0
@이상훈-m,손맛할머니 그림넣어주세요 ❤🎉❤🎉❤🎉🎉❤❤🎉❤🎉,True,@이상훈-m,1.0,0
@sonmat,"<a href=""https://www.youtube.com/watch?v=JWBy5H4aLlg"">00:00</a> 배추 뽑기<br><a href=""https://www.youtube.com/watch?v=JWBy5H4aLlg&amp;t=131"">02:11</a> 무, 갓 뽑기<br><a href=""https://www.youtube.com/watch?v=JWBy5H4aLlg&amp;t=344"">05:44</a> 배추 절이기<br><a href=""https://www.youtube.com/watch?v=JWBy5H4aLlg&amp;t=609"">10:09</a> 배추 속 준비하기<br><a href=""https://www.youtube.com/watch?v=JWBy5H4aLlg&amp;t=697"">11:37</a> 절인 배추 뒤집기<br><a href=""https://www.youtube.com/watch?v=JWBy5H4aLlg&amp;t=817"">13:37</a> 절인 배추 씻기<br><a href=""https://www.youtube.com/watch?v=JWBy5H4aLlg&amp;t=918"">15:18</a> 배추 속 만들기<br><a href=""https://www.youtube.com/watch?v=JWBy5H4aLlg&amp;t=1000"">16:40</a> 배추 속 넣기<br><a href=""https://www.youtube.com/watch?v=JWBy5H4aLlg&amp;t=1396"">23:16</a> 요리 하기<br><a href=""https://www.youtube.com/watch?v=JWBy5H4aLlg&amp;t=1548"">25:48</a> 먹방<br><br>[김장 하기 - 절임 배추 20kg(대략 8~10포기)]<br>1. 절임 배추는 바구니에 2시간 이상 물기를 빼 놓고<br>2. 찹쌀 1컵도 1시간 전에 미리 불려 놓고<br>3. 육수 만들기 (물 4L, 멸치 2주먹, 디포리 2주먹, 표고버섯 5~6개, 다시마 큰거 3장, 황태 1마리, 대파 3대, 양파 2개 넣고 뚜껑 닫고 끓으면 뚜껑 열고 거품은 거둬주고 약 30분 정도 끓여 체에 밭쳐 식혀 놓고)<br>4. 냄비에 끓여 놓은 육수 2L에 미리 불려 놓은 찹쌀 넣고 죽을 쑤어 놓고<br>5. 쪽파 1/2단, 갓 1/2단은 깨끗이 씻어 3~4cm 길이로 썰어 놓고<br>6. 청각 100g 정도 깨끗이 씻어 다져 놓고<br>7. 믹서기에 무 1개, 배 1개, 사과 2개, 양파 2개, 육수를 부어가며 갈아 놓고<br>8. 양념 만들기 (갈아 놓은 즙, 액젓 2컵, 진젓 1컵, 새우젓 1컵, 찹쌀죽, 매실청 1컵, 생새우 2컵, 마늘 3컵, 생강 1컵, 고춧가루 5컵)<br>9. 무칠 그릇에 무 3~5개 채썰어 넣고 고춧가루 5컵 부어 고춧물을 들여준 다음<br>10. 여기에 양념(조금 남기고) 넣고 청각 넣고 버무려 준 다음<br>11. 마지막에 쪽파, 갓 넣고 버무리고 액젓으로 간 맞추고<br>12. 2~3시간 후에 배추 속을 넣으면 완성<br><br>[압력솥 수육 - 물 없이 하는 수육]<br>1. 삼겹살 2팩을 3등분 해서 소금, 후추로 밑간해 놓고<br>2. 양파 2개를 채썰어 압력솥 밑에 깔고<br>3. 잘라 놓은 고기를 양파 위에 올리고<br>4. 대파 3대를 5cm 길이로 잘라 고기 사이에 끼워 놓고 위에 올리고 뚜껑 닫고<br>5. 불은 중불로 약 10분 정도 지나서 압력 추가 울리면 중약불로 줄여 약 20분 정도 더 삶아주면 완성<br><br>-------------------------------------------------------------------------<br>By Country recipe is in the title description<br>Turn on the subtitles to know the ingredients<br><br>国別レシピはタイトルの説明にあります。<br>字幕をオンにすると、料理の材料がわかります<br><br>Рецепт по странам указан в заголовке описания.<br>Включите субтитры, чтобы узнать ингредиенты<br><br>देश द्वारा नुस्खा विवरण के शीर्षक में सूचीबद्ध है।<br>खाना पकाने के लिए सामग्री देखने के लिए उपशीर्षक चालू करें<br><br>الوصفات الخاصة بكل بلد موجودة في وصف العنوان.<br>قم بتشغيل الترجمة لمعرفة المكونات<br><br>Resep khusus negara ada di deskripsi judul.<br>Nyalakan subtitle untuk mengetahui bahan-bahannya<br><br>La receta por país está en la descripción del título.<br>Activa los subtítulos para conocer los ingredientes<br><br>特定國家的食譜在標題描述中。<br>打開字幕了解烹飪食材<br><br>As receitas específicas do país estão na descrição do título.<br>Ative as legendas para conhecer os ingredientes do cozimento<br><br>สูตรอาหารเฉพาะประเทศอยู่ในคำอธิบายชื่อ<br>เปิดคำบรรยายเพื่อดูส่วนผสมในการทำอาหาร<br><br>Công thức theo quốc gia được liệt kê trong tiêu đề của mô tả.<br>Bật phụ đề để tìm hiểu các thành phần",False,,0.0,0
@GulFalak-b5x,Maşallah bir birbirinize saygılı mutlu ailesiniz 🙏🙏,True,@sonmat,2.0,0
