author,comment,is_reply,reply_to,reply_count,is_spam
@mmm11.9,엘파박 ㅠㅠㅠㅠㅠㅠㅠ <br>끄에에에에엥 풀버전 제발 주세요,False,,0.0,0
@spiel307,엘파박과 정글린다라니... 사랑흡니드으아 ㅠㅠㅠㅠ,False,,0.0,0
@myoperaglass,"<a href=""https://www.youtube.com/watch?v=Lgrvv0xr78U&amp;t=262"">4:22</a> 나왔다 찡긋하며 덕후 저격하기 스킬..... 엘파박 정글린다 최고 🩷💚🩷💚",False,,0.0,0
@혜이-0_0,제발요.. 제발 한국어 버전 ost 내주세요 제발부탁드려요 제발요,False,,0.0,0
@0.0xmnn,두 곡 다 뒷부분이 하이라이튼데 이렇게 끊어버리다니 ㅠㅠ 음원 좀 내주세요 갓니버셜…♥️,False,,0.0,0
@vn_shin11,풀버전없어요???ㅠㅠㅠㅠㅠㅠ감칠맛나게 끝났넹...ㅠㅠ,False,,0.0,0
@leetjw,아.. 끝까지 해주지 ㅠ 우울함을 몸에두른 안타까운 인생들도.. 정글린다 혜나엘피 어랜만이라 넘무 행벅해..,False,,0.0,0
@이쪃,정글린다는 ㅠㅠㅠ한국의 자랑 ㅠㅠㅠ🩷🩷🩷하 진짜 사랑이야 🥰 벌써 n번째 보는중 !! 진짜 k-위키드의 자랑 !!!! 정글린다 보유국 만세 ㅠㅠㅜ 어쩜 사람이 어디까지 사랑스러울수 있지 ?? 하 미쳐 ㅠㅠㅠㅠㅠ 정선아 배우님 오래오래 노래해주세요🩷🩷썸머글린다 사랑..🩷🩷🩷,False,,0.0,0
@Fendersm2006,선아배우님 글린다 목소리가 더 어려지셨는데욬ㅋㅋㅋ 더빙버전으로 다시 보러 갑니다,False,,0.0,0
@user-qrlv9vmfe3n,더빙ver 사운드트랙도 내줘 제발,False,,0.0,0
@Happyy-v6v,위키드 영화 너무 재밌게 봤는데 이런 컨텐츠 너무 좋다!!,False,,0.0,0
@빵구-u9q,"더빙, 자막 2회차는 필수임",False,,0.0,0
@olzlrg,파퓰러 곡 너무 좋아하는데 ㅜㅜㅜㅜ정선아님 분홍드레스 너무 잘어울리시네요😍 목소리만큼 너무나도 이쁘다,False,,0.0,0
@BinBin-wn2fq,영원한 나의 글린다 진짜 사랑해요ㅜㅜㅜ,False,,0.0,0
@유밀과,한국어 더빙판 2회차까지 마쳤는데 진짜 기대 이상이었습니다. 원래 잘하시는 분들이라보컬은 믿듣이었는데  일상대사는 조금 걱정됐었거든요. 그런데 일상 대사까지 더빙 퀄리티가 높아서 놀랐어요. 딕션이 전문성우분들 딕션까지는 아니여도 그냥 캐릭터랑 너무 착붙입니다... 10년 이상 같은 캐릭터를 연기 해오신 분들이 영화화 더빙에 캐스팅되면 이정도까지 나오네요... 박혜나 배우님은 이번 영화화 이미지와 너무 찰떡이고 정선아 배우님은 이전에 보여주시던 연기보다 영화의 이미지에 맞춰 캐릭터를 소화해내셨는데 퍼퓰러씬 중간에 한번 긁어주실때 정말 빵터졌어요ㅋㅋ 연기를 정말 잘하시는구나 라고 감탄 ㅜㅜ 특히 클라이막스의 떨리는 대사 처리는 정말 소름이었어요.. 이 두분의 페어가 영화로 남게되어 참 기뻐요<br><br>+제가 본 돌비관은 서라운드가 하나도 안느껴졌어서 돌비 보다는 스크린 엑스 추천드립니다.,False,,0.0,0
@jh-cj6xb,"디파잉 어떻게 이렇게 짧은 시간 동안 드라마틱함이, 서서히 차올라서 휘몰아치지..? 와...",False,,0.0,0
@move_ham,흠 더빙판이 조금 약하긴하다,False,,0.0,0
@Onnn-s4x,번역부터 별로임. 그리고 아리아나를 어떻게 이겨..,True,@move_ham,1.0,0
@wnter-nc4yo,ㅁㅊ!!!!너무조아ㅠㅠㅠㅠ,False,,0.0,0
@LuciaLeiman,정선아는 평생 공주풍 해줬으면 너무 잘어울림,False,,0.0,0
@bq2094,하 살다보니 박정도 딩고에 오네 딩고 올 해 뮤배들 자꾸 줘서 사랑해요,False,,0.0,0
@0ke__,정선아 배우님은 진짜 유명한 공주임........,False,,0.0,0
@Rabbit-e2k,마이크를 핸드 마이크를 쓰냐 왜,False,,0.0,0
@userdosirak,썸머짖짜 바넬로피같아요...🩷,False,,0.0,0
@myuuyue,딩고뮤직 뮤알못....ㅠ,False,,0.0,0
@밍밍-p9b4l,혹시 저만 더빙이 더 좋았나요..😅<br>더빙은 확시뢰 뮤지컬로 직관하면 좋을 거 같았고 글란다 아리가 노래를 넘사로 너무 잘해서 진짜 감탄하면서 보고왔어요…,False,,0.0,0
@pazhan2036,"정글린다는 진짜 무대에서 봐야해요ㅜ 영화에선 다 담기지않은 그 발랄함, 텐션 꼭 꼭 무대에서 보셔야합니다!!!",False,,0.0,0
@Luna-cr2dm,🖤엘파박💚과 개쩌는 🖤디파잉 그래비티💚,False,,0.0,0
@minjeongchou,중간에 끊긴 건 영화관에서 보라는 딩고의 뜻이라고 알겠습니다. 실공연이면 이 라인업 vip석이 19만원인데 만원대로 볼 수 있는 기회라고요~!~!,False,,0.0,0
@user-qc5ie8ng5x,파풀러 앉아서 부르기.....<br>디파잉 중간에 끊기라니...<br>감다죽....,False,,0.0,0
@yeonsoochoi4732,ㄹㅇ 감다뒤.. ㅠㅠ,True,@user-qc5ie8ng5x,1.0,0
@루카-w2v,"영화 더빙하면서 두분다 한단계 더 레밸업하신 넉김,,원본에 더 가깝게 다듬었는데 기교가 섞인,,? 멋져여",False,,0.0,0
@인서박-h7b,예전에도 잘했지만 더더 여유로움이 묻어나오네,False,,0.0,0
@csh4873,아 뮤지컬 언제 하냐<br>자주 좀 해줘라 2014년 초연부터 10년동안 3번이 말이냐 방구냐<br>좌석이 안팔리는 것도 아니고...,False,,0.0,0
@망랑블룽,어어억.. 이번에야 말로 누울 때가 됐나봐요… 전 여기 눕겠습니다..😌,False,,0.0,0
@힐링라이프-q3i,위키드 한국어 더빙 오늘 보고왔는데 미쳤다ㅋㅋㅋㅋㅋㅋㅋㅋ,False,,0.0,0
@SUBID98,엘사에 엘피에 이 정도면 엘혜나 아님?? 걍 데스노트 엘도 해줘요,False,,0.0,0
@byk7626,제발 풀버전 주세요ㅠㅠㅠㅠㅠ,False,,0.0,0
@나요르-u7p,영화보고 와서 이런 영상 넘 좋네요🎉,False,,0.0,0
@팟또가,너무 좋다,False,,0.0,0
@meovvan9,🩷💚,False,,0.0,0
@yunna6315,이왕 각 잡고 찍는거 하이라이트까지 완곡 해주지 ㅠㅠㅠ 기획자 바보야 ㅠㅠㅠㅠㅠ,False,,0.0,0
@nkbzx,다 보고싶음 극장에서 봐라는 기획자의 의도 아닐까요 😂,True,@yunna6315,1.0,0
@지니님,감사합니다 감사합니다 감사합니다 ㅠㅠㅠㅠㅠㅠㅠㅠㅠㅠㅠㅠㅠㅠㅠ,False,,0.0,0
@She_her_her,왜 하다 말어!!!!!!!,False,,0.0,0
@Fantalonia,정선아님만큼은 저 넘버가 최고인 것 같아.. 이젠 그냥 캐릭터와 일체네,False,,0.0,0
@채널울버린,하......너무좋다.......딩고에서 이 두분을 볼 수 있게되다니 오래살길 잘했습니다,False,,0.0,0
@KimHwanJeong,하악. 영화 더빙판도 봐야겠어요 자막으로만 봤는데,False,,0.0,0
@wony_log5461,선아배우님 그냥 존재자체가 글린다에요 날때부터 걍 파풀러❤ 하면서 태어나심👑<br>혜나 배우님 아니면 엘파바 누가하나요😍 엘파바 정체성 그잡채💖,False,,0.0,0
@AlD-h3s,ㅠㅡㅠ❤,False,,0.0,0
@haehaeaheah,니(헛!)미(헛!)래(헛!)느으으은......... 이부분너무귀여워어어어어............🥹🥹🥹🥹🥹🥹🥹🥹🥹🥹🥹🥹🥹,False,,0.0,0
@미믹미,가사가 번역체라 아쉽지만 노래는 정말 좋네요,False,,0.0,0
@dearmywinter,울 언니들 미쳤다 진짜 따랑해요 🧡,False,,0.0,0
@우유-f9w,더빙판이 더 좋네요,False,,0.0,0
@당케-p4m,핑크랑 초록이 참 잘어울리네🩷💚,False,,0.0,0
@하얀-h4t,"원작배우분들 죄송한데....난 누가뭐래도 더빙이 더 소름돋았음!!😢대박대박...혜나님 디파잉 미쳤구, 선아님 텐션을 살리기엔 아리아나가 따라오질 못함...할리웃이 한국 위키드 감상하러 다 와야됨ㅋㅋㅋ😂영화보는 내내 넘 행복했어요~💚",False,,0.0,0
@nimble-fz8ce,위키드 영화 재밌게 봤는데~!!  글린다 한국분이 하니까 또다른 매력이네요!!,False,,0.0,0
@김은채-d7i,뮤지컬 영화화가 이렇게 좋은거였구나..떡밥이 쉬질않네 요즘 위키드때매 넘 행복🫶🫶💖,False,,0.0,0
@시,글린다 역에 40대 목소리가 어울린다고 생각하는 건가,False,,0.0,0
@S2KFLlS2,아행복해,False,,0.0,0
@37yeon,"딩고야,,,, 줬다 뺏었다 하기 있니",False,,0.0,0
@어화_동동,썸머 요정인 거야..? 샤랄라드레스가 퍼컬인가바 너무 사랑스러움.........❤,False,,0.0,0
@김땅콩-m1r,위키드 보기전 예습❤❤,False,,0.0,0
@young1151,아리아나랑 신디아가 정말 대단하구나 ㅋㅋ진짜 이건 맛이 하나도 안사네😂,False,,0.0,0
@MUMU-ep5hd,더빙판 보러가야됨🥹,False,,0.0,0
@쥬쥬-c8r4k,아니.....장난하나 왜 끝까지안주죠,False,,0.0,0
@ellenha6821,저 오늘 위키드 봤는데 ㅠㅠ 감동이었어요  ㅠㅠㅠㅠㅠㅠㅠ<br>더빙판 자막판 두번 보려구여 ㅎㅎ,False,,0.0,0
@kpo00129,이 5분가량의 노래를 위해서라도 영화관가서 볼 가치가 충분했음 개쩔었다,False,,0.0,0
@kpo00129,ㄹㅇ 영화관 한국어로 보고왔는데 제대로 귀호강하고옴 버릴곡이 없다 그냥 개쩔었음,False,,0.0,0
@dkfio,"Too long Ive been afriad of losing love I guess Ive lost.<br>Well if that’s love, it comes at much too higher cost<br><br>부분의 내용이 정말 좋은데, 더빙판에선 내용이 아예 다른게 조금 아쉽네요",False,,0.0,0
@푸푸-d2x,더빙 음원 언제 나오는거야 ㅜㅜ,False,,0.0,0
@cheerykwp,영화꼭 보세요 진짜 너무 재미있었습니다 저는 더빙으로 보긴했는데 영화로도 한번 더 볼려고요,False,,0.0,0
@iyeon0,앉아서부르는파퓰러..이거유죄딩고.. 통통뛰면서 불러야 제맛인데 😢😢,False,,0.0,0
@Sky_Moon.,오늘 위키드 더빙판 보러가는데 딩고라니요!!,False,,0.0,0
@이미선택된좌석입니다,제발 맛보기라고 해줘요.... 풀버전 주세요 ㅜㅜㅜㅜㅜㅜ,False,,0.0,0
@Unknown-im1oy,더빙 진짜 마지막에 박수칠뻔 햇어요… 자막 더빙 두번봤는데 더빙 한번 더 보고시퍼요 ㅠㅠ,False,,0.0,0
@mozzi_su,"정글린다 완전 공쥬님,, 엘파박은 빗자루 탈 때 소름돋았어요🥹🥹 바람까지 완벽,,,<br>좀전에 위키드 보고왔눈데 아리아나 그란데 완전 정글린다 같았어요 💕",False,,0.0,0
@ybongchoi,"오늘 오리지널 버전 보고 왔는데, 다음주에 더빙 버전 꼭 봐야지!!! 너무 기대됨!!",False,,0.0,0
@yed0423,두분다 너무너무 사랑합니다..💚🩷💚🩷💚🩷,False,,0.0,0
@연자-b3v,세상에 ㅠㅠㅠㅠㅠㅠㅠㅠㅠㅠㅠㅠㅠㅠㅠㅠㅠㅠㅠㅠㅠㅠㅠㅠㅠㅠ,False,,0.0,0
@0.0xmnn,정선아 사랑해 너무 이뻐 공주야 💖💖💖,False,,0.0,0
@nalhee89,한국 더빙 캐스팅 보려고 더빙판 봤습니다 너무너무너무 잘하셔서 완전 몰입하면서 봤습니다 진짜 소름이 몇번 돋았는지 !!! 2편도 이 캐스팅 그대로 해주세요😉,False,,0.0,0
@박나현-f1e,풀버전내놓아라,False,,0.0,0
@레트로트-f4p,극장에서 더빙판 보고오자마자 떠있어서 너무 좋네요!!! 뮤지컬도 항상 엘파박 정글린다 페어만 봤는데 진짜 캐스팅 갓벽했다,False,,0.0,0
@summersolar,썸머 진짜 공주다.......<br>괜히 전시즌 글린다 하는게 아니구나 진짜 한국의 글린다가 여깄잖아...🥹🥹🥹,False,,0.0,0
@김누리-z2t,세상 최고 핑크 잘 어울리는 썸머공주🩷글린다 파퓰러 끊는 건 영화관에서 이어서 보라는 의미인걸까...😢,False,,0.0,0
@x1x8x1x8,사랑해요 엘파박 박혜나 😍😍😍😍😍😍😍,False,,0.0,0
@awesome_jelly,저 박정 페어가 무대에서 다시 만나길 진짜 기다려요 평생 기다려요 올때까지 숨참ㅇ.....,False,,0.0,0
@이라-b1j,하 썸머 글린다 너무 좋다❤ㅠㅠㅠㅠㅠ,False,,0.0,0
@나쮸-g2f,하 언니 미쳤다고ㅜㅜ 정선아 박혜나 배우님 보유국<br>글린다랑 엘파바 그 자체야...,False,,0.0,0
@식기세척기-k4d,켸나님 진짜 캐스팅 찰떡이에요 영화 배우님이랑 목소리도 잘 어울리고 대사 연기도 성우인줄 알았잖아요 노래는 말할필요도 없고 넘 죻아요😭😭😭 더빙판만 두 번 봄 ㅠㅠㅠㅠㅠㅠ,False,,0.0,0
@XxluvXx01,엘파박 정글 음원으로도 박제해 주실 거죠 제발요 🥹🥹,False,,0.0,0
@lulu_mu_,"가만히 앉아서 저렇게 편안하게 부르시다니,,,",False,,0.0,0
@light_12,정선아 배우님 존예다...❤<br>어느 누가 41살로 보냐구..,False,,0.0,0
@ODHMUZIC,다 좋은데 둘 다 풀버젼으로 박정페어로 어찌 안찍은거지 ㅜㅜ 좋긴한데 넘 허전하고 맛보기 느낌이네 아쉬워라..,False,,0.0,0
@장규진짜귀요미,더빙 자막 둘다 봤는데 혜나엘피가 좀더 깔끔하고 청아한 맛이 있는것같아요 특히 디파잉 하이라이트 고음부분,False,,0.0,0
@최영자-h7h,함께 해요.......<br>신전 세워 🏰나라 🇰🇷사랑💙<br>👋👋👋👋👋👋👋<br>계좌 후원 10.000원 부탁.........<br>1002-633-269825<br>우리 은행<br>인천 순복음 교회 주인<br>최 영자 원장 목사.<br>후원 부탁 해요💙😇,False,,0.0,0
@eternity_youth,딩고야 사랑해..🫶🏻,False,,0.0,0
@marlang_dooboo,하이라이트는 극장에서 보라는 거군요:),False,,0.0,0
@눈솔-r6d,딩고야 사랑한다!,False,,0.0,0
@상상_619,정글린다 최고!!!!! <br>앉아있는 파퓰러라니… 통통 뛰면서 불러야 제맛인 노래인데!! ㅋㅋㅋㅋㅋ,False,,0.0,0
@LL-l-i8,하 진짜 어떻게 사람이 공주님.. 정선아 박혜나님 없는 위키드 더빙은 생각조차 못하겠는데요..,False,,0.0,0
@user-ds3mi9nw9r,진짜 개고퀄 박제…💚🩷,False,,0.0,0
@tmxlddbsl,더빙 음원 얼른 나와줘요!!,False,,0.0,0
@JuJjju-e9s,박혜나가 잘하나??,False,,0.0,0
@mightyduck8890,&quot;뮤지컬은 뮤지컬 전문배우에게&quot;라는 나만의 원칙을 다시 한번 확인시켜준 뮤지컬 위키드의 정선아님 &amp;박혜나님!!,False,,0.0,0
@연이-b3c,미쳤나봐 그냥,False,,0.0,0
@ForRestTime-,"엊그제 용아맥 무대인사 보고 왔는데 ,<br>넘버야 말한것도 없고 대사 더빙도 진짜 찰떡입니다 ㅋㅋㅋㅋㅋ<br>뮤지컬 영화계에 새로운 획을 그은것 같네요 😍",False,,0.0,0
@yerin.as.always,왜 영상이 이리 짧아요ㅠㅠㅠㅠㅠㅠㅠ,False,,0.0,0
@20051106ing,하 내 사랑들 너무너무너무너무 좋아,False,,0.0,0
@Akidhfiowdhifnl,하이라이트 다들 극장에서 보실게요~ 소름 1000퍼 돋음,False,,0.0,0
@ssuuuuuu8593,더빙무인도돌았고 딩고라이브도돌고 행복한데 헛헛해요😂 더빙판 보면서 무대생각한거 저뿐만은아니겟죠?! 더빙이라 그런지 무대에비해 조금은 힘을뺀느낌이었어요 그러니 제발 돌아와쥬ㅓ 위키드켸엘피정글린다…….💖💚💖💚,False,,0.0,0
@윤가이는귀여워,음원있나요?,False,,0.0,0
@chachamaru._.,이디나 멘젤  위키드 뮤지컬 직관하고 엄청 좋아했는데 박혜나님 디파잉도 되게 좋다ㅠㅠㅠㅠ<br>역시 두 엘사 클라쓰는 다르구나...,False,,0.0,0
@user-taehyeon123,좋은 노래 잘 듣고 갑니다,False,,0.0,0
@seeid7631,저 성량 내가 느끼고 싶다..<br>제발 실황 와주세요ㅠㅠㅠ 위키드 도다와..,False,,0.0,0
@pikk0011,솔직히 더빙판 영상이랑 같이 보면 좀 싱크 밸런스가 잘안맞았음.. 아리아나글린다는 좀 더 높아야했을 느낌..<br>근데 눈감고 들으면 대완벽. 뮤지컬 공연장에서 직관하는줄😂 아무튼 더빙자체는 대완벽 그자체💚🩷,False,,0.0,0
@seeid7631,박혜나 사랑해요 날 가져요ㅠㅠㅠㅠㅠㅠㅠㅠㅠ,False,,0.0,0
@nbdeokoo,💚💖💚💖💚💖💚💖💚💖💚💖<br>이 넘버들을 라이브 영상으로 남기면서도 굳이굳이 이런 타이밍에 뚝 끊어버리길 선택한 건 딩고의 큰 그림으로 이해하면 되는거죠? 유튜브 말고 극장 짱짱한 스피커로 들으라고! 나는 꼭 돌아간다고...극장으로... 방금 보고 나왔는데 이러면 또 보고픈 마음이 배로 커지잖아 딩고가 책임져ㅠㅠㅠㅠ 💖💚💖💚💖💚💖💚💖💚💖💚,False,,0.0,0
@하하하하하우하하,나를 찾고싶다면 어디갔어ㅠㅠㅠㅠㅠㅠㅠㅠㅠㅠㅠㅠ,False,,0.0,0
@user-dyomataeng,어머어머! 썸머린다에 박파바...이걸 그래!이렇게보낼수없지 그치만 어케보면 둘다 듀엣이긴한ㄷ..,False,,0.0,0
@롤악귀입니다,사랑해요!!!<br>오늘 보러 가는데 이 목소리 들으려고 더빙판으로 봅니당ㅜㅜㅜㅜ,False,,0.0,0
@무적탑쥐,그래 이걸 찾고있었다고!!!와 ㅋㅋ바로 올라오네 ㅋㅋㅋㅋㅋㅋㅋㅋㅋㅋㅋㅋㅋㅋ,False,,0.0,0
@yu_jean,"진짜 제 최애 뮤지컬인데,,, 이게 올라오다니!!  ❤❤❤❤",False,,0.0,0
@romic.,정선아다~^^❤❤❤,False,,0.0,0
@ooj9745,진짜 개행복하다,False,,0.0,0
@baaaoo,위키드의 주역 ❤❤,False,,0.0,0
@양성민-z2g,풀버전 내놔!!!!!!!,False,,0.0,0
@ha____eonni,감사합니다…,False,,0.0,0
@O_O_jjell,성량이 뚫어버려 마이크가 없어도 될거 같아요 마이크는 그냥 거들뿐🤣🤣,False,,0.0,0
@영이-v6v,💖💖💖💖💖💖💖,False,,0.0,0
@ddaanii,썸머 미쳤다💕,False,,0.0,0
@yeo6327,"박정 페어 너무 좋은데 진짜 좋은데 풀버전 주실 순 없었나요? ㅠㅠㅠㅠ 정글린다 파퓰러 가만히 앉아서 부르기, 디파잉 끝까지 안부르기라니...",False,,0.0,0
@InseopChoi,개봉한지 고작 3일된...<br>즉 영화관에서 상영중이니까요.,True,@yeo6327,3.0,0
@move_ham,극장가셔야죠,True,@yeo6327,3.0,0
@leetjw,아니 진짴ㅋㅋㅋㅋㅋㅋㅋㅋㅋㅋ 고통스러워,True,@yeo6327,3.0,0
@owl_is_owl,글린다는 그자체♡<br>디파잉은 가서보시길바래요! 이것만으로도 의미가있고 최고였어요😢♡♡♡,False,,0.0,0
@Tony-em7vo,벌써 더빙 2회차 뜀 ㅜㅜ 뮤지컬 티켓에 비하면 영화티켓 혜자 10번 봐도 개이득 입니다💚🩷,False,,0.0,0
@mizzol_,내 천년의 소원 위키드가 드디어..🥹💖 더빙판 영화보러 바로 달려갑니다,False,,0.0,0
@서민지-s1s,더빙 안보는 제가 더빙만 돌고 있습니다..... 😂😂,False,,0.0,0
@Mangossbi,이딴식으로 끊을거면 올리지마 좀,False,,0.0,0
@AHYEONPARK-f8w,와 ㅠㅠㅠㅠㅠ 정선아 박혜나 배우 버전도 너무 좋네요. 조카 데리고... 극장 달려갑니다..🩷💚,False,,0.0,0
@hy2267,"왜 영상이 떴나 했더니 영화 위키드 더빙판을 박혜나,정선아 배우들이 했군요🥹자막 먼저 달리고 더빙판 바로 보러 갈게요ㅠㅠ",False,,0.0,0
@hsunrise8999,와 진짜 좋다,False,,0.0,0
@netcodecinc4412,에에ㅠ 디파잉을 저기서 끊으시면 어캄니꽈ㅠ 넘넘 좋지만 뭔가 껄쩍찌끈하게 아싀븐ㅠ,False,,0.0,0
@섀넌-f9h,아 풀버전인줄 알았는데에에에,False,,0.0,0
@yuna0621,&quot;나를 찾고 싶다면 서쪽 하늘을 봐&quot; 이 부분이 ㄹㅇ 소름 쫙 돋는 하이라이트인데 왜 없냐구요 ㅠㅠㅠㅠㅠ,False,,0.0,0
@pikk0011,극장에서 보라는말인듯ㅋㅋㅋ,True,@yuna0621,5.0,0
@Dreamer-z8n,자막판이 훨씬 미쳤음<br>더빙판은 그냥 뮤덕 전용,True,@yuna0621,5.0,0
@kah764,​@@Dreamer-z8n  입모양이랑 한국어랑 씽크가 안맞는게 있긴한데 그래도 위키드 뮤지컬로 봤었어서 또 색다른 맛이긴 할거 같은데요....,True,@yuna0621,5.0,0
@짱구를왜말려,​@@Dreamer-z8n 더빙판 내려치기하지말고 그냥 자막판도 재밌다고만 하세요...,True,@yuna0621,5.0,0
@이주영-h4d,"맞아요 ㅜㅜ 진짜 너무 잘 부르세요 ㅎㅎㅎ(윤하콘서트인천,부산,대구에서곧해요",True,@yuna0621,5.0,0
@뚜-c7z,정글린다 너무 사랑스럽쟈나❣️❣️❣️,False,,0.0,0
@민지-f5f5s,하 선아밴 진짜 그냥 공주님 아니냐구요오..ㅠㅠㅠㅠㅠㅠㅠㅠㅠㅠㅠㅠㅠ 톡톡 쏘는 가성도 너무 좋고..ㅠㅠㅠㅠ 진짜 혜나밴 고음 시원하게 쫙쫙 올라가시는거 중간에 찡긋 하고 웃어주시는거 너무 좋아요 진짜..ㅠㅠㅠㅠㅠㅠㅠ,False,,0.0,0
@daldals1789,"디파잉이랑 파퓰러 두 곡 다 하이라이트를 끊어버렸다니ㅠㅠㅠㅠㅠ 밀어내봐도 싫은척해도 날 막을 순 없어, 나를 찾고싶다면 서쪽 하늘을 봐 내놔ㅠㅠㅠㅠㅠㅠㅠㅠㅠㅠㅠㅠ",False,,0.0,0
@persinerainthenightlight,뮤지컬부터 봐온 위키드 찐팬인데요…영화 보고 왔는데 그냥 ㄹㅈㄷ입니다. 디파잉그래비티 듣고 소름 돋아서 추웠어요 진짜로..,False,,0.0,0
@남창현-s6m,"혹시 더빙버젼 보셨나요?!<br>저도 이번에 보려고 하는데<br>자막, 더빙 고민되네요…",True,@persinerainthenightlight,2.0,0
@예진-q2z,@@남창현-s6m더빙 버전 보시면 자막이 궁금하실거고 자막보시면 더빙이 궁금하실거에요 그냥 둘 다 보시길 추천합니다 전 벌써 세번이나 봤는데 또 봐야해요 진짜 ㄹㅈㄷ,True,@persinerainthenightlight,2.0,0
@ecolifetv1879,뮤지컬 위키드를 딩고에서 감사합니다.,False,,0.0,0
@daldals1789,사랑해 박정. 영원히 사랑해. 위키드에 있어선 내 첫사랑 페어💚🩷 페어로 영화에 박제 되었으니 4연에서도 꼭 손잡구 돌아오기로 약속해.,False,,0.0,0
@mangung_1012,정선아가 왜이리 아가공쥬귀염둥이야!!,False,,0.0,0
@musical___land,사랑해요...💖💚🤍🎀 K-위키드의 자랑 ㅠㅠㅠㅠㅠㅠㅠ 쩐다 쩔어...✨️✨️🤍🤍💖💖💚💚🎀🎀,False,,0.0,0
@user-jianiotter,어머나,True,@musical___land,2.0,0
@kah764,10년전에 저 페어로 위키드 봤었는데 이젠 영화로 만나게 되었네요❤,True,@musical___land,2.0,0
@Eunbom__,하 진짜 이걸 딩고가... 진짜 사랑해요🥹,False,,0.0,0
@nacho_chocho,딩고뮤직 미쳤다....,False,,0.0,0
@권준일-m7y,1등,False,,0.0,0
@설이2007,허어러어러얼 대박 썸머배우님 왤케 이쁘세요오오오오오오 진짜 여신 그지체..,False,,0.0,0
