author,comment,is_reply,reply_to,reply_count,is_spam
@ksjx55,나때는 용돈 하루 500원이였는데 ㅠㅠ,False,,0.0,0
@맹구-w2w,ㅋㅋㅋㅋ 인트로 엄청 기엽다,False,,0.0,0
@경구-d3i,"<a href=""https://www.youtube.com/watch?v=lHIQL0DFZFg&amp;t=379"">6:19</a> 1000원에 1.6배는 놀랍게도 1600원이다..",False,,0.0,0
@user-sd9eu7us2i,"<a href=""https://www.youtube.com/watch?v=lHIQL0DFZFg&amp;t=63"">1:03</a> 매죠미 용돈은 달에 만원이니 1.6배면 놀랍게도 16000원이 맞다..",True,@경구-d3i,2.0,0
@user-rq6en2iv1v,진짜 아기때 영상에서 천원이지 이제 만원이라서 1.6이 16000이 맞습니다,True,@경구-d3i,2.0,0
@Doori0107,매죰미 너무 잘컸다… 말 잘하고 키 큰거봐ㅠㅠㅠ,False,,0.0,0
@팥빵-j6w,매죠미는 용돈 받으면 어디어디 쓰는지 너무 궁금해요!😊,False,,0.0,0
@별빛처럼-f3l,점점 용돈과 가까워지는 매좀이 ㅋㅋㅋㅋㅋㅋㅋㅋㅋ,False,,0.0,0
@뚠뚠-r2q,인급동축하드립니다🥳,False,,0.0,0
@캡쵸인급,인급동18위 축하합네다,False,,0.0,0
@cityfantube,죰죰이처럼과자들고 왔습니다😊,False,,0.0,0
@naw4200,이거 완전 딸천재들이네 ㅋㅋㅋ,False,,0.0,0
@이우승-o2e,매죠미 너무 빨리 큰다😢,False,,0.0,0
@고래밥-r7m,죰죠미 영상나올때마다 쑥쑥커가고 있네 ㅋㅋㅋ,False,,0.0,0
@김성모-e2z,용돈 쟁탈전ㅋㅋㅋㅋㅋㅋㅋㅋㅋ 용돈도 그냥 주시진 않는군요!,False,,0.0,0
@전호준-l1f,매죠미 또 컸네 오메 세월이여😢,False,,0.0,0
@DD-CAT,와 편집 뭐여ㅋㅋㅋㅋㅋ 대박이네,False,,0.0,0
@김이박-m4e,제목 : 딸천재,False,,0.0,0
@wookyeongkim3799,매죠미 쑥쑥 크네 ❤,False,,0.0,0
@오성-j9v,매죠미 진짜 귀엽다 ㅋㅋㅋㅋㅋ,False,,0.0,0
@뉴진면-q8d,다음주에 기말이지만 김아내는 봐야함.,False,,0.0,0
@로그인이로그인,와우 인트로 너무조아용!,False,,0.0,0
@InU9_18,와 인트로 편집 댑악이에요~!,False,,0.0,0
@병준차-x7z,훈훈한아빠 이쁜엄마 귀여운매조미 ..행복한 가정 이게 사실 정말 비현실적인 만화같은 가정사라 질투시기 난무해야되는대 계속 기다려지고 너무 보기좋아서 ..아씨 배아파,False,,0.0,0
@holymoly_guacamole,마내언니 웃음소리 넘 힐링돼욬ㅋㅋㅋㅋㅋ 맨날듣고싶다 ㅜ 힘이난다,False,,0.0,0
@으억-s4h,마네씨먼저가 국룰이니,False,,0.0,0
@박현서-f6r,메죠미 키 엄청 컸네....,False,,0.0,0
@illtr,행복 별 거 없습니다 --&gt; 딸 용돈 뺏어가는 영상 ㅋㅋㅋㅋㅋㅋㅋㅋㅋㅋㅋㅋㅋㅋㅋㅋ<br>영상 두개가 동시에 올라오니까 뜻이 이상해지는거 같잖아요ㅋㅋㅋㅋㅋㅋㅋㅋㅋㅋㅋ,False,,0.0,0
@JOHN12232,첨에 본 매죠미는 기타치는 애기였는데 이제는 잼민이로 커버렸네 매죠미는 지금봐도 너무 귀엽네요 ㅋㅎㅋㅎㅋ,False,,0.0,0
@이힣-q4u,누나 유튜브 3일동안 계정이형꺼랑 같이 정주행중,False,,0.0,0
@bhc6733,ㅋㅋㅋㅋ너무 행복해 하는모습 보기 좋다…,False,,0.0,0
@j_h01-n5r,계정이 형보다 김아내가 먼저다.,False,,0.0,0
@TheCat-du1gt,1번으로 김아내 2번으로 김계정은 국룰이죠,False,,0.0,0
@송원식-s9b,마내씨 목소리 중독성있음,False,,0.0,0
@woliy8550,이건 매죠미가 만원 가져갈때까지 하는거잖아요ㅋㅋㅋ,False,,0.0,0
@베이징덕,계정님 영상 버리고 달려왔습니다.,False,,0.0,0
@델라-l3v,감아내님 초등학생한테는 만원이 너무 큰 돈이기 때문에 오천원 이상으로 가능성이 났다고 합니다,False,,0.0,0
@Jypyg755,매죰아 아버지돈은 다너꺼란다 만원은 그냥드려😊,False,,0.0,0
@jhburi,오매 남의 집 아가는 왜케 잘 크는 겨… 매죠미 많이 컸다 진짜ㅜㅜ,False,,0.0,0
@하츄핑-Pdhll,왜 저래 지짜ㅋㅋㅋㅋㅋ,False,,0.0,0
@헤리-k3b,마내 영상 왤케 재밌디? ㅋㅋㅋ,False,,0.0,0
@ydr2503,ㅋㅋㅋㅋ 간만에 진짜 크게 웃었네요~~,False,,0.0,0
@classickim4865,슬슬 서열 1위가 김아내님에서 매죠미로 바뀌어가는 거같네요 ㅋㅋㅋㅋ,False,,0.0,0
@아이돌A양보기-o1c,이거보고 계정님꺼 봐야제ㅋㄷㅋㄷ,False,,0.0,0
@급식포드,그만해라,True,@아이돌A양보기-o1c,5.0,0
@ssh1204.,​@@급식포드ㅇㅈ 까지만 해 존나 뇌절 치네,True,@아이돌A양보기-o1c,5.0,0
@워걸-b9v,여기도냨ㅋㅋㅋㅋ,True,@아이돌A양보기-o1c,5.0,0
@JUNGWls,어린아이도 볼 채널인데 그러고싶냐 아휴,True,@아이돌A양보기-o1c,5.0,0
@stuike,한심한 ㅅㄲ,True,@아이돌A양보기-o1c,5.0,0
@별바레기,메죠미 굶어죽지는 않겠네요 ㅋㅋㅋㅋ,False,,0.0,0
@k_djs13,나 초6 때 주마다 5천원 받아서 달에 2만원씩 받았는뎅,False,,0.0,0
@Eomnaoi,오늘은 큰아들꺼 먼저 봐야함 (광고는 못참치;;),False,,0.0,0
@플럼-c3w,매좀이 성장속도가 엄청빠르네요,False,,0.0,0
@준혁-q5s,이집은 돈만 걸리면 난장판이구만,False,,0.0,0
@검은빛너구리,👍🏻👍🏻,False,,0.0,0
@이형준-w3c,저 손바닥 끈끈이 릴스에서 자주 보이던데 ㅋㅋ 용돈 쟁탈전 생각보다 흥미진진해서 개웃김 ㅋㅋㅋㅋㅋ,False,,0.0,0
@Leo__youtuber,오늘은 계정님꺼 먼저봤는데 다음주엔 누구껄 먼저볼까 고민중임당ㅎㅎ<br><br><br><br><br><br><br><br><br><br><br><br><br><br><br><br><br>이게 마내님을 부르는 주문이라는데😳😳,False,,0.0,0
@새콙_n,둘이 동시에 올라오는거 개 좋다 진심,False,,0.0,0
@뭉개뭉개-q2s,아이가 이길때까지 해주는 모습 보기 좋...,False,,0.0,0
@은빛여우-i3f,어느덧 프로 유튜바~~~가 다 된 마내씨~~ ㅋㅋㅋㅋ 아들(?)  딸과 놀아주느라 고생 많이시네요~~ ㅎㅎㅎㅎ,False,,0.0,0
@이승진-x7b,메죠미가 엄마 닮아서 게임을 공정하게 할 줄 아는 구낰ㅋㅋㅋㅋㅋㅋ,False,,0.0,0
@루시-o6b,오늘도 귀엽고 행복한 모습 잘 보구 가요!!!,False,,0.0,0
@Yoriichi_Tsugikini_WIS,계정이형꺼 보고오다가 여기로튀어왔다,False,,0.0,0
@나리-f3s,매죠미 이대로 이쁘게 잘커야댕!<br>삼촌처럼 아프지말구😢,False,,0.0,0
@ssapdansitane,여기부터 봐야 찐팬이지~~,False,,0.0,0
@은하-y1b,계정님 영상보다 먼저 달려왔습니다 크크❤,False,,0.0,0
@김아내,반가워요😊,True,@은하-y1b,1.0,0
@스텔라-h2u,김아내님 먼저!!!!!!,False,,0.0,0
@whdahh502,아구 메죠미 많이 컸네 ㅠㅠㅠㅠㅠㅠ,False,,0.0,0
@onlyINE700,김계정&lt;&lt;&lt;&lt;&lt;&lt;&lt;&lt;&lt;&lt;&lt;&lt;&lt;김아내,False,,0.0,0
@tothetothe7886,ㅋㅋㅋㅋㅋ,False,,0.0,0
@무브-d5y,"요즘 웃을일이 없는데, 끈끈이 하나로 행복해 보여 웃었어요. 감사합니다",False,,0.0,0
@hvx5nnn,오프닝보고 키즈채널 느낌으로 가도될거같다 생각햇는데 예전영상보니까 조금은 어려울거같기도..,False,,0.0,0
@김아내,ㅋㅋㅋㅋㅋ,True,@hvx5nnn,1.0,0
@ddhwang-z6w,대회 인트로 영상 너무 귀엽네요 ㅋㅋㅋㅋ 기마내님 만세~ 하는 것 까지,False,,0.0,0
@thingsome6061,용돈쟁탈전하는거 너무 귀엽다 ㅋㅎㅋ큐ㅠ 아기매죠미.. 이모가 사랑한다..,False,,0.0,0
@김도현-f3z5e,오늘도 재밌게 보고갑니다~ 이번 영상의 내용은 자본주의가 이렇게나 무섭다는걸 알려주는거 같습니다 ㅋㅋ,False,,0.0,0
@ramizzzing_mollang,"ㄱㅋㄹㅋㄹㅋ <a href=""https://www.youtube.com/watch?v=lHIQL0DFZFg&amp;t=119"">1:59</a> ㅋㅋㅋㄱㅋㅋㅋㄱㄱㄱㄱㄹㅋㅋㄱㅋㄱㅋㄱㅋㅋㅋㅋㅋㅋㅋㅋㅋㄱㅋㅋㅋㄱㄱㅋㅋㄱㄱㄱㅋㅋㅋㄱ이거를ㅋㅋㅋ<br><a href=""https://www.youtube.com/watch?v=lHIQL0DFZFg&amp;t=128"">2:08</a> 이렇게?ㅋㅋㄱㅋㄱㅋㅋㄱㄱㅋㄱ",False,,0.0,0
@김아내,이놈의 라임 맞추기..,True,@ramizzzing_mollang,1.0,0
@김정현-s8j,계정님꺼 1분보다가 이거 발견해서 이거 다 보고 봐야징,False,,0.0,0
@홍기연-m3l,계정님 매죠미한테 장난 너무 재밌게 하시네요😎,False,,0.0,0
@따뜻한바람떡,"<a href=""https://www.youtube.com/watch?v=lHIQL0DFZFg&amp;t=318"">5:18</a> 난 안 만세!!!!",False,,0.0,0
@김일환-o8i9n,김계정 먼저보고왔다 김아내,False,,0.0,0
@리옹헤,존잼이다 ㅋㅋ 손이 어케 세개 다같이 엉키지,False,,0.0,0
@냄비-j7q,삼위일쳌ㅋㅋㅋㅋㅋㅋㅋㅋㅋㅋㅋ 왤케 요즘 이런 유치한 웃음거리기 좋지? ㅋㅋㅋㅋㅋㅋㅋㅋㅋㅋ,False,,0.0,0
@수빈-u7j4j,매죠미 개귀여워,False,,0.0,0
@jspark6704,선마내 후계정,False,,0.0,0
@hyewonpark3544,매죠미 오늘따라 진짜 많이 큰게 느껴진다 ㅜ 계정님이랑 용돈내기빵할때 울던 아기 매죠미가 벌써 이리 컸다니이,False,,0.0,0
@김아내,😢,True,@hyewonpark3544,1.0,0
@나-l5q2z,점점 편집이 발전해서 놀란 사람은 개추ㅋㅋㅋ,False,,0.0,0
@backfto,"<a href=""https://www.youtube.com/watch?v=lHIQL0DFZFg&amp;t=30"">0:30</a> 편집 실력이 일취월장 하십니다 선생님 ㄷㄷ",False,,0.0,0
@Peach4011,ㄹㅇ,True,@backfto,2.0,0
@user-sjd862hka9,ㅋㅋㅋㅋㄹㅇ순간놀램,True,@backfto,2.0,0
@리옹헤,아니 왜 훅 커버린건데.. 내가 훅 늙어버린거같잖아..,False,,0.0,0
@dodo600,"개인적으로 아주 개인적인 생각으로 용돈을 일정 주기마다 주는것보다 엄카를 주고 금융 교육을 하는게 훨씬 좋지 않을까라는 생각을 아주아주 조심스럽게 한번 해봅니다. 용돈을 주기만 해서는 나중에 모은 용돈을 실질적 가치가 높지 않은(게임에 현질, 사치품) 것에 사용할 수 있으니 돈을 버는것이 얼마나 힘든지를 알고 자신이 스스로 돈을 적당한 시점에 쓰고 아끼고를 할 수 있는 능력을 갖추는게 좋지 않을까 싶습니다.",False,,0.0,0
@김아내,좋은 말씀 감사합니다!!,True,@dodo600,2.0,0
@dodo600,"@@김아내 용돈을 주는 양으로 돈의 사용량을 정하면, 나중에 중고등학교때 갖고싶은것들을 용돈으로 해결하지 못해 스트레스를 받고 낭비하게 될 확률이 높지만,  돈을 얼만큼 가지고 있든 실제로 그 물건이 자신에게 필요한지, 내가 이 상품이 나에게 가져올 수 있는 이익과 그 기간이 얼큼인지, 이 가격이 합리적인지, 판매자는 무엇을 노리고 어떤 방법으로 해당 물건을 판매하는지(과시욕, 편의, 광고 등), 더 싸게 살 수 있는 방법은 없는지, 이런 류의 상품을 사고 추후에 후회한 적은 없는지 등을 알면 갖지 못해 스트레스도 받지 않고 꼭 필요하거나 가치가 높은 물건만을 선택할 수 있게 되니 돈의 낭비도 하지 않고, 성인이 되어서도 낭비를 하지 않게 되고, (원래 확률이 높지는 않지만)아이의 방이 특정 아이돌 그룹의 굿즈로 꽉 차 있는 것을 보지 않게 되겠죠? 제 개인적인 생각으로는 굿즈같은 경우는 &quot;나에게 많은 즐거움을 주었으니 이것을 구매함으로서 그대의 수익에 작은 보탬을 주겠다&quot; 라는 취지에서 구매해야지, 단지 갖고 싶다, 보관하고 싶다, 보고싶다 등의 이유로 구매하면 1백 2백은 나가버리는 낭비가 될 수도 있으니 말입니다. 너무 오지랖인 것 같군요.. 죄송합니다.무시해주십시요. 단지 죰죰이가 잘 컷으면 하는 마음입니다.",True,@dodo600,2.0,0
@iwaklike,히히히히히히,False,,0.0,0
@Goong-Doong-i,이제 죠무죠무 중학교 가는것도 한순간이겠지ㅜㅜ,False,,0.0,0
@영호-n8k,키가 점점 커요,False,,0.0,0
@성권양,김아내 먼저 보기 ㅋㅋ,False,,0.0,0
@2O20,남의 집 애는 왜 이리도 빨리 크는지..,False,,0.0,0
@라그나로스브로크-o1x,아드님이 용돈에 대한 열정이 상당하시네요 ㅎㅎ,False,,0.0,0
@도네이션-j3o,짠~,False,,0.0,0
@rmfjrhtkgwlakfk,죄송해요 계정님꺼 먼저 봤어요 다음부턴 마내 먼저볼게욤..,False,,0.0,0
@패니정,잃어버린 메죠미의 만원,False,,0.0,0
@김아내,큰금액 후원 감사합니다!!!!<br>잃어버린 매죠미의 만 원은 까까밧에 보태쓰겠습니다 ㅎ-ㅎ,True,@패니정,1.0,0
@야호-e1k,편집이 점점 더 좋아지네요!! 김아내님 채널엔 댓글 처음 다는데 항상 잘 보고 있습니당,False,,0.0,0
@fk6078,으잉? 같이 올렸네요.,False,,0.0,0
@나이키-j7m,오늘도 재밌다,False,,0.0,0
@HeYo-e6t,계정씨보다 마내씨지 역시 ㅋㅋㅋ,False,,0.0,0
@김아내,캬~,True,@HeYo-e6t,2.0,0
@통.닭,아내님 마지막하고<br>계정님 시작부분하고<br>이어지더라고요ㅋㅋ,True,@HeYo-e6t,2.0,0
@황금막내정구기-m3f,매죠미 승부욕을 보니깐 어디가서 굶지는 않겠네ㅋㅋㅋ 내가 키운것도 아닌데 왜일케 뿌듯한지 모르겠네요ㅋㅋㅋ,False,,0.0,0
@뿌엥-v7h,뚱이 보고싶대,False,,0.0,0
@조수빈-m8o,매죠미 진짜 많이컸다..🙊🩷,False,,0.0,0
@김웅배-e6f,재미있어요~^^,False,,0.0,0
@해서._.10,"<a href=""https://www.youtube.com/watch?v=lHIQL0DFZFg&amp;t=48"">0:48</a> 행복회로 돌리는 매죠밐ㅋㅋ",False,,0.0,0
@뻥아리Tv,김아내님 계정님 영상부터 보고올게욧!,False,,0.0,0
@김아내,ㅜ-ㅜ,True,@뻥아리Tv,1.0,0
@Roro_dang,보고 계정님꺼로 넘어가세요들~~~❤❤❤❤,False,,0.0,0
@Roro_dang,이어보기 쓰껄!!,True,@Roro_dang,1.0,0
@rlawltjde,오늘도 아들 용돈 챙겨주는 마내씨의 모오스읍....,False,,0.0,0
@더박식,마내님 왜 매죠미 패션이 마내님을 따라가는지...? 역시 피는 못 속이는건가?,False,,0.0,0
@garden59,같이 영상 올리실때 마다 결정장애 생겨요 ㅜㅜ,False,,0.0,0
@김아내,먼저 오실거죠?🥺,True,@garden59,2.0,0
@garden59,​@@김아내 항상 마내님 영상 보고 계정님 영상 봐요 ㅎㅎ,True,@garden59,2.0,0
@김계정구독,김아내님저의 프로필의 인형을  판매 하실 수 있나요?,False,,0.0,0
@짱구-d3d,죰죰이 너무 잘 컸다..,False,,0.0,0
@eva-rei,매일 이렇게 화목할 수 있는 것도 축복이지,False,,0.0,0
@dusn_19h,사람들이 결혼 장려 영상이라고 하는 이유가 있음,True,@eva-rei,1.0,0
@ckdkdkdenn,그니까 계정님이 한 달 용돈으로 저거 한 장 받은거죠?,False,,0.0,0
@Stuvwxyz0708,오,False,,0.0,0
@rodang__g,이거보고 계정님꺼 봐야제,False,,0.0,0
@쌍날개,"그대의 댓글, 봇에게 도둑맞았다.",True,@rodang__g,2.0,0
@WOW-fantastic,니뎃글 쩔더라!,True,@rodang__g,2.0,0
@이시스,계정님 보다가 버리고 왔습니다,False,,0.0,0
@rodang__g,흐거걱 인트로라니,False,,0.0,0
@cshyeon05,마내님 죄송... 계정님꺼 먼저 보고 올게요,False,,0.0,0
@김아내,ㅠ-ㅠ,True,@cshyeon05,1.0,0
@좋은노래-d5g,완전 빨리왓다,False,,0.0,0
@오랑이-e4i,우와ㅏㅏㅏㅏ,False,,0.0,0
@rodang__g,11111❤,False,,0.0,0
@kimteayoon8765,홀리 쓋,False,,0.0,0
@미시-k8m,마루총총마루월월마루덥석 총초옻올ㅊ오총,False,,0.0,0
@김아내,총총총총총~,True,@미시-k8m,1.0,0
