author,comment,is_reply,reply_to,reply_count,is_spam
@찌혜-q7k,아니 승민언니 조카 도겸이.. 7살 맞아요?? 아니 너무 길쭉해서 초등학생인줄 알았는데 ㅠㅠㅠㅠㅠㅠㅠㅠㅠㅠㅠㅠㅠㅠㅠ 요즘 애들 길쭉하고 잘 크는구나..,False,,0.0,0
@스껄-z2f,CD플레이어 제품명 알려주세여🙏🙏,False,,0.0,0
@user-wptlzk9955,진짜 아들들은 에너자이저인가봐요 😂😅😂 난 딸 낳고싶어요...ㅋㅋㅋㅋㅋㅋㅋㅋㅋㅋ저 에너지 어떻게 감당햇 조땡부부 고생이 많네용 😅,False,,0.0,0
@yoooooooooooooon,우리동네 옥수수 유명해요!,False,,0.0,0
@yoooooooooooooon,내년에 이모가 옥수수 보내줘야겠어ㅎㅎ,False,,0.0,0
@nyji9503,"<a href=""https://www.youtube.com/watch?v=mZHFwgerMBk&amp;t=473"">7:53</a> 초당옥수수가 일반옥수수보다 더 당도가 있는 대신 좀 더 아삭아삭(?)합니다. 초당옥수수는 생으로 먹어도 되요. 그리고 초당옥수수는 사실 여름이 제철입니다~",False,,0.0,0
@뚜기-p4g,먹태는 비숑인가여??,False,,0.0,0
@레모니룰루해,유주니 썸네일 모자 어디서 사나요???? 넘 귀여워서 찾고싶은데ㅠㅠㅠㅠㅠ,False,,0.0,0
@lSerendipityl2,목베개 반대로 아녀???,False,,0.0,0
@다스리쿄,"<a href=""https://www.youtube.com/watch?v=mZHFwgerMBk&amp;t=656"">10:56</a> 농협은행 하는데요???",False,,0.0,0
@헣-l3r,언니 크록스 많이 신기면 평발될 수도 있대요 ㅠㅠ,False,,0.0,0
@김소명-c9n,팬들이. 유준이를. 좋하는가봤요. 저도. 유준이. 좋하합니다,False,,0.0,0
@Kim-bz2zn,아 말 통하는 거 너무 귀엽고 신기하닼ㅋㅋㅋㅋㅋㅋㅋㅋㅋㅋㅋㅋㅋㅋㅋㅋㅋㅋㅋㅋㅋㅋㅋㅋㅋㅋㅋㅋㅋㅋㅋㅋㅋㅋㅋㅋㅋㅋㅋㅋㅋ ㅜㅜ 아 귀여워 유쭌 ㅠ,False,,0.0,0
@lleewen,"<a href=""https://www.youtube.com/watch?v=mZHFwgerMBk&amp;t=310"">5:10</a> <a href=""https://www.youtube.com/watch?v=mZHFwgerMBk&amp;t=723"">12:03</a> <a href=""https://www.youtube.com/watch?v=mZHFwgerMBk&amp;t=1215"">20:15</a> <a href=""https://www.youtube.com/watch?v=mZHFwgerMBk&amp;t=1218"">20:18</a> ❤️❤️❤️",False,,0.0,0
@김희연-y7e,"<a href=""https://www.youtube.com/watch?v=mZHFwgerMBk&amp;t=713"">11:53</a> 지금 밥 먹으면서 사발면 먹고 싶다고 생각햇는데 저의 생각을 어찌 아시고 사발면 대리먹방을 해주시네요 ㅋㅋㅋㅋㅋㅋ",False,,0.0,0
@김이v37,❤,False,,0.0,0
@혜림이-b5l,지리이이짜 귀엽다,False,,0.0,0
@햅반-c8r,아니 영상에서 볼때 진짜 많이컸다 했는데<br>이렇게 성인남자옆있으니까 엄청 짝네<br>귀여어어어ㅓ,False,,0.0,0
@jenny02-lee,"<a href=""https://www.youtube.com/watch?v=mZHFwgerMBk&amp;t=645"">10:45</a>조땡님이랑 똑같은 웃음소리😂",False,,0.0,0
@zuyeonyny,전주라니이ㅠㅠ,False,,0.0,0
@lenahc19,"<a href=""https://www.youtube.com/watch?v=mZHFwgerMBk&amp;t=1424"">23:44</a> 땡구삼촌 존잘",False,,0.0,0
@user-mk1gf1fp9l,꿈에서 유쭌이가 뽀뽀 해줬짜나요 .... 책임져 조유쭌❤,False,,0.0,0
@JUNI_319,"<a href=""https://www.youtube.com/watch?v=mZHFwgerMBk&amp;t=260"">4:20</a> CD플레이어 정보 알 수 있을까요??",False,,0.0,0
@지배기지배기,"<a href=""https://www.youtube.com/watch?v=mZHFwgerMBk&amp;t=705"">11:45</a> 우리 혜주언니 웃는거 보세요 ㅠㅠㅠㅠㅠㅠㅠㅠㅠㅠㅠㅠ진짜 너무 예쁘다❤",False,,0.0,0
@jjihy97,"아니,,, 조유준 전주 왔는데 전주에 365일 있는 전 도대체 뭐한걸까요,,,, 하하하핳 전주 자주 놀러와 쬬유쮼~~ 언젠간 이모가 대빵큰 풍선 들고 유준이 맞이할게❤",False,,0.0,0
@o0oo0o123,썸넬 걍 혜주언니 어릴때ㅠㅠㅠㅠㅠㅠㅠㅠㄱㅇㅇ죽어ㅠㅠㅠㅠㅠㅠㅠㅠ,False,,0.0,0
@feelsong5894,I can&#39;t understand anything😅,False,,0.0,0
@고현우-n6l,애기가 울지도 않고 옥수수 잘 먹네요 ㅎㅎㅎㅎ❤,False,,0.0,0
@유우운-m6v,혜주님 유쥬니 인스타 계정 어디갓나요 ㅠㅠㅠㅠㅠㅠㅠ,False,,0.0,0
@ohhchae,화질이 너무 낮아요 ㅠㅠ.,False,,0.0,0
@짹째기-u6b,다음생 유주니로 태어나고 시픈사람~ 저요오오✋🏻✋🏻✋🏻✋🏻쥐잉네~,False,,0.0,0
@김지현-i2e4o,먹태 미모 무슨일이고 ~~~~~~,False,,0.0,0
@보살림새댁,거실러그 정보 궁금합니다!🙏🏻,False,,0.0,0
@도망친곳에낙원은없다,왜 내니이모라 부르기 시작했는지 뜻이 너무 긍금한 1인 ㅠ,False,,0.0,0
@mi_mi_mi360,유준이 체력은 와~ 진짜 너무 부럽,False,,0.0,0
@minimirkals,승민이모 볼때마다.. 베이비몬스터의 라미님이 보여요..!!,False,,0.0,0
@lkim5171,♥️💙💜💗💛💖💚🧡🤍🩷🩵🌟,False,,0.0,0
@yunanuy,"나도 유준이한테 포옹 당하고싶다,,❤️‍🔥",False,,0.0,0
@qwer1234-o2q,자동차 장난감으로 밥 먹이기 아이디어 쥐잉네~!,False,,0.0,0
@조서윤-u7s,"<a href=""https://www.youtube.com/watch?v=mZHFwgerMBk&amp;t=1479"">24:39</a> 기다릴께요 ㅜㅜㅜ❤️❤️❤️❤️",False,,0.0,0
@조서윤-u7s,"<a href=""https://www.youtube.com/watch?v=mZHFwgerMBk&amp;t=998"">16:38</a> 아 너무 기엽잔아❤️❤️❤️",False,,0.0,0
@dreamizi0825,갓생살다가 알림뜨면 엄청 행복한 미소 지으면서 보러가는 쥬디바 인데 조유준이 너무 귀여워서 기절…,False,,0.0,0
@예지-t6y,"<a href=""https://www.youtube.com/watch?v=mZHFwgerMBk&amp;t=1125"">18:45</a> 포즈 완전 뽀짝보이❤",False,,0.0,0
@misocho,취 잉네 ~ 아 유쭈이 너무 귀엽다..... 느므 귀엽다.......귀여워서 죽것다........ 걍 귀여워.... 귀..ㅇ.워.....ㅜ,False,,0.0,0
@kim_chun_sik,❤❤❤이번에구매하신 씨디플레이어 정보 궁금해요❤❤❤,False,,0.0,0
@thvnuganallmacado,유주나 누나 수능 잘 보고 올게🤍 수능 보기 전에 유준이 덕분에 웃는다😊🫶,False,,0.0,0
@clchrk,유준이는 몇시에 등원하나요?<br>저희 가족은 어릴때 3명이 손 잡고 같이 등원했었어서,False,,0.0,0
@5takoo,"<a href=""https://www.youtube.com/watch?v=mZHFwgerMBk&amp;t=170"">2:50</a>~<a href=""https://www.youtube.com/watch?v=mZHFwgerMBk&amp;t=190"">3:10</a> ㄱㅇㅇ!!!",False,,0.0,0
@minari51830,크으 현대옥 콩나물국밥 맛있는데 가셨군요ㅋㅋㅋ - 현지인,False,,0.0,0
@mkirenemk,지금 3학년인 저희 아들도 유준이만할때부터 옥수수책이랑 같은  자연관찰책 전집 엄청 좋아하고 아직도 가지고 있어요. 엄마를 기다리는 아기올빼미책도 제가 출퇴근하는 엄마라 엄청 공감했는지 무한반복하면서 너무 잘읽었어요. 그 전집중 올빼미책이 가장 너덜해질정도로. 잘먹고 잘놀고 잘자는 유준이 너무 사랑스러워요❤,False,,0.0,0
@minari51830,"<a href=""https://www.youtube.com/watch?v=mZHFwgerMBk&amp;t=88"">1:28</a> 셋이 모여있는 거 왜 이리 귀엽니 😆",False,,0.0,0
@하영아꼬운,현대옥본점 진짜 맛보면 지금까지 먹은 콩나물국밥중최고🎉❤❤,False,,0.0,0
@쿵지-b3n,"<a href=""https://www.youtube.com/watch?v=mZHFwgerMBk&amp;t=215"">3:35</a> 앙~ 으-흠❤️",False,,0.0,0
@정튜브-u1f,"혹쉬 <a href=""https://www.youtube.com/watch?v=mZHFwgerMBk&amp;t=224"">3:44</a> 초에 화장실 러그? 규조토? 뭔지 아시는분 계신가요…?",False,,0.0,0
@여자김수진-b4d,유준이 특별판2 해주세요,False,,0.0,0
@modernboard.,"<a href=""https://www.youtube.com/watch?v=mZHFwgerMBk&amp;t=440"">7:20</a> 우리유쥬니 꽤많이 먹넹ㅋㅌㅌㅋㅌㅋㅋㅋㅌㅋㅋㅋㅋ 다시봐돜ㅋㅋㅋㅋ 귀여워",False,,0.0,0
@Mmm-fy2qy,"<a href=""https://www.youtube.com/watch?v=mZHFwgerMBk&amp;t=215"">3:35</a>ㅁ흠~🎵",False,,0.0,0
@idiotdimwit,유준이 볼수록 아빠랑 붕빵임 ㅋㅋ,False,,0.0,0
@JJI_A_ON,"<a href=""https://www.youtube.com/watch?v=mZHFwgerMBk&amp;t=787"">13:07</a> 촵촵 하면서 달려오는 발소리도 귀엽네❤❤❤❤❤❤❤❤",False,,0.0,0
@김윤아-w5z55,유준아 넌 정말 크면 잘생겼겟구나<br>정말 훈남훈녀 부모님의 아드님이시니 너무 잘생겼을거양,False,,0.0,0
@Daisydada1,내가 이 가좍 사랑해♡,False,,0.0,0
@xxunzii,"<a href=""https://www.youtube.com/watch?v=mZHFwgerMBk&amp;t=1258"">20:58</a> 유쭈이 저 손 뭐야 ㅋㅋㅋㅋㅋㅋㅋㅋ 백종원 선생님인줄 너무 귀욥네",False,,0.0,0
@김스란,유준이는 머먹을때제일 이뻐요 먹방요정,False,,0.0,0
@toyou2643,유쭈이~~건강한 간식 쪼아쪼아~~♡<br>이모 아들도 유쭈이처럼 너무 귀엽고 사랑스럽게 생겼찌이~~~^^<br>둘다 건강하게 큽시당!!!?!!^^<br>세상모든 아가들도 모두모두 건강하게~~,False,,0.0,0
@민지-z3l2o,쬬쮼 혜쁘 하쁘 조땡 땡구 먹태 몽글 조합 체고다 힐링 ..🥹❤️,False,,0.0,0
@조화로움-h1z,혹시 ㅠㅠ 예전에 헬스장 가셔서 정현님 드셨던 닭가슴살 요리 레시피 공유 가능할까요 양념된 닭가슴살 말고 생닭가슴살로 요리 하고 싶은데 ㅠㅠ 찾아봐도 괜찮은게 없어서요 부탁드립니다,False,,0.0,0
@안녕구구,나는 승민언니 왤케 좋으지요ㅜㅜ🥹🖤,False,,0.0,0
@에뎅-h4b,혜주님 그래서 둘째는요.<br>제발 둘째는요.,False,,0.0,0
@슈기지,유준이보는낙 ❤❤❤❤❤  늦었다😂😂😂,False,,0.0,0
@jo3658,유준아 우리집 옥수수 팔아.. 우리집 오면 옥수수 공짜로 줄게🥹... <br>삶은거라서 바로 먹어도 된단다🥹,False,,0.0,0
@yurimchoi3524,3번째보기❤,False,,0.0,0
@jinjunim8715,멀대190  도 한번 봐주세요<br>님들의 관심이 멀대님에게 <br>꿈과희망이 될수있어요<br><br>유준이도 뽜이팅❤,False,,0.0,0
@Lycops126,유주니 시하는 발음 잘하니까 옥시시로 알려주면 발음이 될지 궁금해요❤,False,,0.0,0
@현피아니스트,카와이 유주닝❤,False,,0.0,0
@리줌마-o8w,초당옥수수는 물에 삶으먼 안되우 그냥 전자렌지 데우면 되용,False,,0.0,0
@Formyhappiness-sp5op,유쥬니ㅜㅠ,False,,0.0,0
@Qast113,먹태 너무 귀엽다 🤍,False,,0.0,0
@김지원-x4g2p,귀여다..,False,,0.0,0
@뚜비-s9s2w,"미치도록 사랑스러운 가족,,,🥹🥹🩷🩷🩷🩷🩷",False,,0.0,0
@은아수-e8u,승민님 결혼하셨어용??,False,,0.0,0
@이은혜-w3t,넹,True,@은아수-e8u,1.0,0
@lanilanilan,이번 영상도 감사합니다 !!,False,,0.0,0
@좋구마-p3h,혹시 여기 나오는 도겸이라는 친구는 누구 자식인가용?,False,,0.0,0
@이은혜-w3t,승민님 친언니분의 자식입니당,True,@좋구마-p3h,1.0,0
@만디-n6f,왜케 컷어 조유준 ㅜㅜ 멈춰어어,False,,0.0,0
@째롱-x9i,도겸이가 승민님 아들이에요......?,False,,0.0,0
@user-ws9yd7jk1e,다른 애기 유튜브는 대부분 아기보려고 트는데 여기는 유준이랑 혜주님 정연님 유준이 셋다 너무 조음…나중에 두분 데이트영상도 올려주세여ㅠㅠ,False,,0.0,0
@shownuahyo,수능 이틀전 최고의 선택 조유준,False,,0.0,0
@blairgirlsolucky,"<a href=""https://www.youtube.com/watch?v=mZHFwgerMBk&amp;t=1125"">18:45</a> 아기여어ㅠㅠㅜㅜ",False,,0.0,0
@하니-g9i,"<a href=""https://www.youtube.com/watch?v=mZHFwgerMBk&amp;t=1435"">23:55</a> 삼촌분 매너손 뭔데 설레냐",False,,0.0,0
@So8so8,와ㅡ내가ㅡ60 되면 유준이 아이돌 되는것도 볼수 잇는건가?,False,,0.0,0
@하니-g9i,"<a href=""https://www.youtube.com/watch?v=mZHFwgerMBk&amp;t=672"">11:12</a> 똑같앜ㅋㅋㅋㅋㅋ",False,,0.0,0
@sunseayounie,"<a href=""https://www.youtube.com/watch?v=mZHFwgerMBk&amp;t=166"">2:46</a> 나두 유준이 발바닥 맨질맨질하고 싶다 ㅠㅠ (?)",False,,0.0,0
@유정아-t9b,"<a href=""https://www.youtube.com/watch?v=mZHFwgerMBk&amp;t=1436"">23:56</a>",False,,0.0,0
@제이16,"<a href=""https://www.youtube.com/watch?v=mZHFwgerMBk&amp;t=1425"">23:45</a> 저기서 하쁘이모랑 슈퍼맨 했을때가 엊그제 같은데 마니컸다 조쮼❤❤",False,,0.0,0
@유후-r3e,취업준비 때문에 스트레스 많이 받는 날들을 보내고 있는데 유준이 가족 덕분에 정말 행복하게 웃으면서 리프레시하는 느낌이라 너무 감사해요 일상들이 이렇게 재밌고 화목한 모습에 감동하고 항상 감사하고 감사해요 진짜 너무 웃겨요ㅠㅠ❤,False,,0.0,0
@무한귤레,"<a href=""https://www.youtube.com/watch?v=mZHFwgerMBk&amp;t=985"">16:25</a> 인기짱 조유주니ㅋㅋㅋㅋㅋㅋㅋㅋㅋ 나라도 저렇게 달려갈 거 같긴한데 ㅋㅋㅋ",False,,0.0,0
@user-nm2yt1gl3j,"<a href=""https://www.youtube.com/watch?v=mZHFwgerMBk&amp;t=1201"">20:01</a> 딸꾹질 너무 사랑스럽다 유주나앙❤️",False,,0.0,0
@Smuff656,사랑이 많은 아가,False,,0.0,0
@Gorani0203,유준이가 읽는 책 어떤건지 알 수 있을까요! ㅜㅜ 아시는 분 꼭 댓글 남겨주세요 비슷한 개월수라서 ㅜ,False,,0.0,0
@healga5257,"빼져, 빼죠오~ 할때 쪼쭌 말투도 귀엽지만 볼살 움직이는게 심쿵임 😆😆😆😆😆😆😆😆😆😆😆",False,,0.0,0
@김우섭-e8n,"<a href=""https://www.youtube.com/watch?v=mZHFwgerMBk&amp;t=830"">13:50</a> 유준이 커서 애×랜드에서 일해야 겠어요",False,,0.0,0
@김우섭-e8n,유준이한테 &quot;수능화이팅&quot; 시켜주세요 제발🥺 ❤❤,False,,0.0,0
@lenol-p1v,"<a href=""https://www.youtube.com/watch?v=mZHFwgerMBk&amp;t=1222"">20:22</a> 요즘 유치원생들은 종이접기 과외도 받나요..? 엄청 잘하네",False,,0.0,0
@sIM-by4cn,도겸이는 누구 아들이에여?,False,,0.0,0
@dlduswl09,혜주님 저 어제꿈에 혜주님과 유준이가 나왔어요~유명인 꿈 가끔 태몽이라던데 유준이처럼 이쁜 아기가 찾아오길 바래요~,False,,0.0,0
@hyeonjeongjo29,이번편 유독 잼잇어서 계속 보고잇는데도 계속 잼잇고 귀엽고 막이래,False,,0.0,0
@yehaqkr,도겸이는 누구 애에요…? 승민이모 애기?,False,,0.0,0
@istfp,승민님 친언니 아기입니다,True,@yehaqkr,1.0,0
@Luke-du4gt,의사소통하니깐 더 귀엽❤,False,,0.0,0
@존재가프린세스-e8p,ㅋㅋㅋㅋ큐ㅠㅠㅠ 이번 영상 귀여움 포인트가 너무 많아요 광대 한껏 올라감,False,,0.0,0
@hyebin271,"<a href=""https://www.youtube.com/watch?v=mZHFwgerMBk&amp;t=791"">13:11</a> 저 어릴때도 읽었던 동화책 😮 지나가던 24살 급 추억소환 했어용",False,,0.0,0
@현영이-v4o,"애기가 귀여운게정상인데,,,훈훈하고 잘생겻네ㄷㄷ",False,,0.0,0
@얍-h9x,여기 댓글에 전문가 쓰앵님들 짱 많아서 아기는 없는데 실시간 정보 업데이트 되는중…,False,,0.0,0
@반달-v5t,아 진짜 유준이 리액션 미치겠다 ㅜㅜㅜㅠㅠㅠㅠㅠㅠㅠㅠㅠㅠㅠㅍㅍㅍ퓨ㅠㅠㅠㅠㅠㅠㅠㅠㅠㅠㅠㅠㅠㅠㅠㅠㅠ,False,,0.0,0
@스윽-n8y,"<a href=""https://www.youtube.com/watch?v=mZHFwgerMBk&amp;t=333"">5:33</a> ㅋㅋㅋㅋㅋ뭔가 했더니 옥수수 그림책이였던것….귀엽ㅠㅡㅠ",False,,0.0,0
@blueplusme,"<a href=""https://www.youtube.com/watch?v=mZHFwgerMBk&amp;t=821"">13:41</a>",False,,0.0,0
@ssuku,"<a href=""https://www.youtube.com/watch?v=mZHFwgerMBk&amp;t=305"">5:05</a>부분넘좋아 유즈니의 브이로그시점 ㅎㅎㅎ",False,,0.0,0
@임꽃감,미치게 귀엽다ㅠ❤,False,,0.0,0
@fxckingcutie,진짜 뜬금없지만 저 꿈 꿨는데요 언니 언니네 둘째 생겼는데 딸이었어요 아주 귀엽고 사랑스러운...,False,,0.0,0
@loveehddhr4353,씨디 플레이어 정보 알수있을까요?~^^,False,,0.0,0
@나뉸뉴냥,점심시간 유쥬니 보고 힘내기💛,False,,0.0,0
@다사용중인,유주니 너무 귀여워요 ㅎㅎ 유주니 아이템이 늘 궁금한 또래맘이에요 ㅋㅋ,False,,0.0,0
@yein_05,"<a href=""https://www.youtube.com/watch?v=mZHFwgerMBk&amp;t=1150"">19:10</a> ㅋㅋㅋㅋㅋㅋ",False,,0.0,0
@yein_05,뭔가 내니이모는 애 낳으면 홍현희 저리가라임 ㅋㅋ 진짜 ㅋㅋ 애기가 엄마가 웃겨서 왠만하면 안웃을듯 ㅋㅋ,False,,0.0,0
@yein_05,"<a href=""https://www.youtube.com/watch?v=mZHFwgerMBk&amp;t=1074"">17:54</a>",False,,0.0,0
@yein_05,"<a href=""https://www.youtube.com/watch?v=mZHFwgerMBk&amp;t=986"">16:26</a> 앜ㅋㅋㅋㅋㅋㅋㅋㅋㅋㅋㅋㅋㅋㅋㅋㅋㅋㅋ저정도야?.. 저정도지 ㅋㅋㅋ",False,,0.0,0
@yein_05,도겸이는 내니이모 조카?,False,,0.0,0
@rlo_ly_lo,아 진짜 어떻게 사람이😮이렇게 되냐구 ㅜㅠㅠㅋㅋㅋㅋㅋ 미치겠다 유준아,False,,0.0,0
@yein_05,"<a href=""https://www.youtube.com/watch?v=mZHFwgerMBk&amp;t=669"">11:09</a> 진짜 애기한테 그냥 어른이랑 말하듯이 말하면 애도 말하는게 는데요!",False,,0.0,0
@christinebeck544,"WHAT A BIG BOY GOING ON THE SLIDE AND HAVING FUN WITH MOM AND DAD,",False,,0.0,0
@user-xi6qo5uf4d,"<a href=""https://www.youtube.com/watch?v=mZHFwgerMBk&amp;t=175"">2:55</a> 유주니도 <br>옥수수 엄청 조아하는구나🧡ㅠㅠ 나돈데",False,,0.0,0
@soheep5456,유준이정도 커도 아직 잘때 쪽쪽이 해도 되나용??! 다른 유튜버분 아기가 어린데 쪽쪽이 끊는 영상을 봐서...! 유주니는 혹시 안끊나 싶어서용!!,False,,0.0,0
@istfp,잘 때 말곤 쪽쪽이 안 해요 언젠일 진 몰라도 알아서 끊게 하시지 않을까유,True,@soheep5456,1.0,0
@리모닥이,아니....내니이모의 언니는 피부과를 하시는 건가요....? 의사떤땡님...?,False,,0.0,0
@으드르므,"<a href=""https://www.youtube.com/watch?v=mZHFwgerMBk&amp;t=1118"">18:38</a> 심하게 귀엽다.",False,,0.0,0
@지온-y6q,전주 피부과 어디인지 공유해 주세용😍,False,,0.0,0
@istfp,블리비입니다,True,@지온-y6q,2.0,0
@지온-y6q,@istfp  감사합니다 😊,True,@지온-y6q,2.0,0
@hhddcfggdd,복수 ㅋㅋㅋㅋㅋㅋㅋㅋㅋㅋㅋ,False,,0.0,0
@hhddcfggdd,진짜 취한거같아 ㅋㅋㅋㅋㅋㅋㅋㅋㅋㅋㅋㅋㅋㅋㅋㅋ,False,,0.0,0
@zi7320,"<a href=""https://www.youtube.com/watch?v=mZHFwgerMBk&amp;t=960"">16:00</a> 유준이 손바닥이 너무 작앜ㅋㅋㅋㅋ큐ㅠ",False,,0.0,0
@gee6028,유주니 cd플레이어 뭘까용? ㅠㅠ,False,,0.0,0
@퓨우-b5r,아 오늘 내 최애영상…귀여운 유쥬니+가족모먼트+승민님…하 너무 좋아,False,,0.0,0
@김민정-q7s7f,"<a href=""https://www.youtube.com/watch?v=mZHFwgerMBk&amp;t=1431"">23:51</a>  정말 좋아하는사람에게만 나오는 당뇨눈빛 .. 서윗",False,,0.0,0
@지인-b7b,"<a href=""https://www.youtube.com/watch?v=mZHFwgerMBk&amp;t=744"">12:24</a> 조땡님 리얼 행복한 웃음ㅎㅎㅎㅎㅎㅎㅎㅎㅎㅎㅎ",False,,0.0,0
@이유니-o2d,하쁘이모 남편분 잘생겼어요~~~~^^♡,False,,0.0,0
@Cjjjjjjj-u4f,보고싶다,False,,0.0,0
@youngwoong98,"<a href=""https://www.youtube.com/watch?v=mZHFwgerMBk&amp;t=1046"">17:26</a> 드라켄 1인칭 시점",False,,0.0,0
@youngwoong98,"<a href=""https://www.youtube.com/watch?v=mZHFwgerMBk&amp;t=811"">13:31</a> 우아 깡깡~!🫶🏻",False,,0.0,0
@youngwoong98,"<a href=""https://www.youtube.com/watch?v=mZHFwgerMBk&amp;t=657"">10:57</a> 노는게 제일 조아🤍",False,,0.0,0
@user-kb1go7sv7w,유준이보면 사랑이 참 많은듯 ㅋㅋㅋ친구들 안고 뽀뽀하고 ㅋㅋ 귀여워미쳐요❤ 그나저나 유준이 벌써부터 젖살 빠지지말라~~~갑자기 급 날렵해진것 같은,False,,0.0,0
@Ijik8285,땡구삼촌 잘생깃네 😊,False,,0.0,0
@Dimyujin,"<a href=""https://www.youtube.com/watch?v=mZHFwgerMBk&amp;t=827"">13:47</a> 아기 숨소리.... 흠냐 흠냐 맛있는 비타민 귀여운 유준이💗👼🏻🤍",False,,0.0,0
@khmico64,유쭌~~~❤❤❤❤❤,False,,0.0,0
@hong-sj,태하 옥수수먹방에 이은 유준이 옥수수먹방 사랑해❤,False,,0.0,0
@헤트-q7v,"<a href=""https://www.youtube.com/watch?v=mZHFwgerMBk&amp;t=18"">0:18</a> 여기부터 벌써 다음 프레임으로 못 넘어가고 무한 반복 재생 중..🫠",False,,0.0,0
@britneyjumrye9466,"<a href=""https://www.youtube.com/watch?v=mZHFwgerMBk&amp;t=1425"">23:45</a> 행복한아기 너므 사랑스럽당❤",False,,0.0,0
@앙코코볼한갱가,우와...저 고창사람인데ㅠㅠㅠ상하농원오셨었네용🥹 거기 근처에서 숙소하는 청년인데 진짜 너무너무 반가워용 ㅠㅠ그때 상하농원갔어야는데!!!!,False,,0.0,0
@zcgyko_dtyhigh,하 사랑해,False,,0.0,0
@Hoshi_is_a_tiger,"<a href=""https://www.youtube.com/watch?v=mZHFwgerMBk&amp;t=1269"">21:09</a> 아 조땡님 윗입술 더 부었는데요?ㅠㅜㅠㅜㅠㅋㅋㅋㅋㅋㅋㅋㅋㅋㅋㅋㅋㅋㅋㅋㅋㅋㅋㅋㅋㅋㅋㅋㅋ",False,,0.0,0
@성아인-w7u,진짜 귀엽따❤❤❤,False,,0.0,0
@tjgml99,어우 진짜 너무 구ㅏ여워ㅠㅠ,False,,0.0,0
@scarlenat,"윤서 너무 귀여워,,,,, 하늘 하늘 날리는 저 머리카락도 너무 귀여워❤",False,,0.0,0
@src9158,전주사람으로 전주 오신거 대 환영해요🎉🎉,False,,0.0,0
@seok-hyunmom8130,유주니 자기전에 먹이시는비타민 아침에 먹이시는걸 추천 드려요 <br>간혹 비타민에 의해 잠의 질이 떨어진다거나 에너지가 넘쳐 잠을 늦게 잘수도 있거든요 <br>(저도 알고 싶지 않았어요..😂)<br>저도 모르고 저녁에 먹이다가 약사선생님 추천으로 아침에 복용으로 바꾸었답니다,False,,0.0,0
@이뭉-t2g,"<a href=""https://www.youtube.com/watch?v=mZHFwgerMBk&amp;t=295"">04:55</a> 😮",False,,0.0,0
@user-oh5xz6tc1e,유쥬니와 asmr을 사랑하는 랜선이모인데요.. 유준이 옥수수 먹는 소리 너무 좋아요🫠 더 찍어주세요..🫶🏻🫶🏻,False,,0.0,0
@zizi979,"<a href=""https://www.youtube.com/watch?v=mZHFwgerMBk&amp;t=1118"">18:38</a> 소주잔이 원래 저렇게 큰거였나… 소주잔이 유준이 손에 있으니까 종이컵처럼 커 보이네ㅠㅜㅠ🥹🥹 귀엽다 조유준!!!!😍😍😍😍😍",False,,0.0,0
@g3y3n,"<a href=""https://www.youtube.com/watch?v=mZHFwgerMBk&amp;t=691"">11:31</a> 원래 목베개 가 저 방향으로 쓰려고 만들어진거래요 ㅡㅎㅋㅎㅎㅋ",False,,0.0,0
@bono_bono._.,하..유준이 너무 귀여워 소중해ㅠㅠㅠㅠㅠㅠㅠㅠ❤❤❤말이 완전히 늘어버렸오ㅠㅠㅠㅠ,False,,0.0,0
@qktnswmsl,우리 유준이 모닝루틴도 있구나ㅠㅠ❤,False,,0.0,0
@웅-t2u,"<a href=""https://www.youtube.com/watch?v=mZHFwgerMBk&amp;t=1215"">20:15</a> 헤벌쭉 했을거 같은 조땡님ㅋㅋ",False,,0.0,0
@Chan-E2312,눈이 엄청크고 이쁘네요 땡글땡글 눈에 반짝반짝거려요 ㅎ😍,False,,0.0,0
@왜그러세요진짜,"<a href=""https://www.youtube.com/watch?v=mZHFwgerMBk&amp;t=649"">10:49</a> 유준아 나도 먹는거랑 노는게 가장 큰 행복이야 …",False,,0.0,0
@user-zk8hn6ob7r,유준캠 모음집 한 번 만들어주세요... 진짜 삶의질이 수직상승할 것 같구요 사는 게 힘들다가도 즐거워질 것 같아요... 제발요......,False,,0.0,0
@Leedam-w9x,유준이 사랑해,False,,0.0,0
@두두-r4v,헉 유준이 엄청 컸는게 느껴진다 ㅠㅠ💓 기특하면서도 천천히 컸으묜 하고 또 초등학생의 유준이도 궁금하고 ....ㅜㅠ 정말 아가들은 금방 크구나,False,,0.0,0
@MXIMKK,"<a href=""https://www.youtube.com/watch?v=mZHFwgerMBk&amp;t=295"">4:55</a> 뭐야..? 나 이노래 왜 알지...? 왜 익숙하지..? 유준아 이모도 이 노래 알아..",False,,0.0,0
@니지니띠,"<a href=""https://www.youtube.com/watch?v=mZHFwgerMBk&amp;t=674"">11:14</a> 티셔츠 아시는분..ㅠㅠ",False,,0.0,0
@혜진-y4p,목배게는 앞으로 써야한데요!!,False,,0.0,0
@뀨-m1w9n,유준이 말하는거 너무 귀엽네요❤,False,,0.0,0
@키잉,"승민님 지휘하는 부분 너무 귀엽구 ㅋㅋㅋㅋ 유쥬니 웃음소리 행복해보여요 헤헤 히힣,, 헤헿,, 헤엑 미쳐요ㅠㅠㅠㅠㅠㅠㅠㅠㅠ <a href=""https://www.youtube.com/watch?v=mZHFwgerMBk&amp;t=943"">15:43</a>",False,,0.0,0
@ssongheehan4143,아닠ㅋㅋ 유준잌ㅋ 미끄럼틀ㅋㅋ 무서워섴ㅋㅋ 잔뜩 경직댔지만 신나햌ㅋㅋ😂너무귀여워여,False,,0.0,0
@cyw3570,이번 썸네일 유준이 혜주님이랑 존똑이에요❤❤,False,,0.0,0
@레모니룰루해,썸네일에 있는 유준이 모자 어디서 파는지 아시는분ㅠㅠㅠ,True,@cyw3570,1.0,0
@user-ux9ev3xz6z,유주니 옥수수 좋아하는 많큼 좋아요 눌러주자요,False,,0.0,0
@곤이짜응,플레이어어디꺼일까용 ㅠ,False,,0.0,0
@Hwangdo_ragohae,요번에는 유준이 얼굴에서 혜주언니 얼굴이 마니 보이는 영상이에요 !!!,False,,0.0,0
@다혜-w4w,땡구삼톤 잘생겼어요,False,,0.0,0
@hamil1875,조떙님 혜주님 오늘 유준이 텐션보니까 운동하시는것도 유산소 위주로 하셔야할겁니다 <br>&quot;그 시간&quot; 이 온것같습니다 ㅋㅋㅋㅋㅋㅋㅋㅋㅋㅋㅋㅋㅋㅋㅋㅋㅋㅋㅋ<br>배아파서 낳은 내 자식이 사람이 아닌 에너자이저 였다는것을 깨닫는 시기요,False,,0.0,0
@su._.min2,"<a href=""https://www.youtube.com/watch?v=mZHFwgerMBk&amp;t=273"">4:33</a> 부산 상여자 혜주언닠ㅋㅋㅋㅋㅋㅋㅋㅋ",False,,0.0,0
@호호-o9n,옥수수 먹는 유쭈니 왜이리 귀엽지 ㅠㅠㅠㅠㅠ 조유준 옥수수 사랑 영원해,False,,0.0,0
@다솜-l3k,하쁘이모 .. 아들상 .. 👶👶,False,,0.0,0
@김이v37,"아 유준이 잠들기전까지 옥수수 보고 다음날 옥수수 먹으면서도 옥수수 사진보는거.. 다이어트중에 떵개보는 내모습 같다,,",False,,0.0,0
@여봉봉-r9f,여러분 혹시 전주피부과 이름 뭔지 아시는 분 있나요??,False,,0.0,0
@istfp,블리비입니다,True,@여봉봉-r9f,1.0,0
@runing_pham,월요일에 조유준..... 진짜 최고다.....,False,,0.0,0
@youngwoong98,"<a href=""https://www.youtube.com/watch?v=mZHFwgerMBk&amp;t=307"">5:07</a> ㅋㅋㅋㅋㅋㅋㅋㅋㅋ멈머~",False,,0.0,0
@chaewonlee-b4v,유준이 점점 크넹 <br>전 영상에선 말 잘 안한거 같은데 ㅋㅋㅋ,False,,0.0,0
@정아따,"<a href=""https://www.youtube.com/watch?v=mZHFwgerMBk&amp;t=702"">11:42</a> 엇 배우 전지현님 닮았어요.. ! ㅋㅋㅋ",False,,0.0,0
@2밤밤,자막이 혜주언니 시점이다가 전지적3인칭 시점이다가 이래서 헷갈려요~,False,,0.0,0
@아아오-y3o,이때동안 나온 편들 중에서 땡구님이 가장 많이 나온 편인거같다,False,,0.0,0
@HHHHH-v9u,"<a href=""https://www.youtube.com/watch?v=mZHFwgerMBk&amp;t=1179"">19:39</a> 아기에게 복수할수있는 유일한 방법ㅋㅋㅋㅋ<br><a href=""https://www.youtube.com/watch?v=mZHFwgerMBk&amp;t=1198"">19:58</a> 콧물 빠빠이…(제발 가버려).. 너무 귀엽다",False,,0.0,0
@SwanSwan-d1u,요즘도 자주 보고 있으려나 유준이 보면 행복하지만 너 생각도 종종 나네<br>잘 지내고 있었으면 좋겠고 항상 행복했으면 좋겠어,False,,0.0,0
@BTdoanythingOB,"<a href=""https://www.youtube.com/watch?v=mZHFwgerMBk&amp;t=427"">7:07</a><br>너무 아가다… 심장아파….",False,,0.0,0
@지민-t5m,힘든하루도 유준이보면서 계속 웃어요 완전 비타민베이비❤❤,False,,0.0,0
@HHHHH-v9u,"<a href=""https://www.youtube.com/watch?v=mZHFwgerMBk&amp;t=553"">09:13</a> 짬에서 나오는 바이브.. 역시 혜주언니는 옷만들때(?) 멋있어요",False,,0.0,0
@Binyummy2023,"<a href=""https://www.youtube.com/watch?v=mZHFwgerMBk&amp;t=1483"">24:43</a> 유주니 아파트 ❤",False,,0.0,0
@영상저장소-u9d,유주니 일자머리 보고파요이이이잉 ❤,False,,0.0,0
@natepps2535,와!! 승민님한테 충연료 주셔야겠네요!!<br>유준이한테는 승민님이 비타민 같은 이모!! ㅎㅎ!! 그리고 마지막 유준이의 아파트 춤!! 유행 탈 듯!!<br>또 목요일(금요일)이 기대가 됩니다. 입도 터져서 이제는 조잘조잘 말도 잘 할 듯!!!,False,,0.0,0
@숑숑-o7i,카메라 화질이 더 좋아진거 같은 느낌❤😊 유준이 더 선명하게 볼 수 있어서 좋아욤❤,False,,0.0,0
@wooz-,"장군유준 너무 귀엽자나,,,, ㅜㅠㅜㅠ 유준아 놀럴ㅋ대 ㅇ0ㅇ 이렇게 되는데 나홀로집에 케빈같아,, 너무 귀여워 진짜❤",False,,0.0,0
@rose45232,진짜 유준이와 승민이모 영상은<br>시간 가는줄 모르고 푹~빠져서 보게<br>되네요~~<br>오늘도 덕분에 행복한 마무리하고<br>꿀잠자러 갑니다😊,False,,0.0,0
@해차차니,"<a href=""https://www.youtube.com/watch?v=mZHFwgerMBk&amp;t=215"">3:35</a> 밥 먹는 얼굴이 이렇게 귀여유ㅓ도 되나요뮤ㅠ 담에 밥먹는 모습 풀로 올려쥬세요",False,,0.0,0
@김민주-v8u7r,수능 이틀 전 최고의 선택…..,False,,0.0,0
@꾸우-e3v,"승민님이 나와야 쫀잼,,😖🖤",False,,0.0,0
@lenol-p1v,"<a href=""https://www.youtube.com/watch?v=mZHFwgerMBk&amp;t=951"">15:51</a> 미치겠닼ㅋㅋㅋㅋㅋㄱ너무귀엽잖아 조쮼~!",False,,0.0,0
@youngwoong98,"<a href=""https://www.youtube.com/watch?v=mZHFwgerMBk&amp;t=242"">4:02</a> 이이이이이이이이이이이잉",False,,0.0,0
@요랭-m5c,오늘도 쥐잉네~~❤❤❤❤,False,,0.0,0
@희현노-h3c,승민님 자녀분이 저렇게 큰줄알아ㅛ는데 승민님 언니분 자녀신가요? ㅎㅎㅎ,False,,0.0,0
@오레오-u9o,내니이모?? 존나 매력적이네<br>출연료 줘야할듯 이분나면 영상자체가 에너지가 넘쳐 흐르네,False,,0.0,0
@youngwoong98,"<a href=""https://www.youtube.com/watch?v=mZHFwgerMBk&amp;t=98"">1:38</a> 조유준 프리허그♥️",False,,0.0,0
@sooo__dkh,저도 옥수수먹고싶어졌어요…,False,,0.0,0
@cream_holic,"<a href=""https://www.youtube.com/watch?v=mZHFwgerMBk&amp;t=349"">5:49</a> 옥수수귀신ㅋㅋㅋㅋㅋㅋㅋㅋ기여워ㅠㅠ❤",False,,0.0,0
@Guri-k8m,조땡님 기운이 없어 보이셔요 ㅠㅠ,False,,0.0,0
@숑쨩,"집게놀이 집게에 고무가 있어 폼폼이가 잘 안떨어져 아직은 어려울 것 같아용 ,,,,, 🥹 매끄러운 동그란 공 추천이용 ! 그리구 아직 유준이 개월수에는 3센치 이상의 장난감크기 추천이용 !! 언제 삼킬지모르니 ㅠㅡㅠ ,,",False,,0.0,0
@후니-r6e,책 빨리 나왔으면..❤️❤️❤️,False,,0.0,0
@김온유-u2x,전주 맛집들만 다녀오셨네여 ㅎㅎ 엄청 맛있는집들인데😆,False,,0.0,0
@전여주전-z1d,유준이 귀엽다 정말 <br>많이사랑해 <br>🌽 를 좋아해요,False,,0.0,0
@이은빈-q3b,유준이는 제 삶에 있어서 빛같은 존재인거같아요 요즘 여러문제때문에 많이 힘든데 유준이 덕분에 힐링하고 한번이라도 더 웃는거 같습니다 재밌는 영상 만들어주셔서 감사합니다 모두다 화이팅!,False,,0.0,0
@헤헤햏-w7z,유주나 누나 수능 잘 보고 오께!!!! 응원해죠 ❤❤,False,,0.0,0
@hjdwtg,유준이 식판 수저 장난감 책 정보들 영상도 궁금해뇨ㅠㅠ,False,,0.0,0
@Hiiii00,유준아 누나가 수능 끝나고 보려했는데 썸네일 보니까 못참고 보고있어.. 너무귀엽짜나!!! ❤,False,,0.0,0
@jeje-rd3it,"<a href=""https://www.youtube.com/watch?v=mZHFwgerMBk&amp;t=1150"">19:10</a> 아하하앙 웃음소리 너무나 큐트보이!!🩵",False,,0.0,0
@gysl2he,"<a href=""https://www.youtube.com/watch?v=mZHFwgerMBk&amp;t=1201"">20:01</a> 적군이 아군되는 방법",False,,0.0,0
@뽀잉또잉,"<a href=""https://www.youtube.com/watch?v=mZHFwgerMBk&amp;t=400"">6:40</a> 쪼유주이 아직 아기일때 얼굴 보이네~~ 귀여워 너무 😍💖💖",False,,0.0,0
@soobin338,초당옥수수는 원래 아삭한 식감이에요! 간은 따로 안해요 초당 자체가 달달해요! ❤,False,,0.0,0
@ws-m4s,천천히 커줘 유주나….🥲,False,,0.0,0
@기-u6t,유준이 자꾸 누가 생각나나 했는데 언뜻 카이 닮았다ㅋㅋㅋㅋㅋㅋㅋ 너무 귀여워ㅠㅠ,False,,0.0,0
@potatochips04,유주나 너 옥수수 야무지게 먹는다앜ㅋㅋㅋ❤,False,,0.0,0
@princess_joo,"<a href=""https://www.youtube.com/watch?v=mZHFwgerMBk&amp;t=17"">0:17</a> 정전나니까 봤어요? 하는 느낌으로 카메라 쳐다보는 거 졸귀,,🤍",False,,0.0,0
@user-hf4hs9qf7w,승민님 넘넘좋은친구🥹🥹,False,,0.0,0
@hanaa-w4x,&#39;ㅅ&quot;이 가장 늦게 발달되용 유주니 옥뚜뚜 ❤,False,,0.0,0
@dhfmrhf_,"<a href=""https://www.youtube.com/watch?v=mZHFwgerMBk&amp;t=1200"">20:00</a> 댓글을 쓸 수밖에 없는 미친 귀여움이다🧡",False,,0.0,0
@미댕그랑,Cd플레이어 어디꺼죠?,False,,0.0,0
@조아현-t5s,아 진짜 월요병치료 확 됩니다 얼른 목요일 오기를 기다립니다 ❤️,False,,0.0,0
@올챙이-p9x,하 진짜 힐링된다ㅠㅠㅠㅠㅠㅠ,False,,0.0,0
@dol12354,아진짜 애기가 나 갈때 울면 너무 기분좋음ㅜㅜㅠㅠㅠㅠㅠㅠㅠ 애기가 나 때문에 울어ㅜㅜㅜㅜㅠㅠ귀여워😭😭😍,False,,0.0,0
@user-qh4kp8gb8q,짱아!짱아!짱아!짱아!짱아!짱아!짱아!짱아!짱아!짱아!❤,False,,0.0,0
@toripoodle,너무 신기해🥹🥹🥹🥹🥹🥹 세포일 때부터(?) 알았던(?) 생명체가 어느 순간 말을 하고 문장구사까지 하다니🎉🎉🎉 유준이 천재만재야,False,,0.0,0
@jihaeryu1613,싸이벡스카시트 목 안꺽여요~~ 추천ㅎㅎ,False,,0.0,0
@솜다-u6e,"<a href=""https://www.youtube.com/watch?v=mZHFwgerMBk&amp;t=231"">3:51</a> 유준이 목소리도 너무 사랑스럽고ㅠㅠㅠ이~하다가 아 ~하는 것도 넘 귀엽고 ㅋㅋㅋㅋㅋ🩵🩵🥰",False,,0.0,0
@소영-z3b,하 유준이보고 옥수수 먹고 싶어서 컬리 들어갔는데 11시가 넘어버렸다🥹🥹🥹🥹,False,,0.0,0
@ksb8436,승미니이모 아들있었어요??????도겸이?,False,,0.0,0
@이은혜-w3t,승민님 언니분의 자녀입니당,True,@ksb8436,1.0,0
@태히히-q1c,완전 어린이 쪼쭌이잔아….❤,False,,0.0,0
@joonwoofam,하쁘님 남편분 되게 잘생겨써요... 장발 잘어울리는..✨,False,,0.0,0
@wooing-channel,유준이는 키가 얼마나 클까요..? 엄마아빠가 다 커서!! 😄😄,False,,0.0,0
@햅햅삐,"<a href=""https://www.youtube.com/watch?v=mZHFwgerMBk&amp;t=549"">9:09</a> 유준이 엄마가 아닌 본업 준비로 집중하는 혜주님 모습 멋져요👍👍😎😎",False,,0.0,0
@qpqpqlp,하쁘이모네도 언넝 아기천사가 찾아오길❤<br>분명 좋은엄마로 유준이만큼 행복한아이로 잘 키울것같거든요!,False,,0.0,0
@jingjings_,수능 3일전 최고의 선택...😢,False,,0.0,0
@달래맘-d3w,유주니  왜 이리 점점 사랑스러워지니 ❤❤❤정말 소중한 존재,False,,0.0,0
@ddchae_,쪼유쭌 싸랑해,False,,0.0,0
@짱큐-v7k,유준아 이모 내일 옥수수밭 계약하러 갈게😆,False,,0.0,0
@iois222,"<a href=""https://www.youtube.com/watch?v=mZHFwgerMBk&amp;t=171"">2:51</a> 옥수수 없는 현실에 한참을 울다옴 졸귀네 진짜 ㅋㅋㅋㅋㅋㅋㅋㅋㅋ",False,,0.0,0
@BJE-l4e,유쥬니 썸네일 무슨 일이야...❤,False,,0.0,0
@bona712,행보캐..❤️‍🔥,False,,0.0,0
@유자몽-i1m,유준이는 진짜 사랑이 넘치는 아가구나❤  귀여워 😊🌽,False,,0.0,0
@hanvitcho,아.. 이모 강원도 사는데.. 유준이 강원도 찰옥수수 잔뜩 보내주고싶네 😢,False,,0.0,0
@채널한,Cd플레이어랑 집게 제품 궁금해욤😢😢,False,,0.0,0
@잘가-j4d,수저시점…미쳐버려,False,,0.0,0
@hyess2,"<a href=""https://www.youtube.com/watch?v=mZHFwgerMBk&amp;t=1203"">20:03</a> 진짜 아기모델같아😱",False,,0.0,0
@mingming9993,유준이 M자는 언제 없어질까 ㅋㅋㅋㅋㅋ,False,,0.0,0
@유-h9m,수능 3일 전 최고의 선택,False,,0.0,0
@bhht0517,지금 컬리 실검 1위 옥수수..,False,,0.0,0
@오정화-s6z,멋져요,False,,0.0,0
@윶-x1p,전주 콩나물국밥은 현대옥도 맛있지만 왱이집이 더 맛있어요! 다음에는 왱이집 가보세요!❤❤❤,False,,0.0,0
@박은영-l8o,먹태❤,False,,0.0,0
@Jeongmuke,너무 귀여웡 너무 사앙행,False,,0.0,0
@크크크-z3c,언어관련해서 시옷발음은 가장 나중에 되는 발음이라 대부분 서를 떠로 발음을 한답니다 옥뚜뚜로 발음하고 3세정도되면 서로 발음이 될꺼애요 지나가던 유준이랑 비슷한 개월수 엄마가 어지랖 부려봅니다,False,,0.0,0
@joon1273,"<a href=""https://www.youtube.com/watch?v=mZHFwgerMBk&amp;t=88"">1:28</a> 쪼꼬미 아가 셋이서 옹기종기 모여있는 게 너무 귀여움 ㅋㅋㅋ",False,,0.0,0
@djsi027,유준이 팬미팅 열어주세요,False,,0.0,0
@리답인,"<a href=""https://www.youtube.com/watch?v=mZHFwgerMBk&amp;t=229"">3:49</a> 보면서 내가 이~~~~하고있음 ㅋㅋㅋㅋㅋㅋㅋㅋㅋㅋㅋㅋㅋㅋㅋㅋㅋㅋㅋㅋㅋㅋㅋ",False,,0.0,0
@Mmm-fy2qy,저도요ㅋㅋㅋㅋㅋ,True,@리답인,1.0,0
@Aeshapie,땡구 잘생김……,False,,0.0,0
@user-cq4gp9cw6n,나는 진짜 우리 언니가 롱런 했으면 좋겠다 기복없이 계속 오래오래 사랑해,False,,0.0,0
@소리-x2u,유준이 쿨톤인가 쨍한 파랑색이 너무 잘어울린다😢❤,False,,0.0,0
@user-mineoeoeoe,"<a href=""https://www.youtube.com/watch?v=mZHFwgerMBk&amp;t=1258"">20:58</a> 포크레인기사된것같고조으네요",False,,0.0,0
@향싸이,유주나~ 너덕분에 월요일 목요일이 이제 너무좋아~~🥰🥰 건강하고 사랑스럽게 잘 자라죠~~😍😍,False,,0.0,0
@u88888k,썸네일 얼굴 잘생김 무엇이야 애기가 이렇게 잘생겨도 되는거임?🥹,False,,0.0,0
@제시카-x7u,유쥬니❤옥수수,False,,0.0,0
@감자-k3r,"<a href=""https://www.youtube.com/watch?v=mZHFwgerMBk&amp;t=646"">10:46</a> 조땡님하고 웃음소리가 왜이렇게 똑같아요 ㅋㅋㅋㅋㅋㅋ",False,,0.0,0
@Mimi0101wooni,현실 육퇴하고 가상육아하러 왔습니다 😂,False,,0.0,0
@카드값줘체리-g9j,유준이 체력 어마무시하다… 😂,False,,0.0,0
@체리피치,옥수수 하나에 세상을 다 얻은 유준이가 너무 사랑스럽고 책 읽어달라고 할 때마다 궁디를 냅다 들이미는 유준이가 사랑스럽고🥹🫶 소중한 일상 속에서 행복을 가득 느끼는 리쥬패밀리 보고 있으면 이모는 광대가 안 내려가요,False,,0.0,0
@Nec_1013,볼때마다 보스베이비 생각나아..ㅠㅠ큐큐큐ㅠㅋㅋ 너무 귀엽자나 유주나ㅏ,False,,0.0,0
@rihappy_.5,유준이 진짜 넘마니 컷다..❤,False,,0.0,0
@Dryfish-c1b,유주니 오늘도 최강귀요미~!,False,,0.0,0
@유니짜장-i2t,"수능 전 마지막 유주니 영상으로 힐링하고 가요💖 혜주언니,조땡님,유주니 목요일 저녁에 후련한 마음으로 만나요🥰🥰",False,,0.0,0
@랄라랄라-s3l,전에 베이비시터하는데 CD하루종일 틀더라구요 ㅜㅜ 어느날 플레이어 고장나서 꺼지니까 아이가 극도의 불안증세를 보여서 놀랐네요.. 어머님과 서서히 줄여가며 겨우 끊었답니다 ㅠㅠ,False,,0.0,0
@user-iv9nv5mc6v,"<a href=""https://www.youtube.com/watch?v=mZHFwgerMBk&amp;t=1436"">23:56</a> 우와!???하는 유주니한테 한 번 반하고 땡구님 훈남미소에 두번 반함",False,,0.0,0
@주윤-u7w,아니 정말 땡구님 미모 무슨 일…? 완전 으른 섹시잖아요,True,@user-iv9nv5mc6v,3.0,0
@은율-w1h,승민님 남편인가요??,True,@user-iv9nv5mc6v,3.0,0
@user-iv9nv5mc6v,@@은율-w1h 넵!,True,@user-iv9nv5mc6v,3.0,0
@yurimchoi3524,"<a href=""https://www.youtube.com/watch?v=mZHFwgerMBk&amp;t=599"">9:59</a> 진짜 너무 이뻐요❤❤❤아빠,엄마 이쁘고 잘생긴 부분만 닮은거 같아요❤❤❤진짜심장쿵햇어요❤❤❤",False,,0.0,0
@eksql3082,"<a href=""https://www.youtube.com/watch?v=mZHFwgerMBk&amp;t=142"">2:22</a> 진심 대문자F인거같아요ㅎㅎ 저 공감하고 걱정하는표정ㅎㅎ 너무귀엽ㅠㅠㅠ",False,,0.0,0
@laey1120,와월요일에 유준이라니ㅠㅠ 하루피로가 풀려❤❤❤,False,,0.0,0
@빵덕이-r1j,"<a href=""https://www.youtube.com/watch?v=mZHFwgerMBk&amp;t=231"">3:51</a> <a href=""https://www.youtube.com/watch?v=mZHFwgerMBk&amp;t=243"">4:03</a> 같이 이~~ 하고 계셨던 분 😍😍😍😍",False,,0.0,0
@니얼굴-m5c,"<a href=""https://www.youtube.com/watch?v=mZHFwgerMBk&amp;t=154"">2:34</a> ㅋㅋㅋ<br><a href=""https://www.youtube.com/watch?v=mZHFwgerMBk&amp;t=1121"">18:41</a><br><a href=""https://www.youtube.com/watch?v=mZHFwgerMBk&amp;t=1150"">19:10</a><br><a href=""https://www.youtube.com/watch?v=mZHFwgerMBk&amp;t=1335"">22:15</a><br><a href=""https://www.youtube.com/watch?v=mZHFwgerMBk&amp;t=1434"">23:54</a>",False,,0.0,0
@고무-e6b,썸네일에 홀린듯 들어와씀니다🫢🫢❤️,False,,0.0,0
@narinskfls,"<a href=""https://www.youtube.com/watch?v=mZHFwgerMBk&amp;t=323"">5:23</a> 이게 진정한 나 안아...",False,,0.0,0
@동동-n8x8q,"<a href=""https://www.youtube.com/watch?v=mZHFwgerMBk&amp;t=533"">8:53</a> 모야ㅠㅠㅠㅠ 먹태 사료씹는데 왜 내가 다 힐링되냨ㅋㅋㅋㅋㅋㅋ 먹태분량 늘려줘여!!!!!",False,,0.0,0
@유후유후-v4y,"<a href=""https://www.youtube.com/watch?v=mZHFwgerMBk&amp;t=589"">9:49</a> 기절초풍 “갸우뚱”",False,,0.0,0
@jeong_da__0825,수능 3일 전..최고의 선택=조유준..🥹,False,,0.0,0
@cji0601,저 전주사는데 언제 오신거래유ㅠㅜㅠㅠㅜㅜㅜㅠ,False,,0.0,0
@SVTWISH,아 너무 귀여워 조쮼...🩷사랑스러운 아가들 강쥐들 잔뜩에 재밌고 귀여운 어른들도 잔뜩...너무 재밌어....,False,,0.0,0
@익명-i4v2f,"<a href=""https://www.youtube.com/watch?v=mZHFwgerMBk&amp;t=615"">10:15</a> 유주니의 옥수수 asmr에 하루의 피로가 날라가 행복해❤❤",False,,0.0,0
@Hs-cc5gs,나 왜 이날 상하목장안갔니... 집이랑 진짜 가까운데 유준이오는거 알았다면 갔을텐데 ㅠ,False,,0.0,0
@melodyk4960,옥수수를 잡는 유준이의 손길이 아주 야무지네요😂❤,False,,0.0,0
@뚜블링,유독 유쥬이 목 길어진거 보고 놀란건 저뿐인가여!?!?! 뉸나 돈벌때까지 천천히 커❤❤ 타미핑인지 핑핑인지 다 사줄께❤😊😊,False,,0.0,0
@듀듀-x7r,현대옥 남부시장 꼭드셔보세요! <br>그리구 시래청한옥마을 추천드립니당,False,,0.0,0
@워후-j9e,초당옥수수 간 해서 찌는 사람은 첨 봐요….ㅋㅋㅋ,False,,0.0,0
@배하영-e4b,유준아 이모가 돈 벌어서 구황작물 사줄게 기다려라,False,,0.0,0
@doldol2zzang,근데 정말 볼때마다 느끼는거지만 승민님 남편분 너무 잘생기셨어요...멋진 마초 느낌이 낭낭👍,False,,0.0,0
@tobewith_you,수능 3일전 오늘도 유준이 보고 힘내러 왔습니다...<br>유준아 오늘도 누나가 행복하게 웃고 가<br>지금처럼 예쁘게 자라줘!!!<br>이제 수능 끝나고 보겠네 그때 보쟈🩷🍀🩷,False,,0.0,0
@sunny_dolly,"<a href=""https://www.youtube.com/watch?v=mZHFwgerMBk&amp;t=1200"">20:00</a> 아니 진짜 너무 잘어울리는거 아니냐고ㅠㅠㅠㅠㅠㅠㅠ 유쥰장군",False,,0.0,0
@KK-fe7vj,먹태 나뭇잎해주는게 너무 우껴여 ㅋㅋㅋ 너무 디테일하게 😂,False,,0.0,0
@벨라-l5u,유준이가 먹는 액상 비타민 머해요?,False,,0.0,0
@highlightlove1016,울 유쥬니는 이모에게 힐링되어줘서 고마워용❤,False,,0.0,0
@홍수지-r2y,아 조유쮼 역대급으로 너무 기엽다❤❤❤,False,,0.0,0
@yunguseul,옥뚜뚜..너무 귀여워❤ !!!! ㅠㅠㅠ,False,,0.0,0
@cwer98,"<a href=""https://www.youtube.com/watch?v=mZHFwgerMBk&amp;t=200"">3:20</a>  <a href=""https://www.youtube.com/watch?v=mZHFwgerMBk&amp;t=1374"">22:54</a> 미친듯이 귀엽다..❤",False,,0.0,0
@yamyam_gooda,유준이 옆머리 언제나냐능,False,,0.0,0
@eynir,먹태 분량 많아서 좋아요🥹🤍🤍🤍,False,,0.0,0
@김치치-t8h,먹태 밥먹는부분 개귀여워 ㅜㅠㅠㅠㅠㅠ,False,,0.0,0
@dayeah.,"썸네일 유주니 완전 왕자쟈나,,?",False,,0.0,0
@min_doi,"<a href=""https://www.youtube.com/watch?v=mZHFwgerMBk&amp;t=296"">4:56</a> 2025버전 케빈이쟈나?ㅎㅎㅎ👶",False,,0.0,0
@Clumsymommycat,아고 똘망똘망😍,False,,0.0,0
@heyyojo,"<a href=""https://www.youtube.com/watch?v=mZHFwgerMBk&amp;t=1375"">22:55</a>  유준이 귀여워",False,,0.0,0
@지수-r9z,"<a href=""https://www.youtube.com/watch?v=mZHFwgerMBk&amp;t=883"">14:43</a> 승민이이모네 아들인가요?",False,,0.0,0
@doolly-,유준이가 전주였는데.... 전주였는데.... 나도 그 날 전주였는데.... 하아.....,False,,0.0,0
@bambi1,"<a href=""https://www.youtube.com/watch?v=mZHFwgerMBk&amp;t=294"">4:54</a> 여기 왤케 재민이 같냨ㅋㅋㅋㅋㅋㅋ",False,,0.0,0
@최혜빈-w8d,오늘따라 유독 귀여운 유쥬니...❤️,False,,0.0,0
@김다은-f6u,Cd플레이어 정보 공유 부탁드려요❤❤,False,,0.0,0
@heyyojo,"<a href=""https://www.youtube.com/watch?v=mZHFwgerMBk&amp;t=1287"">21:27</a>  웃겨 아빠 도와줘요 라고 하는 표정이야 ㅋㅋ",False,,0.0,0
@dada_world_33,옥수수에 뭐 있어...?유준아??<br>이정도면 모든마트에 유준이가 구황작물 모델로 있어줘야해❤,False,,0.0,0
@k.p._.,월요병 극뽁!,False,,0.0,0
@heyyojo,"<a href=""https://www.youtube.com/watch?v=mZHFwgerMBk&amp;t=1258"">20:58</a>  새로운 수저시점 좋아요❤❤❤❤❤❤😊",False,,0.0,0
@여자김수진-b4d,하쁘이모랑 땡구삼촌 기대 됩니다<br>얼릉.....😊,False,,0.0,0
@Potato_hh01,"<a href=""https://www.youtube.com/watch?v=mZHFwgerMBk&amp;t=409"">6:49</a> 유주니 볼에 인디언 보조개인가? 심쿵 너무 귀엽다ㅜㅜㅜㅜㅜㅜ",False,,0.0,0
@x.zzin0,유준이네두 유튜브업로드 정해서 올랴줬음 좋겠어요 ㅠㅠ,False,,0.0,0
@abcdsd-g9b,정해서 올라오는데?,True,@x.zzin0,1.0,0
@진구-u6w,출산 장려 동영상 1등❤,False,,0.0,0
@뿌잉-m5y,아니 머야 53분전이라니요!!!!!,False,,0.0,0
@dada_world_33,유준이 완전 흙감자야...,False,,0.0,0
@minogoh4404,역시 유준이는 클로즈업하면 더 귀여워요,False,,0.0,0
@하밤,내 힐링영상💖 얼굴은 아빠 입맛은 엄마네요😅,False,,0.0,0
@tndlsdl82,요즘 내니삼촌 안나오시나용 😢 그리워요오,False,,0.0,0
@쏘블리-r5v,"<a href=""https://www.youtube.com/watch?v=mZHFwgerMBk&amp;t=530"">8:50</a> 먹태야 너 사료 뭐먹어? 되게 맛있게 먹는다",False,,0.0,0
@여자김수진-b4d,월요병땜에 피곤한게 아니라 유준이 보느 날로 행복한 날이 되었네요😊,False,,0.0,0
@마요-x6s,수능 3일 전 최고의 선택,False,,0.0,0
@식이-t3k,"<a href=""https://www.youtube.com/watch?v=mZHFwgerMBk&amp;t=788"">13:08</a> 아니 ㅋㅋㅋㅋㅋㅋㅋㅋㅋ 무슨 아기가 우와 쥐잉네~ 이런 감탄사를 해요!!! 조유준 진짜 웃겨 ㅋㅋㅋㅋㅋㅋㅋㅋㅋㅋㅋㅋ",False,,0.0,0
@jjuju107,오늘도 썸네일 치명적이게 귀여워여❤,False,,0.0,0
@kyen96,ㅋㅋㅋㅋㅋ 오늘도 귀여운 유준이❤❤아ㅠㅠ 아기는 사랑이예요ㅠㅠ❤❤,False,,0.0,0
@콩딱지-d1j,땡구삼춘 너무잘생겻뜸,False,,0.0,0
@jjjjcong,"<a href=""https://www.youtube.com/watch?v=mZHFwgerMBk&amp;t=608"">10:08</a> 옥슈슈,,, 녹는다 🫠",False,,0.0,0
@nunu5483,유준아 분명 너가 수능 응원해준게 어제 같은데 어느새 시간이 흘러 너의 수능 응원 영상을 또 기다리고 있어,False,,0.0,0
@kim__ji___hye,"<a href=""https://www.youtube.com/watch?v=mZHFwgerMBk&amp;t=1109"">18:29</a> 종이 치우고 아빠!!! 하며 앉으라는 유쭈니ㅠㅠ 너무 귀여워ㅠㅠㅠㅠㅠㅠㅠㅠㅠㅠㅠㅠㅠㅠㅠㅠ 우리 유쭈니는 생각이 다 있구나ㅠㅠ",False,,0.0,0
@에이요55,내일모레가 수능이지만 아랑곳하지않고 그냥 보겠습니다. 어차피 이거 볼 시간동안 공부 안해요.,False,,0.0,0
@TV-kb1fb,애기 박치기에 앞니 부러지는경우도 있다더라구요😂,False,,0.0,0
@chaechae1215,"<a href=""https://www.youtube.com/watch?v=mZHFwgerMBk&amp;t=1408"">23:28</a> 오 잘생기셨어요 조땡! 이목구비가 확 사네요👍🏻 ㅋㅋㅋㅋㅋㅋ",False,,0.0,0
@user-friendlyandeasy,정말 제발 ㅠㅠ 유준이가 밥먹을때 음식 안흘리게 받치는 큰 매트! 테이블 매트 어디서 구매할수잇는지 알수있을까요? ㅠㅠㅠ 진짜 너무 궁금해요.. ㅠㅠㅠ,False,,0.0,0
@종로구-t1g,승민이모가  짱입니다요~~❤❤,False,,0.0,0
@user-pjjst,"월,목만 기다리는... 1인🙃",False,,0.0,0
@seo_wlsdud68,조땡님입 진짜 아팠겠다😢 피가 장난 아닌데요ㅜㅜ,False,,0.0,0
@somter_,크록스는 가끔만 신기는거 추천드려요...애들 성장기에 발 아치가 만들어지는데 그것도 모르고 한 너댓살부터 신겼다가 열살즘에 애가 평발이 되고 있다는걸 알았어요ㅜㅜ 너무 후회되는 일...지금은 아플때마다 정형외과에서 보조기도 차게 하고 깔창도 ㄸㅏ로 구매해서  운동화에 넣어주고 있어요.. 유쥰이 발바닥은 꼭 지켜😂,False,,0.0,0
@Boomboomson-o1s,ㅠㅠ 정보 감사합니다.,True,@somter_,5.0,0
@호박고구마다,이거 올려드리자 ㅠㅠ 감사해요 배워갑니다.;,True,@somter_,5.0,0
@김진경-c3q8e,맞아요 그래서 저도 아기 크록스 안신겨요!,True,@somter_,5.0,0
@jandi9437,맞아요 저희애는 크록스 7세때 처음신었는데 유연성평발 판정받고 깔창도움받고있어요 애들은 아치가 잘 무너져서 조심해야하더라구요 깔창도 30만원에 검사비만해도 꽤나가고 우선 애가 아파하고 잘넘어지고 해요  모든 아가들 발 절대지켜ㅠㅠㅠ,True,@somter_,5.0,0
@윤지수-c3s,"저도 초등교사인데, 저희반 아이 중 어렸을때부터 크록스를 많이 신어서 평발이 된 학생이 있어요ㅠ 체육활동도 오래 하기 힘들어하고 장시간 서 있는 활동도 어려워하더라구요! 단시간은 크록스를 신어도 상관없지만, 평소에는 성장기 아이들에게 꼭 운동화를 신겨주세요 😢",True,@somter_,5.0,0
@jiye__,"<a href=""https://www.youtube.com/watch?v=mZHFwgerMBk&amp;t=1091"">18:11</a> 진짜 너무 이쁜 가족과 풍경에 눈물이 난다 ..",False,,0.0,0
@hohohaha8805,혜주언니 털털한 성격이 너무 매력적이예요,False,,0.0,0
@User_bbpb,아…. 말도안돼 시작한지 체감상 5분인데 영상이 순삭댓😂😂,False,,0.0,0
@IVE62,초당옥수수는 쩌서 먹는게 아니라 생으로 먹는거예요,False,,0.0,0
@kkiisha,"<a href=""https://www.youtube.com/watch?v=mZHFwgerMBk&amp;t=1117"">18:37</a> 아 진짜 표정과 행동과 말투까지 삼합이 모두 갓벽🌟한 우리 쪼쯍",False,,0.0,0
@amorparty-f5c,"<a href=""https://www.youtube.com/watch?v=mZHFwgerMBk&amp;t=832"">13:52</a> 유주이 자기전에 엄마 손 쓰다듬는거 ...몽글몽글해져요🥹 이장면 보다가 잊고있던 어릴적 그<br>감촉이 떠올라버렸네유🥹🥹🥹",False,,0.0,0
@냠냐미-i6r,우아앙 ㅠㅠ 이 댓글보고 저도 엄마 팔 만지면서 잠들던거 생각났어요..... 완전 잊고있었네...,True,@amorparty-f5c,1.0,0
@nyonyc127,"<a href=""https://www.youtube.com/watch?v=mZHFwgerMBk&amp;t=795"">13:15</a> 흥ㅁㅣ로운 척ㅋㅋㅋㅋㅋㅋㅋㅋ히야",False,,0.0,0
@leemotion,유준ㅠㅡㅠ 언제 이렇게 길어졌어ㅠㅠ 많이 컸네..?,False,,0.0,0
@루주라-e3b,"<a href=""https://www.youtube.com/watch?v=mZHFwgerMBk&amp;t=1423"">23:43</a> 하쁘이모랑 날아라 하던 침대에서 이제는 땡구삼촌이랑 까까먹네",False,,0.0,0
@피즈치자-e8i,수능치고 보러올겡. 수능치고 볼거 2개 아싸,False,,0.0,0
@끼루루룽,다음 생엔 옥수수로 태어나서 유준이 사랑 독차지해야지 ❤,False,,0.0,0
@Zehrj11,"<a href=""https://www.youtube.com/watch?v=mZHFwgerMBk&amp;t=1048"">17:28</a> 유준잌ㅋㅋㅋㅋㅋㅋㅋㅋㅋㅋㅋㅋㅋㅋ 머리때문인가 왜이렇게 불안이같짘ㅋㅋㅋㅋㅋㅋㅋㅋㅋㅋㅋㅋㅋ?? ㅠㅠㅠㅠㅠㅠ",False,,0.0,0
@이선연-j6f,"<a href=""https://www.youtube.com/watch?v=mZHFwgerMBk&amp;t=1424"">23:44</a> 이장면보니 유준이 아기때 날아라 슈퍼맨할때 생각나네요 1탄은 승민이이모랑하고 2탄은 승민이이모부랑했네요👍",False,,0.0,0
@user-nm7zk9gl3v,아 진짜 결혼하고 싶어진다…. 출산 장려 유튜버 1위예요ㅋㅋㅋㅋㅋㅋㅋ,False,,0.0,0
@sungeakim6278,유주니~~많이컷다ㅜㅜ 너무귀엽댜~♡♡♡,False,,0.0,0
@dcmber0088,영상 잘봤어요.😊❤,False,,0.0,0
@qyorang47,날씬쟁이됬네용 유쥬니❤,False,,0.0,0
@rlavlzmals__11,유듀니 마이컷다..,False,,0.0,0
@이-h8h1z,"<a href=""https://www.youtube.com/watch?v=mZHFwgerMBk&amp;t=650"">10:50</a> 이모도 먹고 노는 게 제일 좋아 유주나...,",False,,0.0,0
@하영-z2j,하..... 행복했던 25분....,False,,0.0,0
@gkdgo159,다음편 바로 보고싶어요...🫠❤️,False,,0.0,0
@장현수-t8n,영상 잘 봤습니다! 좋은 영상 올려주셔서 감사합니다!,False,,0.0,0
@찌워니-q4y,"<a href=""https://www.youtube.com/watch?v=mZHFwgerMBk&amp;t=1432"">23:52</a> 유주니~ 리액션 쥐잉네~😆😆",False,,0.0,0
@wodms19,ㅠㅠ유주나 수능 끝나고 올게...😢😢,False,,0.0,0
@hyeonjeongjo29,쪼유준 이 개구쟁이❤,False,,0.0,0
@춈이,유쥰이 사랑해~,False,,0.0,0
@uuuuu-s9d,이게 진짜 수능 전 마지막 영상이라니... 다음 영상은 수능 잘보고 행복하게 보러 올게요😻,False,,0.0,0
@조조리-10,수행&lt;&lt;&lt;&lt;&lt;&lt;&lt;&lt;쪼준🐥,False,,0.0,0
@고싫고,"<a href=""https://www.youtube.com/watch?v=mZHFwgerMBk&amp;t=1334"">22:14</a> ㅋㅋㅋㅋㅋㅋㅋㅋ아진짴ㅋㅋ 이번영상 킬포 왤케 많아옄ㅋㅋㅋ",False,,0.0,0
@soft-fleece,"<a href=""https://www.youtube.com/watch?v=mZHFwgerMBk&amp;t=1479"">24:39</a> 부산편은 수능치고 보러올게요ㅠㅠ",False,,0.0,0
@ss_uu7184,수능 대박나세요~! 파이팅!,True,@soft-fleece,5.0,0
@haeynij,파이팅!!!!!!!!!!!!!!!,True,@soft-fleece,5.0,0
@김민정-q7s7f,화이탱❤❤,True,@soft-fleece,5.0,0
@Ummae,차분하게 잘 보고 오세요~,True,@soft-fleece,5.0,0
@hyeonjeongjo29,화이팅!!잘보고와요 ❤,True,@soft-fleece,5.0,0
@lovelysy2,월요병 치료제야 왔늬?❤너묘 기여바요❤❤❤❤❤❤❤,False,,0.0,0
@myunghun_0319,유준이다❤기여운 유준이다❤유준이 모습에서 조땡님도 혜주님도 점점 또렷하게 보이는 것이 신기해여ㅋㅋ,False,,0.0,0
@user-xb7ln3sf1x,내니이모가 나오면 재밌을수밖에,False,,0.0,0
@asoftwind,언제나 사랑스런  유준이네 가족😍😍<br>참!!! 내일 혜주님 생일도 미리 축하드려요~^^,False,,0.0,0
@으드르므,"<a href=""https://www.youtube.com/watch?v=mZHFwgerMBk&amp;t=790"">13:10</a> 이책…1N년 전 나도 봤던 책이잖아…?",False,,0.0,0
@yurimchoi3524,"<a href=""https://www.youtube.com/watch?v=mZHFwgerMBk&amp;t=182"">3:02</a> 옥수수농사 짓고 싶네요ㅠ",False,,0.0,0
@haha_6000cong,유수수씨 넘 기여운거아니냐고🌽🌽🌽🌽🌽🌽🌽🌽🌽🌽🌽🌽🌽🌽🌽,False,,0.0,0
@모야모양,뭐야 너 언제 전주왔다갔어 유준이~~~~,False,,0.0,0
@together440,옥수수 먹고 싶어서 우는 조유주니 사랑스럽다^^,False,,0.0,0
@무한귤레,"<a href=""https://www.youtube.com/watch?v=mZHFwgerMBk&amp;t=958"">15:58</a> 진짜 승민이모 남편분 유주니 보는 눈빛이 아들바보 스멜 ㅋㅋㅋ",False,,0.0,0
@영희와철수,"<a href=""https://www.youtube.com/watch?v=mZHFwgerMBk&amp;t=965"">16:05</a> 유준이가 손을 잘안잡는다던데<br>땡구삼촌 손잡고 걷는거보니 정말 따뜻한 삼촌인듯",True,@무한귤레,1.0,0
@행복-c8n,유쭈나❤ 넘긔요운거아니닝?? 윤서두넘러블리행❤ 긔요미들❤😊,False,,0.0,0
@구나율,오늘은 아침입니닼ㅋㅋㅌㅋㅊㅋㅌㅋㅌㅋㅋ  아 웃기다,False,,0.0,0
@gogogo9408,유준이 옥수수 사랑 ㅋㅋㅋㅋ 😂 과 클릭할수밖에 없는 썸네일의 외모 😊,False,,0.0,0
@jihyeon_s,오늘도 유준이 ❤,False,,0.0,0
@placere8430,삼촌 코가 예술이시네여,False,,0.0,0
@메리벨,"<a href=""https://www.youtube.com/watch?v=mZHFwgerMBk&amp;t=206"">3:26</a> 와.. 스푼포크가 진짜 앙증맞네여~",False,,0.0,0
@minjju2604,안돼요ㅠㅜ 커피 못마시는데,False,,0.0,0
@seonyounglee2150,회사는 가기 싫지만ㅜㅜ월요일이 자꾸만 기다려지는 이유가 먼가 했는데 ㅋㅋㅋ 유준이 영상 올라오는 날이라 그런거였네요!!! 나이많은 이모의 유일한 힐링비타민 유준이❤ 너무 귀여워용~,False,,0.0,0
@kim5433365,윽 너무 귀여워 ㅠㅠ 근데 먹태 종 이름이 뭐에요~~? 혹시 아는 분들 계신가욤..!!!,False,,0.0,0
@블랙베리앤베이,않이 전주는 언제 왔던거야 유준아ㅜ,False,,0.0,0
@사람-r2s3t,"<a href=""https://www.youtube.com/watch?v=mZHFwgerMBk&amp;t=303"">5:03</a> 유준캠 오늘도 감동.",False,,0.0,0
@Mmm-fy2qy,멈머도 찍어주네ㅠㅠ❤,True,@사람-r2s3t,1.0,0
@뽀-n2r,조유준 😲 이표정할때마다 웃음나오네 귀엽다 진짜로❤,False,,0.0,0
@밗석준,옥수수 개웃기네 ㅋㅋㅋㅋ,False,,0.0,0
@Eezu117,"<a href=""https://www.youtube.com/watch?v=mZHFwgerMBk&amp;t=1201"">20:01</a> 오늘 썸네일 사진 진짜 미치도록 예쁘다ㅠㅠㅜㅜ",False,,0.0,0
@레모니룰루해,유주니 미모 미쳐........ 혹시 썸네일 모자 어디서 파는지 아시는 분 있을까요??? ㅠㅠㅠㅠ,True,@Eezu117,1.0,0
@고싫고,"<a href=""https://www.youtube.com/watch?v=mZHFwgerMBk&amp;t=998"">16:38</a> 유주니 미모.... 대박.... 파란색도 어쩜 이리 잘 어울려...😭",False,,0.0,0
@guam4124,조유준 내 사랑❤❤,False,,0.0,0
@skyhills13,유준이 공룡 수면조끼 어디껀가요?! 넘 예뿌네요 ㅠㅠㅠㅠ,False,,0.0,0
@oreum530,"<a href=""https://www.youtube.com/watch?v=mZHFwgerMBk&amp;t=1330"">22:10</a> 같이 출발하는 목소리도 귀엽고 랩 뭔데ㅠㅠ❤",False,,0.0,0
@한글사랑-u2h,"<a href=""https://www.youtube.com/watch?v=mZHFwgerMBk&amp;t=600"">10:00</a> 언어치료 전공자 입니다 ‘ㅅ’ 자음의 완전습득 연령은 6세로, 자음중에 가장 늦게 발달하는 자음이에용ㅎㅎ 그래서 아기들은 [옥수수]-&gt;[옥뚜뚜]로 발음해 매우 귀엽습니당😆ㅋㅋ",False,,0.0,0
@modernboard.,아 뭐야 ㅜㅜㅜㅜ 썸넬 너무귀엽잖아아♥(⸝⸝⸝ᵒ̴̶̷̥́ ᵕ ก̀⸝⸝⸝)ෆ,False,,0.0,0
@인연-s9y,유준이 트립트랩 음식물 아이템 혹시 이름이 뭘까요,False,,0.0,0
@김메론-c1k,썸네일 보고 왕자님인 줄 알고 들어왔어 유준아~😍👑🫅♥️,False,,0.0,0
@단-x6d,"와 근데 유준이 크면서 점점 혜주님 얼굴이 보이는 거 같아요!<br><a href=""https://www.youtube.com/watch?v=mZHFwgerMBk&amp;t=1203"">20:03</a> <a href=""https://www.youtube.com/watch?v=mZHFwgerMBk&amp;t=1287"">21:27</a> 여기 두개는 진짜 혜주님 그자체 ㅋㅋ",False,,0.0,0
@혜원-t3i,"<a href=""https://www.youtube.com/watch?v=mZHFwgerMBk&amp;t=83"">1:23</a> 꼬물꼬믈 애기들 ㄱㅇㅇ",False,,0.0,0
@보미-j8l,이모 옥수수 농사하러 가께 유쥬나❤,False,,0.0,0
@도리-w3w,"으악 지나칠 수 없는 썸네일 ,, ❤",False,,0.0,0
@고싫고,"<a href=""https://www.youtube.com/watch?v=mZHFwgerMBk&amp;t=749"">12:29</a> 완전 진짜 힐링 그자체에오ㅠㅠㅠㅠㅠ 😭😭🩷🩷 <a href=""https://www.youtube.com/watch?v=mZHFwgerMBk&amp;t=950"">15:50</a> ㅋㅋㅋㅋㅋ 따라하는거 진짜 미쳐ㅠㅠㅠㅋㅋㅋㅋ 유준이는 완전 행복한 아가야일 거 같다 ㅎㅎ🩷🩷 항상 행복만 하길💕💕💕",False,,0.0,0
@동네보안관-m6p,지기앵,False,,0.0,0
@bittersweet2268,다행입니다 월요병을 치료하고 잠을 잘 수 있겠어요..😊,False,,0.0,0
@무한귤레,"<a href=""https://www.youtube.com/watch?v=mZHFwgerMBk&amp;t=529"">8:49</a> 아니 먹태 꼬상권 넘나 시강 쩌는데요 ㅋㅋㅋㅋㅋㅋㅋㅋ 깻잎이 더 주목하게 해ㅋㅋㅋ",False,,0.0,0
@bombom_d,"<a href=""https://www.youtube.com/watch?v=mZHFwgerMBk&amp;t=103"">1:43</a> 허공을 떠도는 공허한 손 🖐️",False,,0.0,0
@gjtntngj,알바할때 보면 힐링되는 유주니ㅠ 너무 귀여워❤,False,,0.0,0
@교튜브-y6x,"유준파워 받아서 수능 잘치자!,",False,,0.0,0
@슙슙-x3i,진짜 일끝나고 보는 힐링 고마워<br>유주이 진짜 F인가봐 사랑둥이....💗💗,False,,0.0,0
@heyyojo,"<a href=""https://www.youtube.com/watch?v=mZHFwgerMBk&amp;t=197"">3:17</a> 무한 반복  😂",False,,0.0,0
@heymrmrboy,옥수수보이 유쥬니 🌽🌽💚💚,False,,0.0,0
@hi_hello135,"<a href=""https://www.youtube.com/watch?v=mZHFwgerMBk&amp;t=1092"">18:12</a> 유준이 표정 넘 귀엽다😙",False,,0.0,0
@y1n_x28,배달이왔어요~조유준이 왔어요~🥹,False,,0.0,0
@쿠쿠루삥뽕-i7f,"유주이 먹태 점점 더 귀여워지면 어째..🥹 혜주 님, 조땡 님 감기 조심하세요!!",False,,0.0,0
@안알랴줌-n4d,조무래기들 우정 너무 귀엽네❤,False,,0.0,0
@Nasqls,유준이 말 할 날 만을 고대합니다,False,,0.0,0
@돌멩핑,ㅋㅋ오늘도 유준이 잘보고 갑니닼ㅋㅋㅋ❤❤😂🐤,False,,0.0,0
@hsg8794,"<a href=""https://www.youtube.com/watch?v=mZHFwgerMBk&amp;t=604"">10:04</a> 유준이가 발음하는 유일한 시옷은 시하 뿐인가보오 ..🥹💗",False,,0.0,0
@와삭비,"유준이 asmr만 따로 올려주세요,,,,ㅋㅋ",False,,0.0,0
@못된펭귄,ㅎㅎㅎ힐링하는요일^^책제목뭐예요?,False,,0.0,0
@밗석준,크면서 어케 느네 아빠랑 똑닮아가누,False,,0.0,0
@920201ful,나의 조유준이♡ 월요병 치료하자!!!,False,,0.0,0
@도라희-r9i,유준캠 갈수록 더 잘하네요 진짜 사랑스럽다 조유준❤,False,,0.0,0
@user-pq4oz2fb2d,옥수수 책 보면서 먹는거 너무 귀엽네 ㅋㅋㅋㅋㅋㅋㅋㅋㅋㅋ,False,,0.0,0
@gold9ru,와..유준이 어릴때는 통통했는데 얼굴이 점점 갸름해지쟈나❤❤,False,,0.0,0
@아아아아아아아아-z9n,이제 목요일 업로드때 수능 끝나있어 유주나 쥐잉네~!! 누나 응원해죠,False,,0.0,0
@geobugi-,"시작부터 조그만한 유준이ㅠㅠ❤❤<br><a href=""https://www.youtube.com/watch?v=mZHFwgerMBk&amp;t=82"">1:22</a> 귀염둥이들ㅠㅠㅠㅠ❤❤❤",False,,0.0,0
@빈츠-f7t,썸네일 미쳤어요 ❤,False,,0.0,0
@유뿡-f1m,"<a href=""https://www.youtube.com/watch?v=mZHFwgerMBk&amp;t=1203"">20:03</a> 이건 진짜 미쳤다,,,, 유준왕자님,,,,,",False,,0.0,0
@레모니룰루해,이거보고 반해서 모자 찾아 다니느중.......,True,@유뿡-f1m,1.0,0
@LimYtOne,"<a href=""https://www.youtube.com/watch?v=mZHFwgerMBk&amp;t=85"">1:25</a> 🐥🐥🐥으앗 넘귀여웡 ㅠㅠ",False,,0.0,0
@minxzxi,"이~~ 아~~~~ <a href=""https://www.youtube.com/watch?v=mZHFwgerMBk&amp;t=235"">3:55</a> 양치하는 유주니 너무귀엽다 계속 돌려보는중 ㅜㅋㅋㅋㅋ🩷",False,,0.0,0
@짱설-u6y,유주니 쪽쪽이 언제끊어요?,False,,0.0,0
@이곰탱-j9f,수능 D-3 잠시 머리 식히고 긍정 회로 돌리기 위해 뽀짝 유준이로 힐링하기,False,,0.0,0
@윤은제-v9h,유쥬나 ~ 형 왔어.,False,,0.0,0
@Ppudo-r3m,유쥬나 ㅜㅜ 수능 응원해줘 ㅠㅠㅠ😵‍💫😵‍💫😵‍💫,False,,0.0,0
@heedanggg,"월요일만 기다리는 이유,,🤍<br>유주니 기다리면서 하루를 버텼슴댜🥹",False,,0.0,0
@현서윤-y9h,유주나 사랑해😢❤❤❤ 내 활력소 ㅠㅠ,False,,0.0,0
@tanzo8924,내사랑 유준이 천사님~~~많이 기다렸어요❤❤❤🥰😍 정말 본받고 싶은 아름다운 가정입니다❤,False,,0.0,0
@yulaaaaaa-p7s,고3한테 유준이는 유일한 행복이에요ㅠㅠㅠㅠ 유준이 없었으면 못 버텼을거에요ㅠㅠㅠ 유준이 사랑해ㅜㅜㅜ❤❤❤❤❤,False,,0.0,0
@heyyojo,"<a href=""https://www.youtube.com/watch?v=mZHFwgerMBk&amp;t=182"">3:02</a>  고구마를 얻은 유준이 행복 미소 ❤",False,,0.0,0
@se9312,"<a href=""https://www.youtube.com/watch?v=mZHFwgerMBk&amp;t=39"">00:39</a> 언니 미아네요,,, 이 장면을 보는데 왜 유준이랑 윤서가 장난치는게 보이지 ,,,, 사랑해요",False,,0.0,0
@user_seo_hyxn,유준이 너무 기여워요ㅜㅜ,False,,0.0,0
@soo-t7x,시간이 빠르건가..왜케 자주 올라오는 느낌이 들지 ㅋㅋㅋ오늘도 유준이 너무 귀엽다 ❤,False,,0.0,0
@유니-i6j3t,점점 예뻐지는 조유주니 🥹,False,,0.0,0
@강미순-o3g,유준이당!  귀요미. 짱구 실사판. ㅋ ㅋ,False,,0.0,0
@eundarrrr,썸네일 유준 넘 예뻐🥹🥹🥹,False,,0.0,0
@user-kberrieh,쪼쮼 왔다~!!,False,,0.0,0
@왈왈-q5y,먹태처럼 달려왔어요,False,,0.0,0
@숙이티비,우리 유준이 집게도 하네옹~<br>다이소에 아가들 집게 더 편한 거 팔아요!!<br>그거는 조금 더 큰 형아들 소근육 할때 쓰면 좋아여~~,False,,0.0,0
@jinagayo_monbebe,"알아서 잘 하시겠지만, 비타민 쪼개어서 주시면 안전해요! 😊",False,,0.0,0
@joo171,썸네일 미쳤다ㅠㅠㅠ<br>점점 미모가 살아나는구낭 유쭈이~,False,,0.0,0
@b1q5q,유준아 이모 대학 합격하게 응원해줘ㅠㅠ,False,,0.0,0
@유-x7l,반가워 유쥬니,False,,0.0,0
@heyyojo,"<a href=""https://www.youtube.com/watch?v=mZHFwgerMBk&amp;t=36"">0:36</a> 등교룩 귀여워",False,,0.0,0
@jinagayo_monbebe,"<a href=""https://www.youtube.com/watch?v=mZHFwgerMBk&amp;t=83"">1:23</a> 와... 보육교사 n년차로 어머님이 일 안하고 같이 계시는데, 아버님이 부모상담 하시는 거 처음봐여...",False,,0.0,0
@김서율-v4e,"<a href=""https://www.youtube.com/watch?v=mZHFwgerMBk&amp;t=951"">15:51</a> 저 미니손에 뽀쨕뽀쟉 하게 따라하는거 넘 귀엽..",False,,0.0,0
@yuu-qs7dp,수능 3일 전 25분의 선물..♡,False,,0.0,0
@Vitaminfamily114,뭐가 허전하지 했더니 주말에 유준이를 못봐서 그랬나봐요😢,False,,0.0,0
@그래너맘대로해,아니...3등신 짱구볼살 리틀조땡에서 말도하고 자기주장도 좋아진 리틀혜주가 된 유쭈이..ㅠㅠㅠㅠ,False,,0.0,0
@dofl1432,오 4분전~~ 애기애기ㅋㅋ유주니 너무 귀여워ㅠㅠㅠㅠㅠ,False,,0.0,0
@0123-d4k,저출산 공익광고 이가족이 나와죠야하는데❤,False,,0.0,0
@jihyunchoi6174,드디어 왔다…! 내 하나뿐인 월요병 치료제!☺️,False,,0.0,0
@고로로-c9q,꺅 4분전~~~~,False,,0.0,0
@sohyun971018,쪼유준 안뇽,False,,0.0,0
@김서율-v4e,"<a href=""https://www.youtube.com/watch?v=mZHFwgerMBk&amp;t=886"">14:46</a> 줄넘기 바운쓰 바운스~😮",False,,0.0,0
@soft-fleece,유준아 항상 행복을 전해줘서 고마워,False,,0.0,0
@qpansnwlfbsua,"수능 3일전 최고의 선택, 조유준 🤍",False,,0.0,0
@9a_ri,"<a href=""https://www.youtube.com/watch?v=mZHFwgerMBk&amp;t=274"">4:34</a> 아니 ㅋㅋㅋㅋ 어이어이도 웃긴데 그 다음에 양이나 강아지 부르듯 휘파람으로 오는 게 ㅋㅋㅋㅋㅋㅋ 유주이 니 강아지가… 🥹🥹🥹 기염둥이…",False,,0.0,0
@Niu-b5e,나는 무당 유화림이다,True,@9a_ri,1.0,0
@user-eh4zc5fi9q,아 요즘 윤서 왜 이렇게 귀엽지??ㅠㅠㅠㅠㅠ,False,,0.0,0
@망고-t7c2r,작년 12월에 결혼해서 임신준비중이에요 유준이보고 진짜 하루하루 유준이 처럼 귀여운 아들 가지고 싶단 생각 1000000000%%%번 해요 ㅠㅠㅠㅠ 진짜 저의 힐링은 유주니 보는 거에요..💗 저한테 기좀 주세효!!!😍😍😍,False,,0.0,0
@fre9433,"영상 2분전,,❤ 심장설레,,,❤",False,,0.0,0
@이다육,사랑해요,False,,0.0,0
@hyeonii56,오늘도 귀엽댜 조쭌 ㅜ ㅜ 💖💖,False,,0.0,0
@플라워-r7l,유준아 이모 웃게 해줘서 고마워😊,False,,0.0,0
@야옹-q9v,ㅠㅠ🩷💘,False,,0.0,0
@tia-t8d,역대급썸넬❤,False,,0.0,0
@sxxyeoxil,왔다 삶으 낙...,False,,0.0,0
@김서율-v4e,"<a href=""https://www.youtube.com/watch?v=mZHFwgerMBk&amp;t=811"">13:31</a> 우르르 꽝꽝 미쳐❤",False,,0.0,0
@palette7696,유준이 커가는 속도로 달려왔습니다.,False,,0.0,0
@이현정-y4v,"유준이 귀여워 그냥 귀여웡 너무 귀여워 <a href=""https://www.youtube.com/watch?v=mZHFwgerMBk&amp;t=153"">2:33</a>",False,,0.0,0
@Jun_yeong_,으하 기다렸어요❤,False,,0.0,0
@Jeju_9reum,유주니 보따보따하는 것 처럼 달려왔습니다❤,False,,0.0,0
@이현정-y4v,유준이 귀여워 그냥 귀여웡 너무 귀여워,False,,0.0,0
@myvloglisten,월요일날에 유준이 영상은 최고야❤,False,,0.0,0
@luylove0819,조유준 이다 ㅋㅋ,False,,0.0,0
@여니여니-w4j,1분전 쥐잉네~~🩵,False,,0.0,0
@원-r9j,오늘도 쪼유주니 보고 내일 힘내야겠다!!,False,,0.0,0
@KimHoBread11,아 넘흐 겹다❤❤,False,,0.0,0
@손은정-w9w,유준이 너무 귀엽게 생겼어요,False,,0.0,0
@yeon752,꺄🩵🤍,False,,0.0,0
@2nayoung0,안봤는데 다봤다 아니 안봤다 보는중이다,False,,0.0,0
@xollvw,쪼유준🩷🩷,False,,0.0,0
@김리엔-f6f,1분전 취잉네 ~,False,,0.0,0
@Sawgkb,수능 전 마지막 유준 😍😭,False,,0.0,0
@또욘-m8y,새로고침하니까 선물이 뜨네 ❤❤,False,,0.0,0
@뇽녕안,이거지예,False,,0.0,0
@에스더-t4g,"유준,,먹태 넘 기엽자냐❤️",False,,0.0,0
@지니-m1n,쥐잉네👍 조유준..🍀,False,,0.0,0
@박가연-n5k,유준아 이모가 너 덕분에 웃는다 고마워❤️,False,,0.0,0
@임세연-g8s,유준이보러 달려왔어용🫶🫶,False,,0.0,0
@sssujinn,😊,False,,0.0,0
@sde._.11,"기말공부하다 유튜브에서 노래 들으려고 찾고 있었는데 쪼쥰이 딱..<br>이것만 보고 기말 공부해야지❤❤❤<br><a href=""https://www.youtube.com/watch?v=mZHFwgerMBk&amp;t=302"">5:02</a> 유준 캠 너무 좋아요❤",False,,0.0,0
@최윤주-p7d,전주라니!!!,False,,0.0,0
@리나하세요,25빠ㅏㅓ❤❤39초전❤<br>저 생일 유주니랑1일 차이.❤❤2.19일❤,False,,0.0,0
@moonookim,조유주니 앙다문 입술 너무 사랑스럽네.. 천천히커..아니빨리커…,False,,0.0,0
@핑핑이-z3v,월요일병 치료제 유준아 사랑해~❤,False,,0.0,0
@이경주-f9q,이시간만 기다려따!!!!조유준 등쟝!!!!!!!!!!!,False,,0.0,0
@capthyo,유준이다💕💕,False,,0.0,0
@misunderstand9,56초전 발견,False,,0.0,0
@김수인-s9r3d,월급 사라지는 속도로 달려왔습니다🤍🤍🤍,False,,0.0,0
@하트리움,❤,False,,0.0,0
@수현-sookong,사랑해 조쮼🩵🩵,False,,0.0,0
@무진-r3w,56초전 !,False,,0.0,0
@주요-o2n,유주니 m자 머리 너무 귀여웡,False,,0.0,0
@꼬질밥풀,38초전인데 <br>벌써...,False,,0.0,0
@leehy_jjiinnii,ㅠㅠㅠㅠㅠ안올라오는줄알구 1분간 슬펐다구요ㅠㅠ,False,,0.0,0
@Yeowolove,시험 잘쳐서 오는 보상인가봐요 유준이 🩵,False,,0.0,0
@danha6123,새로고침 하니까 나온 내 힐링❤,False,,0.0,0
@현다솜-v2i,유주나 안녕 ㅎㅎㅎ 포크질도 너무 잘하고 다 컸넹,False,,0.0,0
@이죠-p5n,유준이 바나나 먹는속도로 왔어용,False,,0.0,0
@user-ph5rc4yx6l,매일 오픈런(?) 하면서 유준이 ♥,False,,0.0,0
@taehee126,하조유준귀여워<br>(아직안봄 이제볼고야 유주니 행복만해 ♥ ),False,,0.0,0
@딸기좋아-r6k,2빠..가 아니네,False,,0.0,0
@Yoth22,말벌 아저씨처럼 달려왔습니다.,False,,0.0,0
@sh.hhh_0,유준이처럼 뛰여왔습니다,False,,0.0,0
@제나320,유준아 너무 많이 컷다😭😭,False,,0.0,0
@jennykim6126,와우웅,False,,0.0,0
@BAnny901,❤️❤️❤️,False,,0.0,0
@mmengr01,헉 바로 달려왔어용,False,,0.0,0
@binwinter_,유준아아ㅏㅏㅏㅏ,False,,0.0,0
@Wir11,유준아 너 볼ㄹ고 달려왔다❤,False,,0.0,0
@유튭브-w8u,유준아❤,False,,0.0,0
@유희수-t3n,❤,False,,0.0,0
@지니어스-j7s,1등!!!!!유주니 기다렸엉❤,False,,0.0,0
@Jjjy02,조유주누눈♥️,False,,0.0,0
@lnylny2222,왔다 나의 월요병 치료제❤️,False,,0.0,0
@linachen7608,유준이~~~,False,,0.0,0
@_25.95,월요일 조유준 사랑해❤❤,False,,0.0,0
@sh.hhh_0,7초 전이양,False,,0.0,0
@kmijbna.113,오늘도 귀여웝❤,False,,0.0,0
@heyyojo,월요요정 유준이 왔다,False,,0.0,0
@지우박-f3y,1,False,,0.0,0
@김서율-v4e,조쯍이❤,False,,0.0,0
@혜원-z1n,❤❤❤❤,False,,0.0,0
@이현정-y4v,귀여웡,False,,0.0,0
@스리-s5d,59분부터 들어와 유준이 기다리기,False,,0.0,0
