author,comment,is_reply,reply_to,reply_count,is_spam
@user-cl7kl6ii6r,둘 다 노홍철같다,False,,0.0,0
@John-s4h2t,노긍정 선생님,False,,0.0,0
@xls2161,thㅡ타트?,False,,0.0,0
@nnnkkmm,역시... 아버지가 대기업 임원이셔서 그런가...,False,,0.0,0
@함치르르,제 모토가 홍철이 형님입니다... 솔직히 무한도전때는 그렇게 부럽다고 느껴지진 않았는데 홍철형님 유튜브 시작하고 나서는 부러워서 샘이나더라구요 ㅋㅋ 너무 부럽습니다 형님처럼 즐기면서 살고싶습니다.. 파이팅입니다!! 저를 좀더 즐기고 싶게 만들어주세요!!1 파이팅!!!,False,,0.0,0
@mochalatte007,사이타마 대학에서 교수하시다가 히토츠바시로 옮기셨군요. 역시 엘리트…,False,,0.0,0
@Mr.K-f2m,히토쯔바시 문과계의 kaist대학이라보면됨 경영은 특히 유명 도쿄공업대와 히토쯔바시는 도쿄대급대학,False,,0.0,0
@쏘리쏘리,혼자  말다하는거같네 😂<br>목소리가 너무똑같애<br>형제 우애보기좋아요,False,,0.0,0
@프레드훈,홍철이형 내년에 꼭 후지락페스티벌 가보셨으면 좋겠어요 힘들지만 진짜 지상낙원이에요ㅠㅠ,False,,0.0,0
@nabi9964,"형님의 옷이 너무 멋있어요. 계확대로 늙은 사람, 행동력!",False,,0.0,0
@밀크-z1b,형님 티셔츠 정보 좀 주십시요ㅜㅜ,False,,0.0,0
@말걸지마라-c5s,형제라 당연하겠지만 말투라든가 쓰는 어휘가 비슷하시네 ㅋㅋㅋ,False,,0.0,0
@YKruby29,아 너무 재밋어보야요 ㅋㅋㅋㅋㅋ,False,,0.0,0
@user-shgkppp,갓성철 갓홍철 무한도전!!,False,,0.0,0
@cellian8488,홍철형님 늘 행복하세요,False,,0.0,0
@cwaddle,진짜 비슷허게 생기셧네 ㅋ,False,,0.0,0
@이구역에미친놈은나야,귀한 영상감사합니다,False,,0.0,0
@BlueberryDarlene,ㄱ글 에서 벳프리 보고 나면 다낵질 보충제 한사발 빨아야 한다는데 사실인가요??,False,,0.0,0
@하늘문을열자,핑계고 출연 부탁합니다 형님 가는고야❤❤❤😊😊😊,False,,0.0,0
@지니쿠,"<a href=""https://www.youtube.com/watch?v=nrSkCdgK7gw&amp;t=970"">16:10</a> 너무 눈물나는 멘트네요ㅠㅠ",False,,0.0,0
@신나고재밌고고고인생,진짜 노호철님처럼 살아야하는데 하고싶은거 다하고..        그놈의 돈이 문제야,False,,0.0,0
@룰루랄라-q8p,갈수록 기인이 돼가네,False,,0.0,0
@sikso2490,멋있다,False,,0.0,0
@김성준-g4k,형님 무한도전 20주년 이래요ㅠㅠ 진짜 마지막 소원이 있다면 마지막 딱 한회<br>다같이 계신모습 끝까지<br>보고있네 내가좀 살았으면 하는<br>마음으로 끝까지 보고있눼에에엙!! 하는 마음으로 기다리겠습니다!!,False,,0.0,0
@joker-sn1qh,찌롱이형 웃음소리 너무 웃김ㅋㅋㅋ무도에서도 명수옹이 드립칠때 특히 저 웃음소리 나왔었는데ㅋㅋㅋㅋㅋ,False,,0.0,0
@nani_119,홍철오빠 이렇게 차분한거 처음 보는거같아요 ㅋㅋ 가족과 함께 하셔서 그런가 편안해보여서 너무 보기 좋아용 차분한 초긍정 형님이랑 차분해진 초긍정 동생 조합 너무 좋다❤❤,False,,0.0,0
@ejk7148,형은 차분한 노홍철 버전이신듯 형제 두분이서 알콩달콩하시네요😊,False,,0.0,0
@손지영-m9m,둘다 상황을 받아들이는게 너무 긍정적이야 ㅎ 보통의 형제는 저런상황에서 탓할만도한데.<br>또 하나 배워갑니다^^,False,,0.0,0
@user-446-js50,결혼 안해도 걱정이 안되는 연예인 1위 노홍철,False,,0.0,0
@5252-b8r,이야 히토츠바시.. 명문대 교수님이시네요,False,,0.0,0
@숑희,어떻게 형제가 저렇게 우애가 좋을까ㅋㅋㅋ부모님이 행복하시겠어요,False,,0.0,0
@게임용-c4g,와 목소리마저 비슷하시네...,False,,0.0,0
@bonaom,"노홍철씨 동네 스벅에서 한번 봤는데,  영상보다 10배는 더 멋져 깜놀.  확실히 연애인은 피부  골격등  와꾸가 다름.",False,,0.0,0
@Poibvgj,부모님이 참으로 궁금해지는 에피소드네요😊 어쩜 형제가 이렇게도 다정하고 올바를까요 부럽습니다~~,False,,0.0,0
@shan3386,홍철님.....넘 오램만에뵈요~<br>무척이나 반가운데....<br>.예수님머리와 수염을...<br>아멘...🙏🏻,False,,0.0,0
@net5713,노긍정형제 멋있네요,False,,0.0,0
@bluerainbow9508,같은 형제인데 형은 전형적인 교수 스타일 동생은 전형적인 연예인 스타일 근데 눈주위 말투 톤 억양은 비슷 그래서 피는 못속인다,False,,0.0,0
@카라멜마끼아또-z2f,홍철이형 이제 외모가 아주 사이비교주 같아보여요….,False,,0.0,0
@sundong2760,어?배우 류승범님이시다~~~지금 외쿡에 계신다더니..😊,False,,0.0,0
@user-yx5pu8es1i,사업은 이병철 처럼 결혼생활은 최수종 처럼 인생은 노홍철 처럼~~~~~~~~~~~~~~~~~~~~~~~,False,,0.0,0
@doublea4733,뭔가 나랑 내 동생을 보는거 같네...친한거 같은데 친하지 않은 듯한 느낌의...원래 더 친한데 방송이라 좀 다르게 나오나??,False,,0.0,0
@망구-s7i,성철이 오랫만이네,False,,0.0,0
@달은해가꾸는꿈-f9z,와.. 형님들의 투샷을 환장의 짝궁에서 보고 여기서 처음 보네요 시간 참,False,,0.0,0
@bsbsbbs6226,사이비 교주같해 ㅋㅋㅋ,False,,0.0,0
@TwoRabbits9987,환상의짝꿍도 벌써 17년이 지났구나<br>세월 진짜 빠르다,False,,0.0,0
@올드맨-c5g,아 저 형수님이 바로 ㅋㅋ 배우 김학철씨 따님이시구나 ㅋㅋ 여기는 등판 안하시나 ㅋㅋㅋ,False,,0.0,0
@Saengilgongji,이분이 김학철 배우 사위군요,False,,0.0,0
@Eeennnfffppp,힛츠 학부생이었는데 반갑네요! 학교 이름 빼면 접점 1도 없지만 ㅋㅋㅋㅋ,False,,0.0,0
@Qwer12340,형제가 ㅋㅋㅋㅋ 너무사랑스럽다;;;;; 아들둘 저렇게크면 얼매나조와 난 형도 형인데 ㅋㅋ 형은 무도에서 봤어가지고 ㅋㅋㅋㅋㅋㅋ부모님이 젤 궁금해,False,,0.0,0
@_waaghlord8803,저도 친형이랑 둘이 후지산 갔을떄 정말 구름이 자주 껴서 거의 못봤는데 새벽 5시즘에는 완전 깨끗하게 보이긴 했어요 ㅎㅎ 후지산이 쉽게 꼭대기를 보여주지 않는다 합니다,False,,0.0,0
@yesmanjay,아이고 홍철형님의형님 오랜만에 보네요ㅎㅎㅎㅎㅎ,False,,0.0,0
@요아소비-s8m,인생은 노홍철처럼,False,,0.0,0
@막강이성,철형제 우애 보기 좋네요..^^<br>울 형은 외 다정하지 못한겨..**,False,,0.0,0
@칩칩이,형이 히토츠바시대 교수네 ㄷ ㄷ .......,False,,0.0,0
@서주-w1h,형이랑 대화할때 가장 재밌다니~! 진짜 행복한 사람 맞네요^^,False,,0.0,0
@pgp8554,아니 썸네일보고 셜록현준이랑 콜라보인줄 알았음😮,False,,0.0,0
@제리-i1b,형제가 모두 머리가 좋네ㅎㅎ,False,,0.0,0
@jh-sy4ob,형제끼리 우애좋기가 쉽지 않은데 우애 좋응 형제 오랜만에 봐서 뭔가 입가에 미소가 끊이질 않네요ㅎ,False,,0.0,0
@llarcfantagy,홍철이형  여행컨텐츠도좋지만 형이  또 잘하는거있자네 무도  쩐의전쟁할때 돈버는 스킬같은거  올려보는건어때  이런게 또 시청자들이 좋아라하지않겠어?,False,,0.0,0
@mrbig2851,홍철아 ~ 연락 함주라,False,,0.0,0
@대다나다-w6u,다행이다 형이 희생아니어서 다잘돼서 조타,False,,0.0,0
@해바라기처럼-z2z,럭키가이신데 비가 많이 와서 아쉬우시겠지만 긍정가이니 이또한 쏘 럭키,False,,0.0,0
@해바라기처럼-z2z,형제가 멋있네요. 부모님이 보시면 얼마나 뿌듯해 하실까요 형제2명이 다 잘되기 쉽지 않거든요😊각자 다른일을 하고 있지만 스타일이 많이 다를뿐 목소리도 얼굴도 비슷하고 마인드도 두분다 훌륭하시고 홍철씨는 영상들 보면서 느끼는거지만 나이에 비해(적은 나이는 아니시지만) 성숙된 느낌(애어른 느낌 속은 60~70대~스타일은 여전히 젊지만요)이에요.  본받을만한,False,,0.0,0
@Jeowlsla,항상 밝고 긍정적인 노홍철이랑 같이 있으면 주변사람도 덩달아 행복해질거같다. <br>나도 누군가에게 그런 사람이 될수있기를…!!,False,,0.0,0
@dh01929,키자루 아니냐?,False,,0.0,0
@ReaIWakGood,무한 긍정인 노홍철도 이번엔 아쉬움을 숨길 수 없는 ㅋㅋㅋ,False,,0.0,0
@jjmaetro,"<a href=""https://www.youtube.com/watch?v=nrSkCdgK7gw&amp;t=977"">16:17</a> 감동 와장창이긴한데 부모님은 형의 두뇌를 정확하게 알고 젭알 부탁인데 공부만 해줘 ㅠㅠ 연극말고 ㅠㅠ 한게 아닐까",False,,0.0,0
@jjmaetro,"<a href=""https://www.youtube.com/watch?v=nrSkCdgK7gw&amp;t=554"">9:14</a> 등판 닉값 오짐 ㅋㅋㅋ",False,,0.0,0
@ohman9662,형수 옷차림에서 순수함이 느껴짐!!!,False,,0.0,0
@III-s6o,"빠니보틀처럼 능동적이고 활기찬 mz세대 느낌이 아니라, 무한도전에서 봤던 노홍철님임에도 불구하고 정갈하고 조용하게 여행을 느낄 수 있는 분위기여서 또 다른 매력이 있는 거 같아요. 저도 mz세대지만 이런 노홍철님의 영상 분위기도 멋진 것 같습니다. 방송파셔서 그런 지 비속어 없이 차분한 느낌이여서 더 매력적인거 같아요",False,,0.0,0
@silver8301,형도 thㅓ비스업 이러네 ㅋㅋㅋㅋㅋ,False,,0.0,0
@김교탕,형님도 성공하셨네,False,,0.0,0
@93eunbyul,노찌롱...진짜 행복하게 산다 부럽다ㅏㅏㅏㅏㅏ😊,False,,0.0,0
@민들레-p6t,특이하다<br>굳이 저렇게 수염기르고 머리기르는게,False,,0.0,0
@nueosp,찌롱 오빠도 형수님처럼 참하고 착한 짝꿍 만나셨으면 좋겠습니다❤,False,,0.0,0
@열심히하자-o7v,오랜만에 봤는데 그냥 철권 폴이네 ㅋㅋ,False,,0.0,0
@대한민국-t2b,무모한도전 지하철과 달리기 하는 속도로 왔습니다.,False,,0.0,0
@YUKI-ee9dk,형님과 이웃사촌이네요 ㅎ 낯익인 맨션이 나와서 깜짝놀랬어요 😅,False,,0.0,0
@라온라율,말끝마다 형 형이러는게 너무 귀여우시다 꼭 형아야 형아야할것같음ㅋㅋㅋㅋㅋㅋㅋ,False,,0.0,0
@jjjbem828,가평이랑 뭐가 달라..?,False,,0.0,0
@임희주-p3r,저형님 진짜 멋진분 이시죠 난하고싶은거 다 못했으니 너라도 하고싶은거 다해라 하셨죠,False,,0.0,0
@Stelle_the_silly,방송에 나와서 자기 별명을 정상인이라고 했던 사람이 있다?,False,,0.0,0
@신동연-k8x,히토츠바시 엄청 좋은대학입니다,False,,0.0,0
@이상규-y8b,노홍철씨 말투가 그냥 그 집안 말투였어? ㅍㅎㅎㅎㅎㅎ<br>그 말투의 기원이 궁금한데... 부모님도 한번?,False,,0.0,0
@곽철용-y6p,"<a href=""https://www.youtube.com/watch?v=nrSkCdgK7gw&amp;t=8"">0:08</a> 그 웃음",False,,0.0,0
@drlee3348,노성철 박사 KAIST 학부 연극동아리 이박터 옆의 커튼콜의 이강희박사입니다. 노박사 학부때부터 항상 훌륭한 에너지의 후배였는데 여전하네요. 두 형제 항상 모든이에게 건강한 영감을 주시고 행복하시길 바랍니다 ^^,False,,0.0,0
@l9금-풀버젼-야뎡q-l8t,"두 형제가 어쩜 이렇게 사이가,,, 좋을까요 부모님들이!!! 얼마나 뿌듯 하실까요????",True,@drlee3348,1.0,0
@아이스뱅-k4g,노홍철 카메라들면 방송티났는데 이제는 빠니처럼 자연스럽네,False,,0.0,0
@leebruce7514,이야 형제가 둘다 ㅆㅅㅌㅊ 인생이다.... 짱짱맨 ㅠㅠ,False,,0.0,0
@eungram,홍철님 초긍정 저도 많이 배워가용👍,False,,0.0,0
@가나다-w2g2g,무한도전 환장의짝궁 연대 대학원,False,,0.0,0
@이름-k6f,노홍철 뽀에버 ☺️🤍🤍,False,,0.0,0
@John-Jang,우리의 인생이 원하는바로 흘러가면 좋지만.... 대부분 99%는 원하지 않던 방향으로 가더라도 자기와 끝없이 타협을 하죠.  두형제의 대화에서 원하는 삶을 살아가는 그 1%에 해당하는 삶을 살아가는 것에 부러울 따름 입니다.,False,,0.0,0
@psy-t8e,뭔가 마음 편안해지는 영상 :),False,,0.0,0
@hoihoi_k8341,뭔가  노홍철은 덮홍철이고 형은 뭔가 깐홍철 같은 ㅎㅎㅎ 느낌이다...ㅋㅋㅋㅋㅋㅋㅋㅋㅋㅋ,False,,0.0,0
@고민욱-o3m,"본인이 가정의 기대와 장남의 무게를 짊어질테니, 너는 하고싶은거 하면서 살라고 동생에게 말해준 멋진형님...",False,,0.0,0
@상구누나,제발 홍철이형 체스트캠 달아줘....... 각도 산으로가 ㅜㅜㅜ,False,,0.0,0
@euvvuvu,와 아파트에 게스트룸도 따로 있고.. 좋은 데 사시네,False,,0.0,0
@MaknaeCarrot,학교에서 서폿하겠죠,True,@euvvuvu,1.0,0
@sw22tacorn76,노홍철+김풍,False,,0.0,0
@빨간수건-k9e,와 볼살 좀 처지신거 빼면 그 때 얼굴 그대로 남아계시네,False,,0.0,0
@gg-ts6ic,홍철이형 판사아니였나?,False,,0.0,0
@Rocksteric,라쿠텐 접수,False,,0.0,0
@raspberrycream_32,5개월 아기 키우고 있는데<br>우리아들도 홍철님처럼 하고싶은 일 하면서 행복하게 살았으면 좋겠네요 ❤,False,,0.0,0
@llamaalpaca9620,노홍철씨 입은 실행력 티셔츠 어디 파는지 아시는 분 계실까요?,False,,0.0,0
@jennykim888,두 형제가 어쩜 이렇게 사이가 좋을까요!! 부모님들이 얼마나 뿌듯 하실까요!!❤,False,,0.0,0
@Vforvanessaaaaa,목소리랑 억양이 똑같아요 ㅋㅋㅋㅋ,False,,0.0,0
@shu4213,와 히토츠바시 대학 교수 ㄷㄷㄷㄷㄷ,False,,0.0,0
@킹빵식,아 형님 너무 좋음!,False,,0.0,0
@baggggg-x4p,눈빛들에서 둘다 은은하게 광기가 묻어있어,False,,0.0,0
@user-zi2lr4td1g,둘이 은은하게 똑닮음,False,,0.0,0
@modeljws,히토츠바시 명문대죠.. 가고싶었으나 떨어져서 못 갔음 ㅠㅠ,False,,0.0,0
@Bminus1991,숙소직원분이 커플인줄알았겟다 ㅋ,False,,0.0,0
@jerikira,홍철이형 약간 토르 닮은거 같애 (?????),False,,0.0,0
@User-n2h7z,인급동 축하드려요! 항상 응원하고 있어요<br>무도에서 나오셨을 때 똑닮으셔서 너무 신기했는데ㅋㅋㅋ,False,,0.0,0
@요를레히-l4b,"<a href=""https://www.youtube.com/watch?v=nrSkCdgK7gw&amp;t=970"">16:10</a> 알바하다가 우는사람돾다.. 너무 감동적이고 슬프어ㅠㅠ",False,,0.0,0
@songsong567,형도 끼가 많으셨군요<br>동생한테 하고 싶은거 다 하라고 했던 형이 멋지네요^^,False,,0.0,0
@Mmtmr,검정치마 원래 이름은 조홍철,False,,0.0,0
@huchukong,행복을 느끼는 것도 유전이라고 들었는데<br>노홍철님 형제를 보니 정말 그렇네요💙,False,,0.0,0
@perfectday20,동생을 꿈을 응원해준 그 친형인가 보네요,False,,0.0,0
@minmin-kz9rr,뭔가 처음으로 노홍철 부러움.좋은 환경에 좋은 가족 결이 완전 다르지만 성공한 형제.,False,,0.0,0
@밥밥삐라라,차는 닛산!!,False,,0.0,0
@웅운-h2c,똑닮았네 ㅋㅋㅋ,False,,0.0,0
@forty4our,조카는 없나보네 홍철이네 유전자 이대에서 끝인가보네,False,,0.0,0
@forty4our,형 결혼햇구나,False,,0.0,0
@띵윙윙,"무도때 연대에 계셨던거 같은데 ㅋㅋㅋㅋㅋ언제세월이. 이르케 . . , 갔냥 😮😮😮",False,,0.0,0
@mrdiaz-jirongE,A-YO,False,,0.0,0
@josephchang1560,헐 무도 환장의짝궁 보고 나니깐 바로 이 영상이 뜨네,False,,0.0,0
@영준-c7y,히토츠바시... 와,False,,0.0,0
@liebe-ky1fv,진짜 형제자매들은 외모는 안닮을수있어도 보통 목소리는 똑같은거 같음,False,,0.0,0
@heieSchnitte,김풍인가요?,False,,0.0,0
@안상연-b8m,눈 덮인 thㅓthㅏ<br>                ㄹ.   ㄴ,False,,0.0,0
@kayyu3188,형님이 엘리트시군요... 히트쯔바시 명문 대학 교수시구요.... 헐... 노홍철님 가족중에   이렇게 다른  DNA  구조를 가지신분이 계실줄...  암튼 두분 모두 다 하시는 분야에서 성공하셔서. 축하드립니다.,False,,0.0,0
@nasyonaru9333,히토츠바시 한개다리대학 이지만<br>명성은 대박,False,,0.0,0
@junggyunpark3874,이런분이 무도에서 하셨던 것 보면 완전 다른 분이네 ㅋㅋㅋㅋ,False,,0.0,0
@leechanghyun,진짜 따뜻해지고 영상 좋다 ㅎㅎ,False,,0.0,0
@오맹달-n3n,목소리 말투 비슷해 ㅋㅋㅋㅋ,False,,0.0,0
@바로-q3e,무도 이후로 홍철님의 형님 보게되네요,False,,0.0,0
@changyeol_lee,교수님 영상에서는 오랜만에 뵙네요!!<br>예전에 교수님 논문으로 사회학 공부했습니다! 이름이 낯이 익더라구요,False,,0.0,0
@맥그로우-f7m,정보) 노성철 형님의 게임아이디는 정상인이였다,False,,0.0,0
@Jeowlsla,ㅋㅋㅋㅋㅋㅋㅋㅋㅋㅋㅋㅋㅋㅋㅋㅋㅋㅋㅋㅋㅋㅋㅋㅋㅋㅋㅋㅋㅋ,True,@맥그로우-f7m,1.0,0
@ForJapanLife,👍💙❤️🫶🫰🗾,False,,0.0,0
@ish05041,존윅과 노홍철,False,,0.0,0
@하고싶은거_다해,둘이 어릴 때 참 재밌게 놀았을 거 같아ㅋㅋㅋ,False,,0.0,0
@알와이유,두분 나오셨던 환장의 짝꿍편 봤던게 정말 엊그제 같은데... 벌써 제 나이가 40이네요... 세월이 참ㅋㅋㅋㅋ<br>즐거운 기억을 주셔서 감사했습니다~<br>두 분 모두 건강하시길!❤,False,,0.0,0
@hirit418,"<a href=""https://www.youtube.com/watch?v=nrSkCdgK7gw&amp;t=1221"">20:21</a> 자메이카 누드비치 생각나네 ㅋㅋㅋㅋㅋ",False,,0.0,0
@icecoffee3980,와 히토츠바시......클라스 지린다,False,,0.0,0
@sook8907,노홍철씨 우리 아들도<br>그아파트에 살고 있어요,False,,0.0,0
@성연홍-z5c,오랜만에  보니  엄청  반가 왔어요  결혼  해서  리틀  홍철  데리고  슈퍼맨에서 보고  싶어요 그날  기다릴께요 😊,False,,0.0,0
@SUHA-k9v,어느나라든 교통체증 있는건 똑같네요ㅎㅎ<br>사람사는건 다 똑같아,False,,0.0,0
@lemon_hama5940,와 ㅎㅎ 두 형제 하는 일도 다르고 성격도 엄청 달라보이는데 말투가 진짜 똑같아요 ㅎㅎㅎ역시 형제는 못속이네여,False,,0.0,0
@릴리리릴리,아파트가 다 형꺼에요?,False,,0.0,0
@리에바-y7x,"아니 형님!,, 이게 누구야!!! 아니 형님 너무 오랜만이에요 !<br>좋아~  역시 달라~",False,,0.0,0
@sangahshin,말투 오묘하게 비슷한거 너무 신기해요.. 어뜨케 그러지..,False,,0.0,0
@MrHj1210r,성철형님  보고싶어 써욬 ㅋ,False,,0.0,0
@윤창현-l1x,"긍정의 노홍철 선생님... 행복해서 웃는게 아니라 웃어서 행복한겁니다..라고 하셨죠 ㅠㅡㅠ<br>(무한도전 멤버분들이랑 대화하는것도 재밌을것 같아요 ㅠㅠ)<br><a href=""https://www.youtube.com/watch?v=nrSkCdgK7gw&amp;t=1209"">20:09</a> 자메이카 특집때 누드비치가 생각납니다..ㅎㅎㅎㅎㅎ",False,,0.0,0
@네티즌-f3l,난 히토츠바시대학 가고 싶어도 성적이 안돼서 못갔는데;;<br>히토츠바시 대학교수라니; 대박이네요.<br>참고로 영상 중간에 라쿠텐 트래블이라고 나오는데...지금이야 라쿠텐하면 야구팀도 있고 여러 계열사도 거느리고 있는 거대한 대기업이지만 라쿠텐그룹은 온라인 전자상거래업체로 시작을 했고 그걸 창업한 사람이 히토츠바시 대학 출신임.,False,,0.0,0
@Tea_ccc,홍철이형 외모가 점점 예수를 닮아가는거같아,False,,0.0,0
@Jun-fp6wi,"한국 자동차에도 etc카드로 하이패스 결제하도록, 차량 단말기 업그레이좀 했으면..",False,,0.0,0
@thankyou1054,왠지 모르겠는데 다시 찾아봐서 볼 정도로 두 형제 간 관계의 온도가 너무 따숩고 편하네요.,False,,0.0,0
@jkstyle9597,오 히토츠바시,False,,0.0,0
@yo_niiii,정말 보자마자 친형 이시네오 :),False,,0.0,0
@스포해안해,ㅈ밌네욬ㅋㅋ,False,,0.0,0
@siestablue,토리키조쿠는 한국보다 저렴하네요 ㅎ한국은 4900원인데..,False,,0.0,0
@100RETURN,쉽게 실행할 수 없을 것 같은 남동생과의 여행,False,,0.0,0
@나유진-v6f,형님 나오는 편 좋아요좋아용❤,False,,0.0,0
@jaehankwon4007,말씀 투가 비슷하네요 ㅎㅎ 좋네 ~,False,,0.0,0
@homecookteacher4746,형님집에 놀러가셧꾼요.ㅎㅎ행복해 보입니다.❤❤,False,,0.0,0
@Ozzy-xn4dq,형님이 러셀 크로우 젊은 시절 느낌이신데요? 진짜 연극하셨어도 잘 어울렸을거같네..,False,,0.0,0
@오긍정-f1j,아니 홍철님 이제서야 유투브 하시는걸 알았는데 왜 예수님이 되신거죠?ㅋㅋ,False,,0.0,0
@와후루,오 히토스바시 대학 좋은학굔데 거기 교수님이면 대단하시네요 ㅎㄷㄷ,False,,0.0,0
@saunamania7,야외 노천과 냉욕이라니~ 시설도 근사하고 멋진 사우나입니다~,False,,0.0,0
@30대아재리뷰,항상 긍정적이라 좋음,False,,0.0,0
@nancymurakesh2659,형제가우애가좋네요 예뻐요,False,,0.0,0
@HeitaIshiyama,롤카롤카에서 드디어 양성반응을 보이고 있어요 궁긍하면 검색해봐,False,,0.0,0
@pinker-gh1hv,목소리가 진짜 똑닮음ㅋㅋㅋㅋㅋㅋㅋㅋㅋ,False,,0.0,0
@Parkjisung91,무도에서 환장의 짝궁으로 출연하셨을때 정말 재밌었는데..현실에선 환상이군요.,False,,0.0,0
@센겔열역학,노윅,False,,0.0,0
@moon2078,무도 때 그 장난기 있는 모습과는 전혀 다른 점잖은 모습이 좀 이상하네요 ㅋㅋㅋ,False,,0.0,0
@mockcandy267,"<a href=""https://www.youtube.com/watch?v=WNpLqd_7eww"">https://www.youtube.com/watch?v=WNpLqd_7eww</a><br><br>무도 환장의 짝궁특집인데 이 때 뵙고 오랜만이네요 ㅋㅋㅋㅋ<br>동생이 돌아이였다면 형은 싸이코였다는 ㅋㅋㅋ 모든 아이디에 싸이코가 들어갔었다는 그 형님 ㅋㅋㅋㅋㅋㅋㅋ<br>잘되셔서 좋습니다 ㅜㅜ 종종 영상에 나와주십쇼!",False,,0.0,0
@happyjy3326,앗 목소리 같아요,False,,0.0,0
@findmyhappiness,말투가 진짜 똑같은거 보니 가족은 역시 다르네요 ..♥️ 보기 좋습니다 항상 응원합니다!,False,,0.0,0
@아듀-v1z,목소리가 닮았어여 ~~~,False,,0.0,0
@nuoooooooooooooooooooooooooooo,형님이 최강록 세프님 닮으셨는디😮,False,,0.0,0
@NomutMaiw,hho,False,,0.0,0
@14K6-b8g,히토츠바시대학 ㄷㄷ,False,,0.0,0
@최영규-u4i,볼에도 수염이 나는군요.... 존윅인줄~~~~~ (저는 수염이 잘 안나서....듬성듬성~),False,,0.0,0
@pureblackcrystal,와.... 진짜 오랜만에 본당!!!<br>2007년 이후로 못 봤는데 ㅎㅎㅎㅎ;;;,False,,0.0,0
@음-q9y,"<a href=""https://www.youtube.com/watch?v=nrSkCdgK7gw&amp;t=1235"">20:35</a> 긍정특집 2탄 ㅋㅋㅋ",False,,0.0,0
@ez-tiger,진짜 형제인게 티나는게 얼굴상이 존똑임 ㅋㅋㅋㅋㅋㅋㅋㅋㅋㅋㅋ,False,,0.0,0
@RuqTro,무한도전때 기억이 나네요 홍철님,False,,0.0,0
@officil1,성철이 형님 올만이네요,False,,0.0,0
@Jimlee-p2u,아니 유대인이 되버린 후덜덜,False,,0.0,0
@로그인로그아웃,노성철 교수님. 진짜 노박사님 아닌가요 ? ㅋ 박사 학위,False,,0.0,0
@호옹호옹-r4e,골든리트리버님 응원합니다.,False,,0.0,0
@이광희-n5d,형하고 안닮은듯 닮았네,False,,0.0,0
@하류시절,히츠 교수시면 괴물이시네 ㄷㄷ,False,,0.0,0
@이상현-y8c,좋다 분위기,False,,0.0,0
@hellohyel,형제가 너무 멋있다,False,,0.0,0
@VLOG-gz1nd,형님 좋아여 🎉🎉🎉🎉🎉🎉,False,,0.0,0
@megan9980,라쿠텐트래블. 좋은정보 감사합니다,False,,0.0,0
@유누유누-g1x,길잘못들어서면 짜증내기바빴을텐데 오히려좋아라고해주는 혈육 너무좋네요 저도 배워서 꼭 실수에관대한사람이 될께요!!🎉🎉,False,,0.0,0
@라이언킹-m6w,ㅋㅋㅋㅋㅋ노홍철형님의 형님 옷이 계획대로 늙은 인간이라니😂 피는 못속이네요!,False,,0.0,0
@gorgo13,"사람은 잘하는걸 해야해 근데 잘하는걸 끝까지 할수있는건 필요함 요즘은 grit 이라고 하기도 하는데 쉽게말하자면 열정,끈기같은개념임 이게 없으면 단순한 일이라도 못함",False,,0.0,0
@kenjikawakatsu3141,노 홍 철 씨ヒゲ剃って髪切ってください宜しく😊お願いします🙏,False,,0.0,0
@운좋은바지-r9z,형제는 형제구나 말투가 완전똑같어요 ㅋㅋ,False,,0.0,0
@ItgirlTown,형님께서 속세를 벗어나 잠시 끼가 숨겨져 있었지만 찬 얼음물에 들어가는 순간 약간 봉인된 무도 끼가 1초정도 나오셨습니다❤🎉,False,,0.0,0
@봄봄봄왔어,수염 좀 자르시지😂,False,,0.0,0
@hyung_2,난 주변에서 엄마랑 목소리 똑같다 할때<br>몰랐는데 이런느낌이구나ㄷㄷ,False,,0.0,0
@윤성준중국차,"<a href=""https://www.youtube.com/watch?v=nrSkCdgK7gw&amp;t=240"">4:00</a> とりきぞく 나 유학시절 2005년도때도 참 인기많았는데",False,,0.0,0
@scenttree4392,홍철님과 형님 입으신 실행력 한자 프린트 티셔츠는 어디서 구매가능한가요?,False,,0.0,0
@오리의세계여행,Very nice!!!!❤,False,,0.0,0
@허스키-g9f,우와 아파트에 요새는 게스트 룸ㄷ도 따로있구나 ㅎㅎ,False,,0.0,0
@jh-gg6sn,말투 비슷하네요.,False,,0.0,0
@user-Neapolitan6,와 카이스트 출신에 히토쓰바시 교수 ㄷㄷ... 지리긴 하네,False,,0.0,0
@하리보-r1i,초초초 엘리트,True,@user-Neapolitan6,5.0,0
@freedomofthepage,이공계로 알고 있는데 히토쓰바시 및아요?,True,@user-Neapolitan6,5.0,0
@Mintchocowaffle,​@@freedomofthepage 영상에서 본인이 그렇다능데 뭔 맞냐고 물어봄,True,@user-Neapolitan6,5.0,0
@sksskdi,@@Mintchocowaffle 개웃기네 ㅋㅋㅋㅋㅋㅋ,True,@user-Neapolitan6,5.0,0
@안녕하세요반갑숩니다,​@@Mintchocowaffle 그냥 좋게좋게 한번 다시 알려줘라ㅋㅋㅋㅋㅋㅋㅋㅋㄱ,True,@user-Neapolitan6,5.0,0
@wonjin1612,이런 힐링영상 너무 좋네요,False,,0.0,0
@시나몬-p9e,멋있습니다~,False,,0.0,0
@경미우-q2j,차분한 노홍철과 텐션올린 노홍철,False,,0.0,0
@LOVERPM,곧나올 몰디브편 기대되요!,False,,0.0,0
@vincentmessi6783,"<a href=""https://www.youtube.com/watch?v=nrSkCdgK7gw&amp;t=74"">1:14</a> 대학 교직원으로 이거 공감ㅋㅋㅋㅋ 대학원생은 고객이죠ㅋㅋㅋ",False,,0.0,0
@스윗,연기톤 귀여우시다 ㅋㅋㅋㅋ,False,,0.0,0
@인터메쬬,재밌어요 형제우애🤝,False,,0.0,0
@bryanfury2584,형 어플 광고 연기 어색함ㅋ,False,,0.0,0
@apple-vx4ol,숙소 이름이 뭐임?<br>가족이랑 가서 쉬고싶네요,False,,0.0,0
@ernesto8093,도쿄에서 저런 맨션이면 존나 잘사는거네<br>형도 ㄷㄷ,False,,0.0,0
@gemlove98,오 히토츠바시.. 명문대인데..ㄷㄷ,False,,0.0,0
@김태기-h1m,역시 노긍정선생ㅋㅋㅋㅋㅋㅋㅋ,False,,0.0,0
@어니언스-w6z,저도 남동생이 하나 있는데 저와 제 동생 모습같아 보기 좋았습니다 아직 저희는 어리지만 둘다 성공해서 꼭 형님 형제와 같이 우애좋은 형제가 되고싶습니다,False,,0.0,0
@mmrneetw,뭔가 홍철이형이 더블 ㅋㅋㅋㅋ 화면가려놓고 들으면 자화자답하는 느낌 ㅋㅋㅋㅋ,False,,0.0,0
@Adelie278,아직도 무한도전 환장의 짝꿍 특집때가 생생한뎈ㅋㅋㅋㅋㅋㅋ시간 빠르네욬ㅋㅋㅋㅋㅋ,False,,0.0,0
@mmanhb552,40후반 형제가 저렇게 쿵짝쿵짝하면서 노는걸 보니 보는 사람까지 기분좋아지네 담날 새벽에<br>홍철이는 대체 뭘 하려고??,False,,0.0,0
@hannakana,"<a href=""https://www.youtube.com/watch?v=nrSkCdgK7gw&amp;t=1235"">20:35</a> 진짜 사이비 교주같이 생겼어 형",False,,0.0,0
@oyo4115,노홍철형 묘하게 최강록 닮았네,False,,0.0,0
@너코웬,성철형님 ㅎㅎ 캐나다에서 테니스도 쳤잖아요! 잘 못쳤지만 에너지 넘치게 친 추억이 생각나서 끄적여봐유. 간간히 화면으로 뵈니 너무 반갑네요 ㅎㅎㅎ,False,,0.0,0
@mangnanyonggg,냉탕들어가실때 같이 웃었어옄ㅋㅋㅋㅋㅋㅋㅋㅋㅋㅋㅋㅋㅋㅋㅋ,False,,0.0,0
@user-koreakwonth02,형은 언제 생겨..?,False,,0.0,0
@슈비루슈비루,대박 연대다니던 그 형님이구나! 얼굴이 예전그대로시네,False,,0.0,0
@alexkim4812,어쩜 둘하는 행동이 똑같네.,False,,0.0,0
@youngkim9553,어여  한국으로 돌아오시면 좋겠네요.😂,False,,0.0,0
@dnadavid6655,ㅋㅋㅋㅋㅋㅋ 말투가 왜케 비슷해 찐 형제네 은근 닮앗네,False,,0.0,0
@keunyoungchoi3373,형제애 뿜뿜❤ 두 분 너무 보기 좋네요❤,False,,0.0,0
@애월이,"보통의 사람들이라면 여행도중 비오고, 자전거 못타고 계획이 계속 어그러지면 부정적인 말들을 스스로에게 여행동반자에게 쏟아낼법한데... 비가 오네요. 현금밖에 안된다네요. 사실을 그대로 받아들이고 뒤에 부정적인 감정이나 말을 추가하지 않으시네요. 정말 배울점이 많고 존경스러운 삶의 태도인것같아요. 홍철 오빠 무도 때 지하철 달리기, 소랑 힘싸움할때부터 전 홍철오빠같은 사람이랑 결혼하고싶었는데 30대 중반이 되니, 내가 홍철오빠처럼 살면 되는구나 느껴요 ㅎㅎ 앞으로도 평생 럭키가이 홍철로 사세요 뿅!",False,,0.0,0
@MortonEcho,ㄹㅇ ㄱ글 에서 벳프리 보면 다른거 눈에도 안들어옴 그냥 다시보면 되니까 개이득임 ㅋㅋㅋㅋ,True,@애월이,4.0,0
@BessThomas-q5g,ㄱ글 에서 벳프리 보고 나면 다낵질 보충제 한사발 빨아야 한다는데 사실인가요?ㅋ,True,@애월이,4.0,0
@BlueberryDarlene,ㅋㅋㅋㅋㅋㅋ ㄱ글 에서 벳프리 모솨서 잼민이 발정났ㅋ,True,@애월이,4.0,0
@donghyunlee-zg8hx,좋은 말이네요~,True,@애월이,4.0,0
@파랑새-q7s,신기하네요<br>두분이 목소리가 비슷해요,False,,0.0,0
@Junny2018,와 홍철형님 아이폰16프로 노케이스 ㅋㅋㅋ 강철심장 ㄷㄷ,False,,0.0,0
@인생사새옹지마-n8w,잘하는것과 재미있는것은 항상 구분을 잘해야하는 법이죠 재능이란건 재밌는게 아니라 내가 잘해야 재능이라고 누가 그러더군요,False,,0.0,0
@大橋愛京,노홍철 형님분 대단하신분이시네요. !!그 유명한 히토츠바시대학에서 mba를가르치는교수님이시다니 대박입니다 🎉,False,,0.0,0
@정유석-l5r,히토쯔바시 교수라니 ㄷㄷㄷㄷㄷㄷ,False,,0.0,0
@김태용-l7j,행복하게 사는 것 그것만큼 중요한게 없지,False,,0.0,0
@ThomasKim0128,노성철님은 무한도전이후 첨 보네요.. 변한거는 없어보이시고 조금 차분해진듯한.. 무도때는 누가 홍철인지 모를정도였는데..ㅎㅎ,False,,0.0,0
@belltea584,목소리도 유전이구나,False,,0.0,0
@baboqoo6,신기하다 ㅎㅎ 말투도 비슷,False,,0.0,0
@smart_똑똑,긍정적 생각 너무 멋쪄요,False,,0.0,0
@KOMAINU1116,오ㅎ오사카 놀려오세용ㅎ,False,,0.0,0
@sami343472,목소리진짜 똑같아서 누가말하는건지 헷갈리네 형제맞네 ㅋㅋㅋ,False,,0.0,0
@hg-kl5vp,구제대 ㄷㄷ 엘리트형님이시네요,False,,0.0,0
@ronaldocristiano6756,편집자님이 고생좀 하셨겠네 ㅋㅋㅋ,False,,0.0,0
@남효깜언이,머릿결 나보다좋아 ㄱㅋㅋ 갖국샢다,False,,0.0,0
@user-s_hyeok,형님 웃음소리는 여전히 듣기 좋네요!❤,False,,0.0,0
@이마뭉뭉,역시 형눈에 나이가 먹어도 항상 동생 애기로 보이는군요,False,,0.0,0
@322_lulu,나도 우리 언니와 이렇게 늙어가고싶다...,False,,0.0,0
@우헤헹-p9u,와 히토츠바시 교수님이시군요 진짜 명문인데 멋있으시다,False,,0.0,0
@kwangsoosong4525,어느덧 52.1만 유튭버가 되어잇으시네요 좀비버스 무서워서 못볼듯 거기서 주연이시라니ㅋㅋ,False,,0.0,0
@고화곤-k9n,저도 남자아이 둘 4살터울로 키우는 아빠입니다. 우리 아이들이 커서 홍철씨와 형님만큼 사이가 좋았으면 좋겠어요. 꼭 그러리라 생각됩니다.<br>인생살면서 서로 의지되고 허물없이 이야기 나눌 내편이 있다는게 얼마나 소중하고 좋은지 아직 10살이지만 알았으면 좋겠어요. ㅋㅋ <br>형제의 우애와 행복을 기원합니다,False,,0.0,0
@Iiiiiiiii-liliiiiiiiii,그 아이디가 psycho로 시작된다는 그 분...ㅎ,False,,0.0,0
@마린-j5w,정말 부러워요!! 형제의 우애!<br>저도 친형이라는 사람이 있지만 거의 쓰레기에 가까워서 상종도 안하고 연을 끊었네요~ ㅎㅎ<br>부모님이 1~2년 전에 돌아가셨어요. 어머니가 돌아가실 때 정말 제 인생의 반이 사라진 것처럼 힘들었죠. 근데 친형은 장남인데 개쓰레기처럼 했죠.<br>지금은 &quot;그냥 인생은 혼자&quot;라는 모토를 갖고 살아요~<br>이유는  제가 어떤 선택을 하던 간에 실망 안 할 것 같네요~,False,,0.0,0
@redsun-z1w,홍철님 머리숱 대박❤❤😂,False,,0.0,0
@jeongmo16,잇섭인줄,False,,0.0,0
@ithiing,가족끼리 재미난 사기 치면 너무 좋을듯 ㅎㅎㅎㅎㅎㅎㅎㅎㅎㅎㅎㅎㅎ,False,,0.0,0
@김규식-b7y,히토츠바시대학이면 ㅎㄷㄷ,False,,0.0,0
@light_12,두분 멀리 떨어져 살아도 다정한 말투가 똑같아서 넘 신기하네요..<br>같이 사는 가족들같이 따뜻한 말투 ㅠㅠ,False,,0.0,0
@Le_monica,A-YO,False,,0.0,0
@깅민-k1m,나를 닮은 형제가 있다는 건 어떤 기분일까...평생을 고아로 살아온 저에게는 그저 부러울 뿐이네요^^..,False,,0.0,0
@아싸임당-f4z,지난날 생각해보니<br>제 언니도<br>저를 위해 양보한게 참 많았네요. 감사합니다.,False,,0.0,0
@TOOMUCHLENA,아 형님이 히토츠바시 대학 교수님이시구나 우와 신기하다..,False,,0.0,0
@goldstacker9999,아니 두 분 다 예술 욕망이 있었으면 부모님한테 받은건데 ㅋㅋㅋㅋㅋㅋㅋ 끼 물려주고는 왜 어째서!!!,False,,0.0,0
@sangwoohan8676,ㅋㅋㅋㅋㅋㅋ 둘이 말투가 똑같다,False,,0.0,0
@hanpark9815,홍철님형의 선배입니다.ㅎㅎ 정말 착하고 똑똑하고 멋진 후배님인데 형제라니요? 밝은에너지의 형제애에 저도 힐링이되네여~ 응원합니다.^^ 브라덜~!,False,,0.0,0
@나무기린,나뭇잎 ㅋㅋㅋㅋ편집자님 고생하시네요 ㅋㅋㅋㅋㅋㅋ,False,,0.0,0
@네잎클로버-g7g,진짜 노홍철은 뭔가 긍정마인드가 최고라 혹시라도 자식 낳으며 자식도 행복할듯 ㅋㅋ,False,,0.0,0
@크로우-l8l,오랜만에보는대 예수님이 계시는대?ㅋㅋㅋㅋㅋ,False,,0.0,0
@likeFIFAI,"<a href=""https://www.youtube.com/watch?v=nrSkCdgK7gw&amp;t=1223"">20:23</a> 광기ㅋㅋㅋㅋ",False,,0.0,0
@참치-o7z,어머 형님 너뮤 멋있으시네요….말투도 너뮤 다정하시고 ㅠㅠㅠㅠㅠㅠㅠㅠㅠㅠㅠㅠㅠㅠㅠㅠㅠㅠㅗ,False,,0.0,0
@삼시새끼가어떤새-c7j,확실히 형제라서 그런지 말투나 목소리가 비슷하네요!,False,,0.0,0
@Mc_Min,점점 예수 되가네,False,,0.0,0
@ASTROBOT-s2t,꿈을 포기하고 대학교수로 전직 ㄷ ㄷ 멋진 형님이시네 .,False,,0.0,0
@shinseoro,실행력!!!!!!!!!!!;,False,,0.0,0
@Ohzyworld,말투 얼마나 똑같나 했더니 진짜 구분안됨ㅋㅋㅋㅋㅋㅋㅋ,False,,0.0,0
@Cjhdcj,두분은 어렸을때도 사이 좋으셨는지 궁금합니다 😢,False,,0.0,0
@아임하비,"<a href=""https://www.youtube.com/watch?v=nrSkCdgK7gw&amp;t=976"">16:16</a> 😢😢본인의 꿈을 포기하는게 쉽지만은 않은 결정이었을텐데..동생을 위해..정말 멋있는 형이네요👍🏻",False,,0.0,0
@Big_jelly_cat,와..,True,@아임하비,1.0,0
@vip-wg1qb,진짜 워너비 형제들. 굳이 말 많이 하지 않아도 같이 있는거 자체로 서로를 위하는게 느껴져요. 저도 제 동생과 저렇게 멋있는 형제를 목표로 하겠습니다 😇,False,,0.0,0
@TUGALCHI18,냉탕이 몸 담글 때 눈밭에서의 노긍정 선생이 ㅋㅋㅋㅋㅋㅋㅋㅋㅋㅋㅋㅋ,False,,0.0,0
@qlrhdrodiqlrhdro,두 형제가 말투가 모두 다정다감 따뜻하시네요 ㅎㅎ❤,False,,0.0,0
@옆에여자친구야,좋아!! 가는거야!!!! 홍철이형 내년 무도 20주년 알지? 그 시절 초심 잃지마 우리 20주년때 쿨하게 형이 쩐의전쟁2 썰 풀어주는거 어때?,False,,0.0,0
@낭콩-d9g,예전에 무도나오신 형님이신가요 ㅋㅋ?,False,,0.0,0
@포도봉봉-e6x,❤,False,,0.0,0
@chapchap5047,크.. 오늘도 행복 전도사,False,,0.0,0
@벤리아,생긴것도 똑같네,False,,0.0,0
@shin691354,빨리 다음편 올려달라긔!!!!!!,False,,0.0,0
@센겔열역학,좋은 학교에서 일하시네,False,,0.0,0
@apiksgolf,도요스쪽인건가.. 싶은..,False,,0.0,0
@r4074,무한 긍정~~~~홍철님👍 유툽세계에서 유쾌남임을?  진정 알게되어 조흐네여😊,False,,0.0,0
@스페셜리-d2v,노철뎅님 배꼽이 빠진다 ~~~😮,False,,0.0,0
@ssk5531,형제가 둘다 성공하니 대단하네요,False,,0.0,0
@호호아줌마-j4p,이 형제의 콜라보 늘 기다리고 있어요 ㅎㅎㅎ 무도때부터어~~~~<br>엌 며칠전 토리키쪼쿠 갔었는데!!! 물론 후쿠오카에서였지만요,False,,0.0,0
@나비스타일,참 부럽다 형!!!,False,,0.0,0
@lori1984,다른듯 비슷한 느낌의 형이시네요.. 말투도 좀 비슷하신거 같아요.. ㅎㅎ,False,,0.0,0
@k.t.a1374,형님 mba 경영 교수시면... 대단하시네요....!!,False,,0.0,0
@kiyoshi_cinema,토리기조쿠 ㅋㅋㅋㅋㅋㅋㅋㅋㅋㅋㅋㅋㅋㅋㅋㅋㅋㅋㅋㅋㅋㅋㅋㅋㅋㅋㅋㅋㅋㅋㅋㅋㅋㅋㅋㅋㅋㅋㅋㅋㅋㅋㅋㅋㅋㅋㅋㅋㅋㅋㅋㅋㅋㅋㅋㅋㅋㅋㅋㅋㅋㅋㅋㅋㅋㅋㅋㅋㅋㅋㅋㅋㅋㅋㅋㅋㅋㅋㅋㅋ,False,,0.0,0
@엉덩이흔드록바-s4k,개꿀잼!,False,,0.0,0
@nunnui3437,노홍철형 용산고 3학년때  같은반 동창입니다. 공부도 잘하지만 엉뚱하고 재밌던 친구였는데 지금보니 동생인 홍철씨랑 정말 똑같았네요. 거의 30년이 지나서 이제 곧 50을 바라보는 나이에 이렇게 화면에서 다시보니 참 세월이 무상 하다는 생각도 듭니다. 현재 행복을 느끼고 순간을 즐기는게 최고의 인생인 것 같아요. 우리 모두 다 화이팅 합시다.,False,,0.0,0
@deahun1125,구라치지마세요,True,@nunnui3437,5.0,0
@이유은-g7s,헉 노홍철님과 동창이시라니.... 좋은 얘기 풀어주셔서 감사드립니당. 행복하게 사는 것이 최고입니다.ㅎㅎㅎ(오늘윤하신곡3곡나왔어요,True,@nunnui3437,5.0,0
@giga5490,윤하 신곡 정보 ㄱㅅ요,True,@nunnui3437,5.0,0
@jinobae4938,@@이유은-g7s애기야 노홍철형 동창이라고,True,@nunnui3437,5.0,0
@FendimanPUBG,너 창섭이니?,True,@nunnui3437,5.0,0
@james-hx8us,이 영상으로 두 형제가 얼마나 가까운지 느껴지네요 말투만 보아도 ❤❤,False,,0.0,0
@내일의해_sun,녀 름  녀 름 녀 름 녀 름 아!!악&amp;&amp;&amp;  녀름이다\악/,False,,0.0,0
@윤수빈-t8s,형님 행복해보여서 보기좋습니다,False,,0.0,0
@모콭,힛츠 개명문대인데 레전드,False,,0.0,0
@user-dm6ly8zl4o,와 목소리 너무 비슷하다 놀랍다 유전자,False,,0.0,0
@박종말-n4l,무도땐 마냥 돌아인줄 알았는데<br>나이먹고 이해하니 진짜 대단하고 멋있는사람이었음..,False,,0.0,0
@thankyou..brother,그땐 돌아이가 맞았음 우리횽,True,@박종말-n4l,5.0,0
@라하르트,철듬 무도의아이덴티티이자 시그니쳐 정체성과 대표<br>철든홍철도홍철<br>홍철없는홍철도홍철,True,@박종말-n4l,5.0,0
@jjjjjjjjjjjii,지금은 사람됐지<br>정서적으로ㅋㅋ,True,@박종말-n4l,5.0,0
@thankyou..brother,무도 때보다도 즐길거리 때 형은..확실해<br>내가 그래서 좋아했으니ㅋ<br>사실 무도때도 그때부터 봤다면 일반인 범주로 내려오심,True,@박종말-n4l,5.0,0
@배뚠뚠-e8l,술만 안먹었어도ㅠ,True,@박종말-n4l,5.0,0
@jint2330,말투가 똑같애 ㅋㅋㅋㅋㅋㅋ,False,,0.0,0
@abdhegfpqmdliwe,예수님,False,,0.0,0
@mariewav,오빠 점점 예수 되어가고 있어요ㅋㅋㅋ,False,,0.0,0
@은석이-c1j,와 노성철 형님 진짜 오랜만에 뵙네요 <br>옛날 무한도전 때 출연하셨었는데 ㄷㄷㄷ<br>반갑습니다 ❤,False,,0.0,0
@jenny02-lee,와 ..엄청 닮았다,False,,0.0,0
@Jenny-sb3ev,듬직하신 형님과 멋찐 동생의 훈훈한 여행기 잘 봤어요!!,False,,0.0,0
@이유-y8p,아 재밌다~~~,False,,0.0,0
@재니재니-g6i,두분 목소리하고 말씀 하시는 스타일 똑같아서 ㅎㅎㅎㅎ<br>형제는 용감하다는 아니고 형님이랑 있으니 홍철씨가 말잘듣는 애기가되어 순딩순딩하시네요,False,,0.0,0
@hlee3409,원래 가족여행은 계획대로 되는 게 1도 엄씀 😂,False,,0.0,0
@hlee3409,히토츠바시 대학=구니타치 역!,False,,0.0,0
@sgj3303,형 저 일본 사는데 형 후지산 보면서 캠핑도 엄청 좋아요 나중에 꼭 가보세요 화이팅!!,False,,0.0,0
@보라보라-b8d,그네도 타시고 ㅎㅎ,False,,0.0,0
@보라보라-b8d,비왔는데도 하늘의 별들이 🎉,False,,0.0,0
@프샤프샤,영상 보다보니깐 표정도 똑같네요 ㅋㅋㅋ,False,,0.0,0
@무한도전광팬,무도 20주년에 꼭 나와주세요~~~팬들이 기다립니다. 멤버들이 다 살아있다아~~~,False,,0.0,0
@Wheueiororldfb,현금만 받는 이유가 뭘까요?,False,,0.0,0
@1985bigone,지진나서 전산 안될까봐,True,@Wheueiororldfb,2.0,0
@미남-e2q,그냥 아날로그 나라임,True,@Wheueiororldfb,2.0,0
@자세히보아야이쁘다,예수같으신데?,False,,0.0,0
@jaypic,으아아ㅏㅏㅏ 여기서 끊다뇨 ㅋㅋㅋㅋㅋㅋ 재밌습니다 역시. 평행우주에 사는 다른 홍철이형을 보는 것 같은 느낌이에요,False,,0.0,0
@원준3t,형 무ㅓ 물어봐도 됨?,False,,0.0,0
@베이비보스-o7e,교수님 이실걸요?,True,@원준3t,1.0,0
@user-Sh.,노성철 형닝 보니깐<br><br>예전에 무도에서 환장의짝꿍<br>생각나네요<br><br>그땐 연대조교였었는데..<br><br>여전히 멋지십니다^^,False,,0.0,0
@유머공포라디오,노:노<br>홍:철은<br>철:철들면. 안된다<br><br>아님. 그게. 노홍철의. 매력❤,False,,0.0,0
@프샤프샤,신기한게 목소리가 똑같아서 누가 말하는건지 헷갈리네요 ㅎㅎ 그리고 얼굴도 많이 닮아서 신기해요 형은 노홍철씨 조금 더 나이드셨을 때 느낌이요,False,,0.0,0
@hiperbhk1,아니 진짜 일본가서 사시는거에요?????????? 요즘도 가끔 무한도전 엠비씨꺼 틀어놓고는 하는데. 왜 두분은 안늙지????????????,False,,0.0,0
@rreinhardt2393,럭키가이가 일본에서는 하나도 안통하는구나...,False,,0.0,0
@두린-l4k,외모 빼고 컨트롤 C V라는게 진찌구나,False,,0.0,0
@HP4_ogong,무도에 나왔던 노성철형님 이신가요? 굉장히 차분해지셨네요 ㅋㅋㅋㅋ,False,,0.0,0
@보라보라-b8d,조카  있어요?,False,,0.0,0
@zzolamangrandpa,형제끼리 우애 좋은 모습 너무 부럽다.. 근데 진짜 두 분이서 재밌게 노는 모습 보니까 보는 사람도 재밌어요ㅋㅋㅋㅋㅋㅋ,False,,0.0,0
@mgbpmpttdpmg,평행세계의 정상적인 길을 걷는 홍철,False,,0.0,0
@limbus715,와 히토츠바시...,False,,0.0,0
@kyosssa,정보) 무한도전에서 노성철 형님이 등장한 &#39;환장의 짝꿍&#39;편은 2007년 10월 13일에 방영되었다. (무려 17년 전..),False,,0.0,0
@은석이-c1j,와 벌써 그게 엄청 오래되었네요 ㄷㄷㄷ,True,@kyosssa,5.0,0
@ahhh-ah,17년전이라니..ㅠㅠ 아직생생한데,True,@kyosssa,5.0,0
@binear93,아닉도 생생한데 말이져....ㅋㅋㅋㅋ,True,@kyosssa,5.0,0
@endhnl,그 때 별명 자칭 정상인 ㅋㅋㅋ,True,@kyosssa,5.0,0
@jhlesm,17년전이라니.....,True,@kyosssa,5.0,0
@tofogjy,🤣🤣🤣아~~~~~👏~~~~~너무 웃겨,False,,0.0,0
@placid-s3t,형님도 ㅅ 발음이......😂😂😂,False,,0.0,0
@服部さだえ,히도츠바시 대학이면. 일본사람들도 인정 하는 수재 들이 죠.형님.대단하십니다.❤,False,,0.0,0
@h.8651,쿠니타치에 있는 대학교 아니고 비즈니스스쿨 교수예요.,True,@服部さだえ,1.0,0
@first_blackcow,라쿠텐 외국인 계정 쓰면 비쌈^^,False,,0.0,0
@당쓰와,형님 결혼하셨구나.,False,,0.0,0
@코코린린,그냥 탠션 낮은 노홍철..,False,,0.0,0
@ChoiEunYoung1211,인생은 이렇게 즐기는거야🎉🎉,False,,0.0,0
@user-앙뜨,ㅋㅋㅋㅋㅋ ㅋㅋㅋㅋㅋ ㅋㅋㅋㅋㅋ <br>목소리랑 말투 똑같애,False,,0.0,0
@wutangkim9486,아 간만에 무도 연대축제편 보고와야겠다,False,,0.0,0
@user-T.H2,형 신발 무슨제품이에요? 더비슈즈? 구두? 너무궁금해요!,False,,0.0,0
@칼스버그스,와 ㅋㅋㅋ 너무 재밋어요 ㅋㅋ 고정으로 나와주세요.,False,,0.0,0
@로그박스,멋있어요! 항상 존경합니다~~👍🙏🏻🌼,False,,0.0,0
@삭와삭와,저기 일본 숙소 진짜 좋아보인다 개비쌀듯ㅎㄷㄷ 가고싶다~,False,,0.0,0
@susudog88,멋진 형😊<br>멋진 동생😊,False,,0.0,0
@veronica-vu5qx,원하는대로 맘껏 누리고 사시는 홍철씨 부럽네요,False,,0.0,0
@dbsghdud9,"<a href=""https://www.youtube.com/watch?v=nrSkCdgK7gw&amp;t=972"">16:12</a> 성철이형 개멋있다",False,,0.0,0
@GGIROOKGIEOOK,&quot;희대의 두형제&quot;,False,,0.0,0
@user-y1e9j,희대의 thㅔ란의 두형제…,True,@GGIROOKGIEOOK,3.0,0
@Saengilgongji,???: 정자룡이 간다 간다 뿅간다!,True,@GGIROOKGIEOOK,3.0,0
@다호-h2z,노희대님.... 오랜만에 들어보네요 ^^,True,@GGIROOKGIEOOK,3.0,0
@RASANRASAN-zz6ef,와 말씀이 정말 멋지다,False,,0.0,0
@nishinoya_004,아니 목소리 진짜 비슷하네ㅋㅋㅋㅋㅋㅋ,False,,0.0,0
@Kimbokdoll,둘이 말끝 늘리는거 똑같은게 ㅋㅋㅋㅋㅋㅋㅋㅋ,False,,0.0,0
@지구인-o5u,차막힘에 <br>현금 온리 라니 ㅋㅋ<br>꼬이는 일 많아도 긍정 태도 잃지않는 노찌롱 사랑해!!!,False,,0.0,0
@포도짱-s7x,너무 보기 좋은형제애,False,,0.0,0
@Dasan1111,형 대단하네요. 일본 최고 명문대(문과 동경대) 교수라니,False,,0.0,0
@xhjkhxcknchebksceib,와 진짜 두 분 말투가 엄청 비슷해요 ㅋㅋㅋㅋㅋㅋㅋㅋㅋㅋㅋ,False,,0.0,0
@monophobia9761,말투 똑같애 ㅋㅋㅋㅋ 귀엽다~ ㅋㅋㅋ,False,,0.0,0
@PrincessFern,ㄱ글 에서 벳프리 이 ㅓㅇ도로 유명했음?  내 듣보잡인줄 알았는데 ㄷㄷ?,True,@monophobia9761,2.0,0
@l9금-비됴-저장소M-y7b,"정보 무한도전에서 노성철 형님이 등장한 환장의.... 짝꿍 편은 2007년 10월 13일에??? 방영되었다 무려, 17년 전",True,@monophobia9761,2.0,0
@Yani-aga,힐링이댜❤❤❤,False,,0.0,0
@charleskim8345,형님도 매력적인 th발음이 있으시네요ㅋㅋ,False,,0.0,0
@포도짱-s7x,성철이형님도 자존감이 높고 행복한 삶을 사시나보다,False,,0.0,0
@junyup148,12분전 못촴쥐~~~~,False,,0.0,0
@박이사-l1w,우애 존ㄴㄴㄴㄴㄴㄴㄴㄴㄴ나 깊다 진짜 부럽다.,False,,0.0,0
@부자라구용,둘다 잘나가고 여유있으니<br>이상적인 형제네요,True,@박이사-l1w,4.0,0
@gorgo13,둘다 성공하면 저렇게 됨 보통 우애없는 형제들은 인생이 실패한경우 먹고살기 급급하면 그렇게 되더라,True,@박이사-l1w,4.0,0
@WbqWbq,@@gorgo13 노 형제는 한명이 망했어도 우애 좋았을 것 같긴 함 ㅋㅋㅋㅋ,True,@박이사-l1w,4.0,0
@Woongverin,느그들은 둘다 성공해도 우애 안깊었을걸?? ㅋㅋㅋㅋ 그냥 둘다 가정교육 잘받고 성격 좋으니 우애가 깊은거지 성공해서 우애 깊은게 아니라 ㅋㅋㅋㅋ 그렇게 생각하고 싶은거겠지 느그들은 시궁창이라,True,@박이사-l1w,4.0,0
@ondonii,목소리똑같아서 누가말하는지 모르겟으면 추천.,False,,0.0,0
@赤花-w1e,ㅋㅋㅋㅋㅋㅋㅋ저돜,True,@ondonii,5.0,0
@나무기린,나만 그 생각한게 아니었네 ㅋㅋㅋ,True,@ondonii,5.0,0
@HAHA-x8n9l,말투도 똑같아요 ㅋㅋㅋ,True,@ondonii,5.0,0
@jooyoonsfamily,아 맞아요 ㅋㅋㅋㅋ1인2역 같아요 ㅋㅋㅋㅋㅋ,True,@ondonii,5.0,0
@Darlight300,진짜 말투도 똑같음 ㅋㅋㅋㅋㅋㅋ,True,@ondonii,5.0,0
@게임체인저-w9p,두분이 함께 유튜브 하시면 더 좋을 것 같은데 좋으신데로 하세요~~~^^,False,,0.0,0
@taikwangkim9048,나도 여기 라쿠텐으로 예약해서 다녀왔는데!!!,False,,0.0,0
@허은영-m1u,정보 공유좀 부탁드려요~,True,@taikwangkim9048,1.0,0
@유상조-w4p,진짜 피가섞여서 그런가 여전히 말투가 똑같네 ㅋㅋ,False,,0.0,0
@김성호U53,형제는 ㅎㅎ<br>어릴때는 치고박고 20살 넘어 한살한살 나이먹을수록 가까워지는듯,False,,0.0,0
@365_Aircon,A-yo 홍철형님!!!!<br>형님 영상보는게 낙입니다 😊<br>부산투어 해주셨음 좋겟습니다 ㅎㅎㅎ,False,,0.0,0
@jin-ts2xq,형제가 넘 멋져요 하고픈거 다 이루고 사신다는게,False,,0.0,0
@김수밧,카.... 일본 또가고 싶어!!!!,False,,0.0,0
@미펭좌,사랑합니다 형님 ㅋ,False,,0.0,0
@박준영-k7m,기다렸어요 형 집 너무 궁금했는데 ㅋㅋㅎ,False,,0.0,0
@미찐감자,노씨 형제 너무 재밌네요 ㅋㅋ,False,,0.0,0
@rider-jamocha,ㅎㅎㅎㅎㅎㅎ역시 존잼 인생의 표본,False,,0.0,0
@kanguklee2779,나이차가...,False,,0.0,0
@hanbeomkwon1919,1등!,False,,0.0,0
@whenwe-p5f,홍철형 늘 응원해!! 존경합니다~,False,,0.0,0
@김덕배-c5j,1등!!!!!,False,,0.0,0
@leedongwon2023,형님집에 형님이 가셨군요 형님,False,,0.0,0
@청색바지,1,False,,0.0,0
@JosephPark0217,엘리트 노성철님,False,,0.0,0
@joonjee-vk5hx,우와 드디어 보네요 형님을,False,,0.0,0
