author,comment,is_reply,reply_to,reply_count,is_spam
@피클오이-l5q,확실히 광고라 그런지 메커니즘 총출동이네요,False,,0.0,0
@jaguareteava,Masterpiece,False,,0.0,0
@잼민벤져스,화산 귀환에 청명 만들어주실수있나요?,False,,0.0,0
@모킹,오 형 오랜만,False,,0.0,0
@미어캣-x8d,궁수의전설 망하지않았던가,False,,0.0,0
@RuSi_AeNa.,결론 2의 궁수는 약하다 메모메모ㅋㅋㅋ,False,,0.0,0
@도토리밥,영상보면서 게임 다운받았습니다!! 미친손재주.. 멋있어요!! ㅠㅠ,False,,0.0,0
@cristinaamaroli6468,Hi! Do the 3d pens on your store use proprietary filaments or can you use any type of filament? Thanks 😊,False,,0.0,0
@cherusque.arminius88,Merci ^^,False,,0.0,0
@ramblamb4522,❤❤❤,False,,0.0,0
@주주-v6c,혹시 피크민 만들어 주실 수 있나요.....? 제발요ㅠㅠ,False,,0.0,0
@진호경-u7x,피크민 만들어 주세요!!,False,,0.0,0
@니콜조아,포켓몬에 오거폰이라는 포켓몬 만들어보는거 어떤가요? 가면4개 바꿔쓰는애니까 자석으로 바꿔 쓸 수 있게 하면 좋을 것 같아요😊,False,,0.0,0
@나쁜새끼,레전드 개발사가 만드는 게임을 가져오셧군요 ㅎㅎ 광고받으신김에 꼭 랭커가 되시길 바라요😊😊😊,False,,0.0,0
@ohdong_bubu,역시 자본의 힘은 빨리 돌아오게 하는군요 ! 궁수게임하러가야지 ㅋㅋㅋㅋ,False,,0.0,0
@무기명-s8j,화살 날리는 손의 구조가 대단한거 같음,False,,0.0,0
@bi_bi_bic,고딩때 친구들이랑 쌤 몰래 궁수의 전설 재밌게 했었는데 ㅋㅋㅋㅋㅋㅋ 2 나온다고 인스타에 광고 엄청떠서 결국 깔아버림 그때랑 조금 다르긴 하지만 본질을 같아서 킬링타임으로 하기 좋은듯,False,,0.0,0
@나나집사,좋아요 홀수로 받기 1일 차,False,,0.0,0
@gpwniaa,"<a href=""https://www.youtube.com/watch?v=nUM8JMDS9JY&amp;t=66"">1:06</a> 제가 사나고님 알게된지도 그럼 어느덧 5년이 넘었네요. 알고리즘으로 보게된 순간부터 구독 후 지금까지 다음영상을 기다리는 시간이 좀 길었다고(?) 생각되지만 매 영상마다 멋진 작품과 냥이 볼 수있어서 좋았어요🤍 이번영상은 진짜 빠르게 올라와서 미쳐 이전영상들 정주행 못하고 봤네요ㅋㅋㅋㅋㅋㅋ 다음 영상도 이 속도로 한번 더어~?",False,,0.0,0
@박민희-w5q,짱멋찜❤❤,False,,0.0,0
@SengokuYugio,브금도 그렇고 그냥 보기만해도 즐겁네 ㅋㅋ,False,,0.0,0
@bae_ru_ru,그치.... 전부 성공하면 안되지 ㅋㅋㅋㅋㅋㅋㅋㅋㅋㅋ,False,,0.0,0
@MSCIM-jn6le,036초때문에 구독취소할게요,False,,0.0,0
@주아현-p3o,3D펜으로 아이언맨 좀 만들어주십시오제바라라라라라라라라라라랄,False,,0.0,0
@eungchulkim2774,광고의 힘이란...,False,,0.0,0
@곽초롱-w3r,엄마 나 사나고 사줘,False,,0.0,0
@carmel7613,미친미친 사나고님이다!!,False,,0.0,0
@HHHHHHHHHHHHHHHH1,"<a href=""https://www.youtube.com/watch?v=nUM8JMDS9JY&amp;t=35"">0:35</a> 크흑흑..",False,,0.0,0
@56ghjMcwdfgr,"A Lucrative Supply Chain<br>Huang Shiwei, a physician at the Yunlin Branch of National Taiwan University, said between 4,000 and 5,000 people in Taiwan went to China for liver and kidney transplants in the past two decades. If they knew another innocent life would be killed by the CCP to harvest their organs, the Taiwanese probably would not be able to accept it.<br><br>Huang said that the supply chain of the CCP’s organ transplantation industry has huge profits. Most of the victims were Falun Gong practitioners, and later Christians, Tibetans, and Uyghurs became victims of live organ harvesting. He said that there are many reports in China of people disappearing, and their families are worried that their organs have been harvested while they are alive. <br><br>Many people in China are worried nowadays, Huang added. Once a child goes missing, parents are very worried that their children will have their organs harvested and they may never see their child again.<br><br>Telling the Facts<br><br>Guan Jianzhong from Lion Film and Television Culture Co. calls on people to support the Falun Gong Protection Act. <br><br>Guan Jianzhong from the Lion Film and Television Culture Co. said he’s received threatening letters from the time the movie was first screened. “Why is this matter so important? It’s because this is related to the collapse of the CCP. Because the CCP’s organ harvesting involves so many people. The matter of organ harvesting is like a nuclear bomb that destroys human nature. And the victims are a group of unarmed, kind-hearted practitioners,” he explained. “The CCP’s cruelty and evilness have been exposed, and everyone will oppose it. This will destroy the Party, so of course the regime is afraid.”<br><br>He said the U.S. House of Representatives unanimously passed the Falun Gong Protection Act on June 25 this year. Congressman Scott Perry who sponsored the bill said this was justice for Falun Gong which has been overdue for 25 years.",False,,0.0,0
@heoson7867_1st,사나고님 사랑해요 ㅋㅋㅋ,False,,0.0,0
@Scut7262,광고가 이정도 정성이면 게임안해도 다운이라도 받아본다~,False,,0.0,0
@김하연-e7c,오늘은 배경까지 있어서 그런지 퀄이 더욱 미쳤다..,False,,0.0,0
@송정민-i7v,사나고님...귀멸의 칼날 관련해서 만들어주세요~,False,,0.0,0
@너구랑,사나고 당신... 썸네일을 당장 바꾸라우... 저 어마무시한게... 활하나 썸네일는<br>아니되오,False,,0.0,0
@oblivion0716,근데 여친 계속 언급 하는거 보면 능력이 얼굴이나 성격이나 거시기가 못따라가서 거부하는건가..?,False,,0.0,0
@하늘을봤을때기분이어,아니 선생님 한번에 4방5방씩 나오는 면 체우는 용 넓은팬 만들어주세요 ㅠㅠ,False,,0.0,0
@door1807,이거보고 게임하러 갑니다,False,,0.0,0
@omzo8379,누구세요?,False,,0.0,0
@oryo-504,"<a href=""https://www.youtube.com/watch?v=nUM8JMDS9JY&amp;t=331"">5:31</a> 여기에 벽돌 물고기 나올줄 알았는데.. 우잉",False,,0.0,0
@shinilpark934,사나고씨영상 기다리면 시간이 빨리가네용,False,,0.0,0
@이-f2h1p,ㄹㅇ<br>장인이라는 말이 어울림....,False,,0.0,0
@아리아리-y5v,광고면완전디테일,False,,0.0,0
@운으로끝나는사람,엥??  엥??  오잉??,False,,0.0,0
@user-vm8ob6ig6p,무슨 일로 영상이 뭐이리 빨리 올라왔나 했더니 광고 였구나 형...,False,,0.0,0
@Sanago_미쳤다,"안녕하세요 사나고님 11월 22일 워크룸 갔다 온 학생입니다. 목소리가 좋으시고, 얼굴도 잘생기셨더라구요 설명도 친절하게 해주시고, 영상 잘 보겠습니다. 사나고 카페에 포스트잇 적었고, 작품들 너무 멋지고 퀄리티도 좋았어요. 만족스러웠습니다. (체험도 엄청 재밌어요!)",False,,0.0,0
@boorgieTV,ㅋㅋㅋ,False,,0.0,0
@AlexJoe-v3g,3D펜으로 집만들기 챌린지 해주세요.,False,,0.0,0
@hihhih01,"사나고님 저 오랫동안 봐오면서 3D펜도 사고 하면서 열심히 보고있어요<br>만드시는거 조용하고 잔잔하게 보고있으면 뭔가 힐링되고 그래요<br>그래서 말인지 부탁이 있는데요<br>「마왕학원의 부적합자 」라는 애니에<br>나오는 베누즈도노아 만들어 주시면 소원이 없을거 같아요<br>항상 재밌는 작품, 영상 만들어주셔서<br>감사드립니다~",False,,0.0,0
@SuperKimjisun,폼보드가 아니라 아이소 팽크 에요,False,,0.0,0
@울마곤,사나고님! 운빨존많겜의 드레인 이랑 로켓츄 만들어주세요!,False,,0.0,0
@권태우-n1l,키햐 언제봐도  손재주는 최고야 👍,False,,0.0,0
@perfeck6765,사나고님 영상 보고 있으면 맘이 편해짐 ㅋㅋㅋㅋ,False,,0.0,0
@mood_Iamp,잠시만요! 궁수의전설2가 나왔어요!<br>알고있지만 지금은 다운로드 하고 싶지 않아<br>무기가 업데이트되어 자동공격도 되요!<br>(건너뛰기),False,,0.0,0
@기계공-j6x,???:없었던 거예요?<br>???:있었어..,False,,0.0,0
@mignon23,이정도 실력이면 여자친구도 만들 수 있을거 같은데?,False,,0.0,0
@Dummy_1208,오이 뿌개는 영상 보고 지금까지 보는사람인데 저분 3d펜 실력이 거의 프린터 수준이심..<br><br><br><br><br>저분 3d펜 쥰내 좋음..,False,,0.0,0
@BlueberryMangoquaile,사나고님 원신 아를레키노 낫 만들어주세여!!!!,False,,0.0,0
@user-lemonjest,나는 서버오픈하자마자 함,False,,0.0,0
@koyang_ee,광고가 아니면 돌아오지 않는남자...,False,,0.0,0
@구운새우-k9g,광고라서 2주만에 돌아온 사나고면 개추,False,,0.0,0
@minekaccu,사나고님 솔로 아니죠...?,False,,0.0,0
@권태민-q5x,베놈해주세요,False,,0.0,0
@얼음속성김미호채널,그럼 나는 전설의 얼음구미호!!!,False,,0.0,0
@얼음속성김미호채널,근데 궁수의 전설 오랜만이다,True,@얼음속성김미호채널,1.0,0
@DrawingToast,"<a href=""https://www.youtube.com/watch?v=nUM8JMDS9JY&amp;t=13"">0:13</a> 그래서 원신하고 있습니다.",False,,0.0,0
@clariceferreira5988,"Muito talentoso, ver seus vídeos é um relaxamento para minha mente, é como se eu estivesse lendo um livro você narrando ( mesmo eu não entendendo nada rsrsrsr) mais é agradável. Continue assim, parabéns!<br>Queria muito que tivesse uma loja em meu país eu teria o prazer de ir.<br>🇧🇷🇧🇷🇧🇷",False,,0.0,0
@GOME2wish,앙뚜 사랑스러웡~ 사나고 맛있어! 냠후루룹,False,,0.0,0
@외지인-g4i,지가르데 퍼펙트폼 기원 1일차,False,,0.0,0
@_.bongbong,진격의 거인 혹시 보신 적 있나요… (만들어주세오..),False,,0.0,0
@김태준-f2x,잊을만 하면 좋은 작품으로 돌아오는 사나고님. ㅋㅋ,False,,0.0,0
@정양희-o1y,어제 남친이하던게 이게임이구나..,False,,0.0,0
@Won808,진짜 장인이 되었다🎉,False,,0.0,0
@범튜브-m1o,형 이번엔 생각보다 빨리 돌아왔네 ㅎㅎ 이번에도 눈요기 지리게 했어,False,,0.0,0
@킴바리스,책상에서 피규어 모형 제작 이나 세팅 관련 영상을 찍고 싶은데 카메라 구도나 장비 유튜버 편집용 프로그램이 있는지 궁금합니다. 정보가 있으면 답변 부탁드려봅니다. 시나고님 영상 구도가 좋은 것 같아요.,False,,0.0,0
@RBCire,"<a href=""https://www.youtube.com/watch?v=nUM8JMDS9JY&amp;t=326"">5:26</a> WOW! amazing ingenuity.",False,,0.0,0
@xbxnzmz,면 채울때 빵빠레같다,False,,0.0,0
@저게뭐야,어째 돌아올 때마다 목소리가 달라지고 있음ㅋㅋㅋㅋㅋㅋ,False,,0.0,0
@가온-v7b,인두기로 평탄작업 하는거 보면 왜캐 마음이 평온해지지,False,,0.0,0
@또여-t1s,정말 탐나는 재능이고 삶이에요,False,,0.0,0
@rlawnqls159,아 이게임 재밌었지,False,,0.0,0
@DJ_busydog,보라색 피크민 만들어주세요,False,,0.0,0
@DJ_busydog,피크민 만들어주세요,False,,0.0,0
@인생은샌드위치,&quot;잊어도 안오는 유튜버&quot;,False,,0.0,0
@파아아앙,"잊을만 하면 찾아오는 유튜버를 넘어서 잊을만 하면 진짜 잊었다가, 내가 직접 &#39;사나고&#39;를 검색해 찾아가는 유튜버;;",False,,0.0,0
@KIRAKIRAyeye,사나고님 이번 영상 보면서 느낀건데 젤다의 전설 컨텐츠 하나 해주세용ㅜㅜ 레전드 나올 거 같아요,False,,0.0,0
@basil127,I don&#39;t even mad if this video is just an ad..,False,,0.0,0
@웹툰러버,요즘 사나고 감다뒤누,False,,0.0,0
@punkyboots13,3d펜으로 만드는데 항상 건강 챙기세요😊😊,False,,0.0,0
@minigun.,광고 아니었으면 12월에나 봤을텐데 사나고를 일하게 해주셔서 감사합니다 광고주님..,False,,0.0,0
@hagdhwjs,광고효과 지리네요 다운받아버렸음,False,,0.0,0
@온유찡-i6z,방금 궁수의 전설 광고를 보고왔는데 왜 하나 더있지,False,,0.0,0
@푸르-f5s,“이보다 강력해지는“,False,,0.0,0
@IsisAlv,"the texture of that filament looks insane, but also how the hell does he make this so perfectly?? it&#39;s driving me nuts",False,,0.0,0
@악플러-o3u,"<a href=""https://www.youtube.com/watch?v=nUM8JMDS9JY&amp;t=35"">0:35</a> ....... 슬프게 왜 그래요......<br><br><br><br><br><br><br><br><br><br><br>물론 저는 있지만 ㅋㅋㅋㅋㅋㅋㅋ😂😢",False,,0.0,0
@lexiecon_0G,"Thank you for sharing ❤ your art is very beautiful , your video is relaxing 😊",False,,0.0,0
@도연-p1l,드래곤길들이기 투슬리스 만들어줫으몬 조켓다……..,False,,0.0,0
@마나-r9m,오랜만에 봤는데 이형기술력이 나날이 좋아지네?<br>옴마야...조만간 초대형 프로젝트하나 나오겠는데 <br>프로젝트기간 10년짜리정도로해서 만들면 엄청나겠다 정말,False,,0.0,0
@꼬막조림,영상 보기전에 광고 봤는데 궁전광고 였음,False,,0.0,0
@kim-dm3up,왜.....벌써 왔죠..?,False,,0.0,0
@술정이,이번영상도 잘봤ㅅ <br>빛나는 크리스마스 트리 만들어 주세요 제발요 🎄🎄🎄🎄🎄🎄🎄🙏🙏🙏,False,,0.0,0
@조웅희-p1y,광고... 잘..... ㅎ,False,,0.0,0
@HmJ-w9w,그대는 왜 잊을만 하면 돌아오는가..<br>그래두~~일찍와서 너무좋음~!!❤❤❤,False,,0.0,0
@AmazonRainforest99,클래시로얄 활 쏠 수 있는 아처 피규어도 만들어주세요,False,,0.0,0
@이파리_1,궁전2 재밌는데 개인적으로 1이 더 좋음,False,,0.0,0
@AnimeFan_2013,"Amazing, as always 💖💖💖💖",False,,0.0,0
@dummy-t8u,진짜 늘작품 완성도가 너무 높고 잘만들어서 놀라움 그리고 재미도있어서 개인적 좋은거 같음,False,,0.0,0
@아범시우,와이프랑 아이도 못만ㄷ.... 죄송합니다...,False,,0.0,0
@다죽여-p4i,1의 느낌을 못버리겠음........... 유아이도 그렇고 디자인도. 그치만 시도해본다......!!!!!!!!!!!,False,,0.0,0
@doeee-p3o,광고영상이라도 전혀 이질감 없는 유튜버,False,,0.0,0
@kirschkonfekt,Thank you for the subtitles again. Best of luck for a 3D-pen that can make girlfriends,False,,0.0,0
@w1selyy2k,"괜히 장인이 아니다 ,,",False,,0.0,0
@l9금-Secret-Platinum-채널,<b>잊을만 하면... 아니 잊으면 돌아 오는 유튜버 였는데 빨리 돌아와서 놀란 유튜버 1위ㅋㅋ</b>,False,,0.0,0
@성수-q1z,들어갔는데 쥬. 소 지리네..,True,@l9금-Secret-Platinum-채널,5.0,0
@호선-b5l,들어갔는데 쥬. 소 지리네..,True,@l9금-Secret-Platinum-채널,5.0,0
@김장태-f3u,들어갔는데 쥬. 소 지리네..,True,@l9금-Secret-Platinum-채널,5.0,0
@세현-y7b,들어갔는데 쥬. 소 지리네..,True,@l9금-Secret-Platinum-채널,5.0,0
@정수-u7v,들어갔는데 쥬. 소 지리네..,True,@l9금-Secret-Platinum-채널,5.0,0
@박밍-m1x,이제 푸른 뱀을 기다리면 되는거죠? 내년 2월 내지 3월에 봬요,False,,0.0,0
@Mariemom09,역시 개천재♡♡,False,,0.0,0
@Scout-s6x,궁수가 왼손잡이네요,False,,0.0,0
@jesam6697,❤,False,,0.0,0
@greenapple9477,Of course the bow didn&#39;t work very well 😂 right when it matters.,False,,0.0,0
@이주만-f3m,사나고님 작업하실 때 오랜시간 해야하실텐데 어깨 괜찮으신가요,False,,0.0,0
@TaeYoungs,형 1:1 비율로 하면 여자친구도 만들 수 있을 것 같아.. 희망을 가져..,False,,0.0,0
@이도경-r2d,제목을 &#39;궁수의 장인을 만드는 3b펜 장인&#39;이 더 괜찮지 않을까요?,False,,0.0,0
@yoonbear851,궁금한 게 필라멘트는 다 플라스틱아니에요? 어떻게 나무 필라멘트라는게 존재하는 거에요?,False,,0.0,0
@아니그게아니고-i6t,혹시 3d펜 펜촉이 접지 문제로 고장이 났는데 c타입 펜촉이랑 dc타입 펜촉 둘이 호환이 되나요?,False,,0.0,0
@hikoboshi76,인두기 온도는 얼마가 적당한가요?,False,,0.0,0
@eduardomoraesrigo4782,"안녕하세요 Sanago 님, 브라질용 3D 펜을 구입했습니다. 관료주의로 인해 구입하는 데 많은 노력이 필요했지만 지금 가지고 있습니다. 콘텐츠가 마음에 듭니다.",False,,0.0,0
@Baek_jin,귀엽네요,False,,0.0,0
@-juckjuck,와 진짜 퀄리티 대박,False,,0.0,0
@나이스한개새키,개같이 달려옴,False,,0.0,0
@Hyogi-u1b,나고가 말을 잘하네용❤❤,False,,0.0,0
@물고기-c4u,광고를 얼마나 받은겨 ㅋㅋㅋㅋㅋ,False,,0.0,0
@몽키D로져,"<a href=""https://www.youtube.com/watch?v=nUM8JMDS9JY&amp;t=36"">0:36</a>: 집 만들어 봐요 금덩어리 만들어봐요",False,,0.0,0
@I-hate-monday1972,옛날처럼 디아볼로같은 캐릭터 만들어주면 좋겠다...그때의 웅장함이 그리워..,False,,0.0,0
@Artiimoo,you just get better and better with every project! this turned out so good ❤,False,,0.0,0
@권영진-y9z,"<a href=""https://www.youtube.com/watch?v=nUM8JMDS9JY&amp;t=14"">00:14</a> 태블릿 위에 태블릿에 열전달되지말라고 까는 투명한거 뭔지알수있나요?",False,,0.0,0
@계정-d5l,"기름종이, 반투명종이 등으로 불리는 물건입니다. 열전달을 막기보단, 태블릿에 대고 그린 필라멘트를 쉽게 때어내실 용도인것같아요^^",True,@권영진-y9z,2.0,0
@권영진-y9z,@계정-d5l  아하 감사합니다,True,@권영진-y9z,2.0,0
@치킨맛새벽,참 쉽죠?,False,,0.0,0
@jin-vo6xp,나 증말 첫사랑 생각나려하네ㅋㅋ 아니...거 너무한거 아니오ㅜㅜㅡ,False,,0.0,0
@magebear7,"<a href=""https://www.youtube.com/watch?v=nUM8JMDS9JY&amp;t=306"">5:06</a> NO FREAKING WAY. a sanago vid isn&#39;t quite the same without understanding the snark, but worth it regardless.",False,,0.0,0
@user-hatning,이 형 왜 돌아옴,False,,0.0,0
@Lz_777,Incrível demais 🤩😍🇧🇷🇧🇷🇧🇷,False,,0.0,0
@gyusbin,다음엔 디오라마도 3D펜으로 기대해봐도 되겠죠?,False,,0.0,0
@2hanvinn,와이리 빨리 왔노?..... 🙄,False,,0.0,0
@oll6578,"<a href=""https://www.youtube.com/watch?v=nUM8JMDS9JY&amp;t=35"">00:35</a> 남자친구는 만드시나요",False,,0.0,0
@ThisIsSsamBbong,게이야 게이야…,True,@oll6578,4.0,0
@locomotivo4644,&quot;언제나 그렇듯 뼈대부터 시작합니다&quot;,True,@oll6578,4.0,0
@magnaria9490,줄은 여기인가요?,True,@oll6578,4.0,0
@koom-jk1xz,덜렁덜렁,True,@oll6578,4.0,0
@OOF-o1w,사나고 3D펜 좀 비싸요 배달비 포함 82000원임;; 그냥 대충 네이버 쇼핑에서 찾아본 거 중에 제일 싼거임;;,False,,0.0,0
@ir7412,Nice,False,,0.0,0
@안뇽-o5m,아 너무웃겨 ㅋㅋㅋㅋㅋㅋ 애초에 나가지도 않았다 ㅋㅋㅋㅋㅋㅋㅋㅋㅋㅋ,False,,0.0,0
@naragpg,드래곤볼도 신작 나왔는데 에너지파 쏘는 손오공 만들어 주세요~~,False,,0.0,0
@Lojema5643,ㅋㅋㅋ,False,,0.0,0
@Cayro-eric,"<a href=""https://www.youtube.com/watch?v=nUM8JMDS9JY&amp;t=22"">0:22</a> 발사대는 X<br>         발사되는 O",False,,0.0,0
@콥스파티,영상 주기 뭐여!!!!,False,,0.0,0
@이주형-g8v,"따라 만들고 있었는데 <a href=""https://www.youtube.com/watch?v=nUM8JMDS9JY&amp;t=310"">5:10</a> 미리 만들어 놓으시면 ㅠ 여기부터 못하겠네요",False,,0.0,0
@Cntent_D,궁전2 쇼츠광고가 다 거지같더니만 큰거한방땜에 예산을 아낀거였네,False,,0.0,0
@yusuke7779,젤다의 전설 마스터소드 만들어주세요,False,,0.0,0
@luckim3859,궁2....형만한 아우없더라...,False,,0.0,0
@푸른홍삼,어? 아직 안 잊었는데…?,False,,0.0,0
@므미므,형님 이번에 아케인2나왔는데 아케인 케릭터 하나 만드시는거 어때용?,False,,0.0,0
@소소언,아맞다 이 남자 이공계가 이니라 미대 출신이였지...,False,,0.0,0
@설민재-m1u,드디어!!! 사나고님!! 그리웠어요ㅠㅠ,False,,0.0,0
@aa_mike,뭐야 되게 빨리 오셨네 오랜만입니다,False,,0.0,0
@jjonge_unni,영상 다봐서 정주행중이였는데 업로드라니 !! 💟💟🥹,False,,0.0,0
@sksmsqhzjf,전설의 활을 만드는 거라 그런지<br>필라멘트 색 부터 전설 아이템 폰트 색 느낌이네 ㅋㅋ,False,,0.0,0
@전귀-o4e,"<a href=""https://www.youtube.com/watch?v=nUM8JMDS9JY&amp;t=26"">0:26</a> 화살이 아니라 활을 발사한다구요?",False,,0.0,0
@user-danmuji123,전서래 활,False,,0.0,0
@YABSGlobel,AMAZING ❤❤❤,False,,0.0,0
@프리덤-l6r,"<a href=""https://www.youtube.com/watch?v=nUM8JMDS9JY&amp;t=365"">6:05</a> <br>이과생:20kg아니고 20N인데요<br>문과생:ㅇㅋ ㅇㅎㅇㄹ",False,,0.0,0
@firebert123,What is happening in the comments lmao,False,,0.0,0
@웨인엄마,어머 한달도 안지났는데? 뭐야뭐야하고 달려옴,False,,0.0,0
@싸코-t8k,누구더라,False,,0.0,0
@dduddiddo,초사이언 기원 5릴차 (였던가),False,,0.0,0
@홀리몰리hollymolly,썸넬보고 광고 예상했다면 개추,False,,0.0,0
@박세은-h3r,개추,True,@홀리몰리hollymolly,1.0,0
@rrganza,"<a href=""https://www.youtube.com/watch?v=nUM8JMDS9JY&amp;t=35"">0:35</a> 연금술로 연성하는 것보다 3D가 낫잖여...",False,,0.0,0
@dbb01013,"<a href=""https://www.youtube.com/watch?v=nUM8JMDS9JY&amp;t=558"">9:18</a> 멀쩡함<br>호... 호와아악!!!(뜨... 뜨아아, 파라오오오555!!!!!!)",False,,0.0,0
@capmtr,광고랃 좋으니까 아무거나 올려줘 ㅋㅋㅋ,False,,0.0,0
@user-rurulala,"<a href=""https://www.youtube.com/watch?v=nUM8JMDS9JY&amp;t=389"">6:29</a> 저도 가끔 말 안듣는 저희집 말썽쟁이 손을 구겨주고 싶은 맘이 들기도 한답니다. 참 쉬워보이네요!",False,,0.0,0
@JosephPark0217,잊을만 하면 알고리즘이 데려다 주는 채널,False,,0.0,0
@jenyatanya6876,광고마다 찾아오는 사나고,False,,0.0,0
@베이컨말이-p6b,개 쩔어요쌤..🥹💖💖,False,,0.0,0
@immagical7036,"The fact the filament you used is made of wood is so strange to me, I find it really hard to wrap my head around it",False,,0.0,0
@aloo-v8j,뼈대 보는 내내 첵스초코 생각남,False,,0.0,0
@eyeless3992,얼마를 받았길레 이만큼 커지는겨,False,,0.0,0
@one_month_only,"<a href=""https://www.youtube.com/watch?v=nUM8JMDS9JY&amp;t=35"">0:35</a> 있을 거면서 ㅠ",False,,0.0,0
@almidon0163,덜 굳은거 잡으면 안 뜨거우세요?,False,,0.0,0
@이원경-h8m,사나고님 이번에 베놈 이 마지막 영화라는 라스트덴스에 나온 베놈 만들어주세요😊,False,,0.0,0
@Vic-ct6gm,와..... 진정한 장인이다 ㄷㄷㄷ,False,,0.0,0
@434_-sg6ib,저번처럼 인스타 라방 또 켜줘요,False,,0.0,0
@jaeyoungshin4365,ㅋㅋㅋㅋㅋ 피규어는 의뢰인 회사로 가나여,False,,0.0,0
@tawoching1475,궁전2.. 1이랑 개 똑같음,False,,0.0,0
@경류리,광고있을때만 오네..,False,,0.0,0
@see8211,주변 배경이나 지형 3D펜으로 만들면 안되겠죠?<br>농담 입니다,False,,0.0,0
@코1춘,혹시 움직이는 DOORS 시크 피규어 가능하신가ㅇ...(ㅍㅍㅍ,False,,0.0,0
@안봄-y2k,"<a href=""https://www.youtube.com/watch?v=nUM8JMDS9JY&amp;t=185"">3:05</a> 이젠 뼈대고 뭐고 그냥 허공에서 만들어버리네ㅋㅋㅋ",False,,0.0,0
@supriyajalan1914,You know when you cut your filament into many pieces and melt them to make a big plastic slab? You could collect all your scraps and use those to make those slabs! It would be a great way to use up your discarded pieces of plastic :),False,,0.0,0
@invalidRabbit,He already did it before,True,@supriyajalan1914,1.0,0
@lee_s2o,혼자 해외에 있는데 사나고님 영상보는게 이렇게 힐링될 줄 몰랐어요 뭔가 감정소모 없이 잔잔하면서 나른한 목소리랑 크게 어려움 없이 뚝딱뚝딱 해내시는데 작품성까지..👍🏻 항상 감사드립니다💛,False,,0.0,0
@jaeintube,와🎉,False,,0.0,0
@tongtongcat15,저...사나고님 구독자예요 영상좋아요도 눌렀어요<br>댓글 매번 영상마다 꾸준해달고있으니까<br>제발제발 블루이(BIUEY)만들어주세요...<br>제발요 사나고님...,False,,0.0,0
@Plutmoon,아케인2가 나왔으니 아케인 캐릭터 만들어주시죠. 이번엔 활이었으니 다음엔 총 쏘는 징크스로 😊,False,,0.0,0
@조희주-w2v,사나고님 크리스마스가 다가오니 스노 글로브를 만들어 주시면 감사하겠습니다<br>앞으로도 멋진 작품을 많이많이 만들어주세요.,False,,0.0,0
@H-EDD-12,오,False,,0.0,0
@김순옥-j1l,곧 크리스마스니까 눈뿌리는 산타도 만들어주세요,False,,0.0,0
@ryeeeeeonho,아이소핑크를 저렇게 이쁘게 자르다니...,False,,0.0,0
@Smolnsalty,&lt;3,False,,0.0,0
@케시움마케힘,사나고님 면채우기용 3d펜은 기술적으로 힘든건가요?<br>파스타도 넓적면이 있는데  면채우기용을 <br>한번 연구해보심이 ..,False,,0.0,0
@먀-g4f,생각보다 빨리 오셨네요,False,,0.0,0
@sunkeunyun2716,사나고님 안녕하세요 사나고님 나고가 없어도 화이팅 하세요.,False,,0.0,0
@이름미정-b7p,그니까 다음 영상은 사나고님 여자친구를 실물 사이즈로 해서 3d 펜으로 제작한다는거죠??,False,,0.0,0
@spark-stickfighter,"<a href=""https://www.youtube.com/watch?v=nUM8JMDS9JY&amp;t=35"">0:35</a> 여자친구가 안되면... 남자친구는 어떠신지(?)",False,,0.0,0
@게딱지-e6c,아낌없이 주는 3D펜,False,,0.0,0
@앤추-h5g,나혼렙도좀 ㅎㅎ만들어주세요 ㅎ,False,,0.0,0
@disru-q6t,다음에는 발로란트 근점무기스킨도 해주세요,False,,0.0,0
@오로치마루-e8l,탕탕특공대네 ㅌㅋ,False,,0.0,0
@김호범-m7z,"<a href=""https://www.youtube.com/watch?v=nUM8JMDS9JY&amp;t=421"">7:01</a> 배경이... 더 크지 않나..?",False,,0.0,0
@sebyeok1,유령이 고렙인가 보네요 ㅎㅎㅎ,False,,0.0,0
@파멸-j5s,에이 돈미세 사나고 하기전에 알지요? 크크크,False,,0.0,0
@김호범-m7z,"<a href=""https://www.youtube.com/watch?v=nUM8JMDS9JY&amp;t=36"">0:36</a> 아니 얼굴도 잘생기신 분이 왜...",False,,0.0,0
@Yjjo1004,너무 빠르지만ㅠㅠ 어쩔수없죠ㅠㅠ 잘 보겠습니다,False,,0.0,0
@김민결-v6d,오 빨리 돌아왔다,False,,0.0,0
@여섯띠아르마딜로,전서래 활,False,,0.0,0
@Matt-bm6cv,작업 성격상 빨리 올려달라고는 못하겠는데.. 좀 길이라도 늘려주심 안되나요? 기다리느라 얼마나 힘든데?,False,,0.0,0
@하하키티,다음엔 샤미드 만들어 주세뇨❤❤❤❤❤❤❤❤❤❤❤❤❤3일차,False,,0.0,0
@Hwon_Yoong,광고에요 하면 벽돌 맞을수 있나요,False,,0.0,0
@dimonzetrab5834,привет классно получилось я играю  в что то похожее  на телефоне на чет игры RU,False,,0.0,0
@까마귀-s4k,? 아이구 총각 오늘은 빨리 왔네?,False,,0.0,0
@MareImbrium_,"<a href=""https://www.youtube.com/watch?v=nUM8JMDS9JY&amp;t=187"">3:07</a> 제가 뭘본거죠",False,,0.0,0
@wolf1004roy,ㅋㅋㅋㅋㅋ..ㅓ..?,True,@MareImbrium_,1.0,0
@LilShepherdBoy,2,False,,0.0,0
@Rani_of_Schrodinger,"<a href=""https://www.youtube.com/watch?v=nUM8JMDS9JY&amp;t=22"">0:22</a> 활이 발사&#39;대&#39;는 피규어라니!",False,,0.0,0
@고구마-j2m,되,True,@Rani_of_Schrodinger,1.0,0
@Hecatolite_,뭐야 아직 안 잊었는데 왜 벌써 와요,False,,0.0,0
@Pong-pongpong,ㅋㅋ,True,@Hecatolite_,1.0,0
@user_kkkkkkk222,전서래 활...!!,False,,0.0,0
@이주안-n3h,사나고님! 혹시 인두기 우드버닝툴은 어떻게 커스텀 하신건가용?,False,,0.0,0
@aiphdssong,유령도 못 쓰러트리는 전설의 활 ( 아님 ),False,,0.0,0
@eunjaepark7394,달려오는 사람들 발걸어서 넘어뜨리고 왔습니다.,False,,0.0,0
@jj_jj123,"<a href=""https://www.youtube.com/watch?v=nUM8JMDS9JY&amp;t=157"">02:37</a> 아아 모가지가 댕강 ㅋㅋㅋ",False,,0.0,0
@빵빵빠라바라빵빵,여자친구도 만들면 되져,False,,0.0,0
@gowon-dolphin,아직 안 잊었는데 왜 돌아왔지,False,,0.0,0
@mannie.k3304,이제 졸업하시나요? 대학 졸업과제급이네요;; 엄청 쉽게 말하셔서 자괴감든다아아......,False,,0.0,0
@Bbb-q3n,"<a href=""https://www.youtube.com/watch?v=nUM8JMDS9JY&amp;t=209"">3:29</a> ???: 헛소리 하지마라!<br><br>(퍽)",False,,0.0,0
@잭-u6e,그래도 잊으면 오긴하는구나..,False,,0.0,0
@강강-r1h,피크민 만들어주세요....피크민.....귀여운 피크민....(이왕이면 보라색 뚱땡이로...),False,,0.0,0
@젖어버린물휴지,"<a href=""https://www.youtube.com/watch?v=nUM8JMDS9JY&amp;t=557"">9:17</a><br>닷테 키미... 요와이모?",False,,0.0,0
@이효준47,금손 너무 부럽다..😂,False,,0.0,0
@안티의행보,일단 여쭤볼게 있는데요 태블릿 기종을 여쭤봐도 될까요,False,,0.0,0
@김은성-u5m5y,"<a href=""https://www.youtube.com/watch?v=nUM8JMDS9JY&amp;t=24"">0:24</a> 발사대가 아니라 발사되",False,,0.0,0
@돌맹이9,"<a href=""https://www.youtube.com/watch?v=nUM8JMDS9JY&amp;t=322"">5:22</a> 모터 안의 베어링 안의 ㅋㅋㅋㅋ",False,,0.0,0
@ChaeyiHwang,"빨리와줘서 고마워,,,,,사나핑,,",False,,0.0,0
@supringo0418,올해 마지막영상이되겠군요. 2025년에 뵙겠습니다.,False,,0.0,0
@tkstkdtks123,오랜 시간이 지나 인간 3d 프린터가 된 나,False,,0.0,0
@이유찬-w7n,"아.. 중간에 비밀전대 파이브맨이 ㅋㅋㅋㅋㅋㅋㅋㅋ<a href=""https://www.youtube.com/watch?v=nUM8JMDS9JY&amp;t=127"">02:07</a>",False,,0.0,0
@Shin짱9,피크민도 만들어 주세요,False,,0.0,0
@VAHD715,형 이젠 그냥 잊고살기로 했어😊,False,,0.0,0
@hertia96,와 방금 궁수의 전설 2 영상 올리고 왔는데,False,,0.0,0
@wash-machine,똥마려워요,False,,0.0,0
@워뇽-v2b,와.... 대단하당,False,,0.0,0
@한사람의각오,"<a href=""https://www.youtube.com/watch?v=nUM8JMDS9JY&amp;t=565"">9:25</a>분 사나고님 옆 고양이 뭐에요 나고는 알고",False,,0.0,0
@seojun_8460,앙뚜요,True,@한사람의각오,2.0,0
@reefkorea,앙뚜와 나고를 모르나?!,True,@한사람의각오,2.0,0
@윤호전-d3g,"<a href=""https://www.youtube.com/watch?v=nUM8JMDS9JY&amp;t=21"">0:21</a> &#39;되&#39;",False,,0.0,0
@이잉-b3z,광고의 힘은 대단했다,False,,0.0,0
@김유현-p2t,이분은 이제 신의 경지에 올랐다. <br>우린 이런 사람을 장인이라 불르기로 했지,False,,0.0,0
@Sien_Ha,궁수의 전설 다음작품은 젤다의 전설 어떨까요😂,False,,0.0,0
@Excited_PePe,"<a href=""https://www.youtube.com/watch?v=nUM8JMDS9JY&amp;t=36"">0:36</a> 남자친구는 만들 수 있나요?",False,,0.0,0
@Teriro.,왔다 내 시간 때우기용 영상 ㅋㅋㅋㅋㅋㅋ,False,,0.0,0
@smrmaaksmsanjgksi,광고는 못참지 ㅋㅋㅋ,False,,0.0,0
@mangokim01207,여자친구 빼고 ㅠㅠ,False,,0.0,0
@moveberav,언제나 최고 ❤,False,,0.0,0
@egutjeogut-CH,사나고님 항상 잘 보고있습니다! 영상에 살짝 보인 초음파커팅기 어디 제품인지 알수있을까요??🫡,False,,0.0,0
@user-5L,언제 봐도 금손이라 놀라는 유튜버 1위,False,,0.0,0
@서지니-w2e,오오 역시 👍,False,,0.0,0
@dntjwns10,잊었습니ㄷ.  어? 왜 기억하고있지 나?,False,,0.0,0
@dntjwns10,근데 누구세요,False,,0.0,0
@서원우-m1x,안녕하세요.,False,,0.0,0
@최진호-o2j,진짜로 제가 좋아하는 유튜버 0위!!,False,,0.0,0
@arnold908,영상재미있네여 ㅋㅋㅋㅋ 궁수의전설 게임은 노잼이네,False,,0.0,0
@mindeulrae,광고는 사나고를 춤추게한다,False,,0.0,0
@youmminn,귀엽다...3D펜으로 만드는게 대단하네요,False,,0.0,0
@이석호-j4b,"<a href=""https://www.youtube.com/watch?v=nUM8JMDS9JY&amp;t=45"">0:45</a> 여자친구도 뼈대부터 만들죠",False,,0.0,0
@김정희-w3s5w,엌ㅋㅋ,True,@이석호-j4b,2.0,0
@sang-hiukkim3935,ㅠㅠ,True,@이석호-j4b,2.0,0
@최진호-o2j,사나고 6년전부터 봐왔는데…시간이 이리 빨리 갈 줄은 ㅜㅜ참고로 지금 초딩 ㅜ,False,,0.0,0
@patrick_rick,크리스토퍼 놀란도 놀란 빨리돌아온 유튜버 1위,False,,0.0,0
@안도균-i5x,할로우 나이트 만들어 주세요,False,,0.0,0
@HahnsAtelier,헐레벌덕 달려왔습니다,False,,0.0,0
@딸랑구-s8o,...찐이다,True,@HahnsAtelier,5.0,0
@별마TV,찐이다..ㄷㄷ 이라고 할 사람이 있을것 같으니 재가먼저(?),True,@HahnsAtelier,5.0,0
@윤준형-w2o,와우,True,@HahnsAtelier,5.0,0
@별마TV,@@딸랑구-s8o 어..이미 달렸네..1분차이..아깝다(?),True,@HahnsAtelier,5.0,0
@r2d2-y7o,벌덕x 벌떡o,True,@HahnsAtelier,5.0,0
@하냥하냥-q2h,윈드포스 하이드라보우 해주십사,False,,0.0,0
@CVS011,받아라!! 나의 애로우~~,False,,0.0,0
@시우이-f3o,"<a href=""https://www.youtube.com/watch?v=nUM8JMDS9JY&amp;t=29"">0:29</a> ㅋㅋㅋㅋㅋㅋ 뭐든지 잘만드셔",False,,0.0,0
@JingyuanZeng,Hello,False,,0.0,0
@wouyen,와 진짜 개같이 달려왔는데ㅣ 1시간 지났네....,False,,0.0,0
@시우이-f3o,오셧다...!!,False,,0.0,0
@Deoksoo78,"<a href=""https://www.youtube.com/watch?v=nUM8JMDS9JY&amp;t=30"">0:30</a> 여자친구를 만들어 주....네? 못 만든다구요?",False,,0.0,0
@goyange7,시험기간인데 뭐하자는거야 볼 수 밖에 없네,False,,0.0,0
@l9금-땰조쿠-채널109,재밌네여 ㅋㅋㅋㅋ 캐릭터도 귀엽고ㅋㅋ 공략도좀 찾아봐야겠어요,False,,0.0,0
@크리미킹,ㅋㅋㅋ 3D보단 퍼리지 ㅋㅋ 누가 요즘 현실 야동 봄?,True,@l9금-땰조쿠-채널109,2.0,0
@윤호전-d3g,뭔공략,True,@l9금-땰조쿠-채널109,2.0,0
@여최현정,사나고님 이상해꽃 꽃다발 만들어 주세요❤,False,,0.0,0
@Preud,활로 오이 관통시켜주세요,False,,0.0,0
@가연-l4j,……누구였드라?,False,,0.0,0
@glimamou6258,"At <a href=""https://www.youtube.com/watch?v=nUM8JMDS9JY&amp;t=195"">3:15</a>, it looks like a warm wool sweater, perfect for the cold weather.",False,,0.0,0
@민달팽이-m9o,진짜 그렇게 보이네요 ㅋㅋㅋ,True,@glimamou6258,1.0,0
@iiiiiyiiiiiy,나도 3d 샀우니깐 저런거 만들 슈 있겟지?,False,,0.0,0
@뻬애애애앰,와 진짜 오랜만에 보러왔습니다,False,,0.0,0
@IDEN-y1h,떳다ㅏㅏ,False,,0.0,0
@유제훈-m8v,이게 2가 나오네,False,,0.0,0
@신우김-h6b,우와,False,,0.0,0
@zipcoklife5360,궁수2 재밌네여 ㅋㅋㅋㅋ 캐릭터도 귀엽고ㅋㅋ 공략도좀 찾아봐야겠어요,False,,0.0,0
@kihyunPyo,와 어제까지 사나고님 영상이 뜸하네 생각했었는데 오늘 똭 올라오네요~ㅎㅎ 영상 잘 봤습니다~~~~😊😊,False,,0.0,0
@한한한-w7i,밥 뜸들일때 보기 가장 좋은 영상,False,,0.0,0
@이원준-l2e,이거지이거야,False,,0.0,0
@Rabhadh-RhymesWithJava,"I recently binged a lot of your videos, but I think this is my favorite so far. It shows off such well made pieces, and more than one too!<br><br>Just a shame about that first shot...",False,,0.0,0
@머라고냥,그러니까 광고가 들어오면 빠른 업로드가 된다는...자본주의3D장인<br>.......이게 맞아요?,False,,0.0,0
@EZZZ845,링크 만들면 좋겠네요,False,,0.0,0
@yudoring,마스터소드 만들어주실수 있나요?,False,,0.0,0
@0ZepA5,아이언맨 피규어 20..!,False,,0.0,0
@TheBigBMoss,I always love your videos! Keep them coming!,False,,0.0,0
@으-l4f,드디어!!!!!,False,,0.0,0
@jojojoggg,왜 빨리왔지..?,False,,0.0,0
@berrysweet8723,아니 유령 눈치없게 안쓰러지네ㅋㅋ,False,,0.0,0
@tubebbuki5883,이제는 너무 대충해서 놀래지도 않는다...더 영상을 올려달라!!!,False,,0.0,0
@3DPlasticFantasy,"The level of your craftmanship in on another level, only from the bow mechanism you can tell that is mind blowing.",False,,0.0,0
@김범준-s2n2q,이거 양궁 국대가 광고 하던데 ㅋㅋㅋㅋ,False,,0.0,0
@minsukim-t4h,젤다의 전설 만들기 해주세요!,False,,0.0,0
@차윤호-j3t,투슬리스 만들어주세요,False,,0.0,0
@유튜브에서이름긴놈,사나고님 젤다의 전설에 나오는 마스터 소드쫌 해주십쇼,False,,0.0,0
@초보-l6b,얇은..아니고 가는,False,,0.0,0
@hhhhaaa2200,와 손가락 표현 진짜 고트하다... 이제 곧 있으면 진짜 여자친구로 만들겠네... (not human),False,,0.0,0
@bido9998,"<a href=""https://www.youtube.com/watch?v=nUM8JMDS9JY&amp;t=108"">1:48</a> 나도 허리에 열좀 가해볼까",False,,0.0,0
@minekaccu,그러다 숨져요,True,@bido9998,1.0,0
@user-be1dy6id4f,플라스틱 필라멘트로 뼈대 만들고 우드 필라멘트로 표면을 채우면 어떻게 될까...,False,,0.0,0
@동그라미-k9j,어머나 새 영상이잖아!,False,,0.0,0
@잉여,뭐야 왜 벌써 와요,False,,0.0,0
@갈비만두-b1x,사나고님! 리틀 나이트메어 게임에 나오는 주인공 캐릭터도 귀여운데 만들어주시면 감사할거같습니다!,False,,0.0,0
@JayLee-zzz,광고 받으면 잊기전에 돌아오는 유튜버,False,,0.0,0
@소주맛곰,"<a href=""https://www.youtube.com/watch?v=nUM8JMDS9JY&amp;t=30"">00:30</a> 그렇게 나사와 스페이스x의 광고가 들어오는데...",False,,0.0,0
@이효준47,이제 우주선 만들어야겠네 ㄷㄷ,True,@소주맛곰,4.0,0
@wolf1004roy,왘ㅋㅋㅋㅋ우주선 만들면 녹을 것 같은ㄷ🤐,True,@소주맛곰,4.0,0
@9918kth,??? : 메카질라로 로켓 회수하는거 피규어로 구현해주세요!,True,@소주맛곰,4.0,0
@Jackson-h5n,"??? : 항상 영상 재미있게 보고 있소. 3d 팬으로 이번에 완성된 스타십 II 모형을 만들어주시오. 대기권을 통과할 때의 마찰열 질감을 리얼하게 표현해주시고 최대 추력은 80,000 kN으로 잡아주시오.",True,@소주맛곰,4.0,0
@안보이는순간,대...대단하다,False,,0.0,0
@숏무비-l2b,사나고님 건담도 만들기도해주세요,False,,0.0,0
@buststay404,😮😮,False,,0.0,0
@박성은-w3r,귀여워서 광고여도 재밌다 게임도 생각보다 너무 재밌음🐞🎯🏹,False,,0.0,0
@k0wn1220,비교적 일찍 와서 놀랐습니다만,False,,0.0,0
@brevin630,Is this the first time Sanago has referenced Power Rangers in a video?,False,,0.0,0
@이성주2,와 드디어 뉴,False,,0.0,0
@everyday_happily,진짜 손재주는 타고난것 같음,False,,0.0,0
@거참-g1j,유령 불쌍해 ㅠ,False,,0.0,0
@sujinlee9525,ㄱㅇㅇ,False,,0.0,0
@잔-r4d,"<a href=""https://www.youtube.com/watch?v=nUM8JMDS9JY&amp;t=545"">9:05</a> 캬 이거지.. 이 하찮음이 이 사람의 매력이지...",False,,0.0,0
@최진호-o2j,ㅋㅋㅋ,True,@잔-r4d,2.0,0
@wolf1004roy,ㅋㅋㅋㅋㅋㅋ귀엽…☺️🤣,True,@잔-r4d,2.0,0
@Ratwohander,누구세요?,False,,0.0,0
@user-jv6vk4ur1d,잘 갈리는 건 경도 잘 부숴지는건 강도,False,,0.0,0
@Dr.eleven,어라 아직 안 잊었는데 왜 벌써 돌아왔지,False,,0.0,0
@저승차사-o3u,사나고님 활 강화를 하셨어야죠 노강 무기는 약해요,False,,0.0,0
@종이를막접는어린이,– · –　 ·　 · · – ·　 · · – ·　 · · ·　 – · –　 · – – –　 ·　 – – ·　 – · – –　 – · –　 – ·,False,,0.0,0
@구구아이스크림,헐 왤케 빨리 오셧지.....?,False,,0.0,0
@chee_se_bread,최근에 대전 워크룸가서 사나고님 작업물 실물을 보고왔는데 영상에서만 보던걸 실제로 보니까 엄청엄청!! 좋았음ㅠㅠ 대전 수목원 단풍도 이쁘고 근처에 성심당도 있어서 놀고 오기 좋았더요👻👻🍀 담에 또 이친구 활 쏘는거 보러 가도 되겟죠?,False,,0.0,0
@emirkaratekin1907,Adam gerçek bir sanatçı,False,,0.0,0
@초코틴틴-t5x,엥? 엥? 엥?,False,,0.0,0
@evafoam2da,피규어만 하나 있는게 아니라 디오라마라서 되게 좋은거 같아요,False,,0.0,0
@아리혜진_42,오..꽤 일찍 돌아오셨군요!!<br>이번에 빨리 오셔서 놀랐습니다..,False,,0.0,0
@2름없음,광고줄테니 여자친구 만들어주세요,False,,0.0,0
@tjq8824,오랜만에 납시었네요 두근두근합니다😊😊,False,,0.0,0
@정상인-i4k,5년만의업로드ㄷㄷ,False,,0.0,0
@김낙지,"<a href=""https://www.youtube.com/watch?v=nUM8JMDS9JY&amp;t=543"">9:03</a> 삼연엥🙃",False,,0.0,0
@민트쵸코프로젝트,일년에 수십억 버는 양반이 광고를? 혹시 돈미새?,False,,0.0,0
@비명지르는_제리,잊으면 돌아오시지만 이번엔 빨리 돌아온 이유가 있으셨군요 😂,False,,0.0,0
@sloppy_man,저 오늘 생일인데 한 번 씩만 축하해주세요,False,,0.0,0
@윤건-f3m,네,True,@sloppy_man,5.0,0
@_jjaktung116,ㅊㅊㅊ 맛난거 많이 먹으세요,True,@sloppy_man,5.0,0
@뚜껑빌런노상욱,축하해요 🎉🎉,True,@sloppy_man,5.0,0
@user-yehun228,축하합니다,True,@sloppy_man,5.0,0
@sweet4654,축해해🎉,True,@sloppy_man,5.0,0
@8비트-e2n,궁수의전설2,False,,0.0,0
@Ldoak-l6h,"<a href=""https://www.youtube.com/watch?v=nUM8JMDS9JY&amp;t=212"">3:32</a> 손표현 대박이다😮😮😮",False,,0.0,0
@몰루-h8z,이번영상도 잘보겠습니다.,False,,0.0,0
@na_dolphin,생각보다 일찍 돌아온 그,False,,0.0,0
@TV-mk5gx,광고때문일까??ㅋㅋ,True,@na_dolphin,1.0,0
@user-et8cm6ok5f,초심을절대잃지않으시는그..,False,,0.0,0
@꿱꿱-s4l,형 다시 왔구나...,False,,0.0,0
@gwiwonchae7088,와 6분!!,False,,0.0,0
@slcyscraper,"<a href=""https://www.youtube.com/watch?v=nUM8JMDS9JY&amp;t=524"">8:44</a> 이 연출 몇년이 지나도 안변하네요",False,,0.0,0
@lovejoy3057,근데 이 연출이 넘 뻘하게 웃김 ㅜ ㅜㅋㅋㅋㅋㅋㅋㅋㅋㅋ,True,@slcyscraper,1.0,0
@luke9785,He&#39;s so cute.....,False,,0.0,0
@위슈-t2v4r,구독,False,,0.0,0
@도톨의,생각보다 빨리 돌아왔으면 개추,False,,0.0,0
@서제준,누구임?,False,,0.0,0
@Ldoak-l6h,내 힐링 영상❤❤❤❤,False,,0.0,0
@teateatea3333,오늘 저녁의 자장가,False,,0.0,0
@Tiger_Ho-Official,"<a href=""https://www.youtube.com/watch?v=nUM8JMDS9JY&amp;t=35"">0:35</a> 따흐흑",False,,0.0,0
@영원하다민초는,분당 댓 9개 ㄷㄷ     4분 기준,False,,0.0,0
@yhlee1998,사나고 잘생겼다!,False,,0.0,0
@dstone2131,"<a href=""https://www.youtube.com/watch?v=nUM8JMDS9JY&amp;t=35"">0:35</a> ㅠㅠㅠㅠ",False,,0.0,0
@서울-i2v,귀멸의칼날 해주세요,False,,0.0,0
@이름없음-j3n,포브스 선정 잊을만 하면... 아니 잊으면 돌아오는 유튜버였는데 빨리 돌아와서 놀란 유튜버 1위,False,,0.0,0
@아-r6u,슬슬 이젠 예정보다 빨리 돌아와도 안 놀라운 유튜버 1위쯤 될 듯,True,@이름없음-j3n,5.0,0
@Qododor,&quot;포보스 선정 기억 날랑말랑 할때 돌아오는 유튜버 1위&quot;,True,@이름없음-j3n,5.0,0
@닉네임추천좀-b7y,광고의 힘은 대단했다,True,@이름없음-j3n,5.0,0
@Comet_crusader,잊을만 하면 드립 좀 그만 쓰면 안되냐?,True,@이름없음-j3n,5.0,0
@Comet_crusader,​@@Qododor2주만에 왔는데 기억 날랑말랑한거면 치매 초기 검사 받아보시길,True,@이름없음-j3n,5.0,0
@저승민-w2k,사나고 유기어스 기원 3일차,False,,0.0,0
@msmskmsmsms,진짜 세상에서 잊혀질만하면 올라오는구나...,False,,0.0,0
@jisu_jace,잊을만하면 어쩌고 저쩌고 1위,False,,0.0,0
@hayeonkim7838,오 광고에서 본 게임이다,False,,0.0,0
@종엽-k5q,롤승급전을 버린 나...,False,,0.0,0
@김영호-h7t,1분전❤❤❤❤❤,False,,0.0,0
@dobby7046,대박 1분젘,False,,0.0,0
@user-meta_mong1,소올~직히 궁수의 전설 좀 망겜같음..,False,,0.0,0
@냥_뇽,우와,False,,0.0,0
@amyuksami,오야 새 영상이다,False,,0.0,0
@eunjilee2465,😮,False,,0.0,0
@뷁-s9p,브롤 승급전 버리고 튀어왔습니다,False,,0.0,0
@manytoto3479,"He&#39;s at it again, what a legend.",False,,0.0,0
@HWNAGCHUNBE,이건 못 참지,False,,0.0,0
@꽁-f1o,여자친구 광고 주문할게요.,False,,0.0,0
@메루-i2h,48초전 나도 저렇게 잘하고싶다,False,,0.0,0
@bigpond99,ㅌㄴㅇ,False,,0.0,0
@Bori_hp,누구세요?,False,,0.0,0
@울트라슈퍼지윤핑,13초전 귀하다…!!!,False,,0.0,0
@Sj-s3s,우와…😮,False,,0.0,0
@on-song,35초전!,False,,0.0,0
@duchi1626,미쳤고,False,,0.0,0
@메론-f,안녕하세요,False,,0.0,0
@HoriIzumi-l8g,초 단위 전에 올라온 건 처음인데 그게 사나고님이라서 좋네요. 즐감하겠습니다,False,,0.0,0
@RaccoonMan,😂,False,,0.0,0
@최준우-u3d,호우,False,,0.0,0
@danbilee8595,17초전!,False,,0.0,0
@assmmakestyle6953,와 세느,False,,0.0,0
@폭주족발,달려왔습니다,False,,0.0,0
@달달구리-w3y,나 일등 처음 해본다,False,,0.0,0
@슬픈고릴라,⁠@@변승훈-r8n얘 1번째 맞는거 같은데 왜그래,True,@달달구리-w3y,5.0,0
@하핫-u6n,​@@변승훈-r8n 말이 짧으시네?,True,@달달구리-w3y,5.0,0
@민또리-l3v,@@변승훈-r8n이상한 ㅅㄲㅋㅋㅋㅋㅋㅋ,True,@달달구리-w3y,5.0,0
@kikhiyumkik,​@@변승훈-r8n44초전이 2분전보다 느린거임,True,@달달구리-w3y,5.0,0
@user-yehun228,승훈이 개 불쌍하노,True,@달달구리-w3y,5.0,0
