author,comment,is_reply,reply_to,reply_count,is_spam
@deatfeu4462,rip,False,,0.0,0
@hee4810,"헨즈리야 벌써 그립구나.. 너구리티콘 그렇게 부러워하더니 쫓아 따라갓구나 2년이라니 좋은 대우를 해주는 곳을 잘 찾아갓구나 농심종신을 택했구나 젠지에서 너의 노력, 멤버들과의 케미, 유난히 빛낫던 블츠까지 잊지 못할거 같아 라면만 먹지말고 건강한거 잘 챙겨먹고 행복해야해 우리서폿❤️😭",False,,0.0,0
@gz9tr2le4b2nsi,진지하게 탑바텀 상수에 정글도 기대할만하도 피셔가 평균만해도 4~6위권 로스터인데?,False,,0.0,0
@cerberus5442,영상 존나 따뜻하네 ㅋㅋ,False,,0.0,0
@puu_reni1078,왜 이사람만 광고찍노 ㅋㅋㅋㅋㅋㅋㅋㅋㅋㅋㅋㅋㅋㅋㅋㅋ,False,,0.0,0
@warmcozypeace,25농심. 당신 덕분에. 응원해요.. 헨즈리,False,,0.0,0
@mingggblue7743,🎉 농심에서 행복해야해 리헨즈❤,False,,0.0,0
@두린이-v6q,농심 킹겐에 리헨즈 신라면급됐네 후후,False,,0.0,0
@토마노르,이 광고 너무 따뜻하고 청량하고 나온 배우가 이뻐서 계속 보게 되네여..<br>근데 정작 라면은 거의 안나오네여..,False,,0.0,0
@Wkdlfflxhfvhehakt,손시우 개귀엽게 찍혔네 행복한 원숭이 같음,False,,0.0,0
@ForeverCloud1505,"무슨 영상이 이렇게 따숩담,, 리헨즈 화이팅",False,,0.0,0
@Ddddd-di9sh,따스하더 ….,False,,0.0,0
@jotcca,구단 센스 쩌네,False,,0.0,0
@travel6970,농심도 *신이네,False,,0.0,0
@jjun9244,우리헨즈 잘해보자 언제나 응원해 화이팅!,False,,0.0,0
@이감자-c2t,리헨즈게이야 ㅠㅠ 힘내라,False,,0.0,0
@jumeokjjangssae,사랑했다 리헨즈…………. 항상 행복해야해요 건강하세요 🥹🥹🫶🙏🏻,False,,0.0,0
@뚜루-r9e,헨즈보러 농심구독왔습니다~,False,,0.0,0
@DonLeedev,농심 팀 개맛도리로 변하겠네 ㄷㄷ,False,,0.0,0
@king777-h5n,되게 가정적인 남자같네,False,,0.0,0
@hayoungkim14,시우야 농심가서도 잘하자!!! 응원할게🥹 농헨즈화이팅!!!,False,,0.0,0
@qwer198,겉은 저렴하다하지만 내면은 값비싼 헨즈리,False,,0.0,0
@Nochebla,맨날 농심짜파게티 홍보하더니  큰그림 미쳤다,False,,0.0,0
,농심 감정표현 받으러 농심 간 시우…,False,,0.0,0
@leo074074125,Let Lehends cook !,False,,0.0,0
@youngrokcha420,신라면을 꺼내는 손 모양이 이미 누구인지 말해주네...,False,,0.0,0
@s6060304,Lehends 祝福新隊伍順利 原來農心的心是辛拉麵的辛,False,,0.0,0
@davidkennedy1519,젠전드 헨즈형 이제 농!ㅋㅋ전드까지 노리는구나... 젠붕이로써 그동안 진짜 너어어무 고마웠고 이제 농심팬까지 같이할게... 농헨즈 파이팅!,False,,0.0,0
@cj-nf8ts,시우야 너팬하고 후회한적 단한번도없어~ 넘이쁘게나왔네ㅎㅎ니실력아니까 바텀 미친케미 일한번내보자🎉,False,,0.0,0
@euiwonkang2268,너무 멋진 사람 리헨즈...항상 행복하시고 내년 한해도 파이팅,False,,0.0,0
@ililililiililil,ㅋㅋㅋㅋㅋㅋ헨즈야 기엽다,False,,0.0,0
@한입만-r1b,빨간요리사 시ㅣㅣㅣㅣㅣㅣuuuuuuu,False,,0.0,0
@TeemoGod,이거 진짜에요?,False,,0.0,0
@gyusa9827,그럼요 ㅋㅋ,True,@TeemoGod,1.0,0
@rlagus0304,ㅋㅋ 물도 백산수넣고 끓이네,False,,0.0,0
@Honso-p5t,올해 동부권은 경쟁력이 다 있어보이네,False,,0.0,0
@elizaemma1639,농심분위기 기대된당 ㅎㅎ 농튜브 왠지 자주볼것같은 예감 ㅋㅋㅋㅋㅋ존잼많을것같음 ㅋㅋㅋ,False,,0.0,0
@4burn0927,도련님 서폿 ntr에 성공한 지우 ㄷㄷ,False,,0.0,0
@겨울오냐,나 신라면 좋아해❤,False,,0.0,0
@CryYuetovo,역시 홍보모델 시켜주면 안 돼? 진짜 라면 광고일 줄 ㅋㅋㅋㅋㅋㅋ<br>나 이걸 보고 갑자기 라면 너무 먹고 싶어,False,,0.0,0
@jyoh9581,타팀팬이지만 리헨즈선수는 밝고 재치있는 모습에 팀 불문 늘 호감이에요! 응원합니다 화이팅!!,False,,0.0,0
@Bkbkbkbkbkbkbkbkbkbk,왜 이사람 혼자 광고임?,False,,0.0,0
@user_1234_a,와. 영상 좋네요. 부럽다.,False,,0.0,0
@Dreamer-z8n,리헨즈야 니가 뭐가 부족해서 거기로 갔니.. 에휴.. 매번 응원했는데,False,,0.0,0
@진성이-f8b,연봉,True,@Dreamer-z8n,1.0,0
@말랑볼-v7d,농십 플옵갈만하겠는데ㅋㅋㅋㅋ,False,,0.0,0
@jeong-eun-kim,친구 지우를 위해 집사 리헨즈를 보내준 페이즈 ㄷㄷ,False,,0.0,0
@august1980,리헨즈선수 젠지에서 수고하셨습니다 앞으로도 파이팅!!!!,False,,0.0,0
@한주율-r8b,월즈 가줘!!!!!,False,,0.0,0
@sseodi,아니 킹겐은 멋있는 브금 틀고 빠바밤 하던데 리헨즈는 왜 라면끓이고있냐 ㅋㅋㅋ 너무 극과극임,False,,0.0,0
@RUN.-BTS,티원팬입니다<br>리핸즈 선수 웃는모습 너무 보기좋네요<br>언제나 화이팅 하십시오,False,,0.0,0
@NoT1isCleanWorld,시우야 ㅠ 행복해야한다,False,,0.0,0
@낭만파오너,헨즈형 옷이 너무 잘어울린다 농심에서 화이팅 !,False,,0.0,0
@worldhello7068,리헨즈 젠지한테 팽 당한거임? 불쌍하네 MSI 우승시켜줬는데,False,,0.0,0
@구님-w6u,헨즈 화이팅 🎉🎉,False,,0.0,0
@killingtim2,이거 신라면 광고 맞죠?,False,,0.0,0
@MindzFavo,mano,False,,0.0,0
@poem._.,와 지우 탈출하라고 했었는데 철회하겠습니다.. 리헨즈에 킹겐이면 지우는 이제 제대로 증명해야지,False,,0.0,0
@루시아발렌,다른 선수들은 전투적인대 여기는 가정적이야,False,,0.0,0
@과몰입담비,시우와 지우 이거 못막는다,False,,0.0,0
@천안아산최진우,리핸즈가 농심에 온다고? ㄷㄷ,False,,0.0,0
@더유이,2년뒤 dk에서 뵙죠,False,,0.0,0
@김치파워,"젠지 팬입니다<br>2024년 정말 리헨즈 선수 덕분에 많이 웃었고 많이 행복했습니다<br>스프링 결승 애니, MSI 블리츠, 서머 트래쉬 토크 그리고 오프더레코드의 입담 등등<br>리헨즈 선수와 내년에 함께하지 못해서 정말 아쉽지만 <br>언제 어디서든 리헨즈 선수가 행복했으면 좋겠습니다!<br><br>리헨즈 선수 화이팅입니다! 항상 응원할게요!",False,,0.0,0
@maryrose8701,영상 따뜻하네,False,,0.0,0
@역시이상호-q4s,리헨즈 젠지에 있는동안 정말 고마웠고 재밌었다 농심가서도 좋은모습 보여주길 바랄게,False,,0.0,0
@BBB-tw5tn,이번에 동부팀들도 꽤 기대된다ㅋㅋㅋ<br>내년 리그 방식 바뀐 것도 그렇고 되게 재밌을듯,False,,0.0,0
@최신식-e1k,농심에 드디어 드디어!! 🎉🎉🎉🎉🎉,False,,0.0,0
@tag4208,"농머니,참 따뜻한 표현이다.",False,,0.0,0
@김호빈,기분 이상하노..;,False,,0.0,0
@아곰-c7o,리헨즈 선수는 인간적으로 많이 끌리고<br>좋아하는 선수라 잘 되었음 좋겠다❤,False,,0.0,0
@행복한주주라구욧,리헨즈! 우리 24 젠지 주장! 올 한해 리헨즈 덕분에 정말정말로 행복했어요! 언제 어디서나 분위기 메이커로 분위기를 환하게 밝혀주는 리헨즈의 모습 절대 잊지못해요. 진짜 너무너무 좋았어요 일년 내내. 22젠지때 98즈 입덕을 시작으로 24젠지까지 정말 황홀할정도로 좋았어요. 우리는 절대 리헨즈 실력 의심안해요 정말 일년내내 잘해줘서 고맙습니다. 앞으로도 팀은 계속 바뀌겠지만 항상 응원할게요. 고마워요 24젠지의 해피바이러스 리헨즈!,False,,0.0,0
@rlimu,이젠 젤 맘에 든다던 농심 감표를 맘껏 쓰게 되었네...<br>헨즈리 항상 응원해! 올해도 화이팅!!,False,,0.0,0
@정예은-c9w,뭐야뭐야 왤케 잘생겼어 시우야????? 시우 지우 잘해보자,False,,0.0,0
@아니-b4t,농심 맨날 b+급 유망주들로만 스쿼드 짜서 번뜩이긴 하는데 8등 9등 마감하는거 좀 그랬는데 이번에 힘 제대로 줬네 좋다,False,,0.0,0
@이재원-c2z9t,리헨즈 솔직히 젠지급은 아니였고 lck에서 6등 서폿인거 같았는데 농심이면 딱 어울리는 곳 들어간듯,False,,0.0,0
@sbusg9643,진짜 따뜻한오피셜이다,False,,0.0,0
@dangdanglove5020,시우! 내년에는 더더 많이 웃었으면 좋겠다 꼭 행복해야해 내 첫 서포터❤,False,,0.0,0
@jacksy745,젠지 팬인데 내년은 농심도 같이 응원하겠습니다 <br>리헨즈 농심 화이팅,False,,0.0,0
@ForTez1027,사람이 참 밝아서 좋아 분위기 좋게 게임하면서 커리어 잘 이어나가시길,False,,0.0,0
@조우진-k7u,"올해 농심 맴버구성 평가하자면<br>다크호스다<br>진짜 반전 만들수있을것같네<br>브레인, 유충(너프전까지)운영 다듬으면 4개 강팀에 꿀리지않는 고점 보여줄것같음 재밌는경기 보여주세요",False,,0.0,0
@user-ge1xr0ds7j,농구리 감표에 홀린 리헨즈ㅋㅋ 농심에서도 행복해라,False,,0.0,0
@esteen0218,아니 이거 핸즈리 웰컴 영상 아니에요?ㅋㅋㅋㅋ 아무리 농심이지만 라면끓이고있엌ㅋㅋㅋ<br>시우야 지우랑 화이팅!!! 농심 무서워진다아 지우에 시우라니!!,False,,0.0,0
@taeheelee593,와 2년계약이네 심지어,False,,0.0,0
@유진-j3q2e,귀엽 ㅋㅋㅋㅋ 헨즈리 거기서도 행복해야해!! 항상 응원하고 지켜볼게!!🎉🎉,False,,0.0,0
@동해-e5x,시우 내년에도 응원할게 화이팅!!!!,False,,0.0,0
@mingvelys2934,"진짜 호감형 인간 그 자체 리헨즈,, 타팀 팬이지만 너만큼은 응원한다!!!",False,,0.0,0
@나나슈슈-i3x,기파게티에 이은 너구리를 끓여줄살암 누구인가~? 지구리?킹구리?,False,,0.0,0
@꼬깃-u5i,이거 원래 리헨즈를 제일 웅장하게 찍어주려 했는데 원딜인 지우가 더 돋보였으면 좋겠다고 해서 컨셉 바꾼거라는데 진짜예요??,False,,0.0,0
@BEST_NS,지금부터 월즈까지 숨 참을그야,False,,0.0,0
@LCKWIN632,헨즈야 너가 젠지에 있을때 msi 결승이 아직도 생각난다......이번시즌 너무 고마웠고 농심에서 행복하길 바래 농심팬분들 헨즈 잘 부탁합니다 ㅠㅜ...,False,,0.0,0
@jks9110,나만 수돗물로 라면 끓임?,False,,0.0,0
@박가네초콜릿,금수저 페이즈가 떠나가니 자수성가한 지우 곁에 온 리헨즈,False,,0.0,0
@genagari9098,Pls take good care of our princess. He is the brightest sunshine of Bananadan.,False,,0.0,0
@Mabil25,리헨즈 2024년 너무 고마웠다ㅠㅠ,False,,0.0,0
@onuser345,헨즈리 1년내내 짜파게티 노래를 부르더니만 본고장으로 이직했구나 응원한다,False,,0.0,0
@오말-w5l,젠지에서 농심으로.. 떡락했누 ㅠㅠ,False,,0.0,0
@namfingerstyle8403,레헨드를 공격하는 바퀴벌레를 조심하세요~,False,,0.0,0
@HeeyoungChung-h5y,ㅖㅖㅖㅖㅖㅖㅖㅖㅖㅖㅖㅖㅖㅖㅖㅖ???,False,,0.0,0
@아기고래-k4p,진지하게 플옵권 노릴만한거 같은데 이러면,False,,0.0,0
@ST_AR-15,리헨즈 손시우 선수 화이팅입니다!!!,False,,0.0,0
@오오오엉-j8z,젠팬인데 월즈 못 들고 떠나서 너무 아쉽지만 거기서 행복하새요ㅠㅠㅠ 수환이랑 시우형 감사했습니다...,False,,0.0,0
@밍밍이-x1z,시 우 좋 아,False,,0.0,0
@zzzz_yoon,시우야 행복해라아~~~~~,False,,0.0,0
@이름-p3b4f,시우형 잘가 고마웠어!! 난 여전히 젠지 팬이지만 올해 내가 두번째로 응원하는 팀은 농심이야. <br>지우랑 피셔가 기대가 되네요.,False,,0.0,0
@lime4006,시우형 잘가...,False,,0.0,0
@GenG_Chovy,손siuuuuuuuuuuu 항상 응원합니다 젠랑이보다 농심너구리가 좋다더니<br>좋은대우 받으신것 같아 기분이 좋습니다<br>siuuuuu하는 지우와 그냥 siuuuuu의 좋은케미 기대하겠습니다!!!!,False,,0.0,0
@mosoon40,힘내라 리헨즈!,False,,0.0,0
@pink_fox_,물이 너무 많네요<br>3점드립니다,False,,0.0,0
@Herose_TOYANG,헨즈야 진짜 사랑했다 농심가서도 행복하게 잘해,False,,0.0,0
@jayparking.,얘도 참 불쌍하다 월즈 잠깐못했는데 바텀이 그대로 다 터졌네 ㅋㅋㅋ,False,,0.0,0
@faithinglory.,손시우 파이팅 ~ 지우리헨즈 농심 버텀 기대된다!,False,,0.0,0
@체링-k9s,리헨즈 선수 항상 응원하겠습니다 :),False,,0.0,0
@t1_621,ㅋㅋㅋㅋㅋㅋㅋㅋㅋㅋㅋㅋㅋㅋㅋㅋㅋㅋ,False,,0.0,0
@대파-h6d,아니 이 영상 왤케 좋고 웃기지 무맥락이야ㅋㅋㅋㅋ 영상이 너무 손시우 같아요.ㅋㅋㅋㅋㅋㅋㅋㅋㅋ,False,,0.0,0
@juyoungchoi9832,애들 농심으로 갈때마다 미소에 힘이 없어...유니폼 디자인도 뭔가 어깨에 힘이 들어갈수가 없어...ㅋㅋㅋ,False,,0.0,0
@Soon-y2v,이번 LCK는 꿀잼의 연속일거같다..,False,,0.0,0
@Gyumin-Hustle,리헨즈 화이팅🔥🫡,False,,0.0,0
@강병주-o4x,지우와 시우 기대되는 바텀 듀오네요 손시우 선수의 MSI 결승에서의 활약은 항상 기억하고 있겠습니다 농심에서도 건승하세요,False,,0.0,0
@다싼정약용,농심도 월즈 가보자고,False,,0.0,0
@amqlow,24젠 고마웠다.. 농심에서도 화이팅!!,False,,0.0,0
@Zn0000,헨즈리 웃는 거 보니까 너무 좋네... 어디서든 잘할 선수인걸 아니까 나도 쭉 응원할게!!!! 내년 내후년도 화이팅💪💪,False,,0.0,0
@User-HLEWIN,영상보고 오늘 저녁 신라면 먹었습니다🎉,False,,0.0,0
@ChinaTeamGen.G,저는 양파링 대신 칰퍼링 먹었습니다😂,True,@User-HLEWIN,2.0,0
@Lower2223f,​@@ChinaTeamGen.G 저는 계란빵 훔쳐먹었습니다😅,True,@User-HLEWIN,2.0,0
@Ha22220,리헨즈!! 나 이제부터 신라면만 먹는다!,False,,0.0,0
@아오늘-r9r,뭔가 영상 가장 맘에드는느낌 색감이나 브금 감성 분위기 굿,False,,0.0,0
@rmx9442,아니 동부권 이번에 칼을 갈았네 다들 로스터 개빡세 25년 개재밌겠다,False,,0.0,0
@CR7_Archive,라면 ㅋㅋㅋㅋ,False,,0.0,0
@rmx9442,와 지우 리헨즈는 ㄹㅇ 궁금하네 시너지,False,,0.0,0
@woojin232,❤리헨즈 손시우 언제나응원합니다🎉,False,,0.0,0
@zeoguke,월즈는 그렇다치고 므시 파엠은 안잊을게,False,,0.0,0
@dododok115,리헨즈 젠지에 있는 매순간 진짜 고마웠다....같이 우승한 순간은 절대 못 잊겠다. 농심에서도 전성기급 활약 펼쳐서 최고의 서포터가 되길,False,,0.0,0
@odwrty7eks,신라면 ㅋㅋㅋㅋㅋ,False,,0.0,0
@제이-v6o,ㅁㅊ 농심 돈 ㅈㄴ 썼네 ㅋㅋㅋㅋㅋㅋㅋㅋㅋㅋㅋㅋㅋㅋㅋ,False,,0.0,0
@채은-y8z,농심 너구리 감정표현 이쁘다고 하더니.. 리얼루 농심을 가셨네요 헨즈리,False,,0.0,0
@앙몬드-z8v,리헨즈선수 농심 와서 경기하면서 영상에서처럼 행복한 웃음 많이 볼 수 있었음 좋겠어요☺️ 앞으로 잘 부탁드려요!! 파이팅!!,False,,0.0,0
@liukang-h6v,Good Luck Lehends!!!!,False,,0.0,0
@센조-e4m,농심 이번시즌 기대된다 잘해보자!,False,,0.0,0
@Yerim1231,웃으니까 보기좋다,False,,0.0,0
@코인구스,ㅠㅠ 헨즈 진짜 잘했는데....<br>월즈에서 멘탈나가서 계속짤리는 모습보고 너무 안타까웠다 ㅠㅠ<br>어디든 잘할꺼야 화이팅!,False,,0.0,0
@water_melon_9797,아이고...,False,,0.0,0
@user-lillliiililiiliiil,아오 ㅋㅋㅋ귀엽다 귀여워 ㅋㅋㅋㅋㅋ,False,,0.0,0
@ngoclethihong5166,❤❤,False,,0.0,0
@lasdf184,광고찍는거같아서 ㅈㄴ웃기네ㅋㅋㅋㅋㅋ,False,,0.0,0
@isfj3448,헨즈야 농심가서도 행복해야해 ㅠ,False,,0.0,0
@계정정,"젠지 세컨팀으로 두고 응원했던사람인데 농심온게 안믿긴다 ㅋㅋㅋㅋㅋㅋㅋㅋㅋㅋㅋㅋㅋㅋㅋㅋㅋㅋㅋ 2년계약이라니,,,,,, 행복사로 죽을게",False,,0.0,0
@야옹야옹-s3r,ㅋㅋㅋㅋㅋ 아 손연기 왜케 웃기짘ㅋㅋㅋㅋㅋㅋ 늘 유쾌하고 성격좋은 리헨지선수 농심에서 좋은모습 보여주길!,False,,0.0,0
@김준우-u6y,빨강 리헨즈 이거 귀하군요!,False,,0.0,0
@난사토,농심 응원할 이유가 생겼다,False,,0.0,0
@연수보내줘,혹시&quot;N&quot;ongshim이라서 신발도 뉴발란스 맞춘거임?,False,,0.0,0
@임루망묵시록,킹겐한테는 건면으로 끓여줘라,False,,0.0,0
@teves2626,새로운 둥지에서 날개 활짝 펴고 날아오르길~,False,,0.0,0
@박수빈-f3q,시우야ㅏㅏㅏㅏㅏ ㅠㅠㅠㅠ  drx에서 애타게 기다렸는데.... 행복해라 ㅠㅠㅠㅠ 응원한다,False,,0.0,0
@IQdiff,리헨즈 파이팅 ❤,False,,0.0,0
@Rochelle-,올해 진짜 일한번 내보나 ㄷㄷㄷ,False,,0.0,0
@vNew-s6h,머리 펌한건가?ㅋㅋㅋ 머리하고 농심옷입으니까 좀 귀여워진듯,False,,0.0,0
@푸른사자-m1l,캬ㅏㅏㅏㅏㅏ 농헨즈는 약간 농넛보는 것 같다,False,,0.0,0
@itodwjdakfeasy,올해 농심 바텀 정말 기대된다. 드뎌 원딜 지켜줄 서폿 생김 😂 리헨즈 선수 따라와서 방금 구독했어요. 리헨즈 ㅎㅇㅌ,False,,0.0,0
@gyusa9827,잠깐만생각해보니까 감독 코치님하고 두살밖에 차이 안나네 핸즈리 ㅋㅋㅋ 오히려좋아,False,,0.0,0
@user-se4sf5rk3l,농 ㅋㅋ,False,,0.0,0
@TrangTran-gi6pu,"Please take good care of him. He is a wonderful captain and the best support for me. He always appears cheerful on the outside, but he is someone who, when hurt, doesn’t show it on the outside. He always encourages everyone, but despite being older, he doesn’t know how to take care of himself. Don’t let him eat too many snacks, and also don’t let him get sick.<br><br>To Son &#39;Lehends&#39; Siwoo, you will always be the best support in the hearts of fans. Whenever you are still competing, I will always be here cheering for you. Please rest well and perform well in the upcoming season. The sun will always shine no matter where you are. &lt;3",False,,0.0,0
@NhuNgoc-nd2qj,"Nhớ Lehends và Gen22, 24 mãi thôi nhưng mình tôn trọng quyết định của anh ấy. Lehends vẫn luôn tỏa sáng khi khó khăn nhất nên hãy kiên trì theo đuổi ước mơ của mình nhé",False,,0.0,0
@passion1505,킹겐은 간지나게 찍어놓고 헨즈는 라면끓이고 있네 ㅋㅋㅋㅋㅋㅋ,False,,0.0,0
@taehyeong94,농심 리헨즈 화이티이이이잉,False,,0.0,0
@고닝딩동링딩동,시우 행복해야해ㅠㅠㅠㅠㅠㅠㅠㅠㅠㅠㅠㅠㅠㅠㅠㅠㅠㅠㅠㅠㅠㅠ어디잇든응원할게,False,,0.0,0
@이리저리-i9o,그짤이나 올려라 젤랑이가 예쁘냐고 물어 보니깐 제일 예쁜건 농심거고 두번째가 젤랑이라고 하던 리핸즈 짤..ㅋㅋ,False,,0.0,0
@user-hl2xo3gs7n,ㅋㅋㅋㅋㅋㅋㅋㅋㅋㅋㅋㅋㅋㅋ신라면 cf아니에요?,False,,0.0,0
@princewaesen154,Nongshim is my favourite team ^^ Fisher spilling his water cup was a legendary move!,False,,0.0,0
@네에이버,어쩌다가 젠지에서 농심을가냐.. 존나 불쌍하네 dk는 왜 못간거임 대체?..,False,,0.0,0
@user-ik1rs9rr3x,돈이 없나보죠,True,@네에이버,2.0,0
@user-ik1rs9rr3x,킹겐이 아니구나 DK는 베릴이잖아요 팀 창단부터 함께해온 레전드인데,True,@네에이버,2.0,0
@존버적관점,매주한번씩 모여서 라면먹으면서 대화 나누는 콘텐츠 건의해봅니다 그게 농심의 색이죠,False,,0.0,0
@존버적관점,매주는 힘들면 매달?,True,@존버적관점,2.0,0
@barnu9338,킹겐 형님이 그 날 올 때마다 덜덜 떠시지 않을까 ㅋㅋㅋㅋ,True,@존버적관점,2.0,0
@bosoniya,헨즈 행복해라..항상 응원할게,False,,0.0,0
@0530wkkang,"<a href=""https://www.youtube.com/watch?v=NZZ49Trcr4c&amp;t=18"">0:18</a> 인덕션에 끓이는데 가스레인지 불붙이는 소리가 나는건 무슨 감성인가요? ㅋㅋㅋ",False,,0.0,0
@UlimKo,ㅋㅋㅋㅋㅋㅋㅋㅋ,True,@0530wkkang,1.0,0
@냐핳-u2u,이번 신라면 모델은 리헨즈 선수인가요?,False,,0.0,0
@poCLOVERwer,신라면 딱대라,False,,0.0,0
@권혁진-n5g,백종원인가요?,False,,0.0,0
@쿠미-k1n,리헨즈선수님!!❤❤❤,False,,0.0,0
@JOAT_joat,농심 마스코트랑 템버린 의혹 있음 ㄹㅇㅋㅋ,False,,0.0,0
@소야-c8q,처음에 신라면 꺼내는 거 개웃기네 ㅋㅋㅋㅋ,False,,0.0,0
@팟팟-u9j,신라면에 백산수ㅋㅋㅋ<br>완벽한 농심광고❤,False,,0.0,0
@komo_rebi,이거 신라면 광고 맞죠? 역시 대기업이네요,False,,0.0,0
@냥냥냥이,리헨즈는 불쌍하네 듀로같은 동부듣보한테 밀리고 이젠 우승도 못하겟노ㅠ,False,,0.0,0
@멋쟁이토메이로-o4c,솔직히 농심 이거 진짜 무시못함 진짜 나스닥상장급 로스터라고봄,False,,0.0,0
@네에이버,킹겐 실비 피셔 지우 리헨즈<br><br>딱 9등 10등할꺼같네요,True,@멋쟁이토메이로-o4c,1.0,0
@thm3984,농심 내년에 진짜 해볼만 할듯..로스터 잘 꾸린듯..너무 기대됨..실비도 라인대항전때 너무 임팩트가 있었어서..,False,,0.0,0
@chchannel1964,손시우 리헨즈 농심에서 25&quot; 26&quot; 화이팅!!!,False,,0.0,0
@sunmi02019,갖고싶다 손 시 우,False,,0.0,0
@호오올리-b6f,노래 제목 뭔지 아는 사람,False,,0.0,0
@thds9463,ㅋㅋ 이러면 페이즈는 어디가려나 ㅋㅋㅋㅋㅋ,False,,0.0,0
@jasonsmart1,이정도면 튼튼한 버팀목들은 있네. 하기 나름. 미드 정글 크게 각성하면 롤드컵 노릴만하나,False,,0.0,0
@도전자-b9t,하ㅏㅏㅏㅏㅏㅏㅏㅏㅏㅏㅏㅏㅏㅏㅏ ㅠㅠㅠㅠㅠ 시우가 월드에서 폼이 망가지긴 했지만 정말 냉정하게 시우가 없었으면 기 케 쵸 페 서로 지금처럼 친해지기 힘들었고 분위기도 이렇게 밝지 못했을꺼다... 스포츠가 원래 이런거지만 진짜 너무 속상하네 ... 정말 어디가서든 잘하고 건강해라 !!!!!!!,False,,0.0,0
@dol92157,리헨즈 선수 응원합니다!,False,,0.0,0
@user-cj6qg5yf2z,지우-리헨즈 봇듀... 진짜 궁금하다,False,,0.0,0
@HelloEYworld,냅다 라면끓이는거 짱웃기네,False,,0.0,0
@spamclassic8861,헨즈리... 이번년도 덕분에 행복했어요ㅠㅠㅜ 농헨즈도 계속 응원할게요! 우리 주장 잊지 않을게!!,False,,0.0,0
@EsyfguJytf,"올해 스토브 ㄹㅇ 개꿀잼. kt, 피어액스 티원빼고 다 행복함 ㅋㅋㅋ",False,,0.0,0
@쬬쬬쬬쬬-t5f,농심 감정표현 좋아하더니 정말 농심에 가버린 레헨즈…,False,,0.0,0
@도전자-b9t,큰그림 미쳤냐고 ㅋㅋㅋㅋㅋㅋㅋㅋㅋㅋㅋㅋㅋㅋㅋㅋㅋ,True,@쬬쬬쬬쬬-t5f,4.0,0
@이동현-v4p,???솔직히 농심께 젤 예뻐,True,@쬬쬬쬬쬬-t5f,4.0,0
@zlzlpqqowoq,맞네 ㅋㅋㅋㅋㅋㅋㅋㅋ,True,@쬬쬬쬬쬬-t5f,4.0,0
@엘리야-t6p,올해 내내 제일 많이 외친 단어는 짜파게티...,True,@쬬쬬쬬쬬-t5f,4.0,0
@아보카도추가요-n6z,도란선수 팬입니다. 19년도 그리핀 시절 skt전 때 &quot;형들이 못했다&quot; 하면서 울고있는 도란선수 다독여주던 리헨즈 선수 모습이 잊혀지지 않네요. 어디서든 같은 팀원 잘챙기고 잘하리라 확신합니다. 리헨즈 선수도 새로운 팀에서 화이팅!,False,,0.0,0
@happyhappy56782,리헨즈가 형들이 못했다고 하는건데 첨에 읽을때 도란이 형들탓하는건줄 알았네 ㅋㅋ,True,@아보카도추가요-n6z,2.0,0
@qwertybylinkinpark2006,@@happyhappy56782 울고 있는 도란 다독이면서 &quot;미안하다 형들이 못했다&quot; 라고 사과하던 리헨즈 라고 하면 오해가 조금 덜했을듯 ㅋㅋㅋㅋㅋㅋㅋㅋㅋㅋㅋ 그래도 대충 맥락 아니까 한잔해~,True,@아보카도추가요-n6z,2.0,0
@wheretheprincessgoesifollow,"lehends is my favorite support, thanks for bringing a strong gen g to 2024 and bringing the msi championship to lck after 7 long years of waiting. <br><br>2025, coming to a new home, I hope you will smile more, son siwoo must be very successful. thanks lehends, hello to nongshim 2025 🙌🏻. <br><br>lehends 는 제가 가장 좋아하는 서포터입니다. 2024년에 강력한 Gen G 를 가져다주고 7년의 기다림 끝에 MSI 챔피언십을 LCK로 가져와줘서 고맙습니다. <br><br>2025 년, 새로운 집으로 돌아오면서, 당신이 웃기를 바랍니다.",False,,0.0,0
@ha.0_,리헨즈 농심 왜케 잘어울리냐 ㅋㅋㅋㅋㅋ<br>귀엽네,False,,0.0,0
@안정환-w8z,삼양 아닌걸 감사히 생각해라,False,,0.0,0
@MaMIcha-o2k,킹겐이 이 영상을 싫어합니다,False,,0.0,0
@쿠키좋아-i5q,와 리헨즈 지우라니 농심 바텀 너무 기대되고 챙겨볼 것 같아요!! 리헨즈 선수 회이팅입니다!!!,False,,0.0,0
@더샵-q2s,하...리헨즈야...1년만 나갔다가 젠지다시올줄 알았더니 2년이라니ㅠ그래도 잘할때는 잘했는데....어디가나했더니 농심라면 끓이고있노....지우는좋기는한데ㅠ하 젠지주장 유쾌한 헨즈없으니 그냥 좀 아쉽다ㅠ건강하고 행복하길바래..!!,False,,0.0,0
@이경무-z8i,지우와 리헨즈라니 기대만땅이다 작년에는 농심 경기는 가끔씩 봤는데 이제 무조건 챙겨본다 ㅋㅋ 레드포스 화이팅!!,False,,0.0,0
@user-nh5yn8rk6f,킹겐 실비 피셔 지우 리헨즈임? 플옵 걍 가겠는데?ㄷㄷ,False,,0.0,0
@네에이버,존나 약한데 미드정글이 ㅋㅋㅋ,True,@user-nh5yn8rk6f,1.0,0
@sirier1,지우 이제 소년가장 아니네 ㅋㅋㅋㅋ,False,,0.0,0
@Cheeztixx,리헨즈 젠지에서 너무 고마웠습니다.<br>농심에서도 파이팅!!,False,,0.0,0
@smoonggg,지우유니버스의 끝은 리헨즈와 지우의 봇듀오라니,False,,0.0,0
@변진우-l3e,지우 시우 25년도 응원할게,False,,0.0,0
@ononion6706,이럼 농튜브도 봐야하나 ㅠㅠ,False,,0.0,0
@이윤정-c8g,헨즈리다ㅏㅏㅏㅏㅏㅏㄱㄱㄱㄱ🎉🎉🎉🎉🎉🎉🎉🎉🎉🎉🎉🎉,False,,0.0,0
@turkeypark9221,갈데까지 갔구나,False,,0.0,0
@gyusa9827,이런 놈들이 제일싫다진짜,True,@turkeypark9221,1.0,0
@wutwut111,ㅋㅋㅋㅋㅋㅋㅋㅋㅋㅋㅋ,False,,0.0,0
@히히-j8h,어떻게 팀이 젠지에서 농심ㅋㅋㅋ짠하노,False,,0.0,0
@하이쿠나,뭔가 시장 순대국밥 아주마이가 순대국 푸근이 끓여서 맛나게 무라 하는거같은 느김의 오피셜,False,,0.0,0
@얍얒,젠지에서 계속 보고싶었지만 거기서도 행복하길 바래 ㅠ,False,,0.0,0
@doc1037,시우형 걱정했는데 웃는모습 보니 나도 기쁘네 ㅎ 그동안 정말 고생많았고 새 둥지에서도 좋은 활약 기대할게! 건부랑 지훈이 많이 웃게해줘서 고마워 :),False,,0.0,0
@yeareastperson,농심도 많이 쌔지겠네,False,,0.0,0
@ejrnrhdjs9294,얘는 여기가 맞다 보금자리 잘 찾았네요 !,False,,0.0,0
@wonyo10,농심 팬분들 축하드립니다,False,,0.0,0
@kbbm1225,와 농심도 되게 쎄다,False,,0.0,0
@manj00deli95,"농헨즈 <a href=""UCkszU2WH9gy1mb0dV-11UJg/m8MfY4jbFsWJhL0PyouA2Ak""></a><a href=""UCkszU2WH9gy1mb0dV-11UJg/m8MfY4jbFsWJhL0PyouA2Ak""></a>",False,,0.0,0
@koretoare,어떻게 <br>미하일 든든<br>피터 구거<br><br>에서<br><br>킹겐<br>리헨즈<br><br>캬 ㅋㅋㅋ,False,,0.0,0
@gyusa9827,나 진짜 구라안치고 농심 무서운게 실비 피셔 지우 얘네는 피지컬로 게임하는 애들인데 이제 운영에 오더 다됨 ㄷㄷ,True,@koretoare,2.0,0
@김유성-s4g,돈좀 쓴듯,True,@koretoare,2.0,0
@슌-t7x,시우야 가서도 잘해라 ㅠ,False,,0.0,0
@김창규-h5l,농심이라서 신발도 농발란스네.,False,,0.0,0
@Kim-Bori,짜파게티 대신 닭가슴살 먹을 예정인 리헨즈 화이팅!,False,,0.0,0
@user-potatoking,식품개발부에서 한 4년 일한 대리같네,False,,0.0,0
@monocham1279,올해 농심 바텀 많이 무섭겠다,False,,0.0,0
@lee._jiwoo05,시우야 농심 이모티콘 귀엽다고 하더니 진짜 농심을 가면 어떡하니.. 그래도 응원한다 화이팅!,False,,0.0,0
@띠롱-l9t,뉴 농머니 등장ㅠㅠ,False,,0.0,0
@bigshock1,라면이랑 잘어울리는 서포터,False,,0.0,0
@ilillili-t7i,지우 리헨즈 농심 바텀 좀 기대되는데,False,,0.0,0
@가가가가-s5r,짜파게티는 농심꺼가 아닌가?,False,,0.0,0
@헤니다니엘,시우 지우 비텀 멋지다😊,False,,0.0,0
@Ryutaemin,이번엔 농심 화끈하게 지르네 ㄷㄷㄷ,False,,0.0,0
@네에이버,9등 10등하면 ㅈ대서 그냥 없는돈있는돈 다 쥐어짜는건가,True,@Ryutaemin,3.0,0
@user-ht8zr8ve3k,@@네에이버왜 9등 10등이 ㅈ됨?,True,@Ryutaemin,3.0,0
@네에이버,@@user-ht8zr8ve3k 바뀐 lck 방식이 8등까지는 끝까지 플레이인 경쟁인데 9위 10위는 그냥 아예탈락임 원래는 플옵이 6위까지니깐 7 8 9 10 또이또이였다면 이젠 9 10박으면 타격큼,True,@Ryutaemin,3.0,0
@박창민-v1c,수(시우)의 라면 가게 레츠고,False,,0.0,0
@cookie4097,솔직히 리헨즈 개호감이다 ㅋㅋㅋㅋㅋ,False,,0.0,0
@ghnjj6745io,미드만 좀 제대로 되면 대권 가능하다 갑자기 콜미같은애 데리고 오지 말고,False,,0.0,0
@터렛터렛,손SIUUUUUUUUUUUUU씨의 영입을 축하드립니다🎉,False,,0.0,0
@hamory-nu3rr8ox2l,킹켄 실비 피셔 지우 리핸즈?? 라인업 좋은데???,False,,0.0,0
@네에이버,미드 정글이 제일 중요한데 그 미드정글이 병신인데 어떻게 라인업이 좋다는거노,True,@hamory-nu3rr8ox2l,1.0,0
@waterrocket1557bench,킹겐 실비 피셔<br>상체보고 계약할 마음이 생긴게 신기하네<br>대체 얼마를 받길래,False,,0.0,0
@조채원-b2r,나만 내스타일인가 ㅋㅋㅋㅋ 개취저<br>잘만들었다,False,,0.0,0
@stellina4557,평생 닭가슴살만 먹을지도 모르는 리헨즈의 명복을;;;;;,False,,0.0,0
@dg-ud3uq,자 거품한번 쭉 빼보자,False,,0.0,0
@뿌루루-m3s,리헨즈 특유의 밝음이 좋아요. 프로들 특유의 샤이함이 아니라 유쾌하고 좋은 분위기로 바꿔주는 그 느낌 🥰 어딜가도 응원할게요💕💕💕,False,,0.0,0
@clclalfm94,신라면 블랙으로 주세요,False,,0.0,0
@knad3,리헨즈 어케 젠지에서 농심까지 떨어졌누 ㅋㅋ,False,,0.0,0
@maroblee,짧은 영상이지만 리헨즈 형의 매력을 잘 찝어줘서 흐뭇하게 봤습니다ㅋㅋㅋㅋㅋㅋ 나중에 킹겐형은 막 이두 삼두 전완근으로 라면 봉지 짜부시키는거 해줬으면 좋겠다ㅋㅋㅋ,False,,0.0,0
@sh-rl9ui,근데 영상이 딱 리헨즈 같아! 26년까지라니!! 농심 잘헀내,False,,0.0,0
@이리저리-i9o,딱 농심에서 끝나면 군대갈듯.. 기인도 2년 계약 할텐데 진짜 동반 입대인가 ㅋㅋ,True,@sh-rl9ui,1.0,0
@paradisee12,이제 지우 도련님 모시는거야?,False,,0.0,0
@이리저리-i9o,돌고 돌아 3대 서폿 핸즈리가 제2의 왕자님 지우에게 오다.<br>2년 계약 했네 핸즈리..,False,,0.0,0
@ekgns019,웰컴 리핸즈!,False,,0.0,0
@user-JH5201,지우에게도 봄이..,False,,0.0,0
@The_Goat_Messi-h3q,드디어 리헨즈가 본인에 딱 맞는 팀을 갔구나 ㅋㅋㅋㅋㅋㅋ,False,,0.0,0
@jaewonlee9416,와…. 미드는 누구일까??? ㄷㄷ 지금 라인업ㄲ지 너무 좋은데?,False,,0.0,0
@이리저리-i9o,이래놓고 미드 유칼 나오면 화병 나버릴듯..,True,@jaewonlee9416,1.0,0
@성이름-y9s,젠지에서 2년간 고생하셨습니다. 행복하세여 헨즈리,False,,0.0,0
@ria_6465,we will be supporting you! 💗💗🫶🏼🫶🏼🔥🔥🗣️🗣️,False,,0.0,0
@ria_6465,EMPLOYED YAY!! WELCOME TO NONGSHIM!!,False,,0.0,0
@ria_6465,SO TRUE KING!!,False,,0.0,0
@ria_6465,LEHENDSSSSS!!!,False,,0.0,0
@쵸비상-u5w,와 농심 이번에 보강 제대로 했네,False,,0.0,0
@whasjdbchddmd,최애팀은 이제 농심이다!!,False,,0.0,0
@certified_freak_17,ㅆㅂ아이게뭐야개웃기겤 ㅋ ㅋ ㅋ  ㅋ ㅋ ㅋ ㅋ ㅋ ㅋ ㅋ  ㅋ ㅋ ㄴㅋㅋㅋㅋㅋㅋㅋㅋㅋㅋㅋㅋㅋㅋㅋㅋㅋㅋㅋㅋㅋㅋㅋㅋ,False,,0.0,0
@h822nn,리헨즈 화이팅🎉🎉,False,,0.0,0
@_rapidred,지우랑 잘 어울릴듯ㅋㅋㅋㅋㅋ 손시우 행복하자!,False,,0.0,0
@라파엘반데이크,시우야 너 덕분에 행복한 한해를 보냈다. 너였기에 우리가 우승도 했고 너였기에 우리가 국제전 무관도 탈출했었다. 너무 고마웠어 정말로..  너의 그 마지막 오열하는모습이 너무 아른거린다 지금도...  그리핀때부터 널 지켜봤고 항상 분위기메이커였던너라면 분명 농심이란팀을 더욱 강한팀으로 만들어줄꺼라 생각한다. 행복하고 고마웠다 헨즈리,False,,0.0,0
@hannahjerez9082,This video is cute ❤😂,False,,0.0,0
@ILike4U,귀하신 분이 어찌 ...,False,,0.0,0
@gyusa9827,실비 피셔 지우 공통점 셋다 피지컬이 ㅈ됨 거기에 든든한 버팀목 황사장과 리버지의 오더 뇌지컬 겸비하면 농심 못막아 억빠아니야,True,@ILike4U,4.0,0
@김유성-s4g,라인업 좋은데,True,@ILike4U,4.0,0
@inabluedog,지우 원래 좋고 피셔 만개하면 월즈 가능성 높으니까요,True,@ILike4U,4.0,0
@만세촉수,​@@gyusa9827피셔 미드나피리 보고 ㄹㅇ현실에서 지릴뻔하긴 했음,True,@ILike4U,4.0,0
@닿닿,아니 올해 lck 스쿼드 미쳤네ㄷㄷ,False,,0.0,0
@박기범-v8u,킹겐은 멋있게 해주고 리핸즈는 상업적으로 이용해버리네 멋있게 해주라 농심 광고도 좋지만...ㅠㅠ,False,,0.0,0
@토끼-x5f6l,행복롤하자 농헨즈 🎉🎉🎉🎉,False,,0.0,0
@토끼-x5f6l,농헨즈 헤어 존멋 대멋 신라면 먹고 각성하자 😂😂😂,False,,0.0,0
@LamLam-fv7cj,❤,False,,0.0,0
@은채-j3m,미치겠네 주장 왜 여기서 라면끓이고있어ㅋㅋㅋㅋㅋㅋㅋㅋㅋㅜㅜ 다년계약 미쳣다....좋은 로스터로 활동하길 제발 행복해라 손시우,False,,0.0,0
@롤악귀입니다,시우야 잘해!!!!<br>응원한다!!,False,,0.0,0
@user-gg5qn2ot3q,리헨즈는 응원한다,False,,0.0,0
@87jy,농심 멤버 좋은데?,False,,0.0,0
@이름성-l5s,팀 이모티콘 귀엽다고 공짜로 받고싶다더니.... 2년 계약으로 가버렸네,False,,0.0,0
@리치키치,주장 ㅠㅠㅠㅠ 그렇게 기파게티를 외치더니 ㅠㅠㅠㅠ 같이 월즈 우승하자며 ㅠㅠㅠㅠㅠ 넘 아쉽지만 그래도 주장의 선택을 존중해 늘 건강하게 웃는 모습으로 경기하는 모습 보여줘   늘 고맙고 멋진 모습 보여줘서 고마웠어 ❤ 2024MSI 파엠 리헨즈 파이팅!!,False,,0.0,0
@김시원-j8h,킹켄 리헨즈면 농심도 이번 스토브리그 동부팀중에 제일 잘한것 같은데 ㅋㅋㅋㅋ,False,,0.0,0
@행설-s7j,시우야 가서 잘하고 진짜 고마웠다..,False,,0.0,0
@arrb7889,귀여워 ㅋㅋㅋㅋ,False,,0.0,0
@냠무-p9e,헨즈리 웃는거 보니 안심된다.. 앞으로도 함께할게 시우쨩..🤍,False,,0.0,0
@CoAkiDayyy,"Lehends, be happy!!!",False,,0.0,0
@onyourwii3821,NS Lehends🎉🎉❤,False,,0.0,0
@블리드-p6y,헨즈형 올해 정말 고마웠어 덕분에 젠튜브 시끌벅적 재밌었다<br>내 맘속 영원한 파엠서폿 리헨즈.. 다음 시즌 농심에서도 좋은 모습 보여줘!,False,,0.0,0
@pinrou1564,❤,False,,0.0,0
@sjn7905,페이즈 리헨즈만 보면 너무 안타깝다..<br>건강하게 잘지내라..,False,,0.0,0
@녕냥-b3e,리헨즈 파이팅,False,,0.0,0
@rcylee,리헨즈 선수처럼 팀 분위기 만들어주고..성숙하게 팬 생각해주는 선수 흔치 않은데😢 농심에서도 행복하길 바랄게요,False,,0.0,0
@심천재-n3n,신라면이 ㅈㄴ잘팔렸냐. 모기업이 미쳤어요.돈을펑펑씁니다.,False,,0.0,0
@ysk4680,"지우 리헨즈예요?? 와우, 미친 바텀이네",False,,0.0,0
@mbo0805,헨즈 사랑했다 ! 농헨즈로도 행복하길 응원할게,False,,0.0,0
@SoChinnnnn,Nay má em nấu mì cho em ăn á mn,False,,0.0,0
@빵끄리,헨즈야 농심가서 행복하자 !! 웃는게 멋있다!!!!,False,,0.0,0
@user-ir8lb8pb5d,리헨즈 활짝웃는거 보기좋네,False,,0.0,0
@옹농롱,우리 주장... 2년간 덕분에 참 행복했습니다. 한번 이별을 겪었기에 다시 이별은 하지 않았으면 했지만 농심이라는 좋은 구단에 좋은 대우 받고 들어가는거니 축하의 말을 전합니다.  어딜가든 잘할 당신이기에 잘하란 말보단 꼭 행복했으면 좋겠네요!,False,,0.0,0
@복남-z4o,리헨즈선수 축하드려요 🎉🎉😊😊거기가서두 행복한롤 하세용ㅠㅠ 젠지에서 고생하셨어용 ~~,False,,0.0,0
@신성원-q3t,젠지팬인데 씁슬하네.. 젠지에서 스프링우승 MSI우승할때 너무 기뻤는데 농심에서 행복해라,False,,0.0,0
@MENGGOO,농심 스쿼드 생각보다 좋네,False,,0.0,0
@아니근데진짜-h4j,어..ㄹㅈㄷ..,False,,0.0,0
@sohenam,ㅋㅋㅋㅋㅋ 이거 웰컴영상 맞죠?? 농심 광고아니라??? ㅋㅋㅋㅋㅋㅋㅋ,False,,0.0,0
@smithoo7646,리헨즈 라면 먹으러 갔네 ㄷㄷㄷ,False,,0.0,0
@ghktkdakdrkw,킹겐 지우 리헨즈면 진짜 잘잡았네,False,,0.0,0
@nicetoday932,Siuuuuuu,False,,0.0,0
@LCK0070,리헨즈도 어서오고~~!!!,False,,0.0,0
@stellak6382,진짜 손시우 미쳤다❤❤❤ 2년이나 할수있다니 넘조아❤❤ 나 농심조아졋ㄱ어,False,,0.0,0
@mylifeisawesome714,행복하세요 리헨즈 선수,False,,0.0,0
@leelalalufu,짜파게티끓이는줄,False,,0.0,0
@쏘이파파,짜파게티였어야지 ㅋㅋ,False,,0.0,0
@휴면맨,??? 손차장님왜 거기계십니까,False,,0.0,0
@gyusa9827,도련님이 해외로 떠났으니까..,True,@휴면맨,2.0,0
@jaeminryou9831,기과장과 정이사의 중상모략으로 둘째 쳐내고 해외근무하던 첫째 복귀ㄷㄷ,True,@휴면맨,2.0,0
@Jirisanmolarcollector,시우와 지우의 대결...,False,,0.0,0
@user-oc3yl5ir5p,이러면 미드는 누구지 피셔인가,False,,0.0,0
@gyusa9827,피셔는 시즌중에 함 1년,True,@user-oc3yl5ir5p,1.0,0
@냥냥냥냥-u6h,저녁은 신라면이다,False,,0.0,0
@장진원-p5s,헨즈리 농심 가서도 잘하길 바라요 ㅠㅠ,False,,0.0,0
@the8tontruck,시우지우 조합 기대 되는데?,False,,0.0,0
@b4rdi784,킹겐 실비 피셔 지우 리헨즈?,False,,0.0,0
@inabluedog,왜 얘는 라면이냐고 ㅋㅋ,False,,0.0,0
@jjh3373,영상아이디어 누구에요 ㅋㅋㅋㅋㅋ 마음이 정화되네요 ㅋㅋㅋㅋㅋ,False,,0.0,0
@homeboys0330,손슈선슈,False,,0.0,0
@homeboys0330,"악ㄱㄱ <a href=""https://www.youtube.com/watch?v=NZZ49Trcr4c&amp;t=42"">0:42</a>",False,,0.0,0
@homeboys0330,"앙 <a href=""https://www.youtube.com/watch?v=NZZ49Trcr4c&amp;t=31"">0:31</a> 긔여워ㅓㅇ",False,,0.0,0
@homeboys0330,DAMN,False,,0.0,0
@삼도재벌,짜파게티 끓여줄 새 남친 찾습니다,False,,0.0,0
@want1695,그러고보니 짜파게티도 농심꺼네 ㅋㅋㅋㅋ,False,,0.0,0
@balldragon8843,와 시우 지우 콜라보,False,,0.0,0
@가나다라-l1v2m,지우 그래도 버티고 버티다보니 큰 선물을 받는구나 올해 농심 바텀 기대된다ㅋㅋㅋㅋㅋㅋ,False,,0.0,0
@pine6431,리헨즈와 지우!! 진짜 농심 바텀 기대되네요!!,True,@가나다라-l1v2m,5.0,0
@징플라밍고,든버지 나가시고 킹겐석삼 다 적시셨네...,True,@가나다라-l1v2m,5.0,0
@과몰입담비,그래도 동부에 큰매물많이갔네,True,@가나다라-l1v2m,5.0,0
@채성현-d8s,큰 선물까진..? 그래도 우승은 못 함,True,@가나다라-l1v2m,5.0,0
@준-t1v2s,지우도 신인때 페이즈급으로 주목 많이 받았는데... 너무 많이 지면 지는게 습관되서 고장남,True,@가나다라-l1v2m,5.0,0
@뱅-t4z,지우 시우 개쌘데? Jiuuuuuuu siuuuuuuu,False,,0.0,0
@syu_ni,예?,False,,0.0,0
@대황쵸비,미래에서왓습니다.<br>미드 도인비입니다.<br>이글은 성지가됩니다,False,,0.0,0
@bolt09628,지우시우,False,,0.0,0
@오뚜기뚝이,농심 탑겜 바텀겜 다된다..제일기대된다!!!!,False,,0.0,0
@다르다달러,아니 대체 어떻게 데려온거야 농머니 신났겠는데,False,,0.0,0
@hunbaln9161,광동 vs 농심 동부의 왕 가리고 플옵 대전할듯,False,,0.0,0
@gyusa9827,솔직히 지금 다빡세 진짜 콜업도많고 그냥 동부서부할거없이 피터질거같은데 LpL마냥 시즌초반에 LGD가 BLG대떡낸거처럼 어디한팀이 티젠한 잡을수도있을듯?..,True,@hunbaln9161,1.0,0
@다담-p5g,헨즈야 ㅠㅠㅠ 올해 행복했어 내년도 응원할게!!!,False,,0.0,0
@ksj7406,시우 지우 siuuuuu 세레모니 볼수있는건가 ㅋㅋㅋㅋㅋ 기대할께용 우리 농심!,False,,0.0,0
@Falcon-97,농심 경기도 앞으로 챙겨봐야겠다 로스터가 진짜 매력적이네 bb <br>헨즈리 특유의 밝은 에너지와 msi 에서의 대활약은 진짜 잊지 못할거야 화이팅하자!!!,False,,0.0,0
@bolt09628,시우야….,False,,0.0,0
@ellythecat0921,리헨즈 화이팅!!! 지우랑 듀오 기대된다!,False,,0.0,0
@hhytg4677,시우야ㅠㅠ 24GEN 해줘서 고마웠고 넘 미안해ㅠ 농심에서 너의 모든 걸 보여주기를! 넌 최고의 서포터야!! 끝까지 응원할 테니 네 말대로 즐겁게 프로게이머 해주라 🙏💛,False,,0.0,0
@이태훈-c1t,다년 계약이 대세넹.,False,,0.0,0
@user-kx1ln8py2o,진지하게 kt보다 쌔다 ㅋㅋㅋㅋㅋㅋㅋ,False,,0.0,0
@네에이버,진지하게 그건아님 미드정글이 병신이라 안댐 차라리 탑이 병신이면 막이픽시키기라도하지 ㅋㅋ,True,@user-kx1ln8py2o,1.0,0
@pping.9,시우야 행복해 그동안 고마웠어😭,False,,0.0,0
@zzzzzzzins,진심으로 농심 다크호스로 4시드 노려볼만함,False,,0.0,0
@sso4936,시우야~ 짜파게티는 안되겠니~,False,,0.0,0
@OccupationX2,거기선 행복해라..,False,,0.0,0
@jiyong7326,시우야 화이팅,False,,0.0,0
@blake-r6k,킹겐 지우 리헨즈면 플옵 노려볼만하다 ㄷㄷ,False,,0.0,0
@Congratulation-w1k,시우선수 농심 와줘서 고마워요 ㅠㅠ 저번 월즈에서 우는 모습 봐서 마음이 안좋았는데 영상에서 웃는거 보니 마음이 놓여요 …. 지우랑 합 잘 맞추고 좋은 성적 내셨음 좋겠어요!! 화이팅 !!!❤,False,,0.0,0
@장진원-p5s,지우 시우 시너지 ㄷㄷ,True,@Congratulation-w1k,1.0,0
@임효섭-j7d,신라면 레드로 했으면 더 좋았을듯 ㅋㅋ,False,,0.0,0
@낄낄대마왕,뭐야 헨즈리~,False,,0.0,0
@pammuwu809,I suddenly remembered you talking about the noodles😂 goodluck on your next journey 🎉❤❤,False,,0.0,0
@user-mu2cu8fo3x,지우 리헨즈면 바텀 포텐은 확실히 잡았네 농심,False,,0.0,0
@끼에에엑-h3h,시우 지우 가보자고,False,,0.0,0
@kukr,대 황 농 심 !!!!!!!!!!!,False,,0.0,0
@daeko9350,진짜네?????,False,,0.0,0
@ARI1019o__O,아니 헨즈리 영상도 리헨즈같넼ㅋㅋㅋ 왜 혼자 냅다 라면먹냐곸ㅋ,False,,0.0,0
@gyusa9827,그만큼 배가고프시단거지 ㅋㅋ,True,@ARI1019o__O,5.0,0
@솨-m9q,몰라 이양반은 언제나 예측이 안돼ㅋㅋㅋ,True,@ARI1019o__O,5.0,0
@random5055,기분 좋아보이시잖아~~ 국물 한잔해-~,True,@ARI1019o__O,5.0,0
@EEcircuits,킹겐 마주치기 전에 먹어야지 ㅋㅋㅋ,True,@ARI1019o__O,5.0,0
@치느-j1n,@@EEcircuits ㅋㅋㅋㅋㅋㅋㅋㅋㅋㅋㅋㅋㅋㅋㅋㅋㅋ,True,@ARI1019o__O,5.0,0
@Hehehheq,진짜 농심 최고ㅠㅠㅠㅠ 이번 스토브 너어어어어무 만죡스러워요오옹😍🥰🤩❤️<br>이번년도는 빠잇팅해서 서부위협 합시당<br>선수분들 모두 화이팅 ❤️❤️❤️,False,,0.0,0
@eodyd55,Siuuuuuuuuuuuuuuuuuuuuuuuuuuuuuuuuuuuuuuuuuuuuuuuuuuuuuuuuuuuuuuu,False,,0.0,0
@닉콜슨메리찰스앤드류,근데 2025  적힌 종이 대놓고 보여주고 X치지 연출적으로 아쉽구만,False,,0.0,0
@dorong90,지우케어 잘해보자.. 농심 기대된다 ㅋㅋ 솔직히 기량 만개할수 있다!! 내년 농심 화이팅,False,,0.0,0
@junzeri9083,jiuuuuuuuu 와 son siuuuuuuuuuuu,False,,0.0,0
@tubeyun1366,아 진짜 미드만 잘데려오면 서부 쌉가능일거같은데 갑자기 피에스타 이러는거 아니겠지,False,,0.0,0
@mega_kmc_analyze,근데 미드가 데려올 애가 없음 ㅋㅋ 해봐야 페이트일듯,True,@tubeyun1366,3.0,0
@대황젠__12,피셔지,True,@tubeyun1366,3.0,0
@jaeminryou9831,피셔 고점은 이미 티원전 2대0으로 보여줌.,True,@tubeyun1366,3.0,0
@jaeminryou9831,4강서 못했다고 정치하던 젠지에 복수하러 거지왕자님과 함께 손차장이 젠지를 부수러 간다.,False,,0.0,0
@gyusa9827,아니왜 우리 왕자는 거지냐고 ㅋㅋㅋ,True,@jaeminryou9831,2.0,0
@jaeminryou9831,물론 도련님은 없다.,True,@jaeminryou9831,2.0,0
@pammuwu809,"I will always support you, Lehends 🥺🩷",False,,0.0,0
@myonmyongi,손슈 아이돌 재질 모야 ㅋㅋㅋㅋㅋㅋㅋㅋ,False,,0.0,0
@toritori1365,❤❤,False,,0.0,0
@WhiteSnow-gp1wx,지우시우 보여주는거야?,False,,0.0,0
@sea_above_clouds,내년의 농심 얼마나 잘 할지 기대된다,False,,0.0,0
@Rinnnie,SIUUUUUUUUUUUU,False,,0.0,0
@화이트하임-q3t,아니 농헨즈가 진짜라니... 미드는 피셔고???,False,,0.0,0
@무명항고소송,헨즈 기파게티 안 끓이고 신라면 끓이네ㅠㅠ 젠지에 있는 동안 고마웠어. 농헨즈로도 많이 행복하길 바라 :) 응원할게!,False,,0.0,0
@이재훈-h5o7l,진짜 사람이 너무 좋음,True,@무명항고소송,5.0,0
@닉넴은귀찮아,?? : 건면,True,@무명항고소송,5.0,0
@부삼-y6j,참팬,True,@무명항고소송,5.0,0
@솨-m9q,도련님이 가고 이제 새 도련님이 왔다ㅋㅋㅋ 라면회사 신차장의 도련님 모시기 시작합니다😂,True,@무명항고소송,5.0,0
@stellina4557,??: 닭가슴살,True,@무명항고소송,5.0,0
@jaeminryou9831,Siwooooo,False,,0.0,0
@닉콜슨메리찰스앤드류,와 2년은 든든하다 킹 지 리 2년이라니,False,,0.0,0
@여름조하-f7q,와..갓시우!!!!,False,,0.0,0
@늘처음처럼-b9c,시우야  거기선 행복해라 응원한다,False,,0.0,0
@bhabatoshpatra6219,마침내 Lehends가 집을 갖게 되었습니다.,False,,0.0,0
@최愛의아희,미쳤네 농심 스쿼드,False,,0.0,0
@Iron_1509,ㅇㅈ 매콤하네,True,@최愛의아희,2.0,0
@qwertybylinkinpark2006,2021년에 선발전 갔던 그 스쿼드 생각나네... 이번 시즌에는 과연 선발전의 벽을 뚫을 수 있을런지,True,@최愛의아희,2.0,0
@Skksje-v9k,농헨즈 잘해!!!!,False,,0.0,0
@phuongha6979,Siwooooooo,False,,0.0,0
@ramonu_enosis,덕분에 MSI도 들어보고 2024 행복했다 리헨즈 농심에서도 앞으로 꼭 행복해라😢,False,,0.0,0
@user-gf9ew9xi7m,바로바로나오는구만,False,,0.0,0
@빈수박-r1n,헨즈야 잘 부탁해!!!!,False,,0.0,0
@Serqtera,킹겐에 리핸즈라고?????? 잘해보자!!!!!!!,False,,0.0,0
@gyusa9827,난 이제부터 농심이여,False,,0.0,0
@별이잉-o8j,농심 팬분들 우리 시우 잘 부탁드려요😢 포리가 제일 귀엽다더니 합법적(?)으로 쓸 수 있겠네ㅠㅠ❤,False,,0.0,0
@시골쥐-j3p,바텀 말 안되네,False,,0.0,0
@찹부리,이게 뭔데ㅋㅋㅋ,False,,0.0,0
@nomindpanda,son siuuuuuuuu🔥🔥🔥,False,,0.0,0
@flyso4033,짜파게티가 아니네,False,,0.0,0
@eij9095,리헨즈 잘해라 응원할게,False,,0.0,0
@kimpyungbba,핸즈리 시우야 월즈 4강에서 떨어지고 울던 사진을 봤던날 <br>너무 가슴아팠고 그래서 재계약 한 뒤 내년에 다시 한 번 더 했으면 하는 마음이 있었어. <br><br>그렇지만 결국 각자의 사정으로 다른 길을 걷게 되었네? <br>많이 아쉽지만 지난 1년간 너의 모습과 실력 행보로 너무 행복했고 <br>정말 많이 응원했다는 말을 전해주고 싶다.<br><br>항상 밝았던 너니까 어디가서든 잘할거라 믿어 시우야 <br>정말 고생많았고 농심에서도 꼭 잘하는 모습 보여줘! <br>고마웠다 손시우 항상 응원한다 리헨즈! 화이팅이다!,False,,0.0,0
@윤동-c7c,시우 잘 해라 화이팅,False,,0.0,0
@balldragon8843,2년 와우,False,,0.0,0
@chluser,ㅋㅋㅋㅋㅋㅋㅋㅋ,False,,0.0,0
@user-dz4yc7tu9y,라면을 생수에 끓이는게 맞나?,False,,0.0,0
@maloising9663,아 자사 식품인데 광고 한번 때려줘야지,True,@user-dz4yc7tu9y,4.0,0
@jaeminryou9831,백산수 모르냐 마 ㅋㅋㅋ,True,@user-dz4yc7tu9y,4.0,0
@억빠척결,백산수가 농심꺼라....,True,@user-dz4yc7tu9y,4.0,0
@닉콜슨메리찰스앤드류,광고 반드시 해야지...,True,@user-dz4yc7tu9y,4.0,0
@hanbyeol6889,라면 goat ㅋㅋㅋㅋ,False,,0.0,0
@gaonLee,농헨즈 2년?ㄷㄷ,False,,0.0,0
@yeahgogo9244,팔만봐도 농헨즈 ㅋㅋㅋㅋ,False,,0.0,0
@둔32,헨즈야 거가서도 잘해라.. 응원한다ㅠㅠ,False,,0.0,0
@lyorrrr,광고 하나 만들었는데?,False,,0.0,0
@비긴쇼-g3l,와 리헨즈 다년이면 26년까지는 걱정없다,False,,0.0,0
@elephantjung2704,Lehends,False,,0.0,0
@기여운아잉,헨즈리 어서오고 ㅋㅋ,False,,0.0,0
@nanasakiai11,음~ 헨즈농,False,,0.0,0
@최수혁-p8n,음 농ㅋㅋ헨즈,False,,0.0,0
@gaonLee,리혜지 나오나,False,,0.0,0
