author,comment,is_reply,reply_to,reply_count,is_spam
@DoDo-ji2mi,"아니 피넛 너무 웃김ㅋㅋㅋㅋㅋㅋㅋㅋㅋㅋㅋㅋㅋㅋㅋㅋㅋㅋㅋㅋㅋㅋㅋㅋㅋㅋ <a href=""https://www.youtube.com/watch?v=ODlQNj9J-Nc&amp;t=184"">3:04</a>",False,,0.0,0
@헤븐조선-m2l,엉덩이 보면몰라?ㅋㅋㅋㅋㅋㅋㅋㅋ,False,,0.0,0
@basaraki,진짜 T1은 확실한 팀 프렌차이즈 구축했구나.....,False,,0.0,0
@오리가얼면언덕-d3x,너🫵최고👍너🫵최고👍너🫵최고👍너🫵최고👍너🫵최고👍너🫵최고👍너🫵최고👍너🫵최고👍너🫵최고👍너🫵최고👍너🫵최고👍너🫵최고👍너🫵최고👍너🫵최고👍너🫵최고👍너🫵최고👍너🫵최고👍너🫵최고👍너🫵최고👍너🫵최고👍너🫵최고👍너🫵최고👍너🫵최고👍너🫵최고👍,False,,0.0,0
@wizkhaleesi9944,video looks fun!! i hope someone could translate this 😭😭😭😭 jebal,False,,0.0,0
@tae-tae1230,"<a href=""https://www.youtube.com/watch?v=ODlQNj9J-Nc&amp;t=95"">1:35</a> 궁댕이로 굼시 구분하는 신상혁 헐ㅋㅋㅋㅋㅋㅋㅋ <a href=""https://www.youtube.com/watch?v=ODlQNj9J-Nc&amp;t=536"">8:56</a> 냅다 보내버리는 마구유싴ㅋㅋㅋㅋㅋㅋㅋㅋㅋㅋㅋ",False,,0.0,0
@Space-xXx,"<a href=""https://www.youtube.com/watch?v=ODlQNj9J-Nc&amp;t=800"">13:20</a> &quot;지~금&quot; 이래놓고 한 대 맞고 뻗어버리는 게 ㅈㄴ 웃김 ㅋㅋㅋㅋㅋㅋㅋㅋㅋ",False,,0.0,0
@3purple415,"<a href=""https://www.youtube.com/watch?v=ODlQNj9J-Nc&amp;t=150"">2:30</a>   <a href=""https://www.youtube.com/watch?v=ODlQNj9J-Nc&amp;t=400"">6:40</a>   <a href=""https://www.youtube.com/watch?v=ODlQNj9J-Nc&amp;t=585"">9:45</a>",False,,0.0,0
@대여르,"<a href=""https://www.youtube.com/watch?v=ODlQNj9J-Nc&amp;t=585"">9:45</a> ㅋㅋㅋㅋㅋ",False,,0.0,0
@chan9201,"<a href=""https://www.youtube.com/watch?v=ODlQNj9J-Nc&amp;t=811"">13:31</a> faker:트리플킬!!",False,,0.0,0
@chan9201,"<a href=""https://www.youtube.com/watch?v=ODlQNj9J-Nc&amp;t=811"">13:31</a> faker:트리플킬!!",False,,0.0,0
@nope7200,the bomb was so funny,False,,0.0,0
@홍민-v4e,이거 영상 풀버젼 어디서 볼 수 있나요?,False,,0.0,0
@GodwinDragon,이 댓글 보고 ㄱ글 에서 벳프리 보고있는 내 인생이 레전드네 씨밬ㅋㅋㅋㅋ?ㄱ글,False,,0.0,0
@오-g7n,자~ 임포스터는 제우스였습니다!,False,,0.0,0
@EuniceRoyal,ㄱ글 에서 벳프리 진짜 보다보면 빠져든다 라이브에 수위도좋고 외모도 좋고 삼박자 ㄱ지글렀 으?에서 벳프리 보느라 눈밑에,False,,0.0,0
@EmersonQuade,그놈의 ㄱ글 에서 벳프리 댓글 ㅈ 나많네 그렇게죠 좋은가보지 보러갈까?ㅋ여기댓글 왜,False,,0.0,0
@시발점보는사람,ㅈㄴ재밋네,False,,0.0,0
@lofilife-724,헝 ㅜ 풀버전 없나요,False,,0.0,0
@jiusong5329,치지직 울프찾아가서 동영상 들어가면 풀버전 있을겁니당.,True,@lofilife-724,1.0,0
@CreamXIUda.,대존잼 ㅋㅋㅋㅋㅋㅋ 도파민 미쳤다<br>슼가족 대유잼이네 ㅋㅋㅋ,False,,0.0,0
@곰탱이-w1u,이거  우제는 못할수도<br>나가도 이렇게 도란도란  이게 인생이지,False,,0.0,0
@hmmnyary,너무 재밌어요🥺,False,,0.0,0
@ddanzi27,뭐야 이채널 왜 지금봤어,False,,0.0,0
@ict12345E,이거 재밌어요?하던분 잠시후 임포돼서 시민을 썰어버림,False,,0.0,0
@마이산즈,억울유시,False,,0.0,0
@앙데나요,페이커님 이거 빠져서 막 하면서 힐링하는거 보고 나도 힐링 되드라,False,,0.0,0
@앙데나요,페이커님 ㅋㅋㅋ 그럼 너가 다른 사람 한명 불러 ㅋㅋ,False,,0.0,0
@앙데나요,피 14요?,False,,0.0,0
@앙데나요,🫵너 👍재능있어,False,,0.0,0
@앙데나요,울프야 근데 이 채널 뭐야 최근에 구독한거였나?<br>아무튼 재밌게 보고 있다 고맙다,False,,0.0,0
@user-ug1yq9ur8o,😂😂,False,,0.0,0
@Matchaa-_0,"<a href=""https://www.youtube.com/watch?v=ODlQNj9J-Nc&amp;t=55"">0:55</a> <a href=""https://www.youtube.com/watch?v=ODlQNj9J-Nc&amp;t=160"">2:40</a> <a href=""https://www.youtube.com/watch?v=ODlQNj9J-Nc&amp;t=184"">3:04</a> <a href=""https://www.youtube.com/watch?v=ODlQNj9J-Nc&amp;t=346"">5:46</a> <a href=""https://www.youtube.com/watch?v=ODlQNj9J-Nc&amp;t=366"">6:06</a> <a href=""https://www.youtube.com/watch?v=ODlQNj9J-Nc&amp;t=417"">6:57</a> <a href=""https://www.youtube.com/watch?v=ODlQNj9J-Nc&amp;t=458"">7:38</a> <a href=""https://www.youtube.com/watch?v=ODlQNj9J-Nc&amp;t=588"">9:48</a> <a href=""https://www.youtube.com/watch?v=ODlQNj9J-Nc&amp;t=628"">10:28</a> <a href=""https://www.youtube.com/watch?v=ODlQNj9J-Nc&amp;t=719"">11:59</a>",False,,0.0,0
@나린하,🫵너 👍잘한다 🫵너 👍최고,False,,0.0,0
@bbibbi6142,미쳣다 진짜 뱅 운타라 울프시점 다봤네..ㅋㅋㅋㅋㅋㅋㅋ,False,,0.0,0
@고은성-w5y,아 티원 더 좋아지냐 이런거 보면 ㅋㅋㅋ,False,,0.0,0
@lentranvan1904,소 액으로 간단하게 씹고 맛보고 즐기고 세박자에 몸을 맡기고 리듬타 롤p지p노,False,,0.0,0
@trangmỹ-k9e,아아아~ 공습경보 공습경보 ~ !! 롤o지o노 주가상승 자세한것은 구글을통해 확인해용,False,,0.0,0
@trusong858,소 액으로 간단하게 씹고 맛보고 즐기고 세박자에 몸을 맡기고 리듬타 롤p지p노,False,,0.0,0
@ThịKimThoaNguyễn-g8d,소 액으로 간단하게 씹고 맛보고 즐기고 세박자에 몸을 맡기고 리듬타 롤p지p노,False,,0.0,0
@MinhLê-e2b,소 액으로 간단하게 씹고 맛보고 즐기고 세박자에 몸을 맡기고 리듬타 롤p지p노,False,,0.0,0
@shch4456,신께서 하는게임 ㄷㄷ,False,,0.0,0
@freak_91,아무도 민형이 말 안들어주고 자꾸 퍼블당해서 흑화함ㅠㅋㅋㅋㅋㅋㅋㅋㅋㅋㅋㅋㅋ,False,,0.0,0
@actiniumchaaaaa,English Subtitles please &lt;3,False,,0.0,0
@클릭-전설의헬스장녀D3,"<a href=""https://www.youtube.com/watch?v=ODlQNj9J-Nc&amp;t=50"">0:50</a> &quot;어텐션~&quot; 하니까 마구유시 교통정리하는 거랑 상혁이 바로 &quot;안녕하세요~&quot; 박는 거 진짜 졸귀였음 ㅋㅋㅋㅋㅋ 둘 다 뭔가 합이 너무 웃기고 귀여워서 계속 돌려보게 됨 ㅋㅋㅋ 이런 순간들 때문에 더 재밌어지는 듯",False,,0.0,0
@바타고,피넛도 있다고?ㅋㅋㅋㅋㅋㅋㅋㅋ,False,,0.0,0
@쏘담스,ㅋㅋㅋㅋㅋㅋㅋㅋㅋㅋㅋㅋㅋㅋㅋㅋ ㅁㅊ 존나 웃기네 ㅋㅋㅋㅋㅋㅋㅋㅋㅋㅋㅋㅋㅋㅋㅋㅋㅋㅋㅋㅋㅋ 얘네들 이런 끼 어떻게 숨기고 살았냐 특히 이상혁,False,,0.0,0
@날개정원,ㅋㅋㅋㅋㅋㅋㅋㅋㅋㅋㅋㅋㅋㅋㅋㅋㅋㅋㅋㅋㅋㅋㅋㅋㅋㅋㅋㅋㅋㅋㅋㅋㅋㅋㅋㅋㅋㅋㅋㅋㅋㅋㅋㅋㅋㅋㅋㅋㅋㅋㅋㅋㅋㅋㅋㅋㅋㅋㅋㅋㅋㅋㅋㅋㅋㅋㅋㅋㅋㅋㅋㅋㅋ,False,,0.0,0
@KIMJIHU1116,"<a href=""https://www.youtube.com/watch?v=ODlQNj9J-Nc&amp;t=587"">9:47</a> 펜타킬!",False,,0.0,0
@몰루-l1g,저 때 레전드는 롤 프로게이머들 사이에서도 전혀 꿀리지 않았던 대 지 선의 피지컬 ㅋㅋㅋ,False,,0.0,0
@김미영팀장-e5t,"이런애들앞에두고 본인들 위신과 권위세울려고, 윽박지르고 강압했던 두 머시기(양,김)...그넘들 참...입을 미싱으로 박아버려야..",False,,0.0,0
@빼꼼-f6t,하 역시 편집 클라스 지린다 도입부 부터 직관적인 영상으로 설명이 필요없네,False,,0.0,0
@Prayersubmit,썸네일 와.. 얼굴 진짜 크다,False,,0.0,0
@Ra_on_x_x,"<a href=""https://www.youtube.com/watch?v=ODlQNj9J-Nc&amp;t=428"">7:08</a>  이거 진짴ㅋㅋㅋㅋㅋㅋㅋ우리민형잌ㅋㅋㅋㅋㅋㅋㅋㅋ",False,,0.0,0
@Ra_on_x_x,울프 뱅 운타라 오너 방송전부 계속 재탕중ㅋㅋㅋㅋㅋㅋ너무 웃김ㅋㅋㅋㅋㅋㅋㅋㅋㅋㅋㅋㅋㅋ진짴ㅋㅋㅋㅋㅋㅋㅋ,False,,0.0,0
@서영-x7n,"<a href=""https://www.youtube.com/watch?v=ODlQNj9J-Nc&amp;t=96"">1:36</a> 엉덩이로 굼시 알아보는 페이커",False,,0.0,0
@Giparang,귀하다 이 영상,False,,0.0,0
@어쩌라고류민석,"<a href=""https://www.youtube.com/watch?v=ODlQNj9J-Nc&amp;t=592"">9:52</a>  펜타 개지리노 ㅋㅋㅋㅋㅋㅋㅋㅋㅋㅋㅋㅋㅋㅋ",False,,0.0,0
@asdflnlk,왕호가 쐈어 존나 웃기네 ㅋㅋㅋㅋㅋㅋ,False,,0.0,0
@summit9716,무슨게임인지 설명해주고 시작해도 좋을거같아요..,False,,0.0,0
@성이름-c3e9d,분탕듀오 판부터 ㅈㄴ웃겻는데 사람들 제대로 할 줄 알게되니까 진짜 더 재밋어지더라,False,,0.0,0
@2티히,"<a href=""https://www.youtube.com/watch?v=ODlQNj9J-Nc&amp;t=50"">0:50</a> 어텐션~ 하니까 마구유시 교통정리하는거랑 상혁이 바로 안녕하세요 박는거 졸귀였음ㅋㅋㅋㅋㅋ",False,,0.0,0
@GodwinDragon,여기댓글 왜이럼 ㄷㄷ ㄱ글 에서 벳프리 도대체 머길래--?,True,@2티히,1.0,0
@5hiba,ㅋㅋㅋㅋ 그냥 레전드 미션아저씨 식물박사님 펜타킬폭탄광 레이스스타터 부부사기단 분탕오렌지 미친마늘 종겜 더 해주세요 ㅠㅠ,False,,0.0,0
@marudog993,"<a href=""https://www.youtube.com/watch?v=ODlQNj9J-Nc&amp;t=580"">9:40</a>",False,,0.0,0
@jakespinning,개재밌어...,False,,0.0,0
@jakespinning,내가 좋아하는 사람들이 다 여기있네,True,@jakespinning,1.0,0
@딱지꽃,게임 이름 아시는분?! ㅜㅜ,False,,0.0,0
@Zammin_1,개재밌네,False,,0.0,0
@j_h1631,이 멤버로 종겜하는 거 너무 좋다,False,,0.0,0
@hoooy-t5e,구슼&amp;신슼 너무 좋아 ㅋㅋㅋㅋㅋㅋㅋㅋㅋㅋㅋ,False,,0.0,0
@julianortega9428,Someone gotta have to translate this on English please,False,,0.0,0
@김요일93,아니 오파셜 계정이었네??,False,,0.0,0
@JIGUNv,와씨 드디어 이 영상이 유튜브로 올라오다니 ㅋㅋ<br>오늘 오너편까지 쭉쯕 올려주실꺼죠? 기대기대,False,,0.0,0
@manj00deli95,ㅋㅋㅋㅋㅋㅋㅋ,False,,0.0,0
@ygjo1297,"<a href=""https://www.youtube.com/watch?v=ODlQNj9J-Nc&amp;t=800"">13:20</a> 아무일도 없었다...",False,,0.0,0
@Imhe-s2v,울프가 여길 껴..??,False,,0.0,0
@cityyvnjj,"<a href=""https://www.youtube.com/watch?v=ODlQNj9J-Nc&amp;t=784"">13:04</a> 마구유시 비명 질르면서 도망가는거 개웃기네 ㅋㅋㅋㅋㅋㅋㅋㅋㅋㅋㅋㅋㅋ",False,,0.0,0
@bardus_radix,와 편집 맛있다 조회수 100만 찍겠다<br>편집자님 노 저으실려면 영어자막도 달아야한다고 봅니다!,False,,0.0,0
@최샤키,풀버젼 어디서보는데??!!!!!,False,,0.0,0
@emkwei,subs pls ;----;,False,,0.0,0
@김누페이쓰,넛신 퇴근시도가 개웃기네,False,,0.0,0
@serendipity0923,"진짜 새벽까지 ㅈㄴ 재밌었음 ㅋㅋㅋㅋㅋ 17슼 피페뱅울, 구석진, 운모, 마늘이와 대 지 선 ㅋㅋㅋㅋㅋㅋㅋㅋㅋ",False,,0.0,0
@jhinn6849,이거 게임 이름 뭐에요?,False,,0.0,0
@하필마스터이장인,게임 이름 뭐에여?,False,,0.0,0
@cityj2080,"<a href=""https://www.youtube.com/watch?v=ODlQNj9J-Nc&amp;t=130"">2:10</a> 피넛 울프 진짜 도파민에 절여져서 순수재미 찾는거 개웃김 ㅋㅋㅋㅋ",False,,0.0,0
@츄르-y6h,페선생의 엉덩이 보면 몰라는 진짜 참신했다 ㅋㅋㅋ,False,,0.0,0
@FiddleMiddle,게임 이름좀 알려주세여,False,,0.0,0
@limhyein_brung,락다운 프로토콜 이라는 게임이에요,True,@FiddleMiddle,1.0,0
@아가냥집사,"<a href=""https://www.youtube.com/watch?v=ODlQNj9J-Nc&amp;t=528"">8:48</a> 페이커 쇼크웨이브!!!",False,,0.0,0
@Red_PKM,걍 3일치 풀버전 다 올려도 조회수 개지릴듯ㅋㅋㅋ,False,,0.0,0
@Red_PKM,걍 구슥 멤버들 말하는거 듣기만해도 행족함 ㅋㅋㅋㅋㅋㅋㅋ,False,,0.0,0
@steelo1205,지선이는 뭔데 낌??,False,,0.0,0
@angeladarling9349,뱅 아내면 슼가족이지;,True,@steelo1205,3.0,0
@뭐라노-u3b,뱅 와이프면 가족이지 십련아,True,@steelo1205,3.0,0
@kkamnyang148,월즈 인터뷰어이자 통역 고트인 지선좌를 모욕하는 거임?,True,@steelo1205,3.0,0
@아이구내두야,혹시 지선님이 프로미스나인 노지선 님인가요???,False,,0.0,0
@angeladarling9349,통역사 지선님이요 뱅 아내분,True,@아이구내두야,1.0,0
@즐거운인생-i1c,진짜 이날 마구유시 계속 퍼블 당하고 억울해 하곸ㅋㅋㅋㅋ전나 귀여웠음ㅋㅋㅋㅋ 형누나들 사이에 있으니까 막내 모먼트 나오곸ㅋㅋㅋㅋㅋㅋ,False,,0.0,0
@슬슬08,"ㅋㅋㅋㅋㅋㅋㅋ <a href=""https://www.youtube.com/watch?v=ODlQNj9J-Nc&amp;t=97"">1:37</a> 엉덩이로 구마유시 구분하는 페이커 ㅋㅋㅋ",False,,0.0,0
@in_jik,슼 향우회 락다운 너무 재밌다ㅋㅋㅋㅋㅋ,False,,0.0,0
@ssm9899,이거 다보고 자느라 다음날 피곤해 죽는줄....ㅋㅋㅋㅋㅋㅋ 그런데 완전 재밌었음 ㅋㅋㅋㅋㅋㅋ 뱅 1:2로  더블킬 ㅋㅋㅋㅋㅋㅋㅋ피지컬로 잡아 ㅋㅋㅋ,False,,0.0,0
@망토-n9o,ㅈㄴ 재밌어보이네ㅋㅋㅋㅋㅋㅋㅋㅋㅋ,False,,0.0,0
@user-bu2pc4du8c,행복합니다,False,,0.0,0
@에휴-w1p,구울젠,False,,0.0,0
@무엄하다,페이커 인사하려고 올라가니까 지선좌 자연스레 옆으로감ㅋㅋㅋ,False,,0.0,0
@pooreunchi,진짜 풀버전 다시보기 한 거 후회 안됨 존나 웃김 ㅋㅋㅋㅋㅋㅋㅋㅋ,False,,0.0,0
@타릭게이,"<a href=""https://www.youtube.com/watch?v=ODlQNj9J-Nc&amp;t=537"">8:57</a> 흑화유시ㅋㅋㅋㅋ",False,,0.0,0
@user-gk46wc,풀버전 어서 보나요?,False,,0.0,0
@limhyein_brung,치지직에서 볼 수 있어요,True,@user-gk46wc,1.0,0
@99_Cluster,자막을 각 캐릭터 색깔로 했으면 좋았을듯,False,,0.0,0
@user-barg,캬 구슼 향우회 진짜 레전드ㅋㅋㅋㅋㅋ 요즘 슼 애들 계속 합방해줘서 너무 좋다,False,,0.0,0
@user-loler,졸넛은 저기 왜 껴있는데 ㅋㅋㅋㅋㅋㅋㅋㅋㅋㅋㅋㅋㅋㅋㅋㅋㅋㅋㅋㅋ,False,,0.0,0
@limhyein_brung,17년도에 티원 소속이였어서 있는 걸로 알고 있어요,True,@user-loler,1.0,0
@zdsdwds,4일동안 월즈가무려 16개.....,False,,0.0,0
@meonzi1,진짜 개꿀잼 ㅋㅋㅋㅋㅋ,False,,0.0,0
@김민석-c6j,와 ㅋㅋㅋㅋㅋㅋ 페이커!! 연기마저 잘하냐고!! ㅋㅋㅋㅋ,False,,0.0,0
@이름-y8g,"<a href=""https://www.youtube.com/watch?v=ODlQNj9J-Nc&amp;t=584"">9:44</a> 페이커 죽어있는데 ㅈㄴ웃기네 ㅋㅋㅋ",False,,0.0,0
@RedHood-g2i,편집자님 빨리내주세요 ㅋㅋㅋㅋㅋㅋㅋㅋㅋㅋㅋㅋㅋㅋㅋㅋㅋㅋㅋㅋㅋㅋㅋㅋㅋㅋ,False,,0.0,0
@감자튀김-h9x,너🫵최고👍 너🫵 잘한다👍 너🫵 최고👍 너🫵 잘한다👍 너🫵 최고👍 너🫵 잘한다👍,False,,0.0,0
@개악질,풀버전 올려줘,False,,0.0,0
@도로롱-f1u,마구유시 계속 퍼블당해서 흑화해버린게 귀엽고 웃김 ㅋㅋㅋㅋㅋㅋㅋ,False,,0.0,0
@user-cr1jx3he6e,미션아저씨 돌아와~,False,,0.0,0
@야미2t,상혁이 5인 쇼크웨이브랑  울프 5인 쇼크웨이브 개 지렸다 ㅋㅋㅋ,False,,0.0,0
@gray1037,게임 재밌게 하시네요 ㅋㅋㅋㅋㅋㅋ,False,,0.0,0
@luckypouch,피넛 진짜 게임 개재밌게 한다ㅋㅋㅋㅋㅋㅋㅋㅋㅋㅋㅋㅋㅋㅋㅋㅋ왤케 귀여운 싸패 같음ㅋㅋㅋㅋ,False,,0.0,0
@imk1938,풀영상 ….,False,,0.0,0
@jackboxj7271,겜 이름뭐임?,False,,0.0,0
@Sa-fo1pr,락다운 프로토콜이에요,True,@jackboxj7271,1.0,0
@지원김-j9v,"<a href=""https://www.youtube.com/watch?v=ODlQNj9J-Nc&amp;t=505"">8:25</a>  라칸 쇼크웨이브 ㅋㅋ",False,,0.0,0
@I9금-보관용-계정-J27,<b>오늘도 락다운 동호회 3차모임이 있다는 소식에 곱씹으러 왔읍니다</b>,False,,0.0,0
@위에-l9금-프사-클릭,이 형 채널 보고 와드 박음ㅋㅋ,True,@I9금-보관용-계정-J27,2.0,0
@위에-원댓-프사-눌러봐,ㅋㅋㅋㅋㅋㅋㅋㅋㅋㅋ이왜진ㅋㅋㅋㅋㅋㅋㅋㅋㅋㅋ,True,@I9금-보관용-계정-J27,2.0,0
@kimbob4946,"<a href=""https://www.youtube.com/watch?v=ODlQNj9J-Nc&amp;t=184"">3:04</a> ㅋㅋㅋㅋㅋㅋㅋㅋ 표정 때매 더 웃기넼ㅋㅋㅋㅋㅋㅋㅋㅋㅋㅋㅋ",False,,0.0,0
@SKTelecomT1FAN,뭐야 아자방 이런 채널 있었네,False,,0.0,0
@좋은말만남겨봐요우리,아니 이런 채널이 있었다구??,False,,0.0,0
@Ratwohander,울프님 skt였구나...<br>그냥 대상혁 친구라서 초대된줄,False,,0.0,0
@xuyaho,올려주셔서 감사합니다,False,,0.0,0
@IUnMan,왔다 내 도파민...,False,,0.0,0
@rhcnckacl735,이제 롱프는 안올라오나요?,False,,0.0,0
@한남동-f9r,어우 극혐 울프,False,,0.0,0
@뱅-t4z,다음영상은 고봉밥으로 부탁드립니다,False,,0.0,0
@호사-m2x,제가 잘 몰라서 그런데 스카이님이 누군지 알수있을까요?,False,,0.0,0
@kkamnyang148,스카이 김하늘 16년 17년에 티원에 서브 미드로 있었고 22년 23년 티원 코치로 있었습니다 지금은 공익 근무 중,True,@호사-m2x,2.0,0
@호사-m2x,@kkamnyang148  아하... 감사합니다.,True,@호사-m2x,2.0,0
@태태-b8c,제발 더 올려줘.....,False,,0.0,0
@14살잼민이-h1p,근데 스카이 군대간거 아니였나요?,False,,0.0,0
@Kizuki_Aruchu,"<a href=""https://www.youtube.com/watch?v=ODlQNj9J-Nc&amp;t=509"">8:29</a> 페이커 쇼크웨이브!",False,,0.0,0
@Pitapat819,I love how the video explains visually at the start how the game is played. Is this a new channel? Does this mean the T1 Wolf vid is only for LOL vids?,False,,0.0,0
@클릭-전설의헬스장녀S7,진짜 락다운 동호회 덕분에 스토브 완전 행복하겠는데~_~ ㅎㅎ 이런 거,False,,0.0,0
@bbb-qz8vc,아 개좋다 뭔가 티원팀원분들 노시는거 직관하는느낌,False,,0.0,0
@everyemotions,"<a href=""https://www.youtube.com/watch?v=ODlQNj9J-Nc&amp;t=184"">3:04</a> ㅅㅂ ㅋㅋㅋㅋㅋㅋ 피넛 ㅋㅋㅋ 저 캐릭터 얼굴로 저런 말하니까 개웃기네",False,,0.0,0
@siksamwa,요새 구SKT 향우회 자주 열리네 ㅋㅋㅋ 페이커 마구유기 피넛 낑겨 있는게 개 웃기네 ㅋㅋㅋ,False,,0.0,0
@kimm.s9489,ㅇ?,False,,0.0,0
@hspark3300,그렇게 페이커 질투하고 시기하면서 피는 빨아야겠고ㅋㅋㅋㅋㅋ,False,,0.0,0
@준호-g9n,ㅋㅋㅋ 지랄났네 진짜 보면 정신병있는애들 있긴한거 같네,True,@hspark3300,1.0,0
@처랑이,"<a href=""https://www.youtube.com/watch?v=ODlQNj9J-Nc&amp;t=585"">9:45</a> 울프 팬타킬 ㅋㅋㅋㅋㅋ",False,,0.0,0
@용진이-d5b,풀영상 주세요 제발,False,,0.0,0
@ajh6390,풀버전 없나?..,False,,0.0,0
@최몌챈,아니 오른쪽 이름에서 민형이만 마구유시임ㅋㅋㅋㅋㅋㅋ,False,,0.0,0
@익명-n9d9w,이날 게임은 풀버전 올라와도 재미있게 볼듯 ㅋㅋㅋㅋㅋㅋ,False,,0.0,0
@서울시민김망고,ㅋㅋㅋ 본인도 썸네일에 페이커 가운데 박아놓고<br>평소에 그렇게 페이커 까고 살았던거임?<br>페이커만 주목받는다면서?<br>으으...ㅋㅋㅋㅋ 비추 누르려고 들어왔다<br>페이커 때문에 알고리즘에 뜬거같은데 내 알고리즘에서 보기싫다,False,,0.0,0
@김인욱-u5q,순수열등감 지리네<br>비추 누르고 댓글 하나 달면 쌤쌤 아니냐? ㅋㅋㅋ,True,@서울시민김망고,5.0,0
@user-en2by9jl4i,또 벌레들 기어다니네,True,@서울시민김망고,5.0,0
@서울시민김망고,@@김인욱-u5q 채널엔 쌤쌤이지만 너같은놈들 ㅂㄷㅂㄷ하는거라도 봐야 기분이 좀 나아지지 ㅎㅎ,True,@서울시민김망고,5.0,0
@서울시민김망고,@@user-en2by9jl4i 벌레들은 울프 좋아하는 대황젠 말하는건가요? 샤샤샥ㅋㅋㅋ 어디로 숨었나 했는데 여윽시 티원 스트리머 땡마햄 채널에 숨어있었네<br>근데 이분 진짜 티원 스트리머 맞나요? 대황젠 스트리머같은데…,True,@서울시민김망고,5.0,0
@룰루궁,당사자들끼리 친하게 웃으면서 게임 재밌게 하는 영상에 아무 친분도 없는 제3자가 페이커 위하는척 울프까는게 개 웃음벨이긴 하다 ㅋㅋㅋ 니 뭐 됨? ㅋㅋㅋㅋ,True,@서울시민김망고,5.0,0
@김몰라-n2q,티원에서 도데체 무슨일이 벌어져온거야ㅋㅋㅋㅋㅋ,False,,0.0,0
@poweroffive,"<a href=""https://www.youtube.com/watch?v=ODlQNj9J-Nc&amp;t=526"">8:46</a>  Faker&#39;s Shockwave!",False,,0.0,0
@cutiebunny7469,"???:그만할까요? (총을 겨누며) <a href=""https://www.youtube.com/watch?v=ODlQNj9J-Nc&amp;t=190"">3:10</a>",False,,0.0,0
@kukku0_0,락다운 동호회 진짜 너무좋다 ㅋㅋㅋㅋㅋㅋ,False,,0.0,0
@BlackPangk,진심 이게임에서도 대상혁😂😂😂  대박 속이는거 개소름❤❤❤❤❤,False,,0.0,0
@qasfasf8850,이겜은 다좋은데 겜 끝나고 누가범인이었는지 바로 나오면 좋겠음,False,,0.0,0
@Kkukkuleo,펜타킬 미칭ㅋㅋㅋㅋㅋㅋㅋ,False,,0.0,0
@AppleWind,얼마 전까지 롤드컵에서 보던 사람들이 여기서 놀고 있으니 너무 어색해 ㅋㅋㅋㅋㅋ,False,,0.0,0
@leesfee,페이커는 그저 미션밖에 모른다.. 미션아저씨ㅠㅠㅋㅋ,False,,0.0,0
@mosemith,진짜 각자만의 재미가 있는데 울프의 펜타킬과 지선좌와의 협동은 진짜 도파민 개터짐 ㅋㅋㅋㅋ,False,,0.0,0
@neo4na2,락다운 1회차 MVP : 억울한 마구유시<br>락다운 2회차 MVP : 스포 안할테니 어서 올려주시게 ㅋㅋㅋㅋ,False,,0.0,0
@Brownr1ce,운모 라이브만 보다가 울프시점보니까 진짜 울프가 재밌게 잘하네 ㅋㅋㅋ운모 너무 트롤이었어 초반에 ㅋㅋㅋㅌ,False,,0.0,0
@ifisco22,구슼 모임이라 좋았었는데... 하필,False,,0.0,0
@pyuvely,구마유시만 &#39;마구유시&#39; 로 돼 있는거 왜 아무도 지적 안 하는데 ㅋㅋㅋㅋㅋㅋㅋㅋㅋㅋㅋㅋㅋㅋㅋㅋㅋㅋㅋㅋㅋㅋㅋㅋㅋㅋㅋㅋㅋㅋㅋㅋㅋㅋㅋㅋㅋㅋㅋㅋㅋ,False,,0.0,0
@라라라-y3q,아 미친 ㅋㅋㅋㅋㅋㅋ 너무 웃기다곸ㅋㅋㅋㅋㅋㅋㅋㅋㅋㅋㅋ아 광대 개아파 진짴ㅋㅋㅋㅋㅋㅋㅋㅋㅋ,False,,0.0,0
@Jonjal_lover0408,하ㅠ 형들 개너무해ㅠㅠㅋㅋㅋㅋㅋㅋㅋㅋㅋㅋㅋㅋㅋㅋㅋㅋㅋㅋㅋㅋㅋㅋㅋㅋㅋㅋㅋㅋㅋㅋㅋㅋㅋㅋㅋㅋㅋㅋㅋ큐ㅠㅠㅠㅠ 마구유시야...,False,,0.0,0
@별빛-q5u,예전 구슼과 현슼 이렇게 같이 겜하는거 보니까 개꿀잼이네ㅋㅋ 역시 티쪽이들ㅋㅋㅋ,False,,0.0,0
@quokka-moon2322,ㅋㅋㅋㅋㅋㅋㅋ 개 잼있어,False,,0.0,0
@totoro0818,대상혁이닷~,False,,0.0,0
@ior733,드디어 왔다 내 양식❤❤,False,,0.0,0
@Purpler_,"<a href=""https://www.youtube.com/watch?v=ODlQNj9J-Nc&amp;t=585"">9:45</a> ㅋㅋㅋㅋㅋㅋㅋㅋㅋㅋ 펜타킬 존나웃기네",False,,0.0,0
@yumekogrey,someone put english subtitles please 😭,False,,0.0,0
@이석준-s6j,진짜 개재밌는데 2차모임 빨리!!,False,,0.0,0
@dranzer66,풀버전 올려도 조회수 잘나올만함ㅋㅋㅋ 매순간이 레전드ㅋㅋㅋ,False,,0.0,0
@popipivi5903,ㅋㅋㅋㅋㅋㅋ 구마유시 너무 귀엽다 ㅋㅋㅋㅋㅋ,False,,0.0,0
@kokod5044,페이커 얼굴을 더 크게 해놓지; 다 조회수 잘나오라고 하는말이니까,False,,0.0,0
@피곤한아침,지선좌가 통역사 시긴해~<br>ㅋㅋㅋ,False,,0.0,0
@MDkarma,유툽으로 운타라 시점에서 봤는데... 구마유시 폭탄 죽은 거 뭔소리인가 했는데.. 울프였구만.. ㅎㅎㅎㅎ,False,,0.0,0
@kkamnyang148,뱅페가 임포라 구마유시 그냥 찔러 죽인 건데 그거 변명한다고 말한 게 폭탄이라 아다리상 울프가 자기가 죽인 줄 알고 속음ㅋㅋㅋ,True,@MDkarma,1.0,0
@DoDo-ji2mi,아니 구마유시 막내 ㅋㅋㅋㅋㅋㅋㅋㅋㅋ왤케 귀엽너,False,,0.0,0
@wjl8771,근데 하늘씨가 정치질 개잘함 ㅋㅋㅋㅋ 왕호는 똥추리 ㅋㅋ,False,,0.0,0
@yeddunga,어제 울프 매드무비 ㅈㄴ 웃겼는데,False,,0.0,0
@jsong8584,게임 끝나고 옹기종기 모여서 피드백 하는 거 웃기네 ㅋㅋㅋㅋ 프로게이머 직업병 아니냐 ㅋㅋㅋㅋㅋㅋ,False,,0.0,0
@하얀로냐프강_99,이거 라이브로 보면서 미친듯이 웃었는뎈ㅋㅋㅋㅋㅋㅋㅋㅋㅋㅋㅋㅋㅋㅋㅋㅋㅋㅋㅋㅋㅋㅋㅋㅋㅋㅋㅋㅋㅋㅋㅋㅋㅋㅋㅋㅋㅋㅋㅋㅋㅋㅋㅋㅋㅋㅋㅋㅋㅋㅋㅋㅋㅋㅋㅋㅋㅋㅋㅋㅋㅋㅋㅋㅋㅋㅋㅋㅋㅋㅋㅋㅋㅋㅋㅋㅋㅋㅋㅋㅋㅋㅋㅋㅋㅋㅋㅋㅋㅋㅋㅋㅋㅋㅋㅋㅋㅋㅋㅋㅋㅋㅋㅋㅋㅋㅋㅋㅋㅋㅋㅋ,False,,0.0,0
@하얀로냐프강_99,페이커 미션아저씨로 변신한거 개웃기넼ㅋㅋㅋㅋㅋㅋㅋㅋㅋㅋㅋㅋㅋㅋㅋㅋㅋㅋㅋㅋㅋㅋㅋㅋㅋㅋㅋㅋ 그냥 이상혁이잖앜ㅋㅋㅋㅋㅋㅋㅋㅋㅋㅋㅋㅋㅋㅋㅋㅋㅋㅋㅋㅋㅋㅋㅋㅋㅋㅋㅋㅋㅋㅋㅋㅋㅋㅋㅋㅋㅋㅋㅋㅋㅋㅋㅋㅋㅋㅋㅋㅋㅋㅋ,True,@하얀로냐프강_99,1.0,0
@rebot3973,"<a href=""https://www.youtube.com/watch?v=ODlQNj9J-Nc&amp;t=138"">2:18</a> ??:내가 분탕이 될게",False,,0.0,0
@아이돌A양보기-o1v,"막내들 캐리 ㅋㅋㅋㅋㅋㅋㅋㅋㅋㅋ   억울한 민형씨와 미친 피드백 왕호, 광기어린 <br>하늘이까지 ㅋㅋㅋㅋㅋ 공감하면 개추<br>내꺼에 남겨둔 좌. 표로 들어가면<br>유튜버 따알따리각 사건있음 두루마리필수",False,,0.0,0
@lalsinghmavsker1028,들어가서  한번 치고 휴지가지러가다가 엄마한테 걸림,True,@아이돌A양보기-o1v,5.0,0
@Live0Insaan,😄,True,@아이돌A양보기-o1v,5.0,0
@aminking9940,방금보고왔는데 개야한데 어떡함,True,@아이돌A양보기-o1v,5.0,0
@vikaspillewar3198,😋,True,@아이돌A양보기-o1v,5.0,0
@solankinitin4682,동생년 옆에서 안가냐 하 얼른 보고싶노,True,@아이돌A양보기-o1v,5.0,0
@알마이란,미션하는것도 몰라서 파토나고 걍 싸우다가 덕몽이나 어몽가려다 미션 재미붙이고 3차 모임까지 간게 레전드,False,,0.0,0
@yubxnm,아 진짜 2일 연속 레전드였음 ㅋㅋㅋㅋㅋㅋㅋㅋㅋㅋㅋㅋㅋㅋㅋㅋㅋㅋㅋㅋㅋㅋ 너무웃겨,False,,0.0,0
@kimisprings2859,penta kill ㅋㅋㅋㅋㅋㅋㅋㅋㅋㅋㅋㅋ,False,,0.0,0
@ForeverCloud1505,우제랑 민석이 훈련소 돌아오면 구슥 현슼 꼭 같이해주세요 티쪽력의 대폭발 보고싶어요,False,,0.0,0
@belovedjunsu,"<a href=""https://www.youtube.com/watch?v=ODlQNj9J-Nc&amp;t=415"">6:55</a> 아 미친 개웃기다 ㅋㅋㅋㅋㅋㅋㅋㅋㅋㅋㅋㅋㅋㅋㅋ",False,,0.0,0
@박태우-j9m,(구),False,,0.0,0
@siunaus8819,마참내!!,False,,0.0,0
@jsjs-p8,식물은 식물박사에게 👍,False,,0.0,0
@kwiyomicoco7087,"<a href=""https://www.youtube.com/watch?v=ODlQNj9J-Nc&amp;t=96"">1:36</a> 엉덩이 보면 몰라? ㅋㅋㅋㅋㅋㅋㅋㅋㅋㅋㅋㅋㅋㅋ<br><a href=""https://www.youtube.com/watch?v=ODlQNj9J-Nc&amp;t=800"">13:20</a>",False,,0.0,0
@dldldldldlddddll,아 이게 15분밖에 안된다니,False,,0.0,0
@certified_freak_17,아 미션 아저씨랑 어굴한 마구랑 로치 분탕 트리오 스카이 피넛 대예찬 중간중간 크랙하는 울프시치랑 뱅준식 개웃겻다 진짜 ㅋ ㅋ ㅋ ㅋ ㅋ ㅋ ㅋ ㅋ이틀 내내 웃겨 기절하는 줄 ㅋㅋ,False,,0.0,0
@user-no4xe5zf2l,치지직 방송인가요..?뭐라고 쳐야 치지직으로 볼 수 있나요..ㅠㅠ,False,,0.0,0
@Pob2Loop2,울프 / 뱅배준식 / 운타라 중에 하나로 보세용,True,@user-no4xe5zf2l,2.0,0
@user-no4xe5zf2l,@ 감사합니다!! 사랑해요,True,@user-no4xe5zf2l,2.0,0
@포슬포슬,ㄴㅊㄱㄴㅊㄱ,False,,0.0,0
@justanotherkorean,편집자 개별로네,False,,0.0,0
@1205chs,이거 영상 맛보기임? 뭔가 뭔가 왤케 흐름이 연결이 안대고 자꾸 툭툭 끊기는 늠깁이지,False,,0.0,0
@KimYeBBi,"<a href=""https://www.youtube.com/watch?v=ODlQNj9J-Nc&amp;t=507"">08:27</a> 쇼크웨이브 듀오 올킬 ㄷㄷ 슼 합방 너무 재밌다",False,,0.0,0
@yejin_10_04,구마ㅈㄴ기야워ㅠ개웃기다,False,,0.0,0
@서머-n7y,"<a href=""https://www.youtube.com/watch?v=ODlQNj9J-Nc&amp;t=720"">12:00</a> 대상혁 뛰쳐나오는 효과음 개웃기네 ㅋㅋㅋㅋㅋㅋㅋㅋㅋ",False,,0.0,0
@sososososososososo,"<a href=""https://www.youtube.com/watch?v=ODlQNj9J-Nc&amp;t=785"">13:05</a> 연기 시작한 상혁신ㅋㅋㅋ",False,,0.0,0
@졔졔-i7u,울프 편집자 너 잘한다 너 잘한다,False,,0.0,0
@전고앵,락다운 동호회 정기적으로 모임해주세요.. 진짜 이때까지 했던 종겜 중에 제일 재밌음ㅠㅠ,False,,0.0,0
@캵,생방으로 봤을때 개웃겼는데 ㅋㅋㅋㅋㅋㅋㅋㅋ,False,,0.0,0
@belove0321,페이커 미션아저씨<br>운타라 식물아저씨<br>구마유시 맨날죽음<br>뱅 전설의 원딜<br>스카이 연기천재<br>피넛 광기의피드백,False,,0.0,0
@김성은-u3x,1일차 싸패스카이ㅋㅋ 2일차 도파민중독 스카웃도 웃김😂,True,@belove0321,4.0,0
@Jason2001.,"구마유시, 왕코 지석진 형님의 뒤를 이어 받다니. ㅋㅋㅋㅋㅋㅋㅋㅋ",True,@belove0321,4.0,0
@rhe2976,뱅 큐의 괴물로 바꿔주세요 ㅋㅋㅋ,True,@belove0321,4.0,0
@eeeeee7504,울프는 폭탄마로 가시죠,True,@belove0321,4.0,0
@탑티어앨리,너무 짧은데 ㅋㅋ 이거 안 보신분 치지직에서 풀버전 무조건 봐야함 그것도 뱅 운타라 방송까지 다 봐야함ㅋㅋ,False,,0.0,0
@김덕배-f6h,"울프 : 가짜 광기<br>왕호 : 진짜 광기<br>하늘 : 평범한 게이머<br>페이커 : 그저 인간들의 게임이 즐거운 신<br>지선 : 금쪽이들 어머니<br>뱅 : 특등사수 <br>구마 : 그저 억울함 <br>운타라 : 그저 억울함2",False,,0.0,0
@leeyn4773,구석진 아웃 구석진 아웃 <br><br>구마유시는 유명한 레이스스타터임,False,,0.0,0
@IQdiff,미션말벌아저씨라는 말 자체가 걍 개같이 웃김,False,,0.0,0
@YDW_,"<a href=""https://www.youtube.com/watch?v=ODlQNj9J-Nc&amp;t=445"">7:25</a> ㅋㅋㅋㅋ이민형 처절하게 소리지르는게 ㅋㅋㅋㅋㅋㅋㅋㅋㅋㅋㅋㅋㅋㅋ",False,,0.0,0
@DRunPremium,ㅋㅋㅋㅋㅋㅋㅋㅋ 런닝맨에서 광수가 재석이형! 하면서 따라오는것같네,True,@YDW_,2.0,0
@daesabasf610,​@@DRunPremium ?? : 재슥이형!! 재슥이형!!,True,@YDW_,2.0,0
@devilcometodawn,여기서도 트리플킬하는 그는 대체...,False,,0.0,0
@stelven7599,락다운 동호회 그냥 멤버만 되면 해다오 그냥 매번 꿀잼이네 ㅋㅋㅋㅋㅋㅋ,False,,0.0,0
@야미2t,어이어이<br>이건 풀버전으로 올려도 볼사람은 본다...이말이야~~~,False,,0.0,0
@김띠용-y6c,티슬렁,False,,0.0,0
@단대오거리,14분은 선넘긴했네...,False,,0.0,0
@메_릐,벌써 나왔어? 맛잇다에요~,False,,0.0,0
@율쯔-t5z,이거 울프시점 운타라시점 다 잼있음 ㅋㅋㅋ     꼭 보세요 ㅎ,False,,0.0,0
@MIN-0309-u8g,뭐야 왜 을튜브보다 재미있지?,False,,0.0,0
@Newtrack257,이것만 기다렸다면 믿어줄래~?,False,,0.0,0
@ARI1019o__O,"<a href=""https://www.youtube.com/watch?v=ODlQNj9J-Nc&amp;t=508"">8:28</a> 페이커!! 숔웨이브!!!!",False,,0.0,0
@ARI1019o__O,"<a href=""https://www.youtube.com/watch?v=ODlQNj9J-Nc&amp;t=366"">6:06</a> 미션아저앀ㅋㅋㅋ",False,,0.0,0
@ustard,풀버전으로 가져와!!!!!!,False,,0.0,0
@포일레븐,진짜 이건 전설이다 ㅋㅋㅋㅋㅋ,False,,0.0,0
@oneandonly6234,"<a href=""https://www.youtube.com/watch?v=ODlQNj9J-Nc&amp;t=370"">6:10</a> 미션아저씨ㅋㅋㅋㅋㅋㅋㅋㅋㅋㅋㅋㅋㅋㅋㅋㅋㅋㅋㅋㅋㅋㅋㅋㅋㅋㅋㅋㅋ",False,,0.0,0
@강민-u8f,뱅울 사랑합니다,False,,0.0,0
@meeeeeoooooooooow,구슼 모임은 언제나 재밌다ㅋㅋㅋㅋㅋㅋㅋㅋㅋㅋㅋㅋㅋ,False,,0.0,0
@jaan6203,치트키를 몇개를 동시에 쓰는겨...,False,,0.0,0
@이창주-v8w,이것만 기다리고 있었다..,False,,0.0,0
@mostxianwuofyou,근데... 한왕호씨는... 3시간 게임해도 조작법 모르는게 말이 됩니까?,False,,0.0,0
@So_oyeon,월즈결승끝나고 구독한 종합울튜브가 티손실을 채워주다니..햄복합니다,False,,0.0,0
@빈-j4l7y,이거 게임 이름 뭐에요?,False,,0.0,0
@hyuni0607,락다운 프로토콜,True,@빈-j4l7y,1.0,0
@만만하니-l4s,"팬 채널인지 알았네. 울프님 롤 영상 그렇게 많이 봤는데, 이 채널 있는거 이제 첨 알았네. 비시즌엔 롤팬들한테도 최고의 컨텐츠네.",False,,0.0,0
@mosemith,영상 말고 중계 라이브를 봐야 이런거 알수 있음 ㅋㅋㅋ,True,@만만하니-l4s,1.0,0
@SKim204,울프 이 자식 프로 유튜버야 구독자랑 조회수 늘릴 방법을 정확히 아는구만,False,,0.0,0
@양양-s8q,와 벌써 편집을?ㄷㄷ,False,,0.0,0
@Mezof_,정보) 재미있어서 어제 또 했다,False,,0.0,0
@WsT124cHamp,진짜 c4 펜타킬에 웃겨미치는줄 알았다ㅋㅋㅋ,False,,0.0,0
@1998hsh,페이커 진짜 많이 컷다...<br>리븐으로 대상혁무빙 하면서 카시 궁 피하던게 엊그제 같은데<br>이젠 이재완tv와 합방도 하고...,False,,0.0,0
@zzyomulee,미션아저씨들ㅋㅋㅋㅋㅋ,False,,0.0,0
@치즈김밥-h7x,막짤 뭐야ㅋㅋㅋㅋㅋㅋㅋㅋ 이게.. 페이커님 친구..?,False,,0.0,0
@파치리스-l7v,독하다 독해 ㅋㅋㅋ,False,,0.0,0
@한유진-e6n,풀영상진짜 재밌어욬ㅋ,False,,0.0,0
@룡아,"<a href=""https://www.youtube.com/watch?v=ODlQNj9J-Nc&amp;t=626"">10:26</a> 어어어어어.... 부검하라!!! 배준식은 세금 더내라!!! 최악의 원딜러!!!!",False,,0.0,0
@김동혁-t6k,풀버전도 올려주세요~,False,,0.0,0
@ekgns019,와 멤버 레전드,False,,0.0,0
@oncemore9,혹시 몰라 t1야유회 소식에 제작자가 한글지원 해줄지도ㅋㅋ,False,,0.0,0
@Daniel.Yang_,울프 사랑해,False,,0.0,0
@chaos6x6,어제도 미친듯이 웃겼는데... ㅋㅋㅋㅋㅋㅋ,False,,0.0,0
@byul_ha_da,"<a href=""https://www.youtube.com/watch?v=ODlQNj9J-Nc&amp;t=125"">2:05</a> 이때까지만해도 3차까지 할려고 하는지 몰랐지 ㅋㅋㅋㅋㅋㅋㅋㅋㅋㅋㅋㅋㅋㅋㅋ",False,,0.0,0
@은채-z5f,"<a href=""https://www.youtube.com/watch?v=ODlQNj9J-Nc&amp;t=370"">6:10</a> 사람이 죽었는데 미션이나해🔪🔪🔪하는 미션광공ㅋㅋㅋㅋㅋㅋㅋㅋㅋㅋㅋㅋㅋ",False,,0.0,0
@밥먹고싶다뭐먹지,"존나 행복하다 진짜 ,,,,<br>페이커가 진짜 페이크 플레이해서 캐웃기고 미션 아저씨도 웃김 ㅋㅋㅋㅋㅋㅋ<br>평소 본채널에 안 올라왔던 예전 영상들<br>악놀 , 띵타 다 올려주세요 ㅠㅠㅠ",False,,0.0,0
@미코미코미,기다리고 또 기다렸다!,False,,0.0,0
@오한별-f3u,캬ㅑㅑ 생방으로 보고 편집으로 보고~~ 너무 맛있다ㅠㅠ,False,,0.0,0
@타이머-o2x,"나 방금 원본 클립 보고왔는데....3시간을 15분으로 줄인 울집자...진짜 멋져,.,.,",False,,0.0,0
@YeoNu0818,"<a href=""https://www.youtube.com/watch?v=ODlQNj9J-Nc&amp;t=398"">6:38</a> C4 그 전설의 시작 ㅋㅋㅋ",False,,0.0,0
@street78972,저거 뱅 시점으로 보는데 개웃겼어요ㅋㅋㅋ 으아아악 하다가 갑자기 털썩,True,@YeoNu0818,3.0,0
@gooutsiderightnow,@@street78972 뱅이쥭인거자나요..?!!,True,@YeoNu0818,3.0,0
@EuniceRoyal,ㄱ글 에서 벳프리 보느라 눈밑에까지 다크써클 들어옴 ... 진짜 근데이뻐서 눈을못떼겟다진.짜. .ㄱ?글 에서 벳프리 에서 방송,True,@YeoNu0818,3.0,0
@eNgella,티슬렁..티슬렁... ...! 월월!!!!월월월!!!!!!! 두다다다다닫다다다ㅏㄷ다ㅏ 헥헥헥헥헥헥,False,,0.0,0
@기대면추락위험-d7l,풀버전 해줘..,False,,0.0,0
@김멍게-x2f,3일 연속 고봉밥 예정에 행복한 티원 팬들,False,,0.0,0
@user-lmwall5tw,현슼 데리고 시원하게 함 가자,False,,0.0,0
@Kwon_Incisor_Tooth,운타라 방송에만 1만명 모인 전설의 동호회 방송 ㅋㅋㅋㅋㅋㅋㅋㅋ,False,,0.0,0
@노래하는동동이,ㅋㅋㅋㅋㅋㅋㅋㅋㅋㅋㅋㅋㅋㅋㅋㅋㅋㅋㅋㅋㅋㅋㅋㅋㅋ,False,,0.0,0
@wjl8771,"<a href=""https://www.youtube.com/watch?v=ODlQNj9J-Nc&amp;t=537"">8:57</a> 이건 구마 말투부터 개웃겨 ㅋㅋㅋ",False,,0.0,0
@paper_00,감 봉 행 동 ㅋㅋㅋㅋ,True,@wjl8771,1.0,0
@TheDigut,레전드 방송 편집본 떴따 ㄷㄷㄷㄷ 방송 보면서 웃겨죽는줄알았음,False,,0.0,0
@윤동-c7c,변수차단의 예찬신편 빨리!,False,,0.0,0
@박준현-n6p,풀방 꼭 보세요 님들아. 그제어제 진짜 미치는줄ㅋㅋㅋㄱ,False,,0.0,0
@북극사이다,나중에 맴버들 대사에도 같은 색으로 입혀주면 더 확실하게 구분이 될거 같습니다~~~ 좋은 편집 영상 감사해요 울프님~~,False,,0.0,0
@Y_-.-_Y,이건 편집 없이 봐야되는데,False,,0.0,0
@V6T1,오늘도 온다잇 개큰기대중,False,,0.0,0
@UWU-x8j,"<a href=""https://www.youtube.com/watch?v=ODlQNj9J-Nc&amp;t=292"">4:52</a> 원딜 아니랄까봐 개잘맞추네 ㅋㅋㅋㅋ",False,,0.0,0
@나의해방일지-u3d,이거 진짜 재밌음 ㅋㅋㅋㅋㅋㅋㅋㅋㅋㅋㅋ 새벽 늦게까지 진짜 너무 재밌게봤어,False,,0.0,0
@스즙,이것만 기다렸어,False,,0.0,0
@둉디-o6z,"<a href=""https://www.youtube.com/watch?v=ODlQNj9J-Nc&amp;t=379"">6:19</a> 미션아저씨 ㅅㅂ ㅋㅋㅋㅋㅋㅋㅋㅋㅋㅋㅋ",False,,0.0,0
@이자율-p2i,호로로록시 그 풀영상은 안 올라오나요? 치지직은 2준가 지나면 사라지는 걸로 알고 있어서..ㅜ,False,,0.0,0
@kkamnyang148,울프님은 파트너셔서 치지직 다시보기가 2주 지나도 안 사라져요<br>그래도 유튜브로 보고 싶으시면 롱프 라고 풀영상 채널 있는데 거기 기다리시는 것도 좋을 것 같아요,True,@이자율-p2i,2.0,0
@이자율-p2i,@ 헐 대울프 감사합니다!,True,@이자율-p2i,2.0,0
@KailLR2,"<a href=""https://www.youtube.com/watch?v=ODlQNj9J-Nc&amp;t=540"">9:00</a> 감 봉 행 동",False,,0.0,0
@endlessloveJC,ㅋㅋㅋㅋㅋㅋㅋㅋㅋㅋㅋㅋㅋㅋㅋㅋ,True,@KailLR2,3.0,0
@zrpb1228,냅다 갈겨버리는게 개웃음벨이네 ㅋㅋㅋㅋㅋㅋ,True,@KailLR2,3.0,0
@Space-xXx,변론할 여지도 안 주고 냅다 쏴죽여버림 ㅋㅋㅋㅋㅋㅋㅋㅋㅋㅋ,True,@KailLR2,3.0,0
@faker_.s2,"<a href=""https://www.youtube.com/watch?v=ODlQNj9J-Nc&amp;t=537"">8:57</a> 진짜 존나 웃김 계속 퍼블 당하다가 흑화유시됨 ㅆㅋㅋ",False,,0.0,0
@_10tacle,바로 진4타 미간에 꽂아버리네 ㅋㅋㅋㅋ,True,@faker_.s2,3.0,0
@Ateine,아ㅋㅋㅋㅋ저건 흑화 못참짘ㅋㅋㅋㅋㅋㅋ,True,@faker_.s2,3.0,0
@STEAK_864,@@_10tacleㄴㄴ 케틀 헤드샷 ㅋㅋㅋㅋ,True,@faker_.s2,3.0,0
@2-gp5qg,쇼츠로만 보던게 드디어 왔구나,False,,0.0,0
@yjkamzi,그 어제 한것도 올려줄꺼지..? 나 머리박고 기다리고있을게~!,False,,0.0,0
@블리츠냥,우와 페이커가 합방하는걸 보네....우와....,False,,0.0,0
@빛해-h9b,개꿀ㅋㅋㅋㅋㅋㅋ,False,,0.0,0
@user-rj4id1kb3t,"<a href=""https://www.youtube.com/watch?v=ODlQNj9J-Nc&amp;t=358"">5:58</a> 미션 아저씨의 망설임 없는 킬",False,,0.0,0
@a_summer_day_in_July,미션에 방해하면 다 죽인다ㅋㅋㅋㅋㅋ,True,@user-rj4id1kb3t,2.0,0
@user-yf6wq3bx2l,ㅈㄴ웃김진심 ㅋㅋㅋㅋㅋㅋㅋ,True,@user-rj4id1kb3t,2.0,0
@tebong228,"<a href=""https://www.youtube.com/watch?v=ODlQNj9J-Nc&amp;t=586"">9:46</a> 울프 펜타킬ㅋㅋㅋㅋ",False,,0.0,0
@ImCHIRI,생방 풀버전 꼭 보세요. 거를 장면이 없음🤤,False,,0.0,0
@없음-q3x,울방 편집자님 일 잘하신다 기다렸다고~~,False,,0.0,0
@Ybcamo,ㅋㅋㅋ 넘나 재밌네 ㅋㅋ,False,,0.0,0
@kkisafakerfan,ㅎㅎㅎㅎㅎㅎㅎㅎㅎㅎ 너무 재밌잖아,False,,0.0,0
@bongdari614,떴다 내 간식,False,,0.0,0
@esteen0218,이거 새벽 네시까지 다 보고 어제도 막판까지 다 보고 오늘꺼 기대하는중v,False,,0.0,0
@김두루-p8i,초반에 구마 혼자 열심히 미션숙지하고 미션하다 계속 죽어서 흑화한것도 개웃김ㅋㅋㅋㅋㅋㅋㅋㅋ,False,,0.0,0
@freak_91,???: 아무도 들어오지마!! 아무도 들어오지마!!!!,True,@김두루-p8i,1.0,0
@민동통구리,이것만기다렸다,False,,0.0,0
@응키-e4x,"게임만 했다하면 막내들이 개트롤 그자체네 ㅋㅋㅋㅋㅋㅋ<br><br><br>이민형씨, 이예찬씨 ㅋㅋㅋㅋㅋㅋㅋㅋㅋㅋㅋㅋㅋㅋ",False,,0.0,0
@TCDEWYW,떳냐????,False,,0.0,0
@KoreaFancam,실시간으로 봐도 유튜브로 봐도 개꿀잼 ❤,False,,0.0,0
@BBokchi,오른쪽 멤버 설명에 왜 구마유시는 마구유시야 ㅋㅋㅋㅋㅋㅋ,False,,0.0,0
@달밤-b3i,울프에겐 마구유시임 ㅋㅋㅋㅋㅋ,True,@BBokchi,1.0,0
@SVTmcarat0526,어제도 대상혁이 밤늦게 하고 가야한다고 말했다가 본인도 너무 즐겨서 그 뒤로 몇판을 더 돌렸다는게 개웃김ㅋㅋㅋㄱㅋㅋ어느새 락다운에 진심이 되어버린ㅋㅋ,False,,0.0,0
@김이박-d5l,12시에 간다고 했는데 약1시간더함ㅋㅋ,True,@SVTmcarat0526,5.0,0
@1998hsh,@@김이박-d5l 12시(오후)ㅋㅋ,True,@SVTmcarat0526,5.0,0
@user-no4xe5zf2l,에 왜 여기도 계심..?대체 캐럿이란 사람들은..,True,@SVTmcarat0526,5.0,0
@angrybami,아니!! 요새 안보여서 걱정했는데 살아계시네요??,True,@SVTmcarat0526,5.0,0
@solenoon,아니 님 왜 여깄는데 ㅋㅋㅋ 진짜 봇 아니냐구요,True,@SVTmcarat0526,5.0,0
@littlecoa1,님들 이거는 진짜 뱅 울프 운타라 시점으로 다 봐야 됨  진짜 개웃김 ㅠㅠㅠ <br>치지직 다시보기 ㄱㄱ,False,,0.0,0
@행봉이-r4v9v,구석진ㅋㅋㅋㅋㅋㅋㅋㅋㅋㅋㄱ개웃기넼ㅋㅋㅋㅋㅋㅋ,False,,0.0,0
@늊,이거 자막까지 재탕 삼탕 맘에 든다,False,,0.0,0
@jglove87,올라왔다 우리 원조 티쪽이들,False,,0.0,0
@waveon_7,"막내들 캐리 ㅋㅋㅋㅋㅋㅋㅋㅋㅋㅋ   억울한 민형씨와 미친 피드백 왕호, 광기어린 하늘이까지 ㅋㅋㅋㅋㅋ",False,,0.0,0
@averline6606,그리고 다음날에 온 막내들은 푸짐한 똥을 싸고 마는데...,True,@waveon_7,3.0,0
@JJJ-fk1go,​@@averline6606??? : 변수제거,True,@waveon_7,3.0,0
@katrinad6188,@@averline6606 예찬이 왕호한테 듣고온거아니냐?ㅋㅋㅋㅋㅋㅋㅋ,True,@waveon_7,3.0,0
@rose-pn4mz,더 줘~,False,,0.0,0
@donaj4190,락다운 첨엔 망했나 싶었는데 ... 무슨 ㅋㅋㅋ개 고트 게임 ㅋㅋㅋㅋㅋㅋㅋㅋㅋㅋㅋㅋ 거를게 없네 ㅋㅋㅋㅋ 구석진 식물아빠티모 ㅋㅋㅋ 구보아씨이리와봐유 피드백종원 왕호 ㅋㅋㅋ  미션아저씨  등등등,False,,0.0,0
@hck1388,꺄 역시 믿고 보는 울튜브 너무 행복하다!!,False,,0.0,0
@Kr_Whiteblack,웃음벨 떴 다~,False,,0.0,0
@으악-c8p,풀버전까지 다봤다 진짜 마구유시 폭탄에 터진줄 알았을때 웃겨죽는줄 ㅋㅋㅋㅋ,False,,0.0,0
@エリボム,솔직히 미션 깨기도 힘든 망겜인줄 알았는데 미션깨는 법을 알아버리니 갓겜이 됨 ㅋㅋㅋㅋ,False,,0.0,0
@김혜진-g4r4t,"<a href=""https://www.youtube.com/watch?v=ODlQNj9J-Nc&amp;t=11"">00:11</a><br>?? : 이게 재밌어요?<br>그땐 몰랐지 그가 광기의 미션아저씨가 될 줄은",False,,0.0,0
@Radahnny,미쳐버린 미션노인네 ㅋㅋㅋㅋ,True,@김혜진-g4r4t,5.0,0
@Protoss_Reaver,미친 미션페노인..,True,@김혜진-g4r4t,5.0,0
@Jason2001.,미션에 환장한 이상혁 씨. ㅋㅋㅋㅋㅋㅋㅋㅋ,True,@김혜진-g4r4t,5.0,0
@응키-e4x,미션 안할때는 개트롤중에 한명 ㅋㅋㅋㅋㅋㅋㅋㅋㅋㅋㅋㅋㅋㅋㅋ,True,@김혜진-g4r4t,5.0,0
@dktbdd,??? : 막판 할게요<br>30분 뒤<br>??? : 큐돌려큐돌려,True,@김혜진-g4r4t,5.0,0
@reinyourheart_,진심 너무 재밌었닼ㅋㅋㅋ 오늘 9시도 기대된다 ㅋㅋㅋㅋㅋ꿀잼,False,,0.0,0
@디용-w9p,"<a href=""https://www.youtube.com/watch?v=ODlQNj9J-Nc&amp;t=150"">2:30</a> 이게 진심 제일 웃김 ㅋㅋㅋㅋㅋㅋㅋㅋㅋㅋ 피넛이랑 같이 분탕질",False,,0.0,0
@djaldjf_,드디어 왔구나,False,,0.0,0
@user-zx9rl2gc4x,방송봤지만 또 본다,False,,0.0,0
@andowjnflw,가면을 벗은 인간 이상혁,False,,0.0,0
@룡아,사실 이게 원래의 상혁씨였거든요... 순수재미 찾는 악질분탕ㅋㅋㅋㅋ,True,@andowjnflw,1.0,0
@esteen0218,"<a href=""https://www.youtube.com/watch?v=ODlQNj9J-Nc&amp;t=11"">0:11</a> 응ㅋㅋㅋ 내내 웃다 기력 소진해서 야식 시켜먹을정도로ㅋㅋㅋㅋㅋ",False,,0.0,0
@emilyhjkang6721,진짜 락다운 동호회 덕에 스토브 너무 행복하다~_~,False,,0.0,0
@빈수레가나의요람,드디어,False,,0.0,0
@snu2,오늘도 락다운 동호회 3차모임이 있다는 소식에 곱씹으러 왔읍니다,False,,0.0,0
@Catmakespeace,오늘도 한대요??,True,@snu2,5.0,0
@goobong-su2pr,@@Catmakespeace넵 이따 9시에 한다고 울프가 공지때렸어용,True,@snu2,5.0,0
@나의해방일지-u3d,나이따 ㅋㅋㅋㅋㅋㅋㅋㅋㅋㅋㅋㅋㅋㅋㅋㅋㅋㅋㅋㅋㅋㅋ,True,@snu2,5.0,0
@xodidrP,🤩,True,@snu2,5.0,0
@이정수-e5h,​@@Catmakespeace  문씨 이야기했던걸로 보아 멤버중 한명은 오너일가능성이,True,@snu2,5.0,0
@MrYounginson,어제 방송은 정말 스카웃이 캐리했는데 ㅋㅋㅋㅋ,False,,0.0,0
@street78972,스카웃도 있었어요? 다시보기 하러 가야하나,True,@MrYounginson,5.0,0
@J_wkqai,저건 1일차 방송이고 스카웃은 2일차방송이에요,True,@MrYounginson,5.0,0
@street78972,@@J_wkqai 아 구마유시 폭탄터트려서 죽인거 뱅 시점으로 보는데 시청자들 울프가 터쳐죽인거 모르는게 개웃기네여ㅋㅋㅋㅋㅋ,True,@MrYounginson,5.0,0
@unknown1one,도파민중독자 예찬씨 ㅋㅋㅋ,True,@MrYounginson,5.0,0
@4딸라를주는미군,​@@street78972 울프가 드디어 쇼크웨이브를 사용했구나...!,True,@MrYounginson,5.0,0
@esteen0218,이것만 기다렸다ㅋㅋㅋㅋㅋ,False,,0.0,0
@문준-h2r,이것만 기다렸으면 개추 ㅋㅋ,False,,0.0,0
@swdhl_,드디어 떴다 내 야동,False,,0.0,0
@stop_kang,티슬렁 티슬렁.... 먹이닷!!,False,,0.0,0
@현빙구-v7u,나이스❤,False,,0.0,0
@pacsal,왔다!!,False,,0.0,0
