author,comment,is_reply,reply_to,reply_count,is_spam
@홍시-h8r,이탈리아에 정말 꼭 한 번 가보고 싶어집니다 색의 조화를 중요시 여기고 오래된 것들을 사랑하는 느낌이 논나님과 비슷하네요:) 다음 여행은 꼭 이탈리아로 갈래요,False,,0.0,0
@신영순-e7d,영광  입니다 ㆍ<br>참 좋으신 분 같아요 ㆍ,False,,0.0,0
@송포미,청자와 청자빛 쇼파라니ㅠㅜ 너무 예뻐요.,False,,0.0,0
@백현호-g2i,"대박입니다! 이런 귀한 경험을!! 대사님 너무 멋진 외교관인 것이 한국어 하시려는 모습과 공부하시는 것! 여러 부임지 중 하나일텐데 .. 너무 멋지세요<br><br>초반에 논나님은 이탈리아어로,<br>대사님은 한국어로 대화 .. <br>두 분 다 너무 멋집니다!<br><br>논나님 이탈리어어도 더 보여주세요<br>섹쉬하세욤 ❤❤❤",False,,0.0,0
@adamashee1219,너무 이색적이고 멋지네요!,False,,0.0,0
@hye2241,색의 조합을 참 우아하면서도 얌전하게 매치하시네요~*<br>아름다운 공간 보여주셔서 행복했어요~^^*😊,False,,0.0,0
@xxxvvv3414,갑자기 이탈리아어 배우고 싶네요😊,False,,0.0,0
@user-wlner03slkne1,어디에서도 볼 수 없느느이탈리아 대사관저를 보여주셔서 넘 감사해요 밀라논나님..!,False,,0.0,0
@영희-j8s,선생님!<br>덕분에 이탈리아  대사님 관저까지<br>엿볼수  있어서 영광입니다!<br><br>특히 한국을  멋을 살린 Theme Room<br>청자와 약장이 잘 어울리는 것 같습니다!<br><br>대사님의 <br>비밀<br>공간 까지~<br><br>항상  감사드립니다!❤,False,,0.0,0
@티라미수-h7x,이런 너른 집에 살아봤으면 싶네요. 뜰도 있고 강도 보이기까지!,False,,0.0,0
@sarahrogers557,"Where is nonna? All the episodes are old, where is she?",False,,0.0,0
@56ghjMcwdfgr,") Falun Dafa practitioners from throughout Australia peacefully rallied in front of the Federal Parliament House in Canberra from November 4 to 7, 2024. They also visited government agencies, non-governmental organizations, and busy commercial districts to inform the public about the persecution in China including the Chinese Communist Party’s (CCP) forced organ harvesting from living Falun Dafa practitioners. They collected signatures urging the Australian government to pass legislation to end the CCP-sanctioned forced organ harvesting.<br><br>During the four-day event, practitioners visited and collected signatures from people in the judicial, medical, and business communities, as well as businesses in the capital’s industrial zone. They set up a booth to introduce Falun Dafa (also known as Falun Gong) and raise awareness of the CCP’s persecution on the pedestrian street in the center of Canberra. Many people accepted the truth-clarification materials and signed the petition.<br><br><br><br><br><br><br><br><br>Practitioners demonstrated the Falun Dafa exercises and held banners near the center of Canberra and major traffic corridors during rush hour from November 4 to 7.<br><br><br><br><br><br><br><br><br>Practitioners told people about the persecution on the pedestrian street and busy commercial streets of Canberra’s city center from November 4 to 7.<br><br>Engineer: Turning a Blind Eye to Evildoers Is Being Complicit<br>Engineer Peter Johnston said, “I hope these organ traffickers can realize what they are doing. This is a terrible thing. People should have a conscience, be kind and be sober.” He said he hopes the Australian government will stand up against this organ trafficking. He remarked that those in power will be accomplices if they turn a blind eye to the evildoers.<br><br>Will Dobbs, who works in the government, said, “Organ transplantation is a scientific advance for humanity and it should be voluntary. But I understand that in some countries, organs are taken from people who do not consent and these people may be killed for this. I think this is a terrible thing. As Australians we have freedom of speech and should do everything we can to support those who do not have the right in other countries to protest.”<br><br>Dobbs added that the Australian government must take a clear position on platforms such as the United Nations and in external dialogues that we oppose organ trafficking. Australians who go overseas for organ transplants must know the source of their organs and provide transparency.",False,,0.0,0
@YoungokLee-i8f,방마다 벽색깔 인상적이고 머무르면 아이디어가 떠 오를것같은 아름다운 공간입니다.❤❤❤,False,,0.0,0
@권경애-p5y,굿입니다 ❤,False,,0.0,0
@ejk8510,"와우, 드레스룸의 모든 문짝이 마호가니 목! 심지어 라디에이터 커버까지!",False,,0.0,0
@윤동임마리아세시나무,논나님 덕분에  이탈리아  문화와  생활을 보고 논나님 의 활동 세계의 폭넓음에 감탄합니다.,False,,0.0,0
@오서윤-s3m,선생님 멋지세요 ❤❤❤,False,,0.0,0
@ywlove0429,금방 지하철3호선서 인사했습니다^^ 반가웠습니다^^,False,,0.0,0
@위로-s4f,우와 논나님 덕분에 별구경을 다하네요 ㅎㅎ 건강하고 행복하세요~,False,,0.0,0
@김홍분-i4h,이탈리아 대사님이 마치 한국의 수다스런 아줌마 같은 친근감이 드네요. 오래 오래  한국에 계시면 좋겠습니다 감사합니다.*<b>**</b>,False,,0.0,0
@hahasung,너무 멋지네요 논나 덕분에 힐링되네요 다시 한번 논나의 책을 읽고 있어요 처음보다 두번째 더 용기를 줘요❤,False,,0.0,0
@cafelatte123,대사님 멋쟁이시네요~~* 🥰,False,,0.0,0
@cacaya4362,"와,너무 반가워요. 인테리어 너무 이쁘네요.들어가는 거실 공간이 너무 좋네요. 구경 시켜주셔서 감사합니다~ 건강 하세요~😗",False,,0.0,0
@토리할머니,와~멋져요,False,,0.0,0
@momshimmy1732,논나님께서 상대방 기분 좋게 술술 풀게 하는 인타뷰 능력이 돋보여요! 대사님도 정말 우아하시고 좋은 분 같네요!,False,,0.0,0
@dqweifjasofskf,"<a href=""https://www.youtube.com/watch?v=rmg-uEnAEFY&amp;t=811"">13:31</a> 광고x 웃기다 ㅋㅋㅋㅋㅋㅋ 이탈리아 대사님이 광고를 할리가 없잖아요...ㅋㅋㅋㅌㅋㅋㅋㅋㅋ",False,,0.0,0
@duhair23,Love your videos—they’re so calm and relaxing. Your voice is incredibly soothing. Please keep posting! Love from Sri Lanka ❤,False,,0.0,0
@Hello_SanJose,"대사님 인상 너무 좋으신데,  솔직히 한국 대사로 와 있으면서 한국말을 너무 못하시는 거 아닌가요?^^ 열심히 공부하셔서 더 잘 하시길 응원합니다.",False,,0.0,0
@lav15lav,와~~ 귀한 영상 감사합니다.<br>논나님 덕에 대사님 관저를 보다니😊,False,,0.0,0
@jjL-w7e,애정하는 논나님! 좋은 하루 보내세요. 항상 ^^!,False,,0.0,0
@김민승-w9r,너무 잘봤습니다 한국에서 업무도 생활도 행복하시길 바랍니다,False,,0.0,0
@목캔두,"두 분 너무 우아하셔요, 대사님 너무 에쁘시다 ~",False,,0.0,0
@monours,우리나라 사람은 정작 외제풍의 가구를 좋아하고 저런 분들은 우리나라 고가구 스타일을 좋아하는구나.....뭔가 반성하게 됨...,False,,0.0,0
@아우라-c4j,밀라논나님 채널에 처음 들어와서 잘 몰라서 그러는데요?...<br>이렇게 아름다운 여성분이 왜 할머니라고 그러시는거에요?...<br>제가 보기에는 곱디고운 숙녀분으로 보이는데요?...,False,,0.0,0
@니키네,오 👍   집이 아름답네요 감사합니다 ❤,False,,0.0,0
@siyunesrun,시니어분들의 지혜와 감각이 가득한 집을 방문하며 인터뷰하시는것도 좋은 컨텐츠가 될것같아요❤🙏,False,,0.0,0
@밍크목도리,멋져요,False,,0.0,0
@judithanndohar,So lovely to hear Nonna speak in Italian !,False,,0.0,0
@lohofa8743,멋져요~!,False,,0.0,0
@ilovekoreamariella6345,우와~~~!❤,False,,0.0,0
@윤혜수-s5k,논나님 대사님 투샷이 참말로 보기좋고 멋지십니다,False,,0.0,0
@이원애-h6r,우아하고 아름다운  두 분의 대화가 넘 멋져요❤❤❤❤  대사님의 높은 품격이 느껴지는 관저를 논나님 덕분에 귀한 영상 잘 보았습니다❤❤❤넘 감사합니다. 대사님과 논나님의 건강과 행운이 함께 하시길 ❤❤❤❤,False,,0.0,0
@폴마미아,감사합니다!!,False,,0.0,0
@런던시카고런던,오늘 엄청난 스트레스를 논나 영상보며 풀고 있어요😊,False,,0.0,0
@gslee5001,와 진짜이쁘게 해놓으셨다,False,,0.0,0
@user-qi7o0dr54h8rq,한국에서 과감한 색을 쓰는집이 있었군요<br>노란 벽면이 전혀 어색하지않아요<br>이런 아름다운집이 많아지길바래요❤,False,,0.0,0
@bibi-wi5uz,Potevo studiare l’italiano guardando questo video! La ringrazio milanonna❤️ La rispetto sempre e vorrei diventare la bellissima e l’elegante donna come Lei. Le voglio bene💛,False,,0.0,0
@spqwmnbvlp,아름다운 공간을 보여주신 논나님과 대사님께 감사드립니다!,False,,0.0,0
@p0sthistory,그전 이탈리아 대사님하고 인터뷰하신것도 너무 좋았는데 이번도 역시나네요. 이탈리아가 매력적인만큼 대사님들도 어쩜 이리들 멋지신지!!! 이걸 이탈리아 홍보영상으로 써도 될거같아요! 노란벽지 보는 순간부터 맘마미아!!!,False,,0.0,0
@고도희-o5w,논나님 연세가 있으신데도 좋은 유튜브 만들어 보여주셔서 감사합니다.<br>건강하셔서 오래도록 좋은 방송 보여주세요.<br>캔사스에서 어느주부가 ~~~~~~❤,False,,0.0,0
@순둥순둥-u4m,대사님 착용하신 귀걸이와 목걸이 환상적이게 아름다워요 악세사리 관심없는데 넘멋지시네요ㅋ저도 살수읺다면 꼭 사고싶은 아름다운색상에 디자인이네요ㅋ,False,,0.0,0
@순둥순둥-u4m,넘멋지다ㅋ자주 이런데와서 영상찍어주시면 영광이겠습니다 쎔~~,False,,0.0,0
@Sungjun.y,의경 복무 시절 이탈리아 대사관 및 대사관저 경비도 맡아서 했었는데 항상 관저 내부는 어떨까 궁금했습니다! 근데 이렇게 구경하게 되니 뭔가 새롭네요! 감사합니다~!,False,,0.0,0
@kacy4695,영광입니다. <br>대사님도 좋은분 같아요😊,False,,0.0,0
@향기-j2q,이것이 진정 민간외교 아닌가요?<br>대사님도 아주 nice하시구~<br>논나님 자랑스럽습니다❤❤❤❤❤,False,,0.0,0
@ufikdllahg9csef,한국인이 트러플을 전혀 모를거라고 생각하고  엄청 자세히 설명하시는게 귀엽네요😂,False,,0.0,0
@S.E.L-h6o,대사님 목걸이가 심상치 않으시네요. 두 패피들의 만남^^,False,,0.0,0
@oej220505,노란색거실이 생각한거랑 같은느낌이네요..그래서 벽지는 흰색이나 아이보리색이 제일 무난하군요 ㅎㅎ,False,,0.0,0
@tpkki430,우왕 한국말 너무 잘하신다😆,False,,0.0,0
@floralpartypeople,와 등장하실때 셔츠 속의 목걸이 너무예쁜데 귀걸이랑 세트인거에서부터 흥미진진했고 색에 진심이신게...색친자인 나란이는 이태리 감성이 맞는구나,False,,0.0,0
@FORESTHILL-x1w,"대사님과 논나님 , 오늘 왠지, 스탈이 비슷한 느낌 ❤ 👏👏👏😊",False,,0.0,0
@p은아-h5s,와. 영광입니다. <br>참으로 공간을 세련되고 목적에 맞게 잘 다듬어 두셨네요.,False,,0.0,0
@gardeningthelife,"논나 덕분에 대사관저 안을 속속들이 보게 되네요 👍👍 각 공간의 테마를 대표하는 색의 표현이 매우 인상적이에요. 특히, 메인 리빙룸의 유럽치즈색 같은 노란벽지와 크림색의 소파, 한국테마방의 옥색 소파와 고가구의 배치 등이 정말 아름답습니다. 상대적으로 simple &amp; humble하게 느껴지는 사무공간과 욕실의 소파 등도 대사님의 취향과 가치관을 볼 수 있게 되어 흥미로운 랜선 경험이었습니다 🥰🥰",False,,0.0,0
@snowcountry322,이탈리아 같은 나라에 더 많은 한국인들이 여행했으면...  너무나도 좋은것을 못봐서.. 자신들이 어떻게 살고 있는지도 모른다.,False,,0.0,0
@최은주-t1p3u,힐링이 되는 영상입니다~,False,,0.0,0
@박정원-b4f,대사님 너무 멋쟁이시고 색상 조화를 너무 잘하시네요. 의상도... 모든 공간에 색상 조화가 너무 아름답습니다.,False,,0.0,0
@peony_xyz,정작 한국사람들은 집을 현대식 가구로 배치하는데.. 중요한걸 놓치고 있네요~,False,,0.0,0
@soohyunlee794,논나님 대사님 감사합니다~~ 덕분에 귀한 대사관저 구경을 했네요! 대사님 감각이 정말 뛰어나시네요 👍,False,,0.0,0
@innovationforth2243,대사님 너무 이뻐요 ❤그리고 소녀같아요 😂❤,False,,0.0,0
@user-goldbear,이탈리아 대사님 한국말 하실때 목소리가 매력있으시네요 😊,False,,0.0,0
@민-w4h,민트색의 청자와 쇼파색감이 어우러져 넘 고급스럽고 우와미가 있네요😊,False,,0.0,0
@정대운-j6w,한국의 &quot;검이불루 화이불치&quot; 를 보는 듯 합니다 . 엄청 감사합니다.,False,,0.0,0
@소금마을딸래미와춤을,남양주시는 이태리 남부 작은도시와 자매결연을 맺고있어요<br>지난여름도 교류차 다녀왔구요<br>대사님과 만남 있음 더 의미있을듯 싶어요,False,,0.0,0
@주연-f5v5h,귀한공간 보여주셔서 감사드립니다,False,,0.0,0
@evian127,늘 요즘 한국에서 유행하는 미니멀(이라 쓰고 병원 이라 읽는다) 인테리어만 보다가 예쁜 색감 보니 기분이 상쾌해 지네요!,False,,0.0,0
@mjp2994,"와,,,<br>집도 아름답지만 주인분 미소가 더아름다워요  역시 삶이 얼굴에 보여지는게 ~~<br>바로 저거구나 싶은게,,   두분 진짜 너무 멋찐삶이시다..",False,,0.0,0
@imjinaim.,지나갈때마다 대문보고 너무 궁금했는데 ㅎㅎ 논나할머니 너무 감사합니다~!!!!,False,,0.0,0
@shstsg4532,내가 살면서 언제 이탈리아 대사관저를 보겟어ㅎㅎㅎ,False,,0.0,0
@user-uf2xr1zn9m,이탈리아 대사님이 여자분이여서  순간 깜놀~~<br>대사님이 우아하시고 미인이시네요.<br>자기관리를 잘하시는분 같아요.,False,,0.0,0
@gunjuyung99,클라스가 남다르시다,False,,0.0,0
@Mikooknuna,"우와~멋있다: 멋있는 사람 옆에 또 멋있는 사람! 행복한 사람 옆에 또 행복한 사람!!<br>대사님은 계속 심플하다 하시는데,, 단아한 화려함(luxury simple)아닐까 싶어요^^ 착용하신 화려한 목걸이가 마치 신체의 일부처럼 단정하게 매치되어 심플한 셔츠와 너무 멋지게 매칭이 되어~ 화려함인지 심플함인지 헷갈리면서 우아했구요.. 논나님 패션이야 뭐 논해 뭐하겠어요^^오늘의 자리에서도 너무 고급스럽게, 대사님과 조화를 이루는, 역시나 심플한듯 화려함!! 최고였어요!!!.  반짝이는 동그란 귀걸이와 우아한 동작에 맞춰 흔들리는 팔찌의 참(charm)이 ...참 너무 차밍(charming)해서 눈을 뗄수가 없었어요! 사랑스러워요 논나님!!!",False,,0.0,0
@fomalyang4047,방마다 색을 다르게 테마를 주는것이 매우 인상적이였어요. 보기힘든 장소에 초대해주셔서 감사합니다. 안경을 쓰면 액세서리를 하는게 어색했는데 대사님의 엄청나게 아름다운 목걸이를보고 색을 어떻게 쓰냐에 따라 달라지는구나 감탄했습니다.,False,,0.0,0
@pmp2710,와~~논나님 덕에 귀한 대저택을 보게 되서 영광임니다.,False,,0.0,0
@진격의쌍둥맘,논나님..덕분에 눈이 호강하네요^^<br>두분의 품격있는 태도에 마음까지 다듬어 지네요^^<br>그런데 저..잡스런(?)질문있는데요..<br>대사님께서 착용하신 셔츠..<br>어디 브랜드인지 궁금합니다..<br>구매욕구가 확~~ㅎㅎ<br>구글검색을 해도 안나와서 여쭙게 됩니다^^;;,False,,0.0,0
@user-sb7gx5nq8x,품격이 느껴지네요<br>두분 멋지십니다.<br>패션도~~,False,,0.0,0
@eundi2624,이탈리아 사람들이 색을 중요시 한다는 걸 또 한 번 느낄 수 있었어요. 대사님 감각 엄청나시네요~~,False,,0.0,0
@coffee-s4k,너무 말씀 잘 하시고 논나님처럼 우아하시고 교양있으시고😊 집도 너무 예뻐요❤,False,,0.0,0
@책읽어주는여자홍퀸,우와 완전 멋진 논나님덕에 멋진곳 구경도하고~<br>멋진분들과의 대화도 넘넘 멋지고요~^^덕분에 간접체험 잘  했습니다~감사합니다~❤❤❤,False,,0.0,0
@user-el9bz3hq6c,편안하게 구경 잘한것 같아요. 색의 조화가 멋져요. 배울 게 참 많네요. 감사합니다 🎉,False,,0.0,0
@A_serena,정말 멋진 두 여성분을 한 화면에서 볼 수 있어서 좋았습니다. 두 분 다 정말 멋지게 잘 관리하셨고 스스로의 매력을 잘 알고 자신을 가꿀 줄 아는 점 본받고 싶어요. 아름다운 두 분의 앞으로의 여정도 응원합니다 :) + 반복해서 봐야겠어요!,False,,0.0,0
@임은정-i4w,색상조화가 넘 아름답네요. 센스가 장난아닌듯. 목소리도 좋으시고..멋진구경 감사합니다😊😊😊,False,,0.0,0
@지피지기-f7c,우와 두분 다 최고로 멋지십니당 ❤,False,,0.0,0
@책읽어주는여자홍퀸,그니깐요 😊,True,@지피지기-f7c,1.0,0
@onlywayisupup2714,이딸리아 감성 뿜뿜 멋져요!,False,,0.0,0
@chaqillenikita748,Thank you Nonna and Ms Ambassador for your entertaining tour. <br>Those views of the Han were impressive! <br>I had to laugh when the camera operator zoomed in on the black leather sofa perched incongruously in the bathroom 😅. <br>Grazie mille e ciao 🖐🏼,False,,0.0,0
@해뜰날-n5c,논나님 덕분에 이탈리아 대사관저를  영상으로 구경했네요<br>감사합니다  ♡<br>한국고가구도 너무 잘 어울려요,False,,0.0,0
@joycekim6837,신선하네요~~~눈호강 제대로 했네요❤🎉❤,False,,0.0,0
@바람-i7n,대사님 머리결과 빛깔이 우아하네요 자연적인거겠죠?,False,,0.0,0
@Jjay6756,쩐다… 스케일..😮,False,,0.0,0
@옥-b1v,논나님 덕분에 대사관 구경했네요!<br>정말 인테리어 감각이 뛰어나신분이십니다<br>대사님 인상도 좋으시고 목걸이도 정말 독특하고 멋집니다 ~<br><br>귀한경험하게 해주셔서  감사드립니다 ~❤,False,,0.0,0
@에레츠,논나님.....바라만  봐도 행복해요,False,,0.0,0
@121-p6h,친절한  대사님 이네요❤,False,,0.0,0
@ilovebeing30,"할머니! 저 이태리에서 이 댓글 남겨요 😆 아주 우연한 계기로 이번달에 유럽 출장을 오게 되었는데 그냥 집에 가기 아쉬워 잠시 이태리 여행중이거든요. 그런데 세상에나, 제가 편견이 너무 많았었나봐요. 이태리 사람들 너무도 밝고 친절하고 때론 퉁명스러워도 조금만 대화하고 마음 나누면 얼마나 수다스러운지… 즐거운 날들 이어지고 있습니다. 그라치에, 본조르노, 씨 정도는 이제 입에 달고 살아요 히히 할머니도 30대를 이 아름다운 이태리에서 보내셨겠죠? 저도 잠시나마 그 기분 느낄 수 있어 기쁩니다. 한국은 춥다는데 건강 챙기시고, 특유의 굳센 소신과 다정함, 늘 변치 않으시길 기도할게요 ❤️🧣 Buona notte!",False,,0.0,0
@leesn3031,특별한  영상  감사드립니다. ~❤,False,,0.0,0
@junghunlee9941,"오....이탈리아는 대사관도 남다르게 꾸미는군요. <br>특히 한국방,   한국 인테리어 디자이너도 한 수 접을 정도로  우아하고 근사하네요.  <br>(약장이 저렇게 잘 어울리다니 !!!  이탈리아인들이 한국 고가구를 배치하는 저 감각이란...)<br><br>이탈리아의 품격을 느끼게 해주는 영상입니다. <br>이런 게 사실은 외교의 일환이죠.  저런 대사관 하나만 봐도 그 나라 문화의 격이 돋보이니까요. <br><br>근데,  논나님은 더 우아하십니다. <br>너무 좋은 영상 잘 봤습니다. 감사드려요.",False,,0.0,0
@rhosoojin191,대사님 예술적 감각이 대단하시네요 🎉,False,,0.0,0
@복-j8c,넓어서 좋다 저래좀 살아봣으면...,False,,0.0,0
@relm2001,"Wow, what a great episode.  Two very stylish women with impeccable taste.  Enjoyed it very much.",False,,0.0,0
@jane456-d2r,대사님 몸매짱,False,,0.0,0
@choco3go,미국 드라마 The diplomat 을 보는 중이라 더 흥미롭게 보았습니다. 두 분 대화와 태도 인테리어 모두 너무 아름답고 우아하시네요. 영상 너무 잘 봤습니다❤,False,,0.0,0
@anne_choi_,선생님~~~<br>진짜 멋진 경험을 하게 해주셔서 고맙습니다🙇‍♀️🙇‍♀️🙇‍♀️<br>한국사랑이 깊으신 대사님이 참 멋지세요💖💖💖<br>마음이 포근해져요💞💞💞,False,,0.0,0
@eunsookkim1058,"Good, 너무나도 모든 게 잘 조합이 됐어요.<br>훌륭합니다 감각 센스.....<br>좋은 하루 보내세요<br>Jenny&#39;s  ❤❤ Mother <br>🍰🥐🍇🫖☕️😉",False,,0.0,0
@runawoo3038,편안하고 고양을 갖춘 손님을 맞이한 느낌이예요. 감사합니다. 특히 꾸지미않은 자연스러운그러면서 서로 존대하는 대화가 가장 듣기 좋았습니다🥰,False,,0.0,0
@김영은-s6p,한 나라를 대표하는 대사님과 견주어도 품격이 돋보이시는 우리의 논나^~❤,False,,0.0,0
@babsr8479,Wow what large open spaces I love the openness of the home.  The ambassador has beautiful taste 😊,False,,0.0,0
@jeongsukhwang3997,논나님 덕분에  이탈리관저 둘러볼수있었네요 인터리어 고급지고 노랑색이 인상적이네요😊,False,,0.0,0
@김윤정-z5w,와....노란색과 민트색...화이트가 이렇게 조화롭게 아름답다니....그런데 요란하지 않고 편안하게 느껴지고 집에있는것만으로 영감이 마구 샘솟을것같은....그런 집.......논나님 영상은 정말......안목을 높일수 있는 최고의 영상 입니다. 오늘도 감사합니다 ❤❤,False,,0.0,0
@hftvdrgsegftfhtdfg,너무 멋지네요 😮😊👍,False,,0.0,0
@한사랑-v6p,와우~~~~반갑습니다 대사님~~,False,,0.0,0
@carrieh2409,"What a lovely ambassador, and a stunning embassy!",False,,0.0,0
@swmoon7985,"논나 님을 뵙는 것만으로도 반갑고 좋은데, 매우 흥미로운 콘텐츠를 논나 님만의 따뜻한 시각으로 담아내신 것 같아 애청자로서도 더 없이 반갑고 감사해요^^",False,,0.0,0
@VintageXO79,와 대사님은 무슨 디자이너 같으시고 집은 무슨 디자이너 하우스 같아요. 일이 될까 싶네요. 저라면 매일 파티만 하고 싶을 것 같아요 😅😅,False,,0.0,0
@chungskfood,"우와, 논나님 덕분에 이탈리아 대사관저를 편안하게 구경하며 찐 이탈리아 감성을 느낄 수 있었어요! 특히 대사관저 안에 있는 한국 고가구 방이 정말 인상 깊었답니다. 멋진 영상 감사합니다~ 😊❤",False,,0.0,0
@향우리,너무너무너무 재밌게 봤어요~ 정성들여 속속들이 안내해주시는 모습이 참 따뜻했어요~^^,False,,0.0,0
@아왜불러,우와 어디서 또 이런 귀한 곳을 봐보겠어요 좋은 영상 감사합니다 논나!,False,,0.0,0
@hjryu8375,논나님 이런 눈 호강을 시켜 주시다니 너무 감사해요. 논나님 아니면 어떻게 저희가 이런 대사관저를 투어할수 있겠어요 협조해주신 대사님도 너무 아름다우시고 인테리어 감각이 아주 탁월하세요.<br>너무 너무 감사드려요!!,False,,0.0,0
@김미영-e6m3x,논나덕분에 볼수없는 내밀한곳까지 보게되다니!!!감사해요!!❤,False,,0.0,0
@웽구,우왕 넘 멋져요 ㅠㅠ 영상 늘 기다립니다❤❤❤,False,,0.0,0
@Jay-le5oz,논나 듀오 그라찌에🎉,False,,0.0,0
@kwon3342,논나님이 가끔 할므니라고 하시는데..<br>그냥 논나라고 하는게 참 듣기 좋은거 같아여.<br>논나님 너무 멋지고 존경 합니다.,False,,0.0,0
@한다중,논나 덕분에 유튜브로 이탈리아 대사관저를 보다니..<br>정말 감개무량합니다.<br>감사합니다^^<br>대사님의 인테리어 안목이 정말 높으신거 같아요,False,,0.0,0
@yikate1397,"논나님덕분에 이탈리아 대사관저도 구경하고 , 대사님도 친절하시고 친근감있으시네요 , 귀중한 영상 감사합니다 ~~",False,,0.0,0
@kwon3342,두분의 세련된 메너가 정말 보기 좋아요..,False,,0.0,0
@reunion21c,두분이 정말 멋쟁이시다. 정말 멋지십니다. 행복하세요~~,False,,0.0,0
@leehannah342,대박 입니다 . 언제 제가 대사님 집 구경 하겠어요!  감사합니다,False,,0.0,0
@철수-d3b,우와,False,,0.0,0
@hjzen3061,별로…,False,,0.0,0
@carolallen3900,Watching you from the UK X,False,,0.0,0
@jiyeongchang3247,우아 그 잡채!! ❤,False,,0.0,0
@tmeet4378,대사관저에서 리셉션도 하는군요! 모든 대사관은 가장 멋진 곳에 위치해있는것 같아서 내부가 궁금했어요❤,False,,0.0,0
@냥냥-d7b,와.. 두분 다 너무 우아하시다,False,,0.0,0
@niwb3wf,영상 보는 내내 똑같이 생각했어요😍,True,@냥냥-d7b,2.0,0
@나쁘-e9s,두분다 자기 관리도 철저 하신듯 날씬하고 건강해 보이시네요,True,@냥냥-d7b,2.0,0
@mumulin3972,"덕분에 관저도 보고, 대사관님이 너무 인상이 좋으세요^^",False,,0.0,0
@kchoi9195,정말 감각이 탁월하네요. 역시 이탈리아 👍🏻,False,,0.0,0
@positivethiking4977,"인테리어와 대사님 피지컬, 논나님의 겸손한 태도와 말씨    모든게 조화롭고 아름답습니다 😂😂😂",False,,0.0,0
@JPcanbeanything,대사관저가 생각보다 되게 한국적이라 놀랐어요! 너무 예쁘네요,False,,0.0,0
@나리-b3f,논나님 덕분에 이런<br> 호강을 다 하네요.<br>감사합니다.<br>너~~~무 멋지네요~😊,False,,0.0,0
@왕왕-i5s,와 정말 눈호강했네요. 특히 한국느낌이 물씬 풍기는 방의 색 매치가 놀라웠어요. 소파 색을 청자색으로 맞추신게 인상적이었습니다!,False,,0.0,0
@ming_soo,독보적인 콘텐츠😊❤,False,,0.0,0
@MP-uj1xg,아   이탈리아  또 가고싶어요~~   ❤❤❤❤❤❤,False,,0.0,0
@bellaapril6015,"와- 너무 멋쪄요, 장소마다 작품이내요😊<br>논나 덕분에 눈호강 하고 가요~",False,,0.0,0
@claras2943,"멋진곳에서 멋진 두 여인이 함께한 모습, 넘넘 멋지십니다.<br><br>Grazie per la presentazione della splendida casa. È stato un piacere incontrare l’Ambasciatore d’Italia nel video. Le auguro una felice vita in Corea.",False,,0.0,0
@오홍조-v3i,진짜 멋지다.<br>밀라논나 채널 아니면 어디서 이런 구경을 할 수 있을까요😊 너무 잘 보고 갑니다.,False,,0.0,0
@Sirius-z8s,이 분은 정말 멋지다.... 말씀하시는 것도 우아하심,False,,0.0,0
@최경선스테파니아,논나님 덕분에 최고의 퀄리티를 경험했어요. 감사해요^^,False,,0.0,0
@yeon-v8k,논나 아니셨음 못했을 귀한 구경이에요..,False,,0.0,0
@펭수는펭귄,논나는 국제적인 셀럽이네요  멋져요 👑,False,,0.0,0
@dcbaabcde3340,우와!!!! 너무 멋져요!!! 😊 이탈리아 대사관저도 볼 수 있고 논나님 짱이에요!!!!!~~왘ㅋㅋ &gt;.&lt; 좋아요도 꾸욱 누르고 갑니당~~~,False,,0.0,0
@psrn6119,색감 너무 이뻐요 ❤❤ 대사관님과 논나 투샷 너무 멋져요 😊,False,,0.0,0
@ksm547,영광입니다. 이런 귀한 공간을 보여주신 논나님 대사님 감사합니다❤,False,,0.0,0
@S-kp2vy,귀한 구경 감사합니다 이탈리아대사관 기획 잘하셨네요,False,,0.0,0
@현정조의평범한일상,밀라논나님 감사합니다.❤,False,,0.0,0
@남산오리,와~~~ 감사합니다,False,,0.0,0
@이은정-d5m8q,두분 친구처럼 잘어울리세요.<br>귀한 구경 참 감사합니다.<br>차오 아미치 ❤❤,False,,0.0,0
@리얼리-t1i,논나님 오늘도 영상 감사합니다❤,False,,0.0,0
@꿈동이-n7c,대사관관저를 영광입니다,False,,0.0,0
@fanoii,"대사 멋잇다 <a href=""https://www.youtube.com/watch?v=rmg-uEnAEFY&amp;t=376"">6:16</a>",False,,0.0,0
@의열강,너무 색감이. 마음에들어요<br>훌륭한 집 구경 했읍니다. 가구는 다가직느왔나요?,False,,0.0,0
@user-zu2oe1bq3y,할머니 아니고 선배언니라고 부르고 싶어요❤,False,,0.0,0
@누카-y4u,경험해보기힘든 대사관저를 보여주시고!<br>감사합니다 잘 보겠습니다🎉,False,,0.0,0
@StellaChoi952,논나님 덕분에 이렇게 멋진 ❤️🫠💚<br>이탈리아 대사관 관저 구경할 수 있어서<br>넘 좋은 것 같아요 🩵💜<br><br>그리고 여성분이 대사관이라니<br>뭔가 마음이 뻐렁차네요 💚❤️<br><br>그리고 관저 정말 무슨 갤러리<br>같이 멋져요 특히 색상이 🔶<br><br>그리고 논나님 ㅎㅎ 이탈리아어 실력에도<br>감탄하고 갑니다 💚💜<br><br>이렇게 멋진 곳 소개시켜주셔서<br>감사합니다 🫶🏻🫶🏻🫶🏻🥹❤️,False,,0.0,0
@juyeontv4622,밀라논노님 덕분에 이태리 대사관도 구경할 수 있어 영광입니다 ~<br>너무 멋지네요 ~<br>논나님 최고에요 ~~👍👍,False,,0.0,0
@spero9324,"한국갔을때 대사님 뵌적 있는데, 한국어 열심히 공부하시는 것같아 너무 좋아보이더라구요❤❤수고해주심 감사드려요!!",False,,0.0,0
@cleopatra360,🤩  👍👏🫰💕💖💕🌹🍀<br>✨️⭐️🇮🇹⭐️✨️  🇰🇷🌺,False,,0.0,0
@형광그린,논나님  덕분에  가볼 수 없는 멋찐곳 구경 합니다<br>감사합니다 ♡,False,,0.0,0
@폼폼푸린-g8r,크롬옐로우 벽 색깔이 넘 예뻐요 ❤<br>덕분에 좋은 구경했습니다. 감사합니다~,False,,0.0,0
@podo888,지금 한국에계신 이탈리아 대사관님이 이렇게 멋진분이시구나!! 예쁜 대산관 저택 보여주셔서 감사합니다.,False,,0.0,0
@JSA711,대사관저 너무 우아하고 멋지다ᆢ논나님덕에 눈  호강합니다❤❤❤,False,,0.0,0
@zz5507,❤,False,,0.0,0
@rosepark7861,야~~목걸이가♡♡♡♡♡♡,False,,0.0,0
@도라-i8i,대사님 한국어 발음이 너무 우아 하셔요~~❤,False,,0.0,0
@투투네-g7e,와우~정말 귀한 구경 시켜주셔서 감사해요😊 굉장히 현대적이고 모던한 인테리어네요. 클래식할 줄 알았는데 틀에 박히지 않은 자유롭고 발랄한 색감과 내부가 인상적이였습니다❤,False,,0.0,0
@lunakim2073,벨라벨라 ❤❤❤❤❤ 아름다워요,False,,0.0,0
@romanticseason4028,대사님 한국말 하실때 더 우아해 보이시는건 기분탓인가🤔ㅋㅋㅋ<br>한국 테마방의 소파 인테리어 컬러가 고려청자 색깔과 같은것에 감탄에 감탄을 하게 됩니다<br>논나님 덕분에 제가 대사관저 내부를 다 구경하게 되네요 너무 흥미로웠습니다^^,False,,0.0,0
@JSA711,와ㅡㅡ여자 대사셔요? 신기방기 ᆢ감사합니다,False,,0.0,0
@GoGo-r9y1m,우와 논나님 덕분에 이탈리아 대사관저까지 보네요  생각보다 크고 우아하네요 대사님도 인상 너무 좋으셔요 은발머리까지  논나님과 좀 닮은 느낌도 들구요 논나님 목소리와 팔찌 찰랑찰랑소리는 정말 힐링입니다 ♡,False,,0.0,0
@김서은-k1l,맞아요 ㅎㅎㅎ 이런 영상 덕분에 특별한 경험을 하게 되는 것 같네요😮(윤하콘서트인천대구부산에서곧해요,True,@GoGo-r9y1m,1.0,0
@aliveinus4492,와.. 너무 감각적이다. 집이 아니라 갤러리 같아요.,False,,0.0,0
@MOMO-gq9go,그러게요 항상 궁금했던 곳인데 이렇게 자세히 볼 수 있다니 할머니 덕분입니다❤,False,,0.0,0
@Asrara33,😅😅😅😅😅😅,False,,0.0,0
@박지원-g3y,저녁 만들고 유튜브 틀자마자 만난 영상이라 너무 설레고 행복해요! 엘레강스한 영상이라 저녁 메뉴를 바꿔야할거 같아요 ㅎㅎ 오늘도 잘 보겠습니다!,False,,0.0,0
@choa9158,콘텐츠 퀄리티가 남다릅니다 잘 보겠습니다!,False,,0.0,0
@relax-kq7fu,4등,False,,0.0,0
@동구-h5p,할머니 너무 좋아요❤❤❤건강하세요~~😊,False,,0.0,0
@미니미니-d7w6i,으앙 첫댓글이다😮❤ 영상 잘볼게요오!!,False,,0.0,0
@doremi795,오 1등입니다ㅎ,False,,0.0,0
