author,comment,is_reply,reply_to,reply_count,is_spam
@deemd,고3 칭구들아 화이팅<br>지금까지 준비해온거에 곱하기 10000배 더 잘 해내고 오길 응원할게 <br>그리고 혹시나 기대에 못 미치더라도 실수하더라도 괜찮드라 <br>내가 쪼끔 더 살아봤는데 그거 진짜 다 괜찮드라<br>그러니까 넘 걱정하지말고 긴장하지말고 오늘 푹 자고 편한 마음으로 다녀와! 🖤,False,,0.0,0
@정다은-u1r,고3분들말고도 N수생이시거나 딤디님처럼 다른분야 도전하고자 시험보시는 딤둥이분들도 파이팅입니다!,True,@deemd,10.0,0
@채린-e2s,나울어…나안아…<br>실패하면 삼수하죠 뭐<br>다녀올게요,True,@deemd,10.0,0
@Young_0h00,딤디...쪼끔...???,True,@deemd,10.0,0
@GOODNEWS-lm1cx,천국 지옥은 있으며 예수님께선 그리스도이시며 길이요 진리요 생명이십니다 예수님께선 부활이요 생명이십니다 회개하십시요..  예수님께선 구세주이심을 선포합니다 현금없는 사회와 CBDC 디지털화폐는 인간을 노예삼고 사유재산을 없애고 사탄이원하는 바이므로 해선  안됩니다. 베리칩과 666표  받지 마십시요.,True,@deemd,10.0,0
@김유주-f2j,맞아요 정말 혹시라도 수능 못쳣다고 해서 절대 낙담하지 말기!! 세상엔 수능보다 중요한 것들이 많은 것 같아요ㅎㅎ(오늘윤하신곡3곡나왔어요,True,@deemd,10.0,0
@aboutmik,드라이 사용법을 살짝 바꾸면 덜 해그리드 될 수 있어요! (해그리드라는 거 아니고 그래서 스트레스 받으시는 거 같아서) + 저도 히피라 생각없이 말리면 ㅎ 해그리드 됩니다..,False,,0.0,0
@userelle12,"<a href=""https://www.youtube.com/watch?v=RyRK_WVKucw&amp;t=197"">3:17</a> Hi Deemed. Do you not like to use the local laundrettes to dry laundry? Depending where you are it’s usually 20p for 2 minutes? It usually cost me £1.50 for 15 mins and it dries my clothes completely.",False,,0.0,0
@Bbb___b_,공부 타입랩스 부분애서 밝은 하늘아었다가 어둑어둑해질 때까지 공부하는 딤디한테 치인다 진짜,False,,0.0,0
@Wtqdz,"여러분들 근데 <a href=""https://www.youtube.com/watch?v=RyRK_WVKucw&amp;t=970"">16:10</a> 여기에서 아기천사가 딤디님도 아니구 지은씨한테 혼나는 이유는 뭔가용..??😮",False,,0.0,0
@ipsijotgatda,진짜 올때마다 딤디님 영상은 길어서 기대하게 됨..❤,False,,0.0,0
@lexc7455,Noteshelf,False,,0.0,0
@Archivedcatsandfashion,"not your brother trying to save his ass by being all cutesy around your dad at <a href=""https://www.youtube.com/watch?v=RyRK_WVKucw&amp;t=1009"">16:49</a> but it&#39;s evident that your dad knows Ji-eun has the real power here🤣",False,,0.0,0
@hyoniiii,와 티켓+숙소 가격 진심 도랏다.... 저렇게 플렉스 하는 날이 올 수 있을까....,False,,0.0,0
@또잉-c6p,딤디가 가족을 사랑하는 법 .. ㅠㅜ 바르셀로나 갔다가 마드리드 갔다가 바르셀로나 갔다가 영국가기......ㅠㅜㅡㅠㅠㅠㅜ 아기천사 이제 천사 떼... 미안...,False,,0.0,0
@cimingnoona3447,you wash your hair every day?,False,,0.0,0
@gabriellaballesteros4142,"Hi! I don’t know if you’ll see this, but an app you can use for notes is Goodnotes! I use it a lot and have found it very helpful. You can make files to separate notes and you can make flash cards and do many things! Hope this helps and I love your videos! :)",False,,0.0,0
@freeyaam,"<a href=""https://www.youtube.com/watch?v=RyRK_WVKucw&amp;t=893"">14:53</a> looks dangerous",False,,0.0,0
@김주호-o1f,ㅋㅋㅋㅋㅋㅋㅋㅋㅋㅋㅋㅋㅋㅋ 우노디스 ㅋㅋㅋㅋㅋㅋㅋㅋㅋㅋㅋㅋㅋㅋ 딤디사랑해❤❤❤,False,,0.0,0
@jeongjeong7,"딤디교수님,,,🤍 앞으로 브이로그 수업 평생 잘들을게..!!! ㅋㅋㅋ<br>-<br>진짜 체력적으로 좀 힘들거같은데… 딤디교수 몸살안났져??",False,,0.0,0
@anthuyen4689,Nice trip 😂❤,False,,0.0,0
@mcgc93,The way I would&#39;ve given an arm and a leg to see that match live.. It was beautiful! Your brother was up for a ride awakening 😂,False,,0.0,0
@mcgc93,*rude,True,@mcgc93,1.0,0
@goat_proud,우노 디스 ㅠㅠㅠㅠㅠㅠ 아빠 사랑하기 모두에게ㅜ사과하기 하,False,,0.0,0
@pe1fang,Does anyone know which face mask is Deemd is using in Barcelona?,False,,0.0,0
@9872747942,아기죽어 ㅋㅋㅋㅋㅋ미치겠다,False,,0.0,0
@namtsukoo,deeeeeeemd &lt;3,False,,0.0,0
@suyeonno2007,딤디처럼 깔끔하고 야물딱지게 살고싶은데 우울증 때문에 쉽지 않음 매일 씻고 밥먹고 세탁기 돌리고 빨래개고 쉽지 않음. 그래도 따라 살려고 노력중.,False,,0.0,0
@__monata__,"ah, beautiful hair!",False,,0.0,0
@임릴리-r8t,딤디언닝 매직 헤어미스트 한번써보세요.<br>제가 심한 손상모에다가 반골슬이라 매일아침 헤그리드 되는데 이거 뿌리쪽으로 뿌리고 슥슥 빗으면 많이 정돈 되더라구요,False,,0.0,0
@정아름-w7l,이 언니 폴로 니트 사이즈 몇으로 입은 걸까.. 저 핏이 나고 싶어!,False,,0.0,0
@goyangia,430.....?,False,,0.0,0
@혜웡-r7k,언니 한국은 지금 20도까지 올라가는 미친날씨여요 하나도 안추워브러..^^,False,,0.0,0
@Sunnshinee365,"Prof Deemd hehe joking, thanks for virtually bringing us around Spain. what an eventful vlog :D",False,,0.0,0
@samanthaperry4543,"If your plane is delayed for more than 3 hours, i think you can claim some money back on it as compensation. I suggest looking it up (i haven&#39;t done it before, but my friends have) <br><br>Ryanair can be terrible sometimes 😂",False,,0.0,0
@lilenoulitza,"i think you have not told us what exactly you plan to study, so like what is your major you plan to get? Chemistry? Bio? Medicine? VET????? :D",False,,0.0,0
@ruchikadas9317,Keep going unnie 💜💜,False,,0.0,0
@ellad1234,onenote 추천해요! 원드라이브에 계정 연동하면 바로바로 싱크되서 저도 학교다닐때 많이 유용하게 썼어요. 저도 비슷하게 아예 피피티 강의내용을 피디엪으로 따서 원노트에 올리고 그위에 바로 필기/타이프로 강의중 노트 썼는데 원노트가 가장 유용하고 편하더라구요. 피뎁으로 올려도 장당으로 올라가서 중간중간에 자료/그림 넣기도 편해욥,False,,0.0,0
@차기-f6v,딤디 자주 봐서 너무 좋아요 !!,False,,0.0,0
@차기-f6v,오우 근데 돌아오는길에 너무 피곤했을거같아요,True,@차기-f6v,1.0,0
@siyeonkim70,딤디 사랑해 언제나 행복해🥰,False,,0.0,0
@진하울-d8n,딤디조하,False,,0.0,0
@hewhomustnotbenamed0316,you can try notion for note taking and it has a desktop version too!,False,,0.0,0
@rwahcat,"<a href=""https://www.youtube.com/watch?v=RyRK_WVKucw&amp;t=121"">2:01</a> 마요네즈 뿌려 먹으면 좐맛탱 (*´꒳`*)",False,,0.0,0
@serim6980,"아천 넘 귀엽꾸,,, 역시 지은씌 존재만으로도 첫째 권력미ㅋㅋ 권위있다,,,, 😇🩶",False,,0.0,0
@Yuio288,아천이 너무 나같아서 눙물나네 그래서 전 여행 혼자가염 아니면 계획 따라가거나 근데 저런것만 빼면 재밌고 귀여우니까 괜찮은거 아닐까요 그렇다고 해줘요 딤디ㅜ,False,,0.0,0
@muddygoat,❣️❣️❣️❣️,False,,0.0,0
@박수빈-x5u5m,"딤디 organic chemistry를 배우고 있나요,,, 갑자기 알켄 보여서 반가웠듬!",False,,0.0,0
@kucherenko8,"I&#39;ve been watching you for almost 3 years now and all this time I&#39;ve been wanting to try Korean food, including Korean buldak ramen. and what can I say... how do you eat such spicy food? my ukrainian ass literally could handle only 3 drops of ramen sauce and it was already very spicy. but carbonara buldak is really delicious!",False,,0.0,0
@ayah_abdel-ghani,"Hey deemd! 🤍 I was wondering, what does your name &quot;deemd&quot; mean? 😃 Does it have a special meaning? ✨",False,,0.0,0
@Mimi-yo1kl,"5년 동안 지켜봐왔는데, 대학에 다니고 너무 바빠서 작년에 그만뒀어요. 이제 나는 당신을 다시 지켜보고 있으며 당신의 삶에는 많은 변화가 있습니다! 현재 대학에서는 어떤 전공을 공부하고 있나요? 😊✨",False,,0.0,0
@vivomomento-l8s,딤디 새 다이어리 사면 꼭 알려주기야 🖊📙,False,,0.0,0
@이심플-r5k,저는 야덕이라 축구는 잘 모르는데 축구 스케일 정말 후덜덜하군요,False,,0.0,0
@엠졔,폴로패딩 품번 궁그매요❤,False,,0.0,0
@anzaforbes8819,"I like to add tuna, green onion, tomato &amp; seaweed to my buldak 🤤. Hope the kitty babies are doing well 🐱🥰. Ooo what fun! Barcelona looks so lively!! Of course your English is good! Bilingual people are amazing! Hope your Spain trip with dad and baby brother was fun 🥰.",False,,0.0,0
@user-ou1vj1eh6h,"<a href=""https://www.youtube.com/watch?v=RyRK_WVKucw&amp;t=616"">10:16</a> 딤디님 나무 수저 바꾸셔야 할 것 같아요 나무 수저 오래 쓰면 안 좋대요🥲",False,,0.0,0
@mika-d5k8z,아버지 진짜 성공하신분이다 저 경제적 정신적 여유 개멋져🫢,False,,0.0,0
@haimalee,저번 영상 올라온지 얼마 안된 거 같은데🤍🤍 잘볼겡 딤디 고마와!,False,,0.0,0
@mmg93,was it a typo when you said you paid $3000 for 3 tickets? please tell me its a typo.,False,,0.0,0
@linci6523,what is your major in uk?,False,,0.0,0
@정코리,스누피 파우치 어디꺼에요<br>손민수하고싶음,False,,0.0,0
@user-dd9gu5uu3h,하…오늘 영상 진짜 최고 ❤❤❤❤😂<br>딤디만의 공부법을 알 수 있고 아천덕분에 웃겨 뒤지구 ~~~~~~ <br>딤디랑 아천의 조합 진짜 코로나 이후로 오랜만인것 같은 기분이라서 넘 좋았어유 😍😍😉<br>영상 항상 감사해용 🤩🤩🤩,False,,0.0,0
@CarolSims-gg5jb,Please release automatic YouTube subtitles so we can use translation. I&#39;m not fluent in English yet and I&#39;m sorry I&#39;m missing out on what happens in your videos,False,,0.0,0
@JSHI-mj4wv,딤디님 영상 못잃어..,False,,0.0,0
@francsausage2083,지은시 너무 동생때메 빡친 저같아요 ㅋㅋㅋㅋㅋㅋㅋㅋㅋㅋㅋㅋㅋ 감정 이입돼서 나까지 빡쳐벌여!!! 😮‍💨,False,,0.0,0
@zilogg,"<a href=""https://www.youtube.com/watch?v=RyRK_WVKucw&amp;t=1353"">22:33</a>초에 경기장에 나오는 노래 제목뭔가요ㅠㅠㅠ",False,,0.0,0
@TheKnowld,OMG...  이렇게 빨리 또 돌아오다니..! 그저 행복❤,False,,0.0,0
@aclife8210,"I know he messed up but it just feels wrong to mess with him after his mistakes. Everybody makes mistakes. <br>My husband didn’t check his passport before our flight to Osaka and his face after the immigration told him his passport is expiring and not allowed to fly, it was something I hate seeing. He looked so shock, sad, frustrated and angry at himself. He even cried. I told him I will meet him in Osaka. He sort his passport and meet me the next day in Osaka. 😊 I feel bad for your brother.. It feels a bit like “kicking a wounded puppy” 😅",False,,0.0,0
@charity2230,Me: Dreaming of finishing school so I can go to Barcelona 😢<br>Deemd: In Barcelona 😊<br>Love you Deemd ❤😅,False,,0.0,0
@jiyoung5667,노트+(플러스)!!!!!!! 무료앱이고 필기감 오지고 피씨버전 있고 연필 볼펜 형광펜 등 각 옵션 2-3가지 있어여,False,,0.0,0
@Jaesuletsgo,수능 후 최고의 선택 딤디 보기<br>와.. 생각해보니까 중학교 때 부터 딤디 봤는데 벌써 재수를 끝냈네요... 시간 진짜 빨라...,False,,0.0,0
@wafaabeauty4470,I really like ur videos💕,False,,0.0,0
@AmandaPace85,"Really happy to see that you visited my city (Barcelona), I really hope you enjoyed your time here 💜 I ate at Hana two weeks ago!! pocha is also a great korean restaurant to visit! I went to Real Madrid stadium back in May but visited for a complete different reason... Taylor Swift concert! 😂",False,,0.0,0
@염염-c6o,딤디.... 아이시떼루요 !!,False,,0.0,0
@의정-t1d,오ㅏ아아ㅏㅏ 경기장 진짜크딩,False,,0.0,0
@다온-k4d,딤디 진짜 촐싹대는 실력이 정말로 위아래 남매들 사이에 껴있는 둘째같음..(like me) 촐싹대는거 졸잼,False,,0.0,0
@meherpardiwalla8691,I have been going through a slump after quitting work since the past 3 months and unable to focus or find a goal in life. Just taking each day as it comes while I try to find my spark again. Thanks for asking! Hope you doing well.💟,False,,0.0,0
@Lilili-uo8ls,오늘 영상 진짜 개웃겨ㅠㅋㅋㅋㅋ 아천 정신체리~~~!!!!,False,,0.0,0
@ryucandoitt,잘햇다 잘햇어(?) 뭐든 딤디가 짱이야,False,,0.0,0
@eunha5982,아기죽엌ㅋㅋㅋㅋㅋㅋ 으앜ㅋㅋㅋㅋ 웃겨미챸ㅋㅋㅋ,False,,0.0,0
@sellysellys,라이언에어: 살려줘ㅠㅠ 미안해ㅠㅠ ㅋㅋㅋㅋㅋㅋㅋ,False,,0.0,0
@초혀니-o1o,나중에 시간 된다면...보스 헤드폰 후기 궁금해요 ㅠ,False,,0.0,0
@Emyzzzz,Pls deemd come to italy !!,False,,0.0,0
@rozehjsdkgn440,"As a spanish fan, it was so crazy watch this vlog o.o 💕",False,,0.0,0
@itox8924,계후 하나라니..,False,,0.0,0
@gyeong_270,딤디님 이번 영상도 넘 넘 재밌게 잘 봤습니다 🤭🤭 아천님이 만들어 낸 사건… 생각보다 엄청나서 놀랐네요 ㅋㅋㅋ 그래도 새로운 추억이 생겨서 오래 기억에 남겠어요 ㅎㅎ 딤디님 남은 한 주 잘 보내시고 다가오는 다음 주에도 행운 가득하게 보내시길 바라요 🍀🍀🍀,False,,0.0,0
@레몬그라니타,딤디쓰 사랑혀!!!!,False,,0.0,0
@lilachaze0613,"you can also try notion for keeping together your notes and maybe note taking too! i love your channel, it’s very comforting 🫶🏻",False,,0.0,0
@유진-t8f,해를 별로 못 봐서 그런지 한창 탔던 피부가 많이 돌아온 것 같아요 ...?!?ㅋㅋㅋㅋ,False,,0.0,0
@kishacabs,Enjoyed watching this! &lt;3 my exam is nearing so im cramming so much 🥲 wish me luck!!,False,,0.0,0
@pamplemousse52,딤디네 가족 건강하고 유쾌해서 너무 보기 좋아ㅜㅜ,False,,0.0,0
@dilarab94,"Hey Deemd! I love when you share your trip around the Europe, it reminds me the times that I was back in there! I would also love to see more of your UK life, housechores, anything... I watched your channel during pandemic while writing my dissertation. Now I am on my PhD, and when I see you study, I also got motivated. I don&#39;t know if you ever thought of it, but while in Europe maybe you could visit Türkiye too 😊",False,,0.0,0
@은ji,"<a href=""https://www.youtube.com/watch?v=RyRK_WVKucw&amp;t=1188"">19:48</a> 아기천사님과 함께하는 1004번 마드리드행(?)",False,,0.0,0
@hadongi,"<a href=""https://www.youtube.com/watch?v=RyRK_WVKucw&amp;t=653"">10:53</a> 무슨말인지 모르게ㅛ을땐 영어를 주로 읽승닝다",False,,0.0,0
@jieun1164,딤디.. 아천한테 너무 그러지마..<br>인생이 시간낭비~ 돈낭비~ 시간낭비~ 돈낭비.. 나한테 하는 소리 같아서.. 맘편하게 못웃음 ㅋㅋㅋㅋㅋㅋㅋㅋㅋㅋㅋㅋㅋ와중에 긍정적인 아버지 뒷모습.. 너무 귀여우시고.. 울아빠였으면.. 얄짤 없었다.. 긍정적인 아빠 둔 딤디와 아천 부럽다 ㅋㅋㅋㅋ일상 자주 올려줘 너무 좋아❤❤,False,,0.0,0
@dam.e79,"딤선생님 있잖아요 내년 2월에 노들섬 없어진대요 ,,,",False,,0.0,0
@Lawrencedimayuga,"My week has been good! I have 2 exams this week, but we will push through!",False,,0.0,0
@mayie9885,Hello deemd love lots from philippines❤,False,,0.0,0
@nana_sannn,You’re my favorite youtuber. I just wanted to say your videos make my day and they always comfort me and make me feel better somehow. I’m thankful for you being born into this world and making videos for us ❤. Sending lots of love 💜,False,,0.0,0
@jrwong1808,I  have a little brother too and I 100% understand how light-headed they can be hahhahaha,False,,0.0,0
@연주-h7m,와200만우넌 ㅠㅠ😢😢,False,,0.0,0
@Lawrencedimayuga,Awesome vlog I would love to visit Spain!🫃🏻,False,,0.0,0
@별글-e5c,돈낭비 시간낭비송 개웃겨ㅋㅋㅋ,False,,0.0,0
@summer13570,"<a href=""https://www.youtube.com/watch?v=RyRK_WVKucw&amp;t=976"">16:16</a> 지은씨의 “짱나게 하지 말라해“가 너무 웃김ㅠㅋㅋㅋㅋㅋㅋㅋㅋㅋㅋㅋㅋㅋㅋㅋㅋㅋㅋ",False,,0.0,0
@IdjwbdjskwoqpfshHh,"<a href=""https://www.youtube.com/watch?v=RyRK_WVKucw&amp;t=1156"">19:16</a> 딤디 나두 엔보이 들고 다니는데 항상 여권은 저 비밀 주머니에 넣잔아요...❤",False,,0.0,0
@crzattack7341,아버님 보살^^^^^....아니 부처ㅋㅋㅋㅋㅋㅋㅋㅋㅋㅋㅋㅋㅋㅋ역시 가족들이 많으니 한 번씩 에피소드에 등장하면 넘 잼나요!,False,,0.0,0
@yoon_pureum,"<a href=""https://www.youtube.com/watch?v=RyRK_WVKucw&amp;t=407"">6:47</a> 우리한테 설명 안해주도돼 그냥 딤디 하고픈대로 다 해도 돼~~~~~",False,,0.0,0
@atikaathia6863,"Hello from indonesia, why you call your brother little angle? Haha so much fun watching your video",False,,0.0,0
@susupyaezawwin1041,Deemd what kind of curl cream do you use?,False,,0.0,0
@Nikk8340,"Hey Dimdi! <a href=""https://www.youtube.com/watch?v=RyRK_WVKucw&amp;t=210"">3:30</a> Can you show us how you make your planner...",False,,0.0,0
@MohdFaiz-jr1rx,"no money and bored <a href=""UCkszU2WH9gy1mb0dV-11UJg/b8IfY7zOK9iVkNAP_I2A-AY""></a>",False,,0.0,0
@JIWOOSEO,딤디 50헤르츠로 영상찍는 못된 버릇은 어떻게 들였어.. 앞으로 4K60 고정 부탁해 ❤,False,,0.0,0
@aprilapril_vlog,나만의 개그맨…. 우노 디스 기절ㅋㅋㅋㅋㅋㅋㅋㅋ🫰🫰,False,,0.0,0
@kkumeallog,무슨패딩 사셨는지 궁금해요!,False,,0.0,0
@pennypetite85,"didn&#39;t expect a vlog so soon, but happy you posted cause I have been feeling down lately and watching your vlog is so entertaining. So hi deemd! may I call you travel girl? hehehe I love your traveling lucky you! from London to Spain, Barcelona, Madrid so much fun indeed, with what you call &quot;baby angel&quot; younger brother I love how your tone of voice is louder when your speaking with your brother, I can tell how much fun your having its so cute, &amp; I love how you laugh at yourself with speaking Spanish don&#39;t worry I myself only know a few words too. love you had fun &amp; yet taking care yourself with your yummy Korean meals, they look good, &amp; your on top of things unlike your brothers mix up ( just joking) hehe I did laugh when you mentioned that your older sister would have something to say to him about it lol. I&#39;m sure your all partied out &amp; studying even more for school, seems your an excellent notetaker, I love that, wishing you all the luck in your studies. Oh my long comment, sorry I end here. <br>Wishing you a great week.<br>Such pretty ending pictures I love them<br>ps. great choice in puffer jacket looks good too :) <br>Stay safe &amp; always happy  :)",False,,0.0,0
@goldtangerine,내동생이였으면 네모의 꿈 무한반복형 내렸다...,False,,0.0,0
@tozha1235,우노 디스 보고 터져서 토할뻖 죄송해요 아 개웃겨진짜.....,False,,0.0,0
@worldoutsidemyroom,굿노트는 왜 안쓰세여,False,,0.0,0
@wannabehappy7,딤디님 열심히 사는 모습 넘 멋져요오.. 본 받고 싶어요 늘 힐링되는 영상 고마워요 🩵💙,False,,0.0,0
@ST-vv4gm,Thanks for your videos ❤ I’ve been watching your videos during Covid pandemic. Time flies and your subscribers reaching 1m soon❤ Take care! Deemd❤❤❤,False,,0.0,0
@nahyun_,딤디님이 전기담요를 꼬오옥 구매하셨으면 좋겠다........ 🥺🥺,False,,0.0,0
@wannabehappy7,엇 왜 화질 설정이 안될까요 ㅠㅠ,False,,0.0,0
@Rrr1212nn,"나 완전 극P+ADHD까지 있는데 , 아천한테 혼내는 장면 나한테 혼내는것같아서 무릎꿇어야될것같고그렇네 ㅋㅋㅋㅋㅋㅋ ㅋㅋㅋㅋㅋㅋㅋㅋㅋㅋㅋㅋㅋㅋㅋㅋㅋㅋㅋㅋㅋ",False,,0.0,0
@CatsLair,You and your brother’s interactions are adorable. You should include him in more of your videos. 🥰,False,,0.0,0
@greenest_grass,"아니 딤디 무슨 계란 노른자가 저렇게 커여????? 하나만 큰 줄 알았는에 둘 다 크네!!! 중간에 보다 댓글 남기고 마저 보러갑니당..❤ <a href=""https://www.youtube.com/watch?v=RyRK_WVKucw&amp;t=263"">4:23</a>",False,,0.0,0
@Stardust_76,딤디 영상 재밌게 잘 봤어요 남은 한 주도 잘 보내요🤍🤍,False,,0.0,0
@정미아-w9h,딤디님~ 제습기라도 두시면 빨래 잘 마를텐데 전기세가 많이나오려나요..,False,,0.0,0
@RizeliRonaldo,i use notion for taking notes. and i think it has all the things you want in the app ❤,False,,0.0,0
@moonlune6533,바르셀로나 여행외서 보는 딤디 바셀 여행 ❤ 우린 운명,False,,0.0,0
@kubrasalman5378,Türkiye❤,False,,0.0,0
@begumberfinuzun4303,‘uno this and uno this please’ 😂😂😂,False,,0.0,0
@NidaQadeer-l5h,Are u studying scientists??,False,,0.0,0
@ladyac85,"Hey hey! Are you getting enough oxygen under that bed tent? :) Your home heating situation is not normal. Your landlord is legally obliged to ensure your heating is on and works properly during winter. I suggest you reach out to them to come fix it, you cannot continue to live the entire winter in this cold and the dampness that you will get in your room for sure because of the lack of heating. You will most certainly get sick a lot if you live like this. I would also line up the inside of the window frames with foam seal tape, it&#39;s very effective if you do it right. You can also buy a small heater (it&#39;s less than 25 quid) to warm up your room when you are in. Hope it gets warm enough soon! Take care!",False,,0.0,0
@lazybear881,갤탭을 비롯한 안드로이드 유저들 모여라... 모였으면 꿀팁!! Notein 어플 강추합니다!!!!!! 캔버스 무한확장에 ppt pdf 알아서 변환해줘요!!,False,,0.0,0
@hilalcng-z5g,The food you cook definitely looks tastier than the ones out theree,False,,0.0,0
@toki2203,大好きです😍,False,,0.0,0
@썽-j6o,아천 너무 부럽다잉~😂,False,,0.0,0
@mssin2976,"<a href=""https://www.youtube.com/watch?v=RyRK_WVKucw&amp;t=121"">2:01</a> 고기요",False,,0.0,0
@DDMEOWDD,"<a href=""https://www.youtube.com/watch?v=RyRK_WVKucw&amp;t=976"">16:16</a> 지은씨 개화났나봐 .. 메세지 시간 간격 봐 ... 계속 곱씹었나봐 .. 아천이 살아있는게 용하다 ..",False,,0.0,0
@DDMEOWDD,"<a href=""https://www.youtube.com/watch?v=RyRK_WVKucw&amp;t=1012"">16:52</a> 여기서 못참고 터짐 하 ㅠ ㅋ ㅋ ㅋㅋㅋㅋㅋ ㅋ ㅋ  ㅋㅋㅋㅋㅋㅋㅋㅋㅋㅋㅋㅋㅋ",False,,0.0,0
@eevieee,I love how offended she was with the taxi driver asking how longe she’s been teaching 😅 that would be me too,False,,0.0,0
@this_is_carmel,우노 this🌝🌝🌝 넘 구엽당…,False,,0.0,0
@Forwarding-n8x,아부지도 아들이랑 축구보러 가신게 얼마나 추억이 되실까요<br>딸들이 채워줄수없는 그런게 또 있죠 <br>실수는 했지만 화 한번 안내시는 착한 아부지<br>그걸 아는 누나들이기에 버럭버럭,False,,0.0,0
@min-y5r,노션도 꽤나 조은데 펜으로 필기가 어렵다는 단점이 잇네여,False,,0.0,0
@Feli-b1b,I missed the reason for the tent somehow. Is it due to the cold temperature? Would make sense.,False,,0.0,0
@zeelee1775,딤디님 파운드랜드에 옷색안변하게 해주는 시트지? 같은거팔아요!!,False,,0.0,0
@vmflaldjayoutube7242,"<a href=""https://www.youtube.com/watch?v=RyRK_WVKucw&amp;t=1058"">17:38</a>  미친 누나랑 팔짱 껴주는 남동생 실존 (대충격) 나 동생한테 내가 옷 다 사주는 데이트 해도 팔짱 안되냐고 물어보면 “음~ 금액에 따라 다를지도?” ㅇㅈㄹ 그건 조건 만남 아니냐고~~~",False,,0.0,0
@Candy-ox4zk,oh wow deemd you’re spoiling us with constant uploads hahaha i love it ❤😅,False,,0.0,0
@hotdogworldjooseyo,알림 보고 아니이언니왜이리무리해(그치만개좋다!!!!!!!!!!!!)하고 들어왔다네요 덕분에 행복하게 잘 수 잇겟어요 지금 런던은 곧 저녁 시간이네여 딤디언니 맛저~~~,False,,0.0,0
@솔핑-u1p,드디어 !!❤,False,,0.0,0
@아몬드호두-b2q,요즘 딤디에 빠져 삽니다ㅠ새벽에 이런 횡재업뎃😊❤,False,,0.0,0
@jungmipark4942,김치볶음밥에 쌈장이나 된장 반숟가락이나 한숟가라구넣으면 맛이 달라짐,False,,0.0,0
@곽유림-v1e,딤디님 택시에서 입고있던 스투시 자켓 정보 알 수 있을까요?!!!?,False,,0.0,0
@채리-l8m,"딤디야 목에 손수건 두르고 자봐,,, 목이 따뜻해야 덜 추워",False,,0.0,0
@hobbang-eh4qx,27분 👀🫶🏻🤍,False,,0.0,0
@reighlee,딤디야 까르보불닭 꿀조합 알려줄게 <br>1. 컵라면버전<br>뜨거운물 넣고 면 살짝 익힌다음 물 버리고 소스 넣은 다음 소세지 + 콘옥수수 + 마요네즈 조금 + 치즈 + 설탕 넣고 전자렌지 1분 10초 돌려줘<br>그다음에 김 잘라서 토핑으로 해먹으면 맛없없.... ^3^<br><br>2. 봉지라면 버전<br>이건 그냥 면 버려... 아시안 마트가면 중국당면 좀 얇은 버전 팔텐데 그거 면대신 넣고 먹어.... 개존맛.... 그리고 난 소세지랑 양파 넣는거 좋아하는데 둘다 굽기 귀찮으니까 접시에다가 올리브오일 조금 뿌리고 소세지 칼집내고 양파 작게 썰어서 전자렌치 50초 ㄱㄱ 양파가 그렇게 잘 익는건 아닌디... 난 생양파 좋아해서 그냥 이렇게 묵음...<br><br>아 휘바 딤디 소세지 안먹나? ????? 고기만 안먹니 소세지도 안먹니 ㄴ잠만 ㅠㅠ <br>소세지 안먹으면.. 소세지 대신 새우 넣어먹어... 더 비싸지만 더 맛있어 미안...,False,,0.0,0
@Duuu_bi,아ㅜㅜㅜ김볶밥 상에 놓자마자 빵빠레 울리는거 진짜웃기뇌ㅜㅜㅜㅜㅜㅜㅜㅜ,False,,0.0,0
@ajisaisan2077,"watching your vlog after hard final exam and this makes me feel moreee better 🩵 thank you, deemd, for your existence! i will forever love and watch you!🩵🩵🩵🩵",False,,0.0,0
@nicholasbosco8811,"Waiting for the day your fashion sense gets better. If I can sum it up in 3 words, it would be this: stale brown bread.",False,,0.0,0
@여상희-m2b,ㅋㅋㅋㅋㅋㅋ말투가 제친구랑 닮아서 굉장히 친근해요 😂,False,,0.0,0
@JustMeTired,I realised traveling like this is still possible becuse we are young…,False,,0.0,0
@폭발직전의복분자야,딤디 덕분에 집에서 전기장판 따땃하게 틀고 스페인 랜선여행 ㅎㅎ 너무 좋다❤,False,,0.0,0
@YnnyJ,Uno this 아놔 ㅋㅋㅋㅋㅋㅋㅋㅋㅌㅋㅌㅌㅋㅋㅋㅋㅋㅋㅋㅋㅋㅋㅋㅋㅋㅋㅋㅋㅋㅋㅋㅋㅋㅋㅋㅋㅋㅋㅋㅋㅋㅋㅋㅋ 0개국어의 현장,False,,0.0,0
@민달팽이-e7c,"<a href=""https://www.youtube.com/watch?v=RyRK_WVKucw&amp;t=120"">2:00</a> 타코야끼요오 ㅎㅎ",False,,0.0,0
@shrishti5055,"<a href=""https://www.youtube.com/watch?v=RyRK_WVKucw&amp;t=1552"">25:52</a> Your wallet must be exhausted too🥲",False,,0.0,0
@Yunyunyun_happyyyyy,딤디가 이렇게 신나하는 영상 넘 오랜만이자나 ㅋㅋㅋㅋ 인생이 돈낭비 중독대박,False,,0.0,0
@jeehan4761,이게 바르사야,False,,0.0,0
@B.U_,Did you mention before which goal you have with your study right now? I watch your vlogs but couldn’t remeber that’s why I wanted to ask (not that you have to answer haha). Wish you well! 😊,False,,0.0,0
@박선반,"<a href=""https://www.youtube.com/watch?v=RyRK_WVKucw&amp;t=639"">10:39</a> 아낰ㅋㅋㅋㅋㅋㅋ",False,,0.0,0
@cloud9306,"<a href=""https://www.youtube.com/watch?v=RyRK_WVKucw&amp;t=1358"">22:38</a> 아기죽엌ㅋㅋㅋㅋㅋㅋㅋㅋㅋㅋㅋㅋㅋㅋㅋㅋㅋ",False,,0.0,0
@jsljy.2787,근데 언니 궁금한게 있는데요. 유럽은 도둑놈들 많아서 백팩같은거 위험하다고 들었는데 언니는 항상 백팩 사용하시는 것 같아서요 괜찮나요?,False,,0.0,0
@랄라라라라-t3b,우노 디스 미치겠다 넘 웃겨요ㅠㅠㅠㅠㅠㅠㅠ,False,,0.0,0
@어쩌라고닥치고돈벌어,하루종일 회사에서 치이고.. 딤디영상으로 힐링하고 자야지🥺🥹😭,False,,0.0,0
@irene4633,Which degree is she doing?,False,,0.0,0
@estefanni_sc,"Que genial es saber que Deemd está en el país donde estoy estudiando 😭❤ me llena de alegría. Me alegra que hayas disfrutado cada día, Dios te bendiga y cuide en todo momento. Seguiré orando por ti. Song today: Zero - can’t stop singing 💖",False,,0.0,0
@cobbsalad.,아기죽어ㅋㅋㅋㅋㅋㅋㅋㅋㅋㅋㅋㅋㅋㅜㅜㅋㅋㅋㅋ<br>근데 가격보고 나도 순간 정색함,False,,0.0,0
@QuynhNhu102VN,Wow you have been so productive in making and uploading videos recently🎉🎉🎉 we no longer have to wait long for new video❤❤❤,False,,0.0,0
@갓생살쥬앙,딤디 ❤ 저도 한달전에 바셀갔는데… 넘 좋았어요 ㅎㅎ영상으로 보니 그때기억이 새록새록 나요,False,,0.0,0
@트로피카나-m3b,아 원래 댓글 안다는데 uno this ㅜㅜㅜㅜㅜㅜㅜㅜㅜㅜㅜㅜㅜㅜㅜ개웃겨서ㅜ행볻해요😊,False,,0.0,0
@in_moment5115,딤디님 궁금한 게 있는데 난방텐트 진짜 효과 있나요?!? 잘 땐 따뜻하셔용 ?? 🤔🤔,False,,0.0,0
@Absolutesincerity,딤디다.....!!! 호다닥,False,,0.0,0
@summer13570,"<a href=""https://www.youtube.com/watch?v=RyRK_WVKucw&amp;t=949"">15:49</a> 딤디 아천 놀리는거 개웃겨ㅋㅋㅋㅋㅋㅋㅋㅋㅋㅋㅋㅋㄱㅇㅇ",False,,0.0,0
@잼잼-r9e,흐엉 ㅠ 수능 하루전에 딤디보기 좋당.. 조와…(&gt;_&gt;),False,,0.0,0
@Desirely44,Is Polo R.Lauren very popular in Korea?,False,,0.0,0
@hmmreally,"<a href=""https://www.youtube.com/watch?v=RyRK_WVKucw&amp;t=196"">3:16</a> 제법 이과다워짐",False,,0.0,0
@punyokanya2000,I watch your old videos while waiting for your new ones😂❤❤,False,,0.0,0
@ahsensenaozturk7641,"<a href=""https://www.youtube.com/watch?v=RyRK_WVKucw&amp;t=124"">02:04</a> CHICKIIEEENN<br>(I was having an awul day and seeing ur video was like a medicine to me❤❤and thank you for being here even though you don&#39;t realise how much you help me ;) )",False,,0.0,0
@모모는참지않긔,이번 영상은 킬포가 넘 많음ㅋㅋㅋ그중에 최고는 아천이 놀리는 부분이랑 우노 디스~ㅋㅋㅋㅋㅋㅋㅋㅋㅋㅋㅋㅋㅋㅋㅋㅋㅋㅋ,False,,0.0,0
@sky-ee2vb,딤디... 이과를 선택하니 실험 수업도 하는군요... 멋져요 ✨ 아니 근데 아기천사가 아니라 아기죽어ㅋㅋㅋㅋㅋㅋㅋㅋㅋㅋ 너무 웃겨요 😂 지은씨의 반응도 ㅋㅋㅋㅋㅋ 그래도 딤디와 아기천사 그리고 딤디의 아버님 덕분에 해외축구 직관 로망이 생기네요... 🤩,False,,0.0,0
@빈이-g2y,지금 정주행 중이라 최근에 올라온 영상 꾹 참고 묵혀두고 있었는데 수능 치기 딱 전에 올라와 버리면 어째~ㅠㅠ 딤디 님 응원 받구 열심히 할게요 사랑해!!!,False,,0.0,0
@MailjolidaZZZ,딤디... 나 버스에서 방금 내리다가 누가 밀쳐서 넘어졌음 ㅠ 와중에 딤디 영상 떴다고 해서 집 가는 길 위로 삼는 중 ㅠㅠ 발목 개삐었는데.... 그래두 위안이다😢,False,,0.0,0
@ihcf,You could try drying the clothes with a fan.,False,,0.0,0
@무야통-v2u,ㅋㅋㅋㅋ하나님 좌석이지만 베르나베우에서 엘클직관이라니ㅜㅜ부러워요!,False,,0.0,0
@금발의너구리,"호텔값, 경기티켓 가격 알고나니 지은씨가 왜 대노했는지 이해가 되네요😂",False,,0.0,0
@pigret7359,"<a href=""https://www.youtube.com/watch?v=RyRK_WVKucw&amp;t=199"">3:19</a> 이러면 잠잘때 먼지 냠냠 하는거 아닐까?😭ㅠㅠ",False,,0.0,0
@차랑설,엄청좋은딤디께서 하루종일귀엽기 실험을 하시고 막 ㅠㅜㅜㅜ퓨ㅠㅜㅜ,False,,0.0,0
@bk4752,"<a href=""https://www.youtube.com/watch?v=RyRK_WVKucw&amp;t=1036"">17:16</a> 내 인생이 혼나는 거 같다ㅣ..ㅣ………ㅎ <br>그나저나 지은씨 분노가 텍스트로 느껴지는 중 ㅋㅋㅋㅋㅋㅋㅋㅋㅋㅋㅋㅋㅋㅋㅋㅋㅋㅋㅋㅋㅋㅋㅋㅋ아천..넘 귀엽..ㅎㅎㅎㅎㅎㅎㅎ<br>딤디 영상으로 오늘 하루도 힐링하고… ❤",False,,0.0,0
@다정-i8d,"딤디딤디 빨리 와줘서 고마와용 기다렷숴,,😘♥︎",False,,0.0,0
@Lawrencedimayuga,🤍🇪🇸,False,,0.0,0
@도태되지말자,어ㅏ 근데.. 아부지 엄청 다정해 목소리에서도 느껴져..,False,,0.0,0
@trisashimi,"<a href=""https://www.youtube.com/watch?v=RyRK_WVKucw&amp;t=191"">3:11</a> the moment I saw this, I was like 👁️👄👁️ girl you’re a genius",False,,0.0,0
@nnnna213,와우 경제력이 진짜 좋으신가봐요 아기천사님 너무 좋으셨겠다😊,False,,0.0,0
@U그린,딤디 부자야 ..,False,,0.0,0
@까망-x3v,와 저 하나님석이 3명이 430….?,False,,0.0,0
@hjenn693,"으아 아기천사 미안…이번에는 영상 보는내내 내 남동생 겹쳐 떠올라서 진심 나도 울컥울컥 빡침ㅋㅋㅋㅋㅋ 아기천사는 넘나 천사같은 누나들을 둔거임 진심 내 남동생이면 족발당수 날라차기 백번할 일임ㅋㅋㅋㅋㅋ그래도 시무룩한 아기천사의 아빠사랑하기 메모보고<a href=""https://www.youtube.com/watch?v=RyRK_WVKucw&amp;t=1052"">17:32</a> 귀여워서 현웃터짐ㅋㅋㅋㅋㅋ",False,,0.0,0
@sumi2629,지은씨진짜 카페장인ㅋㅋ 바르셀로나 카페까지알다니ㅋㅋㅋ<br>그리고 날짜계산잘못한 아천덕북에 더 재밌는 브이로그였던것같아요~,False,,0.0,0
@hyes1016,까르보불닭 토핑은 군만두 최고에여ㅎㅎㅎ,False,,0.0,0
@박윤경-u8i,딤디.. 피곤하겠지만 영상 자주 올려줘... 유일한 삶의 낙이니께.... 부탁 좀 헐께,False,,0.0,0
@trishautreraa4676,"I hope u liked Spain!! Thanks for the video! W love, a spanish subscriber 🤭🤞🏻",False,,0.0,0
@찌미-w5b,"<a href=""https://www.youtube.com/watch?v=RyRK_WVKucw&amp;t=993"">16:33</a> 작곡작사도 잘 하는 딤디",False,,0.0,0
@coenffl0529,아 딤디님 동생 혼내는거 진짜 저희 언니랑 똑같아서 당황했어요 ㅋㅋㅋㅋㅋ 저렇게 진짜 혼내는거는 동생들 잘못리얼100^^..... 이번에도 다른 축구보고오셨군요!! 축구경기장 규모가 장난아니네요 ㄷ ㄷ 우리나라에도 저런 큰 규모의 경기장이 생겼으면😮..! 영국에서 난방텐트는 따뜻하게 잘 사용하시나요? 부디 항상 따뜻하고 편안하게 잘 지내시길 바랄게요 딤디쓰❤,False,,0.0,0
@깅로로,불닭 토핑은 치즈죠,False,,0.0,0
@정예림-e8f,너무 귀여운 가족이에여😊😊👍🏻,False,,0.0,0
@monchatestmignon,썸네일 딤디 뒤에 거대 고등어고양이 붙여논줄ㅎ..ㅎ,False,,0.0,0
@surenchimegbudragchaa4937,"wow, thank you for the mass uploads ❤",False,,0.0,0
@taeddybear_613,ㅋㅋㅋㅋㅋㅋㅌㅋㅋㅋㅋㅋㅋㅋㅋㅋㅋㅋㅋㅋㅋㅋ 아 용감무쌍하게 올라! 외치고 우노.. 디스? 하는게 너무 웃김ㅋㅋㅋㅋㅋㅋㅋㅋㅋㅋㅋㅋㅋㅋㅋ 영페인어.. 그 와중에 딤디 영어발음 너무 좋아서 울음나와요 영상에 영어하는거 마니 담아줘 제브알,False,,0.0,0
@치킨-q3u,음바페 팬인데 딤디 님 영상에서 음바페 유니폼과 베르나베우 전광판에 뜨는 음바페 소개 영상 보니까 너무 반가워요 ! 🥰 비록 졌지만 제가 좋아하는 딤디 님이 저랑 같은 시간에 레알 마드리드를 응원하면서 경기를 봤다는 게 기쁘네요 🤍🤍🤍 딤디 님 영상 덕분에 간접적으로 엘 클라시코 직관 경험해 볼 수 있어서 좋았어요~!,False,,0.0,0
@eunseojung4593,💃🏼Can’t wait till your 💁🏻‍♀️100만🕺🏻후후훟🤭,False,,0.0,0
@jasminam2814,"One Note for desktop-ipad notes, perfect sync ❤",False,,0.0,0
@서민호-c2n,정말 좋은 에너지만 느껴지는<br>딤디..❤<br>우리딸도 딤디처럼 컸으면😊<br>밥 잘챙겨먹고 아프지 마요!<br>그리고 앞으로 더더더 잘됐으면 좋겠다!,False,,0.0,0
@rkbeg80,"Hello Deemdi, I&#39;m from the UK. I&#39;ve been watching your vids for so long.",False,,0.0,0
@Sungm2e,"<a href=""https://www.youtube.com/watch?v=RyRK_WVKucw&amp;t=802"">13:22</a> 진짜 내 언니랑 말투 비슷해서 밥먹다가 화면쳐다봄",False,,0.0,0
@Sungm2e,아천 혼날때 나도 혼나는 kibunnnn…..,True,@Sungm2e,1.0,0
@boraday1220,딤디의 선물같은 영상 고마워요~ 정말 자막과 영상속 아천 혼내기 넘 웃겼음 ㅋㅋㅋㅋㅋㅋㅋㅋ  남동생 있는거 언니 있는거 완~~~~전 부러운거 알쥐 !<br><br>콘후레이크에 우유 부어 먹을때마다 딤디 생각나 ㅋㅋㅋㅋ <br><br>감기 조심하고 잘 챙겨먹기~^^,False,,0.0,0
@WilburLalthuoisang,Do you still watch going seventeen?,False,,0.0,0
@hongjoo925,아천 왤케 혼나나했는데 돈나가는거 보고 지은씨맘 백번이해함....ㅋㅎㅋ,False,,0.0,0
@bunnyluvy,앗싸딤수혈,False,,0.0,0
@flelsi,완전 선물....이렇게나 빨리 심지어 27분을 들고 온다니!!!!!!!!! 아껴봐야지ㅠㅠ 딤디 감기 조심해요🩵🩵🩵🩵,False,,0.0,0
@rafaramosx,"I can&#39;t believe we&#39;re already at the end of the year and it&#39;s been 3 years since I&#39;ve been following you, I watch your videos deemd!!! Thank you so much for always posting and is there anyone more passionate about cats than deemd?? Hahaha❤",False,,0.0,0
@sj-ux7sq,아기천사도기엽고아기죽어도기여워여😂😂😂,False,,0.0,0
@ΕλένηΛιβ.Μαρ,"Thank you for a another wonderfull video, from you!! Very nice trip, Barcelona!!!! I wish you a nice day!! Stay health!! Bye from Greece!! 🙏🌸😎♥️",False,,0.0,0
@김용구-w5g3e,딤디님 안녕하세요,False,,0.0,0
@도로롱-o5s,딤디 뒤에 고등어 고양이인줄,False,,0.0,0
@hyeriitzme-mm5vz,인생이 돈낭비~ 시간낭비~ 돈낭비~시간낭비~ㅋㅋㅋㅋㅋㅋㅋ아 딤디씨 너무 신나보여욬ㅋㅋㅋㅋㅋ,False,,0.0,0
@seeoo4202,ㅋㅋㅋㅋㅋ 아천 너무 웃겨요 큰누나의 무서움 큐ㅠㅜㅜ 저도 극P인데 공감 가기도 하고 진짜 저보다 더한것 같기도 그래도 축구 봐서 다행이에요😂,False,,0.0,0
@bluesweetphoto,근데 필기는 자기한테 맞는 방식으로 해야함 그래야 그나마 머리속에서 기억하는 듯 해요,False,,0.0,0
@yeoojin01,"딤디님 썸넬보고 대체 어디가 해그리드,, 했습니다ㅠㅜ 이뻐이뻐요",False,,0.0,0
@사랑둥이-f5y,딤디님 올해2024년 두달채도 안남았는데 남은 연말 행복하게 잘 보내셨으면 좋겠어요❤️‍🔥💛멀리서라도 항상 응원하구 딤디님처럼 열심히 살려고 노력중이랍니다🩵💙💪🫡 딤디님 싸랑합니다!!!!!!!💕💖💗,False,,0.0,0
@kiki-yr9sm,우노 this ㅇㅈㄹ ㅋㅋㅋㅋ넘나 내취향ㅋㅋㅋ오랜만에 댓글다네요😂ㅋㅋㅋㅋ,False,,0.0,0
@lokmhysbiib,"엘클,, 부럽다 딤디,,",False,,0.0,0
@림해-v9y,딤디 자고 일어나서 떼어내는 팩 그거 뭐였죠~??  아시는분 좀 알랴주세요,False,,0.0,0
@야망직딩,"<a href=""https://www.youtube.com/watch?v=RyRK_WVKucw&amp;t=870"">14:30</a> 왜 침대옆에 수전이 있지..? 했네요😂",False,,0.0,0
@sohyounyoun5326,아 딤다 까르보 첫 영접한 브이로그 생각남,False,,0.0,0
@go_and_sleep,아천 너무 귀여워… 내 동생 할래…?,False,,0.0,0
@Heeji.comecome,"<a href=""https://www.youtube.com/watch?v=RyRK_WVKucw&amp;t=1277"">21:17</a> 이야.. 여기에도 스포티지가있네.......",False,,0.0,0
@김감리-z3h,Zzzㅋㅋㅋㅋㅋㅋㅋ딤디님이 냅다 자막으로 욕갈길때 넘 웃김,False,,0.0,0
@후늬사랑,선물같은 영상❤,False,,0.0,0
@정다은-u1r,표값이..... 가장 멀어 보이는 좌석인데도.... 3인 표값이 430만원이요...? 축알못이지만 유럽 축구 보러 인생에 한번 가고싶었는데.... 흠 직관하는 거 어렵겠네요🤣,False,,0.0,0
@dashi_dashi,"엘클이라서 비싼거예요.. 비인기경기면 10만원대, 비싸도 50만원 이내에 삼요",True,@정다은-u1r,2.0,0
@정다은-u1r,​@@dashi_dashi 아하...! 알려주셔서 감사해요! 구치만 이왕 가는 건 인기경기 보러가는 거라면😂,True,@정다은-u1r,2.0,0
@sampanh179,"&quot;Updates so fast, though... 😂&quot; <br>i lov it 🌙💛",False,,0.0,0
@Beannal,딤디언니 응원해줘서 고마워 사랑해!,False,,0.0,0
@mynameis_crystal,마지막에 아기죽어가 너무 웃기다 ㅋㅋㅋㅋㅋㅋ 아기악마로 바꿔줘요ㅠㅠ 아천 절대지켜,False,,0.0,0
@이다해-m7e,엉니 수능 잘 보고오께… 하이팅..🥹💓,False,,0.0,0
@vvz-tp4jg,저는 수업자료 피피티 옆에 필기로는 많이 못 써서 타자로 정리해두거든요 ! 와 근데 자료를 새로 만드는건 생각도 못했어요 ... 언니 너무 대단합니다 ❤❤,False,,0.0,0
@dalkomdi,"This Friday, I will watch my favorite soccer team(one of Kim Minjae&#39;s former team) play for the first time in the stadium. What a nice coincidence with your video Deemd! Thank you for sharing your journey with us. 🦜",False,,0.0,0
@헤르츠-r8x,첨엔 딤디님이 놀려서 아천님 우는거 아냐..? 했는데 점점 수습 스케일 커지는거 보고 딤디님과 지은님 마음을 이해했네욬ㅋㅋㅋㅋㅋ,False,,0.0,0
@syd04086,와 진짜 경기직관 너무 부러워요 돈 열심히 벌어서 꼭 이강인 직관을..🔥,False,,0.0,0
@Lily-l6d,❤🧡💛💚💙💜🤎🖤🤍@Deemd 딤디,False,,0.0,0
@amy-sn8ud,딤디님 저는 지금 놋북으로 영상보면서 폰으로..댓글달고있어요..ㅋㅋㅋ<br>놋북에 usb단자가 하나인데 키보드 빼고 보풀제거기 충전하고있어요<br>스페인 가보고싶은데 영상으로 대리만족합니다 영상 잘 보고 갑니다~!,False,,0.0,0
@ngykol96,까르보나라 불닭 타코야끼랑 같이 먹어줘여!!! 진짜 극락갑니다아아아,False,,0.0,0
@deemd,미친!!!,True,@ngykol96,1.0,0
@Siddhi07a,the best video to lift up my mood after messing the easiest exam :),False,,0.0,0
@로피Lofy,넘 재밌송…..❤,False,,0.0,0
@ggggggqqqqq,직장인이 되어보고 나서야 딤디가 얼마나 부지런한지 알게되엇다 오늘도 존경심+1 그리고 저 축구 너무 좋아하는데 딤디가 축구 보러 다녀줘서 넘 조흠 ㅜㅜ,False,,0.0,0
@틴-r8v,죄송합니다..😢  왠지 사과해야 할것 같은 계획따윈 개나 줘버린  인생낭비러...ㅋㅋㅋ,False,,0.0,0
@ekfjrotldo,"<a href=""https://www.youtube.com/watch?v=RyRK_WVKucw&amp;t=1053"">17:33</a> 아빠 사랑하기 너무 귀엽다 …",False,,0.0,0
@민서-y7r8i,딤디 너무 너무 좋아요 딤디 화이팅 딤디 학교생활 너무 부럽고 재밌어보이고 알차보여요 나 학생땐.....................,False,,0.0,0
@Inlucysung,곧 바셀 가는데.. 딤디사마 어찌 아시구…😍🥰😘 우리는 뉴런 공유 사이🥰😍😘,False,,0.0,0
@구우-g8h,시간이 없어도 봐야죠 최고의 영상🩵,False,,0.0,0
@이실리나-p9q,이번 학기 영국에서 딤디는 뭔가 조금은 더 여유롭고 즐거워 보여서 영상 보는내내 미소가 지어지네요~가족들과 짧은 여행기도 재밌었구요ㅋㅋ 아기천사에서 아기죽어로..쿨럭~강등되었지만 막내는 막내인가봅니다 반성하는 모습도 귀여워요 😊 다음 영상 올때까지 또 잘 지내고 있을게요 딤디도 늘 건강하게 무탈하게 잘 지내다 보아요❤,False,,0.0,0
@yudoi-daily,ㅋㅋㅋㅋ 아 마드리드 숙박비 진짜 피눈물 난다 😢🩸,False,,0.0,0
@조선의서리,맵찔이의 불닭 토핑은 스트링치즈 마요네즈!!그리고 물 2리터마시며 하마되기,False,,0.0,0
@jaey99,"아기천사 보니 제 남동생 일화도 생각나네요 ㅋㅋ 치킨을 아빠가 포장해오기로 해서 전화로 주문해야 하는데 제 남동생이 본인이 하겠다고 나서서 했는데 알고보니 서울에 있는 1호점 치킨 가게에 전화를 했더라고요 (위치 설정을 꺼두심 ^^) 저희 집은 지방에 살아서 서울은 당장은 갈 수가 없어서 약 5만원 돈을 그냥 입금하고 치킨도 못 먹었던,,",False,,0.0,0
@yonny838,오늘 너무힘든하루였는데 딤디영상보고 힐링함💚,False,,0.0,0
@y.h.j.7452,건조기는  필터 청소하고 페브리즈 약간 뿌리고 공회전을 최대온도로 해주면 보통 건조기는 치료?가능하고 평소 생각날때마다 공회전 자주해주면 되는데요 영국은습해서  ;; 문명의이기를 누려야 할텐데요~~,False,,0.0,0
@maxmix7778,딤디🙋,False,,0.0,0
@user-zy6rq1bv5d,진짜 너무 재밌다 딤디 가족 보는 거 너무 힐링이야..... 특히 아버님이 너무 멋진 분 같으셔✨<br>혹시 기회되면 아버님의 자녀교육관도 공유해주시술 있어요 딤디??,False,,0.0,0
@karerere,"<a href=""https://www.youtube.com/watch?v=RyRK_WVKucw&amp;t=990"">16:30</a> 이렇게 신난 딤디씌 처음봐,,,, 하지만 개큰공감,, 남동생 놀려먹는것만큼 재미난게 없ㅈ ㅕ ㅋㅋㅋㅋㅋ😏",False,,0.0,0
@adi9225,It&#39;s so nice watching your videos during study breaks ❤,False,,0.0,0
@IramShirgawkar,Hiiiiii❤!,False,,0.0,0
@Ridarandoms,Oh my god😱😱😱😱 didn&#39;nt expected a vlog soon thankyou so much❤❤,False,,0.0,0
@kimelle9201,미쳣다 곧 바셀 가는데 딤디투어할게요.. &lt;3,False,,0.0,0
@whatglows,"<a href=""https://www.youtube.com/watch?v=RyRK_WVKucw&amp;t=970"">16:10</a> 여기서부터 동생 혼날생각에 행복한 딤디 동생 약올리느라 즐거운 딤디 ㄹㅇ 내가 본 딤디영상중 가장 행복해보여서 너무웃김ㅠㅠㅠㅠㅠ",False,,0.0,0
@Baluneyo,딤디님 같은 사용용도면 원노트가 젤 편하지 않나여?? 필기가 좀 구린가,False,,0.0,0
@deemd,"같은 MS라 그런지 필기가 좀 그렇더라구요,, 일직선으로 형광펜이나 밑줄을 못 친다던지 올가미 등등.. ㅜㅜ",True,@Baluneyo,2.0,0
@Baluneyo,​@@deemd ㅜㅜ 서피스까지 만들어 파는 놈들이 필기앱 하나를 똑바로 못만들다니...,True,@Baluneyo,2.0,0
@정유나-k3q,언니 보고 시퍼써 싸랑훼~~~~~~~~,False,,0.0,0
@deemd,고3 칭구들아 화이팅<br>지금까지 준비해온거에 곱하기 10000배 더 잘 해내고 오길 응원할게 <br>그리고 혹시나 기대에 못 미치더라도 실수하더라도 괜찮드라 <br>내가 쪼끔 더 살아봤는데 그거 진짜 다 괜찮드라<br>그러니까 넘 걱정하지말고 긴장하지말고 오늘 푹 자고 편한 마음으로 다녀와! 🖤,False,,0.0,0
@정다은-u1r,고3분들말고도 N수생이시거나 딤디님처럼 다른분야 도전하고자 시험보시는 딤둥이분들도 파이팅입니다!,True,@deemd,10.0,0
@채린-e2s,나울어…나안아…<br>실패하면 삼수하죠 뭐<br>다녀올게요,True,@deemd,10.0,0
@Young_0h00,딤디...쪼끔...???,True,@deemd,10.0,0
@GOODNEWS-lm1cx,천국 지옥은 있으며 예수님께선 그리스도이시며 길이요 진리요 생명이십니다 예수님께선 부활이요 생명이십니다 회개하십시요..  예수님께선 구세주이심을 선포합니다 현금없는 사회와 CBDC 디지털화폐는 인간을 노예삼고 사유재산을 없애고 사탄이원하는 바이므로 해선  안됩니다. 베리칩과 666표  받지 마십시요.,True,@deemd,10.0,0
@김유주-f2j,맞아요 정말 혹시라도 수능 못쳣다고 해서 절대 낙담하지 말기!! 세상엔 수능보다 중요한 것들이 많은 것 같아요ㅎㅎ(오늘윤하신곡3곡나왔어요,True,@deemd,10.0,0
@damaskroz,시간 가는 줄 모르고 봤다...내게 딤디 브이로그는 여느 영화보다 재미지고 힐링템이여... 이번주도 고마워유 딤디 사랑해요❤,False,,0.0,0
@sreesanthoshig7319,❤❤ your videos are the highlights of my day 🎉,False,,0.0,0
@뭐하지오늘-w9c,와 꿈인줄~~,False,,0.0,0
@Ahndari,헐❤,False,,0.0,0
@아이돌A양보기-j4t,수능 하루 전 딤디 보기 최고의 선택 😢😢!!(연예계 l9 제 닉 확인),False,,0.0,0
@AmanVerma-cu4yj,ㄹㅇ 이거 진짜임 아니면 삭발함,True,@아이돌A양보기-j4t,5.0,0
@laxmidhurve8857,방금보고왔는데 개야한데 어떡함,True,@아이돌A양보기-j4t,5.0,0
@sudarshanmaharana29,개미쳤네 ㅋㅋㅋㅋㅋ이게 진짜였다고?ㅋㅋ,True,@아이돌A양보기-j4t,5.0,0
@dharmendra.mandal6704,헐,True,@아이돌A양보기-j4t,5.0,0
@All_Attitude_video_,선발대다 이 형 프로필에 남겨둔 주소로 ㄱㄱ,True,@아이돌A양보기-j4t,5.0,0
@꾸꾸-u3l,고단한 하루의 끝을 딤디영상으로 마무리❤<br>고마워요 딤디❤,False,,0.0,0
@user-jv3zi6fk1q,뭐야 완죤 서프라이즈 선물이쟈나🎁,False,,0.0,0
@whatglows,"<a href=""https://www.youtube.com/watch?v=RyRK_WVKucw&amp;t=1189"">19:49</a> 마드리드행 비행기 1004💛",False,,0.0,0
@wlsthf66,오늘 영상 요약... Uno.. 디스...❤,False,,0.0,0
@요체,헉 딤디 빨리 와줬다<br>오늘도 잘 볼게요,False,,0.0,0
@oesiji,"<a href=""https://www.youtube.com/watch?v=RyRK_WVKucw&amp;t=1014"">16:54</a>  아개터짐 ㅋㅋㅋㅋㅋㅋㅋㅋ놀리는거 너무 잘하는거 아니냐면섴ㅋㅋㅋ",False,,0.0,0
@hijklmnop8,"deemd becoming loud and giggly when her brother appears 😂😂  &lt;3. also sorry i laughed 😂<a href=""https://www.youtube.com/watch?v=RyRK_WVKucw&amp;t=1073"">17:53</a>. <br><br>last week was not so good i failed to study 80% of what i should be studying 🥲 my goal for rest of November and last month of 2024 is to not go to bed with regrets 🤞 thank you for asking 🥺",False,,0.0,0
@injungmo,"<a href=""https://www.youtube.com/watch?v=RyRK_WVKucw&amp;t=1053"">17:33</a>  to-do list 라는것을보고 푸핰하고웃음",False,,0.0,0
@치망-b3s,내 ㅇㅏ들만 아니면 도ㅑㅋㅋㅋㅋㅋㅋㅋㅋㅋ,False,,0.0,0
@J.지오,ㅅㅂ&lt;- 이 왜 자주 등장하나했더니 딤디 속에 화가 ㅋㅋㅋㅋ 많을만 했군요 😂,False,,0.0,0
@remerthh641,"Thanks for the video! Happy to see you, as always ❤",False,,0.0,0
@apr6561,후반부 아기 ㅈㅇ 때문에 미치겠음 ㅋㅋㅋㅋㅋㅋㅋㅋㅋㅋㅋㅋㅋㅋㅋㅋㅋㅋㅋㅋㅋㅋㅋㅋㅋㅋㅋㅋㅋ,False,,0.0,0
@xaheum,모두에게 사거ㅏ하기 아빠 사랑하기 졸귀 ❤,False,,0.0,0
@10wall_29ill_,"<a href=""https://www.youtube.com/watch?v=RyRK_WVKucw&amp;t=1078"">17:58</a> 넘 웃겨요,,😂",False,,0.0,0
@호이-l4y,"아니 일찍 자려고 누웠더니,,딤디 뉴 영상이 눈앞에 있잖아,,?🥹🍀",False,,0.0,0
@노구리-g8t,아천 내덩생이었으면 주것다......그냥 여행자체가 돈이 많기에 가능하다는 생각....,False,,0.0,0
@펭수어부바,딤교수늼 오늘도 잘봤습니다😂❤,False,,0.0,0
@whatglows,"<a href=""https://www.youtube.com/watch?v=RyRK_WVKucw&amp;t=863"">14:23</a> 베개 덜렁,,, 떨어지는게넘웃김",False,,0.0,0
@NomoreDream875,Yay another vlog 😊,False,,0.0,0
@Greek-wv6mm,뭐야 딤디 왜이리 빨리온거야. 반가워라,False,,0.0,0
@Zzangjinn,노트+ 라는 어플도 나쁘지 않아요...!,False,,0.0,0
@rachelleek5e,❤,False,,0.0,0
@Oh-Rosie-ee,"<a href=""https://www.youtube.com/watch?v=RyRK_WVKucw&amp;t=260"">4:20</a> 딤디님 껍질..빼셨겠지..?<br><a href=""https://www.youtube.com/watch?v=RyRK_WVKucw&amp;t=297"">4:57</a>  아니네",False,,0.0,0
@mervecicekk,Please come to Istanbul one day :),False,,0.0,0
@msk8130,이거만 보고 진짜 공부한다,False,,0.0,0
@디카이브,이렇게 자주 영상 업로드 해주시면 오예 입니당! 이번 영상도 잘 볼게요~,False,,0.0,0
@김나연-o7c5h,"엉니 저번에 허리디스크걸러서 울고있다던 딤민수야,,,,언니가 댯글에 하트눌러준거보고 “그래 힘내야지”하면서 재활 열심히했더니 많이 좋아졌오! 딤디언니도 이 댓글보면 스트레칭하구,,,다리꼬지말구,,,엉니는 아푸지말고 항상 행복하길 바랄게❤️",False,,0.0,0
@Charlotte-sz3lh,🤍🤍🤍🤍🤍🤍🤍,False,,0.0,0
@포구-r5z,"<a href=""https://www.youtube.com/watch?v=RyRK_WVKucw&amp;t=1051"">17:31</a> to do 리스트가 너무 웃김..😂",False,,0.0,0
@hazero1204,오 또 이런 선물이 ❤,False,,0.0,0
@하루-d8u8i,꺙ㅏ악~~~~~딤디다아~~~~~,False,,0.0,0
@lillyvivi5557,Is there no Japanese subtitles anymore?,False,,0.0,0
@hazero1204,"<a href=""https://www.youtube.com/watch?v=RyRK_WVKucw&amp;t=121"">2:01</a> 저는 보통 치즈 넣죵",False,,0.0,0
@user-qj5ii9iw2f,딤디님 영상과는 관련없지만 더보이즈총각들 컴백햇던데 지은씌 반응은 어떤가여 ㅎㅎㅎ,False,,0.0,0
@user-ny4lp1zx4l,난 그냥 딤디가 조와...... 딤디... 추운 날씨에 따뜻해줘.. 아프지 말고 힘들면 쉬고 애정해 딤디...,False,,0.0,0
@JangJem-u8u,oh!! my love🤍,False,,0.0,0
@카페라테제,왓다 내 저녁❤,False,,0.0,0
@김민정-f5m7j,썸네일 너무 이뻐요💙💙💙,False,,0.0,0
@hyunzinni,예전에 인스스큐엔에이때 딤디림 보고 다시 대학다니기로 마음먹었다는 구독자인데용<br>이번에 지원한 대학에 붙어서 내년부터 찐 대학생이 됩니다요!!!<br>나태해질때마다 딤디림 영상보고 많이 자극받고있어요🥹<br><br>아 그리고 저는 피피티가 거지같아도 일단 강의 녹음본 들으면서 피피티에 온갖 필기를 다 해놓고 나중에 워드로 깔끔하게 정리합니더 <br>그리고 그걸 종이로 다 뽑아서 봐요!!<br>계속 패드랑 노트북보면서 타이핑하면 눈 아프니께ㅠㅠ 눈 운동도 자주 해주셔요♡,False,,0.0,0
@ppyo25,지은씌가 같이 안간거에 진짜 감사해야하는 아기천사님 ㅋㅋㅋㅋㅋㅋㅋ 스페인 뒤집어질뻔,False,,0.0,0
@MythriM-j8o,Love from india,False,,0.0,0
@siyeongeee,아기천사가 돈 쓰는 속도로 달려왔습니다,False,,0.0,0
@kavya1896,love you Dimdi❤❤🥰,False,,0.0,0
@sinchocobi,딤디❤🍀🍀,False,,0.0,0
@nora9970,원노트 써봐요,False,,0.0,0
@aeong_watermelon,어??!!!!!이럿케 빨리 오다닛 🍀🍀🍀🍀딤랑해💗💗💗💗💗,False,,0.0,0
@유독자,꺄~~ 딤디님 빨리 오셨다~~~,False,,0.0,0
@Beatriz-wb6iq,Vuelve a visitar España!! ❤️ La zona sur como Granada o Málaga son muy bonitas. ❤️❤️,False,,0.0,0
@erickadalluay5339,Your videos gives me peace after a long tiring day ❤ I&#39;m a big fan all the way from the Philippines 🥹🫰🏻,False,,0.0,0
@withstarsvini,"How does she study in different countries? She&#39;s been studying for so many years, I want to study like her 😭",False,,0.0,0
@Dimstar-xj7gi,"Annyeong Deemd, thank you for another amazing vlog, always great watching you go about your study life. As always sending you lots of luck and love from Australia. Please take care and stay safe ❤❤💕💕😍😍",False,,0.0,0
@chechelog,요즘 영상 자주올라와서 너무너무 좋아요 ㅠㅠㅠㅠ 🤩🤩 딤디님 항상 건강 !,False,,0.0,0
@sssun105,벌써 일주일 지난줄알앗잔아❤,False,,0.0,0
@강메롱-h3v,딤디 문보보러 한국 가시는 속도로 달려왔습니다.,False,,0.0,0
@mingki9786,언니 수능 잘 보고 올게요!! 끝나구 봐야지❤❤,False,,0.0,0
@Hgee510,아 ㅋㅋㅋㅋㅋㅋ 학생들가르친지 몇년됐냐고 물어본거왜케웃기지 ㅋㅋㅋㅋㅋㅋ,False,,0.0,0
@by_shiine,❤,False,,0.0,0
@by_shiine,What camera do you shoot your videos with?,False,,0.0,0
@user-ns9ms5eg3h,딤디야 뭐야..? 요즘 왜케 열일해?! 그래도 건강보다 영상 챙겨야하는거 알지? 아차차 영상보다 건강 ❤,False,,0.0,0
@jinao2,그냥 최고의 선택 ~_~,False,,0.0,0
@ΕλένηΛιβ.Μαρ,"Very very beauty full, and cute cats!! 🐱😻🌸Soo sweet!! My god!! 🙏",False,,0.0,0
@고판타시아,"딤디님 고마워요, 샤워하고 나와서 봐야딩~~😊😊",False,,0.0,0
@kllkk_,보고시ㅠ었어요!!!!!!!!!😍,False,,0.0,0
@껨온SON155,deemd 딤디님 먹는모습이 아주예쁘군요.,False,,0.0,0
@siyeongeee,"<a href=""https://www.youtube.com/watch?v=RyRK_WVKucw&amp;t=260"">04:20</a> 계란껍질!!!!!",False,,0.0,0
@mervecicekk,💕💕💕,False,,0.0,0
@sweeny971,후다닥 왔습니다,False,,0.0,0
@ΕλένηΛιβ.Μαρ,"Naturally drye, is very health!! 👍✨",False,,0.0,0
@gracetiong,annyeong！🤍,False,,0.0,0
@yoonwzzz,"AHH YAYAY, thank you for the hard work !!!!!",False,,0.0,0
@Gulsemin683,❤🧚‍♀️,False,,0.0,0
@TheStarspirit123,Good morning ❤😊,False,,0.0,0
@user-du6ch3fn3m,딤디 보고 싶었우,False,,0.0,0
@김연재-h6o,2분전❤,False,,0.0,0
@sssobinlee705,폰트가 약간 바뀐거같은건 기분 탓인가용?😅,False,,0.0,0
@hyejinshim3171,저번에 축구영상 잘봤어요 너무너무<br>웃겼어요 ㅋㅋㅋㅋ ㅋㅋㅋㅋ ㅋㅋㅋㅋ ㅋㅋㅋㅋ ㅋㅋㅋㅋ ㅋㅋㅋㅋ <br>남매라고 안싸우는것은 아니죠<br>저희도 자매인데 좀 다투고 싸우긴<br>해요😅😅😅😅,False,,0.0,0
@lucid8677,❤❤❤❤,False,,0.0,0
@Ju_story,1분전❤,False,,0.0,0
@솜-t2e,하 언니 내일 수능이에요! 떨지 않고 보고 올게요..🍀🍀,False,,0.0,0
@Greek-wv6mm,화이팅이에요!💕🤍,True,@솜-t2e,5.0,0
@로피Lofy,화이팅입니다 ❤,True,@솜-t2e,5.0,0
@seaancientnameof8027,차분히 !!!<br>인생의 오답은 없어요!!!!!!!!<br>그동안 애쓴 것 다 풀어내고 오세요!!!<br>화이팅입니다!!!,True,@솜-t2e,5.0,0
@user-jv3zi6fk1q,화이팅팅 같은 딤둥이로서 응원하고 싶네요 컨디션 조절 잘하고 푹 자고 편한 마음으로 보고 오세요:) !! 🍀🍀🍀🍀🍀🍀,True,@솜-t2e,5.0,0
@marry0430,파이팅!!,True,@솜-t2e,5.0,0
@ΕλένηΛιβ.Μαρ,Good morning deemd!! Nice to see you!! Greetings from sunny Greece!?l😎🙏🌹,False,,0.0,0
@밍또링,❤,False,,0.0,0
@user-babycheetahmklee,헐 이렇게 빨리 돌아오다니..🥹🫶,False,,0.0,0
@NATIAFILM,"HI deemd, yesterday was my birthday can u wish me something &lt;3<br>🥺💖",False,,0.0,0
@다나나가,뭐야!!!!!!!!!!!!!!❤❤❤❤❤❤❤❤❤❤❤❤❤,False,,0.0,0
@s__pangg__,’ 아기천사 죽일뻔함 ‘ 문장에 흠칫하고 날라들어옴,False,,0.0,0
@choiboram0702,아잉 딤디 대련여행편 보던 참이었는데 알람뜨니까 너어어어어어어무 좋찮아요?💛,False,,0.0,0
@PTbz6ge,Please if you could post more often it would be lovely 🥺❤,False,,0.0,0
@seraphic_234,딤디가 아기천사 죽일뻔한 속도로 달려왔습니다,False,,0.0,0
@뮹뮹뮹-d6f,밥먹다 달려옴 딤디~~~~~~🥰🥰🥰,False,,0.0,0
@AyaAya-hm4bt,Love youuuu deemd ❤❤,False,,0.0,0
@yuserinparis,"&gt;&gt;ㅑ 이렇게 빨리 딤디영상보다니,,,벌써재밌다",False,,0.0,0
@mayo8723,AHHHHHH,False,,0.0,0
@luckywoman0915,디리리리림디,False,,0.0,0
@areum1357,꺅 딤디,False,,0.0,0
@NuraisyaSaban-on3ot,The eagerly awaited end 😊,False,,0.0,0
@dorani4912,사랑해 딤디❤,False,,0.0,0
@urvashithakur1833,💝💝,False,,0.0,0
@모리네,웅ㅏㅇ 1빠,False,,0.0,0
@토토-p9l,1등입니다,False,,0.0,0
@alittlesunny07,❤❤❤ love you my princess 👑,False,,0.0,0
@HYEWON-j1e,우왕 ❤,False,,0.0,0
@pilyeon_,수능 하루 전 딤디 보기 최고의 선택,False,,0.0,0
@urvashithakur1833,Hii unnie,False,,0.0,0
@Heejins1004,1빠!❤,False,,0.0,0
@downforuoo,아싸!,False,,0.0,0
@ytthatjwi,딤둥이가 달려왔어~~~~~~,False,,0.0,0
@gguu-r6m,으아 일빠❤,False,,0.0,0
@hyezomi,꺄,False,,0.0,0
@ssosso525,1등!!❤,False,,0.0,0
@아담이-r7v,❤❤❤❤,False,,0.0,0
@쿠키굽굽-u3t,딤디~~~,False,,0.0,0
