author,comment,is_reply,reply_to,reply_count,is_spam
@mylynntv,"마이린 수능 당일 영상 보기 (바로 가기 : <a href=""https://youtu.be/Kydi10XfizI)"">https://youtu.be/Kydi10XfizI)</a>",False,,0.0,0
@BeguilingHarley,진짜 ㄱ글 에서 벳프리 에서 방송 하시던분 진짜 잼있어 ... 다시보고 싶어서 가보자 ?,True,@mylynntv,6.0,0
@DependableRuth,여기댓글 왜이럼 ㄷㄷ ㄱ글 에서 벳프리 도대체 머길래--ㅋ이 댓글 보고,True,@mylynntv,6.0,0
@LaneMighty,ㄹㅇ ㄱ글 에서 벳프리 보면 다른거 눈에도 안들어옴 그냥 다시보면 되니까 개이득임 ㅋㅋㅋㅋ ?ㄱ글 에서,True,@mylynntv,6.0,0
@요네-z7w,마이린 형 초딩이 엊끄져께 같아,False,,0.0,0
@이주희-v5j,고생하셨습니다,False,,0.0,0
@이주희-v5j,👏😊,True,@이주희-v5j,1.0,0
@이주희-v5j,마이린님 수고하셨습니다,False,,0.0,0
@이주희-v5j,마이린님 힘드셨겠다😢,False,,0.0,0
@눙-r2u,내 친구가 마이린이랑 같은 반인데 뭔가 실감이 안 난다..,False,,0.0,0
@boncourage2763,"오늘 본 논술시험을 끝으로 이제 진짜 시험이 다 마무리 되었다고 봤어요. 아이구. 정말 너무너무 고생많았어요~~ (토닥토닥) 그동안 한해한해 정말 너무나 성실히 살아왔고, 잘해왔으니 원하는대로 다 잘될꺼예요~🙏<br>푹쉬면서 허리통증도 얼른 낫길 바릴게요~ 🍀🍀🍀🍀🍀🍀🍀",False,,0.0,0
@juni4245,와 중학교 교복 맞추고 입고 설래하던게 엊그제 같은데 이제 벌써 대학생이야?,False,,0.0,0
@nr.1021,내가 이분 첨 봤을 때 난 초3이었고 이분 중2였는데 이제 난 중1이고 이분은 대학생이 되시는...,False,,0.0,0
@이민정-l4h,준연예인인데 입시랑 일 다 해낸 마이린 그저 갓이다,False,,0.0,0
@이민정-l4h,다 컸다,False,,0.0,0
@tv-wf4hy,가채점 영상 찍어줘요,False,,0.0,0
@choiwatermelon,마이린 나랑 라면 먹고 슬라임 만졌는데.. 나만 놀았지……,False,,0.0,0
@xOwOx333,"신기해하면서 [공부 라이브] 지나가다가  본 거 같은데, 고생하셨어요!",False,,0.0,0
@개구쟁이쨈민이,마.......이.......ㄹ....린 맞아..? 아니지 마이린 형님 맞...아?...내가 5살때 마이린tv 봤는데.... 시간이 참 빠르게 가네😢,False,,0.0,0
@Tube-nz4zo,"오와 린이수능 드디어 끝났어요? 배제고에서 봤다니 16일에 제생일이었는데 고3친구들 겁나고생 했네요 아침일찍부터 가서 저녁까지 시험보다니 여태까지 공부하느라 하고싶은거 별로 못했을텐데 드디어 자유가생겼네요 이제 얼마후면 올해도 다가네요 트리도 벌써 설치하던대 린이도 곧고등학교 졸업하고 성인되네요 <a href=""https://www.youtube.com/watch?v=T-rlnOyamIA&amp;t=150"">2:30</a>그쵸 수능이 제일긴장 되겠죠 벌써 07즈가 내년부터 수능보네요 다들화이팅해요!",False,,0.0,0
@보배-i3u,수능 준비하느라 정말 고생많았어요!<br>긴 시간동안 열심히 달려온 모습이 정말 대단해요. 이제는 그동안 쌓였던 긴장을 풀고 하고 싶었던 일들도 마음껏 즐기면서<br>행복한 시간 보내길 바랄게요! 앞으로의 모든 길을 응원할게요!!👍 좋은 영상 만들어줘서 고마워요!,False,,0.0,0
@bartender0205,"린님 수능 잘됬으면 좋겠습니다<br>그리고 서울컨벤션고등학교졸업생으로 말씀을 드리자면은 <a href=""https://www.youtube.com/watch?v=T-rlnOyamIA&amp;t=25"">0:25</a>~<a href=""https://www.youtube.com/watch?v=T-rlnOyamIA&amp;t=45"">0:45</a><br>이뜻이 린님 재학중인 주변고교가 광문고,서울컨벤션고등학교,배재고,한영고,한영외고,강동고 총6개의 고교가있습니다<br>근데 여기서 컨벤션고는 특성화고이면서 시험장으로 안쓰는걸로 유명하거나안쓰는걸로 알고있습니다.<br>그리고 린님이 재학중인 한영외고와 강동고는 한영고와 거리상 차이가 나지만 지역상으로는 고덕와는 무관하므로 제외 할고등학교가3개입니다<br>만약에 한영고도 제외를 하면은 총4개고교입니다.<br>결국 린님은 배제고아니면은 광문고에서 보는게 맞을것같습니다.",False,,0.0,0
@풍성한친구들,마이린tv 벌써 대학생이네! 세월빠르다! 마이린tv님 독감 감기조심 하세요~~,False,,0.0,0
@foreversu-o_o포에버황션,개신기하네,False,,0.0,0
@iveintodive4728,등급 잘 나왔니,False,,0.0,0
@성연-w4q,와…. 초등학생때부터보던 유튜버이신데….진짜 너무 신기하네요…. 수고하셨어요ㅜㅜ<br>전 이제 고2 올라가는데 진짜 열심히 해야겠다고 또 느꼈습니다ㅜ!  꼭 원하는 대학교 붙으시길 바랍니다!!!,False,,0.0,0
@7year-go,마이린님 어차피 유명해가지고 대학 어딘지 알게 될텐데 지금 알려줘요!!,False,,0.0,0
@Wheg3h3b,5년만에 뵙네요...! 목소리와 외모가 너무 바뀌신..,False,,0.0,0
@Sonboy219YouTube,수고하셨습니다,False,,0.0,0
@KeiJun_소스,8년만에 왔는데 ㅁㅊ 수능이요...?,False,,0.0,0
@umbrella822,아저씨가 왜있지,False,,0.0,0
@여러분을사랑하는쁘띠,초등학새이랑 지금이랑 비교해 봤는데 너무 달라요,False,,0.0,0
@물스퍼거,수고했다.,False,,0.0,0
@Blena22,이게 맞아..? 마이린이 성인이라고???,False,,0.0,0
@은별이-l3j,마이린오빠이제대학생돼요축가해요열림이공부해요❤,False,,0.0,0
@인직김-u1m,쫄리는 TEAM 08 어서 오고,False,,0.0,0
@조하-h2v,군대가자~ 이린아~~~~,False,,0.0,0
@현희-p2l,시간 진짜빠르다,False,,0.0,0
@성수-j3c,고생 많으셨어요ㅎㅎ 맨날 봤었는데 마이린님.. 수능이셨군요:)<br><br>열심히 노력한 결과가 결실을 맺길 바래요ㅎㅎ <br>혹시 고대 되셔서 제 후배가 되시면... 사인해주세요(?),False,,0.0,0
@장현이의일상,린이 형 초등학생때 부터 봤는데…,False,,0.0,0
@user_3220,내가 기억하는 마이린은 초등학생시절 액괴 가지고놀던 마이이린이었는데 벌써 수능까지 쳤다는 사실에 많이 놀랐네요. 무엇보다도 마이린이 내 선배였다는것도 처음 알았어요.,False,,0.0,0
@guri_guri1205,마이린 고생 많았어요ㅠㅎㅎ,False,,0.0,0
@아니근데진짜로,와 마이린님 초등학교때부터 봤는데 곧 성인 ㄷㄷ 축하드려요!,False,,0.0,0
@user-es4lo7sg5w,확실히 수능이 끝나서 그런지 얼굴이 <br>예전보다 많이 밝아지셨네요 ㅋㅋ☺️ <br>어렸을때부터 계속 영상 봐왔는데 댓글 처음 써봐요.. 😅 수능 수고하셨습니다 !!🥳🙌 좋은일만 가득ㄱ하길 바랄게요,False,,0.0,0
@changjunkim5872,수고했어요,False,,0.0,0
@서시시,안녕하세요 제가 중3인데 제가 공부를 못해도 너무 못하기도 하고 공부가 싫기까지한데 아직도 진로도 없어서 고등학교를 어디갈지가 고민이에요ㅠㅠ,False,,0.0,0
@minimum_hyun,대학생….? 성인……?,False,,0.0,0
@江田料金,벌써..?,False,,0.0,0
@농구가취미,"형 옛날부터 진짜 재미있게 봤는게 내가 초등학교4학년때 처음으로 형을봤어 정말재미있고 유익한영상으로 진짜 많이봤던것 같아 벌써내가 중3이라는게 시간이 참빨리가는것같아 엄마 몰래라면먹기부터 친구들이랑딱지치기 친구들이랑 게임하기 집에 피시방이있다면, 동대문 완구시장에서 물건사기 시험끝나고 축구하기 한영외고 vlog  진짜 재미있는영상만들어주어서 너무 고맙도 앞으로로 좋은일 있길 바랄게 벌써형이 대학생이라는게 믿기 힘들어 앞으로 대학가서도 일상생활에서도 좋은일이 있길 기원할게 형을 직접 실제로 만나진 않았지만 나에게는 형이 영상에서 친형같았어 내가 형이 없지만 형같은 형이 있었으면 얼마나 좋을까 생각 많이했는데 이야기가 길어지네 앞으로도 좋은일 많길 기원할게 형 12년동안 고생많았오 <br>이제 대학이든 취업이든 잘될거야 그럼 형 안녕",False,,0.0,0
@H-wc6tc,마이린 입이 너무 들어갔어요,False,,0.0,0
@안녕하세요-h7i,한 3년 전에 저희 누나가 수능 치러 갈 때 자고 있었어서 깨어난 뒤에 저한테는 그런 시간이 올까 싶었는데 참 세월이 빠른 거 같아요 저는 성인과 고등학생이란 단어가 저한테는 안 올 줄 알았는데 벌써 고2라 곧인게 안 믿겨요 수능 수고하셨고 좋은 대학 가시길 바래요 저도 그렇게 되면 좋겠네요,False,,0.0,0
@sm_entertainment-korea,Wow,False,,0.0,0
@sjrhevms,..??? 시간이 흘렀으니까 마이린이 큰건 당연한데 짱구마냥 초딩 마이린밖에 생각안남,False,,0.0,0
@미큐-x2s,06으로 초3? 때부터 봐오던 시청자에여 같이 고3되고 수능 과정 같이하고 이런 과정이 안믿기네요 ㅠ,False,,0.0,0
@eumsuk._.,마이린 운전 면허 vlog1일차<br>마이린 입대 하루전 빡빡이  vlog,False,,0.0,0
@kingtae1214,마이린.. 나랑 동갑이였다니..,False,,0.0,0
@user-ewqwq,어제가 마이린 엄마 몰래 라면먹기 찍은거같음,False,,0.0,0
@Dragonchan060,배재고 우리 학교에서 봤네요<br>어떤학교가 많이 왔나 궁금했는데 한영외고였구나<br>저는 논술파인데 내년에 꼭 안암에서 만날 수 있으면 좋겠습니다,False,,0.0,0
@Hanyul-u5j,"안녕하세요 마이린님!! 이제 수능이 끝났네요. 그동안 열심히 해온 노력들이 받쳐서 수능도 좋은 결과가 있을거에요. 저도 어렸을때부터 마아린티비 열심히 봐온 애청자입니다. 마이린님은 보면 볼수록 영상편집도 깔끔하고, 유튜버의 활동이 크게 성장하고 있는게 느껴져요. 수능 끝났으니 앞으로 푹 쉬시고 원하는 결과 얻으셨으면 하는 바람입니다🎉 요즘 갑자기 추워지는 날씨에 감기 조심하시고, 항상 늘 응원해요!!",False,,0.0,0
@오경자-w2c,면허따자 린아 1종으로,False,,0.0,0
@이왕왕-t4n,아니 가채점한걸 올려야죠,False,,0.0,0
@yein_05,작년 수험생(24학번 05년생)입니다 고생했어요~,False,,0.0,0
@Wowowowowowo-q4k,와...꼬치 초장에 찍어서 옴뇸뇸해버리고 싶던 그 쪼꼬만이가 자지가됏노,False,,0.0,0
@어린이사랑꾼,와......,True,@Wowowowowowo-q4k,3.0,0
@pjs869,존나천박하노 ㅋㅋㅋ근데 ㅈㄴ웃기네,True,@Wowowowowowo-q4k,3.0,0
@Wowowowowowo-q4k,@@pjs869 ㅋㅋㅋ그체?,True,@Wowowowowowo-q4k,3.0,0
@Page.nayooon,왜 마이린 오랜만에 보는데 목소리 딴사람 됐다 대박..,False,,0.0,0
@잠수-h3x,마이린이 수능을 봤다고?<br>진ㅁ자임?,False,,0.0,0
@seizethemomet,12년동안 수고햇어요~~,False,,0.0,0
@일상TV-z5h,와 멋지다... 어릴때 엄마몰래 라면먹기 하던때가<br>재밌었는데...앞으로도 화이팅하세요!!!,False,,0.0,0
@대파4384,마이린님 과거모습생긱난다ㅜ,False,,0.0,0
@ENABI--b,마이린님 이제 스터디윗미는 안하실 예정이신가요?!,False,,0.0,0
@kite_08,마이린님 초등학생부터 봤는데..<br>벌써 수능..,False,,0.0,0
@jx1z.w,제 어린 시절을 책임져주신 마이린 님.. 벌써 어엿한 고등학생의 관문인 수능을 지나셨구나... 우와...,False,,0.0,0
@김돋유리,이제편희시세요 말이린님,False,,0.0,0
@흐힛-k2l,오랜만에 알고리즘에 떠서 봤는데 벌써 수능을 다 봤구나..와.. 시간 진짜 빠르다,False,,0.0,0
@나-q7b7s,애기가.. 언제 이렇게 컸대 ㅠㅜ 임모 울어 ㅠㅠ,False,,0.0,0
@율이-o,와..저 오빠 나 어릴때 중학생이였는데…벌서 수능을 보다니…,False,,0.0,0
@도현TV도희,형 위자보드 했주세요,False,,0.0,0
@daday7368,맞다 나 마이린이랑... 동갑이였지.......,False,,0.0,0
@오영준-y6y,이번 수능 수학 개 쉬웠던거 개추,False,,0.0,0
@hjK-un5ol,미적은 아닌듯,True,@오영준-y6y,1.0,0
@YJLOGS,많이컸네;;;;; 머리빡빡밀고 입대하는 컨텐츠도 곧이겠군..,False,,0.0,0
@이쁘니-1020,와.. 초등학생때 부터 보다 바빠서 못봤는데 오빠 벌써 대학생 이었구나.. 세월이 참 빠르다..,False,,0.0,0
@juwan07,형 다음은 제가 볼게요,False,,0.0,0
@매-x6v,말도안돼….,False,,0.0,0
@TJG.KIAK8FL,군대가야될 나이가 되가는데 중국어 곤부하느라 얼마나 힘드셨어요 ㅎㅎ 화이팅하자고요!,False,,0.0,0
@쁘걸업고튀어,원하는 대학 합격하셨나요?!,False,,0.0,0
@Kiruru키루루,분명 슬라임 만지던 마이린이었는데 변성기도 오고 남성미 뿜뿜 하네요…😢옛날 영상 보러 가겠습니다~!,False,,0.0,0
@평범한사람-l6g,뭐냐 ㅈㄴ 아저씨됬노,False,,0.0,0
@매-x6v,너무행..,True,@평범한사람-l6g,1.0,0
@준서백-d1o,와 원래 초딩이였던 마이린님이 이데 성인되는거네요 ㅋㅋㅋ성인되서도 열심히 사시길 기도하겠습니답,False,,0.0,0
@eo.eo_eo,가채점 브이로그를 했어야지,False,,0.0,0
@킹건-q7j,군대가야지,False,,0.0,0
@한리봉봉-i1i,어머나 12년생인데<br>왜 벌써 마이린 오빠가 대학생입니까,False,,0.0,0
@오뜨-n3g,ㅠㅠㅠ 감격스럽습니다 마이린 화이팅,False,,0.0,0
@winter_fairytale,너무 수고했어요🎉,False,,0.0,0
@kenzi0204,02년생인데 4살 차이도 크긴 하구나 엄청 어렸던걸로 기억하는데 벌써 곧 성인이구나 ㅋㅋ,False,,0.0,0
@조레이-g7b,크지,True,@kenzi0204,1.0,0
@yangangjja030,우왕…저 초등학교 저학년때부터 늘 봐왔는데 전 이제 고등학교 입학하고…마이린님은 대학생…ㅠ 시간 너무 빠르네요… 옆에서 같이 성장한거처럼 아직 어리셨을때 모습이 생생한데 이젠 너무 성숙해지셨네요…🥺 12년동안 고생 너무많으셨고 꼭!! 원하는대학 붙으셔서 앞으로 꽃길만 걸으세요🥰,False,,0.0,0
@Mysummerisdead,누구세요???? 고음주역 보고 왓는데요.,False,,0.0,0
@Mucunghyuntta,미누랑 합방해주세요 킥킥,False,,0.0,0
@chanhobae9679,마이린 정말 수고많았어요 ~,False,,0.0,0
@01haksosa,마이린 형 나 초딩때 봤었는데..ㅋㅋ 지금은 고1😿 중3때까진 수능에대해 큰 생각도 없었고 직접적으로 수능이란거에 접해볼 기회가 없으니 무감각했는데 올해부턴 고3선배님들이 눈앞에서 수능보러 가는거 보니 이제야 실감이 나고 부담감이 막 쌓이네요.. 앞으로 2년동안 죽을듯이 해야 성공하겠죠..? 막막합니다.. 단순히 수능끝나서 홀가분 한게 아니라 결과가 좋아서 홀가분 하기를.. 2년뒤에!,False,,0.0,0
@hahahahehe8,헐 마이린 하면 잼민이 이미지 였는데 오랜만에 보러 왔더니 다 큰 오빠가~~^^; 내년이면 성인인거죠? 시간 너무 빨러😢,False,,0.0,0
@오-p9h,유튜브가 잘되면서 거기에 멈춰있지 않고 자기자신을 발전시키려는 모습이 진짜 존경스럽다 07인데 동기부여 얻고 갑니다,False,,0.0,0
@밥이브라운-y5p,므ㅓ야 왜이리 컸어,False,,0.0,0
@jeongbeomsu,와 마이린이 수능을 보게 될 시기가 올 줄이야..,False,,0.0,0
@CONGAL123,수고했어요 정말 응원했는데,False,,0.0,0
@user-ed5du6qb4b,와..마이린님 어릴때 유튜브 봤었는데 목소리도 바뀌고 벌써 수능보고 곧 성인이라는게 진짜 신기해요!! 수능보느라 진짜 너무 수고하셨고 대학교가서도 화이팅하세용!!,False,,0.0,0
@G9Mack24,? 분명 잼민이였는데,False,,0.0,0
@Yuu0905-p2v,ㅊㅊㅊㅊ🎉🎉,False,,0.0,0
@Ellacheir_0405,수고하셨어요 언니 오빠들! Team09는 이제 시작입니다..😢,False,,0.0,0
@박대성-w9k,허!!!!!??? 마이린님 제 댓글에 하트 눌러주신거 고마워요!!,False,,0.0,0
@wlrnwhdakf,국어에서 노이즈 똥 노이즈 노이즈 똥 킥킥 노이즈.. 어떤 심정이셨나요,False,,0.0,0
@김예담-s4q,제도이제내년에수능쳤요😢😢😢😢😢😢,False,,0.0,0
@cmg0224,수고했어요!,False,,0.0,0
@야미야미야미,하 TEAM 08도 곧이구나........,False,,0.0,0
@만듀-s9k,마이린이 벌써 수능도 다 보고 진짜 세월빠르네요,False,,0.0,0
@안진수-k6v,그 귀엽던 모습이 이렇게 변하다니😢,False,,0.0,0
@Skkdckis,5년만에 봤는데 너무 달라졌는데요?,False,,0.0,0
@은은하수-f6u,나랑동갑이엿음?? 내가연상일줄 ㅈㄴ당황,False,,0.0,0
@Annie-t2h7p,이제는 07…바로 저죠…ㅠㅠㅠㅠ,False,,0.0,0
@RtyuFtyr,대딩 마이린 기대❤,False,,0.0,0
@블러디헬-k6q,마이린 대왕 버터슬라임 영상 최애였는데 내년에 성인이라뇨..ㅠㅠ,False,,0.0,0
@이승우-m4r,마이린님 수능보시느라 찐짜 고생많았어요^^ 남은 한영외고에서 공부열심히 해서 원하는 대학교에 붙으세요^^😊,False,,0.0,0
@김하준-u7d,대학생 마이린이 되길 바랍니다❤,False,,0.0,0
@예솔-n8i,아니 잠만 분명 초등학생이었는데..,False,,0.0,0
@유이뽀-e7r,대학교 어디 합격햇어요?,False,,0.0,0
@speedyfriend67,🎉,False,,0.0,0
@마미-e4x,고딩아들은 1학년 08년 생인데요<br>마이린 형은 06년 생 이라고 하면서<br>이야기하고 고딩 2학년 07년생 이랍니다  마이린님 수능 시험 보느라고 수고 하셨습니다,False,,0.0,0
@gx.y0n_4,와 마이린이 수능 봤대 대박적 진짜 시간 빨리 간다,False,,0.0,0
@mincer1221,수고했어요~ ㅋㅋㅋㅋ<br>09년생은 곧 무섭지만<br>하고싶은거 다 하세여~,False,,0.0,0
@sovereignOd1n,왜캐 달라졌어요... 옛날 마이린 그립습니다,False,,0.0,0
@tosu8456,난 경기고 설경제 고경영인데(ksk) 한영외과 설경제 선배랑 친했었음 한양외고는 다들 잘하더라,False,,0.0,0
@권선자-b9o,오빠  감기걸리지마❤,False,,0.0,0
@권선자-b9o,오빠 수고 했어❤,False,,0.0,0
@권선자-b9o,마이린오빠,False,,0.0,0
@GyuTae1227,수고했어요.,False,,0.0,0
@김유민-q6e5h,"진짜 어릴때부터 봤었는데 ㅠㅠ 벌써 대학생이였어요? ㅜㅜㅜㅜ 암튼 수능 진짜 수고하셨구 ,, 원하는 학교 합격하시길 바래요<br>진짜 고생하셨어요 ....:]",False,,0.0,0
@user-smartJM,수능 친다고 수고했어요🎉😊 마이린형!! 수능 이후의 과정들도 응원할게요❤,False,,0.0,0
@SunnyTv-k1p,이번역은 마이린 tv 더 재밌어 진다 역입니다,False,,0.0,0
@김서현-z5e,수능보느라 고생했어~ 이제 하고싶은거 다해~! 이제 좋은일만 일어날거야,False,,0.0,0
@yerinshin4967,마이린 수고하셨습니다~~<br><br>마이린 처럼 같은 나이<br>사촌동생  2명도  수능 보았습니다.,False,,0.0,0
@서은서-c3z,와……초딩이었는데 벌써 성인이라니,False,,0.0,0
@웹툰작가지방생,와 마이린님 오랜만에 보는데 목소리가 변성기 재대로 오셨네………,False,,0.0,0
@hrlove0318,와… 애기 마이린 부터 봐왔는데 벌써 대학생이야… 저 애기가 너무 빨리 컸다ㅜㅜㅜ<br>앞으로 대학 다니면서 행복 가득할 일만 남았네ㅜ🥹 시험보느라 너무 수고 많았고 입시도 잘 마무리 해요!!,False,,0.0,0
@lupi_luv,라면먹던 그 꼬마???😮,False,,0.0,0
@석양-d5i,수능끝났으니 무.조.건.면.허.따세요  자가용타고 놀러다니는게 얼마나 편한지모름,False,,0.0,0
@p1ro2tei3nyk,분명 같은 초등학생이였는데 벌써 린님 뒤를 따라가는 후배 입니다 수능 수고 하셨고 다음 시즌...후 노력는 해 보겠습니다,False,,0.0,0
@Aqua_emerald,와 마이린이 벌써 대학생되네,False,,0.0,0
@intae5341,최린군 수능 수고했어요~^^<br>당분간 스트레스좀 풀고 하고싶은것좀 해요~^^<br>고등학교 마무리 잘 하구요!<br>감기 조심하고 건강 잘 챙겨요!<br>밥먹으면서 조는 최린군이 이제 곧 벌써 20살이라니.. 시간 참 빠르네요.,False,,0.0,0
@zzing-f6h,간니닌니랑 같이 영상찍은거 본개 엊그제같은데 벌써 수능을보고 대학생이 된다니ㅜㅜㅜㅜㅜㅜ,False,,0.0,0
@zej7921,07은 웁니다,False,,0.0,0
@gameworld-f6k,team 07 준비 갈 완료,False,,0.0,0
@yalluueun,아니 분명 엄마 몰래 라면 끓이고 ... 액체괴물 가지고 놀고 ..... 그랬었는데 언제 이렇게 컸지 ......🫨🫨🫨🫨🫨,False,,0.0,0
@user-yd1mt2wc9d,엊그제 고등학교 들어가신다고 본거같은데 벌써 수능까지~~수고하셨습니당 즐거운 대학생활 하십숑,False,,0.0,0
@김민정-r3g7i,아기가... 언제커서... 대학교 가자 !!! ❤,False,,0.0,0
@나-j6g,마이린님 수고하셨어요!!! 이제 행복하게 놀길!!!!!,False,,0.0,0
@mint0987,초딩때 동생따라 봤었는데 어느새 수능보셨네요 수능보느라 고생많으셨고 원하시는 대학꼭 붙길바래요🥳,False,,0.0,0
@oaing9880,마이린군 왤케 남자가 되셨나요,False,,0.0,0
@soap-en3cz,??벌써 마이린이 수능을 봤다고? 곧 있으면 슴살이라고?,False,,0.0,0
@party1031,뭐야,False,,0.0,0
@Ksgw_o,뭐지 마이린님 어제까지만 해도 버즈랑 에어팟 잃어버리고 에어팟 거리 시험해보고 친구들이랑 장난감총으로 쏘고 노셨던거 같은데 오랜만에 와보니까 벌써 수능까지 다 보신 성인이 있네요 신기합니다 마이린님 언제나 화이팅입니다,False,,0.0,0
@Eunjinny09,"수고하셨습니다 ㅡ,, ㅠ 하 대학생,,이시라니 시간 ㄹㅇ 개빠름 ㅠ",False,,0.0,0
@zxsoo,"진짜 멋있는 사람… 어릴때부터 유튜버에 공부까지 대단해여,, 2년 뒤 후배로 고려대 가겠습니다",False,,0.0,0
@초코송이-o6d,꺅 내년에 이제 내가 수능을 보다니... 너무 싫다,False,,0.0,0
@라-z2q,목소리 개낯설다,False,,0.0,0
@하연-w6p,..?내가 알던 마린이는 초딩때 마린이밖에 없었눈데 갑자기 알고리즘에 뜨더니...뭐야..?너 뭐야..?내 마린이 어디갔지..?이 잘생긴 남정네는 누뀨..?,False,,0.0,0
@jangmggggggg,마이린 오랜만이다.. 초딩때 간니랑 마이린 거의 맨날봤는데.. 나는 고등학교가고.. 마이린은 대학가네.. 시간 참 빠르다.. 화이팅,False,,0.0,0
@yeahyeah-ie4tr,말도않되 라면 몰래 먹던 분이 수능 보는 날이 올줄야,False,,0.0,0
@신묘-d1b,😮많이컨네헐😀😀😃😃,False,,0.0,0
@kearpo,마이린이 나랑 동갑이라는 것도 이 영상 보고 알았네 ㅁㅊ;,False,,0.0,0
@severusngabriel2767,와 구독자 2000명 돌파했다고 고음주역테스트 하던게 오늘일 같은데 ㄷㄷㄷ,False,,0.0,0
@yewoniiiiiii,07인데 넘 걱정돼요 ㅠㅠ,False,,0.0,0
@빈타_0207,안녕하세요! 저는 중학교 1학년입니다ㅎㅎ<br>제가 유치원생때 초딩 마이린님을 본 것 같은데 벌써 고3이 되었군요...! 이번 수능 수고하셨고 대학 꼭 붙으시길 기원합니다!!,False,,0.0,0
@누굴까-o7h,2013년부터2024년까지 학창시절12년고생많으셨습니다 중2인 저도 4년후미래라고 생각하면서 본받겠습니다,False,,0.0,0
@spoty_girl,거짓말.... 마이린 고3이었어???? 오...마이..갓..,False,,0.0,0
@joyful1030,마이린 시험 잘 보길 바란...샤이 마이린 ... 여기 있어욤~ 시험 잘 본 것 같아 정말 다행이고 기쁘네요. 🎉😊,False,,0.0,0
@caramel_779,린아 수능치느라 수고했어 🎉🎊🍰🎁🎀20살되면 술방 브이로그 올려줘^^😊,False,,0.0,0
@stubda,수능에서 좋은 결과 받으시길 바라며 저도 3년 후의 수능을 기다려 봅니다. 초딩때부터 마이린님 보아왔는데 어느새 저도 고딩을 맞이하고 있네요<br>세월 참 빠르다..,False,,0.0,0
@강성일-m7s,마이린 수능 시험  보시느냐 수고했써요<br>마이린 남은 고3 생활도 화이팅 <br>2024년 한해도 화이팅 하세요,False,,0.0,0
@단비비-x1w,07년생중에 나네...ㅎㅎ 하하..ㅎㅎ,False,,0.0,0
@상품권문화-h4g,수능보고 나니까 확실히 행복해보이시네요  수고하셨어요 ㅋㅋㅋㅋㅋㅋㅋㅋㅋㅋㅋㅋ혹시 초딩떄 친구분들 불러서 파자마 가능할까요 ??,False,,0.0,0
@buttonbuttonbutton,이 형 이제 수능도 보네ㄷㄷ 전 1년 남았습니다,False,,0.0,0
@c.Bg_bx.b,..? 저 슬라임 쪼뭉딱쪼물딱 할때 봤는데 뭐죠.,False,,0.0,0
@nudle0713,뭐야 쌍둥이오빠때 마이린 돌려줘요ㅠㅠ,False,,0.0,0
@Youngmiter-,와 1주일전에는 8살인거같았는데 벌써 수능치는 나이가 되셨네요😢😢고생하셨어요,False,,0.0,0
@anna1020_,우와 너무 고생 많으셨어요.. 뚜아뚜지랑 대왕 슬라임 만들고 슬라임 카페 차리고.. 그런 영상들이 떠오르는데 그 영상을 좋아라 보던 저도 이제 예비 고1이네요!! 너무 멋지셔요💛💛 남은 입시까지도 모두 힘내고 곧 홀가분한 대학생으로 또 영상 올려주세요! 화이팅 마이린😭😍😍,False,,0.0,0
@김현아-z8f,"마이린 어릴때 모습이 그립다.<br>마이린 엄마 몰래 치킨 먹기가 엊그제 같은데, 세월 빠르다.<br>마이린 원하는 고대 합격 바라요.",False,,0.0,0
@곰인-c8z,저도 마이린이  고대를 합격을 바라요❤,True,@김현아-z8f,1.0,0
@교차만두아이돌,"….? 어릴때 마이린이랑 어떤 여자애기들이랑 노는거 진짜 재밌게 봤는데……세월 너무 빠른거 아닌가요,,",False,,0.0,0
@GenieYooniandHyuni,수능보시느라 수고 너무 많으셨습니다 좋은결과 있으셔서 내년에 원하는 대학 합격하셨으면 좋겠습니다  홧팅입니당 마이린님 대학생활도 응원합니다,False,,0.0,0
@llllllllll-d3c,마이린 대학 합격하면 엄마몰래 라면 끓여먹기 레전드 영상 리마인드 하나 올리자 ㅋㅋㅋㅋㅋㅋ,False,,0.0,0
@으후루꾸꾸루후으으후,되게 많이 컸네요ㄷㄷ,False,,0.0,0
@다이겨쓰,"나보다 겨우 한살 어렸었어,,,.?",False,,0.0,0
@루배칠성,수능 보느라 고생하셨습니다 ㅎㅎ,False,,0.0,0
@ISfj__nj,ㅋㅋ 국어 9등급인 내가봐도 물수능인건 느껴졌음 ㅋㅋ,False,,0.0,0
@hjK-un5ol,그건 걍 모든시험이 물로보일듯,True,@ISfj__nj,1.0,0
@coonogaming2040,분명 몇달전까진 초중딩 이였던걸로 알았는데 왜 벌써 대학생이..ㅋㅋㅋㅋ 세월 진짜 빠르네요.대학생활도 응원합니다,False,,0.0,0
@여김두리-w6i,수능끝나고 축하드립니다,False,,0.0,0
@sgfbojoge,오와...시간 빠르다!<br>수능 보시냐고 수고했습니다!,False,,0.0,0
@songjinjoo,시험 엄청 잘본것 같은 분위기가 느껴져요^^,False,,0.0,0
@예진-e6j,린이님 손에 반지 있었는데 어디갔어요 ㅠㅠ,False,,0.0,0
@xodjeiss,team 08도 곧이다 힘내자. 우리에겐 재수는 없다.,False,,0.0,0
@G9Mack24,우리는 웬만하면 수능 볼 생각하면 안됨 그 때 진짜 너무 몰림,True,@xodjeiss,5.0,0
@G9Mack24,수시로 가자,True,@xodjeiss,5.0,0
@김하준-b3u,😂😂😂😂,True,@xodjeiss,5.0,0
@박서영-i7w2e,​@@G9Mack24최저 맞춰야지... 내가 서울대를 붙을 리는 없으니...,True,@xodjeiss,5.0,0
@인간-k8p,700일도 넘게 남은게 곧인가..,True,@xodjeiss,5.0,0
@내인생-c4q,와 마지막으로 봤을때가 애기애기했던 초딩이였는데 벌써 대딩이야…? 느낌이 묘하네…진짜 아들한명 키운 느낌이랄까…?,False,,0.0,0
@민재민아,그럼 곧있으면 형 군대가?,False,,0.0,0
@람이-e1q,마이린 목소리 얼굴 많이 달라졌네 ㅎ,False,,0.0,0
@김지한-k5f,진짜 초딩 마이린부터 봤는데 벌써 수능 마이린이라니..ㅠㅠ 시간 진짜 빠르다 마이린 화이팅🎉🎉,False,,0.0,0
@ksw0017,아니 엄청 잼민이일 때 보다가 지금 보니까 목소리가 너무 좋다 벌써 시간이....,False,,0.0,0
@user_DoreJoAYo,"내가 아는 어린이 유튜버들 중 제일 잘 되었으면 하는 유튜버가 마이린이에요!!  마이린의 지난 19년을 다 알진 못하지만 대충 봐도 항상 열심히 살더라구요 공부하면서 유튜브 하고 그러는거 쉽진 않은데 항상 스터디윗미 하고 열심히 최선을 다하는 모습을 보니 응원하게 되네요 남은 입시도, 앞으로 성인 마이린도 항상 응원해요!! 많이 긴장했었나봐요 몸이 이리 저리 아프고😢 <br>오랜만에 봤는데 더 이상 어린이 학생 느낌이 아니고 청년이네요!! 잘 컸어요 고마워요❤",False,,0.0,0
@sonorous6,아 마이린이 대학생이라고…?? 말도 안돼..ㅋㅋㅋ,False,,0.0,0
@유은상-b8y,이제는 제 차례가 다가오네요.,False,,0.0,0
@전현호-e8o,대학생되면 엄마몰래 술먹방 볼 수 있는거임…?????,False,,0.0,0
@서가을-l8z,와..... 애기애기했던 마이린이었는데.. 낮은 목소리의 미이린이라니.. 충격.. 세월 진짜 빠르네요🥹 너무너무 고생 많았어요!!,False,,0.0,0
@kwonjinyoung2010,마이린 형 옛날에 봤을때 겁나 어려보였는데 언제 고3되었냐ㄷㄷㄷ,False,,0.0,0
@이재진글라라,❤,False,,0.0,0
@Podzex_ck,"린이 오빠 유튜브 시작할때부터 본<br>예비 고1 여학생 입니다. 오빠가<br>벌써 고등학교에서 수능을 보는<br>나이가 왔다는게 안 믿길<br>만큼 정말 시간이 빠르게 갔네요.<br>12년동안 열심히 달려오고 입시 준비하는 과정에서 저희 팬들과<br>소통도 자주 하려는 모습, 맡은<br>일에 최선을 다하는 모습이<br>멋지다고 생각했고 린이오빠를<br>후배로서 정말 존경하고 있어요! 앞으로도 모든일이 잘 풀리길 매일이 행복할순 없지만 <br>그 과정에서 힘든일이 있더라도<br>이겨낼수있는 사람,후회 없는 린이오빠가 되길 항상 응원할게요ㅠ<br>수능 지금까지 정말 수고많으셨어요! 원하는 대학<br>꿈 목표가 꼭 노력의 빛을 보길 바랄게요! 앞으로의 펼쳐질<br>미래도 파이팅🎓 대학 생활도<br>행복하게 잘 보냈으면 좋겠네요<br>유튜브도 열심히 책임감있게<br>소통해주셔서 감사합니다!<br>오빠를 보며 저도 공부에 자신감이 <br>생기고 더 열심히 하고싶다는<br>생각도 많이 하면서 동기부여를<br>받았어요! 저에게 한번의 성장할수<br>있는 계기를 주신것도 감사해요ㅎ<br>같이 공부한 덕분에 성적도 올라갔어요. 린이 오빠 다시한번 <br>수능 정말 수고많았고 고마워요🤍",False,,0.0,0
@cottagji,분명 초등학생이였는데.. 변성기도 안왔었는데..,False,,0.0,0
@뚝배기-z2r,마이린 수시에요??,False,,0.0,0
@모르는폼폼푸린산-d9r,네,True,@뚝배기-z2r,2.0,0
@oaing9880,수시 정시 둘 다 하신답니다,True,@뚝배기-z2r,2.0,0
@유재석-n6i,이린아 수능보느라 고생많았다 대학생 되어서도 열심히 하거라 파이팅,False,,0.0,0
@yanggina699,서울대를 갈지 연대를 갈지 모르겠지만~ 고대오고 싶어한다는 얘기도 있으니 울 딸 다니는 고미디로 오시오~~ 😊,False,,0.0,0
@lsh-j6g,마이린.... 그간 몇년동안 잊고 있었는데 그 잼민이가 이렇게 컸구나....,False,,0.0,0
@딸깍이,ㄹㅇ요 저랑 나이 비슷할줄 알앗는데…(중학생),True,@lsh-j6g,3.0,0
@BeguilingHarley,ㄹㅇ ㄱ글 에서 벳프리 보면 다른거 눈에도 안들어옴 그냥 다시보면 되니까 개이득임 ㅋㅋㅋㅋ ?,True,@lsh-j6g,3.0,0
@DependableRuth,ㄱ글 에서 벳프리 이 ㅓㅇ도로 유명했음?  내 듣보잡인줄 알았는데 ㄷㄷㅋ그놈의 ㄱ글 에서 벳,True,@lsh-j6g,3.0,0
@52cookie_Lee,지나가던 07입니다 그냥 지나가겠습니다,False,,0.0,0
@옝옝-z9l,꼭 원하시는 대학 가시길 빌어봅니다!😊,False,,0.0,0
@Tjuatja,"마이린 맞아,,? 5~7년 전까지 만해도 뽀짝했는데 ㅠㅠ 헬로카봇 가지고 놀기도 하고,, 너무 어색하다 왜 이렇게 많이 컸어요 ㅠㅠㅠ 목소리도 너무 좋아졌어😢",False,,0.0,0
@kuhhtf,Team 07 가보자!!,False,,0.0,0
@하송이,나중에 대학가시면 하람이 공연가는 영상도 찍어줬으면 좋겠네요💗,False,,0.0,0
@taengoo8939,와 마이린이 수능이 끝났다니..,False,,0.0,0
@Hyuni_2024,멋있어요 형.. 정말 열심히 살고싶은 마음이 드네요 다른 동기부여영상보다 가장 자극이 잘되는 느낌?..ㅋㅋ 열심히해보겠습니다🔥,False,,0.0,0
@빠비-c7y,충격적이다 진짜… 와,False,,0.0,0
@보민-m4l,그래 20살 즐기고 이제 군대 준비 해야지,False,,0.0,0
@장진영-d7s,???? 되게 오랜만에 마이린을 봤는데... 왜 고딩이 되었져...?? 내가 늙었구나...,False,,0.0,0
@tess-1230,와 수고했어요 전 4년뒤에 보지만 옛날 부터 마이린 봤는데 진짜 시간 빠르다..,False,,0.0,0
@존세레우,대이린 미쳤네 ㄷㄷ,False,,0.0,0
@TV-bq8nj,수능하느라고생만으셧을텐데,False,,0.0,0
@아이패드-q2i,Team 07 1년만 고생하자 화이팅,False,,0.0,0
@깅뚜-l3w,벌써 대학생이야....빠르다.,False,,0.0,0
@jiiik-oq9zq,마이린 너무 고생많았어요ㅜㅜ,False,,0.0,0
@Tv-gj8ns,2025년: 오늘 처음으로 술을 마셔보았습니다!,False,,0.0,0
@user-is5yz1vx3w,표정만봐도 sky..ㅎㅎ 축하드립니다,False,,0.0,0
@gukinhan2252,ㅇㅈ 잘봤다 하는것도 그렇고 그동안 봐왔던거 생각해보면 적어도 스카이는 갈것같음ㅋㅋㅋ,True,@user-is5yz1vx3w,1.0,0
@용상완-d7y,마이린님 엄청 고생했네요😊,False,,0.0,0
@memory_saved07,지나가던 07입니다. 마저 지나가서 공부하겠습니다.,False,,0.0,0
@전서희-e3m,마이린 오빠 어른떼도 유튜브 계솟해주세요. 제 맨날 핸드포할 시간 되면 마이린 티비 봐요.❤😊❤😊❤😮😮,False,,0.0,0
@네온-k8e,벌써 대딩이라고...? 옛날에 안냐세여~ 마이린 입니다ㅏ 하면서 액괴 만지고 아면 먹고 학원 쨀려고 아픈척 하고 키 안커서 걱정하던 때가 아직 새록새록한데... 시간 진짜 빠르네요 ㄷㄷ 좋은 대학생활 하십쇼,False,,0.0,0
@Tlqk1f1818,이제 나 포함 07 차례구나...이미 치신 분들은 수고많으셨고 다음 타자인 분들은 파이팅 하자구요!,False,,0.0,0
@Венера-ь8ч8м,"<a href=""https://www.youtube.com/watch?v=T-rlnOyamIA&amp;t=380"">6:20</a> ㅇㅏ... 07으로써 좀 킹받네<br>ㅠㅠ 고생하셧습니다",False,,0.0,0
@chany8281,마이린이 성인이라니 ㄷ,False,,0.0,0
@leadersjs8904,서울대 화이팅,False,,0.0,0
@ktrg5122,곧 군대 가겠네,False,,0.0,0
@돼지새끼-k5c,"마이린님 정말 오랜만에 보는거 같습니다. 어렸을 때 정말 자주 찾아본 기억이 있는데 불닭 먹방하시던 분이 이렇게 성장해서 보니까 기분이 이상하네요. 제 어린 시절에 웃음을 챙겨주셔서 감사했습니다. 앞으로 하는 일 모두 잘되시면 좋겠네요, 다음 해에 수능보는데 좋은 기운 받고 가겠습니다. 감사해요!",False,,0.0,0
@오은정-c6m,캬 멋있다,False,,0.0,0
@땡-b6d,와대박…,False,,0.0,0
@user-z8w5h,ㅈ나멋잇다 공부법좀알려주세요팀07에게,False,,0.0,0
@귀여운동물모음집-r5u,수능 끝나니까 라는 말을 몆번하는거야😂<br>진짜 좋았나보네😊,False,,0.0,0
@hajungsong3309,수능 끝난거 진심으로 축하합니다!❤🎉🎉 수능 잘봐서 원하는 대학 붙으셨길 바랍니다!😂😂 내년에 대학생 인것도 진심으로 축하합니다🎉🎉 수능 떨리셨을텐데 잘봤길 기대합니다!😊,False,,0.0,0
@ikyong1110,긴 시간 학업의 대장정을 마친 52만3천명의 수험생들 수고하셨고 마이린님도 수고하셨습니다. 이제 힘든것 내려놓고 놀아도 좋아요. 이제 대학생 마이린 기대할게요.,False,,0.0,0
@niceday2105,야ㅁㅊ마이린수능?,False,,0.0,0
@카스,마이린 서울대 합격 가즈아~~,False,,0.0,0
@브베-z3p,분명 초딩 끙끙이였는데 뭐지,False,,0.0,0
@CodeName10,아니 초1이 고3이라고요...!? 워메 시간이 얼마나 지났겨...ㄷㄷ,False,,0.0,0
@pinkday-u8y,목소리 듣자마자 깜놀함.. 진짜 이제 어른이구나 마이린도..,False,,0.0,0
@hoon8522,? 옛날 기억은 잘 안나는데 엄마 몰래 라면 끊여 먹기 이때 나보다 어렸다고 생각 드는데 고3이네 벌써 난 왜 고1이지,False,,0.0,0
@다민-f2e,고생 많았어용 ㅠㅠ,False,,0.0,0
@e_room-rk6pu,고생 많았어요~ <br>꼭 좋은 결과 있을 거예요❤,False,,0.0,0
@김수현-e9s1f,형 좋은대학교 가즈아,False,,0.0,0
@JUNKYUNGS,오ㅏ 쌍둥이 오빠 시리즈 보던게 어끄제같은데,False,,0.0,0
@하늘높이-d3c,안그래도 마이린님생각많이났는데. 진짜 이젠 성인이되겠네요! 시간이 참빠르당 고생많았어요~❤,False,,0.0,0
@cdab9077,우리 코딱지 다컸네,False,,0.0,0
@javiercarvajal9332,이야 마이린도 벌써 수능을 봤구나 😮,False,,0.0,0
@careless8728,팀07 현역 시작,False,,0.0,0
@문채원-n3p,수고했어요🎉대학 생활도 화이팅해요~,False,,0.0,0
@김윤지-t9m,영상잘봤어요 수고하셨습니다 수능보니라 수고많으셨어요,False,,0.0,0
@i_just__wanna,앗씨 관심도 없었는데 나랑 선택과목이 똑같네 시간도 참 많이 지났다,False,,0.0,0
@overwachtv9914,마이린 오빠 수능보느라 너무 고생했어요 <br>내년에 대학생란거 믿을수 없어요 하지만 3살 터울 오빠 사랑해요 그리고 <br>내년에 수능다가오는 07년생 선배님도 <br>힘내세요 마이린 오빠 사랑해 ❤❤<br><br> ~~(처음으로 반말 ㅜㅜ) 저도 내년에 고1이네요(2009년생)  수능보기 싫네요 ㅜㅜ,False,,0.0,0
@만두마켓-p2h,아 오랜만에 보니깐 목소리 적응 안돼네,False,,0.0,0
@kyen96,ㅠㅠ벌써 대학생 마이린이라니 고생많앗어요ㅠㅠ,False,,0.0,0
@혜진쓰강이부부사랑해,린이야 고생했어 나도 수능 봤는데 고생했어 너가 하지 못한것 지금부터하고 재미있게 잘 지내 고생했어 ❤❤❤❤❤❤❤❤,False,,0.0,0
@유콩입니다만,아 저 마이린 진짜 오래전부터 봤는데… 진짜 대단하세요!!🎉,False,,0.0,0
@박태윤-o4k,마이린은 수시인가요 정시인가요?,False,,0.0,0
@어둠-b4l,외고인데 수시겠지,True,@박태윤-o4k,2.0,0
@oaing9880,둘 다 하신대요,True,@박태윤-o4k,2.0,0
@bini1301,정말 대단히 수고 많았어요~! 찬란한 20대도 응원해요!!🎉🎉,False,,0.0,0
@run7292,멋있어.. 어떤 스펙보다 더 높은 자존감과 능력의 소유자..<br>마이린의 매순간의 현재가 너무 최선이라 후회없는 인생을 산다의 표본처럼 느껴져요.. <br> 앞으로의 마이린 앞날이 더더 기대되고 응원합니다!!,False,,0.0,0
@엥그리늅,저의 형도 수능 봤어요! 저의형도 고3 이거든요^^,False,,0.0,0
@Ssambbong_boy,와... 진짜 한 4년만에 알고리즘에 떠서 딥페이크인가 해서 봤더니 이렇게나 커있을 줄이야... 진짜 세월참 빠르네요.. 정말 수고 많았습니다,False,,0.0,0
@엥그리늅,ㅇ,True,@Ssambbong_boy,3.0,0
@Ssambbong_boy,@@엥그리늅 ?,True,@Ssambbong_boy,3.0,0
@제이리tv구독부탁,딥페이크요?,True,@Ssambbong_boy,3.0,0
@white_sugar_,알고리즘 떠서 들어왔는데 수능을 보셨다고요? 시간 진짜 빠르다 ... 고생많으셨어요 분명히 초딩이었는데 ㅠㅠ 세월 ..,False,,0.0,0
@조리냥냥,마이린님 수능시험을 다보고 끝났을텐데 정말로 고생이 많았습니다! 마이린님 완전 여유가 넘쳐보이고 즐거워 보이네요!,False,,0.0,0
@togllllD,마이린이 성인이라니 구라같다 내 세월아,False,,0.0,0
@떡볶이-t6q,공부법 영상 찍어주세요😭,False,,0.0,0
@LK-100,수능 끝난지 엊그제인데 지금 군대와있다... D-325,False,,0.0,0
@gooseul91,수능끝나도 논술도 있지 않나?,False,,0.0,0
@user-ew1on6jj2r,수시파잖니,True,@gooseul91,1.0,0
@Neomatrix0,마이린님 지금까지 너무 고생 많으셨어요 이제 꽃길만 걸어요!!,False,,0.0,0
@MJ-YG0309,고려대 합격 축하해요,False,,0.0,0
@seojin8787,합격했어요?,True,@MJ-YG0309,2.0,0
@MJ-YG0309,@@seojin8787 마이린님이 고대 가고 싶다고 하셨는데 고대 갈 만큼 수능 잘 치신 것 같아서요,True,@MJ-YG0309,2.0,0
@꼬마아이-z5e,이제 대망의라이트 이린이의 입대브이로그만 남았군요 드가자 ㅎㅎ,False,,0.0,0
@joung-yong,2년 뒤에 수능치르는 2000년대생 막내입니다 06년생 선배님들 다들 고생 많으셨습니다 이 다음 07년 선배들도 수능시험 잘 치시길 바라겠습니다 고생하셨습니다 ㅎㅎ,False,,0.0,0
@user-zf5or9so6i,슬슬 쫄리는 team07들 개추..,False,,0.0,0
@my1felicity,와… 마이린 초딩때 본 것 같은데 벌써 성인이라고?? 이번 사문 컷이 엄청 낮던데 쉽게 푸셨나요?ㅠㅠ,False,,0.0,0
@Luna_kim27,와 마이린 엄마 몰래 라면 끓여먹고 마이맘 인스 랜덤박스 개봉하던 때 처음 봤는데 벌써 수능봤어요…? 남의 집 애들 빨리 큰다 진짜,False,,0.0,0
@cindylee1997,고생했어요. 마이린 티비를 시작으로 어머니 채널까지 보게 되었어요ㅡ고생했어요ㅡ 좋은 결과 있기를 바랄게요,False,,0.0,0
@해갑정,수능때매 그동안 계속 공부를 하시느라 정말 고생 많으셨어요 이제 형이 원하신 대학 합격하시길~😊,False,,0.0,0
@sx._.8,진짜 너무 고생 많으셨어요 많은 분들이 말하셨지만 정말 어렸을때부터 마이린TV를 봤었는데 수능도 보고 곧 성인이 된다는 점이 정말 안 믿기네요... 앞으론 영상 더 자주 보고싶네요! 수고 많으셨습니다!,False,,0.0,0
@블로스터kilga,12년동안 달려오셨는데 정말 수고많으셨습니다!!!<br>좋은결과 있길 바라겠습니다,False,,0.0,0
@qwert9591,이제 06이 성인이 된다는 게 시간이 참..,False,,0.0,0
@Woska29,아니 왜이렇게 눈물이 나지.. ㅠㅠ 아직도 나는 엄마몰래 라면끓이던 린이오빠 슬라임섞기 하던 린이오빠 클레버친구들이랑 아롱다롱친구들이랑 다같이 놀던 린이오빠가 내 기억속에 너무 선명히 남아있고 재밌고 아직까지도 생각나면 볼만큼 너무 좋아했는데 초딩때 내가 가장 좋아하던 유튜버가 벌써 수능을 보고 그만큼 세월이 많이 흐른것도 느껴지고 시간빨리가는게 너무 어색하다.. ㅠ 그동안 많이 힘드셨을텐데 원하는거 마음껏 하시면서 행복하세요..!,False,,0.0,0
@김민지-Mz,세월 진짜 빠르다...벌써 수능까지..,False,,0.0,0
@eelqh_a,마이린님 수고하셨슴돠ㅠㅠ,False,,0.0,0
@징픽,린이 많이 컸네,False,,0.0,0
@성준-q6s,애기 때 같이 봤는데.. 벌써 성인이라니,False,,0.0,0
@오지수-d5l,마이린 오빠 전 이제 고3이에요 응원 해주세요 오빠가 응원해주시면 올 1등급 맞을 수 있을것같아요 제발 ㅠㅠㅠㅠㅠㅜ,False,,0.0,0
@기범박-b6v,린님 수고하셨어요,False,,0.0,0
@안읽은걸로할게요,"하,,, 마이린이랑 마이맘이랑 문구점 슬라임 털던 영상 보던 게 엊그제 같은데,,, 완전 남자가 됐내",False,,0.0,0
@ミユシャビ,옹! 뭔가 다른 느낌 마이린 이네요!!😮<br>최근에 많이 안봤었는데 진짜 많이 발전됏네요!! 더 멋있었어요!!!!!😂❤<br>수능 잘치셔서 다행이네여 전 22살인데 다시는 치고싶은 맘 없음..😢,False,,0.0,0
@OMG-go2pl,수능 보느라 수고 많으셨어요! 이제 바톤 터치를 해야되겠네요....,False,,0.0,0
@Haxun.,와 이 분 초등학생 때부터 봤는데 벌써 대학생이시구나 수고하셨어요,False,,0.0,0
@지우-jiwoo_9,몇점이예요?,False,,0.0,0
@준승변,형 수고하셨어요~~,False,,0.0,0
@Ye0n_x1s,뭐야 이사람 원래 몇년전만해도 초등학생아니었음??,False,,0.0,0
@김창현-n3h,와....마이린 어린시절부터 봐왔는데 곧 성인이 되는구나 린이도 나도 많이컸구나.....ㅠㅠ,False,,0.0,0
@해피하늬,오모낫 수능 끝나니 못했던거 이제 할수 있으니 기브니가 이빠이로 좋긴하지만 아직 남은 수시지원한거 결과 잘나오길 바래요<br>마이린군 수능 고생 만았어요~^^,False,,0.0,0
@k.mbappe792,07인데 긴장되네요,False,,0.0,0
@히히-g2y2o,고생많았어 !!<br>원하는대로 다 이루어질지니🤝🏻😊<br>수고해따,False,,0.0,0
@minstargram10,"그동안 공부하고, 수능 치느라 고생하셨어요!! 노력한 만큼의 결과가 나와서 좋은 대학으로 가시길 바래요",False,,0.0,0
@스카이애매럴드,마이린~수능을봐~,False,,0.0,0
@redmask4525,마이린~대학을가~,False,,0.0,0
@grahamcoxxn_4398,많이 삭았네...,False,,0.0,0
@사람-h5d9r,ㅋㅋㅋㅋㅋㅋㅋㅋㅋㅋ그러지맠,True,@grahamcoxxn_4398,1.0,0
@TV-sg7wh,린아 올해는 우리 동생도 수능시험 봤어. 우리 린이 너무너무 고생 많았어. 우리 동생도 수요일날 밤에 엄청 긴장되서 엄마가 시간은 다 지나간다고 얘기했었는데. 린이도 똑같이 긴장했을거같아. 수고 많았다. 마이린.🎉🎉🎉🎉🎉 졸업하는 그날까지. 화이팅!!!!!♡♡,False,,0.0,0
@forallj9764,마이린 호주에서 응원해요!,False,,0.0,0
@userunbubble,일단 마이린이 나보다 나이가 많은줄 몰랐다....,False,,0.0,0
@korean_air8716,분명 초등학생이였는데?,False,,0.0,0
@BSbrawl7,군데 잘 다녀오세요,False,,0.0,0
@mylynntv,"마이린 수능 당일 영상 보기 (바로 가기 : <a href=""https://youtu.be/Kydi10XfizI)"">https://youtu.be/Kydi10XfizI)</a>",False,,0.0,0
@BeguilingHarley,진짜 ㄱ글 에서 벳프리 에서 방송 하시던분 진짜 잼있어 ... 다시보고 싶어서 가보자 ?,True,@mylynntv,6.0,0
@DependableRuth,여기댓글 왜이럼 ㄷㄷ ㄱ글 에서 벳프리 도대체 머길래--ㅋ이 댓글 보고,True,@mylynntv,6.0,0
@LaneMighty,ㄹㅇ ㄱ글 에서 벳프리 보면 다른거 눈에도 안들어옴 그냥 다시보면 되니까 개이득임 ㅋㅋㅋㅋ ?ㄱ글 에서,True,@mylynntv,6.0,0
@user-hihellohallo,곧있으면 군대 가겠네ㄷㄷㅠㅠ,False,,0.0,0
@콩나물-t9v,와 저도 끝나고 집에 오니까 허리랑 다리가 너무 아팠어요 ㅠㅠ 수고하셨습니다!!,False,,0.0,0
@TV-ek8ut,와 수고했어요❤❤저는 아직 1학년인데 옛날이랑 확실히 <br>달르네욤❤❤❤수능보느라 수고했어요🎉🎉,False,,0.0,0
@채은서,라이브 언제켜주시나용,False,,0.0,0
@TV-zw7vp,수능이 끝나면 omr답안지만 제출하나요?,False,,0.0,0
@뭉땡,시험지도 내요,True,@TV-zw7vp,1.0,0
@김희진-u1c4e,마이린님 오늘영상올려주셔서 감사합니다 즐거운 주말보네시구요,False,,0.0,0
@jihyun_0528,형 눈빛이 반짝반짝 돌아왔네~~ 고생했어 정말~~~🎉🎉,False,,0.0,0
@WtJh_07,수고하셨습니다.,False,,0.0,0
@afternoontea47,마이린 훈련소 입대영상 기원 1일차,False,,0.0,0
@TMYJ06,뭘 벌써가노,True,@afternoontea47,3.0,0
@YeJun0117,ㅋㅋㅋㅍ,True,@afternoontea47,3.0,0
@sldmdoa,대학도 안갔는데 아직ㅋㅋㅋ,True,@afternoontea47,3.0,0
@봄-h7h,최린군!<br>수능 보느라 정만 고생했어요..<br>표정을 보니 많이 밝아 보여서<br>다행이라는 생각이 드네요.<br>원하는 대학에 꼭 합격 했으며<br>좋겠어요. 수고 했어요!,False,,0.0,0
@권은경-o4m,저희 초등 아들 둘이 정말 좋아하는 마이린~~^^<br>저도 같이 보면서 엄마팬이 되었네요 ㅎㅎ<br>수능보느라 정말 수고했어요😊<br>저희애들은 린 형이 맨날 논 줄만 아는데 형이 이렇게 모든거에 열심히 하는사람이라고 알려줄께요 ㅋㅋ,False,,0.0,0
@리노는기여어-p4v,수고했어요!! 못한 거 맘 편하게 해요!!,False,,0.0,0
@호정-f9y,그러게요 표정이 너무좋네요,False,,0.0,0
@천재축구다오,마이린님 수능 너무 고생많으셨습니다,False,,0.0,0
@yoo46707,수고많았어요 마이린님🎉,False,,0.0,0
@gumball_2k1227,"마이린이 수능을 봤다고 하니까 6년전에 제가 수능 봤을 때가 생각나네요. 그때 저는 크게 긴장하지는 않았는데, 그해 유독 국어가 많이 어려웠죠_그때 31번 문제가 국어문제가 아니라는 얘기도 나올 정도였어요. 저는 수능 끝나고 부모님이랑 감자탕 먹고 집에서 가채점 한 뒤에 몇주동안 하지 못했던 노트북을 했답니다. 그후 저는 제가 원하는 대학 최저등급 맞추고 추가합격 1번으로 입학했습니다.<br>        전국의 모든 수험생분들, 수능 보느라 정말 수고 많으셨어요. 하고 싶은 거 마음껏 하면서 좋은 결과 있길 바래요!",False,,0.0,0
@성승민-q5s,고생하셨습니다 학급회장 마이린님,False,,0.0,0
@일반인이다,마이린님 초딩 모습부터 봐왔는데.. 진짜ㅠㅠ 수능 수고 하셨고요! 좋은 결과였길 바랍니다~! 대학교 들어가시면 이제 대학생 브이로그..?🥹,False,,0.0,0
@akiooh9177,お疲れ様でしたお😊,False,,0.0,0
@달밤패밀리,마이린님 영상이 재미있어요,False,,0.0,0
@이정민-h5k4f,마이린님 수고했어요 합격하길 바래요,False,,0.0,0
@안뇽-z6b,마이린님 고생많으셨어용☺️ 항상 열심히 공부하는거 영상으로 봐왔어서 꼭 좋은대학 가실거라고 확신합니다! 그동안 고생많으셨고 하고싶은거 다 하시길바랄게요!!👏,False,,0.0,0
@Gamth_2024,마이린형ㅠㅜ 드뎌 재밌는 영상 다시 올릴수있는거야?ㅠㅜ,False,,0.0,0
@duejxjsjdj,왜인지 SKY 갈것같다 느낌이,False,,0.0,0
@j1sun9e,애초에 성적이 스카이갈 성적임,True,@duejxjsjdj,4.0,0
@프링글스-e8z,@@j1sun9eㄹㅇ? 그렇게 잘했다고?,True,@duejxjsjdj,4.0,0
@아이패드-b2n,@@프링글스-e8z 한영외고에서 전교 10등 안에 든다던데 당연히 sky 안에 들지 않을까요 ㅎㅎㅎ,True,@duejxjsjdj,4.0,0
@프링글스-e8z,@@아이패드-b2n 헐 몰랐어요 열심히 살았구나…,True,@duejxjsjdj,4.0,0
@황긴숙-f4u,우리형도재수능봤는데22살인데,False,,0.0,0
@남편달-p2r,고생많으셨습니다.마이린님~ㅎㅎ,False,,0.0,0
@Edeun-angel,고생하셨어요^^  울아들 형아 속시원하겠다. 내가 어릴때 엄마가 마이린 형아 많이 보여줬잖아. 그치?  이러네요. 이제 저희는 수능 준비를 미리 해야하는 😅  내년 중학교입학 이라 지금 초등 기본부터 다시 돌아봐야겠어요. 잘쉬시고. 가고 싶은 대학 지원서 접수 잘하고 꼭 붙어서 바라던 꿈에 한발짝 더 다가 가길 바라요. 늘 아자 아자 파이팅~!!,False,,0.0,0
@아리혜진_42,우와..초딩이었던 미이린이 곧 있으면 대학생이라니ㄷㄷ<br>저도 이제 곧 있으면 고2가 된다는게 믿기지가 않네요..<br>나도 이제 수능까지 2년남았다니..ㅠㅠ,False,,0.0,0
@대영김-m5y,마이린파이팅,False,,0.0,0
@younggounkim9936,이제 린이 형이 어른이네,False,,0.0,0
@또로로링,와 외고갔다고 입학한게 엊그제같은데 ㅠㅠㅠㅠㅠ진짜 시간빠르네요.. <br>대학생되면 인기많을거같아요! ㅎㅎ 점점잘생겨지는거같음 👍🏻,False,,0.0,0
@pretty73129,마이린 오빠 수능 고생많았어ㅓ!!,False,,0.0,0
@이주영-y2v,🎉🎉🎉,False,,0.0,0
@홍원기-j6e,린아 고생했다 수느보느라😊😊😊❤❤❤🙏🙏🙏🙏🙏🙏🙏🙏🙏🙏🙏🙏🙏🙏🙏🙏🙏🙏🙏🙏🙏🙏🙏🙏🙏🙏🙏🙏🙏🙏🙏,False,,0.0,0
@user-ey2gc6zz9n,마이린 왜이렇게 많이 컸어.. 벌써 대학생? 난 마이린 슬라임 썪기 보고싶다,False,,0.0,0
@HAJIWON-z6d,마이맘님 이모 마이린님 고등학교 졸업👨‍🎓 축하해요,False,,0.0,0
@온도의마크채널,08도 힘내서 해보겠습니다! 고대 합격하시길!!,False,,0.0,0
@가을구름-w3b,PC로 합격발표 확인하면서 엉엉 우는 영상 기대합니다😊..꼭 해주세요~ㅎ,False,,0.0,0
@서후문-o6o,당분간 못한거 하면서 이제 홀가분하게 푹 쉬면서 만일 면접준비 해야한다면 틈틈히 준비하면 될것 같아용 고생했어영 ㅎㅎ,False,,0.0,0
@중간고사3일전,team07은 두렵다..,False,,0.0,0
@김가온-o9t,마이린님 수능 보시느라 고생많으셨습니다 목요일에 마음 속으로 응원 많이 했는데  잘 보신 것 같아서 다행이에요 이제 수능 끝났으니 편히 쉬셨으면 좋겠습니다 수고하셨어요,False,,0.0,0
@쩡쓰-u8u,고생했어영👏👏👏,False,,0.0,0
@이정은-v7y,마이린님도 수능 보느라 고생 많으셨어요 저두 이번에 수능 봤는데 떨리고 긴장 많이 했었던거 같아요 이제 수능 끝났으니 그동안 못잤던 잠들도 많이 자고 맛있는 것도 먹고 놀러도 다니고 해야겠어요 마이린님도 좋은대학 가길 바래요 제가 마이린님 이제 봤던때가 엊그제 같은데 마이린님 은 초6때인거 같은데 이제 20살 성인이 된다니 시간이 참 빠르네요,False,,0.0,0
@zer0zer00,원하는 결과 이루시길 바랍니다!!!! 수고했어요~,False,,0.0,0
@user-jo9ws6dv3o,너무 고생하셨어요 옛날에 워터파크에서 즐겁게 놀던 마이린이 이제 다컸네요.. 이제 맘 편히 쉬고 고생했어용,False,,0.0,0
@redoxzang,다들 훈훈한 댓글이 보기좋네요! 제가 동생이랑 같이 수능볼 줄은 몰랐는데 전날에 혼자 페이스조절 하느라..ㅠㅠ 비록 응원은 못했지만 수고했다는 말 전하거 싶네오🍀 그치만 저는 국어때 점수를 말아먹어서 다시 내년수능 준비하러 갑니다…ㅠㅠ,False,,0.0,0
@lilillilllilil,편하게쉬어 ~,False,,0.0,0
@김효원-c7z,❤❤❤,False,,0.0,0
@마이-u2j,와...애기때부터 보던게 엊그제 같은데 벌써 20살이 코앞이네요...시간이 정말 빠른거 같아요ㅎ,False,,0.0,0
@NO동요,수능 보시느라 수고하셨습니다.,False,,0.0,0
@Jae-dong123,이야 마이린형 이제 운전면허 따는거 보여주는거야?????? 사랑해 마이린형!!!!!!!!!!!!!!!!!! 그리고 수능 끝난거 축하해!!!!!!!!!!!!!!!!!,False,,0.0,0
@UaSUB,불닭 먹고 매워하던 마이린이 벌써..<br>시간이 진짜 빠르구나,False,,0.0,0
@신지호-q5m,형 초등학생때부터 봐왔습니다 궁금한게 있는데 문과에요 이과에요?,False,,0.0,0
@siw00,외고니까 문과겠죠 ?,True,@신지호-q5m,1.0,0
@0006x_,옛날에는 순수하다가 지금은 존잘 모범생이 됐네요<br>끝까지 화이팅..,False,,0.0,0
@dayspring3536,근데 이 나라에서 남자로 태어난 대역죄로 군대 끌려가는게 남았음ㅠㅠㅠ,False,,0.0,0
@포비디,마이린형 수능 끝난거 축하해,False,,0.0,0
@김예은-o7p9n,"하,.끝났네요",False,,0.0,0
@재이-g5g,와 형 벌써 이렇게나 빨리시간이 지나가네 12년생 팬이야!!🎉🎉,False,,0.0,0
@Juliana-re6hp,슬라임만지고 힐리스 타던 애기였는데 내가 커온 시절만큼 마이린도 많이 커서 이제 성인이네요. 수고많았어요!,False,,0.0,0
@nogen7411,수고 많았습니다! 행복한 20대 시작하시길~~!,False,,0.0,0
@곽수정-p6f,너무 고생 했어요  이제  잠시라도 쉬었으면 좋겠습니다,False,,0.0,0
@조현규-m8s,저도 수능 끝나서 피파25 사려고 하는데 재밌나요? ㅋㅋㅋ,False,,0.0,0
@eisoa,수능끝나고 온몸아픈거 진짜 맞아요 저는 낮잠 세시간 자도 너무 피곤해서 눈이 충혈됐더라고요ㅜㅜ,False,,0.0,0
@독도는일본땅이여,@@eisoa 나는 수능 5번 봤어도 온 몸 안 아프던데? ㅋㅋ 응? ㅋㅋㅋ,True,@eisoa,5.0,0
@갑판장,​@@독도는일본땅이여그렇게 봐서 다섯번 본거다,True,@eisoa,5.0,0
@hanwhaeagles637,​@@독도는일본땅이여너 한국사 몇점임?,True,@eisoa,5.0,0
@린댕댕-0125,@@독도는일본땅이여근데<br>성인 이긴해요?ㅋㅋㅋㅋ 응?ㅋㅋㅋ<br>말투부터 잼티 나는뎈ㅋㅋㅋㅋ<br>독도가 일본 땅 이라는 거 보면<br>성인이라 쳐도 수능 5번 본거<br>왠지 알겠다 ㅋㅋㅋ<br>한국사 0점ㅋㅋㅋ 엄마한테<br>등짝 각이누ㅋㅋ<br>왜요? 그렇게 따지면 김치도<br>일본거라 하고 대한민국도 북한 땅이라고<br>하지 그래요?ㅋㅋㅋㅋㅋ,True,@eisoa,5.0,0
@독도는일본땅이여,@@린댕댕-0125 내 말투 어느 부분에서 잼티가 났단 거임?,True,@eisoa,5.0,0
@뚜뚜나니,수능날학교종도않쳐서쉬는시간인지수업시간인지몰라서선생님이말해줬는데급식먹으러갈때하필은영어듣기평가였는데그때줄럼기도못하고조용이가야해서했는데깜빡하고늣게갔서빵터졌는데ㅋㅋㅋㅋ😄,False,,0.0,0
@Dodmekc,내 마음속은 아직 중학생인데 수능 끝이라니..😢,False,,0.0,0
@또미와올팍이,린 학생  정말많이 고생했어요~<br>열심히 한만큼 좋은결과 있을거예요! 응원합니다🎉,False,,0.0,0
@구독해라-g4p,6년차 구독자 09입니다.<br> 너무 축하드립니다!,False,,0.0,0
@서재훈-w6u,마이린 형님 수능 시험 보느라 고생많으셨습니다🎉🎉,False,,0.0,0
@dreamtree6850,수고 많으셨습니다 🎉🎉 이제 제 차례군요 ㅎㅎ….,False,,0.0,0
@아스티넬-u4o,수능 보느라 정말 수고 많았어요🎉😊<br>수능 후 영상도 많이 기대할게요 ㅎㅎ,False,,0.0,0
@Evelyn-rc1sg,!!,False,,0.0,0
@_EeyGoo,곧 군대 가겠네요,False,,0.0,0
@Swafm,수능 보느라 고생했어요,False,,0.0,0
@minwoo0554,마이린 진짜 애기였는데 신기하네... 수능 보느라 고생했겠네ㅎㅎ 나는 재수해서 겨우 원하던 대학 가서 원하던 공부를 할수있었는데.. 재수도 좋은 경험이긴했지만... 암튼간에 마이린은 원하던 대학에 무사히 가서 원하던 공부 하길,False,,0.0,0
@jjanggu07,바통 넘겨 받았습니다 ㅎㅎ 수능 수고하셨습니다 그 수고 이제 제가 받을 차례네요 사실 수능이 끝나면 고2가 아닌 고3이지만 허허 내년 고3되는 우리 team 07들 화이팅하자 06년생분들 대학교 잘가세요!!,False,,0.0,0
@user-krsh117,ㅋ..06 아직 안갔다,True,@jjanggu07,2.0,0
@죠죠죠죠-c9d,Team06 생명이 살렸다 대학간다 ㅋㅋㅋ,True,@jjanggu07,2.0,0
@모기버섯-h6s,ㅋㅋㅋㅋㅋㅋㅋ 우리 학교 의자가 좀 작고 이상해서 허리 아팠을거임 ㅜㅜ,False,,0.0,0
@qjsn,오 뭐야 울학교에서 보셨네요,False,,0.0,0
@olympus9358,마이린님 수고 많으셨어요 이제 행복한 대학 생활하시길!!,False,,0.0,0
@yujeong-i1l,린님 고생많으셨습니다,False,,0.0,0
@최강모럿,제가 7살때 쯤 마이린님이 초등학교 6학년이였나 중2였는데 벌써 수능 치시고 대학교를 앞두고 계신게 신기해요... 수고 많으셨습니다!!,False,,0.0,0
@포핀파티,쉬웠으면개추,False,,0.0,0
@d.2._c.,수고 많았습니다😊<br>이제 대학 생활 즐겁게 해야죠😊,False,,0.0,0
@김규민의요리교실,마이린님 수고 많으셨습니다~,False,,0.0,0
@sisisosos.s,아니 와...슬라임 만들던 마이린형 어디감....,False,,0.0,0
@JUN1X2,벌써.... 형이 좀 있으면 대학생이네.... 참 시간 빠르다,False,,0.0,0
@Libe__,마이린이 고3이엿다고?,False,,0.0,0
@DimitryLex,인제 군대가야지. 이제 시작이다 린아 ㅋ,False,,0.0,0
@서안78,린님 수고 많으셨습니다 근데 린님이 이제 또 신검 받을 나이가 되었네요..,False,,0.0,0
@복싱부-g,린아 수능보느라 수고고생많았다. 이 20살행님이 항상 응원한다잉!!!,False,,0.0,0
@ghfhfhffhfffhfffhfffhhhfhhhf,원하시는 곳 붙으시길 🎉🎉,False,,0.0,0
@user-ip9xf9qw1m,멋지다린!!!!,False,,0.0,0
@슈키림-p6m,마이린님 수능 보시느라 수고많으셨어요!!,False,,0.0,0
@최지원-p2j,고생했다 린아,False,,0.0,0
@fubao0720,와... 엄마 몰래 스낵면 끓인 영상 본게 엊그제 같은데 벌써 내년 대학생이구나. 원하는 고대 합격하길 바라요!,False,,0.0,0
@정몽규팬계정,"정몽규,이임생,홍명보,   마이린고대 사총사레츠꼬",True,@fubao0720,5.0,0
@10억빌딩,고대를 넘어 서울대 갈 것 같은 기분좋은 예감이 드네요,True,@fubao0720,5.0,0
@meganarl8892,ㅅㅂㅋㅋㅋㅋㅋㅋ​@@정몽규팬계정,True,@fubao0720,5.0,0
@FUN-G-TWI-GI,저도 푸바오 조아해요,True,@fubao0720,5.0,0
@이승민-m6x2i,제2외국어 친거 보면 서울대 목표인듯,True,@fubao0720,5.0,0
@박대성-w9k,마이린님 수고많으셨습니다,False,,0.0,0
@꽈배기게임세상,아.. 마이린이제 곧 근본이 오는건가..,False,,0.0,0
@phismaker,와 예전부터 봤는데 진짜 달라지셨네요<br>멋진 남자로 성장하셨네요!,False,,0.0,0
@어루땡,와..시간 빨리가네..,False,,0.0,0
@tyuiop-gd8uj,수능보시느라 고생하셨어요!!^^🎉🎉,False,,0.0,0
@kimye1234,수능 성적이랑 원하는 대학교도<br>말해주세요,False,,0.0,0
@user-uh3qx2qe9h,이제 초딩 마이린이 아니고 대딩 마이린이라니..,False,,0.0,0
@user-iz9hm8nt6j,와 초딩 마이린에서 벌써 수능보고 성인 된다니 수고하셧습니다,False,,0.0,0
@TV-jk5oh,고생하셨습니다❤,False,,0.0,0
@eunhae-q8p,ㅠㅠㅠㅠㅠㅠ 이제 07들의 시작이네요 ㅠㅠㅠㅠㅜㅠ 제가 중3이였던게 엊그제였는데,False,,0.0,0
@독도는일본땅이여,독도는 일본 땅입니다 여러분들 널리널리 알려주십셔,True,@eunhae-q8p,5.0,0
@icandriveallday,@@독도는일본땅이여 님 가족도 일본 소유입니다,True,@eunhae-q8p,5.0,0
@슬온-f3x,@@독도는일본땅이여 증거는?,True,@eunhae-q8p,5.0,0
@독도는일본땅이여,@@icandriveallday 가족이 일본 소유면 오히려 좋아하고 영광스러워야 하는 거 아님? ㅉㅈ 일본은 진짜 선진국인데?,True,@eunhae-q8p,5.0,0
@kY입니다,저는 내년에 중3인데 ㅠㅠㅠㅠㅋㅋㅋㅋ큐ㅠㅠㅠ,True,@eunhae-q8p,5.0,0
@Holsook1027,진짜 고생하셨습니다,False,,0.0,0
@user-lo2eg2pq8i,와 시간 진짜 빠르다,False,,0.0,0
@김태희-e1p1r,와... 완전 완전 애기때 봤는데 벌써 고3... 이라니🫢,False,,0.0,0
@독도는일본땅이여,애기는 신생아만 포함인대 마이린이 신생아 때 유튭을 올렸노?,True,@김태희-e1p1r,5.0,0
@독도는일본땅이여,독도는 일본 땅 아닌교,True,@김태희-e1p1r,5.0,0
@원율,그말이 아니잖아​@@독도는일본땅이여,True,@김태희-e1p1r,5.0,0
@Tv-dm7lb,@@독도는일본땅이여장애인ㅅㄲ,True,@김태희-e1p1r,5.0,0
@jinnam247,@@독도는일본땅이여 왜 그렇게 생각함? 역사적으로 봐도 한국 땅이라는 증거가 넘치는데?,True,@김태희-e1p1r,5.0,0
@하하-f5m9e,수고햇어요!!!,False,,0.0,0
@유제민-v3b,마이린 벌써 고딩이라고 대치생활 할때도 신기했는데 벌써 학교생활 다끝냈네,False,,0.0,0
@kirimi__,나보다 잘봤을듯 ….하,False,,0.0,0
@asdfgh0613,형 내년에 나야.....<br>그 길을 가고싶지않어,False,,0.0,0
@paulwalker6945,와 진짜 진심으로 축하드립니다!!!! 이제 학교에서도 휴대폰 안걷고 수업도 안해서 완전 자유이실텐데 그동안 못했던 것들 하고 싶은 것들 마음껏 하면서 편하게 지내시길 바랍니다!!!😇🥰😇🥰,False,,0.0,0
@성이름-x9u3h,최저 다 맞췄나 보네 축하드려용 ~ 고1 후배가,False,,0.0,0
@성이름-q9o2t,와 나도 배재고에서 봤는데,False,,0.0,0
@ianJ-d8n,마이린님...? 초딩 아니셨나...??????,False,,0.0,0
@yunalove686,"저는 10년 전 2015학년도 수능을 봤었는데 그 당시 제가 고3때 수능한파가 있었는데요. 그땐 국어영역, 수학영역 A/B형 선택제였지요. 영어는 A/B통합이고 사회탐구는 2과목 선택에 한국사과목은 필수가 아니었지요. 그러다가 2017학년도(2016.11)team98년생들이 보는 수능때부터 한국사과목이 필수가 되었죠",False,,0.0,0
@Seoul_city_hall,고생하섰습니다 마이린님🎉,False,,0.0,0
@버미는못말려,고생하셨습니다!,False,,0.0,0
@바보의신념,와....,False,,0.0,0
@카림0424,수능 보느라 고생 많으셨어요 린님,False,,0.0,0
@yunalove686,수능 고생 많으셨어요. 마이린 학생. 저는 마이린 학생이 초등생이었을때 그 시절 영상부터 봐 왔었는데요. 벌써 20 대를 앞두고 있다니요.,False,,0.0,0
@user-h7s5r,수능 보느라 고생많았어 린형,False,,0.0,0
@레온17,마이린님 수능 수고하셨습니다~!!,False,,0.0,0
@LJE-wd3lq,진짜 어릴때부터 봐왔던 마이린인데 진짜로 멋있어요.. ❤❤,False,,0.0,0
@박미진-f9m,축하드려여!,False,,0.0,0
@상상더하기-t7n,헉 마이린 언제 이렇게 컸어요 ㅎㅎ,False,,0.0,0
@연대기공언미물1지1,하07 드가자,False,,0.0,0
@TO1_Gundol,형님 축하합니다!!🎉🎉 이제 대학교 입학한 형님을 볼 수 있겠군요!!,False,,0.0,0
@Winter_bf,뭐야 내가아는 그 마이린이라고? 추천떠서 봤는데 진짜?,False,,0.0,0
@vlog6076,마이린님 좋은결과 받고 좋은대학 원하는과 딱 붙으세요ㅎㅎ한달 반 뒤면 20살 성인 이시네요ㅎㅎ<br>20대에도 좋은날들만 가득 하세요ㅎㅎ,False,,0.0,0
@남자정하늘,마이린 초등학생때가 어제 인거 같은대..,False,,0.0,0
@전기리자몽,결국 내가 확통 세지 깔아줬네 ㅋㅋㅋㅋㅋ,False,,0.0,0
@eden_never,고생많았어 결과에 너무 연연하지말고 12년의 마무리를 즐기자 !!고생많았어😊,False,,0.0,0
@LIMMY_Zinto,내가 다 속이 후련하네,False,,0.0,0
@이윤진-n6f,린아 수능보느라 고생햇어 앞으로 너가하고픈거다해 그리고또 린이는 더잘될꺼야 항상응원해,False,,0.0,0
@GODYLY,12시에 라면 먹을때부터 보던 형인데 벌써 성인이라니 말도 안된다.... 형 언제나 응원해요,False,,0.0,0
@유진퓨,"진짜 너무 너무 수고많으셨어요❤예전에 하람이 언니랑 같이 찍은 영상 보고 마이린 오빠를 알게 됐는데, 벌써 이렇게 크셨다니..!!! 전 올해 고 1 인데 벌써 저도 고 2가 되네요...ㅠㅠ😢 마이린 오빠 수능 보시느라 그동안 너무 너무 고생 많으셨어요!!❤",False,,0.0,0
@desuaw,수고하셨습니다!!! 앞으로 쭉 탄탄대로만 걷길 바랄게요🎉,False,,0.0,0
@수원삼성팬공간,ㅂ린님 대학브이로그 볼수 있는거예요 대학은 결과가 나왔나요 ㅎㅎㅎㅎ,False,,0.0,0
@Easy-l6o,마이린님 너무 수고 많으셨어요~ 고생하셨습니다~!!,False,,0.0,0
@쩝-r6m,수능 잘본거 같네요~<br>부럽부럽 🎉,False,,0.0,0
@youjinbyun8487,세월 진짜 빠르네ㅠㅠ<br>마이린 초등학생때부터 봤었는데..<br>벌써 대학생이라니😮<br>항상 응원할게요!!,False,,0.0,0
@김민찬-x9r,이번 수능이 국어든 수학이든 다 쉬웠다고 하더라고요 ㅎㅎ 쉬웠던 이유가 킬러문제를 다 빼서 그런거에요 ㅠㅠ 아무튼고생했어요 ㅎㅎ,False,,0.0,0
@박재용-j4d,린아 수고했다~ 학교에서 보자,False,,0.0,0
@qkrtioa,수고했어요,False,,0.0,0
@쭈돌,고생했습니다~!❤,False,,0.0,0
@귀요미옌니앨리스-o2d,마이린 수능 고생많았어🙂 합격하길🙂,False,,0.0,0
@홍진수-t5g,저도 수능 배제고에서 봤어요,False,,0.0,0
@임진혁-g8v,마이린 고생했어요,False,,0.0,0
@user-Yang.Sueng.Joo.,정말 수고 많으셨습니다..^^,False,,0.0,0
@o1n38,저도 수능 보고왔습니다! 마이린님도 수고하셨어용 이제 대학 갈 준비 합시다~ 25학번 새내기!!!,False,,0.0,0
@솔라나-d2y,수능 잘봤나보네 ㅊㅋ😊,False,,0.0,0
@kjsheart30,린님 수고하셧습니다아~,False,,0.0,0
@t.g4992.ya.,고생 많았습니다. 수능 보시느라 많이 떨렸을텐데 이겨내고 잘 봐서 다행입니다. 수고많았고 고생했습니다. 저랑 동갑인 고3여러분들 수능 보시느라 고생많이했습니다. 수고많았습니다.,False,,0.0,0
@김가온-o9t,전 중학생이긴 하지만@t.g4992.ya.님도 고생많으셨습니다,True,@t.g4992.ya.,1.0,0
@도토리-b4n,수고 하셨어요! 항상 응원하고 있습미다,False,,0.0,0
@밍이-d3n,수능 보느라 고생 많아 습니다,False,,0.0,0
@보경김-y7y,ㅇ,False,,0.0,0
@태민성-e1p,최린님  수고하셨습니다,False,,0.0,0
@goodday3150,마이린 역시 해내셨군요! 정말 멋지고 자랑스럽습니다~!🤗🤗<br>시험 보시는 중에도 멀리서 응원하고 있었어요~분명 원하시는 대학 가실거에요~! <br>그동안 정말 고생 많으셨구<br>이제 하고싶으신거 전부 마음껏 누리시면서 체력회복도 하구 그렇게 편히 지내요~~🎉😊,False,,0.0,0
@hyejunghwang-zk6uh,드디어 ❤❤,False,,0.0,0
@밍이-d3n,12년동안 너무 고생 많아 습니다,False,,0.0,0
@지구용사벡터맨,마이린님수고많으셨습니다🤗🤗🤗,False,,0.0,0
@10억빌딩,마이린님 서울대에서 뵙겠습니다.,False,,0.0,0
@thanksmommy486,마이린님! 후기 기다렸어요! 40대 아주미팬이예요❤❤고생했어요!!기특기특,False,,0.0,0
@제닉스-p4y,린아 수고많았어 시험도 끝났으니<br>먹고싶은것도 많이 먹고 하고싶었던<br>게임도 실컷 하고 놀러도 다니고 <br>행복한시간 보내,False,,0.0,0
@호경한-i4m,린이 수능 보느라 고생 많았어 고 3생활 즐거웠지 남은 생활 잘지내고 이제 좋은대학 가길 바랄게❤❤😊,False,,0.0,0
@jn.jjn03,고생많았어요👏,False,,0.0,0
@jinn0409,저는 상일여고에서 봤는데.. 근처에서 봤네요.. 제2 외국어 선택자여서 한영외고 후드집업도 많이 보였고..ㅎㅎ 수고하셨습니다,False,,0.0,0
@김서형-d2m,너무 고생 많았어요. 원하는 대학교 가기를 기도할게요.,False,,0.0,0
@somi_the_jindo,"올해 수능 어려웠다고 했는데...<br>무사히 수능을 봐서 수고하셨어요.<br>수능결과가 인생의 결정이 되는건 아니고 못봤어도 결과에 넘 신경쓰지 말고.<br>앞으로 어른이 되서 점점 성장하면 됩니다.<br>저는 대학교를 안갔지만 고등학교 졸업하고 어른으로 살아가다보니 아 내가 대학교를 안간게 다 인생이 결정하는게 아니구나 라는 것을 깨달았어요 <br>아무래도 어른으로써 사회생활을 해야하는게 중요해요.<br>저의 부모님도, 심리상담샘도, 주변사람들도 그런걸 항상 말하고 저도 경험을 하면서 많이 깨달아요.<br>오늘 영상잘보고 가요~<br>수능을 무사히 봤다고 하니 27살인 누나가 안심하고 수고하셨어요~♡<br>앞으로 어른으로 하나의 독립적인 인격체로 살아가길!!<br>꽃길만 걷길!!<br>27살인 랜선 누나가 응원할게!!<br>린이 화이팅!",False,,0.0,0
@유휘선-f8f,그동안 수능을 위해 여러해 열심히 준비하시느라 정말 수고 많으셨어요. 대학생 되어서도 영상 잘 볼께요!<br><br><del>저는 25년도에 고1이어서 이제 시작이네요..</del>,False,,0.0,0
@박지은-o1w,너무너무고생했어요!ㅎㅎ,False,,0.0,0
@윤-x5c9e,"ㅠㅠ 수능 수고하셨고 축하드려요!! <br>내년, 대학생 유튜버 되시면 공부법이랑 고1 팁들도 알려주세요!!",False,,0.0,0
@신민재-u4v,마이린님수능수고많아습니다,False,,0.0,0
@June-0112,마이린이 벌써 대학생이라니..,False,,0.0,0
@leejaehyeong0908,수능보느라 고생 많았어요!! 좋은 결과 나와서 원하는 대학 갔으면 좋겠습니다💪💪(이미 저는 대졸입니다만),False,,0.0,0
@승준스태커,린이형 수능보느라 고생하셨습니다,False,,0.0,0
@김웅배-e6f,수고 많으셨어요🎉🎉🎉,False,,0.0,0
@문종현-l5k,안녕하세요 마이린님 오늘 영상 찍느라 고생 많으셨습니다 화이팅 하세요 힘내세요 응원할게요,False,,0.0,0
@종민-l9x,마이린 님 수능 고생 많으셨습니다,False,,0.0,0
@윤건희-r5r,수고 많으셨습니다. 이제 좋은 대학에 가기를 바랄께요,False,,0.0,0
@wootube430,그 감정 겪어봐서 아는데 진짜 너무 고생했어요!!!👍🏻,False,,0.0,0
@bigbong2460,정말 수고 많았어요 결과가 좋았으면 좋겠어요 마이린님 분명 잘했을거라 생각됩니다,False,,0.0,0
@CR7-f2q8e,마이린 화이팅!,False,,0.0,0
@이선빈-u3q,마이린님 정말 마이린님이 초등학교 5학년때 부터 보던 팬인데 정말 수고 많으셨네요.. 고생하셨고 좋은 원하는 대학 꼭 붙으셨으면 좋겠어요!!!😂❤,False,,0.0,0
@석양-d5i,수능끝나고 하고싶은 일의 1위가 알바해보기래요 ㅎㅎ,False,,0.0,0
@문종현뻘둥이,린아 수능 보느라 고생 많았어~!!,False,,0.0,0
@Dhwodnfba.01,마이린오빠님 수고많으셨어요❤❤ 내년에 저 차례입니다 하하 저도 빨리 20대되고싶네요 ㅠㅠ 07년생들아 수능을 위해서 힘내자ㅠㅠ,False,,0.0,0
@Dhwodnfba.01,@serendipity_bloom  님 07년생이신가요?,True,@Dhwodnfba.01,4.0,0
@youve07,저도 07.. 시간 참 빠르네요ㅠㅠ 마이린님 정말 수고하셨습니다!!,True,@Dhwodnfba.01,4.0,0
@Dhwodnfba.01,@@youve07 하하 저도 07년생인데 다같이 화이팅합시다 ㅠㅠ 내가 고3올라가고 수능치다니 ㅠ,True,@Dhwodnfba.01,4.0,0
@Sjsjdjd-b2w,힘내십쇼..응원할게요 저도 2년뒤에 수능이지만..,True,@Dhwodnfba.01,4.0,0
@cheese_dogkingking,수고하셨습니다!!!!🎉🎉🎉,False,,0.0,0
@anja-ci3gj,진짜 수고많았어,False,,0.0,0
@music-l5q,형 너무 수고했어요 좋을결과 나오길 바래요,False,,0.0,0
@엔비09,마이린님 수능보시느라 정말 고생 많으셨어요🎉<br>이제 앞으로 남은일도 모두 꽃길만 걸으시길!,False,,0.0,0
@또떼지,정말 수고많으셨어요!! 당분간은 맘놓고 편하게 쉬세요~^v^,False,,0.0,0
@m.k_un9,수고했어요 꼭 원하는 대학 붙어서 행복하세요,False,,0.0,0
@김유화24-110-j,정말 고생하셨어요!!<br>벌써 마이린이 곧 20살이 되겠네요!,False,,0.0,0
@leadersjs8904,한영외고 학생들 모두 화이팅! ~,False,,0.0,0
@러블리맘-j3f,와~~~♡♡표정 좋고^^장하다,False,,0.0,0
@park4049,모두 수능 보느라 수고했습니다!!!!🎉🎉,False,,0.0,0
@지혜현명,표정이 좋은거 보니 시험 잘 봤나봐요^^ 좋은 결과있기를 바래요~,False,,0.0,0
@성호준TV,린아 고생 많았다 ❤❤❤ 난 한영외고<br>경비원으로 끝났다!!!!!,False,,0.0,0
@후드입은자크,ㅋㅋz,True,@성호준TV,3.0,0
@성호준TV,@@후드입은자크 누구십니까???,True,@성호준TV,3.0,0
@성호준TV,@@후드입은자크 누구세요???,True,@성호준TV,3.0,0
@냥꿍이-o4d,시험잘본거같은 표정이다 다행이네,False,,0.0,0
@황순자-g6n,못본게 이상하죠~ 올해 수능 쉽다고 난리도 아닙니다,True,@냥꿍이-o4d,5.0,0
@Jiandailylife,@@황순자-g6n말을 참….,True,@냥꿍이-o4d,5.0,0
@황순자-g6n,@@Jiandailylife 뉴스 좀 보고사세요!,True,@냥꿍이-o4d,5.0,0
@Jiandailylife,@@황순자-g6n 아 예~~~~~~~,True,@냥꿍이-o4d,5.0,0
@랄랄라-s9u,@@황순자-g6nㅋㅋㅋ 쉬우면 다 잘볼거라고 생각하시는것도 말이 안되구... 올해가 쉽다고 난리인것도 말이 안되네요ㅋㅋㅋㅋ 뉴스 많이 보세요~~ 남이 이룬 성과를 진심으로 축하해줄 줄도 알아야 본인 인생도 행복할거에요,True,@냥꿍이-o4d,5.0,0
@에단-s6b,마이린님 수능 치느라 정말 수고하셨어요!! 이제 좀 있으면 대학생 되시네요 ㅎㅎ 🎉,False,,0.0,0
@감민재-w3e,마이린 화이팅,False,,0.0,0
@서니-m3h,와 이제 대학생 마이린 보는거야?,False,,0.0,0
@iiimiiii,아니 분명 초딩이었는데,True,@서니-m3h,5.0,0
@user-심국보shimgukbo,이제 초딩 마이린이 아니라 대딩 마이린이 되겠네요 ㅋㅋ,True,@서니-m3h,5.0,0
@강아지-v6e,군인 마이린을 보겠죠,True,@서니-m3h,5.0,0
@Alan-yr6hj,@@강아지-v6e ㅋㅋ 이건 아니지 그냥 내 형같아..ㅜ,True,@서니-m3h,5.0,0
@jioasminkyu1207,아니 초딩때 내가고3이였는데…,True,@서니-m3h,5.0,0
@Yu.na_5,12년동안 너무 고생 많으셨어요,False,,0.0,0
@뚠방공주,어 순간 12수 한줄 알았네;,True,@Yu.na_5,2.0,0
@sx_y0o,ㅋㅋㅋㅋㅋ,True,@Yu.na_5,2.0,0
@parallel_universe99,와... 드디어 후기 올라왔다!!<br>이제 대학 브이로그를 볼 수 있는 건가요?! <br>... 나 3년 남았는데 개쫄린다 ...,False,,0.0,0
@Mokpo-fixedgearbike,수고했습니다,False,,0.0,0
@고민수-t6x,마이린님  수능정말 고생많으셨어요 주말잘보내요 😊😊,False,,0.0,0
@펌프킨-n6r,생생한 수능후기 감사합니다 ~~,False,,0.0,0
@로건리-r6c,나때는 하면 안되지만 한국사 탐구때 애들 다 그때는 이제 정신 놓고 나갈 생각에 들썩 들썩 하던 기먹이 ㅋㄱㅋ,False,,0.0,0
@임단비-u7y,수고했어요,False,,0.0,0
@삼각함수-j2m,고생많았어요ᆢ좋은결과 응원해요😊,False,,0.0,0
@dlgbv21,수능 고생많아서요.수고했어요.,False,,0.0,0
@KONAElectric김민엽,마이린님 사랑해요,False,,0.0,0
@로건리-r6c,와 드뎌 고생 끝,False,,0.0,0
@Silverstar0501,저는 2년 남았는데.. 린이형 고생하셨습니다!!,False,,0.0,0
@하송이,진짜 수고 많으셨어요❤❤,False,,0.0,0
@아캥-v4h,수고 많았어유😊,False,,0.0,0
@박정우-d9y,수능 수고많으셨어요~~♡♡,False,,0.0,0
@user-hdjkasdj,수고했어요 형!,False,,0.0,0
@jwh1105,저두 수능 보고 왔습니다<br>린도 수능 보시느라 정말 수고많았습니다😊,False,,0.0,0
@jjyoou,고3분들 다들너무고생하셨어요❤🎉 이제 모두 꽃길만걷기!!,False,,0.0,0
@youtubu12,저희아는언니도 수능봤는데 제발잘봤으면좋겠네요😊,False,,0.0,0
@김선우건즈,마이린님! 수고하셨습니다!<br>열심히 공부를 한만큼 좋은 성과를 얻으시길 기원합니다!,False,,0.0,0
@seowonpretty,수고 많으셨습니다~~!,False,,0.0,0
@singwon,고생 많았어요.,False,,0.0,0
@hanyupte,수능 보느라 수고했어 린아 곧 운전면허 따겠네,False,,0.0,0
@어쩌라고-l9i,마이린 수능 고생했어요 😮,False,,0.0,0
@istj792,기다렷어요ㅜㅜㅠ 수고 많으셨어요!!,False,,0.0,0
@jangseonghyeon171,린이형 수고했어 👍,False,,0.0,0
@연산이,수고하셨습니다 😊😊,False,,0.0,0
@소희-j2r,고생 많으셨어요!,False,,0.0,0
@wkssazevdh3784,고생 많으셨어요🎉,False,,0.0,0
@Pohang_bus_tago_o-w2z,1등,False,,0.0,0
@혜진김-j9w,마이린 수능 수고했어요 ❤,False,,0.0,0
@퐁당-k8h,정말 고생했어요😊,False,,0.0,0
