author,comment,is_reply,reply_to,reply_count,is_spam
@TEO_universe,"에어랩 고민하던 분들 놓치지 마세요! 다이슨 NEW 에어랩 i.d. 환불 보장 캠페인 ✨<br>나의 매일이 달라지는 경험, 업그레이드 된 에어랩을 직접 사용해보고 결정하세요! ▶ <a href=""https://url.kr/qzsfga"">https://url.kr/qzsfga</a>",False,,0.0,0
@트라피스트-1,1빠!!,True,@TEO_universe,3.0,0
@DavidaJarvis,ㄱ글 에서 벳프리 보느라 눈밑에까지 다크써클 들어옴 ... 진짜 근데이뻐서 눈을못떼겟다...,True,@TEO_universe,3.0,0
@GuinevereFlowerLike,ㄱ글 에서 벳프리 진짜 보다보면 빠져든다 라이브에 수위도좋고 외모도 좋고 삼박자 지렀으?,True,@TEO_universe,3.0,0
@nlilx2397,아진짜 썸네일 보자마자 활짝웃음 그냥,False,,0.0,0
@TEO_universe,웃으면 복이 와요 😁,True,@nlilx2397,5.0,0
@user-nuneo,ㅋㅋㅋㅋ썸네일보고 웃으면서 들어왔다가 댓글보고 개터짐,True,@nlilx2397,5.0,0
@pinkberry115,&quot;이&quot;웃사촌🤓,True,@nlilx2397,5.0,0
@Yanann-w4r,저도 광대 싹 올라오면서 들어왔어요 ㅋㅋㅋ 가비 내 행복벨🔔💕,True,@nlilx2397,5.0,0
@user-po5mb3kp6u,진짜 도연과 가비라니...제일 좋아,True,@nlilx2397,5.0,0
@김솜땀,가비 도연언니 진짜 좋아하는 것 같음ㅋㅋㅋㅋ 뭐 하나 던지고 입꼬리 주체 못하면서 도연언니 반응 살피는데 도연언니의 모든 반응이 다 I 그 자체의 반응이라 기대했던 만큼 너무 행복해하는듯ㅋㅋㅋ,False,,0.0,0
@트라피스트-1,😊,True,@김솜땀,2.0,0
@GuinevereFlowerLike,진짜 ㄱ글 에서 벳프리 에서 방송 하시던분 진짜 잼있어 ... 다시보고 싶어서 가보자 ?,True,@김솜땀,2.0,0
@Shhh-l8y,"<a href=""https://www.youtube.com/watch?v=V8chp43s5_0&amp;t=1931"">32:11</a> 자존감 확 떨어지시는분들 이 방법 꼭 강추해요,, 너무 대단한것만 볼려고 하지말고 “더 편한방법도 있었는데 조금 더 움직일려고 이렇게했어” 라는 사소한 것도 나를 칭찬하는 버릇들이면 감정기복도 짱 많이 줄어들어요",False,,0.0,0
@파란하루-f7u,한 번 해볼게요,True,@Shhh-l8y,5.0,0
@내가나에게해줄것,감사해요 강추방법 꼭 써먹어서 인생 더 편하게 살수있을거같아요 ❤,True,@Shhh-l8y,5.0,0
@happyjamiehaha,좋은팁 공유 감사합니다-!!,True,@Shhh-l8y,5.0,0
@수평선-e1h,맞아용! 효과직빵입니다ㅎㅎ,True,@Shhh-l8y,5.0,0
@N양-I9금-야노-s8x,⇞📀,True,@Shhh-l8y,5.0,0
@eseong2376,가비 성격 너무 좋다!! 밝고 잘 웃어서 볼때마다 같이 기분이 좋아짐!!,False,,0.0,0
@TEO_universe,살롱+가비 = 최고의 웃음영양제,True,@eseong2376,1.0,0
@설탕나라-o6n,일단 가비 나오면 무조건 재밋음 ㅋㅋㅋㅋㅋㅋㅋ,False,,0.0,0
@트라피스트-1,ㅇㅈㅇㅈ ㅋㅋ,True,@설탕나라-o6n,3.0,0
@mmaaaaannb,ㅇㅈㅇㅈ 내 웃음버튼 계속 눌러서 미치겟음,True,@설탕나라-o6n,3.0,0
@user-jr7mu5dg9q,진짜인정ㅋㅋㅋㅋ 재밌는건 무조건 보장임ㅋㅋㅋㅋㅋ,True,@설탕나라-o6n,3.0,0
@반박시내말이다맞음,"아니 장도여니여니 오늘 머리 잘 볶았네,, 뭐 저렇게 귀엽지",False,,0.0,0
@모모-w9w,도여니 귀여어,True,@반박시내말이다맞음,5.0,0
@Angyungminam_collector,갈색 볶음머리에 갈색 상의 너무 찰떡임,True,@반박시내말이다맞음,5.0,0
@fowlma5019,그니까 유독 오늘따라 가비걸 처음 입양해서 키우는 푸들같음,True,@반박시내말이다맞음,5.0,0
@솝-h2s,볼 긁을때 ㅈㄴ 똥깡아지같고 귀여움,True,@반박시내말이다맞음,5.0,0
@KYO.B,진짜 복슬복슬 갈색 푸들 같음,True,@반박시내말이다맞음,5.0,0
@김도운-q2i,하 진짜 가비 너무 사랑스럽고 외향인 중에 가장 친해지기 덜 부담스러운 외향인임 너무 웃김 약간 현실성 있게 귀엽고 착하고 모든게 다 찐 같아서 넘 좋음 ㅜㅋㅋㅋㅋㅋㅋㅋ,False,,0.0,0
@Hivyehibyehibye,해피 바이러스&lt;&lt; 라는 말이 진짜 잘어울리는 인간같음 가비없었을땐 뭘 보고 이렇게 꺄르륵 웃어 봤을까 싶을정도로 요즘 가비덕에 많이 웃음 ㅜㅜ,False,,0.0,0
@user-dn3cr4eg7r,가비 원래도 이뻤는데 오늘 헤메코 다 너무 이쁘다..진짜 멋쁨,False,,0.0,0
@dudeiedk,저기 미안한데 나도 껴서 세명이서 이웃사촌 하면 안될까 나 언제든지 달려갈 수 있는데,False,,0.0,0
@user-iiiiiijij,셋이 이웃사촌 하자고? 너 누군데,True,@dudeiedk,5.0,0
@알수가없어,@@user-iiiiiijij슈슈슈슈퍼노바,True,@dudeiedk,5.0,0
@Melon.s_zipsa,@@user-iiiiiijijㅋㅋㅋㅋㅋㅋㅋㅋㅋㅋㅋㅋㅋㅋㅋㅋㅋㅋㅋㅋㅋㅋㅋㅋㅋㅋㅋㅋㅋㅋㅋㅋㅋㅋㅋㅋㅋㅋ,True,@dudeiedk,5.0,0
@Kajakina3,지나가는 개 역할은 제가 맡을게요...,True,@dudeiedk,5.0,0
@장지애-p9c,가비님 막내 매니절 한자리라도 맡는게 더 빠르지 않을까요?ㅎ,True,@dudeiedk,5.0,0
@dbaksrud,요즘 가비씨 너무 호감.. 쇼츠 보다가도 가비씨 나오면 웃음부터 나오고 가비씨 웃음소리에 중독되고…. 이런게 사랑인가 싶네요..,False,,0.0,0
@user-po5mb3kp6u,극도로 호감 가는 두 여성분이 같이 나오시니 그냥 황홀 그 잡채네요❤,True,@dbaksrud,1.0,0
@nnaacc217,말 많은 e는 잘 들어주는 i 좋아함 i는 힘겹게 분위기 안 끌어도 되고 e는 자기 얘기 하려고 타이밍 안 봐도 됨 최고의 조합ㅋㅋㅋㅋㅋ,False,,0.0,0
@user-x9ldoxj9wdf,저러고 i는 집에서 며칠 쉬어줘야함 ㅋㅋㅋㅋ,True,@nnaacc217,4.0,0
@키키-e6z3k,ㄹㅇ 어색한 침묵 엄청 힘든데 걍 쉴새없이 얘기해주면 걍 쉴새없이 리액션 하면 되니까 좋음,True,@nnaacc217,4.0,0
@Dr_brown-h9n,그렇다고 너무 자기얘기만 xxx 티키타가 되어야 조흠..,True,@nnaacc217,4.0,0
@먘먘-h7b,@@키키-e6z3k 이게 진짜 맞말이에요ㅋㅋㅋㅋ👍,True,@nnaacc217,4.0,0
@gosemfdlqslek,"근데 너무 멋있고 행동력이 좋다..<br>초딩 때는 집에서 혼자 두세시간 춤추고<br>중딩 때는 자기 돈으로 수원에서 서울 가서 댄스학원 등록하고<br>고딩 때는 한림예고 1기 입학에 K팝스타 나가서 최종 50인까지 들고 양현석한테 직접 구운 CD 전달하고<br>지금은 라치카 리더에 온갖 히트곡 안무 담당 + 퀸가비로 독보적인 캐릭터 구축<br>이 와중에 비욘세한테 디엠ㅋㅋ까지<br>성과랑 별개로 걍 늘 도전하는 삶을 살아온 거 같아서 멋있음<br>사실 뚜렷한 로드맵이 정해져 있는 분야가 아니고, 가비 어렸을 때는 더 그랬는데도 진짜 본인만의 길을 개척해왔네",False,,0.0,0
@Invuytd,"<a href=""https://www.youtube.com/watch?v=V8chp43s5_0&amp;t=1769"">29:29</a> 가비 왤케 이쁨,,",False,,0.0,0
@xX-um4qv,아니 퀸가비에서 파브르 옷 같은 것만 봐서 그런가 더 예뻐보임..ㅋㅋㅋㅋㅋ,True,@Invuytd,4.0,0
@user-po5mb3kp6u,진짜 존예임,True,@Invuytd,4.0,0
@everlydo,그니까 머리색 화장 옷 다 찰떡임,True,@Invuytd,4.0,0
@아익후-f6r,나 이거 댓글 없으면 진짜 서운할 뻔했어. 아무도 몰라주나 세상이 이럴 수 있나,True,@Invuytd,4.0,0
@ji___yommy,아 가비 진짜 귀엽고 사랑스럽다ㅠ 채소먹고 자존감 회복하는거ㅋㅋㅋㅋ웃기고 귀여운데 진짜 너무 맞는 말 그런 사소한 부분부터 나를 사랑해주는게 중요한 거 같아요,False,,0.0,0
@냠냠이-g7y,"<a href=""https://www.youtube.com/watch?v=V8chp43s5_0&amp;t=1930"">32:10</a> 퀸가비 마인드! 채소먹기🥕🥒🥬 ㅋㅋㅋㅋㅋㅋㅋㅋㅋ 큐트한데 인생의진리❤",False,,0.0,0
@고구마-f2u,가비보면 기분이 너무 좋아져요 ㅋㅋㅋㅋㅋㅋ<br>오늘 도연언니도 기빨리지만 편해보임 ㅋㅋㅋㅋㅋ,False,,0.0,0
@김뽀-h7m,가비는 자존감도 높고 상대를 배려하는 태도도 잘 갖추고 있어서 텐션이 높으면서도 무례하지 않다. 그래서 늘 웃으면서 보게되는 사람. 긍정적이고 유쾌한 사람이라 좋다.,False,,0.0,0
@dek5677,가비님 보고있으면 행복해짐!!!!!!!!!!!!!!!가비만의 성격이 너무너무 매력적이야!!!!!!!!!!!!!!!!!!<br>가비님 춤잘추는 능력때문에 퀸력 +10000000% 더 상승하는거같음ㅋㅋㅋ복도 런웨이 개 쌈💅뽕하게 말아주신다ㅋㅋㅋ,False,,0.0,0
@catatonia4620,생일파티 얘기할 때 약간 머쓱해서 웃는 거... 중독적이야...퀸 가비 당신...♥,False,,0.0,0
@911lovee,되게 솔직한데 선하고 예의있고 사랑스럽다,False,,0.0,0
@MARS-ty6ox,"<a href=""https://www.youtube.com/watch?v=V8chp43s5_0&amp;t=1770"">29:30</a> 춤 좋아하냐고 물어보는 가비 너무 예쁘네..",False,,0.0,0
@40피트하이큐빅,진짜 가비 대한민국 춤 전도사,True,@MARS-ty6ox,5.0,0
@sba1587,진심 유혹하는줄 왜케 유독 저 장면에선 예쁨 ㄷㄷ,True,@MARS-ty6ox,5.0,0
@icanhandlee,헉 나 지금 이거쓰려고 댓글창켰는데<br>진짜 너무이뻐요,True,@MARS-ty6ox,5.0,0
@김미경-i6b1n,역시 사람이 좋아하는 걸 말할 때 반짝반짝해 보이나봐요.. 각도까지 완벽,True,@MARS-ty6ox,5.0,0
@택배왔습니다-o2h,진짜 가비 이 댓 봤으면 ❤ 물론 다 너무 예쁘지만 특히 너무 아름다워요!!,True,@MARS-ty6ox,5.0,0
@박정신-e6p,장도연씨  오늘  헤메코 완전 찰떡,False,,0.0,0
@Crazy_Pen,가비씨 긍정적이고 밝은 에너지 너무 좋아요   항상 행복하세요♡,False,,0.0,0
@하늘구름-q8k,"<a href=""https://www.youtube.com/watch?v=V8chp43s5_0&amp;t=1863"">31:03</a> 리더인 이유가 있다. 행동력 오진다 저런 리더면 너무 든든할거같애",False,,0.0,0
@김현수-k6d7t,과제하면서 볼려고 틀었다가 그냥 살롱드립 본 사람됨 ㅋㅋㅋ큐큨큐ㅠㅠ큐큐ㅠㅠㅠ 아 퀸가비 너무 재밌잔아ㅠㅠㅠㅠㅠㅠㅠㅠㅠ,False,,0.0,0
@onmymarklee,와 미쳤다 이날 가비 메이크업 누가 해주신 거지?? 너무 찰떡이다.. 역대급 아름다움🥺,False,,0.0,0
@jung_____1,요즘 가비 여기저기 나와서 너무좋음ㅋㅋㅋ 보면 볼수록 너무 좋은사람 곁에두고싶은사람ㅠㅠㅠㅠㅠ,False,,0.0,0
@뽀에버하루,"겁나 바쁠텐데 볼때마다 웃고있음,,,진짜 대단한 사람이야 가비🍀 그래서 더 응원하게 되고 나도 좋은기운 받는것 같아!! 가비짱 영원히 슈퍼스타해!!!🌟 땡큐알랍뷰😗",False,,0.0,0
@salt.1523,장도연 머리 너무 잘어울림 초코푸들같아,False,,0.0,0
@6lo0ol9,나이가 들어 보인다기보다<br>80세의 으르신도 동생이 되고 싶어지는<br>그냥 언니라고 부르고 싶은 든든한 아우라가 있음,False,,0.0,0
@도산분식수도분수,가비랑 장도연 둘이 뭔가 다른 세계관에 사는 여자들이 좋아하는 재밌는 여자 느낌이었는데 이렇게 한 화면 안에 있으니까 뭔가 세계관 충돌같으면서 의외의 조합이라 신기한데 좋음 그냥 이 느낌을 설명 못하겠어서 답답하다 걍 둘다 개좋음❤,False,,0.0,0
@dduya_shushu,아 왤케 행복해서 울컥하지… 진짜 무해한 조합이다ㅠㅠㅠ 요즘 같은 잇몸 가뭄시대에… 웃겨서 웃는것보다 진짜 기분이 좋아져서 웃게 됐던건 슈돌 삼둥이 이 후로 첨인드슈ㅠ,False,,0.0,0
@귀여운꼬마아가씨,가비는 사람이 밝아서 보기만 해도 에너지 얻어가는 느낌.<br>어떻게 저렇게 밝고 에너지 넘치는지  부러워요.,False,,0.0,0
@새벽-p2l,도연언니 실시간으로 기빨리는거 보는거 정말 빅잼이다,False,,0.0,0
@보글보글-s1e,아 웃긴 것도 아닌데 가비가 새하얀 이 보여주면서 웃을 때마다 나도 웃게 돼 ㅋㅋㅋㅋㅋㅋㅋㅋㅋㅋㅋㅋ,False,,0.0,0
@2hieutrieul,"<a href=""https://www.youtube.com/watch?v=V8chp43s5_0&amp;t=2236"">37:16</a> 마지막까지 사랑스러❤🩷 내내 미소 가~~~득인 가비씨 넘 최고예요ㅠㅠ👍",False,,0.0,0
@662..,가비랑 장도연이라니 ㅠ 보고있으면 행복한 사람들이 모이니까 너무 힐링됨 ㅠㅠㅠ❤❤,False,,0.0,0
@Kpopjoayo,"<a href=""https://www.youtube.com/watch?v=V8chp43s5_0&amp;t=109"">1:49</a> 가비보고웃는여자들덕분에<br>나도기분이너무좋다",False,,0.0,0
@nlilx2397,가비 사랑해💕💕💕💕💕💕💕 자기 일 잘하고 열심히 사는 여자가 잘되는 건 너무 기쁜일이야,False,,0.0,0
@minjuru5829,역대급 재미에요ㅠㅠ37분이 이렇게 짧게 느껴지다니ㅜㅜㅠ❤❤,False,,0.0,0
@Kajakina3,"나 이제 가비 온니 얼굴만 봐도 웃음꽃 피우게 됨... 왜??? 독자 매니졀들에게 무료로 행복을 전달하는 아티스트. 그게 바로 가비잔아,<br>빗*기쁨이 like···.",False,,0.0,0
@ahtwlek,도연언니 오늘 너무 푸들같이 귀엽다ㅠㅠ<br>가비언니 텐션 미쳤어ㅋㅋㅋㅋㅋ실시간으로 같이 기빨려서 봄😂😂,False,,0.0,0
@RANGRANGSS,어쩜 이리 유쾌할까?<br>옆집에 붙어살고싶다...ㅋㅋㅋㅋㅋㅋㅋㅋㅋ세상 보기만해도 즐겁냐ㅋㅋㅋ,False,,0.0,0
@user-아오아오아,가비는 진짜 신기한게 다른 완전 유명한 외향형들 방송보면 좀 기빨려서 많이 못보는게 있는데 가비 방송은 하나도 안빨림... 그냥 무한정으로 재미있기만 해,False,,0.0,0
@이하영-v3w0k,도연님 오늘 왜이렇게 이쁘심ㅜㅜㅜ 착장이랑 스타일링 레전드다,False,,0.0,0
@SunShine-mj3ut,와 너무 좋아하는 조합이에요🫶,False,,0.0,0
@Jeong.mansick,가비 오늘 헤메코 미쳤오오오,False,,0.0,0
@EB3IB4E,"이 조합 너무 좋네요 후후후후 이번 편도 너무 재밌고, 두분의 인격에 감탄하고..",False,,0.0,0
@펑-b1j,"아진짜 최고로 좋아하는 여자들의 만남, , ,너무 좋은 느낌을 줌❤❤❤❤",False,,0.0,0
@golden3608,진짜 너무 좋다. 유투브 켜자마자 보여서 얼마나 신나게 보러왔는지 ㅋㅋㅋㅋㅋ 그냥 사람 자체가 너무 좋아,False,,0.0,0
@shh5146,가비야 내가 세번정도 다시봤는데 도연언니도 너 많이 좋아하는거같애!!!!!!!,False,,0.0,0
@하늘구름-q8k,아 가비 짇짜 귀여워 ㅋㅋㅋㅋㅋㅋ난 내향형인데 저렇게 ㄴ날 조아해주면서 다가와주면 왠지 뷰끄러우면서도 조음ㅋㅋㅋㅋ,False,,0.0,0
@BtoOtoM,도연님 퍼스널컬러가 브라운인가봐❤ 푸들처럼 넘 귀여워요,False,,0.0,0
@_tree9085,가비 너무 조타 💛 <br>나도 내모습이 마음에 들도록 열시미 살아야짓 !,False,,0.0,0
@hughiehughie8484,에너지넘나부럽다 가비님지인들이 부러워지는 밤이네,False,,0.0,0
@정이-u4d,매력이 넘처흘러<br>보는동안 게속 설레 ㅋㅋ❤️,False,,0.0,0
@냠냠이-g7y,ㅋㅋㅋㅋㅋㅋㅋㅋㅋㅋㅋㅋㅋㅋㅋㅋ 와 진짜 미친듯이 계속 웃었어욬ㅋㅋㅋㅋㅋㅋ,False,,0.0,0
@kim___haeji,퇴근하고 늦은 저녁 먹으면서 빵빵 웃으면서 봤어요❤ 가비언니 감사해요 도연언니 최고❤,False,,0.0,0
@여름이-m4g,가비님 에너지 너무 좋아요 유투브보면서 넘 많이 웃어서 행복해졌어요! 가비님 도연님도 행복하세요 :),False,,0.0,0
@nani_119,ㅋㅋㅋㅋㅋㅋㅋ태민씨의 둘째누낰ㅋㅋㅋㅋㅋㅋ진짜 도연언니 센스 미쳤다고ㅠㅋㅋㅋㅋㅋㅋ,False,,0.0,0
@user-rm6fh1fd3x,가비 스타일링 쵝오에요😭👍🏻 <br>퀸가비에서도 이렇게 해주세연~<br>도연님 항상 멋지십니다,False,,0.0,0
@마두기-x3q,둘 다 선한 에너지 뿜뿜이에요 ㅜㅜ 응원합니다 넘 재밌어요!!,False,,0.0,0
@MH-pz4hp,가비님 진짜 보는 것만으로도 에너지 팍팍 받아요 너무 재밌었어요,False,,0.0,0
@하늘구름-q8k,아 짇짜 나는 가비 웃음소리랑 웃는거 자체 그 에너지가 너무 좋음ㅋㅋㅋㅋㅋㅋ여기서 내내 웃어서 넘좋다 ㅋㅋㅋㅋ깔깔 까르르 ㅋㅋㅋㅋㅋ❤❤둘이 케미쩌네,False,,0.0,0
@plum_x_x,가비는 진짜 뭘 했어도 성공했을것 같은 마인드임 진짜 건강하다! 가비님 너무 귀여워요🥰,False,,0.0,0
@조지나마나,너무 재밌게 보는 내내 같이 웃으면서   봐서 기분이 좋아지네요:) 매니줠~~~,False,,0.0,0
@김노인-s1l,우리 퀸가비 맨날 인급동 올라가고 싶어햇는데 드디어❤,False,,0.0,0
@rkddkwlwhgdk,진짜 미워할수없는 말괄량이 재질이다 ㅠㅠ 행동하는거보면 너무 막둥이 타입임...귀여우심 ㅠㅠ,False,,0.0,0
@jt.jinjin,나이가 들수록 이렇게 발랄한 분들이 참 좋아 보고만 있어도 박카스 두병때린 느낌이야,False,,0.0,0
@황런쥔-q5u,"으아 내 최애조합,,🥵💅",False,,0.0,0
@Pinkprincess238,가비언니 진짜 너무 좋아요 ㅠㅠㅠ 너무 귀여워요 그냥 보고있으면 웃음 계속 나와용 ㅠㅠ !! 변치말고 지금처럼 늘 밝고 자신감있는 모습이시길 바래용❤,False,,0.0,0
@장장-g7w,가비 너무너무 좋음ㅋㅋㅋ 그냥 보고있음 행복해짐,False,,0.0,0
@냠냠이-g7y,생일 선물 챙겨주는 동네주민 도연언니 스윗❤❤,False,,0.0,0
@여니-y6n,가비님 너무 귀여워,False,,0.0,0
@AlbionHosi,100만 가겠다 ㅋㅋㅋ 4일만에 86만회네 ㅋㅋㅋ 가비님 너무 좋아요 ㅋㅋㅋ 긍정에너지 엄청 받고 갑니다!!!,False,,0.0,0
@02영이-n1k,지하철에서 깔깔 거리고 웃은 게 올해 처음인 것 같아요ㅠ 장도연❤️가비❤️나 우리 셋 영원하자,False,,0.0,0
@하늘구름-q8k,"<a href=""https://www.youtube.com/watch?v=V8chp43s5_0&amp;t=782"">13:02</a> ㅋㅋㅋㅋㅋㅋㅋㅋㅋ귀여워미치겟다 ㅋㅋㅋ근데 아이디어 정말좋다 재밓을듯",False,,0.0,0
@nlilx2397,언니 이빨 하길 너무 잘한 것 같아요 미소가 진짜진짜 아름답네요 사람한테서 반짝반짝 빛이 나요,False,,0.0,0
@Sksms23,가비님은 쾌활하고 잘 웃어서 재밌는데 정 많고 예의도 있고 겸손까지 해서 더 좋음,False,,0.0,0
@BECAREFUL-u6q,퀸가비와 도연언니의 만남 너무 완벽하잖아..🥹 영상 내내 활짝 웃고있어서 광대가 아픔,False,,0.0,0
@SM-fd7im,좋아하는 두분 한 화면에서 보면서 오늘도  웃음 충전했어요 캬!!!!❤,False,,0.0,0
@Buljumoek,내가 애정하는 여성 2명의 조합❤,False,,0.0,0
@rbseo6479,아 진짜 시간 가는지 모르고 봤네 ㅋㅋㅋㅋㅋ 가비 너무 좋음 ㅠㅠㅠ 꼭 도연님이랑 친해졌음 좋겠다 ㅋㅋㅋ 가비님이 참 긍정적이라 보고만 있어도 기분이 좋아짐,False,,0.0,0
@eh649,아 이 조합 너무 좋은데 ㅋㅋㅋㅋㅋ 무해하고 사랑스럽고 재밌고 ㅠㅠ,False,,0.0,0
@다열-b7j,이때까지 했던 살롱드립편 중에서 제일 매니 행복한 편 이였어요! ✨,False,,0.0,0
@hellohyel,가비 너무 사랑스럽고 도연님 부끄핑도 넘 귀여움❤,False,,0.0,0
@김나연-y3s,와 두분다 성격진짜 좋은게 화면 밖으로까지 느껴집니다....1,False,,0.0,0
@sirisiwoo,보는 내내 너무 귀엽고 웃음나왔어요 ㅋㅋㅋㅋㅋㅋㅋㅋㅋㅋㅋㅋ 가비님 너무귀여워❤ 도연님과 가비님의 우정 응원합니다,False,,0.0,0
@Ioouo13,보고있으면 정말 기분이 좋아저요.... 사랑해요가비언니,False,,0.0,0
@Ban_min_cho_,와 도연씨 머리 너무 이뻐요 컬러도 너무 딱이고 펌도 너무 규ㅣ여워요 😊😊,False,,0.0,0
@2jjiaaaaa,너무웃겨서 꺽꺽대면서 웃었어요 ㅋㅋㅋㅋㅋㅋㅋㅋㅋㅋㅋㅋㅋㅋㅋㅋㅋㅋㅋㅋㅋ살롱 보면서 이렇게까지 웃긴적은 처음이에요 ㅋㅋㅋㅋㅋㅋㅋㅋㅋㅋㅋㅋㅋㅋㅋㅋㅋㅋㅋㅋㅋㅋㅋㅋㅋ,False,,0.0,0
@hadfednp,아 가비걸 너무 귀엽고 ㅋㅋㅋㅋ 도연 언니도 귀여움과 버거움 사이를 왔다갔다 하는 거 같아 이 조합 너무 귀엽고 사랑스러워요. <br>쌉외향인으로서 가비 메세지 보고 내향인 친구한테 접근하는 방법을 새로이 배웠습니다. (싫으면 집에 가만히 있을게. &lt;- 메모했어요.)<br>도연언니 갈색 볶은 머리 너무 잘 어울려요.... 사랑해요...,False,,0.0,0
@pArkOur_PAniC,완전 호감×완전 호감이 나오는데 어케 안 보고 넘어갈 수가 있겠어요❤️,False,,0.0,0
@binkonggg,가비언니 진짜 왤케 좋지<br>도연언니랑 케미 왤케 좋지,False,,0.0,0
@hohososo807,진짜 극극극극호감들의 조합 ㅠㅠ❤❤❤❤,False,,0.0,0
@버니-x7t,"가비님 오늘 너무 이뿌댜 ❤ 계속 눈이가.., 왤케 오늘 영상이 짧게 느껴지지? 😭 장도연님께 짝사랑 계속 해줘여,,❤",False,,0.0,0
@innyyy2028,진짜 둘 다 너무 좋아... 나도 껴줘,False,,0.0,0
@달퍙-b2x,도연언니랑 같은 잇프제인 사람으로서 역대급 텐션에 놀라고 적응 안돼서 턱 빠지는줄ㅠ 재밌는데 놀라워.... 신나는데 어디 구석으로 들어가고 싶어...!!,False,,0.0,0
