author,comment,is_reply,reply_to,reply_count,is_spam
@은총-q2w,인테리어 공부하신거 보고 많은 것을 느꼈습니다. 뭐든 열심히 하시는 분 같아요!,False,,0.0,0
@happyeveryday2918,정말 배울게 많은 영상이네요!!!,False,,0.0,0
@user-lm7nl1vz6r,레알부자 ㅋㅋㅋ,False,,0.0,0
@성준-r7v,잠실 대우 레이크월드 아파트네요. 집구경 잘했습니다^^,False,,0.0,0
@sumikim462,깨알 금깨알 노하우감사합니다,False,,0.0,0
@kommando7483,와...이 분 레전드다 평소에 실용적인 관점에서 문제점을 오랜 시간동안 관찰하고 기록하신 듯<br>그러지 않고서야 이런 디테일이 나올 수가 없다<br>사업가마인드다,False,,0.0,0
@myaboha,설명란에 없는데요😅,False,,0.0,0
@smhong4753,잠실 롯데캐슬?,False,,0.0,0
@mycatbbomi,맞는 말씀...30-40대에 구체적을 제대로 벌고 경제적 기반을 마련해야하는듯요...,False,,0.0,0
@ckdudals0508,고수다,False,,0.0,0
@user-nq2hv8ej6h,20대30대40대 다르고 50대가 다르다. 50대 마지막집  진짜 공감 <br>멋쪄요. <br>저도 55세때  내가 원하는 집에서 살고 싶어요~~^^,False,,0.0,0
@도디디딘,부채를 ㅋㅋㅋㅋ 😂,False,,0.0,0
@bbnstudio9216,결혼하더라도 여대 출신은 칼손절 필수,False,,0.0,0
@lkh99vv,형 신나서 말씀하시는데 감동받았습니다,False,,0.0,0
@김선영-t8j,와~ 안방 에어컨 세로 설치에서 감탄했어요!,False,,0.0,0
@이사람-x5r,이런말 하기 죄송하지만.. 진짜 구여우시다.,False,,0.0,0
@gorilla3735,아저씨들은 이런게 좋은듯 ㅋㅋ <br>요즘 너무 서로 조심조심 하다보니 적극적인게 없는데 아저씨분들은 적극적이라 흥도많고 세세하고 다양한 이야길 해줌 ㅋㅋ,False,,0.0,0
@jjmm2174,기품있으산 분ㅎㅎ 멋진 인테리어입니다,False,,0.0,0
@somedaysome2109,설명란 어디에 아이템 추천링크가 있나요? 책 링크밖에없어요ㅠ,False,,0.0,0
@사랑인가,형님 진짜 많이 배워갑니다. 자랑할만 하십니다.,False,,0.0,0
@Orda_yoonTV,와~집 진짜 멋지네요 감각과 정성이 느껴지는 인테리어였습니다😊,False,,0.0,0
@hannamdongmanim,저런 멋진 남편을 두신 부인분 부럽습니다😊,False,,0.0,0
@한성이-g9j,이채널이랑 좀 안맞지 않나??   은퇴한 사업가의 집자랑인데.  인테리어만 최소 5억이상 들었을듯 하고.    사업하는 사람의 특유의 상대방을 납득시키려는 말투도 별로고 .,False,,0.0,0
@Min-bo8cj,세면대 주문 업체 너무 궁금합니다!!!ㅎㅎㅎ 정보 부탁드려도 될까요?,False,,0.0,0
@jasminyun3492,너무 멋지세요<br>인테리어 정말 최고입니다.,False,,0.0,0
@yullyi,제가 원하는 노후의 멘탈과 부 그 잡채! ㅋㅋ 노력하고 공부하겠습니다 ❤❤,False,,0.0,0
@이강민-z4j,식탁 어디제품인지 정보좀요ㅎ,False,,0.0,0
@유자청-f7w,진짜 멋지다!,False,,0.0,0
@마옹-o3l,와 아이도 다 키우시고 자수성가 모범적인 삶 부럽다😊,False,,0.0,0
@이강민-z4j,다이닝테이블 제품좀 알수있을까요,False,,0.0,0
@eatssophie,인터뷰이님의 인생관 정말 멋져요! 잘 봤습니다 ❤,False,,0.0,0
@준봄사랑,30대에 이런 인생선배들이 주변에 있어야했는데 ㅠㅠ 유튜브의 순기능이네요,False,,0.0,0
@foodwa9wa9,미술품 좋아하시니까 티비만 삼성 더 프레임으로 했으면 완벽하셨을거같아요 ㅎㅎ,False,,0.0,0
@혜윤-x7r,인생을 배워가는 영상인거같아서 좋아요 감사합니다,False,,0.0,0
@withdanah,저분 열정적이시구 재밌으시네 ㅎㅎ 유투브해도 손색없으실듯,False,,0.0,0
@sejungpark9768,인생 성공하신 분,False,,0.0,0
@dongwookpark8919,고생하고 그 끝에 자신이 원하는 공간을 멋지게 만든 다는 것 <br>반성도 되고 부럽기도 하고 .. 좋은 영상 감사합니다.,False,,0.0,0
@Rami_rang,이분 인테리어 사장님 유튭브에서도 봤는데요~<br>유뷰남에서 보니 또 다른게 보이고 재미있네요~^^<br>이분이 이 댓글을 보신다면 어떻게 동전 하나 하나 모으셨는지 궁금하네요.^^,False,,0.0,0
@휴-u3k,단순히 큰 집이 아니고 고민하고 공부하셔서 신중히 인테리어 하셨다니 더 멋져요. 개인사도 오픈하시고 조언도 아끼지 않으시고 여유로움이 묻어나오는 멋진 중년이십니다!👍,False,,0.0,0
@Ginaat-vj9hv,잠실 어느 아파트인가요?,False,,0.0,0
@오잉-n4k,안방 스타일링이 제일 인상깊어요 …최고…,False,,0.0,0
@tghbd98,이런집에 살아보고싶네요.,False,,0.0,0
@오늘도꿈틀꿈틀,진짜 이때까지 본 집 중에 역대급 오브 역대급인듯...... 저 집에 살고 싶다 ㅎㅎㅎ,False,,0.0,0
@helgamir7311,우어 우어 ㅋㅋㅋㅋㅋ 보면서 감탄사만 ㅋㅋㅋ,False,,0.0,0
@bigpicture3924,진짜 디테일과 퀄리티가 역대급😨,False,,0.0,0
@PhyllisShamus,ㄱ글 에서 벳프리 이 ㅓㅇ도로 유명했음?  내 듣보잡인줄 알았는데 ㄷㄷ?,False,,0.0,0
@RowenaZelda-z8i,ㄱ글 에서 벳프리 보고 나면 다낵질 보충제 한사발 빨아야 한다는데 사실인가요?ㅋ,False,,0.0,0
@스마일에셋,잠실무슨아파트인가요?,False,,0.0,0
@됐고-t8v,귀여우셔요❤❤❤,False,,0.0,0
@oliviauserbrandid,이게 왜 인급동일까 했는데 <br>보고나니 주옥같네여…<br>화장실 바닥은 무엇일까요?,False,,0.0,0
@행복이-o2u,너무 재미있게 봤어요 ㅎ멋지십니다<br>식탁도 너무 이쁜데 어디꺼인지 아시는분 계실까요?,False,,0.0,0
@kdj0181,👍 👍 👍 👍 👍 👍 👍 😊,False,,0.0,0
@peter_in_scranton,"석촌호수 너머 항상 보면서, 저기에 살면 어떨까 했는데요...이렇게 실제 보니깐 비싸지만 상대적으로 저렴한(?) 기이한 체험을 할 수 있군요. 삶의 질이나 뷰는 정말 최고네요. <br>그러면서 나는 나를 위해 저 비용에 대한 용기를 낼 수 있을까? 하는 의문은 여전히 남네요.",False,,0.0,0
@MiheeHan-w6d,정말 많이 배웠습니다 인생&amp;인테리어 고수님 :),False,,0.0,0
@마리아-s8q,침대높이가 떨어지면 머리깨질 만한 높이.. ㅠㅠ,False,,0.0,0
@hanver2023,진짜 집 좋은 것도 좋은 건데 그냥 너무 멋진 분 같음,False,,0.0,0
@joyfulhannikim,멋진 분이시네요 많이 배우고 갑니다😊,False,,0.0,0
@김남자-m1r,멋진분이네,False,,0.0,0
@귀영이-g7x,실패를 두려워하지마라.,False,,0.0,0
@esbly773,❤❤,False,,0.0,0
@김영-x4t,멋찐집이네,False,,0.0,0
@EH-vo3xs,정말 신나서 설명해주시는데 휴양지 호텔같은 느낌으로 잘보았습니다 <br>정말 인테리어 공부를 한다면 이렇게 좋은공간으로 이쁘게 할수 있구라는 자신감도 생기네여 잘보았습니다 건강하세요 !,False,,0.0,0
@fuyaok420,거실 쇼파 구입처 알수 있을까요?,False,,0.0,0
@syp4451,이태리 에드라가구,True,@fuyaok420,1.0,0
@호에에에-r6l,올해의 아파트는 로제가 아닐까융..,False,,0.0,0
@DMTHOTH,"집을 미술관처럼 꾸미고 싶었다는 그 부분만큼은 저랑 정반대이긴 하지만, 꼼꼼하게 생각하고 만든 것이 딱 제 성격이랑 비슷하네요. 단열이 역시나 가장 중요하죠.",False,,0.0,0
@봉은사임대표,출연자분이 정말 하나하나 정성껏 집을 잘 지으셨네요.,False,,0.0,0
@huckle127,이야 진짜 멋지다 하시는일이 궁금하네요 현명한 집입니다 참고할게요 건강하고 행복하세요❤,False,,0.0,0
@엔카나시온,58년생 개띠 오명규씨 덕분에 70년 생이라고 하신거 듣자마자 개띠구나 싶었다,False,,0.0,0
@Lee-l2f8d,똑똑하고 야무지고 … 성공할수 밖에 없어보이네요… 멋지세요~😊 부인은 참 든든하고 좋으시겠다 싶었는데.. 재혼이군요~ 더더 행복하세요😊,False,,0.0,0
@ppangro,좋은 말씀 새겨 듣고 갑니다 .,False,,0.0,0
@김진성-u5g,ㅋ 말 잘하시네.,False,,0.0,0
@Pucciboy,이렇게 늙고싶다..,False,,0.0,0
@노루야캐욧,사장님 멋져요,False,,0.0,0
@꿈꾸고바라는대로이루,식탁 정보 알 수 있을까요??ㅜㅜ,False,,0.0,0
@neeneegreen5391,이거 원래 한시간 짜리 1.5배속 한거죠? 알차다 못해 꽉꽉 알려주시려는 듯 ㅎㅎ 50대까지 열심히 달릴게요!!,False,,0.0,0
@SUNGJUNCHO-z8d,대우레이크 같은데 참 좋은 곳같습니다,False,,0.0,0
@엑우에,아파트 이거 어디인가요,False,,0.0,0
@sunnyhaan6974,ㅋㅋ 킬포는 리암갈릭 인터넷 찾아봐요.....쿨하심...,False,,0.0,0
@1LIONAIRE,와.. 진심 인테리어 개지린다. 여태까지 구경했던 집 중에 고트.... 그 자체!,False,,0.0,0
@김윤아-v2r,아파트이름이??,False,,0.0,0
@Bbangddua,하고싶은거 다 이루신 집이라 너무 멋지시네요. 눈빛이 초롱초롱 아이같으샤요 ~ <br>30대초인데 사장님보며 열심히 달려야겠네요,False,,0.0,0
@홍쓰-v1b,참 진솔하신 분이시네요!!<br>행복하세요.😊,False,,0.0,0
@ranclub72,"<a href=""https://www.youtube.com/watch?v=VxXjPZtx0eo&amp;t=1086"">18:06</a> 저희집이랑 같은 디트리쉬 인덕션 반갑네요🥰🖤 나도 인테리어 잘한거 같아서 뿌듯하네 ㅎㅎㅎ",False,,0.0,0
@ytaekk1764,와....죽이네요..,False,,0.0,0
@Noh_PaPa,집주인 처럼 저런 집에서 살고싶네요. 돈 많이 벌어야겠다 죽을때까지ㅋ😊,False,,0.0,0
@도리돌이-e9x,무슨 아파트인가여,False,,0.0,0
@S00junghan,여기 호수공원 앞 대형 주복있는곳 거기임?,False,,0.0,0
@40steps,화장실 싱크랑 샤워부스 우드 손잡이 너무 탐납니다.... 업체명 궁금 ㅠㅠ,False,,0.0,0
@고래-c1b,역대급이다,False,,0.0,0
@Solius6442,그랜드마스터 아닌가요 ㄷㄷㄷ,False,,0.0,0
@taehee81,집 설명해주시는데 엄청 신나보이심. 저도 50대에 집주인분처럼 에너지 넘치는 사람이 되고싶네요~ 집 너무 예뻐요!,False,,0.0,0
@yiseotravel,아파트이름이😊,False,,0.0,0
@냐미쟁이,집 주인분 너무 솔직하시고 멋지세요!!!,False,,0.0,0
@yondoo-q1y,진짜 인테리어 공부 열심히 하신거 같아요 그리고 남자분들이 인테리어하면 부엌 같은곳에 신경을 못쓴다던데 현관에서 바로 갈수있도록 하신거 보니 가족 생각도 많이 하신거같고 센스도 대박입니다 저도 50대되면 이렇게 살고싶어요😢,False,,0.0,0
@kiddcho,개 쩐다,False,,0.0,0
@user-skenruwowkwjwueoek,어떤 장사를 하셨을까,False,,0.0,0
@physical_mechanic,"말투, 목소리, 생김새까지<br>보디빌더 강경원 형님이랑 닮으신듯.",False,,0.0,0
@pluto25Jp,전망 좋고 그림도 좋고 <br>최고층 갤러리 네요~🗽<br>덕분에 인생 공부도 작품 감상도<br>잘 했습니다 ~ 감사합니다 🤍,False,,0.0,0
@N_ba_,롯데캐슬골드 같은데?...,False,,0.0,0
@markshin3180,이형 멋있다~~~,False,,0.0,0
@권은희-i4b,굳굳 멋집니다. 식탁테이블 브랜드 궁금해요~,False,,0.0,0
@Helios_377,오피스텔인가,False,,0.0,0
@MrGracejiwon,동기부여 끝판왕이네요! 진짜 멋지세요,False,,0.0,0
@jihyunk7132,와 이사람 찐부자시다,False,,0.0,0
@hotdog-ch,이건 대레월이라 불러야하나..,False,,0.0,0
@이영희-d3l9n,참~삶의 트이고 지혜로우신 분입니다. 잘 배웁니다.~~동감!!!,False,,0.0,0
@donidangeun,중년유부 컨텐츠도 너무 좋네요 😊,False,,0.0,0
@kwak0806,이정도 아파트 살돈이면  마당과 정원이 있는 단독주택이 최고죠. 아파트는 평수가 아무리 커도 평면이 하나밖에 없고 천고도 낮고 마당이 없어 한계가 있죠.,False,,0.0,0
@Judy-mom,뭔가 대기업 전무가 퇴직하고 자기사업 성공해서 설명해주는 느낌이에요 ㅋㅋㅋㅋ 신난 회장님 느낌😂❤,False,,0.0,0
@헐랭-c6w,인상이 엄청 총명해보이심!!!,True,@Judy-mom,1.0,0
@Judy-mom,와 진짜 거를타선이 없네요 너무 유익해요❤❤❤,False,,0.0,0
@킨치-w9z,집 주인 아저씨 뭔가 되게 유쾌하고  꾸밈 없어서  영상 보는데 정말 즐겁네요 ㅋㅋ,False,,0.0,0
@56ghjMcwdfgr,"News Weekly: “Stain on the World”<br>Australian magazine News Weekly published an article on June 19 written by Patrick J. Byrne, immediate past National President of the National Civic Council (NCC). Citing David Matas’ work, the article said China’s industrialized mass killing of prisoners of conscience to harvest their organs for profit is “a spreading stain on the world.”<br><br>According to Matas’ investigations, China’s organ harvesting expanded after Falun Gong practitioners began silently protesting at Tiananmen Square in 1999. “As these practitioners do not smoke or drink alcohol, they provided clean organs for transplant compared with others in Chinese prisons, where hepatitis is rife,” he explained. <br><br>As the availability of Falun Gong prisoners declined, new groups have been targeted for organ harvesting – Tibetans, Uyghurs and other Xinjiang/East Turkestan minorities, and House Christians, he added. <br><br>“Based on the advertised price of organs, this industry, heavily managed by the Chinese military, is estimated to earn about $US8.9 billion annually, mostly from foreigners coming from South Korea, Japan, Saudi Arabia, the UAE and Egypt,” the article stated. Matas’ team has amassed a vast database of evidence on the industry, although gathering this evidence was not easy. <br><br>The article continued, “The mass killing of prisoners of conscience for their organs does not have the same visibility as many other wrongs. The victims cannot speak. Their bodies, cremated, cannot be autopsied.” According to Matas, “The crimes occur in settings – detention centres and hospitals – where there are no bystanders, only perpetrators and victims. The few whistleblowers mostly do not want to make public statements both because of the risk to themselves and their families and the wish to avoid admitting publicly their own guilt. Chinese hospital, prison and detention records are not publicly available.” <br><br>The CCP engages in systematic cover-up, closing down data streams once cited, and denying all evidence of the abuse, even evidence which comes from their own records, Matas explained. They fabricate contrary evidence, which is easy enough to see through with diligence, but can be deceptive for the unwary, he added. <br><br>Matas’s team interviewed people who have been to China for transplants. They said that appointments can be made for transplants of vital organs – liver, lung and heart – at fixed times or on days’ or weeks’ notice. But in other places in the world, waiting times are months and years. That means that “someone is being killed for that transplant,” he said.<br><br><br>Human rights attorney David Matas calls on the Australian legislature to expose the CCP’s forced organ harvesting during a press conference in front the Australian Parliament Building. <br><br>“China is the largest transplant country in the world. Yet, until 2010, it had no deceased organ donation system. That system produces only a tiny number of donations even today. So, what can be done to counter this 20th-century horror?” the article reported. A 2015 Council of Europe Convention against Trafficking in Human Organs mandates state parties to prohibit complicity by nationals or permanent residents in transplant abuse abroad. Fifteen states have so far ratified the Convention. <br><br>“Separately, Israel, Taiwan, Italy, South Korea, Britain and Canada have legislated against extraterritorial complicity in organ-transplant abuse. The U.S. Congress has prepared a bill [Editor’s note: the Falun Gong Protection Act] requiring revocation of passports of those complicit in forced organ harvesting, reports on that complicity, and sanctions on the complicit,” stated the report. <br><br>In addressing transplant tourism, Matas said that there should be mandatory reporting by health practitioners to health administrators of organ transplants, just as there is for reporting incompetence and sexual abuse, child abuse, incapacity, communicable diseases, and so on. Health practitioners are able to identify organ-transplant tourists because they require ongoing anti-rejection drugs. <br><br>Citing Matas, the report concluded, “While there is a wealth of human-rights violations around the world, it is hard to match China’s mass killing of innocents, of prisoners of conscience, for their organs.” <br><br>News Weekly is published by the National Civic Council (NCC), a grassroots organization in Australia with over 80 years of history that aims to restore traditional values.",False,,0.0,0
@애플파이-k6t,30초반에 투자 시작해서 41살에 10억 정도 됐지만 강남 3구는 10억 가지고 택도 없으니 참,False,,0.0,0
@hjp9316,"최근 본 영상 중 가장 배울 점도, 울림도 있는 영상이었습니다. 정말 잘 봤습니다!<br>미래에 인테리어 할 때 많이 참고해보겠습니다ㅎㅎ",False,,0.0,0
@ajitrip6938,잠실 사시는 이유가 다 있네요 확신의 신동빈상,False,,0.0,0
@라떼-t6h,영리하시네요,False,,0.0,0
@jungjay9825,분명 부자시다! ㅋㅋ,False,,0.0,0
@hsk-j1q,많이배우고갑니다,False,,0.0,0
@flove20,얼굴에 여유와 평안이 있으신게 참 잘 살아오신 분 같네요<br>영상 잘 봤습니다,False,,0.0,0
@용아재-f1d,인생 마인드가 너무 멋지시네요. 마인드만큼 좋은 인테리어. 아는만큼 나온다.!!!!,False,,0.0,0
@임정현-c9d,멋있으세요 😊,False,,0.0,0
@쥬얼리캣츠,선생님의 집구경과 하시는 말씀을 들으며 나이드는게 설레여지는 일이라는걸 처음 깨닫습니다. 선생님 같은 분을 멘토로 두고 싶단 생각도 하게 됩니다.<br>저는 30대 중후반에 사업으러 열심히 버느라 주변도 못보고 앞만 보며 달리고 있습니다. <br>나중에 선생님처럼 50대가 될때 저도 선생님처럼 예쁘게 아름답게 인생을 살고싶어요. <br>이번 유부남편 너무너무너무 좋습니다. 좋은집 구경시켜줘서 감사드립니다.❤,False,,0.0,0
@김지혜-x6i7o,정말 멋지십니다~~!!!!!!,False,,0.0,0
@노보리-h3g,와 집 와방 멋잇다 저도 5-60대에는 이렇게 살고싶네요,False,,0.0,0
@junp6162,부동산은 역시 일찍 사야하는구나ㄷㄷㄷ,False,,0.0,0
@sunkai105,층간소음 없음?? 젤 궁금함. 귀가 너무 예민해서  그냥 3층 4층 빌딩지어 살까 고민중,False,,0.0,0
@ebichuuuuuu9,동기부여가 되는 영상이네요,False,,0.0,0
@mainjjang,깜짝놀랐어요^^~ 예전보다도 더 유쾌해지신거 같아 너무 보기 좋네요! 더더더 행복하시길 바래봅니다 - Main -,False,,0.0,0
@OO-ri8ow,공사 하려고 유튜브 열심히 찾아 봤는데<br>몇년 전 검정 롱패딩 유행 보는것 같음<br>다 똑같음,False,,0.0,0
@about-chacha,😊멋지십니다~~~,False,,0.0,0
@novasona,와... 리암길릭에 김보희 작가까지. 바톤 VIP 시군요 :),False,,0.0,0
@Sophie-fs3yf,이분 말씀대로 다들 결혼하시고 가족과 행복하게 사세요<br>요즘 비혼 많아 걱정인 꼰대로서 한말씀 드려요 ㅎㅎ,False,,0.0,0
@useereqaa,집 너무 멋진데 조금 아깝긴 하네요 ㅋㅋ<br>10년전 같은 가격으로 대단지인 엘리트 사셨으면 지금 35억 일텐데..,False,,0.0,0
@엔카나시온,돈을 보고 사신게 아닌거같아유,True,@useereqaa,1.0,0
@Sunsat9,거실 테이블 의자 정보있을까요?,False,,0.0,0
@Oooopooo11992,갤러리아 팰리스인가 가격 30억,False,,0.0,0
@하양례-z6z,말투가 넘 조아요 특히 부부를 표현한 그림설명 ㅋㅋ 힐링됐어요 저도 잠실동살어요,False,,0.0,0
@난명환이,왜케 구독자수가 적죠? ㅎ 100만은 갈거 같은데요.,False,,0.0,0
@SUN-hb2ox,와 나는 아무리 노력해도 이런 집에는 못살겠구나,False,,0.0,0
@한정화-f9t,이렇게 살수있는 부를 축적했다는게 부럽습니다.<br>쥔장님이 감각도있고 너무 좋은 집이네요,False,,0.0,0
@jiheeji5982,정말 최고입니다!!!!,False,,0.0,0
@라미83,유부남 채널에 나와주셔서 넘 감사해요🎉,False,,0.0,0
@고만두자고만둬,"출연자분 인생선배 같은 조언 진짜 멋지십니다. 잘된 인테리어 보여주시면서 아이처럼 기뻐하는 모습도 행복해보이시고, 웃으면서 봤네요~ 감사합니다!",False,,0.0,0
@Kty-n5c,이런집 이런분도 많이 보고싶어요!!,False,,0.0,0
@아마추어1234,인생을 잘 살아오신 어르신같아요. 저도 저분처럼 나이들고 싶어요.<br>행복하세요.❤,False,,0.0,0
@홍동욱-t1e,캬... 나도 꼭!!!,False,,0.0,0
@윤현영-v4x,저런 남편 너무 좋을것 같아요. 아내 사랑하시는 마음도 엿보고 가네요,False,,0.0,0
@빛나다-i6p,삶의 한 가르침을 받고 갑니다.,False,,0.0,0
@user-1h2a3p4p5y,엘리베이터가 한 층에 하나만 있다는건 오해의 소지가 있는 표현이죠,False,,0.0,0
@sarangkwak1513,쇼파 어디건지 아시는 분 ?,False,,0.0,0
@이좋아운,저게 얼마야...,False,,0.0,0
@heinzejung1556,집 내부 인테리어만 봐도 센스 미쳤다 멋지심,False,,0.0,0
@lenkim8153,형님 즐거워하시는 모습을 보면서 저도.. 마음이 즐거워졌습니다! 감사합니다!,False,,0.0,0
@ojwpooh,잠실 대우레이크월드 아파트 갔네요 ㅎㅎ 인테리어 기가막히게 하셨네요!,False,,0.0,0
@user-ldg89122,괴짜 예술가 느낌이 있으시네,False,,0.0,0
@Jqhbfjwo2j1,"같은 나이대 삼촌들은 대딩 고딩 아이들 방이 있어서, 방을 어찌 트셨나 궁금해서 끝까지 봤는데 아이가 없으신가봐요 아니면 유학간건지.. 저희 아이들 잘커서 독립하면 짐 치우고 나중에 부부끼리 저렇게 깔끔하게 꾸며보고 싶네요ㅠ",False,,0.0,0
@y2joo22,마인드를 배워갑니다,False,,0.0,0
@호재만발,음... 컬렉션 수준이 👍👍👍👍👍 안목에 박수를 드립니다.,False,,0.0,0
@aedhjjk,방이 없어서 너무 매력적이네요 솔직히 나이들수록 시골은 안좋...,False,,0.0,0
@SYitself1031,조르제 오제볼트 작품꺄지 있다니 멋있습니다!!,False,,0.0,0
@아-y8u7t,영훈디자인서 본 집인데 다시 봐도 멋지고 사는분의 인생철학이 보이는거 같아 더 좋네요,False,,0.0,0
@sun-om5qo,50대에 저렇게 성공하기도 어려운데 철학이 명확히 있으시고 귀감되는 말씀에 배우고 가는 집입니다 집이 많이 고민한 만큼 너무 멋지네요,False,,0.0,0
@액션가면-o8z,엄청 공부하신 게 느껴지네요.,False,,0.0,0
@ricepasta8221,동선부터 신경쓰신게 보여서 정말 좋은 것 같아요~! 환기 정말 중요한데 모터를 끝에 하나 더 달으셨다는 것에 무릎을 탁 칩니다! 왜 그 생각을 못했을까~!! 대단하십니다!,False,,0.0,0
@moonster1632,유쾌하고 재미있으신 분이네요~,False,,0.0,0
@yueesertz,결혼에 관해서 경험에 빗대어 이야기 해주신 것도 좋네요.,False,,0.0,0
@김미경-r8q,화장실  서랍을 만드셨는데 수건 넣어두시면 눅눅하지 않나요?,False,,0.0,0
@noname34568,30-40 대에 놀면 답이 없다. ㅎㅎ 명언이네요.,False,,0.0,0
@카르구,너무 내스타일이다 ㅋ<br>집안에 물건들 나와있는것 보이면<br>정말 싫은데 심지어 <br>너무 극혐해서 타인 집 방문해도 <br>뭐라 한마디 할 정도입니다. <br>어수선하지 않냐고? <br>왜 그런지 모르겠지만 <br>물건들 나와있으면 <br>정리되있는것 같지않아 너무 싫더라고요<br><br>심지어 저는 탁상 시계 조차도 너무 싫어할 정도입니다;; <br><br>집안 물건들 다 수납되어 있는것 보니<br>너무나 힐링이 되네요 <br>와 진짜 훌륭한 인테리어 깔끔하시기까지 하시니 너무 보기 좋습니다,False,,0.0,0
@user-pv9559toto,개쩐다....,False,,0.0,0
@seoulbest4328,😂🎉😂 응원합니다,False,,0.0,0
@조은미-z7f,언더 세면대 일체형 어디 제품인지 궁금하네요. 공부할수록 눈에 들어오는 인테리어 너무 공감합니다. 제 눈에 바로 들어옴.,False,,0.0,0
@Youngtv111,진짜 배우신 분 느낌이 물씬. 많이 배워갑니다,False,,0.0,0
@lillillillillillillil,멘야하나비가 바로 뒤에있어서 거길 가셨네요 ㅋㅋ 맛집 맞죠 몇년동안 엄청 유명한..!,False,,0.0,0
@ssibal-noma,분명히 인테리어가 각각  따로 보면 다 기존에 있던 것들이고 인테리어에 관심이 크게 없는 저도 한번쯤은 봤던 것 들이기는 하지만  본인의 취향과 공부를 하면서 쌓인 인테리어 지식이 더해지니 하나 뿐인 인테리어가 되고 그게 이 집만의 개성이 됐네요. 참 멋진 집이네요,False,,0.0,0
@Dosa주영,와 같은 송파구지만 클래스가 다른...ㅋㅋ 너무 멋있습니다. 저도 50대가 되면 선생님처럼 멋있는 집에  제가 가진 철학으로 꾸밀 수  있는 집을 만들고 싶어요. 잘 봤습니다 ^^,False,,0.0,0
@mintlatte1335,감각 쩌네요,False,,0.0,0
@davidlee6922,잠실 대우레이크월드네요 집이 멋집니다,False,,0.0,0
@cmk1750,성장한자의 내공이 보이네요. 젊은이들 남녀싸우지 말고 모든게 도전이고 성장과정입니다. 계속 실행하세요.,False,,0.0,0
@nimimueahn8556,자기 철학을 갖고 열심히 사신 분이라는게 느껴집니다 멋지세요,False,,0.0,0
@바쿠-u7b,이런 집주인 같은 분이 사회에서 만나면 일 존나 잘하는 사람임,False,,0.0,0
@EthanE-lm6sy,와 그 어떤 인테리어 영상들보다 제일 감탄하면서 봤어요 맞은편 호텔이 안부럽네요 ㅋㅋ,False,,0.0,0
@KJ-bd2ku,하나하나 진짜 섬세하게 하셨다. 살기 너무 쾌적하고 편할듯. 꽤나 동기부여가 되는 영상이네요.,False,,0.0,0
@graeit777,너무 잘봤습니다 멋져요 ❤,False,,0.0,0
@디즈니란도,멍가 멋잇는데,False,,0.0,0
@T0dayDesign,"취향이 고스란히 묻어난 예쁜 집이네요, 저의 50대도 저렇게 늙어가길 바라면서 봤어요🕊️🍀",False,,0.0,0
@uly537,멋진 형님,False,,0.0,0
@양파링,와 진짜 디테일하네 이 집,False,,0.0,0
@puhaha2510,집이 완전 미술관이네.. 너무 예쁘다,False,,0.0,0
@이민지-n2b,감사합니다 자산 적은 고소득  30대 부부가 열심히 살아야할 이유를 가시적으로 경험했습니다,False,,0.0,0
@강수미-e9x,사시는분들이 만족하면 그걸로.된거죠,False,,0.0,0
@cindygem1003,어디서 봤는데~ 했는데 다른 채널서 봤었네요. 이렇게 직접 설명해 주시니 제대로 랜선집들이 느낌이네요. 집은 나만의 작은 우주라고 하는데 딱 그런 철학과 가치관으로 공들여 만들어진 공간임이 느껴집니다.,False,,0.0,0
@나들이-d2i,현명하고 지혜로움이😊  느껴지는 집주인분이시네요,False,,0.0,0
@양상인-v1t,말투가 조금 거슬리네여 아무리 잘나가는분이어도 진행자에게 반말 살살하는게 인성이 좋아보이진 않습니다,False,,0.0,0
@wookidoki7257,별게 다 거슬리노 니가 젤 거슬린다,True,@양상인-v1t,2.0,0
@비닐봉지제거,이딴걸로 개소리하는 상인이 인성 알만하네 자격지심있냐?,True,@양상인-v1t,2.0,0
@pskim4333,단순히 부잣집 소개해주시는 영상이 아니라 하나하나 고심해서 집 꾸미신 아이디어와 인생철학을 엿볼수있었습니다 집이 예뻐요~,False,,0.0,0
@지현세상,멋지 십니다!!,False,,0.0,0
@sprocket8662,His home is amazing and so well designed. I am glad he shared it with us.,False,,0.0,0
@Lpicjg,ㅋㅋ 자랑질 졸라하네.<br>싸구려 집가지고,False,,0.0,0
@JYRN_,시간 가는지 모르고 봤네요 ㅋㅋ,False,,0.0,0
@dsoughdgs,가끔 보는 표현으로 엘베가 한 세대 당 1대라는 말이 엘베가 특정 층으로만 간다는 건가요? 아니면 한 층에 한 세대만 있고 그 라인에 사는 사람들이 엘베 1대를 쓴다는 건가요? 라인에 1대 있는 건 놀라운 게 아닌데 되게 좋은 것으로 표현되는 거 같아서 혹시 1집만 가는 엘베인가 하는 생각,False,,0.0,0
@user-1h2a3p4p5y,엘리베이터가 한 층에 하나만 있다는건 오해의 소지가 있는 표현이죠,True,@dsoughdgs,1.0,0
@lastssd,열정맨이시네 ㅋㅋㅋ,False,,0.0,0
@luv4701,뷰가 진짜 멋있네요 ㄷㄷㄷㄷ,False,,0.0,0
@akkim5446,최고. .   명심,False,,0.0,0
@kimguguxx,"사업을 한다는게 남들보다 좀더 잘한다고 쉽게 성공할 수가 없는 분야라.. 아마 엄청나게 열심히 살아오신게 아닐까 싶습니다. 3~40대에 갈려야, 50대 이후가 편하다는 말도 공감되고요. 멋지십니다.",False,,0.0,0
@koodo-pp7ji,엄청신나신게 설명하면서 느껴집니다 ㅎ ㅎ,False,,0.0,0
@kiji2622,근래 본 가장 멋진 집입니다. 화려한 인테리어나 큰 집보다도 무엇보다 실용적이고 주인이 살기좋은 가장 좋은 집입니다.,False,,0.0,0
@maru4767,식탁정보  얻고싶어요.<br>제가찾는  식탁입니다.❤<br>어느브랜드일까요?,False,,0.0,0
@Sunsat9,저두요,True,@maru4767,1.0,0
@Leo-l7z8b,형님 존경합니다 공부하는 만큼 보인다 진짜 명언 입니다 인테리어 쉽게 생각했는데 막막했던 이유를 알겠습니다 열심히 공부하고 결혼도 하겠습니다ㅎㅎ오랜만에 배움을 주신 출연자셨습니다,False,,0.0,0
@마리나아브라모비치,인생에 내공이 느껴진다.,False,,0.0,0
@user-charmander_,맞은편 롯데타워 소유하신 신동빈회장님 닮으셨습니다 선생님,False,,0.0,0
@K아멜리에,진짜 최고다!!! <br>공부한만큼!! 기억하겠습니다!,False,,0.0,0
@Jadeforest,집을 꾸미는데 고민한 관점과 결과물로 현명함을 보이는 부자라니 너무 멋지네요 그걸 하는 것도 멋지지만 시간 내서 설명할 수 있는 여유도 멋지구,False,,0.0,0
@니스듀마,집 진짜 이쁘네요.. 부럽네요 저도 나름 깔끔하고 집 잘 꾸몄다고 생각했는데 부끄러워지네요.. 대단하십니다..,False,,0.0,0
@songinkim-sk5hx,와 취향도 확고하시고 너무너무 멋있는집이에요 ㅜㅜㅜ,False,,0.0,0
@나로미-p6f,진짜 디테일장난아니시네요,False,,0.0,0
@차민형-x1p,기가맥히네 역대 본 집중 최고다 ㅋㅋㅋㅋㅋㅋㅋ,False,,0.0,0
@듕듕-d9z,와  저 면집 바로 앞 건물인가보다 ㅠㅠㅠ  부러워용!!,False,,0.0,0
@바람이름,"아니, 테라스를 2세대로 하면 어쩌나;; 차라리 반반 가벽을 쳐놓고 쓰지;; 흠;;",False,,0.0,0
@Iris-iz2fg,"와... 사업 하시는 분이라 그런지 스케일이 다르네요! <br>3,40대에 열심히 살아서 50대 돼서 저만큼 누릴 수 있는 것도 너무 대단하고 멋집니다.",False,,0.0,0
@sseolmyeongchung,너무 멋지십니다,False,,0.0,0
@cometogarden,열심히 살아오신 결과를 보는 것 같습니다. 저도 언젠간 제 집을 살 날이 오겠죠..? 작지만 나만의 공간. 말씀마다마다 배우고 갑니다.,False,,0.0,0
@mtrackbo,집 너무 좋네요. 신발장 딱 찾던 스타일이네요. 열심히 회전식 신발장을 검색하는 중입니다.,False,,0.0,0
@rye-t2i,어떤 창호를 쓰신건가요? 참고하게요^^,False,,0.0,0
@트레비스스캇-j8e,아마 유부남&amp;자취남 중 가장 높은 가격대의 집일듯 ㅋㅋㅋㅋ,False,,0.0,0
@Agingg,"아저씨 디테일 보니까 일도 엄청 디테일하게 할 거 같은데,, 성공 한 사람들은 다 이유가 있네요",False,,0.0,0
@YoungyulChoi,인테리어 넘 멋지십니다 인테리어 훌륭합니다 집이 입구부터 예술작품 같아요 갤러리~!!!♡,False,,0.0,0
@허리허리-r7x,인테리어 잡지에 나오는 집 같아용😊,False,,0.0,0
@jujube7011,저도 나중에 이렇게 나이들고 싶다는 동기부여 되어 좋았어요! 성공하신분들 집들이도 넘 좋네요!,False,,0.0,0
@JasonDo-ge2gz,"유부남과 자취남이 운영자가 같나요?<br>자취남은 제가 좋아하는 유튜버 밀라논나님이 구독하고 계셔서 보게 되었고<br>유부남은 알고리즘을 통해 구독했습니다.<br><br>저도 화장실 천장을 꼭 편백나무로 해봐야겠어요.<br>사실 욕조를 편백나무로 해보고 싶었는데, 관리가 싶지 않을 것 같고..천장이라도 편백으로 해봐야겠어요.",False,,0.0,0
@포실이-h4g,멋져요~!,False,,0.0,0
@민정채-v8p,공부한 거 설명할 수 있어서 신나신 게 보임 ㅋㅋㅋ,False,,0.0,0
@lovegigigo3860,마쟈요 뭔가 귀여우심ㅠㅠㅠㅋㅋㅋㅋㅋ,True,@민정채-v8p,4.0,0
@말랑-p3y,ㄹㅇㅋㅋㅋ 너무신나셧음,True,@민정채-v8p,4.0,0
@PhyllisShamus,헬창들도 ㄱ글 에서 벳프리 보면 근육 다빠진다며 ㅋㅋㅋㅋㅋㅋㅋㅋ 사실임??,True,@민정채-v8p,4.0,0
@오늘도꿈틀꿈틀,진짜 귀여우신 ㅎㅎㅎ,True,@민정채-v8p,4.0,0
@seinhan,멋지십니다. ^^,False,,0.0,0
@Parkidokiyo,역대급 집이네요 ㄷㄷ,False,,0.0,0
@MichelanLAKE,잠실은 말이 필요 없는 상급지죠..... 저도 잠실에서 사는게 꿈입니다.,False,,0.0,0
@hs-oz7jd,무슨아파트에요?,False,,0.0,0
@샤월-k5e,신축아파트도 환기 잘 시키면 곰팡이 안피나요?,False,,0.0,0
@xyz._,와...인테리어 공부를 진짜 열심히 하셨네요!,False,,0.0,0
@elliekim6342,우아…. 대단하다. 멋지세요😊,False,,0.0,0
@셩셩-i8t,쇼파 식탁브랜드궁금하네요,False,,0.0,0
@좋은날-z1k,와.. 진짜 경험과 연륜 그리고 트렌드까지 놓치지않았네요 ㅎㅎㅎ,False,,0.0,0
@유유유유-i8f,지금은 시세가 얼마나되나요??,False,,0.0,0
@ciclid-so4pt,열심히 살겠습니다. 감사합니다 ㅠㅠ!!,False,,0.0,0
@livv9887,집 진짜 너~~~무 이뻐요 ㅠㅠㅠ,False,,0.0,0
@히지니-u6e,진짜 너무 몰입력👍🏼<br>근데 자꾸 일론머스크가 곂쳐 보이는건 저뿐인가요?😂😂😂,False,,0.0,0
@리리리-r1j,젊은 신혼부부가 서울아파트 매매하는거보고는 자괴감도 살짝 들었었는데.. 차근차근밟아온 분의 이야기들으니 감명깊네요 집도너무멋짐 ㅠㅠ,False,,0.0,0
@slnlrlml1259,와 진짜 개멋지다,False,,0.0,0
@lucky2024-e7s,지금도 12억이 비싼데 10년전이면 엄청 열심히 시행착오 겪으며 사셨네요 부지런히 아끼며 벌어서 노후를 즐겨야겠네요,False,,0.0,0
@nalove2001,마지막이라는 단어~~ 언제 들어도 여러 감정이 겹쳐지는 단어이네요..ㅋ,False,,0.0,0
@YNWA6456,멋진 영상이었습니다  <br>감사합니다,False,,0.0,0
@jhkim8972,와우.. 주인분도 멋지고 집도 정말 멋지네요. 아낌없이 투자하신 느낌입니다.<br>냉장고.... LG 시그니처 키친 스위트인데 주부들의 로망이죠. 냉장+냉동 조합으로 2천만원대 후반 정도 합니다.,False,,0.0,0
@mpoca12,오~ 자취남 럭셔리 버전? 인가요 <br>가까이 하기엔 너무 먼 자취남 이당 😂<br>열심히 살아오신 룸메님 👍👍,False,,0.0,0
@addressunknown__,이분은 찐이네요ㅎㅎ 멋집니다,False,,0.0,0
@출근주부,뷰  미쳤다<br>멋진인생이네,False,,0.0,0
@조은정-t6t,"카메라가 심하게 엉망임.<br>소파와 테이블에 대해<br>설명을 열심히 하시는데<br>카메라는 사람만 찍고,<br>주방을 세세히 설명하는데<br>너무 가까이 찍어서<br>카메라가 전혀 못 잡음.<br>카메라맨이 따라가지 못함.",False,,0.0,0
@parsonsschoolkoreadir5095,진짜 줫나 멋지네,False,,0.0,0
@雪花-w9m,내가 닮고 싶은 어른의 상,False,,0.0,0
@ferrantina7,인테리어 뿐 아니라 삶에 대한 자세까지. 많이 배우고 갑니다^^,False,,0.0,0
@_reminiscences,고수네,False,,0.0,0
@ilsmh22,열심히 사신게 느껴져요,False,,0.0,0
@이인경-r6f,열심히 사셔서 여유로움을 누리시는 모습이 너무 멋져보여요. 공부하면서 배워가시는 모습 보며서 한 수 배웁니다. 석촌호수뷰라니 아...많이 누리세요🤗,False,,0.0,0
@uvovoy,인테리어 교보재 같은 영상,False,,0.0,0
@이규호-o9e,최고로 힙하네요 ㅎ 🎉,False,,0.0,0
@Joypark-zq2ve,마니 배우고 갑니다. 화이팅~,False,,0.0,0
@김성희-i8u,와~정말 내가 살고싶은 집..,False,,0.0,0
@sarahlizzidqua4164,역대급 존잼 영상... 저 출연자분이랑 개인적으로 대화하고 가르침받아보고싶은 맘이듭니다 진짜 인생선배같은 느낌!!,False,,0.0,0
@freshgreen5050,멋있는 사람에 어울리는 멋있는 집이네요 😊,False,,0.0,0
@jackchris8265,멋지네요!<br>근데 북향 인가요?<br>주상복합? 오피스텔?,False,,0.0,0
@훈스타-v5m,실패를 두려워하지마라 잊지않겠습니다 좋은 말씀 감사합니다!,False,,0.0,0
@천국-m9x,1년 전에 내가 살고 싶은 집 1-2 순위 집이 이 집입니다 물론 꼭 이집은 아니였고 옆집 옆집의 옆집이 로망이였죠 ㅋ,False,,0.0,0
@youkkkki,와... 실생활할때 편하고 좋으면서 미술관같이 예쁜 집이여서 제 미래가됐음 좋겠어요,False,,0.0,0
@이유진-e8s1r,❤❤❤,False,,0.0,0
@아메리카노보다는에스,정말 멋진 분이세요 ~🖤🖤,False,,0.0,0
@하루에두편,멋이라는 게 감추려고 해도 무심코 흐르는 거네요. 정말 멋있습니다. 잘봤습니다.,False,,0.0,0
@herbzyo,짧은영상이지만 인생의 많은 진리가 담겨있네요 디테일한부분들 하나하나 대충하지 않고 섬세하고 지혜롭게 설계하신것보니 왜 이만큼 성공하셨는지 알것같네요 잘봤습니다,False,,0.0,0
@빵야빵야모래반지-o7l,넓은 거실의 집도 예쁘고 아파트인데도 마당이 있어서 매력적이네요.<br>인테리어도 개성있고 고급스럽게 하시느라 많이 알아보셨을 것 같구요.<br>하시는 말씀에서도 편안함과 배울 점이 많은 인생관이 느껴졌습니다.,False,,0.0,0
@prol19279217,"잠실대우레이크월드<br>현재 네이버시세 14~17억, 호가 17억~19억",False,,0.0,0
@yotsba,와 잠실 대형 평수인데 진짜 싸네요. 놀랐어요😮,True,@prol19279217,5.0,0
@prol19279217,@ 주상복합이라 그럴겁니다,True,@prol19279217,5.0,0
@yunjeongkim1231,저도 찾아보고 깜짝 놀랐네요...뷰랑 위치보고 50억 넘을려나 했는데...서울집값을 알다가도 모르겠네요..ㅎㅎ,True,@prol19279217,5.0,0
@kdj0181,19억 올라온건 사이드로 뒤쪽 석촌호수가  보이는  3호라인입니다 ㅎ<br>이집은 1호라인이구요 ㅋㅋ <br>가격차가 좀 많이 나죠ㅎ;<br>저 형님 사드린 복떡방입니다 ㅋㅋ,True,@prol19279217,5.0,0
@syp4451,​@@kdj0181<br>정원세대는 두집인가요?<br>연락처 알고 싶어요,True,@prol19279217,5.0,0
@jameshuh2400,북서향인게 아쉽네요,False,,0.0,0
@Enzo-cn6bo,"공간 분리, 적재적소에 설치되어 편의성을 높인 문들 다 너무 인상적이네요. 언제 촬영하신건지 영상 내내 부채 드시고 이따금 부채질하시는 모습도 귀여우신 ㅋㅋㅋ",False,,0.0,0
@베짱이스프링,좋은집 개방해서 보여주셔서 정말 감사합니다,False,,0.0,0
@monjimoongchi,멋지십니다. 진심.,False,,0.0,0
@chun4sin418,그런데….ㅡ말은 엄청 많네. 사장님이ㅡ아니시길…. 직원들 Zola 고생할 것 같아,False,,0.0,0
@한성이-g9j,딱보면 사장이지.,True,@chun4sin418,1.0,0
@jukyungmin986,자취남님~~처음으로 댓글 달아봐요!<br>이렇게 좋은집에 사용하는 가구는 다른집들과 달라요! 가구가 어디꺼인지 소개하는 부분도 같이 있으면 좋을거같아요:),False,,0.0,0
@임현주-u1m,맞는말입니다,False,,0.0,0
@hskang,세심하고 꼼꼼하셔서 사업도 잘 되시는것 같네요,False,,0.0,0
@kkaamang,집 완전 워너비입니다 ^^ 은근 중독성 있네요 . &quot;공부한 만큼&quot;,False,,0.0,0
@8minous,룸메님이 추천해주신 아이템은 설명란 링크에 있다는데 없는데요 ㅠㅠ?,False,,0.0,0
@craigmusiq,현대 레이크빌??? 장소는 말할 것도 없고 <br>내부 너무 멋지네여~~!!,False,,0.0,0
@좋은생각-f2k,댓글 잘 안다는데 진짜 너무 멋지신거 같아요~ 30~40대에 진짜 열심히 사셨던 것 같아요~ 지금의 30~40대에게 힘들지만 열심히 살아야 하는 이유에 대한 메세지를 주고 계신것 같아요~ 유부남 채널 보면서 인테리어만 집중해서 봤는데 오늘은 이분의 말 한마디 한마디에 집중하면서 봤네요^^,False,,0.0,0
@김페정말,두분 닮았다!,False,,0.0,0
@테스트-z4x,돈으로만 만든 집이 아니라 자신의 취향을 현실화 하신 분이라 멋있네요! 저도 따라해보고 싶어요.,False,,0.0,0
@yongpdch,한번다녀왔다고 쿨하게 말씀하시네요 ㅋㅋㅋㅋ 진짜 멋지십니다 실패를 두려워 말라!!,False,,0.0,0
@홀리몰리-g4l,근데 오늘 나오신 분은 뭔가 일머리 자체가 있으신 분이네요 아무나 이렇게 못 해요,False,,0.0,0
@호랑이기운-g2z,"신혼부부도 좋지만, 연륜이 느껴지시는 분들. 숨어있는 찐고수들의 영상도 너무 좋네요~<br>기획해서 하셔도 좋을것 같아요~",False,,0.0,0
@금두꺼비-w8s,외부정원이 좋긴한데 단독 공간이 아니라서 조금 아쉽네요  집 인테리어는 넘 잘하신듯요~,False,,0.0,0
@user-tf1jj1sg6,저는 지금 석촌호수 건너편 빌라 원룸에서 자취 중인데요 ! 이 영상으로 저도 몇 십년 후엔 이런 집에서 살 수 있도록 동기부여를 해야겠습니다 ㅎㅎㅎㅎ 게스트룸이 너무 너무 너무 좋은 것 같아요!!!!,False,,0.0,0
@sjyoun5194,좋은 동네 살면 자꾸 자극되서 나도 그 길로 가게되고 결국 잘 되더라구요 화이팅!,True,@user-tf1jj1sg6,3.0,0
@ufikdllahg9csef,저도 석촌호수 근처 빌라 전세로 시작해서 10년 후 강남에 등기쳤어요. 반가운 마음에 응원드리고 갑니다!!,True,@user-tf1jj1sg6,3.0,0
@ufikdllahg9csef,​@@sjyoun5194이거 백퍼 동감해요. 보고 경험하는대로 따라오더라고요,True,@user-tf1jj1sg6,3.0,0
@네모병장,역대급 인테리어네 저도 잠실 30년정도 살아서 지나가다 가끔 건물 봤는데 인테리어가 끝내주네요,False,,0.0,0
@반무많이,무슨 일 하시길래....,False,,0.0,0
@rkdhkdllee817,👍,False,,0.0,0
@mhoooo.,아 너무 멋있으시네요. 인상깊게 잘 봤습니다.,False,,0.0,0
@씨튜브유발련,아저씨 예술 미적 감각 진짜 지리네,False,,0.0,0
@쥬쥬-r7p,와 진짜 좋다..,False,,0.0,0
@soljam10,유부남편 중에 스킵없이 정속으로 끝까지 봤어요! 넘멋지시고 저도 나중에 저렇게 살아내고 싶다는 생각이듭니다😊,False,,0.0,0
@미역캣_studio,인테리어(아이디어)가 그야말로 예술입니다!,False,,0.0,0
@DOOBOO1127,와 최고네요<br>마인드도 재력도~~,False,,0.0,0
@phkgurang,너무 멋지신 분이네요. 진짜 인테리어도 공부한만큼 나온다는게 맞는것 같아요. 공사 결과물도 너무 멋져요. 진짜 해외에 나와있는 집 같아요.<br>말씀 하나하나 담백하시고 너무 좋네요.,False,,0.0,0
@모르는개산책-e8r,와 진짜 어마어마하게 좋은집이네요 <br>역대로 나왔던 분들중에 가장 좋은집인거같아요,False,,0.0,0
@jasonyun2410,댓글 처음 달아보는데 집 뿐만 아니라 말씀하시는 것도 멋있어요.,False,,0.0,0
@hoyoon08,인테리어 감탄하면서봤어요 너무 멋지시네요,False,,0.0,0
@xxxxxmxx,"<a href=""https://www.youtube.com/watch?v=VxXjPZtx0eo&amp;t=840"">14:00</a> 작품 너무 멋지고 귀엽다 ㅋㅋ",False,,0.0,0
@김보람-y9w9t,"퇴직하고 싶은 맘이 가득가득한 40대 중반 일하는 엄마인데, 이 영상보니 더 달려야겠잖아요^^",False,,0.0,0
@나야-j7u,ㄹㅇ 인생마지막은 아파트매매..가답이다 ㅠ,False,,0.0,0
@dink930,와 인테리어만 몇억 들었겠네 찐부자시다..,False,,0.0,0
@고등어-j6d,와 진짜 역대급이네요 ㅋㅋ 공부를 하신 결과물이 너무나도 훌륭합니다,False,,0.0,0
@RIZE_B,"&quot;30,40대에는 올라만 가느라 볼 수가 없고 50대가 되어 언덕에 서면 끝을 볼 수가 있다. 그때 어떻게 잘 내려갈것인가 플랜을 짜야겠다 생각이 든다. 다만 3040대에 최선을 다하지않으면 50대가 되어서도 올라만 가야한다.&quot;",False,,0.0,0
@esbly773,인생60부터 아닌가여~~♡♡,True,@RIZE_B,4.0,0
@RowenaZelda-z8i,ㄹㅇ ㄱ글 에서 벳프리 보면 다른거 눈에도 안들어옴 그냥 다시보면 되니까 개이득임 ㅋㅋㅋㅋㅋ,True,@RIZE_B,4.0,0
@RIZE_B,@@esbly773 맞아요~ 저분은 능력치가 뛰어나신거고 일반적으로 50대에도 기분좋게 열심히 올라가야죠,True,@RIZE_B,4.0,0
@PhyllisShamus,ㄹㅇ ㄱ글 에서 벳프리 보면 다른거 눈에도 안들어옴 그냥 다시보면 되니까 개이득임 ㅋㅋㅋㅋㅋ,True,@RIZE_B,4.0,0
@j.s6954,집에 장인정신이 깃들어 있네요. 멋집니다 <br>공부한 만큼 후회가 없다는 말이 공감되네욬ㅋㅋㅋ,False,,0.0,0
@오렌지-k6e,환기가 여러번 강조되었는데<br>진짜 공감해요..<br>자연환기 진짜 삶에 있어서 중요합니다,False,,0.0,0
@RowenaZelda-z8i,헬창들도 ㄱ글 에서 벳프리 보면 근육 다빠진다며 ㅋㅋㅋㅋㅋㅋㅋㅋ 사실임??,True,@오렌지-k6e,2.0,0
@PhyllisShamus,ㅋㅋㅋㅋㅋㅋ ㄱ글 에서 벳프리 모솨서 잼민이 발정났누?,True,@오렌지-k6e,2.0,0
@superiorclass3656,어디지? 미켈란호수가인가,False,,0.0,0
@박상준-o7h,자취남 영상중에 가장 몰입하고 집중하면서 본듯,False,,0.0,0
@wfjay4,와. 개쩐다….,False,,0.0,0
@Vokuhila7,취향이 참 멋지십니다. 세심하면서도 여유로움이 느껴지세용.,False,,0.0,0
@티라미수-h7x,침실에 있는 작품은 김보희 작가 작품인가요?! 잘 안보여서 아쉽네요ㅎㅎ 성공하신 분을 본것 같네요. 참으로 부럽고 대단하시네요.,False,,0.0,0
@andenmond1887,정말 멋진분이시다 😊,False,,0.0,0
@Sunny-qy5ym,청춘 때 정말 열심히사셨던걸까요 여유있는 모습 진짜 부럽네요,False,,0.0,0
@김예,정말 닮고싶은 분이네요! 멘트하나하나가 30대인 저에게 인상깊어요,False,,0.0,0
@콩앤제이,진짜 제가 요즘 꿈꾸고 있는 집의 모습 그대로입니다...☆나중에 제가 50대될때 저에게 팔아주셨으면 ㅋㅋㅋㅋ,False,,0.0,0
@Ykay-nv8fv,마지막 명언까지 간만에 알찬 영상입니다:),False,,0.0,0
@장쿠터,지금까지 본 영상중 진또배기 느낌.확나네요 인생선배로써 조언도 너무잘해주십니다 잘 새겨듣겟습니다.,False,,0.0,0
@on.my.way.meaningful,와 집 인테리어 끝내주게 잘했다.. 하나하나 다 이유가 디테일함,False,,0.0,0
@곰돌이-m7t,&quot;진짜 어른&quot;,False,,0.0,0
@mercurial777,자본이 뒷받침된 인테리어는 예술이 된다. 반대로 없다면 완전 심플한걸로 가야함.,False,,0.0,0
@고추농장주-u8v,와 자취남 본집중에 가장 멋지네요..와 감탄 그자체,False,,0.0,0
@김별-g1i,싱크대 밑에 스프링같은거 그거 궁금해요! 초음파세척기인가요?ㅠㅠ,False,,0.0,0
@송지현-b6x,되게 소탈하고 귀여우시다.,False,,0.0,0
@sdflksdfngbf9793,"<a href=""https://www.youtube.com/watch?v=VxXjPZtx0eo&amp;t=887"">14:47</a> 영상의 핵심 포인트",False,,0.0,0
@알수없음-q9l,오늘 너무 한 영상에 많은걸 배웁니다 ㅎㅎ 룸메님 너무 감사합니다 ^^,False,,0.0,0
@mooooook,"저는 이 채널을 살림, 인테리어에 참고하는 데에 비중을 두고 구독하며 저장해 왔는데<br><br>오늘 컨텐츠는 앞으로의 삶에 참고하고자 인생&quot; 목록에 저장합니다<br><br>이번 출연하신 선생님 얘기로 여느 때보다 큰 위안과 희망이 생기는 듯 합니다<br><br>선생님의 60대의 인생도 지금처럼 즐거우시길 바랍니다^^",False,,0.0,0
@davidseo8300,"참고자 하는 인생, 어휘가 멋집니다.",True,@mooooook,1.0,0
@로운-c4r,오늘 많은 걸 배웠습니다!!!,False,,0.0,0
@Y2Kmode,"공간활용과 인테리어 너무 훌륭하세요. 채광, 환기, 공간분리, 사생활보호, 수납, 콘센트 위치 등 정말 예술이에요. 석촌호수뷰 너무 부럽습니다😊",False,,0.0,0
@유투브-e8w,부럽다용,False,,0.0,0
@xenoguri,세대수 적으면 관리비 많이 나오던데,False,,0.0,0
@추웠음좋겠다,와 보다말고 쓰는거지만 진짜 걍 회장님 집 갔다오신 느낌이네요 회장님 신나서 진행도 필요없이 열심히 설명하시고ㅋㅋㅋ,False,,0.0,0
@lemon_luna,"출연자분 미쳤네요.👍<br>살림을 몇 십년하신 것처럼 디테일, 효율성 <br>두루두루 싹 잡으셨네요.<br>불편한 거 싹 제거하시는 능력자!<br>리모델링 상담하셔도 돈쭐 나실듯요.<br>스카웃되시지 않을까 준비하셔야겠어요.<br>가구도 군더더기 없고<br>그림과 취향대로 꾸미고 준비하신 주무르신 역대급 센스! <br>너무 삐까뻔쩍 럭셔리하면 보는 이도 부담스러운데<br>이분은 진짜~~~ 리스펙 감탄뿜네요.<br>즤집이랑 가까워서 집들이겸 집구경겸 <br>그림 관람겸 가고 싶네요. ㅋ~",False,,0.0,0
@ilillillilillillil,왠만한 인테리어 업자보다 공간을 잘 만드셨네요<br>인테리어 업자들은 좀 보고 배워라<br>맨날 틀에밖힌 인테리어 지겹다<br>고민을 하란말야 고민을...<br>프로페셔널이 없어...,False,,0.0,0
@pota9,와~진짜 철학이  있는  인테리어네요,False,,0.0,0
@최진민-j4y,이 영상보고 구독 눌렀어요....원래 좋아하는 채널이었지만... 두분 캐미와 큰 감동~~감사해요..,False,,0.0,0
@반짝반짝-l1z,와 뷰 죽이네요 ^^,False,,0.0,0
@Mina-wz9fm,오~ 인테리어 아이디어가 넘치네요. 멋진집 구경시켜주셔서 감사합니다~~~,False,,0.0,0
@윤슬이빛나는,세이코 튜나 빈티지? 인지 제가 정확하겐 모르겠지만 시계 멋지네요. 보고 바로 감각 있는 분이라고 느껴집니다.,False,,0.0,0
@dead_1ine,진짜 제가 본 집 중에 가장 살고 싶은 집이네요 :),False,,0.0,0
@랄뽕s,호수뷰가 정말 예술이네요,False,,0.0,0
@HenriettaRose-l3i,"엄청 재밌는 분이네요,, 유머도 장착되신,, ㅎ 많이 배웠습니다. ^^",False,,0.0,0
@MintChocolateLatte,유부(자)남,False,,0.0,0
@김지수-c1l7z,이 분 진짜 인정이네요..,False,,0.0,0
@신도림킹크랩,와 왜 성공하신분지 알거같다. 인테리어 공부하신 티가 엄청 나고 거기다 겸손하시기까지... 누워있다가 정신차리고 방금 앉았습니다. <br><br> 누워있는 시간 길어질때마다 다시 찾아오겠습니다.,False,,0.0,0
@happpimind,환기를 엄청 중요하게 생각하시네요 ㅋ 긴단하지만 거주하면서 필요한 부분들을 모두다 생각하시고 인테리어 하신듯해서 배울점이 많은듯합니다! 간만에 감탄하며 봤네요~,False,,0.0,0
@moomoomomo5,"식사는 박찬욱 감독 단골집으로 가셨네요. 😂 실패를 두려워하지 말되 결혼은 꼭 해라, 좋으네요.",False,,0.0,0
@chriskim3266,정말 멋진 집입니다! DW 레이크월드 같은데..맞나요?ㅎㅎ,False,,0.0,0
@삽살개-q3g,성공한 사람의 모습이구나.,False,,0.0,0
@moomoomomo5,최은순 김건희의 잠실집 대우레이크월드네요. 김충식이하고 아래윗집으로 주소 두고 윤남근 판사 일족에게 뇌물 주고 받은 건물이네요.,False,,0.0,0
@Noinsang,?,True,@moomoomomo5,4.0,0
@꽃사슴7,안궁금ᆢ이재명.조국.문재인.윤미향.김현미 먼저 감방 넣고,True,@moomoomomo5,4.0,0
@울산팬-f8x,"운석열 장모의 내연남 ,,,,판사가 돈 싫어합니까?? ㅋㅋ 장모님 명언",True,@moomoomomo5,4.0,0
@isung0504,놈현 부인은 돈 쳐받고도 양산에서 대궐같은데서 잘만 쳐 살더만. 문가는 낡은집 누구한테 떠넘기고 대궐같은 집에 그 많은 경호원쳐 두고 나라돈쓰고 있냐?  국가돈으로 샤넬 쳐입고 까르띠에 브로지 하고 <br><br>지돈으로 하는것과 국가세금 축내는인간 구별좀 하쟈 ㅉ,True,@moomoomomo5,4.0,0
@Teletubbysue,아 섬세한 안목과 감각! 너무 멋지시다!!! 방문해보고 싶은 가정 미술관이네요!! 왜 성공하셨는지 알것 같아요. 넘나 꼼꼼하시고 철저하시고 열심히 공부하시고. 정말 어떤 분야에서라도 성공할 분이시네요.,False,,0.0,0
@진짜배고파-w3s,"형님 너무 멋지시네요... 뭐야 부자네, 그사세네,이런 생각보단 그간의 과정들이 어떠셨을지 궁금해지는 분이네요 정말 치열하게 살아오셨을 것 같고 보상받으시는 기분일 것 같아요~~ 오래오래 건강하시길 바랍니다! 좋은 인테리어 공유 감사합니다~",False,,0.0,0
@hj-d7g3q,롯데타워가 옆에 있고 좋네요🙂,False,,0.0,0
@the3377,"요즘 30대 신혼부터 신축 자가살지 못하면 인생 망한듯 좌시하는 분위기가 팽배한데 사실 이 분처럼 50,60대 인생 완성기에 원하는거 해놓고 사는게 정답이지. 잘 배우고 갑니다.",False,,0.0,0
@성이름-v4l,인생에 정답이 어디 있나,True,@the3377,2.0,0
@휴-u3k,⁠@@성이름-v4l맞아요~ 정답은 없죠,True,@the3377,2.0,0
@토닥토닥책읽기,석촌호수 앞 나홀로 아파트 간적 있는데 그집은 40평대 ...부자들은 일단 여유로와지는것 같아요... 그리고 서로 자주 보니까 인사도 하고..... 60평대 2분이 살면 천국이겠네여.  청소 아줌마 일주일에 2번 부르면 되고,False,,0.0,0
@supermajinga,부채 공답해주세요 😍,False,,0.0,0
@마카롱-p6l,출연자분 멘트 하나하나 담아두어야겠네요. 멋지고 현명하십니다. 출연해주셔서 감사해요.,False,,0.0,0
@stellajeong2677,"인생에 진짜 많은 것을 느끼신 분 같은… 저렇게 부를 쌓기까지 많은 일이 있으셨을텐데 전혀 거들먹거리지 않고 따뜻하게 조언해주시네요. 부러워하면서도 나도 잘 살아야겠다, 라는 마음으로 보았습니다!",False,,0.0,0
@니나니노김,내부모나이 70에 한푼도 없어서 아파트도 못사고 한평생 놀았는데....,True,@stellajeong2677,5.0,0
@saviola-yo8sm,저나에에 저게 부냐.. 29인 나보다 없네,True,@stellajeong2677,5.0,0
@dididjdjdhdhdhhddhhfwusyzj90,@@saviola-yo8smㅋㅋㅋㅋ10년 전에 12억짜리 아파트 등기친거 자체가 찐부자 인증인데..저때 12억이면 반포자이 84도 갈 금액이에요. 그럼에도 나홀로아파트를 선택하신건 그만큼 여유가 있기 때문이겠죠?,True,@stellajeong2677,5.0,0
@mwp111111,@@saviola-yo8sm 님. 없어보여요.,True,@stellajeong2677,5.0,0
@yaocamaishide6270,⁠@@saviola-yo8sm까는 소리하지말고  야간 알바 준비해야지?<br>말도 제대로 못하는거 같은데ㅋㅋㅋㅋㅋ,True,@stellajeong2677,5.0,0
@molbasi,대우 좋지요😊😊,False,,0.0,0
@yeden0613,인테리어 구성 정말 대박! 저장해놔야겠어요,False,,0.0,0
@웅짱-s5o,현관에 리암갈릭 작품때매 아직 복도인줄 알았네요. 철물점 샷따내린줄 ㅠㅠ,False,,0.0,0
@검은별-x9h,"<a href=""https://www.youtube.com/watch?v=VxXjPZtx0eo&amp;t=830"">13:50</a> 이거 디게좋다..",False,,0.0,0
@lsh40172835,럭셔리 그 자체,False,,0.0,0
@IlIIIllIlIllllIlIlll,뷰가 끝네주네,False,,0.0,0
@디어빈,멋지시다.  인테리어도 와.. 공부하는만큼 이란게 멋지신.. 눈이 반짝이시고 좋아하시는게 열정이 넘치는 분이다 라는게 . 멋지다는 말 밖에,False,,0.0,0
@WINNERSMATH,트렌디하게 나이드신 분 같고 멋있네요 ㅎㅎ,False,,0.0,0
@WINNERSMATH,와 세면대 아이디어 좋네요 저거...,True,@WINNERSMATH,1.0,0
@성이름-g7v1i,와 부자 ㄷㄷ,False,,0.0,0
@Nal-a8,오 1빠 ㅎㅎㅎ 잘보고있어요^^😊,False,,0.0,0
