author,comment,is_reply,reply_to,reply_count,is_spam
@mongsweets,"👨‍🎨사부작아트클럽 오쁜👩‍🎨<br><br>🏠장소 : 스페이스별일 (부산진구 전포대로 224번길 17)<br>🗓일시 : 11.22 - 24일 (금-일)<br>- 금 <a href=""https://www.youtube.com/watch?v=y0XSTBBFcOg&amp;t=1080"">18:00</a> - <a href=""https://www.youtube.com/watch?v=y0XSTBBFcOg&amp;t=1320"">22:00</a><br>- 토 <a href=""https://www.youtube.com/watch?v=y0XSTBBFcOg&amp;t=720"">12:00</a> - <a href=""https://www.youtube.com/watch?v=y0XSTBBFcOg&amp;t=1320"">22:00</a><br>- 일 <a href=""https://www.youtube.com/watch?v=y0XSTBBFcOg&amp;t=720"">12:00</a> - <a href=""https://www.youtube.com/watch?v=y0XSTBBFcOg&amp;t=1080"">18:00</a><br><br>아래 멤버님들과 [사부작아트클럽] 팝업을 열게 되었어요! <br>급식 시리즈 작품과 이번 영상의 깍두기 키링을 만나실 수 있습니다.<br>만들기와 아트를 사랑하시는 여러분 부산에서 만나요!<br><br>몽중다과 @mongsweets<br>마니랜드 @ManiLand<br>오모아트 @oh1mo_art<br>꾸꾸만들기 @KkuKkuDIY<br><br>🌶이번 영상의 기념품을 가져가세요🌶<br><br>오늘 영상에서 만든 깍두기 키링! 소량을 온라인으로 판매합니다.<br>🗓11.24(일) <a href=""https://www.youtube.com/watch?v=y0XSTBBFcOg&amp;t=1260"">21:00</a> 아래 링크가 오픈됩니다.<br>오픈 전 커뮤니티 게시글로도 한번 더 알려드릴게요!<br><a href=""https://smartstore.naver.com/mymongsweets/products/11152020146"">https://smartstore.naver.com/mymongsweets/products/11152020146</a><br><br>종종 영상의 작품과 연관된 작은 기념품들을 만들어보려 해요. <br>많은 관심 부탁드려요. 오늘 영상도 보러 와주신 모든 분들 감사드립니다🙇‍♀",False,,0.0,0
@Kimchi_HamZI존짱햄찌,깍두기 키링은 귀엽겠지만 급식실에 가져가면 “어머 애야 왜 깍두기를 들고가니~” 오해할 것 같아욬ㅋㅋㅋ<br>그 만큼 너무 천재인 몽중다과넴,True,@mongsweets,10.0,0
@새벽-lsy,?? 영상은 24분 전에 올라왔는데 왜 고정댓글이 4시간 전이지,True,@mongsweets,10.0,0
@stellamum6039,매번 아이와 몽중다과님 새 영상 눈빠지게 기다려요! 팝업에서 드디어 만나겠군요 ㅎㅎ 인증할게요~,True,@mongsweets,10.0,0
@infj-v7r,으앗ㅠ부산이라니! 가보고 싶었는데ㅠ,True,@mongsweets,10.0,0
@stellamum6039,그런데 온라인 10개 판매는 좀 너무하네요;;;;😂,True,@mongsweets,10.0,0
@SohamSo-cj7jq,썸네일하고 제목만 보고 몽중같은 사람이 또 존재하는구나... 했는데,False,,0.0,0
@hk_c,"저거 버무리다 한입하는 순간 끝나는거아녀?ㅋㅋㅋ..아, 물론 이승과 말이쥬^^",False,,0.0,0
@Ktt-r6n,"<a href=""https://www.youtube.com/watch?v=y0XSTBBFcOg&amp;t=674"">11:14</a>  디테일 미쳤네..",False,,0.0,0
@HARDHJ,영상이 너무 재밌어서 제 요리 태울 뻔했어요,False,,0.0,0
@INE_TAIL,극한의 컨샙 너무 좋아요 가고 싶었는데 아쉽네요 ㅠ..,False,,0.0,0
@한유유-r9z,내가 좋아하는 두분이 협업을 하시는데 왜 내가 부산에 살지 않는건지 너무너무 화가나서 ㅠㅠ 미춰버리겠네여 ㅠㅠ 혐생에  몽중다과님 영접못하러 가서 넘 죄송합니다아 ㅠㅠㅠ <br>혹시 핸드메이드 페어에는 나오시는지 ㅠㅠ,False,,0.0,0
@Aodien47,헐 딴지역은 국밥 안나와요??? 헐 그럼 뭐먹어,False,,0.0,0
@채워니-c3z,"<a href=""https://www.youtube.com/watch?v=y0XSTBBFcOg&amp;t=553"">9:13</a> 저..저요…",False,,0.0,0
@woosfa,"<a href=""https://www.youtube.com/watch?v=y0XSTBBFcOg&amp;t=92"">1:32</a> 적당히 간은 뭘로보죠...?",False,,0.0,0
@당고냥냥,몽중님 제가 몽중님 틱톡계정을 봤어요! 근데 몽중님 틱톡계정이 보여서..,False,,0.0,0
@호랭이-t5w,몽중다과님 저 파란패딩 남자애에요 ㅎㅎ<br>항상 잘 보고 있습니다 (비록 깍두기 키링은 품절 ㅠㅠ),False,,0.0,0
@박범수-r5c,선생님 밥 양이 중간이 없는데요,False,,0.0,0
@urarakaochaco3848,I wish I could go but sadly Im located in America. 😢,False,,0.0,0
@-_-zZZ-_-zZZ,유ㅏ 디테일 진짜 미쳐따..아이디어도 그렇고 진짜 천재적이에요,False,,0.0,0
@user-elikeiy11,진짜 한국적이고 너무 귀여워요ㅠㅠㅠ❤❤❤ 몽중다과님이여 영원하라❤❤❤❤,False,,0.0,0
@오징어-x9f,만들다 손에 묻은거 무심결에 빨아 먹을거 같아 무섭..,False,,0.0,0
@윤하이-l5h,진짜 만들면서도 몽님 속으로 그러치 이거제 하실듯,False,,0.0,0
@asdfzxcv-y8n,몽님 진짜 초반부터 구독했었는디 대박 어느덧 곧 100만이네요!!!!!!!!🎉🎉🎉🎉🎉🎉🎉🎉 백만유튜버 가즈아🔥,False,,0.0,0
@junheelee2146,이 분 구독자 1만명도 안됐을 때부터 봤는데 벌써 82.3만명에 팝업도 하다니,False,,0.0,0
@근창정-w1n,서울에도 와주세요ㅜㅜ,False,,0.0,0
@뺘뺘뺘-w8u,"쓸데없는 말좀 줄였으면,,",False,,0.0,0
@jeong00,깨알 블루베리스무딬ㅋㅋㅋㅋㅋ쿠ㅠㅠㅠ 귀여워ㅠㅠㅠ,False,,0.0,0
@희재이-t7j,품절이다ㅏㅏ 나도 가제고 셒어❤❤❤,False,,0.0,0
@희재이-t7j,순천 쪽에 있는 광양에 사는데 순천 팝업 열어주세요ㅛ 저도 가지고 싶다고요 ..ㅜ,False,,0.0,0
@애리_Ari,인급동 ㄷㄷ,False,,0.0,0
@dillonyou4739,깍두기 키링 너무 가지고 싶어요.혹시 10개 다 소진 됐나요 혹시남아 있는 게 있으면 꼭 보내 주셨으면 해요.🙏🩷❤️💜,False,,0.0,0
@dillonyou4739,깍두기 키링 너무 가지고 싶어요.혹시 10개 다 소진 됐나요 혹시남아 있는 게 있으면 꼭 보내 주셨으면 해요.,False,,0.0,0
@Hot_iced_americano,덕계못...지금 서면에서 공부하고 집가는길인데 이 영상을 지하철에 타서 봤다니...ㅠㅠㅠㅠㅠㅠ진짜 너무 아쉽네요ㅠㅠㅠ오늘도 좋은 영상 감사합니다!!,False,,0.0,0
@핑쵸ping,가고 싶은데 부산이라 못 간다ㅏㅏ,False,,0.0,0
@help_meTT,김장하고 왔더니 이거 띄워줌,False,,0.0,0
@meow_lxnhxx,깍두기 키링 아직 남아있을까요?! 내일 팝업 가려구 하는데🥹,False,,0.0,0
@DrawingL203,깍두기 키링이 너무 가지고싶어서 오늘 팝업갔는데 아쉽게도 깍두기 2개가 남은 밧드를 봐버렸어요..🥲 그래도 싸인해주셔서 너무 감사합니다!╰(*´︶`*)╯♡,False,,0.0,0
@TV-iv9sw,부추를 정구지(?)라고 부르는 전ㅋㅋㅋㅋㅋㅋ부산사람입니다...하하히ㅏㅎ,False,,0.0,0
@heheeheheeheeehe,저희 학교도 어제 돼지국밥 나왔는데 신기하네용,False,,0.0,0
@eunmikim2814,10개 라니요 ㅠㅠ 못가보는 1인은 웁니다 ㅠㅠ,False,,0.0,0
@conang7815,계란찜 ㅋㅋㅋㅋㅋㅋㅋㅋㅋ미쳤다 이거,False,,0.0,0
@aboutall3430,지금 팝업 앞에서 줄서고 있어요 ㅋ ㄱ ㅋ ㅋ ㄱ ㅋ ㅋ ㅋ ㄱ ㄱ,False,,0.0,0
@공덕-o6z,깍두기 배식대에서 가져가는거랑 동났을 때 남은 잔반 표현하는 거에 감탄하고 가네요 ㅠ,False,,0.0,0
@kankoku_no_hwang_shinyoung,역시 깍두기는 레진에 담가먹어야징~~,False,,0.0,0
@하루-s3q-m8e,팝업 꼭 갈게영,False,,0.0,0
@서정적-d5j,"<a href=""https://www.youtube.com/watch?v=y0XSTBBFcOg&amp;t=106"">1:46</a> 나긋한 목소리로 살벌한 얘기를 하시니 바로 들이킬 뻔 했습니다",False,,0.0,0
@serialkillerbarb,Love whenever I see a video from you it really makes my day/week 😊,False,,0.0,0
@think_dong,"제품뿐만 아니라 경험 자체를 선사하려는 노력, 아주 인상적이네요. 무운을 빕니다!",False,,0.0,0
@이소연-j7w,와 진짜 디테일 장난없다👍🏻👍🏻👍🏻,False,,0.0,0
@김소연-v1u3m,기고 싶어도 못 가는 1인..,False,,0.0,0
@serialkillerbarb,i love radish kimichi with gamjatang  its my fav to eat with it,False,,0.0,0
@gwanda65,와 직접가서 그 밧드가 비는걸 봐야되는데...ㅠㅠ 서울에서도 해주세요!! 컨셉여신님!!,False,,0.0,0
@blueinbloom24,ㅋㅋㅋ 아니 3일동안 썸네일만보고 깍두기가 왜자꾸뜨지;; 하고 넘김 ㅜㅜ,False,,0.0,0
@HEYYSEBASTIAN,HI,False,,0.0,0
@프세카루이의격창,오ㅐ 이런건 지방사람한테는 진짜 몇시간씩 가야되녀.....목포에서부산....음음 4시간인가?,False,,0.0,0
@끽끽-q3y,와 진심 가고 싶다 ㅠㅠㅠㅠ ㅠㅠㅠㅠㅠㅠ 시험기간 죽어 진짜,False,,0.0,0
@Possible.sjsjsj,다른음식도 만들어서 키링으로 판매해주세요~!,False,,0.0,0
@hija-ck,"Very proud of how far you’ve come, and I hope the pop up goes well and you sell out of every keychain!!! 🍢",False,,0.0,0
@Chavi_1594,갑분 asmr 너무 웃김 진짜ㅋㅋㅋㅋㅋㅋㅋ,False,,0.0,0
@초코-o3v,오늘 일마치고 가봐야겠네영 ㅎㅎ,False,,0.0,0
@hspa,흑백요리사 출연해주시면 안되나요?,False,,0.0,0
@김재원-b4i,저이는 그것보다 적는더..,False,,0.0,0
@김재원-b4i,조색하기전해는 망고 같아요♡,False,,0.0,0
@soolhouse,안녕하세요 저는 불닭볶음면으로 위스키를 만들고 있습니다. 왜죠 어째서 이상하게 동질감이 느껴집니다. 구독 박고갑니다,False,,0.0,0
@장윤서-i9z,너무 갖고싶었는데 내일 갈게요,False,,0.0,0
@ONLY_XU,몽씨 팝업 서울도 해주실거죠 .. ? 🥲,False,,0.0,0
@OvertheMoon모아,오늘 부터다,False,,0.0,0
@김김희정-u2w,누구도저언니손실력못따라간다ㅋㅋㅋ,False,,0.0,0
@양념묻은감튀,80만구독자가 겨우 온라인으로 겨우 열개라니 누구코에붙여!!!!!,False,,0.0,0
@승현-j2o,다이소 크리스마스 눈내리는 무드등 사서 업그레이드 시켜주세요!!😚😚,False,,0.0,0
@단오-t2k,아 몰입해서 보다가 갑자기 다과님이 갑자기 튀어나와 ㅋㅋㅋㅋㅋㅋㅋㅋㅋㅋㅋㅋㅋㅋㅋㅋ 너무 웃겨요,False,,0.0,0
@별하람-c.n,학생들 밥은 전의 쌀밥 양인데..?,False,,0.0,0
@단오-t2k,맛있어 보인다…,False,,0.0,0
@seoyun2jjang,케이크 스퀴시 만들 때 부터 봤는데 당신은 진짜 대단한 여자.... 볼 때마다 항상 진화해서 돌아오는 당신의 모습에 감탄을 하게 되. 멋져요.......ㅠㅜ,False,,0.0,0
@Lisa-t8z9x,당연히 김장철이라 깍두기 나온줄 알았는데 키링이라뇨!! 넘 귀엽자나요!!!!!!,False,,0.0,0
@주하이-k7e,진짜 너무 기다렸어요!  저희의 잊을만 하면 기어코 알고리즘에 올라는 오는 유튜버님❤️,False,,0.0,0
@애플덕,혹시 이미 키링이 동났을까요? 내일 가려고 하는데 😢,False,,0.0,0
@jiwon-rl6pb,ㅜㅜㅡ오늘 팝업 방문했는데 너무 좋았어요ㅜ 실제로 보고있는데도 진짜같더라구요 완전 금손👍<br>몽중당과님 만나봬서 영광이었습니다ㅎㅎ 앞으로도 좋은 영상 만들어주세요~!! 화이팅🍀,False,,0.0,0
@리니린-u7e,계란찜 아이디어 쩌러요.....😮,False,,0.0,0
@애플-store,진짜로 16500원 인가요..?,False,,0.0,0
@건빵12,ㅋㅋㅋ진짜로 16500원임ㅋㅋㅋㅋㅋㅋㅋㅋㅋㅋㅋㅋㅋㅋㅋㅋ헛웃음나오네,True,@애플-store,1.0,0
@purple_andme,배고파요  ㅠ,False,,0.0,0
@몽실몽실몽쉬르,"제목에서 스포했음에도 불구하고, 썸네일에 또 속아서 옴. 레진이었자낫😮",False,,0.0,0
@동동동도로동동링,부추무침.. 대박 👍,False,,0.0,0
@Soda_OvO,"아아.... 썸넬 보고 입 벌리면서 들어왔어요.......<br>주모...... 한 입만 주소.........<br><br><a href=""https://www.youtube.com/watch?v=y0XSTBBFcOg&amp;t=86"">1:26</a> 설명이 너무 귀에 쏙쏙ㅋㅋㅋㅋ 이해가 팍 되네요<br><a href=""https://www.youtube.com/watch?v=y0XSTBBFcOg&amp;t=102"">1:42</a> 아니 진짜 양념 아니냐고.<br><br><a href=""https://www.youtube.com/watch?v=y0XSTBBFcOg&amp;t=170"">2:50</a> (비명)<br><a href=""https://www.youtube.com/watch?v=y0XSTBBFcOg&amp;t=174"">2:54</a> (경악)<br><br><a href=""https://www.youtube.com/watch?v=y0XSTBBFcOg&amp;t=204"">3:24</a> 예? 제가 잘못 들었나요....? 사투리... 전혀 안 들리시는데..... (나만 그런가)<br><a href=""https://www.youtube.com/watch?v=y0XSTBBFcOg&amp;t=231"">3:51</a> 섞어국밥도 맛있는디........ 내장이랑 순대도 넣어줘유. (몽님 특제 순대...? 이거 좀 쩌는데.)<br><br><a href=""https://www.youtube.com/watch?v=y0XSTBBFcOg&amp;t=354"">5:54</a> 들깻가루 가득한 저희 이빨을 이야기 하시는 건가요. 😂<br><a href=""https://www.youtube.com/watch?v=y0XSTBBFcOg&amp;t=370"">6:10</a> 천재 아잉교!!!!!!! 천재 아잉교!!!!!!!!!!<br><br><a href=""https://www.youtube.com/watch?v=y0XSTBBFcOg&amp;t=420"">7:00</a> .... 아니요. 전혀요. (구독 꽤 오래 했는데.... 😢)<br><a href=""https://www.youtube.com/watch?v=y0XSTBBFcOg&amp;t=442"">7:22</a> 몰드 뜬 건 맞힘. ㅎ<br><a href=""https://www.youtube.com/watch?v=y0XSTBBFcOg&amp;t=450"">7:30</a> 아니 어떻게 색깔 조합한 것만으로 메추리알의 저.... 저 노른자가 묘하게 비쳐 보이는 느낌을 낼 수 있는 거죠.... 심지어 조림이야.... 조림인데.... 흰자 속의 노른자가 보이는 것만 같다.....<br><a href=""https://www.youtube.com/watch?v=y0XSTBBFcOg&amp;t=458"">7:38</a> 틀렸슴다. (당당)<br>클레이나 호일 왕창 뭉쳐서 겉면만 쭈글쭈글 모양낸 클레이로 감싸신 줄.......<br><br><a href=""https://www.youtube.com/watch?v=y0XSTBBFcOg&amp;t=526"">8:46</a> .... 진짜 아니에요? 씹어 먹을 뻔.<br><br><a href=""https://www.youtube.com/watch?v=y0XSTBBFcOg&amp;t=559"">9:19</a> 어....? 진짜 흑미네<br><a href=""https://www.youtube.com/watch?v=y0XSTBBFcOg&amp;t=563"">9:23</a> 진짜 흑미색 배어나는 줄 알았는데 아니었군요 몇 번을 돌려봤음 ㅋㅋㅋㅋㅋ<br><a href=""https://www.youtube.com/watch?v=y0XSTBBFcOg&amp;t=581"">9:41</a> 진짠데..... 이거 진짜 흑미밥인데.... 이게 어떻게 가짜임.... 이게 어떻게.....<br><br><a href=""https://www.youtube.com/watch?v=y0XSTBBFcOg&amp;t=687"">11:27</a> 컨셉 폼 미쳤다..........<br>갱상도 사람인데 팝업.... 가고 싶네요.<br>그러나 갈 시간이 있어야.... 😢😢😢",False,,0.0,0
@geunhakim4134,열개 너무적어요오 ㅠ.ㅠ,False,,0.0,0
@rose-hi6jg,나도 몽중다과님이 만든 작품들 보고싶고 선물 받고싶다~~~~~ 그래서 서울은 언제죠?! 네?! 네?! 제발요~~~~,False,,0.0,0
@그림자암살자,레진이라길래 원신인줄 알고 들어왔,False,,0.0,0
@minnn_n,아닠ㅋㅋㅋㅋ,True,@그림자암살자,1.0,0
@행복하세요-x2f,제목보고 레전드로 깍두기 담그는 여잔줄…,False,,0.0,0
@coconutpapa4426,매번 멘트를 때마다 느끼는 거지만. 노래도 엄청 잘하실 것 같아요.,False,,0.0,0
@Ra__yan__,와 진짜 정성스럽다....,False,,0.0,0
@Pengzal_Q,뭘 또 이렇게 맛있게 담구세요....,False,,0.0,0
@power_fangirling,와...갈비탕이 땡기는 비주얼...,False,,0.0,0
@유수현-m5i,"<a href=""https://www.youtube.com/watch?v=y0XSTBBFcOg&amp;t=155"">2:35</a> 아니 잠깐 하니까 진짜로 멈췄어욬ㅋㅋ!",False,,0.0,0
@00whitewolf00,완전 너무 진짜같다.,False,,0.0,0
@00whitewolf00,미친 깍두기 키링 너무 갖고싶다!,False,,0.0,0
@Yell7,와 이젠 과정조차 침고임...,False,,0.0,0
@anemone8354,밥 조금만 덜어주세요.....,False,,0.0,0
@nj-v3e,"<a href=""https://www.youtube.com/watch?v=y0XSTBBFcOg&amp;t=344"">5:44</a> 고기에 물감 칠하지마세요",False,,0.0,0
@한지성_사랑,고기 아님,True,@nj-v3e,2.0,0
@seona624,ㅋㅋㅋ,True,@nj-v3e,2.0,0
@user-꿈꾸는순두부,어머어머 처음 광고에 안성재 셰프 나와서 깜놀,False,,0.0,0
@김메밀-v9b,이 깍두기는 매우 이븐하게 익지 않았어요,True,@user-꿈꾸는순두부,1.0,0
@이게뭐람-w9m,이 언니는….. 이제 레진으로 김장까지 하게 되었군요 …….,False,,0.0,0
@turkeypark9221,살 많이 빼셨네요 😊,False,,0.0,0
@채원김-p6h,안녕하세요 몽중다과 님! 학교에서 선플달기를 하고 있어 댓글 답니다<br>영상 볼 때마다 여러 재료들로 실제 음식처럼 만드시는 걸 보고 감탄하고 있습니다. <br>항상 재미있는 영상 만들어주셔서 감사합니다!,False,,0.0,0
@seo11,안녕하세요 몽중다과님! 저는 곧 고3 되는 한 학생입니다 몽중다과님 영상은 만드는 과정을 볼 때 마녀의 주방에 몰래 훔쳐보러 들어온 듯 한 기분도 들고 어린이가 되어 클레이 놀이를 하는 기분이 들기도 합니다 제 빡센 삶에 한줄기 빛이 되어주심에 감사합니다,False,,0.0,0
@604bsw,이게 어딜봐서 레진이냐고..ㅋㅋ 😂,False,,0.0,0
@수설화,완벽 그자체 작가님의<br>능력은 무한 할 것 같은 느낌이 이번 영상에서  크게 느낍니다 옛날 그 시절 우리가  즐겨먹던 소떡 소떡 다시 학생때로 돌아가고 싶었습니다 돼지국밥 정말 좋아하는데 좋아하는 반찬으로 모인 급식 흑미밥 과거로 갈 수 있는 시간 여행을 한다면 저 급식 그대로 먹고 작가님을 떠올릴 것 같습니다  ❤❤❤,False,,0.0,0
@예-h4j,대박 부산 팝업이라니 바로 갈 수 있어서 행복합니다,False,,0.0,0
@hjpark9904,메추리알은 저번에 쿠데타마 매끈 궁뎅이 만드셨던거 생각나서 유추할 수 있었는데 꽈리고추는.....아직 공부가 부족햌ㅅ네요 땃쉬,False,,0.0,0
@ejji4074,서울에서도 해주세요😂😂,False,,0.0,0
@twicebang4556,Please consider selling these internationally too! I love your resin videos and would consider buying a keychain or a kit if you made one :),False,,0.0,0
@ehnbam,부산생활 10년차.. 국수 안 주는 국밥집을 못 봤읍니다..,False,,0.0,0
@해뚜루뚜,저오늘 표 구했음요!!!!!!,False,,0.0,0
@sinnersavedbythegraceofjes9354,🪷얼굴 공개해주세요 ㅠㅠㅠ🪷     🥺<br>                                                           🙏<br><br>🍓🌸👧👩👩‍🦰👩‍🦱👩‍🦳🧑‍🦲👱‍♀️👵🌸🍓,False,,0.0,0
@user_by_chance,"와진짜 너무 팝업가고싶네여,,,",False,,0.0,0
@vivioolet5218,밥.. 밥이 너무 많아요 쌤... ㅋㅋㅋㅋㅋ 오늘도 즐겁게 보고갑니다!,False,,0.0,0
@tv-xv8im,"급식용 계란찜 치고 너무 노래용,, 오래 익혀서 조금 초록초록 퍼릇퍼릇 해야됨ㅋㅋㅋㅋ",False,,0.0,0
@rii_wishze,언니 이 영상 트니까 관련으로 맛있게 담그는법뜬다ㅋㅋㅋ,False,,0.0,0
@김수정-c2h,우와 대박적 바로 달려갈게요❤❤❤❤,False,,0.0,0
@Kanxinee,"<a href=""https://www.youtube.com/watch?v=y0XSTBBFcOg&amp;t=662"">11:02</a> 와 진짜 이거 너무 대박이라고 생각했다. ., ,",False,,0.0,0
@yisi21,드디어 학창시절에 먹던 밥 양과 얼추 비슷해졌네요ㅋㅋㅋㅋㅋㅋ,False,,0.0,0
@user-abcde27,아래동네에선 급식에서 돼지국밥도 나오는군요.. 신기 ㅎ,False,,0.0,0
@네버버-j7s,아니 저 부산 사는데.. 코 앞인데.... 실기를 준비하는 예체능입시생은 울어요...😭😭😭<br>나도 깍두기 조아하는뒈.... 나도 몽다님 조아하는뒈ㅠㅠㅠㅠ,False,,0.0,0
@이지운-k3k,"10개라니😂 <br>팝업! 부산ㅠ 온라인판매! 10개ㅠ 의 기쁨과 슬픔을 오갔네요😢😢 깍두기 키링 넘넘 특이하고 귀여워요 꼬옥 가방에 매달고 싶ㅇㅓ,,♡",False,,0.0,0
@ij7240,깍두기 키링 너무 귀여워요🤤🤤,False,,0.0,0
@misery_olympics,레진보고.. 잘못왔다..,False,,0.0,0
@민달이-f7f,슬프다... 일 때문에 팝업도 못가고... 링크 오픈 시간도 못 맞춘다니...😢,False,,0.0,0
@cherry_KkyuKkyu,대박 .. ❤,False,,0.0,0
@kkahlua,진짜미치겟다 ㅋㅋ너무귀엽다 ㅠㅠ ㅋㅋㅋㅋ,False,,0.0,0
@juheelee8476,으아니이ㅠ 저번주에 다녀왔는데 부사아안ㅠ,False,,0.0,0
@양파링-l1g,시험만 아니었다면..😢,False,,0.0,0
@AuroraMusic999,와...진짜보다 더 진짜같네요!!<br>그나저나 몽중다과님 목소리 들을때마다 가수 윤하님이 생각나요 목소리 넘 좋으심ㅎㅎㅎ,False,,0.0,0
@nayoon6698,아니 깍두기 키링이라뇨흐엉엉엉 ㅜㅜㅜ낸나낸나ㅜㅜㅜㅜ,False,,0.0,0
@wonhue,입에 넣고 씹고 싶게 생겼어요,False,,0.0,0
@user-np6gw2fi8v,팝업 가시는 분들 너무 부럽습니다!ㅠㅠ,False,,0.0,0
@리리-b5o,"<a href=""https://www.youtube.com/watch?v=y0XSTBBFcOg&amp;t=430"">7:10</a> 다 맞췄어요 !!",False,,0.0,0
@jina104,넘 좋아요~~ 앞으로 다른 음식 다양한 굿즈로도 판매해주세요!!!!!!!!!!! 겨울에 붕어빵 추천이욥!!!,False,,0.0,0
@user-np6gw2fi8v,이 분은 볼 때마다 실력이 대단하신데 목소리까지 예쁘셔,False,,0.0,0
@Tom-s2k,변태,False,,0.0,0
@말리꽃-r1b,요즘 총각김치 담그는거 좀 봤더니 이것까지 추천해주냐 유튜브야,False,,0.0,0
@ksi2014,아니.....몽중다과님 영상 많이봤는데 팝업이라뇨🎉🎉부산이니까 무조건 갈게요옥!!!!,False,,0.0,0
@holiccoffee-vy4yb,악 팝업가고싶어요 아...갈까 기차표잡아봐야하나,False,,0.0,0
@도겸이-g9u,대박 진짜 짱 질만들엉.. 아니 너무 진짜 같앙..!! 앗 배구파졌어ㅠㅠ 악 계란찜 먹고싶따 몽중다과님 진짜루 금손이신 것 같아여.. 다음 영상도 기대 하겠습니당♡,False,,0.0,0
@해뚜루뚜,저 거기 갈려는데!!!! KTX 표가 다사 서울로 올라오는개 없어서 아빠사 어제도 세벽4시에일어남 ㄷㄷ 근대 표를 못구했어요 ㅠㅠ,False,,0.0,0
@김아름-w3l,부추!!!,False,,0.0,0
@yangjjun_,목소리 넘 듣기좋은거 아시죠???,False,,0.0,0
@yangjjun_,팝업 가구싶다..,False,,0.0,0
@현우-m1m,목소리 엄청 사랑스러워용,False,,0.0,0
@JJinjjiny,"<a href=""https://www.youtube.com/watch?v=y0XSTBBFcOg&amp;t=17"">0:17</a> 약간 도토리묵 느낌 나여 ㅋㅋ&gt;&lt;",False,,0.0,0
@jhalion01,다이소 크리스마스 무드등 리폼해주실 수 있나요??🥹,False,,0.0,0
@Wkdehf,메인 국밥도 미쳤는데 배식용 급식 보고 기절.. 특히 계란찜.. 너무 급식 계란찜 그대로야.. 대단하세요.. 매번 감탄하고 갑니다,False,,0.0,0
@김개구리-y8r,"급식에.. 과일이 부족하군요..<br>탄수화물, 단백질, 채소는 나름 적절한것같아요..<br>과일 플리즈..!!!!!",False,,0.0,0
@랄루-g8p,너무 진짜같고 맛있어보여서 tv를먹는줄알았어요,False,,0.0,0
@Cheese_melting.0821,우와아아!! 왔다..! 늦었다..! 썸네일만 보고 음 깍두기군 했는데 몽님이였다-!!,False,,0.0,0
@스미스선자,무 만들기전 점토가 왠지 묵같이 생겼네여ㅋㅋ 와진짜 묵에서 깍두기를 어떻게 만드신거지ㅠㅠ대단,False,,0.0,0
@정-g2f8t,급식 메추리알장조림 받으면 반으로 쪼개져서 노른자가 보이는 친구들도 좀 있는데 다음에 한 번 더 만드신다면 그런 모양도 만들어주시면 좋을 것 같아요!,False,,0.0,0
@이솔아-v1s,제가 제가 싫어 합니다!😅,False,,0.0,0
@user_jws_8214,와 이번주에 갈겁니다!!! 아트클럽이라니!!!,False,,0.0,0
@user_jws_8214,썸넬보고 요리채널인줄 ㅋ,False,,0.0,0
@user-labie1642_me,와씨 저거 하나 집어서 국밥 한술뜬 숟가락 위에 탁 캬ㅑㅑㅑㅑ~~~,False,,0.0,0
@Do_0_cloverlove,"와..언니 ㅠㅠ <a href=""https://www.youtube.com/watch?v=y0XSTBBFcOg&amp;t=162"">2:42</a> 목소리 진짜 좋아효.. 기절할뻔 그동안 나레이션 전부 쌩 목소리셨군요..꺄악",False,,0.0,0
@黎欣樺-l7u,👍👍👍👍awesome,False,,0.0,0
@lovehippo1210,진짜 제가 좋아하는 만들기 유튜버 4분이 모이셔서 너무 가고 싶은데 기말고사 때문에 못 가서 아쉽네요…근데 깍두기 키링 진짜같고 귀엽네요..❤,False,,0.0,0
@구름토끼-b7p,"와... 지인도 아닌데, 자랑스러워😍<br>이 작은 나라에 재주꾼이  많네요.",False,,0.0,0
@배순자-o5r,저만 먹고싶은거 아니죠?,False,,0.0,0
@morequackquack,저는 꽈리고추 표면을 파스타면 뽑는 걸로 한줄ㅋㅋ,False,,0.0,0
@abandon331,깍두기 갖고 싶었는데 품절..ㅠ 계란찜 키링도 만들어 주세요ㅠ,False,,0.0,0
@키즈임,서울에서도 하면 안 돼요 부산에서 하면  진짜 너무 가고싶으데 못 감 ㅠㅠ,False,,0.0,0
@소소일상-i6q,밥 모형에 솓가락으로 퍼먹은 흔적 남겨주세여!!,False,,0.0,0
@이한별-w3j,혹시딸기 비누 만들어주실수있나요??,False,,0.0,0
@ons_jj_sc,I wish I could go to the event...😢 I always love your work!<br> 당신의 예술을 좋아해요! ❤️‍🔥,False,,0.0,0
@hmqwqweras,이렇게 딱딱할 거같은 깍두기는 처음이에요,False,,0.0,0
@loelriel,날아가서 슬프지만 왠지 더 웃겨요 이번편 ㅋㅋ큐ㅠ,False,,0.0,0
@Dart0414,경기도사는 사람은  팝업못가서 웁니다..ㅠㅠ,False,,0.0,0
@루피-k3i,대전에서도 팝업 해주새요 ㅜㅡㅜ😢재바류ㅜㅡㅜ,False,,0.0,0
@이미란-q4k,"<a href=""https://www.youtube.com/watch?v=y0XSTBBFcOg&amp;t=205"">3:25</a>  블루베리스무딬ㅋ",False,,0.0,0
@user-gp6lq5bi6u,아니 레진인 거 알고 봐도 너무 ㄹㅇ같아서 파인다이닝 요리 과정으로 보임;;,False,,0.0,0
@adven-ture-0012,진심 당신은 천재야…🥹🥹,False,,0.0,0
@SeaOfSilver,방 청소도 하세요 ㅋㅋㅋ,False,,0.0,0
@gamssi,고춧가루는 진짜 고춧가루 사용하신건가용?? 그건 뭐예용??,False,,0.0,0
@헬로키티-q7c,언니 혹시 급식 다 먹고 난 식판도 만들어주시면 안되나여ㅜㅠㅜㅠ,False,,0.0,0
@smoth3948,"오늘도 재밌는 영상 감사합니다❤<br>항상 궁금했던 점이 있는데, 혹시 작품을 만들때 찰흙을 사용하거나 클레이를 사용하면 먼지가 안 묻으시나요..?",False,,0.0,0
@RubyLuna0916,와 드그르르륵 소리 왜케 좋을까요😊,False,,0.0,0
@안녕하세요-j2i4w,밥 너무 푸짐한 고 아닌가욬ㅋㅋㅋㅋㅋㅋㅋㅋㅋ 깍두기 넘나 귀엽습니다,False,,0.0,0
@flame4242,부산 못가서 너무 아쉽다고 생각했는데 소량이라도 온라인 판매해주셔서 너무 좋네요~ 꼭 구매성공하겠습니다.,False,,0.0,0
@cxx_exx,와... 감탄의 연속...,False,,0.0,0
@9mmy_bear,정구지 빨간 국물 베어나오는 디테일이 진짜 대박...,False,,0.0,0
@지훈김-o7n,그리고 그걸 알아내고 표현하는 몽님도 대박..,True,@9mmy_bear,1.0,0
@바두기-i3h,급식 너무 제 취저! 깍두기도 너무 맛나 보여요🤩,False,,0.0,0
@lu_sealing,"<a href=""https://www.youtube.com/watch?v=y0XSTBBFcOg&amp;t=87"">1:27</a> 양념에 쓰신 충진제는 어떤걸까요?! 알려주실수있나요!",False,,0.0,0
@Lulu_yh,실제로 김장하고 레진으로 만든 김치로 저번 어머니 속이기 영상처럼 수육과 같이 먹을 김장 속이기!!! 어떠신가융...그 감쪽같은 속이기 영상 전 좋아햇어유❤,False,,0.0,0
@w_sol,나도 깍두기~~~~~~~~!!!!😂,False,,0.0,0
@혀기-n6d,10개라뇨!!!!! ㅠㅠㅠㅠㅠㅠㅠ너무 적어요ㅠㅠㅠㅠ,False,,0.0,0
@산마루으름e,ㅠㅠ부산이라 못가서 슬프네요,False,,0.0,0
@연우조-m4u,드디어!!!,False,,0.0,0
@LeeDaramram,과정을 다 보고도 마지막부분에 키링의 금속 부분이 밥위에 올라간거보고 화들짝...ㅋㅋㅋ<br>저것은 가짜밥이다 이 뇌 녀석아 ㅋㅋㅋ,False,,0.0,0
@anatomy093,제가 만들면 하다가 새끼손가락으로 양념 맛볼거같아요…,False,,0.0,0
@ming_estrella,"와, 이번 영상도 재밌게 잘 봤습니다. 영상본 날라가서 평소와 다르게 영상을 진행하셔야 했음에도 영상 매끄러웠습니다👍<br>비록 저는 팝업은 못 가지만, 몽중다과님과 방문자분들 모두 즐거운 시간 보내시기를 바랍니다☺️",False,,0.0,0
@photolyclayoly8059,"In the USA, schools don’t usually have soups, mostly just different chicken dishes and a few beef, so it’s interesting to see Koreas lunches. <br>Also love that you made keychains, but also made the experience of getting a keychain part of the art and school lunch inspired, as well! So cool as usual!",False,,0.0,0
@임우리-b4c,키링 보고 사람들 놀라겠는데요~?? 🧐,False,,0.0,0
@뚜비두밥-s7r,부추에서 빨간 국물 나오는거 진심 천재,False,,0.0,0
@연두-g3t,몽중다과님 부산 분이셨군요!! 팝업 부산에서 열어주셔서 너무 좋아요♡ 돼지국밥 진짜같아서 배고파졌어요ㅜㅜ 깍두기 키링은 수량이 3일치로 나누어져 있나요? 아니면 첫날부터 선착인가요?,False,,0.0,0
@mongsweets,상황을 보고 3일 적절히 분배할 예정이에요. 그래도 가능한 일찍 오시는게 남아있을 확률이 높을 것 같습니다🫶,True,@연두-g3t,1.0,0
@recycle948,와 깍두기 키링 겁나 탐나네,False,,0.0,0
@xxl_lee,와 아니 썸넬보고 으떤 사람이 이런 군침도는 김치를 담굴까 하면서 침흘리고 들어왔는데... 레진이라니,False,,0.0,0
@하늘이_0128,한국인들은 이 영상에 1번씩은 들어가본다(?),False,,0.0,0
@yellpi5881,썸네일 보고 깍두기가 너무 맛있어보여서 보러왔습니다,False,,0.0,0
@bobobobo-bobobocci,몽다님은 천재예요.... 갈수록 퀄이 높아지는게 다음에는 진짜 음식이랑 비교해두고 뭐가 진짠지 맞추는것도 잼쓸거 같아용ㅋㅋㅋㅋㅋ,False,,0.0,0
@이다현_0,진지한번 빨자면 진짜랑은 질감이랑 광 같은부분이 다르기때문에 딱 보일 수 밖에 없어요,True,@bobobobo-bobobocci,1.0,0
@yucheon-1234,주말에 봅시다 몽님!,False,,0.0,0
@beardoll99,"<a href=""https://www.youtube.com/watch?v=y0XSTBBFcOg&amp;t=601"">10:01</a> 선생님들 급식으로 하죠.....",False,,0.0,0
@jjang550,서울도 제발요오,False,,0.0,0
@pips3067,"I wish i was in Korea so i could come to the event. The keychains look so cool, i really want one❤❤ and to see all the works in person. I find what you do so awesome",False,,0.0,0
@홍새,난 딱 저만큼의 밥이 좋더라!,False,,0.0,0
@상큼한카프리썬,아..잠시만요..국밥에..흑미밥이라뇨...흰밥...내흰밥..돌려주소..주인장...😢어어어엉..,False,,0.0,0
@ZoneOfOverLap,"<a href=""https://www.youtube.com/watch?v=y0XSTBBFcOg&amp;t=473"">7:53</a> 혹시 몽중다과님은 추리소설 읽을 때 어떠신가요?<br>트릭이나 범인의 정체를 하나하나 맞춰가며, 소설에 있을 복선을 확인하시나요?<br><br>이렇게 적는다면 예상하셨을텐데요, 네. 저는 그냥 마지막 순간 탐정이 풀어내는 정답지를 보며 와 대박 쩐다...라고 하는 타입입니다.<br><br>와 대박 쩐다...",False,,0.0,0
@thisisyourdadspeaking,꿀잠 보이스,False,,0.0,0
@ZoneOfOverLap,"<a href=""https://www.youtube.com/watch?v=y0XSTBBFcOg&amp;t=360"">6:00</a> 몽님...블루투스 소통시도를 하시는군요!<br><br>그렇지만 구독자는 수신에 실패했다.",False,,0.0,0
@나메-x3v,학교다닐때 공짜국밥먹어서 너무좋았는데... 급식만 다시 먹고싶다 ㅋㅋㅋㅋ,False,,0.0,0
@662..,다른지역에는........ 국밥이 급식에<br>안나온단말인가요....???????? ‎‎°ࡇ° !!!,False,,0.0,0
@yoon1563,흑미밥 감탄만 나오네요,False,,0.0,0
@Violet-tn8wp,갖고싶다…깍두기키링 😢😢,False,,0.0,0
@yannarayos,mango enchilados,False,,0.0,0
@babyseal1506,밥은 진짜 쌀로 만드신거에요? 진짜 쌀 같아요!!,False,,0.0,0
@mongsweets,쌀알모형이에요!,True,@babyseal1506,1.0,0
@Cherry07,부산 팝업이라니.. 달려갑니당 ..ㅠㅠ,False,,0.0,0
@jjazeungna,오늘 급식 시원하네,False,,0.0,0
@ubin_v,"단체급식 돼지국밥 소면의 이유 정답입니다 !<br>단가가 높지 않기에 고기양이 적으니까요,,,<br>-지나가던 영양사",False,,0.0,0
@OseiBayard,But how were you able to get the clay eggs so smooth that the silicon mold was smooth? It&#39;s so impressive!!,False,,0.0,0
@임시메일,부산은 급식에 돼지국밥이 나와요?,False,,0.0,0
@yenvlog7650,진짜 구경가고싶어요..출산한것만 아니면 달려가는건데 아슙...,False,,0.0,0
@im_mbb,"저희 학교에서도 국밥이 가끔 나오는데 저희 학교는 국밥을 선생님들 드시는 그 큰 스댕국그릇에 한가득 담아주신답니다..,,❤️그래서 국밥 나오는날 만큼은 밥 왕창 받아서 말아먹어요.,,아 먹고싶다",False,,0.0,0
@mymmryong-zo,배식대 아이디어 개쩔어요<br>진짜 너므너넘너무 가고싶은데 못가는 게 한이다ㅜ,False,,0.0,0
@dazi_0,진짜 가서 실제로 보고싶은데!!!!!!!부산이라니!!!!!!!!!! 너무 멀어서 너무 슬픕니다ㅠㅠㅠㅠㅠㅠㅠㅠㅠㅠㅠㅠ 다음 기회가 온다면 꼭 갈거에요ㅜㅜㅜ 진짜 짱 퀄리티 너무 이뻐요!!💗,False,,0.0,0
@user-mw1zv2pt7s,"<a href=""https://www.youtube.com/watch?v=y0XSTBBFcOg&amp;t=642"">10:42</a> 학교 깨란찜은 파가제일윗층을 뒤덮고 있고 그 아래에 당근층이 있음 그리고 저것보다 훨씬 더 많은 양의 파가 있어야함 계란이 안보일 정도로 그리고 이건 좀 구현이 어렵겠지만 네모나게 작게 소분되어있어야함 그리고 평평해야함",False,,0.0,0
@ohjulifi_youtube,ㅇㄴ 영상 초반에 보면서 혼잣말로 &#39;내래이션 퀄리티 뭐지 진짜 마이크 좋은거 쓰시나보다&#39; 했는데 갑자기 마이크랑 나타나셔서 당황함,False,,0.0,0
@evilboss_,와 깍두기키링 진짜 귀여워요!! 그리고 영상 날라갔는데 힘드셨겠지만 이렇게 티 안내고 산뜻하고 긍정적이게 대처하시는 분은 처음봐요ㅋㅋ 세상 긍정적이신거 같아서 저도 괜히 기분좋아지는 영상입니다:),False,,0.0,0
@정엘린-s5g,허어어어억 ㅜㅜㅜ 너무너무 가지고 싶어요... ... 몽중님의 손길이 닿은 깍두기!?!?!?! 절대 가져...❤,False,,0.0,0
@볼말랑사춘기,키링 온라인판매 많이 해주세요ㅠㅜㅜㅜ열개라뇨ㅠ,False,,0.0,0
@k-larry,헉 부산 출신이시라곤 생각 전혀 못했어요 사투리 분위기 1도 안났슴...,False,,0.0,0
@k-larry,아미친ㅋㅋㅋㅋㅋㅋㅋㅋㅋㅋ 날아갔습니다,False,,0.0,0
@햄토-u8j,꽈리고추 메추리알 유추<br>레진으로 만들었겠지 라고 생각한 나..ㅋㅋ,False,,0.0,0
@k-larry,아미친 비주얼 진짜 비슷하닼ㅋㅋㅋㅋ,False,,0.0,0
@waits24,아닠ㅋㅋㅋㅋ 깍두기 봐 엄청맛나겠다 하고 들어왔는데 레진에 입맛다신사람됨,False,,0.0,0
@볼말랑사춘기,우와 급식에 돼지국밥이라니.....🫢,False,,0.0,0
@tokkiyori,너무 귀여워요 ㅠㅠㅠ 일요일에 가려는데 깍두기… 구경이나 할 수 있을까 🥺 모쪼록 작가님 만나기를 고대하고 기대하구 있어요 😍,False,,0.0,0
@티벳여우-p9z,안녕하세요,False,,0.0,0
@이새미-b2v,아 츄릅,False,,0.0,0
@user-On3Right,"<a href=""https://www.youtube.com/watch?v=y0XSTBBFcOg&amp;t=289"">4:49</a> 진짜 나왔던거에요...?!??!!!!!!!",False,,0.0,0
@ovo__v,"<a href=""https://www.youtube.com/watch?v=y0XSTBBFcOg&amp;t=359"">5:59</a> 국밥을 안먹어서 몰라요..,,;-;",False,,0.0,0
@연-q2h,부산에 평생 살아온 여고생으로써 다른 지역에는 급식으로 돼지국밥이 안나온다는 사실에 매우 충격받았어요,False,,0.0,0
@ss.mermhz,몽중다과님이 만드시는거 항상 어디서 봤나 했더니 식당같은 곳 가면 모형으로 전시되어있던거였음🥹 너무 멀어서 팝업은 못가지만 온라인 폼 꼭 노려볼게요🗯,False,,0.0,0
@은지-m7u,드디어 오셨군..🥲,False,,0.0,0
@찰리-u1s,부산이라니 ㅜㅜ 진짜 가보고싶네요. 흑😢,False,,0.0,0
@히히힝-n3t,"아니 왜케ㅋㅋㅋㅋㅋㅋㅋㅋㅋㅋㅋㅋㅋㅋ 너무 잘해서 더 웃겨욬ㅋㅋㅋㅋㅋㅋㅋㅋㅋㅋㅋㅋㅋㅋㅋ<br>빵끗 웃으면서 보다가 <a href=""https://www.youtube.com/watch?v=y0XSTBBFcOg&amp;t=131"">2:11</a>부터 못참고 웃었는데 <a href=""https://www.youtube.com/watch?v=y0XSTBBFcOg&amp;t=137"">2:17</a>에서 너무 얼척 없어서 댓 씁니닼ㅋㅋㅋㅋㅋㅋㅋㅋㅋ 개웃곀ㅋㅋㅋㅋㅋㅋㅋㅋㅋㅋㅋㅋㅋㅋㅋ",False,,0.0,0
@히히힝-n3t,아니 밥 저거 밥 아니고 만든 거예요..? 왜 차진 밥에서 데굴데굴 소리가 나지... 인지부조화 와요..,True,@히히힝-n3t,1.0,0
@user-iu9yw8nc5d,퀄리티 말 안되네 ㄹㅇ,False,,0.0,0
@러브체리모션,왜 팝업-전시회를 부산에서만 하나요,False,,0.0,0
@mouseKIM,9시 40분 알람맞춰뒀습니다 다들 지옥의 티켓팅 가보자고요,False,,0.0,0
@JJ-eh2fm,아…? 여태껏 사투리 억양을 눈치채지 못했다니!!!,False,,0.0,0
@JJ-eh2fm,아…? 여태껏 사투리 억양을 눈치채지 못했다니!!!,False,,0.0,0
@okeanos6391,That&#39;s a very hungry highschool boy sized serving of rice! Looks so cool as always!,False,,0.0,0
@sspssphoohoo,"<a href=""https://www.youtube.com/watch?v=y0XSTBBFcOg&amp;t=475"">7:55</a> 메추리알은 몰드떠서 레진 붓는것 까지 예측했는데... 꽈리고추는 전에 마라탕 푸주처럼 폴리머클레이 쓰셨을줄 알았어요🤭🤭",False,,0.0,0
@snow_orchid_,6개월 아기 남편이 재우기로 했습니다. 금욜날 무조건 갈거에요!!,False,,0.0,0
@mongsweets,기다리고있을게요💕,True,@snow_orchid_,1.0,0
@Goldang777,깍두기 키링 너무 탐나요! 꼭 구매하고말겠어😮,False,,0.0,0
@user-ki2uw9ys8i,진심 나도 가고싶다 ㅠㅠ 사부작,False,,0.0,0
@유라닝,부...산?? (심장이 두근거리기 시작한 부산인) 심지어 전포야.. 일끝나고 개처럼 달려갈게요! 모야 나 팝업 가본적 없어 돈들고가? 입장료 있오? 몰라 걍 달려가!!ㅠㅠ<br><br>배식용 계란찜 큰 수저로 뜨면 아래쪽 푸르딩딩할것 같은 비쥬얼이 너무 공감간당 ㅋㅋㅋㅋ,False,,0.0,0
@mongsweets,입장료는 없어요! 편하세 오셔도 됩니다🫶,True,@유라닝,1.0,0
@juju-secret,부산..ㅠㅠㅜㅠㅜㅜㅜㅜㅜㅜㅜ 정말 가고싶다..깍ㅁ두기ㅠㅠㅜㅜㅜㅜㅠㅠㅠ깍두기 먹어버리고싶어 헝!!!!!!!!,False,,0.0,0
@sharksgrr,"i just re-binged all your videos last night, i&#39;m so blessed ;;",False,,0.0,0
@sukjju,언니 미안해 가고 싶지만 시험이라서 못 가ㅠㅠ온라인으로 구매하고 싶지만 돈이 업숴 항상 영상 잘 챙겨보고 있어!,False,,0.0,0
@Happy-ry8bb,몽님 팝업소식을 듣자마자 기차표 예매한 1인.. 친구 델꼬 부산 갑니다!!! 토욜날 오픈런할거에요! 4년동안 영상을 봐서 너무 기대되네요😊 토욜날 만나욧!❤,False,,0.0,0
@mongsweets,기차까지! 기다리고 있겠습니다❤️,True,@Happy-ry8bb,1.0,0
@snow_orchid_,"<a href=""https://www.youtube.com/watch?v=y0XSTBBFcOg&amp;t=8"">0:08</a> 몽님의 목소리와 깍두기의 조화로운 asmr",False,,0.0,0
@daybreak815,부산에 사는 게 이렇게 기뻤던 적이 없습니다...!!ㅠㅠ,False,,0.0,0
@박신옥-n9f,영상 날라가서 멘탈 나갈법한데 정말 자연스럽게 연결하시네요 뭔가 녹음 비하인드 본 것 같아서 색다르네요 ㅎㅎㅎ<br>깍두기 키링은 너무 잘 만드셔서 하루만에 동날 것 같아요 ㅠㅠ 금요일에 팝업 가실 수 있는 분들 정말 부럽읍니다...,False,,0.0,0
@김혜진-f7h6c,일요일에 가기로 했어요❤❤,False,,0.0,0
@kok8349,영상 긴거 너무 좋습니다 ㅠㅠㅠㅠ,False,,0.0,0
@소리별-s3w,부산은 급식에 돼지국밥이 나와요?? 와😲 좋겠다!!!!,False,,0.0,0
@hyeonkim-yd4mu,영상에서 깍두기 냄새나요..!ㅋㅋㅋㅋㅋㅋ,False,,0.0,0
@vuuoi,헛...키링 가격이..,False,,0.0,0
@user-ji5hg6pz2j,밥양 무슨일임ㅋㅋㅋㅋㅋㅋㅋㅋ 우리학교는 밥 진짜 쥐똥만큼 줌,False,,0.0,0
@Ssssss_ol-h9d,"<a href=""https://www.youtube.com/watch?v=y0XSTBBFcOg&amp;t=62"">1:02</a> 쫀ㅊ쫀한 망고젤리는 기분탓? 🤤",False,,0.0,0
@권효진-e8i,오늘 급식에 돼지국밥 나왔는데 학교 급식보다 맛있어 보여요….,False,,0.0,0
@나영-s4r,몽중다과님 부산 사람인 줄 몰랐어요!! 저도 부산사람인데 내적친밀감이 생기네요 ㅎㅎ 다른지역은 부산 급식에 돼지국밥 나온다고 하면 신기해 하더라고요 저는 학창시절 때 급식에 돼지국밥 나오면 좋아했어요! ㅎㅎ 여대생인데 서면이랑 집 가까워서 팝업스토어 보러갈게요!!❤❤,False,,0.0,0
@Ue8egriw9vfi,급식 소떡소떡의 진짜 마무리는 꼬치에 묻은 기름이라고 생각합니다... 꼭 휴지로 싸먹는 친구 있었음 <br><br>팝업은 못가지만 잘 해내시길!,False,,0.0,0
@마루-p1h,먼가 우리학교 급식 자랑대회도 좋지만...가끔은 특별편으로....우리 급상 절망편도 보고싶다....마치 우리 학교 초코 누룽지와...딸기치즈스틱처럼.......,False,,0.0,0
@siozke59,후후 밥을 너무 늘리신것 같다고는 하셨지만 제가 급식먹던 나이때의 식욕을 떠올리면 딱 적당한것 같습니다 ㅋㅋ 밥을 저렇게 퍼먹어도 모자라서 다이제 사먹던 기절초풍 가성비 최악 성장기의 무시무시함...,False,,0.0,0
@눙눙-n1e,부산사는데 가야겠네요!! 기대됩니당..❤,False,,0.0,0
@shasha6214,뭐양뭐양 이 언니 귀여웡 ❤,False,,0.0,0
@awure_mag,저 김치안좋아하는데 군침이 싹돌게만드는 몽중다과님은 혹시 금손이아닌 다이아손??!!♡,False,,0.0,0
@jsa9486,내일 저녁은 카레에 깍두기.....,False,,0.0,0
@손가현-h1j,"<a href=""https://www.youtube.com/watch?v=y0XSTBBFcOg&amp;t=551"">9:11</a> 저요..😅<br>소떡소떡 솔직히 좀 맛.. 없어요",False,,0.0,0
@미피-f7h,딱 23일에 부산으로 임용고시 보러가는데.. 끝나고 가겠습니댜 😘,False,,0.0,0
@YEO-EUN-hahaha,저저저저! 정답! ‘메추리알은 레진이고! 고추는 액상클레이 아닐까아?’ 생각했답니다아아! 구독자 인증!,False,,0.0,0
@닭강정먹고싶,식판 위쪽에 국물 흘린거나 밥풀 표현했으면 더 사실적이었을 것 같아요! 급식은 항상 받을 때마다 흘려서ㅠㅠ <br>키링도 너무 탐나용!:),False,,0.0,0
@w_ssu,와… 오늘 처음으로 사투리가 들렸어요..!,False,,0.0,0
@YEO-EUN-hahaha,아닠ㅋㅋ ASMR 오히려 조아!,False,,0.0,0
@YEO-EUN-hahaha,김치를 담가보지도 않은 한국인이 처음으로 담근 김치가...레진이다... 완전 간쥐나자나!,False,,0.0,0
@hayulpark5828,몽중다과님 깍두기 더 안파시나요?<br>넘 갖고싶어서요...(온라인),False,,0.0,0
@TV-nd5kv,엄마가 먹을걸로 장난하지 말래요,False,,0.0,0
@mt.svt.reality,떴다......... 나애 몽중...다과.........🫶🏻 언니야 첫 김장이 레진이라니 웃프다 ㅋㅋㅋㅋㅋㅋㅋㅜㅜ,False,,0.0,0
@T6S10CM,I WANT TO BUY THEM AAAAAAHHHHHH😭😭😭😭,False,,0.0,0
@앙디-t9s,매번 잘 보고 있어요😊,False,,0.0,0
@고루비,팝업때 뵐께요❤,False,,0.0,0
@드로인데_왜요,키야,False,,0.0,0
@svnthrna,"이전 영상들처럼 만드는 과정을 봤을 땐 변하는 과정이 참 신기했는데 이렇게 완제품(?)을 곧바로 보니까 이게 모형이라고,,? 하는 신기함이 또 있네요ㅋㅋㅋ 저는 팝업엔 못가지만 깍두기 러버로써 키링 넘 탐나네요 판매 피켓팅 도전해야 할까봐요🔥",False,,0.0,0
@luv_KittyBuddy,뫄 진짜 먹음직스럽다..❤❤,False,,0.0,0
@SISI-x7z,헐 깍두기.. 저희집은 배추김치를 담그는데 깍두기를 담그셧네영? 담엔 배추도 담가주세용ㅋㅋㅋ 😂😊,False,,0.0,0
@써니엔사쿠라,한국 에대해서 죄송하지만<br> 저는 일본 사람 인 때문인것 같지만<br>김치를 싫어 합니다😅,False,,0.0,0
@user-canrtd,"This looks delicious, almost as if it was real kimchi I could eat",False,,0.0,0
@jjinlua0418,이색 깍두기 아니고 위섹 깍두기네요..🤣 팝업 보러 부산 가고싶소 ...ㅋㅋㅋ,False,,0.0,0
@쫀드기z,맞아요~저도 알아요 느낌적인 느낌ㅋㅋㅋㅋ,False,,0.0,0
@diahyu6428,너무 가고싶어요 팝업 ㅠㅠ,False,,0.0,0
@Club_Mayonaka,아니 왜 혼자 연금술을 하고 계세요 ㅋㅋㅋㅋ,False,,0.0,0
@라똥정,부산 살아요? 저도 부산 사는데 제가 사는역에 성범죄범 살아서 너무 무서워요 위로 좀 해줘요.😭,False,,0.0,0
@user-hd2zu4es1e,흐어어엉...어째서 부산...저두 가고 싶어요..ㅠㅠㅠ,False,,0.0,0
@최지용-l3q,다음에 서울에서도 열어주세요😢<br>그때 꼭 갈게요😍,False,,0.0,0
@shawty____,아 근데 저 일요일날만 갈 수 있는데ㅠㅠㅠ 키링 무조건 동나ㅠㅠㅠㅠㅠㅠㅠㅠㅠㅠ,False,,0.0,0
@mongsweets,상황 보고 수량을 3일 적절히 분배할 예정이에요! 남아있길 바라며..❤️ 기다리고 있겠습니다☺️,True,@shawty____,2.0,0
@shawty____,@ 저 내일 갈거에요!!!!!!!!!!!!! 사랑합니다🫶🏻,True,@shawty____,2.0,0
@luv_u_cat11,몽중다과님의 멘트 하나하나에 피식 웃는 사람... 바로 나... 개그가 너무 취향이에요,False,,0.0,0
@ANYOUJIN,1인분 배달이요❤,False,,0.0,0
@박하은-w8d,58분전!!! 저 요즘 몽중다과님 영상에 빠졌서효❤❤❤❤❤❤❤🎉😢😊,False,,0.0,0
@0.0user0.0,볼 때마다 아이디어 진찌 미쳤다,False,,0.0,0
@H3RBJ4NG,급식에 돼지국밥 신기하다... 우리는 맨날 자메이카 통다리 뭐 이딴 거나 나왔는데,False,,0.0,0
@서정희-p7x,아니 좋아요랑 조회수가 실시간으로 올라<br><br><br><br><br><br><br><br><br><br><br><br><br><br><br><br><br><br><br><br><br><br><br><br><br><br><br><br><br><br><br><br><br><br><br><br><br><br><br><br><br><br><br><br><br><br><br><br><br><br><br><br><br><br><br><br><br><br><br><br><br><br><br><br><br><br><br><br><br><br><br><br><br><br><br><br><br><br><br><br><br><br><br><br><br><br><br><br><br><br><br><br><br><br><br><br><br><br><br><br><br><br><br><br><br><br><br><br><br><br><br><br><br><br><br><br><br><br><br><br><br><br><br><br><br><br><br><br><br><br><br><br><br><br><br><br><br><br><br><br><br><br><br><br><br><br><br><br><br><br><br><br><br><br><br><br><br><br><br><br><br><br><br><br><br><br><br><br><br><br><br><br><br><br><br><br><br><br><br><br><br><br><br><br><br><br><br><br><br><br><br><br><br><br><br><br><br><br><br><br><br><br><br><br><br><br><br><br><br><br><br><br><br><br><br><br><br><br><br><br><br><br><br><br><br><br><br><br><br><br><br><br><br><br><br><br><br><br><br><br><br><br><br><br><br><br><br><br><br><br><br><br><br><br><br>부럽따,False,,0.0,0
@EJ-wj6ft,팝업 못가서 아쉽네요ㅠㅠ 나중에 후기도 영상으로 담아주시면 넘넘좋겟어요!!❤️❤️,False,,0.0,0
@hyesunkyung5296,가고 싶은데 하필 김장 날이네요 ㅠㅠㅠㅠㅠㅠㅠㅠㅠㅠㅠㅠㅠㅠ😢,False,,0.0,0
@hjkim4790,"<a href=""https://www.youtube.com/watch?v=y0XSTBBFcOg&amp;t=676"">11:16</a> 깍두구 국물이 넘 많아욥 🙁😅",False,,0.0,0
@서정희-p7x,떳다,False,,0.0,0
@세이-k9k,정말 잊을만하면 찾아오는 유튜버 1위,False,,0.0,0
@jambee420,호옥...!!! 서울토박이 온라인 깍두기 노려보겟읍니다...,False,,0.0,0
@shawty____,엉니 저 어제 차이고 하루종일 우울했는데 언니영상보고 처음으로 웃었어요 몽중 채고..,False,,0.0,0
@FR0ST-7,밧드에 키링 부을때 순간 양념 안 묻으려나 걱정함... ㅋㅋㅋㅋㅋㅋㅋㅋㅋㅋㅋㅋ,False,,0.0,0
@핑계고유재석영원하자,아니 왜 재밌는거 부산에서 하냐고ㅠㅠ,False,,0.0,0
@야호룰루랄라-t8f,언니 T야?,False,,0.0,0
@백뭉-t1p,왜ㅠ없어졌는지 말 안해주시니까 더 궁금해요 ㅠㅠ,False,,0.0,0
@doyun93330,헉 품절..,False,,0.0,0
@mongsweets,아직 오픈 안했어요! 이번 주 일요일 21시에 구매하실 수 있습니다🫶,True,@doyun93330,2.0,0
@doyun93330,@ 어머 죄송해요 급한마음에 글을 안읽어보고 네이버쇼핑부터 눌렀네용 친절한 답글 감사합니다🩷🩷🩷멀어서 못가지만 팝업도 잘하세요!,True,@doyun93330,2.0,0
@user-rurulala,홍진경씨의 뒤를 잇는 차세대 김치 비지니스 주자!,False,,0.0,0
@Jinwoo_Jun,파일 날아갔을때 머리 뜨거워지셨겠네요 😂😂,False,,0.0,0
@youmminn,양이 많아 보이네요...😂 맛있겠다...,False,,0.0,0
@csh3918,국밥이 땡기네요 메뉴추천 걈샤,False,,0.0,0
@user-jianiotter,이정도면 빨리 온건가,False,,0.0,0
@이사람여기또있네,이번 급식은 뭐슨 체육하는학생꺼같은데요ㅋㅋㅋ,False,,0.0,0
@알파카-c1e,"깍두기 키링 토 일 따로 수량 정해져 있나용?<br>일요일에 갈 건데 없을까봐요,,,,ㅜ",False,,0.0,0
@mongsweets,상황을 보고 3일 적절히 분배할 예정이에요. 그래도 가능한 일찍 오시는게 남아있을 확률이 높을 것 같습니다🫶,True,@알파카-c1e,2.0,0
@알파카-c1e,@ 넵 알겠습니다💛,True,@알파카-c1e,2.0,0
@nj-v3e,11월 22일이 김치의 날이라네요,False,,0.0,0
@nj-v3e,ㅘ 34분전,False,,0.0,0
@차돌돌-h8x,아 헐 이거 방금 올라온 영상이였구나,False,,0.0,0
@cristine3259,꽈리고추는 뭔가 급식영상에서 시금치만드는 데 쓰셨던 그 액상점토를 말아서 활용하셨지 않으셨을까라고 생각했었는데 쪼끔 틀렸네영😅(메추리알을 맞았어요😊)저도 가고싶은ㄷ ㅔ……ㅠ,False,,0.0,0
@유지니-c8e,아 일요일에 제발 깍두기 키링 남아있게 해주세요🙏🏻,False,,0.0,0
@이준호-i7k3t,이거 부을 때 김나는게 진짜인가요 아니면 조명이 밝아서 제가 착각하고 있는 걸까요? 환상적이네요,False,,0.0,0
@gustnr1024,저는 아직 하산하지 못하옵니다 😢,False,,0.0,0
@user-ym8gn8bb4n,분명 레진 쓰는 영상인데도 배가 고파지는 영상,False,,0.0,0
@아슈_icecrem,27분전 어아악!!!!! 너무 조아영,False,,0.0,0
@Haana2332,몽중다과님께서 만든 거라면 레진이라도 먹을 수 있지 않을까 싶어지군요 허허,False,,0.0,0
@라희라현현실남매,제가 부산에 사는데 급식에 딱! 이렇게 나왔어요!! (해운대) 정말 맛있어 보이네요 ㅎㅎ😋✨🏖️,False,,0.0,0
@infj-v7r,소떡소떡 재료가 너무 동그란거 아닐까요?ㅎㅎ,False,,0.0,0
@의영김-f9n,아 국밥 같이 먹고 싶다....,False,,0.0,0
@_halfwing8723,탐난다ㅠ미니어쳐로 키링시리즈 같은거 하심 좋을것 같아요ㅋ핸드메이드페어 같은곳은 참여 안하시나요??ㅠㅠ,False,,0.0,0
@an_selection,혹시 레진이나 폴리머클레이로 독깨팔도 만들어주실 수 있나요,False,,0.0,0
@infj-v7r,헐! 급식 시리즈 엄청 기다리고 있었어요!❤ <br>(너무 늦게 왔져ㅠㅠ),False,,0.0,0
@Heartnyang,지난주에 지스타 때문에 부산 갔었는데...진짜 딱 한주만 빨리 열어주시지...ㅠ,False,,0.0,0
@_dami13721,와 썸네일보고 그냥 깍두기인줄 알고 지나칠뻔 했어요 ㅎㅎ,False,,0.0,0
@hing.hingu.,품....절.........ㅠㅠ,False,,0.0,0
@mongsweets,아직 오픈 안했어요! 이번 주 일요일 9시에 판매합니다🫶,True,@hing.hingu.,2.0,0
@hing.hingu.,​@@mongsweets앗 제가 제대로 읽지고 않고 허겁지겁 링크부터 갔었네요^^;;;;;;,True,@hing.hingu.,2.0,0
@kingkidneybean,재미있당 역시 금손,False,,0.0,0
@choi_t0t,매번 판매는 안하실까 했는데 이렇게 깍두기가 나왔네요 너무 예뻐요 리얼함 대박,False,,0.0,0
@deokhyunkim7627,옷!! 18분전?!!<br>(참고로 나는 한국인이지만 김치를 싫어한다는게 조금 부끄럽다),False,,0.0,0
@시요-g5n,당신만을 기다려왔수,False,,0.0,0
@덕질하는잼민이,맛잇겟다(?),False,,0.0,0
@theballack21,Mongsweets is always great to watch while eating clay ❤,False,,0.0,0
@그저피곤한사람,?,True,@theballack21,2.0,0
@sagepark3388,Eating clay 😂😂😂😂,True,@theballack21,2.0,0
@niomicamille1108,"I love your channel a lot, keep up the amazing posts! I&#39;m getting hungry just looking at it! 💕💗",False,,0.0,0
@iilllliiiiillliliililillllii,아 유추한거 다맞음 ㅁㅊㅋㅋㅋㅋㅋㅋㅋㅋㅋㅋㅋㅋㅋㅋㅌㅋ,False,,0.0,0
@갓생-q2z,ㅋㅋㅋㅋㅋㅋㅋㅋㅋㅋㅋㅋㅋㅋ,True,@iilllliiiiillliliililillllii,2.0,0
@오렌쥐-y1m,이날 급식쪽으로 전시돼나여?,False,,0.0,0
@mongsweets,네네🫶,True,@오렌쥐-y1m,1.0,0
@최소윤-g1j,흐엉엉 3학년 기말고사랑 날짜가 겹치네요ㅠㅠ<br>그래도 영상 꾸준히 보며 응원할게요 몽중다과님!!❤,False,,0.0,0
@Yeeepy,아니 썸네일 보고 요리 유튜버로 바뀐지 알았잖아요!! 너무 진짜같아요❤<br>혹시 만원으로만 만드는 푸딩만들어 주실 수 있으신가요?😢,False,,0.0,0
@iilllliiiiillliliililillllii,내일시험인데 몽님영상은못참음<br>이거만보고 공부할ㄱㅔ....,False,,0.0,0
@TV-nd5kv,힘내시지마시지마시지마시지마시지마세요,True,@iilllliiiiillliliililillllii,2.0,0
@bandi_CARAT,"<a href=""https://www.youtube.com/watch?v=y0XSTBBFcOg&amp;t=422"">7:02</a> 몽다님 3년 구독자 짬바 어디 안갑니다 다맞췄다ㅏㅏ",False,,0.0,0
@은미-n8d,"<a href=""https://www.youtube.com/watch?v=y0XSTBBFcOg&amp;t=552"">9:12</a> 저요..",False,,0.0,0
@nf805,저거 면뽑는거 전동드릴에 연결하면 편할거 같은데...,False,,0.0,0
@정인자-x4h,&quot;그냥 그저 감탄 밖에 안 나온다&quot;,False,,0.0,0
@user-cg8zu1wk6u,오옷 따근따근 새 영상이다!!!❤,False,,0.0,0
@연두부-s3,배고플때마다 키링 먹으려고 할 것 같네..,False,,0.0,0
@Little_Cookie.B,헉 6분전..!!! 잘보고갑니다!❤,False,,0.0,0
@Little_Cookie.B,안그래도 오늘 동아리에서 깍두기 담갔는데 딱 맞춰 나오는 클라쓰...ㅋㅋㅋㅋ,True,@Little_Cookie.B,1.0,0
@uuu80s,배고프다...,False,,0.0,0
@콩자반-g2w,넘 신난다 🎉 꼭 갈게요❤,False,,0.0,0
@Ttakkeum_Eoreum,"<a href=""https://www.youtube.com/watch?v=y0XSTBBFcOg&amp;t=472"">7:52</a> 저의 경우 우와 개쩐당 이라고 유추했습니다",False,,0.0,0
@Keungkakeungka,아 진짜 개웃기넨ㅋㅋㅎㅋㅎㅋㅎㅋㅎㅋㅎㅋㅋㅎㅋㅎㅋㅎㅋㅎㅋㅎㅋㅎㅋㅎㅎㅋㅋㅎㅎㅋㅎ큐 나랑 똑같네ㅎ,True,@Ttakkeum_Eoreum,3.0,0
@user-labie1642_me,ㅋㅋㅋㅋㅋㅋㅋㅋ,True,@Ttakkeum_Eoreum,3.0,0
@보플_BoPplle,ㅇㄱㄹㅇ,True,@Ttakkeum_Eoreum,3.0,0
@오렌쥐-y1m,꼮 사겟습당!!!,False,,0.0,0
@슈린-Shrin,저 한입만요.,False,,0.0,0
@모르겠어요-f4o,목소리 이쁘다..,False,,0.0,0
@나작프,"<a href=""https://www.youtube.com/watch?v=y0XSTBBFcOg&amp;t=183"">3:03</a> 재미없는 이야기라뇨... 너무 궁금한데 ㅋㅋㅋ",False,,0.0,0
@MareImbrium_,"아 몽중다과님이 직접 만드신 키링! 너무도 가지고 싶지만.. 시간도 돈도 없는 학생은 웁니다.. <br>이번영상도 잘 볼게요!<br>+ <a href=""https://www.youtube.com/watch?v=y0XSTBBFcOg&amp;t=106"">1:46</a> ㅋㅋ 몽중다과님 혹시 T신가요",False,,0.0,0
@MareImbrium_,헉 온라인 판매를 못봤네요 <br>꼭 사겠습니다,True,@MareImbrium_,1.0,0
@W_wwertyfn,김장을 레진으로 하시나요?,False,,0.0,0
@yi_baezzi,김장의 계절이 레진의 계절로 바뀌는 매직~⭐️,False,,0.0,0
@윈터와_원영_바라기,썸넬보고 아니 뭐지 뭐 이런 사람이 다 있어 했는데 몽님….,False,,0.0,0
@Yongmyeong_,"<a href=""https://www.youtube.com/watch?v=y0XSTBBFcOg&amp;t=68"">1:08</a> 망고젤리 같아용",False,,0.0,0
@연두부-s3,오 저도 그생각ㅋㅋㅋ,True,@Yongmyeong_,2.0,0
@Kimchi_HamZI존짱햄찌,진짜 설탕 뿌리면 비슷 할 것 같아용,True,@Yongmyeong_,2.0,0
@박수인-q8u,???:이모 여기 돼지국밥 한 그릇에 깍두기,False,,0.0,0
@박수인-q8u,아 정구지도,True,@박수인-q8u,1.0,0
@jusoo,썸네일 보고 요리채널인 줄 😂😂<br>안들어올뻔,False,,0.0,0
@unichung유니쓰,일찍 왔다!!!!,False,,0.0,0
@Kimchi_HamZI존짱햄찌,"깍두기 좋아했는데 이제부터 급식이 레진 맛이 날 것 같아요<br>그래도 맛있어보여서 좋네여<br>( <a href=""https://www.youtube.com/watch?v=y0XSTBBFcOg&amp;t=206"">3:26</a> 부산이 고향인 친구들에게 많이 시켜본 그 스무디💜🫐🫐)",False,,0.0,0
@그랜드어드,처음에 카라멜인줄 알았어요 ㅋㅋ,False,,0.0,0
@Kimchi_HamZI존짱햄찌,진짜 카라멜 느낌이 나긴해뇽 ㅋㅋㅋㅋ,True,@그랜드어드,1.0,0
@뷁-s9p,김장의 계절-레진의 계절로 바뀌는 매직~~,False,,0.0,0
@유당탕,쌈넬만 봐도 국밥이렁 먹고싶어지는...,False,,0.0,0
@Kimchi_HamZI존짱햄찌,츄릅,True,@유당탕,4.0,0
@소담최-k1m,ㅋㅋㅋㅋㅋㅋㅋㅋ,True,@유당탕,4.0,0
@eat치킨먹고싶다,앜ㅋㅋㅋ,True,@유당탕,4.0,0
@김서은-k1l,맞아요 ㅠㅠㅠ 진짜 영상 보면서 계속 먹고 싶단 생각 들엇네요 ㅎㅎ(윤하콘서트인천대구부산에서곧해요,True,@유당탕,4.0,0
@Trigonsl2,영상떴다!,False,,0.0,0
@레이를조아하는라라,❤❤,False,,0.0,0
@혜안가의우주하마,깍두기요?,False,,0.0,0
@mongsweets,"👨‍🎨사부작아트클럽 오쁜👩‍🎨<br><br>🏠장소 : 스페이스별일 (부산진구 전포대로 224번길 17)<br>🗓일시 : 11.22 - 24일 (금-일)<br>- 금 <a href=""https://www.youtube.com/watch?v=y0XSTBBFcOg&amp;t=1080"">18:00</a> - <a href=""https://www.youtube.com/watch?v=y0XSTBBFcOg&amp;t=1320"">22:00</a><br>- 토 <a href=""https://www.youtube.com/watch?v=y0XSTBBFcOg&amp;t=720"">12:00</a> - <a href=""https://www.youtube.com/watch?v=y0XSTBBFcOg&amp;t=1320"">22:00</a><br>- 일 <a href=""https://www.youtube.com/watch?v=y0XSTBBFcOg&amp;t=720"">12:00</a> - <a href=""https://www.youtube.com/watch?v=y0XSTBBFcOg&amp;t=1080"">18:00</a><br><br>아래 멤버님들과 [사부작아트클럽] 팝업을 열게 되었어요! <br>급식 시리즈 작품과 이번 영상의 깍두기 키링을 만나실 수 있습니다.<br>만들기와 아트를 사랑하시는 여러분 부산에서 만나요!<br><br>몽중다과 @mongsweets<br>마니랜드 @ManiLand<br>오모아트 @oh1mo_art<br>꾸꾸만들기 @KkuKkuDIY<br><br>🌶이번 영상의 기념품을 가져가세요🌶<br><br>오늘 영상에서 만든 깍두기 키링! 소량을 온라인으로 판매합니다.<br>🗓11.24(일) <a href=""https://www.youtube.com/watch?v=y0XSTBBFcOg&amp;t=1260"">21:00</a> 아래 링크가 오픈됩니다.<br>오픈 전 커뮤니티 게시글로도 한번 더 알려드릴게요!<br><a href=""https://smartstore.naver.com/mymongsweets/products/11152020146"">https://smartstore.naver.com/mymongsweets/products/11152020146</a><br><br>종종 영상의 작품과 연관된 작은 기념품들을 만들어보려 해요. <br>많은 관심 부탁드려요. 오늘 영상도 보러 와주신 모든 분들 감사드립니다🙇‍♀",False,,0.0,0
@Kimchi_HamZI존짱햄찌,깍두기 키링은 귀엽겠지만 급식실에 가져가면 “어머 애야 왜 깍두기를 들고가니~” 오해할 것 같아욬ㅋㅋㅋ<br>그 만큼 너무 천재인 몽중다과넴,True,@mongsweets,10.0,0
@새벽-lsy,?? 영상은 24분 전에 올라왔는데 왜 고정댓글이 4시간 전이지,True,@mongsweets,10.0,0
@stellamum6039,매번 아이와 몽중다과님 새 영상 눈빠지게 기다려요! 팝업에서 드디어 만나겠군요 ㅎㅎ 인증할게요~,True,@mongsweets,10.0,0
@infj-v7r,으앗ㅠ부산이라니! 가보고 싶었는데ㅠ,True,@mongsweets,10.0,0
@stellamum6039,그런데 온라인 10개 판매는 좀 너무하네요;;;;😂,True,@mongsweets,10.0,0
