author,comment,is_reply,reply_to,reply_count,is_spam
@파뿌리,누가 이기길 바라나요?<br>1. 출연진 팀<br>2. 제작진 팀<br>3. 누가 이기든 상관없어. 웃기기만해😊,False,,0.0,0
@련이-u1m,❤,True,@파뿌리,10.0,0
@상원이-m7d,1,True,@파뿌리,10.0,0
@강성현-t2s,출연진 팀 강호이 진렬이 화이팅,True,@파뿌리,10.0,0
@ThisReal745,3,True,@파뿌리,10.0,0
@jkmjo4149,오오옹😊,True,@파뿌리,10.0,0
@김동현-o4b1o,pc방 대 오락실 해주세요.,False,,0.0,0
@choi-mir,내가 예민 한건가..<br>물총 에서 강호이 안대쓰고 고개 잠깐 잠깐 들고 코등 사이로 은근슬쩍 보는거 같은데..<br>노랭이는 확실히 고개 내리고 있었는데..,False,,0.0,0
@Na1220s,강호이님 살 빼셔야할듯,False,,0.0,0
@안규민-g8n,감튀 그림들이 다 담배같냐 ㅋㅋㅋ,False,,0.0,0
@장태우-j6k,노랭이 에일리언 표현 넘 웃겨ㅋㅋㅋㅋ,False,,0.0,0
@user-erap1288,물식빵은 진짜 최악이다 ㅋㅋㅋ,False,,0.0,0
@짚펄걸-도플갱어아님,熱冷麵<br>열냉면<br>뜨거운 냉면<br>뜨거운 차가운면,False,,0.0,0
@010식약처,"<a href=""https://www.youtube.com/watch?v=Y23tMDMT0uU&amp;t=2227"">37:07</a> 뿌독이는 제작진이 아니라 출연진 에게 힘을 줌",False,,0.0,0
@월요일-f1b,"<a href=""https://www.youtube.com/watch?v=Y23tMDMT0uU&amp;t=1104"">18:24</a> 표현 ㅋㅋ",False,,0.0,0
@디긋이응임,"<a href=""https://www.youtube.com/watch?v=Y23tMDMT0uU&amp;t=354"">5:54</a> 아니 진렬님 오ㅈ같잖아요ㅋㅋㅋ",False,,0.0,0
@이광순-q5i,핸드폰 없이살기데 핸드폰 이시살기,False,,0.0,0
@박진우-f6x6o,24시간 추천 균형 vs 불균형,False,,0.0,0
@GwynneIvan,그놈의 ㄱ글 에서 벳프리 때문에 내거기 닳고 닳아서 없어지겠네ㄱ글 에서 벳프리 진짜 보,False,,0.0,0
@mymemin3,그림그리는게 제일 웃김 ㅋㅋㅋㅋㅋㅋㅋㅋㅋㅋㅋ밖인데 나도 모르게 그냥 소리내서 웃음 ㅋㅋㅋㅋㅋㅋㅋㅋㅋㅋㅋ ㅠㅠㅜ 그림으로도 웃기는 파뿌리 진짜 짱이다 ㅋㅋㅋ,False,,0.0,0
@3pp761,괴물 = 몬스터 ????,False,,0.0,0
@GodwinDragon,ㄱ글 에서 벳프리 보느라 눈밑에까지 다크써클 들어옴 ... 진짜 근데이뻐진서짜  눈ㄱ을글못떼 겟에다서 .벳.프.?리 에서 방송 하시던분 진,False,,0.0,0
@kimruffy05,ㅋㅋㅋㅋㅋ 제작진 vs 출연진 너무 재밌네요ㅋㅋㅋ,False,,0.0,0
@EuniceRoyal,헬창들도 ㄱ글 에서 벳프리 보면 근육 다빠진다며 ㅋㅋㅋㅋㅋㅋㅋㅋ 사실임?ㅋㅋㅋㅋㅋㅋ ㄱ글,False,,0.0,0
@사람-j6s7e,자음vs모음 천만 넘었는데 해주실거죠?,False,,0.0,0
@EmersonQuade,그놈의 ㄱ글 에서 벳프리 때문에 내거기 닳고ㄱ 글닳 아에서서  없벳프어지리겠 네진짜 보다보면 빠져든다 라이,False,,0.0,0
@_eunbinlee5301,엉덩이로 깔고 앉은걸 먹는것같다는데 왜 이해가되지ㅋㅋㅋㅋ,False,,0.0,0
@나는아무나,파뿌리님 화이팅해요,False,,0.0,0
@늘보베어-d1d,아 그림대결 너무웃겨욬ㅋㅋㅋㅋㅋㅋ,False,,0.0,0
@쿠크다스존맛탱,룰렛을 바꾸다니!!! 이제 같은거 계속 나올일은 없겠네 ㅋㅋ,False,,0.0,0
@심의환,파뿌리24 주제 추천<br>의존vs독립<br>독립은 자기선택에따라 운명이갈린다<br>의존은 타사람(노랭님 짜오님♡)에<br>따라 운명이결정된다<br><br>독립 ex) 대중교통 <br>원하는 버스역에서내리기 가고싶은데선택O<br>의존 ex) 대중교통 <br>버스에 사람 다 내릴때까지 내리지않기<br>만약 종점역까지 다 내리지 않으면 끝까지 가서 내리기<br>독립 ex) 음식 <br>자기가스스로차려먹기 (만들어먹기)<br>의존 ex) 음식 <br>남이먹고싶은메뉴로먹기 or 냉장고에잇는음식먹기<br><br>독립 ex) 자기가 자고싶은데에서 자기(방 호텔등등)<br>의존 ex) 남이자라는곳에서자기(마당 캠핑등등),False,,0.0,0
@심의환,이미잇을수도잇지만 조심스레의견내봐요,True,@심의환,1.0,0
@DũngPhạm-g3v5e,만약에 이스포츠가 질렸다면 카쥐노로 전향해도 무방합니다 롤카롤카,False,,0.0,0
@tientien-yu7vm,/롤/카/롤/카/ 놀이공원 보다 더 짜릿짜릿 19금 보다,False,,0.0,0
@thanhnghiaphan8509,<del>롤카롤카</del> 들어와봐요 ㅋㅋㅋ 이런곳도 있네 ㅋㅋㅋ,False,,0.0,0
@GuinevereFlowerLike,이 댓글 보고 ㄱ글 에서 벳프리 보고있는 내 인생이 레전드네 씨밬ㅋㅋㅋㅋ,False,,0.0,0
@DavidaJarvis,여기댓글 왜이럼 ㄷㄷ ㄱ글 에서 벳프리 도대체 머길래--ㅋ,False,,0.0,0
@ngocphucchannel9831,롤카롤카 나오기까지 3년을 기다렸다 드디어 두두등장,False,,0.0,0
@MạcTuấnPhương,이스포츠에 관해서는 우리나라가 최고의 실력 롤카롤카 ㅋㅋㅋㅋㅋ,False,,0.0,0
@ThanhNgô-u6l,모든 게임의 정보는 어디서확인하라고? 롤카롤카,False,,0.0,0
@DatTran-m3w,이스포츠에 관해서는 우리나라가 최고의 실력 롤카롤카 ㅋㅋㅋㅋㅋ,False,,0.0,0
@TV-so7gh,"<a href=""https://www.youtube.com/watch?v=Y23tMDMT0uU&amp;t=1532"">25:32</a> 이름을 바꾸다니 드디어 미친건가 스폰지ㅂ..아니 스폰지빵",False,,0.0,0
@Itusr_,이번편 역대금으로 재밋는데요 ㅋㅋㅋㅋ 탠션 짱,False,,0.0,0
@OrangeStar-f4,파뿌리 24시간 컨텐츠 추천 명언VS명대사,False,,0.0,0
@sơnhuynh-e8x,롤카롤카 나오기까지 3년을 기다렸다 드디어 두두등장,False,,0.0,0
@HumgTtimh,"케리아 2년 재계약 확정, 티원 전원재계약 와우 롤카롤카",False,,0.0,0
@HangPham-r3j1z,"케리아 2년 재계약 확정, 티원 전원재계약 와우 롤카롤카",False,,0.0,0
@김도흠-b5p,맛없는 라면은 없고 그냥 라면 자체가 맛있어 보임,False,,0.0,0
@KhảiLưu-e5i,롤카롤카 찌라시가 돌던데.. 여윽시 금방 나올줄 알았다 ㅋㅋㅋㅋㅋ,False,,0.0,0
@kiênnguyễnvăn-w3b,내가 장담하는데 롤카롤카 분명 흐름타서 페이모스해진다,False,,0.0,0
@케튜브-b2v,24추천 : 24동안 무료 vs 유료,False,,0.0,0
@thonguyen-n3j9v,나는 롤카롤카에서 페이커를 처음 알게되었다,False,,0.0,0
@VyNguyen-j8h,롤카롤카 찌라시가 돌던데.. 여윽시 금방 나올줄 알았다 ㅋㅋㅋㅋㅋ,False,,0.0,0
@quyennguyenhuu8924,롤카롤카 들어와서 안해도 되니까 확인이라도 한번만 해바유 롤카롤카,False,,0.0,0
@y2rabbit816,오랜만에 왔는데 강호이 왤케 잘생겨짐?,False,,0.0,0
@HuyêbfLê,하루도 빠짐없이 들어와서 눈팅중인데 오늘은 달려볼거임 롤카롤카,False,,0.0,0
@NinhNguyễn-w8j,곧 시즌이 돌아오는데 가만히 계실건가요 ? 롤카롤카,False,,0.0,0
@BoonchongKongtawin,롤카롤카 나오기까지 3년을 기다렸다 드디어 두두등장,False,,0.0,0
@themtruong9614,<del>롤카롤카</del> 들어와봐요 ㅋㅋㅋ 이런곳도 있네 ㅋㅋㅋ,False,,0.0,0
@user-kinpopu777,요즘 제작진이랑 같이 해서 좋음<br><del>제작진도 함 겪어봐야지</del>,False,,0.0,0
@user-yr6xj1nyobcr,마지막 콜라 탄산이 있는데 형들?!,False,,0.0,0
@Thesnaketurtle,혹시 가위 대 바위대 보 하신 적 있나요?,False,,0.0,0
@제나의Gamechannel0509,다음 파뿌리24는 4인 챌린지로...<br>봄 vs 여름 vs 가을 vs 겨울,False,,0.0,0
@Preview-e8h,"<a href=""https://www.youtube.com/watch?v=Y23tMDMT0uU&amp;t=1070"">17:50</a> ??? : 아이스 아메리카노 뜨겁게 하나 주세요",False,,0.0,0
@맨빡,꼬다리가 중요한게 아니라 화살표가 중요한데 뭔 억지지 1라운드 부터,False,,0.0,0
@동현이-w2z,파뿌리도 주작하네 짜장면이 나올지 어케알고 5시간전에 미리 시키냐...,False,,0.0,0
@sulxx7,잼민아.... 에휴 메뉴 10개 미리 컨텐츠하려고 준비해놨겠지 안나오면 버렸겠지 재미로 좀 봐라 ㅋㅋ 사사건건 시비걸지 말고,True,@동현이-w2z,1.0,0
@Eunseo_007,엇..냉면 데워먹으면 맛있는데…쩝..,False,,0.0,0
@가미음,강호이 너무 노잼되간다 억지가 너무보임<br>진렬님은 갈수록 재밋어짐,False,,0.0,0
@펭펭요롤루,이정도면 출연진을 이겨라 아닌ㄱㅏ용?,False,,0.0,0
@c9ck0514ryn,온육수 맛있는뎅...해장도 좋구,False,,0.0,0
@세준-l5w,마리오 2번 그림 진짜 몇번을 돌려봐도 웃음나옴 ㅋㅋㅋㅋㅋㅋㅋㅋㅋㅋㅋㅋㅋㅋ,False,,0.0,0
@임은선-k1h,뭐야 간만에 왔는데 호이님 왜이리 잘생겨짐?,False,,0.0,0
@신지율-b4t,"왜 굳이 <a href=""https://www.youtube.com/watch?v=Y23tMDMT0uU&amp;t=442"">7:22</a> 메시 대 음바페 하나요?",False,,0.0,0
@양동표-q7o,피카츄 ❤️ 꼬부기 😊🎉오리온 귀여워 😍 😘 백설아 진짜귀여워 🇰🇷🇫🇷🧚❤️🧚‍♀️🏊❤️🏊‍♀️🧑‍🚒❤️👩‍🚒🧑‍✈️❤️👩‍✈️🦸❤️🦸‍♀️🤵❤️👰🤰🧑‍🌾❤️👩‍🌾🤷❤🤷‍♀️👮‍♂️❤️👮‍♀️🧞❤️🧞‍♀️🚣❤️🚣‍♀️👶👼🏈🏉🤑🙈😻👍🙏🤝🤲🫰🫸🫷🤌🧖‍♂️❤🧖‍♀️,False,,0.0,0
@피_그,"<a href=""https://www.youtube.com/watch?v=Y23tMDMT0uU&amp;t=1492"">24:52</a> 그릇에 있는거 우유인줄 ㅋㅋ",False,,0.0,0
@양동표-q7o,도서관,False,,0.0,0
@양동표-q7o,부장님 😍 🎉,False,,0.0,0
@고양이등장,"<a href=""https://www.youtube.com/watch?v=Y23tMDMT0uU&amp;t=1351"">22:31</a> 여기서는 심판을 유진님이 보셔야 했던거 아닙니까?",False,,0.0,0
@imrin859,ㅋㅋㅋㅋ마리오 그림 겁나 웃기네 예전에 강진 우정테스트에서 짜오가 그린 그림보고 터졌었는데ㅋㅋㅋㅋ 마리오 그림에서도 그 화풍이 그대로 보여서 개웃겼음ㅋㅋㅋ,False,,0.0,0
@진성-m4p,과거vs현재로 갑시다❤❤,False,,0.0,0
@oreo_0220,"<a href=""https://www.youtube.com/watch?v=Y23tMDMT0uU&amp;t=1169"">19:29</a> <a href=""https://www.youtube.com/watch?v=Y23tMDMT0uU&amp;t=1178"">19:38</a>",False,,0.0,0
@rushfl124,이번편은 콘텐츠가 아니라 그냥 피지컬로 웃겨버리네 ㅋㅋㅋㅋㅋㅋㅋㅋ,False,,0.0,0
@금로할,와 진짜 짜장면은 불은거먹고 냉면은 끓이길래 강호이진렬이라 더 맛없게 했나보다했는데 눈젖빵에서 바로 납득해버렸네요,False,,0.0,0
@냐망-p5j,그림대결 개재밌네 ㅋㅋㅋㅋㅋ,False,,0.0,0
@illsn2542,"<a href=""https://www.youtube.com/watch?v=Y23tMDMT0uU&amp;t=2145"">35:45</a> (얼음)땡",False,,0.0,0
@전손버려,요즘 24시간만 떠서 재미없음,False,,0.0,0
@우-u3o,"<a href=""https://www.youtube.com/watch?v=Y23tMDMT0uU&amp;t=362"">6:02</a> 진렬이 시원찮네..",False,,0.0,0
@_kairosa2664,면치기는 쪼옴,False,,0.0,0
@country-p5f,노랭이님 혹시 또 남한VS 북한<br>해주시면 안돼까요??,False,,0.0,0
@giyomyi7751,그림그리기 너무 웃겨서 눈물 흘리면서 봄 ㅠㅠㅋㅋㅋㅋㅋㅋㅋㅋㅋㅋㅋㅋㅋ,False,,0.0,0
@mino8050,생각보다 불은 자장면 맛있는데,False,,0.0,0
@어몽어스-ufbbnl,자음모음 2탄!!,False,,0.0,0
@user-rr1lfuihou8t7txu,"<a href=""https://www.youtube.com/watch?v=Y23tMDMT0uU&amp;t=2196"">36:36</a> 오타",False,,0.0,0
@흑백사진-e6w,이여 오랜만에 물총에서 웃었다,False,,0.0,0
@aawesfg,강호이랑 오누리 헤어진거임?,False,,0.0,0
@이민우-j4l,근데 이상한게 짜오얼굴 진짜 식빵같네 ㅋㅋㅌ,False,,0.0,0
@우스갯,진렬아 잘하자...,False,,0.0,0
@huhdana4899,"<a href=""https://www.youtube.com/watch?v=Y23tMDMT0uU&amp;t=1246"">20:46</a> ㅋㅋㅋㅋ파뿌리 영상들중 노랭이가 가장 웃기게 나온 장면ㅋㅋㅋㅋㅋㅋ 진짜 뿜었다",False,,0.0,0
@어두운곰,김밥 VS 떡볶이 추천드립니다,False,,0.0,0
@Jd_BAO,아니 근디 진열이는 맛있는걸 먹어도 맛없게 먹는 느낌ㅋㅋㅋ 뭔가 음식을 공중으로 넣는다고 해야하나ㅋㅋㅋㅋ,False,,0.0,0
@hj-lt7vz,호이님 가르마 머리 넘 잘어울리네용 더 잘생겨보인다!!!!,False,,0.0,0
@식품첨가물-666,"<a href=""https://www.youtube.com/watch?v=Y23tMDMT0uU&amp;t=236"">3:56</a> 적외선 감지기가 왜 이렇게 많아요?",False,,0.0,0
@콘센트-j6j,노랭형 두번째날 입고 계신 후드 정보 알 수 있을까요..? 색이 너무 맛도린데,False,,0.0,0
@qwerty-px5wu,"갠적으로 역대급 웃음바다 였어요 ㅋㅋㅋㅋㅋㅋㅋ 밥먹다가 먹토 할 정도였어요. 특히, 짜오 마리오 진짜 기괴해서 꿈에 나올 거 같아요 ㄹㅇㅋㅋㅋㅋㅋ",False,,0.0,0
@이현민-b4k,짜오님이 김기배라고 써있는 군복을 입었자나요,False,,0.0,0
@이현민-b4k,근데 무인도 편에서 짱배가 가고 싶었는데 라고 했는데에 이미 갔자나요 바로 영혼이여😅😅ㅋㅋ,False,,0.0,0
@남김동규-x4m,"컨텐츠 추천 노트북,패드,휴대폰,컴퓨터 해주세용",False,,0.0,0
@eeeeai,파뿌리 24로다가 던킨vs크리스피도 괜찮겠네요 아니면 지옥편으로다가 하는것도 괜찮고요,False,,0.0,0
@nimnimnimmmm,홍X반점이네,False,,0.0,0
@eeeeai,아니면 파뿌리24 대형마트 편으로<br>롯데마트vs이마트vs홈플러스vs코스트코  해서 최초 4인 개인전으로다가 하는거죠,False,,0.0,0
@eeeeai,파뿌리 24 대형마트편 가시죠<br>이마트vs홈플러스vs롯데마트,False,,0.0,0
@JoJl-x9b,그림에서 강호이 t인게 보이넹. 그림 다맞춤ㅋㅋ,False,,0.0,0
@믕-w4p,왜케 잘생겨졌냐,False,,0.0,0
@황대환-f1e,짜오님이 입고있는 져지 어디서 구매하셨나요?,False,,0.0,0
@sun2577,크게vs작게,False,,0.0,0
@smile5359,아니 ㅋㅎㅋㅎㅋㅎㅋㅎㅋㅎㅋㅎㅋㅎㅋ이번편 멤버들 폼 미쳤어요 ㅋㅎㅋㅎㅋㅎㅎㅋㅎㅋㅎㅋㅋㄹㅎㅋㅎㅋㄹㅋㄹㅋㅎㅋ 그 어떤 24시리즈보다 제일<br>재밌었어욬ㅋㅋㄹㅋㄹㅋㄹㅋㄹㅋㄹㅋㅎㅋㅎㅋㅎㅋㅎㅋ 너무 웃기네요 맛있게 vs맛없게 2탄 나왔으면 좋겠어요!!,False,,0.0,0
@hyeonji5102,이정도면 완전 고문 수준이네요 ㅋㅋㅋㅋㅋㅋ,False,,0.0,0
@handsome_kr-boy,짜오님이 브랜드를 많이 그리네요ㅋㅋ,False,,0.0,0
@minsuoh6747,짜오형 슈퍼마리오<br>마니 봤다 했더니만<br>그거네<br><br>파피 플레이타임 -허기워기,False,,0.0,0
@토토-c9p,강호이 이제 슬슬 살 찌기 시작한다..,False,,0.0,0
@yonnaring,아 호이쿤 저번에 이어서 물총 넘무 웃겨버리고ㅠㅠㅜㅠㅠㅠㅋㅋㅋㅋㅋㅋㅋㅋㅋㅋㅋㅋㅋㅋㅋㅋㅋㅋㅋㅋ,False,,0.0,0
@아녕하세요잉,오버 한다 뜨거운 냉면 먹을만 한데,False,,0.0,0
@ses3273,뿔은짜장면보고 들어가기싫어졌음 ㅜ,False,,0.0,0
@수현-s1t,재밌엉!!,False,,0.0,0
@sukyoungha,노랭이 텐션 왤케좋음 ㅋㅋㅋㅋ 이번편진짜 대박이네요 ㅋㅋ 에일리언최고,False,,0.0,0
@ye._.ony7,강호이님 그림 잘 그리시네요 ㅋㅋ,False,,0.0,0
@edwardjung3621,"<a href=""https://www.youtube.com/watch?v=Y23tMDMT0uU&amp;t=603"">10:03</a> 표정이 너무 웃겨요ㅋㅋㅋㅋㅋ",False,,0.0,0
@소미나배,강호이님 그림 진짜 잘 그리신다!,False,,0.0,0
@후-y2g,짜오야 오바하지마라,False,,0.0,0
@유레카-n2h,해방의드럼 미침? ㅋㅋㅋ,False,,0.0,0
@쥬씨-u5b,진렬씨 코가 믾이 간지러운건지 그냥 습관인건지 너무 많이 만지네요 비비고 닦고 긁는 모습이 컷마다 거의 나오는데 대체 왜그러는거죠<br>생방도 아니고 몇초 말하는 컷에도 여지없이 비비잖아요<br>비염이 있어서 닦는건가요<br>좀 심한거같습니다 보기가 좀 그래요 먹는게 9할인채널인데...<br>이유가뭔지 궁금하고 자제좀해주세요 그런습관이 일상에서도 보기좋은 모습은 아니잖아요 넘  신경쓰여요<br>비염치료든 가려움치료든 받는게 좋을거같습니다<br>말이길었죠 이제 코 닦는거밖에 안보일지경이라 좀 적었습니다 화이팅,False,,0.0,0
@루비홍,"<a href=""https://www.youtube.com/watch?v=Y23tMDMT0uU&amp;t=2175"">36:15</a> ㅋㅋㅋㅋㅋ<br>두껍~",False,,0.0,0
@꽉쌤-f1b,노랭이님 짜오님 나오면 재미가 배가 됨ㅋㅋ,False,,0.0,0
@ssK-zx6ju,강호이랑 질렬이가 짜장 탕스육색 이긴 하네,False,,0.0,0
@너굴-z7x,재밌당,False,,0.0,0
@김미정-r6r,강호이 따라다녀서 데이트 망치는 영상이 사라졌는데 혹시 헤어지셨나요.?,False,,0.0,0
@황혜란-v5t,오늘 부터좋아요짝수로받기 1일차,False,,0.0,0
@황혜란-v5t,1번,False,,0.0,0
@박선미-t1f,아니 출연진 팀이 포스틱 이길때 똑같이6개 남았는데 왜 제작진 이 짐? 파뿌리 ㅉ,False,,0.0,0
@Win_u,진렬님 더러운 말 좀 그만해주세요 밥먹는데 화나요,False,,0.0,0
@동호-b6x,왔다 왔다 제작팀과의 대결 ㅎㅎㅎ 이거 너무 재미있는데 오래간만에 오니 더욱 재미있네요 ㅎㅎㅎㅋㅋㅋ 날이 많이 추운데 감기 조심하세요 고마워요 파뿌리~♥,False,,0.0,0
@김비비빅-o2c,하남 스타필드에서 봤는데 실물이 훨씬 멋있어요 세분!,False,,0.0,0
@Akeka,"<a href=""https://www.youtube.com/watch?v=Y23tMDMT0uU&amp;t=594"">9:54</a> 유압 브레스 <a href=""https://www.youtube.com/watch?v=Y23tMDMT0uU&amp;t=607"">10:07</a> 유압 프레스",False,,0.0,0
@유리-n1z,짜장면 맛없게 먹는거 탕수육이랑 짜장 두개섞어서 먹는거 생각했는데 불은짜장 먹는거였네요 ㅎㅎ,False,,0.0,0
@hyun8272,에헤이.. 마지막은 좀 아쉽다. 뜨콜이 진짠데.. 아이스트림도 뜨겁게,False,,0.0,0
@왕만두-u7d,냉면집어디지?,False,,0.0,0
@유준김-f5q,육군대해군대공군2트,False,,0.0,0
@팡999,진렬이의 예상치못한 행동 너~무 좋아요 진렬이 짱~,False,,0.0,0
@나이SSU,24시간 왼손만쓰기 vs 오른손만 쓰기,False,,0.0,0
@귀요미-h2d1u,요즘 너무 바빠서 댓글을 못다네요ㅠㅠ죄송합니다❤❤❤❤오늘 영상도 재밌었어요❤❤,False,,0.0,0
@rhgks301,온면 맛있는데,False,,0.0,0
@koicatbutt,강호이님은 거의 매일 염색하시는데..머리 안상하시나요..?ㅠㅠ걱정됨..,False,,0.0,0
@돌직구신,자음2 모음2 리벤지 11탄 보고 싶다 좋아요 추천~~~~~~~ 단 기다려라충 OUT!!!,False,,0.0,0
@늘하늘-d6e,댓글 잘안다는데 그림그리기 라운드는 너무재밌었다 ㅋㅋㅋㅋㅋㅋㅋㅋㅋㅋㅋㅋㅋㅋ😂😂😂,False,,0.0,0
@Blim-블린이,전 뿐 짜장면 좋아함,False,,0.0,0
@Hazard-H-,막겜 진짜 너무 웃김 ㅋㅋㅋㅋ,False,,0.0,0
@사푸름,ㅋㅋㅋㅋㅋㅋㅋ,False,,0.0,0
@별빛체리-n3r,파뿌리의 컨텐츠 중 파뿌리24를 가장 좋아하는 3년차 뿌독이 입니다ㅎㅎ<br>그동안 컨텐츠 중에 가장재밌었어요~~<br>재밌는 컨텐츠 준비해주셔서 감사해요ㅎㅎ❤,False,,0.0,0
@요용-v1f,아 슈퍼마리오 그린거 너무웃겨요 ㅠ 하,False,,0.0,0
@sinonrout1806,"<a href=""https://www.youtube.com/watch?v=Y23tMDMT0uU&amp;t=1617"">26:57</a> 빨리 안일어나면 무슨일터질거같은 눈빛",False,,0.0,0
@요용-v1f,아 이번꺼 왤케 웃겨욬ㅋㅋㅋㅋㅋㅋㅋㅋㅋㅋㅋㅋㅋㅋㅋㅋㅋ,False,,0.0,0
@could-tr3fv,퀴즈챌린지해주서요,False,,0.0,0
@해파리-q7b,저렴한 음식 맛있게 먹기vs비싼음식 맛없게 먹기 도 괜찮을듯,False,,0.0,0
@moogk-i3t,"<a href=""https://www.youtube.com/watch?v=Y23tMDMT0uU&amp;t=50"">0:50</a> 꼬다리 기준으로 가야할까요 화살표 기준으로 가야할까요",False,,0.0,0
@TV-fnf_ace,혹시 24시간동안 컵밥 VS 볶음밥 대결 도전 했보실래요? 그냥 추천 ㅎㅎ,False,,0.0,0
@drowningcsw3606,"<a href=""https://www.youtube.com/watch?v=Y23tMDMT0uU&amp;t=858"">14:18</a> 고기에서 (아삭..?) 소리가 ㅋㅋㅋㅋ",False,,0.0,0
@KorealLove,"<a href=""https://www.youtube.com/watch?v=Y23tMDMT0uU&amp;t=111"">1:51</a> 누가 편집했는지 모르겠지만 편집 재미있고 고수느낌 나네요",False,,0.0,0
@아가둥둥,"<a href=""https://www.youtube.com/watch?v=Y23tMDMT0uU&amp;t=767"">12:47</a> ㅈ아 진짜 너무 귀엽다",False,,0.0,0
@세훈-b3e,두까비 소리 개신기하다ㅋㅋㅋㅋㅋㅋㅋㅋㅋㅋㅋㅋㅋㅋ우찌낸거지,False,,0.0,0
@poring1,제작진 화이팅~,False,,0.0,0
@군단을위하여,24시간 고추장vs된장 기원 6일차,False,,0.0,0
@힙꽁,ㅋㅋㅋㅋㅋ몸으로맞춰요 개웃기다진짜ㅋㅋㅋㅋㅋㅋㅋㅋ 진짜로 음식 맛없게먹는방법 잘 아시는듯 ㅋㅋㅋㅋㅋㅋㅋㅋㅋㅋㅋㅋ,False,,0.0,0
@Lemon-u9j,"<a href=""https://www.youtube.com/watch?v=Y23tMDMT0uU&amp;t=1648"">27:28</a>",False,,0.0,0
@sapae11,진렬이 물총 개ㅌㄹ이네.. 고집 어우<br>영상은 너무 잼게 봤음 이 대결구도가 제일 잼씀,False,,0.0,0
@쫄깃쫄깃빵덕고양이,ㅋㅋㅋㅋㅋㅋ,False,,0.0,0
@최우진-n3m,감사합니다.,False,,0.0,0
@파뿌리,후원 감사합니다 ㅎㅎㅎ,True,@최우진-n3m,2.0,0
@최우진-n3m,감사합니다.,False,,0.0,0
@파뿌리,후원 감사합니다! 재밌게 봐주셨길 바라요ㅎㅎ,True,@최우진-n3m,2.0,0
@이요랭,"<a href=""https://www.youtube.com/watch?v=Y23tMDMT0uU&amp;t=1100"">18:20</a> 글고 진렬씨....뜨겁게VS차갑게 에서 좋아하셨어요....(뜨거운 냉면 드셨으면서)",False,,0.0,0
@user-wondahum2317,파뿌리 주제추천: 꼬마김밥vs김밥,False,,0.0,0
@덕후아저씨,우리 파뿌리 친구들 진짜 매너리즘에 안빠지려고 노력두 많이하는거 같구 항상 응원한다!<br>화이팅!!!,False,,0.0,0
@yellpi5881,재밌습니다,False,,0.0,0
@SeaUnderstand175,넋이 나간 채로 계속 보다가 내가 손으로 뭐하고 있는지도 인지를 못했는데 출연진팀 호이형 진렬형이 빵 먹길래 와 맛있겠다 했는데 4D마냥 빵냄새가 스멀스멀 올라오길래 내 손아귀에 빵이 쥐어져있었어요. 역시 파뿌리 가신다.,False,,0.0,0
@카트타는노너_오릭실,괴물이 영어로 몬스터 임니다,False,,0.0,0
@revictory658,선풍기는 맞출 수 있었던거 같은데<br>모자에서 처럼 레터링 들어간게 짜오거였는데,False,,0.0,0
@1004Kanade,"평소에 괴롭히는 만큼 이런 때는 져주는게 오히려 보는 맛은 있음.<br>하이리스크 하이리턴 대 로리스크 로리턴 보고 싶네요.<br>간단한 미니게임을 해서 이긴쪽이 모험/안전 중 하나를 고르고 진쪽이 남는것을 하는....<br>모험을 고르면<br>20% 확률로 모듬회 80% 확률로 홍어회<br>안전을 고르면<br>20% 확률로 삼각김밥, 80% 확률로 삼김에 컵라면....",False,,0.0,0
@벼리-k1n,와 물식빵은 진짜 대단하시다,False,,0.0,0
@M1nick,이번거 진짜 하루종일 웃었네 ㅋㅋㅋㅋㅋㅋㅋㅋㅋㅋㅋㅋㅋㅋㅋㅋㅋㅋㅋㅋㅋㅌㅌ,False,,0.0,0
@puedong,제작진이 스스로 만든 괴물들이다 악으로 깡으로 버텨라!!,False,,0.0,0
@u_moone,"정말 재밌게 봤습니다,<br><br>이번에 노랭이님 짜오님 활약하신 것도 너무 좋은 포인트였고, 약간 강호이 진렬이님도 재밌었지만 매일 보던 친숙한 느낌과는 달랐다는 게 큰 것 같아요<br><br>저번 매운맛 특집과는 다른 면으로 재미있었고, 그런 이유로는 저번 파뿌리 영상 티어 메기실 때 진렬님과 강호인님이 말씀하신 것처럼 킬링포인트를 찝으라고 한다면 노랭이님 몸으로 말해요가 가장 이펙트 있었다고 생각해요 😊<br><br>친구 적인 면도, 예능 적인 면도 모두 챙긴 너무 좋은 기획과 편집이 어울리진 영상이었다고 생각합니다 !<br><br>항상 매 주 일요일을 기다려집니다 물론 다른 영상도 너무 재밌게 잘 보고 있습니다<br><br>앞으로도 밥 친구 해주시면 좋겠고 지쳐가는 하루 하루 웃음 챙겨주셔서 감사합니다 :) 긴 글 읽어주실지는 모르겠지만 읽어주셨다면 너무 감사합니다",False,,0.0,0
@rubyhelen4836,"<a href=""https://www.youtube.com/watch?v=Y23tMDMT0uU&amp;t=1916"">31:56</a> 무슨 흰수염이냐고ㅋㅋㅋㅋ실제로 빵터졌네ㅋㅋㅋ",False,,0.0,0
@rubyhelen4836,"<a href=""https://www.youtube.com/watch?v=Y23tMDMT0uU&amp;t=1710"">28:30</a> 강호이 그림 귀엽뉴ㅋㅋㅋ",False,,0.0,0
@호두-g4v,그림그리기 ㅋㅋㅋㅋㅋㅋㅋㅋㅋㅋㅋㅋㅋ ㅋㅋㅋㅋㅋㅋㅋㅋㅋㅋㅋㅋㅋ ㅋㅋㅋㅋㅋㅋㅋㅋㅋㅋㅋㅋㅋ 개웃기네,False,,0.0,0
@김동현-n3g2d,"<a href=""https://www.youtube.com/watch?v=Y23tMDMT0uU&amp;t=520"">8:40</a> 너무 야해..앗흥..♡ 넣어주고시퍼♡ 아아앙",False,,0.0,0
@레이-m5n,?,True,@김동현-n3g2d,2.0,0
@1313HS,?????????,True,@김동현-n3g2d,2.0,0
@Summer_000,끄앙 주금이란 말<br>왜이리 오랜만에 보는 느낌이지?ㅋㅋㅋㅋ,False,,0.0,0
@HyunseongJeong,"우리 뿌독이 분들 조금만 이래라 저래라 자제 부탁드립니다ㅠㅠ!!<br>뭐 사소한 거에 한 마디 하는거 그게 몇 백개가 쌓이면 파뿌리님들도 눈치 볼 수밖에 없구요.. 그러다 보면 있는 그대로의 재미가 점점 사라질거에요ㅠ파뿌리가 크게 사랑받는 이유가 일상예능이고 그들끼리 자연스럽게 노는게 즐겁고 재밌어서 보는건데,, 아주 사소한 것들(뭐 스케치북을 늦게 넘겼네, 룰렛 화살표가 어디가 맞네 등)도 그들만의 룰이라고 생각하고 재밌게 봅시다ㅠ 친구들이랑 노는데 무슨 법칙이 있고 그런게 아니잖아요. 4명이서 룰에 불만없이 컨센서스 된거면 된거죠~! 옛날에 무한도전 예능의 시청자들이 시애미짓을 하도해서 점점 재미가 반감되고 결국 채널이 사라졌던 사례가 갑자기 떠올라서 글 남겨봅니다. 파뿌리 오래오래 보고 싶어요!!",False,,0.0,0
@손의성-p7t,썸네일보고 진렬님 빠지는줄 알아쓰면 개추,False,,0.0,0
@Unr4nk3d,노랭이 개재밌네 ㅋㅋ,False,,0.0,0
@말랑-y3n,"<a href=""https://www.youtube.com/watch?v=Y23tMDMT0uU&amp;t=1203"">20:03</a> 노랭님이 이런거 하시는거 처음보는거 같은데 되게 표현 잘하시네요!!",False,,0.0,0
@JJ-kc3nx,알단테..? 알덴테!,False,,0.0,0
@콘치치,마지막 그림게임 보면서 새벽에 웃참하느라 미치는 줄요 ㅋㅋㅋㅋㅋ 넘넘 재미있어요 뿌독이라 행복하네요❤,False,,0.0,0
@kumo_ring,파뿌리 화이팅,False,,0.0,0
@남홍챠,짜오행님은 그림 그릴때 브랜드를 꼭넣네ㅋㅋ,False,,0.0,0
@I_hate_Tottenham,잘 보고 가겠습니다 ㅎㅎ,False,,0.0,0
@adidastansmith,그림 대결 너무 웃기다,False,,0.0,0
@옹애-x4s,신짜오가 ㄹㅇ 저번부터 계속 감다살임 ㄹㅇ 걍 감초가 아니라 멘트나 진행하는거보면 걍 메인임 깔끔하게 치고 빠짐 이젠 파뿌리에 신짜오 없음 심심함,False,,0.0,0
@세인-e9q,ㄹㅇ😊,True,@옹애-x4s,5.0,0
@유뻐기,점점 능숙해진다 해야되나 ㅋㅋㅋㅋ,True,@옹애-x4s,5.0,0
@dabechongri,ㅇㄱㄹㅇ,True,@옹애-x4s,5.0,0
@DavidaJarvis,여기댓글 왜이럼 ㄷㄷ ㄱ글 에서 벳프리 도대체 머길래--?,True,@옹애-x4s,5.0,0
@EmersonQuade,ㄱ글 에서 벳프리 이 ㅓㅇ도로 유명했음?  내 듣보잡인그줄놈 의알 았ㄱ는글데  에ㄷ서ㄷ ㅋ벳프리 때문에 내거기 닳고,True,@옹애-x4s,5.0,0
@sangukkim1993,아 마리오 ㅋㅋㅋ ㅋㅋㅋ ㅋㅋ ㅋㅋ ㅋㅋㅋ ㅋㅋ ㅋㅋ ㅋㅋㅋ ㅋㅋ ㅋㅋ ㅋㅋㅋ ㅋㅋ ㅋㅋ ㅋㅋㅋ ㅋㅋ ㅋㅋ ㅋㅋㅋ ㅋㅋ ㅋㅋ ㅋㅋㅋ ㅋㅋ ㅋㅋ ㅋㅋㅋ ㅋㅋ ㅋㅋ ㅋㅋㅋ ㅋㅋ ㅋㅋ ㅋㅋㅋ ㅋㅋ ㅋㅋ ㅋㅋㅋ ㅋㅋ ㅋㅋ ㅋㅋㅋ ㅋㅋ ㅋㅋ ㅋㅋㅋ ㅋㅋ ㅋㅋ ㅋㅋㅋ ㅋㅋ ㅋㅋ ㅋㅋㅋ ㅋㅋ ㅋㅋ ㅋㅋㅋ ㅋㅋ ㅋㅋ ㅋㅋㅋ ㅋㅋ ㅋㅋ ㅋㅋㅋ ㅋㅋ ㅋㅋ ㅋㅋㅋ ㅋㅋ ㅋㅋ ㅋㅋㅋ ㅋㅋ ㅋㅋ ㅋㅋㅋ ㅋㅋ ㅋㅋ ㅋㅋㅋ ㅋㅋ ㅋㅋ ㅋㅋㅋ ㅋㅋ 처키인줄,False,,0.0,0
@YK_노른자,룰렛이 드디어 바꼈군요(아닌가?),False,,0.0,0
@Henry-is8xi,맛없는 초밥은 ㄹㅇ 궁금하네 맨밥에 맨 생선 이런 수준보다 훨씬 더 맛없게 했을텐데,False,,0.0,0
@BoGiYo,제작진팀은 평소에도 먹을때 촬영 한다고 시간 지난 음식 남은 음식을 많이 먹어서 내성이...,False,,0.0,0
@까짓것-y7o,맛있음 vs 맛없음은 확실하게 알겠는데 뭐랄까 ㅋㅋㅋ 감튀 빼고 밀가루 특집인 줄요 ㅋㅋㅋㅋ 잘 보고 갑니다,False,,0.0,0
@냥꼬5,강호이님 앞머리 전에했던게 더 괜찮아요.지금 앞머리 스타일은  이상해요 가르마.....,False,,0.0,0
@정하은-f2b,노랭이 짜장면 먹는거 진짜귀엽다ㅋㅋㅋㅋㅋㅋ 하 노며들어🫠🫠🫠,False,,0.0,0
@훈튜브-t6e,그리기 재밌네요 다들 화가네요,False,,0.0,0
@Ahish425,"<a href=""https://www.youtube.com/watch?v=Y23tMDMT0uU&amp;t=578"">9:38</a> 진렬이 얼굴 작아서 포스트잇으로 얼굴 다 가려지는거 왤케 귀엽냐ㅠㅠ❤❤",False,,0.0,0
@Lio0330,24시간동안 맛있게 VS 맛없게!! 짜장면을 가장 맛없게 먹는 방법은 무엇일까?!,False,,0.0,0
@hoseokyang4207,그림 그린거 개웃기네 ㅋㅋㅋㅋㅋㅋㅋㅋㅋㅋㅋㅋ,False,,0.0,0
@terrychong,산전수전을 너무 심히 겪었어 ㅋㅋㅋㅋㅋ,False,,0.0,0
@pyoji02,"<a href=""https://www.youtube.com/watch?v=Y23tMDMT0uU&amp;t=1932"">32:12</a>ㅋㅋㅋㅋㅋㅋㅋㅋㅋㅋㅋㅋㅋㅋㅋㅋㅋㅋㅋㅋㅋㅋㅋㅋㅋㅋㅋㅋㅋㅋㅋㅋㅋㅋㅋㅋㅋㅋㅋㅋㅋㅋㅋㅋㅋㅋㅋㅋㅋㅋㅋㅋ",False,,0.0,0
@이동현-w6t7i,거기서 예시 이미지가 미쳤닼ㅋㅋㅋㅋ,True,@pyoji02,1.0,0
@ILMTX,수능 끝나고 보니까 재밌당,False,,0.0,0
@기영서-h7h,이것만 보고 자야징,False,,0.0,0
@울사니,짜오 이마 충격이네,False,,0.0,0
@Ahish425,강호이 요즘 왤캐 잘생겼냐,False,,0.0,0
@메수스쌍쌍,아 진렬님 오늘도 너무 귀여워요 ㅠㅠㅠ,False,,0.0,0
@전체이용가입니다,이 영상은 전체이용가 입니다,False,,0.0,0
@굿모닝-m8e,짜오는 그림에 무조건 글자를 적어서 쉬운디,False,,0.0,0
@진민용-t6j,항상 한주의 마무리로 파뿌리24 보고있는데 이번영상은 다들 함께하는 모습이 돋보여서 더욱 재밌고 마음이 따뜻해지는 영상이었던것 같습니다 편집한 편집자 분들 수고하셨고 촬영하신분들 모두 수고하셨습니다!!,False,,0.0,0
@toad419,감자튀김+아이스크림<br>쉑쉑 감튀+밀쉐 조합같네요ㅋㅋ,False,,0.0,0
@이세하-k6y,출연진팀 대 제작팀 대결 기다렸습니다,False,,0.0,0
@파뿌리노랭이펜계정,"오늘의 노랭이형의 귀염뽀짝 포인트❤<br><a href=""https://www.youtube.com/watch?v=Y23tMDMT0uU&amp;t=3"">0:03</a> 웃으면서 촬영하는거 피규어 장식장에 다 비치는 노랭이🧡<br><a href=""https://www.youtube.com/watch?v=Y23tMDMT0uU&amp;t=22"">0:22</a> 제작진팀이 이길것을 확신하는 노랭이💛<br><a href=""https://www.youtube.com/watch?v=Y23tMDMT0uU&amp;t=222"">3:42</a> 귀염뽀짝 곰돌이 노랭이 티 입고 자신만만한 척 하는 노랭이💛 심지어 본인이 피하기로 자진하고 동점까지 만들어낸 노랭이💛 결국 제작진팀의 승리를 이끈 노랭이💛<br><a href=""https://www.youtube.com/watch?v=Y23tMDMT0uU&amp;t=239"">3:59</a> 근엄한 자세와 목소리로 &quot;여깁니다&quot; 하는 노랭이❤<br><a href=""https://www.youtube.com/watch?v=Y23tMDMT0uU&amp;t=250"">4:10</a> 귀염뽀짝 뿜뿜 세레모니 하는 노랭이💛<br><a href=""https://www.youtube.com/watch?v=Y23tMDMT0uU&amp;t=259"">4:19</a> &quot;여기로 가겠습니다&quot; 해놓고 틀리는  노랭이 🧡<br><a href=""https://www.youtube.com/watch?v=Y23tMDMT0uU&amp;t=281"">4:41</a> &quot;아니!, 안 움질일 겁니다&quot; 노랭이💛<br><a href=""https://www.youtube.com/watch?v=Y23tMDMT0uU&amp;t=288"">4:48</a> 2차 세레모니 노랭이💛<br><a href=""https://www.youtube.com/watch?v=Y23tMDMT0uU&amp;t=298"">4:58</a> 이번엔 살짝 쫄렸는지  &quot; 안움직일껀↗데?&quot; 경상도말 나오는 귀염뽀짝 부산인 노랭이🧡<br><a href=""https://www.youtube.com/watch?v=Y23tMDMT0uU&amp;t=340"">5:40</a> 에라 모르겠다 노랭이💛<br><a href=""https://www.youtube.com/watch?v=Y23tMDMT0uU&amp;t=347"">5:47</a> 꺄르르 세레모니 노랭이🧡<br><a href=""https://www.youtube.com/watch?v=Y23tMDMT0uU&amp;t=355"">5:55</a> 짜오와의 부비부비, 그리고 안대 풍차돌리기 세레모니 하는 노랭이❤<br><a href=""https://www.youtube.com/watch?v=Y23tMDMT0uU&amp;t=377"">6:17</a> 흑백요리사보고 알단테 떠올린 노랭이💛<br><a href=""https://www.youtube.com/watch?v=Y23tMDMT0uU&amp;t=387"">6:27</a> 라면 냠냠하는 노랭이💛 <br><a href=""https://www.youtube.com/watch?v=Y23tMDMT0uU&amp;t=419"">6:59</a>~<a href=""https://www.youtube.com/watch?v=Y23tMDMT0uU&amp;t=433"">7:13</a> 짜오, 진렬이, 강호이 얘기하는데 계란푼 라면밖에 모르는 애기노랭이💛<br><a href=""https://www.youtube.com/watch?v=Y23tMDMT0uU&amp;t=766"">12:46</a> 불어터지든 뭐든지 맛있는 애기 노랭이💛<br><a href=""https://www.youtube.com/watch?v=Y23tMDMT0uU&amp;t=890"">14:50</a> 먹는게 세상에서 제일 좋은 뽀로로 노랭이❤<br><a href=""https://www.youtube.com/watch?v=Y23tMDMT0uU&amp;t=977"">16:17</a> 주먹왕 노랭이✊❤<br><a href=""https://www.youtube.com/watch?v=Y23tMDMT0uU&amp;t=988"">16:28</a> 와앙 물고 머리 띵해서 아픈 노랭이 ㅠㅠ😭<br><a href=""https://www.youtube.com/watch?v=Y23tMDMT0uU&amp;t=776"">12:56</a> 지대로 먹고 즐기는 노랭이..<br><a href=""https://www.youtube.com/watch?v=Y23tMDMT0uU&amp;t=1084"">18:04</a> 짜오가 먼저 &quot;에이~&quot; 하자 뒤늦게 따라하는 노랭이💛<br><a href=""https://www.youtube.com/watch?v=Y23tMDMT0uU&amp;t=1185"">19:45</a> ~<a href=""https://www.youtube.com/watch?v=Y23tMDMT0uU&amp;t=1196"">19:56</a> 유진이가 낸 문제 귀염뽀짝한 손짓으로 하나하나 시간, 문제수, 주제, 출제자 따로 설명하는 세젤귀 노랭이💛🧡💚❤<br>그리곤 갑자기 등장한 노랭이 맞먹는 세젤귀 유진이❤<br><a href=""https://www.youtube.com/watch?v=Y23tMDMT0uU&amp;t=1200"">20:00</a>~<a href=""https://www.youtube.com/watch?v=Y23tMDMT0uU&amp;t=1264"">21:04</a> 제가 영화를 몰라서 여기도 귀염뽀짝 포인트가 참 많은데 그냥 요약하면 노랭이 커여워용💛💛<br><a href=""https://www.youtube.com/watch?v=Y23tMDMT0uU&amp;t=1425"">23:45</a> 노랭이의 원픽 피자빵이 사라져서 슬픈 노랭이😢<br><a href=""https://www.youtube.com/watch?v=Y23tMDMT0uU&amp;t=1515"">25:15</a> 오만상 노랭이...<br><a href=""https://www.youtube.com/watch?v=Y23tMDMT0uU&amp;t=1537"">25:37</a> 빵의 효소맛이 느껴지는 똑똑이 + 미식가 노랭이💛<br><a href=""https://www.youtube.com/watch?v=Y23tMDMT0uU&amp;t=1610"">26:50</a> 짜오 따라서  하나도 안어울리는 목소리로 &quot;기상해애액!&quot; 외치는 세젤귀 노랭이💛<br><a href=""https://www.youtube.com/watch?v=Y23tMDMT0uU&amp;t=1838"">30:38</a> 캡모자 쓴 노랭이🧡<br><a href=""https://www.youtube.com/watch?v=Y23tMDMT0uU&amp;t=2026"">33:46</a> 아쉬워하는 목소리로 감튀 소개하는 노랭이💛<br><a href=""https://www.youtube.com/watch?v=Y23tMDMT0uU&amp;t=2164"">36:04</a> 입을 전자레인지로 생각하는 상상력 뿜뿜 노랭이💛<br><a href=""https://www.youtube.com/watch?v=Y23tMDMT0uU&amp;t=2194"">36:34</a>~<a href=""https://www.youtube.com/watch?v=Y23tMDMT0uU&amp;t=2200"">36:40</a> 짜오의 말에 같이 굳은 의지 다지는 노랭이의 한마디 &quot;각오해라&quot;<br><a href=""https://www.youtube.com/watch?v=Y23tMDMT0uU&amp;t=2225"">37:05</a>~<a href=""https://www.youtube.com/watch?v=Y23tMDMT0uU&amp;t=2228"">37:08</a> 아까의 무서운 태도와는 다르게 귀염뽀짝한 말투로 뿌독이들의 성원을 요청하는 노랭이💛💛<br><a href=""https://www.youtube.com/watch?v=Y23tMDMT0uU&amp;t=2231"">37:11</a> 노랭이 댄스타임. 끝!❤<br><br>p.s) 파뿌리 24 특성상 영상 길이가 길어 다른 멤버들 하나하나 신경쓰기에는 댓글이 너무 길어져 노랭이만 썼습니다! 좋은 영상 감사하고 유진누나 다리 나을떄 까지는 왠만하면 집에 계셔요 ㅠㅠ",False,,0.0,0
@Ahish425,"<a href=""https://www.youtube.com/watch?v=Y23tMDMT0uU&amp;t=578"">9:38</a> 진렬이 얼굴작아서 얼굴 다 가려지는거 왤케 귀여워ㅠㅠ❤❤",True,@파뿌리노랭이펜계정,5.0,0
@파뿌리노랭이펜계정,​@@Ahish425 😮 인정요 ㅎㅎ,True,@파뿌리노랭이펜계정,5.0,0
@Gunwooking,@@파뿌리노랭이펜계정닉네임에 펜계정할 때 ‘펜’이 아니라 ’팬‘입니다,True,@파뿌리노랭이펜계정,5.0,0
@Gunwooking,@@파뿌리노랭이펜계정그리고 댓글 중 마지막에 ‘떄’가 아니라 ‘때‘입니다,True,@파뿌리노랭이펜계정,5.0,0
@파뿌리노랭이펜계정,"@@Gunwooking 이걸 다 읽는 당신의 열정에 박수를, 쉬프트에 맘이 급해서 ㅎㅎ",True,@파뿌리노랭이펜계정,5.0,0
@준-i4u,제작진들도 점점 잘해지니까 재밌네 ㅋㅋ,False,,0.0,0
@mzksow5522,뜨거운 냉면은 신맛을 가열하면 단맛으로 변하기에 더 달다 느낀거 일수도 있어요😢,False,,0.0,0
@sobaba.potato,와 맛없는빵 뭘까 상상도 못했는데 진짜 충격적인ㅋㅋㅋㅋㅋㅋ으으으으으......,False,,0.0,0
@박진영-i4t9c,호이클 잭슨ㅋㅋㅋ,False,,0.0,0
@user-ekdP,이건 다이어트 영상이다<br>음식 끌리게 했다가 입맛없게하는 영상<br>오히려 좋아,False,,0.0,0
@HyunseongJeong,와ㅋㅋㅋ오늘꺼 역대급 재밌어요😊<br>진팀 디스어드밴티지 이긴팀 어드밴티지가 확연해서 멤버들이 진심으로 게임을 임하는거 같아서,False,,0.0,0
@어이나1,슈퍼마리오 ㅋㅋㅋㅋㅋㅋㅋㅋㅋ,False,,0.0,0
@이지원-x1v4o,와ㅋㅋㅋㅋㅋㅋ 식은탕수육 소리 레전드다ㅋㅋㅋㅋㅋㅋㅋㅋㅋㅋㅋㅋㅋㅋㅋ,False,,0.0,0
@윤민준-c7u,제작진팀 미안해요 계속 지길 바랄게여,False,,0.0,0
@latentevil,신규맵오픈 ㅋㅋㅋㅋㅋㅋㅋㅋㅋㅋㅋㅋㅋㅋㅋㅋㅋㅋㅋㅋㅋㅋㅋㅋㅋㅋㅋㅋㅋㅋㅋㅋㅋㅋㅋㅋㅋㅋㅋㅋㅋㅋㅋㅋ,False,,0.0,0
@커서의신박한세상,"<a href=""https://www.youtube.com/watch?v=Y23tMDMT0uU&amp;t=1227"">20:27</a> 아니 미쳤냐고ㅋㅋㅋㅋ",False,,0.0,0
@이동현-w6t7i,"난 킹콩인줄 알았다.ㅋㅋㅋㅋㅋㅋㅋㅋ<br><a href=""https://www.youtube.com/watch?v=Y23tMDMT0uU&amp;t=1248"">20:48</a> 이것도 갸 웃김 ㄹㅇ ㅋㅋㅋㅋㅋ",True,@커서의신박한세상,1.0,0
@정광-m9p,의자vs물위 짜오랑 노랭이 해주세요  엄청 재미있고 조회수 대박날것같아요,False,,0.0,0
@뽀로로-k5m,짜오 짱구아빠랑 진짜 똑같이생겼넼ㅋㅋㅋㅋㅋㅋㅋㅋㅋㅋㅋㅋㅋㅋㅋㅋㅋㅋㅋㅋ,False,,0.0,0
@전미경-e7v,"왜~~ 왼쪽만해요?,?이상한네~~~ 그래도   재밌네요..ㅎㅎㅎㅎㅎ",False,,0.0,0
@나-t8e,24시간 수감자vs교도관 해주세여,False,,0.0,0
@민정-l7i,"강호이님은 왜 점점 젊어지시죠??😮😮<br><a href=""https://www.youtube.com/watch?v=Y23tMDMT0uU&amp;t=107"">1:47</a> ㅋㅋㅋ",False,,0.0,0
@이태희-e6k,손톱에 늦은 복숭아물 들였나요? 손톱쪽이 왜 다들 핑크핑크 한가요 ㅋㅋㅋㅋㅋ,False,,0.0,0
@이준성-x2j,아니 초반에 진렬이 진짜  2라운드부터 왜 계속 왼쪽만 고집을 하시는 건가요?!!!저는 도저히 이해 할수가 없어요 ㅠ 아니 마지막에 한번은 내가 진렬이었어도 중간 해서 맞추고 출연진 팀이 이겼을 것 같은데 대체 왜 그러신건가요?? 어디 왼쪽만 해야한다는 병에 걸리셨카요?,False,,0.0,0
@춘리春丽,뜨거운냉면있어요 하지만저렇게 만드는거아닙니다 ㅎ,False,,0.0,0
@롯데의환이,1000만 특집 자음 모음 빨리 찍어주세요~~❤,False,,0.0,0
@단아-u3y,뜨거운냉면은 파는데?,False,,0.0,0
@춘리春丽,3인챌린지 간강하게 싱겁게 딱좋게해주세요  <br><br>예를들어 짜장면 달달하니까 <br>싱겁게는 소스없이 딱좋게는 맛있는짜장면 간을강하게는 설탕을뿌려서 먹는겁니다,False,,0.0,0
@태완김-r4p,진짜 진열이 너무더럽게먹어요 볼때마다 호감이떨어지네,False,,0.0,0
@김정원-m3h,이런 챌린지 많이해서그런지 갈수록 게임이 흥미진진하고 재밌음ㅋㅋㅋㅋㅋ,False,,0.0,0
@messigodGOAT,확실히 전에 비해서 운 요소가 필요한 게임이 늘었네 ㅋㅋㅋㅋㅋㅋㄴㄴ,False,,0.0,0
@namudaram,굵게 대 가늘게도 해주시지요 이제.,False,,0.0,0
@user-xc6ko8vp3o,"<a href=""https://www.youtube.com/watch?v=Y23tMDMT0uU&amp;t=109"">1:49</a>이거 나만 웃김?ㅋㅋㅋ",False,,0.0,0
@namudaram,오늘 게임 종류가 역대급으로 다양하네 재미있다~~ 흐흐,False,,0.0,0
@cooooooooooooookie,"<a href=""https://www.youtube.com/watch?v=Y23tMDMT0uU&amp;t=1856"">30:56</a> 감재떨이 ㅋㅋㅋㅋㅋㅋㅋ",False,,0.0,0
@해룬-96,다음 출연진 vs 제작진 테마로 잘하는 것 vs 못하는 것 어떤가요.?<br>파뿌리 멤버들의 특기가 뭔지 궁금하기도 하구요~,False,,0.0,0
@zovor96,"<a href=""https://www.youtube.com/watch?v=Y23tMDMT0uU&amp;t=1535"">25:35</a> 효모를 말하고 싶으셨죠?",False,,0.0,0
@dydtkduddnd12,"<a href=""https://www.youtube.com/watch?v=Y23tMDMT0uU&amp;t=271"">4:31</a> <a href=""https://www.youtube.com/watch?v=Y23tMDMT0uU&amp;t=281"">4:41</a> <a href=""https://www.youtube.com/watch?v=Y23tMDMT0uU&amp;t=295"">4:55</a> <a href=""https://www.youtube.com/watch?v=Y23tMDMT0uU&amp;t=339"">5:39</a> 진럴님 3라운드 부터 계속 좌쪽만 하는데 설마 귀찮아서 그러신거 아니죠?!",False,,0.0,0
@정예빈-d4g,와 나 근데 진짜 ㅋㅋㅋㅋㅋㅋㅋㅋㅋㅋ 이 삼인방 그림체 1도모르는데 첨보는 그림 보고 누가그린지 다맞힘ㅋㅋㅋㅋㅋㅋㅋㅋ아진짜 개웃겨ㅜㅜ 마리오 보고 울뻔해서 화장실 다녀왔어요 너무웃김 배아파ㅠㅠㅋㅋㅋㅋㅋㅋㅋ 그리고 짜오 그림 특: 괜히 입체적으로 잘 그려보려고 브랜드 이름 넣을 수 있으면 넣는 편 ㅋㅋ,False,,0.0,0
@happy-ingan,"<a href=""https://www.youtube.com/watch?v=Y23tMDMT0uU&amp;t=450"">7:30</a> 노벨문학상 라면입니다. 맛있게 드십쇼ㅋㅋㅋㅋ",False,,0.0,0
@amr7207,강호이 자연머리 기원 1차<br>이유 : 몇 년을 봤는데 계속 금발하심.. ㄴ..ㅏ이도 생각을 하심이……😂 머리가.. 고통을 호소하고 있스요😂,False,,0.0,0
@JunLee-o7f,ㅋㅋㅋㅋㅋㅋ그림에서 빵터졌네요ㅋㅋㅋㅋㅋㅋ마리오ㅋㅋㅋㅋㅋ그때노랭이님표정이ㅋㅋㅋㅋㅋㅋㅋㅋ<br>진짜 오랜만에 빵 터진것같습니닼ㅋㅋㅋㅋㅋ<br>이번 영상 편집자님 너무 궁금합니다,False,,0.0,0
@moohangtv,짱배 같습니다!,True,@JunLee-o7f,1.0,0
@xmasoo73,그림 그리는거 진짜 환장하겠네 ㅋㅋㅋㅋㅋㅋ,False,,0.0,0
@마마리0814,"그림 그리기 대박인데, 마리오 신의 한수ㅎㅎㅎ",False,,0.0,0
@user-bh8bm5ee5p,나중에 팬미팅에서 영상 찍을수 있으면 아니면 뿌독이중에 몇명 모집해서 파뿌리vs뿌독이구도로 영상 찍으면 재밌을거같아요! 늘 영상 재미있게 보고 있습니다!,False,,0.0,0
@강아지쌀,탑건 미쳤ㅋㅋㅋㅋㅋㅋㅋㅋ 노랭님 몸 자주 써주세용 ㅋㅋㅋ 그리고 마리오 그리기 진짜 배꼽잡고 웃었네욬ㅋㅋㅋㅋㅋㅋ 원래 댓글 잘 안남기는데 이번편 역대급으로 재밌어요 😂,False,,0.0,0
@Stone-crab-s7,"<a href=""https://www.youtube.com/watch?v=Y23tMDMT0uU&amp;t=2079"">34:39</a>에서 그냥 냉동감튀 말고 차갑고 눅눅한 감튀면은 더욱더 맛이 없을 것 같은데?",False,,0.0,0
@김동규-w1y2s,파뿌리는 땅굴일때가 진짜 재밌었는데 물론 지금도 재밌지만 그때 추억돋는다 ㅇㅅㅇ,False,,0.0,0
@지요-u7h,게임도 룰렛은 어떨까용,False,,0.0,0
@이종하-f1u,573빠,False,,0.0,0
@데비루치-d8f,"ㅆㅅ홒ㅎ퐆ㅎㅎ홓ㅎㅛㅎ소 ㅍㅎㅎㅎ홓ㅎ😅😅포쏲7ㅎㅎㅅ퐇ㅅㅍㅅㅍㅎㅎㅍㅎㅎ ㅎㅎㅎㅎㅍㅎ포퐇ㅎㅍㅍ😅 <a href=""https://www.youtube.com/watch?v=Y23tMDMT0uU&amp;t=223"">3:43</a> 😅😂2ㄴㅋㅋㅋaa!!ㅋㅋAaㅋAA",False,,0.0,0
@Ddkeq_9,강호이 왜케 존잘임,False,,0.0,0
@스-s4e,존잼ㅋㅋㅋㅋㅋㅋㅋ,False,,0.0,0
@johun953,보아하니 강호이님 헤어를 챙기기시작했다는건 연애를 다시 시작했다는겁니다,False,,0.0,0
@pio456,"이번편 개웃기네요<a href=""UCkszU2WH9gy1mb0dV-11UJg/G8AfY6yWGuKuhL0PlbiA2AE""></a>",False,,0.0,0
@블란,&quot;분&quot;짜장면,False,,0.0,0
@eipi-eipi,소크라테스 명언<br>“살기 위해 먹는거지 먹기 위해 사는것이 아니다.”,False,,0.0,0
@포도-p4i8b,그림그리는 컨텐츠 해주셍,False,,0.0,0
@000n._.,그림ㅋㅋㅋㅋㅋㅋㅋㅋㅋㅋㅋㅋ ㄹㅈㄷ네,False,,0.0,0
@후헤후헤-j8m,하 맹장수술하고 영상보는데 하 웃겨서 배가 너무 땡기네여 진짜로,False,,0.0,0
@귀염뽀짝-m8v,"<a href=""https://www.youtube.com/watch?v=Y23tMDMT0uU&amp;t=109"">1:49</a>초부터<a href=""https://www.youtube.com/watch?v=Y23tMDMT0uU&amp;t=118"">1:58</a> 왜 이렇게 웃기냐",False,,0.0,0
@user-AHAHA20,"피지컬 게임(몸으로 말해요,포스트잇)은 출연진이 이기고 운요소가 있는 게임(제로게임,물총피하기)은 제작진이 이기네 ㅋㅋㅋ",False,,0.0,0
@yayayayayauauaua,존잼,False,,0.0,0
@만성피로불사신,오늘 진짜 역대급으로 재밌다!!!!,False,,0.0,0
@우리집강아지는멍이,챌린지 자음vs모음 말고<br>고음vs저음 렛츠기릿~~ 렛츠뿌리~,False,,0.0,0
@realjty77,요새 강호이님 외모폼이 하늘을 찌르네요,False,,0.0,0
@KorealLove,"<a href=""https://www.youtube.com/watch?v=Y23tMDMT0uU&amp;t=112"">1:52</a> 개인적으로 강호이님 젤 재미있네요 ㅎㅎ",False,,0.0,0
@hiha8469,왜 이번거는 영상이 짧나요ㅠ 😢,False,,0.0,0
@SKULL_TEKKEN,"<a href=""https://www.youtube.com/watch?v=Y23tMDMT0uU&amp;t=1226"">20:26</a> 아 진짴ㅋㅋㅋㅋ 치사하게 피지컬로 웃기넼ㅋㅋㅋㅋㅋㅋㅋㅋ",False,,0.0,0
@그리그리_1,제작진 고생하는거 보고싶어서 제작진vs출연진 보는건데 응원? <br><br>어림도 없지 ㅋㅋ,False,,0.0,0
@지상호-g5f,24시간 동안 부산 사투리 vs 찐 서울말 쓰기 ( 음식도 서울 음식 부산 음식),False,,0.0,0
@ddddddds2,마지막 그림그리기 짜오님 맞추기로 가니까 다들 그림화풍 싹바꾸는게 진짜 웃기네 ㅋㅋㅋㅋㅋㅋㅋㅋㅋㅋㅋㅋㅋㅋㅋ,False,,0.0,0
@썽하-s6q,룰렛 바뀐거 보기 맘편하다ㅎㅎ<br>오늘 출연진 드립도 게임구성도 편집도 수준 미쳐서 엄청 재밌네,False,,0.0,0
@박지윤-w6r,오늘 노랭이가 엄청 웃기네 ㅋㅋㅋㅋ 퀴즈 진짜 표현 잘한다,False,,0.0,0
@로아로아-g5o,이번편 순수재미 미쳤네 ㅋㅋㅋㅋㅋㅋ,False,,0.0,0
@더배럭,위에 빨간색 고무는 속도를 내려주는거고 화살표로 하는게 맞긴함,False,,0.0,0
@토트넘팬-j9x,나중에는 진짜vs가짜로 김진짜님을 모셔오면 좋겠습니다,False,,0.0,0
@Spicy_Shrimp456,아니 그림들 미쳤네 ㅋㅋㅋㅋㅋㅋㅋㅋㅋㅋㅋ 짜오 그림 특집 해도 좋을듯 ㅋㅋㅋㅋㅋㅋㅋ,False,,0.0,0
@joescar777,아이고.. 강호이님 아직도 말 더듬으시네..😢,False,,0.0,0
@애옹애옹-b1d,그림 대결 제발 자주 나와주세여ㅜㅠㅋㅋ 아 웃다가 쓰라짐 진짜ㅠ큐큐ㅠㅠㅠ 그림 =͟͟͞͞개=͟͟͞͞웃=͟͟͞͞겨  큐ㅠ,False,,0.0,0
@인혁이-w6t,호이님 옷정보 알 수 있을까요,False,,0.0,0
@크걍컁컁,"<a href=""https://www.youtube.com/watch?v=Y23tMDMT0uU&amp;t=1273"">21:13</a> 이거 미친 거 아니였냐구요 진짜 ㅋㅋㅋㅋㅋㅋㅋㅋㅋㅋㅋㅋㅋㅋ",False,,0.0,0
@june5647,이번에는 운빨 게임이 좀 많네😂,False,,0.0,0
@이가현-t6m,노랭이 개웃기다ㅋㅋㅋㅋㅋㅋㅋㅋㅋㅋㅌㅋㅋㅋ,False,,0.0,0
@소두-o6q,노랭이는 지가 다 한것도 아닌데 겁나 나대네 지가 다 한것처럼 하노;;;,False,,0.0,0
@Qling_spl,노랭이 예능실력 많이 늘었으면 개추 ㅋㅋㅋㅋ,False,,0.0,0
@하예형,진렬이..진짜 너무 웃기다😂😂😂,False,,0.0,0
@이라스이,마리오 그림 진짜 ㅋㅋㅋㅋㅋㅋㅋㅋㅋㅋㅋㅋㅋㅋㅋㅋㅋㅋㅋㅋㅋㅋㅋㅋㅋㅋㅋㅋ,False,,0.0,0
@앤토니-p2y,이번 영상 진짜 재밌어요ㅋㅋㅋㅋㅋㅋ😂,False,,0.0,0
@키즈다,강호이 진짜 트롤...,False,,0.0,0
@user-rt2pt7vr2x,2024년11월17일 9시7분,False,,0.0,0
@김정래-w3w,아니 진렬이가 먹은것만 다 맛없어 보이냐,False,,0.0,0
@임경훈-f6r,짜장 탕수육 맛없게에서<br>탕수육 소스에 면비비는 줄,False,,0.0,0
@남자-e6z,몸으로 말해요 할때 짜오님이 스케치북을 너무 늦게 넘겨서 시간이 좀 지연된게 아쉽긴 하네요ㅠ,False,,0.0,0
@o1204g,3인방 챌린지로 맵단짠 해주시면 재밌을 것 같아요!,False,,0.0,0
@Blue_Tansan,"<a href=""https://www.youtube.com/watch?v=Y23tMDMT0uU&amp;t=1799"">29:59</a> <a href=""https://www.youtube.com/watch?v=Y23tMDMT0uU&amp;t=1992"">33:12</a><br>글씨 있으면 다 짜오님 그림이네ㅋㅋㅋㅋㅋ",False,,0.0,0
@이건우-c9j,출연진,False,,0.0,0
@Plu_E_To,"<a href=""https://www.youtube.com/watch?v=Y23tMDMT0uU&amp;t=1646"">27:26</a> ??????",False,,0.0,0
@H2345-h7u,"열면, 물빵 진짜 극혐...ㅋㅋㅋ",False,,0.0,0
@꿀잼-o1x,기대해진렬이랑강호이만이야,False,,0.0,0
@ekdma1000,"<a href=""https://www.youtube.com/watch?v=Y23tMDMT0uU&amp;t=2197"">36:37</a> 너무 달아서 그런지 자막도 돌아겠습니닼ㅋㅋㅋ",False,,0.0,0
@꿀잼-o1x,각오해강호이이랑진렬이두고보자,False,,0.0,0
@호박씨_p,호이 머리까니까 더 잘생겼네,False,,0.0,0
@서울월정초등학교64이,노랭이는 입맛이 이상하다(?),False,,0.0,0
@오두박근,짜오 탈모 좀 충격적인데… 슡이 적은줄만 알았지 M자로 광활해졌을줄은 몰랐네…,False,,0.0,0
@realeunzy,"<a href=""https://www.youtube.com/watch?v=Y23tMDMT0uU&amp;t=810"">13:30</a> 다이어트할때 봐야지 짜증나ㅠㅠㅠㅠㅠㅠㅠㅠㅠㅠㅠ",False,,0.0,0
@은찬-n2l,"주제 추천:빽다방vs메가커피vs컴포즈<br>          <br>초코vs딸기vs바나나로 다시<br><br>케첩vs마요네즈vs머스타드로 다시<br><br>침대vs쇼파<br><br>롯데리아vs맥도날드vs버거킹으로 다시<br><br>햄버거vs토스트vs샌드위치<br><br>맘스터치vsKFC<br><br>간장vs된장vs고추장<br><br>고기 지옥(닭고기,오리고기)<br><br>배추vs무<br><br>운동 지옥(상체,하체,전신)<br><br>전자레인지vs에어프라이기vs오븐<br><br>국밥vs돈가스vs제육<br><br>크림vs치즈<br><br>이마트vs홈플러스<br><br>BHC vs BBQ<br><br>GS25 vs CU vs 7일레븐으로 다시<br><br>봉지과자vs곽과자(컴플리트 가챠)<br><br>페트병 음료vs캔 음료(컴플리트 가챠)<br><br>탄산음료vs이온음료(컴플리트 가챠)<br><br>파이류 과자vs과자(컴플리트 가챠)<br><br>차vs기차<br><br>식당vs시장<br><br>사과vs배<br><br>수박vs멜론vs참외",False,,0.0,0
@장서연-e6h,앜ㅋㅋㅋㅋㅋㅋㅋㅋ아 노랭이 겁나귀엽 이번편 아무생각없이봤는데 역대급이에요,False,,0.0,0
@jun_e9171,달게vs짜게vs맵게vs쓰게해주세요,False,,0.0,0
@상희김-k1s,님들 근데 짜장면 플러스 탕수육에서 소스를 바꿔서 부워먹는것도 좋을 것 같음,False,,0.0,0
@준쨩JC,"<a href=""https://www.youtube.com/watch?v=Y23tMDMT0uU&amp;t=1916"">31:56</a> 보자마자 터짐 ㅅㅂㅋㅋㅋㅋㅋ",False,,0.0,0
@Ruby-k2j,"<a href=""https://www.youtube.com/watch?v=Y23tMDMT0uU&amp;t=1989"">33:09</a> 쓰읍 모양이 좀(아니다 그거 아니야)",False,,0.0,0
@KoreanK-mo1px,오늘도 재밌네여❤,False,,0.0,0
@삼미-n1v,"<a href=""https://www.youtube.com/watch?v=Y23tMDMT0uU&amp;t=2085"">34:45</a> 콜라 전자레인지에 한번 돌리고 먹는줄 ㅋㅋㅋㅋㅋ",False,,0.0,0
@RutaGom,파뿌리에서 마음에 안드는 거의 유일한 부분...ㅠㅠ<br>왜이렇게 면치기를 권장하는 듯한 스텐스를 가지는지 모르겠어요...애들도 많이 보는 채널인데 볼 때마다 조금 눈에 밟힘,False,,0.0,0
@cocodas0,"<a href=""https://www.youtube.com/watch?v=Y23tMDMT0uU&amp;t=630"">10:30</a> 신규 맵 이라니 ㅋㅋㅋㅋ",False,,0.0,0
@b.b.a7252,강호이 감다살이네 ㅋㅋㅋㅋ,False,,0.0,0
@구운수박,ㅋㅋㅋㅋㅋ 개재밌네,False,,0.0,0
@한지우-m3s,봇 댓글 절대반대 1일차<br>계절 챌린지 기원 1일차,False,,0.0,0
@A8audi,다음 주제 추천 <br>1. 24시간이 아닌 1박 2일로 시골에서 마피아 게임 하기 2. 일본에서 전국 투어하기 이때 렌트카나 자차로 이용하기 2번 같은 경우 꼭 해주세요 전 드라이브가 취미라서 대리 만족하고 싶네요,False,,0.0,0
@hing1130u,다음에  24시간 가운데  좌  우 해주세요,False,,0.0,0
@김도윤-g3g,"<a href=""https://www.youtube.com/watch?v=Y23tMDMT0uU&amp;t=529"">8:49</a> 겁나 웃기네ㅋㅋ😂",False,,0.0,0
@신제영-h9y,가마솥 주전자 2 해주세요!!,False,,0.0,0
@user-po9wq7nh9s,파뿌리는 이제부터 파뿌리24영상은 최소 1시간 분량으로 나오게하여라 실시.,False,,0.0,0
@정승빈-h5g,"저 이거보고 있었는데,아빠가 왜 크게 말하냐고 ㅈㄹ했어요.아무말도 안했는데..<br>우리 아빠 갱년기 인가봐😢",False,,0.0,0
@소율-n7x,"노랭님이 만든 음식,짜오님이 만든음식으로 24시간 챌랜지 해주세요❤❤❤❤😊",False,,0.0,0
@mel-chanyoutube6558,마리오 진짜 겁나 웃기네 ㅋㅋ 쩔었다 ㅋㅋㅋㅋㅋ,False,,0.0,0
@디엘-l5h,녹은 아이스크림보다 맛 없는 건 녹았다가 다시 얼린 아이스크림,False,,0.0,0
@ponyolune,"<a href=""https://www.youtube.com/watch?v=Y23tMDMT0uU&amp;t=1925"">32:05</a> 앜ㅋㅋㅋㅋㅋㅋㅋ 진렬님이 너무 웃겨요!!!!",False,,0.0,0
@잡지1,"파뿌리 24<br><br>무지개꼬리잡기24[+경찰과 도둑처럼 추격전도 너무 영감있게 봄...]<br>(호이,진렬,노랭,짜오,짱배,??,??) <br>{7명인 이유: 빨주노초파남보}<br><br><br>빨←주←노←초←파←남←보←빨<br><br>Or<br><br>빨←보←남←파←초←노←주←빨",False,,0.0,0
@DD-rn5le,오늘도 잘 보겠습니다,False,,0.0,0
@찐퇴,"<a href=""https://www.youtube.com/watch?v=Y23tMDMT0uU&amp;t=378"">6:18</a> 알 단테가 아니라 알 덴테에요!!!",False,,0.0,0
@최하린-e3b,번외편으로 한번씩 파뿌리 48 이런것도 해주세여❤,False,,0.0,0
@Whybegopa,"<a href=""https://www.youtube.com/watch?v=Y23tMDMT0uU&amp;t=349"">5:49</a> ㅋㅋㅋㅋㅋㅋ노랭잌ㅋㅋㅋㅋㅋㅋㅋㅋㅋㅋㅋㅋ 진짜 귀엽닼ㅋㅋㅋㅋㅋㅋㅋㅋㅋㅋㅋㅋ",False,,0.0,0
@Hellopeoplesnicetomeetyou,요즘따라 강호이님 되게 호감이네ㅋㅋㅋㅋ강호이님 너무 웃겨요ㅋㅋㅋ❤,False,,0.0,0
@상구뤼-u4j,노랭이님<br>혼자만 남들보다 마니먹는데..,False,,0.0,0
@지나가던사람,진렬이 자꾸 왼쪽만 해서 지는거 아니노..,False,,0.0,0
@준영이-w4i,"<a href=""https://www.youtube.com/watch?v=Y23tMDMT0uU&amp;t=109"">1:49</a>초부터 재밌네요 ㅋㅋㅋㅋㅋ",False,,0.0,0
@루루-z5j2h,잔디 깎고 새참 먹는 브이로그 해주세요76트,False,,0.0,0
@지혜-l8w,호이님 덮머 해쥬세요,False,,0.0,0
@shanata8259,라면 흑백으로볼땐 괜찮아보였는데…너무충격적이다,False,,0.0,0
@양서현-t4q,난 출연지들VS직원들(짜오 노랭이 빼고) 다른 편집자들과의 대결을 보고싶소 ㅠㅠㅠㅠ,False,,0.0,0
@김창완-n2v,1.출연진 팀,False,,0.0,0
@sangbinyoon9498,인트로 노랭이 시선 강탈😅,False,,0.0,0
@young2rang_0503,강호이 앞머리 까는게 훨배 잘생겼다 진짜 ❤,False,,0.0,0
@Katie-rt1bl,파뿌리 vs 뿌독이 대결 해보고 싶습니다.,False,,0.0,0
@구건비,그림이 졸라 웃기네 ㅋㅋㅋㅋ,False,,0.0,0
@진예원-h4q,멤버들이 먹은 뜨거운냉면 뭔 느낌인지 알거같아ㅋㅋ 나도 전에 정국님의 들기름 메밀막국수? 먹으려고 했는데 메밀이 너무 오래되고 차가워서 다 굳고 해서 어쩔수없이 면을 좀 풀어보려고 뜨거운물에 약간 해봤는데 진심 냄새 개이상함...,False,,0.0,0
@눈1물의요정,"<a href=""https://www.youtube.com/watch?v=Y23tMDMT0uU&amp;t=526"">8:46</a> 조이보이가... 돌아왔어...",False,,0.0,0
@쭈트리아,키워드랑 대결 구도가 익숙하지 않을수도 있는데 정말 웃음 포인트 많고 재밌네요 ㅋㅋ,False,,0.0,0
@그린팬-v2r,24자음vs 모음도 리벤지 나오나요,False,,0.0,0
@Dusttale-murder,강호이 좀 살이 찌신거같으신데 그래도 보기 좋아요! ㅎㅎ,False,,0.0,0
@flygon_17,"<a href=""https://www.youtube.com/watch?v=Y23tMDMT0uU&amp;t=1044"">17:24</a> 개노답 2형제 ㅋ",False,,0.0,0
@구토라,제작진 좋아 ㅋㅋ,False,,0.0,0
@서정철-u9q,재밌네요❤❤❤,False,,0.0,0
@김세원-e2q,개인적으로 근래에 가장 많이 웃은 편이었어요!!,False,,0.0,0
@lueb2573,"맛없게는 진짜 맛없게네요.. 라면,자장면 이후로는 진짜 못먹을 것 같아요 그림그리기는 재밌었어요 ㅎㅎ",False,,0.0,0
@ksseo9171,호이 점점 얼굴이 뽀얘져ㅋ파뿌리도 나이를 거꾸로 먹는구나ㅋ,False,,0.0,0
@햄찌-m9z,"<a href=""https://www.youtube.com/watch?v=Y23tMDMT0uU&amp;t=497"">8:17</a> 호이적사고<br><a href=""https://www.youtube.com/watch?v=Y23tMDMT0uU&amp;t=596"">9:56</a> 시바 표정바 ㅋㅋㅋㅋㅠㅋ (<a href=""https://www.youtube.com/watch?v=Y23tMDMT0uU&amp;t=610"">10:10</a> 겁나 기야움 ㅠ)<br><a href=""https://www.youtube.com/watch?v=Y23tMDMT0uU&amp;t=638"">10:38</a>, <a href=""https://www.youtube.com/watch?v=Y23tMDMT0uU&amp;t=667"">11:07</a>  자막 누구야 ㅋㅋㅋㅋ<br><a href=""https://www.youtube.com/watch?v=Y23tMDMT0uU&amp;t=1048"">17:28</a> 기념으로 슈푸보 한번만<br><a href=""https://www.youtube.com/watch?v=Y23tMDMT0uU&amp;t=1878"">31:18</a> <a href=""https://www.youtube.com/watch?v=Y23tMDMT0uU&amp;t=1919"">31:59</a> <a href=""https://www.youtube.com/watch?v=Y23tMDMT0uU&amp;t=1943"">32:23</a> ㅁㅊ ㅋㅌㅌㅋㅌㅋㅋㅋ",False,,0.0,0
@llll-f3y4h,파뿌리님 5년차 뿌독이입니다 자음대모음2해주세요,False,,0.0,0
@마인레고123,라면은 불은면 아닌가?(라면 기본적은로 15분 끊이는데...),False,,0.0,0
@eeeeai,ㄹㅇ 역대급 꿀잼이다 ㅋㅋㅋㅋㅋㅋㅋ,False,,0.0,0
@네피네,뜨거운냉면 상상만해도 끔직하네여...;   근데 만약 회랑 초밥 맛없게는 대체 어떻게 나왔을지 정말 궁금함... 오래두면 안되는음식이고 익히면...그럭저럭먹을만은할꺼같은데... 맛없게? 대체 어떻게?,False,,0.0,0
@니똥이다-l8n9t,검은 빵 이름 뭔가요?,False,,0.0,0
@윤-k3g9m,예전에 진일이형 냉면 데워 먹은적 있지않나,False,,0.0,0
@주지운-c9j,출연진이 괴물이라면 노랭이도 준괴물이네 ㅋㅋㅋㅋ,False,,0.0,0
@노랭이남자친구,"<a href=""https://www.youtube.com/watch?v=Y23tMDMT0uU&amp;t=791"">13:11</a> 이번에 진렬이 폼 미쳤다<br>너무 맛있게 먹노🤤",False,,0.0,0
@luckykim9439,출연진 vs 제작진이 체급도 맞고 서로 공격하는 재미도 최고ㅋ,False,,0.0,0
@sung-z5q,웃기긴 한데 메뉴는 몇시간전에 어떻게 다 만들어 놓은것만 선택되는지 전날 다 만들어 놓는건 아닌거 같은데...,False,,0.0,0
@박한율-z6o,"파뿌리 24시간 3인 챌린지 고체,액체,기체하면 좋겠다",False,,0.0,0
@도레미-x1u,24시간 효울vs비효율적으로 살기 추천합니다,False,,0.0,0
@dsafdstq-1t,그림 그릴때 상표넣은건 짜오뿐일지도..,False,,0.0,0
@jun4182,뉴룰렛 ㅋㅋㅋ,False,,0.0,0
@jojoyously,"<a href=""https://www.youtube.com/watch?v=Y23tMDMT0uU&amp;t=1647"">27:27</a> 진렬님 갑자기 이럴 때 너무 웃겨요 ㅋㅋㅋㅋㅋㅋㅋㅋㅋㅋㅋ",False,,0.0,0
@bedchos,오 어떻게 27분 27초지? 딱 맞네,True,@jojoyously,5.0,0
@bedchos,오 어떻게 27분 27초지? 딱 맞네,True,@jojoyously,5.0,0
@AhnJungkyun815,@@bedchos ?,True,@jojoyously,5.0,0
@AhnJungkyun815,@@bedchos ?,True,@jojoyously,5.0,0
@FIFAMOBILE-tu9ts,ㅋㅋ,True,@jojoyously,5.0,0
@쭈꾸요미,"<a href=""https://www.youtube.com/watch?v=Y23tMDMT0uU&amp;t=655"">10:55</a> 아버지...",False,,0.0,0
@니친뽀라고,냉면이 뜨거우면 냉면이 아니라 난면이라 하는게 맞지 않나?,False,,0.0,0
@편사장-k5t,한번호로 찍는거도 아니고 한쪽으로면 물총 올인하면 눈치까고  <br>안가지,False,,0.0,0
@memoria-yu4cy,그림대결 너무웃기네ㅋㅋㅋㅋㅋㅋㅋ,False,,0.0,0
@P1usMe,"<a href=""https://www.youtube.com/watch?v=Y23tMDMT0uU&amp;t=1645"">27:25</a> 요즘 진렬이형은 뭘 해도 웃기네ㅋㅋㅋㅋㅋㅋㅋㅋㅋㅋ",False,,0.0,0
@hyj2582,홈플러스.이마트.롯데마트 <br>마트 3사도 해주세요,False,,0.0,0
@강유신-v8v,이번에 실력 비슷한데요? 제작진 실력 더 좋아진 것 같아요 ㅎ,False,,0.0,0
@치즈-r7v1h,24시간 자음 VS 모음 2탄 해주세요.,False,,0.0,0
@김아-h9z,이번 영상 편집 미쳤네요 😂😂😂,False,,0.0,0
@지민-z1h,이번영상 킬포왤케마나 쿜ㅅㅋㅅㅋㅅㅋㅅㅅㅋㅅㅋㅅㅋ,False,,0.0,0
@김시후-w9k,이번 편집 누구에요? ㅋㅋ 보너스 줘야할듯 ㅋㅋ,False,,0.0,0
@쌀뚜,뭔가 짱배같음 ㅋㅋ이펙트가 많네요,True,@김시후-w9k,1.0,0
@hopark93,"<a href=""https://www.youtube.com/watch?v=Y23tMDMT0uU&amp;t=859"">14:19</a> 탕후루인줄 ㅎㅎㅎㅎㅎ😂<br><a href=""https://www.youtube.com/watch?v=Y23tMDMT0uU&amp;t=1195"">19:55</a> 1초출연 ㅋㅋㅋㅋ",False,,0.0,0
@attack_doghouse,호이님 요요가..,False,,0.0,0
@Ash_98418,"<a href=""https://www.youtube.com/watch?v=Y23tMDMT0uU&amp;t=1151"">19:11</a> 형들 나는 냉면 가끔 데워먹는데....",False,,0.0,0
@안개꽃-v4r,안본사이에 왜이리 살이붙으..🫣,False,,0.0,0
@젭알퓹아,짱배까지해서 3:2로 하면 좋겠네요ㅋㅋ,False,,0.0,0
@이주원-e2b,"<a href=""https://www.youtube.com/watch?v=Y23tMDMT0uU&amp;t=166"">2:46</a> 호마이트 ㅋㅋ",False,,0.0,0
@Bozihunter,진렬이 진짜 개못하네 게임,False,,0.0,0
@wlgur135,그림보면서 엄청 웃었네요ㅋㅋㅋ,False,,0.0,0
@토리토리-d2n,그림맞추기 개웃기네 ㅋㅋㅋㅋㅋㅋㅋ,False,,0.0,0
@이성진-e6m,"<a href=""https://www.youtube.com/watch?v=Y23tMDMT0uU&amp;t=69"">1:09</a> 저거는 초밥으로 봐야하는 거 아님? ㅋㅋㅋㅋㅋㅋ 그리고 룰렛 바꾼거 참 잘했어요",False,,0.0,0
@브릿지-v4v,뒤에 빨간 막대가 있어요,True,@이성진-e6m,1.0,0
@호미들-c6x,그림그리는 컨텐츠로 따로 하시는건 어떠세요? 너무 웃었어요,False,,0.0,0
@으바리,따듯한콜라.   홍어껍질묵<br>24시.  괴상한음식먹기,False,,0.0,0
@Hungrymountain08,제작진 화이팅,False,,0.0,0
@람_람,그림맞추기 저거 진짜 어떻게 맞춰여 ㅋㅋㅋㅋ<br>짜오도 역대급으로 못그리기 동참한거냐고 ㅋㅋㅋㅋㅋㅋㅋㅋㅋㅋㅋㅋㅋㅋㅋㅋㅋㅋㅋㅋㅋㅋㅋㅋ,False,,0.0,0
@MINGYUYOUTUBE,"<a href=""https://www.youtube.com/watch?v=Y23tMDMT0uU&amp;t=903"">15:03</a> 조커?",False,,0.0,0
@yunyun574,오늘도 정말 재미있네요!!,False,,0.0,0
@최민혁-n7h,멋지게 vs 멋없게,False,,0.0,0
@_0uO,짜오는 브랜드를 그리는 습관이 있구나,False,,0.0,0
@로현이2,귀vs눈 해주세요,False,,0.0,0
@대한민국의마지막햄토,비등비등해야 엎치락뒤치락 하니 대결구도 나와서 재밌는데 너무 강호이팀만 이기고 노랭이팀은 첫판 빼고 다 져서 재미없음...<br>그냥 제작진팀이 계속 지니까 누가 이길지 긴장감도 없고 결과도 뻔하니까 노잼이다,False,,0.0,0
@Doslp10d,@@대한민국의마지막햄토 이겨도 ㅈㄹ 져도 ㅈㄹ 뭐 어쩌라고ㅋㅋ,True,@대한민국의마지막햄토,1.0,0
@uco0512,오늘 강호이 왤케 잘생김...<br>머리 스타일부터 옆태까지 미쳤다,False,,0.0,0
@이름모하지-d8w,일마들 스케치북 넘기는거 개답답,False,,0.0,0
@jihohwang7623,"<a href=""https://www.youtube.com/watch?v=Y23tMDMT0uU&amp;t=2144"">35:44</a> 이거 순간 영상 멈춘줄....;;ㅋㅋ",False,,0.0,0
@이도겸와이프,솔직히 강호이님 이마 깐게 젤 멋잇음,False,,0.0,0
@user-le9tr6zd8c,기말 d-1 최고의 선택,False,,0.0,0
@하땡-n7n,노랭이 억탠 너무 보기 싫다,False,,0.0,0
@세젤귀닥스훈트,"<a href=""https://www.youtube.com/watch?v=Y23tMDMT0uU&amp;t=1200"">20:00</a>부터 하는 게임 할때, 주제 넘길때 다음주제로 넘길때 빠르게 넘길수 있게 손가락으로 다음장 준비 해두는게 좋을듯. 강호이 넘기는데 2초 걸리는데 ㅋㅋ 주제마다 2초면 전체게임 하는동안 꽤 손해잖아 ㅜ",False,,0.0,0
@사건지평선-q6v,재미로봅시다,True,@세젤귀닥스훈트,1.0,0
@꿀땡-i8z,와~몸으로 말해요 노랭님의 새로운 모습~넘 귀엽~❤,False,,0.0,0
@user-jh1dx3ly5d,"<a href=""https://www.youtube.com/watch?v=Y23tMDMT0uU&amp;t=23"">0:23</a> 쯤에 진렬님 뒤에 있는 프라모델 코드기어스 홍련인가여",False,,0.0,0
@루피-j8p,냉면뜨겁게먹는거보고 궁금해서 해본사람 따봉눌러보세요 일단나부터..,False,,0.0,0
@쌈아,24시간동안 쓰레기없이 살기 해주세요~~!!,False,,0.0,0
@bonz5942,와 노랭이 오늘 폼 미쳤네 리액션봐라 ㅋㅋ<br>요새 진짜 노랭이가 입체적이여서 너무 재밌음,False,,0.0,0
@혜영이-d7u,32초 8초  ㅋㅋㅋㅋ  꿈에   나올뜻  ㅋㅋㅋㅋㅋㅋ,False,,0.0,0
@소문-r5y,"<a href=""https://www.youtube.com/watch?v=Y23tMDMT0uU&amp;t=960"">16:00</a> 저건 경우의 수가 너무 적어서 1이 너무 유리한…",False,,0.0,0
@오리-c2c,짜장면인데 흰티ㅣ??,False,,0.0,0
@end_card,❤,False,,0.0,0
@seonghyeon20,19금 채널 사라지면 좋겠다 개추 일단 나부터,False,,0.0,0
@hyee_yaming,룰렛 바꾼 거 좋네요 ㅎㅎ,False,,0.0,0
@Pension-p5i,아니 노랭님 몸으로 말해요 왜 이렇게 잘하세요 ㅋㅋㅋㅋㅋㅋㅋ<br>비록 지긴 했지만 영상 보면서 놀람,False,,0.0,0
@김진석-z8j4l,"출연진, 제작진, 편집진 삼파전도 재밌을거같습니다 ㅋ",False,,0.0,0
@0204again,몸으로 말해요 노랭이의 재능 발견ㅎ,False,,0.0,0
@피스Q,맛없게가 아니라 기분 나쁘게 라고 느껴질 정도의 이 음식의 상태...,False,,0.0,0
@6년차뿌독이-c4l,이것만 기다렸다!!!!!!!!!❤❤❤❤❤❤,False,,0.0,0
@y.bk.6703,호이 머리좀 잘라..........,False,,0.0,0
@아무거나-p1b,"<a href=""https://www.youtube.com/watch?v=Y23tMDMT0uU&amp;t=1152"">19:12</a> 저는 맨날 냉면 뜨거운 육수에 먹는데 맛있어요!",False,,0.0,0
@유안유튜브,오! 저번에 룰렛 침이 계속 돌아가서 게임 진행에 방해가 된다는 댓글이 있던데 그 의견을 수용하셨군요!,False,,0.0,0
@이한솔-b5r,ㅋㅋㅋㅋㅋㅋㅋㅋㅋㅋㅋㅋㅋㅋㅋㅋㅋㅋㅋㅋㅋㅋㅋ,False,,0.0,0
@넘버Ace,와 불어서 떡된 짜장면은 진짜 끔직하다,False,,0.0,0
@멋쨍이-b5x,ㅋㅋㅋㅋㅋㅋㅋ마리오 절대 저작권 안걸릴듯 ㅋㅋㅋㅋㅋㅋㅋㅋㅋ,False,,0.0,0
@김지안-o6d,이번 영상 진짜 너무너무 재밌게 봐서 배꼽 빠지도록 웃었네여 ㅋㅋㅋㅋㅋㅋㅋㅋ,False,,0.0,0
@김웅배-e6f,재미있어요❤,False,,0.0,0
@나린_happy1001,다 재밌지만 요 대결구도가 정말 잼남😆👍🏻 <br>맛있는 음식 먹을 때 행복해하는 모습이 넘 보기 흐뭇<br>오늘도 많이 웃었어요 :),False,,0.0,0
@lemon4588,"<a href=""https://www.youtube.com/watch?v=Y23tMDMT0uU&amp;t=2226"">37:06</a> 전 출연진편이라...ㅎㅎㅎ꿀잼이었어여~~!",False,,0.0,0
@큐안-r1w,진렬이 좌파임? ㅋㅋ 뭔 죄다 왼쪽만 고르냐 개웃기네 걍,False,,0.0,0
@user-ng8gt7xp4q,강호이 이마 까니까 너무잘생겼더,False,,0.0,0
@유안유튜브,아 난 이 컨텐츠가 제일 재미있음ㅋㅋㅋ,False,,0.0,0
@김범채3131,콜라도 맛없게 할려면 뜨거운 콜라로 했으면 더 재미있었을텐데 아쉽네요,False,,0.0,0
@그루트-q9j,24시간동안 훈제VS숯불 어때요?,False,,0.0,0
@베카맨,"<a href=""https://www.youtube.com/watch?v=Y23tMDMT0uU&amp;t=1570"">26:10</a> 겁나 웃기네😂",False,,0.0,0
@isbaek9381,노랭이님 혹시.군모 몇쓰셨나요???? 그리고 쓴 노스페이스 모자 모델명 좀 부탁드리겠습니다....대두인 저한테 뭔가 잘맞을거 같은 느낌쓰...,False,,0.0,0
@alexjeong4507,주제추천: 진렬이vs강호이(강호이는 하루동안 진렬이처럼 살고 진렬이는 강호이처럼 살기,False,,0.0,0
@멋쨍이-b5x,맛없는 빵이 젤 웃기네 ㅋㅋㅋㅋㅋㅋㅋㅋ,False,,0.0,0
@라니-r7b,파뿌리24 는 최애의 콘텐츠네요😊<br>파뿌리님들 실제랑 너무똑같아요ㅋ<br>잘생겼고 귀여우시고 재밌으시고ㅋ<br>늘좋은영상잘보고있습니당😊😊,False,,0.0,0
@d.2._c.,"자신의 이름이 들어간 음식으로만 24시 해주세요!<br>ex)<br>김진열: 김, 진, 열이 들어간 음식만 <br>예를 들자면 참치김밥, 진라면, 열라면<br>강호이: 강, 호, 이가 들어간 음식만<br>예로 들자면 호떡, 떡볶이, 한강 라면<br>이렇게요.<br>음식은 음식 상호명에 따라주세요.",False,,0.0,0
@슈퍼그냥해줘-k7t,출연진 vs 제작진 현재까지 전적 3:0 아닌가요? ㅋㅋㅋ,False,,0.0,0
@Mining_bow,역시 출연진... ㅋㅋ 믿고 있었습니다,False,,0.0,0
@sawsee3003,제작자분들도 실력이 많이 늘었네요 거의 엄대엄!,False,,0.0,0
@데이지-x2r,출연자부터 직원까지 다 하는 파뿌리<br>24시간보고 싶다,False,,0.0,0
@warsteintesalle5696,ㅋㅋㅋㅋㅋㅋㅋㅋㅋㅋㅋㅋㅋㅋㅋ진짜 최고야,False,,0.0,0
@lotz7405,와 그림 맞추기에서 진짜 엄청 웃었네 ㅋㅋㅋㅋ,False,,0.0,0
@이은지-v5o,강훈아오늘영상재미있께보고갈께알겠지❤,False,,0.0,0
@한화팬-b4l,요즘 제작진ㄷ출연진 많이해주세요❤❤❤❤❤(근데24시간흉가ㄷ호텔가능할까요?),False,,0.0,0
@박상원-h4x,다 보고확인했는디 44분전,False,,0.0,0
@고고고고-n4f,이번에도 출연진이 이겼네,False,,0.0,0
@띠기무-b8h,그림그린거보고 숨넘어갈뻔했네 ㅋㅋㅋㅋㅋㅋㅋ,False,,0.0,0
@꼬마주전자,출연팀🎉 강호이 진렬님🎉 화이팅!!,False,,0.0,0
@ysh-u8l,맛없는 음식 아이디어 너무 좋다😆,False,,0.0,0
@Diutrye7,아니 인간적으로 진렬이도 중요한 출연잔데 강호이를 추가해도 진렬이도 같이 너주면 좋겠음. 강호이랑 노랭이만<br>챌린지 참여하는 것이 않이 닌깐.,False,,0.0,0
@다로미-e5z,베라 아이스크림 에서 콘vs컵 으로 파뿌리24 해주서용! (ㅠㅠ),False,,0.0,0
@순쇠고기-k3v,"<a href=""https://www.youtube.com/watch?v=Y23tMDMT0uU&amp;t=970"">16:10</a> 이때 출연진의 승린데 자막에 패배라고 되있네 오류인듯",False,,0.0,0
@퓌퐈-j8t,오류 없는디?,True,@순쇠고기-k3v,1.0,0
@MemoryZ54,제작진팀 응원 하기싫은데요~? 메인은 늘 누군지 기억 해주시길 부탁드립니다~,False,,0.0,0
@d_dang_S2,출연진 화이팅🎉,False,,0.0,0
@gogotv1221,파뿌리24 주제추천 조합 VS 분해,False,,0.0,0
@sealove45,어머나 이건 또 뭐야 ㅋㅋㅋ,False,,0.0,0
@hsc7808,유진님 너무 좋아요🥰🥰🥰,False,,0.0,0
@박동재-y9n,"다음에 기대됄군,",False,,0.0,0
@푸바오의앞구르기,그림 ㅈㄴ 웃기네 ㅋㅋ,False,,0.0,0
@우미-x9i,굳은 짜장면에 고춧가루 뿌리고 식초 붓고 섞은 다음 짬뽕 국물 부어 먹으면 그래도 먹을 만해요.,False,,0.0,0
@정민오-j1n,그림그리기 골때리네 ㅋㅋㅋㅋ,False,,0.0,0
@Jeonssam,오늘은 정말 레전드구만.. 응원합니다 ㅎㅎ,False,,0.0,0
@anaotddai,24시간 주제 추천<br><br>밝게 vs 어둡게,False,,0.0,0
@BTS58690,기다렸도다❤❤❤❤,False,,0.0,0
@naversolo,룰렛을 바꾸다니 리워드를 받으시오!,False,,0.0,0
@Haitch212,우.와.,True,@naversolo,5.0,0
@Junhui928,ㅋㅋ,True,@naversolo,5.0,0
@우섭-q7i,​@@메전타타디나눔중조회수 잘나오는데 굳이 할 이유가 없긴함,True,@naversolo,5.0,0
@핫도그-o1b,우와아~,True,@naversolo,5.0,0
@ilm0101,@@메전타타디나눔중니는 하루종일 댓글만보나;,True,@naversolo,5.0,0
@용용-l3n6p,진렬이 그림 맞추기 일부러 틀리는거냐 ??<br>나도 3개 다 맞췄는데 저걸 어떻게 못맞추냐<br>바나나 의인화한거 노랭이 그림같다 해놓고 선택하는건 뭐지 진짜 ㅋㅋ,False,,0.0,0
@루이비통-ABC,❤️‍🔥,False,,0.0,0
@likeapple7881,컨텐츠 추천<br>슈퍼푸드보이 마라라면<br>시중에 나오는 마라라면은 마라탕보다 내용물이 부실한데 내용물을 잔뜩 넣어 &quot;리얼마라라면&quot; 만들어주세요,False,,0.0,0
@다혜김-k3x,제작진 vs 출연진 너무 재밌게 보구있어용 ㅜㅜ❤ 오늘도 재밌는 영상 감사합니다 😊❤,False,,0.0,0
@user_TwoSuns,"<a href=""https://www.youtube.com/watch?v=Y23tMDMT0uU&amp;t=628"">10:28</a> 여기 전부터 웃고 있었는데 갑자기 맘이 아파지네요 ㅎㅠㅠㅎ",False,,0.0,0
@이정빈-l2k,눈물 젖은 빵이라고 들어봤어?,False,,0.0,0
@귀여워고앵이,음 이건 ㅋㅋㅋㅋㅋ 제작진이 불공평할수 밖에 없는 ㅋㅋㅋ 출연진들이 너무 게임에 익숙해져서 잘할수밖에 없는데 아예 농구 게임이나 축구게임 당구게임 컴퓨터 게임 같은 걸로 가야 될것 같은데요 1박2일에서도 제작진들 vs 출연진 대결할때 줄넘기 족구 이런걸로 대결 했어요 !!,False,,0.0,0
@Cheje-h6u,최종 전적 출연진3:2제작진 이번에도 출연진 승리!,False,,0.0,0
@김독자-b1c,솔직히 맛없는 빵은 건포도빵이 국룰이지ㅋㅋㅋ,False,,0.0,0
@VAR판독기,"<a href=""https://www.youtube.com/watch?v=Y23tMDMT0uU&amp;t=628"">10:28</a> 신규 맵 오픈이 개웃기네 ㅋㅋㅋㅋㅋㅋ",False,,0.0,0
@말랑-j7l,😂❤,False,,0.0,0
@skyblue-1004,오 제작진과의 대결!,False,,0.0,0
@kimgongju,파뿌리삼촌들 오늘도맛있고 재밌는 영상 올려 주셔서 감사합니다 사랑합니다 행복하세요  앞으로도 좋은 영상 많이 많이  올려주세요 오늘도 잘 많이 대리만족 하고 갑니다 ㅎㅎ 건강 조심하세요 사랑해용 오늘 하루 잘 마무리 하시고 행복 가득한 하루 되세요이오늘도 맛있고 재밌는 영상 올려 주셔서 감사합니다 사랑합니다 행복하세요  앞으로도 좋은 영상 많이 많이  올려주세요 오늘도 잘 많이 대리만족 하고 갑니다 ㅎㅎ 건강 조심하세요 사랑해용 오늘 하루 잘 마무리 하시고 행복 가득한 하루 되세요❤,False,,0.0,0
@could-tr3fv,이기듯졋듯최선다햇다어요,False,,0.0,0
@KoreaNo.0,24시간 찜질방vs냉방<br>미션성공시 상대방 진영에서 휴식가능 해주세요!,False,,0.0,0
@KIM_DONG_HYEON,"<a href=""https://www.youtube.com/watch?v=Y23tMDMT0uU&amp;t=1228"">20:28</a> ㅋㅋ",False,,0.0,0
@이동현-w6t7i,그니깤ㅋㅋㅋㅋㅋㅋㅋㅋㅋㅋㅋㅋㅋㅋ,True,@KIM_DONG_HYEON,1.0,0
@멜론엉덩이,호이클잭슨 엄청 웃기네요ㅋㅋ,False,,0.0,0
@DoT-h4g,룰렛 새로바뀐거 보니까 속이뻥뚫림ㅋㅋㅋㅋ,False,,0.0,0
@seungwoo530,ㅋㅋㅋ 강호이형 첫번째 게임부터 너무 웃기네요. ㅋㅋㅋ,False,,0.0,0
@데이지-x2r,상승하락보고싶다,False,,0.0,0
@쁙츠그흐즈므르,"<a href=""https://www.youtube.com/watch?v=Y23tMDMT0uU&amp;t=1310"">21:50</a> 싸이코는 완전 옛날 영환데 이걸 아네요",False,,0.0,0
@박주용-r7f,"<a href=""https://www.youtube.com/watch?v=Y23tMDMT0uU&amp;t=1854"">30:54</a> 감자튀김 그리기랑 <a href=""https://www.youtube.com/watch?v=Y23tMDMT0uU&amp;t=1910"">31:50</a> 마리오 그리기 진짜 역대급으로 개웃기네 미쳤나 ㅋㅋㅋㅋㅋㅋㅋㅋㅋㅋㅋㅋㅋㅋㅋㅋㅋㅋㅋㅋㅋㅋㅋ",False,,0.0,0
@eeeeai,인정 ㅋㅋㅋㅋㅋ보다 죽을뻔,True,@박주용-r7f,5.0,0
@SCQ.__xx,@@eeeeai역대급 그림임 ㅋㅋㅋ 내가 진짜 겁나 웃은건 처음이다 파뿌리보면서 ㅋㅋ,True,@박주용-r7f,5.0,0
@공-w7i,마리오가 진짜 개욱김 ㅜㅜㅋㅋㅋㅋ,True,@박주용-r7f,5.0,0
@user-ribon,ㅋㅋㅋㅋ,True,@박주용-r7f,5.0,0
@cooooooooooooookie,감재떨이 😂,True,@박주용-r7f,5.0,0
@최선호-s1w,"<a href=""https://www.youtube.com/watch?v=Y23tMDMT0uU&amp;t=107"">1:47</a>초 츄님 성대모사 인가요?",False,,0.0,0
@용감한잼민이들,짜장면이5시간,False,,0.0,0
@너네때문에내가산다,그림보고 진짜 미친 듯이 웃었닼ㅋㅋㅋㅋㅋㅋㅋㅋ너무 웃겨 ㅋㅋ ㅜㅜ,False,,0.0,0
@3-qs7hq,호이님 저 여수 시내에서 호이님 본거같은데 호이님 맞나요?,False,,0.0,0
@Mryeakmin,이번편 시작 부터 끝까지 계속 먹넼ㅋㅋ,False,,0.0,0
@이현주-g4z9r,춘장 대신 간장,False,,0.0,0
@원이함,"<a href=""https://www.youtube.com/watch?v=Y23tMDMT0uU&amp;t=1852"">30:52</a> 제작진팀이 그림맞추기할 때 나오는 그림들이 너무 꿀잼이네요 ㅋㅋㅋㅋㅋㅋㅋ 신선한 게임 너무 잘 봤습니다!",False,,0.0,0
@유령이-w6q,저 라면 먹을때 뜨거워서 차가운 물 부어버립니다.,False,,0.0,0
@gildongLi,와 근데 짜오님 진짜 같은 남자로써 안타깝다......m자 탈모는 앞머리로 가린다 쳐도 전체적으로 듬성듬성한게.....힘 내세여,False,,0.0,0
@혜영이-d7u,1빠  <br>밑에 차례대로  빠  놀이  ㄱㄱㄱㄱ,False,,0.0,0
@minimin227,"<a href=""https://www.youtube.com/watch?v=Y23tMDMT0uU&amp;t=858"">14:18</a> 방심하다가 보다가 아삭 소리에 현웃 터졌다..ㅋㅋㅋㅋ",False,,0.0,0
@쑤기컴교실,파뿌리님 맨날 좋은 영상 올려주셔셔 감사합니다 꼭 잘되길 바라시고 파뿌리 다 잘생겼다!!! 화이팅!!,False,,0.0,0
@하이돌-c7h,파뿌리님 7년차 뿌독이인데..처음 댓글 달아봅니다..진렬님과 강호이님이 노랭이님과 짜오님위 삶을 24시간 살아보눈 컨텐츠 해주세요..정 힘드시면 한번쯤은 파뿌리 48시간도 좋습니당..둘 중에 하나는 해줬으면 좋겠네용!!늘 재밌게 보고있습니다!!강호이님 사랑합니당💌,False,,0.0,0
@Lamin_is_Yangmal,어머니 vs 아버지 대결 해주세요,False,,0.0,0
@아크메,맛없는 회는 대체 뭘 건드리는걸까 너무 궁금하다,False,,0.0,0
@Jinmiim,개재밌겠다😂,False,,0.0,0
@리보리꼬,깡호이 머리기니까 이뻐용 ㅎㅎ,False,,0.0,0
@구룽이-r6u,탕수육 맛없게면 소금 설탕 안먹기편에 나온 무당탕수육 나올줄ㅋㅋ,False,,0.0,0
@이창현-j4s,굳힌 수돗물,True,@구룽이-r6u,1.0,0
@essay_0,"[다음 TOP5 주제 추천]<br><br>1. 파뿌리24에 나온 수제 음식 TOP5<br>2. 먹방의 조건에 나온 음식 TOP5<br>3. 예전에 했던 다이어트 콘텐츠에서 짜오님이 벌크업을 위해 먹었던 음식 TOP5<br>4. 예전에는 잘 먹었지만 현재는 잘 안 먹는 혹은 반대 음식 TOP5<br><br>[파뿌리 24 주제 추천]<br><br>1. 집에서 할 수 있는 3인 운동 지옥<br>2. 온라인 게임 vs 오프라인 게임<br>3. 수제 vs 밀키트 vs 배달<br>4. 국내 과자 vs 수입 과자 vs 수제 과자<br>5. 한과 지옥 vs 약과 지옥 vs 강냉이 지옥<br>6. 깨끗하게 vs 더럽게<br>7. 3인 뽑기 특집<br><br>영상 재밌게 잘 보겠습니다.",False,,0.0,0
@IA-bu2vo,"<a href=""https://www.youtube.com/watch?v=Y23tMDMT0uU&amp;t=528"">8:48</a> 왔다 왔다 왔다 개웃기네 ㅋㅋㅋㅋ 미친거 아니냐고 ㅋㅋㅋㅋㅋㅋㅋㅋ",False,,0.0,0
@브이-u9z,왔다 우리의 밥친구,False,,0.0,0
@kimshinwoo9036,옛날영상에는 냉면 따뜻하게먹는거 생각보다 맛있다고 말했었는디,False,,0.0,0
@Noel-lw4wm,4명의 24시간 너무 재미있게 봤어요.. ㅎㅎ 이제 자음 대 모음 2 보여주세요. 2년간 저를 웃겨 죽게한 파뿌리 ~~즐거운 주말 보내세욤. 😊😊,False,,0.0,0
@입력방법선택,짜오님 이마 벋겨지는 속도로 달려오다가 멈추지 못하고 지나가겠습니다,False,,0.0,0
@user-dm7pr5pm3s,솔직히 이제 파뿌리 24도 끝내야겠다. 소재 다 떨어진 느낌이 든다.,False,,0.0,0
@냥아띠,전에는 압도적으로 이겼던거 같은데 이번에는 근소하게 이겻네요<br>제작진팀 많이 강해지긴한듯요,False,,0.0,0
@권오택-j8e,노랭이랑 짜오 진짜 보기 싫다!!!!,False,,0.0,0
@minhu1212,악플이라니..,True,@권오택-j8e,1.0,0
@정병호-k4u,강호이님 머리 스타일이 봐겼네요ㅎㅎ<br>이미지가 완전 달라졌어요❗️❗️❗️,False,,0.0,0
@김건우-c8h4w,근데 미리 탕수육을 준비해놨다는건 미리 탕수육으로 정해놓은건가요?,False,,0.0,0
@axhyeone,걸리면 하는거고 안하면 버리는거지ㅋ,True,@김건우-c8h4w,1.0,0
@chlhoon115,우리는 급식으로 뜨거운 냉면나오던데…,False,,0.0,0
@100.tlqkf2,20분!! 파뿌리 언제나 잘보고잇어요 ❤,False,,0.0,0
@tv-nc8hu,❤❤❤❤❤❤❤❤❤❤❤❤❤,False,,0.0,0
@유윤성-u3c,뭐 얼마나 맛없게 먹겠어 했는데 ㅈㄴ 야무지게 맛없게 해서 먹네 ㅋㅋㅋㅋㅋㅋㅋㅋㅋㅋㅋㅋㅋㅋㅋㅋㅋㅋ,False,,0.0,0
@히류-u5n,진렬이 선택 개못하네 가운데만 5번해도이길걸 개트롤 나도다맞춘 강호이그림을 다틀리고있네,False,,0.0,0
@lollin3436,"<a href=""https://www.youtube.com/watch?v=Y23tMDMT0uU&amp;t=365"">6:05</a> 진렬이 미쳤노?ㅋㅋㅋ",False,,0.0,0
@bin-12345-a,주제 추천 야구 vs 야구,False,,0.0,0
@미지근-s5g,"<a href=""https://www.youtube.com/watch?v=Y23tMDMT0uU&amp;t=115"">1:55</a> 초반부터 편집 개웃기네 ㅋㅋㅋㅋ",False,,0.0,0
@유덩-k1b,강호이 오늘 귀엽다 진짜루!!!!,False,,0.0,0
@Jun-kq4ir,"<a href=""https://www.youtube.com/watch?v=Y23tMDMT0uU&amp;t=842"">14:02</a> 신지오~ 사사게요!!!!!",False,,0.0,0
@백연숙-l6v,오!!!2!!!!!,False,,0.0,0
@gogotv1221,"<a href=""https://www.youtube.com/watch?v=Y23tMDMT0uU&amp;t=1020"">17:00</a> 노랭님 저 장면 순간적으로 OMG 안무가 떠올랐습니다.ㅋㅋㅋㅋ<br><a href=""https://www.youtube.com/watch?v=Y23tMDMT0uU&amp;t=1047"">17:27</a> 와 이건 편집 진짜 미친 편집인데요ㄷㄷ",False,,0.0,0
@Fakerfan2,노랭이 억텐 꼴보기싫네,False,,0.0,0
@user-fm5ng4ko9b,"<a href=""https://www.youtube.com/watch?v=Y23tMDMT0uU&amp;t=958"">15:58</a> 강호이 귀엽다",False,,0.0,0
@Please777-c7e,기말고사 둘째 치고 파뿌리 24 보러온 사람 손!,False,,0.0,0
@Please777-c7e,기말고사 둘째 치고 파뿌리 24 보러온 사람 손!,False,,0.0,0
@이은비하겸이tv,항상 재밌는 영상 감쟈합나당!!,False,,0.0,0
@최병헌-n2l,15분전,False,,0.0,0
@user-moderately,이것도 제가 예전에 제보했던 거에서 파생된 것 같은데요?????,False,,0.0,0
@Sunset-y2u,이거 그 예전에 나온 파뿌리 24 별점 5점 vs 별점 1점 리메이크 버전인가요??,False,,0.0,0
@vienna_angel2,"파뿌리24 노랭이vs짜오 3탄 보고 싶습니다. 1탄,2탄 다시보니까 배꼽빠지게 웃길정도로 재밌었어요.",False,,0.0,0
@fud535,1.출연진팀,False,,0.0,0
@황보준수-v8n,순대vs꼬치24간챌린지해주세요. 애니vs영화24시간챌린지해주세요.,False,,0.0,0
@boca5005,주제추천 : 노래VS춤<br>주제추천:KPOPVSJPOP,False,,0.0,0
@이은지-v5o,강훈아오늘영상재미있께보고갈께알곘지사랑해알러부유❤,False,,0.0,0
@leegp1022,옥탑방 vs 반지하 vs 복층 vs 주택<br>해주면 좋겠는 사람 좋아요❤,False,,0.0,0
@mslee4772,15분전,False,,0.0,0
@이승재-j7z,진렬님이랑 강훈님이랑 너무 친해보여요,False,,0.0,0
@leegp1022,지옥 시리즈 다시 해주면 좋겠는 사람 좋아요,False,,0.0,0
@뉴비마을,14분전ㅋㅋ,False,,0.0,0
@POTATO감자,제작진 기다렸으먄 개추,False,,0.0,0
@베스트-h7c,"<a href=""https://www.youtube.com/watch?v=Y23tMDMT0uU&amp;t=629"">10:29</a> 와 ㄷㄷㄷㄷㅋㅋㅋㅋ",False,,0.0,0
@jang4696,썸네일 보고 제작진 대결인거 유추 했으면 개추,False,,0.0,0
@bigbreastlover1224,자음2vs모음2는 언제쯤 할까?,False,,0.0,0
@정임토리공간,13분전,False,,0.0,0
@leegp1022,지옥 시리즈 쿨타임 돈거 같은 사람 좋아요,False,,0.0,0
@도도-q3j,뉴룰렛 보기좋아요 ❤,False,,0.0,0
@leegp1022,지금 쓰면 베댓인데 뭘 써야할지 모르겠다,False,,0.0,0
@최재원-i8q1z,153빠,False,,0.0,0
@hunoooo1852,??? : 저는 라면을 싫어합니다~~,False,,0.0,0
@winnerofficial9346,올린지 10분만에 15000뷰 ㄷㄷ,False,,0.0,0
@악-p6s,요즘 멤버들 폼오르고 편집도 폼올랐는데 비슷한 컨텐츠만 올라와서 아쉬워요 복층때처럼 여러가지 컨텐츠 보고싶습니다 저택라이프 기다리고 있었는데 이건 더이상 안하나요?,False,,0.0,0
@베스트-h7c,댓글봇 제발 없었으면 좋겠다.........ㅜㅜ,False,,0.0,0
@JihoLee-h7y,오늘도 재밌어요❤❤,False,,0.0,0
@user-jb3yd9zz1s,댓글 짝수로 받기.,False,,0.0,0
@보혀니토끼,🫑🥒🥬🥦🍋‍🟩강호이🍏🥑🍐🫒🍈🍐,False,,0.0,0
@舞子-q2k,수능 끝나고 파뿌리 보는 사람 개추,False,,0.0,0
@서울월정초등학교64이,개추,True,@舞子-q2k,2.0,0
@user-mn5fj2kx9n,개추,True,@舞子-q2k,2.0,0
@h.j_un2,그냥 별점 1vs5 아닌가?,False,,0.0,0
@지응-u6r,❤❤,False,,0.0,0
@안재희-c4z,와!!!!!!!!,False,,0.0,0
@Windows7SV,슈뻘맨 vs 파뿌리 지옥 시리즈 콜라보 해주세요~~,False,,0.0,0
@서준씨-l9d,9분전,False,,0.0,0
@나경-v3z,❤❤,False,,0.0,0
@하소정-u5n,아니 요새 파뿌리 개그폼 많이 올라왔네요 이번영상 너무 재밌음,False,,0.0,0
@gogotv1221,첫 게임만 보면 제작진 각성?!,False,,0.0,0
@손-y4r,수능 끝나고 처음 보는 파뿌리24~~,False,,0.0,0
@ILMTX,저두 처음임ㅋㅋ이게,True,@손-y4r,3.0,0
@disna4668,수능 고생하셨습니다,True,@손-y4r,3.0,0
@똥물이나먹어라,이게 마지막 경험이시길!,True,@손-y4r,3.0,0
@oncompany-kr,전 3번!,False,,0.0,0
@이승재-j7z,"<a href=""https://www.youtube.com/watch?v=Y23tMDMT0uU&amp;t=523"">8:43</a>ㅋㅋㅋ",False,,0.0,0
@WIR_Cat,1번,False,,0.0,0
@김현민-j6p,강호이 머리카락 디자인이 바뀌었나?,False,,0.0,0
@rorkxsptlqkfrhtk5292,"<a href=""https://www.youtube.com/watch?v=Y23tMDMT0uU&amp;t=220"">3:40</a> 강호이 개잘생겼네",False,,0.0,0
@김밥김김김민성tv,ㅇㅈ,True,@rorkxsptlqkfrhtk5292,3.0,0
@blackcrow5499,ㅇㅈ,True,@rorkxsptlqkfrhtk5292,3.0,0
@고구마-j2m,"<a href=""https://www.youtube.com/watch?v=Y23tMDMT0uU&amp;t=450"">7:30</a> 여기는 트럼프 같노",True,@rorkxsptlqkfrhtk5292,3.0,0
@아녕하세요반갑습니다,강호이 머리 가르는 거 잘 어울림...😭<br>30대에 이런 얼굴 가진 일반인 흔치 않닷😳🫰🏻,False,,0.0,0
@호진asmr0619,"<a href=""https://www.youtube.com/watch?v=Y23tMDMT0uU&amp;t=6"">0:06</a>~<a href=""https://www.youtube.com/watch?v=Y23tMDMT0uU&amp;t=7"">0:07</a>강호이표정이 ㅋㅋㅋㅋ 😂❤",False,,0.0,0
@숫자-y2x,124,False,,0.0,0
@kome7517,파뿌리 24 출연진 VS 제작진 자주 했으면 좋을거 같아요.,False,,0.0,0
@Yeeun614,좀 있으면 크리스마스니까 산타vs루돌프 찍어주세요!,False,,0.0,0
@yellang_love,오 한 그릇대 한입만 보고 있었는데🎉❤,False,,0.0,0
@아-야미,오늘 강호이 텐션 미쳤네 ㅋㅋ,False,,0.0,0
@user-lq1qm6ol6u,좋아요 짝수로 받기 2일차,False,,0.0,0
@율신김,바로 달려왔습니다!❤,False,,0.0,0
@잼민이가만화만드는채,저는 그냥시켰는데 짜장면이 다 불어있었어요ㅠㅠ,False,,0.0,0
@Deliciousgoood,5413빠,False,,0.0,0
@sblee8340,예상댓<br>누가 이기는걸 원하나요?<br>1.제작진<br>2.출연자<br>3.아무나 이겨라~~,False,,0.0,0
@찍찍이1,좋아요 안 받기 1일차,False,,0.0,0
@그냥한번만,파뿌리~24,False,,0.0,0
@그냥한번만,맛있게VS맛없게,True,@그냥한번만,1.0,0
@종말의신패왕님황제님,오늘도 잘보고갑니다ㅋㅋㅋㅋㅋ,False,,0.0,0
@dayoonda,아니 설명란 다들 왜그러는데 ㅋㅋㅋㅋㅋ 크윽..!!!,False,,0.0,0
@댓글많이쓰는사람3,제작진 대결 기다렸으면 손 (댓글봇 사라져라!!!),False,,0.0,0
@역시도황진짜씹간지네,손,True,@댓글많이쓰는사람3,5.0,0
@bammini6918,사실 나도 그랬어..,True,@댓글많이쓰는사람3,5.0,0
@이정빈-l2k,예전부터 당신같은 댓글을 기다려왔다우~~,True,@댓글많이쓰는사람3,5.0,0
@DDomiy,제작진 섞여서 해도좋을듯<br>진노 짜강 느낌,True,@댓글많이쓰는사람3,5.0,0
@vienna_angel2,제작진 대결보다 파뿌리24 노랭이vs짜오가 재밌습니다.,True,@댓글많이쓰는사람3,5.0,0
@애니타임-m6f,언젠가 파뿌리24 할때 기쁘기vs슬프기 해주세요. 희vs비 컨셉으로 하면 극과극을 볼 수 있을듯 해서 재미있을 거라 기대되서요.,False,,0.0,0
@Wooden-0125,강호이형 재밌어요😂,False,,0.0,0
@ive-love-ayj,다음에는 짜오랑 진렬이랑 하는 파뿌리 24 해주세용.뭐...부탁하는 겁니다,False,,0.0,0
@윤이남-z8t,헿헤헤ㅔㅔㅔㅔ헤헤 재밌겠다 아니 재밌게 봐얒 헤헤헤헤헤헿 제작자vs 출연자 많이해주세여 너무 재밌어요,False,,0.0,0
@냐하뿌독이브롱이꿈뜰,오늘도 편집자분들 수고하셨어요~,False,,0.0,0
@duck덕,2분ㄷㄷ,False,,0.0,0
@qls5306,벌써 재밌다,False,,0.0,0
@Yeeun614,좋은 영상감사합니다 제작진vs출연진 콘텐츠 너무 재밌는거 같아요,False,,0.0,0
@익명-h3k,ㅎㅇㅎㅇ,False,,0.0,0
@vienna_angel2,어제 팬미팅 진심 즐거웠어요. 노랭님이 저를 인사해줘서 감사해요. 다음 팬사인회는 인원을 100명 늘렸으면 좋겠습니다.,False,,0.0,0
@FC점보-n4u,지금 쓰면 베댓인데 쓸 게 없다,False,,0.0,0
@파뿌리,누가 이기길 바라나요?<br>1. 출연진 팀<br>2. 제작진 팀<br>3. 누가 이기든 상관없어. 웃기기만해😊,False,,0.0,0
@련이-u1m,❤,True,@파뿌리,10.0,0
@상원이-m7d,1,True,@파뿌리,10.0,0
@강성현-t2s,출연진 팀 강호이 진렬이 화이팅,True,@파뿌리,10.0,0
@ThisReal745,3,True,@파뿌리,10.0,0
@jkmjo4149,오오옹😊,True,@파뿌리,10.0,0
@로꾸거-x3c,파뿌리때문에 일요일이 행복해요,False,,0.0,0
@Sinzi.1111,실시간으로 조회수가 오름 ㄷㄷ,False,,0.0,0
@yahyaAitamer-g3k,짜오 몬스터 ㅋㅋ,False,,0.0,0
@Serial_Number_SH,24시간동안 축구 vs 야구 기원 3트,False,,0.0,0
@fud535,감사합니다,False,,0.0,0
@정연훈-d9i,40초 ㅈㄹㅈ,False,,0.0,0
@sujin9325,와우 2분전!,False,,0.0,0
@음악10,"<a href=""https://www.youtube.com/watch?v=Y23tMDMT0uU&amp;t=1231"">20:31</a> 이거 개웃기네 ㅋㅋㅋㅋ",False,,0.0,0
@써씨TV이지까까들TV,나는 파뿌리 24시간이 따끈따끈한건 처음이야.,False,,0.0,0
@seo-x4p,멋있는 진렬이…,False,,0.0,0
@민찬김-i6w,일분전,False,,0.0,0
@dominic.boemju3463,"<a href=""https://www.youtube.com/watch?v=Y23tMDMT0uU&amp;t=55"">0:55</a> T같아서 죄송합니다만 저 룰렛 회살표 방향으로 하는겁니다 꼬다리로 하는게 아니라",False,,0.0,0
@밍강34615,그건 제작진이 정하는건데요..? 제작진이 꼬다리?로 통일한다면 그것도 공평아닌가요?,True,@dominic.boemju3463,2.0,0
@dominic.boemju3463,@ 그렇게 중요한건 아니지만 원작자의 의도를 말 했을 뿐입니다.,True,@dominic.boemju3463,2.0,0
@정J-s7k,일요일 오후 6시는 파뿌리 24,False,,0.0,0
@-_-_--43,재밌,False,,0.0,0
@몰라-s8b,주제 추천 지옥시리즈로24시간동안 달리기vs달리기 24시간동안 물만쓰시때vs물만 안쓰기,False,,0.0,0
@aaaaaffgtfgjjh,파뿌리 2분 귀하다,False,,0.0,0
@이승재-j7z,zz,False,,0.0,0
@유준모-e3h,재미있어용,False,,0.0,0
@최강할배이병춘,주제추천<br>1. 국내 기업 VS 외국 기업<br>2. 서울 VS 인천<br>3. 오리온 VS 해태 VS 롯데,False,,0.0,0
@six-nine-esports,나쁘지 않은 듯,True,@최강할배이병춘,1.0,0
@Sunny19950,이번 영상 왤케 짧죠 ㅜㅜ 일주일 중 이시간만 기달리고있는데 ㅜㅜㅜ,False,,0.0,0
@user-ju5hp7bm3m,37분이 짧다라..,True,@Sunny19950,3.0,0
@Sunny19950,@user-ju5hp7bm3m  파뿌리 형들이 50분~1시간 올리다보니 거기에 적응이 됬나봐요  ㅋㅋㅋ,True,@Sunny19950,3.0,0
@user-ju5hp7bm3m,@Sunny19950  옛날 파뿌리24보단 영상길이가 많이 길어지긴 했죠 ㅋㅋ,True,@Sunny19950,3.0,0
@pippicute13,주저 추천 롯데제과vs크라운vs오리온,False,,0.0,0
@드릴말-f6r,노짜 특집 3탄 주제 추천: 24시간 동안 머리 VS 꼬리,False,,0.0,0
@최명희-e8l,개빨리옹,False,,0.0,0
@hyunwoolele,55빠,False,,0.0,0
@beat_cook,강호이 머리 맘에들면 개추 ㅋㅋ,False,,0.0,0
@Yrt-e6b,Æøåkdj,True,@beat_cook,2.0,0
@Yany2233-lm7nm,개추,True,@beat_cook,2.0,0
@soohyunhwang9449,1번전!!,False,,0.0,0
@사용-e9t,1분전,False,,0.0,0
@Jsjsjjs-g2y,나만 강호이 머리 웃김??ㅋㅋㅋ,False,,0.0,0
@jkmjo4149,"<a href=""https://www.youtube.com/watch?v=Y23tMDMT0uU&amp;t=7"">0:07</a> 이 얼굴 때문에 밥 맛…..",False,,0.0,0
@gogotv1221,와 오랜만에 제작진VS출연진이라닛!!! 이건 못 참지!,False,,0.0,0
@soohyunhwang9449,❤❤,False,,0.0,0
@김예린-g7q,제작진과 대결하는 영상 많이 찍어주세요!!,False,,0.0,0
@7732,챌린지 자음VS모음 기다리는 사람!!,False,,0.0,0
@Noel-lw4wm,나요. 자음 대 모음2 나와야되는데...,True,@7732,5.0,0
@아올채,​@@Noel-lw4wm나요가 뭐냐.. 그냥 나라고 하던가 저요라고 해야지,True,@7732,5.0,0
@Noel-lw4wm,@@아올채 어쩌라는거지... ㅇㅅㅇ,True,@7732,5.0,0
@아올채,@@Noel-lw4wm 문해력 딸려서 이해도 못하네ㅋㅋ 국어 공부나 하고 와라 제발,True,@7732,5.0,0
@컴프야-2024,​@@Noel-lw4wm 말투가 별로니까 그런거지,True,@7732,5.0,0
@이름찾는아이,파뿌리24 추천<br>오리지널vs양념,False,,0.0,0
@댓글많이쓰는사람,출연진 vs 제작진 기다렸으면 손 (댓글봇 사라져라!!),False,,0.0,0
@지나가던사람-b4o,다시 보지만 강호이 진짜 잘생겻네..,False,,0.0,0
@지후니-u6x,안돼 파뿌리 24가 올라왔다 내 주말이!!!,False,,0.0,0
@콩마물,파뿌리 24 너무 재밌음 내 최애 콘텐츠❤,False,,0.0,0
@진우손-f4v,헤헿,False,,0.0,0
@KIM_DONG_HYEON,24시간 무료vs유료,False,,0.0,0
@느금마-i7s,1빠,False,,0.0,0
@72rtyi,강호이만 나오는영상 기원일차ㄴ 데 까먹었다<br><br>강호이 좋아요,False,,0.0,0
@케이크-o7d,4빠,False,,0.0,0
@Jeongjiwoo12,웹툰보다가 바로 왔습니다,False,,0.0,0
@쭈누-b5t,사람처럼 걸어 왔어요,False,,0.0,0
@고은-m1v,강호이 잘생김<br>강호이 귀여워<br>강호이 머리카락 귀여워<br>강호이 사랑해<br>강호이 많이 사랑해<br>강호이 좋아 <br>강호이 ❤❤❤,False,,0.0,0
@758KL,ㅉㅉ,True,@고은-m1v,2.0,0
@역시도황진짜씹간지네,​왜 시비임? 그냥 팬으로서 좋아한다고 댓글다는건데​@@758KL,True,@고은-m1v,2.0,0
@짭레트로봇,오🎉,False,,0.0,0
@gonggamrant,자음 ㄷ 모음 2 ㄷㄱㅈ,False,,0.0,0
@songhyunjun09,자음 vs 모음 1000만 넘어서 리벤지 기대하겠습니다!!♡❤♡❤,False,,0.0,0
@피늅,ㄷㄷ,False,,0.0,0
@Human-v4g,와,False,,0.0,0
@임재훈-p5s,자음 vs 모음 리벤지 기다리면 개추 ㅋㅋㅋ,False,,0.0,0
@병점행,오 ㄴㅇㅅ,False,,0.0,0
@stte4643,역시 강진 듀오 또이기네;,False,,0.0,0
@기여으-t7w,41초전,False,,0.0,0
@user-jq9vc5ce6s,이미 한 줄 알았던 뿌독이들은 ㄱㅊㅋㅋ,False,,0.0,0
@CarlosLee-l9m,와,False,,0.0,0
@시윤-r5g,와<br>와<br>와<br>와,False,,0.0,0
@Wooden-0125,4빠,False,,0.0,0
@Ssg랜더스직관영상계정,일요일 저녁을 마무리하는 파뿌리 24 너무 좋다,False,,0.0,0
@hamburger100,몬스터 짜오님처럼 달려왔습니다,False,,0.0,0
@리자몽-k3i,나는야 카카피피바바라라 카피바라🐾🐾🐾 운빨가득🍀🍀🍀 웃음가득🤣😂😆😄😁😄 정말좋아!🥰🥰🥰 카카피피바바라라 카피바라🐾🐾🐾🐾 비가 오나💧💧💦🌧️🌧️바람부나💨💨💨 난 상관없어!!!🤷‍♂️🤷‍♂️🤷‍♂️,False,,0.0,0
@happy-qg9my,굿,False,,0.0,0
@Lotte1982giants,5빠,False,,0.0,0
@이상민-k5h7n,야호,False,,0.0,0
@Daejeon19,1빠!!,False,,0.0,0
@앱카벤,기대한 24시,False,,0.0,0
@유진이-p7b,오,False,,0.0,0
@김시준-x4p,1빠재,False,,0.0,0
@That_is_yugam,9초전은 못참지,False,,0.0,0
@TV-nu4vd,😂,False,,0.0,0
@나는예쁘다-s5r,1,False,,0.0,0
@항상멋진사람,1빠,False,,0.0,0
@포항우승기원,좋은 영상 감사합니다,False,,0.0,0
@련이-u1m,❤,False,,0.0,0
@Dlcsht37,주제 추천: 고가제품 vs 가성비제품,False,,0.0,0
@보석-c7m,비슷한거 했어요,True,@Dlcsht37,2.0,0
@최명희-e8l,비싸게 저렴하게 시리즈랑 비슷한듯,True,@Dlcsht37,2.0,0
@YDFGYR,❤,False,,0.0,0
@daeung_0070,1,False,,0.0,0
