author,comment,is_reply,reply_to,reply_count,is_spam
@user-FOODk2j4y5e9,아파트 잘못 찾아왔네요..죄송합니다,False,,0.0,0
@hlaelee5427,형 최고야,False,,0.0,0
@leelongta,동경소녀 느낌나서 너무좋다,False,,0.0,0
@김지예-p8v,벚꽃연금 아파트연금 ㅋㅋ    연금부자,False,,0.0,0
@KathyRenee-d5x,ㄱ글 에서 벳프리 보느라 눈밑에까지 다크써클 들어옴 ... 진짜 근데이뻐서 눈을못떼겟다...?,False,,0.0,0
@킹받는하루-r6h,캬 ㅠㅠ,False,,0.0,0
@Chorus_man,솔직히 난 로제 씹파트보다 이게더 좋음,False,,0.0,0
@성준박-n9t,아파트 돈냄새 지대로 맡았구만,False,,0.0,0
@최우경-d3v,미국에서 상장한 주식이 뜨니 국내 주식을 상장해뿌네,False,,0.0,0
@꼬도기,"<a href=""UCkszU2WH9gy1mb0dV-11UJg/finger-red-number-one""></a><a href=""UCkszU2WH9gy1mb0dV-11UJg/finger-red-number-one""></a><a href=""UCkszU2WH9gy1mb0dV-11UJg/finger-red-number-one""></a><a href=""UCkszU2WH9gy1mb0dV-11UJg/finger-red-number-one""></a><a href=""UCkszU2WH9gy1mb0dV-11UJg/8gF1Xp_zK8jk8gSDrI2wCw""></a><a href=""UCkszU2WH9gy1mb0dV-11UJg/8gF1Xp_zK8jk8gSDrI2wCw""></a>",False,,0.0,0
@BlueberryDarlene,여기댓글 왜이럼 ㄷㄷ ㄱ글 에서 벳프리 도대체 머길래--ㅋ,False,,0.0,0
@김영화-d9e,욕심이 그득그득ㅎㅎ😊,False,,0.0,0
@user-oz1bd3vd1b,눈을 의심했다,False,,0.0,0
@zizon053,"21년 전 2003년에 김검모라는 가수가 아파트라는 곡을 하나마나한 리메이크했었거든요. 이또한 하나마나한 편곡입니다. 오늘도 바보처럼 다시 또 리메이크, 왜 했어요?",False,,0.0,0
@푸른피의에이스,노래 좋은데 왜,True,@zizon053,1.0,0
@GaleLouisa,ㄹㅇ ㄱ글 에서 벳프리 보면 다른거 눈에도 안들어옴 그냥 다시보면 되니까 개이득임 ㅋㅋㅋㅋ ?,False,,0.0,0
@ganaanagana,"이것이 기회주의,,,기회 너무 잘잡네 연금 추가요",False,,0.0,0
@mudofdh,빨대꽂으려고,False,,0.0,0
@FOOTBALLMANAGER556,이노래가 머지? 표절곡을 장범준이 쓴거에요? 로제아파트가 나온지 얼마나 됐다고???!!,False,,0.0,0
@푸른피의에이스,표절X 리메이크<br>로제X 윤수일,True,@FOOTBALLMANAGER556,1.0,0
@jin-hl6rs,너무좋다!!!,False,,0.0,0
@kimchk415,슈스케 생각난다 ㅎㅎ,False,,0.0,0
@해로,왜... 손흥민이 보이지..?,False,,0.0,0
@bluebird217,무관바이러스 뭍히지 마세유,True,@해로,1.0,0
@가느다란물바앙울,아 진짜 그리웠다 이 느낌 슈스케 향수 느끼게 하네요,False,,0.0,0
@태양이어멈,감성 진짜 독보적이다❤,False,,0.0,0
@deaninbanff,로제 아파트 부분 조금이라도 들어갔을줄 알고 열심히 들었는데 진짜 장범준 아파트네,False,,0.0,0
@rulurala.,으쌰라 으쌰<br>없는거 좀 선넘네,False,,0.0,0
@이대도강-y8y,ㄴㄴㄴ😅😅,True,@rulurala.,1.0,0
@넝쵸,박건우 닮았다,False,,0.0,0
@배드마우스다시보기,ee,False,,0.0,0
@takeable,뭔가 동경소녀 부를 때 감성이 난다<br>장범준은 리메이크를 맛깔나게 잘 하는 듯,False,,0.0,0
@김학범-b3j,와... 진짜 슈스케때 그 버스커 감성이다 ㄹㅇ...,False,,0.0,0
@friTya0,예라이 커버곡이 구축아파트인지 몰랐짘ㅋㅋㅋㅋㅋㅋㅋㅋㅋ,False,,0.0,0
@GRMY9719,시즌 개막 기다리는 야붕이면 개추 ㅋㅋ,False,,0.0,0
@masterpiece1420,와 진짜 장범준 목소리 겁나 좋다..,False,,0.0,0
@Blackbear_ROK,가수 윤수일님과 함께하는 아파트 ! 아름답고 감성적이고 좋습니다.,False,,0.0,0
@TV-kx5gh,원조 버스커감성 제대로 넣었다ㅜ,False,,0.0,0
@IvarKerri,ㄱ글 에서 벳프리 진짜 보다보면 빠져든다 라이브에 수위도좋고 외모도 좋고 삼박자 지렀으,False,,0.0,0
@QuentinBobbie,ㅋㄱㅋ글ㅋ ㅋ에ㅋ서ㅋ  벳ㄱ프글리  에보서고  벳나프면리  다모낵솨질서  보잼충민제이  한발사정발났 누빨?아야 한다는데 사실인가요?,False,,0.0,0
@그리피,로제 아파트도 좋지만 역시 원조가 최고다. 장범준이 리메이크 해줘서 더 좋네 너무 잘어울림,False,,0.0,0
@sksmsgodqhrgkqslek5180,경상도 + 전라도 콜라보... 가슴이 웅장해지노,False,,0.0,0
@윤준철-w6v,와 너무 좋다,False,,0.0,0
@el8251,재건축 조합장님 오셨네,False,,0.0,0
@generalanesthesia-kq1yj,신곡 멜로디가 안떠오르면 리메이크를 하더라,False,,0.0,0
@ZaneMarie,ㄱ글 에서 벳프리 보고 나면 다낵질 보충제 한사발 빨아야 한다는데 사실인가요?ㅋ,False,,0.0,0
@ExtremeGoogle미디어,역시 옛날 생각남 콘크리트 유토피아,False,,0.0,0
@박종말-n4l,와..이런 쌈뽕한 재개발을 봤나..,False,,0.0,0
@장난을잘치는타카기양,좋아요 ㅠ,False,,0.0,0
@라파엘-l8t,킹인직ㅡ감스트,False,,0.0,0
@경희안-k5i,재건축이 아니라<br>페인트만 발랐네,False,,0.0,0
@johnlee2326,아파트는 레전드급 명곡인줄 어렸을때부터ㅜ짐작했슴다 🎉,False,,0.0,0
@KI_CHACK,"<a href=""https://www.youtube.com/watch?v=y39emoLP7ac&amp;t=18"">00:18</a> I&#39;m trying to kiss your lips for real , uh huh uh huh",False,,0.0,0
@DouglasPercival,ㄱ글 에서 벳프리 보고 나면 다낵질 보충제 한사발 빨아야 한다는데 사실인가요?ㅋ,False,,0.0,0
@ArianaLola-m9d,ㄹㅇ ㄱ글 에서 벳프리 보면 다른거 눈에도 안들어옴 그냥 다시보면 되니까 개이득임 ㅋㅋㅋㅋㅋ,False,,0.0,0
@im_so_mad,벚꽃 연금에 이은 아파트 연금...부럽다!!,False,,0.0,0
@kitaeahn,E편한세상이군요...,False,,0.0,0
@위대하신국왕폐하,역시나 다르다,False,,0.0,0
@Thats_even_better,맨 처음 언제나 나를인데 너를로 바꾼거에는 무슨 이유가 있나요?,False,,0.0,0
@こころ-o7m,노래 너무 좋지만 어쩔수없는 뒤에 일루미 눈깔 세상이 참,False,,0.0,0
@초파랑-e5e,창법이 바뀌셨나!?,False,,0.0,0
@l0l0,그 어떤 리메이크가 나와도 윤수일 아파트 미만 잡임ㅋㅋ 죄송하지만 이번 노래는 실패작 같네요,False,,0.0,0
@GlynnisPrecious,헬창들도 ㄱ글 에서 벳프리 보면 근육 다빠진다며 ㅋㅋㅋㅋㅋㅋㅋㅋ 사실임??,False,,0.0,0
@EthenSelena,ㅋㅋㅋㅋㅋㅋ ㄱ글 에서 벳프리 모솨서 잼민이 발정났ㅋ,False,,0.0,0
@PhilipRobert,그놈의 ㄱ글 에서 벳프리 댓글 ㅈ 나많네 그렇게죠 좋은가보지 보러갈까??,False,,0.0,0
@FeliciaHalden-v7g,여기댓글 왜이럼 ㄷㄷ ㄱ글 에서 벳프리 도대체 머길래--?,False,,0.0,0
@거북이-o9h,울산 아파트 짱,False,,0.0,0
@Starie_night,나는 그냥 오리지널 윤수일 목소리가 좋네요. 윤수일의 포스가 정말 넘 강하죠!,False,,0.0,0
@짱대-q4o,맛잇게부르노,False,,0.0,0
@dntjd94,"안들어보고 상상했었는데, 들어보니깐 내 상상이랑 똑같다. ㅋㅋㅋㅋㅋㅋㅋㅋ<br>장범준 치트기여. ㅋㅋ",False,,0.0,0
@raonJK,재건축 부실공사,False,,0.0,0
@SteeloRealfan,범준이형이 아파트라는 신곡을?하다가 윤수일님 노래 부른거겠지했는데 맞군요 리메이크한 버전도 그만의 매력이 있네요,False,,0.0,0
@김팬시,미쳤다,False,,0.0,0
@이대도강-y8y,ㅠㅠ개추 😂😂😂😂,False,,0.0,0
@sir.godfather2184,아니 이렇게 금방 금방 잘 뽑으면서 왜 앨범을 안내냐..? ㅡㅡ,False,,0.0,0
@kjw-vw6xr,커버곡인 줄 알았는데..😅,False,,0.0,0
@욱쌤,"<a href=""https://www.youtube.com/watch?v=y39emoLP7ac&amp;t=40"">00:40</a> 뭔가 뭉클 ㅠ",False,,0.0,0
@kingsn6742,"장범준 진성찐팬인데 솔직히 이번노래는 아닌듯..<br>감미로운 목소리 빼고 감성 빼고 톤 자체를 높게 잡았어야됐는데<br>일단 아파트노래가 안신남...<br>버스커버스커 이상형 불렀을때처럼 텐션 좀 높이고 중간에 코러스로 으쌰라으쌰! 이거도 당연히 넣었어야됐고..<br>복고풍 확 쳐서 노래좀 살렸어야됏는데 이번건은 ㄹㅇ 실망",False,,0.0,0
@김민준-i1p6t,이강인하고 손흥민 퓨전한거 같음,False,,0.0,0
@YeonBy,왜 ai아님???,False,,0.0,0
@김광석자료방,"<a href=""https://www.youtube.com/watch?v=y39emoLP7ac&amp;t=142"">2:22</a> 왜 아파트 아파트가 들리는것 같지? ㅋㅎㅋㅎ 춤도 그렇게 보이는뎈ㅎㅋㅎㅋㅎ",False,,0.0,0
@hyeonggyunyoo6738,범준이가 좋아하는 랜덤 게임!!,False,,0.0,0
@commander_yu_followers,노래하는 손흥민인줄;,False,,0.0,0
@Chjljh90,아 사무실에서 듣다가 으쌰라으쌰 외칠뻔했네;;;,False,,0.0,0
@오렛바이,신축 보다 구축<br>ㅋㅋㅋㅋ,False,,0.0,0
@리브가엘,ㄷㄷㄷ아파트라니,False,,0.0,0
@Seoul_city_hall,슈스케 느낌 나네 ㅋㅋㅋ,False,,0.0,0
@서종현-n6z,역시 중간에 일렉 기타 함 들어 가줘야지 이 맛이야,False,,0.0,0
@kk-kn5yo,장범준 목소리는 언제 들어도 매력있다,False,,0.0,0
@척애-t5p,집들이 초대 후 다 집에가고 혼자 남을 때 공허한 느낌같다,False,,0.0,0
@버닝오크,"범준아 유부남인데, 군대 갔다왔어??? 아님... 이제 갓난애기 육아는 좀 지났어??? 정말 오래 기다렸다. 노래내줘서 고마웡. 예전 운정 살 때, 일산호수공원 놀러가서 &#39;일산으로&#39;노래 부르던 모습 봤었는데, 그때가 눈에 선하당. 그때 나도 애기태어난지 얼마 안돼서, 애기 재울때 자장가로 일산으로랑 노래방에서 많이 부르고 들려주고 그랬엉ㅋㅋㅋㅋ... 이제 내년이면 울 아들 초등학교 입학하는구나... 세월아~ 아파트 노래 너무너무너무너무너무너무 좋당!!!! ^--------------------------^//",False,,0.0,0
@yju8802,역쉬 아파트는 재건축이지❤❤,False,,0.0,0
@arkanoid9384,예전 버스커버스커 감성이 돌아왔다!!!!,False,,0.0,0
@bapees,버스커버스커 시절 감성이네ㅋㅋㅋㅋ 조으다,False,,0.0,0
@siinchoi8642,"개인적인 의견이지만, 이 영상도 조회수가 억단위를 찍었으면 좋겠네요😄.",False,,0.0,0
@방글이-c9h,진짜 너무기다렸다구욥🫶 버스커감성도 있고 노래도 익숙한데 너무새로와<br>두산베어스 게임 이기고 밤에 이노래 부를때 추억생각나고..따쉬<br>계속계속 음악활동해주세욥 <br>공연장에서 이노래 듣는그날까지🙏,False,,0.0,0
@kkikkkikk,좀더 날것의느낌을 냈으면 더좋았을텐데... 레코딩하고 너무 다듬은 느낌이라 아쉽네요. 정제되지않은 장범준 목소리를 듣고싶은데,False,,0.0,0
@tosd810,아파트아파트!,False,,0.0,0
@fskz2000,왠지 슈스케시절 장범준이 생각나는ㅋㅋㅋ,False,,0.0,0
@왼손잡이마롱,손흥민 노래쫌하네ㅎ,False,,0.0,0
@youbonbon,드디어나왔다!!!ㅠㅠ 잉.. 슈퍼스타K 버스커버스커감성..❤너무좋다 장범준 목소리랑 넝수 잘어울림 이번연말에 노래방곡으로  아파트로~~~,False,,0.0,0
@개코원숭이-h1s,진짜 우리 아빠가 술 마실때마다 부르는 아파튼지 누가 알았겠냐고...,False,,0.0,0
@plzrarara,짜친다 진짜 노래는 새로 내지도않고 로제 아파트나오니께 이거부르러 나왔냐 노래좀 새로 내줘라 제발,False,,0.0,0
@프라다고무신,이렇게 댓글쓰는 니가 ㅈㄴ 짜친다 ㅋㅋㅋㅋ 빙ㅅ,True,@plzrarara,3.0,0
@xpflrnt,그럼 니가 곡좀 줘라,True,@plzrarara,3.0,0
@plzrarara,@ 이게 말이야방구야,True,@plzrarara,3.0,0
@scrgd-o1l,다같이~~~~,False,,0.0,0
@jin73295,언제나 나를~~ 언제나 나를~~ 캬아...🎉🎉🎉🎉🎉,False,,0.0,0
@user-qe7hz3sn6m,목소리랑 너무 잘 어울리긴 하네 ㅋㅋㅋ,False,,0.0,0
@아이사-p4i,으쌰라 으쌰 부분이 이제는 로제의 아파트 아파트로 들린다;;,False,,0.0,0
@browncaramel688,약간...너무 어울리고 듣는 사람 신나게 한닼,False,,0.0,0
@Lim_hyeong_joo,형 뭐라도 좋으니 많이 내주십쇼,False,,0.0,0
@KSOOTOURKIM,로제 버전과 리믹스 나올 듯,False,,0.0,0
@0126O.O,수상할정도로 벛꽃이 많은아파트,False,,0.0,0
@一利-j3n,그넘의 아파트.,False,,0.0,0
@jamiey8470,강인이 노래도 잘하네?,False,,0.0,0
@abikyuhwan,하 시류에 따라 로제아파트를 범준표 리모델링을 하는건가 했는데 아예 폐허가 된 로큰롤의 뼈대를 구축하는데 힘쓴  그 방향성 정체성에 박수를 보낸다. 역시,False,,0.0,0
@여이정화-m9v,장범준 잘생겼어 ❤❤,False,,0.0,0
@여이정화-m9v,너무노래좋아해,False,,0.0,0
@여이정화-m9v,너무노래사랑해,False,,0.0,0
@여이정화-m9v,너무노래좋아,False,,0.0,0
@롯데누리,지렷다,False,,0.0,0
@맑은날씨-h3j,중간에 속으로 으쌰라 ~•으쌰~~ <br>외친사람 손~~~😢,False,,0.0,0
@일찍잘필요없어회-l9m,이게 왜 진짜야,False,,0.0,0
@yo-lo4et,너무좋아요🥳,False,,0.0,0
@chkim396,이거시 코리아소울,False,,0.0,0
@bk-sl1en,갑자기 아파트 풍년이노,False,,0.0,0
@sd6sjs,벚꽃 연금도 모자라서 주택청약+연금펀드까지 노리시네,False,,0.0,0
@그러니까-b9j,금융형 가수,True,@sd6sjs,5.0,0
@ralphchoi7091,어떤 금융위기도 장범준을 무너뜨릴수 없다,True,@sd6sjs,5.0,0
@QuentinBobbie,ㄱ글 에서그 놈벳의프 리ㄱ 글보 고에 서나 면벳 다프낵리질  댓보글충 제ㅈ  한나사많네발  그빨렇아야게죠  한좋다은는가데보 지사 실보인러갈가까요??,True,@sd6sjs,5.0,0
@QuentinBobbie,ㄱ글 에서그 놈벳의프 리ㄱ 글보 고에 서나 면벳 다프낵리질  댓보글충 제ㅈ  한나사많네발  그빨렇아야게죠  한좋다은는가데보 지사 실보인러갈가까요??,True,@sd6sjs,5.0,0
@IvarKerri,그놈의 ㄱ글 에서 벳프리 댓글 ㅈ 나많네 그렇게죠 좋은가보지 보러갈까?,True,@sd6sjs,5.0,0
@티모-j4b,로제 아파트가 유명해져서 나온건지<br>아니면 원래 나올계획이였는데 로제 노래가 때마침 나왔던건지 궁금하다,False,,0.0,0
@jaelee208,당연히 전자 일거같습니다..,True,@티모-j4b,5.0,0
@jaihyunpark405,당연히 후자일거라고 생각했는데…,True,@티모-j4b,5.0,0
@jaelee208,@@jaihyunpark405 이 업계에 그런 낭만 없습니다.. ㅜㅜ,True,@티모-j4b,5.0,0
@jaelee208,@@jaihyunpark405 이 업계에 그런 낭만 없습니다..,True,@티모-j4b,5.0,0
@하우루스,이렇게 빨리 노래를 만들 수 있을까 싶어서 후자,True,@티모-j4b,5.0,0
@dooboogwaja,내 슬픈 시절 슈스케에서 보고 이제 시간이 진짜 많이갔다.. 처음 좋아했던 그 벜 감성이네,False,,0.0,0
@dooboogwaja,너무 좋다...,False,,0.0,0
@NobodySaint,재건축 실패,False,,0.0,0
@notsmoking,리메이크가 아니라 전혀다른곡을 기대했는데.,False,,0.0,0
@jmash6651,동경소녀인줄,False,,0.0,0
@hsjin02,아파트재건축 축하드립니다,False,,0.0,0
@user-rd2um5ef9e,장범준은 뭘 불러도 듣기가 좋네... 추억의 목소리,False,,0.0,0
@breathe_bro,횽 이렇게 전략 가이였어? 윤수일 아파트 받아오다니,False,,0.0,0
@남승엽-x9r,부산이 아파트 천국이 되는걸 찬성하시는군요?,False,,0.0,0
@chilly323,ㅋㅋㅋ 우려먹기냐 어휴 한국인종특,False,,0.0,0
@user-jc3bn9om6v,미쳤다 슈스케 시절 느낌이다!,False,,0.0,0
@주니모리-f2l,로제팬인데  들으러왔는데 너무 좋네요 와우~~,False,,0.0,0
@lee2153,이 재건축 찬성이요~!,False,,0.0,0
@CorianderKid,당연히 ai 인줄알았는데 ㅋㅋㅋㅋㅋㅋㅋㅋㅋㅋ<br>연금에 로또까지 당첨되려고 숟가락을 얹으시네!!! ㅋㅋㅋㅋㅋㅋㅋㅋ,False,,0.0,0
@dobin8,신축아파트는 임팩트는 좋은데 쉽게 질려.... 재건축아파트가 최고지~~~,False,,0.0,0
@YASMASTERMAN,진짜 목소리가 사기야,False,,0.0,0
@복슬이-e9m,나한텐 이게 아파트,False,,0.0,0
@shin-ryu9884,아 난 새 아파트가 장범준 목소리에서 어떻게 변할지 궁금해서 득달같이 들어왔는데 재건축이었네 ㅋㅋㅋㅋㅋ,False,,0.0,0
@forlovenocity5006,오 노래방에서 부를꺼 하나 생겼다 나이따~,False,,0.0,0
@asdf3-dj6jb,아니 구축아파트 인테리어 새로했네,False,,0.0,0
@김재희-v8z,❤이문세는 녹슬지않아요<br>한결같은 표정  목소리<br>화이팅하세요,False,,0.0,0
@신정희-h4v,이문세요? 윤수일 입니다 ㅋㅋㅋㅋ,True,@김재희-v8z,1.0,0
@골디실버,그냥 리메이크네<br>윤수일 목소리가 더 임펙트있네<br>저노래 부르기엔 목소리에 힘이 너무약함<br>기대했는데~실망,False,,0.0,0
@천일야화-m9k,실망은 혼자하세요. 듣기만 좋구만,True,@골디실버,1.0,0
@kokodare,원곡 인트로가 제맛인데 왜 아예 빼버린 건지 ㅠ,False,,0.0,0
@눈사람-w2k,벜벜 느낌 낭낭하네ㅋㅋㅋ<br>솔로곡 들으며 아쉬웠던 느낌 채워진다<br>너무 좋구만,False,,0.0,0
@IvarKerri,여기댓글 왜이럼 ㄷㄷ ㄱ글 에서 벳프리 도대체 머길래--,True,@눈사람-w2k,1.0,0
@wonseokchoi131,"&lt;콘크리트 유토피아&gt;  보면서 장범준이 생각났었는데, 드디어 음원을 내주었네요. 신나면서 구슬프게 들리는 장범준의 신기한 목소리 😊",False,,0.0,0
@fghjbgszi,목소리가 사기케,False,,0.0,0
@Jinddo.,윤수일 구축 / 로제 재건축 / 장범준 리모델링,False,,0.0,0
@팩트로참교육,숟가락 얹히는...?,False,,0.0,0
@noein2002,평생연금 새로 하나 만드셨네,False,,0.0,0
@user-muje,와 진짜 좋다 미쳤다 진짜,False,,0.0,0
@멘트가젠장이구먼,아빠께서 애창곡이셨던 아파트를 어릴 때부터 노래방 가면 많이 들었는데  장범준님께서 부르신 노래를 들으니까 어렸을 때 생각도 나고 기분이 이상해요 아빠께 들어보시라고 해야겠어요,False,,0.0,0
@돌깨가루,순간 손흥민인줄,False,,0.0,0
@은혼-m5x,아파트는 이거지 어디 노근본 틱톡용 노래가 아파트라고,False,,0.0,0
@JongwanPAIK,아오 틀딱 딸피 냄새나네,True,@은혼-m5x,1.0,0
@탄탄,다른보컬이 했다면 로제×브루노마스에 빨대꼿기겠지만 장범준은 인정이지 !!<br>장범준 APT 환영!!,False,,0.0,0
@만두-d3i,옛날 버스커 버스커 감성을 느낄 수 있었다.<br>재개발 아파트 화이팅,False,,0.0,0
@johnpark6045,얼마나 곡을 못 쓰면 윤수일씨 곡을 커버해서 곡을 내냐…,False,,0.0,0
@messidona10,하필이면 노인과 아파트뿐인 부산에서 찍었노 ㅋㅋㅋㅋㅋㅋㅋㅋㅋㅋㅋㅋㅋㅋㅋㅋㅋㅋㅋㅋㅋㅋㅋㅋㅋㅋㅋ,False,,0.0,0
@INFPiano,으쌰라 으쌰,False,,0.0,0
@브라운카스토리,좋네요^^~~~~,False,,0.0,0
@johndoe3356,(아파트 아파트 아파트 아파트),False,,0.0,0
@wattsupman,오,False,,0.0,0
@heep6175,장범준님 목소리 넘잘어울리고 좋아요! 그런데 영상은 클럽 라이븐데 음원은 녹음실에서 혼자 부르는거라 매치가 안되는 느낌이에요. 공연하는 라이브버전 올라오길 기다립니다!,False,,0.0,0
@lam6419,로제 아파트 듣고 낸걸까 아니면 그전부터 준비했는데 겹친걸까?,False,,0.0,0
@chilly323,당연히 듣고낸거겠지ㅋㅋㅋ,True,@lam6419,1.0,0
@드로낙27,"은마아파트-윤수일<br>래미안원베일리-로제,브루노 마스<br>올림픽파크포레온-장범준",False,,0.0,0
@드로낙27,올림픽파크포레온 폼 미쳤다 ㄷㄷㄷ,False,,0.0,0
@코떡상가즈인,굳이?,False,,0.0,0
@Mokawel,이병헌이 부른거 아님?,False,,0.0,0
@경판-m4m,로제 아파트로 재건축 되는거 상황이 엄청 웃기네,False,,0.0,0
@-shadow84,APT vs 아파트<br>두 곡 다 너무 좋다,False,,0.0,0
@바닐라스카이-c5u,나쁘진 않은데 뭔가 타이밍이 아쉽다 로제 아파트가 워낙 세서 😢,False,,0.0,0
@고양이-x3c,왜 으쌰라 으쌰가 들리지?,False,,0.0,0
@장미-y7s,와우 신난다 들석들석 ❤❤❤짝짝짝,False,,0.0,0
@강승희-c3e,장번준의 아파트 같아요^^ 굿굿,False,,0.0,0
@Winterstar-zm3qi,아 밴드분들 신나게 연주하는데 왜 찡하죠?,False,,0.0,0
@raspberrycream_32,저도요 ㅠㅠ,True,@Winterstar-zm3qi,2.0,0
@장아무개-l4c,원래 신나면서 슬픈 노래입니다,True,@Winterstar-zm3qi,2.0,0
@Buddybandle,굳이..ㅋㅋㅋ 틈새시장노릴랬는데..폭망 ㅠ,False,,0.0,0
@깜찍한고먐미,재건축 레츠고❤,False,,0.0,0
@dorajimuchim5201,"구축 아파트 ㅡ 윤수일<br>신축 아파트 ㅡ 로제 브루노마스<br>리모델링 아파트 ㅡ 장범준",False,,0.0,0
@Oohongnisuuu,아파트 재건축 대성공 ㅋㅋㅋㅋㅋ,False,,0.0,0
@mowglifam,로제아파트 분양 못 받아서 여기 왔는데 혹시 여긴 미분양 있을까요?여기 건축주가 재건축 전문이시라던데,False,,0.0,0
@강건-l4s,드디어 돌아오셨다😭,False,,0.0,0
@NangManGeoBong,기다렸다 장범준.,False,,0.0,0
@채용시간,로제 APT 따라 알고리즘 탑승하려고 호다닥 게시한 장범준이면 개추 ㅋㅋ,False,,0.0,0
@goguma0328,아파트 코인 탑승완료,False,,0.0,0
@Favorite_Playlist89,&quot;이 노래는 모든 디테일이 완벽해요. 정말 질리지 않아요! 👏🎧&quot;,False,,0.0,0
@nnnfjfj3,실망이다,False,,0.0,0
@ckwk-t3p,아파트 열풍이네 그냥 ㅋㅋㅋㅋㅋㅋㅋㅋㅋ,False,,0.0,0
@성이름-w7h3n,"어,,, 너무 뽕짝이네 <br>장범준스타일 기대햇는데",False,,0.0,0
@BeeBee-sc7nk,좀 심심한데..,False,,0.0,0
@tqqqqqq,브루노 마스 APT 리메이크 인줄 알고 왔는데,False,,0.0,0
@zzit_drumtong,범준행님 얼굴 많이 후덕해지셨네... 구운란에서 특란이 되부럿노,False,,0.0,0
@megablue_._,동경소녀때가 생각난다,False,,0.0,0
@glasscan911,나 어릴적 노래방에서 부르던 아파트~ 범준씨가 부르니 옛추억 돋고 좋네요❤❤❤ 로제가 부르는 아파트와 또 다른 원조맛집👍👍👍,False,,0.0,0
@duellife-x5d,막걸리 가져온나!,False,,0.0,0
@깡깡이-u5r,아 이거지 ㅋㅋㅋㅋㅋㅋㅋㅋ,False,,0.0,0
@김태언-g6q,롯데우승했으면좋겠다,False,,0.0,0
@이준기-g5s,당연히 AI인줄 알았는데 ㅋㅋㅋㅋ,False,,0.0,0
@박펜디,이야 옛날 버스커 갬성이다 캬ㅠ,False,,0.0,0
@jinnie7294,나 어릴때 윤수일님 티비에서 보고 와.진짜 잘생겼다..생각했는데 나이드셔도 여전히 멋있네요,False,,0.0,0
@DouglasPercival,이 댓글 보고 ㄱ글 에서 벳프리 보고있는 내 인생이 레전드네 씨밬ㅋㅋㅋㅋ,True,@jinnie7294,1.0,0
@김민진-j2b,역시 장범준,False,,0.0,0
@호구-v7b,누가~ 부동산쇼로 아파트~,False,,0.0,0
@chunsk71,"윤수일의 아파트는 주공아파트, 장범준의 아파트는 올림픽파크 포레온.",False,,0.0,0
@twobabysnewbie,으쌰라으쌰,False,,0.0,0
@classickim4865,이게 진짜 오리지널 재건축이네 ㅋㅋㅋㅋㅋㅋㅋㅋ,False,,0.0,0
@rororororo653,&quot;내가 아니면 누가해&quot;,False,,0.0,0
@jongko328,으쌰라으쌰 🌸,False,,0.0,0
@대박-r3k,으쌰라으쌰!,False,,0.0,0
@dgg-ce6fp,으 ㅆ ㅑㄹ ㅏ으쌰 으 ㅆ ㅑ라 으쌰ㅑㅑㅑㅑㅑㅑㅑㅑㅑㅑㅑㅑㅑㅑㅑ,False,,0.0,0
@The-p9x,조합장님과 함께 재건축하신 시공사 관계자님 수고하셨습니다.,False,,0.0,0
@엑씩이,뭔가 아쉽다,False,,0.0,0
@hccvhvjugcc,"<a href=""https://www.youtube.com/watch?v=y39emoLP7ac&amp;t=40"">0:40</a> 조합장님 등장",False,,0.0,0
@kakao0821,아 앀ㅋㅋㅋㅋㅋ 딱 그부분이였은대 버스에서 육성으로 터졌네 ㅋㅋㅋㅋ,True,@hccvhvjugcc,2.0,0
@박펜디,조합장ㅋㅋㅋㅋㅋ,True,@hccvhvjugcc,2.0,0
@kkangtwooo,"언제나 나를 언제나 나를 기다리던 너의 아파트<br><br>별빛이 흐르는 다리를 건너 바람 부는 갈대숲을 지나<br>언제나 나를 언제나 나를 기다리던 너의 아파트<br>그리운 마음에 전화를 하면 아름다운 너의 목소리<br>언제나 내게 언제나 내게 속삭이던 너의 목소리<br>흘러가는 강물처럼 흘러가는 구름처럼 머물지 못해 떠나가 버린<br>너를 못 잊어 어<br>오늘도 바보처럼 미련 때문에 다시또 찾아 왔지만 아무도 없는<br>아무도 없는 아무도 없는 쓸쓸한 너의 아파트<br>아무도 없는 아무도 없는 쓸쓸한 너의 아파트<br>흘러가는 강물처럼 흘러가는 구름처럼 머물지 못해 떠나가 버린<br>너를 못 잊어 어<br>오늘도 바보처럼 미련때문에 다시 또 찾아왔지만<br>아무도 없는 아무도 없는 쓸쓸한 너의 아파트<br>아무도 아무도 없는 아무도 없는 쓸쓸한 너의 아파트",False,,0.0,0
@libido4388,바닥부터 제대로 공구리친<br>재건축 아파트라니... 못참지 이건,False,,0.0,0
@BCA-ui1nj,재건축에 박차를 가하네 이형;;;,False,,0.0,0
@lllIIlIllllIlIIIllllIIIIllIllI,역시 옛날 아파트가 갬성 뒤짐,False,,0.0,0
@ggulggulroble,이거지예,False,,0.0,0
@user-vg9uk3fh9y,타이밍이 참,False,,0.0,0
@인생은뭘까요,브루노마스 형님도 절로 춤추게 하는 그 감성의 아파트!!,False,,0.0,0
@iuho3563,"이게 ... 머냐? 신곡 생각은 없냐? <br>이거, 이 노래 윤수일 생각이냐 장범준 생각이냐<br>아님 둘다 누가 시켜서 하는 거냐? <br>이게 머냐?<br>진짜 짜친다",False,,0.0,0
@벡터-p5t,재건축 아파트라닠ㅋㅋㅋㅋㅋ,False,,0.0,0
@InnocentCatTV4444,장범준 _ APT(아파트) 세계적으로 유명해졌으면 좋겠습니다!!!!!!!!!!!!!!,False,,0.0,0
@ino_90,맛있게 잘 건축 하셨네 ㅋㅋㅋㅋㅋ,False,,0.0,0
@smjung-vj6vn,재건축...ㅋㅋㅋ,False,,0.0,0
@kelv3340,아따 재건축 찰지게 드가뿟네~,False,,0.0,0
@예매,"장범준 아파트 재건축 100% 입주, 분양완료 대박기원!",False,,0.0,0
@서용운-o5f,아파트는 이맛이지,False,,0.0,0
@이주원-e5e1y,손흥민 폼 미쳣다잉~,False,,0.0,0
@구랭구랭-m5k,빨리 노래방에도 나왔으면!,False,,0.0,0
@예린-j9l,장범준....... 역시...... 최고야😢 공연보러갈게요~~~❤,False,,0.0,0
@4885-c4q,아무리 장범준이래도 원곡 아파트 전설의 전주를 거진그냥점프해버리고 바로들어가는건 대단한 miss였다본다 <br>아파트감성은 일단 전주시작 따다단~하면서 일단 전주한번싹듣고 노래가 나를감싸면서 도입부를 시작해야 그맛이사는거다,False,,0.0,0
@wws3264,그렇게 찡찡대면서 불평할거면 니가 커버해서 부르거나 원곡을 쳐 들으세요,True,@4885-c4q,1.0,0
@LIZAMONG1,왜 장범준이 부르면 다른 장르가 되는것 같냐 개좋네,False,,0.0,0
@silver__toad,캬~~ 이걸 원했다~!! 으싸라으싸~~,False,,0.0,0
@hwjk.o2,으쌰라으쌰,False,,0.0,0
@BravoMyLife-r9k,ㅋㅋㅋ구축 리모델링 ㅌㅌ,False,,0.0,0
@Vluesbook2008,ㅋㅋㅋㅋ결국 진짜 지대루 주공&#39;APT&#39; 가 재건축 들어가넼😂❤ㅎㅎ 👏👏 브라보~~,False,,0.0,0
@Je0ngin91,얼른 코노에도 나오길 기대합니다 !.!,False,,0.0,0
@poCLOVERwer,리모델링 구축 아파트,False,,0.0,0
@jjeonjc,복도식구축 재건축성공이네 ㄷㄷ,False,,0.0,0
@Dougie________________e,오 좋다 역시 버스커버스커 벚꽃엔딩 여수밤바다 생각이 확나네 ㅋㅋㅋ,False,,0.0,0
@혈장-b6o,재건축해버류,False,,0.0,0
@hope_opportunity,여수밤바다에 이어 여수아파트! 벚꽃아파트!,False,,0.0,0
@zzpinkos,이게 리메이크 음원이야???? ……<br><br>…하…..,False,,0.0,0
@hobeomjang8389,좀 실망.,False,,0.0,0
@issuetendency,자기노래도 아니고 인기편승 리메이크곡은 좀....,False,,0.0,0
@프로테베,원곡자  찾아서  승낙받기  vs  아파트라는  단어나오니깐  이노래랑  관련있음  ㅅㄱ 누가문제있는거같음?,True,@issuetendency,1.0,0
@정말로-m6r,드디어 ㅠㅠㅠㅠㅠㅠ,False,,0.0,0
@cardiyred,동경소녀 생각난다. 너무 좋네요,False,,0.0,0
@jungbongyee,"<a href=""https://www.youtube.com/watch?v=y39emoLP7ac&amp;t=140"">02:20</a> APT APT~APT APT~",False,,0.0,0
@kim.serenaemery7569,고맙습니다.ㅎㅎ 동경소녀 커버에서 느꼈던 그 목소리와 감성 이때 쯤 들을 때도 됐죠ㅎㅎㅎ,False,,0.0,0
@peterkang8851,"Hey 브레드, 두 유 노 아파트?<br><br>오우 자가 좋아요~!",False,,0.0,0
@티나도무,ㅋㅋㅋㅋ 자가 아파트 좋지,True,@peterkang8851,5.0,0
@glorykwon157,ㅋㅋㅋㅋㅋㅋㅋㅋㅋㅋㅋㅋㅋ,True,@peterkang8851,5.0,0
@ljw-n5t,아파트 비싸요~!,True,@peterkang8851,5.0,0
@chang5315,나도 좋다 ㅋㅋㅋㅋㅋㅋㅋㅋ,True,@peterkang8851,5.0,0
@박펜디,ㅋㅋㅋㅋㅋㅋㅋㅋ,True,@peterkang8851,5.0,0
@TheJungcompany,윤수일 👍 👍 👍,False,,0.0,0
@주니장-c6v,버스커 감성직인다,False,,0.0,0
@사임사임-d7j,윤수일옹 무쳤당,False,,0.0,0
@trafficlaws1985,벚꽃 존나게 핀 아파트,False,,0.0,0
@uavpower5830,구축아파트 재건축버젼 조타,False,,0.0,0
@야라구해,;;,False,,0.0,0
@쩡구-j9d,우리한텐 이게 아파트여,False,,0.0,0
@Koreanraichu,은마아파트 재개발하면 이런 느낌인가<br>음원 나오면 바로 지르겠습니다,False,,0.0,0
@messigod7019,머리 스타일 바꾸니깐 손흥민이 보이네? ㅋㅋㅋ,False,,0.0,0
@뚜벅-o6d,ㅅㅂ 드디어 노래방에서 눈치안보고 아파트 부르기 가능해졌다,False,,0.0,0
@muteppo,커엽네😂,True,@뚜벅-o6d,3.0,0
@사람-h5v1m,ㅋㅋㄱㅋㅋㅋㅋㄱㅋㅋ,True,@뚜벅-o6d,3.0,0
@Chorus_man,ㄹㅇㅋㅋㅋㅋㅋㅋ,True,@뚜벅-o6d,3.0,0
@marikat4390,"<a href=""https://www.youtube.com/watch?v=y39emoLP7ac&amp;t=19"">0:19</a> ㅋㅋㅋㅋㅋㅋ으쌰라으쌰 없어서 허전했는데<br>다시 보니까 뒷배경에 으쌰라으쌰 써있네 ㅋㅋㅋㅋㅋㅋㅋ",False,,0.0,0
@gorgeous_juice,이렇게 감미로운 아파트라니 즉시 입주 완료,False,,0.0,0
@jori-u1z,그래 이거다 이거<br>내가 원했던 장범준이 이거야,False,,0.0,0
@김꼬북-u6r,아는맛이 무섭구나 ㅋㅋㅋ,False,,0.0,0
@김지훈-w4p8w,개좋다 요즘 마음이 힘들었는데 위로받았어요,False,,0.0,0
@OdemaPique,리모델링 기깔나게 하셨네,False,,0.0,0
@user-zi7td1eo4x,벚꽃연금으로 산 아파트...,False,,0.0,0
@KimTakGoo,근데 너무 트로트 같네,False,,0.0,0
@HoneyMoMee,구축 아파트 ㅡ 윤수일<br>신축 아파트 ㅡ 로제 브루농사스<br>재건축 아파트 ㅡ 장범준,False,,0.0,0
@드로낙27,은마아파트<br>래미안원베일리<br>올림픽파크포레온<br><br>ㄷㄷ,True,@HoneyMoMee,5.0,0
@frkk500,"이거 근데 진짜 로제보다 먼저 나왔으면 개 떡상 했을건데<br><br>장범준 안목 또 한번 조명되고<br>벚꽃연금에 이어<br>아파트로 아파트 사는 장범준",True,@HoneyMoMee,5.0,0
@c9b-g1l,재건축보다는 리모델링에 가깝네,True,@HoneyMoMee,5.0,0
@나방구-f6l,그건 아님 로제 브르로를 어케 넘음​@@frkk500,True,@HoneyMoMee,5.0,0
@frkk500,@@나방구-f6l 로제를 넘는다는게 아니라 안목을 조명 받았을거라고,True,@HoneyMoMee,5.0,0
@기대16-m7k,리모델링 아파트인가요?,False,,0.0,0
@배고프다-g8n,이게 우리나라 아파트지 ㅋㅋㅋㅋㅋㅋㅋㅋㅋ,False,,0.0,0
@yasong-n8c,으쌰라으쌰 으쌰라으싸,False,,0.0,0
@영원한잭,윤수일씨 이제 진짜로 신축하셨네 ㅋㅋㅋㅋ,False,,0.0,0
@gloomyday4299,음색이 깡패네,False,,0.0,0
@redelmar,노래도 별로고 영상 연출 수준도 좀 ㅠ,False,,0.0,0
@taijitankor,은마아파트 재건축하는구나~~,False,,0.0,0
@user-ib6wg3us1p,으쌰라으쌰 어디갔어,False,,0.0,0
@내가그거다,와 13년 전 동경소녀 느낌난다 진짜 좋네,False,,0.0,0
@Parkjongsub,진짜  딱  장범준 맞춤곡 같노 ㅋㅋㅋㅋㅋ,False,,0.0,0
@Racule,리모델링 ㅋㅋ,False,,0.0,0
@Whale41,슈스케 리메이크 미션 감성,False,,0.0,0
@megane_oshi,내가 아는 아파트는 이거야ㅠㅠ 장범준님 음색이 잘 어울리네요!,False,,0.0,0
@뿌라-k7h,벚꽃연금이 시원찮아~~~자주음반내줭,False,,0.0,0
@Boruto_Mitsuki,벚꽃연금에 이은 아파트연금까지 노리시다니 ㅎㅎㅎ,False,,0.0,0
@너나잘하세요-i2f,ㅋㅋㅋㅋㅋ,True,@Boruto_Mitsuki,2.0,0
@너나잘하세요-i2f,아파트 투자 ㅋㅋㅋㅋㅋ,True,@Boruto_Mitsuki,2.0,0
@hwangbiseumeon2915,와 장범준형도 형인데 같이 나오신 윤수일 형님! 무지 반갑습니다! 건강해보이셔서 다행입니다! 제 2의 고향부터 아름다워에 정말 명곡이 잔뜩있으신 우리 윤수일 형님! 앞으로도 건강하시고 기회되시면 공연에서 뵙고싶습니다! 장범준 형한테도 고마워요! 역시 레전드!,False,,0.0,0
@rainart2422,로제 아파트도 좋긴한데 30-40대한테는 이게 찐 아파트다 !!,False,,0.0,0
@moon2147,로제 아파트는 요즘이고 이 노래아파트가원조,False,,0.0,0
@아이오호우,풀 리모델링 때린 은마아파트..,False,,0.0,0
@tv-lh9wv,정말 이게 감성이다 버스커 버스커 버전의 아파트 노래가 참 좋다,False,,0.0,0
@ArianaLola-m9d,ㄹㅇ ㄱ글 에서 벳프리 보면 다른거 눈에도 안들어옴 그냥 다시보면 되니까 개이득임 ㅋㅋㅋㅋㅋ,True,@tv-lh9wv,1.0,0
@칭챙총-l5b,장범준 사랑해요 💖💕,False,,0.0,0
@칭챙총-l5b,장범준 응원하고 사랑하는 사람 모두 손! ✋,False,,0.0,0
@집착펭수,아파트코인탑승,False,,0.0,0
@user-won.,멜로디가 뽕끼가 들어가서 그런가 더 신나는 느끼ㅁ,False,,0.0,0
@たきやま殿,슈스케시절 버스커 느낌나서 너무 좋음,True,@user-won.,4.0,0
@1930s-v4m,​@@たきやま殿ㅇㅈ,True,@user-won.,4.0,0
@leohan6545,슈스케때 동경소녀 느낌남 ㅋㅋ,True,@user-won.,4.0,0
@DouglasPercival,ㄱ글 에서 벳프리 이 ㅓㅇ도로 유명했음?  내 듣보잡인줄 알았는데 ㄷㄷ,True,@user-won.,4.0,0
@yakki_tv,리모델링 아파트,False,,0.0,0
@김성근-r1s,난 로제파스타 보다 된장술국같은 아파트가 더 좋다,False,,0.0,0
@Tiramisu_Killer,제일 좋아하는 곡인데 이렇게 리메이크라니..!!❤❤,False,,0.0,0
@EasyPawLover,원곡 다 망쳐놨네 창법 안 바꾸냐,False,,0.0,0
@eyk5302,라이브도 보고싶어요!❤,False,,0.0,0
@paransol,리모델링 아파트 미쳤다,False,,0.0,0
@강형입강,굿,False,,0.0,0
@철수-o6m,로제 vs 장범준의 아파트.. 어디가서 살아야하나 ㅋ,False,,0.0,0
@mijinsun5473,듣기도 전에 머리속에서 자동재생으로 한번 듣고 옴 🎉,False,,0.0,0
@kimjhh,살아있었구나 형,False,,0.0,0
@asdqi-w4c,버스커버스커 감성이네,False,,0.0,0
@yeeyuu7542,apt apt apt,False,,0.0,0
@chanumin4911,형 살아계셨군요,False,,0.0,0
@jiyeoning,그래서 재건축 재개발 리모델링 구축 뭐가 맞는거임,False,,0.0,0
@davidjungminnoh5561,재건축이라니ㅋㅋㅋㅋㅋ신축이 날아다니는데 이게무슨일인가했으나ㅋㅋㅋ이런 재건축이라면 탐날수밖에🫰,False,,0.0,0
@doubleroga9781,그래 이거거든…,False,,0.0,0
@hanny_hae,"finally,the original apt🎉😂",False,,0.0,0
@김칠성녀,아..<br>좋아요.<br>역시 장범준,False,,0.0,0
@_andresiniesta6542,장범준 장봄준에 이어 아파트 재건축 ㄷㄷ,False,,0.0,0
@홍성태-o4e,아파트 국민가요 ㅎㅎ 좋아요,False,,0.0,0
@dbscoqls1014,범준이가 좋아하는~ 아 이게 아니야?,False,,0.0,0
@jhyunchu,ㅋㅋㅋㅋㅋㅋㅋㅋ,True,@dbscoqls1014,1.0,0
@ooksgookim5508,아 가사....ㅋ   전화하면     속삭이던 너의 목소리 인데..왜  기다리던 너의 목소리야...ㅋㅋ  옥의 티..ㅋ,False,,0.0,0
@SiANs,"정말 그리웠던 버스커버스커 감성,,<br>재건축 범준아파트<br>너무 좋다ㅠㅠ",False,,0.0,0
@frkk500,이거 근데 진짜 로제보다 먼저 나왔으면 개 떡상 했을건데<br><br>장범준 안목 또 한번 조명되고<br>벚꽃연금에 이어<br>아파트로 아파트 사는 장범준,True,@SiANs,2.0,0
@GlynnisPrecious,ㄱ글 에서 벳프리 진짜 보다보면 빠져든다 라이브에 수위도좋고 외모도 좋고 삼박자 지렀으,True,@SiANs,2.0,0
@주오아빠,으쌰라 으쌰! 으쌰라 으쌰!!!❤🎉😂,False,,0.0,0
@jok-k3t,으흐 샤으라으하아아 으쌰하으아,True,@주오아빠,1.0,0
@lywhite2468,아파트 신축 구축 재건축 ㅋㅋㅋㅋ 다양하네,False,,0.0,0
@dkyudkyu213,이거지. 누가해주나 했는데 찰떡입니다👏🏻,False,,0.0,0
@제임스르브론-p2q,장범준 목소리에 잘 흘러가네요,False,,0.0,0
@yjd7923,이게 무슨일이야!!!,False,,0.0,0
@2L아빠,MZ님들아 우리땐 이거였습니다~~!!,False,,0.0,0
@이건하-s4t,야구장 가는 mz들도 이거라고 생각해요,True,@2L아빠,1.0,0
@user-mk9yp9vk5r,너무 신나요❤,False,,0.0,0
@oole415,으쌰라 으쌰,False,,0.0,0
@레니스튜디오,로제는 신축이고 <br>장범준은 재건축?,False,,0.0,0
@SiANs,"뼈대 튼튼한 구축아파트<br>매수해서 리모델링 올수리 때려버린<br>까리한 범준아파트,,너무 좋음",False,,0.0,0
@ssjune98,아파트아아아아아아아 허어어어어어어,False,,0.0,0
@a1a2a3a4_a5,ㅋㅑ 좋다 막걸리 한잔혀,False,,0.0,0
@leeks0990,로제가 재건축이면 장범준은 리모델링이다<br>재건축은 순살일수 있지만 리모델링은 순살은 아니지,False,,0.0,0
@함형주-q5n,버스커네 그냥 ㅋㅋㅋ,False,,0.0,0
@길수-o3h,역시 아파트는 이거지,False,,0.0,0
@user-vq2mw6co4x,버스커버스커 보고 싶습니다<br>노래 너무 좋아용❤,False,,0.0,0
@w3to44,재건축 성공! 🎉,False,,0.0,0
@botongwriter,재건축은 아니지. 재건축도 신축인데. 걍 부분 리모델링이라 하자. ㅋㅋ,False,,0.0,0
@나크아,노래 좋아요<br>대박 나길---,False,,0.0,0
@Dung_Su,이게 뭐람! 선물 감사합니다 🥰,False,,0.0,0
@엠씨더백수-i8v,리모델링 맛집이네,False,,0.0,0
@user-re6tu2kh1r,노래방 빨리 나왓으면~,False,,0.0,0
@한유상-v9c,노래방에도 등록 기원합니다!,False,,0.0,0
@익명-g2w8q,공식 음원으로는 1031일만에 복귀 하셨네요 많이 기다렸습니다 형님 ㅠㅠ,False,,0.0,0
@xestia2749,계산기 두들기니 거진 2년 10개월 ㄷㄷ,True,@익명-g2w8q,5.0,0
@zzit_drumtong,ㅋㅋㅋㅋㅋㅋㅋㅋㅋㅋㅋㅋㅋ 3년 안채운게 어디노,True,@익명-g2w8q,5.0,0
@user25888,제대햇노,True,@익명-g2w8q,5.0,0
@이주영-c8g,@@xestia2749,True,@익명-g2w8q,5.0,0
@김유주-f2j,진짜 장범준님 목소리는 누구도 대체할 수 없는 것 같아요 ㅜㅜ 정말 무지하게 유니크하고 좋음 ㅜㅜ(오늘윤하신곡3곡나왔어요,True,@익명-g2w8q,5.0,0
@alphamaking9171,한국은 역시 신축보단 재개발 아파트!,False,,0.0,0
@제주숭이,노래가 더욱 흥겨워진듯,False,,0.0,0
@user-in5tv2cy8h,신축 아파트도 좋지만 재건축 아파트도 좋네요ㅎㅎ,False,,0.0,0
@Jinddo.,그게 그거아님?,True,@user-in5tv2cy8h,3.0,0
@Jinddo.,로제가 재건축<br>장범준은은 리모델링이라 해야함<br>뼈대는 그대로 남았으니,True,@user-in5tv2cy8h,3.0,0
@frkk500,"이거 근데 진짜 로제보다 먼저 나왔으면 개 떡상 했을건데<br><br>장범준 안목 또 한번 조명되고<br>벚꽃연금에 이어<br>아파트로 아파트 사는 장범준",True,@user-in5tv2cy8h,3.0,0
@cchocopie,"아직은 윤수일 아파트 오리지널이 더 좋네<br>편곡 하이브리드 메탈버전도 누군가 업뎃 부탁, 무지 좋을 것 같음",False,,0.0,0
@habichn,ㅠㅠ흑 기대 엄청많이해서 그런가 아쉬워,False,,0.0,0
@그누누,가즈아,False,,0.0,0
@maestrochoi6000,노래에 목소리가 잘 어울리네요.,False,,0.0,0
@엄창현-z1g,와우,False,,0.0,0
@eolyeo1174,가즈아!!!!,False,,0.0,0
@dps6858,1등,False,,0.0,0
@GK_KOOSILLA,드디어....,False,,0.0,0
