author,comment,is_reply,reply_to,reply_count,is_spam
@Kitty-d4g4z,이번 영상은 특히 더 너무너무 사랑스러운 카야라니🥹❤️ 독자코 이모도 선물을 줄수만잇다면.. 늦었지만 생일축하해 카야라니💕💕 헬렌도 너무 고생하셨어요~~~!!,False,,0.0,0
@DuuuuLee,"<a href=""https://www.youtube.com/watch?v=YFIk2-Xx8gI&amp;t=127"">2:07</a> 벤지 기강잡는 울라니…😍😍🫴🫴",False,,0.0,0
@오아시스-q6d,"호주도 감기 걸리기 딱 좋은 날씨군요.. 일본도 20도로 엄청 덥다가 5도까지 떨어졌다가 갑자기 비오고 갑자기 강풍 불고... 다들 감기에 무슨 바이러스에 장난 아니에요ㅠㅜㅠ 몸 조심하시구 라니 브페페 하던 게 1년도 안 된 것 같은데 말도 너무너무 잘하고.. 바이링구얼 아가.. 어린데도 똑부러지고 카야도 라니도 천성이 착한 게 느껴져서 넘 기여버용,, 흑흑",False,,0.0,0
@seoyoungpark9645,"<a href=""https://www.youtube.com/watch?v=YFIk2-Xx8gI&amp;t=618"">10:18</a> 라니 Fㄹ ㅔ젠 시작🎁<br><a href=""https://www.youtube.com/watch?v=YFIk2-Xx8gI&amp;t=649"">10:49</a> 그라데이션 왕왕😡<br><a href=""https://www.youtube.com/watch?v=YFIk2-Xx8gI&amp;t=655"">10:55</a> 솜방망이 쾅쾅👊",False,,0.0,0
@qwmmzx,영상초반에 라니는 어떤 이유로 저렇게 큰 시계를 아빠시계를 차고있는건지 1일 1라니 하다가 뒤늦게 궁금해지네ㅋㅋㅋㅋㅋㅋㅋㅋㅋㅋㅋㅋㅋㅋㅋㅋㅋㅋㅋㅋㅋㅋㅋㅋㅋ,False,,0.0,0
@KaiaLani,ㅋㅋㅋㅋㅋㅋㅋㅋㅋ 아빠 시계를 맨날 차고 싶은 라니 ⌚️,True,@qwmmzx,1.0,0
@looc631,"<a href=""https://www.youtube.com/watch?v=YFIk2-Xx8gI&amp;t=310"">5:10</a> 잠든 라니 너무 귀엽다 진짜..",False,,0.0,0
@스승-w4t,K-장녀ptsd로 내 생일에 우는 동생 + 내 생일에 동생 생일 챙김 시츄에이션 보고 가슴 떨렸는데<br>오히려 카야는 너무너무 아무렇지도 않게 신나하고 라니 생일도 같이 챙겨주고 나보다 내면이 성숙한 아기야…🥹,False,,0.0,0
@스승-w4t,"<a href=""https://www.youtube.com/watch?v=YFIk2-Xx8gI&amp;t=645"">10:45</a> 여기두…아빠랑 같이 라니 놀리는 게 넘 화목해보임 ㅋㅋ ㅠㅠ",True,@스승-w4t,1.0,0
@히하-i4k,카야를 처음 본지가 한 3살~4살 때였던 것 같은데… 어느덧 일곱 살이 되었다니…~ 남의 집 아이는 역시 빨리 크네요… ㅜㅜ 생일 축하해 카야~ 라니~,False,,0.0,0
@rylee-w2p,"<a href=""https://www.youtube.com/watch?v=YFIk2-Xx8gI&amp;t=479"">7:59</a>~<a href=""https://www.youtube.com/watch?v=YFIk2-Xx8gI&amp;t=484"">8:04</a> 여기서 라니 눈 감았다 뜨는거 너무 매섭고 앙큼해서 귀엽다...ㅋㅋㅋㅋㅋㅋ 쪼그만 아기한테서 새로운 감정, 표정이 보일때마다 너무 사랑스러움... 임신하고 두 아이 생일까지 너무 힘드셨을텐데 정말 고생하셨어요🥹 덕분에 카야라니의 귀엽고 행복한 모습 볼 수 있어서 기쁩니당",False,,0.0,0
@정코,"<a href=""https://www.youtube.com/watch?v=YFIk2-Xx8gI&amp;t=731"">12:11</a> 카야가 라니 이쁜옷 보여주려고 소파 끄니까 바로 발라당 ㅋ 그치만 강한 둘째는 아무일 없을 무 ㅋㅋ",False,,0.0,0
@하이어터-j5k,아가야 너무 행복한 순간을 보내고 있는거 같아서 한국에 있는 언니 마음이 너무 따뜻해진다❤<br>어릴때 저런 추억이 없는 저로선 너무 고맙고 감동적인 영상이네요😮😮 앞으로도 좋은 컨텐츠 많이 부탁드려요 덕분에 많이 웃고 조금 울었습니다😂,False,,0.0,0
@R.a.p.a.m,"<a href=""https://www.youtube.com/watch?v=YFIk2-Xx8gI&amp;t=545"">9:05</a>  앙큼 cat girl 🥺🤍",False,,0.0,0
@R.a.p.a.m,"<a href=""https://www.youtube.com/watch?v=YFIk2-Xx8gI&amp;t=127"">2:07</a> 아 ㅋㅋㅋㅋㅋㅋㅋ 미쳐 ㅠㅠ",False,,0.0,0
@냥냥-j1x3g,어떻게 이렇게 귀엽지...? 믿을 수가 없다.... 너무 부럽다.... 너무 부러워... 너무 귀여웡.....,False,,0.0,0
@별사탕-l4z,하디마!!!~<br>오…. 오..옹.옹<br>가족들 모두가 다 너무 사랑스러워용 ㅠ💕🥹,False,,0.0,0
@김서연-v7m,카야가 너무 너무 착하구 예쁘다..🥹🥹,False,,0.0,0
@XX-ci7yf,"몇번을 보는지 하 너무귀여워 <a href=""https://www.youtube.com/watch?v=YFIk2-Xx8gI&amp;t=606"">10:06</a> 나니꺼는? 하면서 콩만한 손으로 제스쳐하면서 으쓱하는것도 너무귀여워…🫠🫠🫠",False,,0.0,0
@장지혜-s7v,헬렌 너무너무 수고했어요 ❤❤❤ 진짜 퀸 헬렌 천사,False,,0.0,0
@포포-k8h,자막에서 엄마의 사랑이 너무 잘 느껴져서 기분이 너무 묘함…ㅠㅠ 해쭈고모 영상이랑 느낌이 진짜 다름 거기도 사랑이 한웅큼 느껴지지만 헬렌영상에선 엄마의 관점이라 당연한 말이지만 너무 엄마의 사랑이 느껴져서 울컥하게댐 ㅠㅠ 울 엄마도 나를 이런 시각으로 보겠지,False,,0.0,0
@happy_hippo_,"<a href=""https://www.youtube.com/watch?v=YFIk2-Xx8gI&amp;t=655"">10:55</a> 라니 토르 모먼트 ㄷㄷ ㅜ<br>우움!! 라니 쁘레젠트 👊",False,,0.0,0
@케로피-d3p,라니 언제 이렇게 컸어요? ㄷ ㄷ ㅠ ㅠ,False,,0.0,0
@RaRa-3-,아짖짜너부너무너무너무너무너무귀엽다 아 미쳤다… 귀여워서 깨물고싶다는 말이 괜히 있는 말이 아니구나 𝙈𝙞𝙘𝙝𝙞𝙣..,False,,0.0,0
@배꼽티비-o7g,카야는 헬렌 90인데 라니는 60 현규 40느낌 ㄱㅇㅇㅠㅠ,False,,0.0,0
@dongramii_,"<a href=""https://www.youtube.com/watch?v=YFIk2-Xx8gI&amp;t=545"">9:05</a> 아 이 표정 어쩔거야ㅋㅋㅋㅋㅋㅋ너무 귀여워!!!!!!!!!!!!!! <a href=""https://www.youtube.com/watch?v=YFIk2-Xx8gI&amp;t=581"">9:41</a> 라니는 점점 카야닮아 표정이 다양해지는 것 같다 사랑스럽다😍 그리고 본인 생일 같이 쉐어하기 싫었을 수도 있는데 너무 기분 좋게 축하해주는 카야 너무 마음이 예쁘다....카야 최고야 💖💖",False,,0.0,0
@dongramii_,ㅋㅋㅋㅋㅋㅋㅋㅋ너무 귀엽다ㅋㅋㅋㅋㅋㅋㅋㅋ하긴 저 나이땐 일년 손꼽아 기다리던 생일이 눈 감았다 뜨니 사라져 버리면 세상이 무너진 기분이겠지ㅋㅋㅋㅋㅋ카야라니 나이터울이 있는데 하루차이 생일인 것도 너무 신기하네용!!!!,False,,0.0,0
@뭉뭉-g5y,아침에 생일 없어져서 히에엥 우는 라니 너무 귀엽다 자다 일어나서 산발인 것도 사랑스럽다💟,False,,0.0,0
@sel5576,라니 아침에 일어나보니 생일 지난 걸 인지하고 우는 모습 왤케 웃퍼ㅜㅜ😂 너무 슬프게 울잖아🥹 근데 또 귀여워서 웃음이 피식 너무 사랑스러워ㅓㅓ🫶🏻🫶🏻,False,,0.0,0
@pinkvenomii,ㅋㅋㅋㅋㅋ 아 라니 귀여워 ㅠㅠ <br>저도 초딩 때 생일 날 늦게 퇴근하시는 엄마 오면 케이크 초 불고 축하하려고 기다리다가 잠들어버린 적이 있거든요 ㅋㅋㅋㅋㅋ 그러다 새벽에 깼는데 생일이 지나갔다는 걸 알고 너무 슬퍼서 누운채로 눈물을 흘리며 &#39;나는 세상에서 제일 불행한 아이야...&#39; 라고 계속 중얼거렸더니 엄마 아빠가 깨셔섴ㅋㅋㅋㅋ 아이스크림 하나 쥐어주시고 절 달래면서 내일 케이크 먹자고 하셨었어요<br>어린 시절 서러웠던 그 순간이 생각나네요 ㅋㅋㅋㅋㅋㅋㅋ<br>그땐 생일 축하 제때 못하고 넘어가는 게 세상 무너지는 급의 큰 사건이었는데 지금은 나이 먹는 것이 두려워 생일이 싫어진 어른이 되었습니다...ㅎㅎ,False,,0.0,0
@수영-z9i,옴마아빠 진짜 대단한 분들이세요😂😂 선물없다고 내년까지 기다리라고 하면서 방에 들어가 자자고 포커페이스ㅋㅋㅋㅋㅋㅋㅋㅋㅋㅋㅋ <br>저는 너무 긔여워서 못참겠어요 세상 사랑둥이ㅜㅜ 아기라니 좀만 천천히 커줘라ㅠㅠ 당황한 표정 화난표정 행복한 표정 미친듯이 이뿌다ㅠㅜㅜ❤❤,False,,0.0,0
@hangarden,너무 귀여워ㅠㅠㅠㅠㅠㅠㅠㅠㅠㅠㅠ 너무너무 사랑스러운 가족💖💖💖💖,False,,0.0,0
@eddu_S,와 라니가 벌써 3살? 거짓말같다.... 시간 너무빨라,False,,0.0,0
@rozie9569,카야랑 라니 이웃집 토토로에 나오는 사츠키랑 메이 같아요!! 관계성도 그렇고...라니는 특히 얼굴도 하는 행동도 메이 같아서 너무 귀여워요ㅋㅋㅋ쿠ㅜㅜㅜㅜ,False,,0.0,0
@kimj7733,난 모르겠다 이번편은 왜 헬렌 힘든데 주위 사람들 눈치 없이 구는 것 처럼만 보여서 ㅠㅠㅠ,False,,0.0,0
@HH-sw8dy,"<a href=""https://www.youtube.com/watch?v=YFIk2-Xx8gI&amp;t=717"">11:57</a> 아 카야 너무 귀여운거 아니냐구요 진짜ㅠㅠㅠ 영상 킬포가 몇갠지 도대체 몇번을 보는건지 모르겠닼ㅋㅋㅋㅋ",False,,0.0,0
@ykddkk1966,🎉너무 귀여운 카야 라니 ㅠㅠㅠ❤❤,False,,0.0,0
@령-u3g,헐 인급동 올랐어요ㅜㅜ,False,,0.0,0
@green_n_poise,라니 우는거 맴찢…ㅠㅠㅠ 라니야 울지말고 항상 행복하자~~❤,False,,0.0,0
@1_U506,"<a href=""https://www.youtube.com/watch?v=YFIk2-Xx8gI&amp;t=637"">10:37</a> 힝구힝구된 라니<br><a href=""https://www.youtube.com/watch?v=YFIk2-Xx8gI&amp;t=648"">10:48</a> 그라데이션 분노 라니<br><a href=""https://www.youtube.com/watch?v=YFIk2-Xx8gI&amp;t=682"">11:22</a> 당황한 주먹 라니<br>계속 여기 돌려보고 있어요… 라니코 진짜 매력 어쩔 거야!!!!!!!",False,,0.0,0
@tdarahajima,"<a href=""https://www.youtube.com/watch?v=YFIk2-Xx8gI&amp;t=545"">9:05</a> 꿈뻑 하는 눈빛이 넘 귀엽다ㅠㅠㅠ",False,,0.0,0
@잉앵송,ㅋㅋㅋㅋㅋ 첨 봤는데 라니 독보적인 캐릭터네요 ㅋㅋㅋ 사랑스러운 라니,False,,0.0,0
@현-k2z9t,아 아기들 쿠로미 셋업 너무 귀엽고 엄마가 넘 센스 있어요ㅠㅠㅠㅠㅠㅠㅠㅠㅠㅠ,False,,0.0,0
@vveeqq,우왕 이 영상 인급동 탔네,False,,0.0,0
@user-bb5pu5kc1z,악ㅋㅋㅋ 카야 빅시스터지만 치아 하나가 없네 ㅋㅋㅋ 라니 우는 것도 넘 귀엽다 😂,False,,0.0,0
@user-bb5pu5kc1z,"<a href=""https://www.youtube.com/watch?v=YFIk2-Xx8gI&amp;t=373"">6:13</a> ㅋㅋㅋㅋㅋㅋㅋㅋㅋ",False,,0.0,0
@XX-ci7yf,라니 진짜 아기같이 생겼어요 아기 맞는데 걍 아기의 정석 똥글똥글 너무귀여워 미치겠슨 ㅜㅜ,False,,0.0,0
@명주-i7l,"<a href=""https://www.youtube.com/watch?v=YFIk2-Xx8gI&amp;t=362"">6:02</a> 럭키헬렌이자나~~😂😂",False,,0.0,0
@독기-r3m,"<a href=""https://www.youtube.com/watch?v=YFIk2-Xx8gI&amp;t=309"">5:09</a> 진짜진짜귀여운라니🥺",False,,0.0,0
@the_lastwaltz101,으아아악 미치겠다 라니 너~~~무 사랑스러워~~~❤❤❤❤❤,False,,0.0,0
@off_shoes,라니 앙 다문 입이 너무 귀엽다.. 어린이 그 자체야,False,,0.0,0
@designermono,밥잘먹는 카야 너무 귀여워잉,False,,0.0,0
@키킼-g5p,"라니 깡패모먼트 모음<br><a href=""https://www.youtube.com/watch?v=YFIk2-Xx8gI&amp;t=104"">1:44</a>   <a href=""https://www.youtube.com/watch?v=YFIk2-Xx8gI&amp;t=126"">2:06</a>   <a href=""https://www.youtube.com/watch?v=YFIk2-Xx8gI&amp;t=478"">7:58</a>  <a href=""https://www.youtube.com/watch?v=YFIk2-Xx8gI&amp;t=646"">10:46</a>  <a href=""https://www.youtube.com/watch?v=YFIk2-Xx8gI&amp;t=903"">15:03</a>",False,,0.0,0
@이름사용자,미치게 귀엽다....,False,,0.0,0
@malgm,"<a href=""https://www.youtube.com/watch?v=YFIk2-Xx8gI&amp;t=77"">1:17</a> 생일이라 기분 좋은 라니<br><a href=""https://www.youtube.com/watch?v=YFIk2-Xx8gI&amp;t=285"">4:45</a> 라니 아직 완전 베이비구나 👶🏻<br><a href=""https://www.youtube.com/watch?v=YFIk2-Xx8gI&amp;t=378"">6:18</a> 생일이 사라져서 서러운 라니 너무 귀엽네 진짜 😭<br><a href=""https://www.youtube.com/watch?v=YFIk2-Xx8gI&amp;t=421"">7:01</a> …카야라니 벌뜨데이 (소심)<br><a href=""https://www.youtube.com/watch?v=YFIk2-Xx8gI&amp;t=525"">8:45</a> 시무룩 라니<br><a href=""https://www.youtube.com/watch?v=YFIk2-Xx8gI&amp;t=605"">10:05</a> 라니 놀리기 대작전 눈물 참는 거 맘 아픈데 너무 귀여워서 왜 놀리는지 매우 알겠어..🥹",False,,0.0,0
@뭉망-c9o,각자 닮은 캐릭터들 좋아하는 귀염둥이들 😂😂😂,False,,0.0,0
@주-l9p,셋째 라니한테 얼마나 기강잡힐까 ㅋㅋㅋ 벌써 흐뭇하다,False,,0.0,0
@zvzvbzvzv,인형이 말하는 줄.....말 왜이렇게 잘해🥲♥️,False,,0.0,0
@HH-sw8dy,"<a href=""https://www.youtube.com/watch?v=YFIk2-Xx8gI&amp;t=287"">4:47</a> 베이비 코알라 롸니~~~!!! 넘 귀엽 ㅠ🧸🧡 카야 라니 생일축하해ㅎㅎ🎉❤️ 셋째 임신하구 애기들 파티 준비한 헬렌 언니도 넘 고생했어용🥹👍🩵",False,,0.0,0
@h_m_-__n566,ㅋㅋ아 아빠 왜저래~~~~~~,False,,0.0,0
@1mong_2,"수능 끝나고 정주행하고잇어효,, 행복하다,, 영상 많다,,",False,,0.0,0
@허니유리-c5v,라니 놀리지마라요 ㅠㅠㅠㅠㅠㅠ귀여워죽겠네🩷 애기가 깡다구가 있어서 장난두 참아준댜ㅎㅎㅎㅎㅎ😂❤ 근데 울고같은 라니 모습에 이모 맘이 아포~~~ㅋㅋㅋㅋㅋ💕,False,,0.0,0
@연-j3q,카야 이빨도 귀여워..❤❤,False,,0.0,0
@연-j3q,라니 말하는거 ......귀여워....🫶🫶,False,,0.0,0
@Saltysweet-ip5ki,ㄲㅋㅣㄱㅋㄲㅋㅋ 라니 진짜 성격 재밌다<br>기개 쩌는 성격<br>귀여워라,False,,0.0,0
@김나나-v4m,라니 어쩜 이렇게 귀엽니이잉❤❤ 말도잘하구,False,,0.0,0
@nomoneyhappybaeksuk,카야라니 생일축하해 ❤ 현규헬렌 고생해😂,False,,0.0,0
@yummy_cookie_owo,"<a href=""https://www.youtube.com/watch?v=YFIk2-Xx8gI&amp;t=641"">10:41</a> 에궁..귀여워라... 아구..",False,,0.0,0
@콩콩-l4h,카야가 라니만하던때가 엊그제 같은데 라니가 크고 이제 카야가 완전 언니 티나네요 아 귀여운 카야라니 베이비 생일축하해❤️,False,,0.0,0
@현세-t3p,"<a href=""https://www.youtube.com/watch?v=YFIk2-Xx8gI&amp;t=828"">13:48</a> 스윗 송서방^^",False,,0.0,0
@userdkssud,ㅋㅋㅋㅋㅋㅋㅋ,True,@현세-t3p,1.0,0
@MEME-qc6te,라니 생일 지나서 선물 없다고 놀리니깐 눈물 그렁그렁해져서 꽁알거리는거 너무 맘아픈데 너무 귀여워ㅠㅠ근데 맘아파ㅠㅠㅋㅋㅋ왜놀리는지 너무 알겠어요ㅋㅋㅋㅋㅋㅋㅋ귀염둥이들 생일축하해❤,False,,0.0,0
@랄랄루-y9w,라니 언제 이렇게컸어 뱃속에서부터봤는데 아기야ㅠ🚰·̫🚰 너무예뻐,False,,0.0,0
@pwerp-m5j,너무너무너무너무너무너무 이쁜 카야라니~~ 늦었지만 생일 축하해🎉🎉🎉 이뿌니들❤❤,False,,0.0,0
@동이라능,너무 착한 카야 ㅠㅠ 사랑해,False,,0.0,0
@enjoy7874,헬렌 이제 유튭 프사 라니 잇는걸루해줘영😮❤❤❤,False,,0.0,0
@TaraElton,ㅋㅋㅋㅋㅋㅋ ㄱ글 에서 벳프리 모솨서 잼민이 발정났누?,False,,0.0,0
@TaraElton,ㄱ글 에서 벳프리 이 ㅓㅇ도로 유명했음?  내 듣보잡인줄 알았는데 ㄷㄷ?,True,@TaraElton,1.0,0
@Etude-dream,카야 라니 생일이 이틀 연속이니 고팸의 경사로다,False,,0.0,0
@정코,"<a href=""https://www.youtube.com/watch?v=YFIk2-Xx8gI&amp;t=616"">10:16</a> 예전 똥몰카 때 스스로 닦으려는 라니 때처럼 문제해결능력 발휘해서 본인 선물 챙길줄 아는 라니 ㅋ 절대 울지않고 모두에게 물어봄 ㅋ 저 의지라면 뭔들 못하랴😂",False,,0.0,0
@정코,라니 입장에서 정리해보자면 자기 생일에 자느라 즐기지 못함 + 언니 생일 꼽사리 + 생일선물로 농락당함. ㅋ 이 설움을 잊지 말아라. 둘째는 강해야한다! ㅋㅋㅋ,False,,0.0,0
@현아입니다,너무 귀엽다 ㅠㅠㅠ카야라니 생일 축하해 🎉❤,False,,0.0,0
@jmjo7552,라니 슬프고 허ㅏ나는데 눈물대신 콧물 흘리는거 너무귀여워😂,False,,0.0,0
@pupplejoah,라니가 말을 해요.....?????<br>라니 언제 말 배운거야ㅠㅠㅠㅠㅠㅠㅠ<br>이제 걸어다니는 애긴줄ㅜㅜㅜ,False,,0.0,0
@userdkssud,"<a href=""https://www.youtube.com/watch?v=YFIk2-Xx8gI&amp;t=581"">9:41</a> 행복해하는 표정 너무 사랑스러워요❤ 평생 저런 표정만 지었으면 좋겠다",False,,0.0,0
@pddob,아 라니 너무 콩알..귀엽고 웃기고 절대로 막을 수 없는 막냉이한테 동생이 생기면 또 어떻게 될 지 궁금하다,False,,0.0,0
@실씨잠,인급동! 축하애요요오오🎉🎉,False,,0.0,0
@rounda875,카야라니 영상 자막 보다보면 헬렌이 아이들을 얼마나 사랑하고 아끼는지 보여요... 과하지않고 적당히 담백해서 더 좋아요💗,False,,0.0,0
@user-re3on1vn1w,라니 갓난아기엿을때가엊그제같은데벌써3..ㅠㅠ❤,False,,0.0,0
@강예진-n9s,카야라니 너무 ㄱ ㅣ엽 ㅠㅜ힐링,False,,0.0,0
@user-jv1uy7xp3z,"<a href=""https://www.youtube.com/watch?v=YFIk2-Xx8gI&amp;t=970"">16:10</a> 선물 줄 맛 나겠다 진짴ㅋㅋㅋㅋㅋㅋㅋㅋㅋㅋㅋㅋㅋ 카야 왤케 잘햌ㅋㅋㅌㅋㅋㅋㅋㅋ",False,,0.0,0
@Drahiaw,"<a href=""https://www.youtube.com/watch?v=YFIk2-Xx8gI&amp;t=303"">5:03</a> 와 진짜 사랑스럽게 생겼다 ㄹㅇ 천사 아닌가💛",False,,0.0,0
@hyohyo9586,인급동 진출 추카해옹🎉🎉🎉,False,,0.0,0
@relittlebit3,밥 먹다 잠든 라니 천사다 천사,False,,0.0,0
@깨굴굴,라니 진짜 많이 컸다ㅋㅋㅋ 말이 엄청 늘었넹 귀여워❤,False,,0.0,0
@kda_u,곤란하다. 너무 귀엽다 너희 ㅠ ㅠ ㅠ ㅠ ㅠ ㅠ,False,,0.0,0
@-undefined-null,헐 영상 오랜만에 보는데 갑자기 라니가 또박또박 말을 해요................ 아무리 애들이 눈깜빡할새에 큰다지만...,False,,0.0,0
@chomang229,귀찮아서 가족다같이 모일때 둘이 같이 생일 축하 해줄법도한데<br>따로 아이 한명한명 생일파티해주고 가족모임에서 또한번 해주는게 넘 정성스럽고 멋진 엄마인 것 같아요 헬렌~ 수고많앗오요,False,,0.0,0
@예진-v8l,아 라니 성격 진짜 독보적이다ㅋㅋㅋㅋㅋㅋㅋ 왜 현규헬렌이 계속 장난치는지 알 것 같아요 반응이 너무 귀엽고 웃김ㅋㅋㅋㅋㅋㅋ,False,,0.0,0
@조아윤-b8n,"<a href=""https://www.youtube.com/watch?v=YFIk2-Xx8gI&amp;t=387"">6:27</a> 부아가 치미는 라니",False,,0.0,0
@이슬아-k1s,아이고 ㅠㅠㅠㅠ 이번에도 너무 고생하셨어요 &gt;.&lt; ㅠㅠ,False,,0.0,0
@윤희주-d4u,카야 이빨 빠진거 졸귀탱,False,,0.0,0
@윤희주-d4u,라니 말하는거 왤케 생경하지ㅋㅋ귀여워,False,,0.0,0
@OvercomeTogether,어떡해완전물만두 ㅠㅠㅠㅠㅠㅠ❤❤❤❤,False,,0.0,0
@가고가하,아 라니가 진짜 개웃김 ㅋㅋㅋㅋㅋㅋㅋㅋㅋㅋㅋㅋㅋㅋ큐ㅠㅠㅠ아 진짜 미치겟다,False,,0.0,0
@재쥬이,라니야 벌써 이렇게 컸구나🫳🫳🫳,False,,0.0,0
@woznxjucrm,"<a href=""https://www.youtube.com/watch?v=YFIk2-Xx8gI&amp;t=274"">4:34</a> 아 진짜 너무 귀여워어😂",False,,0.0,0
@수연-v9q,라니 말하니까 매력 미쳤따..🤍이모가 사랑해,False,,0.0,0
@user-koddackji,헬렌 몸 잘 챙기시고 있죠? 헬렌이 1등으로 중요해!!!,False,,0.0,0
@engel5078,라니 태어난 게 엊그제 같은데 언제 이렇게 말 잘하는 어린이가 됐지!!!!!!!!! 너무너무 귀엽고 사랑스러워... 카야라니 사랑해❤,False,,0.0,0
@user-koddackji,라니 카리스마 짱이다,False,,0.0,0
@hhll5392,애기들 너무 귀여워요ㅋㅋㅋ 그리고 생일챙겨주시는 헬렌님 너무 다정🥹✨️,False,,0.0,0
@user-ni2cu2vh9e,울 강아지들~~ 생일 행복하게 보낸 것 같네~❤<br>독자코들에게 행복을 주는 카야라니❤<br>태어나줘서 고마워~~❤<br><br>+ 애기들 생일 정성스레 챙겨주시는 헬렌님 넘 멋져요 고생많으셨어요❤❤,False,,0.0,0
@user-koddackji,라니가 문장을 구사할만큼 커버렸다는 게 왤케 슬프고 신기하고 대견하지 라니가 왜 이렇게 좋지 라니야 이모가 사랑해…,False,,0.0,0
@Yahoyahoyaya,"<a href=""https://www.youtube.com/watch?v=YFIk2-Xx8gI&amp;t=651"">10:51</a> 아닠ㅋㅋㅋ 카야웃음소리 헬렌이랑 똑갘앸ㅋㅋㅋㅋㅋㅋ",False,,0.0,0
@zzezeea,라니는 성격있네 역시 둘째<br>카야는 너무 순하고 착하고,False,,0.0,0
@김크롱-q5d,"<a href=""https://www.youtube.com/watch?v=YFIk2-Xx8gI&amp;t=268"">4:28</a> 넘어져서 다리 아팠던 라니 … 시무룩한 표정이 너무 귀엽다 ㅜㅜㅜㅜㅜㅜㅜㅜㅜ",False,,0.0,0
@김세하-g5g,헬렌의 시선들이 너무 따뜻해요<br>영상을 보면 아주 어렸을 때의 기억들이 조금씩 생각나요 나도 저렇게 사랑받았지 하면서요…🥹,False,,0.0,0
@정코,현규님이 카야한테 하지 않았던 장난을 라니한테는 한다는게 너무 이해됨 ㅋㅋㅋ 타격감이 쩔고 뒷끝이 없음 ㅋ 놀리든 말든 선물만 받으면 해피해지는 단순라니🥰,False,,0.0,0
@user-gw9wb4zc3o,라니는 정말로 세서0위 반휘혈의 아우라가 있음..ㅋㅋㅋㅋㅋㅋㅋㅋㅋ,False,,0.0,0
@fnvjxmlove,라니 보는데 예전 조카들 생각나네요 ㅋㅋㅋㅋㅋ 진짜 애기들 놀리는거 너무 귀엽구 재미남 ㅋㅋㅋㅋㅋㅋ,False,,0.0,0
@오팔-r3v,카야랑 라니 보면 아기들도 다 각자의 타고난 성향과 기질이 있는 게 너무 신기해욬ㅋㅋㅋㅋ<br>라니는 아기인데도 눈빛만봐도 주관이 보여요ㅋㅋ,False,,0.0,0
@햄햄수터,애기들이 정말 애기답게 크는 모습이 아름다워용,False,,0.0,0
@정연주-o7p,카야라니 생일 축하했어 ❤❤❤❤,False,,0.0,0
@mandoo9453,라니 진짜 너무 귀엽고 너무 웃기다... 한 성격하는 라니...,False,,0.0,0
@Minseo0915,"<a href=""https://www.youtube.com/watch?v=YFIk2-Xx8gI&amp;t=412"">6:52</a>",False,,0.0,0
@마감해-m7c,"<a href=""https://www.youtube.com/watch?v=YFIk2-Xx8gI&amp;t=18"">0:18</a> 이 눈 깜빡깜빡 거리면서 차카니 표정 짓는게 너무 귀여움 😭😭😭",False,,0.0,0
@맹맹채,라닠ㅋㅋㅋㅋㅋㅋ진짜 돋보적 캐릭터…우리헬렌언뉘 힘내요❤❤❤❤,False,,0.0,0
@루루-q5o,인제삼촌은 친삼촌이신가요?!왜 같이 사시는지 아시는분ㅠㅠ,False,,0.0,0
@정코,현규 절친이시구요. 같은 일 하시면서 지내시는 것 같아요~,True,@루루-q5o,3.0,0
@KaiaLani,ㅎㅎ 현규코 친구이에요~,True,@루루-q5o,3.0,0
@루루-q5o,@ 꺅 감사합니다ㅎㅎ든든한 삼촌분도 같이 사시구 너무 재밌을것같아요!항상 좋은 영상 감사합니다😆,True,@루루-q5o,3.0,0
@1_U506,"ㅎㅏ 요즘 라니코 때문에 미치겠다,, 귀여워 미치겠어 으으으으으!!!!",False,,0.0,0
@user-bamdol0119,라니가 너무 귀엽다 ..,False,,0.0,0
@sbji1554,카야라니는 이렇게 사랑많이 받고자라네❤❤❤❤❤생일축하해 카야라니~~~~헬렌도너무고생했다 멋진엄마아빠🎉😂,False,,0.0,0
@inseo1509,"<a href=""https://www.youtube.com/watch?v=YFIk2-Xx8gI&amp;t=127"">2:07</a> 라니 슨배릠 기강 제대로 잡으셨다..",False,,0.0,0
@yewon__,ㅜㅜ라니 매력이 터지네ㅋㅋㅌㅌㅋ,False,,0.0,0
@정코,카야라니 외삼촌도 오랜만에 출연하셨네요~ 목소리가 좋으신 삼촌분 ^^,False,,0.0,0
@eksth5937,카야 정말 스윗리를키티ㅠㅠㅠㅠㅠ귀여어,False,,0.0,0
@정코,"<a href=""https://www.youtube.com/watch?v=YFIk2-Xx8gI&amp;t=565"">9:25</a> 이때부터 아빠만 보고 웃는거 보니 라니가 아빠를 진짜 좋아하나봐❤",False,,0.0,0
@정코,"<a href=""https://www.youtube.com/watch?v=YFIk2-Xx8gI&amp;t=680"">11:20</a> 아침에 일어나서 또 보는데 너무 웃기네 ㅋㅋㅋ 실망감에 주먹 장전하는 파이터 라니 😂",False,,0.0,0
@Itssooshin,"아가들 이웃집 토토로의 사츠키, 메이 실사판 같아요😢💖",False,,0.0,0
@정코,라니 양갈래까지 하면 그냥 실사판 되버림요 ㅋ,True,@Itssooshin,1.0,0
@Itssooshin,"<a href=""https://www.youtube.com/watch?v=YFIk2-Xx8gI&amp;t=285"">4:45</a> 엄마 품에서 잠든 라니",False,,0.0,0
@김n2z2o,"<a href=""https://www.youtube.com/watch?v=YFIk2-Xx8gI&amp;t=547"">9:07</a>  (새초롬 눈 꿈뻑꿈뻑) 내최애 장면 ㅠㅠㅠㅠ 귀여유ㅓ요 라니천사🩵🩵🩵",False,,0.0,0
@Happycat_love,❤❤,False,,0.0,0
@DDangi-e7c,라니 진짜 말 이제 엄청 트였구나 ㅜㅜㅜ애기 병아리같아,False,,0.0,0
@할머-z9e,임신 30주에 파티에 풍선에 케이크 선물까지…너무 대단한 엄마 헬렌❤ 카야라니 행복하겠다!!!,False,,0.0,0
@클로버-k4o,인재삼촌은 누구에요??,False,,0.0,0
@KaiaLani,현규 친구이에요:),True,@클로버-k4o,1.0,0
@ddunddan_bear,"<a href=""https://www.youtube.com/watch?v=YFIk2-Xx8gI&amp;t=905"">15:05</a> 벤지둥절…ㅋㅋㅋㅋㅋㅋㅋㅋㅋㅋㅋㅋ<br><a href=""https://www.youtube.com/watch?v=YFIk2-Xx8gI&amp;t=990"">16:30</a> 그니깐 아부지가 대뜸 쇼를 하고 라니가 관객인거죠…?😂<br>우리 카야랑 라니 생일 많이 축하해🎉",False,,0.0,0
@권윤주-b2w,라니 너어어어어어ㅓ어어무 귀엽다ㅠㅠㅠㅠㅠㅠ❤❤❤❤❤❤❤❤,False,,0.0,0
@wlz5234,"<a href=""https://www.youtube.com/watch?v=YFIk2-Xx8gI&amp;t=900"">15:00</a> 쪼꼬미 점프ㅠㅠㅠㅠㅠㅠㅠㅠㅠ❤❤",False,,0.0,0
@wlz5234,"<a href=""https://www.youtube.com/watch?v=YFIk2-Xx8gI&amp;t=651"">10:51</a> 카야 웃음소리 헬렌이랑 똑같애 😮😮😮😮😮😮",False,,0.0,0
@user-kp1cm8vn8c,카야가 벌써 7살이라니 ㅜㅜ,False,,0.0,0
@yewontwo,라니 너무 귀여워 !!,False,,0.0,0
@굿-g5f,카야라니 생일 축하했어🥺💜💜💜 헬렌도 진짜 고생많았어요🥺🩷🩷🩷 카야라니 안아 헬렌 안아 고팸행복해🤍,False,,0.0,0
@rocknscissor,카야 노래 왜케 잘불러요?!? 역시 고씨팸…..❤,False,,0.0,0
@잎-j9n,울막울먹 하는게 너무 귀여워가지고 미안한데 자꾸 놀리구 싶자나 ㅋㅋㅋㅋㅋㅋㅋㅋ큐ㅠㅠㅠㅠ 그리고 카야 징짜 큰언니다ㅠㅠ 라니가 초불어도 덤덤하구 생축노래두 잘부르고 ㅋㅋ,False,,0.0,0
@e.den2000,"<a href=""https://www.youtube.com/watch?v=YFIk2-Xx8gI&amp;t=648"">10:48</a> 울줄알았는데 치와와 빙의해서 꾸짖을갈!!!!!해가지고 미치겠음ㅋㅋㅋㅋㅋㅋ",False,,0.0,0
@TimekeeperSupplanter,ㄹㅇ ㄱ글 에서 벳프리 보면 다른거 눈에도 안들어옴 그냥 다시보면 되니까 개이득임 ㅋㅋㅋㅋ,True,@e.den2000,2.0,0
@CaretakerJillian-k4r,이 댓글 보고 ㄱ글 에서 벳프리 보고있는 내 인생이 레전드네 씨밬ㅋㅋㅋㅋㅋ,True,@e.den2000,2.0,0
@민달팽이-e7c,어떻게 다 자기같은 캐릭터를 죠아할까 ㅋㅋㅋㅋㅋㅋㅋ 카야는 세상 시나몬롤이고 라니는 세상 쿠로미…ㅋㅋㅋㅋ 혹시 헬렌님이 매치해준건가요?! 애들이 자연스럽게 좋아하게 된 거면 진짜 신기하네요ㅎㅎ,False,,0.0,0
@KaiaLani,ㅎㅎㅎ 카야는 원래 쿠로미였다가 시나모롤로 변경 🤣 본인도 알았나봐유,True,@민달팽이-e7c,1.0,0
@다군만두고시포도참아,역대급 귀여움이다...,False,,0.0,0
@부승관-p4s,"자기 생일인데도 라니 생일도 같이 축하해주는 카야,,, 진짜 천사 아니면 뭐야 이 아기는",False,,0.0,0
@박정현-o8l,진짜 너무너무너무너무너무 귀여워요………….. 셋째가 너무 기대된다…🤤🥰,False,,0.0,0
@user-fk2yg6oh2x,라니 진짜 불도저걑은 매력이 있다…<br>라니가 영상에서 화(?)내면 ㅋㅋㅋㅋ 나도 같이 쫄게됨ㅋㅋㅋㅋㅋㅋㅋㅋㅋ<br>카리스마 누구 닮은건지 진짜 궁금해요..라니는 동생한테 어떻게 할지도 궁금,False,,0.0,0
@hyunjungchoi5269,진짜 라니가 귀여워서 쥭을거같아.....,False,,0.0,0
@Jh8P,"<a href=""https://www.youtube.com/watch?v=YFIk2-Xx8gI&amp;t=389"">6:29</a> 난 요 억울함이 몬지 아러.........",False,,0.0,0
@cominghometoolate,"<a href=""https://www.youtube.com/watch?v=YFIk2-Xx8gI&amp;t=985"">16:25</a> 아",False,,0.0,0
@user-ht4rp6pz5x,"<a href=""https://www.youtube.com/watch?v=YFIk2-Xx8gI&amp;t=303"">5:03</a> 라니 신생아 때 얼굴 보인다..너무 귀여워",False,,0.0,0
@dan9492,"<a href=""https://www.youtube.com/watch?v=YFIk2-Xx8gI&amp;t=609"">10:09</a> 카야 놀릴 각 바로 잡고 ‘라니 생일 벌써 지났잖아~!’ 하는 거 넘 앙큼하고 언니 같구 귀여워ㅠㅜㅠ 우리 눈에는 카야도 넘 애기 같은데 이럴 때보면 카야도 4살 어린 동생을 엄청 애기같이 귀여워하는구나 싶어서 마음 따뜻해짐",False,,0.0,0
@sun-ft5fb,라니 진짜 너무 귀여워 미치겠다ㅠㅠㅠㅠ 카야라니 사랑해,False,,0.0,0
@Innerpeace_486,"<a href=""https://www.youtube.com/watch?v=YFIk2-Xx8gI&amp;t=904"">15:04</a> 라니 진짜ㅠㅠㅠㅠ 모든순간이 다 킬포야 어쩜 이렇게 짱구같이긔엽지",False,,0.0,0
@룰루랄라-l9h,"<a href=""https://www.youtube.com/watch?v=YFIk2-Xx8gI&amp;t=46"">0:46</a> 아니 이 웃음 뭐야 진짜 개구댕이곤듀님가틈",False,,0.0,0
@Happrecious,"<a href=""https://www.youtube.com/watch?v=YFIk2-Xx8gI&amp;t=707"">11:47</a> 시나모롤 시나몬롤이라고 한거 너무 귀여워여ㅠㅠㅋㅋㅋㅋㅋㅋㅋㅋ",False,,0.0,0
@moon._.starsss,아 너무 귀여워ㅜㅜㅜㅜㅜ,False,,0.0,0
@jsmds1550,미치겠다 라니코 저 순수함💕 그리고 카야 새벽부터 일어나서 본인 생일이라고 좋아하는데 저도 카야라니 생파 참석해서 화음 넣고 싶었네요🤭 날이 갈수록 라니가 말을 너무 잘해서 이모는 마음이 아얏 합니다💕,False,,0.0,0
@bbUuu0,이렇게 착하고 예뿌게 키우느라 고생한 헬렌 최고😍😍😍😍😍😍😍😍😍😍😍😍😍😍😍😍😍😍😍😍💞💞💞💞💞💞💞💞💞💞💞💞💞💞💞,False,,0.0,0
@wekfjsbc,귀여운 카야라니ㅋㅋ생일 챙기시느라 고생많으셨어욤,False,,0.0,0
@시준희-k6f,카야두 아긴데 라니도 같이 생일 한다구 챙겨주는거 보고 진짜 감동... 너네자매는 최고야..❤❤ 생일축하해 아가들아앙~~❤️❤️❤️❤️,False,,0.0,0
@밤젤리,카야 훌라우프 냅다 돌리는거보고 진짜 빵터젺어요ㅜㅠㅠ  언제나 행복만 가득하길 울 카야라니 생일축카해🎉🎉🎉,False,,0.0,0
@Illi-r3i,라니&amp;카야 유튜브에서 가장 사랑스러운 애기들❤❤,False,,0.0,0
@밤젤리,와 라니 엄청맘ㅎ이컸다 말도 넘넘 잘하고 장난도 다 알아듣고 아구 너무귀여워서 진짜.......,False,,0.0,0
@sujeong9072,진짜 너무 귀여워서 10번 넘게 보고있어요....,False,,0.0,0
@sobrutalworld,사랑해요 이 가족들... 너무너무너무너무너무 사랑해요 쏘큩 쏘럽리,False,,0.0,0
@이미나-v2i,"<a href=""https://www.youtube.com/watch?v=YFIk2-Xx8gI&amp;t=637"">10:37</a> 전 언니 동생 있는 둘째였는데 저런 장난 당하면 얼마나 속상했는지 하루종일 울었던 기억이 있어요 ㅋㅋㅋ 애기는 장난이 구분이 안 돼서 막 울어버리는 경우가 많은데 라니는 너무 천사같이 기다린다고 하는게 넘 대견하구 완전 많이 큰 거 같여유🥺언니를 질투한다기 보단,, 언니는 넘 좋은데 주변에서 언니 대견하다고 챙기구 나한텐 장난 치는게 넘넘 속상했었는데 라니는 넘 철 들었구 기특하네요,,,,💕",False,,0.0,0
@keek3426,난니 기여어ㅠㅠㅠ,False,,0.0,0
@secret-qs1kx,카야는 볼 때마다 너무 예쁜 아이에요❤❤,False,,0.0,0
@김하연-h1r,"<a href=""https://www.youtube.com/watch?v=YFIk2-Xx8gI&amp;t=896"">14:56</a> 뛰어가는 라니 귀여워서 몇번째 보는중ㅠㅠ",False,,0.0,0
@정서윤-m7y1u,이거 계속 누르면 너무 귀여워요 ㅜㅜㅜ,True,@김하연-h1r,1.0,0
@mostprecious-girl,"<a href=""https://www.youtube.com/watch?v=YFIk2-Xx8gI&amp;t=105"">1:45</a> 아 ㄱㅇㅇ ❤❤",False,,0.0,0
@slay-qs5ko,애기들아❤❤ 생일축하해,False,,0.0,0
@옹옹이-g7y,늘 귀여웠지만 이번 영상은 유독 더더 귀엽다ㅜㅜ 생일 사라졌다고 우는 것마저 라니스러워ㅋㅋㅋㅋㅋㅠㅠ너무너무 귀여워 영원한 애기❤️❤️,False,,0.0,0
@nee-r5f,"<a href=""https://www.youtube.com/watch?v=YFIk2-Xx8gI&amp;t=84"">1:24</a> 귀여워서 반칙",False,,0.0,0
@nee-r5f,"<a href=""https://www.youtube.com/watch?v=YFIk2-Xx8gI&amp;t=52"">0:52</a> 아뉜데에~",False,,0.0,0
@hearpilll,라니 사랑해❤❤,False,,0.0,0
@신유나-h1z,아…카야라니가너무너무좋아…,False,,0.0,0
@영이예요,라니..이모 미치겠다..사랑해 너무너무..우리 카야도 생일 너무 축하해 사랑해🐰🩶,False,,0.0,0
@user-koddackji,"<a href=""https://www.youtube.com/watch?v=YFIk2-Xx8gI&amp;t=624"">10:24</a> 공주야…. 세상 다 가져",False,,0.0,0
@ilovelovelovelove,"<a href=""https://www.youtube.com/watch?v=YFIk2-Xx8gI&amp;t=127"">2:07</a> 카야언니랑 엄마랑 둘이 오오 ~ ;; 이러니까 뿌듯해하는 허세라니 ㅠㅠ ㅋㅋㅋㅋㅋ 귀여워 증말 <br><a href=""https://www.youtube.com/watch?v=YFIk2-Xx8gI&amp;t=137"">2:17</a> 카야가 벌써 다 큰 줄 알았어요<br><a href=""https://www.youtube.com/watch?v=YFIk2-Xx8gI&amp;t=177"">2:57</a> 헬렌 아푸지마 ㅠㅠㅠㅠㅠㅠㅠㅠ 😭<br><a href=""https://www.youtube.com/watch?v=YFIk2-Xx8gI&amp;t=284"">4:44</a> 포뇨같애 ♥ <br><a href=""https://www.youtube.com/watch?v=YFIk2-Xx8gI&amp;t=431"">7:11</a> 카야 너무 예쁘다아아아 <br><a href=""https://www.youtube.com/watch?v=YFIk2-Xx8gI&amp;t=481"">8:01</a> 어머어머 너무 깜찍하고 무서워 !!!!<br><a href=""https://www.youtube.com/watch?v=YFIk2-Xx8gI&amp;t=527"">8:47</a> 카야 이 부분 왤케 제니같지 <br><a href=""https://www.youtube.com/watch?v=YFIk2-Xx8gI&amp;t=545"">9:05</a> ㅋㅋㅋㅋㅋㅋ 너무 기뻐서 조신한 아가가 되어버린 라니 ㅠㅠ<br><a href=""https://www.youtube.com/watch?v=YFIk2-Xx8gI&amp;t=583"">9:43</a> 박수치다가 코에 초코 튄 라니 <br><a href=""https://www.youtube.com/watch?v=YFIk2-Xx8gI&amp;t=919"">15:19</a> 진짜 너무 귀엽다 <br><a href=""https://www.youtube.com/watch?v=YFIk2-Xx8gI&amp;t=971"">16:11</a> ㅋㅋㅋㅋㅋㅋㅋㅋㅋㅋㅋㅋㅋ 아 너무 잘해 ♡ !!!<br><a href=""https://www.youtube.com/watch?v=YFIk2-Xx8gI&amp;t=1022"">17:02</a> 라니 혼자 양말 신을 수 있다니 . . 이제 그만 커 라니야 ㅠㅠㅠㅠㅠㅠㅠㅠㅠ <br><a href=""https://www.youtube.com/watch?v=YFIk2-Xx8gI&amp;t=1030"">17:10</a> 아린이 목소리 너무 귀여워 ♥ <br>카야라니 생일축하해 ~~~~~~ 귀염둥이들 ㅠㅠㅠ 이모도 눈치없이 껴서 같이 생파하구 .. 생일선물 주고 싶다 ..",False,,0.0,0
@usahime7752,후이잉ㅠㅠㅠㅋㅋㅋㅋ라니 3되니까 더 귀여워졌짜나아~~~😭😭💖💖,False,,0.0,0
@oaoa102,라니왜어린이됏어ㅜㅜㅜㅜ뭐야ㅠㅠㅠ언제이렇게말잘해졋어ㅠㅠ!!!!!,False,,0.0,0
@으아악-l8s,영상 내내 만삭의 몸인데도 카야라니 두 아이들 모두 챙기면서 파티도 해주고 선물도 준비하고 케이크도 직접 만드시는 모습이 너무 감동적이고 대단하고 그리고 걱정되어서 울컥했어요🥺 아이들에게 정말 소중한 추억이자 따뜻한 엄마의 사랑을 가득 느낀 시간이었을 거예요 헬렌 꼭 건강해야 해요!!!,False,,0.0,0
@으아악-l8s,"<a href=""https://www.youtube.com/watch?v=YFIk2-Xx8gI&amp;t=971"">16:11</a> 진짜 신명나게 훌라후프 돌리네ㅋㅋㅋㅋㅋㅋㅋㅋㅋㅋㅋㅋㅋㅋㅋㅋㅋㅋㅋㅋ",False,,0.0,0
@다니-w7w,카야 너무 신명나게 돌려서 삼촌이 선물 줄 맛 낫겠어요ㅋㅋㅋ,True,@으아악-l8s,1.0,0
@김태히-g3b,헐~~~ 카야 나랑 생일똑같다니😻😻😻 이건 운명이잖아!!,False,,0.0,0
@블레스미아츄-j1c,너무귀여웡 내 힐링,False,,0.0,0
@ccicccic9952,애교도 많고 겁도 많고 눈물도 많고 ㅠㅠ 아이고...,False,,0.0,0
@KkK-yv1wd,라니는 단발펌에 귀여운 머리 해도 겁나 마초적인 남자가 장발로 길러서 펌한것같은 느낌 남 ㅋㅋㅋㅋ 진짜 최고 라니야 너 너무 멋있어 사랑해 최고야 그대로 커,False,,0.0,0
@KkK-yv1wd,하루종일 카야라니 영상 보다가 올라온 새 영상이라니 ㅠ 너무 좋아.. 라니야.. 난 진짜 널 너무 너무 좋아해 유튜브 모든 캐릭터중에 라니가 제일 좋아 우리 터프걸..💜,False,,0.0,0
@KkK-yv1wd,하루종일 카야라니 영상 보다가 올라온 새 영상이라니 ㅠ 너무 좋아.. 라니야.. 난 진짜 널 너무 너무 좋아해 유튜브 모든 캐릭터중에 라니가 제일 좋아 우리 터프걸..💜,False,,0.0,0
@아는개힝이다-p1u,"<a href=""https://www.youtube.com/watch?v=YFIk2-Xx8gI&amp;t=650"">10:50</a> 카야웃음소리 헬렌이랑 진짜 비슷한거같아요ㅋㅋㅋㅋㅋㅋㅋㅋㅋㅋㅋ",False,,0.0,0
@jning5555,아 라니 울음 참는거…. 아이고 마음 찡해져라…ㅠㅠㅠㅠ,False,,0.0,0
@바지락스타,아가들아...🥹🥹🥹🥹,False,,0.0,0
@Camy_B,아ㅠㅠㅠㅠ 이번편 라니 진짜 너무귀엽다 ㅠㅠㅠㅠㅠ,False,,0.0,0
@wang56475,"<a href=""https://www.youtube.com/watch?v=YFIk2-Xx8gI&amp;t=40"">0:40</a> 라니는 진짜 뭔가 남다르다...",False,,0.0,0
@차차-g7g,우하하 귀요미들.. ㅠㅠ 헬렌 몸도 무거울텐데 생일상차리고 쪼꼬미들 케어하느라 얼마나 힘드셨어요... ㅠㅠ,False,,0.0,0
@wang56475,"<a href=""https://www.youtube.com/watch?v=YFIk2-Xx8gI&amp;t=6"">0:06</a> 부터 라니 말을 너무 잘해서 새삼놀랍다....😳",False,,0.0,0
@히히-q4w3n,자고 일어났더니 생일 도둑 맞아서 속상해하는게 ㅠㅠ 짠하고 너무 귀엽고 사랑스럽네요 매콤달콤라니❤❤,False,,0.0,0
@malgm,카야라니 생일 축하해 🎉💜,False,,0.0,0
@XX-ci7yf,"<a href=""https://www.youtube.com/watch?v=YFIk2-Xx8gI&amp;t=537"">8:57</a> 카야가 초 잘 못끄니까 이러께! 하고 같이 부는 라니 🥳ㅋㅋㅋ",False,,0.0,0
@이태연-b3v,와 라니도 이제진짜 어린이같다..애기때보다 더큰게 느껴짐 얼굴에서ㅠㅠㅠ시간진짜빠르다..,False,,0.0,0
@savvvj,언제 이 말랑콩떡이가 이렇게 말을 잘했지...?,False,,0.0,0
@hay0ung,라니야 카야야 생일 진심으로 축하해❤,False,,0.0,0
@Star_Moon1025,둘째가 아빠+엄마 반반이네요 와우^^♡,False,,0.0,0
@광광우럭다,어머 언니도 잠 못자면 다리가 저린거처럼 아픈데...!!!!!!! 카야라니랑 공통점 찾았다🥰🥰,False,,0.0,0
@사탕괴물,라니 목소리 너무귀여워ㅜㅜ으앙 줏대가 확실한 아기다,False,,0.0,0
@쩝-d5n,애기들행복만하길~~~~ 💕💕,False,,0.0,0
@gw201,라니 갓 태어난 게 엊그제 같은데 벌써 물을 직접 떠오고 말도 잘 하고 잘 뛰다니 세월이 참 빨라요,False,,0.0,0
@2023KEY-c7v,아 너무 사랑스럽다 진짜..,False,,0.0,0
@J__jooey,진짜 사랑스럽다고 말하기도 지친다 🙉💖,False,,0.0,0
@begyourpardon2277,하아..너무 귀욥다 진짜 ㅜㅠㅜ 완벽한 금요일 피날레다 징차!!! 카야라니 HBD!!!Love you heaps!!!,False,,0.0,0
@만두호시-d5r,"<a href=""https://www.youtube.com/watch?v=YFIk2-Xx8gI&amp;t=77"">1:17</a> 로딩 완료 후 활짝 웃는 라니❤❤ 넘귀ㅜ",False,,0.0,0
@포도-x7w,오옹 인재삼촌은 뉴페이스이신가욥??? 헬렌 남동생이신가용?!,False,,0.0,0
@oaoa102,현규님 베프분이에용,True,@포도-x7w,1.0,0
@귤-r6t,라니야ㅠㅠ엄마 뱃속에 있던게 엊그제같은데 벌써 세살이라니 시간이 너무빠르다ㅠㅠㅠ체감상은 재작년정도에 라니 태어난거 본거같은데ㅜㅜ 카야라니생일축하해❤,False,,0.0,0
@응아니얏-r8m,"<a href=""https://www.youtube.com/watch?v=YFIk2-Xx8gI&amp;t=828"">13:48</a> 라니 보고 웃는 송서방님 쏘스윗,,",False,,0.0,0
@uscmiendygak,"<a href=""https://www.youtube.com/watch?v=YFIk2-Xx8gI&amp;t=525"">8:45</a> 카야 노래 짱 잘부름 기교 미텻음 7살 맞아?????😂😂😂❤❤❤❤❤❤❤ㅋㅋㅋㅋㅋㅋㅋㅋㅋㅋ",False,,0.0,0
@응아니얏-r8m,"<a href=""https://www.youtube.com/watch?v=YFIk2-Xx8gI&amp;t=290"">4:50</a> 카야랑 라니랑 많이 닮았다고 생각 안해봤는데 여기 보고 생각이 바뀜ㅋㅋㅋ<br>카야 애기때 같아,, 귀여워ㅠㅠ",False,,0.0,0
@XX-ci7yf,"너무 귀여워서 댓글 계속 다는중🥺🥺 카야 -시나몬롤 , 라니-쿠로미가 최애인가요? 각자 어울려요 캐릭터가 ㅋㅋㅋㅋ",False,,0.0,0
@서영-m4d,"<a href=""https://www.youtube.com/watch?v=YFIk2-Xx8gI&amp;t=245"">4:05</a> 짱웃김😂😂",False,,0.0,0
@ks-jg7xe,라닠ㅋㅋㅋㅋㅋㅋㅋㅋ미안해ㅜ너무귀여으ㅓ서 나라도 울리고싶을듯 ㅜㅜ미안해나쁜이모라서ㅜㅜㅜ,False,,0.0,0
@nanjaengie,카야 라니 점점 더 귀여워져 어뜩해 🥺🥺🥺 무엇보다 고생한 헬렌님 현규님도 알아줘야 돼요 흑 고팸 앞으로도 꼬옥 행복하기 ㅎㅎ🤍,False,,0.0,0
@O_hmygod,"<a href=""https://www.youtube.com/watch?v=YFIk2-Xx8gI&amp;t=579"">9:39</a> 카야 본인 생일이지만 라니 생일 축하 노래도 불러주고 챙겨주고.. 진짜 너무 착한 천사 카야 ㅜ ㅜ  🥹",False,,0.0,0
@Etude-dream,너무 좋은 언니…❤,True,@O_hmygod,1.0,0
@영-m4w,"<a href=""https://www.youtube.com/watch?v=YFIk2-Xx8gI&amp;t=135"">2:15</a> 라니를 보는 카야 눈빛이.. 너무 다정해서 이모까지 설레.........",False,,0.0,0
@name2572,ㄹ라니ㅑ진짜 왜케 기여운거니 ㅋㅋㅋㅋㅋ ㅜㅜㅜ 캐릭터 확실한 두자매 하 셋째도 합류하면 진짜 얼마나 더 재밌을지 헬렌님도 항상 건강하세요😊😊😊,False,,0.0,0
@듀니-w1z,라니 장난에 속아서 속상해하는거 맘아픈데 귀여워ㅠㅠㅠㅠㅠ해피엔딩이라서 다행❤️❤️,False,,0.0,0
@name2572,카야라니 생일 축하해요❤❤ ㅠㅠ 공주님들 항상 행복해야행,False,,0.0,0
@meungsoo_,카야라니 생일축하해🫶🏻 항상 행복하길바라🩵,False,,0.0,0
@eunzzangisme,라니 아직 아긴데 말을 왜 이렇게 잘 해ㅠㅠㅠㅠ,False,,0.0,0
@빛피터팬,카야라니 공주요정인데 난 사실 헬렌이 너무조아...우아한 헬렌❤❤❤❤,False,,0.0,0
@이예진-i8s,"<a href=""https://www.youtube.com/watch?v=YFIk2-Xx8gI&amp;t=636"">10:36</a> 장난인 거 알지만ㅋㅋㅋ 울먹이는 거 보구 마음 박박찢기고 있었는데 바로 불주먹 부활해가지고 뒤집어지게 웃었네 아",False,,0.0,0
@del-m3u,귀여워 라니ㅜㅠ,True,@이예진-i8s,5.0,0
@hj-iq2rs,주먹 휘두르는거 진짜 웃김ㅋㅋㅋㅋㅋㅋㅋㅋㅋ아 코여워,True,@이예진-i8s,5.0,0
@ccicccic9952,골코 불주먹,True,@이예진-i8s,5.0,0
@Catpiecatpie,겉촉속바 라니,True,@이예진-i8s,5.0,0
@JaneAnnabelle-w8x,ㄱ글 에서 벳프리 보느라 눈밑에까지 다크써클 들어옴 ... 진짜 근데이뻐서 눈을못떼겟다...,True,@이예진-i8s,5.0,0
@eey9570,"<a href=""https://www.youtube.com/watch?v=YFIk2-Xx8gI&amp;t=286"">4:46</a> 헐 완전 아기코알라같음 ㅜㅜㅜㅜ졸귀",False,,0.0,0
@hyeeemi,"<a href=""https://www.youtube.com/watch?v=YFIk2-Xx8gI&amp;t=16"">0:16</a> 라니 고개 끄덕끄덕할 때 카야같아서 너무 귀여움ㅠㅠㅠㅠㅠ",False,,0.0,0
@이상한나라의메리다,"<a href=""https://www.youtube.com/watch?v=YFIk2-Xx8gI&amp;t=765"">12:45</a> 라니 들썩인다! 라니 웃고있다!",False,,0.0,0
@버블티-k4m,"라니 생일 측하해 <a href=""https://www.youtube.com/watch?v=YFIk2-Xx8gI&amp;t=491"">8:11</a>",False,,0.0,0
@버블티-k4m,카야 생일 너무 축하해,False,,0.0,0
@XX-ci7yf,카야라니 너무너무 축하해 귀염둥이들🎉🎉 임신중에 너무 고생했어요 헬렌🥹🥹,False,,0.0,0
@yuwon2394,셋째가 라니 생일 앞날이었으면 정말 웃겼겠어요 ㅠㅠ 아쉽당,False,,0.0,0
@KaiaLani,우와 ㅋㅋㅋㅋ 상상만해도 소름돋네요 🤣🤣🤣,True,@yuwon2394,1.0,0
@a_mechin,카야 라니 너무 오밀조밀 예쁘게 생겼어 … ㅜ 아 너무귀여워서미치겠음,False,,0.0,0
@neulgreen,"<a href=""https://www.youtube.com/watch?v=YFIk2-Xx8gI&amp;t=76"">1:16</a> 아ㅠㅠㅠㅠㅠㅠ 조금씩 웃다가 헤헿하는거 너무 귀여워 라니ㅠㅠㅠㅠㅠㅠ",False,,0.0,0
@빵붕어-y2x,아 ㅋ ㅋ ㅋ 라니 썸네일 진짜 ㅋㅋ ㅋ ㅋ 큨 ㅋ ㅋ ㅋ 너무 사랑스러운데 정신없음 하 너무 너무 귀엽다 <br>우리 카야라니가 세상에 등장해줘서 나는 너무 행복해...♥ 카야라니두 엄마아빠랑 항상 행복했으면 조케따.....😍,False,,0.0,0
@drivememy,기여워..💗🤍,False,,0.0,0
@Catpiecatpie,라니 표정이 엄청 다양해졌네 귀여워라 ㅠ😂❤,False,,0.0,0
@Catpiecatpie,영상에서는 항상 한국어 쓰는데 라니 영어가 빨리 느는건 유치원 때문인가여 아니면 영상아닐 때는 영어위주로 얘기해줘서인가여?? 신기해요 스펀지처럼 쫙쫙 빨아들이는 카야라니...❤,False,,0.0,0
@GioiaYoon,저도 외국에서 아이키우는데 유치원 영향이 아주 큰 거 같아요! 😄,True,@Catpiecatpie,2.0,0
@KaiaLani,맞아요 ㅠㅠ 유치원에서 많이 배워와요~,True,@Catpiecatpie,2.0,0
@U_ha_7787,라니 귀여운 포인트가 몇개인지 이번 영상에 귀여운 장면 많이 나왓어 ㅜ❤,False,,0.0,0
@jisu0203,헬렌언니 진짜 고생하셨어요🥹🥹 카야라니가 행복해 하는 모습 보니까 내가 다 행복하네 애들아 생일 축하했어🩷🩷,False,,0.0,0
@Young-ky3tw,카야라니 생일축하해🎉 지금처럼 밝게 자라렴❤=헬렌 축하해용 고생했어욤 같이 축하축하!!! 셋째도 화이팅❤,False,,0.0,0
@optimusbebe,"카야, 라니 천사들 늦었지만 생일축하해🤍🤍🤍",False,,0.0,0
@Dopemarley112,"라니는 항상 얼굴에 내가 틀렸나 싶은 망설임, 주저함이 전혀 없다<br>저런 태도 정말정말 닮고싶다..",False,,0.0,0
@감자-m8h7k,카야는 진짜 착하네요,False,,0.0,0
@doodoowal3101,"물론 고팸은 그러지 않겠지만 세명 중에 둘째는 기죽고 크는 경우가 많다던데 라니는 그러지 않을 것 같아서 매우 안심이에요ㅋㅋㅋ,,❤😂 라니야 지금처럼 자기몫을 잘 챙겨야해!",False,,0.0,0
@Lee-im8bi,라니진짜 디즈니에 나오는 애기캐릭터 같아❤❤🐶🐶💕💕,False,,0.0,0
@makeitslow,아니 카야라니 이제 다컷네ㅠㅠ왤캐 컷어ㅠㅠㅠㅠㅠㅠㅠㅠㅠㅠ,False,,0.0,0
@SJ-rd7kn,아니 라니 말을 왜 이렇게 잘해 😮,False,,0.0,0
@hihi-ji6cm,라니야 너무너무 귀여워..,False,,0.0,0
@XX-ci7yf,"<a href=""https://www.youtube.com/watch?v=YFIk2-Xx8gI&amp;t=396"">6:36</a> 라니 우는거 맴찢인데 너무 귀엽고 예뻐 ㅜㅜ",False,,0.0,0
@yujinji233,"<a href=""https://www.youtube.com/watch?v=YFIk2-Xx8gI&amp;t=971"">16:11</a> 훌라후프 장인 카얔ㅋㅋㅋㅌㅋㅋㅋㅋ",False,,0.0,0
@Umm_wow_,라니 오늘 왤케 귀엽냐 🥹🩷🩷🩷🩷🩷🩷,False,,0.0,0
@hyoneo_shin,"<a href=""https://www.youtube.com/watch?v=YFIk2-Xx8gI&amp;t=168"">2:48</a> 언니 왜 이렇게 예쁘세요…🫶🏻 항상 예쁘지만 진짜 저 부분이 언니 너무 예쁜데요…❤",False,,0.0,0
@영이예요,울 헬렌 헬쓱해보여유ㅠㅠㅠ우런니 건강챙겨😭💙,True,@hyoneo_shin,1.0,0
@reneekwon9885,라니 갑자기 말을 너무 잘하게 된듯!! 아이고 야무져라,False,,0.0,0
@binnachoi2409,영상 기다렸어요❤❤❤,False,,0.0,0
@Chaewonthing,"<a href=""https://www.youtube.com/watch?v=YFIk2-Xx8gI&amp;t=626"">10:26</a> 엄마 라니 프레젠 어디떠? <br><a href=""https://www.youtube.com/watch?v=YFIk2-Xx8gI&amp;t=640"">10:40</a> ㅠㅠ",False,,0.0,0
@yujinji233,"<a href=""https://www.youtube.com/watch?v=YFIk2-Xx8gI&amp;t=647"">10:47</a> 라니가 너무 웃긴게 카야 헬렌 현규 다 말랑말랑한 성격인데 도대체 저 독보적인 라니의 캐릭터 성격은 어디서 나온건짘ㅋㅋㅋㅋㅋㅋ",False,,0.0,0
@레리꼬-g3m,아무래도 아빠가 된 일진짱으로부터 온 유전자가 아닐지… ㅎㅎ,True,@yujinji233,5.0,0
@dan9492,현규 애기 때 육아난이도 헬이었대요ㅋㅋㅋㅋㅠㅜㅠㅠㅜㅜ 이모들 2-3명씩 달라붙어도 케어하기 힘들었다던....,True,@yujinji233,5.0,0
@Oceaneyes-t5g,"<a href=""https://www.youtube.com/watch?v=YFIk2-Xx8gI&amp;t=989"">16:29</a> 범인",True,@yujinji233,5.0,0
@엉닥토,범인ㅋㅋㅋㅋㅋㅋㅋㅋㅋㅋㅋㅋㅋㅋㅋㅋㅋ,True,@yujinji233,5.0,0
@박호박-q2d,팬심이 두껍다가도 객관화가 잘 되는 독자코들…ㅋㅋ💙,True,@yujinji233,5.0,0
@_tumemanques,보면서 댓글에 타임라인 귀엽다고 적어야지!!! 했는데 귀염포인트 너무 많아서 그냥 보게된.. <br>애기들 행복해해서 저도 행복 ㅜㅜ <br>헬렌님도 고생 많으셨어유 😘,False,,0.0,0
@user-gx7mr4ic9q,라니 왤케 많이 컷으까…카야라니 생일 축하햇어요옹🩷,False,,0.0,0
@Sehias2,헬렌님 건강하게 출산 잘 하고오세요!!😊,False,,0.0,0
@Sehias2,생일축하해 카야라니❤,False,,0.0,0
@tokki-d6f,"<a href=""https://www.youtube.com/watch?v=YFIk2-Xx8gI&amp;t=411"">6:51</a> 자고 일어나니 생일이 사라져서 울다 눈물 닦는 라니코에게서 내이름은 김삼순의 서브여주 김희진이 떠올라버렸어요... 라니의 20년뒤가 기대돼...",False,,0.0,0
@Sehias2,라니 진짜 많이 컸다 ㅠㅠ,False,,0.0,0
@지은-z6q,우리카야 이도 빠졋어....😂🎉,False,,0.0,0
@xcoaufo629,카야 착해 ㅜㅜ 자기 생일인데 라니가 케이크 또 불게 해주고 같이 축하해줄때 질투도 안하고 넘 착해 ㅜㅜㅜㅜ,False,,0.0,0
@XX-ci7yf,"<a href=""https://www.youtube.com/watch?v=YFIk2-Xx8gI&amp;t=659"">10:59</a> 카야언니 선물 부러워하다가 손목으로 박수치는거 대졸귀",False,,0.0,0
@ahlove_,카야랑 생일 똑같은 독자코라서 카야라니 생일 주간이 다가오면 저도 같이 기뻐용 ㅎ_ㅎ 자고 일어났더니 생일이 사라진 줄 안 라니도 작년 10월 19일부터 올해 생일을 기다린 카야도 넘넘 귀여워............. 글고 헬렌 넘 고생 많았어요💖💖💖💖💖,False,,0.0,0
@김지민-x2z1u,"<a href=""https://www.youtube.com/watch?v=YFIk2-Xx8gI&amp;t=637"">10:37</a> 참는거봐 맘 너무 아프다 기요미 라니ㅠㅠㅠ",False,,0.0,0
@얌희-e2z,"진짜 너무 귀엽다<br><a href=""https://www.youtube.com/watch?v=YFIk2-Xx8gI&amp;t=298"">4:58</a><br><a href=""https://www.youtube.com/watch?v=YFIk2-Xx8gI&amp;t=437"">7:17</a><br><a href=""https://www.youtube.com/watch?v=YFIk2-Xx8gI&amp;t=639"">10:39</a> (내 최애 맘아프지만 넘귀여워 ..)<br><a href=""https://www.youtube.com/watch?v=YFIk2-Xx8gI&amp;t=654"">10:54</a> (하 .... 화내는것도 귀여워 화낼땐 참지마 ~~~~)<br><a href=""https://www.youtube.com/watch?v=YFIk2-Xx8gI&amp;t=532"">8:52</a>  애기 왜케 예쁘",False,,0.0,0
@eunahpark1424,"헬렌언니ㅜㅜ~~~생일파티 준비하느라 진짜 고생많았을 것 같아서 독자코 getsome(가슴) 아파...그치만 현규코 말대로 행복해하는 카야라니 보면서 헬렌도 행복하고, 독자코도 행복하니 기쁨이 두배, 세배 ❤❤❤❤ 새삼 시간이 날듯이 흐르네요ㅜㅜㅜ!!! 작년 라니 생일때는 좋아서 웃참하고ㅋㅋㅋ 초 불어서 끌 줄 모르는 완전 애기였는데!!!!!!!그래도 아직 생일 없어진 줄 알고 우는 애기지만 😂 라니도 어엿한 3살로, 카야도 더 멋진 7살이 된 거 축하해!! 🎉🎉",False,,0.0,0
@user_BND0530,모야 말을 오ㅑ캐 잘 해여 우리 라닁..🤤💝,False,,0.0,0
@yurinoh4956,아웅 ㅠㅠㅠㅠ우리 라니 너무귀엽다 😊<br>프레젠뜨 마이 프레젠뜨으.. ㅋㅋㅋㅋㅋㅋㅋㅋㅋ ❤❤,False,,0.0,0
@ccicccic9952,카야야 라니야 생일 축하해요 ❤ 앞으로도 건강하고 사이좋게 지내요 💗,False,,0.0,0
@XX-ci7yf,"<a href=""https://www.youtube.com/watch?v=YFIk2-Xx8gI&amp;t=564"">9:24</a> 먹태기라니에서 봤던 똥글한 배에 손 얹는 자세 ㅜㅜㅜㅜㅜ",False,,0.0,0
@aeiou2738,아 진짜 라니 너무 귀엽다ㅠㅠㅠㅠㅠㅠㅠ,False,,0.0,0
@ccicccic9952,라니 울때 나도 울뻔함... 주책,False,,0.0,0
@ccicccic9952,근데 현규코 목으로 훌라우프 타는거보고 눈물 쏙 들어감...,True,@ccicccic9952,1.0,0
@딸기내놔,"<a href=""https://www.youtube.com/watch?v=YFIk2-Xx8gI&amp;t=709"">11:49</a> 인형 끌어안구 웃는 카야 표정 진짜 &gt;ㅁ&lt; 요고임... 카야는 독자코 언니들의 영원한 아기야👼🏼",False,,0.0,0
@둔둔-l5o,너무 예쁘고 사랑스럽고<br>동생 봐주는 마음도 언니스럽고<br>카야만 보면 카야 애기 때 생각나서 아련하고...막 그렇네요,True,@딸기내놔,2.0,0
@난널사랑이라불러-m4t,"<a href=""https://www.youtube.com/watch?v=YFIk2-Xx8gI&amp;t=14"">0:14</a> 두번 자야된다더니 진짜 두번 잔 날 선물 깐 라니 ㅋㅋㅋㅋㅋㅋ 야무진 입이 너무 귀엽다..<br><br><a href=""https://www.youtube.com/watch?v=YFIk2-Xx8gI&amp;t=85"">1:25</a> 난 라니가 저렇게 건치 드러내고 웃는게 너무 좋아..<br><br><a href=""https://www.youtube.com/watch?v=YFIk2-Xx8gI&amp;t=246"">4:06</a> 순서 바꼈어 라니야..<br><br><a href=""https://www.youtube.com/watch?v=YFIk2-Xx8gI&amp;t=259"">4:19</a> 나만의 아이돌 밥도 잘먹어서 넘넘 예뻐<br><br><a href=""https://www.youtube.com/watch?v=YFIk2-Xx8gI&amp;t=284"">4:44</a> 안겨서 자는거 넘 천사야..<br><br><a href=""https://www.youtube.com/watch?v=YFIk2-Xx8gI&amp;t=387"">6:27</a> 레전드….ㅋㅋㅋㅋㅋㅋㅋㅋㅋㅋㅋㅋㅋㅋㅋㅋㅋㅋㅋ<br><br><a href=""https://www.youtube.com/watch?v=YFIk2-Xx8gI&amp;t=420"">7:00</a> 카야란니벌떼..<br><br><a href=""https://www.youtube.com/watch?v=YFIk2-Xx8gI&amp;t=482"">8:02</a> 눈 지긋이 감았다 뜨는거 무서웤ㅋㅋㅋㅋㅋㅋㅋ<br><br><a href=""https://www.youtube.com/watch?v=YFIk2-Xx8gI&amp;t=498"">8:18</a> 우리 애기 옛날 영상엔 어려서 엄마가 회 못먹게 했는데 언제 이렇게 컸어.. ㅠ<br><br><a href=""https://www.youtube.com/watch?v=YFIk2-Xx8gI&amp;t=543"">9:03</a> 몸 베베 꼬면서 예쁜 표정 짓는거 너무 사랑스럽다..<br><br><a href=""https://www.youtube.com/watch?v=YFIk2-Xx8gI&amp;t=616"">10:16</a> fresent<br><br><a href=""https://www.youtube.com/watch?v=YFIk2-Xx8gI&amp;t=681"">11:21</a> 어리둥절<br><br><a href=""https://www.youtube.com/watch?v=YFIk2-Xx8gI&amp;t=711"">11:51</a> 이렇게 좋아하는데 어떻게 안사주니..<br><br><a href=""https://www.youtube.com/watch?v=YFIk2-Xx8gI&amp;t=894"">14:54</a> ㅋㅋㅋㅋㅋㅋㅋㅋㅋㅋㅋㅋㅋㅋㅋㅋㅋ 선물깡패..<br><br><a href=""https://www.youtube.com/watch?v=YFIk2-Xx8gI&amp;t=918"">15:18</a> 라니 댄스<br><br><a href=""https://www.youtube.com/watch?v=YFIk2-Xx8gI&amp;t=971"">16:11</a> 너무 잘돌려서 웃곀ㅋㅋㅋㅋㅋㅋㅋㅋㅋ 카야가 좋아하는 보라색 훌라후프 삼촌 센스 최고,,<br><br><a href=""https://www.youtube.com/watch?v=YFIk2-Xx8gI&amp;t=996"">16:36</a> 라니 이야이야요<br><br><a href=""https://www.youtube.com/watch?v=YFIk2-Xx8gI&amp;t=1027"">17:07</a> 많이 컸네<br><br>헬렌.. 언제까지 생일 파티 해줘야하냐니.. <br>고씨가족 30대 60대에도 생일 파티 하는거보면.. 아직 적어도 60년 남았습니다..ㅎㅎ 화이팅~",False,,0.0,0
@서연김-d9e,카야도 마니마니 챙겨주세용 ㅠㅜ 울 카야♥️ 귀여운 라니도 리액션 많이 해주고 그마늠 카야한테도 장난감 뜯을 때 많이 해쥬세용<br>고팸 항상 만세♥️♥️🙌,False,,0.0,0
@mooozzu,근데 인재삼촌? 은 무슨관계시지,False,,0.0,0
@KaiaLani,ㅎㅎ 현규친구이에요~,True,@mooozzu,1.0,0
@딸기내놔,"<a href=""https://www.youtube.com/watch?v=YFIk2-Xx8gI&amp;t=665"">11:05</a> 여기서부터 라니 너무기여워가지고 눈물흘림 살다살다 이렇게 강아지똥처럼 생긴 애기 처음봅니다",False,,0.0,0
@user-fz7eq7hs1j,"<a href=""https://www.youtube.com/watch?v=YFIk2-Xx8gI&amp;t=637"">10:37</a> 라니 속상한데 참는거 너무 귀여워.. 우우우웅우웅 ㅠㅠ",False,,0.0,0
@딸기내놔,"<a href=""https://www.youtube.com/watch?v=YFIk2-Xx8gI&amp;t=572"">9:32</a> 라니 아가배 내밀구 수줍게 서있다가 현규 보면서 크하하웃는거 너무사랑스럽다...",False,,0.0,0
@Geems2,시랑이 눈에 보이는 순간 .. ❤,True,@딸기내놔,2.0,0
@딸기내놔,"<a href=""https://www.youtube.com/watch?v=YFIk2-Xx8gI&amp;t=467"">7:47</a> 엄마 I need more present plz~~~🥺<br>세상에서 가장 커여운 생일선물강도 라니ㅜㅜㅜ",False,,0.0,0
@sheena5432,ㅋㅋㅋ 카야 생일축하노래부를때 자기이름 없어서 삐죽하던거 너무귀여워 ㅋㅋㅋ 투명한라니 ❤ 선물 없는척할때도 반응 넘 귀여워 ㅋㅋㅋㅋ 근데 우니까 불쌍ㅠㅠㅋㅋ 아 카야 훌라후프 신나게돌리는거도 넘 웃겨 ㅋㅋㅋ,False,,0.0,0
@쿠쿠루쿠쿠삥빵뽕,너무 귀여워 라니.......,False,,0.0,0
@kdoooooy,카야라니 잠자는거 진짜 천사들 그 자체...어우이뻥..👼🏻🩵,False,,0.0,0
@우탄오랑-j8m,"<a href=""https://www.youtube.com/watch?v=YFIk2-Xx8gI&amp;t=303"">5:03</a> 라니 아가처럼 자는거 너무 귀엽다. 라니 생일주간 축하했어////🎉🎉🎉🎉🎉🎉라니는 평생 언니 아가 하자 .. 벌써 3년이나 살았어 울라니 ㅜ",False,,0.0,0
@흥흥리듬타는J,헉 나도 그거 댓 달려고 햇는데.. 무심코 바나나 집어서 먹으면서 그 장면 봤는데 너무 아기처럼 생겨서 깜 놀 헬렌 위대해.. 헬렌 수고했어잉,True,@우탄오랑-j8m,1.0,0
@드라이브-c6z,"<a href=""https://www.youtube.com/watch?v=YFIk2-Xx8gI&amp;t=137"">2:17</a> 아니 카야라니 보면서 우웅 귀여워 하다가 헬렌 나오니까 어라 어른이 된 카야....?했어요 ㅋㅋㅋㅋ 그냥 예쁜인줄 알았는데 엄마 똑닮아서 이쁜거였네요",False,,0.0,0
@Itiaaati,어쩜 애기들이 이렇게 예쁠까요?!?😮❤,False,,0.0,0
@지혜-n8u,카야 라니 태어나줘서 정말.. 내 힐링들아 ~~~~❤ㅠㅠㅜ우ㅜㅜ,False,,0.0,0
@YDDRGtHdDKS75Xw,아이구ㅋㅋㅋㅋㅋㅋ쿠ㅜㅜㅜ 아기들 우는거 보면 속상한데 왤케 놀리고 싶을까요ㅠㅠㅠㅠ ㅋㅋㅋㅋㅋ 귀여운 애기들...,False,,0.0,0
@user-chanrei,허어엉ㄱ 오랜만에 보는데 라니가 말을 너무 잘해 이제...,False,,0.0,0
@real-liberty4490,뭐지? 이주만에 라니가 말을 너무 잘해서 놀랐어용! 라니 한국어 이렇게 많이 하는거 처음 봐요요요요!!,False,,0.0,0
@myo-ib2lo,"<a href=""https://www.youtube.com/watch?v=YFIk2-Xx8gI&amp;t=797"">13:17</a> zㅋㅋㅋㅋㅋㅋㅋㅋㅋㅋㅋㅋㅋㅋㅋㅋㅋㅋㅋㅋㅋㅋㅋㅋㅋㅋㅋㅋㅋㅋㅋㅋㅋㅋㅋㅋㅋㅋㅋㅋㅋㅋㅋㅋㅋㅋㅋㅋㅋㅋㅋㅋㅋㅋㅋㅋㅋㅋㅋㅋㅋㅋㅋㅋㅋ",False,,0.0,0
@정코,해쭈에서 미리 보긴 했지만 저렇게 신났을줄이야 😂 이모는 너희들이 너무 귀여워서 초단위로 끊어 보느라 한편 보는데 1시간 걸리고 있어 ㅋㅋ 암튼 카야라니 생일 정말 축하한다❤ 이모는 너희 덕에 정말 행복해^^,False,,0.0,0
@엉닥토,아 요즘 라니한테 더 빠져서 과거 영상 엄청 봐서 그런가 새삼 더 컸네요ㅠㅠ 아고 귀여워라.. 꼬마아기요정 나니 세살된 거 축하해🍼🧚‍♀️🤎🎂,False,,0.0,0
@쵸파-r7y,바로 클릭할 수밖에 없는 썸네일 ㅋㅋㅋㅋㅋ 라니야 머리 무슨일이야!!!,False,,0.0,0
@nooyad,라니 세젤귀ㅠㅠ💜,False,,0.0,0
@_moji_.,썸네일 진짜ㅋㄱㅋㄱㅋㄱ <br>귀여워 죽겠어 아쥬 ㅠㅠㅠ🫶🫶,False,,0.0,0
@김하연-h1r,"<a href=""https://www.youtube.com/watch?v=YFIk2-Xx8gI&amp;t=385"">6:25</a> 어쩜 생일도 10월 17일, 18일이야 귀여워ㅠㅠ",False,,0.0,0
@정코,"<a href=""https://www.youtube.com/watch?v=YFIk2-Xx8gI&amp;t=607"">10:07</a> 라니꺼는?",False,,0.0,0
@돼안돼,"<a href=""https://www.youtube.com/watch?v=YFIk2-Xx8gI&amp;t=650"">10:50</a> 카야 웃음소리 헬렌이랑 진짜 똑같아요 ㅋㅋㅋ<br><a href=""https://www.youtube.com/watch?v=YFIk2-Xx8gI&amp;t=919"">15:19</a> 오늘 영상 최대 귀여움 냐냐 냔 냐나나<br><a href=""https://www.youtube.com/watch?v=YFIk2-Xx8gI&amp;t=971"">16:11</a> 첫째아기 너무 귀여워 ㅠㅠㅠㅠㅠㅠㅠㅠㅠㅠㅠ 훌라후프 백개주고싶다ㅠㅠㅠ",False,,0.0,0
@s라임-z2l,라니 남자아이처럼 장꾸미 넘치는 게 이뻐요~~ 라니 생일축하해요❤‍🔥,False,,0.0,0
@wookyunglee8514,"영상 틀자마자 라니 말 디게 많이 늘었당,,,,, 귀여운 라니 ㅠ 엄청 빨리 크는구나 ㅠ",False,,0.0,0
@김채현-t7k,썸네일ㅋㅋㅋㅋㅋㅋㅋㅋㅋㅋㅋㅋㅋㅋㅋ진짜 들어오지 않을 수 없음ㅋㅋㅋㅋㅋㅋㅋㅋㅋㅋㅋㅋㅋㅋㅋㅋㅋㅋㅋㅋㅋ너무 기여움,False,,0.0,0
@정코,"<a href=""https://www.youtube.com/watch?v=YFIk2-Xx8gI&amp;t=481"">08:01</a> <a href=""https://www.youtube.com/watch?v=YFIk2-Xx8gI&amp;t=648"">10:48</a> 아이고 무서워라 😅",False,,0.0,0
@jhoh5340,헉 저번 영상에 비해 라니 말이 엄청 늘었네요?! 갑자기 확 는 느낌ㅎㅎㅎ 더 귀여워졌어 라니~ 카야라니 생일 축하해!!,False,,0.0,0
@Nebda_Hi,"<a href=""https://www.youtube.com/watch?v=YFIk2-Xx8gI&amp;t=80"">1:20</a> 웃는거 봐 ㅜㅜㅜ 천사야 ㅠㅜ <a href=""https://www.youtube.com/watch?v=YFIk2-Xx8gI&amp;t=625"">10:25</a> ㅋㅋㅋㅋ 이것두 똑부러져서 귀엽다 ㅋㅋㅋㅋㅋㅋ",False,,0.0,0
@비지니스김,"라니 진짜 예뿌다,,,,",False,,0.0,0
@령-u3g,카야라니..❤ 헬렌님도 정말 수고많았어요❤❤❤,False,,0.0,0
@plain13,"<a href=""https://www.youtube.com/watch?v=YFIk2-Xx8gI&amp;t=397"">6:37</a> 라니 울고 난 얼굴 왤케 갓구운 빵처럼 노릇노릇하짘ㅋㅋㅋㅋ우는 건 맘 아프지만 귀엽다ㅜㅋㅋㅋㅋㅋ",False,,0.0,0
@정코,"<a href=""https://www.youtube.com/watch?v=YFIk2-Xx8gI&amp;t=387"">6:27</a> 현규님 아무리 서러워도 그만 울어요 😂",False,,0.0,0
@뀨잉-o8o9x,ㅋㅋㅋㅋㅋㅋㅋㅋㅋ,True,@정코,1.0,0
@Limbolinbo,썸네일에 홀려서 들어왔어요,False,,0.0,0
@JihyunJeong-m9n,ㅋㅋㅋㅋ카야라니벌쓰데이 귀엽라니😂,False,,0.0,0
@user-msq4pl4i,라니 엄마품에서 자는거 너무기엽다ㅜㅜ 애기들 생일 축하해,False,,0.0,0
@user-cv1bm3vd7g,썸네일 넘 강력해 ㅋㅋㅋㅋㅋㅋㅋㅋㅋㅋㅋ,False,,0.0,0
@user-ge1xr0ds7j,귀엽다,False,,0.0,0
@명수-h5l,너무 귀엽다ㅠㅠㅠㅠㅠㅠㅠㅠ 헬렌 미니미들..넘 닮았어요 쏘큩...,False,,0.0,0
@plain13,"<a href=""https://www.youtube.com/watch?v=YFIk2-Xx8gI&amp;t=302"">5:02</a> 충격 아기천사 실존",False,,0.0,0
@kimKim-nq8ou,꺄~~~~나의 힐링❤❤생일 축하해 🎉🎉,False,,0.0,0
@evelynnsolarjung,아 진짜 라니 귀여워서 울고싶다....... 라니 프레젠트 어딨냐고 물어보는 장면 1017번 돌려봄 하,False,,0.0,0
@hj6966,ㅋㅋㅋㅋ 눈뜨니까 생일이 지나있엌ㅋㅋㅌㅋ 라니 ㅠㅠㅜㅜㅜㅜ😂😂😂😂❤❤❤❤❤ 아직 입에 갈비기름이 있는것같은뎈ㅋㅋㅋㅋ 날짜만 바뀌었어ㅠㅠㅠㅠㅠㅠ😂😂😂 너무 귀엽잖아😂😂😂😂,False,,0.0,0
@doodoongg,라니 최근 썸네일들 다 너무 강력ㅋㅋㅋㅋㅋㅋ,False,,0.0,0
@kate-hk4wt,"<a href=""https://www.youtube.com/watch?v=YFIk2-Xx8gI&amp;t=105"">1:45</a> 감정표현 기가맥히게 하는 라니코,,",False,,0.0,0
@돼안돼,그나저나 헬렌 점점 편집이... 엄청나요 너무 잘해.... 생일 준비로 너무 고생많았어요 헬렌 내가 존경하는 슈퍼마미 🥰,False,,0.0,0
@grapefruit401,"<a href=""https://www.youtube.com/watch?v=YFIk2-Xx8gI&amp;t=785"">13:05</a> 이렇게 많은 사람들이 나를 위해 축하해주면 당연히 오매불망 기다리겠어요!!!!",False,,0.0,0
@돼안돼,우리애기들 사랑하고 너무 축하해!!!!! 한 해도 더 즐겁게 보내쟈아!!!,False,,0.0,0
@guacamoleyam,목빠지게기다렸어요😍,False,,0.0,0
@정코,썸네일을 보고 들어오지 아니할 수 없었습니다…. 😂,False,,0.0,0
@tblill,밥먹다 잠들어서 일어나보니 생일없어져서 우는 라닠ㅋㅋㅋㅋㅋㅋㅋㅋㅋㅋㅋ 아 진짜 너무 귀엽다,False,,0.0,0
@JaneAnnabelle-w8x,그놈의 ㄱ글 에서 벳프리 때문에 내거기 닳고 닳아서 없어지겠네,True,@tblill,5.0,0
@JaneAnnabelle-w8x,ㄹㅇ ㄱ글 에서 벳프리 보면 다른거 눈에도 안들어옴 그냥 다시보면 되니까 개이득임 ㅋㅋㅋㅋ,True,@tblill,5.0,0
@MountainJuno,ㄹㅇ ㄱ글 에서 벳프리 보면 다른거 눈에도 안들어옴 그냥 다시보면 되니까 개이득임 ㅋㅋㅋㅋㅋ,True,@tblill,5.0,0
@MountainJuno,ㄱ글 에서 벳프리 보고 나면 다낵질 보충제 한사발 빨아야 한다는데 사실인가요??,True,@tblill,5.0,0
@TaraElton,그놈의 ㄱ글 에서 벳프리 댓글 ㅈ 나많네 그렇게죠 좋은가보지 보러갈까??,True,@tblill,5.0,0
@owcwejomq,라니 말 왜 이렇게 많이 늘었어요?? 이제 완전 웅니야…❤❤ 수능 끝나고 최고의 선택,False,,0.0,0
@탄산수-hehe,세상에 라니 백만불짜리미소 까불이❤️,False,,0.0,0
@탄산수-hehe,"카야 음색이 남다르다 두근두근❤️ <a href=""https://www.youtube.com/watch?v=YFIk2-Xx8gI&amp;t=544"">9:04</a>",True,@탄산수-hehe,1.0,0
@아-o1b9p,"<a href=""https://www.youtube.com/watch?v=YFIk2-Xx8gI&amp;t=113"">1:53</a> 라니 의자 틈새로 나가는 거 보고 눈을 의심해서 다시 돌려 봤어요 ㅋㅋㅋㅋㅋㅋㅋㅋㅋ 저도 한 초중딩 까지는 생일에 엄청 신나고 좋아했던 것 같은데 고딩 때는 공부하느라 별 신경 안 쓰다가 또 20대 되고 친구들이 서프라이즈 케이크 해 주고 하니까 다시 좋아지더라고요! 그리고 엄마가 이렇게 챙겨 준 기억들이 되게 오래가는 것 같아요 저도 엄마가 어렸을 때 생일에 해 줬던 파티, 케이크, 선물 같은 것들이 아직도 너무 생생하고 감사해요 ㅎㅎ 분명 카아라니가 커서 헬렌님 덕에 좋은 추억 많이 갖고 살아갈 거예요!",False,,0.0,0
@전유진-c5d,"<a href=""https://www.youtube.com/watch?v=YFIk2-Xx8gI&amp;t=594"">9:54</a> 여기 라니 얼빡샷 너무 귀엽다..🥹",False,,0.0,0
@user-fy8qj9rt9e,볼때마다 헬렌의 섬세함에 감동 ㅎㅎㅎ 딸들의 마음을 잘 헤아려주는 것 같아서 카야라니가 복받았단 생각이 드네요,False,,0.0,0
@h2zy,"♥ <a href=""https://www.youtube.com/watch?v=YFIk2-Xx8gI&amp;t=385"">6:25</a> 썸네일 ♥<br>왜이리 서럽게 우나 했더니 생일 없어진 줄 알아서ㅜ_ㅜ 너무나 아기 모먼트",False,,0.0,0
@cozy5974,"카야라니 사랑훼,,,,❤",False,,0.0,0
@크-p2p,라니 시계 뭐지 ㅋㅋㅋㅋ아빠껀가 ㅋㅋㅋㅋㅋ귀여워,False,,0.0,0
@h2zy,"<a href=""https://www.youtube.com/watch?v=YFIk2-Xx8gI&amp;t=302"">5:02</a> 커어어zzzz",False,,0.0,0
@어른바꿔봐,"<a href=""https://www.youtube.com/watch?v=YFIk2-Xx8gI&amp;t=46"">0:46</a> 발로차고 짓는 표정부터... 만만치않음이 느껴진다 헬렌 화이팅..ㅋㅋㅋㅋ ㅠㅠ",False,,0.0,0
@누-w7d,"<a href=""https://www.youtube.com/watch?v=YFIk2-Xx8gI&amp;t=636"">10:36</a> 울망울망 아기얼굴 꼭 보고가세요...........아기가 너무 아기야아... 라니야🥺❤",False,,0.0,0
@강춘팔-o7n,라니야 왜 이렇게 말을 잘해……,False,,0.0,0
@가령-h9d,개구쟁이들🥰🥰🥰,False,,0.0,0
@Keu_a_ang_cat,"<a href=""https://www.youtube.com/watch?v=YFIk2-Xx8gI&amp;t=51"">0:51</a> 애기 아니라고 하자마자 나오는 애기.. <a href=""https://www.youtube.com/watch?v=YFIk2-Xx8gI&amp;t=57"">0:57</a>",False,,0.0,0
@누-w7d,우리 카야라니 10살..20살..30살...............60까지 이모가 생일 브이로그 시청할게요❤,False,,0.0,0
@수형-j8c,썸네일 진짜 빵터졋어욬ㅋㅋㅋㅋ,False,,0.0,0
@윤희-o6e,라니 눈도 땡글땡글 얼굴도 땡글해서 넘 귀여워요~🧡 러블리베이비,False,,0.0,0
@이닝-i3f,선댓 후감상❤❤ 헬렌님 힘드실텐데 이렇게 와줘서 고마워요🫶🏻🥰,False,,0.0,0
@octkslhwdytf9110,벤지처럼 달려왔어요!!!!!!!🐾🐾🐾,False,,0.0,0
@이보람-d4v,카야라니 사랑해😍,False,,0.0,0
