author,comment,is_reply,reply_to,reply_count,is_spam
@areumsongee,무한도전 장기프로젝트 한아름송이 시집보내기에 참여해주신 송충이여러분들 무한감사 ( _ _ ) 드립니다 꾸벅,False,,0.0,0
@ssubin.4510,햄복하게 살아요 축하해용❤,False,,0.0,0
@EPEE3,남편 변우석 닮음...,False,,0.0,0
@noname119,뭐 이런 게 떠? 유튜브 미쳤나? 자랑하나? 왜 알고리즘 이따위냐고.,False,,0.0,0
@베글-k2j,와 존잘…,False,,0.0,0
@이름름-p1z,진짜 잘생겼네.. ..다가지셨네.. 모델이라 워킹도 잘하네..,False,,0.0,0
@했으므로행복하다,와 존잘존예 부부탄생 축하드립니다  ❤하투 너무이뻐요,False,,0.0,0
@황지우바보,아니 근데 왤케 예쁘냐 이언니,False,,0.0,0
@AH-je5in,언니 본식사진 레전드..❤ 저듀 같은업체 할래여ㅠㅠ,False,,0.0,0
@sea0na,결혼식 사진에서 브이하는 거 진짜 얼짱 일인자 답다!! 언니 결혼 축하드려요🎉🫶💖💖,False,,0.0,0
@ueenzzzz,내 얼짱 축 결혼🎉 너무 축복해 사릉해,False,,0.0,0
@이루미-j7q,축하드려요🎉미남미녀,False,,0.0,0
@아름이요,아름송이언니 <br>제시절이되어주셔서 <br>감사했습니다 <br>이제는 남편만에시절이 되주셔요~~😀<br>행복하세요,False,,0.0,0
@jihyepark52,행복하게 사세요😊,False,,0.0,0
@sunussbss,와 근데 너무 잘어울린다…,False,,0.0,0
@tmxj,남편분 엄청 존잘입니다❤❤ 더 잘생기셨어요 결혼 너무 너무 축하드려요 🎉🎉🎉 꽃길만 걸으세요,False,,0.0,0
@샤랄아라알,언니 결혼 징짜 축하드려요ㅠㅠㅠ 넘 잘 어울려여 이쁘게 행복하게 사세용 ❤🎉,False,,0.0,0
@정민지-v4m,아이런남자를채가다니진짜말도안된다갓기애기님개잘생기셨네 변우섯보다 잘생김 연예계 진출하셔야될듯 ;,False,,0.0,0
@연-p8t,송이언니가 왜이리이뻐ㅠㅠ,False,,0.0,0
@GyuGyuSaeng,너무 질투나고 부러워서 안 좋은 마음이 올라와요,False,,0.0,0
@mlnzee,다시 한번 너무너무 축하 드려요 어릴때 보던 얼짱 언니가 이젠 어엿한 유부녀라니.. 제 10대를 책임져줘서 고마워여 송이언니 ❤ ❤,False,,0.0,0
@chozol9949,하 언니 결혼축하해~~~~~,False,,0.0,0
@김소영-v1c5r,결혼식장 어디인가요??,False,,0.0,0
@이제니이제니차례야,라움 같아요,True,@김소영-v1c5r,1.0,0
@eunbly1234,민석님 준호 닮았다 존잘 …🥹 송이언니 결혼 다시 한 번 축하해요 민석님과의 모든 앞날이 행복만 가득하길!!🍀,False,,0.0,0
@정개미-e6h,이제 나만 가면 된다...,False,,0.0,0
@Zzzzzzzzzzzzzzzzzzi,일하면서 몰래보고있는데 눈물 왜나지 … ? 십년넘개 알아서 진짜 친구결론식같음 ㅜ 나이도 동갑인데 난 왜 폰보면서 우냐고요ㅠ 축하해요 어성초 또 살래요,False,,0.0,0
@ay97-,얼짱시대부터 이쁜데 알고보면 상처많이받은 우리언니를 어떤 백마탄왕자님이 모셔갈까 궁금했는데 드디어 떠난다…❤(와중에 아버님 얼짱시대에 나오셨을때랑 똑같으셔요…),False,,0.0,0
@user-tt4kw1xl5m,남편분 변우석인줄 ㅋㅋㅋ쨋든 개존잘 키 겁나크시네용 오래오래 행복하세요❤,False,,0.0,0
@Yuuuxnaa030,아니... 어쩜 우리의 워너비 학생이엇던 웅니가 벌써 결혼해...😢😢,False,,0.0,0
@ok맨,행복하세요❤❤❤🎉🎉❤❤❤,False,,0.0,0
@Skfglgl,너무 예뻐요 두분다..🤍🤍🤍,False,,0.0,0
@user-wh8pq2pg2d,너무 흐뭇하게 잘 봤어요<br>아름다운 아름송이님과 남편분 행복하게 사시길 바라요,False,,0.0,0
@태구-x5r,맨날 훈녀생정에서 보던 언니가 결혼.. 진짜 싱기하네👰‍♀️🤵‍♂️,False,,0.0,0
@leeseng2,이뻐도 너무 이쁘다..😮 저도 언니 결혼하기 일주일 전에 식 올렸는데 진짜 무한공감..! 제주스냅부터 청첩장 고르는 거 당일에는 정신없이 후다닥 지나가고 내 결혼식은 생각외로 덤덤해지고 괜히 신나구 아쉽고.. 민트야상 입은 언니를 처음 본게 저 중학생 때 중앙시장 다비치안경 앞이였는데 ㅠㅠㅠ ㅋㅋㅋ 벌써 언니도 저도 시집을 갈 만큼 세월이 많이 흘렀네요 🤍 멋쨍이 민석님과 평생 행복하게 사세요!!!! 결혼 축하해요 🎉❤,False,,0.0,0
@floridasun312,"이미 예전에 결혼하신줄알았는데 뭐지,, 둘이 보기좋다 평생살았으면",False,,0.0,0
@다오리-z9s,"난 그시절에 언니 젤 좋아했어, 근데 나의 직감은 틀리지 않았어, 언니가 젤 양심적이고 언니가 젤 진솔해, 언니가 여정히 젤 조아 , 그 시절 같이 나온 인간들 중 젤 싫은 인간 이랑 인연 끝내줘서 고마워 , 언니가 최고야 언니 최고 !",False,,0.0,0
@princessnerd7266,OMG Congratulations girl!!!💖💖💖,False,,0.0,0
@iamrrrrr,앎송언니 영원히 고1일 줄 알았는데<br>감회가 새롭구만 ( ˃̣̣̥᷄⌓˂̣̣̥᷅ )<br>행복하게 잘 사시오 ~ 💗,False,,0.0,0
@현진-g3g,오ㅏ 역시 모델은 다르네요 ㅎㅎㅎ,False,,0.0,0
@이-h8h1z,"<a href=""https://www.youtube.com/watch?v=zrpyqd2qi4I&amp;t=877"">14:37</a> 민석씨 하트 손모양 영혼 없는 거 왤케 웃김",False,,0.0,0
@hannahpark2311,와 신랑 어머니 모델출신 아니신가요? 키부터 비율 까지 이세상 사람이 아니십니더,False,,0.0,0
@lucidee7141,"<a href=""https://www.youtube.com/watch?v=zrpyqd2qi4I&amp;t=1035"">17:15</a> 그냥똥이라고함",False,,0.0,0
@mmm-qq8st,아휴 울 언니가 드디어 시집을 🥹🥹 원래 결혼식 영상 보면서 운적 없는데 괜히 맴이 뭉클허구 그르타.. 아버님 넘 기여우심 ㅜㅜ 10월의 부부 지금처럼 늘 알콩달콩 예쁘게 사시길!!!!!!  사랑해 온니 송충이는 언제나 송이편 👥💕,False,,0.0,0
@김빠찌,언니 진짜 너무너무너무 이뿌다,False,,0.0,0
@oneha4767,결혼식 영상이 이렇게 재밌다니 ㅋㅋㅋ 송이 언니 이번 영상에서 유독 더 예뻐요 피부 완전 도자기!!!!,False,,0.0,0
@외계인-m4e,축하합니다,False,,0.0,0
@lucy-pl6ss,언니 행복만 하세요❤<br>항상 응원할게요,False,,0.0,0
@abcd-v9s-s5k,결혼과 동시에 얼굴 공개하는거 쩐다 남편분 생각보다 더 존잘이네 성공한 여성 원하는대로 다하는거 멋짐 웹드 보는거같음ㅋㅋㅋ 서약서 말할때 어른들 웃는겈 애기들같아서 귀여웠나봄,False,,0.0,0
@idontwannaeatavo,"언니 진지하게 결혼식 후기 남기는데 옆에서 젓가락 떨구고 오우 오우 하는 거 너무 웃겨요 ㅋㅋㅋㅋ <a href=""https://www.youtube.com/watch?v=zrpyqd2qi4I&amp;t=918"">15:18</a> 앞으로 행복만 하길 언니 아기씨 태풍이 행복해 건강해 ~",False,,0.0,0
@kimnamezzang,너무 이쁘다 진짜🥹🥹 언니 행복하세요❤️,False,,0.0,0
@3월19일,언니<br>이제결혼햇고 도장꽝박앗으니<br>우리는 꼬마신랑이민슥시와의<br>첫만남썰기타등등이 너무궁금해요<br>기다릴게요<br>암튼잘살아언니🩷🩷🩷,False,,0.0,0
@ssss-d5d,남편 잘생겼당 ㅎㅎㅎ,False,,0.0,0
@bless7402,아 진짜 눈물날거같아..🥺<br>초딩때 조아하던 얼짱언니가 결혼하다니..<br>언니 완전 얼짱부부자나🥺🫶🏻🫶🏻<br>오래오래 건강하고 행복하게 사세용🩷🩷,False,,0.0,0
@고요-j9j,언닌 뭔가 어린 핸썸가이 만날 거 같았더ㅋㅋㅋㅋ 부럽다.. 부러워.. 축하해 내 10대의 퀸,False,,0.0,0
@키키-n3w,언니 축의는 어성초로 넣어뒀어 행복해,False,,0.0,0
@아이돌A양보기-x5t,존잘일줄 알았지만 더 존잘이었다.!!,False,,0.0,0
@vlog8852,결혼 축하드려요 🤍,False,,0.0,0
@룰루레몬-i3g,존ㅇㄴㅇㄴㄴㄴㄴㄴㄴ잘,False,,0.0,0
@anotherday_official,"날씨처럼 완벽했던 하루가 아니었나 싶어요! 장기프로젝트 대성공을 진심으로 축하드리면서, 다음 장기프로젝트로는 백년해로, 백년동락이 어떠신지요……🥹🤍<br>예식일처럼 많이 웃고, 더욱 사랑하는 나날 되셨으면 좋겠습니다. 다시 한 번 축하드려요!",False,,0.0,0
@hik6937,비주얼이 좋으니 볼맛나네,False,,0.0,0
@sojurmi,언니 웃을 때 입 하트모양 되는 거 너무 아름다워....... 여신이야 사랑해 한아름송이🤍🩶,False,,0.0,0
@하루살이-x1u,이렇게 더치페이스가 되는 부부가 몇년만인지…. 언니 너무너무 예뻐요 축하해요❤❤❤,False,,0.0,0
@마농-l9q,언니 이제는 둘의 첫만남.. 큐엔નોગ 풀어주시면 안되나요 ㅠㅠㅠㅠㅠ 넘나넘넘넘 궁금하고 기다리고 있습니다❤,False,,0.0,0
@jhgbhjiii,언니 왜이렇게 이뻐요,False,,0.0,0
@카르페디엠-f4k,진짜 선남선녀 아기송이아기민석~~💜💜결혼축하드립미당❤❤,False,,0.0,0
@soondoongmom,진짜 너므너므너어어어어어무 아름다운 부부였어요🤍🤍🤍 서로 아껴주고 사랑해주면서 평생 행복하게 살길 바랄게요 언니 결혼 너무 축하해요!!!!! 민석님 잘생겼어요!!!!!!!,False,,0.0,0
@힣아주좋아,결혼 정말 축하드려요!🩵<br>신부가 워낙 긍정적이고 단단한 분이라 정말 잘 살 듯!,False,,0.0,0
@포슬한감자,언니 신랑이 잘생기면 눈물이 안나고 식장에 웃음밖에 없대.. 인소커플 결혼식 같아 너무 예뻐 ㅠ 행복해요 앎송이언니 그리고 민식씨,False,,0.0,0
@hxxchxxrin,승리자다..,False,,0.0,0
@goodmorningcoff,진짜변우석인줄,False,,0.0,0
@matchamalcha,"<a href=""https://www.youtube.com/watch?v=zrpyqd2qi4I&amp;t=900"">15:00</a> 하트꼬라지 왜이래여 ㅠㅠㅠㅋㅋㅋㅋㅋㅋㅋㅋㅋㅋㅋㅋ",False,,0.0,0
@뮤뮤-x7z,두 분 다 영상이 더 예쁘고 멋져요♥️💕 결ㄹ혼 축하해용 언닝 !!!!,False,,0.0,0
@다슬-y6z,하… 언니 결혼 너무 축하합니다🥳<br>행복하세요🥹❤️,False,,0.0,0
@young-po1ig,미쳣다 진짜 얼굴 합 미챳고 이렇게 예쁜 결혼식이 또 있을까 와… 웬만한 연예인들보다 비주얼 인 밀림 <br>언니 결혼한게 왜케 뿌듯한지 모르겟삼 진짜ㅏㅏㅏㅏㅏㅏ 축하해여 ❤❤❤❤,False,,0.0,0
@goodmorningcoff,욜 결혼하고 얼굴 내놔주심 ㅠㅠ,False,,0.0,0
@goodmorningcoff,혹시 민석이 류선재인지?,False,,0.0,0
@goodmorningcoff,존잘남 존예녀,False,,0.0,0
@sujeongshin3838,언니 얼굴보다가 영상이 끝나버렸어... 넘이뻐ㅠㅠㅠ 행복만해요💗,False,,0.0,0
@유하-e9e,아 ㅈㄴ 예쁘고 ㅈㄴ 잘생김,False,,0.0,0
@정민조-b5s,아부지가 너무 귀여우십니다••♥,False,,0.0,0
@juju-ju3ks,🥹🥹🥹🥹좋은사람들의 행복을 바래요!!! 행복하게 잘사세요❤❤❤❤,False,,0.0,0
@moonlitgarden2234,나의 이슈로 인해 ㅜㅜㅜ 흑 저 이쁜 모습을 😍😍😍😍 영상으로나마 보니 너어러어무 아름다운 우리 송이민석쀼 🧡🧡🧡 영원히 함께해욘 못뮤름,False,,0.0,0
@귀신꿈꿔또,언니 민석이 왤케 잘생겻어? 언니도 이쁜데 민석이밖에 안보여.. 진짜 얼굴이 중요하구나,False,,0.0,0
@해람-e1b,아니...언니가 결혼한다는게 왜이리 슬프고막 격양되지?!ㅠㅠㅠ 언니진짜 앞으로 꽃길만걷구❤❤❤ 내10대 얼짱시대언니로 내마음속에 영원히남아줘🎉🎉 언니 결혼정말정말 축하드려요🎉❤🎉❤🎉,False,,0.0,0
@김밍밍-s4o,진짜 미남미녀.. 우월하다❤,False,,0.0,0
@돌고래-z2i,웅니 변우석이라니요 왜 민석ㅆㅣ내려치기해요 😢  웅니 아빠 편지 눈물나요 흑 행복해야되요,False,,0.0,0
@댓글1-g5s,내가 키운것도 아닌데 내가 다 눈물나ㅠ😢😢😢❤❤❤ 행복하세요,False,,0.0,0
@User012skous,존잘일줄알았지만 더 존잘이었다.,False,,0.0,0
@김서은-k1l,그러게요 진짜 잘생기셨어요. 그냥 연예인 보는 느낌...(윤하콘서트인천대구부산에서곧해요,True,@User012skous,1.0,0
@안녕-m9s8i,오늘 역대급이뻐요,False,,0.0,0
@Eee-d8p,일주일전 결혼하고 신행중인 1인으로써 무슨말인지 백프로 만프로 공감하는중이에욬ㅋㅋㅋ생각보다 안떨리고 생각보단 재밌었지만 진짜 어떻게 지나간건지 블랙아웃...두번은 못하겠다며 그래도 다시하면 진짜 잘할자신있다는 두가지마음ㅋㅋㅋㅋ축하해요 우리 모두 잘살아요!!😊,False,,0.0,0
@김소연-s1c1g,어웅 ㅠ 너무 잘어울려어어어ㅓ어어어ㅓ❤❤❤❤,False,,0.0,0
@high_summer,진짜 너모너모 예쁘다 ㅠㅠㅠㅠ 행복해야해요 ❤ 이제 부부됐으니까 연애썰 존버,False,,0.0,0
@milliondollar_baby,너무너무 사랑해 내 최애커플 ❤️❤️❤️❤️,False,,0.0,0
@yuji_0y,"어ㅏ 진짜 너무너무 이뻐요 공주님, 왕자님 결혼식을 본 기분이에요💗오래오래 행복하세요!!!!!",False,,0.0,0
@universemy5569,어렸을때 열심히 보던 언니가 결혼이라니ㅠㅠ 언니도 나도 나이가 실감나네야ㅜㅜ 항상 행복하세요!!,False,,0.0,0
@Yeonnyneonyy,너무 예픈 앎송이 언니 결혼 경축드리옵니다 🎉🎉🎉 두 분 늘 행복하길 바라용 응원해요 ❤❤❤,False,,0.0,0
@user-ng3rq9gn8o,넘흐 이쁘심 역시 이날의 주인공,False,,0.0,0
@Myomyomyoo,쉬방 존나 공주다,False,,0.0,0
@슙슙-x3i,둘닼ㅋㅋㅋㅋ무슨 전우 동지처럼 해내자 같아요 잘사세요 오래오래❤️,False,,0.0,0
@순둑순둑,꺄 드디어 민석님 모자이크에서 벗어나셨나요!!!,False,,0.0,0
@user-taehyeon123,두 분 결혼 축하드려요👏👏👏👏,False,,0.0,0
@hyeonjin02,결혼 장려영상 … 행복하게 살아요 언니❤,False,,0.0,0
@xet7536,다음 결혼 관련 영상은<br>아라언니 퍼스널 웨딩플래너로서~~~~,False,,0.0,0
@현아-f6j9w,넘 기다린 영상 .. 💍🤵🏻‍♂👰🏻 🤍,False,,0.0,0
@Hawells,언니...처음 댓글 달아요....<br>언니도 진짜 너무 예쁘시고 진짜 언니가 셀프메이크업하신게 신의 한수 인거 같구<br>언니 결혼 하시는거 인스타에서부터 봤는데<br>정말 저도 결혼 한다면 그누구보다 언니처럼 하고 싶어요<br>진짜 제 결혼 롤 모델이에요....🤍🤍<br>결혼 너무 축하드려요🫶🏻🫶🏻,False,,0.0,0
@김지은-i4x5f,아 너무 짧아,False,,0.0,0
@ribo1207,남편분 진짜잘생겼어유..변우석 달믐 ㅠㅠ,False,,0.0,0
@zzizzi2269,송이언니 사랑해행복해 민석쓰 건강해,False,,0.0,0
@move_kyu,무한도전 다음 특집은 한아름송이 2세 출생 가나요???!!,False,,0.0,0
@호두-f4v,와 미친 이게 진짜라니ㅠㅠ 행복하세요ㅠㅠㅠㅠ,False,,0.0,0
@areumsongee,무한도전 장기프로젝트 한아름송이 시집보내기에 참여해주신 송충이여러분들 무한감사 ( _ _ ) 드립니다 꾸벅,False,,0.0,0
@wowl8794,와!!!씌 민석씨 얼굴!@!,False,,0.0,0
@hy3zzang,어렸을때부터 언니를 봐왔는데 유부라니 감회가 새롭다 ... 꼭 행복해야해 !!!! 언니는 영원히 우리들의 언니야ㅠㅠ,False,,0.0,0
@wowl8794,앗싸 남의 결혼식이 이리 설렐줄이햐,False,,0.0,0
@혀주-v9i,꺅 !!!1등,False,,0.0,0
@젬제미,뭐야 왜 나 17초전,False,,0.0,0
