author,comment,is_reply,reply_to,reply_count,is_spam
@56ghjMcwdfgr,"State Representative Candidates: Ending the Crime<br>State representative candidate Alex Homich says it’s important for people to come together to prevent the atrocity of forced organ harvesting. “Now more than ever, I think it’s really time for people to open their eyes a little bit more to what’s going around,” he said, adding that it was very important for more people, especially the young generation, to learn about this. <br><br>Having lived in Hong Kong from 2012 to 2015, state representative candidate Chris Beronio knew about the forced organ harvesting in China. But he was still shocked by the extent of control exerted by the CCP. “The movie was just absolutely incredible, very moving, and I would say, honestly scary, with some of the facts that are coming out about the forced organ harvesting in China. I was shocked by what I saw,” he said.<br><br><br>State representative candidate Chris Beronio<br><br>Mr. Beronio said he admired Mr. Cheng’s survival and escape. “It’s just absolutely terrifying what his story was, though, and I hope I can help bring an end to that so that doesn’t happen to anybody else,” he stated. <br><br>Exposing the Atrocities<br>Some Chinese people also watched the documentary, including Delaware researcher Guo Jinchen and his wife. “I heard about this in the past, but the report was not vivid. Plus we have a witness today and his experience is very shocking,” said Guo. <br><br>Mr. Guo believes the CCP cannot cover up the facts forever. “Some information will leak out. And we have been discussing this for a while. The documentary we watched here today provided more in-depth details,” he said. <br><br>He feels that more people need to know about this, adding, “We can help expose these brutalities to more people. This way they will learn what is really going on instead of following the CCP’s propaganda.”",False,,0.0,0
@pin_choy,다음에는 ~ 여권 들고 떠나여 ~ 룰루,False,,0.0,0
@김민지-m1j5e,지유님 겨울 옷 추천 영상 하울 해주세요^^ 지유님 입으시면 더 예뻐보여요 ♡♡,False,,0.0,0
@꽃필날이온다,단합잘되는 가족 너무<br>좋죠~^^❤,False,,0.0,0
@댕댕이-n1t,힐링하구 갑니댜..🥺🫶,False,,0.0,0
@이유정-g5k,입으셨던 옷도 정보 알 수 있을까요..!,False,,0.0,0
@july3days,웅니 ㅋㅋㅋㅋㅋ 코뗀다는 ㅋㅋㅋㅋㅋㅋㅋㅋ 빵아.. 조심해 .....,False,,0.0,0
@꿀진-i6v,영상내내 엄마미소로 봄 ㅋㅋㅋ,False,,0.0,0
@yoona9277,언니의 미모를 사랑해… 너무… 🤍🍀,False,,0.0,0
@고싫고,"혹시 이번영상 새 카메라로 촬영하셨나여..? <a href=""https://www.youtube.com/watch?v=ZY3JL06NM7Y&amp;t=1040"">17:20</a> 지유언니랑 현준님 둘 다 미모 진짜 댑악...😮😮😮😮 실물은 얼마나 선남선녀실지 ㄷㄷ",False,,0.0,0
@주윤-w2w,"<a href=""https://www.youtube.com/watch?v=ZY3JL06NM7Y&amp;t=704"">11:44</a> 지유님 바지 정보 궁금해요!!",False,,0.0,0
@수경김-t4l,렌즈 뭐써용 넘 예뻐용❤,False,,0.0,0
@g_eul-p8k,언니 반지 정보 좀 알려주세요옹 💗,False,,0.0,0
@Buddle_u,"반지는 거의다 일본 빔즈에요!<br>그외 빈티지에서 구매, 바이위켄드 제품입다!🫶🏻",True,@g_eul-p8k,2.0,0
@g_eul-p8k,@ 감사합니다 🥹🥹,True,@g_eul-p8k,2.0,0
@yu1031s2,"<a href=""https://www.youtube.com/watch?v=ZY3JL06NM7Y&amp;t=291"">4:51</a> 유주니 완전 조땡님...ㅋㅋㅋㅋ",False,,0.0,0
@beanse___,헙 저도 영주 안동에서 지내는데 지유님이 오셨다니 너무 반갑네요 <br>다음에 꼬오오오옥 또 오세요 !!! ❤,False,,0.0,0
@Silver__2,ㅋㅋㅋㅋ오늘도 영상 잘 보았습니당😊❤❤,False,,0.0,0
@AI__0310,"<a href=""https://www.youtube.com/watch?v=ZY3JL06NM7Y&amp;t=247"">4:07</a> 여기 때 쓰는 렌즈 궁금해요!!!",False,,0.0,0
@Buddle_u,오렌즈 시미렌즈에용!,True,@AI__0310,1.0,0
@ekdunk901,더보기란에 착장 정보 남겨주실 수 있을까요?? 다 너무 예쁨데 정보가 없어서 아쉬워요ㅠ.ㅠ,False,,0.0,0
@electronconfiguration,"<a href=""https://www.youtube.com/watch?v=ZY3JL06NM7Y&amp;t=1026"">17:06</a> 진짜 두분 닮았어요,,,❤",False,,0.0,0
@하늘-o6t,화이트 와인 어디건가요?!,False,,0.0,0
@Buddle_u,제라드슐러 피노그리 입니다🥂,True,@하늘-o6t,1.0,0
@끼뮤즈,"와,,,,,,나는 지유님이젤이쁜거같애,,,두분도이쁘긴한데 아 지유님이젤이쁨,,,,,,,이쁜데까리하고세련되고ㅠㅠㅠㅠㅠㅠㅠㅠ아 너뮤이쁘당",False,,0.0,0
@얄랴리얄랴셩,"<a href=""https://www.youtube.com/watch?v=ZY3JL06NM7Y&amp;t=128"">2:08</a> 베르 ❤😻 <a href=""https://www.youtube.com/watch?v=ZY3JL06NM7Y&amp;t=137"">2:17</a> 까망<br><a href=""https://www.youtube.com/watch?v=ZY3JL06NM7Y&amp;t=173"">2:53</a> 새친구 애교싸이렌😻<br><br>영주 참 좋네요🩵💙🎄",False,,0.0,0
@파인야,머리세팅하는거 알려주세요오오옹 존예,False,,0.0,0
@qwertyu-l7c,이집 부모님은<br>행복하겠다<br>딸들이 한인물하고<br>사위들이 다 잘생겼어<br>유준이때문에 지유롭게까지 구독하면서 보게되네,False,,0.0,0
@EuniceRoyal,ㄹㅇ ㄱ글 에서 벳프리 보면 다른거 눈에도 안들어옴 그냥 다시보면 되니까 개이득임 ㅋㅋㅋㅋ헬ㅋ창들도 ㄱ글 에서 벳프리,True,@qwertyu-l7c,3.0,0
@DarianPaul-z6k,진짜 ㄱ글 에서 벳프리 에서 방송 하시던분 진짜 잼있어 ...ㄹ ㅇ다 시ㄱ보고글  에싶어서서  벳프가리보 자 보ㅋ면 다른거 눈에도 안들어옴,True,@qwertyu-l7c,3.0,0
@김서은-k1l,그러게요 ㅎㅎㅎ 다들 인물도 좋고 성품들도 좋으신 것 같아요 ㅎㅎ(윤하콘서트인천대구부산에서곧해요,True,@qwertyu-l7c,3.0,0
@dcmber0088-x6h,영상 잘봤어요.😊❤,False,,0.0,0
@custardcreamvanilla856,꺅 오늘도 영상 잘볼게용,False,,0.0,0
@헤헷콩깍지,"<a href=""https://www.youtube.com/watch?v=ZY3JL06NM7Y&amp;t=792"">13:12</a> 백팩 정보 알려주실 수 있으신가용?🥹🥹",False,,0.0,0
@Buddle_u,바이아틀리에입니다 ❤,True,@헤헷콩깍지,1.0,0
@심유빈-o6j,"<a href=""https://www.youtube.com/watch?v=ZY3JL06NM7Y&amp;t=775"">12:55</a> 가방 궁금해요 !!",False,,0.0,0
@Buddle_u,바이아틀리에입니다❤,True,@심유빈-o6j,1.0,0
@hye.123,남매간 사이 좋은 대가족 너무 부럽다...😊,False,,0.0,0
@장현수-t8n,지유 누나 가족 현준이 형 가족 모두 훈훈해 보여요! 오늘도 좋은 영상 잘 봤습니다! 감사합니다!,False,,0.0,0
@user-rd5fg7ug6r,혹시 호피 무늬 가방은 어디껀같요ㅠㅠ,False,,0.0,0
@tknini,바이아뜰리에 용,True,@user-rd5fg7ug6r,2.0,0
@user-rd5fg7ug6r,​@@tknini감사합니다,True,@user-rd5fg7ug6r,2.0,0
@쿠페-y1h,🎉😂좋다~,False,,0.0,0
@J_J_319,"<a href=""https://www.youtube.com/watch?v=ZY3JL06NM7Y&amp;t=872"">14:32</a> 궁디 똔똔똔똔~~~~~~🤣",False,,0.0,0
@ddu80,허어어얼!!! 저 영주 사람인데 대박 제 최애 유튜버 영상에 등장하다니.. 다음에 또 와요오오!!!❤❤❤,False,,0.0,0
@이아현-d7b,패딩정보궁금해요 고기드실때~!,False,,0.0,0
@너의하루,여행 갔을 때 입으신 상의 정보 궁그메용❤,False,,0.0,0
@2jung.8,자기 전에 보려고 참았드아 !!<br>언니 반지 어디제품인지 알수있을까요? 그 베르나올때 나오는 반지들이욥,False,,0.0,0
@julee6682,유준이와 식빵이 뒷태 귀요미네요😂😂❤,False,,0.0,0
@강샛별-b6v,아니!! 이번 영상 지유❤️현준 외모 유독 더 미쳤는데요?!???,False,,0.0,0
@Yjyj-d6y,와 숙소 바로 찜했어요.. 너무 좋은데요 ㅜ,False,,0.0,0
@이수정-g9p,"<a href=""https://www.youtube.com/watch?v=ZY3JL06NM7Y&amp;t=942"">15:42</a> 현준님 패딩후드! 정보아시는분 !!",False,,0.0,0
@솔하-e9o,저도 넘 궁금해요ㅠㅠ,True,@이수정-g9p,2.0,0
@Buddle_u,타이온 제품입니당!!,True,@이수정-g9p,2.0,0
@크리-k1k,진짜 예쁘고 착한 게 보이는 지유님..🫶🏻 댓글 잘 안 다는 편인데 지유님 브이로그 보면 기분이 좋아져요😊 항상 긍정적인 에너지를 주셔서 감사합니다🩷,False,,0.0,0
@웅냥냥-yd,영주 언제오셧어여ㅠㅠㅠ오늘도 좋은 영상 감사합니당ㅇ❤,False,,0.0,0
@lrdh-zh5ul,삥이도 FW하네스 바꿔주세용😘😘😘,False,,0.0,0
@dntlrd2441,랜떡이랑 중쫄 태극당 김밥은 어디꺼지ㅋㅋㅋㅋㅋ,False,,0.0,0
@Buddle_u,영주 유부김밥이에용!ㅋㅋㅋㅋ,True,@dntlrd2441,1.0,0
@후니-r6e,장소랑사람들이랑강쥐들이랑 모든게 힐링 영상🍂🐾💛💛,False,,0.0,0
@콩쿙-c4e,경량패딩 정보 궁그매요,False,,0.0,0
@Buddle_u,온앤온이요🫶🏻,True,@콩쿙-c4e,1.0,0
@짱구입니다-e4y,지유롭게 재미떠 🫶🏻,False,,0.0,0
@나설위,"<a href=""https://www.youtube.com/watch?v=ZY3JL06NM7Y&amp;t=107"">1:47</a> 여기 혜주언니랑 목소리 존똑 ㅋㅋㅋㅋㅋㅋㅋ",False,,0.0,0
@1oo_sso,"<a href=""https://www.youtube.com/watch?v=ZY3JL06NM7Y&amp;t=348"">5:48</a> 귀여운 유준이가 가지고 다니는 애착인형 구매처 알 수 있을까용??",False,,0.0,0
@Buddle_u,리쥬라이크 구독자분께 선물받은걸로 알고있어요 💚 <br>구매처는 잘 모르겠어용..,True,@1oo_sso,1.0,0
@바보-p6r7q,헐 언제 봉화 영주 다녀가셨어요 ㅠㅠㅠㅠㅠㅠ,False,,0.0,0
@user-gl7qg4qp4k,지유님 영상 보려 일주일 목빠져라 기다립니두..🩷 오늘 영상도 넘넘 재밌어요 항상 좋은 영상 찍어주셔서 감사합니다롱••!,False,,0.0,0
@무야호-v9i,볼수록 이뻐지는거같아용❤,False,,0.0,0
@꼬마곰-k2f,오우 영주오신건가요😮 ㅋㅋ조용하긴하지만 나름 살만한곳이죠😅,False,,0.0,0
@sh.hhh_0,영상 감사합니다 💕,False,,0.0,0
@bona712,하 언니  저 벌써 너무너무어무어무어무어무너무너무어무 행복해요 … 🫢❤️‍🔥,False,,0.0,0
@강춘팔-o7n,"<a href=""https://www.youtube.com/watch?v=ZY3JL06NM7Y&amp;t=297"">4:57</a> 이날 너어어어무 예쁜ㅠㅠㅠㅠㅠㅠ😍",False,,0.0,0
@GuinevereFlowerLike,그놈의 ㄱ글 에서 벳프리 때문에 내거기 닳고 닳아서 없어지겠네,True,@강춘팔-o7n,1.0,0
@강춘팔-o7n,ㅜㅜ 두부 여기서도 보니까 증말 반갑따.. 완전 개냥이구나🥹,False,,0.0,0
@hyo883,아 웅니 이것만 기다렸어요!!!,False,,0.0,0
@KSY1004_1,요호 지구들 소리질러 !!!!!!!!!!!!!!!!!!! <br>오늘 하루 마무리도 지유롭게 ~~~~~~ ❤️‍🔥,False,,0.0,0
@유히-n6w,꺅 오늘 영상도 잘볼게용,False,,0.0,0
@rlo_zlll,아닛 리쥬라이크 다 보자 마자 지유롭게라니ㅠㅜ너무 행복하다..오늘도 예뻐요 지유언니❤❤,False,,0.0,0
@HannahOtis-r1x,ㄱ글 에서 벳프리 보느라 눈밑에까지 다크써클 들어진옴짜  .ㄱ..글  에진짜서  벳근데프리이뻐 서에 서눈 을방못송떼 겟하다시.던..분 ?진짜 잼있어 ... 다시보,True,@rlo_zlll,2.0,0
@DarianPaul-z6k,헬창들도 ㄱ글 에서 벳프리 보면 근육 다빠진다며 ㅋㅋㅋㅋㅋㅋㅋㅋㅋ ㅋㅋ사ㅋ실ㅋ임ㅋ?? ㄱ글 에서 벳프리 모솨서,True,@rlo_zlll,2.0,0
@미야옹-c8j,😮😮😮,False,,0.0,0
@박기범-b2s,지유님 브이로그를 잘 볼게요,False,,0.0,0
